timestamp,value,pod
2026-08-15 16:16:36.909031,0.10983835681976337,whisper-inference-56d64c7b67-dnq4d
2026-08-15 16:16:36.909031,0.1543394048873501,whisper-inference-56d64c7b67-dwr8q
2026-08-15 16:16:41.913894,0.10983835681976337,whisper-inference-56d64c7b67-dnq4d
2026-08-15 16:16:41.913894,0.15016470951792327,whisper-inference-56d64c7b67-dwr8q
2026-08-15 16:16:46.913868,0.08230477453668844,whisper-inference-56d64c7b67-dnq4d
2026-08-15 16:16:46.913868,0.16566445548289743,whisper-inference-56d64c7b67-dwr8q
2026-08-15 16:16:51.914003,0.11749816601895124,whisper-inference-56d64c7b67-dnq4d
2026-08-15 16:16:51.914003,0.16566445548289743,whisper-inference-56d64c7b67-dwr8q
2026-08-15 16:16:56.914144,0.11749816601895124,whisper-inference-56d64c7b67-dnq4d
2026-08-15 16:16:56.914144,0.14360041347942953,whisper-inference-56d64c7b67-dwr8q
2026-08-15 16:17:01.914000,0.13122122366578756,whisper-inference-56d64c7b67-dnq4d
2026-08-15 16:17:01.914000,0.14360041347942953,whisper-inference-56d64c7b67-dwr8q
2026-08-15 16:17:06.913888,0.13488820989163205,whisper-inference-56d64c7b67-dnq4d
2026-08-15 16:17:06.913888,0.09789804904318823,whisper-inference-56d64c7b67-dwr8q
2026-08-15 16:17:11.913990,0.13488820989163205,whisper-inference-56d64c7b67-dnq4d
2026-08-15 16:17:11.913990,0.10475505880634078,whisper-inference-56d64c7b67-dwr8q
2026-08-15 16:17:16.912219,0.14402842192548543,whisper-inference-56d64c7b67-dnq4d
2026-08-15 16:17:16.912219,0.10475505880634077,whisper-inference-56d64c7b67-dwr8q
2026-08-15 16:17:21.913694,0.13258599373176264,whisper-inference-56d64c7b67-dnq4d
2026-08-15 16:17:21.913694,0.08613921189763063,whisper-inference-56d64c7b67-dwr8q
2026-08-15 16:17:26.914152,0.13258599373176264,whisper-inference-56d64c7b67-dnq4d
2026-08-15 16:17:26.914152,0.09155678180986827,whisper-inference-56d64c7b67-dwr8q
2026-08-15 16:17:31.910170,0.1046312845007806,whisper-inference-56d64c7b67-dnq4d
2026-08-15 16:17:31.910170,0.09155678180986827,whisper-inference-56d64c7b67-dwr8q
2026-08-15 16:17:36.914040,0.10907540928694051,whisper-inference-56d64c7b67-dnq4d
2026-08-15 16:17:36.914040,0.08648155425963479,whisper-inference-56d64c7b67-dwr8q
2026-08-15 16:17:41.914013,0.10907540928694051,whisper-inference-56d64c7b67-dnq4d
2026-08-15 16:17:41.914013,0.09314945327682682,whisper-inference-56d64c7b67-dwr8q
2026-08-15 16:17:46.914013,0.07505967028401682,whisper-inference-56d64c7b67-dnq4d
2026-08-15 16:17:46.914013,0.0931494532768268,whisper-inference-56d64c7b67-dwr8q
2026-08-15 16:17:51.913882,0.0720615749513641,whisper-inference-56d64c7b67-dnq4d
2026-08-15 16:17:51.913882,0.0912755032907473,whisper-inference-56d64c7b67-dwr8q
2026-08-15 16:17:56.914048,0.08892746403175128,whisper-inference-56d64c7b67-dnq4d
2026-08-15 16:17:56.914048,0.09127550329074731,whisper-inference-56d64c7b67-dwr8q
2026-08-15 16:18:01.914864,0.08892746403175128,whisper-inference-56d64c7b67-dnq4d
2026-08-15 16:18:01.914864,0.07711258769679968,whisper-inference-56d64c7b67-dwr8q
2026-08-15 16:18:06.913888,0.08642460360263193,whisper-inference-56d64c7b67-dnq4d
2026-08-15 16:18:06.913888,0.05114447500000008,whisper-inference-56d64c7b67-dwr8q
2026-08-15 16:18:11.913885,0.08642460360263193,whisper-inference-56d64c7b67-dnq4d
2026-08-15 16:18:11.913885,0.12653268957545688,whisper-inference-56d64c7b67-dwr8q
2026-08-15 16:18:16.913882,0.08812879695444978,whisper-inference-56d64c7b67-dnq4d
2026-08-15 16:18:16.913882,0.12653268957545688,whisper-inference-56d64c7b67-dwr8q
2026-08-15 16:18:21.909270,0.08812879695444978,whisper-inference-56d64c7b67-dnq4d
2026-08-15 16:18:21.909270,0.12362885360185903,whisper-inference-56d64c7b67-dwr8q
2026-08-15 16:18:26.914069,0.08812879695444978,whisper-inference-56d64c7b67-dnq4d
2026-08-15 16:18:26.914069,0.12683200355704868,whisper-inference-56d64c7b67-dwr8q
2026-08-15 16:18:31.914097,0.09394992175273867,whisper-inference-56d64c7b67-dnq4d
2026-08-15 16:18:31.914097,0.1345781806971233,whisper-inference-56d64c7b67-dwr8q
2026-08-15 16:18:36.913334,0.0968430157128442,whisper-inference-56d64c7b67-dnq4d
2026-08-15 16:18:36.913334,0.15207401764431225,whisper-inference-56d64c7b67-dwr8q
2026-08-15 16:18:41.913082,0.0968430157128442,whisper-inference-56d64c7b67-dnq4d
2026-08-15 16:18:41.913082,0.13003384578155672,whisper-inference-56d64c7b67-dwr8q
2026-08-15 16:18:46.913906,0.10079298157559025,whisper-inference-56d64c7b67-dnq4d
2026-08-15 16:18:46.913906,0.07449010000000005,whisper-inference-56d64c7b67-dwr8q
2026-08-15 16:18:51.913900,0.10079298157559025,whisper-inference-56d64c7b67-dnq4d
2026-08-15 16:18:51.913900,0.11159698959087386,whisper-inference-56d64c7b67-dwr8q
2026-08-15 16:18:56.913893,0.10563647753282736,whisper-inference-56d64c7b67-dnq4d
2026-08-15 16:18:56.913893,0.11159698959087386,whisper-inference-56d64c7b67-dwr8q
2026-08-15 16:19:01.914006,0.10563647753282736,whisper-inference-56d64c7b67-dnq4d
2026-08-15 16:19:01.914006,0.09245593593457474,whisper-inference-56d64c7b67-dwr8q
2026-08-15 16:19:06.913891,0.10325820636451313,whisper-inference-56d64c7b67-dnq4d
2026-08-15 16:19:06.913891,0.11565863318446101,whisper-inference-56d64c7b67-dwr8q
2026-08-15 16:19:11.910901,0.0862984806229461,whisper-inference-56d64c7b67-dnq4d
2026-08-15 16:19:11.910901,0.11565863318446101,whisper-inference-56d64c7b67-dwr8q
2026-08-15 16:19:16.914029,0.08702472584032118,whisper-inference-56d64c7b67-dnq4d
2026-08-15 16:19:16.914029,0.10096946077887485,whisper-inference-56d64c7b67-dwr8q
2026-08-15 16:19:21.913912,0.07862899333899204,whisper-inference-56d64c7b67-dnq4d
2026-08-15 16:19:21.913912,0.10856388112289843,whisper-inference-56d64c7b67-dwr8q
2026-08-15 16:19:26.913889,0.13085057736129244,whisper-inference-56d64c7b67-dnq4d
2026-08-15 16:19:26.913889,0.12402315227070365,whisper-inference-56d64c7b67-dwr8q
2026-08-15 16:19:31.914004,0.1308505773612924,whisper-inference-56d64c7b67-dnq4d
2026-08-15 16:19:31.914004,0.12402315227070365,whisper-inference-56d64c7b67-dwr8q
2026-08-15 16:19:36.913891,0.10589628183701597,whisper-inference-56d64c7b67-dnq4d
2026-08-15 16:19:36.913891,0.11415344665762868,whisper-inference-56d64c7b67-dwr8q
2026-08-15 16:19:41.914016,0.11843602716016523,whisper-inference-56d64c7b67-dnq4d
2026-08-15 16:19:41.914016,0.11415344665762868,whisper-inference-56d64c7b67-dwr8q
2026-08-15 16:19:46.914158,0.11843602716016521,whisper-inference-56d64c7b67-dnq4d
2026-08-15 16:19:46.914158,0.10925288414133137,whisper-inference-56d64c7b67-dwr8q
2026-08-15 16:19:51.911217,0.11843602716016521,whisper-inference-56d64c7b67-dnq4d
2026-08-15 16:19:51.911217,0.10125530262690798,whisper-inference-56d64c7b67-dwr8q
2026-08-15 16:19:56.909753,0.12397840619134962,whisper-inference-56d64c7b67-dnq4d
2026-08-15 16:19:56.909753,0.10125530262690798,whisper-inference-56d64c7b67-dwr8q
2026-08-15 16:20:01.913918,0.12397840619134963,whisper-inference-56d64c7b67-dnq4d
2026-08-15 16:20:01.913918,0.10125530262690799,whisper-inference-56d64c7b67-dwr8q
2026-08-15 16:20:06.914034,0.09459120410733311,whisper-inference-56d64c7b67-dnq4d
2026-08-15 16:20:06.914034,0.06995939111220652,whisper-inference-56d64c7b67-dwr8q
2026-08-15 16:20:11.914023,0.10152994352663533,whisper-inference-56d64c7b67-dnq4d
2026-08-15 16:20:11.914023,0.09967879188257385,whisper-inference-56d64c7b67-dwr8q
2026-08-15 16:20:16.913415,0.1015299435266353,whisper-inference-56d64c7b67-dnq4d
2026-08-15 16:20:16.913415,0.09967879188257385,whisper-inference-56d64c7b67-dwr8q
2026-08-15 16:20:21.913881,0.11649186281563706,whisper-inference-56d64c7b67-dnq4d
2026-08-15 16:20:21.913881,0.10336982213901223,whisper-inference-56d64c7b67-dwr8q
2026-08-15 16:20:26.914208,0.10482565724014412,whisper-inference-56d64c7b67-dnq4d
2026-08-15 16:20:26.914208,0.12831119818951425,whisper-inference-56d64c7b67-dwr8q
2026-08-15 16:20:31.913878,0.10482565724014412,whisper-inference-56d64c7b67-dnq4d
2026-08-15 16:20:31.913878,0.12831119818951425,whisper-inference-56d64c7b67-dwr8q
2026-08-15 16:20:36.914015,0.10482565724014412,whisper-inference-56d64c7b67-dnq4d
2026-08-15 16:20:36.914015,0.14764949357520812,whisper-inference-56d64c7b67-dwr8q
2026-08-15 16:20:41.914028,0.08055952118342725,whisper-inference-56d64c7b67-dnq4d
2026-08-15 16:20:41.914028,0.14562002422450795,whisper-inference-56d64c7b67-dwr8q
2026-08-15 16:20:46.913324,0.09847284197568854,whisper-inference-56d64c7b67-dnq4d
2026-08-15 16:20:46.913324,0.14562002422450795,whisper-inference-56d64c7b67-dwr8q
2026-08-15 16:20:51.914012,0.09100098577665093,whisper-inference-56d64c7b67-dnq4d
2026-08-15 16:20:51.914012,0.1645116542126552,whisper-inference-56d64c7b67-dwr8q
2026-08-15 16:20:56.913875,0.09100098577665093,whisper-inference-56d64c7b67-dnq4d
2026-08-15 16:20:56.913875,0.12787902161085224,whisper-inference-56d64c7b67-dwr8q
2026-08-15 16:21:01.913909,0.09069134699427003,whisper-inference-56d64c7b67-dnq4d
2026-08-15 16:21:01.913909,0.18709115885147712,whisper-inference-56d64c7b67-dwr8q
2026-08-15 16:21:06.914006,0.0939015940189023,whisper-inference-56d64c7b67-dnq4d
2026-08-15 16:21:06.914006,0.1870911588514771,whisper-inference-56d64c7b67-dwr8q
2026-08-15 16:21:11.914026,0.0939015940189023,whisper-inference-56d64c7b67-dnq4d
2026-08-15 16:21:11.914026,0.1854614016976371,whisper-inference-56d64c7b67-dwr8q
2026-08-15 16:21:16.914021,0.0939015940189023,whisper-inference-56d64c7b67-dnq4d
2026-08-15 16:21:16.914021,0.18696857734112876,whisper-inference-56d64c7b67-dwr8q
2026-08-15 16:21:21.914027,0.131641348410497,whisper-inference-56d64c7b67-dnq4d
2026-08-15 16:21:21.914027,0.2078740662624133,whisper-inference-56d64c7b67-dwr8q
2026-08-15 16:21:26.914058,0.15259083260625708,whisper-inference-56d64c7b67-dnq4d
2026-08-15 16:21:26.914058,0.30073227375789735,whisper-inference-56d64c7b67-dwr8q
2026-08-15 16:21:31.912697,0.2679100188771586,whisper-inference-56d64c7b67-dnq4d
2026-08-15 16:21:31.912697,0.30073227375789735,whisper-inference-56d64c7b67-dwr8q
2026-08-15 16:21:36.914027,0.2679100188771586,whisper-inference-56d64c7b67-dnq4d
2026-08-15 16:21:36.914027,0.2994331085891811,whisper-inference-56d64c7b67-dwr8q
2026-08-15 16:21:41.913892,0.22358653883742333,whisper-inference-56d64c7b67-dnq4d
2026-08-15 16:21:41.913892,0.37710395271715846,whisper-inference-56d64c7b67-dwr8q
2026-08-15 16:21:46.913884,0.37451606305164636,whisper-inference-56d64c7b67-dnq4d
2026-08-15 16:21:46.913884,0.3281809999179858,whisper-inference-56d64c7b67-dwr8q
2026-08-15 16:21:51.914020,0.37451606305164636,whisper-inference-56d64c7b67-dnq4d
2026-08-15 16:21:51.914020,0.38190179485160974,whisper-inference-56d64c7b67-dwr8q
2026-08-15 16:21:56.913223,0.37451606305164636,whisper-inference-56d64c7b67-dnq4d
2026-08-15 16:21:56.913223,0.4036062243155918,whisper-inference-56d64c7b67-dwr8q
2026-08-15 16:22:01.913921,0.4640815865047601,whisper-inference-56d64c7b67-dnq4d
2026-08-15 16:22:01.913921,0.4653643430449345,whisper-inference-56d64c7b67-dwr8q
2026-08-15 16:22:06.913366,0.4640815865047601,whisper-inference-56d64c7b67-dnq4d
2026-08-15 16:22:06.913366,0.4653643430449345,whisper-inference-56d64c7b67-dwr8q
2026-08-15 16:22:11.914053,0.4640815865047601,whisper-inference-56d64c7b67-dnq4d
2026-08-15 16:22:11.914053,0.3718260404897254,whisper-inference-56d64c7b67-dwr8q
2026-08-15 16:22:16.911878,0.34513701068221303,whisper-inference-56d64c7b67-dnq4d
2026-08-15 16:22:16.911878,0.33609446547291083,whisper-inference-56d64c7b67-dwr8q
2026-08-15 16:22:21.914193,0.42569031764871557,whisper-inference-56d64c7b67-dnq4d
2026-08-15 16:22:21.914193,0.46403290895988497,whisper-inference-56d64c7b67-dwr8q
2026-08-15 16:22:26.913932,0.4539871442559776,whisper-inference-56d64c7b67-dnq4d
2026-08-15 16:22:26.913932,0.46403290895988497,whisper-inference-56d64c7b67-dwr8q
2026-08-15 16:22:31.913577,0.4539871442559776,whisper-inference-56d64c7b67-dnq4d
2026-08-15 16:22:31.913577,0.5263390815265816,whisper-inference-56d64c7b67-dwr8q
2026-08-15 16:22:36.914032,0.46123188895738454,whisper-inference-56d64c7b67-dnq4d
2026-08-15 16:22:36.914032,0.5698214179768614,whisper-inference-56d64c7b67-dwr8q
2026-08-15 16:22:41.914029,0.46123188895738454,whisper-inference-56d64c7b67-dnq4d
2026-08-15 16:22:41.914029,0.4899799402946701,whisper-inference-56d64c7b67-dwr8q
2026-08-15 16:22:46.914017,0.4596935386905613,whisper-inference-56d64c7b67-dnq4d
2026-08-15 16:22:46.914017,0.6058069415266105,whisper-inference-56d64c7b67-dwr8q
2026-08-15 16:22:51.913168,0.4596935386905613,whisper-inference-56d64c7b67-dnq4d
2026-08-15 16:22:51.913168,0.6058069415266105,whisper-inference-56d64c7b67-dwr8q
2026-08-15 16:22:56.913895,0.4532295491373556,whisper-inference-56d64c7b67-dnq4d
2026-08-15 16:22:56.913895,0.6058069415266105,whisper-inference-56d64c7b67-dwr8q
2026-08-15 16:23:01.914013,0.45745159327284796,whisper-inference-56d64c7b67-dnq4d
2026-08-15 16:23:01.914013,0.6235115480961925,whisper-inference-56d64c7b67-dwr8q
2026-08-15 16:23:06.913096,0.45745159327284796,whisper-inference-56d64c7b67-dnq4d
2026-08-15 16:23:06.913096,0.6235115480961924,whisper-inference-56d64c7b67-dwr8q
2026-08-15 16:23:11.914026,0.485393065089198,whisper-inference-56d64c7b67-dnq4d
2026-08-15 16:23:11.914026,0.5111166636457637,whisper-inference-56d64c7b67-dwr8q
2026-08-15 16:23:16.913981,0.49167599419283264,whisper-inference-56d64c7b67-dnq4d
2026-08-15 16:23:16.913981,0.5849595018270665,whisper-inference-56d64c7b67-dwr8q
2026-08-15 16:23:21.912500,0.49167599419283264,whisper-inference-56d64c7b67-dnq4d
2026-08-15 16:23:21.912500,0.5849595018270665,whisper-inference-56d64c7b67-dwr8q
2026-08-15 16:23:26.914073,0.46025965420851045,whisper-inference-56d64c7b67-dnq4d
2026-08-15 16:23:26.914073,0.4849581447205998,whisper-inference-56d64c7b67-dwr8q
2026-08-15 16:23:31.914017,0.46025965420851045,whisper-inference-56d64c7b67-dnq4d
2026-08-15 16:23:31.914017,0.5382011577757793,whisper-inference-56d64c7b67-dwr8q
2026-08-15 16:23:36.913887,0.4716011504338506,whisper-inference-56d64c7b67-dnq4d
2026-08-15 16:23:36.913887,0.5382011577757793,whisper-inference-56d64c7b67-dwr8q
2026-08-15 16:23:41.914031,0.3713603609043422,whisper-inference-56d64c7b67-dnq4d
2026-08-15 16:23:41.914031,0.5382011577757794,whisper-inference-56d64c7b67-dwr8q
2026-08-15 16:23:46.914019,0.43830649575111646,whisper-inference-56d64c7b67-dnq4d
2026-08-15 16:23:46.914019,0.5191027086835327,whisper-inference-56d64c7b67-dwr8q
2026-08-15 16:23:51.914032,0.3789730610401339,whisper-inference-56d64c7b67-dnq4d
2026-08-15 16:23:51.914032,0.5191027086835327,whisper-inference-56d64c7b67-dwr8q
2026-08-15 16:23:56.914185,0.43342348247363854,whisper-inference-56d64c7b67-dnq4d
2026-08-15 16:23:56.914185,0.39462633208740805,whisper-inference-56d64c7b67-dwr8q
2026-08-15 16:24:01.913885,0.43342348247363854,whisper-inference-56d64c7b67-dnq4d
2026-08-15 16:24:01.913885,0.5037055229992985,whisper-inference-56d64c7b67-dwr8q
2026-08-15 16:24:06.910423,0.42735266414763673,whisper-inference-56d64c7b67-dnq4d
2026-08-15 16:24:06.910423,0.5037055229992985,whisper-inference-56d64c7b67-dwr8q
2026-08-15 16:24:11.913725,0.4434607732417037,whisper-inference-56d64c7b67-dnq4d
2026-08-15 16:24:11.913725,0.5037055229992985,whisper-inference-56d64c7b67-dwr8q
2026-08-15 16:24:16.914081,0.4434607732417037,whisper-inference-56d64c7b67-dnq4d
2026-08-15 16:24:16.914081,0.41686976444609486,whisper-inference-56d64c7b67-dwr8q
2026-08-15 16:24:21.914059,0.41047946524647505,whisper-inference-56d64c7b67-dnq4d
2026-08-15 16:24:21.914059,0.48290137545191975,whisper-inference-56d64c7b67-dwr8q
2026-08-15 16:24:26.913220,0.5059891301356667,whisper-inference-56d64c7b67-dnq4d
2026-08-15 16:24:26.913220,0.4829013754519197,whisper-inference-56d64c7b67-dwr8q
2026-08-15 16:24:31.913894,0.41980653154530917,whisper-inference-56d64c7b67-dnq4d
2026-08-15 16:24:31.913894,0.4900846643998062,whisper-inference-56d64c7b67-dwr8q
2026-08-15 16:24:36.913882,0.3776407707006703,whisper-inference-56d64c7b67-dnq4d
2026-08-15 16:24:36.913882,0.39433233107325905,whisper-inference-56d64c7b67-dwr8q
2026-08-15 16:24:41.914076,0.5073267013339366,whisper-inference-56d64c7b67-dnq4d
2026-08-15 16:24:41.914076,0.5286804058338621,whisper-inference-56d64c7b67-dwr8q
2026-08-15 16:24:46.909536,0.5073267013339365,whisper-inference-56d64c7b67-dnq4d
2026-08-15 16:24:46.909536,0.5286804058338621,whisper-inference-56d64c7b67-dwr8q
2026-08-15 16:24:51.913894,0.5475517350657583,whisper-inference-56d64c7b67-dnq4d
2026-08-15 16:24:51.913894,0.5176067228537831,whisper-inference-56d64c7b67-dwr8q
2026-08-15 16:24:56.910924,0.500381784474598,whisper-inference-56d64c7b67-dnq4d
2026-08-15 16:24:56.910924,0.5176067228537831,whisper-inference-56d64c7b67-dwr8q
2026-08-15 16:25:01.914213,0.500381784474598,whisper-inference-56d64c7b67-dnq4d
2026-08-15 16:25:01.914213,0.5763120400075483,whisper-inference-56d64c7b67-dwr8q
2026-08-15 16:25:06.914045,0.4888139809184319,whisper-inference-56d64c7b67-dnq4d
2026-08-15 16:25:06.914045,0.4732146186505314,whisper-inference-56d64c7b67-dwr8q
2026-08-15 16:25:11.914019,0.48920314823756655,whisper-inference-56d64c7b67-dnq4d
2026-08-15 16:25:11.914019,0.5531556990419487,whisper-inference-56d64c7b67-dwr8q
2026-08-15 16:25:16.914022,0.4507697119492251,whisper-inference-56d64c7b67-dnq4d
2026-08-15 16:25:16.914022,0.40717996512173726,whisper-inference-56d64c7b67-dwr8q
2026-08-15 16:25:21.910619,0.4507697119492251,whisper-inference-56d64c7b67-dnq4d
2026-08-15 16:25:21.910619,0.4102882249484163,whisper-inference-56d64c7b67-dwr8q
2026-08-15 16:25:26.913428,0.36582967256092613,whisper-inference-56d64c7b67-dnq4d
2026-08-15 16:25:26.913428,0.5467646594192357,whisper-inference-56d64c7b67-dwr8q
2026-08-15 16:25:31.914064,0.47702192148958644,whisper-inference-56d64c7b67-dnq4d
2026-08-15 16:25:31.914064,0.5467646594192357,whisper-inference-56d64c7b67-dwr8q
2026-08-15 16:25:36.914021,0.5086230194864322,whisper-inference-56d64c7b67-dnq4d
2026-08-15 16:25:36.914021,0.5697541861064206,whisper-inference-56d64c7b67-dwr8q
2026-08-15 16:25:41.914037,0.5086230194864322,whisper-inference-56d64c7b67-dnq4d
2026-08-15 16:25:41.914037,0.5697541861064206,whisper-inference-56d64c7b67-dwr8q
2026-08-15 16:25:46.910814,0.4976151090440573,whisper-inference-56d64c7b67-dnq4d
2026-08-15 16:25:46.910814,0.5094412881242938,whisper-inference-56d64c7b67-dwr8q
2026-08-15 16:25:51.913880,0.4976151090440573,whisper-inference-56d64c7b67-dnq4d
2026-08-15 16:25:51.913880,0.5105140967081426,whisper-inference-56d64c7b67-dwr8q
2026-08-15 16:25:56.913991,0.5005394312518321,whisper-inference-56d64c7b67-dnq4d
2026-08-15 16:25:56.913991,0.536385550816176,whisper-inference-56d64c7b67-dwr8q
2026-08-15 16:26:01.913989,0.5027781520081342,whisper-inference-56d64c7b67-dnq4d
2026-08-15 16:26:01.913989,0.5363855508161759,whisper-inference-56d64c7b67-dwr8q
2026-08-15 16:26:06.913210,0.5027781520081342,whisper-inference-56d64c7b67-dnq4d
2026-08-15 16:26:06.913210,0.4813889150467475,whisper-inference-56d64c7b67-dwr8q
2026-08-15 16:26:11.914026,0.4182430131893429,whisper-inference-56d64c7b67-dnq4d
2026-08-15 16:26:11.914026,0.4552600227790427,whisper-inference-56d64c7b67-dwr8q
2026-08-15 16:26:16.909626,0.4837618347984161,whisper-inference-56d64c7b67-dnq4d
2026-08-15 16:26:16.909626,0.4552600227790427,whisper-inference-56d64c7b67-dwr8q
2026-08-15 16:26:21.914031,0.4166385364372615,whisper-inference-56d64c7b67-dnq4d
2026-08-15 16:26:21.914031,0.4552600227790427,whisper-inference-56d64c7b67-dwr8q
2026-08-15 16:26:26.914054,0.31077140000000014,whisper-inference-56d64c7b67-dnq4d
2026-08-15 16:26:26.914054,0.45630050611910966,whisper-inference-56d64c7b67-dwr8q
2026-08-15 16:26:31.913893,0.4768852094677185,whisper-inference-56d64c7b67-dnq4d
2026-08-15 16:26:31.913893,0.5370593076800935,whisper-inference-56d64c7b67-dwr8q
2026-08-15 16:26:36.913895,0.4768852094677185,whisper-inference-56d64c7b67-dnq4d
2026-08-15 16:26:36.913895,0.4422385032463525,whisper-inference-56d64c7b67-dwr8q
2026-08-15 16:26:41.912622,0.44919567154380036,whisper-inference-56d64c7b67-dnq4d
2026-08-15 16:26:41.912622,0.5226275247038377,whisper-inference-56d64c7b67-dwr8q
2026-08-15 16:26:46.914121,0.44919567154380036,whisper-inference-56d64c7b67-dnq4d
2026-08-15 16:26:46.914121,0.4958308919232317,whisper-inference-56d64c7b67-dwr8q
2026-08-15 16:26:51.913895,0.44919567154380036,whisper-inference-56d64c7b67-dnq4d
2026-08-15 16:26:51.913895,0.4156206039984171,whisper-inference-56d64c7b67-dwr8q
2026-08-15 16:26:56.913896,0.4271276805637108,whisper-inference-56d64c7b67-dnq4d
2026-08-15 16:26:56.913896,0.5076148081326762,whisper-inference-56d64c7b67-dwr8q
2026-08-15 16:27:01.914039,0.4271276805637108,whisper-inference-56d64c7b67-dnq4d
2026-08-15 16:27:01.914039,0.5076148081326762,whisper-inference-56d64c7b67-dwr8q
2026-08-15 16:27:06.914048,0.32843877109593655,whisper-inference-56d64c7b67-dnq4d
2026-08-15 16:27:06.914048,0.42804195683447815,whisper-inference-56d64c7b67-dwr8q
2026-08-15 16:27:11.913903,0.36400164639495897,whisper-inference-56d64c7b67-dnq4d
2026-08-15 16:27:11.913903,0.46301711293686937,whisper-inference-56d64c7b67-dwr8q
2026-08-15 16:27:16.911684,0.43764557618728533,whisper-inference-56d64c7b67-dnq4d
2026-08-15 16:27:16.911684,0.46301711293686937,whisper-inference-56d64c7b67-dwr8q
2026-08-15 16:27:21.912928,0.43764557618728533,whisper-inference-56d64c7b67-dnq4d
2026-08-15 16:27:21.912928,0.5285970617895125,whisper-inference-56d64c7b67-dwr8q
2026-08-15 16:27:26.913354,0.3860543321799804,whisper-inference-56d64c7b67-dnq4d
2026-08-15 16:27:26.913354,0.5285970617895125,whisper-inference-56d64c7b67-dwr8q
2026-08-15 16:27:31.914087,0.34877023177446087,whisper-inference-56d64c7b67-dnq4d
2026-08-15 16:27:31.914087,0.5285970617895124,whisper-inference-56d64c7b67-dwr8q
2026-08-15 16:27:36.913897,0.4685817412637388,whisper-inference-56d64c7b67-dnq4d
2026-08-15 16:27:36.913897,0.47009417122528463,whisper-inference-56d64c7b67-dwr8q
2026-08-15 16:27:41.914027,0.4918191973311763,whisper-inference-56d64c7b67-dnq4d
2026-08-15 16:27:41.914027,0.5492786552582587,whisper-inference-56d64c7b67-dwr8q
2026-08-15 16:27:46.914027,0.4799429496374987,whisper-inference-56d64c7b67-dnq4d
2026-08-15 16:27:46.914027,0.5492786552582587,whisper-inference-56d64c7b67-dwr8q
2026-08-15 16:27:51.913604,0.47993050105644436,whisper-inference-56d64c7b67-dnq4d
2026-08-15 16:27:51.913604,0.5959766252974087,whisper-inference-56d64c7b67-dwr8q
2026-08-15 16:27:56.913899,0.4060452004188047,whisper-inference-56d64c7b67-dnq4d
2026-08-15 16:27:56.913899,0.4863715574333378,whisper-inference-56d64c7b67-dwr8q
2026-08-15 16:28:01.913953,0.5164797822706065,whisper-inference-56d64c7b67-dnq4d
2026-08-15 16:28:01.913953,0.5923905935362962,whisper-inference-56d64c7b67-dwr8q
2026-08-15 16:28:06.913879,0.5164797822706065,whisper-inference-56d64c7b67-dnq4d
2026-08-15 16:28:06.913879,0.5923905935362962,whisper-inference-56d64c7b67-dwr8q
2026-08-15 16:28:11.912392,0.4207301693018835,whisper-inference-56d64c7b67-dnq4d
2026-08-15 16:28:11.912392,0.588242369982899,whisper-inference-56d64c7b67-dwr8q
2026-08-15 16:28:16.911956,0.5755890206261342,whisper-inference-56d64c7b67-dnq4d
2026-08-15 16:28:16.911956,0.588242369982899,whisper-inference-56d64c7b67-dwr8q
2026-08-15 16:28:21.914043,0.575589020626134,whisper-inference-56d64c7b67-dnq4d
2026-08-15 16:28:21.914043,0.6376450286240707,whisper-inference-56d64c7b67-dwr8q
2026-08-15 16:28:26.912930,0.47719847298365903,whisper-inference-56d64c7b67-dnq4d
2026-08-15 16:28:26.912930,0.6856919885171158,whisper-inference-56d64c7b67-dwr8q
2026-08-15 16:28:31.914020,0.7267692478761734,whisper-inference-56d64c7b67-dnq4d
2026-08-15 16:28:31.914020,0.6856919885171158,whisper-inference-56d64c7b67-dwr8q
2026-08-15 16:28:36.913983,0.7267692478761734,whisper-inference-56d64c7b67-dnq4d
2026-08-15 16:28:36.913983,0.5662882522167006,whisper-inference-56d64c7b67-dwr8q
2026-08-15 16:28:41.914029,0.7820908099348692,whisper-inference-56d64c7b67-dnq4d
2026-08-15 16:28:41.914029,0.6702803638057843,whisper-inference-56d64c7b67-dwr8q
2026-08-15 16:28:46.913944,0.7586824001489239,whisper-inference-56d64c7b67-dnq4d
2026-08-15 16:28:46.913944,0.7862628739706036,whisper-inference-56d64c7b67-dwr8q
2026-08-15 16:28:51.914029,0.7586824001489239,whisper-inference-56d64c7b67-dnq4d
2026-08-15 16:28:51.914029,0.6553806823440413,whisper-inference-56d64c7b67-dwr8q
2026-08-15 16:28:56.914041,0.803971375694016,whisper-inference-56d64c7b67-dnq4d
2026-08-15 16:28:56.914041,0.8397374570569708,whisper-inference-56d64c7b67-dwr8q
2026-08-15 16:29:01.910221,0.6494882758544108,whisper-inference-56d64c7b67-dnq4d
2026-08-15 16:29:01.910221,0.8693154504029267,whisper-inference-56d64c7b67-dwr8q
2026-08-15 16:29:06.913987,0.8302810452478225,whisper-inference-56d64c7b67-dnq4d
2026-08-15 16:29:06.913987,0.8693154504029267,whisper-inference-56d64c7b67-dwr8q
2026-08-15 16:29:11.913978,0.8005513014273723,whisper-inference-56d64c7b67-dnq4d
2026-08-15 16:29:11.913978,0.731331457512441,whisper-inference-56d64c7b67-dwr8q
2026-08-15 16:29:16.914016,0.8005513014273722,whisper-inference-56d64c7b67-dnq4d
2026-08-15 16:29:16.914016,0.8721445622807368,whisper-inference-56d64c7b67-dwr8q
2026-08-15 16:29:21.913923,0.6501343831500143,whisper-inference-56d64c7b67-dnq4d
2026-08-15 16:29:21.913923,0.9021433202474419,whisper-inference-56d64c7b67-dwr8q
2026-08-15 16:29:26.913973,0.7684755321595579,whisper-inference-56d64c7b67-dnq4d
2026-08-15 16:29:26.913973,0.9021433202474419,whisper-inference-56d64c7b67-dwr8q
2026-08-15 16:29:31.913935,0.7684755321595579,whisper-inference-56d64c7b67-dnq4d
2026-08-15 16:29:31.913935,0.9015076117236235,whisper-inference-56d64c7b67-dwr8q
2026-08-15 16:29:36.909566,0.7684755321595579,whisper-inference-56d64c7b67-dnq4d
2026-08-15 16:29:36.909566,0.8725172156136048,whisper-inference-56d64c7b67-dwr8q
2026-08-15 16:29:41.913175,0.820244747323418,whisper-inference-56d64c7b67-dnq4d
2026-08-15 16:29:41.913175,0.8725172156136047,whisper-inference-56d64c7b67-dwr8q
2026-08-15 16:29:46.913930,0.7905134138732901,whisper-inference-56d64c7b67-dnq4d
2026-08-15 16:29:46.913930,0.8958649944046799,whisper-inference-56d64c7b67-dwr8q
2026-08-15 16:29:51.913223,0.7905134138732901,whisper-inference-56d64c7b67-dnq4d
2026-08-15 16:29:51.913223,0.8958649944046799,whisper-inference-56d64c7b67-dwr8q
2026-08-15 16:29:56.912896,0.6444199473777239,whisper-inference-56d64c7b67-dnq4d
2026-08-15 16:29:56.912896,0.9459874858051334,whisper-inference-56d64c7b67-dwr8q
2026-08-15 16:30:01.914058,0.7708508990216614,whisper-inference-56d64c7b67-dnq4d
2026-08-15 16:30:01.914058,0.9459874858051334,whisper-inference-56d64c7b67-dwr8q
2026-08-15 16:30:06.911417,0.9500599076932492,whisper-inference-56d64c7b67-dnq4d
2026-08-15 16:30:06.911417,0.9459874858051334,whisper-inference-56d64c7b67-dwr8q
2026-08-15 16:30:11.914032,0.9194479370432828,whisper-inference-56d64c7b67-dnq4d
2026-08-15 16:30:11.914032,0.9866827323574922,whisper-inference-56d64c7b67-dwr8q
2026-08-15 16:30:16.912800,0.9194479370432828,whisper-inference-56d64c7b67-dnq4d
2026-08-15 16:30:16.912800,0.9866827323574922,whisper-inference-56d64c7b67-dwr8q
2026-08-15 16:30:21.914029,0.7703045269088687,whisper-inference-56d64c7b67-dnq4d
2026-08-15 16:30:21.914029,0.9866827323574922,whisper-inference-56d64c7b67-dwr8q
2026-08-15 16:30:26.913885,0.8438107933250054,whisper-inference-56d64c7b67-dnq4d
2026-08-15 16:30:26.913885,0.9646854157685184,whisper-inference-56d64c7b67-dwr8q
2026-08-15 16:30:31.914025,0.8438107933250054,whisper-inference-56d64c7b67-dnq4d
2026-08-15 16:30:31.914025,0.9646854157685184,whisper-inference-56d64c7b67-dwr8q
2026-08-15 16:30:36.913878,0.8442079093225928,whisper-inference-56d64c7b67-dnq4d
2026-08-15 16:30:36.913878,0.7957877572394242,whisper-inference-56d64c7b67-dwr8q
2026-08-15 16:30:41.912909,0.7977628670342339,whisper-inference-56d64c7b67-dnq4d
2026-08-15 16:30:41.912909,0.8855239894652468,whisper-inference-56d64c7b67-dwr8q
2026-08-15 16:30:46.914031,0.7977628670342339,whisper-inference-56d64c7b67-dnq4d
2026-08-15 16:30:46.914031,0.8855239894652468,whisper-inference-56d64c7b67-dwr8q
2026-08-15 16:30:51.914158,0.6343167676346674,whisper-inference-56d64c7b67-dnq4d
2026-08-15 16:30:51.914158,0.8855239894652468,whisper-inference-56d64c7b67-dwr8q
2026-08-15 16:30:56.914171,0.7233883627714404,whisper-inference-56d64c7b67-dnq4d
2026-08-15 16:30:56.914171,0.6428738334901164,whisper-inference-56d64c7b67-dwr8q
2026-08-15 16:31:01.914024,0.7233883627714405,whisper-inference-56d64c7b67-dnq4d
2026-08-15 16:31:01.914024,0.7995042736882896,whisper-inference-56d64c7b67-dwr8q
2026-08-15 16:31:06.911007,0.7623295280122793,whisper-inference-56d64c7b67-dnq4d
2026-08-15 16:31:06.911007,0.7995042736882896,whisper-inference-56d64c7b67-dwr8q
2026-08-15 16:31:11.914066,0.7623295280122793,whisper-inference-56d64c7b67-dnq4d
2026-08-15 16:31:11.914066,0.8022419063588289,whisper-inference-56d64c7b67-dwr8q
2026-08-15 16:31:16.913981,0.7623295280122793,whisper-inference-56d64c7b67-dnq4d
2026-08-15 16:31:16.913981,0.8022419063588289,whisper-inference-56d64c7b67-dwr8q
2026-08-15 16:31:21.914255,0.5996760373454416,whisper-inference-56d64c7b67-dnq4d
2026-08-15 16:31:21.914255,0.8098226981598841,whisper-inference-56d64c7b67-dwr8q
2026-08-15 16:31:26.913211,0.7885387570716885,whisper-inference-56d64c7b67-dnq4d
2026-08-15 16:31:26.913211,0.6319890079052158,whisper-inference-56d64c7b67-dwr8q
2026-08-15 16:31:31.913901,0.7885387570716885,whisper-inference-56d64c7b67-dnq4d
2026-08-15 16:31:31.913901,0.8954524146292182,whisper-inference-56d64c7b67-dwr8q
2026-08-15 16:31:36.914057,0.749409370374048,whisper-inference-56d64c7b67-dnq4d
2026-08-15 16:31:36.914057,0.804728678547106,whisper-inference-56d64c7b67-dwr8q
2026-08-15 16:31:41.914120,0.8921052407232906,whisper-inference-56d64c7b67-dnq4d
2026-08-15 16:31:41.914120,0.9697619609218124,whisper-inference-56d64c7b67-dwr8q
2026-08-15 16:31:46.913977,0.8921052407232906,whisper-inference-56d64c7b67-dnq4d
2026-08-15 16:31:46.913977,0.9342192703038525,whisper-inference-56d64c7b67-dwr8q
2026-08-15 16:31:51.912762,0.8991070699573188,whisper-inference-56d64c7b67-dnq4d
2026-08-15 16:31:51.912762,0.9342192703038525,whisper-inference-56d64c7b67-dwr8q
2026-08-15 16:31:56.913987,0.8939230221999032,whisper-inference-56d64c7b67-dnq4d
2026-08-15 16:31:56.913987,0.9536019225504215,whisper-inference-56d64c7b67-dwr8q
2026-08-15 16:32:01.913876,0.8939230221999032,whisper-inference-56d64c7b67-dnq4d
2026-08-15 16:32:01.913876,0.9693768286598144,whisper-inference-56d64c7b67-dwr8q
2026-08-15 16:32:06.914004,0.8955018488485238,whisper-inference-56d64c7b67-dnq4d
2026-08-15 16:32:06.914004,0.7493051500199179,whisper-inference-56d64c7b67-dwr8q
2026-08-15 16:32:11.914025,0.7031853642928962,whisper-inference-56d64c7b67-dnq4d
2026-08-15 16:32:11.914025,0.9345287478422523,whisper-inference-56d64c7b67-dwr8q
2026-08-15 16:32:16.914095,0.8796176919266966,whisper-inference-56d64c7b67-dnq4d
2026-08-15 16:32:16.914095,0.9622565355641376,whisper-inference-56d64c7b67-dwr8q
2026-08-15 16:32:21.913875,0.8671922288058355,whisper-inference-56d64c7b67-dnq4d
2026-08-15 16:32:21.913875,0.9622565355641376,whisper-inference-56d64c7b67-dwr8q
2026-08-15 16:32:26.913880,0.9200248399974653,whisper-inference-56d64c7b67-dnq4d
2026-08-15 16:32:26.913880,1.0057262931668949,whisper-inference-56d64c7b67-dwr8q
2026-08-15 16:32:31.910122,0.9200248399974653,whisper-inference-56d64c7b67-dnq4d
2026-08-15 16:32:31.910122,0.8344469149143513,whisper-inference-56d64c7b67-dwr8q
2026-08-15 16:32:36.910590,0.9379375548864627,whisper-inference-56d64c7b67-dnq4d
2026-08-15 16:32:36.910590,1.0048486984381257,whisper-inference-56d64c7b67-dwr8q
2026-08-15 16:32:41.913881,0.9252743936308097,whisper-inference-56d64c7b67-dnq4d
2026-08-15 16:32:41.913881,1.0076823407117523,whisper-inference-56d64c7b67-dwr8q
2026-08-15 16:32:46.913985,0.9252743936308097,whisper-inference-56d64c7b67-dnq4d
2026-08-15 16:32:46.913985,1.0076823407117523,whisper-inference-56d64c7b67-dwr8q
2026-08-15 16:32:51.914059,0.8406850549942234,whisper-inference-56d64c7b67-dnq4d
2026-08-15 16:32:51.914059,0.9468579158162276,whisper-inference-56d64c7b67-dwr8q
2026-08-15 16:32:56.914026,0.9307102548772728,whisper-inference-56d64c7b67-dnq4d
2026-08-15 16:32:56.914026,0.9158068126935437,whisper-inference-56d64c7b67-dwr8q
2026-08-15 16:33:01.914018,0.8896653856121847,whisper-inference-56d64c7b67-dnq4d
2026-08-15 16:33:01.914018,0.9158068126935437,whisper-inference-56d64c7b67-dwr8q
2026-08-15 16:33:06.914004,1.023417718381425,whisper-inference-56d64c7b67-dnq4d
2026-08-15 16:33:06.914004,0.9158068126935437,whisper-inference-56d64c7b67-dwr8q
2026-08-15 16:33:11.914026,1.0071294852656598,whisper-inference-56d64c7b67-dnq4d
2026-08-15 16:33:11.914026,0.9516883691161931,whisper-inference-56d64c7b67-dwr8q
2026-08-15 16:33:16.913892,0.8130892044378093,whisper-inference-56d64c7b67-dnq4d
2026-08-15 16:33:16.913892,0.9286659829155886,whisper-inference-56d64c7b67-dwr8q
2026-08-15 16:33:21.914019,0.7300345928862347,whisper-inference-56d64c7b67-dnq4d
2026-08-15 16:33:21.914019,0.9148640915593692,whisper-inference-56d64c7b67-dwr8q
2026-08-15 16:33:26.913878,1.0079236135957053,whisper-inference-56d64c7b67-dnq4d
2026-08-15 16:33:26.913878,0.9148640915593692,whisper-inference-56d64c7b67-dwr8q
2026-08-15 16:33:31.914030,1.0079236135957053,whisper-inference-56d64c7b67-dnq4d
2026-08-15 16:33:31.914030,0.8164332934874081,whisper-inference-56d64c7b67-dwr8q
2026-08-15 16:33:36.914020,0.9174451014768368,whisper-inference-56d64c7b67-dnq4d
2026-08-15 16:33:36.914020,0.7782603474952859,whisper-inference-56d64c7b67-dwr8q
2026-08-15 16:33:41.913898,0.9673233961684649,whisper-inference-56d64c7b67-dnq4d
2026-08-15 16:33:41.913898,1.0411348305243635,whisper-inference-56d64c7b67-dwr8q
2026-08-15 16:33:46.912586,0.9979760904178965,whisper-inference-56d64c7b67-dnq4d
2026-08-15 16:33:46.912586,1.0411348305243635,whisper-inference-56d64c7b67-dwr8q
2026-08-15 16:33:51.914165,0.9979760904178965,whisper-inference-56d64c7b67-dnq4d
2026-08-15 16:33:51.914165,1.0474728341603712,whisper-inference-56d64c7b67-dwr8q
2026-08-15 16:33:56.913870,0.9979760904178965,whisper-inference-56d64c7b67-dnq4d
2026-08-15 16:33:56.913870,0.8270103538606095,whisper-inference-56d64c7b67-dwr8q
2026-08-15 16:34:01.913877,0.9979939988211972,whisper-inference-56d64c7b67-dnq4d
2026-08-15 16:34:01.913877,1.0574234987554443,whisper-inference-56d64c7b67-dwr8q
2026-08-15 16:34:06.909429,0.9979939988211971,whisper-inference-56d64c7b67-dnq4d
2026-08-15 16:34:06.909429,1.1202670815608424,whisper-inference-56d64c7b67-dwr8q
2026-08-15 16:34:11.913085,0.9350736427817915,whisper-inference-56d64c7b67-dnq4d
2026-08-15 16:34:11.913085,1.1202670815608424,whisper-inference-56d64c7b67-dwr8q
2026-08-15 16:34:16.913703,0.9350736427817915,whisper-inference-56d64c7b67-dnq4d
2026-08-15 16:34:16.913703,1.1202670815608424,whisper-inference-56d64c7b67-dwr8q
2026-08-15 16:34:21.914030,0.8613881235616363,whisper-inference-56d64c7b67-dnq4d
2026-08-15 16:34:21.914030,0.9986172033385122,whisper-inference-56d64c7b67-dwr8q
2026-08-15 16:34:26.914051,0.8466460206834534,whisper-inference-56d64c7b67-dnq4d
2026-08-15 16:34:26.914051,0.9986172033385122,whisper-inference-56d64c7b67-dwr8q
2026-08-15 16:34:31.913210,0.8466460206834532,whisper-inference-56d64c7b67-dnq4d
2026-08-15 16:34:31.913210,0.9297855650740735,whisper-inference-56d64c7b67-dwr8q
2026-08-15 16:34:36.914035,0.8466460206834532,whisper-inference-56d64c7b67-dnq4d
2026-08-15 16:34:36.914035,0.685344624469554,whisper-inference-56d64c7b67-dwr8q
2026-08-15 16:34:41.913907,0.7344606712282978,whisper-inference-56d64c7b67-dnq4d
2026-08-15 16:34:41.913907,0.8421105142927727,whisper-inference-56d64c7b67-dwr8q
2026-08-15 16:34:46.913726,0.8536380242854885,whisper-inference-56d64c7b67-dnq4d
2026-08-15 16:34:46.913726,0.8568894709855769,whisper-inference-56d64c7b67-dwr8q
2026-08-15 16:34:51.913674,0.838225696092392,whisper-inference-56d64c7b67-dnq4d
2026-08-15 16:34:51.913674,0.8568894709855769,whisper-inference-56d64c7b67-dwr8q
2026-08-15 16:34:56.913098,0.869044894046941,whisper-inference-56d64c7b67-dnq4d
2026-08-15 16:34:56.913098,0.727889909103687,whisper-inference-56d64c7b67-dwr8q
2026-08-15 16:35:01.914093,0.7483152461550642,whisper-inference-56d64c7b67-dnq4d
2026-08-15 16:35:01.914093,0.8945983028374448,whisper-inference-56d64c7b67-dwr8q
2026-08-15 16:35:06.913885,0.8873119230620673,whisper-inference-56d64c7b67-dnq4d
2026-08-15 16:35:06.913885,0.9403282557784332,whisper-inference-56d64c7b67-dwr8q
2026-08-15 16:35:11.913901,0.9137592325636259,whisper-inference-56d64c7b67-dnq4d
2026-08-15 16:35:11.913901,0.9403282557784332,whisper-inference-56d64c7b67-dwr8q
2026-08-15 16:35:16.913993,0.7579302865503517,whisper-inference-56d64c7b67-dnq4d
2026-08-15 16:35:16.913993,0.8901648932151441,whisper-inference-56d64c7b67-dwr8q
2026-08-15 16:35:21.913018,0.6814943267464044,whisper-inference-56d64c7b67-dnq4d
2026-08-15 16:35:21.913018,0.9924380952380952,whisper-inference-56d64c7b67-dwr8q
2026-08-15 16:35:26.913897,0.8533506930693056,whisper-inference-56d64c7b67-dnq4d
2026-08-15 16:35:26.913897,0.9924380952380952,whisper-inference-56d64c7b67-dwr8q
2026-08-15 16:35:31.912915,0.8533506930693056,whisper-inference-56d64c7b67-dnq4d
2026-08-15 16:35:31.912915,0.8792850344786307,whisper-inference-56d64c7b67-dwr8q
2026-08-15 16:35:36.913906,0.8771445092024511,whisper-inference-56d64c7b67-dnq4d
2026-08-15 16:35:36.913906,0.7937481334374524,whisper-inference-56d64c7b67-dwr8q
2026-08-15 16:35:41.913880,0.672185075552145,whisper-inference-56d64c7b67-dnq4d
2026-08-15 16:35:41.913880,0.9531290231040254,whisper-inference-56d64c7b67-dwr8q
2026-08-15 16:35:46.914009,0.8960170133055232,whisper-inference-56d64c7b67-dnq4d
2026-08-15 16:35:46.914009,0.9531290231040254,whisper-inference-56d64c7b67-dwr8q
2026-08-15 16:35:51.913970,0.8807225863274862,whisper-inference-56d64c7b67-dnq4d
2026-08-15 16:35:51.913970,0.9117969416209408,whisper-inference-56d64c7b67-dwr8q
2026-08-15 16:35:56.913924,0.8807225863274861,whisper-inference-56d64c7b67-dnq4d
2026-08-15 16:35:56.913924,0.8654156143923983,whisper-inference-56d64c7b67-dwr8q
2026-08-15 16:36:01.913874,0.880683546920217,whisper-inference-56d64c7b67-dnq4d
2026-08-15 16:36:01.913874,0.883115916734844,whisper-inference-56d64c7b67-dwr8q
2026-08-15 16:36:06.912072,0.8806835469202169,whisper-inference-56d64c7b67-dnq4d
2026-08-15 16:36:06.912072,0.8693975771994565,whisper-inference-56d64c7b67-dwr8q
2026-08-15 16:36:11.913991,0.8806835469202169,whisper-inference-56d64c7b67-dnq4d
2026-08-15 16:36:11.913991,0.8693975771994565,whisper-inference-56d64c7b67-dwr8q
2026-08-15 16:36:16.911245,0.8383277925531925,whisper-inference-56d64c7b67-dnq4d
2026-08-15 16:36:16.911245,0.701927453898141,whisper-inference-56d64c7b67-dwr8q
2026-08-15 16:36:21.913430,0.7868618525271256,whisper-inference-56d64c7b67-dnq4d
2026-08-15 16:36:21.913430,0.9052234291027005,whisper-inference-56d64c7b67-dwr8q
2026-08-15 16:36:26.913878,0.8222270383463564,whisper-inference-56d64c7b67-dnq4d
2026-08-15 16:36:26.913878,0.9052234291027006,whisper-inference-56d64c7b67-dwr8q
2026-08-15 16:36:31.913974,0.8222270383463564,whisper-inference-56d64c7b67-dnq4d
2026-08-15 16:36:31.913974,0.9052234291027006,whisper-inference-56d64c7b67-dwr8q
2026-08-15 16:36:36.913910,0.8222270383463564,whisper-inference-56d64c7b67-dnq4d
2026-08-15 16:36:36.913910,0.9327092673353685,whisper-inference-56d64c7b67-dwr8q
2026-08-15 16:36:41.914015,0.5058371749999993,whisper-inference-56d64c7b67-dnq4d
2026-08-15 16:36:41.914015,0.9327092673353685,whisper-inference-56d64c7b67-dwr8q
2026-08-15 16:36:46.913920,0.9261519960150842,whisper-inference-56d64c7b67-dnq4d
2026-08-15 16:36:46.913920,0.9327092673353685,whisper-inference-56d64c7b67-dwr8q
2026-08-15 16:36:51.913983,0.9261519960150842,whisper-inference-56d64c7b67-dnq4d
2026-08-15 16:36:51.913983,0.9256947353402764,whisper-inference-56d64c7b67-dwr8q
2026-08-15 16:36:56.913890,0.7823900524336427,whisper-inference-56d64c7b67-dnq4d
2026-08-15 16:36:56.913890,0.9699325918992816,whisper-inference-56d64c7b67-dwr8q
2026-08-15 16:37:01.913925,1.007533475829609,whisper-inference-56d64c7b67-dnq4d
2026-08-15 16:37:01.913925,0.9750326058603616,whisper-inference-56d64c7b67-dwr8q
2026-08-15 16:37:06.913976,1.007533475829609,whisper-inference-56d64c7b67-dnq4d
2026-08-15 16:37:06.913976,0.9750326058603616,whisper-inference-56d64c7b67-dwr8q
2026-08-15 16:37:11.913980,1.007533475829609,whisper-inference-56d64c7b67-dnq4d
2026-08-15 16:37:11.913980,1.0121319065661831,whisper-inference-56d64c7b67-dwr8q
2026-08-15 16:37:16.913514,0.9895452185294054,whisper-inference-56d64c7b67-dnq4d
2026-08-15 16:37:16.913514,1.0121319065661831,whisper-inference-56d64c7b67-dwr8q
2026-08-15 16:37:21.913432,0.9895452185294054,whisper-inference-56d64c7b67-dnq4d
2026-08-15 16:37:21.913432,1.0730820015162987,whisper-inference-56d64c7b67-dwr8q
2026-08-15 16:37:26.913888,0.9396165632518688,whisper-inference-56d64c7b67-dnq4d
2026-08-15 16:37:26.913888,1.0338266406534744,whisper-inference-56d64c7b67-dwr8q
2026-08-15 16:37:31.909288,0.9396165632518688,whisper-inference-56d64c7b67-dnq4d
2026-08-15 16:37:31.909288,1.0338266406534744,whisper-inference-56d64c7b67-dwr8q
2026-08-15 16:37:36.913885,0.7792214058587656,whisper-inference-56d64c7b67-dnq4d
2026-08-15 16:37:36.913885,0.6952772750000009,whisper-inference-56d64c7b67-dwr8q
2026-08-15 16:37:41.912883,0.4859218749999996,whisper-inference-56d64c7b67-dnq4d
2026-08-15 16:37:41.912883,0.9900469329042317,whisper-inference-56d64c7b67-dwr8q
2026-08-15 16:37:46.913449,0.9152242185217646,whisper-inference-56d64c7b67-dnq4d
2026-08-15 16:37:46.913449,0.9900469329042317,whisper-inference-56d64c7b67-dwr8q
2026-08-15 16:37:51.913997,0.9152242185217645,whisper-inference-56d64c7b67-dnq4d
2026-08-15 16:37:51.913997,0.8072017651790352,whisper-inference-56d64c7b67-dwr8q
2026-08-15 16:37:56.914048,0.8930019131935328,whisper-inference-56d64c7b67-dnq4d
2026-08-15 16:37:56.914048,0.9933700378734744,whisper-inference-56d64c7b67-dwr8q
2026-08-15 16:38:01.913229,0.9024437841692425,whisper-inference-56d64c7b67-dnq4d
2026-08-15 16:38:01.913229,0.9933700378734744,whisper-inference-56d64c7b67-dwr8q
2026-08-15 16:38:06.913935,0.9024437841692425,whisper-inference-56d64c7b67-dnq4d
2026-08-15 16:38:06.913935,1.0462632612484337,whisper-inference-56d64c7b67-dwr8q
2026-08-15 16:38:11.914013,0.8479823512729343,whisper-inference-56d64c7b67-dnq4d
2026-08-15 16:38:11.914013,1.0462632612484337,whisper-inference-56d64c7b67-dwr8q
2026-08-15 16:38:16.914874,0.8479823512729343,whisper-inference-56d64c7b67-dnq4d
2026-08-15 16:38:16.914874,0.8856415066389414,whisper-inference-56d64c7b67-dwr8q
2026-08-15 16:38:21.913875,0.5287085780183486,whisper-inference-56d64c7b67-dnq4d
2026-08-15 16:38:21.913875,0.9415558932708853,whisper-inference-56d64c7b67-dwr8q
2026-08-15 16:38:26.914032,0.6523753948889162,whisper-inference-56d64c7b67-dnq4d
2026-08-15 16:38:26.914032,0.9415558932708853,whisper-inference-56d64c7b67-dwr8q
2026-08-15 16:38:31.914067,0.6523753948889162,whisper-inference-56d64c7b67-dnq4d
2026-08-15 16:38:31.914067,0.8200223864547286,whisper-inference-56d64c7b67-dwr8q
2026-08-15 16:38:36.913900,0.5250226570372263,whisper-inference-56d64c7b67-dnq4d
2026-08-15 16:38:36.913900,0.6995327681410004,whisper-inference-56d64c7b67-dwr8q
2026-08-15 16:38:41.914032,0.5340260082031337,whisper-inference-56d64c7b67-dnq4d
2026-08-15 16:38:41.914032,0.5736557328071838,whisper-inference-56d64c7b67-dwr8q
2026-08-15 16:38:46.913877,0.5340260082031337,whisper-inference-56d64c7b67-dnq4d
2026-08-15 16:38:46.913877,0.5898241326302267,whisper-inference-56d64c7b67-dwr8q
2026-08-15 16:38:51.913506,0.4385050727969549,whisper-inference-56d64c7b67-dnq4d
2026-08-15 16:38:51.913506,0.4362001609738919,whisper-inference-56d64c7b67-dwr8q
2026-08-15 16:38:56.913167,0.40982418037250684,whisper-inference-56d64c7b67-dnq4d
2026-08-15 16:38:56.913167,0.43776963580517764,whisper-inference-56d64c7b67-dwr8q
2026-08-15 16:39:01.911968,0.40982418037250684,whisper-inference-56d64c7b67-dnq4d
2026-08-15 16:39:01.911968,0.37872286774464203,whisper-inference-56d64c7b67-dwr8q
2026-08-15 16:39:06.913893,0.42647418790001207,whisper-inference-56d64c7b67-dnq4d
2026-08-15 16:39:06.913893,0.31746759991084406,whisper-inference-56d64c7b67-dwr8q
2026-08-15 16:39:11.914006,0.34264357836513304,whisper-inference-56d64c7b67-dnq4d
2026-08-15 16:39:11.914006,0.2859199850277154,whisper-inference-56d64c7b67-dwr8q
2026-08-15 16:39:16.913052,0.42461454523889686,whisper-inference-56d64c7b67-dnq4d
2026-08-15 16:39:16.913052,0.41725732833623363,whisper-inference-56d64c7b67-dwr8q
2026-08-15 16:39:21.909392,0.40848240991311874,whisper-inference-56d64c7b67-dnq4d
2026-08-15 16:39:21.909392,0.41725732833623363,whisper-inference-56d64c7b67-dwr8q
2026-08-15 16:39:26.913992,0.40230653401452104,whisper-inference-56d64c7b67-dnq4d
2026-08-15 16:39:26.913992,0.38621944860760316,whisper-inference-56d64c7b67-dwr8q
2026-08-15 16:39:31.913113,0.40230653401452104,whisper-inference-56d64c7b67-dnq4d
2026-08-15 16:39:31.913113,0.4205682855956822,whisper-inference-56d64c7b67-dwr8q
2026-08-15 16:39:36.912966,0.4059268523041881,whisper-inference-56d64c7b67-dnq4d
2026-08-15 16:39:36.912966,0.4205682855956822,whisper-inference-56d64c7b67-dwr8q
2026-08-15 16:39:41.913886,0.4127417594152707,whisper-inference-56d64c7b67-dnq4d
2026-08-15 16:39:41.913886,0.4109229066531765,whisper-inference-56d64c7b67-dwr8q
2026-08-15 16:39:46.913879,0.4127417594152707,whisper-inference-56d64c7b67-dnq4d
2026-08-15 16:39:46.913879,0.4109229066531765,whisper-inference-56d64c7b67-dwr8q
2026-08-15 16:39:51.913898,0.25097700000000034,whisper-inference-56d64c7b67-dnq4d
2026-08-15 16:39:51.913898,0.3046212193154079,whisper-inference-56d64c7b67-dwr8q
2026-08-15 16:39:56.914021,0.40073660034110264,whisper-inference-56d64c7b67-dnq4d
2026-08-15 16:39:56.914021,0.30233077586976753,whisper-inference-56d64c7b67-dwr8q
2026-08-15 16:40:01.913872,0.40073660034110264,whisper-inference-56d64c7b67-dnq4d
2026-08-15 16:40:01.913872,0.40725953698618583,whisper-inference-56d64c7b67-dwr8q
2026-08-15 16:40:06.913908,0.40073660034110264,whisper-inference-56d64c7b67-dnq4d
2026-08-15 16:40:06.913908,0.40725953698618583,whisper-inference-56d64c7b67-dwr8q
2026-08-15 16:40:11.913891,0.33272967359963157,whisper-inference-56d64c7b67-dnq4d
2026-08-15 16:40:11.913891,0.4376238011923296,whisper-inference-56d64c7b67-dwr8q
2026-08-15 16:40:16.913579,0.44054058574073685,whisper-inference-56d64c7b67-dnq4d
2026-08-15 16:40:16.913579,0.45325288241506956,whisper-inference-56d64c7b67-dwr8q
2026-08-15 16:40:21.914010,0.44054058574073685,whisper-inference-56d64c7b67-dnq4d
2026-08-15 16:40:21.914010,0.45325288241506956,whisper-inference-56d64c7b67-dwr8q
2026-08-15 16:40:26.913446,0.44334006135127446,whisper-inference-56d64c7b67-dnq4d
2026-08-15 16:40:26.913446,0.47152294704068415,whisper-inference-56d64c7b67-dwr8q
2026-08-15 16:40:31.912621,0.4594467177684279,whisper-inference-56d64c7b67-dnq4d
2026-08-15 16:40:31.912621,0.37973118200448497,whisper-inference-56d64c7b67-dwr8q
2026-08-15 16:40:36.913900,0.4986343042071197,whisper-inference-56d64c7b67-dnq4d
2026-08-15 16:40:36.913900,0.4944706393664264,whisper-inference-56d64c7b67-dwr8q
2026-08-15 16:40:41.914048,0.4986343042071196,whisper-inference-56d64c7b67-dnq4d
2026-08-15 16:40:41.914048,0.5141294649631253,whisper-inference-56d64c7b67-dwr8q
2026-08-15 16:40:46.913879,0.5340817703471094,whisper-inference-56d64c7b67-dnq4d
2026-08-15 16:40:46.913879,0.540121756852688,whisper-inference-56d64c7b67-dwr8q
2026-08-15 16:40:51.914862,0.5340817703471094,whisper-inference-56d64c7b67-dnq4d
2026-08-15 16:40:51.914862,0.540121756852688,whisper-inference-56d64c7b67-dwr8q
2026-08-15 16:40:56.914034,0.3889290749999987,whisper-inference-56d64c7b67-dnq4d
2026-08-15 16:40:56.914034,0.5197868775756272,whisper-inference-56d64c7b67-dwr8q
2026-08-15 16:41:01.913970,0.4863928137724105,whisper-inference-56d64c7b67-dnq4d
2026-08-15 16:41:01.913970,0.5316925948517753,whisper-inference-56d64c7b67-dwr8q
2026-08-15 16:41:06.914023,0.4863928137724105,whisper-inference-56d64c7b67-dnq4d
2026-08-15 16:41:06.914023,0.5316925948517753,whisper-inference-56d64c7b67-dwr8q
2026-08-15 16:41:11.914024,0.4038316869079919,whisper-inference-56d64c7b67-dnq4d
2026-08-15 16:41:11.914024,0.2985739250000023,whisper-inference-56d64c7b67-dwr8q
2026-08-15 16:41:16.912007,0.4528035780598083,whisper-inference-56d64c7b67-dnq4d
2026-08-15 16:41:16.912007,0.5265724147781385,whisper-inference-56d64c7b67-dwr8q
2026-08-15 16:41:21.914016,0.4528035780598083,whisper-inference-56d64c7b67-dnq4d
2026-08-15 16:41:21.914016,0.5265724147781385,whisper-inference-56d64c7b67-dwr8q
2026-08-15 16:41:26.914046,0.3786128148785073,whisper-inference-56d64c7b67-dnq4d
2026-08-15 16:41:26.914046,0.5111806819261091,whisper-inference-56d64c7b67-dwr8q
2026-08-15 16:41:31.914000,0.30109972879910957,whisper-inference-56d64c7b67-dnq4d
2026-08-15 16:41:31.914000,0.48335464020797875,whisper-inference-56d64c7b67-dwr8q
2026-08-15 16:41:36.916868,0.4030093192292858,whisper-inference-56d64c7b67-dnq4d
2026-08-15 16:41:36.916868,0.48335464020797875,whisper-inference-56d64c7b67-dwr8q
2026-08-15 16:41:41.913316,0.42928704075199287,whisper-inference-56d64c7b67-dnq4d
2026-08-15 16:41:41.913316,0.5009230326635369,whisper-inference-56d64c7b67-dwr8q
2026-08-15 16:41:46.914016,0.4250072348942931,whisper-inference-56d64c7b67-dnq4d
2026-08-15 16:41:46.914016,0.5009230326635369,whisper-inference-56d64c7b67-dwr8q
2026-08-15 16:41:51.913411,0.4250072348942931,whisper-inference-56d64c7b67-dnq4d
2026-08-15 16:41:51.913411,0.4893024093997225,whisper-inference-56d64c7b67-dwr8q
2026-08-15 16:41:56.909571,0.43225265200517643,whisper-inference-56d64c7b67-dnq4d
2026-08-15 16:41:56.909571,0.3969782101760043,whisper-inference-56d64c7b67-dwr8q
2026-08-15 16:42:01.913677,0.4249598716927521,whisper-inference-56d64c7b67-dnq4d
2026-08-15 16:42:01.913677,0.4802554030057603,whisper-inference-56d64c7b67-dwr8q
2026-08-15 16:42:06.914028,0.4249598716927521,whisper-inference-56d64c7b67-dnq4d
2026-08-15 16:42:06.914028,0.4802554030057603,whisper-inference-56d64c7b67-dwr8q
2026-08-15 16:42:11.913688,0.3393009340585925,whisper-inference-56d64c7b67-dnq4d
2026-08-15 16:42:11.913688,0.4184805507299652,whisper-inference-56d64c7b67-dwr8q
2026-08-15 16:42:16.913966,0.3326697460660053,whisper-inference-56d64c7b67-dnq4d
2026-08-15 16:42:16.913966,0.38666161416134476,whisper-inference-56d64c7b67-dwr8q
2026-08-15 16:42:21.913406,0.4195430163934416,whisper-inference-56d64c7b67-dnq4d
2026-08-15 16:42:21.913406,0.4889258147278788,whisper-inference-56d64c7b67-dwr8q
2026-08-15 16:42:26.909553,0.4195430163934416,whisper-inference-56d64c7b67-dnq4d
2026-08-15 16:42:26.909553,0.48251924816564623,whisper-inference-56d64c7b67-dwr8q
2026-08-15 16:42:31.911900,0.40314548359459873,whisper-inference-56d64c7b67-dnq4d
2026-08-15 16:42:31.911900,0.48251924816564623,whisper-inference-56d64c7b67-dwr8q
2026-08-15 16:42:36.913894,0.40314548359459873,whisper-inference-56d64c7b67-dnq4d
2026-08-15 16:42:36.913894,0.49548636204003643,whisper-inference-56d64c7b67-dwr8q
2026-08-15 16:42:41.913964,0.419090808257898,whisper-inference-56d64c7b67-dnq4d
2026-08-15 16:42:41.913964,0.5098651559180465,whisper-inference-56d64c7b67-dwr8q
2026-08-15 16:42:46.913957,0.4224187826690121,whisper-inference-56d64c7b67-dnq4d
2026-08-15 16:42:46.913957,0.4182607991968707,whisper-inference-56d64c7b67-dwr8q
2026-08-15 16:42:51.909391,0.4224187826690121,whisper-inference-56d64c7b67-dnq4d
2026-08-15 16:42:51.909391,0.47420126914660954,whisper-inference-56d64c7b67-dwr8q
2026-08-15 16:42:56.913889,0.4128473638655782,whisper-inference-56d64c7b67-dnq4d
2026-08-15 16:42:56.913889,0.47420126914660954,whisper-inference-56d64c7b67-dwr8q
2026-08-15 16:43:01.913916,0.35324119649820407,whisper-inference-56d64c7b67-dnq4d
2026-08-15 16:43:01.913916,0.30468707500000103,whisper-inference-56d64c7b67-dwr8q
2026-08-15 16:43:06.910503,0.4325854459393208,whisper-inference-56d64c7b67-dnq4d
2026-08-15 16:43:06.910503,0.466772547052641,whisper-inference-56d64c7b67-dwr8q
2026-08-15 16:43:11.914026,0.4325854459393209,whisper-inference-56d64c7b67-dnq4d
2026-08-15 16:43:11.914026,0.46677254705264104,whisper-inference-56d64c7b67-dwr8q
2026-08-15 16:43:16.913196,0.39275930466534925,whisper-inference-56d64c7b67-dnq4d
2026-08-15 16:43:16.913196,0.387358977714085,whisper-inference-56d64c7b67-dwr8q
2026-08-15 16:43:21.909404,0.47173349353923816,whisper-inference-56d64c7b67-dnq4d
2026-08-15 16:43:21.909404,0.5098180303751478,whisper-inference-56d64c7b67-dwr8q
2026-08-15 16:43:26.911169,0.47122137845862755,whisper-inference-56d64c7b67-dnq4d
2026-08-15 16:43:26.911169,0.5098180303751477,whisper-inference-56d64c7b67-dwr8q
2026-08-15 16:43:31.914024,0.40143218336063125,whisper-inference-56d64c7b67-dnq4d
2026-08-15 16:43:31.914024,0.5596460695630018,whisper-inference-56d64c7b67-dwr8q
2026-08-15 16:43:36.913884,0.43128743031963823,whisper-inference-56d64c7b67-dnq4d
2026-08-15 16:43:36.913884,0.509367266520565,whisper-inference-56d64c7b67-dwr8q
2026-08-15 16:43:41.913872,0.4466458271604939,whisper-inference-56d64c7b67-dnq4d
2026-08-15 16:43:41.913872,0.5093672665205649,whisper-inference-56d64c7b67-dwr8q
2026-08-15 16:43:46.913972,0.38519480544032925,whisper-inference-56d64c7b67-dnq4d
2026-08-15 16:43:46.913972,0.5276475589859438,whisper-inference-56d64c7b67-dwr8q
2026-08-15 16:43:51.914034,0.32899232719273064,whisper-inference-56d64c7b67-dnq4d
2026-08-15 16:43:51.914034,0.41911925022851826,whisper-inference-56d64c7b67-dwr8q
2026-08-15 16:43:56.913292,0.40162329079307113,whisper-inference-56d64c7b67-dnq4d
2026-08-15 16:43:56.913292,0.4764524045907626,whisper-inference-56d64c7b67-dwr8q
2026-08-15 16:44:01.914043,0.40162329079307113,whisper-inference-56d64c7b67-dnq4d
2026-08-15 16:44:01.914043,0.3988364109985504,whisper-inference-56d64c7b67-dwr8q
2026-08-15 16:44:06.913895,0.38593496978684744,whisper-inference-56d64c7b67-dnq4d
2026-08-15 16:44:06.913895,0.4104683281180163,whisper-inference-56d64c7b67-dwr8q
2026-08-15 16:44:11.914024,0.38593496978684744,whisper-inference-56d64c7b67-dnq4d
2026-08-15 16:44:11.914024,0.4104683281180163,whisper-inference-56d64c7b67-dwr8q
2026-08-15 16:44:16.913889,0.4043415036645147,whisper-inference-56d64c7b67-dnq4d
2026-08-15 16:44:16.913889,0.3916359931766488,whisper-inference-56d64c7b67-dwr8q
2026-08-15 16:44:21.914006,0.4043415036645147,whisper-inference-56d64c7b67-dnq4d
2026-08-15 16:44:21.914006,0.3916359931766488,whisper-inference-56d64c7b67-dwr8q
2026-08-15 16:44:26.911220,0.4043415036645147,whisper-inference-56d64c7b67-dnq4d
2026-08-15 16:44:26.911220,0.3916359931766488,whisper-inference-56d64c7b67-dwr8q
2026-08-15 16:44:31.909163,0.3005090539429434,whisper-inference-56d64c7b67-dnq4d
2026-08-15 16:44:31.909163,0.30902290565342394,whisper-inference-56d64c7b67-dwr8q
2026-08-15 16:44:36.913897,0.28887288888888885,whisper-inference-56d64c7b67-dnq4d
2026-08-15 16:44:36.913897,0.2933402000000014,whisper-inference-56d64c7b67-dwr8q
2026-08-15 16:44:41.914037,0.30819896710796124,whisper-inference-56d64c7b67-dnq4d
2026-08-15 16:44:41.914037,0.30995435805897825,whisper-inference-56d64c7b67-dwr8q
2026-08-15 16:44:46.915887,0.3954205890728608,whisper-inference-56d64c7b67-dnq4d
2026-08-15 16:44:46.915887,0.37461426848643886,whisper-inference-56d64c7b67-dwr8q
2026-08-15 16:44:51.914076,0.37243807914675625,whisper-inference-56d64c7b67-dnq4d
2026-08-15 16:44:51.914076,0.35636890918170594,whisper-inference-56d64c7b67-dwr8q
2026-08-15 16:44:56.914014,0.3050526505766897,whisper-inference-56d64c7b67-dnq4d
2026-08-15 16:44:56.914014,0.35636890918170594,whisper-inference-56d64c7b67-dwr8q
2026-08-15 16:45:01.913908,0.35204038940019694,whisper-inference-56d64c7b67-dnq4d
2026-08-15 16:45:01.913908,0.3621695725534321,whisper-inference-56d64c7b67-dwr8q
2026-08-15 16:45:06.914037,0.35204038940019694,whisper-inference-56d64c7b67-dnq4d
2026-08-15 16:45:06.914037,0.3621695725534321,whisper-inference-56d64c7b67-dwr8q
2026-08-15 16:45:11.911908,0.36461913388379324,whisper-inference-56d64c7b67-dnq4d
2026-08-15 16:45:11.911908,0.3621695725534321,whisper-inference-56d64c7b67-dwr8q
2026-08-15 16:45:16.913924,0.38251016833706436,whisper-inference-56d64c7b67-dnq4d
2026-08-15 16:45:16.913924,0.28306454438022516,whisper-inference-56d64c7b67-dwr8q
2026-08-15 16:45:21.914020,0.367070909268103,whisper-inference-56d64c7b67-dnq4d
2026-08-15 16:45:21.914020,0.38739720133269606,whisper-inference-56d64c7b67-dwr8q
2026-08-15 16:45:26.910562,0.344150910908688,whisper-inference-56d64c7b67-dnq4d
2026-08-15 16:45:26.910562,0.4103970346447407,whisper-inference-56d64c7b67-dwr8q
2026-08-15 16:45:31.913951,0.2858651302472916,whisper-inference-56d64c7b67-dnq4d
2026-08-15 16:45:31.913951,0.4103970346447407,whisper-inference-56d64c7b67-dwr8q
2026-08-15 16:45:36.912978,0.3416746900805691,whisper-inference-56d64c7b67-dnq4d
2026-08-15 16:45:36.912978,0.32829026791348287,whisper-inference-56d64c7b67-dwr8q
2026-08-15 16:45:41.914036,0.350509256085019,whisper-inference-56d64c7b67-dnq4d
2026-08-15 16:45:41.914036,0.4426677758860844,whisper-inference-56d64c7b67-dwr8q
2026-08-15 16:45:46.914065,0.28293107151182734,whisper-inference-56d64c7b67-dnq4d
2026-08-15 16:45:46.914065,0.4700198993047211,whisper-inference-56d64c7b67-dwr8q
2026-08-15 16:45:51.913890,0.37585283046719375,whisper-inference-56d64c7b67-dnq4d
2026-08-15 16:45:51.913890,0.45805612214704183,whisper-inference-56d64c7b67-dwr8q
2026-08-15 16:45:56.913903,0.36666073414905404,whisper-inference-56d64c7b67-dnq4d
2026-08-15 16:45:56.913903,0.378017342681603,whisper-inference-56d64c7b67-dwr8q
2026-08-15 16:46:01.911483,0.36666073414905404,whisper-inference-56d64c7b67-dnq4d
2026-08-15 16:46:01.911483,0.47036095770255754,whisper-inference-56d64c7b67-dwr8q
2026-08-15 16:46:06.913950,0.4059035249685276,whisper-inference-56d64c7b67-dnq4d
2026-08-15 16:46:06.913950,0.37596343316630176,whisper-inference-56d64c7b67-dwr8q
2026-08-15 16:46:11.913875,0.4059035249685276,whisper-inference-56d64c7b67-dnq4d
2026-08-15 16:46:11.913875,0.46427670094157547,whisper-inference-56d64c7b67-dwr8q
2026-08-15 16:46:16.913989,0.4346124140779436,whisper-inference-56d64c7b67-dnq4d
2026-08-15 16:46:16.913989,0.442603114249501,whisper-inference-56d64c7b67-dwr8q
2026-08-15 16:46:21.914038,0.4346124140779436,whisper-inference-56d64c7b67-dnq4d
2026-08-15 16:46:21.914038,0.5378127658611671,whisper-inference-56d64c7b67-dwr8q
2026-08-15 16:46:26.911565,0.5168485718781979,whisper-inference-56d64c7b67-dnq4d
2026-08-15 16:46:26.911565,0.5378127658611671,whisper-inference-56d64c7b67-dwr8q
2026-08-15 16:46:31.914025,0.5743275186449261,whisper-inference-56d64c7b67-dnq4d
2026-08-15 16:46:31.914025,0.5378127658611671,whisper-inference-56d64c7b67-dwr8q
2026-08-15 16:46:36.914043,0.5743275186449261,whisper-inference-56d64c7b67-dnq4d
2026-08-15 16:46:36.914043,0.4792598136983783,whisper-inference-56d64c7b67-dwr8q
2026-08-15 16:46:41.913882,0.5130227877646284,whisper-inference-56d64c7b67-dnq4d
2026-08-15 16:46:41.913882,0.5627625645472821,whisper-inference-56d64c7b67-dwr8q
2026-08-15 16:46:46.913366,0.5130227877646284,whisper-inference-56d64c7b67-dnq4d
2026-08-15 16:46:46.913366,0.5627625645472821,whisper-inference-56d64c7b67-dwr8q
2026-08-15 16:46:51.909485,0.4870652833666761,whisper-inference-56d64c7b67-dnq4d
2026-08-15 16:46:51.909485,0.6328486375756035,whisper-inference-56d64c7b67-dwr8q
2026-08-15 16:46:56.914068,0.4870652833666761,whisper-inference-56d64c7b67-dnq4d
2026-08-15 16:46:56.914068,0.5555632554015592,whisper-inference-56d64c7b67-dwr8q
2026-08-15 16:47:01.914024,0.4870652833666761,whisper-inference-56d64c7b67-dnq4d
2026-08-15 16:47:01.914024,0.5555632554015592,whisper-inference-56d64c7b67-dwr8q
2026-08-15 16:47:06.913379,0.29317864173685276,whisper-inference-56d64c7b67-dnq4d
2026-08-15 16:47:06.913379,0.5347230139951207,whisper-inference-56d64c7b67-dwr8q
2026-08-15 16:47:11.913884,0.3750745369139388,whisper-inference-56d64c7b67-dnq4d
2026-08-15 16:47:11.913884,0.4613417316674676,whisper-inference-56d64c7b67-dwr8q
2026-08-15 16:47:16.913230,0.3750745369139388,whisper-inference-56d64c7b67-dnq4d
2026-08-15 16:47:16.913230,0.4613417316674676,whisper-inference-56d64c7b67-dwr8q
2026-08-15 16:47:21.910913,0.3242485021684266,whisper-inference-56d64c7b67-dnq4d
2026-08-15 16:47:21.910913,0.329643174032092,whisper-inference-56d64c7b67-dwr8q
2026-08-15 16:47:26.914076,0.38070741125798585,whisper-inference-56d64c7b67-dnq4d
2026-08-15 16:47:26.914076,0.3916604267104289,whisper-inference-56d64c7b67-dwr8q
2026-08-15 16:47:31.914021,0.38070741125798585,whisper-inference-56d64c7b67-dnq4d
2026-08-15 16:47:31.914021,0.3361643201368207,whisper-inference-56d64c7b67-dwr8q
2026-08-15 16:47:36.913895,0.36575513434218576,whisper-inference-56d64c7b67-dnq4d
2026-08-15 16:47:36.913895,0.3035128958967278,whisper-inference-56d64c7b67-dwr8q
2026-08-15 16:47:41.913886,0.37886288649848204,whisper-inference-56d64c7b67-dnq4d
2026-08-15 16:47:41.913886,0.4207187148558972,whisper-inference-56d64c7b67-dwr8q
2026-08-15 16:47:46.910814,0.31164840084602363,whisper-inference-56d64c7b67-dnq4d
2026-08-15 16:47:46.910814,0.4207187148558972,whisper-inference-56d64c7b67-dwr8q
2026-08-15 16:47:51.914027,0.4003666838697592,whisper-inference-56d64c7b67-dnq4d
2026-08-15 16:47:51.914027,0.40776950249347305,whisper-inference-56d64c7b67-dwr8q
2026-08-15 16:47:56.909818,0.4003666838697592,whisper-inference-56d64c7b67-dnq4d
2026-08-15 16:47:56.909818,0.3185971084565254,whisper-inference-56d64c7b67-dwr8q
2026-08-15 16:48:01.914178,0.4003666838697592,whisper-inference-56d64c7b67-dnq4d
2026-08-15 16:48:01.914178,0.42242291925630604,whisper-inference-56d64c7b67-dwr8q
2026-08-15 16:48:06.914049,0.38814403574299056,whisper-inference-56d64c7b67-dnq4d
2026-08-15 16:48:06.914049,0.42242291925630604,whisper-inference-56d64c7b67-dwr8q
2026-08-15 16:48:11.913902,0.38814403574299056,whisper-inference-56d64c7b67-dnq4d
2026-08-15 16:48:11.913902,0.42242291925630604,whisper-inference-56d64c7b67-dwr8q
2026-08-15 16:48:16.913983,0.4752159583378848,whisper-inference-56d64c7b67-dnq4d
2026-08-15 16:48:16.913983,0.42470962614071445,whisper-inference-56d64c7b67-dwr8q
2026-08-15 16:48:21.911332,0.5178055989703068,whisper-inference-56d64c7b67-dnq4d
2026-08-15 16:48:21.911332,0.42470962614071445,whisper-inference-56d64c7b67-dwr8q
2026-08-15 16:48:26.914017,0.5178055989703068,whisper-inference-56d64c7b67-dnq4d
2026-08-15 16:48:26.914017,0.6264771817453979,whisper-inference-56d64c7b67-dwr8q
2026-08-15 16:48:31.914067,0.6486165850560088,whisper-inference-56d64c7b67-dnq4d
2026-08-15 16:48:31.914067,0.6264771817453979,whisper-inference-56d64c7b67-dwr8q
2026-08-15 16:48:36.913694,0.7718307956902231,whisper-inference-56d64c7b67-dnq4d
2026-08-15 16:48:36.913694,0.7392985881203369,whisper-inference-56d64c7b67-dwr8q
2026-08-15 16:48:41.913876,0.8243581932980995,whisper-inference-56d64c7b67-dnq4d
2026-08-15 16:48:41.913876,0.9147785184790138,whisper-inference-56d64c7b67-dwr8q
2026-08-15 16:48:46.913966,0.8243581932980993,whisper-inference-56d64c7b67-dnq4d
2026-08-15 16:48:46.913966,0.7858913073282012,whisper-inference-56d64c7b67-dwr8q
2026-08-15 16:48:51.909690,0.9629182753679777,whisper-inference-56d64c7b67-dnq4d
2026-08-15 16:48:51.909690,0.9959872828052488,whisper-inference-56d64c7b67-dwr8q
2026-08-15 16:48:56.913918,0.9815443570513978,whisper-inference-56d64c7b67-dnq4d
2026-08-15 16:48:56.913918,1.2151960838389368,whisper-inference-56d64c7b67-dwr8q
2026-08-15 16:49:01.913981,1.0554646732445936,whisper-inference-56d64c7b67-dnq4d
2026-08-15 16:49:01.913981,1.0063511346525063,whisper-inference-56d64c7b67-dwr8q
2026-08-15 16:49:06.910346,1.0329758358568686,whisper-inference-56d64c7b67-dnq4d
2026-08-15 16:49:06.910346,1.1497248816314334,whisper-inference-56d64c7b67-dwr8q
2026-08-15 16:49:11.912567,1.0329758358568686,whisper-inference-56d64c7b67-dnq4d
2026-08-15 16:49:11.912567,1.1239005673825346,whisper-inference-56d64c7b67-dwr8q
2026-08-15 16:49:16.914013,0.8409514758207679,whisper-inference-56d64c7b67-dnq4d
2026-08-15 16:49:16.914013,1.1239005673825346,whisper-inference-56d64c7b67-dwr8q
2026-08-15 16:49:21.914005,0.7571407878225058,whisper-inference-56d64c7b67-dnq4d
2026-08-15 16:49:21.914005,1.1547252118106026,whisper-inference-56d64c7b67-dwr8q
2026-08-15 16:49:26.913935,1.0366806873166443,whisper-inference-56d64c7b67-dnq4d
2026-08-15 16:49:26.913935,1.1547252118106026,whisper-inference-56d64c7b67-dwr8q
2026-08-15 16:49:31.913878,1.042836806475706,whisper-inference-56d64c7b67-dnq4d
2026-08-15 16:49:31.913878,0.9775422507683639,whisper-inference-56d64c7b67-dwr8q
2026-08-15 16:49:36.913879,1.0685183044316025,whisper-inference-56d64c7b67-dnq4d
2026-08-15 16:49:36.913879,1.0798786406723555,whisper-inference-56d64c7b67-dwr8q
2026-08-15 16:49:41.913910,1.073690867046731,whisper-inference-56d64c7b67-dnq4d
2026-08-15 16:49:41.913910,1.0798786406723555,whisper-inference-56d64c7b67-dwr8q
2026-08-15 16:49:46.913050,1.073690867046731,whisper-inference-56d64c7b67-dnq4d
2026-08-15 16:49:46.913050,0.9557992785517547,whisper-inference-56d64c7b67-dwr8q
2026-08-15 16:49:51.913395,0.9131695328404961,whisper-inference-56d64c7b67-dnq4d
2026-08-15 16:49:51.913395,1.1743965088441073,whisper-inference-56d64c7b67-dwr8q
2026-08-15 16:49:56.914019,1.1047492074601655,whisper-inference-56d64c7b67-dnq4d
2026-08-15 16:49:56.914019,1.1743965088441073,whisper-inference-56d64c7b67-dwr8q
2026-08-15 16:50:01.913980,0.9140265140849595,whisper-inference-56d64c7b67-dnq4d
2026-08-15 16:50:01.913980,1.1099454699958404,whisper-inference-56d64c7b67-dwr8q
2026-08-15 16:50:06.913582,0.9380110836635317,whisper-inference-56d64c7b67-dnq4d
2026-08-15 16:50:06.913582,1.0608088042664656,whisper-inference-56d64c7b67-dwr8q
2026-08-15 16:50:11.914039,0.8449873389590228,whisper-inference-56d64c7b67-dnq4d
2026-08-15 16:50:11.914039,1.0608088042664656,whisper-inference-56d64c7b67-dwr8q
2026-08-15 16:50:16.914022,1.0839943440056583,whisper-inference-56d64c7b67-dnq4d
2026-08-15 16:50:16.914022,0.719147774999999,whisper-inference-56d64c7b67-dwr8q
2026-08-15 16:50:21.913893,1.0603069087324415,whisper-inference-56d64c7b67-dnq4d
2026-08-15 16:50:21.913893,1.1042223340265231,whisper-inference-56d64c7b67-dwr8q
2026-08-15 16:50:26.913898,1.0603069087324417,whisper-inference-56d64c7b67-dnq4d
2026-08-15 16:50:26.913898,1.1042223340265231,whisper-inference-56d64c7b67-dwr8q
2026-08-15 16:50:31.914885,1.0474577267064566,whisper-inference-56d64c7b67-dnq4d
2026-08-15 16:50:31.914885,1.1042223340265231,whisper-inference-56d64c7b67-dwr8q
2026-08-15 16:50:36.913928,1.0300875582277134,whisper-inference-56d64c7b67-dnq4d
2026-08-15 16:50:36.913928,1.0852478281579607,whisper-inference-56d64c7b67-dwr8q
2026-08-15 16:50:41.913266,1.0300875582277134,whisper-inference-56d64c7b67-dnq4d
2026-08-15 16:50:41.913266,1.0852478281579607,whisper-inference-56d64c7b67-dwr8q
2026-08-15 16:50:46.913931,1.0300875582277134,whisper-inference-56d64c7b67-dnq4d
2026-08-15 16:50:46.913931,1.1629007892833592,whisper-inference-56d64c7b67-dwr8q
2026-08-15 16:50:51.913890,1.0433390527157846,whisper-inference-56d64c7b67-dnq4d
2026-08-15 16:50:51.913890,1.143201274052099,whisper-inference-56d64c7b67-dwr8q
2026-08-15 16:50:56.909509,1.0433390527157846,whisper-inference-56d64c7b67-dnq4d
2026-08-15 16:50:56.909509,1.143201274052099,whisper-inference-56d64c7b67-dwr8q
2026-08-15 16:51:01.914025,1.0433390527157846,whisper-inference-56d64c7b67-dnq4d
2026-08-15 16:51:01.914025,0.9516992081809506,whisper-inference-56d64c7b67-dwr8q
2026-08-15 16:51:06.913137,1.0361244641297023,whisper-inference-56d64c7b67-dnq4d
2026-08-15 16:51:06.913137,1.1359716891678333,whisper-inference-56d64c7b67-dwr8q
2026-08-15 16:51:11.913889,1.0446861094595832,whisper-inference-56d64c7b67-dnq4d
2026-08-15 16:51:11.913889,1.1359716891678333,whisper-inference-56d64c7b67-dwr8q
2026-08-15 16:51:16.913887,0.8694966017620006,whisper-inference-56d64c7b67-dnq4d
2026-08-15 16:51:16.913887,1.132574726087888,whisper-inference-56d64c7b67-dwr8q
2026-08-15 16:51:21.913891,1.0360526474551062,whisper-inference-56d64c7b67-dnq4d
2026-08-15 16:51:21.913891,1.132574726087888,whisper-inference-56d64c7b67-dwr8q
2026-08-15 16:51:26.912629,0.8274670143378463,whisper-inference-56d64c7b67-dnq4d
2026-08-15 16:51:26.912629,1.132574726087888,whisper-inference-56d64c7b67-dwr8q
2026-08-15 16:51:31.914020,1.0185985425206607,whisper-inference-56d64c7b67-dnq4d
2026-08-15 16:51:31.914020,1.0836198307482063,whisper-inference-56d64c7b67-dwr8q
2026-08-15 16:51:36.913930,1.0221950420851362,whisper-inference-56d64c7b67-dnq4d
2026-08-15 16:51:36.913930,1.0836198307482063,whisper-inference-56d64c7b67-dwr8q
2026-08-15 16:51:41.913884,1.0221950420851362,whisper-inference-56d64c7b67-dnq4d
2026-08-15 16:51:41.913884,0.9188584455380271,whisper-inference-56d64c7b67-dwr8q
2026-08-15 16:51:46.913895,1.0246815736898738,whisper-inference-56d64c7b67-dnq4d
2026-08-15 16:51:46.913895,0.9426141542345026,whisper-inference-56d64c7b67-dwr8q
2026-08-15 16:51:51.914892,0.9992819442089215,whisper-inference-56d64c7b67-dnq4d
2026-08-15 16:51:51.914892,1.0855545495459682,whisper-inference-56d64c7b67-dwr8q
2026-08-15 16:51:56.913922,0.9992819442089215,whisper-inference-56d64c7b67-dnq4d
2026-08-15 16:51:56.913922,0.8736633477625079,whisper-inference-56d64c7b67-dwr8q
2026-08-15 16:52:01.913890,0.9864438890022418,whisper-inference-56d64c7b67-dnq4d
2026-08-15 16:52:01.913890,1.021068241053424,whisper-inference-56d64c7b67-dwr8q
2026-08-15 16:52:06.912815,0.7640747753239115,whisper-inference-56d64c7b67-dnq4d
2026-08-15 16:52:06.912815,1.021068241053424,whisper-inference-56d64c7b67-dwr8q
2026-08-15 16:52:11.913894,1.012965748233124,whisper-inference-56d64c7b67-dnq4d
2026-08-15 16:52:11.913894,1.021068241053424,whisper-inference-56d64c7b67-dwr8q
2026-08-15 16:52:16.912693,1.005717004405288,whisper-inference-56d64c7b67-dnq4d
2026-08-15 16:52:16.912693,0.8207940074161919,whisper-inference-56d64c7b67-dwr8q
2026-08-15 16:52:21.913932,1.005717004405288,whisper-inference-56d64c7b67-dnq4d
2026-08-15 16:52:21.913932,1.1949936435498334,whisper-inference-56d64c7b67-dwr8q
2026-08-15 16:52:26.912701,1.0361904375543332,whisper-inference-56d64c7b67-dnq4d
2026-08-15 16:52:26.912701,1.2304829117965532,whisper-inference-56d64c7b67-dwr8q
2026-08-15 16:52:31.914012,1.0730063570735915,whisper-inference-56d64c7b67-dnq4d
2026-08-15 16:52:31.914012,1.2304829117965532,whisper-inference-56d64c7b67-dwr8q
2026-08-15 16:52:36.914066,1.0730063570735917,whisper-inference-56d64c7b67-dnq4d
2026-08-15 16:52:36.914066,1.1597345953971785,whisper-inference-56d64c7b67-dwr8q
2026-08-15 16:52:41.914017,1.0730063570735915,whisper-inference-56d64c7b67-dnq4d
2026-08-15 16:52:41.914017,1.2253044794023769,whisper-inference-56d64c7b67-dwr8q
2026-08-15 16:52:46.913938,1.0365952739487976,whisper-inference-56d64c7b67-dnq4d
2026-08-15 16:52:46.913938,1.2253044794023769,whisper-inference-56d64c7b67-dwr8q
2026-08-15 16:52:51.912901,1.0365952739487976,whisper-inference-56d64c7b67-dnq4d
2026-08-15 16:52:51.912901,1.1682732231733977,whisper-inference-56d64c7b67-dwr8q
2026-08-15 16:52:56.914019,1.0365952739487976,whisper-inference-56d64c7b67-dnq4d
2026-08-15 16:52:56.914019,0.8440802550691858,whisper-inference-56d64c7b67-dwr8q
2026-08-15 16:53:01.914088,1.0148534210421087,whisper-inference-56d64c7b67-dnq4d
2026-08-15 16:53:01.914088,1.0156996370813676,whisper-inference-56d64c7b67-dwr8q
2026-08-15 16:53:06.915870,0.971025263940061,whisper-inference-56d64c7b67-dnq4d
2026-08-15 16:53:06.915870,1.0396090673148233,whisper-inference-56d64c7b67-dwr8q
2026-08-15 16:53:11.913895,0.9710252639400611,whisper-inference-56d64c7b67-dnq4d
2026-08-15 16:53:11.913895,1.0396090673148233,whisper-inference-56d64c7b67-dwr8q
2026-08-15 16:53:16.913985,1.0370561112121388,whisper-inference-56d64c7b67-dnq4d
2026-08-15 16:53:16.913985,1.052732590347708,whisper-inference-56d64c7b67-dwr8q
2026-08-15 16:53:21.914032,1.0370561112121388,whisper-inference-56d64c7b67-dnq4d
2026-08-15 16:53:21.914032,0.8634293386742246,whisper-inference-56d64c7b67-dwr8q
2026-08-15 16:53:26.913890,1.068830568647857,whisper-inference-56d64c7b67-dnq4d
2026-08-15 16:53:26.913890,1.1382596100516231,whisper-inference-56d64c7b67-dwr8q
2026-08-15 16:53:31.913364,0.8703398251285446,whisper-inference-56d64c7b67-dnq4d
2026-08-15 16:53:31.913364,1.1382596100516231,whisper-inference-56d64c7b67-dwr8q
2026-08-15 16:53:36.914009,1.0460723404255339,whisper-inference-56d64c7b67-dnq4d
2026-08-15 16:53:36.914009,1.18882326642062,whisper-inference-56d64c7b67-dwr8q
2026-08-15 16:53:41.914133,1.080595138189548,whisper-inference-56d64c7b67-dnq4d
2026-08-15 16:53:41.914133,1.1073525968578428,whisper-inference-56d64c7b67-dwr8q
2026-08-15 16:53:46.913997,1.1011502651113436,whisper-inference-56d64c7b67-dnq4d
2026-08-15 16:53:46.913997,1.1189580029451751,whisper-inference-56d64c7b67-dwr8q
2026-08-15 16:53:51.913914,1.1011502651113436,whisper-inference-56d64c7b67-dnq4d
2026-08-15 16:53:51.913914,1.1189580029451751,whisper-inference-56d64c7b67-dwr8q
2026-08-15 16:53:56.913897,1.066741304492954,whisper-inference-56d64c7b67-dnq4d
2026-08-15 16:53:56.913897,1.1189580029451751,whisper-inference-56d64c7b67-dwr8q
2026-08-15 16:54:01.913887,1.0534761281738538,whisper-inference-56d64c7b67-dnq4d
2026-08-15 16:54:01.913887,1.1165995328033624,whisper-inference-56d64c7b67-dwr8q
2026-08-15 16:54:06.913984,1.0534761281738538,whisper-inference-56d64c7b67-dnq4d
2026-08-15 16:54:06.913984,1.0403732065997189,whisper-inference-56d64c7b67-dwr8q
2026-08-15 16:54:11.909971,1.0534761281738538,whisper-inference-56d64c7b67-dnq4d
2026-08-15 16:54:11.909971,1.0403732065997189,whisper-inference-56d64c7b67-dwr8q
2026-08-15 16:54:16.914003,1.1972996809815966,whisper-inference-56d64c7b67-dnq4d
2026-08-15 16:54:16.914003,1.0403732065997189,whisper-inference-56d64c7b67-dwr8q
2026-08-15 16:54:21.914029,1.1972996809815966,whisper-inference-56d64c7b67-dnq4d
2026-08-15 16:54:21.914029,1.233024313827031,whisper-inference-56d64c7b67-dwr8q
2026-08-15 16:54:26.913940,1.0342208127670087,whisper-inference-56d64c7b67-dnq4d
2026-08-15 16:54:26.913940,1.233024313827031,whisper-inference-56d64c7b67-dwr8q
2026-08-15 16:54:31.913884,1.1533888939154082,whisper-inference-56d64c7b67-dnq4d
2026-08-15 16:54:31.913884,1.233024313827031,whisper-inference-56d64c7b67-dwr8q
2026-08-15 16:54:36.913893,1.1533888939154082,whisper-inference-56d64c7b67-dnq4d
2026-08-15 16:54:36.913893,1.1413753631382964,whisper-inference-56d64c7b67-dwr8q
2026-08-15 16:54:41.911484,1.1533888939154082,whisper-inference-56d64c7b67-dnq4d
2026-08-15 16:54:41.911484,1.1597510994964624,whisper-inference-56d64c7b67-dwr8q
2026-08-15 16:54:46.913995,1.1970333820892716,whisper-inference-56d64c7b67-dnq4d
2026-08-15 16:54:46.913995,1.1597510994964624,whisper-inference-56d64c7b67-dwr8q
2026-08-15 16:54:51.913409,1.1970333820892716,whisper-inference-56d64c7b67-dnq4d
2026-08-15 16:54:51.913409,1.1945701458795395,whisper-inference-56d64c7b67-dwr8q
2026-08-15 16:54:56.913990,1.0027881151034632,whisper-inference-56d64c7b67-dnq4d
2026-08-15 16:54:56.913990,1.1945701458795395,whisper-inference-56d64c7b67-dwr8q
2026-08-15 16:55:01.909585,0.8239933140651037,whisper-inference-56d64c7b67-dnq4d
2026-08-15 16:55:01.909585,0.9157322627847861,whisper-inference-56d64c7b67-dwr8q
2026-08-15 16:55:06.913935,1.0762991133628874,whisper-inference-56d64c7b67-dnq4d
2026-08-15 16:55:06.913935,1.0913427330422665,whisper-inference-56d64c7b67-dwr8q
2026-08-15 16:55:11.911873,1.0762991133628876,whisper-inference-56d64c7b67-dnq4d
2026-08-15 16:55:11.911873,1.0913427330422665,whisper-inference-56d64c7b67-dwr8q
2026-08-15 16:55:16.909347,1.0918176448874113,whisper-inference-56d64c7b67-dnq4d
2026-08-15 16:55:16.909347,1.0913427330422663,whisper-inference-56d64c7b67-dwr8q
2026-08-15 16:55:21.913886,1.0737556535032844,whisper-inference-56d64c7b67-dnq4d
2026-08-15 16:55:21.913886,0.943477376551365,whisper-inference-56d64c7b67-dwr8q
2026-08-15 16:55:26.913942,1.0467519432149421,whisper-inference-56d64c7b67-dnq4d
2026-08-15 16:55:26.913942,1.1712435502386538,whisper-inference-56d64c7b67-dwr8q
2026-08-15 16:55:31.913932,1.0467519432149421,whisper-inference-56d64c7b67-dnq4d
2026-08-15 16:55:31.913932,1.1286477755323212,whisper-inference-56d64c7b67-dwr8q
2026-08-15 16:55:36.913875,1.0467519432149421,whisper-inference-56d64c7b67-dnq4d
2026-08-15 16:55:36.913875,1.1286477755323212,whisper-inference-56d64c7b67-dwr8q
2026-08-15 16:55:41.913943,1.0821184214291808,whisper-inference-56d64c7b67-dnq4d
2026-08-15 16:55:41.913943,1.0927068015414265,whisper-inference-56d64c7b67-dwr8q
2026-08-15 16:55:46.913894,1.0821184214291808,whisper-inference-56d64c7b67-dnq4d
2026-08-15 16:55:46.913894,1.087381035208303,whisper-inference-56d64c7b67-dwr8q
2026-08-15 16:55:51.914890,1.0821184214291808,whisper-inference-56d64c7b67-dnq4d
2026-08-15 16:55:51.914890,1.087381035208303,whisper-inference-56d64c7b67-dwr8q
2026-08-15 16:55:56.914079,1.0875041451804814,whisper-inference-56d64c7b67-dnq4d
2026-08-15 16:55:56.914079,1.0305781379539054,whisper-inference-56d64c7b67-dwr8q
2026-08-15 16:56:01.913958,1.1130774853352148,whisper-inference-56d64c7b67-dnq4d
2026-08-15 16:56:01.913958,0.7964947040563259,whisper-inference-56d64c7b67-dwr8q
2026-08-15 16:56:06.913877,1.1130774853352148,whisper-inference-56d64c7b67-dnq4d
2026-08-15 16:56:06.913877,0.9626292918454944,whisper-inference-56d64c7b67-dwr8q
2026-08-15 16:56:11.914084,1.0978833036742377,whisper-inference-56d64c7b67-dnq4d
2026-08-15 16:56:11.914084,0.9626292918454944,whisper-inference-56d64c7b67-dwr8q
2026-08-15 16:56:16.914053,1.0978833036742377,whisper-inference-56d64c7b67-dnq4d
2026-08-15 16:56:16.914053,0.9626292918454944,whisper-inference-56d64c7b67-dwr8q
2026-08-15 16:56:21.913469,0.9150114020179441,whisper-inference-56d64c7b67-dnq4d
2026-08-15 16:56:21.913469,0.9171107084098936,whisper-inference-56d64c7b67-dwr8q
2026-08-15 16:56:26.912866,0.8246456975102682,whisper-inference-56d64c7b67-dnq4d
2026-08-15 16:56:26.912866,1.0888459040550154,whisper-inference-56d64c7b67-dwr8q
2026-08-15 16:56:31.913899,1.0734159346433778,whisper-inference-56d64c7b67-dnq4d
2026-08-15 16:56:31.913899,0.8768234099598581,whisper-inference-56d64c7b67-dwr8q
2026-08-15 16:56:36.914013,1.06179390055502,whisper-inference-56d64c7b67-dnq4d
2026-08-15 16:56:36.914013,1.0912674619732894,whisper-inference-56d64c7b67-dwr8q
2026-08-15 16:56:41.910511,1.06179390055502,whisper-inference-56d64c7b67-dnq4d
2026-08-15 16:56:41.910511,1.1554317554512843,whisper-inference-56d64c7b67-dwr8q
2026-08-15 16:56:46.913959,0.8222443483073031,whisper-inference-56d64c7b67-dnq4d
2026-08-15 16:56:46.913959,1.1554317554512843,whisper-inference-56d64c7b67-dwr8q
2026-08-15 16:56:51.913883,1.0966287955210354,whisper-inference-56d64c7b67-dnq4d
2026-08-15 16:56:51.913883,1.0121448216477216,whisper-inference-56d64c7b67-dwr8q
2026-08-15 16:56:56.913996,1.0966287955210354,whisper-inference-56d64c7b67-dnq4d
2026-08-15 16:56:56.913996,1.2650803918743692,whisper-inference-56d64c7b67-dwr8q
2026-08-15 16:57:01.914045,1.1206572232387033,whisper-inference-56d64c7b67-dnq4d
2026-08-15 16:57:01.914045,1.2650803918743692,whisper-inference-56d64c7b67-dwr8q
2026-08-15 16:57:06.913988,0.9668430484895997,whisper-inference-56d64c7b67-dnq4d
2026-08-15 16:57:06.913988,1.2051596232728825,whisper-inference-56d64c7b67-dwr8q
2026-08-15 16:57:11.914036,1.1597999292126489,whisper-inference-56d64c7b67-dnq4d
2026-08-15 16:57:11.914036,1.1805571085145616,whisper-inference-56d64c7b67-dwr8q
2026-08-15 16:57:16.913886,0.901314352489085,whisper-inference-56d64c7b67-dnq4d
2026-08-15 16:57:16.913886,1.2286588173425228,whisper-inference-56d64c7b67-dwr8q
2026-08-15 16:57:21.913886,1.1442070859653912,whisper-inference-56d64c7b67-dnq4d
2026-08-15 16:57:21.913886,1.2286588173425228,whisper-inference-56d64c7b67-dwr8q
2026-08-15 16:57:26.913960,0.9606328091931606,whisper-inference-56d64c7b67-dnq4d
2026-08-15 16:57:26.913960,1.0121486560798147,whisper-inference-56d64c7b67-dwr8q
2026-08-15 16:57:31.913399,1.150803005921726,whisper-inference-56d64c7b67-dnq4d
2026-08-15 16:57:31.913399,1.1852861729215078,whisper-inference-56d64c7b67-dwr8q
2026-08-15 16:57:36.913887,0.891795609388943,whisper-inference-56d64c7b67-dnq4d
2026-08-15 16:57:36.913887,1.1176236773752553,whisper-inference-56d64c7b67-dwr8q
2026-08-15 16:57:41.914022,1.081433189698365,whisper-inference-56d64c7b67-dnq4d
2026-08-15 16:57:41.914022,1.1176236773752553,whisper-inference-56d64c7b67-dwr8q
2026-08-15 16:57:46.914011,1.0455020403946478,whisper-inference-56d64c7b67-dnq4d
2026-08-15 16:57:46.914011,1.1176236773752553,whisper-inference-56d64c7b67-dwr8q
2026-08-15 16:57:51.914872,1.0455020403946478,whisper-inference-56d64c7b67-dnq4d
2026-08-15 16:57:51.914872,1.1762509014584777,whisper-inference-56d64c7b67-dwr8q
2026-08-15 16:57:56.913888,1.0734301235619934,whisper-inference-56d64c7b67-dnq4d
2026-08-15 16:57:56.913888,1.1762509014584777,whisper-inference-56d64c7b67-dwr8q
2026-08-15 16:58:01.913930,1.0734301235619934,whisper-inference-56d64c7b67-dnq4d
2026-08-15 16:58:01.913930,1.1928438117421953,whisper-inference-56d64c7b67-dwr8q
2026-08-15 16:58:06.913936,1.0734301235619934,whisper-inference-56d64c7b67-dnq4d
2026-08-15 16:58:06.913936,1.1928438117421956,whisper-inference-56d64c7b67-dwr8q
2026-08-15 16:58:11.913894,1.0787793950185331,whisper-inference-56d64c7b67-dnq4d
2026-08-15 16:58:11.913894,0.8792475749999995,whisper-inference-56d64c7b67-dwr8q
2026-08-15 16:58:16.914339,0.9548089992174447,whisper-inference-56d64c7b67-dnq4d
2026-08-15 16:58:16.914339,1.3083543114826228,whisper-inference-56d64c7b67-dwr8q
2026-08-15 16:58:21.913886,0.9465849933414778,whisper-inference-56d64c7b67-dnq4d
2026-08-15 16:58:21.913886,1.3083543114826228,whisper-inference-56d64c7b67-dwr8q
2026-08-15 16:58:26.910325,1.1635743078391843,whisper-inference-56d64c7b67-dnq4d
2026-08-15 16:58:26.910325,1.3083543114826228,whisper-inference-56d64c7b67-dwr8q
2026-08-15 16:58:31.914211,1.1635743078391843,whisper-inference-56d64c7b67-dnq4d
2026-08-15 16:58:31.914211,1.0822620144209025,whisper-inference-56d64c7b67-dwr8q
2026-08-15 16:58:36.914867,0.9761195555472445,whisper-inference-56d64c7b67-dnq4d
2026-08-15 16:58:36.914867,1.2748003527868041,whisper-inference-56d64c7b67-dwr8q
2026-08-15 16:58:41.913889,0.8992907517733938,whisper-inference-56d64c7b67-dnq4d
2026-08-15 16:58:41.913889,1.2748003527868041,whisper-inference-56d64c7b67-dwr8q
2026-08-15 16:58:46.913886,1.1322359797812582,whisper-inference-56d64c7b67-dnq4d
2026-08-15 16:58:46.913886,1.2826286622054806,whisper-inference-56d64c7b67-dwr8q
2026-08-15 16:58:51.913371,1.1322359797812582,whisper-inference-56d64c7b67-dnq4d
2026-08-15 16:58:51.913371,1.298209480846871,whisper-inference-56d64c7b67-dwr8q
2026-08-15 16:58:56.915881,1.1428650394014406,whisper-inference-56d64c7b67-dnq4d
2026-08-15 16:58:56.915881,1.2477225234383824,whisper-inference-56d64c7b67-dwr8q
2026-08-15 16:59:01.909675,1.153818649297223,whisper-inference-56d64c7b67-dnq4d
2026-08-15 16:59:01.909675,1.2477225234383824,whisper-inference-56d64c7b67-dwr8q
2026-08-15 16:59:06.913976,1.1375709530232192,whisper-inference-56d64c7b67-dnq4d
2026-08-15 16:59:06.913976,1.307997905824297,whisper-inference-56d64c7b67-dwr8q
2026-08-15 16:59:11.913883,1.1375709530232192,whisper-inference-56d64c7b67-dnq4d
2026-08-15 16:59:11.913883,1.307997905824297,whisper-inference-56d64c7b67-dwr8q
2026-08-15 16:59:16.914039,1.1804365471076046,whisper-inference-56d64c7b67-dnq4d
2026-08-15 16:59:16.914039,1.4087260341960937,whisper-inference-56d64c7b67-dwr8q
2026-08-15 16:59:21.914047,1.2239598500906186,whisper-inference-56d64c7b67-dnq4d
2026-08-15 16:59:21.914047,1.4087260341960937,whisper-inference-56d64c7b67-dwr8q
2026-08-15 16:59:26.913854,1.2239598500906186,whisper-inference-56d64c7b67-dnq4d
2026-08-15 16:59:26.913854,1.2097239162265316,whisper-inference-56d64c7b67-dwr8q
2026-08-15 16:59:31.910311,1.1873024033006658,whisper-inference-56d64c7b67-dnq4d
2026-08-15 16:59:31.910311,0.8473292500000014,whisper-inference-56d64c7b67-dwr8q
2026-08-15 16:59:36.914094,1.1873024033006658,whisper-inference-56d64c7b67-dnq4d
2026-08-15 16:59:36.914094,1.262140405768762,whisper-inference-56d64c7b67-dwr8q
2026-08-15 16:59:41.912769,1.1936031812339272,whisper-inference-56d64c7b67-dnq4d
2026-08-15 16:59:41.912769,1.2621404057687622,whisper-inference-56d64c7b67-dwr8q
2026-08-15 16:59:46.913996,1.1839641693063383,whisper-inference-56d64c7b67-dnq4d
2026-08-15 16:59:46.913996,1.0395899927760137,whisper-inference-56d64c7b67-dwr8q
2026-08-15 16:59:51.913477,1.1839641693063383,whisper-inference-56d64c7b67-dnq4d
2026-08-15 16:59:51.913477,1.1608828947667678,whisper-inference-56d64c7b67-dwr8q
2026-08-15 16:59:56.912599,1.1530748525161791,whisper-inference-56d64c7b67-dnq4d
2026-08-15 16:59:56.912599,1.1608828947667678,whisper-inference-56d64c7b67-dwr8q
2026-08-15 17:00:01.914087,1.1530748525161791,whisper-inference-56d64c7b67-dnq4d
2026-08-15 17:00:01.914087,1.0702681254082296,whisper-inference-56d64c7b67-dwr8q
2026-08-15 17:00:06.913940,1.1530748525161791,whisper-inference-56d64c7b67-dnq4d
2026-08-15 17:00:06.913940,1.1430485390154046,whisper-inference-56d64c7b67-dwr8q
2026-08-15 17:00:11.912913,1.2404299228366147,whisper-inference-56d64c7b67-dnq4d
2026-08-15 17:00:11.912913,1.0230911004118,whisper-inference-56d64c7b67-dwr8q
2026-08-15 17:00:16.915886,1.4625220161043757,whisper-inference-56d64c7b67-dnq4d
2026-08-15 17:00:16.915886,1.7904564011913695,whisper-inference-56d64c7b67-dwr8q
2026-08-15 17:00:21.913892,1.866520216664657,whisper-inference-56d64c7b67-dnq4d
2026-08-15 17:00:21.913892,1.7904564011913695,whisper-inference-56d64c7b67-dwr8q
2026-08-15 17:00:26.914007,1.866520216664657,whisper-inference-56d64c7b67-dnq4d
2026-08-15 17:00:26.914007,1.5155268472984313,whisper-inference-56d64c7b67-dwr8q
2026-08-15 17:00:31.913253,1.8057362621512862,whisper-inference-56d64c7b67-dnq4d
2026-08-15 17:00:31.913253,1.6505414774053273,whisper-inference-56d64c7b67-dwr8q
2026-08-15 17:00:36.913949,2.263332574460481,whisper-inference-56d64c7b67-dnq4d
2026-08-15 17:00:36.913949,2.642624065633549,whisper-inference-56d64c7b67-dwr8q
2026-08-15 17:00:41.909522,2.6271777391041207,whisper-inference-56d64c7b67-dnq4d
2026-08-15 17:00:41.909522,2.642624065633549,whisper-inference-56d64c7b67-dwr8q
2026-08-15 17:00:46.914136,2.6271777391041207,whisper-inference-56d64c7b67-dnq4d
2026-08-15 17:00:46.914136,2.714414216192175,whisper-inference-56d64c7b67-dwr8q
2026-08-15 17:00:51.914061,2.252528442723655,whisper-inference-56d64c7b67-dnq4d
2026-08-15 17:00:51.914061,2.734564826643361,whisper-inference-56d64c7b67-dwr8q
2026-08-15 17:00:56.914871,2.329803116883119,whisper-inference-56d64c7b67-dnq4d
2026-08-15 17:00:56.914871,2.734564826643361,whisper-inference-56d64c7b67-dwr8q
2026-08-15 17:01:01.910724,2.329803116883119,whisper-inference-56d64c7b67-dnq4d
2026-08-15 17:01:01.910724,2.2094542953294773,whisper-inference-56d64c7b67-dwr8q
2026-08-15 17:01:06.912997,1.6479647663858197,whisper-inference-56d64c7b67-dnq4d
2026-08-15 17:01:06.912997,2.209454295329478,whisper-inference-56d64c7b67-dwr8q
2026-08-15 17:01:11.913983,1.6479647663858197,whisper-inference-56d64c7b67-dnq4d
2026-08-15 17:01:11.913983,0.9210434499999908,whisper-inference-56d64c7b67-dwr8q
2026-08-15 17:01:16.913992,1.5601694084517086,whisper-inference-56d64c7b67-dnq4d
2026-08-15 17:01:16.913992,1.3525556604711222,whisper-inference-56d64c7b67-dwr8q
2026-08-15 17:01:21.914018,1.132624010554089,whisper-inference-56d64c7b67-dnq4d
2026-08-15 17:01:21.914018,1.3525556604711222,whisper-inference-56d64c7b67-dwr8q
2026-08-15 17:01:26.913509,1.132624010554089,whisper-inference-56d64c7b67-dnq4d
2026-08-15 17:01:26.913509,1.3146584379492052,whisper-inference-56d64c7b67-dwr8q
2026-08-15 17:01:31.912760,1.133768302735106,whisper-inference-56d64c7b67-dnq4d
2026-08-15 17:01:31.912760,1.1776440469176745,whisper-inference-56d64c7b67-dwr8q
2026-08-15 17:01:36.914886,1.1110914873047364,whisper-inference-56d64c7b67-dnq4d
2026-08-15 17:01:36.914886,0.996456967832463,whisper-inference-56d64c7b67-dwr8q
2026-08-15 17:01:41.911433,0.9482795480316825,whisper-inference-56d64c7b67-dnq4d
2026-08-15 17:01:41.911433,0.8985162379304762,whisper-inference-56d64c7b67-dwr8q
2026-08-15 17:01:46.913622,1.155376076207928,whisper-inference-56d64c7b67-dnq4d
2026-08-15 17:01:46.913622,1.2448212863467518,whisper-inference-56d64c7b67-dwr8q
2026-08-15 17:01:51.913445,1.2018174955716,whisper-inference-56d64c7b67-dnq4d
2026-08-15 17:01:51.913445,1.2448212863467518,whisper-inference-56d64c7b67-dwr8q
2026-08-15 17:01:56.913975,0.9780958303890147,whisper-inference-56d64c7b67-dnq4d
2026-08-15 17:01:56.913975,1.0658845837744817,whisper-inference-56d64c7b67-dwr8q
2026-08-15 17:02:01.914042,1.15427155601538,whisper-inference-56d64c7b67-dnq4d
2026-08-15 17:02:01.914042,1.2756465563747492,whisper-inference-56d64c7b67-dwr8q
2026-08-15 17:02:06.913983,1.149018596104371,whisper-inference-56d64c7b67-dnq4d
2026-08-15 17:02:06.913983,1.2756465563747492,whisper-inference-56d64c7b67-dwr8q
2026-08-15 17:02:11.913892,0.9390258725113297,whisper-inference-56d64c7b67-dnq4d
2026-08-15 17:02:11.913892,1.283175685777064,whisper-inference-56d64c7b67-dwr8q
2026-08-15 17:02:16.914879,1.1755264166379589,whisper-inference-56d64c7b67-dnq4d
2026-08-15 17:02:16.914879,1.283175685777064,whisper-inference-56d64c7b67-dwr8q
2026-08-15 17:02:21.913910,1.1755264166379589,whisper-inference-56d64c7b67-dnq4d
2026-08-15 17:02:21.913910,0.8111362750000012,whisper-inference-56d64c7b67-dwr8q
2026-08-15 17:02:26.914033,1.1312621138113932,whisper-inference-56d64c7b67-dnq4d
2026-08-15 17:02:26.914033,1.3050499723178364,whisper-inference-56d64c7b67-dwr8q
2026-08-15 17:02:31.913402,0.9320987050827567,whisper-inference-56d64c7b67-dnq4d
2026-08-15 17:02:31.913402,1.3050499723178364,whisper-inference-56d64c7b67-dwr8q
2026-08-15 17:02:36.913392,1.1166319207376905,whisper-inference-56d64c7b67-dnq4d
2026-08-15 17:02:36.913392,1.1152485795382672,whisper-inference-56d64c7b67-dwr8q
2026-08-15 17:02:41.913969,1.1495019759591656,whisper-inference-56d64c7b67-dnq4d
2026-08-15 17:02:41.913969,1.2745719234576136,whisper-inference-56d64c7b67-dwr8q
2026-08-15 17:02:46.913893,1.151673661256149,whisper-inference-56d64c7b67-dnq4d
2026-08-15 17:02:46.913893,1.2745719234576136,whisper-inference-56d64c7b67-dwr8q
2026-08-15 17:02:51.914017,1.151673661256149,whisper-inference-56d64c7b67-dnq4d
2026-08-15 17:02:51.914017,1.2745719234576132,whisper-inference-56d64c7b67-dwr8q
2026-08-15 17:02:56.913464,1.1172164259321513,whisper-inference-56d64c7b67-dnq4d
2026-08-15 17:02:56.913464,1.250073998953154,whisper-inference-56d64c7b67-dwr8q
2026-08-15 17:03:01.910624,1.057470172422024,whisper-inference-56d64c7b67-dnq4d
2026-08-15 17:03:01.910624,1.250073998953154,whisper-inference-56d64c7b67-dwr8q
2026-08-15 17:03:06.910442,1.057470172422024,whisper-inference-56d64c7b67-dnq4d
2026-08-15 17:03:06.910442,1.1785350595100017,whisper-inference-56d64c7b67-dwr8q
2026-08-15 17:03:11.909297,1.1110066305669122,whisper-inference-56d64c7b67-dnq4d
2026-08-15 17:03:11.909297,0.9250272576466525,whisper-inference-56d64c7b67-dwr8q
2026-08-15 17:03:16.912342,0.9800442009123975,whisper-inference-56d64c7b67-dnq4d
2026-08-15 17:03:16.912342,1.1057606483697144,whisper-inference-56d64c7b67-dwr8q
2026-08-15 17:03:21.914003,0.9629395927028324,whisper-inference-56d64c7b67-dnq4d
2026-08-15 17:03:21.914003,1.0601827437393543,whisper-inference-56d64c7b67-dwr8q
2026-08-15 17:03:26.913893,0.8931445558825261,whisper-inference-56d64c7b67-dnq4d
2026-08-15 17:03:26.913893,1.0601827437393543,whisper-inference-56d64c7b67-dwr8q
2026-08-15 17:03:31.913944,0.8077681964956794,whisper-inference-56d64c7b67-dnq4d
2026-08-15 17:03:31.913944,0.797382779493006,whisper-inference-56d64c7b67-dwr8q
2026-08-15 17:03:36.913993,0.7129108618298047,whisper-inference-56d64c7b67-dnq4d
2026-08-15 17:03:36.913993,0.6418330411407167,whisper-inference-56d64c7b67-dwr8q
2026-08-15 17:03:41.913126,0.7129108618298043,whisper-inference-56d64c7b67-dnq4d
2026-08-15 17:03:41.913126,0.6418330411407167,whisper-inference-56d64c7b67-dwr8q
2026-08-15 17:03:46.914015,0.561570421696769,whisper-inference-56d64c7b67-dnq4d
2026-08-15 17:03:46.914015,0.5876151371350473,whisper-inference-56d64c7b67-dwr8q
2026-08-15 17:03:51.912948,0.5074244188557435,whisper-inference-56d64c7b67-dnq4d
2026-08-15 17:03:51.912948,0.36529959793944716,whisper-inference-56d64c7b67-dwr8q
2026-08-15 17:03:56.914030,0.31068774623472156,whisper-inference-56d64c7b67-dnq4d
2026-08-15 17:03:56.914030,0.36529959793944716,whisper-inference-56d64c7b67-dwr8q
2026-08-15 17:04:01.914031,0.31068774623472156,whisper-inference-56d64c7b67-dnq4d
2026-08-15 17:04:01.914031,0.3438773532152884,whisper-inference-56d64c7b67-dwr8q
2026-08-15 17:04:06.913974,0.3081631413305984,whisper-inference-56d64c7b67-dnq4d
2026-08-15 17:04:06.913974,0.34387735321528834,whisper-inference-56d64c7b67-dwr8q
2026-08-15 17:04:11.913892,0.3233341788664997,whisper-inference-56d64c7b67-dnq4d
2026-08-15 17:04:11.913892,0.382752511186915,whisper-inference-56d64c7b67-dwr8q
2026-08-15 17:04:16.913955,0.3208968320932741,whisper-inference-56d64c7b67-dnq4d
2026-08-15 17:04:16.913955,0.31079663388590495,whisper-inference-56d64c7b67-dwr8q
2026-08-15 17:04:21.913991,0.2934008759051397,whisper-inference-56d64c7b67-dnq4d
2026-08-15 17:04:21.913991,0.36354670620631124,whisper-inference-56d64c7b67-dwr8q
2026-08-15 17:04:26.914038,0.2934008759051397,whisper-inference-56d64c7b67-dnq4d
2026-08-15 17:04:26.914038,0.3190885429536189,whisper-inference-56d64c7b67-dwr8q
2026-08-15 17:04:31.913898,0.3086087193460467,whisper-inference-56d64c7b67-dnq4d
2026-08-15 17:04:31.913898,0.3190885429536189,whisper-inference-56d64c7b67-dwr8q
2026-08-15 17:04:36.913371,0.23237202222222142,whisper-inference-56d64c7b67-dnq4d
2026-08-15 17:04:36.913371,0.33043198850220096,whisper-inference-56d64c7b67-dwr8q
2026-08-15 17:04:41.914015,0.3135909719859362,whisper-inference-56d64c7b67-dnq4d
2026-08-15 17:04:41.914015,0.34471881200396015,whisper-inference-56d64c7b67-dwr8q
2026-08-15 17:04:46.914053,0.3135909719859362,whisper-inference-56d64c7b67-dnq4d
2026-08-15 17:04:46.914053,0.35073534104507553,whisper-inference-56d64c7b67-dwr8q
2026-08-15 17:04:51.913982,0.32070475127970105,whisper-inference-56d64c7b67-dnq4d
2026-08-15 17:04:51.913982,0.3507353410450755,whisper-inference-56d64c7b67-dwr8q
2026-08-15 17:04:56.913153,0.32070475127970105,whisper-inference-56d64c7b67-dnq4d
2026-08-15 17:04:56.913153,0.3507353410450755,whisper-inference-56d64c7b67-dwr8q
2026-08-15 17:05:01.913893,0.3112815845057829,whisper-inference-56d64c7b67-dnq4d
2026-08-15 17:05:01.913893,0.22948902500000942,whisper-inference-56d64c7b67-dwr8q
2026-08-15 17:05:06.913899,0.3112259265827253,whisper-inference-56d64c7b67-dnq4d
2026-08-15 17:05:06.913899,0.3216520514335057,whisper-inference-56d64c7b67-dwr8q
2026-08-15 17:05:11.913895,0.26740012902110116,whisper-inference-56d64c7b67-dnq4d
2026-08-15 17:05:11.913895,0.3216520514335057,whisper-inference-56d64c7b67-dwr8q
2026-08-15 17:05:16.914233,0.2282100527201212,whisper-inference-56d64c7b67-dnq4d
2026-08-15 17:05:16.914233,0.32342020688425444,whisper-inference-56d64c7b67-dwr8q
2026-08-15 17:05:21.911298,0.3234567142203436,whisper-inference-56d64c7b67-dnq4d
2026-08-15 17:05:21.911298,0.3120179729606311,whisper-inference-56d64c7b67-dwr8q
2026-08-15 17:05:26.911185,0.33604562757470446,whisper-inference-56d64c7b67-dnq4d
2026-08-15 17:05:26.911185,0.3120179729606311,whisper-inference-56d64c7b67-dwr8q
2026-08-15 17:05:31.913973,0.2724564602368044,whisper-inference-56d64c7b67-dnq4d
2026-08-15 17:05:31.913973,0.3189592666205072,whisper-inference-56d64c7b67-dwr8q
2026-08-15 17:05:36.913902,0.33662034774770605,whisper-inference-56d64c7b67-dnq4d
2026-08-15 17:05:36.913902,0.3189592666205072,whisper-inference-56d64c7b67-dwr8q
2026-08-15 17:05:41.914020,0.33662034774770605,whisper-inference-56d64c7b67-dnq4d
2026-08-15 17:05:41.914020,0.3189592666205073,whisper-inference-56d64c7b67-dwr8q
2026-08-15 17:05:46.912781,0.3143195998737998,whisper-inference-56d64c7b67-dnq4d
2026-08-15 17:05:46.912781,0.2325939500000004,whisper-inference-56d64c7b67-dwr8q
2026-08-15 17:05:51.911899,0.3248753287141876,whisper-inference-56d64c7b67-dnq4d
2026-08-15 17:05:51.911899,0.32288937666690126,whisper-inference-56d64c7b67-dwr8q
2026-08-15 17:05:56.910979,0.3136136045263576,whisper-inference-56d64c7b67-dnq4d
2026-08-15 17:05:56.910979,0.32288937666690126,whisper-inference-56d64c7b67-dwr8q
2026-08-15 17:06:01.912629,0.2836460765785571,whisper-inference-56d64c7b67-dnq4d
2026-08-15 17:06:01.912629,0.26502667000760965,whisper-inference-56d64c7b67-dwr8q
2026-08-15 17:06:06.914040,0.2836460765785571,whisper-inference-56d64c7b67-dnq4d
2026-08-15 17:06:06.914040,0.3306294724563099,whisper-inference-56d64c7b67-dwr8q
2026-08-15 17:06:11.913893,0.30378052571792874,whisper-inference-56d64c7b67-dnq4d
2026-08-15 17:06:11.913893,0.33062947245630997,whisper-inference-56d64c7b67-dwr8q
2026-08-15 17:06:16.913983,0.256807846788423,whisper-inference-56d64c7b67-dnq4d
2026-08-15 17:06:16.913983,0.3260231455419428,whisper-inference-56d64c7b67-dwr8q
2026-08-15 17:06:21.913991,0.35271183874734724,whisper-inference-56d64c7b67-dnq4d
2026-08-15 17:06:21.913991,0.3260231455419428,whisper-inference-56d64c7b67-dwr8q
2026-08-15 17:06:26.912790,0.35271183874734724,whisper-inference-56d64c7b67-dnq4d
2026-08-15 17:06:26.912790,0.3260231455419428,whisper-inference-56d64c7b67-dwr8q
2026-08-15 17:06:31.912443,0.3269014192643123,whisper-inference-56d64c7b67-dnq4d
2026-08-15 17:06:31.912443,0.29493002188951234,whisper-inference-56d64c7b67-dwr8q
2026-08-15 17:06:36.913887,0.3776286370911486,whisper-inference-56d64c7b67-dnq4d
2026-08-15 17:06:36.913887,0.3219939191504016,whisper-inference-56d64c7b67-dwr8q
2026-08-15 17:06:41.913950,0.4099439436769928,whisper-inference-56d64c7b67-dnq4d
2026-08-15 17:06:41.913950,0.3219939191504016,whisper-inference-56d64c7b67-dwr8q
2026-08-15 17:06:46.914873,0.3390623583488869,whisper-inference-56d64c7b67-dnq4d
2026-08-15 17:06:46.914873,0.26609695373790493,whisper-inference-56d64c7b67-dwr8q
2026-08-15 17:06:51.913998,0.377409175265383,whisper-inference-56d64c7b67-dnq4d
2026-08-15 17:06:51.913998,0.320043910976439,whisper-inference-56d64c7b67-dwr8q
2026-08-15 17:06:56.914030,0.3791295001417338,whisper-inference-56d64c7b67-dnq4d
2026-08-15 17:06:56.914030,0.2729085549765201,whisper-inference-56d64c7b67-dwr8q
2026-08-15 17:07:01.913997,0.3791295001417338,whisper-inference-56d64c7b67-dnq4d
2026-08-15 17:07:01.913997,0.3198812403904932,whisper-inference-56d64c7b67-dwr8q
2026-08-15 17:07:06.913977,0.3028420882321257,whisper-inference-56d64c7b67-dnq4d
2026-08-15 17:07:06.913977,0.30514247428820324,whisper-inference-56d64c7b67-dwr8q
2026-08-15 17:07:11.909403,0.3028420882321257,whisper-inference-56d64c7b67-dnq4d
2026-08-15 17:07:11.909403,0.3182949519625178,whisper-inference-56d64c7b67-dwr8q
2026-08-15 17:07:16.912985,0.2804869838627653,whisper-inference-56d64c7b67-dnq4d
2026-08-15 17:07:16.912985,0.34589065181234674,whisper-inference-56d64c7b67-dwr8q
2026-08-15 17:07:21.913183,0.2804869838627653,whisper-inference-56d64c7b67-dnq4d
2026-08-15 17:07:21.913183,0.34589065181234674,whisper-inference-56d64c7b67-dwr8q
2026-08-15 17:07:26.913976,0.28048698386276527,whisper-inference-56d64c7b67-dnq4d
2026-08-15 17:07:26.913976,0.3422100147034728,whisper-inference-56d64c7b67-dwr8q
2026-08-15 17:07:31.913985,0.28295432743486193,whisper-inference-56d64c7b67-dnq4d
2026-08-15 17:07:31.913985,0.33721381561627,whisper-inference-56d64c7b67-dwr8q
2026-08-15 17:07:36.913200,0.3294955777989659,whisper-inference-56d64c7b67-dnq4d
2026-08-15 17:07:36.913200,0.27595892600957456,whisper-inference-56d64c7b67-dwr8q
2026-08-15 17:07:41.913879,0.26810506006205514,whisper-inference-56d64c7b67-dnq4d
2026-08-15 17:07:41.913879,0.29408411229261194,whisper-inference-56d64c7b67-dwr8q
2026-08-15 17:07:46.913969,0.29734302117887673,whisper-inference-56d64c7b67-dnq4d
2026-08-15 17:07:46.913969,0.3473479980883618,whisper-inference-56d64c7b67-dwr8q
2026-08-15 17:07:51.914881,0.3491239167674332,whisper-inference-56d64c7b67-dnq4d
2026-08-15 17:07:51.914881,0.34697787194955904,whisper-inference-56d64c7b67-dwr8q
2026-08-15 17:07:56.913733,0.3319883638650783,whisper-inference-56d64c7b67-dnq4d
2026-08-15 17:07:56.913733,0.34697787194955904,whisper-inference-56d64c7b67-dwr8q
2026-08-15 17:08:01.913898,0.3319883638650783,whisper-inference-56d64c7b67-dnq4d
2026-08-15 17:08:01.913898,0.34612413734344294,whisper-inference-56d64c7b67-dwr8q
2026-08-15 17:08:06.909577,0.35105164130297467,whisper-inference-56d64c7b67-dnq4d
2026-08-15 17:08:06.909577,0.34612413734344294,whisper-inference-56d64c7b67-dwr8q
2026-08-15 17:08:11.912878,0.3463776855096724,whisper-inference-56d64c7b67-dnq4d
2026-08-15 17:08:11.912878,0.29039369844297996,whisper-inference-56d64c7b67-dwr8q
2026-08-15 17:08:16.914227,0.3103030426840925,whisper-inference-56d64c7b67-dnq4d
2026-08-15 17:08:16.914227,0.2610607651170827,whisper-inference-56d64c7b67-dwr8q
2026-08-15 17:08:21.914028,0.26417994320068755,whisper-inference-56d64c7b67-dnq4d
2026-08-15 17:08:21.914028,0.3589257024607923,whisper-inference-56d64c7b67-dwr8q
2026-08-15 17:08:26.914097,0.18153932499999428,whisper-inference-56d64c7b67-dnq4d
2026-08-15 17:08:26.914097,0.3589257024607923,whisper-inference-56d64c7b67-dwr8q
2026-08-15 17:08:31.913883,0.32041102985983366,whisper-inference-56d64c7b67-dnq4d
2026-08-15 17:08:31.913883,0.29875081142740023,whisper-inference-56d64c7b67-dwr8q
2026-08-15 17:08:36.914020,0.3204110298598338,whisper-inference-56d64c7b67-dnq4d
2026-08-15 17:08:36.914020,0.38471111009259107,whisper-inference-56d64c7b67-dwr8q
2026-08-15 17:08:41.914012,0.32454022063687876,whisper-inference-56d64c7b67-dnq4d
2026-08-15 17:08:41.914012,0.38471111009259107,whisper-inference-56d64c7b67-dwr8q
2026-08-15 17:08:46.913886,0.3378800196652506,whisper-inference-56d64c7b67-dnq4d
2026-08-15 17:08:46.913886,0.389904806108704,whisper-inference-56d64c7b67-dwr8q
2026-08-15 17:08:51.914011,0.36930236137771094,whisper-inference-56d64c7b67-dnq4d
2026-08-15 17:08:51.914011,0.38491079026728126,whisper-inference-56d64c7b67-dwr8q
2026-08-15 17:08:56.914896,0.38055844889694335,whisper-inference-56d64c7b67-dnq4d
2026-08-15 17:08:56.914896,0.3271738610556724,whisper-inference-56d64c7b67-dwr8q
2026-08-15 17:09:01.914030,0.38055844889694335,whisper-inference-56d64c7b67-dnq4d
2026-08-15 17:09:01.914030,0.3291724000117259,whisper-inference-56d64c7b67-dwr8q
2026-08-15 17:09:06.913900,0.30223983698841006,whisper-inference-56d64c7b67-dnq4d
2026-08-15 17:09:06.913900,0.4213210721972148,whisper-inference-56d64c7b67-dwr8q
2026-08-15 17:09:11.913903,0.37466329207856314,whisper-inference-56d64c7b67-dnq4d
2026-08-15 17:09:11.913903,0.4213210721972148,whisper-inference-56d64c7b67-dwr8q
2026-08-15 17:09:16.914062,0.32411392885759677,whisper-inference-56d64c7b67-dnq4d
2026-08-15 17:09:16.914062,0.4172890826171822,whisper-inference-56d64c7b67-dwr8q
2026-08-15 17:09:21.911435,0.3703895951605439,whisper-inference-56d64c7b67-dnq4d
2026-08-15 17:09:21.911435,0.3948634931057063,whisper-inference-56d64c7b67-dwr8q
2026-08-15 17:09:26.912974,0.38106440610943343,whisper-inference-56d64c7b67-dnq4d
2026-08-15 17:09:26.912974,0.3948634931057063,whisper-inference-56d64c7b67-dwr8q
2026-08-15 17:09:31.913357,0.38106440610943343,whisper-inference-56d64c7b67-dnq4d
2026-08-15 17:09:31.913357,0.3402842774416314,whisper-inference-56d64c7b67-dwr8q
2026-08-15 17:09:36.914022,0.3068563470685782,whisper-inference-56d64c7b67-dnq4d
2026-08-15 17:09:36.914022,0.4563001490443591,whisper-inference-56d64c7b67-dwr8q
2026-08-15 17:09:41.913995,0.375232413141602,whisper-inference-56d64c7b67-dnq4d
2026-08-15 17:09:41.913995,0.456300149044359,whisper-inference-56d64c7b67-dwr8q
2026-08-15 17:09:46.914171,0.375232413141602,whisper-inference-56d64c7b67-dnq4d
2026-08-15 17:09:46.914171,0.4105952736558154,whisper-inference-56d64c7b67-dwr8q
2026-08-15 17:09:51.914035,0.3580791548615164,whisper-inference-56d64c7b67-dnq4d
2026-08-15 17:09:51.914035,0.4105952736558154,whisper-inference-56d64c7b67-dwr8q
2026-08-15 17:09:56.913478,0.3580791548615164,whisper-inference-56d64c7b67-dnq4d
2026-08-15 17:09:56.913478,0.4105952736558154,whisper-inference-56d64c7b67-dwr8q
2026-08-15 17:10:01.914132,0.3580791548615164,whisper-inference-56d64c7b67-dnq4d
2026-08-15 17:10:01.914132,0.3863080758701677,whisper-inference-56d64c7b67-dwr8q
2026-08-15 17:10:06.910113,0.2887033549015681,whisper-inference-56d64c7b67-dnq4d
2026-08-15 17:10:06.910113,0.3863080758701677,whisper-inference-56d64c7b67-dwr8q
2026-08-15 17:10:11.913605,0.30250687954308914,whisper-inference-56d64c7b67-dnq4d
2026-08-15 17:10:11.913605,0.324844314843247,whisper-inference-56d64c7b67-dwr8q
2026-08-15 17:10:16.914279,0.302506879543089,whisper-inference-56d64c7b67-dnq4d
2026-08-15 17:10:16.914279,0.29036912567624706,whisper-inference-56d64c7b67-dwr8q
2026-08-15 17:10:21.913626,0.18225334750040192,whisper-inference-56d64c7b67-dnq4d
2026-08-15 17:10:21.913626,0.29036912567624706,whisper-inference-56d64c7b67-dwr8q
2026-08-15 17:10:26.913992,0.16404679555135085,whisper-inference-56d64c7b67-dnq4d
2026-08-15 17:10:26.913992,0.23941015070097035,whisper-inference-56d64c7b67-dwr8q
2026-08-15 17:10:31.914033,0.24695585151006952,whisper-inference-56d64c7b67-dnq4d
2026-08-15 17:10:31.914033,0.29904288004274737,whisper-inference-56d64c7b67-dwr8q
2026-08-15 17:10:36.914075,0.25044161287618916,whisper-inference-56d64c7b67-dnq4d
2026-08-15 17:10:36.914075,0.2990428800427473,whisper-inference-56d64c7b67-dwr8q
2026-08-15 17:10:41.914028,0.24969619725936112,whisper-inference-56d64c7b67-dnq4d
2026-08-15 17:10:41.914028,0.29904288004274737,whisper-inference-56d64c7b67-dwr8q
2026-08-15 17:10:46.914058,0.24969619725936112,whisper-inference-56d64c7b67-dnq4d
2026-08-15 17:10:46.914058,0.3010188501413712,whisper-inference-56d64c7b67-dwr8q
2026-08-15 17:10:51.913197,0.27282816838477497,whisper-inference-56d64c7b67-dnq4d
2026-08-15 17:10:51.913197,0.3010188501413712,whisper-inference-56d64c7b67-dwr8q
2026-08-15 17:10:56.914028,0.25660583925449726,whisper-inference-56d64c7b67-dnq4d
2026-08-15 17:10:56.914028,0.30186196816116523,whisper-inference-56d64c7b67-dwr8q
2026-08-15 17:11:01.914022,0.25660583925449726,whisper-inference-56d64c7b67-dnq4d
2026-08-15 17:11:01.914022,0.29622301084110736,whisper-inference-56d64c7b67-dwr8q
2026-08-15 17:11:06.914869,0.15178787500000226,whisper-inference-56d64c7b67-dnq4d
2026-08-15 17:11:06.914869,0.29622301084110736,whisper-inference-56d64c7b67-dwr8q
2026-08-15 17:11:11.913980,0.24202027777777047,whisper-inference-56d64c7b67-dnq4d
2026-08-15 17:11:11.913980,0.19604669999999944,whisper-inference-56d64c7b67-dwr8q
2026-08-15 17:11:16.913126,0.24202027777777047,whisper-inference-56d64c7b67-dnq4d
2026-08-15 17:11:16.913126,0.28986733742437626,whisper-inference-56d64c7b67-dwr8q
2026-08-15 17:11:21.914096,0.2347660536130939,whisper-inference-56d64c7b67-dnq4d
2026-08-15 17:11:21.914096,0.28986733742437626,whisper-inference-56d64c7b67-dwr8q
2026-08-15 17:11:26.913731,0.23107057540999243,whisper-inference-56d64c7b67-dnq4d
2026-08-15 17:11:26.913731,0.28986733742437626,whisper-inference-56d64c7b67-dwr8q
2026-08-15 17:11:31.911394,0.23107057540999243,whisper-inference-56d64c7b67-dnq4d
2026-08-15 17:11:31.911394,0.2829103726311946,whisper-inference-56d64c7b67-dwr8q
2026-08-15 17:11:36.912368,0.1910058149007648,whisper-inference-56d64c7b67-dnq4d
2026-08-15 17:11:36.912368,0.2829103726311946,whisper-inference-56d64c7b67-dwr8q
2026-08-15 17:11:41.913903,0.24233961730195122,whisper-inference-56d64c7b67-dnq4d
2026-08-15 17:11:41.913903,0.23731748906424757,whisper-inference-56d64c7b67-dwr8q
2026-08-15 17:11:46.914018,0.24233961730195125,whisper-inference-56d64c7b67-dnq4d
2026-08-15 17:11:46.914018,0.28450005788779265,whisper-inference-56d64c7b67-dwr8q
2026-08-15 17:11:51.913883,0.20293350255902395,whisper-inference-56d64c7b67-dnq4d
2026-08-15 17:11:51.913883,0.28450005788779265,whisper-inference-56d64c7b67-dwr8q
2026-08-15 17:11:56.913195,0.23694190595516032,whisper-inference-56d64c7b67-dnq4d
2026-08-15 17:11:56.913195,0.16901900000000297,whisper-inference-56d64c7b67-dwr8q
2026-08-15 17:12:01.912881,0.20047325576885625,whisper-inference-56d64c7b67-dnq4d
2026-08-15 17:12:01.912881,0.2631446700507579,whisper-inference-56d64c7b67-dwr8q
2026-08-15 17:12:06.912115,0.2522305705440074,whisper-inference-56d64c7b67-dnq4d
2026-08-15 17:12:06.912115,0.26314467005075787,whisper-inference-56d64c7b67-dwr8q
2026-08-15 17:12:11.913889,0.26347734999337363,whisper-inference-56d64c7b67-dnq4d
2026-08-15 17:12:11.913889,0.27154495791292543,whisper-inference-56d64c7b67-dwr8q
2026-08-15 17:12:16.914027,0.26347734999337363,whisper-inference-56d64c7b67-dnq4d
2026-08-15 17:12:16.914027,0.28041816982998125,whisper-inference-56d64c7b67-dwr8q
2026-08-15 17:12:21.913933,0.21943614393470215,whisper-inference-56d64c7b67-dnq4d
2026-08-15 17:12:21.913933,0.2804181698299812,whisper-inference-56d64c7b67-dwr8q
2026-08-15 17:12:26.912997,0.286992261132725,whisper-inference-56d64c7b67-dnq4d
2026-08-15 17:12:26.912997,0.2676665226978262,whisper-inference-56d64c7b67-dwr8q
2026-08-15 17:12:31.914033,0.286992261132725,whisper-inference-56d64c7b67-dnq4d
2026-08-15 17:12:31.914033,0.2676665226978262,whisper-inference-56d64c7b67-dwr8q
2026-08-15 17:12:36.914043,0.2769503081989359,whisper-inference-56d64c7b67-dnq4d
2026-08-15 17:12:36.914043,0.2676665226978262,whisper-inference-56d64c7b67-dwr8q
2026-08-15 17:12:41.914153,0.2769503081989359,whisper-inference-56d64c7b67-dnq4d
2026-08-15 17:12:41.914153,0.24631173430513775,whisper-inference-56d64c7b67-dwr8q
2026-08-15 17:12:46.914182,0.22986616890885372,whisper-inference-56d64c7b67-dnq4d
2026-08-15 17:12:46.914182,0.2868667199920078,whisper-inference-56d64c7b67-dwr8q
2026-08-15 17:12:51.913884,0.22210521768706137,whisper-inference-56d64c7b67-dnq4d
2026-08-15 17:12:51.913884,0.24777953568909677,whisper-inference-56d64c7b67-dwr8q
2026-08-15 17:12:56.913920,0.27896747471047545,whisper-inference-56d64c7b67-dnq4d
2026-08-15 17:12:56.913920,0.22382616456976417,whisper-inference-56d64c7b67-dwr8q
2026-08-15 17:13:01.913888,0.27896747471047545,whisper-inference-56d64c7b67-dnq4d
2026-08-15 17:13:01.913888,0.3076012545762109,whisper-inference-56d64c7b67-dwr8q
2026-08-15 17:13:06.914012,0.2595614700497118,whisper-inference-56d64c7b67-dnq4d
2026-08-15 17:13:06.914012,0.3076012545762109,whisper-inference-56d64c7b67-dwr8q
2026-08-15 17:13:11.913403,0.24519251668996422,whisper-inference-56d64c7b67-dnq4d
2026-08-15 17:13:11.913403,0.3054125450679391,whisper-inference-56d64c7b67-dwr8q
2026-08-15 17:13:16.913864,0.24519251668996422,whisper-inference-56d64c7b67-dnq4d
2026-08-15 17:13:16.913864,0.3054125450679391,whisper-inference-56d64c7b67-dwr8q
2026-08-15 17:13:21.914078,0.24519251668996422,whisper-inference-56d64c7b67-dnq4d
2026-08-15 17:13:21.914078,0.3054125450679391,whisper-inference-56d64c7b67-dwr8q
2026-08-15 17:13:26.914020,0.24586307099373428,whisper-inference-56d64c7b67-dnq4d
2026-08-15 17:13:26.914020,0.2738372744031455,whisper-inference-56d64c7b67-dwr8q
2026-08-15 17:13:31.914056,0.24586307099373428,whisper-inference-56d64c7b67-dnq4d
2026-08-15 17:13:31.914056,0.2738372744031455,whisper-inference-56d64c7b67-dwr8q
2026-08-15 17:13:36.914023,0.14126374999999597,whisper-inference-56d64c7b67-dnq4d
2026-08-15 17:13:36.914023,0.2738372744031455,whisper-inference-56d64c7b67-dwr8q
2026-08-15 17:13:41.914021,0.2202604625305715,whisper-inference-56d64c7b67-dnq4d
2026-08-15 17:13:41.914021,0.22990496050242387,whisper-inference-56d64c7b67-dwr8q
2026-08-15 17:13:46.914113,0.2202604625305715,whisper-inference-56d64c7b67-dnq4d
2026-08-15 17:13:46.914113,0.22990496050242387,whisper-inference-56d64c7b67-dwr8q
2026-08-15 17:13:51.913796,0.2202604625305715,whisper-inference-56d64c7b67-dnq4d
2026-08-15 17:13:51.913796,0.19116852915732657,whisper-inference-56d64c7b67-dwr8q
2026-08-15 17:13:56.909287,0.17969303766451616,whisper-inference-56d64c7b67-dnq4d
2026-08-15 17:13:56.909287,0.25384438309809576,whisper-inference-56d64c7b67-dwr8q
2026-08-15 17:14:01.914061,0.24044247557783968,whisper-inference-56d64c7b67-dnq4d
2026-08-15 17:14:01.914061,0.25384438309809576,whisper-inference-56d64c7b67-dwr8q
2026-08-15 17:14:06.914217,0.24044247557783968,whisper-inference-56d64c7b67-dnq4d
2026-08-15 17:14:06.914217,0.27220939606185157,whisper-inference-56d64c7b67-dwr8q
2026-08-15 17:14:11.913896,0.249595366308548,whisper-inference-56d64c7b67-dnq4d
2026-08-15 17:14:11.913896,0.27622797395383664,whisper-inference-56d64c7b67-dwr8q
2026-08-15 17:14:16.913885,0.249595366308548,whisper-inference-56d64c7b67-dnq4d
2026-08-15 17:14:16.913885,0.27622797395383664,whisper-inference-56d64c7b67-dwr8q
2026-08-15 17:14:21.912912,0.25148701765598713,whisper-inference-56d64c7b67-dnq4d
2026-08-15 17:14:21.912912,0.23846662196644053,whisper-inference-56d64c7b67-dwr8q
2026-08-15 17:14:26.914022,0.25148701765598713,whisper-inference-56d64c7b67-dnq4d
2026-08-15 17:14:26.914022,0.30220494216614446,whisper-inference-56d64c7b67-dwr8q
2026-08-15 17:14:31.914166,0.26408899357432825,whisper-inference-56d64c7b67-dnq4d
2026-08-15 17:14:31.914166,0.30220494216614446,whisper-inference-56d64c7b67-dwr8q
2026-08-15 17:14:36.910612,0.26408899357432825,whisper-inference-56d64c7b67-dnq4d
2026-08-15 17:14:36.910612,0.30590580150231955,whisper-inference-56d64c7b67-dwr8q
2026-08-15 17:14:41.913926,0.26172001027484654,whisper-inference-56d64c7b67-dnq4d
2026-08-15 17:14:41.913926,0.2855807331880784,whisper-inference-56d64c7b67-dwr8q
2026-08-15 17:14:46.913148,0.2722722024187002,whisper-inference-56d64c7b67-dnq4d
2026-08-15 17:14:46.913148,0.2855807331880784,whisper-inference-56d64c7b67-dwr8q
2026-08-15 17:14:51.913915,0.27227220241870026,whisper-inference-56d64c7b67-dnq4d
2026-08-15 17:14:51.913915,0.2854658442382002,whisper-inference-56d64c7b67-dwr8q
2026-08-15 17:14:56.913946,0.27227220241870026,whisper-inference-56d64c7b67-dnq4d
2026-08-15 17:14:56.913946,0.28546584423820015,whisper-inference-56d64c7b67-dwr8q
2026-08-15 17:15:01.913351,0.27088876851758537,whisper-inference-56d64c7b67-dnq4d
2026-08-15 17:15:01.913351,0.3058793965248944,whisper-inference-56d64c7b67-dwr8q
2026-08-15 17:15:06.913939,0.27088876851758537,whisper-inference-56d64c7b67-dnq4d
2026-08-15 17:15:06.913939,0.2988571189886108,whisper-inference-56d64c7b67-dwr8q
2026-08-15 17:15:11.913885,0.22402651650164596,whisper-inference-56d64c7b67-dnq4d
2026-08-15 17:15:11.913885,0.2988571189886108,whisper-inference-56d64c7b67-dwr8q
2026-08-15 17:15:16.914152,0.1907469935045645,whisper-inference-56d64c7b67-dnq4d
2026-08-15 17:15:16.914152,0.2988571189886108,whisper-inference-56d64c7b67-dwr8q
2026-08-15 17:15:21.912116,0.26421309941011434,whisper-inference-56d64c7b67-dnq4d
2026-08-15 17:15:21.912116,0.30414264928193535,whisper-inference-56d64c7b67-dwr8q
2026-08-15 17:15:26.913899,0.26421309941011434,whisper-inference-56d64c7b67-dnq4d
2026-08-15 17:15:26.913899,0.32939548359146686,whisper-inference-56d64c7b67-dwr8q
2026-08-15 17:15:31.913415,0.20948538340269304,whisper-inference-56d64c7b67-dnq4d
2026-08-15 17:15:31.913415,0.32939548359146686,whisper-inference-56d64c7b67-dwr8q
2026-08-15 17:15:36.914394,0.27000987283784705,whisper-inference-56d64c7b67-dnq4d
2026-08-15 17:15:36.914394,0.3440118300203039,whisper-inference-56d64c7b67-dwr8q
2026-08-15 17:15:41.913983,0.2700098728378471,whisper-inference-56d64c7b67-dnq4d
2026-08-15 17:15:41.913983,0.345537121526332,whisper-inference-56d64c7b67-dwr8q
2026-08-15 17:15:46.914012,0.2886550958210654,whisper-inference-56d64c7b67-dnq4d
2026-08-15 17:15:46.914012,0.345537121526332,whisper-inference-56d64c7b67-dwr8q
2026-08-15 17:15:51.913980,0.3071804463812943,whisper-inference-56d64c7b67-dnq4d
2026-08-15 17:15:51.913980,0.36731921347823554,whisper-inference-56d64c7b67-dwr8q
2026-08-15 17:15:56.913343,0.27351144240411857,whisper-inference-56d64c7b67-dnq4d
2026-08-15 17:15:56.913343,0.3673192134782356,whisper-inference-56d64c7b67-dwr8q
2026-08-15 17:16:01.914047,0.27106519822402836,whisper-inference-56d64c7b67-dnq4d
2026-08-15 17:16:01.914047,0.38756163493247875,whisper-inference-56d64c7b67-dwr8q
2026-08-15 17:16:06.914077,0.33485955970068654,whisper-inference-56d64c7b67-dnq4d
2026-08-15 17:16:06.914077,0.38756163493247875,whisper-inference-56d64c7b67-dwr8q
2026-08-15 17:16:11.913564,0.33485955970068654,whisper-inference-56d64c7b67-dnq4d
2026-08-15 17:16:11.913564,0.3816942223072501,whisper-inference-56d64c7b67-dwr8q
2026-08-15 17:16:16.914136,0.24008377500000508,whisper-inference-56d64c7b67-dnq4d
2026-08-15 17:16:16.914136,0.32409737314724,whisper-inference-56d64c7b67-dwr8q
2026-08-15 17:16:21.913945,0.3162227454839449,whisper-inference-56d64c7b67-dnq4d
2026-08-15 17:16:21.913945,0.3683561067120353,whisper-inference-56d64c7b67-dwr8q
2026-08-15 17:16:26.913988,0.3162227454839449,whisper-inference-56d64c7b67-dnq4d
2026-08-15 17:16:26.913988,0.3683561067120352,whisper-inference-56d64c7b67-dwr8q
2026-08-15 17:16:31.913584,0.32212195906321894,whisper-inference-56d64c7b67-dnq4d
2026-08-15 17:16:31.913584,0.3185382455048994,whisper-inference-56d64c7b67-dwr8q
