timestamp,value,pod
2026-08-18 08:35:49.911,0.0008014010587894996,whisper-inference-56d64c7b67-25qsf
2026-08-18 08:35:49.911,0.001103597378300431,whisper-inference-56d64c7b67-4qtbk
2026-08-18 08:35:49.911,0.005670851918235429,whisper-inference-56d64c7b67-wvglr
2026-08-18 08:35:54.911,0.000720730642425465,whisper-inference-56d64c7b67-25qsf
2026-08-18 08:35:54.911,0.0009147340618234621,whisper-inference-56d64c7b67-4qtbk
2026-08-18 08:35:54.911,0.005120158293593214,whisper-inference-56d64c7b67-wvglr
2026-08-18 08:35:59.911,0.000773944028065837,whisper-inference-56d64c7b67-25qsf
2026-08-18 08:35:59.911,0.0009652549150701019,whisper-inference-56d64c7b67-4qtbk
2026-08-18 08:35:59.911,0.004236346499960615,whisper-inference-56d64c7b67-wvglr
2026-08-18 08:36:04.911,0.0010998624673349599,whisper-inference-56d64c7b67-4qtbk
2026-08-18 08:36:04.911,0.0032092215082281036,whisper-inference-56d64c7b67-wvglr
2026-08-18 08:36:04.911,0.0007038688628816436,whisper-inference-56d64c7b67-25qsf
2026-08-18 08:36:09.911,0.0029670473473746737,whisper-inference-56d64c7b67-wvglr
2026-08-18 08:36:09.911,0.0007472278138056685,whisper-inference-56d64c7b67-25qsf
2026-08-18 08:36:09.911,0.0010998624673349599,whisper-inference-56d64c7b67-4qtbk
2026-08-18 08:36:14.911,0.002340048844455278,whisper-inference-56d64c7b67-wvglr
2026-08-18 08:36:14.911,0.0011336046510657253,whisper-inference-56d64c7b67-25qsf
2026-08-18 08:36:14.911,0.0010012252846717654,whisper-inference-56d64c7b67-4qtbk
2026-08-18 08:36:19.911,0.0014649294115681565,whisper-inference-56d64c7b67-wvglr
2026-08-18 08:36:19.911,0.0009221449969713042,whisper-inference-56d64c7b67-4qtbk
2026-08-18 08:36:19.911,0.0014624494250623631,whisper-inference-56d64c7b67-25qsf
2026-08-18 08:36:24.911,0.0006074562728864332,whisper-inference-56d64c7b67-4qtbk
2026-08-18 08:36:24.911,0.0014076790845983908,whisper-inference-56d64c7b67-wvglr
2026-08-18 08:36:24.911,0.001505282521109346,whisper-inference-56d64c7b67-25qsf
2026-08-18 08:36:29.911,0.000358386243693606,whisper-inference-56d64c7b67-4qtbk
2026-08-18 08:36:29.911,0.0014598805441743078,whisper-inference-56d64c7b67-wvglr
2026-08-18 08:36:29.911,0.0013527046858637086,whisper-inference-56d64c7b67-25qsf
2026-08-18 08:36:34.911,0.0013430530943811375,whisper-inference-56d64c7b67-wvglr
2026-08-18 08:36:34.911,0.0013554821032166332,whisper-inference-56d64c7b67-25qsf
2026-08-18 08:36:34.911,0.000358386243693606,whisper-inference-56d64c7b67-4qtbk
2026-08-18 08:36:39.911,0.0014849495248319992,whisper-inference-56d64c7b67-25qsf
2026-08-18 08:36:39.911,0.00028599813132676336,whisper-inference-56d64c7b67-4qtbk
2026-08-18 08:36:39.911,0.0015743213340728896,whisper-inference-56d64c7b67-wvglr
2026-08-18 08:36:44.911,0.0019075280665086908,whisper-inference-56d64c7b67-25qsf
2026-08-18 08:36:44.911,0.0002982915771530376,whisper-inference-56d64c7b67-4qtbk
2026-08-18 08:36:44.911,0.0017272370969791354,whisper-inference-56d64c7b67-wvglr
2026-08-18 08:36:49.911,0.0002982915771530376,whisper-inference-56d64c7b67-4qtbk
2026-08-18 08:36:49.911,0.00173922195960463,whisper-inference-56d64c7b67-wvglr
2026-08-18 08:36:49.911,0.002066864203350869,whisper-inference-56d64c7b67-25qsf
2026-08-18 08:36:54.911,0.002213595070002343,whisper-inference-56d64c7b67-wvglr
2026-08-18 08:36:54.911,0.0021778392932343665,whisper-inference-56d64c7b67-25qsf
2026-08-18 08:36:54.911,0.00030509244988968873,whisper-inference-56d64c7b67-4qtbk
2026-08-18 08:36:59.911,0.00236962171868215,whisper-inference-56d64c7b67-wvglr
2026-08-18 08:36:59.911,0.0018725844936619905,whisper-inference-56d64c7b67-25qsf
2026-08-18 08:36:59.911,0.00034274604453519725,whisper-inference-56d64c7b67-4qtbk
2026-08-18 08:37:04.911,0.0016747741327043822,whisper-inference-56d64c7b67-25qsf
2026-08-18 08:37:04.911,0.0003297525428217219,whisper-inference-56d64c7b67-4qtbk
2026-08-18 08:37:04.911,0.002112744006470428,whisper-inference-56d64c7b67-wvglr
2026-08-18 08:37:09.911,0.00032768697234888944,whisper-inference-56d64c7b67-4qtbk
2026-08-18 08:37:09.911,0.0016085709573419665,whisper-inference-56d64c7b67-wvglr
2026-08-18 08:37:09.911,0.0016455072609817384,whisper-inference-56d64c7b67-25qsf
2026-08-18 08:37:14.911,0.0003393420940931666,whisper-inference-56d64c7b67-4qtbk
2026-08-18 08:37:14.911,0.0017424880696337319,whisper-inference-56d64c7b67-wvglr
2026-08-18 08:37:14.911,0.00166838102993867,whisper-inference-56d64c7b67-25qsf
2026-08-18 08:37:19.911,0.00040343343698816687,whisper-inference-56d64c7b67-4qtbk
2026-08-18 08:37:19.911,0.001832186549125625,whisper-inference-56d64c7b67-25qsf
2026-08-18 08:37:19.911,0.0015628017816657295,whisper-inference-56d64c7b67-wvglr
2026-08-18 08:37:24.911,0.0016519095795594686,whisper-inference-56d64c7b67-25qsf
2026-08-18 08:37:24.911,0.0015455579175374678,whisper-inference-56d64c7b67-wvglr
2026-08-18 08:37:24.911,0.0004038505432595479,whisper-inference-56d64c7b67-4qtbk
2026-08-18 08:37:29.911,0.0013137925194077246,whisper-inference-56d64c7b67-25qsf
2026-08-18 08:37:29.911,0.0013177352128656374,whisper-inference-56d64c7b67-wvglr
2026-08-18 08:37:29.911,0.0004088975335490905,whisper-inference-56d64c7b67-4qtbk
2026-08-18 08:37:34.911,0.0010086615177269738,whisper-inference-56d64c7b67-25qsf
2026-08-18 08:37:34.911,0.0008570677259075642,whisper-inference-56d64c7b67-wvglr
2026-08-18 08:37:34.911,0.0004058990421947742,whisper-inference-56d64c7b67-4qtbk
2026-08-18 08:37:39.911,0.0010086615177269738,whisper-inference-56d64c7b67-25qsf
2026-08-18 08:37:39.911,0.0008445707826011252,whisper-inference-56d64c7b67-wvglr
2026-08-18 08:37:39.911,0.0003938977369910506,whisper-inference-56d64c7b67-4qtbk
2026-08-18 08:37:44.911,0.0008445707826011252,whisper-inference-56d64c7b67-wvglr
2026-08-18 08:37:44.911,0.00038624596004605363,whisper-inference-56d64c7b67-4qtbk
2026-08-18 08:37:44.911,0.0008894794842073033,whisper-inference-56d64c7b67-25qsf
2026-08-18 08:37:49.911,0.0003616585938294471,whisper-inference-56d64c7b67-4qtbk
2026-08-18 08:37:49.911,0.0008213849979988674,whisper-inference-56d64c7b67-wvglr
2026-08-18 08:37:49.911,0.00107990743301089,whisper-inference-56d64c7b67-25qsf
2026-08-18 08:37:54.911,0.00032463033717422475,whisper-inference-56d64c7b67-4qtbk
2026-08-18 08:37:54.911,0.0008084758126401671,whisper-inference-56d64c7b67-wvglr
2026-08-18 08:37:54.911,0.0010799074330108901,whisper-inference-56d64c7b67-25qsf
2026-08-18 08:37:59.911,0.0007847542426216913,whisper-inference-56d64c7b67-wvglr
2026-08-18 08:37:59.911,0.0010373429350075195,whisper-inference-56d64c7b67-25qsf
2026-08-18 08:37:59.911,0.000359392636910806,whisper-inference-56d64c7b67-4qtbk
2026-08-18 08:38:04.911,0.0009047055732675756,whisper-inference-56d64c7b67-25qsf
2026-08-18 08:38:04.911,0.0002886651741216635,whisper-inference-56d64c7b67-4qtbk
2026-08-18 08:38:04.911,0.0007568296984081381,whisper-inference-56d64c7b67-wvglr
2026-08-18 08:38:09.911,0.0009711386673517592,whisper-inference-56d64c7b67-25qsf
2026-08-18 08:38:09.911,0.0002886651741216635,whisper-inference-56d64c7b67-4qtbk
2026-08-18 08:38:09.911,0.0007719967665499922,whisper-inference-56d64c7b67-wvglr
2026-08-18 08:38:14.911,0.000773810484850781,whisper-inference-56d64c7b67-25qsf
2026-08-18 08:38:14.911,0.0006904314675734697,whisper-inference-56d64c7b67-wvglr
2026-08-18 08:38:14.911,0.0002425192067535838,whisper-inference-56d64c7b67-4qtbk
2026-08-18 08:38:19.911,0.0005240393824632746,whisper-inference-56d64c7b67-wvglr
2026-08-18 08:38:19.911,0.0002468260970937406,whisper-inference-56d64c7b67-4qtbk
2026-08-18 08:38:19.911,0.0007598734637485657,whisper-inference-56d64c7b67-25qsf
2026-08-18 08:38:24.911,0.0003418118053126819,whisper-inference-56d64c7b67-wvglr
2026-08-18 08:38:24.911,0.0002468260970937406,whisper-inference-56d64c7b67-4qtbk
2026-08-18 08:38:24.911,0.0007598734637485657,whisper-inference-56d64c7b67-25qsf
2026-08-18 08:38:29.911,0.000340477623285651,whisper-inference-56d64c7b67-wvglr
2026-08-18 08:38:29.911,0.0003022882806568031,whisper-inference-56d64c7b67-4qtbk
2026-08-18 08:38:29.911,0.0005985341816347855,whisper-inference-56d64c7b67-25qsf
2026-08-18 08:38:34.911,0.00034907326738595884,whisper-inference-56d64c7b67-wvglr
2026-08-18 08:38:34.911,0.0003679104015176183,whisper-inference-56d64c7b67-4qtbk
2026-08-18 08:38:34.911,0.00045516308231244665,whisper-inference-56d64c7b67-25qsf
2026-08-18 08:38:39.911,0.0005617863691496576,whisper-inference-56d64c7b67-wvglr
2026-08-18 08:38:39.911,0.0004845025868257009,whisper-inference-56d64c7b67-25qsf
2026-08-18 08:38:39.911,0.00036464166047005687,whisper-inference-56d64c7b67-4qtbk
2026-08-18 08:38:44.911,0.0009674491894771054,whisper-inference-56d64c7b67-25qsf
2026-08-18 08:38:44.911,0.00036634188034632823,whisper-inference-56d64c7b67-4qtbk
2026-08-18 08:38:44.911,0.0007483976804054961,whisper-inference-56d64c7b67-wvglr
2026-08-18 08:38:49.911,0.0011101600582462837,whisper-inference-56d64c7b67-25qsf
2026-08-18 08:38:49.911,0.00039072551029868164,whisper-inference-56d64c7b67-4qtbk
2026-08-18 08:38:49.911,0.0007597511498289213,whisper-inference-56d64c7b67-wvglr
2026-08-18 08:38:54.911,0.00039072551029868164,whisper-inference-56d64c7b67-4qtbk
2026-08-18 08:38:54.911,0.0007815134163599914,whisper-inference-56d64c7b67-wvglr
2026-08-18 08:38:54.911,0.0010750401210075883,whisper-inference-56d64c7b67-25qsf
2026-08-18 08:38:59.911,0.0008477529576692072,whisper-inference-56d64c7b67-wvglr
2026-08-18 08:38:59.911,0.000982988791337346,whisper-inference-56d64c7b67-25qsf
2026-08-18 08:38:59.911,0.0004986788809422694,whisper-inference-56d64c7b67-4qtbk
2026-08-18 08:39:04.911,0.0008688686343742407,whisper-inference-56d64c7b67-wvglr
2026-08-18 08:39:04.911,0.0013514860566106674,whisper-inference-56d64c7b67-25qsf
2026-08-18 08:39:04.911,0.0005954612410431083,whisper-inference-56d64c7b67-4qtbk
2026-08-18 08:39:09.911,0.0008008305016650007,whisper-inference-56d64c7b67-wvglr
2026-08-18 08:39:09.911,0.0005954612410431083,whisper-inference-56d64c7b67-4qtbk
2026-08-18 08:39:09.911,0.001311817339309357,whisper-inference-56d64c7b67-25qsf
2026-08-18 08:39:14.911,0.0006046691350569264,whisper-inference-56d64c7b67-4qtbk
2026-08-18 08:39:14.911,0.0012556263805255344,whisper-inference-56d64c7b67-25qsf
2026-08-18 08:39:14.911,0.0007754977968692689,whisper-inference-56d64c7b67-wvglr
2026-08-18 08:39:19.911,0.0005553683797078801,whisper-inference-56d64c7b67-4qtbk
2026-08-18 08:39:19.911,0.0014535554771129733,whisper-inference-56d64c7b67-25qsf
2026-08-18 08:39:19.911,0.0008470801129742341,whisper-inference-56d64c7b67-wvglr
2026-08-18 08:39:24.911,0.0005553683797078801,whisper-inference-56d64c7b67-4qtbk
2026-08-18 08:39:24.911,0.0013413896723052424,whisper-inference-56d64c7b67-25qsf
2026-08-18 08:39:24.911,0.0008470801129742341,whisper-inference-56d64c7b67-wvglr
2026-08-18 08:39:29.911,0.0005496538106762945,whisper-inference-56d64c7b67-4qtbk
2026-08-18 08:39:29.911,0.0012827592423848807,whisper-inference-56d64c7b67-25qsf
2026-08-18 08:39:29.911,0.0005902775031599356,whisper-inference-56d64c7b67-wvglr
2026-08-18 08:39:34.911,0.0006072318886392056,whisper-inference-56d64c7b67-4qtbk
2026-08-18 08:39:34.911,0.0004140894708494154,whisper-inference-56d64c7b67-wvglr
2026-08-18 08:39:34.911,0.0011181211435163365,whisper-inference-56d64c7b67-25qsf
2026-08-18 08:39:39.911,0.0003843495124300427,whisper-inference-56d64c7b67-wvglr
2026-08-18 08:39:39.911,0.001138508507986777,whisper-inference-56d64c7b67-25qsf
2026-08-18 08:39:39.911,0.0005825038677565566,whisper-inference-56d64c7b67-4qtbk
2026-08-18 08:39:44.911,0.0003565450276125433,whisper-inference-56d64c7b67-wvglr
2026-08-18 08:39:44.911,0.0009958174589304457,whisper-inference-56d64c7b67-25qsf
2026-08-18 08:39:44.911,0.0004135304889111408,whisper-inference-56d64c7b67-4qtbk
2026-08-18 08:39:49.911,0.0010511055755397804,whisper-inference-56d64c7b67-25qsf
2026-08-18 08:39:49.911,0.0004116274856679627,whisper-inference-56d64c7b67-4qtbk
2026-08-18 08:39:49.911,0.0003507534757121231,whisper-inference-56d64c7b67-wvglr
2026-08-18 08:39:54.911,0.0004116274856679627,whisper-inference-56d64c7b67-4qtbk
2026-08-18 08:39:54.911,0.00038122593192303235,whisper-inference-56d64c7b67-wvglr
2026-08-18 08:39:54.911,0.0010464302674326428,whisper-inference-56d64c7b67-25qsf
2026-08-18 08:39:59.911,0.00036635840262329257,whisper-inference-56d64c7b67-4qtbk
2026-08-18 08:39:59.911,0.00042570291770311903,whisper-inference-56d64c7b67-wvglr
2026-08-18 08:39:59.911,0.0010464302674326428,whisper-inference-56d64c7b67-25qsf
2026-08-18 08:40:04.911,0.0003627657858499486,whisper-inference-56d64c7b67-4qtbk
2026-08-18 08:40:04.911,0.0009369792375473754,whisper-inference-56d64c7b67-25qsf
2026-08-18 08:40:04.911,0.00044693749162652997,whisper-inference-56d64c7b67-wvglr
2026-08-18 08:40:09.911,0.0007722519708955099,whisper-inference-56d64c7b67-25qsf
2026-08-18 08:40:09.911,0.00044970966087610266,whisper-inference-56d64c7b67-4qtbk
2026-08-18 08:40:09.911,0.00039956274804021496,whisper-inference-56d64c7b67-wvglr
2026-08-18 08:40:14.911,0.0007306960731767705,whisper-inference-56d64c7b67-25qsf
2026-08-18 08:40:14.911,0.00046825190575252196,whisper-inference-56d64c7b67-4qtbk
2026-08-18 08:40:14.911,0.0003924371391310226,whisper-inference-56d64c7b67-wvglr
2026-08-18 08:40:19.911,0.0004133258562842131,whisper-inference-56d64c7b67-4qtbk
2026-08-18 08:40:19.911,0.00043485261969938285,whisper-inference-56d64c7b67-wvglr
2026-08-18 08:40:19.911,0.0007401752147303811,whisper-inference-56d64c7b67-25qsf
2026-08-18 08:40:24.911,0.0004365919757001515,whisper-inference-56d64c7b67-wvglr
2026-08-18 08:40:24.911,0.0007401752147303809,whisper-inference-56d64c7b67-25qsf
2026-08-18 08:40:24.911,0.0004133258562842131,whisper-inference-56d64c7b67-4qtbk
2026-08-18 08:40:29.911,0.0004285846449276516,whisper-inference-56d64c7b67-wvglr
2026-08-18 08:40:29.911,0.00047878386434491496,whisper-inference-56d64c7b67-25qsf
2026-08-18 08:40:29.911,0.00046735321436361794,whisper-inference-56d64c7b67-4qtbk
2026-08-18 08:40:34.911,0.0005755616616598336,whisper-inference-56d64c7b67-25qsf
2026-08-18 08:40:34.911,0.0004577542723795355,whisper-inference-56d64c7b67-4qtbk
2026-08-18 08:40:34.911,0.0004498772476308004,whisper-inference-56d64c7b67-wvglr
2026-08-18 08:40:39.911,0.0005239435783487233,whisper-inference-56d64c7b67-4qtbk
2026-08-18 08:40:39.911,0.00044267666524038397,whisper-inference-56d64c7b67-wvglr
2026-08-18 08:40:39.911,0.0005890016068523542,whisper-inference-56d64c7b67-25qsf
2026-08-18 08:40:44.911,0.0004438437314353964,whisper-inference-56d64c7b67-4qtbk
2026-08-18 08:40:44.911,0.0003493490849104938,whisper-inference-56d64c7b67-wvglr
2026-08-18 08:40:44.911,0.0007453573814020018,whisper-inference-56d64c7b67-25qsf
2026-08-18 08:40:49.911,0.0003749303681161185,whisper-inference-56d64c7b67-wvglr
2026-08-18 08:40:49.911,0.0010331372678726255,whisper-inference-56d64c7b67-25qsf
2026-08-18 08:40:49.911,0.0003503322811604292,whisper-inference-56d64c7b67-4qtbk
2026-08-18 08:40:54.911,0.0010331372678726255,whisper-inference-56d64c7b67-25qsf
2026-08-18 08:40:54.911,0.0003859292092571759,whisper-inference-56d64c7b67-4qtbk
2026-08-18 08:40:54.911,0.0004123086887165941,whisper-inference-56d64c7b67-wvglr
2026-08-18 08:40:59.911,0.0009380692316233428,whisper-inference-56d64c7b67-25qsf
2026-08-18 08:40:59.911,0.00043455316540695545,whisper-inference-56d64c7b67-4qtbk
2026-08-18 08:40:59.911,0.0005063246756065298,whisper-inference-56d64c7b67-wvglr
2026-08-18 08:41:04.911,0.0008620638467575169,whisper-inference-56d64c7b67-25qsf
2026-08-18 08:41:04.911,0.0005063246756065298,whisper-inference-56d64c7b67-wvglr
2026-08-18 08:41:04.911,0.00040367628531274885,whisper-inference-56d64c7b67-4qtbk
2026-08-18 08:41:09.911,0.00048630600826420073,whisper-inference-56d64c7b67-wvglr
2026-08-18 08:41:09.911,0.0004088735416573583,whisper-inference-56d64c7b67-4qtbk
2026-08-18 08:41:09.911,0.0008145559325336939,whisper-inference-56d64c7b67-25qsf
2026-08-18 08:41:14.911,0.0004868099602052351,whisper-inference-56d64c7b67-wvglr
2026-08-18 08:41:14.911,0.0004993696078616089,whisper-inference-56d64c7b67-4qtbk
2026-08-18 08:41:14.911,0.0007943100280904183,whisper-inference-56d64c7b67-25qsf
2026-08-18 08:41:19.911,0.00048680996020523514,whisper-inference-56d64c7b67-wvglr
2026-08-18 08:41:19.911,0.00044626365831074166,whisper-inference-56d64c7b67-4qtbk
2026-08-18 08:41:19.911,0.0008237360611162292,whisper-inference-56d64c7b67-25qsf
2026-08-18 08:41:24.911,0.00046347917274150316,whisper-inference-56d64c7b67-wvglr
2026-08-18 08:41:24.911,0.0005729824983782647,whisper-inference-56d64c7b67-4qtbk
2026-08-18 08:41:24.911,0.0007555039033572181,whisper-inference-56d64c7b67-25qsf
2026-08-18 08:41:29.911,0.0013750637599829272,whisper-inference-56d64c7b67-4qtbk
2026-08-18 08:41:29.911,0.0007555039033572181,whisper-inference-56d64c7b67-25qsf
2026-08-18 08:41:29.911,0.001449156673010628,whisper-inference-56d64c7b67-wvglr
2026-08-18 08:41:34.911,0.0004917856723910967,whisper-inference-56d64c7b67-25qsf
2026-08-18 08:41:34.911,0.0014338240338702599,whisper-inference-56d64c7b67-4qtbk
2026-08-18 08:41:34.911,0.001449156673010628,whisper-inference-56d64c7b67-wvglr
2026-08-18 08:41:39.911,0.0006554427012708164,whisper-inference-56d64c7b67-25qsf
2026-08-18 08:41:39.911,0.0021203003210486402,whisper-inference-56d64c7b67-4qtbk
2026-08-18 08:41:39.911,0.0013341671329512484,whisper-inference-56d64c7b67-wvglr
2026-08-18 08:41:44.911,0.0020947021670620143,whisper-inference-56d64c7b67-4qtbk
2026-08-18 08:41:44.911,0.003736585441559748,whisper-inference-56d64c7b67-wvglr
2026-08-18 08:41:44.911,0.0018621640654744467,whisper-inference-56d64c7b67-25qsf
2026-08-18 08:41:49.911,0.004104956116354565,whisper-inference-56d64c7b67-wvglr
2026-08-18 08:41:49.911,0.003633115952849729,whisper-inference-56d64c7b67-25qsf
2026-08-18 08:41:49.911,0.0025993659611109935,whisper-inference-56d64c7b67-4qtbk
2026-08-18 08:41:54.911,0.0046292648966486435,whisper-inference-56d64c7b67-wvglr
2026-08-18 08:41:54.911,0.003633115952849729,whisper-inference-56d64c7b67-25qsf
2026-08-18 08:41:54.911,0.0025612803891495828,whisper-inference-56d64c7b67-4qtbk
2026-08-18 08:41:59.911,0.006359955209263531,whisper-inference-56d64c7b67-wvglr
2026-08-18 08:41:59.911,0.002887335908593563,whisper-inference-56d64c7b67-4qtbk
2026-08-18 08:41:59.911,0.003986710247232781,whisper-inference-56d64c7b67-25qsf
2026-08-18 08:42:04.911,0.0026812572087126273,whisper-inference-56d64c7b67-4qtbk
2026-08-18 08:42:04.911,0.004476549457358161,whisper-inference-56d64c7b67-25qsf
2026-08-18 08:42:04.911,0.006359955209263531,whisper-inference-56d64c7b67-wvglr
2026-08-18 08:42:09.911,0.004980269186634968,whisper-inference-56d64c7b67-4qtbk
2026-08-18 08:42:09.911,0.004847757442606874,whisper-inference-56d64c7b67-25qsf
2026-08-18 08:42:09.911,0.008027189684162297,whisper-inference-56d64c7b67-wvglr
2026-08-18 08:42:14.911,0.005005696808792897,whisper-inference-56d64c7b67-4qtbk
2026-08-18 08:42:14.911,0.005162443535304621,whisper-inference-56d64c7b67-25qsf
2026-08-18 08:42:14.911,0.00769814188829688,whisper-inference-56d64c7b67-wvglr
2026-08-18 08:42:19.911,0.004598024982727432,whisper-inference-56d64c7b67-4qtbk
2026-08-18 08:42:19.911,0.006052498959883844,whisper-inference-56d64c7b67-25qsf
2026-08-18 08:42:19.911,0.007698141888296881,whisper-inference-56d64c7b67-wvglr
2026-08-18 08:42:24.911,0.003949116246156423,whisper-inference-56d64c7b67-4qtbk
2026-08-18 08:42:24.911,0.005393838254421491,whisper-inference-56d64c7b67-wvglr
2026-08-18 08:42:24.911,0.006759863140431715,whisper-inference-56d64c7b67-25qsf
2026-08-18 08:42:29.911,0.005611696145622247,whisper-inference-56d64c7b67-wvglr
2026-08-18 08:42:29.911,0.0061225308482955355,whisper-inference-56d64c7b67-25qsf
2026-08-18 08:42:29.911,0.004026835465687064,whisper-inference-56d64c7b67-4qtbk
2026-08-18 08:42:34.911,0.00557403586817878,whisper-inference-56d64c7b67-wvglr
2026-08-18 08:42:34.911,0.004720433536781484,whisper-inference-56d64c7b67-25qsf
2026-08-18 08:42:34.911,0.004212813290233087,whisper-inference-56d64c7b67-4qtbk
2026-08-18 08:42:39.911,0.003790851006711878,whisper-inference-56d64c7b67-25qsf
2026-08-18 08:42:39.911,0.004169220082201822,whisper-inference-56d64c7b67-4qtbk
2026-08-18 08:42:39.911,0.005394543052636324,whisper-inference-56d64c7b67-wvglr
2026-08-18 08:42:44.911,0.00513819119909774,whisper-inference-56d64c7b67-4qtbk
2026-08-18 08:42:44.911,0.004629888187492456,whisper-inference-56d64c7b67-wvglr
2026-08-18 08:42:44.911,0.003591034912991841,whisper-inference-56d64c7b67-25qsf
2026-08-18 08:42:49.911,0.004086173568873595,whisper-inference-56d64c7b67-4qtbk
2026-08-18 08:42:49.911,0.004667720395996208,whisper-inference-56d64c7b67-wvglr
2026-08-18 08:42:49.911,0.003984605298062635,whisper-inference-56d64c7b67-25qsf
2026-08-18 08:42:54.911,0.004583689912980623,whisper-inference-56d64c7b67-4qtbk
2026-08-18 08:42:54.911,0.0037195487498233766,whisper-inference-56d64c7b67-25qsf
2026-08-18 08:42:54.911,0.004979089107938512,whisper-inference-56d64c7b67-wvglr
2026-08-18 08:42:59.911,0.0031530936691862043,whisper-inference-56d64c7b67-25qsf
2026-08-18 08:42:59.911,0.004920328986342516,whisper-inference-56d64c7b67-wvglr
2026-08-18 08:42:59.911,0.004583689912980623,whisper-inference-56d64c7b67-4qtbk
2026-08-18 08:43:04.911,0.0027271146607808433,whisper-inference-56d64c7b67-25qsf
2026-08-18 08:43:04.911,0.004652282155949334,whisper-inference-56d64c7b67-wvglr
2026-08-18 08:43:04.911,0.004258188637622667,whisper-inference-56d64c7b67-4qtbk
2026-08-18 08:43:09.911,0.0027271146607808438,whisper-inference-56d64c7b67-25qsf
2026-08-18 08:43:09.911,0.006983061596196494,whisper-inference-56d64c7b67-wvglr
2026-08-18 08:43:09.911,0.005258856607565476,whisper-inference-56d64c7b67-4qtbk
2026-08-18 08:43:14.911,0.0028516786129890353,whisper-inference-56d64c7b67-25qsf
2026-08-18 08:43:14.911,0.007583794761545635,whisper-inference-56d64c7b67-wvglr
2026-08-18 08:43:14.911,0.00544050416023629,whisper-inference-56d64c7b67-4qtbk
2026-08-18 08:43:19.911,0.007002548231828353,whisper-inference-56d64c7b67-wvglr
2026-08-18 08:43:19.911,0.005433785864572221,whisper-inference-56d64c7b67-4qtbk
2026-08-18 08:43:19.911,0.002949782753108341,whisper-inference-56d64c7b67-25qsf
2026-08-18 08:43:24.911,0.005634203282535744,whisper-inference-56d64c7b67-4qtbk
2026-08-18 08:43:24.911,0.006992063700033475,whisper-inference-56d64c7b67-wvglr
2026-08-18 08:43:24.911,0.0029287772028773534,whisper-inference-56d64c7b67-25qsf
2026-08-18 08:43:29.911,0.006050663561056906,whisper-inference-56d64c7b67-4qtbk
2026-08-18 08:43:29.911,0.006992063700033475,whisper-inference-56d64c7b67-wvglr
2026-08-18 08:43:29.911,0.002921234261857745,whisper-inference-56d64c7b67-25qsf
2026-08-18 08:43:34.911,0.005916946197420291,whisper-inference-56d64c7b67-wvglr
2026-08-18 08:43:34.911,0.0027415395228964335,whisper-inference-56d64c7b67-25qsf
2026-08-18 08:43:34.911,0.006322786193808617,whisper-inference-56d64c7b67-4qtbk
2026-08-18 08:43:39.911,0.0034354088919280384,whisper-inference-56d64c7b67-25qsf
2026-08-18 08:43:39.911,0.006740170219563383,whisper-inference-56d64c7b67-4qtbk
2026-08-18 08:43:39.911,0.007977415242151162,whisper-inference-56d64c7b67-wvglr
2026-08-18 08:43:44.911,0.003276433946881371,whisper-inference-56d64c7b67-25qsf
2026-08-18 08:43:44.911,0.006801356294140226,whisper-inference-56d64c7b67-4qtbk
2026-08-18 08:43:44.911,0.007977415242151162,whisper-inference-56d64c7b67-wvglr
2026-08-18 08:43:49.911,0.0032901056078113835,whisper-inference-56d64c7b67-25qsf
2026-08-18 08:43:49.911,0.006139365751695423,whisper-inference-56d64c7b67-wvglr
2026-08-18 08:43:49.911,0.006801356294140226,whisper-inference-56d64c7b67-4qtbk
2026-08-18 08:43:54.911,0.006466055110362488,whisper-inference-56d64c7b67-wvglr
2026-08-18 08:43:54.911,0.0038872039508304566,whisper-inference-56d64c7b67-25qsf
2026-08-18 08:43:54.911,0.007348268790413337,whisper-inference-56d64c7b67-4qtbk
2026-08-18 08:43:59.911,0.00635594075826886,whisper-inference-56d64c7b67-wvglr
2026-08-18 08:43:59.911,0.004209549190440625,whisper-inference-56d64c7b67-25qsf
2026-08-18 08:43:59.911,0.007628994823212531,whisper-inference-56d64c7b67-4qtbk
2026-08-18 08:44:04.911,0.004502410808411298,whisper-inference-56d64c7b67-25qsf
2026-08-18 08:44:04.911,0.0072403776271748425,whisper-inference-56d64c7b67-4qtbk
2026-08-18 08:44:04.911,0.006738622591647097,whisper-inference-56d64c7b67-wvglr
2026-08-18 08:44:09.911,0.008050990233188721,whisper-inference-56d64c7b67-4qtbk
2026-08-18 08:44:09.911,0.007730529026187852,whisper-inference-56d64c7b67-wvglr
2026-08-18 08:44:09.911,0.004607336774236623,whisper-inference-56d64c7b67-25qsf
2026-08-18 08:44:14.911,0.006366062204305174,whisper-inference-56d64c7b67-4qtbk
2026-08-18 08:44:14.911,0.006014532109299977,whisper-inference-56d64c7b67-wvglr
2026-08-18 08:44:14.911,0.00455058840786356,whisper-inference-56d64c7b67-25qsf
2026-08-18 08:44:19.911,0.006014532109299977,whisper-inference-56d64c7b67-wvglr
2026-08-18 08:44:19.911,0.004710819401764984,whisper-inference-56d64c7b67-25qsf
2026-08-18 08:44:19.911,0.006366062204305174,whisper-inference-56d64c7b67-4qtbk
2026-08-18 08:44:24.911,0.004552896734818927,whisper-inference-56d64c7b67-25qsf
2026-08-18 08:44:24.911,0.005967965504960671,whisper-inference-56d64c7b67-4qtbk
2026-08-18 08:44:24.911,0.0035547694227027107,whisper-inference-56d64c7b67-wvglr
2026-08-18 08:44:29.911,0.00437390888960232,whisper-inference-56d64c7b67-25qsf
2026-08-18 08:44:29.911,0.005967965504960671,whisper-inference-56d64c7b67-4qtbk
2026-08-18 08:44:29.911,0.003199552915052725,whisper-inference-56d64c7b67-wvglr
2026-08-18 08:44:34.911,0.005062228010420225,whisper-inference-56d64c7b67-4qtbk
2026-08-18 08:44:34.911,0.003342116821822373,whisper-inference-56d64c7b67-wvglr
2026-08-18 08:44:34.911,0.0042129458618570415,whisper-inference-56d64c7b67-25qsf
2026-08-18 08:44:39.911,0.0020029612208793037,whisper-inference-56d64c7b67-wvglr
2026-08-18 08:44:39.911,0.0040102936591620494,whisper-inference-56d64c7b67-25qsf
2026-08-18 08:44:39.911,0.004015917427780991,whisper-inference-56d64c7b67-4qtbk
2026-08-18 08:44:44.911,0.0023761283883486084,whisper-inference-56d64c7b67-wvglr
2026-08-18 08:44:44.911,0.0040102936591620494,whisper-inference-56d64c7b67-25qsf
2026-08-18 08:44:44.911,0.003995032375093676,whisper-inference-56d64c7b67-4qtbk
2026-08-18 08:44:49.911,0.0025698798252216356,whisper-inference-56d64c7b67-wvglr
2026-08-18 08:44:49.911,0.0037575693622599066,whisper-inference-56d64c7b67-4qtbk
2026-08-18 08:44:49.911,0.003958239913186958,whisper-inference-56d64c7b67-25qsf
2026-08-18 08:44:54.911,0.003456217464389256,whisper-inference-56d64c7b67-4qtbk
2026-08-18 08:44:54.911,0.0036854555379702697,whisper-inference-56d64c7b67-25qsf
2026-08-18 08:44:54.911,0.0024562245231729172,whisper-inference-56d64c7b67-wvglr
2026-08-18 08:44:59.911,0.003344100015425824,whisper-inference-56d64c7b67-4qtbk
2026-08-18 08:44:59.911,0.003568627363464492,whisper-inference-56d64c7b67-25qsf
2026-08-18 08:44:59.911,0.002343297020640645,whisper-inference-56d64c7b67-wvglr
2026-08-18 08:45:04.911,0.003563975149104403,whisper-inference-56d64c7b67-4qtbk
2026-08-18 08:45:04.911,0.003377535181967296,whisper-inference-56d64c7b67-25qsf
2026-08-18 08:45:04.911,0.002481428103771996,whisper-inference-56d64c7b67-wvglr
2026-08-18 08:45:09.911,0.003563975149104403,whisper-inference-56d64c7b67-4qtbk
2026-08-18 08:45:09.911,0.002625977455795678,whisper-inference-56d64c7b67-25qsf
2026-08-18 08:45:09.911,0.0023668384605423825,whisper-inference-56d64c7b67-wvglr
2026-08-18 08:45:14.911,0.0029365004438675103,whisper-inference-56d64c7b67-25qsf
2026-08-18 08:45:14.911,0.0027194794260448456,whisper-inference-56d64c7b67-wvglr
2026-08-18 08:45:14.911,0.0029673839630582717,whisper-inference-56d64c7b67-4qtbk
2026-08-18 08:45:19.911,0.0027184136437632825,whisper-inference-56d64c7b67-wvglr
2026-08-18 08:45:19.911,0.0029365004438675103,whisper-inference-56d64c7b67-25qsf
2026-08-18 08:45:19.911,0.0029673839630582717,whisper-inference-56d64c7b67-4qtbk
2026-08-18 08:45:24.911,0.002256424943194167,whisper-inference-56d64c7b67-wvglr
2026-08-18 08:45:24.911,0.0033148522558407146,whisper-inference-56d64c7b67-25qsf
2026-08-18 08:45:24.911,0.002933204921974296,whisper-inference-56d64c7b67-4qtbk
2026-08-18 08:45:29.911,0.0036405991254523182,whisper-inference-56d64c7b67-25qsf
2026-08-18 08:45:29.911,0.0036421409762702342,whisper-inference-56d64c7b67-4qtbk
2026-08-18 08:45:29.911,0.0020480771486711432,whisper-inference-56d64c7b67-wvglr
2026-08-18 08:45:34.911,0.00366388214761363,whisper-inference-56d64c7b67-4qtbk
2026-08-18 08:45:34.911,0.002110659432367203,whisper-inference-56d64c7b67-wvglr
2026-08-18 08:45:34.911,0.0037101889576738006,whisper-inference-56d64c7b67-25qsf
2026-08-18 08:45:39.911,0.004263132012937795,whisper-inference-56d64c7b67-4qtbk
2026-08-18 08:45:39.911,0.002110659432367203,whisper-inference-56d64c7b67-wvglr
2026-08-18 08:45:39.911,0.004216836515717217,whisper-inference-56d64c7b67-25qsf
2026-08-18 08:45:44.911,0.004114608520377963,whisper-inference-56d64c7b67-4qtbk
2026-08-18 08:45:44.911,0.004216836515717217,whisper-inference-56d64c7b67-25qsf
2026-08-18 08:45:44.911,0.0025317847941973026,whisper-inference-56d64c7b67-wvglr
2026-08-18 08:45:49.911,0.004257634852507385,whisper-inference-56d64c7b67-25qsf
2026-08-18 08:45:49.911,0.002585215338498795,whisper-inference-56d64c7b67-wvglr
2026-08-18 08:45:49.911,0.003969233828779567,whisper-inference-56d64c7b67-4qtbk
2026-08-18 08:45:54.911,0.00539535872775598,whisper-inference-56d64c7b67-25qsf
2026-08-18 08:45:54.911,0.002585215338498795,whisper-inference-56d64c7b67-wvglr
2026-08-18 08:45:54.911,0.004162270675840202,whisper-inference-56d64c7b67-4qtbk
2026-08-18 08:45:59.911,0.0058659861703336934,whisper-inference-56d64c7b67-25qsf
2026-08-18 08:45:59.911,0.002555468170045173,whisper-inference-56d64c7b67-wvglr
2026-08-18 08:45:59.911,0.003668797550706925,whisper-inference-56d64c7b67-4qtbk
2026-08-18 08:46:04.911,0.0060283013531553095,whisper-inference-56d64c7b67-25qsf
2026-08-18 08:46:04.911,0.0021986407056516447,whisper-inference-56d64c7b67-wvglr
2026-08-18 08:46:04.911,0.003912417895081427,whisper-inference-56d64c7b67-4qtbk
2026-08-18 08:46:09.911,0.005218183965428287,whisper-inference-56d64c7b67-25qsf
2026-08-18 08:46:09.911,0.003912417895081427,whisper-inference-56d64c7b67-4qtbk
2026-08-18 08:46:09.911,0.0021314596357391424,whisper-inference-56d64c7b67-wvglr
2026-08-18 08:46:14.911,0.005122100461052747,whisper-inference-56d64c7b67-4qtbk
2026-08-18 08:46:14.911,0.0034498777416345256,whisper-inference-56d64c7b67-wvglr
2026-08-18 08:46:14.911,0.0050608967683725276,whisper-inference-56d64c7b67-25qsf
2026-08-18 08:46:19.911,0.005122100461052747,whisper-inference-56d64c7b67-4qtbk
2026-08-18 08:46:19.911,0.005215988803259457,whisper-inference-56d64c7b67-wvglr
2026-08-18 08:46:19.911,0.005892597305536465,whisper-inference-56d64c7b67-25qsf
2026-08-18 08:46:24.911,0.005215988803259457,whisper-inference-56d64c7b67-wvglr
2026-08-18 08:46:24.911,0.0060017075885100205,whisper-inference-56d64c7b67-25qsf
2026-08-18 08:46:24.911,0.0049476294863630525,whisper-inference-56d64c7b67-4qtbk
2026-08-18 08:46:29.911,0.0071658965033118745,whisper-inference-56d64c7b67-25qsf
2026-08-18 08:46:29.911,0.00463311325764491,whisper-inference-56d64c7b67-4qtbk
2026-08-18 08:46:29.911,0.005687436052735381,whisper-inference-56d64c7b67-wvglr
2026-08-18 08:46:34.911,0.0069958798502939585,whisper-inference-56d64c7b67-25qsf
2026-08-18 08:46:34.911,0.004985394308967858,whisper-inference-56d64c7b67-4qtbk
2026-08-18 08:46:34.911,0.005490495047696506,whisper-inference-56d64c7b67-wvglr
2026-08-18 08:46:39.911,0.007012078404681897,whisper-inference-56d64c7b67-25qsf
2026-08-18 08:46:39.911,0.005490495047696506,whisper-inference-56d64c7b67-wvglr
2026-08-18 08:46:39.911,0.004628496261515571,whisper-inference-56d64c7b67-4qtbk
2026-08-18 08:46:44.911,0.0054547949463534025,whisper-inference-56d64c7b67-wvglr
2026-08-18 08:46:44.911,0.005000396820327942,whisper-inference-56d64c7b67-4qtbk
2026-08-18 08:46:44.911,0.006379259456293267,whisper-inference-56d64c7b67-25qsf
2026-08-18 08:46:49.911,0.005922834918319609,whisper-inference-56d64c7b67-wvglr
2026-08-18 08:46:49.911,0.005000396820327942,whisper-inference-56d64c7b67-4qtbk
2026-08-18 08:46:49.911,0.005537925355028152,whisper-inference-56d64c7b67-25qsf
2026-08-18 08:46:54.911,0.005543205484371226,whisper-inference-56d64c7b67-wvglr
2026-08-18 08:46:54.911,0.005000396820327942,whisper-inference-56d64c7b67-4qtbk
2026-08-18 08:46:54.911,0.00641541858854173,whisper-inference-56d64c7b67-25qsf
2026-08-18 08:46:59.911,0.004180228719554537,whisper-inference-56d64c7b67-wvglr
2026-08-18 08:46:59.911,0.0029804166778159393,whisper-inference-56d64c7b67-4qtbk
2026-08-18 08:46:59.911,0.0058982961246540015,whisper-inference-56d64c7b67-25qsf
2026-08-18 08:47:04.911,0.0025240623691176424,whisper-inference-56d64c7b67-wvglr
2026-08-18 08:47:04.911,0.005284218157807524,whisper-inference-56d64c7b67-25qsf
2026-08-18 08:47:04.911,0.0029804166778159393,whisper-inference-56d64c7b67-4qtbk
2026-08-18 08:47:09.911,0.0027340042070006956,whisper-inference-56d64c7b67-25qsf
2026-08-18 08:47:09.911,0.0029804166778159393,whisper-inference-56d64c7b67-4qtbk
2026-08-18 08:47:09.911,0.0023152733165394453,whisper-inference-56d64c7b67-wvglr
2026-08-18 08:47:14.911,0.0027658524983373315,whisper-inference-56d64c7b67-25qsf
2026-08-18 08:47:14.911,0.0023070506687702316,whisper-inference-56d64c7b67-4qtbk
2026-08-18 08:47:14.911,0.002269651573939676,whisper-inference-56d64c7b67-wvglr
2026-08-18 08:47:19.911,0.0025000660348451897,whisper-inference-56d64c7b67-4qtbk
2026-08-18 08:47:19.911,0.001933002182636691,whisper-inference-56d64c7b67-wvglr
2026-08-18 08:47:19.911,0.0027052412000331226,whisper-inference-56d64c7b67-25qsf
2026-08-18 08:47:24.911,0.001933002182636691,whisper-inference-56d64c7b67-wvglr
2026-08-18 08:47:24.911,0.0027052412000331226,whisper-inference-56d64c7b67-25qsf
2026-08-18 08:47:24.911,0.002156788218580184,whisper-inference-56d64c7b67-4qtbk
2026-08-18 08:47:29.911,0.0019383648513477546,whisper-inference-56d64c7b67-wvglr
2026-08-18 08:47:29.911,0.002801174963193119,whisper-inference-56d64c7b67-25qsf
2026-08-18 08:47:29.911,0.002392153266854858,whisper-inference-56d64c7b67-4qtbk
2026-08-18 08:47:34.911,0.0020192206618174138,whisper-inference-56d64c7b67-wvglr
2026-08-18 08:47:34.911,0.0023493728880548933,whisper-inference-56d64c7b67-4qtbk
2026-08-18 08:47:34.911,0.002861265429323521,whisper-inference-56d64c7b67-25qsf
2026-08-18 08:47:39.911,0.0019756944000788347,whisper-inference-56d64c7b67-4qtbk
2026-08-18 08:47:39.911,0.002861265429323521,whisper-inference-56d64c7b67-25qsf
2026-08-18 08:47:39.911,0.0020192206618174138,whisper-inference-56d64c7b67-wvglr
2026-08-18 08:47:44.911,0.0023481288293358375,whisper-inference-56d64c7b67-4qtbk
2026-08-18 08:47:44.911,0.002695980476167836,whisper-inference-56d64c7b67-25qsf
2026-08-18 08:47:44.911,0.0019432687070029655,whisper-inference-56d64c7b67-wvglr
2026-08-18 08:47:49.911,0.0023481288293358375,whisper-inference-56d64c7b67-4qtbk
2026-08-18 08:47:49.911,0.003391962036381946,whisper-inference-56d64c7b67-25qsf
2026-08-18 08:47:49.911,0.0029756095510151273,whisper-inference-56d64c7b67-wvglr
2026-08-18 08:47:54.911,0.003308933459371702,whisper-inference-56d64c7b67-4qtbk
2026-08-18 08:47:54.911,0.003391962036381946,whisper-inference-56d64c7b67-25qsf
2026-08-18 08:47:54.911,0.003414064134520691,whisper-inference-56d64c7b67-wvglr
2026-08-18 08:47:59.911,0.004980587459745383,whisper-inference-56d64c7b67-4qtbk
2026-08-18 08:47:59.911,0.0044407914771340835,whisper-inference-56d64c7b67-wvglr
2026-08-18 08:47:59.911,0.006107100135697751,whisper-inference-56d64c7b67-25qsf
2026-08-18 08:48:04.911,0.004417331930299999,whisper-inference-56d64c7b67-wvglr
2026-08-18 08:48:04.911,0.006207689604345207,whisper-inference-56d64c7b67-25qsf
2026-08-18 08:48:04.911,0.004980587459745383,whisper-inference-56d64c7b67-4qtbk
2026-08-18 08:48:09.911,0.0040490172566119975,whisper-inference-56d64c7b67-wvglr
2026-08-18 08:48:09.911,0.006727318315030957,whisper-inference-56d64c7b67-25qsf
2026-08-18 08:48:09.911,0.006157750339476085,whisper-inference-56d64c7b67-4qtbk
2026-08-18 08:48:14.911,0.008248647256592582,whisper-inference-56d64c7b67-25qsf
2026-08-18 08:48:14.911,0.0072463971113286355,whisper-inference-56d64c7b67-4qtbk
2026-08-18 08:48:14.911,0.004999311595787184,whisper-inference-56d64c7b67-wvglr
2026-08-18 08:48:19.911,0.010489132096702998,whisper-inference-56d64c7b67-4qtbk
2026-08-18 08:48:19.911,0.0055151335996460405,whisper-inference-56d64c7b67-wvglr
2026-08-18 08:48:19.911,0.01155587001852821,whisper-inference-56d64c7b67-25qsf
2026-08-18 08:48:24.911,0.018962792980768212,whisper-inference-56d64c7b67-4qtbk
2026-08-18 08:48:24.911,0.0055151335996460405,whisper-inference-56d64c7b67-wvglr
2026-08-18 08:48:24.911,0.010815153869863764,whisper-inference-56d64c7b67-25qsf
2026-08-18 08:48:29.911,0.021426338856114793,whisper-inference-56d64c7b67-4qtbk
2026-08-18 08:48:29.911,0.018110445898033976,whisper-inference-56d64c7b67-25qsf
2026-08-18 08:48:29.911,0.018430772850194576,whisper-inference-56d64c7b67-wvglr
2026-08-18 08:48:34.911,0.029479278500507262,whisper-inference-56d64c7b67-25qsf
2026-08-18 08:48:34.911,0.018430772850194576,whisper-inference-56d64c7b67-wvglr
2026-08-18 08:48:34.911,0.01961114482400196,whisper-inference-56d64c7b67-4qtbk
2026-08-18 08:48:39.911,0.029479278500507262,whisper-inference-56d64c7b67-25qsf
2026-08-18 08:48:39.911,0.018430772850194576,whisper-inference-56d64c7b67-wvglr
2026-08-18 08:48:39.911,0.030178736528080365,whisper-inference-56d64c7b67-4qtbk
2026-08-18 08:48:44.911,0.027601848669412732,whisper-inference-56d64c7b67-25qsf
2026-08-18 08:48:44.911,0.019727167432316235,whisper-inference-56d64c7b67-wvglr
2026-08-18 08:48:44.911,0.03711029042547852,whisper-inference-56d64c7b67-4qtbk
2026-08-18 08:48:49.911,0.029409204940309512,whisper-inference-56d64c7b67-25qsf
2026-08-18 08:48:49.911,0.027556956381658764,whisper-inference-56d64c7b67-wvglr
2026-08-18 08:48:49.911,0.03711029042547852,whisper-inference-56d64c7b67-4qtbk
2026-08-18 08:48:54.911,0.029351573272954318,whisper-inference-56d64c7b67-wvglr
2026-08-18 08:48:54.911,0.036314329245319035,whisper-inference-56d64c7b67-4qtbk
2026-08-18 08:48:54.911,0.029409204940309512,whisper-inference-56d64c7b67-25qsf
2026-08-18 08:48:59.911,0.03912113420696253,whisper-inference-56d64c7b67-4qtbk
2026-08-18 08:48:59.911,0.032536463403845424,whisper-inference-56d64c7b67-wvglr
2026-08-18 08:48:59.911,0.03329930074057951,whisper-inference-56d64c7b67-25qsf
2026-08-18 08:49:04.911,0.03912113420696253,whisper-inference-56d64c7b67-4qtbk
2026-08-18 08:49:04.911,0.03476490592909627,whisper-inference-56d64c7b67-wvglr
2026-08-18 08:49:04.911,0.03153459912709829,whisper-inference-56d64c7b67-25qsf
2026-08-18 08:49:09.911,0.030607974239668323,whisper-inference-56d64c7b67-wvglr
2026-08-18 08:49:09.911,0.03164918606876424,whisper-inference-56d64c7b67-25qsf
2026-08-18 08:49:09.911,0.03098388871191171,whisper-inference-56d64c7b67-4qtbk
2026-08-18 08:49:14.911,0.023931166354009475,whisper-inference-56d64c7b67-25qsf
2026-08-18 08:49:14.911,0.03098388871191171,whisper-inference-56d64c7b67-4qtbk
2026-08-18 08:49:14.911,0.03330597871324302,whisper-inference-56d64c7b67-wvglr
2026-08-18 08:49:19.911,0.017602847207395633,whisper-inference-56d64c7b67-25qsf
2026-08-18 08:49:19.911,0.025100989507513632,whisper-inference-56d64c7b67-4qtbk
2026-08-18 08:49:19.911,0.029605398307044506,whisper-inference-56d64c7b67-wvglr
2026-08-18 08:49:24.911,0.019047348708477158,whisper-inference-56d64c7b67-25qsf
2026-08-18 08:49:24.911,0.02921681342600227,whisper-inference-56d64c7b67-wvglr
2026-08-18 08:49:24.911,0.019073880458987506,whisper-inference-56d64c7b67-4qtbk
2026-08-18 08:49:29.911,0.03175458086201595,whisper-inference-56d64c7b67-wvglr
2026-08-18 08:49:29.911,0.019905561322936027,whisper-inference-56d64c7b67-4qtbk
2026-08-18 08:49:29.911,0.016305090414474185,whisper-inference-56d64c7b67-25qsf
2026-08-18 08:49:34.911,0.034388663745370016,whisper-inference-56d64c7b67-wvglr
2026-08-18 08:49:34.911,0.019905561322936027,whisper-inference-56d64c7b67-4qtbk
2026-08-18 08:49:34.911,0.024087670068300364,whisper-inference-56d64c7b67-25qsf
2026-08-18 08:49:39.911,0.03659163809877819,whisper-inference-56d64c7b67-wvglr
2026-08-18 08:49:39.911,0.018214748187575104,whisper-inference-56d64c7b67-4qtbk
2026-08-18 08:49:39.911,0.024087670068300364,whisper-inference-56d64c7b67-25qsf
2026-08-18 08:49:44.911,0.03553291614552838,whisper-inference-56d64c7b67-wvglr
2026-08-18 08:49:44.911,0.019181939887020303,whisper-inference-56d64c7b67-4qtbk
2026-08-18 08:49:44.911,0.024366223532692383,whisper-inference-56d64c7b67-25qsf
2026-08-18 08:49:49.911,0.03462619818702363,whisper-inference-56d64c7b67-wvglr
2026-08-18 08:49:49.911,0.026332367051607693,whisper-inference-56d64c7b67-25qsf
2026-08-18 08:49:49.911,0.019181939887020303,whisper-inference-56d64c7b67-4qtbk
2026-08-18 08:49:54.911,0.026332367051607693,whisper-inference-56d64c7b67-25qsf
2026-08-18 08:49:54.911,0.025071430185281292,whisper-inference-56d64c7b67-4qtbk
2026-08-18 08:49:54.911,0.036345656867154554,whisper-inference-56d64c7b67-wvglr
2026-08-18 08:49:59.911,0.028725209499284615,whisper-inference-56d64c7b67-25qsf
2026-08-18 08:49:59.911,0.02507143018528129,whisper-inference-56d64c7b67-4qtbk
2026-08-18 08:49:59.911,0.037481471465364805,whisper-inference-56d64c7b67-wvglr
2026-08-18 08:50:04.911,0.025071430185281292,whisper-inference-56d64c7b67-4qtbk
2026-08-18 08:50:04.911,0.03339217761579072,whisper-inference-56d64c7b67-wvglr
2026-08-18 08:50:04.911,0.027313293417887317,whisper-inference-56d64c7b67-25qsf
2026-08-18 08:50:09.911,0.03224739359839697,whisper-inference-56d64c7b67-wvglr
2026-08-18 08:50:09.911,0.027313293417887317,whisper-inference-56d64c7b67-25qsf
2026-08-18 08:50:09.911,0.023189647629314136,whisper-inference-56d64c7b67-4qtbk
2026-08-18 08:50:14.911,0.036721366248453596,whisper-inference-56d64c7b67-wvglr
2026-08-18 08:50:14.911,0.023176938947260826,whisper-inference-56d64c7b67-25qsf
2026-08-18 08:50:14.911,0.024997909106867847,whisper-inference-56d64c7b67-4qtbk
2026-08-18 08:50:19.911,0.033226157537797146,whisper-inference-56d64c7b67-wvglr
2026-08-18 08:50:19.911,0.02455386511898902,whisper-inference-56d64c7b67-4qtbk
2026-08-18 08:50:19.911,0.022479396002914813,whisper-inference-56d64c7b67-25qsf
2026-08-18 08:50:24.911,0.023980185638318163,whisper-inference-56d64c7b67-4qtbk
2026-08-18 08:50:24.911,0.022479396002914813,whisper-inference-56d64c7b67-25qsf
2026-08-18 08:50:24.911,0.03407520060642862,whisper-inference-56d64c7b67-wvglr
2026-08-18 08:50:29.911,0.025099361914702627,whisper-inference-56d64c7b67-4qtbk
2026-08-18 08:50:29.911,0.022844875892089063,whisper-inference-56d64c7b67-25qsf
2026-08-18 08:50:29.911,0.031152947547669466,whisper-inference-56d64c7b67-wvglr
2026-08-18 08:50:34.911,0.02610225142043287,whisper-inference-56d64c7b67-4qtbk
2026-08-18 08:50:34.911,0.020263944085964727,whisper-inference-56d64c7b67-25qsf
2026-08-18 08:50:34.911,0.031152947547669466,whisper-inference-56d64c7b67-wvglr
2026-08-18 08:50:39.911,0.02610225142043287,whisper-inference-56d64c7b67-4qtbk
2026-08-18 08:50:39.911,0.020263944085964727,whisper-inference-56d64c7b67-25qsf
2026-08-18 08:50:39.911,0.030914863878143045,whisper-inference-56d64c7b67-wvglr
2026-08-18 08:50:44.911,0.018378847896499975,whisper-inference-56d64c7b67-4qtbk
2026-08-18 08:50:44.911,0.030650373882489118,whisper-inference-56d64c7b67-wvglr
2026-08-18 08:50:44.911,0.018805957076420438,whisper-inference-56d64c7b67-25qsf
2026-08-18 08:50:49.911,0.027445580262332524,whisper-inference-56d64c7b67-wvglr
2026-08-18 08:50:49.911,0.018981138389285786,whisper-inference-56d64c7b67-25qsf
2026-08-18 08:50:49.911,0.018378847896499975,whisper-inference-56d64c7b67-4qtbk
2026-08-18 08:50:54.911,0.023514165922083045,whisper-inference-56d64c7b67-wvglr
2026-08-18 08:50:54.911,0.018981138389285782,whisper-inference-56d64c7b67-25qsf
2026-08-18 08:50:54.911,0.017591902911511803,whisper-inference-56d64c7b67-4qtbk
2026-08-18 08:50:59.911,0.015602347848728137,whisper-inference-56d64c7b67-25qsf
2026-08-18 08:50:59.911,0.015421917267583848,whisper-inference-56d64c7b67-4qtbk
2026-08-18 08:50:59.911,0.023514165922083045,whisper-inference-56d64c7b67-wvglr
2026-08-18 08:51:04.911,0.014449647813794129,whisper-inference-56d64c7b67-4qtbk
2026-08-18 08:51:04.911,0.01887113680991432,whisper-inference-56d64c7b67-wvglr
2026-08-18 08:51:04.911,0.013561803993556547,whisper-inference-56d64c7b67-25qsf
2026-08-18 08:51:09.911,0.010772668981259045,whisper-inference-56d64c7b67-4qtbk
2026-08-18 08:51:09.911,0.01887113680991432,whisper-inference-56d64c7b67-wvglr
2026-08-18 08:51:09.911,0.012411589796496762,whisper-inference-56d64c7b67-25qsf
2026-08-18 08:51:14.911,0.010907962012892502,whisper-inference-56d64c7b67-4qtbk
2026-08-18 08:51:14.911,0.012411589796496762,whisper-inference-56d64c7b67-25qsf
2026-08-18 08:51:14.911,0.013714221978459182,whisper-inference-56d64c7b67-wvglr
2026-08-18 08:51:19.911,0.009176223224862409,whisper-inference-56d64c7b67-25qsf
2026-08-18 08:51:19.911,0.007879764154169409,whisper-inference-56d64c7b67-4qtbk
2026-08-18 08:51:19.911,0.012271556536519363,whisper-inference-56d64c7b67-wvglr
2026-08-18 08:51:24.911,0.01039038151100275,whisper-inference-56d64c7b67-25qsf
2026-08-18 08:51:24.911,0.007879764154169409,whisper-inference-56d64c7b67-4qtbk
2026-08-18 08:51:24.911,0.007013938365362148,whisper-inference-56d64c7b67-wvglr
2026-08-18 08:51:29.911,0.0058101122765603285,whisper-inference-56d64c7b67-4qtbk
2026-08-18 08:51:29.911,0.004032816645710464,whisper-inference-56d64c7b67-wvglr
2026-08-18 08:51:29.911,0.00975759090992935,whisper-inference-56d64c7b67-25qsf
2026-08-18 08:51:34.911,0.005772902274504567,whisper-inference-56d64c7b67-wvglr
2026-08-18 08:51:34.911,0.010832054203835761,whisper-inference-56d64c7b67-25qsf
2026-08-18 08:51:34.911,0.012527928918389067,whisper-inference-56d64c7b67-4qtbk
2026-08-18 08:51:39.911,0.00550402841381816,whisper-inference-56d64c7b67-wvglr
2026-08-18 08:51:39.911,0.012077786279333157,whisper-inference-56d64c7b67-25qsf
2026-08-18 08:51:39.911,0.012527928918389067,whisper-inference-56d64c7b67-4qtbk
2026-08-18 08:51:44.911,0.015546829318951289,whisper-inference-56d64c7b67-25qsf
2026-08-18 08:51:44.911,0.015396129621680832,whisper-inference-56d64c7b67-4qtbk
2026-08-18 08:51:44.911,0.007321090948470619,whisper-inference-56d64c7b67-wvglr
2026-08-18 08:51:49.911,0.012245122049998306,whisper-inference-56d64c7b67-4qtbk
2026-08-18 08:51:49.911,0.008312242982037026,whisper-inference-56d64c7b67-wvglr
2026-08-18 08:51:49.911,0.014531338800768092,whisper-inference-56d64c7b67-25qsf
2026-08-18 08:51:54.911,0.012439106848578558,whisper-inference-56d64c7b67-4qtbk
2026-08-18 08:51:54.911,0.009539556403815402,whisper-inference-56d64c7b67-wvglr
2026-08-18 08:51:54.911,0.014531338800768092,whisper-inference-56d64c7b67-25qsf
2026-08-18 08:51:59.911,0.008796675110717942,whisper-inference-56d64c7b67-wvglr
2026-08-18 08:51:59.911,0.01282780846438467,whisper-inference-56d64c7b67-25qsf
2026-08-18 08:51:59.911,0.013853776246208165,whisper-inference-56d64c7b67-4qtbk
2026-08-18 08:52:04.911,0.012079606399681348,whisper-inference-56d64c7b67-25qsf
2026-08-18 08:52:04.911,0.012731212567275042,whisper-inference-56d64c7b67-4qtbk
2026-08-18 08:52:04.911,0.008537116733513248,whisper-inference-56d64c7b67-wvglr
2026-08-18 08:52:09.911,0.010536460377384989,whisper-inference-56d64c7b67-25qsf
2026-08-18 08:52:09.911,0.011831035506764415,whisper-inference-56d64c7b67-4qtbk
2026-08-18 08:52:09.911,0.008537116733513248,whisper-inference-56d64c7b67-wvglr
2026-08-18 08:52:14.911,0.010055200674568401,whisper-inference-56d64c7b67-25qsf
2026-08-18 08:52:14.911,0.007381908835803638,whisper-inference-56d64c7b67-wvglr
2026-08-18 08:52:14.911,0.011831035506764415,whisper-inference-56d64c7b67-4qtbk
2026-08-18 08:52:19.911,0.007414122802470404,whisper-inference-56d64c7b67-wvglr
2026-08-18 08:52:19.911,0.00581757910066233,whisper-inference-56d64c7b67-4qtbk
2026-08-18 08:52:19.911,0.009568644005730976,whisper-inference-56d64c7b67-25qsf
2026-08-18 08:52:24.911,0.007414122802470404,whisper-inference-56d64c7b67-wvglr
2026-08-18 08:52:24.911,0.00581757910066233,whisper-inference-56d64c7b67-4qtbk
2026-08-18 08:52:24.911,0.007758565112184599,whisper-inference-56d64c7b67-25qsf
2026-08-18 08:52:29.911,0.006216067763830949,whisper-inference-56d64c7b67-wvglr
2026-08-18 08:52:29.911,0.005724132200974319,whisper-inference-56d64c7b67-4qtbk
2026-08-18 08:52:29.911,0.0073277613687326906,whisper-inference-56d64c7b67-25qsf
2026-08-18 08:52:34.911,0.00560458214911391,whisper-inference-56d64c7b67-wvglr
2026-08-18 08:52:34.911,0.006434944586620445,whisper-inference-56d64c7b67-4qtbk
2026-08-18 08:52:34.911,0.006949319060250104,whisper-inference-56d64c7b67-25qsf
2026-08-18 08:52:39.911,0.006434944586620444,whisper-inference-56d64c7b67-4qtbk
2026-08-18 08:52:39.911,0.007240602379476573,whisper-inference-56d64c7b67-25qsf
2026-08-18 08:52:39.911,0.005506219263477424,whisper-inference-56d64c7b67-wvglr
2026-08-18 08:52:44.911,0.007240602379476573,whisper-inference-56d64c7b67-25qsf
2026-08-18 08:52:44.911,0.006434944586620444,whisper-inference-56d64c7b67-4qtbk
2026-08-18 08:52:44.911,0.005916946474869752,whisper-inference-56d64c7b67-wvglr
2026-08-18 08:52:49.911,0.007814944393414496,whisper-inference-56d64c7b67-25qsf
2026-08-18 08:52:49.911,0.010493079729165435,whisper-inference-56d64c7b67-4qtbk
2026-08-18 08:52:49.911,0.006672975335481439,whisper-inference-56d64c7b67-wvglr
2026-08-18 08:52:54.911,0.010983018624589367,whisper-inference-56d64c7b67-4qtbk
2026-08-18 08:52:54.911,0.006672975335481439,whisper-inference-56d64c7b67-wvglr
2026-08-18 08:52:54.911,0.009398772635499267,whisper-inference-56d64c7b67-25qsf
2026-08-18 08:52:59.911,0.00752231926669278,whisper-inference-56d64c7b67-wvglr
2026-08-18 08:52:59.911,0.007448438612741531,whisper-inference-56d64c7b67-25qsf
2026-08-18 08:52:59.911,0.012393345275556083,whisper-inference-56d64c7b67-4qtbk
2026-08-18 08:53:04.911,0.007814886426094183,whisper-inference-56d64c7b67-wvglr
2026-08-18 08:53:04.911,0.012048838837425805,whisper-inference-56d64c7b67-25qsf
2026-08-18 08:53:04.911,0.01385011158582912,whisper-inference-56d64c7b67-4qtbk
2026-08-18 08:53:09.911,0.009743300191584845,whisper-inference-56d64c7b67-wvglr
2026-08-18 08:53:09.911,0.017331493800068307,whisper-inference-56d64c7b67-4qtbk
2026-08-18 08:53:09.911,0.012702673558193583,whisper-inference-56d64c7b67-25qsf
2026-08-18 08:53:14.911,0.016565587200511857,whisper-inference-56d64c7b67-4qtbk
2026-08-18 08:53:14.911,0.012702673558193583,whisper-inference-56d64c7b67-25qsf
2026-08-18 08:53:14.911,0.009743300191584845,whisper-inference-56d64c7b67-wvglr
2026-08-18 08:53:19.911,0.017350931208932253,whisper-inference-56d64c7b67-4qtbk
2026-08-18 08:53:19.911,0.015158833431352433,whisper-inference-56d64c7b67-25qsf
2026-08-18 08:53:19.911,0.01104863282687847,whisper-inference-56d64c7b67-wvglr
2026-08-18 08:53:24.911,0.016631886907852035,whisper-inference-56d64c7b67-4qtbk
2026-08-18 08:53:24.911,0.014758815427884351,whisper-inference-56d64c7b67-25qsf
2026-08-18 08:53:24.911,0.01194532582780793,whisper-inference-56d64c7b67-wvglr
2026-08-18 08:53:29.911,0.013989398364857686,whisper-inference-56d64c7b67-4qtbk
2026-08-18 08:53:29.911,0.015554943898866504,whisper-inference-56d64c7b67-25qsf
2026-08-18 08:53:29.911,0.01194532582780793,whisper-inference-56d64c7b67-wvglr
2026-08-18 08:53:34.911,0.014836754236444859,whisper-inference-56d64c7b67-4qtbk
2026-08-18 08:53:34.911,0.01201192582469283,whisper-inference-56d64c7b67-wvglr
2026-08-18 08:53:34.911,0.01513716145222846,whisper-inference-56d64c7b67-25qsf
2026-08-18 08:53:39.911,0.010941492923186627,whisper-inference-56d64c7b67-wvglr
2026-08-18 08:53:39.911,0.014166325938806647,whisper-inference-56d64c7b67-25qsf
2026-08-18 08:53:39.911,0.013739619457111217,whisper-inference-56d64c7b67-4qtbk
2026-08-18 08:53:44.911,0.009996305955252223,whisper-inference-56d64c7b67-wvglr
2026-08-18 08:53:44.911,0.012685076876808591,whisper-inference-56d64c7b67-25qsf
2026-08-18 08:53:44.911,0.012982155731560484,whisper-inference-56d64c7b67-4qtbk
2026-08-18 08:53:49.911,0.010051186211605221,whisper-inference-56d64c7b67-25qsf
2026-08-18 08:53:49.911,0.009885135750341636,whisper-inference-56d64c7b67-4qtbk
2026-08-18 08:53:49.911,0.008165277957311798,whisper-inference-56d64c7b67-wvglr
2026-08-18 08:53:54.911,0.00908268176086004,whisper-inference-56d64c7b67-4qtbk
2026-08-18 08:53:54.911,0.008727328051548666,whisper-inference-56d64c7b67-wvglr
2026-08-18 08:53:54.911,0.008980197539408465,whisper-inference-56d64c7b67-25qsf
2026-08-18 08:53:59.911,0.009808708874080616,whisper-inference-56d64c7b67-4qtbk
2026-08-18 08:53:59.911,0.007471283881302489,whisper-inference-56d64c7b67-wvglr
2026-08-18 08:53:59.911,0.008980197539408465,whisper-inference-56d64c7b67-25qsf
2026-08-18 08:54:04.911,0.009210464723408926,whisper-inference-56d64c7b67-4qtbk
2026-08-18 08:54:04.911,0.008349209714309113,whisper-inference-56d64c7b67-25qsf
2026-08-18 08:54:04.911,0.0069169439287413755,whisper-inference-56d64c7b67-wvglr
2026-08-18 08:54:09.911,0.00781355556719463,whisper-inference-56d64c7b67-25qsf
2026-08-18 08:54:09.911,0.005346819995739372,whisper-inference-56d64c7b67-wvglr
2026-08-18 08:54:09.911,0.009210464723408926,whisper-inference-56d64c7b67-4qtbk
2026-08-18 08:54:14.911,0.008492578106617042,whisper-inference-56d64c7b67-25qsf
2026-08-18 08:54:14.911,0.005457450952343096,whisper-inference-56d64c7b67-wvglr
2026-08-18 08:54:14.911,0.010107742818391236,whisper-inference-56d64c7b67-4qtbk
2026-08-18 08:54:19.911,0.009180985503317298,whisper-inference-56d64c7b67-25qsf
2026-08-18 08:54:19.911,0.00520484166452433,whisper-inference-56d64c7b67-wvglr
2026-08-18 08:54:19.911,0.01057576300546579,whisper-inference-56d64c7b67-4qtbk
2026-08-18 08:54:24.911,0.00928707366432023,whisper-inference-56d64c7b67-25qsf
2026-08-18 08:54:24.911,0.005092688434637057,whisper-inference-56d64c7b67-wvglr
2026-08-18 08:54:24.911,0.011255464340020501,whisper-inference-56d64c7b67-4qtbk
2026-08-18 08:54:29.911,0.009065022267536828,whisper-inference-56d64c7b67-25qsf
2026-08-18 08:54:29.911,0.009812797893567343,whisper-inference-56d64c7b67-4qtbk
2026-08-18 08:54:29.911,0.004454184958665584,whisper-inference-56d64c7b67-wvglr
2026-08-18 08:54:34.911,0.009812797893567343,whisper-inference-56d64c7b67-4qtbk
2026-08-18 08:54:34.911,0.00456763225736554,whisper-inference-56d64c7b67-wvglr
2026-08-18 08:54:34.911,0.007191913844979339,whisper-inference-56d64c7b67-25qsf
2026-08-18 08:54:39.911,0.009311748635543966,whisper-inference-56d64c7b67-4qtbk
2026-08-18 08:54:39.911,0.00456763225736554,whisper-inference-56d64c7b67-wvglr
2026-08-18 08:54:39.911,0.007585234786315138,whisper-inference-56d64c7b67-25qsf
2026-08-18 08:54:44.911,0.004267420139430172,whisper-inference-56d64c7b67-wvglr
2026-08-18 08:54:44.911,0.006474543546602638,whisper-inference-56d64c7b67-25qsf
2026-08-18 08:54:44.911,0.009534982161612627,whisper-inference-56d64c7b67-4qtbk
2026-08-18 08:54:49.911,0.010327840402299967,whisper-inference-56d64c7b67-25qsf
2026-08-18 08:54:49.911,0.009534982161612627,whisper-inference-56d64c7b67-4qtbk
2026-08-18 08:54:49.911,0.007166137852758077,whisper-inference-56d64c7b67-wvglr
2026-08-18 08:54:54.911,0.01090775141151825,whisper-inference-56d64c7b67-25qsf
2026-08-18 08:54:54.911,0.011374226700203228,whisper-inference-56d64c7b67-4qtbk
2026-08-18 08:54:54.911,0.0077937628272190425,whisper-inference-56d64c7b67-wvglr
2026-08-18 08:54:59.911,0.01090775141151825,whisper-inference-56d64c7b67-25qsf
2026-08-18 08:54:59.911,0.007911765654237748,whisper-inference-56d64c7b67-wvglr
2026-08-18 08:54:59.911,0.01400495366718774,whisper-inference-56d64c7b67-4qtbk
2026-08-18 08:55:04.911,0.008300769203801222,whisper-inference-56d64c7b67-wvglr
2026-08-18 08:55:04.911,0.01400495366718774,whisper-inference-56d64c7b67-4qtbk
2026-08-18 08:55:04.911,0.009578879779586782,whisper-inference-56d64c7b67-25qsf
2026-08-18 08:55:09.911,0.007190892410165775,whisper-inference-56d64c7b67-wvglr
2026-08-18 08:55:09.911,0.01335716041202162,whisper-inference-56d64c7b67-4qtbk
2026-08-18 08:55:09.911,0.009167880286205207,whisper-inference-56d64c7b67-25qsf
2026-08-18 08:55:14.911,0.007416101305934836,whisper-inference-56d64c7b67-wvglr
2026-08-18 08:55:14.911,0.014061834633994477,whisper-inference-56d64c7b67-4qtbk
2026-08-18 08:55:14.911,0.010164441772065092,whisper-inference-56d64c7b67-25qsf
2026-08-18 08:55:19.911,0.008190489729829565,whisper-inference-56d64c7b67-wvglr
2026-08-18 08:55:19.911,0.014467493517660331,whisper-inference-56d64c7b67-4qtbk
2026-08-18 08:55:19.911,0.011729798692757951,whisper-inference-56d64c7b67-25qsf
2026-08-18 08:55:24.911,0.008983321755684908,whisper-inference-56d64c7b67-wvglr
2026-08-18 08:55:24.911,0.01172979869275795,whisper-inference-56d64c7b67-25qsf
2026-08-18 08:55:24.911,0.013236976695335505,whisper-inference-56d64c7b67-4qtbk
2026-08-18 08:55:29.911,0.010516552397374694,whisper-inference-56d64c7b67-25qsf
2026-08-18 08:55:29.911,0.013469298941777261,whisper-inference-56d64c7b67-4qtbk
2026-08-18 08:55:29.911,0.007553048820310732,whisper-inference-56d64c7b67-wvglr
2026-08-18 08:55:34.911,0.010370669604649375,whisper-inference-56d64c7b67-25qsf
2026-08-18 08:55:34.911,0.013469298941777261,whisper-inference-56d64c7b67-4qtbk
2026-08-18 08:55:34.911,0.006800226814702437,whisper-inference-56d64c7b67-wvglr
2026-08-18 08:55:39.911,0.01284759390851287,whisper-inference-56d64c7b67-4qtbk
2026-08-18 08:55:39.911,0.005460428135782012,whisper-inference-56d64c7b67-wvglr
2026-08-18 08:55:39.911,0.0076879891677709335,whisper-inference-56d64c7b67-25qsf
2026-08-18 08:55:44.911,0.005460428135782012,whisper-inference-56d64c7b67-wvglr
2026-08-18 08:55:44.911,0.007718937734826497,whisper-inference-56d64c7b67-25qsf
2026-08-18 08:55:44.911,0.008121491676610854,whisper-inference-56d64c7b67-4qtbk
2026-08-18 08:55:49.911,0.005382434958206034,whisper-inference-56d64c7b67-wvglr
2026-08-18 08:55:49.911,0.007507578765763197,whisper-inference-56d64c7b67-25qsf
2026-08-18 08:55:49.911,0.00806534208361208,whisper-inference-56d64c7b67-4qtbk
2026-08-18 08:55:54.911,0.005532113233415479,whisper-inference-56d64c7b67-wvglr
2026-08-18 08:55:54.911,0.007601822944935223,whisper-inference-56d64c7b67-4qtbk
2026-08-18 08:55:54.911,0.007738737652828685,whisper-inference-56d64c7b67-25qsf
2026-08-18 08:55:59.911,0.008582942756765974,whisper-inference-56d64c7b67-4qtbk
2026-08-18 08:55:59.911,0.008315582526647743,whisper-inference-56d64c7b67-25qsf
2026-08-18 08:55:59.911,0.006344294283036567,whisper-inference-56d64c7b67-wvglr
2026-08-18 08:56:04.911,0.008582942756765974,whisper-inference-56d64c7b67-4qtbk
2026-08-18 08:56:04.911,0.008063195308147423,whisper-inference-56d64c7b67-25qsf
2026-08-18 08:56:04.911,0.006344294283036567,whisper-inference-56d64c7b67-wvglr
2026-08-18 08:56:09.911,0.007937346398550843,whisper-inference-56d64c7b67-4qtbk
2026-08-18 08:56:09.911,0.007957010935401264,whisper-inference-56d64c7b67-25qsf
2026-08-18 08:56:09.911,0.005387774059317247,whisper-inference-56d64c7b67-wvglr
2026-08-18 08:56:14.911,0.00819801381608631,whisper-inference-56d64c7b67-4qtbk
2026-08-18 08:56:14.911,0.008755381298679279,whisper-inference-56d64c7b67-25qsf
2026-08-18 08:56:14.911,0.004632647851925982,whisper-inference-56d64c7b67-wvglr
2026-08-18 08:56:19.911,0.008061197369736966,whisper-inference-56d64c7b67-25qsf
2026-08-18 08:56:19.911,0.0043271208550467,whisper-inference-56d64c7b67-wvglr
2026-08-18 08:56:19.911,0.008111308497876672,whisper-inference-56d64c7b67-4qtbk
2026-08-18 08:56:24.911,0.004609587648562211,whisper-inference-56d64c7b67-wvglr
2026-08-18 08:56:24.911,0.008061197369736966,whisper-inference-56d64c7b67-25qsf
2026-08-18 08:56:24.911,0.008102382806215554,whisper-inference-56d64c7b67-4qtbk
2026-08-18 08:56:29.911,0.004609587648562211,whisper-inference-56d64c7b67-wvglr
2026-08-18 08:56:29.911,0.007357088699482226,whisper-inference-56d64c7b67-25qsf
2026-08-18 08:56:29.911,0.007298787142130839,whisper-inference-56d64c7b67-4qtbk
2026-08-18 08:56:34.911,0.006838776663989394,whisper-inference-56d64c7b67-25qsf
2026-08-18 08:56:34.911,0.006859454512635459,whisper-inference-56d64c7b67-4qtbk
2026-08-18 08:56:34.911,0.004609587648562211,whisper-inference-56d64c7b67-wvglr
2026-08-18 08:56:39.911,0.006887862871526046,whisper-inference-56d64c7b67-4qtbk
2026-08-18 08:56:39.911,0.00333955503856263,whisper-inference-56d64c7b67-wvglr
2026-08-18 08:56:39.911,0.006415883731550833,whisper-inference-56d64c7b67-25qsf
2026-08-18 08:56:44.911,0.006745452795010891,whisper-inference-56d64c7b67-4qtbk
2026-08-18 08:56:44.911,0.00333955503856263,whisper-inference-56d64c7b67-wvglr
2026-08-18 08:56:44.911,0.006142272922252902,whisper-inference-56d64c7b67-25qsf
2026-08-18 08:56:49.911,0.005784142524919612,whisper-inference-56d64c7b67-4qtbk
2026-08-18 08:56:49.911,0.006142272922252902,whisper-inference-56d64c7b67-25qsf
2026-08-18 08:56:49.911,0.0034700809666164305,whisper-inference-56d64c7b67-wvglr
2026-08-18 08:56:54.911,0.004537890923743335,whisper-inference-56d64c7b67-25qsf
2026-08-18 08:56:54.911,0.0031560506723350397,whisper-inference-56d64c7b67-wvglr
2026-08-18 08:56:54.911,0.006012366186441113,whisper-inference-56d64c7b67-4qtbk
2026-08-18 08:56:59.911,0.0060907184556210255,whisper-inference-56d64c7b67-25qsf
2026-08-18 08:56:59.911,0.003233527089821117,whisper-inference-56d64c7b67-wvglr
2026-08-18 08:56:59.911,0.005950855153093368,whisper-inference-56d64c7b67-4qtbk
2026-08-18 08:57:04.911,0.0060907184556210255,whisper-inference-56d64c7b67-25qsf
2026-08-18 08:57:04.911,0.003017743349033135,whisper-inference-56d64c7b67-wvglr
2026-08-18 08:57:04.911,0.00796058657449059,whisper-inference-56d64c7b67-4qtbk
2026-08-18 08:57:09.911,0.013210907420811768,whisper-inference-56d64c7b67-25qsf
2026-08-18 08:57:09.911,0.014158187079458567,whisper-inference-56d64c7b67-wvglr
2026-08-18 08:57:09.911,0.012787211389577703,whisper-inference-56d64c7b67-4qtbk
2026-08-18 08:57:14.911,0.013210907420811768,whisper-inference-56d64c7b67-25qsf
2026-08-18 08:57:14.911,0.02058162406487705,whisper-inference-56d64c7b67-4qtbk
2026-08-18 08:57:14.911,0.014158187079458567,whisper-inference-56d64c7b67-wvglr
2026-08-18 08:57:19.911,0.024005821464745856,whisper-inference-56d64c7b67-4qtbk
2026-08-18 08:57:19.911,0.019534055391158968,whisper-inference-56d64c7b67-wvglr
2026-08-18 08:57:19.911,0.024096954670821756,whisper-inference-56d64c7b67-25qsf
2026-08-18 08:57:24.911,0.024005821464745863,whisper-inference-56d64c7b67-4qtbk
2026-08-18 08:57:24.911,0.021051866024635782,whisper-inference-56d64c7b67-wvglr
2026-08-18 08:57:24.911,0.022391536687854294,whisper-inference-56d64c7b67-25qsf
2026-08-18 08:57:29.911,0.022570074251000206,whisper-inference-56d64c7b67-wvglr
2026-08-18 08:57:29.911,0.023870324247611686,whisper-inference-56d64c7b67-25qsf
2026-08-18 08:57:29.911,0.02145689312622681,whisper-inference-56d64c7b67-4qtbk
2026-08-18 08:57:34.911,0.02486334529477266,whisper-inference-56d64c7b67-25qsf
2026-08-18 08:57:34.911,0.028347533694393797,whisper-inference-56d64c7b67-4qtbk
2026-08-18 08:57:34.911,0.021651232673539213,whisper-inference-56d64c7b67-wvglr
2026-08-18 08:57:39.911,0.027274402473619022,whisper-inference-56d64c7b67-25qsf
2026-08-18 08:57:39.911,0.028347533694393797,whisper-inference-56d64c7b67-4qtbk
2026-08-18 08:57:39.911,0.026274782480839375,whisper-inference-56d64c7b67-wvglr
2026-08-18 08:57:44.911,0.03110552490064661,whisper-inference-56d64c7b67-25qsf
2026-08-18 08:57:44.911,0.024267589384374427,whisper-inference-56d64c7b67-wvglr
2026-08-18 08:57:44.911,0.028347533694393797,whisper-inference-56d64c7b67-4qtbk
2026-08-18 08:57:49.911,0.016882469853267787,whisper-inference-56d64c7b67-wvglr
2026-08-18 08:57:49.911,0.024071680760149164,whisper-inference-56d64c7b67-4qtbk
2026-08-18 08:57:49.911,0.027438952832322245,whisper-inference-56d64c7b67-25qsf
2026-08-18 08:57:54.911,0.01916197770602453,whisper-inference-56d64c7b67-wvglr
2026-08-18 08:57:54.911,0.021975629186273923,whisper-inference-56d64c7b67-4qtbk
2026-08-18 08:57:54.911,0.02673978781349573,whisper-inference-56d64c7b67-25qsf
2026-08-18 08:57:59.911,0.019161977706024527,whisper-inference-56d64c7b67-wvglr
2026-08-18 08:57:59.911,0.021839847580375667,whisper-inference-56d64c7b67-4qtbk
2026-08-18 08:57:59.911,0.013681559843716036,whisper-inference-56d64c7b67-25qsf
2026-08-18 08:58:04.911,0.019161977706024527,whisper-inference-56d64c7b67-wvglr
2026-08-18 08:58:04.911,0.017804311684769925,whisper-inference-56d64c7b67-4qtbk
2026-08-18 08:58:04.911,0.01802324673370655,whisper-inference-56d64c7b67-25qsf
2026-08-18 08:58:09.911,0.015331405342566516,whisper-inference-56d64c7b67-4qtbk
2026-08-18 08:58:09.911,0.0183712473907895,whisper-inference-56d64c7b67-25qsf
2026-08-18 08:58:09.911,0.014109988090117717,whisper-inference-56d64c7b67-wvglr
2026-08-18 08:58:14.911,0.02056390397749381,whisper-inference-56d64c7b67-25qsf
2026-08-18 08:58:14.911,0.014320306310703221,whisper-inference-56d64c7b67-4qtbk
2026-08-18 08:58:14.911,0.015103125495775352,whisper-inference-56d64c7b67-wvglr
2026-08-18 08:58:19.911,0.01969330410320752,whisper-inference-56d64c7b67-25qsf
2026-08-18 08:58:19.911,0.017541472618520085,whisper-inference-56d64c7b67-4qtbk
2026-08-18 08:58:19.911,0.013373403170772236,whisper-inference-56d64c7b67-wvglr
2026-08-18 08:58:24.911,0.017883525468976702,whisper-inference-56d64c7b67-4qtbk
2026-08-18 08:58:24.911,0.019094860763441333,whisper-inference-56d64c7b67-wvglr
2026-08-18 08:58:24.911,0.023264271623461036,whisper-inference-56d64c7b67-25qsf
2026-08-18 08:58:29.911,0.019094860763441333,whisper-inference-56d64c7b67-wvglr
2026-08-18 08:58:29.911,0.024840712056866124,whisper-inference-56d64c7b67-25qsf
2026-08-18 08:58:29.911,0.017588237948341683,whisper-inference-56d64c7b67-4qtbk
2026-08-18 08:58:34.911,0.021762326827421918,whisper-inference-56d64c7b67-wvglr
2026-08-18 08:58:34.911,0.025672539262659735,whisper-inference-56d64c7b67-25qsf
2026-08-18 08:58:34.911,0.01696750291071256,whisper-inference-56d64c7b67-4qtbk
2026-08-18 08:58:39.911,0.019116538615519298,whisper-inference-56d64c7b67-wvglr
2026-08-18 08:58:39.911,0.018295342728159907,whisper-inference-56d64c7b67-4qtbk
2026-08-18 08:58:39.911,0.025672539262659735,whisper-inference-56d64c7b67-25qsf
2026-08-18 08:58:44.911,0.018295342728159907,whisper-inference-56d64c7b67-4qtbk
2026-08-18 08:58:44.911,0.02084000275882459,whisper-inference-56d64c7b67-wvglr
2026-08-18 08:58:44.911,0.022497465073146823,whisper-inference-56d64c7b67-25qsf
2026-08-18 08:58:49.911,0.015651587667512526,whisper-inference-56d64c7b67-4qtbk
2026-08-18 08:58:49.911,0.023424733863098138,whisper-inference-56d64c7b67-wvglr
2026-08-18 08:58:49.911,0.019835447628379268,whisper-inference-56d64c7b67-25qsf
2026-08-18 08:58:54.911,0.026504255401563558,whisper-inference-56d64c7b67-wvglr
2026-08-18 08:58:54.911,0.018835229384109316,whisper-inference-56d64c7b67-25qsf
2026-08-18 08:58:54.911,0.014524389688503097,whisper-inference-56d64c7b67-4qtbk
2026-08-18 08:58:59.911,0.018326024276490868,whisper-inference-56d64c7b67-25qsf
2026-08-18 08:58:59.911,0.012929966162684381,whisper-inference-56d64c7b67-4qtbk
2026-08-18 08:58:59.911,0.027871132419467703,whisper-inference-56d64c7b67-wvglr
2026-08-18 08:59:04.911,0.014012064602584192,whisper-inference-56d64c7b67-25qsf
2026-08-18 08:59:04.911,0.013020445690299118,whisper-inference-56d64c7b67-4qtbk
2026-08-18 08:59:04.911,0.025369335967097027,whisper-inference-56d64c7b67-wvglr
2026-08-18 08:59:09.911,0.01242291370868831,whisper-inference-56d64c7b67-4qtbk
2026-08-18 08:59:09.911,0.023443139019904535,whisper-inference-56d64c7b67-wvglr
2026-08-18 08:59:09.911,0.011804828437228038,whisper-inference-56d64c7b67-25qsf
2026-08-18 08:59:14.911,0.021843140704105344,whisper-inference-56d64c7b67-wvglr
2026-08-18 08:59:14.911,0.01226784386412668,whisper-inference-56d64c7b67-25qsf
2026-08-18 08:59:14.911,0.011405474723950617,whisper-inference-56d64c7b67-4qtbk
2026-08-18 08:59:19.911,0.021843140704105344,whisper-inference-56d64c7b67-wvglr
2026-08-18 08:59:19.911,0.01226784386412668,whisper-inference-56d64c7b67-25qsf
2026-08-18 08:59:19.911,0.011013339653704334,whisper-inference-56d64c7b67-4qtbk
2026-08-18 08:59:24.911,0.014705454835275748,whisper-inference-56d64c7b67-25qsf
2026-08-18 08:59:24.911,0.011085138008987985,whisper-inference-56d64c7b67-4qtbk
2026-08-18 08:59:24.911,0.020908653156467158,whisper-inference-56d64c7b67-wvglr
2026-08-18 08:59:29.911,0.009691060826894485,whisper-inference-56d64c7b67-4qtbk
2026-08-18 08:59:29.911,0.027632350647000675,whisper-inference-56d64c7b67-wvglr
2026-08-18 08:59:29.911,0.015008465530990816,whisper-inference-56d64c7b67-25qsf
2026-08-18 08:59:34.911,0.007760697264549166,whisper-inference-56d64c7b67-4qtbk
2026-08-18 08:59:34.911,0.027632350647000675,whisper-inference-56d64c7b67-wvglr
2026-08-18 08:59:34.911,0.0140860575852454,whisper-inference-56d64c7b67-25qsf
2026-08-18 08:59:39.911,0.010151784103897553,whisper-inference-56d64c7b67-4qtbk
2026-08-18 08:59:39.911,0.014268081324753802,whisper-inference-56d64c7b67-25qsf
2026-08-18 08:59:39.911,0.02507955473186388,whisper-inference-56d64c7b67-wvglr
2026-08-18 08:59:44.911,0.014418743484839566,whisper-inference-56d64c7b67-25qsf
2026-08-18 08:59:44.911,0.022064679734040856,whisper-inference-56d64c7b67-wvglr
2026-08-18 08:59:44.911,0.010151784103897553,whisper-inference-56d64c7b67-4qtbk
2026-08-18 08:59:49.911,0.01547574481187683,whisper-inference-56d64c7b67-25qsf
2026-08-18 08:59:49.911,0.023964789643700135,whisper-inference-56d64c7b67-wvglr
2026-08-18 08:59:49.911,0.010703324580654844,whisper-inference-56d64c7b67-4qtbk
2026-08-18 08:59:54.911,0.01458433388201906,whisper-inference-56d64c7b67-25qsf
2026-08-18 08:59:54.911,0.02345569805783594,whisper-inference-56d64c7b67-wvglr
2026-08-18 08:59:54.911,0.009949313273687338,whisper-inference-56d64c7b67-4qtbk
2026-08-18 08:59:59.911,0.01459655543886777,whisper-inference-56d64c7b67-25qsf
2026-08-18 08:59:59.911,0.02439803209543606,whisper-inference-56d64c7b67-wvglr
2026-08-18 08:59:59.911,0.009949313273687338,whisper-inference-56d64c7b67-4qtbk
2026-08-18 09:00:04.911,0.02625994622096768,whisper-inference-56d64c7b67-wvglr
2026-08-18 09:00:04.911,0.014054217243697924,whisper-inference-56d64c7b67-4qtbk
2026-08-18 09:00:04.911,0.01193634137911246,whisper-inference-56d64c7b67-25qsf
2026-08-18 09:00:09.911,0.015388178185785849,whisper-inference-56d64c7b67-4qtbk
2026-08-18 09:00:09.911,0.023724205542827007,whisper-inference-56d64c7b67-wvglr
2026-08-18 09:00:09.911,0.01623170288125691,whisper-inference-56d64c7b67-25qsf
2026-08-18 09:00:14.911,0.017294583233112726,whisper-inference-56d64c7b67-4qtbk
2026-08-18 09:00:14.911,0.02795579949064703,whisper-inference-56d64c7b67-wvglr
2026-08-18 09:00:14.911,0.015651497357782217,whisper-inference-56d64c7b67-25qsf
2026-08-18 09:00:19.911,0.032634041337570946,whisper-inference-56d64c7b67-wvglr
2026-08-18 09:00:19.911,0.015522972801599644,whisper-inference-56d64c7b67-25qsf
2026-08-18 09:00:19.911,0.01809342483400691,whisper-inference-56d64c7b67-4qtbk
2026-08-18 09:00:24.911,0.015755022719075598,whisper-inference-56d64c7b67-25qsf
2026-08-18 09:00:24.911,0.020263611163247347,whisper-inference-56d64c7b67-4qtbk
2026-08-18 09:00:24.911,0.032634041337570946,whisper-inference-56d64c7b67-wvglr
2026-08-18 09:00:29.911,0.016256392695905723,whisper-inference-56d64c7b67-25qsf
2026-08-18 09:00:29.911,0.017462586478132047,whisper-inference-56d64c7b67-4qtbk
2026-08-18 09:00:29.911,0.03666301595613391,whisper-inference-56d64c7b67-wvglr
2026-08-18 09:00:34.911,0.014296087715149411,whisper-inference-56d64c7b67-25qsf
2026-08-18 09:00:34.911,0.0328681730604292,whisper-inference-56d64c7b67-wvglr
2026-08-18 09:00:34.911,0.018002404728943235,whisper-inference-56d64c7b67-4qtbk
2026-08-18 09:00:39.911,0.0328681730604292,whisper-inference-56d64c7b67-wvglr
2026-08-18 09:00:39.911,0.019951803979566515,whisper-inference-56d64c7b67-4qtbk
2026-08-18 09:00:39.911,0.014148808780166562,whisper-inference-56d64c7b67-25qsf
2026-08-18 09:00:44.911,0.027782389092962295,whisper-inference-56d64c7b67-wvglr
2026-08-18 09:00:44.911,0.0169670048732598,whisper-inference-56d64c7b67-4qtbk
2026-08-18 09:00:44.911,0.014215002863730827,whisper-inference-56d64c7b67-25qsf
2026-08-18 09:00:49.911,0.029390600748174206,whisper-inference-56d64c7b67-wvglr
2026-08-18 09:00:49.911,0.014922977408438141,whisper-inference-56d64c7b67-4qtbk
2026-08-18 09:00:49.911,0.014037289211491139,whisper-inference-56d64c7b67-25qsf
2026-08-18 09:00:54.911,0.01947610296653942,whisper-inference-56d64c7b67-wvglr
2026-08-18 09:00:54.911,0.012557379686669621,whisper-inference-56d64c7b67-4qtbk
2026-08-18 09:00:54.911,0.00933959775847068,whisper-inference-56d64c7b67-25qsf
2026-08-18 09:00:59.911,0.01708465944608128,whisper-inference-56d64c7b67-wvglr
2026-08-18 09:00:59.911,0.008410262365449233,whisper-inference-56d64c7b67-25qsf
2026-08-18 09:00:59.911,0.010721386622604103,whisper-inference-56d64c7b67-4qtbk
2026-08-18 09:01:04.911,0.0057305361249508895,whisper-inference-56d64c7b67-25qsf
2026-08-18 09:01:04.911,0.005343519201294919,whisper-inference-56d64c7b67-4qtbk
2026-08-18 09:01:04.911,0.01130632426554919,whisper-inference-56d64c7b67-wvglr
2026-08-18 09:01:09.911,0.004846927388297988,whisper-inference-56d64c7b67-25qsf
2026-08-18 09:01:09.911,0.005343519201294919,whisper-inference-56d64c7b67-4qtbk
2026-08-18 09:01:09.911,0.0074128309202633295,whisper-inference-56d64c7b67-wvglr
2026-08-18 09:01:14.911,0.0032785013658591516,whisper-inference-56d64c7b67-4qtbk
2026-08-18 09:01:14.911,0.006287881879011206,whisper-inference-56d64c7b67-wvglr
2026-08-18 09:01:14.911,0.004846927388297988,whisper-inference-56d64c7b67-25qsf
2026-08-18 09:01:19.911,0.004241106095486635,whisper-inference-56d64c7b67-wvglr
2026-08-18 09:01:19.911,0.0046175460940903156,whisper-inference-56d64c7b67-25qsf
2026-08-18 09:01:19.911,0.0030008253544004737,whisper-inference-56d64c7b67-4qtbk
2026-08-18 09:01:24.911,0.0037077703129537566,whisper-inference-56d64c7b67-wvglr
2026-08-18 09:01:24.911,0.004862816545115792,whisper-inference-56d64c7b67-25qsf
2026-08-18 09:01:24.911,0.003933166034314099,whisper-inference-56d64c7b67-4qtbk
2026-08-18 09:01:29.911,0.0015885049109689692,whisper-inference-56d64c7b67-wvglr
2026-08-18 09:01:29.911,0.003933166034314099,whisper-inference-56d64c7b67-4qtbk
2026-08-18 09:01:29.911,0.004862816545115792,whisper-inference-56d64c7b67-25qsf
2026-08-18 09:01:34.911,0.00377460072760467,whisper-inference-56d64c7b67-4qtbk
2026-08-18 09:01:34.911,0.002901210086177823,whisper-inference-56d64c7b67-25qsf
2026-08-18 09:01:34.911,0.0016511437731809094,whisper-inference-56d64c7b67-wvglr
2026-08-18 09:01:39.911,0.003487254707686077,whisper-inference-56d64c7b67-4qtbk
2026-08-18 09:01:39.911,0.003363133077657591,whisper-inference-56d64c7b67-25qsf
2026-08-18 09:01:39.911,0.0016511437731809094,whisper-inference-56d64c7b67-wvglr
2026-08-18 09:01:44.911,0.0038920135589941137,whisper-inference-56d64c7b67-4qtbk
2026-08-18 09:01:44.911,0.003397712147905419,whisper-inference-56d64c7b67-25qsf
2026-08-18 09:01:44.911,0.001623734766260291,whisper-inference-56d64c7b67-wvglr
2026-08-18 09:01:49.911,0.003955883025228042,whisper-inference-56d64c7b67-4qtbk
2026-08-18 09:01:49.911,0.003361980208681727,whisper-inference-56d64c7b67-25qsf
2026-08-18 09:01:49.911,0.0015662266305411922,whisper-inference-56d64c7b67-wvglr
2026-08-18 09:01:54.911,0.003898704486701706,whisper-inference-56d64c7b67-4qtbk
2026-08-18 09:01:54.911,0.0013626661287314422,whisper-inference-56d64c7b67-wvglr
2026-08-18 09:01:54.911,0.003521341224377886,whisper-inference-56d64c7b67-25qsf
2026-08-18 09:01:59.911,0.0016882113787449824,whisper-inference-56d64c7b67-wvglr
2026-08-18 09:01:59.911,0.003521341224377886,whisper-inference-56d64c7b67-25qsf
2026-08-18 09:01:59.911,0.004039295565583771,whisper-inference-56d64c7b67-4qtbk
2026-08-18 09:02:04.911,0.0018196903931164163,whisper-inference-56d64c7b67-wvglr
2026-08-18 09:02:04.911,0.002687818086674919,whisper-inference-56d64c7b67-25qsf
2026-08-18 09:02:04.911,0.0030548038006282478,whisper-inference-56d64c7b67-4qtbk
2026-08-18 09:02:09.911,0.002704908201625556,whisper-inference-56d64c7b67-25qsf
2026-08-18 09:02:09.911,0.003550583726173626,whisper-inference-56d64c7b67-4qtbk
2026-08-18 09:02:09.911,0.0019422879997615466,whisper-inference-56d64c7b67-wvglr
2026-08-18 09:02:14.911,0.003057007442212649,whisper-inference-56d64c7b67-4qtbk
2026-08-18 09:02:14.911,0.0023547845195371867,whisper-inference-56d64c7b67-wvglr
2026-08-18 09:02:14.911,0.002704908201625556,whisper-inference-56d64c7b67-25qsf
2026-08-18 09:02:19.911,0.0035657757835783252,whisper-inference-56d64c7b67-4qtbk
2026-08-18 09:02:19.911,0.002538933126819589,whisper-inference-56d64c7b67-wvglr
2026-08-18 09:02:19.911,0.003331450136409255,whisper-inference-56d64c7b67-25qsf
2026-08-18 09:02:24.911,0.003117406849840643,whisper-inference-56d64c7b67-4qtbk
2026-08-18 09:02:24.911,0.003076661515010732,whisper-inference-56d64c7b67-25qsf
2026-08-18 09:02:24.911,0.002364808196618508,whisper-inference-56d64c7b67-wvglr
2026-08-18 09:02:29.911,0.003166912445797319,whisper-inference-56d64c7b67-25qsf
2026-08-18 09:02:29.911,0.002124829237274249,whisper-inference-56d64c7b67-wvglr
2026-08-18 09:02:29.911,0.0035331941899528264,whisper-inference-56d64c7b67-4qtbk
2026-08-18 09:02:34.911,0.003156617236502086,whisper-inference-56d64c7b67-25qsf
2026-08-18 09:02:34.911,0.0021863107641353265,whisper-inference-56d64c7b67-wvglr
2026-08-18 09:02:34.911,0.0037494645588657966,whisper-inference-56d64c7b67-4qtbk
2026-08-18 09:02:39.911,0.0033596442336432577,whisper-inference-56d64c7b67-25qsf
2026-08-18 09:02:39.911,0.0023433179703067366,whisper-inference-56d64c7b67-wvglr
2026-08-18 09:02:39.911,0.0037494645588657966,whisper-inference-56d64c7b67-4qtbk
2026-08-18 09:02:44.911,0.0033596442336432577,whisper-inference-56d64c7b67-25qsf
2026-08-18 09:02:44.911,0.002263952709615439,whisper-inference-56d64c7b67-wvglr
2026-08-18 09:02:44.911,0.0035030374623264493,whisper-inference-56d64c7b67-4qtbk
2026-08-18 09:02:49.911,0.002200920624999999,whisper-inference-56d64c7b67-25qsf
2026-08-18 09:02:49.911,0.003327520359787063,whisper-inference-56d64c7b67-4qtbk
2026-08-18 09:02:49.911,0.0023311899556720996,whisper-inference-56d64c7b67-wvglr
2026-08-18 09:02:54.911,0.0036106008129708263,whisper-inference-56d64c7b67-4qtbk
2026-08-18 09:02:54.911,0.0022350093065098614,whisper-inference-56d64c7b67-wvglr
2026-08-18 09:02:54.911,0.0027302996026530154,whisper-inference-56d64c7b67-25qsf
2026-08-18 09:02:59.911,0.0030317290561083284,whisper-inference-56d64c7b67-4qtbk
2026-08-18 09:02:59.911,0.0020294671947361847,whisper-inference-56d64c7b67-wvglr
2026-08-18 09:02:59.911,0.0027302996026530154,whisper-inference-56d64c7b67-25qsf
2026-08-18 09:03:04.911,0.0017507809875709243,whisper-inference-56d64c7b67-wvglr
2026-08-18 09:03:04.911,0.0027302996026530154,whisper-inference-56d64c7b67-25qsf
2026-08-18 09:03:04.911,0.002315581277711043,whisper-inference-56d64c7b67-4qtbk
2026-08-18 09:03:09.911,0.0021194723533619307,whisper-inference-56d64c7b67-25qsf
2026-08-18 09:03:09.911,0.002034914168954036,whisper-inference-56d64c7b67-4qtbk
2026-08-18 09:03:09.911,0.0019507668958863597,whisper-inference-56d64c7b67-wvglr
2026-08-18 09:03:14.911,0.0024341885681124736,whisper-inference-56d64c7b67-25qsf
2026-08-18 09:03:14.911,0.00196918322997751,whisper-inference-56d64c7b67-4qtbk
2026-08-18 09:03:14.911,0.002170587072993074,whisper-inference-56d64c7b67-wvglr
2026-08-18 09:03:19.911,0.002297724002973717,whisper-inference-56d64c7b67-25qsf
2026-08-18 09:03:19.911,0.002346431409372012,whisper-inference-56d64c7b67-wvglr
2026-08-18 09:03:19.911,0.0014547022536603364,whisper-inference-56d64c7b67-4qtbk
2026-08-18 09:03:24.911,0.002219431335608092,whisper-inference-56d64c7b67-wvglr
2026-08-18 09:03:24.911,0.0014547022536603364,whisper-inference-56d64c7b67-4qtbk
2026-08-18 09:03:24.911,0.0020831396574949443,whisper-inference-56d64c7b67-25qsf
2026-08-18 09:03:29.911,0.002649424852140158,whisper-inference-56d64c7b67-wvglr
2026-08-18 09:03:29.911,0.0015569476442875972,whisper-inference-56d64c7b67-4qtbk
2026-08-18 09:03:29.911,0.001979703957453757,whisper-inference-56d64c7b67-25qsf
2026-08-18 09:03:34.911,0.0026865252854429604,whisper-inference-56d64c7b67-wvglr
2026-08-18 09:03:34.911,0.001640332707515602,whisper-inference-56d64c7b67-4qtbk
2026-08-18 09:03:34.911,0.001982109667930309,whisper-inference-56d64c7b67-25qsf
2026-08-18 09:03:39.911,0.0028558675337773285,whisper-inference-56d64c7b67-wvglr
2026-08-18 09:03:39.911,0.001640332707515602,whisper-inference-56d64c7b67-4qtbk
2026-08-18 09:03:39.911,0.003243255919422098,whisper-inference-56d64c7b67-25qsf
2026-08-18 09:03:44.911,0.002174712247103124,whisper-inference-56d64c7b67-4qtbk
2026-08-18 09:03:44.911,0.003243255919422098,whisper-inference-56d64c7b67-25qsf
2026-08-18 09:03:44.911,0.0028558675337773285,whisper-inference-56d64c7b67-wvglr
2026-08-18 09:03:49.911,0.004270024992534521,whisper-inference-56d64c7b67-25qsf
2026-08-18 09:03:49.911,0.0035211039238095578,whisper-inference-56d64c7b67-4qtbk
2026-08-18 09:03:49.911,0.002674751699039795,whisper-inference-56d64c7b67-wvglr
2026-08-18 09:03:54.911,0.00470484544756051,whisper-inference-56d64c7b67-25qsf
2026-08-18 09:03:54.911,0.0035211039238095578,whisper-inference-56d64c7b67-4qtbk
2026-08-18 09:03:54.911,0.003154986961528403,whisper-inference-56d64c7b67-wvglr
2026-08-18 09:03:59.911,0.0032618526351681646,whisper-inference-56d64c7b67-4qtbk
2026-08-18 09:03:59.911,0.0034800580205226277,whisper-inference-56d64c7b67-wvglr
2026-08-18 09:03:59.911,0.005185773044645251,whisper-inference-56d64c7b67-25qsf
2026-08-18 09:04:04.911,0.0034800580205226277,whisper-inference-56d64c7b67-wvglr
2026-08-18 09:04:04.911,0.005124983296810097,whisper-inference-56d64c7b67-25qsf
2026-08-18 09:04:04.911,0.0040076232903336236,whisper-inference-56d64c7b67-4qtbk
2026-08-18 09:04:09.911,0.0027844424143741867,whisper-inference-56d64c7b67-wvglr
2026-08-18 09:04:09.911,0.0057947810881701966,whisper-inference-56d64c7b67-25qsf
2026-08-18 09:04:09.911,0.004446007303755318,whisper-inference-56d64c7b67-4qtbk
2026-08-18 09:04:14.911,0.0030309695267298417,whisper-inference-56d64c7b67-wvglr
2026-08-18 09:04:14.911,0.004306284604325115,whisper-inference-56d64c7b67-4qtbk
2026-08-18 09:04:14.911,0.005991116369195136,whisper-inference-56d64c7b67-25qsf
2026-08-18 09:04:19.911,0.004656110534982383,whisper-inference-56d64c7b67-4qtbk
2026-08-18 09:04:19.911,0.005539814114912953,whisper-inference-56d64c7b67-25qsf
2026-08-18 09:04:19.911,0.0028848099038112575,whisper-inference-56d64c7b67-wvglr
2026-08-18 09:04:24.911,0.004656110534982383,whisper-inference-56d64c7b67-4qtbk
2026-08-18 09:04:24.911,0.004828155597960194,whisper-inference-56d64c7b67-25qsf
2026-08-18 09:04:24.911,0.002827486405446094,whisper-inference-56d64c7b67-wvglr
2026-08-18 09:04:29.911,0.002926609476782945,whisper-inference-56d64c7b67-4qtbk
2026-08-18 09:04:29.911,0.0044712525304039475,whisper-inference-56d64c7b67-25qsf
2026-08-18 09:04:29.911,0.0030672961083079626,whisper-inference-56d64c7b67-wvglr
2026-08-18 09:04:34.911,0.0031961127271653896,whisper-inference-56d64c7b67-4qtbk
2026-08-18 09:04:34.911,0.00411681421423837,whisper-inference-56d64c7b67-25qsf
2026-08-18 09:04:34.911,0.0033166351425859197,whisper-inference-56d64c7b67-wvglr
2026-08-18 09:04:39.911,0.0031961127271653896,whisper-inference-56d64c7b67-4qtbk
2026-08-18 09:04:39.911,0.00339828185627043,whisper-inference-56d64c7b67-wvglr
2026-08-18 09:04:39.911,0.004251728745493709,whisper-inference-56d64c7b67-25qsf
2026-08-18 09:04:44.911,0.002828696877567924,whisper-inference-56d64c7b67-wvglr
2026-08-18 09:04:44.911,0.004289774869892444,whisper-inference-56d64c7b67-25qsf
2026-08-18 09:04:44.911,0.002186250323757628,whisper-inference-56d64c7b67-4qtbk
2026-08-18 09:04:49.911,0.0031619414306323854,whisper-inference-56d64c7b67-wvglr
2026-08-18 09:04:49.911,0.0062527697472551545,whisper-inference-56d64c7b67-25qsf
2026-08-18 09:04:49.911,0.004045626816424181,whisper-inference-56d64c7b67-4qtbk
2026-08-18 09:04:54.911,0.0062527697472551545,whisper-inference-56d64c7b67-25qsf
2026-08-18 09:04:54.911,0.0043655534877897455,whisper-inference-56d64c7b67-4qtbk
2026-08-18 09:04:54.911,0.0031619414306323854,whisper-inference-56d64c7b67-wvglr
2026-08-18 09:04:59.911,0.007426702891373331,whisper-inference-56d64c7b67-4qtbk
2026-08-18 09:04:59.911,0.0034337982755666954,whisper-inference-56d64c7b67-wvglr
2026-08-18 09:04:59.911,0.005920997553697774,whisper-inference-56d64c7b67-25qsf
2026-08-18 09:05:04.911,0.007705954511128472,whisper-inference-56d64c7b67-4qtbk
2026-08-18 09:05:04.911,0.003241608297751369,whisper-inference-56d64c7b67-wvglr
2026-08-18 09:05:04.911,0.01008334286299098,whisper-inference-56d64c7b67-25qsf
2026-08-18 09:05:09.911,0.009490934587678568,whisper-inference-56d64c7b67-4qtbk
2026-08-18 09:05:09.911,0.012844161816889303,whisper-inference-56d64c7b67-25qsf
2026-08-18 09:05:09.911,0.002917409098512504,whisper-inference-56d64c7b67-wvglr
2026-08-18 09:05:14.911,0.013814717639838065,whisper-inference-56d64c7b67-25qsf
2026-08-18 09:05:14.911,0.002828171701469789,whisper-inference-56d64c7b67-wvglr
2026-08-18 09:05:14.911,0.009619721031797675,whisper-inference-56d64c7b67-4qtbk
2026-08-18 09:05:19.911,0.012224390344415893,whisper-inference-56d64c7b67-25qsf
2026-08-18 09:05:19.911,0.002828171701469789,whisper-inference-56d64c7b67-wvglr
2026-08-18 09:05:19.911,0.00961758645094183,whisper-inference-56d64c7b67-4qtbk
2026-08-18 09:05:24.911,0.011912121291143003,whisper-inference-56d64c7b67-25qsf
2026-08-18 09:05:24.911,0.0022406629670622367,whisper-inference-56d64c7b67-wvglr
2026-08-18 09:05:24.911,0.00961758645094183,whisper-inference-56d64c7b67-4qtbk
2026-08-18 09:05:29.911,0.011912121291143003,whisper-inference-56d64c7b67-25qsf
2026-08-18 09:05:29.911,0.001388762644890349,whisper-inference-56d64c7b67-wvglr
2026-08-18 09:05:29.911,0.0077502098587654425,whisper-inference-56d64c7b67-4qtbk
2026-08-18 09:05:34.911,0.0015228339923490416,whisper-inference-56d64c7b67-wvglr
2026-08-18 09:05:34.911,0.007719251143169112,whisper-inference-56d64c7b67-4qtbk
2026-08-18 09:05:34.911,0.011606185149326586,whisper-inference-56d64c7b67-25qsf
2026-08-18 09:05:39.911,0.007338194654671323,whisper-inference-56d64c7b67-4qtbk
2026-08-18 09:05:39.911,0.001347101819493054,whisper-inference-56d64c7b67-wvglr
2026-08-18 09:05:39.911,0.00878473528794273,whisper-inference-56d64c7b67-25qsf
2026-08-18 09:05:44.911,0.0038724338009774673,whisper-inference-56d64c7b67-4qtbk
2026-08-18 09:05:44.911,0.0014514123024291989,whisper-inference-56d64c7b67-wvglr
2026-08-18 09:05:44.911,0.004274026453865172,whisper-inference-56d64c7b67-25qsf
2026-08-18 09:05:49.911,0.0010889202784069218,whisper-inference-56d64c7b67-wvglr
2026-08-18 09:05:49.911,0.0017321912381386376,whisper-inference-56d64c7b67-25qsf
2026-08-18 09:05:49.911,0.0021209699093545004,whisper-inference-56d64c7b67-4qtbk
2026-08-18 09:05:54.911,0.0017712820251274456,whisper-inference-56d64c7b67-25qsf
2026-08-18 09:05:54.911,0.0020880951697697485,whisper-inference-56d64c7b67-4qtbk
2026-08-18 09:05:54.911,0.0011696088285234546,whisper-inference-56d64c7b67-wvglr
2026-08-18 09:05:59.911,0.001575775534470991,whisper-inference-56d64c7b67-25qsf
2026-08-18 09:05:59.911,0.002048119960319013,whisper-inference-56d64c7b67-4qtbk
2026-08-18 09:05:59.911,0.0011781744753264897,whisper-inference-56d64c7b67-wvglr
2026-08-18 09:06:04.911,0.0018940194581904307,whisper-inference-56d64c7b67-25qsf
2026-08-18 09:06:04.911,0.0012573041954770394,whisper-inference-56d64c7b67-wvglr
2026-08-18 09:06:04.911,0.0019959654059261926,whisper-inference-56d64c7b67-4qtbk
2026-08-18 09:06:09.911,0.0012937266136233833,whisper-inference-56d64c7b67-wvglr
2026-08-18 09:06:09.911,0.0024597310177849763,whisper-inference-56d64c7b67-25qsf
2026-08-18 09:06:09.911,0.0019230979733109333,whisper-inference-56d64c7b67-4qtbk
2026-08-18 09:06:14.911,0.001335656373852428,whisper-inference-56d64c7b67-wvglr
2026-08-18 09:06:14.911,0.0024100601436294975,whisper-inference-56d64c7b67-25qsf
2026-08-18 09:06:14.911,0.001780839165216412,whisper-inference-56d64c7b67-4qtbk
2026-08-18 09:06:19.911,0.0025840722838643138,whisper-inference-56d64c7b67-25qsf
2026-08-18 09:06:19.911,0.0014844554458703814,whisper-inference-56d64c7b67-4qtbk
2026-08-18 09:06:19.911,0.0013991414997976857,whisper-inference-56d64c7b67-wvglr
2026-08-18 09:06:24.911,0.002024096640161104,whisper-inference-56d64c7b67-4qtbk
2026-08-18 09:06:24.911,0.0013973192101898433,whisper-inference-56d64c7b67-wvglr
2026-08-18 09:06:24.911,0.002550771826210007,whisper-inference-56d64c7b67-25qsf
2026-08-18 09:06:29.911,0.0019000607329979421,whisper-inference-56d64c7b67-4qtbk
2026-08-18 09:06:29.911,0.0013973192101898433,whisper-inference-56d64c7b67-wvglr
2026-08-18 09:06:29.911,0.002360941327705343,whisper-inference-56d64c7b67-25qsf
2026-08-18 09:06:34.911,0.0012601450045442069,whisper-inference-56d64c7b67-wvglr
2026-08-18 09:06:34.911,0.002490189615910028,whisper-inference-56d64c7b67-25qsf
2026-08-18 09:06:34.911,0.0019000607329979421,whisper-inference-56d64c7b67-4qtbk
2026-08-18 09:06:39.911,0.0025042689767447042,whisper-inference-56d64c7b67-25qsf
2026-08-18 09:06:39.911,0.0018831050927681108,whisper-inference-56d64c7b67-4qtbk
2026-08-18 09:06:39.911,0.0013852765663861309,whisper-inference-56d64c7b67-wvglr
2026-08-18 09:06:44.911,0.002075308866273709,whisper-inference-56d64c7b67-25qsf
2026-08-18 09:06:44.911,0.0024376782917272456,whisper-inference-56d64c7b67-4qtbk
2026-08-18 09:06:44.911,0.0015526477747465246,whisper-inference-56d64c7b67-wvglr
2026-08-18 09:06:49.911,0.0024376782917272456,whisper-inference-56d64c7b67-4qtbk
2026-08-18 09:06:49.911,0.0016201349324004017,whisper-inference-56d64c7b67-wvglr
2026-08-18 09:06:49.911,0.0019377746667099487,whisper-inference-56d64c7b67-25qsf
2026-08-18 09:06:54.911,0.0018008069398049045,whisper-inference-56d64c7b67-wvglr
2026-08-18 09:06:54.911,0.0014230365251384678,whisper-inference-56d64c7b67-25qsf
2026-08-18 09:06:54.911,0.0030426044169559728,whisper-inference-56d64c7b67-4qtbk
2026-08-18 09:06:59.911,0.0020388261572588462,whisper-inference-56d64c7b67-wvglr
2026-08-18 09:06:59.911,0.0014230365251384678,whisper-inference-56d64c7b67-25qsf
2026-08-18 09:06:59.911,0.0033181560606400564,whisper-inference-56d64c7b67-4qtbk
2026-08-18 09:07:04.911,0.0023093494045327524,whisper-inference-56d64c7b67-wvglr
2026-08-18 09:07:04.911,0.0033805348423248125,whisper-inference-56d64c7b67-4qtbk
2026-08-18 09:07:04.911,0.0014712022793350404,whisper-inference-56d64c7b67-25qsf
2026-08-18 09:07:09.911,0.0038828660939971456,whisper-inference-56d64c7b67-4qtbk
2026-08-18 09:07:09.911,0.0016734185828115261,whisper-inference-56d64c7b67-25qsf
2026-08-18 09:07:09.911,0.002538665208388513,whisper-inference-56d64c7b67-wvglr
2026-08-18 09:07:14.911,0.0039008276888210965,whisper-inference-56d64c7b67-4qtbk
2026-08-18 09:07:14.911,0.0017130666157118904,whisper-inference-56d64c7b67-25qsf
2026-08-18 09:07:14.911,0.0026818734657262956,whisper-inference-56d64c7b67-wvglr
2026-08-18 09:07:19.911,0.004132900200418487,whisper-inference-56d64c7b67-4qtbk
2026-08-18 09:07:19.911,0.0018305704006062835,whisper-inference-56d64c7b67-25qsf
2026-08-18 09:07:19.911,0.0027565265565099965,whisper-inference-56d64c7b67-wvglr
2026-08-18 09:07:24.911,0.004682555739471527,whisper-inference-56d64c7b67-4qtbk
2026-08-18 09:07:24.911,0.0027647622553430696,whisper-inference-56d64c7b67-25qsf
2026-08-18 09:07:24.911,0.0032808320660659327,whisper-inference-56d64c7b67-wvglr
2026-08-18 09:07:29.911,0.003008507036352409,whisper-inference-56d64c7b67-25qsf
2026-08-18 09:07:29.911,0.003602966677960783,whisper-inference-56d64c7b67-wvglr
2026-08-18 09:07:29.911,0.005406299471821118,whisper-inference-56d64c7b67-4qtbk
2026-08-18 09:07:34.911,0.004570808108414153,whisper-inference-56d64c7b67-wvglr
2026-08-18 09:07:34.911,0.004201333346875376,whisper-inference-56d64c7b67-25qsf
2026-08-18 09:07:34.911,0.006353531615104328,whisper-inference-56d64c7b67-4qtbk
2026-08-18 09:07:39.911,0.005793376225163797,whisper-inference-56d64c7b67-wvglr
2026-08-18 09:07:39.911,0.004603317831782566,whisper-inference-56d64c7b67-25qsf
2026-08-18 09:07:39.911,0.006811434024568355,whisper-inference-56d64c7b67-4qtbk
2026-08-18 09:07:44.911,0.006223592897333246,whisper-inference-56d64c7b67-25qsf
2026-08-18 09:07:44.911,0.007167271376576079,whisper-inference-56d64c7b67-4qtbk
2026-08-18 09:07:44.911,0.00556471863677164,whisper-inference-56d64c7b67-wvglr
2026-08-18 09:07:49.911,0.006531844613986154,whisper-inference-56d64c7b67-4qtbk
2026-08-18 09:07:49.911,0.006195369637271766,whisper-inference-56d64c7b67-wvglr
2026-08-18 09:07:49.911,0.006812055707327491,whisper-inference-56d64c7b67-25qsf
2026-08-18 09:07:54.911,0.008040677148526349,whisper-inference-56d64c7b67-4qtbk
2026-08-18 09:07:54.911,0.006560166765357325,whisper-inference-56d64c7b67-wvglr
2026-08-18 09:07:54.911,0.006977689261142023,whisper-inference-56d64c7b67-25qsf
2026-08-18 09:07:59.911,0.00814060599700506,whisper-inference-56d64c7b67-4qtbk
2026-08-18 09:07:59.911,0.006150474510626622,whisper-inference-56d64c7b67-25qsf
2026-08-18 09:07:59.911,0.006385144970154192,whisper-inference-56d64c7b67-wvglr
2026-08-18 09:08:04.911,0.006273931973543359,whisper-inference-56d64c7b67-25qsf
2026-08-18 09:08:04.911,0.007765788059351185,whisper-inference-56d64c7b67-wvglr
2026-08-18 09:08:04.911,0.007776240210282427,whisper-inference-56d64c7b67-4qtbk
2026-08-18 09:08:09.911,0.006150082401369678,whisper-inference-56d64c7b67-25qsf
2026-08-18 09:08:09.911,0.008159396925587816,whisper-inference-56d64c7b67-wvglr
2026-08-18 09:08:09.911,0.00727283661687275,whisper-inference-56d64c7b67-4qtbk
2026-08-18 09:08:14.911,0.005736307279941754,whisper-inference-56d64c7b67-25qsf
2026-08-18 09:08:14.911,0.0077729703474445945,whisper-inference-56d64c7b67-wvglr
2026-08-18 09:08:14.911,0.00727283661687275,whisper-inference-56d64c7b67-4qtbk
2026-08-18 09:08:19.911,0.00460285772407967,whisper-inference-56d64c7b67-25qsf
2026-08-18 09:08:19.911,0.007755024644939445,whisper-inference-56d64c7b67-wvglr
2026-08-18 09:08:19.911,0.00701237420971593,whisper-inference-56d64c7b67-4qtbk
2026-08-18 09:08:24.911,0.005203463105744106,whisper-inference-56d64c7b67-25qsf
2026-08-18 09:08:24.911,0.006092250673864548,whisper-inference-56d64c7b67-4qtbk
2026-08-18 09:08:24.911,0.006690117771201014,whisper-inference-56d64c7b67-wvglr
2026-08-18 09:08:29.911,0.011444467291005634,whisper-inference-56d64c7b67-4qtbk
2026-08-18 09:08:29.911,0.009318938186332174,whisper-inference-56d64c7b67-wvglr
2026-08-18 09:08:29.911,0.005203463105744105,whisper-inference-56d64c7b67-25qsf
2026-08-18 09:08:34.911,0.012849465968529046,whisper-inference-56d64c7b67-4qtbk
2026-08-18 09:08:34.911,0.009821811107301636,whisper-inference-56d64c7b67-wvglr
2026-08-18 09:08:34.911,0.008148412393352275,whisper-inference-56d64c7b67-25qsf
2026-08-18 09:08:39.911,0.012829798810895063,whisper-inference-56d64c7b67-wvglr
2026-08-18 09:08:39.911,0.010591699438396867,whisper-inference-56d64c7b67-25qsf
2026-08-18 09:08:39.911,0.014245151826642329,whisper-inference-56d64c7b67-4qtbk
2026-08-18 09:08:44.911,0.013331929231262335,whisper-inference-56d64c7b67-25qsf
2026-08-18 09:08:44.911,0.015363223001406037,whisper-inference-56d64c7b67-4qtbk
2026-08-18 09:08:44.911,0.0183785777479114,whisper-inference-56d64c7b67-wvglr
2026-08-18 09:08:49.911,0.016313799816880293,whisper-inference-56d64c7b67-25qsf
2026-08-18 09:08:49.911,0.016366704928297327,whisper-inference-56d64c7b67-4qtbk
2026-08-18 09:08:49.911,0.023481716302774933,whisper-inference-56d64c7b67-wvglr
2026-08-18 09:08:54.911,0.017048575698421838,whisper-inference-56d64c7b67-25qsf
2026-08-18 09:08:54.911,0.023481716302774933,whisper-inference-56d64c7b67-wvglr
2026-08-18 09:08:54.911,0.019422188780089174,whisper-inference-56d64c7b67-4qtbk
2026-08-18 09:08:59.911,0.028884509215431058,whisper-inference-56d64c7b67-wvglr
2026-08-18 09:08:59.911,0.022988632407346603,whisper-inference-56d64c7b67-4qtbk
2026-08-18 09:08:59.911,0.024322990326775783,whisper-inference-56d64c7b67-25qsf
2026-08-18 09:09:04.911,0.03144351479980703,whisper-inference-56d64c7b67-wvglr
2026-08-18 09:09:04.911,0.023923030330387368,whisper-inference-56d64c7b67-4qtbk
2026-08-18 09:09:04.911,0.026492275750165335,whisper-inference-56d64c7b67-25qsf
2026-08-18 09:09:09.911,0.03460839920243929,whisper-inference-56d64c7b67-wvglr
2026-08-18 09:09:09.911,0.023023824768866635,whisper-inference-56d64c7b67-4qtbk
2026-08-18 09:09:09.911,0.027287047506180714,whisper-inference-56d64c7b67-25qsf
2026-08-18 09:09:14.911,0.03773849902182852,whisper-inference-56d64c7b67-wvglr
2026-08-18 09:09:14.911,0.025541750755414698,whisper-inference-56d64c7b67-4qtbk
2026-08-18 09:09:14.911,0.02819104105468282,whisper-inference-56d64c7b67-25qsf
2026-08-18 09:09:19.911,0.036405524190799114,whisper-inference-56d64c7b67-wvglr
2026-08-18 09:09:19.911,0.029780580094725267,whisper-inference-56d64c7b67-25qsf
2026-08-18 09:09:19.911,0.029639906051846892,whisper-inference-56d64c7b67-4qtbk
2026-08-18 09:09:24.911,0.03208722267134494,whisper-inference-56d64c7b67-25qsf
2026-08-18 09:09:24.911,0.029639906051846892,whisper-inference-56d64c7b67-4qtbk
2026-08-18 09:09:24.911,0.0360964574296926,whisper-inference-56d64c7b67-wvglr
2026-08-18 09:09:29.911,0.03143007036181036,whisper-inference-56d64c7b67-25qsf
2026-08-18 09:09:29.911,0.03287988432239202,whisper-inference-56d64c7b67-4qtbk
2026-08-18 09:09:29.911,0.03741563098349261,whisper-inference-56d64c7b67-wvglr
2026-08-18 09:09:34.911,0.028320476221523342,whisper-inference-56d64c7b67-4qtbk
2026-08-18 09:09:34.911,0.03566108865384996,whisper-inference-56d64c7b67-wvglr
2026-08-18 09:09:34.911,0.029542595108459923,whisper-inference-56d64c7b67-25qsf
2026-08-18 09:09:39.911,0.03486528033527332,whisper-inference-56d64c7b67-wvglr
2026-08-18 09:09:39.911,0.02734790968417242,whisper-inference-56d64c7b67-25qsf
2026-08-18 09:09:39.911,0.025792483678485995,whisper-inference-56d64c7b67-4qtbk
2026-08-18 09:09:44.911,0.02838926912390019,whisper-inference-56d64c7b67-wvglr
2026-08-18 09:09:44.911,0.028422870832269048,whisper-inference-56d64c7b67-25qsf
2026-08-18 09:09:44.911,0.027464797711358575,whisper-inference-56d64c7b67-4qtbk
2026-08-18 09:09:49.911,0.029106810377541936,whisper-inference-56d64c7b67-wvglr
2026-08-18 09:09:49.911,0.026172675893427838,whisper-inference-56d64c7b67-4qtbk
2026-08-18 09:09:49.911,0.02821538655992549,whisper-inference-56d64c7b67-25qsf
2026-08-18 09:09:54.911,0.026172675893427838,whisper-inference-56d64c7b67-4qtbk
2026-08-18 09:09:54.911,0.02897224574527141,whisper-inference-56d64c7b67-wvglr
2026-08-18 09:09:54.911,0.02821538655992549,whisper-inference-56d64c7b67-25qsf
2026-08-18 09:09:59.911,0.0208388934472749,whisper-inference-56d64c7b67-4qtbk
2026-08-18 09:09:59.911,0.02738327629458355,whisper-inference-56d64c7b67-wvglr
2026-08-18 09:09:59.911,0.02371171122600315,whisper-inference-56d64c7b67-25qsf
2026-08-18 09:10:04.911,0.02629686464740158,whisper-inference-56d64c7b67-wvglr
2026-08-18 09:10:04.911,0.02526059107690981,whisper-inference-56d64c7b67-25qsf
2026-08-18 09:10:04.911,0.02107086470970091,whisper-inference-56d64c7b67-4qtbk
2026-08-18 09:10:09.911,0.023236337871319616,whisper-inference-56d64c7b67-25qsf
2026-08-18 09:10:09.911,0.02107086470970091,whisper-inference-56d64c7b67-4qtbk
2026-08-18 09:10:09.911,0.02091621020022469,whisper-inference-56d64c7b67-wvglr
2026-08-18 09:10:14.911,0.02237597222782585,whisper-inference-56d64c7b67-25qsf
2026-08-18 09:10:14.911,0.02107086470970091,whisper-inference-56d64c7b67-4qtbk
2026-08-18 09:10:14.911,0.025549671196147324,whisper-inference-56d64c7b67-wvglr
2026-08-18 09:10:19.911,0.01814225893332993,whisper-inference-56d64c7b67-4qtbk
2026-08-18 09:10:19.911,0.02507958829454259,whisper-inference-56d64c7b67-wvglr
2026-08-18 09:10:19.911,0.01992005746109751,whisper-inference-56d64c7b67-25qsf
2026-08-18 09:10:24.911,0.024366520022513997,whisper-inference-56d64c7b67-wvglr
2026-08-18 09:10:24.911,0.019626084885783837,whisper-inference-56d64c7b67-25qsf
2026-08-18 09:10:24.911,0.019590428630324543,whisper-inference-56d64c7b67-4qtbk
2026-08-18 09:10:29.911,0.025792835625350622,whisper-inference-56d64c7b67-wvglr
2026-08-18 09:10:29.911,0.020811429222456435,whisper-inference-56d64c7b67-25qsf
2026-08-18 09:10:29.911,0.019590428630324543,whisper-inference-56d64c7b67-4qtbk
2026-08-18 09:10:34.911,0.02034027156339344,whisper-inference-56d64c7b67-25qsf
2026-08-18 09:10:34.911,0.020694242986276423,whisper-inference-56d64c7b67-4qtbk
2026-08-18 09:10:34.911,0.028454819301895064,whisper-inference-56d64c7b67-wvglr
2026-08-18 09:10:39.911,0.021936792183142935,whisper-inference-56d64c7b67-4qtbk
2026-08-18 09:10:39.911,0.031112031835698217,whisper-inference-56d64c7b67-wvglr
2026-08-18 09:10:39.911,0.02034027156339344,whisper-inference-56d64c7b67-25qsf
2026-08-18 09:10:44.911,0.02177925817118961,whisper-inference-56d64c7b67-4qtbk
2026-08-18 09:10:44.911,0.03156346592151062,whisper-inference-56d64c7b67-wvglr
2026-08-18 09:10:44.911,0.02029559887954087,whisper-inference-56d64c7b67-25qsf
2026-08-18 09:10:49.911,0.02006837443151198,whisper-inference-56d64c7b67-4qtbk
2026-08-18 09:10:49.911,0.019339118241094643,whisper-inference-56d64c7b67-25qsf
2026-08-18 09:10:49.911,0.029510946051469096,whisper-inference-56d64c7b67-wvglr
2026-08-18 09:10:54.911,0.019339118241094643,whisper-inference-56d64c7b67-25qsf
2026-08-18 09:10:54.911,0.024913391105122848,whisper-inference-56d64c7b67-wvglr
2026-08-18 09:10:54.911,0.018248719121794658,whisper-inference-56d64c7b67-4qtbk
2026-08-18 09:10:59.911,0.01658576238656513,whisper-inference-56d64c7b67-25qsf
2026-08-18 09:10:59.911,0.025201384939203538,whisper-inference-56d64c7b67-wvglr
2026-08-18 09:10:59.911,0.018248719121794658,whisper-inference-56d64c7b67-4qtbk
2026-08-18 09:11:04.911,0.01747608701392645,whisper-inference-56d64c7b67-25qsf
2026-08-18 09:11:04.911,0.022563489068428373,whisper-inference-56d64c7b67-wvglr
2026-08-18 09:11:04.911,0.017015221509714858,whisper-inference-56d64c7b67-4qtbk
2026-08-18 09:11:09.911,0.01700010307786394,whisper-inference-56d64c7b67-25qsf
2026-08-18 09:11:09.911,0.021039756577216864,whisper-inference-56d64c7b67-wvglr
2026-08-18 09:11:09.911,0.016664160841424247,whisper-inference-56d64c7b67-4qtbk
2026-08-18 09:11:14.911,0.021426141956272335,whisper-inference-56d64c7b67-wvglr
2026-08-18 09:11:14.911,0.016617190822939304,whisper-inference-56d64c7b67-4qtbk
2026-08-18 09:11:14.911,0.014312721205156056,whisper-inference-56d64c7b67-25qsf
2026-08-18 09:11:19.911,0.016733212575229257,whisper-inference-56d64c7b67-4qtbk
2026-08-18 09:11:19.911,0.016881521069022933,whisper-inference-56d64c7b67-wvglr
2026-08-18 09:11:19.911,0.01766507019343203,whisper-inference-56d64c7b67-25qsf
2026-08-18 09:11:24.911,0.012199653234479097,whisper-inference-56d64c7b67-4qtbk
2026-08-18 09:11:24.911,0.012342018085968246,whisper-inference-56d64c7b67-wvglr
2026-08-18 09:11:24.911,0.015754593353179244,whisper-inference-56d64c7b67-25qsf
2026-08-18 09:11:29.911,0.012342018085968246,whisper-inference-56d64c7b67-wvglr
2026-08-18 09:11:29.911,0.013307028941037202,whisper-inference-56d64c7b67-25qsf
2026-08-18 09:11:29.911,0.012199653234479097,whisper-inference-56d64c7b67-4qtbk
2026-08-18 09:11:34.911,0.013897109590206895,whisper-inference-56d64c7b67-25qsf
2026-08-18 09:11:34.911,0.013690950591314602,whisper-inference-56d64c7b67-4qtbk
2026-08-18 09:11:34.911,0.011156710046219001,whisper-inference-56d64c7b67-wvglr
2026-08-18 09:11:39.911,0.013897109590206895,whisper-inference-56d64c7b67-25qsf
2026-08-18 09:11:39.911,0.013494523807203366,whisper-inference-56d64c7b67-4qtbk
2026-08-18 09:11:39.911,0.00987625284079023,whisper-inference-56d64c7b67-wvglr
2026-08-18 09:11:44.911,0.015586106100075433,whisper-inference-56d64c7b67-25qsf
2026-08-18 09:11:44.911,0.010787015032022755,whisper-inference-56d64c7b67-wvglr
2026-08-18 09:11:44.911,0.01395127867818624,whisper-inference-56d64c7b67-4qtbk
2026-08-18 09:11:49.911,0.01103666351545322,whisper-inference-56d64c7b67-wvglr
2026-08-18 09:11:49.911,0.014680421521072792,whisper-inference-56d64c7b67-4qtbk
2026-08-18 09:11:49.911,0.015353328802188839,whisper-inference-56d64c7b67-25qsf
2026-08-18 09:11:54.911,0.010914010526503927,whisper-inference-56d64c7b67-wvglr
2026-08-18 09:11:54.911,0.013832691049495742,whisper-inference-56d64c7b67-4qtbk
2026-08-18 09:11:54.911,0.015353328802188839,whisper-inference-56d64c7b67-25qsf
2026-08-18 09:11:59.911,0.011035037618144537,whisper-inference-56d64c7b67-wvglr
2026-08-18 09:11:59.911,0.013832691049495742,whisper-inference-56d64c7b67-4qtbk
2026-08-18 09:11:59.911,0.013401823821524085,whisper-inference-56d64c7b67-25qsf
2026-08-18 09:12:04.911,0.00986436271667197,whisper-inference-56d64c7b67-wvglr
2026-08-18 09:12:04.911,0.012445764526026162,whisper-inference-56d64c7b67-4qtbk
2026-08-18 09:12:04.911,0.014072741793665248,whisper-inference-56d64c7b67-25qsf
2026-08-18 09:12:09.911,0.008369327684664966,whisper-inference-56d64c7b67-wvglr
2026-08-18 09:12:09.911,0.012585301075973575,whisper-inference-56d64c7b67-25qsf
2026-08-18 09:12:09.911,0.012763877857630175,whisper-inference-56d64c7b67-4qtbk
2026-08-18 09:12:14.911,0.01205083696347593,whisper-inference-56d64c7b67-25qsf
2026-08-18 09:12:14.911,0.011944340731539294,whisper-inference-56d64c7b67-4qtbk
2026-08-18 09:12:14.911,0.008754738480252579,whisper-inference-56d64c7b67-wvglr
2026-08-18 09:12:19.911,0.011846978501437757,whisper-inference-56d64c7b67-25qsf
2026-08-18 09:12:19.911,0.013628883622521633,whisper-inference-56d64c7b67-4qtbk
2026-08-18 09:12:19.911,0.008000758614302488,whisper-inference-56d64c7b67-wvglr
2026-08-18 09:12:24.911,0.015057957218548529,whisper-inference-56d64c7b67-4qtbk
2026-08-18 09:12:24.911,0.009691923145662156,whisper-inference-56d64c7b67-wvglr
2026-08-18 09:12:24.911,0.011846978501437757,whisper-inference-56d64c7b67-25qsf
2026-08-18 09:12:29.911,0.008799818629883653,whisper-inference-56d64c7b67-wvglr
2026-08-18 09:12:29.911,0.012674101131394975,whisper-inference-56d64c7b67-25qsf
2026-08-18 09:12:29.911,0.015057957218548529,whisper-inference-56d64c7b67-4qtbk
2026-08-18 09:12:34.911,0.010714426335764655,whisper-inference-56d64c7b67-wvglr
2026-08-18 09:12:34.911,0.013695962436029701,whisper-inference-56d64c7b67-25qsf
2026-08-18 09:12:34.911,0.01573754690393879,whisper-inference-56d64c7b67-4qtbk
2026-08-18 09:12:39.911,0.012681767912186826,whisper-inference-56d64c7b67-wvglr
2026-08-18 09:12:39.911,0.017404712681471403,whisper-inference-56d64c7b67-4qtbk
2026-08-18 09:12:39.911,0.013782331393544713,whisper-inference-56d64c7b67-25qsf
2026-08-18 09:12:44.911,0.01869147389999215,whisper-inference-56d64c7b67-4qtbk
2026-08-18 09:12:44.911,0.013186444528122532,whisper-inference-56d64c7b67-25qsf
2026-08-18 09:12:44.911,0.012219432289323286,whisper-inference-56d64c7b67-wvglr
2026-08-18 09:12:49.911,0.01722716933144139,whisper-inference-56d64c7b67-4qtbk
2026-08-18 09:12:49.911,0.0139294848169637,whisper-inference-56d64c7b67-25qsf
2026-08-18 09:12:49.911,0.012768524327649456,whisper-inference-56d64c7b67-wvglr
2026-08-18 09:12:54.911,0.016757049401291704,whisper-inference-56d64c7b67-4qtbk
2026-08-18 09:12:54.911,0.016015297970603137,whisper-inference-56d64c7b67-25qsf
2026-08-18 09:12:54.911,0.013074609419052679,whisper-inference-56d64c7b67-wvglr
2026-08-18 09:12:59.911,0.01861663971432668,whisper-inference-56d64c7b67-4qtbk
2026-08-18 09:12:59.911,0.016015297970603137,whisper-inference-56d64c7b67-25qsf
2026-08-18 09:12:59.911,0.013060995674642143,whisper-inference-56d64c7b67-wvglr
2026-08-18 09:13:04.911,0.018457123659590808,whisper-inference-56d64c7b67-25qsf
2026-08-18 09:13:04.911,0.012765508967919687,whisper-inference-56d64c7b67-wvglr
2026-08-18 09:13:04.911,0.019247960060129896,whisper-inference-56d64c7b67-4qtbk
2026-08-18 09:13:09.911,0.012556373092456644,whisper-inference-56d64c7b67-wvglr
2026-08-18 09:13:09.911,0.016822592887818982,whisper-inference-56d64c7b67-25qsf
2026-08-18 09:13:09.911,0.019027982861101952,whisper-inference-56d64c7b67-4qtbk
2026-08-18 09:13:14.911,0.010844318820051007,whisper-inference-56d64c7b67-wvglr
2026-08-18 09:13:14.911,0.0179343363571281,whisper-inference-56d64c7b67-25qsf
2026-08-18 09:13:14.911,0.01809455022157587,whisper-inference-56d64c7b67-4qtbk
2026-08-18 09:13:19.911,0.017161061554388207,whisper-inference-56d64c7b67-25qsf
2026-08-18 09:13:19.911,0.01625246161788618,whisper-inference-56d64c7b67-4qtbk
2026-08-18 09:13:19.911,0.010501421583226752,whisper-inference-56d64c7b67-wvglr
2026-08-18 09:13:24.911,0.0159317663885553,whisper-inference-56d64c7b67-4qtbk
2026-08-18 09:13:24.911,0.010501421583226752,whisper-inference-56d64c7b67-wvglr
2026-08-18 09:13:24.911,0.016991181970910554,whisper-inference-56d64c7b67-25qsf
2026-08-18 09:13:29.911,0.015188675984361036,whisper-inference-56d64c7b67-4qtbk
2026-08-18 09:13:29.911,0.009465800627360476,whisper-inference-56d64c7b67-wvglr
2026-08-18 09:13:29.911,0.017158820954413137,whisper-inference-56d64c7b67-25qsf
2026-08-18 09:13:34.911,0.015182651968186316,whisper-inference-56d64c7b67-4qtbk
2026-08-18 09:13:34.911,0.017882687902013566,whisper-inference-56d64c7b67-25qsf
2026-08-18 09:13:34.911,0.009650622287713299,whisper-inference-56d64c7b67-wvglr
2026-08-18 09:13:39.911,0.0164701449782211,whisper-inference-56d64c7b67-25qsf
2026-08-18 09:13:39.911,0.01410173440026219,whisper-inference-56d64c7b67-4qtbk
2026-08-18 09:13:39.911,0.009375094740185712,whisper-inference-56d64c7b67-wvglr
2026-08-18 09:13:44.911,0.015703750636240806,whisper-inference-56d64c7b67-25qsf
2026-08-18 09:13:44.911,0.014104220568291897,whisper-inference-56d64c7b67-4qtbk
2026-08-18 09:13:44.911,0.00887500292465317,whisper-inference-56d64c7b67-wvglr
2026-08-18 09:13:49.911,0.012116051405483132,whisper-inference-56d64c7b67-4qtbk
2026-08-18 09:13:49.911,0.010002713065180302,whisper-inference-56d64c7b67-wvglr
2026-08-18 09:13:49.911,0.015025141144945482,whisper-inference-56d64c7b67-25qsf
2026-08-18 09:13:54.911,0.009782803037048402,whisper-inference-56d64c7b67-wvglr
2026-08-18 09:13:54.911,0.011113655231554656,whisper-inference-56d64c7b67-25qsf
2026-08-18 09:13:54.911,0.010470436651926809,whisper-inference-56d64c7b67-4qtbk
2026-08-18 09:13:59.911,0.009349828395071265,whisper-inference-56d64c7b67-wvglr
2026-08-18 09:13:59.911,0.012165629825172277,whisper-inference-56d64c7b67-25qsf
2026-08-18 09:13:59.911,0.010743212808779126,whisper-inference-56d64c7b67-4qtbk
2026-08-18 09:14:04.911,0.011178411546809416,whisper-inference-56d64c7b67-25qsf
2026-08-18 09:14:04.911,0.009985811529546829,whisper-inference-56d64c7b67-4qtbk
2026-08-18 09:14:04.911,0.010775483289335416,whisper-inference-56d64c7b67-wvglr
2026-08-18 09:14:09.911,0.009777205607400231,whisper-inference-56d64c7b67-4qtbk
2026-08-18 09:14:09.911,0.010775483289335416,whisper-inference-56d64c7b67-wvglr
2026-08-18 09:14:09.911,0.010447590635070553,whisper-inference-56d64c7b67-25qsf
2026-08-18 09:14:14.911,0.009192646313002463,whisper-inference-56d64c7b67-4qtbk
2026-08-18 09:14:14.911,0.012434657978946426,whisper-inference-56d64c7b67-wvglr
2026-08-18 09:14:14.911,0.01366433166005276,whisper-inference-56d64c7b67-25qsf
2026-08-18 09:14:19.911,0.012210757488709489,whisper-inference-56d64c7b67-wvglr
2026-08-18 09:14:19.911,0.01366433166005276,whisper-inference-56d64c7b67-25qsf
2026-08-18 09:14:19.911,0.01524295923960913,whisper-inference-56d64c7b67-4qtbk
2026-08-18 09:14:24.911,0.015508438632937938,whisper-inference-56d64c7b67-25qsf
2026-08-18 09:14:24.911,0.01524295923960913,whisper-inference-56d64c7b67-4qtbk
2026-08-18 09:14:24.911,0.013845199975724445,whisper-inference-56d64c7b67-wvglr
2026-08-18 09:14:29.911,0.015639637724735016,whisper-inference-56d64c7b67-25qsf
2026-08-18 09:14:29.911,0.016028913158355463,whisper-inference-56d64c7b67-4qtbk
2026-08-18 09:14:29.911,0.013525159469729767,whisper-inference-56d64c7b67-wvglr
2026-08-18 09:14:34.911,0.01656596427701683,whisper-inference-56d64c7b67-25qsf
2026-08-18 09:14:34.911,0.016221318916739173,whisper-inference-56d64c7b67-wvglr
2026-08-18 09:14:34.911,0.019409409352481616,whisper-inference-56d64c7b67-4qtbk
2026-08-18 09:14:39.911,0.016221318916739173,whisper-inference-56d64c7b67-wvglr
2026-08-18 09:14:39.911,0.01824453545812903,whisper-inference-56d64c7b67-4qtbk
2026-08-18 09:14:39.911,0.019022026569627613,whisper-inference-56d64c7b67-25qsf
2026-08-18 09:14:44.911,0.01671458613209682,whisper-inference-56d64c7b67-wvglr
2026-08-18 09:14:44.911,0.02014270248355831,whisper-inference-56d64c7b67-4qtbk
2026-08-18 09:14:44.911,0.019022026569627613,whisper-inference-56d64c7b67-25qsf
2026-08-18 09:14:49.911,0.015475867075401623,whisper-inference-56d64c7b67-wvglr
2026-08-18 09:14:49.911,0.019476415889989218,whisper-inference-56d64c7b67-4qtbk
2026-08-18 09:14:49.911,0.017992089577585444,whisper-inference-56d64c7b67-25qsf
2026-08-18 09:14:54.911,0.014177037801843893,whisper-inference-56d64c7b67-wvglr
2026-08-18 09:14:54.911,0.019476415889989218,whisper-inference-56d64c7b67-4qtbk
2026-08-18 09:14:54.911,0.019397914951176133,whisper-inference-56d64c7b67-25qsf
2026-08-18 09:14:59.911,0.014387756278461044,whisper-inference-56d64c7b67-4qtbk
2026-08-18 09:14:59.911,0.018881528280388533,whisper-inference-56d64c7b67-25qsf
2026-08-18 09:14:59.911,0.014446728196469527,whisper-inference-56d64c7b67-wvglr
2026-08-18 09:15:04.911,0.018881528280388533,whisper-inference-56d64c7b67-25qsf
2026-08-18 09:15:04.911,0.015193594979772709,whisper-inference-56d64c7b67-4qtbk
2026-08-18 09:15:04.911,0.011401765878944387,whisper-inference-56d64c7b67-wvglr
2026-08-18 09:15:09.911,0.017157548458037082,whisper-inference-56d64c7b67-25qsf
2026-08-18 09:15:09.911,0.015193594979772709,whisper-inference-56d64c7b67-4qtbk
2026-08-18 09:15:09.911,0.012401159097912156,whisper-inference-56d64c7b67-wvglr
2026-08-18 09:15:14.911,0.015193594979772709,whisper-inference-56d64c7b67-4qtbk
2026-08-18 09:15:14.911,0.00833932278650877,whisper-inference-56d64c7b67-wvglr
2026-08-18 09:15:14.911,0.013500816314769551,whisper-inference-56d64c7b67-25qsf
2026-08-18 09:15:19.911,0.010629946598785711,whisper-inference-56d64c7b67-wvglr
2026-08-18 09:15:19.911,0.01486648423714574,whisper-inference-56d64c7b67-25qsf
2026-08-18 09:15:19.911,0.012619624887801498,whisper-inference-56d64c7b67-4qtbk
2026-08-18 09:15:24.911,0.009952932889494497,whisper-inference-56d64c7b67-wvglr
2026-08-18 09:15:24.911,0.01518399720158372,whisper-inference-56d64c7b67-25qsf
2026-08-18 09:15:24.911,0.012619624887801498,whisper-inference-56d64c7b67-4qtbk
2026-08-18 09:15:29.911,0.009254797205126116,whisper-inference-56d64c7b67-wvglr
2026-08-18 09:15:29.911,0.012619624887801498,whisper-inference-56d64c7b67-4qtbk
2026-08-18 09:15:29.911,0.013882255474063672,whisper-inference-56d64c7b67-25qsf
2026-08-18 09:15:34.911,0.011855667243321355,whisper-inference-56d64c7b67-4qtbk
2026-08-18 09:15:34.911,0.013861759625170597,whisper-inference-56d64c7b67-25qsf
2026-08-18 09:15:34.911,0.01411906233284672,whisper-inference-56d64c7b67-wvglr
2026-08-18 09:15:39.911,0.011293284466001655,whisper-inference-56d64c7b67-4qtbk
2026-08-18 09:15:39.911,0.016803105488822873,whisper-inference-56d64c7b67-25qsf
2026-08-18 09:15:39.911,0.01411906233284672,whisper-inference-56d64c7b67-wvglr
2026-08-18 09:15:44.911,0.01129089533325214,whisper-inference-56d64c7b67-4qtbk
2026-08-18 09:15:44.911,0.016803105488822873,whisper-inference-56d64c7b67-25qsf
2026-08-18 09:15:44.911,0.01569367810774944,whisper-inference-56d64c7b67-wvglr
2026-08-18 09:15:49.911,0.0114569375705688,whisper-inference-56d64c7b67-4qtbk
2026-08-18 09:15:49.911,0.016466139362069684,whisper-inference-56d64c7b67-25qsf
2026-08-18 09:15:49.911,0.015890070987932475,whisper-inference-56d64c7b67-wvglr
2026-08-18 09:15:54.911,0.0114569375705688,whisper-inference-56d64c7b67-4qtbk
2026-08-18 09:15:54.911,0.015383578040535448,whisper-inference-56d64c7b67-wvglr
2026-08-18 09:15:54.911,0.01749194189798966,whisper-inference-56d64c7b67-25qsf
2026-08-18 09:15:59.911,0.014429203529519236,whisper-inference-56d64c7b67-wvglr
2026-08-18 09:15:59.911,0.01993438800394622,whisper-inference-56d64c7b67-25qsf
2026-08-18 09:15:59.911,0.009718642257647195,whisper-inference-56d64c7b67-4qtbk
2026-08-18 09:16:04.911,0.01659457794170166,whisper-inference-56d64c7b67-wvglr
2026-08-18 09:16:04.911,0.01857551040947424,whisper-inference-56d64c7b67-25qsf
2026-08-18 09:16:04.911,0.01501270166982834,whisper-inference-56d64c7b67-4qtbk
2026-08-18 09:16:09.911,0.022584918561872558,whisper-inference-56d64c7b67-25qsf
2026-08-18 09:16:09.911,0.01501270166982834,whisper-inference-56d64c7b67-4qtbk
2026-08-18 09:16:09.911,0.017417627726836624,whisper-inference-56d64c7b67-wvglr
2026-08-18 09:16:14.911,0.016172297038443917,whisper-inference-56d64c7b67-4qtbk
2026-08-18 09:16:14.911,0.01742875282377475,whisper-inference-56d64c7b67-wvglr
2026-08-18 09:16:14.911,0.020126723359004922,whisper-inference-56d64c7b67-25qsf
2026-08-18 09:16:19.911,0.019189252752541137,whisper-inference-56d64c7b67-4qtbk
2026-08-18 09:16:19.911,0.015004749970910808,whisper-inference-56d64c7b67-wvglr
2026-08-18 09:16:19.911,0.02184281596646729,whisper-inference-56d64c7b67-25qsf
2026-08-18 09:16:24.911,0.019189252752541137,whisper-inference-56d64c7b67-4qtbk
2026-08-18 09:16:24.911,0.021603828370263457,whisper-inference-56d64c7b67-25qsf
2026-08-18 09:16:24.911,0.014916094395182832,whisper-inference-56d64c7b67-wvglr
2026-08-18 09:16:29.911,0.021603828370263457,whisper-inference-56d64c7b67-25qsf
2026-08-18 09:16:29.911,0.01627606133895849,whisper-inference-56d64c7b67-wvglr
2026-08-18 09:16:29.911,0.017593239821151425,whisper-inference-56d64c7b67-4qtbk
2026-08-18 09:16:34.911,0.02298626309134472,whisper-inference-56d64c7b67-25qsf
2026-08-18 09:16:34.911,0.018308738604424793,whisper-inference-56d64c7b67-wvglr
2026-08-18 09:16:34.911,0.021139296759962307,whisper-inference-56d64c7b67-4qtbk
2026-08-18 09:16:39.911,0.024058847478047367,whisper-inference-56d64c7b67-25qsf
2026-08-18 09:16:39.911,0.018055195301999144,whisper-inference-56d64c7b67-wvglr
2026-08-18 09:16:39.911,0.020780569977356743,whisper-inference-56d64c7b67-4qtbk
2026-08-18 09:16:44.911,0.024058847478047367,whisper-inference-56d64c7b67-25qsf
2026-08-18 09:16:44.911,0.0176760951996638,whisper-inference-56d64c7b67-wvglr
2026-08-18 09:16:44.911,0.020626005274998156,whisper-inference-56d64c7b67-4qtbk
2026-08-18 09:16:49.911,0.022279774295064635,whisper-inference-56d64c7b67-25qsf
2026-08-18 09:16:49.911,0.021219458751119535,whisper-inference-56d64c7b67-4qtbk
2026-08-18 09:16:49.911,0.01807265475014156,whisper-inference-56d64c7b67-wvglr
2026-08-18 09:16:54.911,0.021219458751119535,whisper-inference-56d64c7b67-4qtbk
2026-08-18 09:16:54.911,0.01842329090948691,whisper-inference-56d64c7b67-wvglr
2026-08-18 09:16:54.911,0.02592500221065317,whisper-inference-56d64c7b67-25qsf
2026-08-18 09:16:59.911,0.020563218191824273,whisper-inference-56d64c7b67-4qtbk
2026-08-18 09:16:59.911,0.01834670231006596,whisper-inference-56d64c7b67-wvglr
2026-08-18 09:16:59.911,0.026264717622483197,whisper-inference-56d64c7b67-25qsf
2026-08-18 09:17:04.911,0.01834670231006596,whisper-inference-56d64c7b67-wvglr
2026-08-18 09:17:04.911,0.022855240030407162,whisper-inference-56d64c7b67-25qsf
2026-08-18 09:17:04.911,0.019862441250609826,whisper-inference-56d64c7b67-4qtbk
2026-08-18 09:17:09.911,0.024780014718162255,whisper-inference-56d64c7b67-25qsf
2026-08-18 09:17:09.911,0.019181762136845883,whisper-inference-56d64c7b67-4qtbk
2026-08-18 09:17:09.911,0.015975833192795195,whisper-inference-56d64c7b67-wvglr
2026-08-18 09:17:14.911,0.024780014718162255,whisper-inference-56d64c7b67-25qsf
2026-08-18 09:17:14.911,0.01677215075673789,whisper-inference-56d64c7b67-4qtbk
2026-08-18 09:17:14.911,0.015901289668237402,whisper-inference-56d64c7b67-wvglr
2026-08-18 09:17:19.911,0.02387205126115563,whisper-inference-56d64c7b67-25qsf
2026-08-18 09:17:19.911,0.015115474439122019,whisper-inference-56d64c7b67-wvglr
2026-08-18 09:17:19.911,0.018413375363871817,whisper-inference-56d64c7b67-4qtbk
2026-08-18 09:17:24.911,0.013390462685315605,whisper-inference-56d64c7b67-wvglr
2026-08-18 09:17:24.911,0.01766578421641394,whisper-inference-56d64c7b67-4qtbk
2026-08-18 09:17:24.911,0.02234124602713867,whisper-inference-56d64c7b67-25qsf
2026-08-18 09:17:29.911,0.014549703909826087,whisper-inference-56d64c7b67-wvglr
2026-08-18 09:17:29.911,0.016312807894178712,whisper-inference-56d64c7b67-4qtbk
2026-08-18 09:17:29.911,0.02234124602713867,whisper-inference-56d64c7b67-25qsf
2026-08-18 09:17:34.911,0.013942604116228469,whisper-inference-56d64c7b67-wvglr
2026-08-18 09:17:34.911,0.01641567713819987,whisper-inference-56d64c7b67-4qtbk
2026-08-18 09:17:34.911,0.019793009604464982,whisper-inference-56d64c7b67-25qsf
2026-08-18 09:17:39.911,0.012335754156202819,whisper-inference-56d64c7b67-wvglr
2026-08-18 09:17:39.911,0.013873925509608151,whisper-inference-56d64c7b67-4qtbk
2026-08-18 09:17:39.911,0.017875636317124126,whisper-inference-56d64c7b67-25qsf
2026-08-18 09:17:44.911,0.011029951407815031,whisper-inference-56d64c7b67-wvglr
2026-08-18 09:17:44.911,0.01709411588387772,whisper-inference-56d64c7b67-25qsf
2026-08-18 09:17:44.911,0.014215184936392032,whisper-inference-56d64c7b67-4qtbk
2026-08-18 09:17:49.911,0.018132628802993815,whisper-inference-56d64c7b67-25qsf
2026-08-18 09:17:49.911,0.014527061626788417,whisper-inference-56d64c7b67-4qtbk
2026-08-18 09:17:49.911,0.011481159613562537,whisper-inference-56d64c7b67-wvglr
2026-08-18 09:17:54.911,0.01874237537240556,whisper-inference-56d64c7b67-25qsf
2026-08-18 09:17:54.911,0.014527061626788417,whisper-inference-56d64c7b67-4qtbk
2026-08-18 09:17:54.911,0.011760019888525864,whisper-inference-56d64c7b67-wvglr
2026-08-18 09:17:59.911,0.01583398800401564,whisper-inference-56d64c7b67-4qtbk
2026-08-18 09:17:59.911,0.012030347389428722,whisper-inference-56d64c7b67-wvglr
2026-08-18 09:17:59.911,0.02014459360680674,whisper-inference-56d64c7b67-25qsf
2026-08-18 09:18:04.911,0.012030347389428722,whisper-inference-56d64c7b67-wvglr
2026-08-18 09:18:04.911,0.019661696189550385,whisper-inference-56d64c7b67-25qsf
2026-08-18 09:18:04.911,0.019397823909594283,whisper-inference-56d64c7b67-4qtbk
2026-08-18 09:18:09.911,0.012323080758190243,whisper-inference-56d64c7b67-wvglr
2026-08-18 09:18:09.911,0.020904363706586604,whisper-inference-56d64c7b67-25qsf
2026-08-18 09:18:09.911,0.01849561347504449,whisper-inference-56d64c7b67-4qtbk
2026-08-18 09:18:14.911,0.009438622757737072,whisper-inference-56d64c7b67-wvglr
2026-08-18 09:18:14.911,0.016616645827033667,whisper-inference-56d64c7b67-4qtbk
2026-08-18 09:18:14.911,0.01881887862662976,whisper-inference-56d64c7b67-25qsf
2026-08-18 09:18:19.911,0.022522271371182612,whisper-inference-56d64c7b67-4qtbk
2026-08-18 09:18:19.911,0.01788065180542609,whisper-inference-56d64c7b67-25qsf
2026-08-18 09:18:19.911,0.016022782803682745,whisper-inference-56d64c7b67-wvglr
2026-08-18 09:18:24.911,0.024298427089344828,whisper-inference-56d64c7b67-4qtbk
2026-08-18 09:18:24.911,0.0162089445422706,whisper-inference-56d64c7b67-25qsf
2026-08-18 09:18:24.911,0.016022782803682745,whisper-inference-56d64c7b67-wvglr
2026-08-18 09:18:29.911,0.024298427089344828,whisper-inference-56d64c7b67-4qtbk
2026-08-18 09:18:29.911,0.022003338358601535,whisper-inference-56d64c7b67-25qsf
2026-08-18 09:18:29.911,0.015467035278812344,whisper-inference-56d64c7b67-wvglr
2026-08-18 09:18:34.911,0.027482099038275948,whisper-inference-56d64c7b67-4qtbk
2026-08-18 09:18:34.911,0.02255223235713415,whisper-inference-56d64c7b67-25qsf
2026-08-18 09:18:34.911,0.018156419556236692,whisper-inference-56d64c7b67-wvglr
2026-08-18 09:18:39.911,0.02255223235713415,whisper-inference-56d64c7b67-25qsf
2026-08-18 09:18:39.911,0.018156419556236692,whisper-inference-56d64c7b67-wvglr
2026-08-18 09:18:39.911,0.027482099038275948,whisper-inference-56d64c7b67-4qtbk
2026-08-18 09:18:44.911,0.020781014537600728,whisper-inference-56d64c7b67-wvglr
2026-08-18 09:18:44.911,0.026399372581834724,whisper-inference-56d64c7b67-25qsf
2026-08-18 09:18:44.911,0.028022530047079372,whisper-inference-56d64c7b67-4qtbk
2026-08-18 09:18:49.911,0.02318692407438501,whisper-inference-56d64c7b67-wvglr
2026-08-18 09:18:49.911,0.02880351725849209,whisper-inference-56d64c7b67-25qsf
2026-08-18 09:18:49.911,0.028022530047079372,whisper-inference-56d64c7b67-4qtbk
2026-08-18 09:18:54.911,0.02960122665898274,whisper-inference-56d64c7b67-25qsf
2026-08-18 09:18:54.911,0.02803759668767541,whisper-inference-56d64c7b67-4qtbk
2026-08-18 09:18:54.911,0.022506993731090753,whisper-inference-56d64c7b67-wvglr
2026-08-18 09:18:59.911,0.03024641317839856,whisper-inference-56d64c7b67-4qtbk
2026-08-18 09:18:59.911,0.020671463816641325,whisper-inference-56d64c7b67-wvglr
2026-08-18 09:18:59.911,0.03117288285017039,whisper-inference-56d64c7b67-25qsf
2026-08-18 09:19:04.911,0.03186939773102873,whisper-inference-56d64c7b67-4qtbk
2026-08-18 09:19:04.911,0.020583756099424193,whisper-inference-56d64c7b67-wvglr
2026-08-18 09:19:04.911,0.0339197956016362,whisper-inference-56d64c7b67-25qsf
2026-08-18 09:19:09.911,0.028764571744820135,whisper-inference-56d64c7b67-4qtbk
2026-08-18 09:19:09.911,0.0313127384374276,whisper-inference-56d64c7b67-25qsf
2026-08-18 09:19:09.911,0.020874983596325426,whisper-inference-56d64c7b67-wvglr
2026-08-18 09:19:14.911,0.03169413426329114,whisper-inference-56d64c7b67-25qsf
2026-08-18 09:19:14.911,0.020874983596325426,whisper-inference-56d64c7b67-wvglr
2026-08-18 09:19:14.911,0.023713976639565187,whisper-inference-56d64c7b67-4qtbk
2026-08-18 09:19:19.911,0.03169413426329114,whisper-inference-56d64c7b67-25qsf
2026-08-18 09:19:19.911,0.021310650955637604,whisper-inference-56d64c7b67-wvglr
2026-08-18 09:19:19.911,0.02551585498971056,whisper-inference-56d64c7b67-4qtbk
2026-08-18 09:19:24.911,0.03169413426329114,whisper-inference-56d64c7b67-25qsf
2026-08-18 09:19:24.911,0.018601599118616124,whisper-inference-56d64c7b67-wvglr
2026-08-18 09:19:24.911,0.025550339512782287,whisper-inference-56d64c7b67-4qtbk
2026-08-18 09:19:29.911,0.026071472550002642,whisper-inference-56d64c7b67-25qsf
2026-08-18 09:19:29.911,0.019771417078183747,whisper-inference-56d64c7b67-wvglr
2026-08-18 09:19:29.911,0.025176607146243733,whisper-inference-56d64c7b67-4qtbk
2026-08-18 09:19:34.911,0.02472257397324551,whisper-inference-56d64c7b67-25qsf
2026-08-18 09:19:34.911,0.02120872732883551,whisper-inference-56d64c7b67-4qtbk
2026-08-18 09:19:34.911,0.018409594597404787,whisper-inference-56d64c7b67-wvglr
2026-08-18 09:19:39.911,0.02158016624725373,whisper-inference-56d64c7b67-4qtbk
2026-08-18 09:19:39.911,0.017709699973481995,whisper-inference-56d64c7b67-wvglr
2026-08-18 09:19:39.911,0.02472257397324551,whisper-inference-56d64c7b67-25qsf
2026-08-18 09:19:44.911,0.01928513118692529,whisper-inference-56d64c7b67-4qtbk
2026-08-18 09:19:44.911,0.017669137762123605,whisper-inference-56d64c7b67-wvglr
2026-08-18 09:19:44.911,0.018137169253488253,whisper-inference-56d64c7b67-25qsf
2026-08-18 09:19:49.911,0.017371481158028945,whisper-inference-56d64c7b67-wvglr
2026-08-18 09:19:49.911,0.017099210239703132,whisper-inference-56d64c7b67-25qsf
2026-08-18 09:19:49.911,0.019547774760800593,whisper-inference-56d64c7b67-4qtbk
2026-08-18 09:19:54.911,0.013619680436080847,whisper-inference-56d64c7b67-25qsf
2026-08-18 09:19:54.911,0.018513612296476842,whisper-inference-56d64c7b67-4qtbk
2026-08-18 09:19:54.911,0.019298121738961827,whisper-inference-56d64c7b67-wvglr
2026-08-18 09:19:59.911,0.015313246927396683,whisper-inference-56d64c7b67-25qsf
2026-08-18 09:19:59.911,0.022292834016146512,whisper-inference-56d64c7b67-4qtbk
2026-08-18 09:19:59.911,0.019298121738961827,whisper-inference-56d64c7b67-wvglr
2026-08-18 09:20:04.911,0.012840913047273337,whisper-inference-56d64c7b67-25qsf
2026-08-18 09:20:04.911,0.01677912047849119,whisper-inference-56d64c7b67-wvglr
2026-08-18 09:20:04.911,0.022638755332389838,whisper-inference-56d64c7b67-4qtbk
2026-08-18 09:20:09.911,0.014593720214199354,whisper-inference-56d64c7b67-wvglr
2026-08-18 09:20:09.911,0.021058688260394583,whisper-inference-56d64c7b67-4qtbk
2026-08-18 09:20:09.911,0.017083173152871514,whisper-inference-56d64c7b67-25qsf
2026-08-18 09:20:14.911,0.016079422796643664,whisper-inference-56d64c7b67-wvglr
2026-08-18 09:20:14.911,0.02226383775726022,whisper-inference-56d64c7b67-4qtbk
2026-08-18 09:20:14.911,0.013826420885657654,whisper-inference-56d64c7b67-25qsf
2026-08-18 09:20:19.911,0.014677993522519896,whisper-inference-56d64c7b67-wvglr
2026-08-18 09:20:19.911,0.02218319854466934,whisper-inference-56d64c7b67-4qtbk
2026-08-18 09:20:19.911,0.018206244890498366,whisper-inference-56d64c7b67-25qsf
2026-08-18 09:20:24.911,0.015367153738335297,whisper-inference-56d64c7b67-wvglr
2026-08-18 09:20:24.911,0.021895097441353963,whisper-inference-56d64c7b67-4qtbk
2026-08-18 09:20:24.911,0.018206244890498366,whisper-inference-56d64c7b67-25qsf
2026-08-18 09:20:29.911,0.015864172943248052,whisper-inference-56d64c7b67-wvglr
2026-08-18 09:20:29.911,0.018206244890498366,whisper-inference-56d64c7b67-25qsf
2026-08-18 09:20:29.911,0.01964631818638304,whisper-inference-56d64c7b67-4qtbk
2026-08-18 09:20:34.911,0.02001670658642678,whisper-inference-56d64c7b67-25qsf
2026-08-18 09:20:34.911,0.0210879291912101,whisper-inference-56d64c7b67-4qtbk
2026-08-18 09:20:34.911,0.013623776522743526,whisper-inference-56d64c7b67-wvglr
2026-08-18 09:20:39.911,0.020549774843902153,whisper-inference-56d64c7b67-25qsf
2026-08-18 09:20:39.911,0.0210879291912101,whisper-inference-56d64c7b67-4qtbk
2026-08-18 09:20:39.911,0.012698672872755876,whisper-inference-56d64c7b67-wvglr
2026-08-18 09:20:44.911,0.018729807427314317,whisper-inference-56d64c7b67-4qtbk
2026-08-18 09:20:44.911,0.011685316904926402,whisper-inference-56d64c7b67-wvglr
2026-08-18 09:20:44.911,0.02001075886320866,whisper-inference-56d64c7b67-25qsf
2026-08-18 09:20:49.911,0.01121356083385762,whisper-inference-56d64c7b67-wvglr
2026-08-18 09:20:49.911,0.015845487174754563,whisper-inference-56d64c7b67-25qsf
2026-08-18 09:20:49.911,0.015044738183265436,whisper-inference-56d64c7b67-4qtbk
2026-08-18 09:20:54.911,0.011189269154204793,whisper-inference-56d64c7b67-wvglr
2026-08-18 09:20:54.911,0.014157652237625246,whisper-inference-56d64c7b67-25qsf
2026-08-18 09:20:54.911,0.015044738183265436,whisper-inference-56d64c7b67-4qtbk
2026-08-18 09:20:59.911,0.01109610149178046,whisper-inference-56d64c7b67-wvglr
2026-08-18 09:20:59.911,0.011545471207799937,whisper-inference-56d64c7b67-4qtbk
2026-08-18 09:20:59.911,0.01177633557419384,whisper-inference-56d64c7b67-25qsf
2026-08-18 09:21:04.911,0.009601809459837393,whisper-inference-56d64c7b67-4qtbk
2026-08-18 09:21:04.911,0.008537282001277435,whisper-inference-56d64c7b67-wvglr
2026-08-18 09:21:04.911,0.01177633557419384,whisper-inference-56d64c7b67-25qsf
2026-08-18 09:21:09.911,0.009806236727930611,whisper-inference-56d64c7b67-4qtbk
2026-08-18 09:21:09.911,0.007184748539519791,whisper-inference-56d64c7b67-wvglr
2026-08-18 09:21:09.911,0.009822757467776673,whisper-inference-56d64c7b67-25qsf
2026-08-18 09:21:14.911,0.00777333738048561,whisper-inference-56d64c7b67-wvglr
2026-08-18 09:21:14.911,0.010647146847720189,whisper-inference-56d64c7b67-25qsf
2026-08-18 09:21:14.911,0.01004298843392375,whisper-inference-56d64c7b67-4qtbk
2026-08-18 09:21:19.911,0.009356024278899422,whisper-inference-56d64c7b67-25qsf
2026-08-18 09:21:19.911,0.010536593472950362,whisper-inference-56d64c7b67-4qtbk
2026-08-18 09:21:19.911,0.00777333738048561,whisper-inference-56d64c7b67-wvglr
2026-08-18 09:21:24.911,0.009356024278899422,whisper-inference-56d64c7b67-25qsf
2026-08-18 09:21:24.911,0.010536593472950362,whisper-inference-56d64c7b67-4qtbk
2026-08-18 09:21:24.911,0.0074746769746039995,whisper-inference-56d64c7b67-wvglr
2026-08-18 09:21:29.911,0.009482931074186508,whisper-inference-56d64c7b67-4qtbk
2026-08-18 09:21:29.911,0.007491895920528917,whisper-inference-56d64c7b67-wvglr
2026-08-18 09:21:29.911,0.009100201972021216,whisper-inference-56d64c7b67-25qsf
2026-08-18 09:21:34.911,0.007600978675378655,whisper-inference-56d64c7b67-wvglr
2026-08-18 09:21:34.911,0.00898142968246172,whisper-inference-56d64c7b67-25qsf
2026-08-18 09:21:34.911,0.00989574771682222,whisper-inference-56d64c7b67-4qtbk
2026-08-18 09:21:39.911,0.008822537126814422,whisper-inference-56d64c7b67-wvglr
2026-08-18 09:21:39.911,0.009508604021558495,whisper-inference-56d64c7b67-25qsf
2026-08-18 09:21:39.911,0.011283775979643116,whisper-inference-56d64c7b67-4qtbk
2026-08-18 09:21:44.911,0.009304457675994745,whisper-inference-56d64c7b67-25qsf
2026-08-18 09:21:44.911,0.01056330366673698,whisper-inference-56d64c7b67-4qtbk
2026-08-18 09:21:44.911,0.009242173310034213,whisper-inference-56d64c7b67-wvglr
2026-08-18 09:21:49.911,0.01396680199107014,whisper-inference-56d64c7b67-4qtbk
2026-08-18 09:21:49.911,0.010911270618886193,whisper-inference-56d64c7b67-wvglr
2026-08-18 09:21:49.911,0.010020996014220651,whisper-inference-56d64c7b67-25qsf
2026-08-18 09:21:54.911,0.01396113200330627,whisper-inference-56d64c7b67-4qtbk
2026-08-18 09:21:54.911,0.01064705481552988,whisper-inference-56d64c7b67-wvglr
2026-08-18 09:21:54.911,0.010998644641105811,whisper-inference-56d64c7b67-25qsf
2026-08-18 09:21:59.911,0.013472001880815192,whisper-inference-56d64c7b67-4qtbk
2026-08-18 09:21:59.911,0.011408257536294132,whisper-inference-56d64c7b67-25qsf
2026-08-18 09:21:59.911,0.011179497045068702,whisper-inference-56d64c7b67-wvglr
2026-08-18 09:22:04.911,0.011408257536294132,whisper-inference-56d64c7b67-25qsf
2026-08-18 09:22:04.911,0.011120141073516616,whisper-inference-56d64c7b67-wvglr
2026-08-18 09:22:04.911,0.013337963853856962,whisper-inference-56d64c7b67-4qtbk
2026-08-18 09:22:09.911,0.011585870891178247,whisper-inference-56d64c7b67-25qsf
2026-08-18 09:22:09.911,0.010756490910546219,whisper-inference-56d64c7b67-wvglr
2026-08-18 09:22:09.911,0.01325811508944153,whisper-inference-56d64c7b67-4qtbk
2026-08-18 09:22:14.911,0.011342460987799114,whisper-inference-56d64c7b67-25qsf
2026-08-18 09:22:14.911,0.011070698033714584,whisper-inference-56d64c7b67-wvglr
2026-08-18 09:22:14.911,0.012739083413694192,whisper-inference-56d64c7b67-4qtbk
2026-08-18 09:22:19.911,0.014495213465265598,whisper-inference-56d64c7b67-25qsf
2026-08-18 09:22:19.911,0.01209787470911727,whisper-inference-56d64c7b67-wvglr
2026-08-18 09:22:19.911,0.01424605876052909,whisper-inference-56d64c7b67-4qtbk
2026-08-18 09:22:24.911,0.011210249410151283,whisper-inference-56d64c7b67-wvglr
2026-08-18 09:22:24.911,0.01424605876052909,whisper-inference-56d64c7b67-4qtbk
2026-08-18 09:22:24.911,0.013580405018165464,whisper-inference-56d64c7b67-25qsf
2026-08-18 09:22:29.911,0.009856394727828866,whisper-inference-56d64c7b67-4qtbk
2026-08-18 09:22:29.911,0.01211311431327259,whisper-inference-56d64c7b67-wvglr
2026-08-18 09:22:29.911,0.014621430374025392,whisper-inference-56d64c7b67-25qsf
2026-08-18 09:22:34.911,0.011653628344756767,whisper-inference-56d64c7b67-4qtbk
2026-08-18 09:22:34.911,0.012496861113508602,whisper-inference-56d64c7b67-wvglr
2026-08-18 09:22:34.911,0.014735193817693257,whisper-inference-56d64c7b67-25qsf
2026-08-18 09:22:39.911,0.013854902190911619,whisper-inference-56d64c7b67-wvglr
2026-08-18 09:22:39.911,0.014735193817693257,whisper-inference-56d64c7b67-25qsf
2026-08-18 09:22:39.911,0.012836106298577978,whisper-inference-56d64c7b67-4qtbk
2026-08-18 09:22:44.911,0.014955573306277581,whisper-inference-56d64c7b67-25qsf
2026-08-18 09:22:44.911,0.0136979958301283,whisper-inference-56d64c7b67-4qtbk
2026-08-18 09:22:44.911,0.013854902190911619,whisper-inference-56d64c7b67-wvglr
2026-08-18 09:22:49.911,0.013834916536478146,whisper-inference-56d64c7b67-25qsf
2026-08-18 09:22:49.911,0.01428469937660507,whisper-inference-56d64c7b67-4qtbk
2026-08-18 09:22:49.911,0.015038551255441231,whisper-inference-56d64c7b67-wvglr
2026-08-18 09:22:54.911,0.016261231813458853,whisper-inference-56d64c7b67-25qsf
2026-08-18 09:22:54.911,0.016239529832013412,whisper-inference-56d64c7b67-wvglr
2026-08-18 09:22:54.911,0.015090194784866347,whisper-inference-56d64c7b67-4qtbk
2026-08-18 09:22:59.911,0.016877018504276326,whisper-inference-56d64c7b67-wvglr
2026-08-18 09:22:59.911,0.014340229902809712,whisper-inference-56d64c7b67-4qtbk
2026-08-18 09:22:59.911,0.01565035806981141,whisper-inference-56d64c7b67-25qsf
2026-08-18 09:23:04.911,0.017518775385583496,whisper-inference-56d64c7b67-wvglr
2026-08-18 09:23:04.911,0.016291327703343135,whisper-inference-56d64c7b67-4qtbk
2026-08-18 09:23:04.911,0.015453214344914262,whisper-inference-56d64c7b67-25qsf
2026-08-18 09:23:09.911,0.015562794937632768,whisper-inference-56d64c7b67-wvglr
2026-08-18 09:23:09.911,0.016291327703343135,whisper-inference-56d64c7b67-4qtbk
2026-08-18 09:23:09.911,0.013055655429263804,whisper-inference-56d64c7b67-25qsf
2026-08-18 09:23:14.911,0.016180508205996973,whisper-inference-56d64c7b67-wvglr
2026-08-18 09:23:14.911,0.01458440852807839,whisper-inference-56d64c7b67-4qtbk
2026-08-18 09:23:14.911,0.014318465660273911,whisper-inference-56d64c7b67-25qsf
2026-08-18 09:23:19.911,0.015320479087559367,whisper-inference-56d64c7b67-wvglr
2026-08-18 09:23:19.911,0.015243417818661033,whisper-inference-56d64c7b67-25qsf
2026-08-18 09:23:19.911,0.016007829960815696,whisper-inference-56d64c7b67-4qtbk
2026-08-18 09:23:24.911,0.014142982830876194,whisper-inference-56d64c7b67-25qsf
2026-08-18 09:23:24.911,0.016007829960815696,whisper-inference-56d64c7b67-4qtbk
2026-08-18 09:23:24.911,0.013989127661493444,whisper-inference-56d64c7b67-wvglr
2026-08-18 09:23:29.911,0.016940021826738608,whisper-inference-56d64c7b67-25qsf
2026-08-18 09:23:29.911,0.01592890836503828,whisper-inference-56d64c7b67-4qtbk
2026-08-18 09:23:29.911,0.018412039905979775,whisper-inference-56d64c7b67-wvglr
2026-08-18 09:23:34.911,0.015006100969089815,whisper-inference-56d64c7b67-4qtbk
2026-08-18 09:23:34.911,0.019026390821641447,whisper-inference-56d64c7b67-wvglr
2026-08-18 09:23:34.911,0.015294049117771557,whisper-inference-56d64c7b67-25qsf
2026-08-18 09:23:39.911,0.01725760101991761,whisper-inference-56d64c7b67-wvglr
2026-08-18 09:23:39.911,0.016437245543835265,whisper-inference-56d64c7b67-25qsf
2026-08-18 09:23:39.911,0.012335951255156075,whisper-inference-56d64c7b67-4qtbk
2026-08-18 09:23:44.911,0.017315700316898053,whisper-inference-56d64c7b67-wvglr
2026-08-18 09:23:44.911,0.012743813739440658,whisper-inference-56d64c7b67-25qsf
2026-08-18 09:23:44.911,0.009821401712538553,whisper-inference-56d64c7b67-4qtbk
2026-08-18 09:23:49.911,0.017315700316898053,whisper-inference-56d64c7b67-wvglr
2026-08-18 09:23:49.911,0.010203977759175264,whisper-inference-56d64c7b67-4qtbk
2026-08-18 09:23:49.911,0.012743813739440658,whisper-inference-56d64c7b67-25qsf
2026-08-18 09:23:54.911,0.009932413577556212,whisper-inference-56d64c7b67-4qtbk
2026-08-18 09:23:54.911,0.013043342295614761,whisper-inference-56d64c7b67-25qsf
2026-08-18 09:23:54.911,0.01908148165630317,whisper-inference-56d64c7b67-wvglr
2026-08-18 09:23:59.911,0.009932413577556212,whisper-inference-56d64c7b67-4qtbk
2026-08-18 09:23:59.911,0.0122716027980983,whisper-inference-56d64c7b67-25qsf
2026-08-18 09:23:59.911,0.018296478461117274,whisper-inference-56d64c7b67-wvglr
2026-08-18 09:24:04.911,0.008457863300035184,whisper-inference-56d64c7b67-4qtbk
2026-08-18 09:24:04.911,0.011810365076586248,whisper-inference-56d64c7b67-25qsf
2026-08-18 09:24:04.911,0.020446228157226232,whisper-inference-56d64c7b67-wvglr
2026-08-18 09:24:09.911,0.010250255128828847,whisper-inference-56d64c7b67-4qtbk
2026-08-18 09:24:09.911,0.009149415088034577,whisper-inference-56d64c7b67-25qsf
2026-08-18 09:24:09.911,0.017838874584889176,whisper-inference-56d64c7b67-wvglr
2026-08-18 09:24:14.911,0.009719609991888568,whisper-inference-56d64c7b67-4qtbk
2026-08-18 09:24:14.911,0.01822209252562662,whisper-inference-56d64c7b67-wvglr
2026-08-18 09:24:14.911,0.006816203669653522,whisper-inference-56d64c7b67-25qsf
2026-08-18 09:24:19.911,0.018475974587729545,whisper-inference-56d64c7b67-wvglr
2026-08-18 09:24:19.911,0.009096229432681607,whisper-inference-56d64c7b67-25qsf
2026-08-18 09:24:19.911,0.010379646719830788,whisper-inference-56d64c7b67-4qtbk
2026-08-18 09:24:24.911,0.018475974587729545,whisper-inference-56d64c7b67-wvglr
2026-08-18 09:24:24.911,0.008418812761260625,whisper-inference-56d64c7b67-25qsf
2026-08-18 09:24:24.911,0.009942770273359644,whisper-inference-56d64c7b67-4qtbk
2026-08-18 09:24:29.911,0.010545155803769229,whisper-inference-56d64c7b67-25qsf
2026-08-18 09:24:29.911,0.010139320065152654,whisper-inference-56d64c7b67-4qtbk
2026-08-18 09:24:29.911,0.020238774223044983,whisper-inference-56d64c7b67-wvglr
2026-08-18 09:24:34.911,0.009374559527157121,whisper-inference-56d64c7b67-4qtbk
2026-08-18 09:24:34.911,0.020238774223044983,whisper-inference-56d64c7b67-wvglr
2026-08-18 09:24:34.911,0.009516554888329583,whisper-inference-56d64c7b67-25qsf
2026-08-18 09:24:39.911,0.009667339411262077,whisper-inference-56d64c7b67-4qtbk
2026-08-18 09:24:39.911,0.019388024478451754,whisper-inference-56d64c7b67-wvglr
2026-08-18 09:24:39.911,0.009516554888329583,whisper-inference-56d64c7b67-25qsf
2026-08-18 09:24:44.911,0.009667339411262077,whisper-inference-56d64c7b67-4qtbk
2026-08-18 09:24:44.911,0.00944996834602885,whisper-inference-56d64c7b67-25qsf
2026-08-18 09:24:44.911,0.01813004399416715,whisper-inference-56d64c7b67-wvglr
2026-08-18 09:24:49.911,0.00944996834602885,whisper-inference-56d64c7b67-25qsf
2026-08-18 09:24:49.911,0.01813004399416715,whisper-inference-56d64c7b67-wvglr
2026-08-18 09:24:49.911,0.006977721932541826,whisper-inference-56d64c7b67-4qtbk
2026-08-18 09:24:54.911,0.010517396546699587,whisper-inference-56d64c7b67-25qsf
2026-08-18 09:24:54.911,0.01809077573547157,whisper-inference-56d64c7b67-wvglr
2026-08-18 09:24:54.911,0.009305832198584534,whisper-inference-56d64c7b67-4qtbk
2026-08-18 09:24:59.911,0.009124229868637628,whisper-inference-56d64c7b67-25qsf
2026-08-18 09:24:59.911,0.017671212921626645,whisper-inference-56d64c7b67-wvglr
2026-08-18 09:24:59.911,0.009305832198584534,whisper-inference-56d64c7b67-4qtbk
2026-08-18 09:25:04.911,0.009939050917417093,whisper-inference-56d64c7b67-25qsf
2026-08-18 09:25:04.911,0.0170073737685479,whisper-inference-56d64c7b67-wvglr
2026-08-18 09:25:04.911,0.009733015236076815,whisper-inference-56d64c7b67-4qtbk
2026-08-18 09:25:09.911,0.01002926833616005,whisper-inference-56d64c7b67-25qsf
2026-08-18 09:25:09.911,0.008109057279351857,whisper-inference-56d64c7b67-4qtbk
2026-08-18 09:25:09.911,0.017754078781861464,whisper-inference-56d64c7b67-wvglr
2026-08-18 09:25:14.911,0.008109057279351857,whisper-inference-56d64c7b67-4qtbk
2026-08-18 09:25:14.911,0.01895552010748977,whisper-inference-56d64c7b67-wvglr
2026-08-18 09:25:14.911,0.013490413033295063,whisper-inference-56d64c7b67-25qsf
2026-08-18 09:25:19.911,0.008276376426348802,whisper-inference-56d64c7b67-4qtbk
2026-08-18 09:25:19.911,0.01958461072671546,whisper-inference-56d64c7b67-wvglr
2026-08-18 09:25:19.911,0.014969956179611554,whisper-inference-56d64c7b67-25qsf
2026-08-18 09:25:24.911,0.020868067203319456,whisper-inference-56d64c7b67-wvglr
2026-08-18 09:25:24.911,0.012707109762160147,whisper-inference-56d64c7b67-25qsf
2026-08-18 09:25:24.911,0.009995239700775116,whisper-inference-56d64c7b67-4qtbk
2026-08-18 09:25:29.911,0.012919228296273646,whisper-inference-56d64c7b67-25qsf
2026-08-18 09:25:29.911,0.011100475858639176,whisper-inference-56d64c7b67-4qtbk
2026-08-18 09:25:29.911,0.023765728459433273,whisper-inference-56d64c7b67-wvglr
2026-08-18 09:25:34.911,0.013296004674297842,whisper-inference-56d64c7b67-25qsf
2026-08-18 09:25:34.911,0.01005553151089123,whisper-inference-56d64c7b67-4qtbk
2026-08-18 09:25:34.911,0.02376572845943327,whisper-inference-56d64c7b67-wvglr
2026-08-18 09:25:39.911,0.013239445683082147,whisper-inference-56d64c7b67-25qsf
2026-08-18 09:25:39.911,0.025324055210742887,whisper-inference-56d64c7b67-wvglr
2026-08-18 09:25:39.911,0.009064192310461933,whisper-inference-56d64c7b67-4qtbk
2026-08-18 09:25:44.911,0.026601504661723164,whisper-inference-56d64c7b67-wvglr
2026-08-18 09:25:44.911,0.010426212976546285,whisper-inference-56d64c7b67-4qtbk
2026-08-18 09:25:44.911,0.01517791749878519,whisper-inference-56d64c7b67-25qsf
2026-08-18 09:25:49.911,0.025432543213960164,whisper-inference-56d64c7b67-wvglr
2026-08-18 09:25:49.911,0.010426212976546285,whisper-inference-56d64c7b67-4qtbk
2026-08-18 09:25:49.911,0.01517791749878519,whisper-inference-56d64c7b67-25qsf
2026-08-18 09:25:54.911,0.023410979268458882,whisper-inference-56d64c7b67-wvglr
2026-08-18 09:25:54.911,0.012440052352796696,whisper-inference-56d64c7b67-4qtbk
2026-08-18 09:25:54.911,0.009794987160573542,whisper-inference-56d64c7b67-25qsf
2026-08-18 09:25:59.911,0.02189778766786627,whisper-inference-56d64c7b67-wvglr
2026-08-18 09:25:59.911,0.012737198852272043,whisper-inference-56d64c7b67-4qtbk
2026-08-18 09:25:59.911,0.009794987160573542,whisper-inference-56d64c7b67-25qsf
2026-08-18 09:26:04.911,0.012936509893219216,whisper-inference-56d64c7b67-4qtbk
2026-08-18 09:26:04.911,0.009086795907809378,whisper-inference-56d64c7b67-25qsf
2026-08-18 09:26:04.911,0.02189778766786627,whisper-inference-56d64c7b67-wvglr
2026-08-18 09:26:09.911,0.008532599729897353,whisper-inference-56d64c7b67-25qsf
2026-08-18 09:26:09.911,0.011603920922308532,whisper-inference-56d64c7b67-4qtbk
2026-08-18 09:26:09.911,0.017756903075677836,whisper-inference-56d64c7b67-wvglr
2026-08-18 09:26:14.911,0.008359739938034001,whisper-inference-56d64c7b67-25qsf
2026-08-18 09:26:14.911,0.009650647181421435,whisper-inference-56d64c7b67-4qtbk
2026-08-18 09:26:14.911,0.014399972234434597,whisper-inference-56d64c7b67-wvglr
2026-08-18 09:26:19.911,0.008740793100749416,whisper-inference-56d64c7b67-4qtbk
2026-08-18 09:26:19.911,0.014399972234434597,whisper-inference-56d64c7b67-wvglr
2026-08-18 09:26:19.911,0.007726585370782171,whisper-inference-56d64c7b67-25qsf
2026-08-18 09:26:24.911,0.010020312587225197,whisper-inference-56d64c7b67-wvglr
2026-08-18 09:26:24.911,0.002116416310993709,whisper-inference-56d64c7b67-25qsf
2026-08-18 09:26:24.911,0.009058389446125834,whisper-inference-56d64c7b67-4qtbk
2026-08-18 09:26:29.911,0.006928852517015386,whisper-inference-56d64c7b67-wvglr
2026-08-18 09:26:29.911,0.0024257711132535968,whisper-inference-56d64c7b67-25qsf
2026-08-18 09:26:29.911,0.0077356193170296916,whisper-inference-56d64c7b67-4qtbk
2026-08-18 09:26:34.911,0.006928852517015386,whisper-inference-56d64c7b67-wvglr
2026-08-18 09:26:34.911,0.005851124672880917,whisper-inference-56d64c7b67-4qtbk
2026-08-18 09:26:34.911,0.0024257711132535968,whisper-inference-56d64c7b67-25qsf
2026-08-18 09:26:39.911,0.0029230752006263,whisper-inference-56d64c7b67-4qtbk
2026-08-18 09:26:39.911,0.0027874709112352455,whisper-inference-56d64c7b67-25qsf
2026-08-18 09:26:39.911,0.005150650024714648,whisper-inference-56d64c7b67-wvglr
2026-08-18 09:26:44.911,0.0016538857338888387,whisper-inference-56d64c7b67-4qtbk
2026-08-18 09:26:44.911,0.0027734352399828564,whisper-inference-56d64c7b67-25qsf
2026-08-18 09:26:44.911,0.004550291429596223,whisper-inference-56d64c7b67-wvglr
2026-08-18 09:26:49.911,0.0016538857338888387,whisper-inference-56d64c7b67-4qtbk
2026-08-18 09:26:49.911,0.0030866041933503745,whisper-inference-56d64c7b67-25qsf
2026-08-18 09:26:49.911,0.003973280982400471,whisper-inference-56d64c7b67-wvglr
2026-08-18 09:26:54.911,0.001972581154493602,whisper-inference-56d64c7b67-4qtbk
2026-08-18 09:26:54.911,0.0038065317461566496,whisper-inference-56d64c7b67-25qsf
2026-08-18 09:26:54.911,0.0023782649625818473,whisper-inference-56d64c7b67-wvglr
2026-08-18 09:26:59.911,0.0022171820020349077,whisper-inference-56d64c7b67-4qtbk
2026-08-18 09:26:59.911,0.003508754824218722,whisper-inference-56d64c7b67-wvglr
2026-08-18 09:26:59.911,0.004309382153794584,whisper-inference-56d64c7b67-25qsf
2026-08-18 09:27:04.911,0.003508754824218722,whisper-inference-56d64c7b67-wvglr
2026-08-18 09:27:04.911,0.004286820727642233,whisper-inference-56d64c7b67-25qsf
2026-08-18 09:27:04.911,0.0021267734249172695,whisper-inference-56d64c7b67-4qtbk
2026-08-18 09:27:09.911,0.003979459450376231,whisper-inference-56d64c7b67-wvglr
2026-08-18 09:27:09.911,0.003989961878375828,whisper-inference-56d64c7b67-25qsf
2026-08-18 09:27:09.911,0.0023026225432785474,whisper-inference-56d64c7b67-4qtbk
2026-08-18 09:27:14.911,0.003935224253630791,whisper-inference-56d64c7b67-25qsf
2026-08-18 09:27:14.911,0.002222710532420215,whisper-inference-56d64c7b67-4qtbk
2026-08-18 09:27:14.911,0.003578938156153933,whisper-inference-56d64c7b67-wvglr
2026-08-18 09:27:19.911,0.0020334326200622385,whisper-inference-56d64c7b67-4qtbk
2026-08-18 09:27:19.911,0.0035789381561539325,whisper-inference-56d64c7b67-wvglr
2026-08-18 09:27:19.911,0.0041363620921073185,whisper-inference-56d64c7b67-25qsf
2026-08-18 09:27:24.911,0.0022206515333398937,whisper-inference-56d64c7b67-4qtbk
2026-08-18 09:27:24.911,0.003926383514870386,whisper-inference-56d64c7b67-wvglr
2026-08-18 09:27:24.911,0.0034284486104271764,whisper-inference-56d64c7b67-25qsf
2026-08-18 09:27:29.911,0.002211256668681562,whisper-inference-56d64c7b67-4qtbk
2026-08-18 09:27:29.911,0.0032040488097980946,whisper-inference-56d64c7b67-25qsf
2026-08-18 09:27:29.911,0.003483094939174033,whisper-inference-56d64c7b67-wvglr
2026-08-18 09:27:34.911,0.0034608592316310843,whisper-inference-56d64c7b67-25qsf
2026-08-18 09:27:34.911,0.003854421997162803,whisper-inference-56d64c7b67-wvglr
2026-08-18 09:27:34.911,0.0019182460349189585,whisper-inference-56d64c7b67-4qtbk
2026-08-18 09:27:39.911,0.002024360362908399,whisper-inference-56d64c7b67-25qsf
2026-08-18 09:27:39.911,0.003854421997162803,whisper-inference-56d64c7b67-wvglr
2026-08-18 09:27:39.911,0.0015463381153808494,whisper-inference-56d64c7b67-4qtbk
2026-08-18 09:27:44.911,0.002024360362908399,whisper-inference-56d64c7b67-25qsf
2026-08-18 09:27:44.911,0.00279163227900019,whisper-inference-56d64c7b67-wvglr
2026-08-18 09:27:44.911,0.0012521074752214112,whisper-inference-56d64c7b67-4qtbk
2026-08-18 09:27:49.911,0.0012378683169668918,whisper-inference-56d64c7b67-25qsf
2026-08-18 09:27:49.911,0.0023918789359988436,whisper-inference-56d64c7b67-wvglr
2026-08-18 09:27:49.911,0.001162925288169628,whisper-inference-56d64c7b67-4qtbk
2026-08-18 09:27:54.911,0.0025881306472445333,whisper-inference-56d64c7b67-wvglr
2026-08-18 09:27:54.911,0.0008917482667502178,whisper-inference-56d64c7b67-4qtbk
2026-08-18 09:27:54.911,0.0017579457129460506,whisper-inference-56d64c7b67-25qsf
2026-08-18 09:27:59.911,0.0032948228213599395,whisper-inference-56d64c7b67-wvglr
2026-08-18 09:27:59.911,0.002487357723999604,whisper-inference-56d64c7b67-25qsf
2026-08-18 09:27:59.911,0.0008366622446242523,whisper-inference-56d64c7b67-4qtbk
2026-08-18 09:28:04.911,0.002492734088206106,whisper-inference-56d64c7b67-25qsf
2026-08-18 09:28:04.911,0.003434084878729494,whisper-inference-56d64c7b67-wvglr
2026-08-18 09:28:04.911,0.0008572893751226767,whisper-inference-56d64c7b67-4qtbk
2026-08-18 09:28:09.911,0.0008572893751226767,whisper-inference-56d64c7b67-4qtbk
2026-08-18 09:28:09.911,0.0026590596104610342,whisper-inference-56d64c7b67-25qsf
2026-08-18 09:28:09.911,0.0031248240945635085,whisper-inference-56d64c7b67-wvglr
2026-08-18 09:28:14.911,0.002044435468495689,whisper-inference-56d64c7b67-wvglr
2026-08-18 09:28:14.911,0.0007851127878125063,whisper-inference-56d64c7b67-4qtbk
2026-08-18 09:28:14.911,0.0029308639280735543,whisper-inference-56d64c7b67-25qsf
2026-08-18 09:28:19.911,0.0011444864246302627,whisper-inference-56d64c7b67-4qtbk
2026-08-18 09:28:19.911,0.0029308639280735543,whisper-inference-56d64c7b67-25qsf
2026-08-18 09:28:19.911,0.0019844173604758146,whisper-inference-56d64c7b67-wvglr
2026-08-18 09:28:24.911,0.001984417360475815,whisper-inference-56d64c7b67-wvglr
2026-08-18 09:28:24.911,0.0011444864246302627,whisper-inference-56d64c7b67-4qtbk
2026-08-18 09:28:24.911,0.0038662362729284727,whisper-inference-56d64c7b67-25qsf
2026-08-18 09:28:29.911,0.0017882265936958474,whisper-inference-56d64c7b67-4qtbk
2026-08-18 09:28:29.911,0.004313146963871922,whisper-inference-56d64c7b67-25qsf
2026-08-18 09:28:29.911,0.002600187165270988,whisper-inference-56d64c7b67-wvglr
2026-08-18 09:28:34.911,0.004477086889244114,whisper-inference-56d64c7b67-25qsf
2026-08-18 09:28:34.911,0.002819991741070231,whisper-inference-56d64c7b67-wvglr
2026-08-18 09:28:34.911,0.0024096575885599637,whisper-inference-56d64c7b67-4qtbk
2026-08-18 09:28:39.911,0.002819991741070231,whisper-inference-56d64c7b67-wvglr
2026-08-18 09:28:39.911,0.0035628341076399937,whisper-inference-56d64c7b67-25qsf
2026-08-18 09:28:39.911,0.002797500982775413,whisper-inference-56d64c7b67-4qtbk
2026-08-18 09:28:44.911,0.0025619997873719607,whisper-inference-56d64c7b67-wvglr
2026-08-18 09:28:44.911,0.0037885714653219486,whisper-inference-56d64c7b67-25qsf
2026-08-18 09:28:44.911,0.002797500982775413,whisper-inference-56d64c7b67-4qtbk
2026-08-18 09:28:49.911,0.003366771222067708,whisper-inference-56d64c7b67-4qtbk
2026-08-18 09:28:49.911,0.001723865873075384,whisper-inference-56d64c7b67-wvglr
2026-08-18 09:28:49.911,0.003369847566026049,whisper-inference-56d64c7b67-25qsf
2026-08-18 09:28:54.911,0.0034108575394084595,whisper-inference-56d64c7b67-4qtbk
2026-08-18 09:28:54.911,0.001821387630480166,whisper-inference-56d64c7b67-wvglr
2026-08-18 09:28:54.911,0.0034714036712998417,whisper-inference-56d64c7b67-25qsf
2026-08-18 09:28:59.911,0.0038982075310442245,whisper-inference-56d64c7b67-4qtbk
2026-08-18 09:28:59.911,0.0016826215256884854,whisper-inference-56d64c7b67-wvglr
2026-08-18 09:28:59.911,0.00317073605514734,whisper-inference-56d64c7b67-25qsf
2026-08-18 09:29:04.911,0.003735671955192328,whisper-inference-56d64c7b67-4qtbk
2026-08-18 09:29:04.911,0.0018854897676781003,whisper-inference-56d64c7b67-wvglr
2026-08-18 09:29:04.911,0.002901144393110881,whisper-inference-56d64c7b67-25qsf
2026-08-18 09:29:09.911,0.0015126555845163454,whisper-inference-56d64c7b67-wvglr
2026-08-18 09:29:09.911,0.002901144393110881,whisper-inference-56d64c7b67-25qsf
2026-08-18 09:29:09.911,0.003735671955192328,whisper-inference-56d64c7b67-4qtbk
2026-08-18 09:29:14.911,0.001363313955079489,whisper-inference-56d64c7b67-25qsf
2026-08-18 09:29:14.911,0.0011261946297786958,whisper-inference-56d64c7b67-wvglr
2026-08-18 09:29:14.911,0.002832684916253908,whisper-inference-56d64c7b67-4qtbk
2026-08-18 09:29:19.911,0.0008295170500986474,whisper-inference-56d64c7b67-wvglr
2026-08-18 09:29:19.911,0.0012594650816334762,whisper-inference-56d64c7b67-25qsf
2026-08-18 09:29:19.911,0.002286180363928177,whisper-inference-56d64c7b67-4qtbk
2026-08-18 09:29:24.911,0.0009426636233127192,whisper-inference-56d64c7b67-wvglr
2026-08-18 09:29:24.911,0.0012594650816334762,whisper-inference-56d64c7b67-25qsf
2026-08-18 09:29:24.911,0.002361165827686365,whisper-inference-56d64c7b67-4qtbk
2026-08-18 09:29:29.911,0.0009405883862308152,whisper-inference-56d64c7b67-wvglr
2026-08-18 09:29:29.911,0.001176270685552197,whisper-inference-56d64c7b67-25qsf
2026-08-18 09:29:29.911,0.0020265631104910394,whisper-inference-56d64c7b67-4qtbk
2026-08-18 09:29:34.911,0.0016989159151001854,whisper-inference-56d64c7b67-4qtbk
2026-08-18 09:29:34.911,0.0011252151011276227,whisper-inference-56d64c7b67-25qsf
2026-08-18 09:29:34.911,0.0011152783931126231,whisper-inference-56d64c7b67-wvglr
2026-08-18 09:29:39.911,0.0011252151011276227,whisper-inference-56d64c7b67-25qsf
2026-08-18 09:29:39.911,0.0016946515246133035,whisper-inference-56d64c7b67-4qtbk
2026-08-18 09:29:39.911,0.0011152783931126231,whisper-inference-56d64c7b67-wvglr
2026-08-18 09:29:44.911,0.0007689176899945122,whisper-inference-56d64c7b67-25qsf
2026-08-18 09:29:44.911,0.0017420397444409858,whisper-inference-56d64c7b67-4qtbk
2026-08-18 09:29:44.911,0.0011152783931126231,whisper-inference-56d64c7b67-wvglr
2026-08-18 09:29:49.911,0.0011167980823077385,whisper-inference-56d64c7b67-25qsf
2026-08-18 09:29:49.911,0.0017848372093622884,whisper-inference-56d64c7b67-4qtbk
2026-08-18 09:29:49.911,0.0010033597549512535,whisper-inference-56d64c7b67-wvglr
2026-08-18 09:29:54.911,0.0017260240881613285,whisper-inference-56d64c7b67-4qtbk
2026-08-18 09:29:54.911,0.0011056367203532438,whisper-inference-56d64c7b67-wvglr
2026-08-18 09:29:54.911,0.0011167980823077385,whisper-inference-56d64c7b67-25qsf
2026-08-18 09:29:59.911,0.001164386485430497,whisper-inference-56d64c7b67-wvglr
2026-08-18 09:29:59.911,0.0011167980823077385,whisper-inference-56d64c7b67-25qsf
2026-08-18 09:29:59.911,0.0017909338267329128,whisper-inference-56d64c7b67-4qtbk
2026-08-18 09:30:04.911,0.0013831999594831517,whisper-inference-56d64c7b67-wvglr
2026-08-18 09:30:04.911,0.001171766890767879,whisper-inference-56d64c7b67-25qsf
2026-08-18 09:30:04.911,0.0017222452516468805,whisper-inference-56d64c7b67-4qtbk
2026-08-18 09:30:09.911,0.0015562943732796712,whisper-inference-56d64c7b67-wvglr
2026-08-18 09:30:09.911,0.0011980360625224984,whisper-inference-56d64c7b67-25qsf
2026-08-18 09:30:09.911,0.0017269480184343164,whisper-inference-56d64c7b67-4qtbk
2026-08-18 09:30:14.911,0.0015562943732796712,whisper-inference-56d64c7b67-wvglr
2026-08-18 09:30:14.911,0.0011980360625224984,whisper-inference-56d64c7b67-25qsf
2026-08-18 09:30:14.911,0.0015154972016713187,whisper-inference-56d64c7b67-4qtbk
2026-08-18 09:30:19.911,0.0020664734643493165,whisper-inference-56d64c7b67-4qtbk
2026-08-18 09:30:19.911,0.0011368537035394428,whisper-inference-56d64c7b67-25qsf
2026-08-18 09:30:19.911,0.0015091136385832241,whisper-inference-56d64c7b67-wvglr
2026-08-18 09:30:24.911,0.0015165561879615752,whisper-inference-56d64c7b67-wvglr
2026-08-18 09:30:24.911,0.0020674606087960523,whisper-inference-56d64c7b67-4qtbk
2026-08-18 09:30:24.911,0.0011368537035394428,whisper-inference-56d64c7b67-25qsf
2026-08-18 09:30:29.911,0.0026362284190982284,whisper-inference-56d64c7b67-4qtbk
2026-08-18 09:30:29.911,0.0007522160044038543,whisper-inference-56d64c7b67-25qsf
2026-08-18 09:30:29.911,0.001575255657018341,whisper-inference-56d64c7b67-wvglr
2026-08-18 09:30:34.911,0.0009451351630537396,whisper-inference-56d64c7b67-25qsf
2026-08-18 09:30:34.911,0.0015462155701798969,whisper-inference-56d64c7b67-wvglr
2026-08-18 09:30:34.911,0.002715450450664462,whisper-inference-56d64c7b67-4qtbk
2026-08-18 09:30:39.911,0.0033777304532973877,whisper-inference-56d64c7b67-4qtbk
2026-08-18 09:30:39.911,0.0009451351630537396,whisper-inference-56d64c7b67-25qsf
2026-08-18 09:30:39.911,0.0016572989772923286,whisper-inference-56d64c7b67-wvglr
2026-08-18 09:30:44.911,0.00087636486002343,whisper-inference-56d64c7b67-25qsf
2026-08-18 09:30:44.911,0.001571340437341945,whisper-inference-56d64c7b67-wvglr
2026-08-18 09:30:44.911,0.0036517389874572365,whisper-inference-56d64c7b67-4qtbk
2026-08-18 09:30:49.911,0.0036191511568856327,whisper-inference-56d64c7b67-4qtbk
2026-08-18 09:30:49.911,0.0012389651047596468,whisper-inference-56d64c7b67-25qsf
2026-08-18 09:30:49.911,0.001571340437341945,whisper-inference-56d64c7b67-wvglr
2026-08-18 09:30:54.911,0.0013512794673280772,whisper-inference-56d64c7b67-25qsf
2026-08-18 09:30:54.911,0.0009427621986638946,whisper-inference-56d64c7b67-wvglr
2026-08-18 09:30:54.911,0.0035689977577349173,whisper-inference-56d64c7b67-4qtbk
2026-08-18 09:30:59.911,0.0008976828023752925,whisper-inference-56d64c7b67-wvglr
2026-08-18 09:30:59.911,0.0012710605810394566,whisper-inference-56d64c7b67-25qsf
2026-08-18 09:30:59.911,0.0031365132182961473,whisper-inference-56d64c7b67-4qtbk
2026-08-18 09:31:04.911,0.0008365506675411557,whisper-inference-56d64c7b67-wvglr
2026-08-18 09:31:04.911,0.0033524060137958773,whisper-inference-56d64c7b67-4qtbk
2026-08-18 09:31:04.911,0.0013185480473137117,whisper-inference-56d64c7b67-25qsf
2026-08-18 09:31:09.911,0.0010235169396468108,whisper-inference-56d64c7b67-wvglr
2026-08-18 09:31:09.911,0.002774847082312534,whisper-inference-56d64c7b67-4qtbk
2026-08-18 09:31:09.911,0.0013704620649676934,whisper-inference-56d64c7b67-25qsf
2026-08-18 09:31:14.911,0.002774847082312534,whisper-inference-56d64c7b67-4qtbk
2026-08-18 09:31:14.911,0.0013571422809288494,whisper-inference-56d64c7b67-25qsf
2026-08-18 09:31:14.911,0.001023516939646811,whisper-inference-56d64c7b67-wvglr
2026-08-18 09:31:19.911,0.002061799200764855,whisper-inference-56d64c7b67-4qtbk
2026-08-18 09:31:19.911,0.0008110978745769009,whisper-inference-56d64c7b67-wvglr
2026-08-18 09:31:19.911,0.0014580456081859238,whisper-inference-56d64c7b67-25qsf
2026-08-18 09:31:24.911,0.0016285660607470993,whisper-inference-56d64c7b67-wvglr
2026-08-18 09:31:24.911,0.002330470742441744,whisper-inference-56d64c7b67-4qtbk
2026-08-18 09:31:24.911,0.0014580456081859238,whisper-inference-56d64c7b67-25qsf
2026-08-18 09:31:29.911,0.0016713892609359036,whisper-inference-56d64c7b67-25qsf
2026-08-18 09:31:29.911,0.0020720603011680433,whisper-inference-56d64c7b67-4qtbk
2026-08-18 09:31:29.911,0.0017786942077792005,whisper-inference-56d64c7b67-wvglr
2026-08-18 09:31:34.911,0.002690489911547708,whisper-inference-56d64c7b67-25qsf
2026-08-18 09:31:34.911,0.0019482232245262212,whisper-inference-56d64c7b67-wvglr
2026-08-18 09:31:34.911,0.0020720603011680433,whisper-inference-56d64c7b67-4qtbk
2026-08-18 09:31:39.911,0.0019949916327231336,whisper-inference-56d64c7b67-4qtbk
2026-08-18 09:31:39.911,0.001832214655372249,whisper-inference-56d64c7b67-wvglr
2026-08-18 09:31:39.911,0.002901299677736127,whisper-inference-56d64c7b67-25qsf
2026-08-18 09:31:44.911,0.0019949916327231336,whisper-inference-56d64c7b67-4qtbk
2026-08-18 09:31:44.911,0.0025957150048551234,whisper-inference-56d64c7b67-25qsf
2026-08-18 09:31:44.911,0.0022806506156212206,whisper-inference-56d64c7b67-wvglr
2026-08-18 09:31:49.911,0.0026989433973515792,whisper-inference-56d64c7b67-25qsf
2026-08-18 09:31:49.911,0.001963763030628266,whisper-inference-56d64c7b67-4qtbk
2026-08-18 09:31:49.911,0.0022806506156212206,whisper-inference-56d64c7b67-wvglr
2026-08-18 09:31:54.911,0.002064881465467709,whisper-inference-56d64c7b67-wvglr
2026-08-18 09:31:54.911,0.0026989433973515792,whisper-inference-56d64c7b67-25qsf
2026-08-18 09:31:54.911,0.0015246028439638935,whisper-inference-56d64c7b67-4qtbk
2026-08-18 09:31:59.911,0.002661923482307725,whisper-inference-56d64c7b67-25qsf
2026-08-18 09:31:59.911,0.0015246028439638935,whisper-inference-56d64c7b67-4qtbk
2026-08-18 09:31:59.911,0.001919912305368881,whisper-inference-56d64c7b67-wvglr
2026-08-18 09:32:04.911,0.0030488248484766074,whisper-inference-56d64c7b67-25qsf
2026-08-18 09:32:04.911,0.0014456634390384634,whisper-inference-56d64c7b67-4qtbk
2026-08-18 09:32:04.911,0.001630142463944917,whisper-inference-56d64c7b67-wvglr
2026-08-18 09:32:09.911,0.0010606183312620605,whisper-inference-56d64c7b67-4qtbk
2026-08-18 09:32:09.911,0.0016440838398866333,whisper-inference-56d64c7b67-wvglr
2026-08-18 09:32:09.911,0.0030488248484766074,whisper-inference-56d64c7b67-25qsf
2026-08-18 09:32:14.911,0.0016440838398866333,whisper-inference-56d64c7b67-wvglr
2026-08-18 09:32:14.911,0.0017077418102936486,whisper-inference-56d64c7b67-25qsf
2026-08-18 09:32:14.911,0.001457226656430283,whisper-inference-56d64c7b67-4qtbk
2026-08-18 09:32:19.911,0.0016440838398866333,whisper-inference-56d64c7b67-wvglr
2026-08-18 09:32:19.911,0.0013699739998149813,whisper-inference-56d64c7b67-25qsf
2026-08-18 09:32:19.911,0.0017008871117470165,whisper-inference-56d64c7b67-4qtbk
2026-08-18 09:32:24.911,0.0023627360448926792,whisper-inference-56d64c7b67-wvglr
2026-08-18 09:32:24.911,0.0016745127585032257,whisper-inference-56d64c7b67-4qtbk
2026-08-18 09:32:24.911,0.0013699739998149813,whisper-inference-56d64c7b67-25qsf
2026-08-18 09:32:29.911,0.0022040744138505323,whisper-inference-56d64c7b67-4qtbk
2026-08-18 09:32:29.911,0.0015240009162268767,whisper-inference-56d64c7b67-25qsf
2026-08-18 09:32:29.911,0.0023627360448926792,whisper-inference-56d64c7b67-wvglr
2026-08-18 09:32:34.911,0.0029101766018644975,whisper-inference-56d64c7b67-4qtbk
2026-08-18 09:32:34.911,0.0015173769024772294,whisper-inference-56d64c7b67-25qsf
2026-08-18 09:32:34.911,0.0023627360448926792,whisper-inference-56d64c7b67-wvglr
2026-08-18 09:32:39.911,0.0037866253148652364,whisper-inference-56d64c7b67-4qtbk
2026-08-18 09:32:39.911,0.0034266266622073483,whisper-inference-56d64c7b67-25qsf
2026-08-18 09:32:39.911,0.0028278707649150372,whisper-inference-56d64c7b67-wvglr
2026-08-18 09:32:44.911,0.0036081362588606704,whisper-inference-56d64c7b67-4qtbk
2026-08-18 09:32:44.911,0.003584542413435513,whisper-inference-56d64c7b67-25qsf
2026-08-18 09:32:44.911,0.0030838950427656466,whisper-inference-56d64c7b67-wvglr
2026-08-18 09:32:49.911,0.003420946457799576,whisper-inference-56d64c7b67-4qtbk
2026-08-18 09:32:49.911,0.003752537003926959,whisper-inference-56d64c7b67-25qsf
2026-08-18 09:32:49.911,0.0030838950427656466,whisper-inference-56d64c7b67-wvglr
2026-08-18 09:32:54.911,0.002701563892771711,whisper-inference-56d64c7b67-wvglr
2026-08-18 09:32:54.911,0.003837620006467545,whisper-inference-56d64c7b67-4qtbk
2026-08-18 09:32:54.911,0.0048478966205766204,whisper-inference-56d64c7b67-25qsf
2026-08-18 09:32:59.911,0.0048478966205766204,whisper-inference-56d64c7b67-25qsf
2026-08-18 09:32:59.911,0.002890892473479985,whisper-inference-56d64c7b67-wvglr
2026-08-18 09:32:59.911,0.003959085787290239,whisper-inference-56d64c7b67-4qtbk
2026-08-18 09:33:04.911,0.004063244016720015,whisper-inference-56d64c7b67-4qtbk
2026-08-18 09:33:04.911,0.002890892473479985,whisper-inference-56d64c7b67-wvglr
2026-08-18 09:33:04.911,0.006499200143078489,whisper-inference-56d64c7b67-25qsf
2026-08-18 09:33:09.911,0.006499200143078489,whisper-inference-56d64c7b67-25qsf
2026-08-18 09:33:09.911,0.004393797931861688,whisper-inference-56d64c7b67-4qtbk
2026-08-18 09:33:09.911,0.002453232295054921,whisper-inference-56d64c7b67-wvglr
2026-08-18 09:33:14.911,0.004286441026948723,whisper-inference-56d64c7b67-4qtbk
2026-08-18 09:33:14.911,0.006499200143078489,whisper-inference-56d64c7b67-25qsf
2026-08-18 09:33:14.911,0.0020441838703669484,whisper-inference-56d64c7b67-wvglr
2026-08-18 09:33:19.911,0.004030100479927466,whisper-inference-56d64c7b67-4qtbk
2026-08-18 09:33:19.911,0.0020441838703669484,whisper-inference-56d64c7b67-wvglr
2026-08-18 09:33:19.911,0.004163650000000097,whisper-inference-56d64c7b67-25qsf
2026-08-18 09:33:24.911,0.00373295264807691,whisper-inference-56d64c7b67-4qtbk
2026-08-18 09:33:24.911,0.0018008093143847862,whisper-inference-56d64c7b67-wvglr
2026-08-18 09:33:24.911,0.00695695761213617,whisper-inference-56d64c7b67-25qsf
2026-08-18 09:33:29.911,0.001961975622101106,whisper-inference-56d64c7b67-wvglr
2026-08-18 09:33:29.911,0.004659154715260858,whisper-inference-56d64c7b67-4qtbk
2026-08-18 09:33:29.911,0.00695695761213617,whisper-inference-56d64c7b67-25qsf
2026-08-18 09:33:34.911,0.001961975622101106,whisper-inference-56d64c7b67-wvglr
2026-08-18 09:33:34.911,0.006312616636735735,whisper-inference-56d64c7b67-25qsf
2026-08-18 09:33:34.911,0.006145812508800641,whisper-inference-56d64c7b67-4qtbk
2026-08-18 09:33:39.911,0.006145812508800641,whisper-inference-56d64c7b67-4qtbk
2026-08-18 09:33:39.911,0.0012910714710198466,whisper-inference-56d64c7b67-wvglr
2026-08-18 09:33:39.911,0.005393788456272457,whisper-inference-56d64c7b67-25qsf
2026-08-18 09:33:44.911,0.006882547276032054,whisper-inference-56d64c7b67-4qtbk
2026-08-18 09:33:44.911,0.0015787436275470266,whisper-inference-56d64c7b67-wvglr
2026-08-18 09:33:44.911,0.005459562407070199,whisper-inference-56d64c7b67-25qsf
2026-08-18 09:33:49.911,0.005011131169683103,whisper-inference-56d64c7b67-25qsf
2026-08-18 09:33:49.911,0.0015787436275470266,whisper-inference-56d64c7b67-wvglr
2026-08-18 09:33:49.911,0.0060740888613609574,whisper-inference-56d64c7b67-4qtbk
2026-08-18 09:33:54.911,0.0017903009460677524,whisper-inference-56d64c7b67-wvglr
2026-08-18 09:33:54.911,0.0060740888613609574,whisper-inference-56d64c7b67-4qtbk
2026-08-18 09:33:54.911,0.005033053476715871,whisper-inference-56d64c7b67-25qsf
2026-08-18 09:33:59.911,0.006004695710529754,whisper-inference-56d64c7b67-4qtbk
2026-08-18 09:33:59.911,0.004771706982165363,whisper-inference-56d64c7b67-25qsf
2026-08-18 09:33:59.911,0.0018660980566220923,whisper-inference-56d64c7b67-wvglr
2026-08-18 09:34:04.911,0.00599771796592229,whisper-inference-56d64c7b67-4qtbk
2026-08-18 09:34:04.911,0.003535517598341074,whisper-inference-56d64c7b67-25qsf
2026-08-18 09:34:04.911,0.002232408826981324,whisper-inference-56d64c7b67-wvglr
2026-08-18 09:34:09.911,0.005044300059428334,whisper-inference-56d64c7b67-4qtbk
2026-08-18 09:34:09.911,0.004132344991773486,whisper-inference-56d64c7b67-25qsf
2026-08-18 09:34:09.911,0.0019687297629787425,whisper-inference-56d64c7b67-wvglr
2026-08-18 09:34:14.911,0.0017758530885758788,whisper-inference-56d64c7b67-wvglr
2026-08-18 09:34:14.911,0.0038883454118376327,whisper-inference-56d64c7b67-25qsf
2026-08-18 09:34:14.911,0.003870242427589547,whisper-inference-56d64c7b67-4qtbk
2026-08-18 09:34:19.911,0.0016029446588588885,whisper-inference-56d64c7b67-wvglr
2026-08-18 09:34:19.911,0.003696270660760951,whisper-inference-56d64c7b67-25qsf
2026-08-18 09:34:19.911,0.003836515029952833,whisper-inference-56d64c7b67-4qtbk
2026-08-18 09:34:24.911,0.0038730879968952897,whisper-inference-56d64c7b67-25qsf
2026-08-18 09:34:24.911,0.004116273306692891,whisper-inference-56d64c7b67-4qtbk
2026-08-18 09:34:24.911,0.0017377560045438133,whisper-inference-56d64c7b67-wvglr
2026-08-18 09:34:29.911,0.004000790903336779,whisper-inference-56d64c7b67-4qtbk
2026-08-18 09:34:29.911,0.0038647965788067423,whisper-inference-56d64c7b67-25qsf
2026-08-18 09:34:29.911,0.0016817522066326475,whisper-inference-56d64c7b67-wvglr
2026-08-18 09:34:34.911,0.004136082980489758,whisper-inference-56d64c7b67-4qtbk
2026-08-18 09:34:34.911,0.0034292450904678806,whisper-inference-56d64c7b67-25qsf
2026-08-18 09:34:34.911,0.001580587295465653,whisper-inference-56d64c7b67-wvglr
2026-08-18 09:34:39.911,0.0011819510005444413,whisper-inference-56d64c7b67-wvglr
2026-08-18 09:34:39.911,0.0037244088753787532,whisper-inference-56d64c7b67-25qsf
2026-08-18 09:34:39.911,0.0038459023106922376,whisper-inference-56d64c7b67-4qtbk
2026-08-18 09:34:44.911,0.004303520710539883,whisper-inference-56d64c7b67-4qtbk
2026-08-18 09:34:44.911,0.001019291373677214,whisper-inference-56d64c7b67-wvglr
2026-08-18 09:34:44.911,0.003262652803169201,whisper-inference-56d64c7b67-25qsf
2026-08-18 09:34:49.911,0.0009834885919299133,whisper-inference-56d64c7b67-wvglr
2026-08-18 09:34:49.911,0.004294098274971131,whisper-inference-56d64c7b67-4qtbk
2026-08-18 09:34:49.911,0.002862055996212028,whisper-inference-56d64c7b67-25qsf
2026-08-18 09:34:54.911,0.0009834885919299133,whisper-inference-56d64c7b67-wvglr
2026-08-18 09:34:54.911,0.004294098274971131,whisper-inference-56d64c7b67-4qtbk
2026-08-18 09:34:54.911,0.002963498482702815,whisper-inference-56d64c7b67-25qsf
2026-08-18 09:34:59.911,0.0030250164760201727,whisper-inference-56d64c7b67-25qsf
2026-08-18 09:34:59.911,0.001020091257765728,whisper-inference-56d64c7b67-wvglr
2026-08-18 09:34:59.911,0.004052373911497875,whisper-inference-56d64c7b67-4qtbk
2026-08-18 09:35:04.911,0.0029998387974335926,whisper-inference-56d64c7b67-25qsf
2026-08-18 09:35:04.911,0.001087331172331992,whisper-inference-56d64c7b67-wvglr
2026-08-18 09:35:04.911,0.00418825319195217,whisper-inference-56d64c7b67-4qtbk
2026-08-18 09:35:09.911,0.002803816125105729,whisper-inference-56d64c7b67-25qsf
2026-08-18 09:35:09.911,0.001087331172331992,whisper-inference-56d64c7b67-wvglr
2026-08-18 09:35:09.911,0.004116606753531129,whisper-inference-56d64c7b67-4qtbk
2026-08-18 09:35:14.911,0.001132385119836462,whisper-inference-56d64c7b67-wvglr
2026-08-18 09:35:14.911,0.003933980904892312,whisper-inference-56d64c7b67-4qtbk
2026-08-18 09:35:14.911,0.002559616826784412,whisper-inference-56d64c7b67-25qsf
2026-08-18 09:35:19.911,0.002588041501335433,whisper-inference-56d64c7b67-25qsf
2026-08-18 09:35:19.911,0.0038357870959140053,whisper-inference-56d64c7b67-4qtbk
2026-08-18 09:35:19.911,0.0010104354212338892,whisper-inference-56d64c7b67-wvglr
