timestamp,value,GPU_I_ID,GPU_I_PROFILE,pod,namespace,container,DCGM_FI_DRIVER_VERSION,UUID
2026-08-16 03:16:30.051011,93.911,10,1g.11gb,yolo-inference-755b67b9bb-cf854,default,yolo,580.173.02,GPU-d59cb1c4-ad97-d91a-6731-e7b5f38951a6
2026-08-16 03:16:30.051011,93.782,11,1g.11gb,yolo-inference-755b67b9bb-cgztg,default,yolo,580.173.02,GPU-d59cb1c4-ad97-d91a-6731-e7b5f38951a6
2026-08-16 03:16:30.051011,93.799,12,1g.11gb,yolo-inference-755b67b9bb-g6r55,default,yolo,580.173.02,GPU-d59cb1c4-ad97-d91a-6731-e7b5f38951a6
2026-08-16 03:16:30.051011,93.782,13,1g.11gb,,,,580.173.02,GPU-d59cb1c4-ad97-d91a-6731-e7b5f38951a6
2026-08-16 03:16:30.051011,94.259,7,1g.11gb,yolo-inference-755b67b9bb-6qhhl,default,yolo,580.173.02,GPU-d59cb1c4-ad97-d91a-6731-e7b5f38951a6
2026-08-16 03:16:30.051011,93.848,8,1g.11gb,,,,580.173.02,GPU-d59cb1c4-ad97-d91a-6731-e7b5f38951a6
2026-08-16 03:16:30.051011,93.699,9,1g.11gb,yolo-inference-755b67b9bb-nz54p,default,yolo,580.173.02,GPU-d59cb1c4-ad97-d91a-6731-e7b5f38951a6
2026-08-16 03:16:35.053583,93.911,10,1g.11gb,yolo-inference-755b67b9bb-cf854,default,yolo,580.173.02,GPU-d59cb1c4-ad97-d91a-6731-e7b5f38951a6
2026-08-16 03:16:35.053583,93.782,11,1g.11gb,yolo-inference-755b67b9bb-cgztg,default,yolo,580.173.02,GPU-d59cb1c4-ad97-d91a-6731-e7b5f38951a6
2026-08-16 03:16:35.053583,93.799,12,1g.11gb,yolo-inference-755b67b9bb-g6r55,default,yolo,580.173.02,GPU-d59cb1c4-ad97-d91a-6731-e7b5f38951a6
2026-08-16 03:16:35.053583,93.782,13,1g.11gb,,,,580.173.02,GPU-d59cb1c4-ad97-d91a-6731-e7b5f38951a6
2026-08-16 03:16:35.053583,94.259,7,1g.11gb,yolo-inference-755b67b9bb-6qhhl,default,yolo,580.173.02,GPU-d59cb1c4-ad97-d91a-6731-e7b5f38951a6
2026-08-16 03:16:35.053583,93.848,8,1g.11gb,,,,580.173.02,GPU-d59cb1c4-ad97-d91a-6731-e7b5f38951a6
2026-08-16 03:16:35.053583,93.699,9,1g.11gb,yolo-inference-755b67b9bb-nz54p,default,yolo,580.173.02,GPU-d59cb1c4-ad97-d91a-6731-e7b5f38951a6
2026-08-16 03:16:40.054720,93.911,10,1g.11gb,yolo-inference-755b67b9bb-cf854,default,yolo,580.173.02,GPU-d59cb1c4-ad97-d91a-6731-e7b5f38951a6
2026-08-16 03:16:40.054720,93.782,11,1g.11gb,yolo-inference-755b67b9bb-cgztg,default,yolo,580.173.02,GPU-d59cb1c4-ad97-d91a-6731-e7b5f38951a6
2026-08-16 03:16:40.054720,93.799,12,1g.11gb,yolo-inference-755b67b9bb-g6r55,default,yolo,580.173.02,GPU-d59cb1c4-ad97-d91a-6731-e7b5f38951a6
2026-08-16 03:16:40.054720,93.782,13,1g.11gb,,,,580.173.02,GPU-d59cb1c4-ad97-d91a-6731-e7b5f38951a6
2026-08-16 03:16:40.054720,94.259,7,1g.11gb,yolo-inference-755b67b9bb-6qhhl,default,yolo,580.173.02,GPU-d59cb1c4-ad97-d91a-6731-e7b5f38951a6
2026-08-16 03:16:40.054720,93.848,8,1g.11gb,,,,580.173.02,GPU-d59cb1c4-ad97-d91a-6731-e7b5f38951a6
2026-08-16 03:16:40.054720,93.699,9,1g.11gb,yolo-inference-755b67b9bb-nz54p,default,yolo,580.173.02,GPU-d59cb1c4-ad97-d91a-6731-e7b5f38951a6
2026-08-16 03:16:45.052628,93.911,10,1g.11gb,yolo-inference-755b67b9bb-cf854,default,yolo,580.173.02,GPU-d59cb1c4-ad97-d91a-6731-e7b5f38951a6
2026-08-16 03:16:45.052628,93.782,11,1g.11gb,yolo-inference-755b67b9bb-cgztg,default,yolo,580.173.02,GPU-d59cb1c4-ad97-d91a-6731-e7b5f38951a6
2026-08-16 03:16:45.052628,93.799,12,1g.11gb,yolo-inference-755b67b9bb-g6r55,default,yolo,580.173.02,GPU-d59cb1c4-ad97-d91a-6731-e7b5f38951a6
2026-08-16 03:16:45.052628,93.782,13,1g.11gb,,,,580.173.02,GPU-d59cb1c4-ad97-d91a-6731-e7b5f38951a6
2026-08-16 03:16:45.052628,94.259,7,1g.11gb,yolo-inference-755b67b9bb-6qhhl,default,yolo,580.173.02,GPU-d59cb1c4-ad97-d91a-6731-e7b5f38951a6
2026-08-16 03:16:45.052628,93.848,8,1g.11gb,,,,580.173.02,GPU-d59cb1c4-ad97-d91a-6731-e7b5f38951a6
2026-08-16 03:16:45.052628,93.699,9,1g.11gb,yolo-inference-755b67b9bb-nz54p,default,yolo,580.173.02,GPU-d59cb1c4-ad97-d91a-6731-e7b5f38951a6
2026-08-16 03:16:50.053405,94.102,10,1g.11gb,yolo-inference-755b67b9bb-cf854,default,yolo,580.173.02,GPU-d59cb1c4-ad97-d91a-6731-e7b5f38951a6
2026-08-16 03:16:50.053405,93.782,11,1g.11gb,yolo-inference-755b67b9bb-cgztg,default,yolo,580.173.02,GPU-d59cb1c4-ad97-d91a-6731-e7b5f38951a6
2026-08-16 03:16:50.053405,93.799,12,1g.11gb,yolo-inference-755b67b9bb-g6r55,default,yolo,580.173.02,GPU-d59cb1c4-ad97-d91a-6731-e7b5f38951a6
2026-08-16 03:16:50.053405,93.782,13,1g.11gb,,,,580.173.02,GPU-d59cb1c4-ad97-d91a-6731-e7b5f38951a6
2026-08-16 03:16:50.053405,94.259,7,1g.11gb,yolo-inference-755b67b9bb-6qhhl,default,yolo,580.173.02,GPU-d59cb1c4-ad97-d91a-6731-e7b5f38951a6
2026-08-16 03:16:50.053405,93.848,8,1g.11gb,,,,580.173.02,GPU-d59cb1c4-ad97-d91a-6731-e7b5f38951a6
2026-08-16 03:16:50.053405,93.699,9,1g.11gb,yolo-inference-755b67b9bb-nz54p,default,yolo,580.173.02,GPU-d59cb1c4-ad97-d91a-6731-e7b5f38951a6
2026-08-16 03:16:55.055955,94.102,10,1g.11gb,yolo-inference-755b67b9bb-cf854,default,yolo,580.173.02,GPU-d59cb1c4-ad97-d91a-6731-e7b5f38951a6
2026-08-16 03:16:55.055955,93.725,11,1g.11gb,yolo-inference-755b67b9bb-cgztg,default,yolo,580.173.02,GPU-d59cb1c4-ad97-d91a-6731-e7b5f38951a6
2026-08-16 03:16:55.055955,93.77,12,1g.11gb,yolo-inference-755b67b9bb-g6r55,default,yolo,580.173.02,GPU-d59cb1c4-ad97-d91a-6731-e7b5f38951a6
2026-08-16 03:16:55.055955,93.725,13,1g.11gb,,,,580.173.02,GPU-d59cb1c4-ad97-d91a-6731-e7b5f38951a6
2026-08-16 03:16:55.055955,94.313,7,1g.11gb,yolo-inference-755b67b9bb-6qhhl,default,yolo,580.173.02,GPU-d59cb1c4-ad97-d91a-6731-e7b5f38951a6
2026-08-16 03:16:55.055955,93.803,8,1g.11gb,,,,580.173.02,GPU-d59cb1c4-ad97-d91a-6731-e7b5f38951a6
2026-08-16 03:16:55.055955,93.735,9,1g.11gb,yolo-inference-755b67b9bb-nz54p,default,yolo,580.173.02,GPU-d59cb1c4-ad97-d91a-6731-e7b5f38951a6
2026-08-16 03:17:00.054374,94.102,10,1g.11gb,yolo-inference-755b67b9bb-cf854,default,yolo,580.173.02,GPU-d59cb1c4-ad97-d91a-6731-e7b5f38951a6
2026-08-16 03:17:00.054374,93.725,11,1g.11gb,yolo-inference-755b67b9bb-cgztg,default,yolo,580.173.02,GPU-d59cb1c4-ad97-d91a-6731-e7b5f38951a6
2026-08-16 03:17:00.054374,93.77,12,1g.11gb,yolo-inference-755b67b9bb-g6r55,default,yolo,580.173.02,GPU-d59cb1c4-ad97-d91a-6731-e7b5f38951a6
2026-08-16 03:17:00.054374,93.725,13,1g.11gb,,,,580.173.02,GPU-d59cb1c4-ad97-d91a-6731-e7b5f38951a6
2026-08-16 03:17:00.054374,94.313,7,1g.11gb,yolo-inference-755b67b9bb-6qhhl,default,yolo,580.173.02,GPU-d59cb1c4-ad97-d91a-6731-e7b5f38951a6
2026-08-16 03:17:00.054374,93.803,8,1g.11gb,,,,580.173.02,GPU-d59cb1c4-ad97-d91a-6731-e7b5f38951a6
2026-08-16 03:17:00.054374,93.735,9,1g.11gb,yolo-inference-755b67b9bb-nz54p,default,yolo,580.173.02,GPU-d59cb1c4-ad97-d91a-6731-e7b5f38951a6
2026-08-16 03:17:05.055970,94.102,10,1g.11gb,yolo-inference-755b67b9bb-cf854,default,yolo,580.173.02,GPU-d59cb1c4-ad97-d91a-6731-e7b5f38951a6
2026-08-16 03:17:05.055970,93.725,11,1g.11gb,yolo-inference-755b67b9bb-cgztg,default,yolo,580.173.02,GPU-d59cb1c4-ad97-d91a-6731-e7b5f38951a6
2026-08-16 03:17:05.055970,93.77,12,1g.11gb,yolo-inference-755b67b9bb-g6r55,default,yolo,580.173.02,GPU-d59cb1c4-ad97-d91a-6731-e7b5f38951a6
2026-08-16 03:17:05.055970,93.725,13,1g.11gb,,,,580.173.02,GPU-d59cb1c4-ad97-d91a-6731-e7b5f38951a6
2026-08-16 03:17:05.055970,94.313,7,1g.11gb,yolo-inference-755b67b9bb-6qhhl,default,yolo,580.173.02,GPU-d59cb1c4-ad97-d91a-6731-e7b5f38951a6
2026-08-16 03:17:05.055970,93.803,8,1g.11gb,,,,580.173.02,GPU-d59cb1c4-ad97-d91a-6731-e7b5f38951a6
2026-08-16 03:17:05.055970,93.735,9,1g.11gb,yolo-inference-755b67b9bb-nz54p,default,yolo,580.173.02,GPU-d59cb1c4-ad97-d91a-6731-e7b5f38951a6
2026-08-16 03:17:10.055958,94.102,10,1g.11gb,yolo-inference-755b67b9bb-cf854,default,yolo,580.173.02,GPU-d59cb1c4-ad97-d91a-6731-e7b5f38951a6
2026-08-16 03:17:10.055958,93.725,11,1g.11gb,yolo-inference-755b67b9bb-cgztg,default,yolo,580.173.02,GPU-d59cb1c4-ad97-d91a-6731-e7b5f38951a6
2026-08-16 03:17:10.055958,93.77,12,1g.11gb,yolo-inference-755b67b9bb-g6r55,default,yolo,580.173.02,GPU-d59cb1c4-ad97-d91a-6731-e7b5f38951a6
2026-08-16 03:17:10.055958,93.725,13,1g.11gb,,,,580.173.02,GPU-d59cb1c4-ad97-d91a-6731-e7b5f38951a6
2026-08-16 03:17:10.055958,94.313,7,1g.11gb,yolo-inference-755b67b9bb-6qhhl,default,yolo,580.173.02,GPU-d59cb1c4-ad97-d91a-6731-e7b5f38951a6
2026-08-16 03:17:10.055958,93.803,8,1g.11gb,,,,580.173.02,GPU-d59cb1c4-ad97-d91a-6731-e7b5f38951a6
2026-08-16 03:17:10.055958,93.735,9,1g.11gb,yolo-inference-755b67b9bb-nz54p,default,yolo,580.173.02,GPU-d59cb1c4-ad97-d91a-6731-e7b5f38951a6
2026-08-16 03:17:15.055963,94.102,10,1g.11gb,yolo-inference-755b67b9bb-cf854,default,yolo,580.173.02,GPU-d59cb1c4-ad97-d91a-6731-e7b5f38951a6
2026-08-16 03:17:15.055963,93.725,11,1g.11gb,yolo-inference-755b67b9bb-cgztg,default,yolo,580.173.02,GPU-d59cb1c4-ad97-d91a-6731-e7b5f38951a6
2026-08-16 03:17:15.055963,93.77,12,1g.11gb,yolo-inference-755b67b9bb-g6r55,default,yolo,580.173.02,GPU-d59cb1c4-ad97-d91a-6731-e7b5f38951a6
2026-08-16 03:17:15.055963,93.725,13,1g.11gb,,,,580.173.02,GPU-d59cb1c4-ad97-d91a-6731-e7b5f38951a6
2026-08-16 03:17:15.055963,94.313,7,1g.11gb,yolo-inference-755b67b9bb-6qhhl,default,yolo,580.173.02,GPU-d59cb1c4-ad97-d91a-6731-e7b5f38951a6
2026-08-16 03:17:15.055963,93.803,8,1g.11gb,,,,580.173.02,GPU-d59cb1c4-ad97-d91a-6731-e7b5f38951a6
2026-08-16 03:17:15.055963,93.735,9,1g.11gb,yolo-inference-755b67b9bb-nz54p,default,yolo,580.173.02,GPU-d59cb1c4-ad97-d91a-6731-e7b5f38951a6
2026-08-16 03:17:20.055954,94.131,10,1g.11gb,yolo-inference-755b67b9bb-cf854,default,yolo,580.173.02,GPU-d59cb1c4-ad97-d91a-6731-e7b5f38951a6
2026-08-16 03:17:20.055954,93.725,11,1g.11gb,yolo-inference-755b67b9bb-cgztg,default,yolo,580.173.02,GPU-d59cb1c4-ad97-d91a-6731-e7b5f38951a6
2026-08-16 03:17:20.055954,93.77,12,1g.11gb,yolo-inference-755b67b9bb-g6r55,default,yolo,580.173.02,GPU-d59cb1c4-ad97-d91a-6731-e7b5f38951a6
2026-08-16 03:17:20.055954,93.725,13,1g.11gb,,,,580.173.02,GPU-d59cb1c4-ad97-d91a-6731-e7b5f38951a6
2026-08-16 03:17:20.055954,94.313,7,1g.11gb,yolo-inference-755b67b9bb-6qhhl,default,yolo,580.173.02,GPU-d59cb1c4-ad97-d91a-6731-e7b5f38951a6
2026-08-16 03:17:20.055954,93.803,8,1g.11gb,,,,580.173.02,GPU-d59cb1c4-ad97-d91a-6731-e7b5f38951a6
2026-08-16 03:17:20.055954,93.735,9,1g.11gb,yolo-inference-755b67b9bb-nz54p,default,yolo,580.173.02,GPU-d59cb1c4-ad97-d91a-6731-e7b5f38951a6
2026-08-16 03:17:25.055991,94.131,10,1g.11gb,yolo-inference-755b67b9bb-cf854,default,yolo,580.173.02,GPU-d59cb1c4-ad97-d91a-6731-e7b5f38951a6
2026-08-16 03:17:25.055991,93.836,11,1g.11gb,yolo-inference-755b67b9bb-cgztg,default,yolo,580.173.02,GPU-d59cb1c4-ad97-d91a-6731-e7b5f38951a6
2026-08-16 03:17:25.055991,94.132,12,1g.11gb,yolo-inference-755b67b9bb-g6r55,default,yolo,580.173.02,GPU-d59cb1c4-ad97-d91a-6731-e7b5f38951a6
2026-08-16 03:17:25.055991,93.836,13,1g.11gb,,,,580.173.02,GPU-d59cb1c4-ad97-d91a-6731-e7b5f38951a6
2026-08-16 03:17:25.055991,94.464,7,1g.11gb,yolo-inference-755b67b9bb-6qhhl,default,yolo,580.173.02,GPU-d59cb1c4-ad97-d91a-6731-e7b5f38951a6
2026-08-16 03:17:25.055991,93.847,8,1g.11gb,,,,580.173.02,GPU-d59cb1c4-ad97-d91a-6731-e7b5f38951a6
2026-08-16 03:17:25.055991,93.815,9,1g.11gb,yolo-inference-755b67b9bb-nz54p,default,yolo,580.173.02,GPU-d59cb1c4-ad97-d91a-6731-e7b5f38951a6
2026-08-16 03:17:30.056025,94.131,10,1g.11gb,yolo-inference-755b67b9bb-cf854,default,yolo,580.173.02,GPU-d59cb1c4-ad97-d91a-6731-e7b5f38951a6
2026-08-16 03:17:30.056025,93.836,11,1g.11gb,yolo-inference-755b67b9bb-cgztg,default,yolo,580.173.02,GPU-d59cb1c4-ad97-d91a-6731-e7b5f38951a6
2026-08-16 03:17:30.056025,94.132,12,1g.11gb,yolo-inference-755b67b9bb-g6r55,default,yolo,580.173.02,GPU-d59cb1c4-ad97-d91a-6731-e7b5f38951a6
2026-08-16 03:17:30.056025,93.836,13,1g.11gb,,,,580.173.02,GPU-d59cb1c4-ad97-d91a-6731-e7b5f38951a6
2026-08-16 03:17:30.056025,94.464,7,1g.11gb,yolo-inference-755b67b9bb-6qhhl,default,yolo,580.173.02,GPU-d59cb1c4-ad97-d91a-6731-e7b5f38951a6
2026-08-16 03:17:30.056025,93.847,8,1g.11gb,,,,580.173.02,GPU-d59cb1c4-ad97-d91a-6731-e7b5f38951a6
2026-08-16 03:17:30.056025,93.815,9,1g.11gb,yolo-inference-755b67b9bb-nz54p,default,yolo,580.173.02,GPU-d59cb1c4-ad97-d91a-6731-e7b5f38951a6
2026-08-16 03:17:35.052778,94.131,10,1g.11gb,yolo-inference-755b67b9bb-cf854,default,yolo,580.173.02,GPU-d59cb1c4-ad97-d91a-6731-e7b5f38951a6
2026-08-16 03:17:35.052778,93.836,11,1g.11gb,yolo-inference-755b67b9bb-cgztg,default,yolo,580.173.02,GPU-d59cb1c4-ad97-d91a-6731-e7b5f38951a6
2026-08-16 03:17:35.052778,94.132,12,1g.11gb,yolo-inference-755b67b9bb-g6r55,default,yolo,580.173.02,GPU-d59cb1c4-ad97-d91a-6731-e7b5f38951a6
2026-08-16 03:17:35.052778,93.836,13,1g.11gb,,,,580.173.02,GPU-d59cb1c4-ad97-d91a-6731-e7b5f38951a6
2026-08-16 03:17:35.052778,94.464,7,1g.11gb,yolo-inference-755b67b9bb-6qhhl,default,yolo,580.173.02,GPU-d59cb1c4-ad97-d91a-6731-e7b5f38951a6
2026-08-16 03:17:35.052778,93.847,8,1g.11gb,,,,580.173.02,GPU-d59cb1c4-ad97-d91a-6731-e7b5f38951a6
2026-08-16 03:17:35.052778,93.815,9,1g.11gb,yolo-inference-755b67b9bb-nz54p,default,yolo,580.173.02,GPU-d59cb1c4-ad97-d91a-6731-e7b5f38951a6
2026-08-16 03:17:40.055991,94.131,10,1g.11gb,yolo-inference-755b67b9bb-cf854,default,yolo,580.173.02,GPU-d59cb1c4-ad97-d91a-6731-e7b5f38951a6
2026-08-16 03:17:40.055991,93.836,11,1g.11gb,yolo-inference-755b67b9bb-cgztg,default,yolo,580.173.02,GPU-d59cb1c4-ad97-d91a-6731-e7b5f38951a6
2026-08-16 03:17:40.055991,94.132,12,1g.11gb,yolo-inference-755b67b9bb-g6r55,default,yolo,580.173.02,GPU-d59cb1c4-ad97-d91a-6731-e7b5f38951a6
2026-08-16 03:17:40.055991,93.836,13,1g.11gb,,,,580.173.02,GPU-d59cb1c4-ad97-d91a-6731-e7b5f38951a6
2026-08-16 03:17:40.055991,94.464,7,1g.11gb,yolo-inference-755b67b9bb-6qhhl,default,yolo,580.173.02,GPU-d59cb1c4-ad97-d91a-6731-e7b5f38951a6
2026-08-16 03:17:40.055991,93.847,8,1g.11gb,,,,580.173.02,GPU-d59cb1c4-ad97-d91a-6731-e7b5f38951a6
2026-08-16 03:17:40.055991,93.815,9,1g.11gb,yolo-inference-755b67b9bb-nz54p,default,yolo,580.173.02,GPU-d59cb1c4-ad97-d91a-6731-e7b5f38951a6
2026-08-16 03:17:45.055989,94.131,10,1g.11gb,yolo-inference-755b67b9bb-cf854,default,yolo,580.173.02,GPU-d59cb1c4-ad97-d91a-6731-e7b5f38951a6
2026-08-16 03:17:45.055989,93.836,11,1g.11gb,yolo-inference-755b67b9bb-cgztg,default,yolo,580.173.02,GPU-d59cb1c4-ad97-d91a-6731-e7b5f38951a6
2026-08-16 03:17:45.055989,94.132,12,1g.11gb,yolo-inference-755b67b9bb-g6r55,default,yolo,580.173.02,GPU-d59cb1c4-ad97-d91a-6731-e7b5f38951a6
2026-08-16 03:17:45.055989,93.836,13,1g.11gb,,,,580.173.02,GPU-d59cb1c4-ad97-d91a-6731-e7b5f38951a6
2026-08-16 03:17:45.055989,94.464,7,1g.11gb,yolo-inference-755b67b9bb-6qhhl,default,yolo,580.173.02,GPU-d59cb1c4-ad97-d91a-6731-e7b5f38951a6
2026-08-16 03:17:45.055989,93.847,8,1g.11gb,,,,580.173.02,GPU-d59cb1c4-ad97-d91a-6731-e7b5f38951a6
2026-08-16 03:17:45.055989,93.815,9,1g.11gb,yolo-inference-755b67b9bb-nz54p,default,yolo,580.173.02,GPU-d59cb1c4-ad97-d91a-6731-e7b5f38951a6
2026-08-16 03:17:50.051890,93.682,10,1g.11gb,yolo-inference-755b67b9bb-cf854,default,yolo,580.173.02,GPU-d59cb1c4-ad97-d91a-6731-e7b5f38951a6
2026-08-16 03:17:50.051890,93.836,11,1g.11gb,yolo-inference-755b67b9bb-cgztg,default,yolo,580.173.02,GPU-d59cb1c4-ad97-d91a-6731-e7b5f38951a6
2026-08-16 03:17:50.051890,94.132,12,1g.11gb,yolo-inference-755b67b9bb-g6r55,default,yolo,580.173.02,GPU-d59cb1c4-ad97-d91a-6731-e7b5f38951a6
2026-08-16 03:17:50.051890,93.836,13,1g.11gb,,,,580.173.02,GPU-d59cb1c4-ad97-d91a-6731-e7b5f38951a6
2026-08-16 03:17:50.051890,94.464,7,1g.11gb,yolo-inference-755b67b9bb-6qhhl,default,yolo,580.173.02,GPU-d59cb1c4-ad97-d91a-6731-e7b5f38951a6
2026-08-16 03:17:50.051890,93.847,8,1g.11gb,,,,580.173.02,GPU-d59cb1c4-ad97-d91a-6731-e7b5f38951a6
2026-08-16 03:17:50.051890,93.815,9,1g.11gb,yolo-inference-755b67b9bb-nz54p,default,yolo,580.173.02,GPU-d59cb1c4-ad97-d91a-6731-e7b5f38951a6
2026-08-16 03:17:55.055995,93.682,10,1g.11gb,yolo-inference-755b67b9bb-cf854,default,yolo,580.173.02,GPU-d59cb1c4-ad97-d91a-6731-e7b5f38951a6
2026-08-16 03:17:55.055995,93.742,11,1g.11gb,yolo-inference-755b67b9bb-cgztg,default,yolo,580.173.02,GPU-d59cb1c4-ad97-d91a-6731-e7b5f38951a6
2026-08-16 03:17:55.055995,94.079,12,1g.11gb,yolo-inference-755b67b9bb-g6r55,default,yolo,580.173.02,GPU-d59cb1c4-ad97-d91a-6731-e7b5f38951a6
2026-08-16 03:17:55.055995,93.733,13,1g.11gb,,,,580.173.02,GPU-d59cb1c4-ad97-d91a-6731-e7b5f38951a6
2026-08-16 03:17:55.055995,94.53,7,1g.11gb,yolo-inference-755b67b9bb-6qhhl,default,yolo,580.173.02,GPU-d59cb1c4-ad97-d91a-6731-e7b5f38951a6
2026-08-16 03:17:55.055995,94.079,8,1g.11gb,,,,580.173.02,GPU-d59cb1c4-ad97-d91a-6731-e7b5f38951a6
2026-08-16 03:17:55.055995,93.742,9,1g.11gb,yolo-inference-755b67b9bb-nz54p,default,yolo,580.173.02,GPU-d59cb1c4-ad97-d91a-6731-e7b5f38951a6
2026-08-16 03:18:00.055934,93.682,10,1g.11gb,yolo-inference-755b67b9bb-cf854,default,yolo,580.173.02,GPU-d59cb1c4-ad97-d91a-6731-e7b5f38951a6
2026-08-16 03:18:00.055934,93.742,11,1g.11gb,yolo-inference-755b67b9bb-cgztg,default,yolo,580.173.02,GPU-d59cb1c4-ad97-d91a-6731-e7b5f38951a6
2026-08-16 03:18:00.055934,94.079,12,1g.11gb,yolo-inference-755b67b9bb-g6r55,default,yolo,580.173.02,GPU-d59cb1c4-ad97-d91a-6731-e7b5f38951a6
2026-08-16 03:18:00.055934,93.733,13,1g.11gb,,,,580.173.02,GPU-d59cb1c4-ad97-d91a-6731-e7b5f38951a6
2026-08-16 03:18:00.055934,94.53,7,1g.11gb,yolo-inference-755b67b9bb-6qhhl,default,yolo,580.173.02,GPU-d59cb1c4-ad97-d91a-6731-e7b5f38951a6
2026-08-16 03:18:00.055934,94.079,8,1g.11gb,,,,580.173.02,GPU-d59cb1c4-ad97-d91a-6731-e7b5f38951a6
2026-08-16 03:18:00.055934,93.742,9,1g.11gb,yolo-inference-755b67b9bb-nz54p,default,yolo,580.173.02,GPU-d59cb1c4-ad97-d91a-6731-e7b5f38951a6
2026-08-16 03:18:05.055959,93.682,10,1g.11gb,yolo-inference-755b67b9bb-cf854,default,yolo,580.173.02,GPU-d59cb1c4-ad97-d91a-6731-e7b5f38951a6
2026-08-16 03:18:05.055959,93.742,11,1g.11gb,yolo-inference-755b67b9bb-cgztg,default,yolo,580.173.02,GPU-d59cb1c4-ad97-d91a-6731-e7b5f38951a6
2026-08-16 03:18:05.055959,94.079,12,1g.11gb,yolo-inference-755b67b9bb-g6r55,default,yolo,580.173.02,GPU-d59cb1c4-ad97-d91a-6731-e7b5f38951a6
2026-08-16 03:18:05.055959,93.733,13,1g.11gb,,,,580.173.02,GPU-d59cb1c4-ad97-d91a-6731-e7b5f38951a6
2026-08-16 03:18:05.055959,94.53,7,1g.11gb,yolo-inference-755b67b9bb-6qhhl,default,yolo,580.173.02,GPU-d59cb1c4-ad97-d91a-6731-e7b5f38951a6
2026-08-16 03:18:05.055959,94.079,8,1g.11gb,,,,580.173.02,GPU-d59cb1c4-ad97-d91a-6731-e7b5f38951a6
2026-08-16 03:18:05.055959,93.742,9,1g.11gb,yolo-inference-755b67b9bb-nz54p,default,yolo,580.173.02,GPU-d59cb1c4-ad97-d91a-6731-e7b5f38951a6
2026-08-16 03:18:10.054692,93.682,10,1g.11gb,yolo-inference-755b67b9bb-cf854,default,yolo,580.173.02,GPU-d59cb1c4-ad97-d91a-6731-e7b5f38951a6
2026-08-16 03:18:10.054692,93.742,11,1g.11gb,yolo-inference-755b67b9bb-cgztg,default,yolo,580.173.02,GPU-d59cb1c4-ad97-d91a-6731-e7b5f38951a6
2026-08-16 03:18:10.054692,94.079,12,1g.11gb,yolo-inference-755b67b9bb-g6r55,default,yolo,580.173.02,GPU-d59cb1c4-ad97-d91a-6731-e7b5f38951a6
2026-08-16 03:18:10.054692,93.733,13,1g.11gb,,,,580.173.02,GPU-d59cb1c4-ad97-d91a-6731-e7b5f38951a6
2026-08-16 03:18:10.054692,94.53,7,1g.11gb,yolo-inference-755b67b9bb-6qhhl,default,yolo,580.173.02,GPU-d59cb1c4-ad97-d91a-6731-e7b5f38951a6
2026-08-16 03:18:10.054692,94.079,8,1g.11gb,,,,580.173.02,GPU-d59cb1c4-ad97-d91a-6731-e7b5f38951a6
2026-08-16 03:18:10.054692,93.742,9,1g.11gb,yolo-inference-755b67b9bb-nz54p,default,yolo,580.173.02,GPU-d59cb1c4-ad97-d91a-6731-e7b5f38951a6
2026-08-16 03:18:15.055971,93.682,10,1g.11gb,yolo-inference-755b67b9bb-cf854,default,yolo,580.173.02,GPU-d59cb1c4-ad97-d91a-6731-e7b5f38951a6
2026-08-16 03:18:15.055971,93.742,11,1g.11gb,yolo-inference-755b67b9bb-cgztg,default,yolo,580.173.02,GPU-d59cb1c4-ad97-d91a-6731-e7b5f38951a6
2026-08-16 03:18:15.055971,94.079,12,1g.11gb,yolo-inference-755b67b9bb-g6r55,default,yolo,580.173.02,GPU-d59cb1c4-ad97-d91a-6731-e7b5f38951a6
2026-08-16 03:18:15.055971,93.733,13,1g.11gb,,,,580.173.02,GPU-d59cb1c4-ad97-d91a-6731-e7b5f38951a6
2026-08-16 03:18:15.055971,94.53,7,1g.11gb,yolo-inference-755b67b9bb-6qhhl,default,yolo,580.173.02,GPU-d59cb1c4-ad97-d91a-6731-e7b5f38951a6
2026-08-16 03:18:15.055971,94.079,8,1g.11gb,,,,580.173.02,GPU-d59cb1c4-ad97-d91a-6731-e7b5f38951a6
2026-08-16 03:18:15.055971,93.742,9,1g.11gb,yolo-inference-755b67b9bb-nz54p,default,yolo,580.173.02,GPU-d59cb1c4-ad97-d91a-6731-e7b5f38951a6
2026-08-16 03:18:20.055956,93.749,10,1g.11gb,yolo-inference-755b67b9bb-cf854,default,yolo,580.173.02,GPU-d59cb1c4-ad97-d91a-6731-e7b5f38951a6
2026-08-16 03:18:20.055956,93.742,11,1g.11gb,yolo-inference-755b67b9bb-cgztg,default,yolo,580.173.02,GPU-d59cb1c4-ad97-d91a-6731-e7b5f38951a6
2026-08-16 03:18:20.055956,94.079,12,1g.11gb,yolo-inference-755b67b9bb-g6r55,default,yolo,580.173.02,GPU-d59cb1c4-ad97-d91a-6731-e7b5f38951a6
2026-08-16 03:18:20.055956,93.733,13,1g.11gb,,,,580.173.02,GPU-d59cb1c4-ad97-d91a-6731-e7b5f38951a6
2026-08-16 03:18:20.055956,94.53,7,1g.11gb,yolo-inference-755b67b9bb-6qhhl,default,yolo,580.173.02,GPU-d59cb1c4-ad97-d91a-6731-e7b5f38951a6
2026-08-16 03:18:20.055956,94.079,8,1g.11gb,,,,580.173.02,GPU-d59cb1c4-ad97-d91a-6731-e7b5f38951a6
2026-08-16 03:18:20.055956,93.742,9,1g.11gb,yolo-inference-755b67b9bb-nz54p,default,yolo,580.173.02,GPU-d59cb1c4-ad97-d91a-6731-e7b5f38951a6
2026-08-16 03:18:25.055961,93.749,10,1g.11gb,yolo-inference-755b67b9bb-cf854,default,yolo,580.173.02,GPU-d59cb1c4-ad97-d91a-6731-e7b5f38951a6
2026-08-16 03:18:25.055961,93.85,11,1g.11gb,yolo-inference-755b67b9bb-cgztg,default,yolo,580.173.02,GPU-d59cb1c4-ad97-d91a-6731-e7b5f38951a6
2026-08-16 03:18:25.055961,94.103,12,1g.11gb,yolo-inference-755b67b9bb-g6r55,default,yolo,580.173.02,GPU-d59cb1c4-ad97-d91a-6731-e7b5f38951a6
2026-08-16 03:18:25.055961,93.888,13,1g.11gb,,,,580.173.02,GPU-d59cb1c4-ad97-d91a-6731-e7b5f38951a6
2026-08-16 03:18:25.055961,94.292,7,1g.11gb,yolo-inference-755b67b9bb-6qhhl,default,yolo,580.173.02,GPU-d59cb1c4-ad97-d91a-6731-e7b5f38951a6
2026-08-16 03:18:25.055961,94.103,8,1g.11gb,,,,580.173.02,GPU-d59cb1c4-ad97-d91a-6731-e7b5f38951a6
2026-08-16 03:18:25.055961,93.85,9,1g.11gb,yolo-inference-755b67b9bb-nz54p,default,yolo,580.173.02,GPU-d59cb1c4-ad97-d91a-6731-e7b5f38951a6
2026-08-16 03:18:30.055979,93.749,10,1g.11gb,yolo-inference-755b67b9bb-cf854,default,yolo,580.173.02,GPU-d59cb1c4-ad97-d91a-6731-e7b5f38951a6
2026-08-16 03:18:30.055979,93.85,11,1g.11gb,yolo-inference-755b67b9bb-cgztg,default,yolo,580.173.02,GPU-d59cb1c4-ad97-d91a-6731-e7b5f38951a6
2026-08-16 03:18:30.055979,94.103,12,1g.11gb,yolo-inference-755b67b9bb-g6r55,default,yolo,580.173.02,GPU-d59cb1c4-ad97-d91a-6731-e7b5f38951a6
2026-08-16 03:18:30.055979,93.888,13,1g.11gb,,,,580.173.02,GPU-d59cb1c4-ad97-d91a-6731-e7b5f38951a6
2026-08-16 03:18:30.055979,94.292,7,1g.11gb,yolo-inference-755b67b9bb-6qhhl,default,yolo,580.173.02,GPU-d59cb1c4-ad97-d91a-6731-e7b5f38951a6
2026-08-16 03:18:30.055979,94.103,8,1g.11gb,,,,580.173.02,GPU-d59cb1c4-ad97-d91a-6731-e7b5f38951a6
2026-08-16 03:18:30.055979,93.85,9,1g.11gb,yolo-inference-755b67b9bb-nz54p,default,yolo,580.173.02,GPU-d59cb1c4-ad97-d91a-6731-e7b5f38951a6
2026-08-16 03:18:35.052634,93.749,10,1g.11gb,yolo-inference-755b67b9bb-cf854,default,yolo,580.173.02,GPU-d59cb1c4-ad97-d91a-6731-e7b5f38951a6
2026-08-16 03:18:35.052634,93.85,11,1g.11gb,yolo-inference-755b67b9bb-cgztg,default,yolo,580.173.02,GPU-d59cb1c4-ad97-d91a-6731-e7b5f38951a6
2026-08-16 03:18:35.052634,94.103,12,1g.11gb,yolo-inference-755b67b9bb-g6r55,default,yolo,580.173.02,GPU-d59cb1c4-ad97-d91a-6731-e7b5f38951a6
2026-08-16 03:18:35.052634,93.888,13,1g.11gb,,,,580.173.02,GPU-d59cb1c4-ad97-d91a-6731-e7b5f38951a6
2026-08-16 03:18:35.052634,94.292,7,1g.11gb,yolo-inference-755b67b9bb-6qhhl,default,yolo,580.173.02,GPU-d59cb1c4-ad97-d91a-6731-e7b5f38951a6
2026-08-16 03:18:35.052634,94.103,8,1g.11gb,,,,580.173.02,GPU-d59cb1c4-ad97-d91a-6731-e7b5f38951a6
2026-08-16 03:18:35.052634,93.85,9,1g.11gb,yolo-inference-755b67b9bb-nz54p,default,yolo,580.173.02,GPU-d59cb1c4-ad97-d91a-6731-e7b5f38951a6
2026-08-16 03:18:40.051920,93.749,10,1g.11gb,yolo-inference-755b67b9bb-cf854,default,yolo,580.173.02,GPU-d59cb1c4-ad97-d91a-6731-e7b5f38951a6
2026-08-16 03:18:40.051920,93.85,11,1g.11gb,yolo-inference-755b67b9bb-cgztg,default,yolo,580.173.02,GPU-d59cb1c4-ad97-d91a-6731-e7b5f38951a6
2026-08-16 03:18:40.051920,94.103,12,1g.11gb,yolo-inference-755b67b9bb-g6r55,default,yolo,580.173.02,GPU-d59cb1c4-ad97-d91a-6731-e7b5f38951a6
2026-08-16 03:18:40.051920,93.888,13,1g.11gb,,,,580.173.02,GPU-d59cb1c4-ad97-d91a-6731-e7b5f38951a6
2026-08-16 03:18:40.051920,94.292,7,1g.11gb,yolo-inference-755b67b9bb-6qhhl,default,yolo,580.173.02,GPU-d59cb1c4-ad97-d91a-6731-e7b5f38951a6
2026-08-16 03:18:40.051920,94.103,8,1g.11gb,,,,580.173.02,GPU-d59cb1c4-ad97-d91a-6731-e7b5f38951a6
2026-08-16 03:18:40.051920,93.85,9,1g.11gb,yolo-inference-755b67b9bb-nz54p,default,yolo,580.173.02,GPU-d59cb1c4-ad97-d91a-6731-e7b5f38951a6
2026-08-16 03:18:45.054180,93.749,10,1g.11gb,yolo-inference-755b67b9bb-cf854,default,yolo,580.173.02,GPU-d59cb1c4-ad97-d91a-6731-e7b5f38951a6
2026-08-16 03:18:45.054180,93.85,11,1g.11gb,yolo-inference-755b67b9bb-cgztg,default,yolo,580.173.02,GPU-d59cb1c4-ad97-d91a-6731-e7b5f38951a6
2026-08-16 03:18:45.054180,94.103,12,1g.11gb,yolo-inference-755b67b9bb-g6r55,default,yolo,580.173.02,GPU-d59cb1c4-ad97-d91a-6731-e7b5f38951a6
2026-08-16 03:18:45.054180,93.888,13,1g.11gb,,,,580.173.02,GPU-d59cb1c4-ad97-d91a-6731-e7b5f38951a6
2026-08-16 03:18:45.054180,94.292,7,1g.11gb,yolo-inference-755b67b9bb-6qhhl,default,yolo,580.173.02,GPU-d59cb1c4-ad97-d91a-6731-e7b5f38951a6
2026-08-16 03:18:45.054180,94.103,8,1g.11gb,,,,580.173.02,GPU-d59cb1c4-ad97-d91a-6731-e7b5f38951a6
2026-08-16 03:18:45.054180,93.85,9,1g.11gb,yolo-inference-755b67b9bb-nz54p,default,yolo,580.173.02,GPU-d59cb1c4-ad97-d91a-6731-e7b5f38951a6
2026-08-16 03:18:50.055966,93.707,10,1g.11gb,yolo-inference-755b67b9bb-cf854,default,yolo,580.173.02,GPU-d59cb1c4-ad97-d91a-6731-e7b5f38951a6
2026-08-16 03:18:50.055966,93.85,11,1g.11gb,yolo-inference-755b67b9bb-cgztg,default,yolo,580.173.02,GPU-d59cb1c4-ad97-d91a-6731-e7b5f38951a6
2026-08-16 03:18:50.055966,94.103,12,1g.11gb,yolo-inference-755b67b9bb-g6r55,default,yolo,580.173.02,GPU-d59cb1c4-ad97-d91a-6731-e7b5f38951a6
2026-08-16 03:18:50.055966,93.888,13,1g.11gb,,,,580.173.02,GPU-d59cb1c4-ad97-d91a-6731-e7b5f38951a6
2026-08-16 03:18:50.055966,94.292,7,1g.11gb,yolo-inference-755b67b9bb-6qhhl,default,yolo,580.173.02,GPU-d59cb1c4-ad97-d91a-6731-e7b5f38951a6
2026-08-16 03:18:50.055966,94.103,8,1g.11gb,,,,580.173.02,GPU-d59cb1c4-ad97-d91a-6731-e7b5f38951a6
2026-08-16 03:18:50.055966,93.85,9,1g.11gb,yolo-inference-755b67b9bb-nz54p,default,yolo,580.173.02,GPU-d59cb1c4-ad97-d91a-6731-e7b5f38951a6
2026-08-16 03:18:55.055956,93.707,10,1g.11gb,yolo-inference-755b67b9bb-cf854,default,yolo,580.173.02,GPU-d59cb1c4-ad97-d91a-6731-e7b5f38951a6
2026-08-16 03:18:55.055956,93.855,11,1g.11gb,yolo-inference-755b67b9bb-cgztg,default,yolo,580.173.02,GPU-d59cb1c4-ad97-d91a-6731-e7b5f38951a6
2026-08-16 03:18:55.055956,94.043,12,1g.11gb,yolo-inference-755b67b9bb-g6r55,default,yolo,580.173.02,GPU-d59cb1c4-ad97-d91a-6731-e7b5f38951a6
2026-08-16 03:18:55.055956,93.829,13,1g.11gb,,,,580.173.02,GPU-d59cb1c4-ad97-d91a-6731-e7b5f38951a6
2026-08-16 03:18:55.055956,94.262,7,1g.11gb,yolo-inference-755b67b9bb-6qhhl,default,yolo,580.173.02,GPU-d59cb1c4-ad97-d91a-6731-e7b5f38951a6
2026-08-16 03:18:55.055956,94.043,8,1g.11gb,,,,580.173.02,GPU-d59cb1c4-ad97-d91a-6731-e7b5f38951a6
2026-08-16 03:18:55.055956,93.855,9,1g.11gb,yolo-inference-755b67b9bb-nz54p,default,yolo,580.173.02,GPU-d59cb1c4-ad97-d91a-6731-e7b5f38951a6
2026-08-16 03:19:00.054330,93.707,10,1g.11gb,yolo-inference-755b67b9bb-cf854,default,yolo,580.173.02,GPU-d59cb1c4-ad97-d91a-6731-e7b5f38951a6
2026-08-16 03:19:00.054330,93.855,11,1g.11gb,yolo-inference-755b67b9bb-cgztg,default,yolo,580.173.02,GPU-d59cb1c4-ad97-d91a-6731-e7b5f38951a6
2026-08-16 03:19:00.054330,94.043,12,1g.11gb,yolo-inference-755b67b9bb-g6r55,default,yolo,580.173.02,GPU-d59cb1c4-ad97-d91a-6731-e7b5f38951a6
2026-08-16 03:19:00.054330,93.829,13,1g.11gb,,,,580.173.02,GPU-d59cb1c4-ad97-d91a-6731-e7b5f38951a6
2026-08-16 03:19:00.054330,94.262,7,1g.11gb,yolo-inference-755b67b9bb-6qhhl,default,yolo,580.173.02,GPU-d59cb1c4-ad97-d91a-6731-e7b5f38951a6
2026-08-16 03:19:00.054330,94.043,8,1g.11gb,,,,580.173.02,GPU-d59cb1c4-ad97-d91a-6731-e7b5f38951a6
2026-08-16 03:19:00.054330,93.855,9,1g.11gb,yolo-inference-755b67b9bb-nz54p,default,yolo,580.173.02,GPU-d59cb1c4-ad97-d91a-6731-e7b5f38951a6
2026-08-16 03:19:05.054905,93.707,10,1g.11gb,yolo-inference-755b67b9bb-cf854,default,yolo,580.173.02,GPU-d59cb1c4-ad97-d91a-6731-e7b5f38951a6
2026-08-16 03:19:05.054905,93.855,11,1g.11gb,yolo-inference-755b67b9bb-cgztg,default,yolo,580.173.02,GPU-d59cb1c4-ad97-d91a-6731-e7b5f38951a6
2026-08-16 03:19:05.054905,94.043,12,1g.11gb,yolo-inference-755b67b9bb-g6r55,default,yolo,580.173.02,GPU-d59cb1c4-ad97-d91a-6731-e7b5f38951a6
2026-08-16 03:19:05.054905,93.829,13,1g.11gb,,,,580.173.02,GPU-d59cb1c4-ad97-d91a-6731-e7b5f38951a6
2026-08-16 03:19:05.054905,94.262,7,1g.11gb,yolo-inference-755b67b9bb-6qhhl,default,yolo,580.173.02,GPU-d59cb1c4-ad97-d91a-6731-e7b5f38951a6
2026-08-16 03:19:05.054905,94.043,8,1g.11gb,,,,580.173.02,GPU-d59cb1c4-ad97-d91a-6731-e7b5f38951a6
2026-08-16 03:19:05.054905,93.855,9,1g.11gb,yolo-inference-755b67b9bb-nz54p,default,yolo,580.173.02,GPU-d59cb1c4-ad97-d91a-6731-e7b5f38951a6
2026-08-16 03:19:10.056029,93.707,10,1g.11gb,yolo-inference-755b67b9bb-cf854,default,yolo,580.173.02,GPU-d59cb1c4-ad97-d91a-6731-e7b5f38951a6
2026-08-16 03:19:10.056029,93.855,11,1g.11gb,yolo-inference-755b67b9bb-cgztg,default,yolo,580.173.02,GPU-d59cb1c4-ad97-d91a-6731-e7b5f38951a6
2026-08-16 03:19:10.056029,94.043,12,1g.11gb,yolo-inference-755b67b9bb-g6r55,default,yolo,580.173.02,GPU-d59cb1c4-ad97-d91a-6731-e7b5f38951a6
2026-08-16 03:19:10.056029,93.829,13,1g.11gb,,,,580.173.02,GPU-d59cb1c4-ad97-d91a-6731-e7b5f38951a6
2026-08-16 03:19:10.056029,94.262,7,1g.11gb,yolo-inference-755b67b9bb-6qhhl,default,yolo,580.173.02,GPU-d59cb1c4-ad97-d91a-6731-e7b5f38951a6
2026-08-16 03:19:10.056029,94.043,8,1g.11gb,,,,580.173.02,GPU-d59cb1c4-ad97-d91a-6731-e7b5f38951a6
2026-08-16 03:19:10.056029,93.855,9,1g.11gb,yolo-inference-755b67b9bb-nz54p,default,yolo,580.173.02,GPU-d59cb1c4-ad97-d91a-6731-e7b5f38951a6
2026-08-16 03:19:15.055893,93.707,10,1g.11gb,yolo-inference-755b67b9bb-cf854,default,yolo,580.173.02,GPU-d59cb1c4-ad97-d91a-6731-e7b5f38951a6
2026-08-16 03:19:15.055893,93.855,11,1g.11gb,yolo-inference-755b67b9bb-cgztg,default,yolo,580.173.02,GPU-d59cb1c4-ad97-d91a-6731-e7b5f38951a6
2026-08-16 03:19:15.055893,94.043,12,1g.11gb,yolo-inference-755b67b9bb-g6r55,default,yolo,580.173.02,GPU-d59cb1c4-ad97-d91a-6731-e7b5f38951a6
2026-08-16 03:19:15.055893,93.829,13,1g.11gb,,,,580.173.02,GPU-d59cb1c4-ad97-d91a-6731-e7b5f38951a6
2026-08-16 03:19:15.055893,94.262,7,1g.11gb,yolo-inference-755b67b9bb-6qhhl,default,yolo,580.173.02,GPU-d59cb1c4-ad97-d91a-6731-e7b5f38951a6
2026-08-16 03:19:15.055893,94.043,8,1g.11gb,,,,580.173.02,GPU-d59cb1c4-ad97-d91a-6731-e7b5f38951a6
2026-08-16 03:19:15.055893,93.855,9,1g.11gb,yolo-inference-755b67b9bb-nz54p,default,yolo,580.173.02,GPU-d59cb1c4-ad97-d91a-6731-e7b5f38951a6
2026-08-16 03:19:20.054181,93.946,10,1g.11gb,yolo-inference-755b67b9bb-cf854,default,yolo,580.173.02,GPU-d59cb1c4-ad97-d91a-6731-e7b5f38951a6
2026-08-16 03:19:20.054181,93.855,11,1g.11gb,yolo-inference-755b67b9bb-cgztg,default,yolo,580.173.02,GPU-d59cb1c4-ad97-d91a-6731-e7b5f38951a6
2026-08-16 03:19:20.054181,94.043,12,1g.11gb,yolo-inference-755b67b9bb-g6r55,default,yolo,580.173.02,GPU-d59cb1c4-ad97-d91a-6731-e7b5f38951a6
2026-08-16 03:19:20.054181,93.829,13,1g.11gb,,,,580.173.02,GPU-d59cb1c4-ad97-d91a-6731-e7b5f38951a6
2026-08-16 03:19:20.054181,94.262,7,1g.11gb,yolo-inference-755b67b9bb-6qhhl,default,yolo,580.173.02,GPU-d59cb1c4-ad97-d91a-6731-e7b5f38951a6
2026-08-16 03:19:20.054181,94.043,8,1g.11gb,,,,580.173.02,GPU-d59cb1c4-ad97-d91a-6731-e7b5f38951a6
2026-08-16 03:19:20.054181,93.855,9,1g.11gb,yolo-inference-755b67b9bb-nz54p,default,yolo,580.173.02,GPU-d59cb1c4-ad97-d91a-6731-e7b5f38951a6
2026-08-16 03:19:25.055970,93.946,10,1g.11gb,yolo-inference-755b67b9bb-cf854,default,yolo,580.173.02,GPU-d59cb1c4-ad97-d91a-6731-e7b5f38951a6
2026-08-16 03:19:25.055970,93.888,11,1g.11gb,yolo-inference-755b67b9bb-cgztg,default,yolo,580.173.02,GPU-d59cb1c4-ad97-d91a-6731-e7b5f38951a6
2026-08-16 03:19:25.055970,94.079,12,1g.11gb,yolo-inference-755b67b9bb-g6r55,default,yolo,580.173.02,GPU-d59cb1c4-ad97-d91a-6731-e7b5f38951a6
2026-08-16 03:19:25.055970,93.936,13,1g.11gb,,,,580.173.02,GPU-d59cb1c4-ad97-d91a-6731-e7b5f38951a6
2026-08-16 03:19:25.055970,94.108,7,1g.11gb,yolo-inference-755b67b9bb-6qhhl,default,yolo,580.173.02,GPU-d59cb1c4-ad97-d91a-6731-e7b5f38951a6
2026-08-16 03:19:25.055970,94.079,8,1g.11gb,,,,580.173.02,GPU-d59cb1c4-ad97-d91a-6731-e7b5f38951a6
2026-08-16 03:19:25.055970,93.888,9,1g.11gb,yolo-inference-755b67b9bb-nz54p,default,yolo,580.173.02,GPU-d59cb1c4-ad97-d91a-6731-e7b5f38951a6
2026-08-16 03:19:30.056050,93.946,10,1g.11gb,yolo-inference-755b67b9bb-cf854,default,yolo,580.173.02,GPU-d59cb1c4-ad97-d91a-6731-e7b5f38951a6
2026-08-16 03:19:30.056050,93.888,11,1g.11gb,yolo-inference-755b67b9bb-cgztg,default,yolo,580.173.02,GPU-d59cb1c4-ad97-d91a-6731-e7b5f38951a6
2026-08-16 03:19:30.056050,94.079,12,1g.11gb,yolo-inference-755b67b9bb-g6r55,default,yolo,580.173.02,GPU-d59cb1c4-ad97-d91a-6731-e7b5f38951a6
2026-08-16 03:19:30.056050,93.936,13,1g.11gb,,,,580.173.02,GPU-d59cb1c4-ad97-d91a-6731-e7b5f38951a6
2026-08-16 03:19:30.056050,94.108,7,1g.11gb,yolo-inference-755b67b9bb-6qhhl,default,yolo,580.173.02,GPU-d59cb1c4-ad97-d91a-6731-e7b5f38951a6
2026-08-16 03:19:30.056050,94.079,8,1g.11gb,,,,580.173.02,GPU-d59cb1c4-ad97-d91a-6731-e7b5f38951a6
2026-08-16 03:19:30.056050,93.888,9,1g.11gb,yolo-inference-755b67b9bb-nz54p,default,yolo,580.173.02,GPU-d59cb1c4-ad97-d91a-6731-e7b5f38951a6
2026-08-16 03:19:35.053413,93.946,10,1g.11gb,yolo-inference-755b67b9bb-cf854,default,yolo,580.173.02,GPU-d59cb1c4-ad97-d91a-6731-e7b5f38951a6
2026-08-16 03:19:35.053413,93.888,11,1g.11gb,yolo-inference-755b67b9bb-cgztg,default,yolo,580.173.02,GPU-d59cb1c4-ad97-d91a-6731-e7b5f38951a6
2026-08-16 03:19:35.053413,94.079,12,1g.11gb,yolo-inference-755b67b9bb-g6r55,default,yolo,580.173.02,GPU-d59cb1c4-ad97-d91a-6731-e7b5f38951a6
2026-08-16 03:19:35.053413,93.936,13,1g.11gb,,,,580.173.02,GPU-d59cb1c4-ad97-d91a-6731-e7b5f38951a6
2026-08-16 03:19:35.053413,94.108,7,1g.11gb,yolo-inference-755b67b9bb-6qhhl,default,yolo,580.173.02,GPU-d59cb1c4-ad97-d91a-6731-e7b5f38951a6
2026-08-16 03:19:35.053413,94.079,8,1g.11gb,,,,580.173.02,GPU-d59cb1c4-ad97-d91a-6731-e7b5f38951a6
2026-08-16 03:19:35.053413,93.888,9,1g.11gb,yolo-inference-755b67b9bb-nz54p,default,yolo,580.173.02,GPU-d59cb1c4-ad97-d91a-6731-e7b5f38951a6
2026-08-16 03:19:40.055993,93.946,10,1g.11gb,yolo-inference-755b67b9bb-cf854,default,yolo,580.173.02,GPU-d59cb1c4-ad97-d91a-6731-e7b5f38951a6
2026-08-16 03:19:40.055993,93.888,11,1g.11gb,yolo-inference-755b67b9bb-cgztg,default,yolo,580.173.02,GPU-d59cb1c4-ad97-d91a-6731-e7b5f38951a6
2026-08-16 03:19:40.055993,94.079,12,1g.11gb,yolo-inference-755b67b9bb-g6r55,default,yolo,580.173.02,GPU-d59cb1c4-ad97-d91a-6731-e7b5f38951a6
2026-08-16 03:19:40.055993,93.936,13,1g.11gb,,,,580.173.02,GPU-d59cb1c4-ad97-d91a-6731-e7b5f38951a6
2026-08-16 03:19:40.055993,94.108,7,1g.11gb,yolo-inference-755b67b9bb-6qhhl,default,yolo,580.173.02,GPU-d59cb1c4-ad97-d91a-6731-e7b5f38951a6
2026-08-16 03:19:40.055993,94.079,8,1g.11gb,,,,580.173.02,GPU-d59cb1c4-ad97-d91a-6731-e7b5f38951a6
2026-08-16 03:19:40.055993,93.888,9,1g.11gb,yolo-inference-755b67b9bb-nz54p,default,yolo,580.173.02,GPU-d59cb1c4-ad97-d91a-6731-e7b5f38951a6
2026-08-16 03:19:45.053989,93.946,10,1g.11gb,yolo-inference-755b67b9bb-cf854,default,yolo,580.173.02,GPU-d59cb1c4-ad97-d91a-6731-e7b5f38951a6
2026-08-16 03:19:45.053989,93.888,11,1g.11gb,yolo-inference-755b67b9bb-cgztg,default,yolo,580.173.02,GPU-d59cb1c4-ad97-d91a-6731-e7b5f38951a6
2026-08-16 03:19:45.053989,94.079,12,1g.11gb,yolo-inference-755b67b9bb-g6r55,default,yolo,580.173.02,GPU-d59cb1c4-ad97-d91a-6731-e7b5f38951a6
2026-08-16 03:19:45.053989,93.936,13,1g.11gb,,,,580.173.02,GPU-d59cb1c4-ad97-d91a-6731-e7b5f38951a6
2026-08-16 03:19:45.053989,94.108,7,1g.11gb,yolo-inference-755b67b9bb-6qhhl,default,yolo,580.173.02,GPU-d59cb1c4-ad97-d91a-6731-e7b5f38951a6
2026-08-16 03:19:45.053989,94.079,8,1g.11gb,,,,580.173.02,GPU-d59cb1c4-ad97-d91a-6731-e7b5f38951a6
2026-08-16 03:19:45.053989,93.888,9,1g.11gb,yolo-inference-755b67b9bb-nz54p,default,yolo,580.173.02,GPU-d59cb1c4-ad97-d91a-6731-e7b5f38951a6
2026-08-16 03:19:50.055063,94.837,10,1g.11gb,yolo-inference-755b67b9bb-cf854,default,yolo,580.173.02,GPU-d59cb1c4-ad97-d91a-6731-e7b5f38951a6
2026-08-16 03:19:50.055063,93.888,11,1g.11gb,yolo-inference-755b67b9bb-cgztg,default,yolo,580.173.02,GPU-d59cb1c4-ad97-d91a-6731-e7b5f38951a6
2026-08-16 03:19:50.055063,94.079,12,1g.11gb,yolo-inference-755b67b9bb-g6r55,default,yolo,580.173.02,GPU-d59cb1c4-ad97-d91a-6731-e7b5f38951a6
2026-08-16 03:19:50.055063,93.936,13,1g.11gb,,,,580.173.02,GPU-d59cb1c4-ad97-d91a-6731-e7b5f38951a6
2026-08-16 03:19:50.055063,94.108,7,1g.11gb,yolo-inference-755b67b9bb-6qhhl,default,yolo,580.173.02,GPU-d59cb1c4-ad97-d91a-6731-e7b5f38951a6
2026-08-16 03:19:50.055063,94.079,8,1g.11gb,,,,580.173.02,GPU-d59cb1c4-ad97-d91a-6731-e7b5f38951a6
2026-08-16 03:19:50.055063,93.888,9,1g.11gb,yolo-inference-755b67b9bb-nz54p,default,yolo,580.173.02,GPU-d59cb1c4-ad97-d91a-6731-e7b5f38951a6
2026-08-16 03:19:55.055998,94.837,10,1g.11gb,yolo-inference-755b67b9bb-cf854,default,yolo,580.173.02,GPU-d59cb1c4-ad97-d91a-6731-e7b5f38951a6
2026-08-16 03:19:55.055998,94.943,11,1g.11gb,yolo-inference-755b67b9bb-cgztg,default,yolo,580.173.02,GPU-d59cb1c4-ad97-d91a-6731-e7b5f38951a6
2026-08-16 03:19:55.055998,94.955,12,1g.11gb,yolo-inference-755b67b9bb-g6r55,default,yolo,580.173.02,GPU-d59cb1c4-ad97-d91a-6731-e7b5f38951a6
2026-08-16 03:19:55.055998,94.951,13,1g.11gb,,,,580.173.02,GPU-d59cb1c4-ad97-d91a-6731-e7b5f38951a6
2026-08-16 03:19:55.055998,94.866,7,1g.11gb,yolo-inference-755b67b9bb-6qhhl,default,yolo,580.173.02,GPU-d59cb1c4-ad97-d91a-6731-e7b5f38951a6
2026-08-16 03:19:55.055998,94.955,8,1g.11gb,,,,580.173.02,GPU-d59cb1c4-ad97-d91a-6731-e7b5f38951a6
2026-08-16 03:19:55.055998,94.943,9,1g.11gb,yolo-inference-755b67b9bb-nz54p,default,yolo,580.173.02,GPU-d59cb1c4-ad97-d91a-6731-e7b5f38951a6
2026-08-16 03:20:00.052526,94.837,10,1g.11gb,yolo-inference-755b67b9bb-cf854,default,yolo,580.173.02,GPU-d59cb1c4-ad97-d91a-6731-e7b5f38951a6
2026-08-16 03:20:00.052526,94.943,11,1g.11gb,yolo-inference-755b67b9bb-cgztg,default,yolo,580.173.02,GPU-d59cb1c4-ad97-d91a-6731-e7b5f38951a6
2026-08-16 03:20:00.052526,94.955,12,1g.11gb,yolo-inference-755b67b9bb-g6r55,default,yolo,580.173.02,GPU-d59cb1c4-ad97-d91a-6731-e7b5f38951a6
2026-08-16 03:20:00.052526,94.951,13,1g.11gb,,,,580.173.02,GPU-d59cb1c4-ad97-d91a-6731-e7b5f38951a6
2026-08-16 03:20:00.052526,94.866,7,1g.11gb,yolo-inference-755b67b9bb-6qhhl,default,yolo,580.173.02,GPU-d59cb1c4-ad97-d91a-6731-e7b5f38951a6
2026-08-16 03:20:00.052526,94.955,8,1g.11gb,,,,580.173.02,GPU-d59cb1c4-ad97-d91a-6731-e7b5f38951a6
2026-08-16 03:20:00.052526,94.943,9,1g.11gb,yolo-inference-755b67b9bb-nz54p,default,yolo,580.173.02,GPU-d59cb1c4-ad97-d91a-6731-e7b5f38951a6
2026-08-16 03:20:05.056095,94.837,10,1g.11gb,yolo-inference-755b67b9bb-cf854,default,yolo,580.173.02,GPU-d59cb1c4-ad97-d91a-6731-e7b5f38951a6
2026-08-16 03:20:05.056095,94.943,11,1g.11gb,yolo-inference-755b67b9bb-cgztg,default,yolo,580.173.02,GPU-d59cb1c4-ad97-d91a-6731-e7b5f38951a6
2026-08-16 03:20:05.056095,94.955,12,1g.11gb,yolo-inference-755b67b9bb-g6r55,default,yolo,580.173.02,GPU-d59cb1c4-ad97-d91a-6731-e7b5f38951a6
2026-08-16 03:20:05.056095,94.951,13,1g.11gb,,,,580.173.02,GPU-d59cb1c4-ad97-d91a-6731-e7b5f38951a6
2026-08-16 03:20:05.056095,94.866,7,1g.11gb,yolo-inference-755b67b9bb-6qhhl,default,yolo,580.173.02,GPU-d59cb1c4-ad97-d91a-6731-e7b5f38951a6
2026-08-16 03:20:05.056095,94.955,8,1g.11gb,,,,580.173.02,GPU-d59cb1c4-ad97-d91a-6731-e7b5f38951a6
2026-08-16 03:20:05.056095,94.943,9,1g.11gb,yolo-inference-755b67b9bb-nz54p,default,yolo,580.173.02,GPU-d59cb1c4-ad97-d91a-6731-e7b5f38951a6
2026-08-16 03:20:10.055430,94.837,10,1g.11gb,yolo-inference-755b67b9bb-cf854,default,yolo,580.173.02,GPU-d59cb1c4-ad97-d91a-6731-e7b5f38951a6
2026-08-16 03:20:10.055430,94.943,11,1g.11gb,yolo-inference-755b67b9bb-cgztg,default,yolo,580.173.02,GPU-d59cb1c4-ad97-d91a-6731-e7b5f38951a6
2026-08-16 03:20:10.055430,94.955,12,1g.11gb,yolo-inference-755b67b9bb-g6r55,default,yolo,580.173.02,GPU-d59cb1c4-ad97-d91a-6731-e7b5f38951a6
2026-08-16 03:20:10.055430,94.951,13,1g.11gb,,,,580.173.02,GPU-d59cb1c4-ad97-d91a-6731-e7b5f38951a6
2026-08-16 03:20:10.055430,94.866,7,1g.11gb,yolo-inference-755b67b9bb-6qhhl,default,yolo,580.173.02,GPU-d59cb1c4-ad97-d91a-6731-e7b5f38951a6
2026-08-16 03:20:10.055430,94.955,8,1g.11gb,,,,580.173.02,GPU-d59cb1c4-ad97-d91a-6731-e7b5f38951a6
2026-08-16 03:20:10.055430,94.943,9,1g.11gb,yolo-inference-755b67b9bb-nz54p,default,yolo,580.173.02,GPU-d59cb1c4-ad97-d91a-6731-e7b5f38951a6
2026-08-16 03:20:15.052425,94.837,10,1g.11gb,yolo-inference-755b67b9bb-cf854,default,yolo,580.173.02,GPU-d59cb1c4-ad97-d91a-6731-e7b5f38951a6
2026-08-16 03:20:15.052425,94.943,11,1g.11gb,yolo-inference-755b67b9bb-cgztg,default,yolo,580.173.02,GPU-d59cb1c4-ad97-d91a-6731-e7b5f38951a6
2026-08-16 03:20:15.052425,94.955,12,1g.11gb,yolo-inference-755b67b9bb-g6r55,default,yolo,580.173.02,GPU-d59cb1c4-ad97-d91a-6731-e7b5f38951a6
2026-08-16 03:20:15.052425,94.951,13,1g.11gb,,,,580.173.02,GPU-d59cb1c4-ad97-d91a-6731-e7b5f38951a6
2026-08-16 03:20:15.052425,94.866,7,1g.11gb,yolo-inference-755b67b9bb-6qhhl,default,yolo,580.173.02,GPU-d59cb1c4-ad97-d91a-6731-e7b5f38951a6
2026-08-16 03:20:15.052425,94.955,8,1g.11gb,,,,580.173.02,GPU-d59cb1c4-ad97-d91a-6731-e7b5f38951a6
2026-08-16 03:20:15.052425,94.943,9,1g.11gb,yolo-inference-755b67b9bb-nz54p,default,yolo,580.173.02,GPU-d59cb1c4-ad97-d91a-6731-e7b5f38951a6
2026-08-16 03:20:20.055987,94.942,10,1g.11gb,yolo-inference-755b67b9bb-cf854,default,yolo,580.173.02,GPU-d59cb1c4-ad97-d91a-6731-e7b5f38951a6
2026-08-16 03:20:20.055987,94.943,11,1g.11gb,yolo-inference-755b67b9bb-cgztg,default,yolo,580.173.02,GPU-d59cb1c4-ad97-d91a-6731-e7b5f38951a6
2026-08-16 03:20:20.055987,94.955,12,1g.11gb,yolo-inference-755b67b9bb-g6r55,default,yolo,580.173.02,GPU-d59cb1c4-ad97-d91a-6731-e7b5f38951a6
2026-08-16 03:20:20.055987,94.951,13,1g.11gb,,,,580.173.02,GPU-d59cb1c4-ad97-d91a-6731-e7b5f38951a6
2026-08-16 03:20:20.055987,94.866,7,1g.11gb,yolo-inference-755b67b9bb-6qhhl,default,yolo,580.173.02,GPU-d59cb1c4-ad97-d91a-6731-e7b5f38951a6
2026-08-16 03:20:20.055987,94.955,8,1g.11gb,,,,580.173.02,GPU-d59cb1c4-ad97-d91a-6731-e7b5f38951a6
2026-08-16 03:20:20.055987,94.943,9,1g.11gb,yolo-inference-755b67b9bb-nz54p,default,yolo,580.173.02,GPU-d59cb1c4-ad97-d91a-6731-e7b5f38951a6
2026-08-16 03:20:25.055984,94.942,10,1g.11gb,yolo-inference-755b67b9bb-cf854,default,yolo,580.173.02,GPU-d59cb1c4-ad97-d91a-6731-e7b5f38951a6
2026-08-16 03:20:25.055984,94.857,11,1g.11gb,yolo-inference-755b67b9bb-cgztg,default,yolo,580.173.02,GPU-d59cb1c4-ad97-d91a-6731-e7b5f38951a6
2026-08-16 03:20:25.055984,94.758,12,1g.11gb,yolo-inference-755b67b9bb-g6r55,default,yolo,580.173.02,GPU-d59cb1c4-ad97-d91a-6731-e7b5f38951a6
2026-08-16 03:20:25.055984,94.887,13,1g.11gb,,,,580.173.02,GPU-d59cb1c4-ad97-d91a-6731-e7b5f38951a6
2026-08-16 03:20:25.055984,94.805,7,1g.11gb,yolo-inference-755b67b9bb-6qhhl,default,yolo,580.173.02,GPU-d59cb1c4-ad97-d91a-6731-e7b5f38951a6
2026-08-16 03:20:25.055984,94.712,8,1g.11gb,,,,580.173.02,GPU-d59cb1c4-ad97-d91a-6731-e7b5f38951a6
2026-08-16 03:20:25.055984,94.857,9,1g.11gb,yolo-inference-755b67b9bb-nz54p,default,yolo,580.173.02,GPU-d59cb1c4-ad97-d91a-6731-e7b5f38951a6
2026-08-16 03:20:30.052797,94.942,10,1g.11gb,yolo-inference-755b67b9bb-cf854,default,yolo,580.173.02,GPU-d59cb1c4-ad97-d91a-6731-e7b5f38951a6
2026-08-16 03:20:30.052797,94.857,11,1g.11gb,yolo-inference-755b67b9bb-cgztg,default,yolo,580.173.02,GPU-d59cb1c4-ad97-d91a-6731-e7b5f38951a6
2026-08-16 03:20:30.052797,94.758,12,1g.11gb,yolo-inference-755b67b9bb-g6r55,default,yolo,580.173.02,GPU-d59cb1c4-ad97-d91a-6731-e7b5f38951a6
2026-08-16 03:20:30.052797,94.887,13,1g.11gb,,,,580.173.02,GPU-d59cb1c4-ad97-d91a-6731-e7b5f38951a6
2026-08-16 03:20:30.052797,94.805,7,1g.11gb,yolo-inference-755b67b9bb-6qhhl,default,yolo,580.173.02,GPU-d59cb1c4-ad97-d91a-6731-e7b5f38951a6
2026-08-16 03:20:30.052797,94.712,8,1g.11gb,,,,580.173.02,GPU-d59cb1c4-ad97-d91a-6731-e7b5f38951a6
2026-08-16 03:20:30.052797,94.857,9,1g.11gb,yolo-inference-755b67b9bb-nz54p,default,yolo,580.173.02,GPU-d59cb1c4-ad97-d91a-6731-e7b5f38951a6
2026-08-16 03:20:35.055986,94.942,10,1g.11gb,yolo-inference-755b67b9bb-cf854,default,yolo,580.173.02,GPU-d59cb1c4-ad97-d91a-6731-e7b5f38951a6
2026-08-16 03:20:35.055986,94.857,11,1g.11gb,yolo-inference-755b67b9bb-cgztg,default,yolo,580.173.02,GPU-d59cb1c4-ad97-d91a-6731-e7b5f38951a6
2026-08-16 03:20:35.055986,94.758,12,1g.11gb,yolo-inference-755b67b9bb-g6r55,default,yolo,580.173.02,GPU-d59cb1c4-ad97-d91a-6731-e7b5f38951a6
2026-08-16 03:20:35.055986,94.887,13,1g.11gb,,,,580.173.02,GPU-d59cb1c4-ad97-d91a-6731-e7b5f38951a6
2026-08-16 03:20:35.055986,94.805,7,1g.11gb,yolo-inference-755b67b9bb-6qhhl,default,yolo,580.173.02,GPU-d59cb1c4-ad97-d91a-6731-e7b5f38951a6
2026-08-16 03:20:35.055986,94.712,8,1g.11gb,,,,580.173.02,GPU-d59cb1c4-ad97-d91a-6731-e7b5f38951a6
2026-08-16 03:20:35.055986,94.857,9,1g.11gb,yolo-inference-755b67b9bb-nz54p,default,yolo,580.173.02,GPU-d59cb1c4-ad97-d91a-6731-e7b5f38951a6
2026-08-16 03:20:40.055987,94.942,10,1g.11gb,yolo-inference-755b67b9bb-cf854,default,yolo,580.173.02,GPU-d59cb1c4-ad97-d91a-6731-e7b5f38951a6
2026-08-16 03:20:40.055987,94.857,11,1g.11gb,yolo-inference-755b67b9bb-cgztg,default,yolo,580.173.02,GPU-d59cb1c4-ad97-d91a-6731-e7b5f38951a6
2026-08-16 03:20:40.055987,94.758,12,1g.11gb,yolo-inference-755b67b9bb-g6r55,default,yolo,580.173.02,GPU-d59cb1c4-ad97-d91a-6731-e7b5f38951a6
2026-08-16 03:20:40.055987,94.887,13,1g.11gb,,,,580.173.02,GPU-d59cb1c4-ad97-d91a-6731-e7b5f38951a6
2026-08-16 03:20:40.055987,94.805,7,1g.11gb,yolo-inference-755b67b9bb-6qhhl,default,yolo,580.173.02,GPU-d59cb1c4-ad97-d91a-6731-e7b5f38951a6
2026-08-16 03:20:40.055987,94.712,8,1g.11gb,,,,580.173.02,GPU-d59cb1c4-ad97-d91a-6731-e7b5f38951a6
2026-08-16 03:20:40.055987,94.857,9,1g.11gb,yolo-inference-755b67b9bb-nz54p,default,yolo,580.173.02,GPU-d59cb1c4-ad97-d91a-6731-e7b5f38951a6
2026-08-16 03:20:45.053284,94.942,10,1g.11gb,yolo-inference-755b67b9bb-cf854,default,yolo,580.173.02,GPU-d59cb1c4-ad97-d91a-6731-e7b5f38951a6
2026-08-16 03:20:45.053284,94.857,11,1g.11gb,yolo-inference-755b67b9bb-cgztg,default,yolo,580.173.02,GPU-d59cb1c4-ad97-d91a-6731-e7b5f38951a6
2026-08-16 03:20:45.053284,94.758,12,1g.11gb,yolo-inference-755b67b9bb-g6r55,default,yolo,580.173.02,GPU-d59cb1c4-ad97-d91a-6731-e7b5f38951a6
2026-08-16 03:20:45.053284,94.887,13,1g.11gb,,,,580.173.02,GPU-d59cb1c4-ad97-d91a-6731-e7b5f38951a6
2026-08-16 03:20:45.053284,94.805,7,1g.11gb,yolo-inference-755b67b9bb-6qhhl,default,yolo,580.173.02,GPU-d59cb1c4-ad97-d91a-6731-e7b5f38951a6
2026-08-16 03:20:45.053284,94.712,8,1g.11gb,,,,580.173.02,GPU-d59cb1c4-ad97-d91a-6731-e7b5f38951a6
2026-08-16 03:20:45.053284,94.857,9,1g.11gb,yolo-inference-755b67b9bb-nz54p,default,yolo,580.173.02,GPU-d59cb1c4-ad97-d91a-6731-e7b5f38951a6
2026-08-16 03:20:50.052633,94.827,10,1g.11gb,yolo-inference-755b67b9bb-cf854,default,yolo,580.173.02,GPU-d59cb1c4-ad97-d91a-6731-e7b5f38951a6
2026-08-16 03:20:50.052633,94.857,11,1g.11gb,yolo-inference-755b67b9bb-cgztg,default,yolo,580.173.02,GPU-d59cb1c4-ad97-d91a-6731-e7b5f38951a6
2026-08-16 03:20:50.052633,94.758,12,1g.11gb,yolo-inference-755b67b9bb-g6r55,default,yolo,580.173.02,GPU-d59cb1c4-ad97-d91a-6731-e7b5f38951a6
2026-08-16 03:20:50.052633,94.887,13,1g.11gb,,,,580.173.02,GPU-d59cb1c4-ad97-d91a-6731-e7b5f38951a6
2026-08-16 03:20:50.052633,94.805,7,1g.11gb,yolo-inference-755b67b9bb-6qhhl,default,yolo,580.173.02,GPU-d59cb1c4-ad97-d91a-6731-e7b5f38951a6
2026-08-16 03:20:50.052633,94.712,8,1g.11gb,,,,580.173.02,GPU-d59cb1c4-ad97-d91a-6731-e7b5f38951a6
2026-08-16 03:20:50.052633,94.857,9,1g.11gb,yolo-inference-755b67b9bb-nz54p,default,yolo,580.173.02,GPU-d59cb1c4-ad97-d91a-6731-e7b5f38951a6
2026-08-16 03:20:55.053241,94.827,10,1g.11gb,yolo-inference-755b67b9bb-cf854,default,yolo,580.173.02,GPU-d59cb1c4-ad97-d91a-6731-e7b5f38951a6
2026-08-16 03:20:55.053241,95.044,11,1g.11gb,yolo-inference-755b67b9bb-cgztg,default,yolo,580.173.02,GPU-d59cb1c4-ad97-d91a-6731-e7b5f38951a6
2026-08-16 03:20:55.053241,94.7,12,1g.11gb,yolo-inference-755b67b9bb-g6r55,default,yolo,580.173.02,GPU-d59cb1c4-ad97-d91a-6731-e7b5f38951a6
2026-08-16 03:20:55.053241,95.044,13,1g.11gb,,,,580.173.02,GPU-d59cb1c4-ad97-d91a-6731-e7b5f38951a6
2026-08-16 03:20:55.053241,94.829,7,1g.11gb,yolo-inference-755b67b9bb-6qhhl,default,yolo,580.173.02,GPU-d59cb1c4-ad97-d91a-6731-e7b5f38951a6
2026-08-16 03:20:55.053241,94.786,8,1g.11gb,,,,580.173.02,GPU-d59cb1c4-ad97-d91a-6731-e7b5f38951a6
2026-08-16 03:20:55.053241,95.108,9,1g.11gb,yolo-inference-755b67b9bb-nz54p,default,yolo,580.173.02,GPU-d59cb1c4-ad97-d91a-6731-e7b5f38951a6
2026-08-16 03:21:00.053425,94.827,10,1g.11gb,yolo-inference-755b67b9bb-cf854,default,yolo,580.173.02,GPU-d59cb1c4-ad97-d91a-6731-e7b5f38951a6
2026-08-16 03:21:00.053425,95.044,11,1g.11gb,yolo-inference-755b67b9bb-cgztg,default,yolo,580.173.02,GPU-d59cb1c4-ad97-d91a-6731-e7b5f38951a6
2026-08-16 03:21:00.053425,94.7,12,1g.11gb,yolo-inference-755b67b9bb-g6r55,default,yolo,580.173.02,GPU-d59cb1c4-ad97-d91a-6731-e7b5f38951a6
2026-08-16 03:21:00.053425,95.044,13,1g.11gb,,,,580.173.02,GPU-d59cb1c4-ad97-d91a-6731-e7b5f38951a6
2026-08-16 03:21:00.053425,94.829,7,1g.11gb,yolo-inference-755b67b9bb-6qhhl,default,yolo,580.173.02,GPU-d59cb1c4-ad97-d91a-6731-e7b5f38951a6
2026-08-16 03:21:00.053425,94.786,8,1g.11gb,,,,580.173.02,GPU-d59cb1c4-ad97-d91a-6731-e7b5f38951a6
2026-08-16 03:21:00.053425,95.108,9,1g.11gb,yolo-inference-755b67b9bb-nz54p,default,yolo,580.173.02,GPU-d59cb1c4-ad97-d91a-6731-e7b5f38951a6
2026-08-16 03:21:05.051634,94.827,10,1g.11gb,yolo-inference-755b67b9bb-cf854,default,yolo,580.173.02,GPU-d59cb1c4-ad97-d91a-6731-e7b5f38951a6
2026-08-16 03:21:05.051634,95.044,11,1g.11gb,yolo-inference-755b67b9bb-cgztg,default,yolo,580.173.02,GPU-d59cb1c4-ad97-d91a-6731-e7b5f38951a6
2026-08-16 03:21:05.051634,94.7,12,1g.11gb,yolo-inference-755b67b9bb-g6r55,default,yolo,580.173.02,GPU-d59cb1c4-ad97-d91a-6731-e7b5f38951a6
2026-08-16 03:21:05.051634,95.044,13,1g.11gb,,,,580.173.02,GPU-d59cb1c4-ad97-d91a-6731-e7b5f38951a6
2026-08-16 03:21:05.051634,94.829,7,1g.11gb,yolo-inference-755b67b9bb-6qhhl,default,yolo,580.173.02,GPU-d59cb1c4-ad97-d91a-6731-e7b5f38951a6
2026-08-16 03:21:05.051634,94.786,8,1g.11gb,,,,580.173.02,GPU-d59cb1c4-ad97-d91a-6731-e7b5f38951a6
2026-08-16 03:21:05.051634,95.108,9,1g.11gb,yolo-inference-755b67b9bb-nz54p,default,yolo,580.173.02,GPU-d59cb1c4-ad97-d91a-6731-e7b5f38951a6
2026-08-16 03:21:10.054815,94.827,10,1g.11gb,yolo-inference-755b67b9bb-cf854,default,yolo,580.173.02,GPU-d59cb1c4-ad97-d91a-6731-e7b5f38951a6
2026-08-16 03:21:10.054815,95.044,11,1g.11gb,yolo-inference-755b67b9bb-cgztg,default,yolo,580.173.02,GPU-d59cb1c4-ad97-d91a-6731-e7b5f38951a6
2026-08-16 03:21:10.054815,94.7,12,1g.11gb,yolo-inference-755b67b9bb-g6r55,default,yolo,580.173.02,GPU-d59cb1c4-ad97-d91a-6731-e7b5f38951a6
2026-08-16 03:21:10.054815,95.044,13,1g.11gb,,,,580.173.02,GPU-d59cb1c4-ad97-d91a-6731-e7b5f38951a6
2026-08-16 03:21:10.054815,94.829,7,1g.11gb,yolo-inference-755b67b9bb-6qhhl,default,yolo,580.173.02,GPU-d59cb1c4-ad97-d91a-6731-e7b5f38951a6
2026-08-16 03:21:10.054815,94.786,8,1g.11gb,,,,580.173.02,GPU-d59cb1c4-ad97-d91a-6731-e7b5f38951a6
2026-08-16 03:21:10.054815,95.108,9,1g.11gb,yolo-inference-755b67b9bb-nz54p,default,yolo,580.173.02,GPU-d59cb1c4-ad97-d91a-6731-e7b5f38951a6
2026-08-16 03:21:15.056085,94.827,10,1g.11gb,yolo-inference-755b67b9bb-cf854,default,yolo,580.173.02,GPU-d59cb1c4-ad97-d91a-6731-e7b5f38951a6
2026-08-16 03:21:15.056085,95.044,11,1g.11gb,yolo-inference-755b67b9bb-cgztg,default,yolo,580.173.02,GPU-d59cb1c4-ad97-d91a-6731-e7b5f38951a6
2026-08-16 03:21:15.056085,94.7,12,1g.11gb,yolo-inference-755b67b9bb-g6r55,default,yolo,580.173.02,GPU-d59cb1c4-ad97-d91a-6731-e7b5f38951a6
2026-08-16 03:21:15.056085,95.044,13,1g.11gb,,,,580.173.02,GPU-d59cb1c4-ad97-d91a-6731-e7b5f38951a6
2026-08-16 03:21:15.056085,94.829,7,1g.11gb,yolo-inference-755b67b9bb-6qhhl,default,yolo,580.173.02,GPU-d59cb1c4-ad97-d91a-6731-e7b5f38951a6
2026-08-16 03:21:15.056085,94.786,8,1g.11gb,,,,580.173.02,GPU-d59cb1c4-ad97-d91a-6731-e7b5f38951a6
2026-08-16 03:21:15.056085,95.108,9,1g.11gb,yolo-inference-755b67b9bb-nz54p,default,yolo,580.173.02,GPU-d59cb1c4-ad97-d91a-6731-e7b5f38951a6
2026-08-16 03:21:20.055995,94.82,10,1g.11gb,yolo-inference-755b67b9bb-cf854,default,yolo,580.173.02,GPU-d59cb1c4-ad97-d91a-6731-e7b5f38951a6
2026-08-16 03:21:20.055995,95.044,11,1g.11gb,yolo-inference-755b67b9bb-cgztg,default,yolo,580.173.02,GPU-d59cb1c4-ad97-d91a-6731-e7b5f38951a6
2026-08-16 03:21:20.055995,94.7,12,1g.11gb,yolo-inference-755b67b9bb-g6r55,default,yolo,580.173.02,GPU-d59cb1c4-ad97-d91a-6731-e7b5f38951a6
2026-08-16 03:21:20.055995,95.044,13,1g.11gb,,,,580.173.02,GPU-d59cb1c4-ad97-d91a-6731-e7b5f38951a6
2026-08-16 03:21:20.055995,94.829,7,1g.11gb,yolo-inference-755b67b9bb-6qhhl,default,yolo,580.173.02,GPU-d59cb1c4-ad97-d91a-6731-e7b5f38951a6
2026-08-16 03:21:20.055995,94.786,8,1g.11gb,,,,580.173.02,GPU-d59cb1c4-ad97-d91a-6731-e7b5f38951a6
2026-08-16 03:21:20.055995,95.108,9,1g.11gb,yolo-inference-755b67b9bb-nz54p,default,yolo,580.173.02,GPU-d59cb1c4-ad97-d91a-6731-e7b5f38951a6
2026-08-16 03:21:25.056007,94.82,10,1g.11gb,yolo-inference-755b67b9bb-cf854,default,yolo,580.173.02,GPU-d59cb1c4-ad97-d91a-6731-e7b5f38951a6
2026-08-16 03:21:25.056007,94.951,11,1g.11gb,yolo-inference-755b67b9bb-cgztg,default,yolo,580.173.02,GPU-d59cb1c4-ad97-d91a-6731-e7b5f38951a6
2026-08-16 03:21:25.056007,94.803,12,1g.11gb,yolo-inference-755b67b9bb-g6r55,default,yolo,580.173.02,GPU-d59cb1c4-ad97-d91a-6731-e7b5f38951a6
2026-08-16 03:21:25.056007,94.951,13,1g.11gb,,,,580.173.02,GPU-d59cb1c4-ad97-d91a-6731-e7b5f38951a6
2026-08-16 03:21:25.056007,94.947,7,1g.11gb,yolo-inference-755b67b9bb-6qhhl,default,yolo,580.173.02,GPU-d59cb1c4-ad97-d91a-6731-e7b5f38951a6
2026-08-16 03:21:25.056007,94.812,8,1g.11gb,,,,580.173.02,GPU-d59cb1c4-ad97-d91a-6731-e7b5f38951a6
2026-08-16 03:21:25.056007,94.913,9,1g.11gb,yolo-inference-755b67b9bb-nz54p,default,yolo,580.173.02,GPU-d59cb1c4-ad97-d91a-6731-e7b5f38951a6
2026-08-16 03:21:30.055937,94.82,10,1g.11gb,yolo-inference-755b67b9bb-cf854,default,yolo,580.173.02,GPU-d59cb1c4-ad97-d91a-6731-e7b5f38951a6
2026-08-16 03:21:30.055937,94.951,11,1g.11gb,yolo-inference-755b67b9bb-cgztg,default,yolo,580.173.02,GPU-d59cb1c4-ad97-d91a-6731-e7b5f38951a6
2026-08-16 03:21:30.055937,94.803,12,1g.11gb,yolo-inference-755b67b9bb-g6r55,default,yolo,580.173.02,GPU-d59cb1c4-ad97-d91a-6731-e7b5f38951a6
2026-08-16 03:21:30.055937,94.951,13,1g.11gb,,,,580.173.02,GPU-d59cb1c4-ad97-d91a-6731-e7b5f38951a6
2026-08-16 03:21:30.055937,94.947,7,1g.11gb,yolo-inference-755b67b9bb-6qhhl,default,yolo,580.173.02,GPU-d59cb1c4-ad97-d91a-6731-e7b5f38951a6
2026-08-16 03:21:30.055937,94.812,8,1g.11gb,,,,580.173.02,GPU-d59cb1c4-ad97-d91a-6731-e7b5f38951a6
2026-08-16 03:21:30.055937,94.913,9,1g.11gb,yolo-inference-755b67b9bb-nz54p,default,yolo,580.173.02,GPU-d59cb1c4-ad97-d91a-6731-e7b5f38951a6
2026-08-16 03:21:35.056059,94.82,10,1g.11gb,yolo-inference-755b67b9bb-cf854,default,yolo,580.173.02,GPU-d59cb1c4-ad97-d91a-6731-e7b5f38951a6
2026-08-16 03:21:35.056059,94.951,11,1g.11gb,yolo-inference-755b67b9bb-cgztg,default,yolo,580.173.02,GPU-d59cb1c4-ad97-d91a-6731-e7b5f38951a6
2026-08-16 03:21:35.056059,94.803,12,1g.11gb,yolo-inference-755b67b9bb-g6r55,default,yolo,580.173.02,GPU-d59cb1c4-ad97-d91a-6731-e7b5f38951a6
2026-08-16 03:21:35.056059,94.951,13,1g.11gb,,,,580.173.02,GPU-d59cb1c4-ad97-d91a-6731-e7b5f38951a6
2026-08-16 03:21:35.056059,94.947,7,1g.11gb,yolo-inference-755b67b9bb-6qhhl,default,yolo,580.173.02,GPU-d59cb1c4-ad97-d91a-6731-e7b5f38951a6
2026-08-16 03:21:35.056059,94.812,8,1g.11gb,,,,580.173.02,GPU-d59cb1c4-ad97-d91a-6731-e7b5f38951a6
2026-08-16 03:21:35.056059,94.913,9,1g.11gb,yolo-inference-755b67b9bb-nz54p,default,yolo,580.173.02,GPU-d59cb1c4-ad97-d91a-6731-e7b5f38951a6
2026-08-16 03:21:40.055995,94.82,10,1g.11gb,yolo-inference-755b67b9bb-cf854,default,yolo,580.173.02,GPU-d59cb1c4-ad97-d91a-6731-e7b5f38951a6
2026-08-16 03:21:40.055995,94.951,11,1g.11gb,yolo-inference-755b67b9bb-cgztg,default,yolo,580.173.02,GPU-d59cb1c4-ad97-d91a-6731-e7b5f38951a6
2026-08-16 03:21:40.055995,94.803,12,1g.11gb,yolo-inference-755b67b9bb-g6r55,default,yolo,580.173.02,GPU-d59cb1c4-ad97-d91a-6731-e7b5f38951a6
2026-08-16 03:21:40.055995,94.951,13,1g.11gb,,,,580.173.02,GPU-d59cb1c4-ad97-d91a-6731-e7b5f38951a6
2026-08-16 03:21:40.055995,94.947,7,1g.11gb,yolo-inference-755b67b9bb-6qhhl,default,yolo,580.173.02,GPU-d59cb1c4-ad97-d91a-6731-e7b5f38951a6
2026-08-16 03:21:40.055995,94.812,8,1g.11gb,,,,580.173.02,GPU-d59cb1c4-ad97-d91a-6731-e7b5f38951a6
2026-08-16 03:21:40.055995,94.913,9,1g.11gb,yolo-inference-755b67b9bb-nz54p,default,yolo,580.173.02,GPU-d59cb1c4-ad97-d91a-6731-e7b5f38951a6
2026-08-16 03:21:45.055983,94.82,10,1g.11gb,yolo-inference-755b67b9bb-cf854,default,yolo,580.173.02,GPU-d59cb1c4-ad97-d91a-6731-e7b5f38951a6
2026-08-16 03:21:45.055983,94.951,11,1g.11gb,yolo-inference-755b67b9bb-cgztg,default,yolo,580.173.02,GPU-d59cb1c4-ad97-d91a-6731-e7b5f38951a6
2026-08-16 03:21:45.055983,94.803,12,1g.11gb,yolo-inference-755b67b9bb-g6r55,default,yolo,580.173.02,GPU-d59cb1c4-ad97-d91a-6731-e7b5f38951a6
2026-08-16 03:21:45.055983,94.951,13,1g.11gb,,,,580.173.02,GPU-d59cb1c4-ad97-d91a-6731-e7b5f38951a6
2026-08-16 03:21:45.055983,94.947,7,1g.11gb,yolo-inference-755b67b9bb-6qhhl,default,yolo,580.173.02,GPU-d59cb1c4-ad97-d91a-6731-e7b5f38951a6
2026-08-16 03:21:45.055983,94.812,8,1g.11gb,,,,580.173.02,GPU-d59cb1c4-ad97-d91a-6731-e7b5f38951a6
2026-08-16 03:21:45.055983,94.913,9,1g.11gb,yolo-inference-755b67b9bb-nz54p,default,yolo,580.173.02,GPU-d59cb1c4-ad97-d91a-6731-e7b5f38951a6
2026-08-16 03:21:50.055269,95.026,10,1g.11gb,yolo-inference-755b67b9bb-cf854,default,yolo,580.173.02,GPU-d59cb1c4-ad97-d91a-6731-e7b5f38951a6
2026-08-16 03:21:50.055269,94.951,11,1g.11gb,yolo-inference-755b67b9bb-cgztg,default,yolo,580.173.02,GPU-d59cb1c4-ad97-d91a-6731-e7b5f38951a6
2026-08-16 03:21:50.055269,94.803,12,1g.11gb,yolo-inference-755b67b9bb-g6r55,default,yolo,580.173.02,GPU-d59cb1c4-ad97-d91a-6731-e7b5f38951a6
2026-08-16 03:21:50.055269,94.951,13,1g.11gb,,,,580.173.02,GPU-d59cb1c4-ad97-d91a-6731-e7b5f38951a6
2026-08-16 03:21:50.055269,94.947,7,1g.11gb,yolo-inference-755b67b9bb-6qhhl,default,yolo,580.173.02,GPU-d59cb1c4-ad97-d91a-6731-e7b5f38951a6
2026-08-16 03:21:50.055269,94.812,8,1g.11gb,,,,580.173.02,GPU-d59cb1c4-ad97-d91a-6731-e7b5f38951a6
2026-08-16 03:21:50.055269,94.913,9,1g.11gb,yolo-inference-755b67b9bb-nz54p,default,yolo,580.173.02,GPU-d59cb1c4-ad97-d91a-6731-e7b5f38951a6
2026-08-16 03:21:55.055904,95.026,10,1g.11gb,yolo-inference-755b67b9bb-cf854,default,yolo,580.173.02,GPU-d59cb1c4-ad97-d91a-6731-e7b5f38951a6
2026-08-16 03:21:55.055904,94.974,11,1g.11gb,yolo-inference-755b67b9bb-cgztg,default,yolo,580.173.02,GPU-d59cb1c4-ad97-d91a-6731-e7b5f38951a6
2026-08-16 03:21:55.055904,94.906,12,1g.11gb,yolo-inference-755b67b9bb-g6r55,default,yolo,580.173.02,GPU-d59cb1c4-ad97-d91a-6731-e7b5f38951a6
2026-08-16 03:21:55.055904,94.974,13,1g.11gb,,,,580.173.02,GPU-d59cb1c4-ad97-d91a-6731-e7b5f38951a6
2026-08-16 03:21:55.055904,94.801,7,1g.11gb,yolo-inference-755b67b9bb-6qhhl,default,yolo,580.173.02,GPU-d59cb1c4-ad97-d91a-6731-e7b5f38951a6
2026-08-16 03:21:55.055904,94.905,8,1g.11gb,,,,580.173.02,GPU-d59cb1c4-ad97-d91a-6731-e7b5f38951a6
2026-08-16 03:21:55.055904,94.953,9,1g.11gb,yolo-inference-755b67b9bb-nz54p,default,yolo,580.173.02,GPU-d59cb1c4-ad97-d91a-6731-e7b5f38951a6
2026-08-16 03:22:00.055225,95.026,10,1g.11gb,yolo-inference-755b67b9bb-cf854,default,yolo,580.173.02,GPU-d59cb1c4-ad97-d91a-6731-e7b5f38951a6
2026-08-16 03:22:00.055225,94.974,11,1g.11gb,yolo-inference-755b67b9bb-cgztg,default,yolo,580.173.02,GPU-d59cb1c4-ad97-d91a-6731-e7b5f38951a6
2026-08-16 03:22:00.055225,94.906,12,1g.11gb,yolo-inference-755b67b9bb-g6r55,default,yolo,580.173.02,GPU-d59cb1c4-ad97-d91a-6731-e7b5f38951a6
2026-08-16 03:22:00.055225,94.974,13,1g.11gb,,,,580.173.02,GPU-d59cb1c4-ad97-d91a-6731-e7b5f38951a6
2026-08-16 03:22:00.055225,94.801,7,1g.11gb,yolo-inference-755b67b9bb-6qhhl,default,yolo,580.173.02,GPU-d59cb1c4-ad97-d91a-6731-e7b5f38951a6
2026-08-16 03:22:00.055225,94.905,8,1g.11gb,,,,580.173.02,GPU-d59cb1c4-ad97-d91a-6731-e7b5f38951a6
2026-08-16 03:22:00.055225,94.953,9,1g.11gb,yolo-inference-755b67b9bb-nz54p,default,yolo,580.173.02,GPU-d59cb1c4-ad97-d91a-6731-e7b5f38951a6
2026-08-16 03:22:05.055994,95.026,10,1g.11gb,yolo-inference-755b67b9bb-cf854,default,yolo,580.173.02,GPU-d59cb1c4-ad97-d91a-6731-e7b5f38951a6
2026-08-16 03:22:05.055994,94.974,11,1g.11gb,yolo-inference-755b67b9bb-cgztg,default,yolo,580.173.02,GPU-d59cb1c4-ad97-d91a-6731-e7b5f38951a6
2026-08-16 03:22:05.055994,94.906,12,1g.11gb,yolo-inference-755b67b9bb-g6r55,default,yolo,580.173.02,GPU-d59cb1c4-ad97-d91a-6731-e7b5f38951a6
2026-08-16 03:22:05.055994,94.974,13,1g.11gb,,,,580.173.02,GPU-d59cb1c4-ad97-d91a-6731-e7b5f38951a6
2026-08-16 03:22:05.055994,94.801,7,1g.11gb,yolo-inference-755b67b9bb-6qhhl,default,yolo,580.173.02,GPU-d59cb1c4-ad97-d91a-6731-e7b5f38951a6
2026-08-16 03:22:05.055994,94.905,8,1g.11gb,,,,580.173.02,GPU-d59cb1c4-ad97-d91a-6731-e7b5f38951a6
2026-08-16 03:22:05.055994,94.953,9,1g.11gb,yolo-inference-755b67b9bb-nz54p,default,yolo,580.173.02,GPU-d59cb1c4-ad97-d91a-6731-e7b5f38951a6
2026-08-16 03:22:10.055896,95.026,10,1g.11gb,yolo-inference-755b67b9bb-cf854,default,yolo,580.173.02,GPU-d59cb1c4-ad97-d91a-6731-e7b5f38951a6
2026-08-16 03:22:10.055896,94.974,11,1g.11gb,yolo-inference-755b67b9bb-cgztg,default,yolo,580.173.02,GPU-d59cb1c4-ad97-d91a-6731-e7b5f38951a6
2026-08-16 03:22:10.055896,94.906,12,1g.11gb,yolo-inference-755b67b9bb-g6r55,default,yolo,580.173.02,GPU-d59cb1c4-ad97-d91a-6731-e7b5f38951a6
2026-08-16 03:22:10.055896,94.974,13,1g.11gb,,,,580.173.02,GPU-d59cb1c4-ad97-d91a-6731-e7b5f38951a6
2026-08-16 03:22:10.055896,94.801,7,1g.11gb,yolo-inference-755b67b9bb-6qhhl,default,yolo,580.173.02,GPU-d59cb1c4-ad97-d91a-6731-e7b5f38951a6
2026-08-16 03:22:10.055896,94.905,8,1g.11gb,,,,580.173.02,GPU-d59cb1c4-ad97-d91a-6731-e7b5f38951a6
2026-08-16 03:22:10.055896,94.953,9,1g.11gb,yolo-inference-755b67b9bb-nz54p,default,yolo,580.173.02,GPU-d59cb1c4-ad97-d91a-6731-e7b5f38951a6
2026-08-16 03:22:15.052933,95.026,10,1g.11gb,yolo-inference-755b67b9bb-cf854,default,yolo,580.173.02,GPU-d59cb1c4-ad97-d91a-6731-e7b5f38951a6
2026-08-16 03:22:15.052933,94.974,11,1g.11gb,yolo-inference-755b67b9bb-cgztg,default,yolo,580.173.02,GPU-d59cb1c4-ad97-d91a-6731-e7b5f38951a6
2026-08-16 03:22:15.052933,94.906,12,1g.11gb,yolo-inference-755b67b9bb-g6r55,default,yolo,580.173.02,GPU-d59cb1c4-ad97-d91a-6731-e7b5f38951a6
2026-08-16 03:22:15.052933,94.974,13,1g.11gb,,,,580.173.02,GPU-d59cb1c4-ad97-d91a-6731-e7b5f38951a6
2026-08-16 03:22:15.052933,94.801,7,1g.11gb,yolo-inference-755b67b9bb-6qhhl,default,yolo,580.173.02,GPU-d59cb1c4-ad97-d91a-6731-e7b5f38951a6
2026-08-16 03:22:15.052933,94.905,8,1g.11gb,,,,580.173.02,GPU-d59cb1c4-ad97-d91a-6731-e7b5f38951a6
2026-08-16 03:22:15.052933,94.953,9,1g.11gb,yolo-inference-755b67b9bb-nz54p,default,yolo,580.173.02,GPU-d59cb1c4-ad97-d91a-6731-e7b5f38951a6
2026-08-16 03:22:20.055999,94.804,10,1g.11gb,yolo-inference-755b67b9bb-cf854,default,yolo,580.173.02,GPU-d59cb1c4-ad97-d91a-6731-e7b5f38951a6
2026-08-16 03:22:20.055999,94.974,11,1g.11gb,yolo-inference-755b67b9bb-cgztg,default,yolo,580.173.02,GPU-d59cb1c4-ad97-d91a-6731-e7b5f38951a6
2026-08-16 03:22:20.055999,94.906,12,1g.11gb,yolo-inference-755b67b9bb-g6r55,default,yolo,580.173.02,GPU-d59cb1c4-ad97-d91a-6731-e7b5f38951a6
2026-08-16 03:22:20.055999,94.974,13,1g.11gb,,,,580.173.02,GPU-d59cb1c4-ad97-d91a-6731-e7b5f38951a6
2026-08-16 03:22:20.055999,94.801,7,1g.11gb,yolo-inference-755b67b9bb-6qhhl,default,yolo,580.173.02,GPU-d59cb1c4-ad97-d91a-6731-e7b5f38951a6
2026-08-16 03:22:20.055999,94.905,8,1g.11gb,,,,580.173.02,GPU-d59cb1c4-ad97-d91a-6731-e7b5f38951a6
2026-08-16 03:22:20.055999,94.953,9,1g.11gb,yolo-inference-755b67b9bb-nz54p,default,yolo,580.173.02,GPU-d59cb1c4-ad97-d91a-6731-e7b5f38951a6
2026-08-16 03:22:25.055983,94.804,10,1g.11gb,yolo-inference-755b67b9bb-cf854,default,yolo,580.173.02,GPU-d59cb1c4-ad97-d91a-6731-e7b5f38951a6
2026-08-16 03:22:25.055983,94.78,11,1g.11gb,yolo-inference-755b67b9bb-cgztg,default,yolo,580.173.02,GPU-d59cb1c4-ad97-d91a-6731-e7b5f38951a6
2026-08-16 03:22:25.055983,94.96,12,1g.11gb,yolo-inference-755b67b9bb-g6r55,default,yolo,580.173.02,GPU-d59cb1c4-ad97-d91a-6731-e7b5f38951a6
2026-08-16 03:22:25.055983,94.77,13,1g.11gb,,,,580.173.02,GPU-d59cb1c4-ad97-d91a-6731-e7b5f38951a6
2026-08-16 03:22:25.055983,94.939,7,1g.11gb,yolo-inference-755b67b9bb-6qhhl,default,yolo,580.173.02,GPU-d59cb1c4-ad97-d91a-6731-e7b5f38951a6
2026-08-16 03:22:25.055983,94.96,8,1g.11gb,,,,580.173.02,GPU-d59cb1c4-ad97-d91a-6731-e7b5f38951a6
2026-08-16 03:22:25.055983,94.78,9,1g.11gb,yolo-inference-755b67b9bb-nz54p,default,yolo,580.173.02,GPU-d59cb1c4-ad97-d91a-6731-e7b5f38951a6
2026-08-16 03:22:30.055985,94.804,10,1g.11gb,yolo-inference-755b67b9bb-cf854,default,yolo,580.173.02,GPU-d59cb1c4-ad97-d91a-6731-e7b5f38951a6
2026-08-16 03:22:30.055985,94.78,11,1g.11gb,yolo-inference-755b67b9bb-cgztg,default,yolo,580.173.02,GPU-d59cb1c4-ad97-d91a-6731-e7b5f38951a6
2026-08-16 03:22:30.055985,94.96,12,1g.11gb,yolo-inference-755b67b9bb-g6r55,default,yolo,580.173.02,GPU-d59cb1c4-ad97-d91a-6731-e7b5f38951a6
2026-08-16 03:22:30.055985,94.77,13,1g.11gb,,,,580.173.02,GPU-d59cb1c4-ad97-d91a-6731-e7b5f38951a6
2026-08-16 03:22:30.055985,94.939,7,1g.11gb,yolo-inference-755b67b9bb-6qhhl,default,yolo,580.173.02,GPU-d59cb1c4-ad97-d91a-6731-e7b5f38951a6
2026-08-16 03:22:30.055985,94.96,8,1g.11gb,,,,580.173.02,GPU-d59cb1c4-ad97-d91a-6731-e7b5f38951a6
2026-08-16 03:22:30.055985,94.78,9,1g.11gb,yolo-inference-755b67b9bb-nz54p,default,yolo,580.173.02,GPU-d59cb1c4-ad97-d91a-6731-e7b5f38951a6
2026-08-16 03:22:35.055987,94.804,10,1g.11gb,yolo-inference-755b67b9bb-cf854,default,yolo,580.173.02,GPU-d59cb1c4-ad97-d91a-6731-e7b5f38951a6
2026-08-16 03:22:35.055987,94.78,11,1g.11gb,yolo-inference-755b67b9bb-cgztg,default,yolo,580.173.02,GPU-d59cb1c4-ad97-d91a-6731-e7b5f38951a6
2026-08-16 03:22:35.055987,94.96,12,1g.11gb,yolo-inference-755b67b9bb-g6r55,default,yolo,580.173.02,GPU-d59cb1c4-ad97-d91a-6731-e7b5f38951a6
2026-08-16 03:22:35.055987,94.77,13,1g.11gb,,,,580.173.02,GPU-d59cb1c4-ad97-d91a-6731-e7b5f38951a6
2026-08-16 03:22:35.055987,94.939,7,1g.11gb,yolo-inference-755b67b9bb-6qhhl,default,yolo,580.173.02,GPU-d59cb1c4-ad97-d91a-6731-e7b5f38951a6
2026-08-16 03:22:35.055987,94.96,8,1g.11gb,,,,580.173.02,GPU-d59cb1c4-ad97-d91a-6731-e7b5f38951a6
2026-08-16 03:22:35.055987,94.78,9,1g.11gb,yolo-inference-755b67b9bb-nz54p,default,yolo,580.173.02,GPU-d59cb1c4-ad97-d91a-6731-e7b5f38951a6
2026-08-16 03:22:40.055454,94.804,10,1g.11gb,yolo-inference-755b67b9bb-cf854,default,yolo,580.173.02,GPU-d59cb1c4-ad97-d91a-6731-e7b5f38951a6
2026-08-16 03:22:40.055454,94.78,11,1g.11gb,yolo-inference-755b67b9bb-cgztg,default,yolo,580.173.02,GPU-d59cb1c4-ad97-d91a-6731-e7b5f38951a6
2026-08-16 03:22:40.055454,94.96,12,1g.11gb,yolo-inference-755b67b9bb-g6r55,default,yolo,580.173.02,GPU-d59cb1c4-ad97-d91a-6731-e7b5f38951a6
2026-08-16 03:22:40.055454,94.77,13,1g.11gb,,,,580.173.02,GPU-d59cb1c4-ad97-d91a-6731-e7b5f38951a6
2026-08-16 03:22:40.055454,94.939,7,1g.11gb,yolo-inference-755b67b9bb-6qhhl,default,yolo,580.173.02,GPU-d59cb1c4-ad97-d91a-6731-e7b5f38951a6
2026-08-16 03:22:40.055454,94.96,8,1g.11gb,,,,580.173.02,GPU-d59cb1c4-ad97-d91a-6731-e7b5f38951a6
2026-08-16 03:22:40.055454,94.78,9,1g.11gb,yolo-inference-755b67b9bb-nz54p,default,yolo,580.173.02,GPU-d59cb1c4-ad97-d91a-6731-e7b5f38951a6
2026-08-16 03:22:45.055966,94.804,10,1g.11gb,yolo-inference-755b67b9bb-cf854,default,yolo,580.173.02,GPU-d59cb1c4-ad97-d91a-6731-e7b5f38951a6
2026-08-16 03:22:45.055966,94.78,11,1g.11gb,yolo-inference-755b67b9bb-cgztg,default,yolo,580.173.02,GPU-d59cb1c4-ad97-d91a-6731-e7b5f38951a6
2026-08-16 03:22:45.055966,94.96,12,1g.11gb,yolo-inference-755b67b9bb-g6r55,default,yolo,580.173.02,GPU-d59cb1c4-ad97-d91a-6731-e7b5f38951a6
2026-08-16 03:22:45.055966,94.77,13,1g.11gb,,,,580.173.02,GPU-d59cb1c4-ad97-d91a-6731-e7b5f38951a6
2026-08-16 03:22:45.055966,94.939,7,1g.11gb,yolo-inference-755b67b9bb-6qhhl,default,yolo,580.173.02,GPU-d59cb1c4-ad97-d91a-6731-e7b5f38951a6
2026-08-16 03:22:45.055966,94.96,8,1g.11gb,,,,580.173.02,GPU-d59cb1c4-ad97-d91a-6731-e7b5f38951a6
2026-08-16 03:22:45.055966,94.78,9,1g.11gb,yolo-inference-755b67b9bb-nz54p,default,yolo,580.173.02,GPU-d59cb1c4-ad97-d91a-6731-e7b5f38951a6
2026-08-16 03:22:50.056015,94.893,10,1g.11gb,yolo-inference-755b67b9bb-cf854,default,yolo,580.173.02,GPU-d59cb1c4-ad97-d91a-6731-e7b5f38951a6
2026-08-16 03:22:50.056015,94.78,11,1g.11gb,yolo-inference-755b67b9bb-cgztg,default,yolo,580.173.02,GPU-d59cb1c4-ad97-d91a-6731-e7b5f38951a6
2026-08-16 03:22:50.056015,94.96,12,1g.11gb,yolo-inference-755b67b9bb-g6r55,default,yolo,580.173.02,GPU-d59cb1c4-ad97-d91a-6731-e7b5f38951a6
2026-08-16 03:22:50.056015,94.77,13,1g.11gb,,,,580.173.02,GPU-d59cb1c4-ad97-d91a-6731-e7b5f38951a6
2026-08-16 03:22:50.056015,94.939,7,1g.11gb,yolo-inference-755b67b9bb-6qhhl,default,yolo,580.173.02,GPU-d59cb1c4-ad97-d91a-6731-e7b5f38951a6
2026-08-16 03:22:50.056015,94.96,8,1g.11gb,,,,580.173.02,GPU-d59cb1c4-ad97-d91a-6731-e7b5f38951a6
2026-08-16 03:22:50.056015,94.78,9,1g.11gb,yolo-inference-755b67b9bb-nz54p,default,yolo,580.173.02,GPU-d59cb1c4-ad97-d91a-6731-e7b5f38951a6
2026-08-16 03:22:55.055992,94.893,10,1g.11gb,yolo-inference-755b67b9bb-cf854,default,yolo,580.173.02,GPU-d59cb1c4-ad97-d91a-6731-e7b5f38951a6
2026-08-16 03:22:55.055992,94.852,11,1g.11gb,yolo-inference-755b67b9bb-cgztg,default,yolo,580.173.02,GPU-d59cb1c4-ad97-d91a-6731-e7b5f38951a6
2026-08-16 03:22:55.055992,94.775,12,1g.11gb,yolo-inference-755b67b9bb-g6r55,default,yolo,580.173.02,GPU-d59cb1c4-ad97-d91a-6731-e7b5f38951a6
2026-08-16 03:22:55.055992,94.781,13,1g.11gb,,,,580.173.02,GPU-d59cb1c4-ad97-d91a-6731-e7b5f38951a6
2026-08-16 03:22:55.055992,94.889,7,1g.11gb,yolo-inference-755b67b9bb-6qhhl,default,yolo,580.173.02,GPU-d59cb1c4-ad97-d91a-6731-e7b5f38951a6
2026-08-16 03:22:55.055992,94.775,8,1g.11gb,,,,580.173.02,GPU-d59cb1c4-ad97-d91a-6731-e7b5f38951a6
2026-08-16 03:22:55.055992,94.852,9,1g.11gb,yolo-inference-755b67b9bb-nz54p,default,yolo,580.173.02,GPU-d59cb1c4-ad97-d91a-6731-e7b5f38951a6
2026-08-16 03:23:00.055975,94.893,10,1g.11gb,yolo-inference-755b67b9bb-cf854,default,yolo,580.173.02,GPU-d59cb1c4-ad97-d91a-6731-e7b5f38951a6
2026-08-16 03:23:00.055975,94.852,11,1g.11gb,yolo-inference-755b67b9bb-cgztg,default,yolo,580.173.02,GPU-d59cb1c4-ad97-d91a-6731-e7b5f38951a6
2026-08-16 03:23:00.055975,94.775,12,1g.11gb,yolo-inference-755b67b9bb-g6r55,default,yolo,580.173.02,GPU-d59cb1c4-ad97-d91a-6731-e7b5f38951a6
2026-08-16 03:23:00.055975,94.781,13,1g.11gb,,,,580.173.02,GPU-d59cb1c4-ad97-d91a-6731-e7b5f38951a6
2026-08-16 03:23:00.055975,94.889,7,1g.11gb,yolo-inference-755b67b9bb-6qhhl,default,yolo,580.173.02,GPU-d59cb1c4-ad97-d91a-6731-e7b5f38951a6
2026-08-16 03:23:00.055975,94.775,8,1g.11gb,,,,580.173.02,GPU-d59cb1c4-ad97-d91a-6731-e7b5f38951a6
2026-08-16 03:23:00.055975,94.852,9,1g.11gb,yolo-inference-755b67b9bb-nz54p,default,yolo,580.173.02,GPU-d59cb1c4-ad97-d91a-6731-e7b5f38951a6
2026-08-16 03:23:05.055990,94.893,10,1g.11gb,yolo-inference-755b67b9bb-cf854,default,yolo,580.173.02,GPU-d59cb1c4-ad97-d91a-6731-e7b5f38951a6
2026-08-16 03:23:05.055990,94.852,11,1g.11gb,yolo-inference-755b67b9bb-cgztg,default,yolo,580.173.02,GPU-d59cb1c4-ad97-d91a-6731-e7b5f38951a6
2026-08-16 03:23:05.055990,94.775,12,1g.11gb,yolo-inference-755b67b9bb-g6r55,default,yolo,580.173.02,GPU-d59cb1c4-ad97-d91a-6731-e7b5f38951a6
2026-08-16 03:23:05.055990,94.781,13,1g.11gb,,,,580.173.02,GPU-d59cb1c4-ad97-d91a-6731-e7b5f38951a6
2026-08-16 03:23:05.055990,94.889,7,1g.11gb,yolo-inference-755b67b9bb-6qhhl,default,yolo,580.173.02,GPU-d59cb1c4-ad97-d91a-6731-e7b5f38951a6
2026-08-16 03:23:05.055990,94.775,8,1g.11gb,,,,580.173.02,GPU-d59cb1c4-ad97-d91a-6731-e7b5f38951a6
2026-08-16 03:23:05.055990,94.852,9,1g.11gb,yolo-inference-755b67b9bb-nz54p,default,yolo,580.173.02,GPU-d59cb1c4-ad97-d91a-6731-e7b5f38951a6
2026-08-16 03:23:10.055980,94.893,10,1g.11gb,yolo-inference-755b67b9bb-cf854,default,yolo,580.173.02,GPU-d59cb1c4-ad97-d91a-6731-e7b5f38951a6
2026-08-16 03:23:10.055980,94.852,11,1g.11gb,yolo-inference-755b67b9bb-cgztg,default,yolo,580.173.02,GPU-d59cb1c4-ad97-d91a-6731-e7b5f38951a6
2026-08-16 03:23:10.055980,94.775,12,1g.11gb,yolo-inference-755b67b9bb-g6r55,default,yolo,580.173.02,GPU-d59cb1c4-ad97-d91a-6731-e7b5f38951a6
2026-08-16 03:23:10.055980,94.781,13,1g.11gb,,,,580.173.02,GPU-d59cb1c4-ad97-d91a-6731-e7b5f38951a6
2026-08-16 03:23:10.055980,94.889,7,1g.11gb,yolo-inference-755b67b9bb-6qhhl,default,yolo,580.173.02,GPU-d59cb1c4-ad97-d91a-6731-e7b5f38951a6
2026-08-16 03:23:10.055980,94.775,8,1g.11gb,,,,580.173.02,GPU-d59cb1c4-ad97-d91a-6731-e7b5f38951a6
2026-08-16 03:23:10.055980,94.852,9,1g.11gb,yolo-inference-755b67b9bb-nz54p,default,yolo,580.173.02,GPU-d59cb1c4-ad97-d91a-6731-e7b5f38951a6
2026-08-16 03:23:15.056005,94.893,10,1g.11gb,yolo-inference-755b67b9bb-cf854,default,yolo,580.173.02,GPU-d59cb1c4-ad97-d91a-6731-e7b5f38951a6
2026-08-16 03:23:15.056005,94.852,11,1g.11gb,yolo-inference-755b67b9bb-cgztg,default,yolo,580.173.02,GPU-d59cb1c4-ad97-d91a-6731-e7b5f38951a6
2026-08-16 03:23:15.056005,94.775,12,1g.11gb,yolo-inference-755b67b9bb-g6r55,default,yolo,580.173.02,GPU-d59cb1c4-ad97-d91a-6731-e7b5f38951a6
2026-08-16 03:23:15.056005,94.781,13,1g.11gb,,,,580.173.02,GPU-d59cb1c4-ad97-d91a-6731-e7b5f38951a6
2026-08-16 03:23:15.056005,94.889,7,1g.11gb,yolo-inference-755b67b9bb-6qhhl,default,yolo,580.173.02,GPU-d59cb1c4-ad97-d91a-6731-e7b5f38951a6
2026-08-16 03:23:15.056005,94.775,8,1g.11gb,,,,580.173.02,GPU-d59cb1c4-ad97-d91a-6731-e7b5f38951a6
2026-08-16 03:23:15.056005,94.852,9,1g.11gb,yolo-inference-755b67b9bb-nz54p,default,yolo,580.173.02,GPU-d59cb1c4-ad97-d91a-6731-e7b5f38951a6
2026-08-16 03:23:20.055919,94.803,10,1g.11gb,yolo-inference-755b67b9bb-cf854,default,yolo,580.173.02,GPU-d59cb1c4-ad97-d91a-6731-e7b5f38951a6
2026-08-16 03:23:20.055919,94.852,11,1g.11gb,yolo-inference-755b67b9bb-cgztg,default,yolo,580.173.02,GPU-d59cb1c4-ad97-d91a-6731-e7b5f38951a6
2026-08-16 03:23:20.055919,94.775,12,1g.11gb,yolo-inference-755b67b9bb-g6r55,default,yolo,580.173.02,GPU-d59cb1c4-ad97-d91a-6731-e7b5f38951a6
2026-08-16 03:23:20.055919,94.781,13,1g.11gb,,,,580.173.02,GPU-d59cb1c4-ad97-d91a-6731-e7b5f38951a6
2026-08-16 03:23:20.055919,94.889,7,1g.11gb,yolo-inference-755b67b9bb-6qhhl,default,yolo,580.173.02,GPU-d59cb1c4-ad97-d91a-6731-e7b5f38951a6
2026-08-16 03:23:20.055919,94.775,8,1g.11gb,,,,580.173.02,GPU-d59cb1c4-ad97-d91a-6731-e7b5f38951a6
2026-08-16 03:23:20.055919,94.852,9,1g.11gb,yolo-inference-755b67b9bb-nz54p,default,yolo,580.173.02,GPU-d59cb1c4-ad97-d91a-6731-e7b5f38951a6
2026-08-16 03:23:25.054939,94.803,10,1g.11gb,yolo-inference-755b67b9bb-cf854,default,yolo,580.173.02,GPU-d59cb1c4-ad97-d91a-6731-e7b5f38951a6
2026-08-16 03:23:25.054939,94.798,11,1g.11gb,yolo-inference-755b67b9bb-cgztg,default,yolo,580.173.02,GPU-d59cb1c4-ad97-d91a-6731-e7b5f38951a6
2026-08-16 03:23:25.054939,95.02,12,1g.11gb,yolo-inference-755b67b9bb-g6r55,default,yolo,580.173.02,GPU-d59cb1c4-ad97-d91a-6731-e7b5f38951a6
2026-08-16 03:23:25.054939,94.817,13,1g.11gb,,,,580.173.02,GPU-d59cb1c4-ad97-d91a-6731-e7b5f38951a6
2026-08-16 03:23:25.054939,94.86,7,1g.11gb,yolo-inference-755b67b9bb-6qhhl,default,yolo,580.173.02,GPU-d59cb1c4-ad97-d91a-6731-e7b5f38951a6
2026-08-16 03:23:25.054939,95.02,8,1g.11gb,,,,580.173.02,GPU-d59cb1c4-ad97-d91a-6731-e7b5f38951a6
2026-08-16 03:23:25.054939,94.798,9,1g.11gb,yolo-inference-755b67b9bb-nz54p,default,yolo,580.173.02,GPU-d59cb1c4-ad97-d91a-6731-e7b5f38951a6
2026-08-16 03:23:30.055997,94.803,10,1g.11gb,yolo-inference-755b67b9bb-cf854,default,yolo,580.173.02,GPU-d59cb1c4-ad97-d91a-6731-e7b5f38951a6
2026-08-16 03:23:30.055997,94.798,11,1g.11gb,yolo-inference-755b67b9bb-cgztg,default,yolo,580.173.02,GPU-d59cb1c4-ad97-d91a-6731-e7b5f38951a6
2026-08-16 03:23:30.055997,95.02,12,1g.11gb,yolo-inference-755b67b9bb-g6r55,default,yolo,580.173.02,GPU-d59cb1c4-ad97-d91a-6731-e7b5f38951a6
2026-08-16 03:23:30.055997,94.817,13,1g.11gb,,,,580.173.02,GPU-d59cb1c4-ad97-d91a-6731-e7b5f38951a6
2026-08-16 03:23:30.055997,94.86,7,1g.11gb,yolo-inference-755b67b9bb-6qhhl,default,yolo,580.173.02,GPU-d59cb1c4-ad97-d91a-6731-e7b5f38951a6
2026-08-16 03:23:30.055997,95.02,8,1g.11gb,,,,580.173.02,GPU-d59cb1c4-ad97-d91a-6731-e7b5f38951a6
2026-08-16 03:23:30.055997,94.798,9,1g.11gb,yolo-inference-755b67b9bb-nz54p,default,yolo,580.173.02,GPU-d59cb1c4-ad97-d91a-6731-e7b5f38951a6
2026-08-16 03:23:35.055977,94.803,10,1g.11gb,yolo-inference-755b67b9bb-cf854,default,yolo,580.173.02,GPU-d59cb1c4-ad97-d91a-6731-e7b5f38951a6
2026-08-16 03:23:35.055977,94.798,11,1g.11gb,yolo-inference-755b67b9bb-cgztg,default,yolo,580.173.02,GPU-d59cb1c4-ad97-d91a-6731-e7b5f38951a6
2026-08-16 03:23:35.055977,95.02,12,1g.11gb,yolo-inference-755b67b9bb-g6r55,default,yolo,580.173.02,GPU-d59cb1c4-ad97-d91a-6731-e7b5f38951a6
2026-08-16 03:23:35.055977,94.817,13,1g.11gb,,,,580.173.02,GPU-d59cb1c4-ad97-d91a-6731-e7b5f38951a6
2026-08-16 03:23:35.055977,94.86,7,1g.11gb,yolo-inference-755b67b9bb-6qhhl,default,yolo,580.173.02,GPU-d59cb1c4-ad97-d91a-6731-e7b5f38951a6
2026-08-16 03:23:35.055977,95.02,8,1g.11gb,,,,580.173.02,GPU-d59cb1c4-ad97-d91a-6731-e7b5f38951a6
2026-08-16 03:23:35.055977,94.798,9,1g.11gb,yolo-inference-755b67b9bb-nz54p,default,yolo,580.173.02,GPU-d59cb1c4-ad97-d91a-6731-e7b5f38951a6
2026-08-16 03:23:40.055989,94.803,10,1g.11gb,yolo-inference-755b67b9bb-cf854,default,yolo,580.173.02,GPU-d59cb1c4-ad97-d91a-6731-e7b5f38951a6
2026-08-16 03:23:40.055989,94.798,11,1g.11gb,yolo-inference-755b67b9bb-cgztg,default,yolo,580.173.02,GPU-d59cb1c4-ad97-d91a-6731-e7b5f38951a6
2026-08-16 03:23:40.055989,95.02,12,1g.11gb,yolo-inference-755b67b9bb-g6r55,default,yolo,580.173.02,GPU-d59cb1c4-ad97-d91a-6731-e7b5f38951a6
2026-08-16 03:23:40.055989,94.817,13,1g.11gb,,,,580.173.02,GPU-d59cb1c4-ad97-d91a-6731-e7b5f38951a6
2026-08-16 03:23:40.055989,94.86,7,1g.11gb,yolo-inference-755b67b9bb-6qhhl,default,yolo,580.173.02,GPU-d59cb1c4-ad97-d91a-6731-e7b5f38951a6
2026-08-16 03:23:40.055989,95.02,8,1g.11gb,,,,580.173.02,GPU-d59cb1c4-ad97-d91a-6731-e7b5f38951a6
2026-08-16 03:23:40.055989,94.798,9,1g.11gb,yolo-inference-755b67b9bb-nz54p,default,yolo,580.173.02,GPU-d59cb1c4-ad97-d91a-6731-e7b5f38951a6
2026-08-16 03:23:45.055973,94.803,10,1g.11gb,yolo-inference-755b67b9bb-cf854,default,yolo,580.173.02,GPU-d59cb1c4-ad97-d91a-6731-e7b5f38951a6
2026-08-16 03:23:45.055973,94.798,11,1g.11gb,yolo-inference-755b67b9bb-cgztg,default,yolo,580.173.02,GPU-d59cb1c4-ad97-d91a-6731-e7b5f38951a6
2026-08-16 03:23:45.055973,95.02,12,1g.11gb,yolo-inference-755b67b9bb-g6r55,default,yolo,580.173.02,GPU-d59cb1c4-ad97-d91a-6731-e7b5f38951a6
2026-08-16 03:23:45.055973,94.817,13,1g.11gb,,,,580.173.02,GPU-d59cb1c4-ad97-d91a-6731-e7b5f38951a6
2026-08-16 03:23:45.055973,94.86,7,1g.11gb,yolo-inference-755b67b9bb-6qhhl,default,yolo,580.173.02,GPU-d59cb1c4-ad97-d91a-6731-e7b5f38951a6
2026-08-16 03:23:45.055973,95.02,8,1g.11gb,,,,580.173.02,GPU-d59cb1c4-ad97-d91a-6731-e7b5f38951a6
2026-08-16 03:23:45.055973,94.798,9,1g.11gb,yolo-inference-755b67b9bb-nz54p,default,yolo,580.173.02,GPU-d59cb1c4-ad97-d91a-6731-e7b5f38951a6
2026-08-16 03:23:50.055977,94.946,10,1g.11gb,yolo-inference-755b67b9bb-cf854,default,yolo,580.173.02,GPU-d59cb1c4-ad97-d91a-6731-e7b5f38951a6
2026-08-16 03:23:50.055977,94.798,11,1g.11gb,yolo-inference-755b67b9bb-cgztg,default,yolo,580.173.02,GPU-d59cb1c4-ad97-d91a-6731-e7b5f38951a6
2026-08-16 03:23:50.055977,95.02,12,1g.11gb,yolo-inference-755b67b9bb-g6r55,default,yolo,580.173.02,GPU-d59cb1c4-ad97-d91a-6731-e7b5f38951a6
2026-08-16 03:23:50.055977,94.817,13,1g.11gb,,,,580.173.02,GPU-d59cb1c4-ad97-d91a-6731-e7b5f38951a6
2026-08-16 03:23:50.055977,94.86,7,1g.11gb,yolo-inference-755b67b9bb-6qhhl,default,yolo,580.173.02,GPU-d59cb1c4-ad97-d91a-6731-e7b5f38951a6
2026-08-16 03:23:50.055977,95.02,8,1g.11gb,,,,580.173.02,GPU-d59cb1c4-ad97-d91a-6731-e7b5f38951a6
2026-08-16 03:23:50.055977,94.798,9,1g.11gb,yolo-inference-755b67b9bb-nz54p,default,yolo,580.173.02,GPU-d59cb1c4-ad97-d91a-6731-e7b5f38951a6
2026-08-16 03:23:55.055996,94.946,10,1g.11gb,yolo-inference-755b67b9bb-cf854,default,yolo,580.173.02,GPU-d59cb1c4-ad97-d91a-6731-e7b5f38951a6
2026-08-16 03:23:55.055996,94.794,11,1g.11gb,yolo-inference-755b67b9bb-cgztg,default,yolo,580.173.02,GPU-d59cb1c4-ad97-d91a-6731-e7b5f38951a6
2026-08-16 03:23:55.055996,94.885,12,1g.11gb,yolo-inference-755b67b9bb-g6r55,default,yolo,580.173.02,GPU-d59cb1c4-ad97-d91a-6731-e7b5f38951a6
2026-08-16 03:23:55.055996,94.899,13,1g.11gb,,,,580.173.02,GPU-d59cb1c4-ad97-d91a-6731-e7b5f38951a6
2026-08-16 03:23:55.055996,94.713,7,1g.11gb,yolo-inference-755b67b9bb-6qhhl,default,yolo,580.173.02,GPU-d59cb1c4-ad97-d91a-6731-e7b5f38951a6
2026-08-16 03:23:55.055996,94.885,8,1g.11gb,,,,580.173.02,GPU-d59cb1c4-ad97-d91a-6731-e7b5f38951a6
2026-08-16 03:23:55.055996,94.794,9,1g.11gb,yolo-inference-755b67b9bb-nz54p,default,yolo,580.173.02,GPU-d59cb1c4-ad97-d91a-6731-e7b5f38951a6
2026-08-16 03:24:00.056009,94.946,10,1g.11gb,yolo-inference-755b67b9bb-cf854,default,yolo,580.173.02,GPU-d59cb1c4-ad97-d91a-6731-e7b5f38951a6
2026-08-16 03:24:00.056009,94.794,11,1g.11gb,yolo-inference-755b67b9bb-cgztg,default,yolo,580.173.02,GPU-d59cb1c4-ad97-d91a-6731-e7b5f38951a6
2026-08-16 03:24:00.056009,94.885,12,1g.11gb,yolo-inference-755b67b9bb-g6r55,default,yolo,580.173.02,GPU-d59cb1c4-ad97-d91a-6731-e7b5f38951a6
2026-08-16 03:24:00.056009,94.899,13,1g.11gb,,,,580.173.02,GPU-d59cb1c4-ad97-d91a-6731-e7b5f38951a6
2026-08-16 03:24:00.056009,94.713,7,1g.11gb,yolo-inference-755b67b9bb-6qhhl,default,yolo,580.173.02,GPU-d59cb1c4-ad97-d91a-6731-e7b5f38951a6
2026-08-16 03:24:00.056009,94.885,8,1g.11gb,,,,580.173.02,GPU-d59cb1c4-ad97-d91a-6731-e7b5f38951a6
2026-08-16 03:24:00.056009,94.794,9,1g.11gb,yolo-inference-755b67b9bb-nz54p,default,yolo,580.173.02,GPU-d59cb1c4-ad97-d91a-6731-e7b5f38951a6
2026-08-16 03:24:05.055124,94.946,10,1g.11gb,yolo-inference-755b67b9bb-cf854,default,yolo,580.173.02,GPU-d59cb1c4-ad97-d91a-6731-e7b5f38951a6
2026-08-16 03:24:05.055124,94.794,11,1g.11gb,yolo-inference-755b67b9bb-cgztg,default,yolo,580.173.02,GPU-d59cb1c4-ad97-d91a-6731-e7b5f38951a6
2026-08-16 03:24:05.055124,94.885,12,1g.11gb,yolo-inference-755b67b9bb-g6r55,default,yolo,580.173.02,GPU-d59cb1c4-ad97-d91a-6731-e7b5f38951a6
2026-08-16 03:24:05.055124,94.899,13,1g.11gb,,,,580.173.02,GPU-d59cb1c4-ad97-d91a-6731-e7b5f38951a6
2026-08-16 03:24:05.055124,94.713,7,1g.11gb,yolo-inference-755b67b9bb-6qhhl,default,yolo,580.173.02,GPU-d59cb1c4-ad97-d91a-6731-e7b5f38951a6
2026-08-16 03:24:05.055124,94.885,8,1g.11gb,,,,580.173.02,GPU-d59cb1c4-ad97-d91a-6731-e7b5f38951a6
2026-08-16 03:24:05.055124,94.794,9,1g.11gb,yolo-inference-755b67b9bb-nz54p,default,yolo,580.173.02,GPU-d59cb1c4-ad97-d91a-6731-e7b5f38951a6
2026-08-16 03:24:10.055927,94.946,10,1g.11gb,yolo-inference-755b67b9bb-cf854,default,yolo,580.173.02,GPU-d59cb1c4-ad97-d91a-6731-e7b5f38951a6
2026-08-16 03:24:10.055927,94.794,11,1g.11gb,yolo-inference-755b67b9bb-cgztg,default,yolo,580.173.02,GPU-d59cb1c4-ad97-d91a-6731-e7b5f38951a6
2026-08-16 03:24:10.055927,94.885,12,1g.11gb,yolo-inference-755b67b9bb-g6r55,default,yolo,580.173.02,GPU-d59cb1c4-ad97-d91a-6731-e7b5f38951a6
2026-08-16 03:24:10.055927,94.899,13,1g.11gb,,,,580.173.02,GPU-d59cb1c4-ad97-d91a-6731-e7b5f38951a6
2026-08-16 03:24:10.055927,94.713,7,1g.11gb,yolo-inference-755b67b9bb-6qhhl,default,yolo,580.173.02,GPU-d59cb1c4-ad97-d91a-6731-e7b5f38951a6
2026-08-16 03:24:10.055927,94.885,8,1g.11gb,,,,580.173.02,GPU-d59cb1c4-ad97-d91a-6731-e7b5f38951a6
2026-08-16 03:24:10.055927,94.794,9,1g.11gb,yolo-inference-755b67b9bb-nz54p,default,yolo,580.173.02,GPU-d59cb1c4-ad97-d91a-6731-e7b5f38951a6
2026-08-16 03:24:15.055974,94.946,10,1g.11gb,yolo-inference-755b67b9bb-cf854,default,yolo,580.173.02,GPU-d59cb1c4-ad97-d91a-6731-e7b5f38951a6
2026-08-16 03:24:15.055974,94.794,11,1g.11gb,yolo-inference-755b67b9bb-cgztg,default,yolo,580.173.02,GPU-d59cb1c4-ad97-d91a-6731-e7b5f38951a6
2026-08-16 03:24:15.055974,94.885,12,1g.11gb,yolo-inference-755b67b9bb-g6r55,default,yolo,580.173.02,GPU-d59cb1c4-ad97-d91a-6731-e7b5f38951a6
2026-08-16 03:24:15.055974,94.899,13,1g.11gb,,,,580.173.02,GPU-d59cb1c4-ad97-d91a-6731-e7b5f38951a6
2026-08-16 03:24:15.055974,94.713,7,1g.11gb,yolo-inference-755b67b9bb-6qhhl,default,yolo,580.173.02,GPU-d59cb1c4-ad97-d91a-6731-e7b5f38951a6
2026-08-16 03:24:15.055974,94.885,8,1g.11gb,,,,580.173.02,GPU-d59cb1c4-ad97-d91a-6731-e7b5f38951a6
2026-08-16 03:24:15.055974,94.794,9,1g.11gb,yolo-inference-755b67b9bb-nz54p,default,yolo,580.173.02,GPU-d59cb1c4-ad97-d91a-6731-e7b5f38951a6
2026-08-16 03:24:20.052679,94.825,10,1g.11gb,yolo-inference-755b67b9bb-cf854,default,yolo,580.173.02,GPU-d59cb1c4-ad97-d91a-6731-e7b5f38951a6
2026-08-16 03:24:20.052679,94.794,11,1g.11gb,yolo-inference-755b67b9bb-cgztg,default,yolo,580.173.02,GPU-d59cb1c4-ad97-d91a-6731-e7b5f38951a6
2026-08-16 03:24:20.052679,94.885,12,1g.11gb,yolo-inference-755b67b9bb-g6r55,default,yolo,580.173.02,GPU-d59cb1c4-ad97-d91a-6731-e7b5f38951a6
2026-08-16 03:24:20.052679,94.899,13,1g.11gb,,,,580.173.02,GPU-d59cb1c4-ad97-d91a-6731-e7b5f38951a6
2026-08-16 03:24:20.052679,94.713,7,1g.11gb,yolo-inference-755b67b9bb-6qhhl,default,yolo,580.173.02,GPU-d59cb1c4-ad97-d91a-6731-e7b5f38951a6
2026-08-16 03:24:20.052679,94.885,8,1g.11gb,,,,580.173.02,GPU-d59cb1c4-ad97-d91a-6731-e7b5f38951a6
2026-08-16 03:24:20.052679,94.794,9,1g.11gb,yolo-inference-755b67b9bb-nz54p,default,yolo,580.173.02,GPU-d59cb1c4-ad97-d91a-6731-e7b5f38951a6
2026-08-16 03:24:25.055985,94.825,10,1g.11gb,yolo-inference-755b67b9bb-cf854,default,yolo,580.173.02,GPU-d59cb1c4-ad97-d91a-6731-e7b5f38951a6
2026-08-16 03:24:25.055985,94.85,11,1g.11gb,yolo-inference-755b67b9bb-cgztg,default,yolo,580.173.02,GPU-d59cb1c4-ad97-d91a-6731-e7b5f38951a6
2026-08-16 03:24:25.055985,94.945,12,1g.11gb,yolo-inference-755b67b9bb-g6r55,default,yolo,580.173.02,GPU-d59cb1c4-ad97-d91a-6731-e7b5f38951a6
2026-08-16 03:24:25.055985,94.955,13,1g.11gb,,,,580.173.02,GPU-d59cb1c4-ad97-d91a-6731-e7b5f38951a6
2026-08-16 03:24:25.055985,95.043,7,1g.11gb,yolo-inference-755b67b9bb-6qhhl,default,yolo,580.173.02,GPU-d59cb1c4-ad97-d91a-6731-e7b5f38951a6
2026-08-16 03:24:25.055985,94.945,8,1g.11gb,,,,580.173.02,GPU-d59cb1c4-ad97-d91a-6731-e7b5f38951a6
2026-08-16 03:24:25.055985,94.85,9,1g.11gb,yolo-inference-755b67b9bb-nz54p,default,yolo,580.173.02,GPU-d59cb1c4-ad97-d91a-6731-e7b5f38951a6
2026-08-16 03:24:30.051879,94.825,10,1g.11gb,yolo-inference-755b67b9bb-cf854,default,yolo,580.173.02,GPU-d59cb1c4-ad97-d91a-6731-e7b5f38951a6
2026-08-16 03:24:30.051879,94.85,11,1g.11gb,yolo-inference-755b67b9bb-cgztg,default,yolo,580.173.02,GPU-d59cb1c4-ad97-d91a-6731-e7b5f38951a6
2026-08-16 03:24:30.051879,94.945,12,1g.11gb,yolo-inference-755b67b9bb-g6r55,default,yolo,580.173.02,GPU-d59cb1c4-ad97-d91a-6731-e7b5f38951a6
2026-08-16 03:24:30.051879,94.955,13,1g.11gb,,,,580.173.02,GPU-d59cb1c4-ad97-d91a-6731-e7b5f38951a6
2026-08-16 03:24:30.051879,95.043,7,1g.11gb,yolo-inference-755b67b9bb-6qhhl,default,yolo,580.173.02,GPU-d59cb1c4-ad97-d91a-6731-e7b5f38951a6
2026-08-16 03:24:30.051879,94.945,8,1g.11gb,,,,580.173.02,GPU-d59cb1c4-ad97-d91a-6731-e7b5f38951a6
2026-08-16 03:24:30.051879,94.85,9,1g.11gb,yolo-inference-755b67b9bb-nz54p,default,yolo,580.173.02,GPU-d59cb1c4-ad97-d91a-6731-e7b5f38951a6
2026-08-16 03:24:35.055988,94.825,10,1g.11gb,yolo-inference-755b67b9bb-cf854,default,yolo,580.173.02,GPU-d59cb1c4-ad97-d91a-6731-e7b5f38951a6
2026-08-16 03:24:35.055988,94.85,11,1g.11gb,yolo-inference-755b67b9bb-cgztg,default,yolo,580.173.02,GPU-d59cb1c4-ad97-d91a-6731-e7b5f38951a6
2026-08-16 03:24:35.055988,94.945,12,1g.11gb,yolo-inference-755b67b9bb-g6r55,default,yolo,580.173.02,GPU-d59cb1c4-ad97-d91a-6731-e7b5f38951a6
2026-08-16 03:24:35.055988,94.955,13,1g.11gb,,,,580.173.02,GPU-d59cb1c4-ad97-d91a-6731-e7b5f38951a6
2026-08-16 03:24:35.055988,95.043,7,1g.11gb,yolo-inference-755b67b9bb-6qhhl,default,yolo,580.173.02,GPU-d59cb1c4-ad97-d91a-6731-e7b5f38951a6
2026-08-16 03:24:35.055988,94.945,8,1g.11gb,,,,580.173.02,GPU-d59cb1c4-ad97-d91a-6731-e7b5f38951a6
2026-08-16 03:24:35.055988,94.85,9,1g.11gb,yolo-inference-755b67b9bb-nz54p,default,yolo,580.173.02,GPU-d59cb1c4-ad97-d91a-6731-e7b5f38951a6
2026-08-16 03:24:40.055989,94.825,10,1g.11gb,yolo-inference-755b67b9bb-cf854,default,yolo,580.173.02,GPU-d59cb1c4-ad97-d91a-6731-e7b5f38951a6
2026-08-16 03:24:40.055989,94.85,11,1g.11gb,yolo-inference-755b67b9bb-cgztg,default,yolo,580.173.02,GPU-d59cb1c4-ad97-d91a-6731-e7b5f38951a6
2026-08-16 03:24:40.055989,94.945,12,1g.11gb,yolo-inference-755b67b9bb-g6r55,default,yolo,580.173.02,GPU-d59cb1c4-ad97-d91a-6731-e7b5f38951a6
2026-08-16 03:24:40.055989,94.955,13,1g.11gb,,,,580.173.02,GPU-d59cb1c4-ad97-d91a-6731-e7b5f38951a6
2026-08-16 03:24:40.055989,95.043,7,1g.11gb,yolo-inference-755b67b9bb-6qhhl,default,yolo,580.173.02,GPU-d59cb1c4-ad97-d91a-6731-e7b5f38951a6
2026-08-16 03:24:40.055989,94.945,8,1g.11gb,,,,580.173.02,GPU-d59cb1c4-ad97-d91a-6731-e7b5f38951a6
2026-08-16 03:24:40.055989,94.85,9,1g.11gb,yolo-inference-755b67b9bb-nz54p,default,yolo,580.173.02,GPU-d59cb1c4-ad97-d91a-6731-e7b5f38951a6
2026-08-16 03:24:45.055978,94.825,10,1g.11gb,yolo-inference-755b67b9bb-cf854,default,yolo,580.173.02,GPU-d59cb1c4-ad97-d91a-6731-e7b5f38951a6
2026-08-16 03:24:45.055978,94.85,11,1g.11gb,yolo-inference-755b67b9bb-cgztg,default,yolo,580.173.02,GPU-d59cb1c4-ad97-d91a-6731-e7b5f38951a6
2026-08-16 03:24:45.055978,94.945,12,1g.11gb,yolo-inference-755b67b9bb-g6r55,default,yolo,580.173.02,GPU-d59cb1c4-ad97-d91a-6731-e7b5f38951a6
2026-08-16 03:24:45.055978,94.955,13,1g.11gb,,,,580.173.02,GPU-d59cb1c4-ad97-d91a-6731-e7b5f38951a6
2026-08-16 03:24:45.055978,95.043,7,1g.11gb,yolo-inference-755b67b9bb-6qhhl,default,yolo,580.173.02,GPU-d59cb1c4-ad97-d91a-6731-e7b5f38951a6
2026-08-16 03:24:45.055978,94.945,8,1g.11gb,,,,580.173.02,GPU-d59cb1c4-ad97-d91a-6731-e7b5f38951a6
2026-08-16 03:24:45.055978,94.85,9,1g.11gb,yolo-inference-755b67b9bb-nz54p,default,yolo,580.173.02,GPU-d59cb1c4-ad97-d91a-6731-e7b5f38951a6
2026-08-16 03:24:50.056022,94.769,10,1g.11gb,yolo-inference-755b67b9bb-cf854,default,yolo,580.173.02,GPU-d59cb1c4-ad97-d91a-6731-e7b5f38951a6
2026-08-16 03:24:50.056022,94.85,11,1g.11gb,yolo-inference-755b67b9bb-cgztg,default,yolo,580.173.02,GPU-d59cb1c4-ad97-d91a-6731-e7b5f38951a6
2026-08-16 03:24:50.056022,94.945,12,1g.11gb,yolo-inference-755b67b9bb-g6r55,default,yolo,580.173.02,GPU-d59cb1c4-ad97-d91a-6731-e7b5f38951a6
2026-08-16 03:24:50.056022,94.955,13,1g.11gb,,,,580.173.02,GPU-d59cb1c4-ad97-d91a-6731-e7b5f38951a6
2026-08-16 03:24:50.056022,95.043,7,1g.11gb,yolo-inference-755b67b9bb-6qhhl,default,yolo,580.173.02,GPU-d59cb1c4-ad97-d91a-6731-e7b5f38951a6
2026-08-16 03:24:50.056022,94.945,8,1g.11gb,,,,580.173.02,GPU-d59cb1c4-ad97-d91a-6731-e7b5f38951a6
2026-08-16 03:24:50.056022,94.85,9,1g.11gb,yolo-inference-755b67b9bb-nz54p,default,yolo,580.173.02,GPU-d59cb1c4-ad97-d91a-6731-e7b5f38951a6
2026-08-16 03:24:55.055997,94.769,10,1g.11gb,yolo-inference-755b67b9bb-cf854,default,yolo,580.173.02,GPU-d59cb1c4-ad97-d91a-6731-e7b5f38951a6
2026-08-16 03:24:55.055997,94.798,11,1g.11gb,yolo-inference-755b67b9bb-cgztg,default,yolo,580.173.02,GPU-d59cb1c4-ad97-d91a-6731-e7b5f38951a6
2026-08-16 03:24:55.055997,94.958,12,1g.11gb,yolo-inference-755b67b9bb-g6r55,default,yolo,580.173.02,GPU-d59cb1c4-ad97-d91a-6731-e7b5f38951a6
2026-08-16 03:24:55.055997,94.757,13,1g.11gb,,,,580.173.02,GPU-d59cb1c4-ad97-d91a-6731-e7b5f38951a6
2026-08-16 03:24:55.055997,95.01,7,1g.11gb,yolo-inference-755b67b9bb-6qhhl,default,yolo,580.173.02,GPU-d59cb1c4-ad97-d91a-6731-e7b5f38951a6
2026-08-16 03:24:55.055997,94.958,8,1g.11gb,,,,580.173.02,GPU-d59cb1c4-ad97-d91a-6731-e7b5f38951a6
2026-08-16 03:24:55.055997,94.798,9,1g.11gb,yolo-inference-755b67b9bb-nz54p,default,yolo,580.173.02,GPU-d59cb1c4-ad97-d91a-6731-e7b5f38951a6
2026-08-16 03:25:00.054470,94.769,10,1g.11gb,yolo-inference-755b67b9bb-cf854,default,yolo,580.173.02,GPU-d59cb1c4-ad97-d91a-6731-e7b5f38951a6
2026-08-16 03:25:00.054470,94.798,11,1g.11gb,yolo-inference-755b67b9bb-cgztg,default,yolo,580.173.02,GPU-d59cb1c4-ad97-d91a-6731-e7b5f38951a6
2026-08-16 03:25:00.054470,94.958,12,1g.11gb,yolo-inference-755b67b9bb-g6r55,default,yolo,580.173.02,GPU-d59cb1c4-ad97-d91a-6731-e7b5f38951a6
2026-08-16 03:25:00.054470,94.757,13,1g.11gb,,,,580.173.02,GPU-d59cb1c4-ad97-d91a-6731-e7b5f38951a6
2026-08-16 03:25:00.054470,95.01,7,1g.11gb,yolo-inference-755b67b9bb-6qhhl,default,yolo,580.173.02,GPU-d59cb1c4-ad97-d91a-6731-e7b5f38951a6
2026-08-16 03:25:00.054470,94.958,8,1g.11gb,,,,580.173.02,GPU-d59cb1c4-ad97-d91a-6731-e7b5f38951a6
2026-08-16 03:25:00.054470,94.798,9,1g.11gb,yolo-inference-755b67b9bb-nz54p,default,yolo,580.173.02,GPU-d59cb1c4-ad97-d91a-6731-e7b5f38951a6
2026-08-16 03:25:05.054863,94.769,10,1g.11gb,yolo-inference-755b67b9bb-cf854,default,yolo,580.173.02,GPU-d59cb1c4-ad97-d91a-6731-e7b5f38951a6
2026-08-16 03:25:05.054863,94.798,11,1g.11gb,yolo-inference-755b67b9bb-cgztg,default,yolo,580.173.02,GPU-d59cb1c4-ad97-d91a-6731-e7b5f38951a6
2026-08-16 03:25:05.054863,94.958,12,1g.11gb,yolo-inference-755b67b9bb-g6r55,default,yolo,580.173.02,GPU-d59cb1c4-ad97-d91a-6731-e7b5f38951a6
2026-08-16 03:25:05.054863,94.757,13,1g.11gb,,,,580.173.02,GPU-d59cb1c4-ad97-d91a-6731-e7b5f38951a6
2026-08-16 03:25:05.054863,95.01,7,1g.11gb,yolo-inference-755b67b9bb-6qhhl,default,yolo,580.173.02,GPU-d59cb1c4-ad97-d91a-6731-e7b5f38951a6
2026-08-16 03:25:05.054863,94.958,8,1g.11gb,,,,580.173.02,GPU-d59cb1c4-ad97-d91a-6731-e7b5f38951a6
2026-08-16 03:25:05.054863,94.798,9,1g.11gb,yolo-inference-755b67b9bb-nz54p,default,yolo,580.173.02,GPU-d59cb1c4-ad97-d91a-6731-e7b5f38951a6
2026-08-16 03:25:10.055987,94.769,10,1g.11gb,yolo-inference-755b67b9bb-cf854,default,yolo,580.173.02,GPU-d59cb1c4-ad97-d91a-6731-e7b5f38951a6
2026-08-16 03:25:10.055987,94.798,11,1g.11gb,yolo-inference-755b67b9bb-cgztg,default,yolo,580.173.02,GPU-d59cb1c4-ad97-d91a-6731-e7b5f38951a6
2026-08-16 03:25:10.055987,94.958,12,1g.11gb,yolo-inference-755b67b9bb-g6r55,default,yolo,580.173.02,GPU-d59cb1c4-ad97-d91a-6731-e7b5f38951a6
2026-08-16 03:25:10.055987,94.757,13,1g.11gb,,,,580.173.02,GPU-d59cb1c4-ad97-d91a-6731-e7b5f38951a6
2026-08-16 03:25:10.055987,95.01,7,1g.11gb,yolo-inference-755b67b9bb-6qhhl,default,yolo,580.173.02,GPU-d59cb1c4-ad97-d91a-6731-e7b5f38951a6
2026-08-16 03:25:10.055987,94.958,8,1g.11gb,,,,580.173.02,GPU-d59cb1c4-ad97-d91a-6731-e7b5f38951a6
2026-08-16 03:25:10.055987,94.798,9,1g.11gb,yolo-inference-755b67b9bb-nz54p,default,yolo,580.173.02,GPU-d59cb1c4-ad97-d91a-6731-e7b5f38951a6
2026-08-16 03:25:15.056018,94.769,10,1g.11gb,yolo-inference-755b67b9bb-cf854,default,yolo,580.173.02,GPU-d59cb1c4-ad97-d91a-6731-e7b5f38951a6
2026-08-16 03:25:15.056018,94.798,11,1g.11gb,yolo-inference-755b67b9bb-cgztg,default,yolo,580.173.02,GPU-d59cb1c4-ad97-d91a-6731-e7b5f38951a6
2026-08-16 03:25:15.056018,94.958,12,1g.11gb,yolo-inference-755b67b9bb-g6r55,default,yolo,580.173.02,GPU-d59cb1c4-ad97-d91a-6731-e7b5f38951a6
2026-08-16 03:25:15.056018,94.757,13,1g.11gb,,,,580.173.02,GPU-d59cb1c4-ad97-d91a-6731-e7b5f38951a6
2026-08-16 03:25:15.056018,95.01,7,1g.11gb,yolo-inference-755b67b9bb-6qhhl,default,yolo,580.173.02,GPU-d59cb1c4-ad97-d91a-6731-e7b5f38951a6
2026-08-16 03:25:15.056018,94.958,8,1g.11gb,,,,580.173.02,GPU-d59cb1c4-ad97-d91a-6731-e7b5f38951a6
2026-08-16 03:25:15.056018,94.798,9,1g.11gb,yolo-inference-755b67b9bb-nz54p,default,yolo,580.173.02,GPU-d59cb1c4-ad97-d91a-6731-e7b5f38951a6
2026-08-16 03:25:20.055975,94.868,10,1g.11gb,yolo-inference-755b67b9bb-cf854,default,yolo,580.173.02,GPU-d59cb1c4-ad97-d91a-6731-e7b5f38951a6
2026-08-16 03:25:20.055975,94.798,11,1g.11gb,yolo-inference-755b67b9bb-cgztg,default,yolo,580.173.02,GPU-d59cb1c4-ad97-d91a-6731-e7b5f38951a6
2026-08-16 03:25:20.055975,94.958,12,1g.11gb,yolo-inference-755b67b9bb-g6r55,default,yolo,580.173.02,GPU-d59cb1c4-ad97-d91a-6731-e7b5f38951a6
2026-08-16 03:25:20.055975,94.757,13,1g.11gb,,,,580.173.02,GPU-d59cb1c4-ad97-d91a-6731-e7b5f38951a6
2026-08-16 03:25:20.055975,95.01,7,1g.11gb,yolo-inference-755b67b9bb-6qhhl,default,yolo,580.173.02,GPU-d59cb1c4-ad97-d91a-6731-e7b5f38951a6
2026-08-16 03:25:20.055975,94.958,8,1g.11gb,,,,580.173.02,GPU-d59cb1c4-ad97-d91a-6731-e7b5f38951a6
2026-08-16 03:25:20.055975,94.798,9,1g.11gb,yolo-inference-755b67b9bb-nz54p,default,yolo,580.173.02,GPU-d59cb1c4-ad97-d91a-6731-e7b5f38951a6
2026-08-16 03:25:25.055979,94.868,10,1g.11gb,yolo-inference-755b67b9bb-cf854,default,yolo,580.173.02,GPU-d59cb1c4-ad97-d91a-6731-e7b5f38951a6
2026-08-16 03:25:25.055979,94.987,11,1g.11gb,yolo-inference-755b67b9bb-cgztg,default,yolo,580.173.02,GPU-d59cb1c4-ad97-d91a-6731-e7b5f38951a6
2026-08-16 03:25:25.055979,94.811,12,1g.11gb,yolo-inference-755b67b9bb-g6r55,default,yolo,580.173.02,GPU-d59cb1c4-ad97-d91a-6731-e7b5f38951a6
2026-08-16 03:25:25.055979,95.055,13,1g.11gb,,,,580.173.02,GPU-d59cb1c4-ad97-d91a-6731-e7b5f38951a6
2026-08-16 03:25:25.055979,94.788,7,1g.11gb,yolo-inference-755b67b9bb-6qhhl,default,yolo,580.173.02,GPU-d59cb1c4-ad97-d91a-6731-e7b5f38951a6
2026-08-16 03:25:25.055979,94.946,8,1g.11gb,,,,580.173.02,GPU-d59cb1c4-ad97-d91a-6731-e7b5f38951a6
2026-08-16 03:25:25.055979,94.987,9,1g.11gb,yolo-inference-755b67b9bb-nz54p,default,yolo,580.173.02,GPU-d59cb1c4-ad97-d91a-6731-e7b5f38951a6
2026-08-16 03:25:30.053920,94.868,10,1g.11gb,yolo-inference-755b67b9bb-cf854,default,yolo,580.173.02,GPU-d59cb1c4-ad97-d91a-6731-e7b5f38951a6
2026-08-16 03:25:30.053920,94.987,11,1g.11gb,yolo-inference-755b67b9bb-cgztg,default,yolo,580.173.02,GPU-d59cb1c4-ad97-d91a-6731-e7b5f38951a6
2026-08-16 03:25:30.053920,94.811,12,1g.11gb,yolo-inference-755b67b9bb-g6r55,default,yolo,580.173.02,GPU-d59cb1c4-ad97-d91a-6731-e7b5f38951a6
2026-08-16 03:25:30.053920,95.055,13,1g.11gb,,,,580.173.02,GPU-d59cb1c4-ad97-d91a-6731-e7b5f38951a6
2026-08-16 03:25:30.053920,94.788,7,1g.11gb,yolo-inference-755b67b9bb-6qhhl,default,yolo,580.173.02,GPU-d59cb1c4-ad97-d91a-6731-e7b5f38951a6
2026-08-16 03:25:30.053920,94.946,8,1g.11gb,,,,580.173.02,GPU-d59cb1c4-ad97-d91a-6731-e7b5f38951a6
2026-08-16 03:25:30.053920,94.987,9,1g.11gb,yolo-inference-755b67b9bb-nz54p,default,yolo,580.173.02,GPU-d59cb1c4-ad97-d91a-6731-e7b5f38951a6
2026-08-16 03:25:35.052923,94.868,10,1g.11gb,yolo-inference-755b67b9bb-cf854,default,yolo,580.173.02,GPU-d59cb1c4-ad97-d91a-6731-e7b5f38951a6
2026-08-16 03:25:35.052923,94.987,11,1g.11gb,yolo-inference-755b67b9bb-cgztg,default,yolo,580.173.02,GPU-d59cb1c4-ad97-d91a-6731-e7b5f38951a6
2026-08-16 03:25:35.052923,94.811,12,1g.11gb,yolo-inference-755b67b9bb-g6r55,default,yolo,580.173.02,GPU-d59cb1c4-ad97-d91a-6731-e7b5f38951a6
2026-08-16 03:25:35.052923,95.055,13,1g.11gb,,,,580.173.02,GPU-d59cb1c4-ad97-d91a-6731-e7b5f38951a6
2026-08-16 03:25:35.052923,94.788,7,1g.11gb,yolo-inference-755b67b9bb-6qhhl,default,yolo,580.173.02,GPU-d59cb1c4-ad97-d91a-6731-e7b5f38951a6
2026-08-16 03:25:35.052923,94.946,8,1g.11gb,,,,580.173.02,GPU-d59cb1c4-ad97-d91a-6731-e7b5f38951a6
2026-08-16 03:25:35.052923,94.987,9,1g.11gb,yolo-inference-755b67b9bb-nz54p,default,yolo,580.173.02,GPU-d59cb1c4-ad97-d91a-6731-e7b5f38951a6
2026-08-16 03:25:40.054151,94.868,10,1g.11gb,yolo-inference-755b67b9bb-cf854,default,yolo,580.173.02,GPU-d59cb1c4-ad97-d91a-6731-e7b5f38951a6
2026-08-16 03:25:40.054151,94.987,11,1g.11gb,yolo-inference-755b67b9bb-cgztg,default,yolo,580.173.02,GPU-d59cb1c4-ad97-d91a-6731-e7b5f38951a6
2026-08-16 03:25:40.054151,94.811,12,1g.11gb,yolo-inference-755b67b9bb-g6r55,default,yolo,580.173.02,GPU-d59cb1c4-ad97-d91a-6731-e7b5f38951a6
2026-08-16 03:25:40.054151,95.055,13,1g.11gb,,,,580.173.02,GPU-d59cb1c4-ad97-d91a-6731-e7b5f38951a6
2026-08-16 03:25:40.054151,94.788,7,1g.11gb,yolo-inference-755b67b9bb-6qhhl,default,yolo,580.173.02,GPU-d59cb1c4-ad97-d91a-6731-e7b5f38951a6
2026-08-16 03:25:40.054151,94.946,8,1g.11gb,,,,580.173.02,GPU-d59cb1c4-ad97-d91a-6731-e7b5f38951a6
2026-08-16 03:25:40.054151,94.987,9,1g.11gb,yolo-inference-755b67b9bb-nz54p,default,yolo,580.173.02,GPU-d59cb1c4-ad97-d91a-6731-e7b5f38951a6
2026-08-16 03:25:45.056050,94.868,10,1g.11gb,yolo-inference-755b67b9bb-cf854,default,yolo,580.173.02,GPU-d59cb1c4-ad97-d91a-6731-e7b5f38951a6
2026-08-16 03:25:45.056050,94.987,11,1g.11gb,yolo-inference-755b67b9bb-cgztg,default,yolo,580.173.02,GPU-d59cb1c4-ad97-d91a-6731-e7b5f38951a6
2026-08-16 03:25:45.056050,94.811,12,1g.11gb,yolo-inference-755b67b9bb-g6r55,default,yolo,580.173.02,GPU-d59cb1c4-ad97-d91a-6731-e7b5f38951a6
2026-08-16 03:25:45.056050,95.055,13,1g.11gb,,,,580.173.02,GPU-d59cb1c4-ad97-d91a-6731-e7b5f38951a6
2026-08-16 03:25:45.056050,94.788,7,1g.11gb,yolo-inference-755b67b9bb-6qhhl,default,yolo,580.173.02,GPU-d59cb1c4-ad97-d91a-6731-e7b5f38951a6
2026-08-16 03:25:45.056050,94.946,8,1g.11gb,,,,580.173.02,GPU-d59cb1c4-ad97-d91a-6731-e7b5f38951a6
2026-08-16 03:25:45.056050,94.987,9,1g.11gb,yolo-inference-755b67b9bb-nz54p,default,yolo,580.173.02,GPU-d59cb1c4-ad97-d91a-6731-e7b5f38951a6
2026-08-16 03:25:50.054561,94.777,10,1g.11gb,yolo-inference-755b67b9bb-cf854,default,yolo,580.173.02,GPU-d59cb1c4-ad97-d91a-6731-e7b5f38951a6
2026-08-16 03:25:50.054561,94.987,11,1g.11gb,yolo-inference-755b67b9bb-cgztg,default,yolo,580.173.02,GPU-d59cb1c4-ad97-d91a-6731-e7b5f38951a6
2026-08-16 03:25:50.054561,94.811,12,1g.11gb,yolo-inference-755b67b9bb-g6r55,default,yolo,580.173.02,GPU-d59cb1c4-ad97-d91a-6731-e7b5f38951a6
2026-08-16 03:25:50.054561,95.055,13,1g.11gb,,,,580.173.02,GPU-d59cb1c4-ad97-d91a-6731-e7b5f38951a6
2026-08-16 03:25:50.054561,94.788,7,1g.11gb,yolo-inference-755b67b9bb-6qhhl,default,yolo,580.173.02,GPU-d59cb1c4-ad97-d91a-6731-e7b5f38951a6
2026-08-16 03:25:50.054561,94.946,8,1g.11gb,,,,580.173.02,GPU-d59cb1c4-ad97-d91a-6731-e7b5f38951a6
2026-08-16 03:25:50.054561,94.987,9,1g.11gb,yolo-inference-755b67b9bb-nz54p,default,yolo,580.173.02,GPU-d59cb1c4-ad97-d91a-6731-e7b5f38951a6
2026-08-16 03:25:55.055964,94.777,10,1g.11gb,yolo-inference-755b67b9bb-cf854,default,yolo,580.173.02,GPU-d59cb1c4-ad97-d91a-6731-e7b5f38951a6
2026-08-16 03:25:55.055964,94.951,11,1g.11gb,yolo-inference-755b67b9bb-cgztg,default,yolo,580.173.02,GPU-d59cb1c4-ad97-d91a-6731-e7b5f38951a6
2026-08-16 03:25:55.055964,94.753,12,1g.11gb,yolo-inference-755b67b9bb-g6r55,default,yolo,580.173.02,GPU-d59cb1c4-ad97-d91a-6731-e7b5f38951a6
2026-08-16 03:25:55.055964,94.889,13,1g.11gb,,,,580.173.02,GPU-d59cb1c4-ad97-d91a-6731-e7b5f38951a6
2026-08-16 03:25:55.055964,94.848,7,1g.11gb,yolo-inference-755b67b9bb-6qhhl,default,yolo,580.173.02,GPU-d59cb1c4-ad97-d91a-6731-e7b5f38951a6
2026-08-16 03:25:55.055964,94.852,8,1g.11gb,,,,580.173.02,GPU-d59cb1c4-ad97-d91a-6731-e7b5f38951a6
2026-08-16 03:25:55.055964,94.99,9,1g.11gb,yolo-inference-755b67b9bb-nz54p,default,yolo,580.173.02,GPU-d59cb1c4-ad97-d91a-6731-e7b5f38951a6
2026-08-16 03:26:00.055978,94.777,10,1g.11gb,yolo-inference-755b67b9bb-cf854,default,yolo,580.173.02,GPU-d59cb1c4-ad97-d91a-6731-e7b5f38951a6
2026-08-16 03:26:00.055978,94.951,11,1g.11gb,yolo-inference-755b67b9bb-cgztg,default,yolo,580.173.02,GPU-d59cb1c4-ad97-d91a-6731-e7b5f38951a6
2026-08-16 03:26:00.055978,94.753,12,1g.11gb,yolo-inference-755b67b9bb-g6r55,default,yolo,580.173.02,GPU-d59cb1c4-ad97-d91a-6731-e7b5f38951a6
2026-08-16 03:26:00.055978,94.889,13,1g.11gb,,,,580.173.02,GPU-d59cb1c4-ad97-d91a-6731-e7b5f38951a6
2026-08-16 03:26:00.055978,94.848,7,1g.11gb,yolo-inference-755b67b9bb-6qhhl,default,yolo,580.173.02,GPU-d59cb1c4-ad97-d91a-6731-e7b5f38951a6
2026-08-16 03:26:00.055978,94.852,8,1g.11gb,,,,580.173.02,GPU-d59cb1c4-ad97-d91a-6731-e7b5f38951a6
2026-08-16 03:26:00.055978,94.99,9,1g.11gb,yolo-inference-755b67b9bb-nz54p,default,yolo,580.173.02,GPU-d59cb1c4-ad97-d91a-6731-e7b5f38951a6
2026-08-16 03:26:05.055973,94.777,10,1g.11gb,yolo-inference-755b67b9bb-cf854,default,yolo,580.173.02,GPU-d59cb1c4-ad97-d91a-6731-e7b5f38951a6
2026-08-16 03:26:05.055973,94.951,11,1g.11gb,yolo-inference-755b67b9bb-cgztg,default,yolo,580.173.02,GPU-d59cb1c4-ad97-d91a-6731-e7b5f38951a6
2026-08-16 03:26:05.055973,94.753,12,1g.11gb,yolo-inference-755b67b9bb-g6r55,default,yolo,580.173.02,GPU-d59cb1c4-ad97-d91a-6731-e7b5f38951a6
2026-08-16 03:26:05.055973,94.889,13,1g.11gb,,,,580.173.02,GPU-d59cb1c4-ad97-d91a-6731-e7b5f38951a6
2026-08-16 03:26:05.055973,94.848,7,1g.11gb,yolo-inference-755b67b9bb-6qhhl,default,yolo,580.173.02,GPU-d59cb1c4-ad97-d91a-6731-e7b5f38951a6
2026-08-16 03:26:05.055973,94.852,8,1g.11gb,,,,580.173.02,GPU-d59cb1c4-ad97-d91a-6731-e7b5f38951a6
2026-08-16 03:26:05.055973,94.99,9,1g.11gb,yolo-inference-755b67b9bb-nz54p,default,yolo,580.173.02,GPU-d59cb1c4-ad97-d91a-6731-e7b5f38951a6
2026-08-16 03:26:10.055979,94.777,10,1g.11gb,yolo-inference-755b67b9bb-cf854,default,yolo,580.173.02,GPU-d59cb1c4-ad97-d91a-6731-e7b5f38951a6
2026-08-16 03:26:10.055979,94.951,11,1g.11gb,yolo-inference-755b67b9bb-cgztg,default,yolo,580.173.02,GPU-d59cb1c4-ad97-d91a-6731-e7b5f38951a6
2026-08-16 03:26:10.055979,94.753,12,1g.11gb,yolo-inference-755b67b9bb-g6r55,default,yolo,580.173.02,GPU-d59cb1c4-ad97-d91a-6731-e7b5f38951a6
2026-08-16 03:26:10.055979,94.889,13,1g.11gb,,,,580.173.02,GPU-d59cb1c4-ad97-d91a-6731-e7b5f38951a6
2026-08-16 03:26:10.055979,94.848,7,1g.11gb,yolo-inference-755b67b9bb-6qhhl,default,yolo,580.173.02,GPU-d59cb1c4-ad97-d91a-6731-e7b5f38951a6
2026-08-16 03:26:10.055979,94.852,8,1g.11gb,,,,580.173.02,GPU-d59cb1c4-ad97-d91a-6731-e7b5f38951a6
2026-08-16 03:26:10.055979,94.99,9,1g.11gb,yolo-inference-755b67b9bb-nz54p,default,yolo,580.173.02,GPU-d59cb1c4-ad97-d91a-6731-e7b5f38951a6
2026-08-16 03:26:15.056037,94.777,10,1g.11gb,yolo-inference-755b67b9bb-cf854,default,yolo,580.173.02,GPU-d59cb1c4-ad97-d91a-6731-e7b5f38951a6
2026-08-16 03:26:15.056037,94.951,11,1g.11gb,yolo-inference-755b67b9bb-cgztg,default,yolo,580.173.02,GPU-d59cb1c4-ad97-d91a-6731-e7b5f38951a6
2026-08-16 03:26:15.056037,94.753,12,1g.11gb,yolo-inference-755b67b9bb-g6r55,default,yolo,580.173.02,GPU-d59cb1c4-ad97-d91a-6731-e7b5f38951a6
2026-08-16 03:26:15.056037,94.889,13,1g.11gb,,,,580.173.02,GPU-d59cb1c4-ad97-d91a-6731-e7b5f38951a6
2026-08-16 03:26:15.056037,94.848,7,1g.11gb,yolo-inference-755b67b9bb-6qhhl,default,yolo,580.173.02,GPU-d59cb1c4-ad97-d91a-6731-e7b5f38951a6
2026-08-16 03:26:15.056037,94.852,8,1g.11gb,,,,580.173.02,GPU-d59cb1c4-ad97-d91a-6731-e7b5f38951a6
2026-08-16 03:26:15.056037,94.99,9,1g.11gb,yolo-inference-755b67b9bb-nz54p,default,yolo,580.173.02,GPU-d59cb1c4-ad97-d91a-6731-e7b5f38951a6
2026-08-16 03:26:20.054731,94.908,10,1g.11gb,yolo-inference-755b67b9bb-cf854,default,yolo,580.173.02,GPU-d59cb1c4-ad97-d91a-6731-e7b5f38951a6
2026-08-16 03:26:20.054731,94.951,11,1g.11gb,yolo-inference-755b67b9bb-cgztg,default,yolo,580.173.02,GPU-d59cb1c4-ad97-d91a-6731-e7b5f38951a6
2026-08-16 03:26:20.054731,94.753,12,1g.11gb,yolo-inference-755b67b9bb-g6r55,default,yolo,580.173.02,GPU-d59cb1c4-ad97-d91a-6731-e7b5f38951a6
2026-08-16 03:26:20.054731,94.889,13,1g.11gb,,,,580.173.02,GPU-d59cb1c4-ad97-d91a-6731-e7b5f38951a6
2026-08-16 03:26:20.054731,94.848,7,1g.11gb,yolo-inference-755b67b9bb-6qhhl,default,yolo,580.173.02,GPU-d59cb1c4-ad97-d91a-6731-e7b5f38951a6
2026-08-16 03:26:20.054731,94.852,8,1g.11gb,,,,580.173.02,GPU-d59cb1c4-ad97-d91a-6731-e7b5f38951a6
2026-08-16 03:26:20.054731,94.99,9,1g.11gb,yolo-inference-755b67b9bb-nz54p,default,yolo,580.173.02,GPU-d59cb1c4-ad97-d91a-6731-e7b5f38951a6
2026-08-16 03:26:25.052363,94.908,10,1g.11gb,yolo-inference-755b67b9bb-cf854,default,yolo,580.173.02,GPU-d59cb1c4-ad97-d91a-6731-e7b5f38951a6
2026-08-16 03:26:25.052363,94.937,11,1g.11gb,yolo-inference-755b67b9bb-cgztg,default,yolo,580.173.02,GPU-d59cb1c4-ad97-d91a-6731-e7b5f38951a6
2026-08-16 03:26:25.052363,94.935,12,1g.11gb,yolo-inference-755b67b9bb-g6r55,default,yolo,580.173.02,GPU-d59cb1c4-ad97-d91a-6731-e7b5f38951a6
2026-08-16 03:26:25.052363,94.937,13,1g.11gb,,,,580.173.02,GPU-d59cb1c4-ad97-d91a-6731-e7b5f38951a6
2026-08-16 03:26:25.052363,94.956,7,1g.11gb,yolo-inference-755b67b9bb-6qhhl,default,yolo,580.173.02,GPU-d59cb1c4-ad97-d91a-6731-e7b5f38951a6
2026-08-16 03:26:25.052363,94.955,8,1g.11gb,,,,580.173.02,GPU-d59cb1c4-ad97-d91a-6731-e7b5f38951a6
2026-08-16 03:26:25.052363,94.837,9,1g.11gb,yolo-inference-755b67b9bb-nz54p,default,yolo,580.173.02,GPU-d59cb1c4-ad97-d91a-6731-e7b5f38951a6
2026-08-16 03:26:30.055988,94.908,10,1g.11gb,yolo-inference-755b67b9bb-cf854,default,yolo,580.173.02,GPU-d59cb1c4-ad97-d91a-6731-e7b5f38951a6
2026-08-16 03:26:30.055988,94.937,11,1g.11gb,yolo-inference-755b67b9bb-cgztg,default,yolo,580.173.02,GPU-d59cb1c4-ad97-d91a-6731-e7b5f38951a6
2026-08-16 03:26:30.055988,94.935,12,1g.11gb,yolo-inference-755b67b9bb-g6r55,default,yolo,580.173.02,GPU-d59cb1c4-ad97-d91a-6731-e7b5f38951a6
2026-08-16 03:26:30.055988,94.937,13,1g.11gb,,,,580.173.02,GPU-d59cb1c4-ad97-d91a-6731-e7b5f38951a6
2026-08-16 03:26:30.055988,94.956,7,1g.11gb,yolo-inference-755b67b9bb-6qhhl,default,yolo,580.173.02,GPU-d59cb1c4-ad97-d91a-6731-e7b5f38951a6
2026-08-16 03:26:30.055988,94.955,8,1g.11gb,,,,580.173.02,GPU-d59cb1c4-ad97-d91a-6731-e7b5f38951a6
2026-08-16 03:26:30.055988,94.837,9,1g.11gb,yolo-inference-755b67b9bb-nz54p,default,yolo,580.173.02,GPU-d59cb1c4-ad97-d91a-6731-e7b5f38951a6
2026-08-16 03:26:35.055993,94.908,10,1g.11gb,yolo-inference-755b67b9bb-cf854,default,yolo,580.173.02,GPU-d59cb1c4-ad97-d91a-6731-e7b5f38951a6
2026-08-16 03:26:35.055993,94.937,11,1g.11gb,yolo-inference-755b67b9bb-cgztg,default,yolo,580.173.02,GPU-d59cb1c4-ad97-d91a-6731-e7b5f38951a6
2026-08-16 03:26:35.055993,94.935,12,1g.11gb,yolo-inference-755b67b9bb-g6r55,default,yolo,580.173.02,GPU-d59cb1c4-ad97-d91a-6731-e7b5f38951a6
2026-08-16 03:26:35.055993,94.937,13,1g.11gb,,,,580.173.02,GPU-d59cb1c4-ad97-d91a-6731-e7b5f38951a6
2026-08-16 03:26:35.055993,94.956,7,1g.11gb,yolo-inference-755b67b9bb-6qhhl,default,yolo,580.173.02,GPU-d59cb1c4-ad97-d91a-6731-e7b5f38951a6
2026-08-16 03:26:35.055993,94.955,8,1g.11gb,,,,580.173.02,GPU-d59cb1c4-ad97-d91a-6731-e7b5f38951a6
2026-08-16 03:26:35.055993,94.837,9,1g.11gb,yolo-inference-755b67b9bb-nz54p,default,yolo,580.173.02,GPU-d59cb1c4-ad97-d91a-6731-e7b5f38951a6
2026-08-16 03:26:40.054274,94.908,10,1g.11gb,yolo-inference-755b67b9bb-cf854,default,yolo,580.173.02,GPU-d59cb1c4-ad97-d91a-6731-e7b5f38951a6
2026-08-16 03:26:40.054274,94.937,11,1g.11gb,yolo-inference-755b67b9bb-cgztg,default,yolo,580.173.02,GPU-d59cb1c4-ad97-d91a-6731-e7b5f38951a6
2026-08-16 03:26:40.054274,94.935,12,1g.11gb,yolo-inference-755b67b9bb-g6r55,default,yolo,580.173.02,GPU-d59cb1c4-ad97-d91a-6731-e7b5f38951a6
2026-08-16 03:26:40.054274,94.937,13,1g.11gb,,,,580.173.02,GPU-d59cb1c4-ad97-d91a-6731-e7b5f38951a6
2026-08-16 03:26:40.054274,94.956,7,1g.11gb,yolo-inference-755b67b9bb-6qhhl,default,yolo,580.173.02,GPU-d59cb1c4-ad97-d91a-6731-e7b5f38951a6
2026-08-16 03:26:40.054274,94.955,8,1g.11gb,,,,580.173.02,GPU-d59cb1c4-ad97-d91a-6731-e7b5f38951a6
2026-08-16 03:26:40.054274,94.837,9,1g.11gb,yolo-inference-755b67b9bb-nz54p,default,yolo,580.173.02,GPU-d59cb1c4-ad97-d91a-6731-e7b5f38951a6
2026-08-16 03:26:45.053726,94.908,10,1g.11gb,yolo-inference-755b67b9bb-cf854,default,yolo,580.173.02,GPU-d59cb1c4-ad97-d91a-6731-e7b5f38951a6
2026-08-16 03:26:45.053726,94.937,11,1g.11gb,yolo-inference-755b67b9bb-cgztg,default,yolo,580.173.02,GPU-d59cb1c4-ad97-d91a-6731-e7b5f38951a6
2026-08-16 03:26:45.053726,94.935,12,1g.11gb,yolo-inference-755b67b9bb-g6r55,default,yolo,580.173.02,GPU-d59cb1c4-ad97-d91a-6731-e7b5f38951a6
2026-08-16 03:26:45.053726,94.937,13,1g.11gb,,,,580.173.02,GPU-d59cb1c4-ad97-d91a-6731-e7b5f38951a6
2026-08-16 03:26:45.053726,94.956,7,1g.11gb,yolo-inference-755b67b9bb-6qhhl,default,yolo,580.173.02,GPU-d59cb1c4-ad97-d91a-6731-e7b5f38951a6
2026-08-16 03:26:45.053726,94.955,8,1g.11gb,,,,580.173.02,GPU-d59cb1c4-ad97-d91a-6731-e7b5f38951a6
2026-08-16 03:26:45.053726,94.837,9,1g.11gb,yolo-inference-755b67b9bb-nz54p,default,yolo,580.173.02,GPU-d59cb1c4-ad97-d91a-6731-e7b5f38951a6
2026-08-16 03:26:50.052990,95.873,10,1g.11gb,yolo-inference-755b67b9bb-cf854,default,yolo,580.173.02,GPU-d59cb1c4-ad97-d91a-6731-e7b5f38951a6
2026-08-16 03:26:50.052990,94.937,11,1g.11gb,yolo-inference-755b67b9bb-cgztg,default,yolo,580.173.02,GPU-d59cb1c4-ad97-d91a-6731-e7b5f38951a6
2026-08-16 03:26:50.052990,94.935,12,1g.11gb,yolo-inference-755b67b9bb-g6r55,default,yolo,580.173.02,GPU-d59cb1c4-ad97-d91a-6731-e7b5f38951a6
2026-08-16 03:26:50.052990,94.937,13,1g.11gb,,,,580.173.02,GPU-d59cb1c4-ad97-d91a-6731-e7b5f38951a6
2026-08-16 03:26:50.052990,94.956,7,1g.11gb,yolo-inference-755b67b9bb-6qhhl,default,yolo,580.173.02,GPU-d59cb1c4-ad97-d91a-6731-e7b5f38951a6
2026-08-16 03:26:50.052990,94.955,8,1g.11gb,,,,580.173.02,GPU-d59cb1c4-ad97-d91a-6731-e7b5f38951a6
2026-08-16 03:26:50.052990,94.837,9,1g.11gb,yolo-inference-755b67b9bb-nz54p,default,yolo,580.173.02,GPU-d59cb1c4-ad97-d91a-6731-e7b5f38951a6
2026-08-16 03:26:55.056019,95.873,10,1g.11gb,yolo-inference-755b67b9bb-cf854,default,yolo,580.173.02,GPU-d59cb1c4-ad97-d91a-6731-e7b5f38951a6
2026-08-16 03:26:55.056019,96.34,11,1g.11gb,yolo-inference-755b67b9bb-cgztg,default,yolo,580.173.02,GPU-d59cb1c4-ad97-d91a-6731-e7b5f38951a6
2026-08-16 03:26:55.056019,95.572,12,1g.11gb,yolo-inference-755b67b9bb-g6r55,default,yolo,580.173.02,GPU-d59cb1c4-ad97-d91a-6731-e7b5f38951a6
2026-08-16 03:26:55.056019,96.34,13,1g.11gb,,,,580.173.02,GPU-d59cb1c4-ad97-d91a-6731-e7b5f38951a6
2026-08-16 03:26:55.056019,95.326,7,1g.11gb,yolo-inference-755b67b9bb-6qhhl,default,yolo,580.173.02,GPU-d59cb1c4-ad97-d91a-6731-e7b5f38951a6
2026-08-16 03:26:55.056019,95.831,8,1g.11gb,,,,580.173.02,GPU-d59cb1c4-ad97-d91a-6731-e7b5f38951a6
2026-08-16 03:26:55.056019,96.274,9,1g.11gb,yolo-inference-755b67b9bb-nz54p,default,yolo,580.173.02,GPU-d59cb1c4-ad97-d91a-6731-e7b5f38951a6
2026-08-16 03:27:00.053950,95.873,10,1g.11gb,yolo-inference-755b67b9bb-cf854,default,yolo,580.173.02,GPU-d59cb1c4-ad97-d91a-6731-e7b5f38951a6
2026-08-16 03:27:00.053950,96.34,11,1g.11gb,yolo-inference-755b67b9bb-cgztg,default,yolo,580.173.02,GPU-d59cb1c4-ad97-d91a-6731-e7b5f38951a6
2026-08-16 03:27:00.053950,95.572,12,1g.11gb,yolo-inference-755b67b9bb-g6r55,default,yolo,580.173.02,GPU-d59cb1c4-ad97-d91a-6731-e7b5f38951a6
2026-08-16 03:27:00.053950,96.34,13,1g.11gb,,,,580.173.02,GPU-d59cb1c4-ad97-d91a-6731-e7b5f38951a6
2026-08-16 03:27:00.053950,95.326,7,1g.11gb,yolo-inference-755b67b9bb-6qhhl,default,yolo,580.173.02,GPU-d59cb1c4-ad97-d91a-6731-e7b5f38951a6
2026-08-16 03:27:00.053950,95.831,8,1g.11gb,,,,580.173.02,GPU-d59cb1c4-ad97-d91a-6731-e7b5f38951a6
2026-08-16 03:27:00.053950,96.274,9,1g.11gb,yolo-inference-755b67b9bb-nz54p,default,yolo,580.173.02,GPU-d59cb1c4-ad97-d91a-6731-e7b5f38951a6
2026-08-16 03:27:05.055977,95.873,10,1g.11gb,yolo-inference-755b67b9bb-cf854,default,yolo,580.173.02,GPU-d59cb1c4-ad97-d91a-6731-e7b5f38951a6
2026-08-16 03:27:05.055977,96.34,11,1g.11gb,yolo-inference-755b67b9bb-cgztg,default,yolo,580.173.02,GPU-d59cb1c4-ad97-d91a-6731-e7b5f38951a6
2026-08-16 03:27:05.055977,95.572,12,1g.11gb,yolo-inference-755b67b9bb-g6r55,default,yolo,580.173.02,GPU-d59cb1c4-ad97-d91a-6731-e7b5f38951a6
2026-08-16 03:27:05.055977,96.34,13,1g.11gb,,,,580.173.02,GPU-d59cb1c4-ad97-d91a-6731-e7b5f38951a6
2026-08-16 03:27:05.055977,95.326,7,1g.11gb,yolo-inference-755b67b9bb-6qhhl,default,yolo,580.173.02,GPU-d59cb1c4-ad97-d91a-6731-e7b5f38951a6
2026-08-16 03:27:05.055977,95.831,8,1g.11gb,,,,580.173.02,GPU-d59cb1c4-ad97-d91a-6731-e7b5f38951a6
2026-08-16 03:27:05.055977,96.274,9,1g.11gb,yolo-inference-755b67b9bb-nz54p,default,yolo,580.173.02,GPU-d59cb1c4-ad97-d91a-6731-e7b5f38951a6
2026-08-16 03:27:10.055988,95.873,10,1g.11gb,yolo-inference-755b67b9bb-cf854,default,yolo,580.173.02,GPU-d59cb1c4-ad97-d91a-6731-e7b5f38951a6
2026-08-16 03:27:10.055988,96.34,11,1g.11gb,yolo-inference-755b67b9bb-cgztg,default,yolo,580.173.02,GPU-d59cb1c4-ad97-d91a-6731-e7b5f38951a6
2026-08-16 03:27:10.055988,95.572,12,1g.11gb,yolo-inference-755b67b9bb-g6r55,default,yolo,580.173.02,GPU-d59cb1c4-ad97-d91a-6731-e7b5f38951a6
2026-08-16 03:27:10.055988,96.34,13,1g.11gb,,,,580.173.02,GPU-d59cb1c4-ad97-d91a-6731-e7b5f38951a6
2026-08-16 03:27:10.055988,95.326,7,1g.11gb,yolo-inference-755b67b9bb-6qhhl,default,yolo,580.173.02,GPU-d59cb1c4-ad97-d91a-6731-e7b5f38951a6
2026-08-16 03:27:10.055988,95.831,8,1g.11gb,,,,580.173.02,GPU-d59cb1c4-ad97-d91a-6731-e7b5f38951a6
2026-08-16 03:27:10.055988,96.274,9,1g.11gb,yolo-inference-755b67b9bb-nz54p,default,yolo,580.173.02,GPU-d59cb1c4-ad97-d91a-6731-e7b5f38951a6
2026-08-16 03:27:15.056018,95.873,10,1g.11gb,yolo-inference-755b67b9bb-cf854,default,yolo,580.173.02,GPU-d59cb1c4-ad97-d91a-6731-e7b5f38951a6
2026-08-16 03:27:15.056018,96.34,11,1g.11gb,yolo-inference-755b67b9bb-cgztg,default,yolo,580.173.02,GPU-d59cb1c4-ad97-d91a-6731-e7b5f38951a6
2026-08-16 03:27:15.056018,95.572,12,1g.11gb,yolo-inference-755b67b9bb-g6r55,default,yolo,580.173.02,GPU-d59cb1c4-ad97-d91a-6731-e7b5f38951a6
2026-08-16 03:27:15.056018,96.34,13,1g.11gb,,,,580.173.02,GPU-d59cb1c4-ad97-d91a-6731-e7b5f38951a6
2026-08-16 03:27:15.056018,95.326,7,1g.11gb,yolo-inference-755b67b9bb-6qhhl,default,yolo,580.173.02,GPU-d59cb1c4-ad97-d91a-6731-e7b5f38951a6
2026-08-16 03:27:15.056018,95.831,8,1g.11gb,,,,580.173.02,GPU-d59cb1c4-ad97-d91a-6731-e7b5f38951a6
2026-08-16 03:27:15.056018,96.274,9,1g.11gb,yolo-inference-755b67b9bb-nz54p,default,yolo,580.173.02,GPU-d59cb1c4-ad97-d91a-6731-e7b5f38951a6
2026-08-16 03:27:20.054256,96.018,10,1g.11gb,yolo-inference-755b67b9bb-cf854,default,yolo,580.173.02,GPU-d59cb1c4-ad97-d91a-6731-e7b5f38951a6
2026-08-16 03:27:20.054256,96.34,11,1g.11gb,yolo-inference-755b67b9bb-cgztg,default,yolo,580.173.02,GPU-d59cb1c4-ad97-d91a-6731-e7b5f38951a6
2026-08-16 03:27:20.054256,95.572,12,1g.11gb,yolo-inference-755b67b9bb-g6r55,default,yolo,580.173.02,GPU-d59cb1c4-ad97-d91a-6731-e7b5f38951a6
2026-08-16 03:27:20.054256,96.34,13,1g.11gb,,,,580.173.02,GPU-d59cb1c4-ad97-d91a-6731-e7b5f38951a6
2026-08-16 03:27:20.054256,95.326,7,1g.11gb,yolo-inference-755b67b9bb-6qhhl,default,yolo,580.173.02,GPU-d59cb1c4-ad97-d91a-6731-e7b5f38951a6
2026-08-16 03:27:20.054256,95.831,8,1g.11gb,,,,580.173.02,GPU-d59cb1c4-ad97-d91a-6731-e7b5f38951a6
2026-08-16 03:27:20.054256,96.274,9,1g.11gb,yolo-inference-755b67b9bb-nz54p,default,yolo,580.173.02,GPU-d59cb1c4-ad97-d91a-6731-e7b5f38951a6
2026-08-16 03:27:25.052751,96.018,10,1g.11gb,yolo-inference-755b67b9bb-cf854,default,yolo,580.173.02,GPU-d59cb1c4-ad97-d91a-6731-e7b5f38951a6
2026-08-16 03:27:25.052751,96.122,11,1g.11gb,yolo-inference-755b67b9bb-cgztg,default,yolo,580.173.02,GPU-d59cb1c4-ad97-d91a-6731-e7b5f38951a6
2026-08-16 03:27:25.052751,95.766,12,1g.11gb,yolo-inference-755b67b9bb-g6r55,default,yolo,580.173.02,GPU-d59cb1c4-ad97-d91a-6731-e7b5f38951a6
2026-08-16 03:27:25.052751,95.969,13,1g.11gb,,,,580.173.02,GPU-d59cb1c4-ad97-d91a-6731-e7b5f38951a6
2026-08-16 03:27:25.052751,95.671,7,1g.11gb,yolo-inference-755b67b9bb-6qhhl,default,yolo,580.173.02,GPU-d59cb1c4-ad97-d91a-6731-e7b5f38951a6
2026-08-16 03:27:25.052751,95.766,8,1g.11gb,,,,580.173.02,GPU-d59cb1c4-ad97-d91a-6731-e7b5f38951a6
2026-08-16 03:27:25.052751,96.122,9,1g.11gb,yolo-inference-755b67b9bb-nz54p,default,yolo,580.173.02,GPU-d59cb1c4-ad97-d91a-6731-e7b5f38951a6
2026-08-16 03:27:30.055944,96.018,10,1g.11gb,yolo-inference-755b67b9bb-cf854,default,yolo,580.173.02,GPU-d59cb1c4-ad97-d91a-6731-e7b5f38951a6
2026-08-16 03:27:30.055944,96.122,11,1g.11gb,yolo-inference-755b67b9bb-cgztg,default,yolo,580.173.02,GPU-d59cb1c4-ad97-d91a-6731-e7b5f38951a6
2026-08-16 03:27:30.055944,95.766,12,1g.11gb,yolo-inference-755b67b9bb-g6r55,default,yolo,580.173.02,GPU-d59cb1c4-ad97-d91a-6731-e7b5f38951a6
2026-08-16 03:27:30.055944,95.969,13,1g.11gb,,,,580.173.02,GPU-d59cb1c4-ad97-d91a-6731-e7b5f38951a6
2026-08-16 03:27:30.055944,95.671,7,1g.11gb,yolo-inference-755b67b9bb-6qhhl,default,yolo,580.173.02,GPU-d59cb1c4-ad97-d91a-6731-e7b5f38951a6
2026-08-16 03:27:30.055944,95.766,8,1g.11gb,,,,580.173.02,GPU-d59cb1c4-ad97-d91a-6731-e7b5f38951a6
2026-08-16 03:27:30.055944,96.122,9,1g.11gb,yolo-inference-755b67b9bb-nz54p,default,yolo,580.173.02,GPU-d59cb1c4-ad97-d91a-6731-e7b5f38951a6
2026-08-16 03:27:35.051530,96.018,10,1g.11gb,yolo-inference-755b67b9bb-cf854,default,yolo,580.173.02,GPU-d59cb1c4-ad97-d91a-6731-e7b5f38951a6
2026-08-16 03:27:35.051530,96.122,11,1g.11gb,yolo-inference-755b67b9bb-cgztg,default,yolo,580.173.02,GPU-d59cb1c4-ad97-d91a-6731-e7b5f38951a6
2026-08-16 03:27:35.051530,95.766,12,1g.11gb,yolo-inference-755b67b9bb-g6r55,default,yolo,580.173.02,GPU-d59cb1c4-ad97-d91a-6731-e7b5f38951a6
2026-08-16 03:27:35.051530,95.969,13,1g.11gb,,,,580.173.02,GPU-d59cb1c4-ad97-d91a-6731-e7b5f38951a6
2026-08-16 03:27:35.051530,95.671,7,1g.11gb,yolo-inference-755b67b9bb-6qhhl,default,yolo,580.173.02,GPU-d59cb1c4-ad97-d91a-6731-e7b5f38951a6
2026-08-16 03:27:35.051530,95.766,8,1g.11gb,,,,580.173.02,GPU-d59cb1c4-ad97-d91a-6731-e7b5f38951a6
2026-08-16 03:27:35.051530,96.122,9,1g.11gb,yolo-inference-755b67b9bb-nz54p,default,yolo,580.173.02,GPU-d59cb1c4-ad97-d91a-6731-e7b5f38951a6
2026-08-16 03:27:40.055198,96.018,10,1g.11gb,yolo-inference-755b67b9bb-cf854,default,yolo,580.173.02,GPU-d59cb1c4-ad97-d91a-6731-e7b5f38951a6
2026-08-16 03:27:40.055198,96.122,11,1g.11gb,yolo-inference-755b67b9bb-cgztg,default,yolo,580.173.02,GPU-d59cb1c4-ad97-d91a-6731-e7b5f38951a6
2026-08-16 03:27:40.055198,95.766,12,1g.11gb,yolo-inference-755b67b9bb-g6r55,default,yolo,580.173.02,GPU-d59cb1c4-ad97-d91a-6731-e7b5f38951a6
2026-08-16 03:27:40.055198,95.969,13,1g.11gb,,,,580.173.02,GPU-d59cb1c4-ad97-d91a-6731-e7b5f38951a6
2026-08-16 03:27:40.055198,95.671,7,1g.11gb,yolo-inference-755b67b9bb-6qhhl,default,yolo,580.173.02,GPU-d59cb1c4-ad97-d91a-6731-e7b5f38951a6
2026-08-16 03:27:40.055198,95.766,8,1g.11gb,,,,580.173.02,GPU-d59cb1c4-ad97-d91a-6731-e7b5f38951a6
2026-08-16 03:27:40.055198,96.122,9,1g.11gb,yolo-inference-755b67b9bb-nz54p,default,yolo,580.173.02,GPU-d59cb1c4-ad97-d91a-6731-e7b5f38951a6
2026-08-16 03:27:45.054990,96.018,10,1g.11gb,yolo-inference-755b67b9bb-cf854,default,yolo,580.173.02,GPU-d59cb1c4-ad97-d91a-6731-e7b5f38951a6
2026-08-16 03:27:45.054990,96.122,11,1g.11gb,yolo-inference-755b67b9bb-cgztg,default,yolo,580.173.02,GPU-d59cb1c4-ad97-d91a-6731-e7b5f38951a6
2026-08-16 03:27:45.054990,95.766,12,1g.11gb,yolo-inference-755b67b9bb-g6r55,default,yolo,580.173.02,GPU-d59cb1c4-ad97-d91a-6731-e7b5f38951a6
2026-08-16 03:27:45.054990,95.969,13,1g.11gb,,,,580.173.02,GPU-d59cb1c4-ad97-d91a-6731-e7b5f38951a6
2026-08-16 03:27:45.054990,95.671,7,1g.11gb,yolo-inference-755b67b9bb-6qhhl,default,yolo,580.173.02,GPU-d59cb1c4-ad97-d91a-6731-e7b5f38951a6
2026-08-16 03:27:45.054990,95.766,8,1g.11gb,,,,580.173.02,GPU-d59cb1c4-ad97-d91a-6731-e7b5f38951a6
2026-08-16 03:27:45.054990,96.122,9,1g.11gb,yolo-inference-755b67b9bb-nz54p,default,yolo,580.173.02,GPU-d59cb1c4-ad97-d91a-6731-e7b5f38951a6
2026-08-16 03:27:50.055973,96.177,10,1g.11gb,yolo-inference-755b67b9bb-cf854,default,yolo,580.173.02,GPU-d59cb1c4-ad97-d91a-6731-e7b5f38951a6
2026-08-16 03:27:50.055973,96.122,11,1g.11gb,yolo-inference-755b67b9bb-cgztg,default,yolo,580.173.02,GPU-d59cb1c4-ad97-d91a-6731-e7b5f38951a6
2026-08-16 03:27:50.055973,95.766,12,1g.11gb,yolo-inference-755b67b9bb-g6r55,default,yolo,580.173.02,GPU-d59cb1c4-ad97-d91a-6731-e7b5f38951a6
2026-08-16 03:27:50.055973,95.969,13,1g.11gb,,,,580.173.02,GPU-d59cb1c4-ad97-d91a-6731-e7b5f38951a6
2026-08-16 03:27:50.055973,95.671,7,1g.11gb,yolo-inference-755b67b9bb-6qhhl,default,yolo,580.173.02,GPU-d59cb1c4-ad97-d91a-6731-e7b5f38951a6
2026-08-16 03:27:50.055973,95.766,8,1g.11gb,,,,580.173.02,GPU-d59cb1c4-ad97-d91a-6731-e7b5f38951a6
2026-08-16 03:27:50.055973,96.122,9,1g.11gb,yolo-inference-755b67b9bb-nz54p,default,yolo,580.173.02,GPU-d59cb1c4-ad97-d91a-6731-e7b5f38951a6
2026-08-16 03:27:55.055997,96.177,10,1g.11gb,yolo-inference-755b67b9bb-cf854,default,yolo,580.173.02,GPU-d59cb1c4-ad97-d91a-6731-e7b5f38951a6
2026-08-16 03:27:55.055997,96.049,11,1g.11gb,yolo-inference-755b67b9bb-cgztg,default,yolo,580.173.02,GPU-d59cb1c4-ad97-d91a-6731-e7b5f38951a6
2026-08-16 03:27:55.055997,95.767,12,1g.11gb,yolo-inference-755b67b9bb-g6r55,default,yolo,580.173.02,GPU-d59cb1c4-ad97-d91a-6731-e7b5f38951a6
2026-08-16 03:27:55.055997,96.071,13,1g.11gb,,,,580.173.02,GPU-d59cb1c4-ad97-d91a-6731-e7b5f38951a6
2026-08-16 03:27:55.055997,95.889,7,1g.11gb,yolo-inference-755b67b9bb-6qhhl,default,yolo,580.173.02,GPU-d59cb1c4-ad97-d91a-6731-e7b5f38951a6
2026-08-16 03:27:55.055997,95.767,8,1g.11gb,,,,580.173.02,GPU-d59cb1c4-ad97-d91a-6731-e7b5f38951a6
2026-08-16 03:27:55.055997,96.049,9,1g.11gb,yolo-inference-755b67b9bb-nz54p,default,yolo,580.173.02,GPU-d59cb1c4-ad97-d91a-6731-e7b5f38951a6
2026-08-16 03:28:00.053583,96.177,10,1g.11gb,yolo-inference-755b67b9bb-cf854,default,yolo,580.173.02,GPU-d59cb1c4-ad97-d91a-6731-e7b5f38951a6
2026-08-16 03:28:00.053583,96.049,11,1g.11gb,yolo-inference-755b67b9bb-cgztg,default,yolo,580.173.02,GPU-d59cb1c4-ad97-d91a-6731-e7b5f38951a6
2026-08-16 03:28:00.053583,95.767,12,1g.11gb,yolo-inference-755b67b9bb-g6r55,default,yolo,580.173.02,GPU-d59cb1c4-ad97-d91a-6731-e7b5f38951a6
2026-08-16 03:28:00.053583,96.071,13,1g.11gb,,,,580.173.02,GPU-d59cb1c4-ad97-d91a-6731-e7b5f38951a6
2026-08-16 03:28:00.053583,95.889,7,1g.11gb,yolo-inference-755b67b9bb-6qhhl,default,yolo,580.173.02,GPU-d59cb1c4-ad97-d91a-6731-e7b5f38951a6
2026-08-16 03:28:00.053583,95.767,8,1g.11gb,,,,580.173.02,GPU-d59cb1c4-ad97-d91a-6731-e7b5f38951a6
2026-08-16 03:28:00.053583,96.049,9,1g.11gb,yolo-inference-755b67b9bb-nz54p,default,yolo,580.173.02,GPU-d59cb1c4-ad97-d91a-6731-e7b5f38951a6
2026-08-16 03:28:05.055983,96.177,10,1g.11gb,yolo-inference-755b67b9bb-cf854,default,yolo,580.173.02,GPU-d59cb1c4-ad97-d91a-6731-e7b5f38951a6
2026-08-16 03:28:05.055983,96.049,11,1g.11gb,yolo-inference-755b67b9bb-cgztg,default,yolo,580.173.02,GPU-d59cb1c4-ad97-d91a-6731-e7b5f38951a6
2026-08-16 03:28:05.055983,95.767,12,1g.11gb,yolo-inference-755b67b9bb-g6r55,default,yolo,580.173.02,GPU-d59cb1c4-ad97-d91a-6731-e7b5f38951a6
2026-08-16 03:28:05.055983,96.071,13,1g.11gb,,,,580.173.02,GPU-d59cb1c4-ad97-d91a-6731-e7b5f38951a6
2026-08-16 03:28:05.055983,95.889,7,1g.11gb,yolo-inference-755b67b9bb-6qhhl,default,yolo,580.173.02,GPU-d59cb1c4-ad97-d91a-6731-e7b5f38951a6
2026-08-16 03:28:05.055983,95.767,8,1g.11gb,,,,580.173.02,GPU-d59cb1c4-ad97-d91a-6731-e7b5f38951a6
2026-08-16 03:28:05.055983,96.049,9,1g.11gb,yolo-inference-755b67b9bb-nz54p,default,yolo,580.173.02,GPU-d59cb1c4-ad97-d91a-6731-e7b5f38951a6
2026-08-16 03:28:10.055953,96.177,10,1g.11gb,yolo-inference-755b67b9bb-cf854,default,yolo,580.173.02,GPU-d59cb1c4-ad97-d91a-6731-e7b5f38951a6
2026-08-16 03:28:10.055953,96.049,11,1g.11gb,yolo-inference-755b67b9bb-cgztg,default,yolo,580.173.02,GPU-d59cb1c4-ad97-d91a-6731-e7b5f38951a6
2026-08-16 03:28:10.055953,95.767,12,1g.11gb,yolo-inference-755b67b9bb-g6r55,default,yolo,580.173.02,GPU-d59cb1c4-ad97-d91a-6731-e7b5f38951a6
2026-08-16 03:28:10.055953,96.071,13,1g.11gb,,,,580.173.02,GPU-d59cb1c4-ad97-d91a-6731-e7b5f38951a6
2026-08-16 03:28:10.055953,95.889,7,1g.11gb,yolo-inference-755b67b9bb-6qhhl,default,yolo,580.173.02,GPU-d59cb1c4-ad97-d91a-6731-e7b5f38951a6
2026-08-16 03:28:10.055953,95.767,8,1g.11gb,,,,580.173.02,GPU-d59cb1c4-ad97-d91a-6731-e7b5f38951a6
2026-08-16 03:28:10.055953,96.049,9,1g.11gb,yolo-inference-755b67b9bb-nz54p,default,yolo,580.173.02,GPU-d59cb1c4-ad97-d91a-6731-e7b5f38951a6
2026-08-16 03:28:15.056013,96.177,10,1g.11gb,yolo-inference-755b67b9bb-cf854,default,yolo,580.173.02,GPU-d59cb1c4-ad97-d91a-6731-e7b5f38951a6
2026-08-16 03:28:15.056013,96.049,11,1g.11gb,yolo-inference-755b67b9bb-cgztg,default,yolo,580.173.02,GPU-d59cb1c4-ad97-d91a-6731-e7b5f38951a6
2026-08-16 03:28:15.056013,95.767,12,1g.11gb,yolo-inference-755b67b9bb-g6r55,default,yolo,580.173.02,GPU-d59cb1c4-ad97-d91a-6731-e7b5f38951a6
2026-08-16 03:28:15.056013,96.071,13,1g.11gb,,,,580.173.02,GPU-d59cb1c4-ad97-d91a-6731-e7b5f38951a6
2026-08-16 03:28:15.056013,95.889,7,1g.11gb,yolo-inference-755b67b9bb-6qhhl,default,yolo,580.173.02,GPU-d59cb1c4-ad97-d91a-6731-e7b5f38951a6
2026-08-16 03:28:15.056013,95.767,8,1g.11gb,,,,580.173.02,GPU-d59cb1c4-ad97-d91a-6731-e7b5f38951a6
2026-08-16 03:28:15.056013,96.049,9,1g.11gb,yolo-inference-755b67b9bb-nz54p,default,yolo,580.173.02,GPU-d59cb1c4-ad97-d91a-6731-e7b5f38951a6
2026-08-16 03:28:20.056000,95.899,10,1g.11gb,yolo-inference-755b67b9bb-cf854,default,yolo,580.173.02,GPU-d59cb1c4-ad97-d91a-6731-e7b5f38951a6
2026-08-16 03:28:20.056000,96.049,11,1g.11gb,yolo-inference-755b67b9bb-cgztg,default,yolo,580.173.02,GPU-d59cb1c4-ad97-d91a-6731-e7b5f38951a6
2026-08-16 03:28:20.056000,95.767,12,1g.11gb,yolo-inference-755b67b9bb-g6r55,default,yolo,580.173.02,GPU-d59cb1c4-ad97-d91a-6731-e7b5f38951a6
2026-08-16 03:28:20.056000,96.071,13,1g.11gb,,,,580.173.02,GPU-d59cb1c4-ad97-d91a-6731-e7b5f38951a6
2026-08-16 03:28:20.056000,95.889,7,1g.11gb,yolo-inference-755b67b9bb-6qhhl,default,yolo,580.173.02,GPU-d59cb1c4-ad97-d91a-6731-e7b5f38951a6
2026-08-16 03:28:20.056000,95.767,8,1g.11gb,,,,580.173.02,GPU-d59cb1c4-ad97-d91a-6731-e7b5f38951a6
2026-08-16 03:28:20.056000,96.049,9,1g.11gb,yolo-inference-755b67b9bb-nz54p,default,yolo,580.173.02,GPU-d59cb1c4-ad97-d91a-6731-e7b5f38951a6
2026-08-16 03:28:25.056054,95.899,10,1g.11gb,yolo-inference-755b67b9bb-cf854,default,yolo,580.173.02,GPU-d59cb1c4-ad97-d91a-6731-e7b5f38951a6
2026-08-16 03:28:25.056054,95.709,11,1g.11gb,yolo-inference-755b67b9bb-cgztg,default,yolo,580.173.02,GPU-d59cb1c4-ad97-d91a-6731-e7b5f38951a6
2026-08-16 03:28:25.056054,96.213,12,1g.11gb,yolo-inference-755b67b9bb-g6r55,default,yolo,580.173.02,GPU-d59cb1c4-ad97-d91a-6731-e7b5f38951a6
2026-08-16 03:28:25.056054,95.788,13,1g.11gb,,,,580.173.02,GPU-d59cb1c4-ad97-d91a-6731-e7b5f38951a6
2026-08-16 03:28:25.056054,96.312,7,1g.11gb,yolo-inference-755b67b9bb-6qhhl,default,yolo,580.173.02,GPU-d59cb1c4-ad97-d91a-6731-e7b5f38951a6
2026-08-16 03:28:25.056054,96.213,8,1g.11gb,,,,580.173.02,GPU-d59cb1c4-ad97-d91a-6731-e7b5f38951a6
2026-08-16 03:28:25.056054,95.709,9,1g.11gb,yolo-inference-755b67b9bb-nz54p,default,yolo,580.173.02,GPU-d59cb1c4-ad97-d91a-6731-e7b5f38951a6
2026-08-16 03:28:30.056015,95.899,10,1g.11gb,yolo-inference-755b67b9bb-cf854,default,yolo,580.173.02,GPU-d59cb1c4-ad97-d91a-6731-e7b5f38951a6
2026-08-16 03:28:30.056015,95.709,11,1g.11gb,yolo-inference-755b67b9bb-cgztg,default,yolo,580.173.02,GPU-d59cb1c4-ad97-d91a-6731-e7b5f38951a6
2026-08-16 03:28:30.056015,96.213,12,1g.11gb,yolo-inference-755b67b9bb-g6r55,default,yolo,580.173.02,GPU-d59cb1c4-ad97-d91a-6731-e7b5f38951a6
2026-08-16 03:28:30.056015,95.788,13,1g.11gb,,,,580.173.02,GPU-d59cb1c4-ad97-d91a-6731-e7b5f38951a6
2026-08-16 03:28:30.056015,96.312,7,1g.11gb,yolo-inference-755b67b9bb-6qhhl,default,yolo,580.173.02,GPU-d59cb1c4-ad97-d91a-6731-e7b5f38951a6
2026-08-16 03:28:30.056015,96.213,8,1g.11gb,,,,580.173.02,GPU-d59cb1c4-ad97-d91a-6731-e7b5f38951a6
2026-08-16 03:28:30.056015,95.709,9,1g.11gb,yolo-inference-755b67b9bb-nz54p,default,yolo,580.173.02,GPU-d59cb1c4-ad97-d91a-6731-e7b5f38951a6
2026-08-16 03:28:35.055675,95.899,10,1g.11gb,yolo-inference-755b67b9bb-cf854,default,yolo,580.173.02,GPU-d59cb1c4-ad97-d91a-6731-e7b5f38951a6
2026-08-16 03:28:35.055675,95.709,11,1g.11gb,yolo-inference-755b67b9bb-cgztg,default,yolo,580.173.02,GPU-d59cb1c4-ad97-d91a-6731-e7b5f38951a6
2026-08-16 03:28:35.055675,96.213,12,1g.11gb,yolo-inference-755b67b9bb-g6r55,default,yolo,580.173.02,GPU-d59cb1c4-ad97-d91a-6731-e7b5f38951a6
2026-08-16 03:28:35.055675,95.788,13,1g.11gb,,,,580.173.02,GPU-d59cb1c4-ad97-d91a-6731-e7b5f38951a6
2026-08-16 03:28:35.055675,96.312,7,1g.11gb,yolo-inference-755b67b9bb-6qhhl,default,yolo,580.173.02,GPU-d59cb1c4-ad97-d91a-6731-e7b5f38951a6
2026-08-16 03:28:35.055675,96.213,8,1g.11gb,,,,580.173.02,GPU-d59cb1c4-ad97-d91a-6731-e7b5f38951a6
2026-08-16 03:28:35.055675,95.709,9,1g.11gb,yolo-inference-755b67b9bb-nz54p,default,yolo,580.173.02,GPU-d59cb1c4-ad97-d91a-6731-e7b5f38951a6
2026-08-16 03:28:40.055983,95.899,10,1g.11gb,yolo-inference-755b67b9bb-cf854,default,yolo,580.173.02,GPU-d59cb1c4-ad97-d91a-6731-e7b5f38951a6
2026-08-16 03:28:40.055983,95.709,11,1g.11gb,yolo-inference-755b67b9bb-cgztg,default,yolo,580.173.02,GPU-d59cb1c4-ad97-d91a-6731-e7b5f38951a6
2026-08-16 03:28:40.055983,96.213,12,1g.11gb,yolo-inference-755b67b9bb-g6r55,default,yolo,580.173.02,GPU-d59cb1c4-ad97-d91a-6731-e7b5f38951a6
2026-08-16 03:28:40.055983,95.788,13,1g.11gb,,,,580.173.02,GPU-d59cb1c4-ad97-d91a-6731-e7b5f38951a6
2026-08-16 03:28:40.055983,96.312,7,1g.11gb,yolo-inference-755b67b9bb-6qhhl,default,yolo,580.173.02,GPU-d59cb1c4-ad97-d91a-6731-e7b5f38951a6
2026-08-16 03:28:40.055983,96.213,8,1g.11gb,,,,580.173.02,GPU-d59cb1c4-ad97-d91a-6731-e7b5f38951a6
2026-08-16 03:28:40.055983,95.709,9,1g.11gb,yolo-inference-755b67b9bb-nz54p,default,yolo,580.173.02,GPU-d59cb1c4-ad97-d91a-6731-e7b5f38951a6
2026-08-16 03:28:45.056027,95.899,10,1g.11gb,yolo-inference-755b67b9bb-cf854,default,yolo,580.173.02,GPU-d59cb1c4-ad97-d91a-6731-e7b5f38951a6
2026-08-16 03:28:45.056027,95.709,11,1g.11gb,yolo-inference-755b67b9bb-cgztg,default,yolo,580.173.02,GPU-d59cb1c4-ad97-d91a-6731-e7b5f38951a6
2026-08-16 03:28:45.056027,96.213,12,1g.11gb,yolo-inference-755b67b9bb-g6r55,default,yolo,580.173.02,GPU-d59cb1c4-ad97-d91a-6731-e7b5f38951a6
2026-08-16 03:28:45.056027,95.788,13,1g.11gb,,,,580.173.02,GPU-d59cb1c4-ad97-d91a-6731-e7b5f38951a6
2026-08-16 03:28:45.056027,96.312,7,1g.11gb,yolo-inference-755b67b9bb-6qhhl,default,yolo,580.173.02,GPU-d59cb1c4-ad97-d91a-6731-e7b5f38951a6
2026-08-16 03:28:45.056027,96.213,8,1g.11gb,,,,580.173.02,GPU-d59cb1c4-ad97-d91a-6731-e7b5f38951a6
2026-08-16 03:28:45.056027,95.709,9,1g.11gb,yolo-inference-755b67b9bb-nz54p,default,yolo,580.173.02,GPU-d59cb1c4-ad97-d91a-6731-e7b5f38951a6
2026-08-16 03:28:50.053680,96.015,10,1g.11gb,yolo-inference-755b67b9bb-cf854,default,yolo,580.173.02,GPU-d59cb1c4-ad97-d91a-6731-e7b5f38951a6
2026-08-16 03:28:50.053680,95.709,11,1g.11gb,yolo-inference-755b67b9bb-cgztg,default,yolo,580.173.02,GPU-d59cb1c4-ad97-d91a-6731-e7b5f38951a6
2026-08-16 03:28:50.053680,96.213,12,1g.11gb,yolo-inference-755b67b9bb-g6r55,default,yolo,580.173.02,GPU-d59cb1c4-ad97-d91a-6731-e7b5f38951a6
2026-08-16 03:28:50.053680,95.788,13,1g.11gb,,,,580.173.02,GPU-d59cb1c4-ad97-d91a-6731-e7b5f38951a6
2026-08-16 03:28:50.053680,96.312,7,1g.11gb,yolo-inference-755b67b9bb-6qhhl,default,yolo,580.173.02,GPU-d59cb1c4-ad97-d91a-6731-e7b5f38951a6
2026-08-16 03:28:50.053680,96.213,8,1g.11gb,,,,580.173.02,GPU-d59cb1c4-ad97-d91a-6731-e7b5f38951a6
2026-08-16 03:28:50.053680,95.709,9,1g.11gb,yolo-inference-755b67b9bb-nz54p,default,yolo,580.173.02,GPU-d59cb1c4-ad97-d91a-6731-e7b5f38951a6
2026-08-16 03:28:55.055984,96.015,10,1g.11gb,yolo-inference-755b67b9bb-cf854,default,yolo,580.173.02,GPU-d59cb1c4-ad97-d91a-6731-e7b5f38951a6
2026-08-16 03:28:55.055984,96.181,11,1g.11gb,yolo-inference-755b67b9bb-cgztg,default,yolo,580.173.02,GPU-d59cb1c4-ad97-d91a-6731-e7b5f38951a6
2026-08-16 03:28:55.055984,95.757,12,1g.11gb,yolo-inference-755b67b9bb-g6r55,default,yolo,580.173.02,GPU-d59cb1c4-ad97-d91a-6731-e7b5f38951a6
2026-08-16 03:28:55.055984,96.151,13,1g.11gb,,,,580.173.02,GPU-d59cb1c4-ad97-d91a-6731-e7b5f38951a6
2026-08-16 03:28:55.055984,95.727,7,1g.11gb,yolo-inference-755b67b9bb-6qhhl,default,yolo,580.173.02,GPU-d59cb1c4-ad97-d91a-6731-e7b5f38951a6
2026-08-16 03:28:55.055984,95.757,8,1g.11gb,,,,580.173.02,GPU-d59cb1c4-ad97-d91a-6731-e7b5f38951a6
2026-08-16 03:28:55.055984,96.181,9,1g.11gb,yolo-inference-755b67b9bb-nz54p,default,yolo,580.173.02,GPU-d59cb1c4-ad97-d91a-6731-e7b5f38951a6
2026-08-16 03:29:00.056019,96.015,10,1g.11gb,yolo-inference-755b67b9bb-cf854,default,yolo,580.173.02,GPU-d59cb1c4-ad97-d91a-6731-e7b5f38951a6
2026-08-16 03:29:00.056019,96.181,11,1g.11gb,yolo-inference-755b67b9bb-cgztg,default,yolo,580.173.02,GPU-d59cb1c4-ad97-d91a-6731-e7b5f38951a6
2026-08-16 03:29:00.056019,95.757,12,1g.11gb,yolo-inference-755b67b9bb-g6r55,default,yolo,580.173.02,GPU-d59cb1c4-ad97-d91a-6731-e7b5f38951a6
2026-08-16 03:29:00.056019,96.151,13,1g.11gb,,,,580.173.02,GPU-d59cb1c4-ad97-d91a-6731-e7b5f38951a6
2026-08-16 03:29:00.056019,95.727,7,1g.11gb,yolo-inference-755b67b9bb-6qhhl,default,yolo,580.173.02,GPU-d59cb1c4-ad97-d91a-6731-e7b5f38951a6
2026-08-16 03:29:00.056019,95.757,8,1g.11gb,,,,580.173.02,GPU-d59cb1c4-ad97-d91a-6731-e7b5f38951a6
2026-08-16 03:29:00.056019,96.181,9,1g.11gb,yolo-inference-755b67b9bb-nz54p,default,yolo,580.173.02,GPU-d59cb1c4-ad97-d91a-6731-e7b5f38951a6
2026-08-16 03:29:05.056018,96.015,10,1g.11gb,yolo-inference-755b67b9bb-cf854,default,yolo,580.173.02,GPU-d59cb1c4-ad97-d91a-6731-e7b5f38951a6
2026-08-16 03:29:05.056018,96.181,11,1g.11gb,yolo-inference-755b67b9bb-cgztg,default,yolo,580.173.02,GPU-d59cb1c4-ad97-d91a-6731-e7b5f38951a6
2026-08-16 03:29:05.056018,95.757,12,1g.11gb,yolo-inference-755b67b9bb-g6r55,default,yolo,580.173.02,GPU-d59cb1c4-ad97-d91a-6731-e7b5f38951a6
2026-08-16 03:29:05.056018,96.151,13,1g.11gb,,,,580.173.02,GPU-d59cb1c4-ad97-d91a-6731-e7b5f38951a6
2026-08-16 03:29:05.056018,95.727,7,1g.11gb,yolo-inference-755b67b9bb-6qhhl,default,yolo,580.173.02,GPU-d59cb1c4-ad97-d91a-6731-e7b5f38951a6
2026-08-16 03:29:05.056018,95.757,8,1g.11gb,,,,580.173.02,GPU-d59cb1c4-ad97-d91a-6731-e7b5f38951a6
2026-08-16 03:29:05.056018,96.181,9,1g.11gb,yolo-inference-755b67b9bb-nz54p,default,yolo,580.173.02,GPU-d59cb1c4-ad97-d91a-6731-e7b5f38951a6
2026-08-16 03:29:10.054581,96.015,10,1g.11gb,yolo-inference-755b67b9bb-cf854,default,yolo,580.173.02,GPU-d59cb1c4-ad97-d91a-6731-e7b5f38951a6
2026-08-16 03:29:10.054581,96.181,11,1g.11gb,yolo-inference-755b67b9bb-cgztg,default,yolo,580.173.02,GPU-d59cb1c4-ad97-d91a-6731-e7b5f38951a6
2026-08-16 03:29:10.054581,95.757,12,1g.11gb,yolo-inference-755b67b9bb-g6r55,default,yolo,580.173.02,GPU-d59cb1c4-ad97-d91a-6731-e7b5f38951a6
2026-08-16 03:29:10.054581,96.151,13,1g.11gb,,,,580.173.02,GPU-d59cb1c4-ad97-d91a-6731-e7b5f38951a6
2026-08-16 03:29:10.054581,95.727,7,1g.11gb,yolo-inference-755b67b9bb-6qhhl,default,yolo,580.173.02,GPU-d59cb1c4-ad97-d91a-6731-e7b5f38951a6
2026-08-16 03:29:10.054581,95.757,8,1g.11gb,,,,580.173.02,GPU-d59cb1c4-ad97-d91a-6731-e7b5f38951a6
2026-08-16 03:29:10.054581,96.181,9,1g.11gb,yolo-inference-755b67b9bb-nz54p,default,yolo,580.173.02,GPU-d59cb1c4-ad97-d91a-6731-e7b5f38951a6
2026-08-16 03:29:15.055982,96.015,10,1g.11gb,yolo-inference-755b67b9bb-cf854,default,yolo,580.173.02,GPU-d59cb1c4-ad97-d91a-6731-e7b5f38951a6
2026-08-16 03:29:15.055982,96.181,11,1g.11gb,yolo-inference-755b67b9bb-cgztg,default,yolo,580.173.02,GPU-d59cb1c4-ad97-d91a-6731-e7b5f38951a6
2026-08-16 03:29:15.055982,95.757,12,1g.11gb,yolo-inference-755b67b9bb-g6r55,default,yolo,580.173.02,GPU-d59cb1c4-ad97-d91a-6731-e7b5f38951a6
2026-08-16 03:29:15.055982,96.151,13,1g.11gb,,,,580.173.02,GPU-d59cb1c4-ad97-d91a-6731-e7b5f38951a6
2026-08-16 03:29:15.055982,95.727,7,1g.11gb,yolo-inference-755b67b9bb-6qhhl,default,yolo,580.173.02,GPU-d59cb1c4-ad97-d91a-6731-e7b5f38951a6
2026-08-16 03:29:15.055982,95.757,8,1g.11gb,,,,580.173.02,GPU-d59cb1c4-ad97-d91a-6731-e7b5f38951a6
2026-08-16 03:29:15.055982,96.181,9,1g.11gb,yolo-inference-755b67b9bb-nz54p,default,yolo,580.173.02,GPU-d59cb1c4-ad97-d91a-6731-e7b5f38951a6
2026-08-16 03:29:20.055971,96.111,10,1g.11gb,yolo-inference-755b67b9bb-cf854,default,yolo,580.173.02,GPU-d59cb1c4-ad97-d91a-6731-e7b5f38951a6
2026-08-16 03:29:20.055971,96.181,11,1g.11gb,yolo-inference-755b67b9bb-cgztg,default,yolo,580.173.02,GPU-d59cb1c4-ad97-d91a-6731-e7b5f38951a6
2026-08-16 03:29:20.055971,95.757,12,1g.11gb,yolo-inference-755b67b9bb-g6r55,default,yolo,580.173.02,GPU-d59cb1c4-ad97-d91a-6731-e7b5f38951a6
2026-08-16 03:29:20.055971,96.151,13,1g.11gb,,,,580.173.02,GPU-d59cb1c4-ad97-d91a-6731-e7b5f38951a6
2026-08-16 03:29:20.055971,95.727,7,1g.11gb,yolo-inference-755b67b9bb-6qhhl,default,yolo,580.173.02,GPU-d59cb1c4-ad97-d91a-6731-e7b5f38951a6
2026-08-16 03:29:20.055971,95.757,8,1g.11gb,,,,580.173.02,GPU-d59cb1c4-ad97-d91a-6731-e7b5f38951a6
2026-08-16 03:29:20.055971,96.181,9,1g.11gb,yolo-inference-755b67b9bb-nz54p,default,yolo,580.173.02,GPU-d59cb1c4-ad97-d91a-6731-e7b5f38951a6
2026-08-16 03:29:25.055976,96.111,10,1g.11gb,yolo-inference-755b67b9bb-cf854,default,yolo,580.173.02,GPU-d59cb1c4-ad97-d91a-6731-e7b5f38951a6
2026-08-16 03:29:25.055976,96.373,11,1g.11gb,yolo-inference-755b67b9bb-cgztg,default,yolo,580.173.02,GPU-d59cb1c4-ad97-d91a-6731-e7b5f38951a6
2026-08-16 03:29:25.055976,95.653,12,1g.11gb,yolo-inference-755b67b9bb-g6r55,default,yolo,580.173.02,GPU-d59cb1c4-ad97-d91a-6731-e7b5f38951a6
2026-08-16 03:29:25.055976,96.143,13,1g.11gb,,,,580.173.02,GPU-d59cb1c4-ad97-d91a-6731-e7b5f38951a6
2026-08-16 03:29:25.055976,95.575,7,1g.11gb,yolo-inference-755b67b9bb-6qhhl,default,yolo,580.173.02,GPU-d59cb1c4-ad97-d91a-6731-e7b5f38951a6
2026-08-16 03:29:25.055976,95.653,8,1g.11gb,,,,580.173.02,GPU-d59cb1c4-ad97-d91a-6731-e7b5f38951a6
2026-08-16 03:29:25.055976,96.373,9,1g.11gb,yolo-inference-755b67b9bb-nz54p,default,yolo,580.173.02,GPU-d59cb1c4-ad97-d91a-6731-e7b5f38951a6
2026-08-16 03:29:30.055898,96.111,10,1g.11gb,yolo-inference-755b67b9bb-cf854,default,yolo,580.173.02,GPU-d59cb1c4-ad97-d91a-6731-e7b5f38951a6
2026-08-16 03:29:30.055898,96.373,11,1g.11gb,yolo-inference-755b67b9bb-cgztg,default,yolo,580.173.02,GPU-d59cb1c4-ad97-d91a-6731-e7b5f38951a6
2026-08-16 03:29:30.055898,95.653,12,1g.11gb,yolo-inference-755b67b9bb-g6r55,default,yolo,580.173.02,GPU-d59cb1c4-ad97-d91a-6731-e7b5f38951a6
2026-08-16 03:29:30.055898,96.143,13,1g.11gb,,,,580.173.02,GPU-d59cb1c4-ad97-d91a-6731-e7b5f38951a6
2026-08-16 03:29:30.055898,95.575,7,1g.11gb,yolo-inference-755b67b9bb-6qhhl,default,yolo,580.173.02,GPU-d59cb1c4-ad97-d91a-6731-e7b5f38951a6
2026-08-16 03:29:30.055898,95.653,8,1g.11gb,,,,580.173.02,GPU-d59cb1c4-ad97-d91a-6731-e7b5f38951a6
2026-08-16 03:29:30.055898,96.373,9,1g.11gb,yolo-inference-755b67b9bb-nz54p,default,yolo,580.173.02,GPU-d59cb1c4-ad97-d91a-6731-e7b5f38951a6
2026-08-16 03:29:35.055944,96.111,10,1g.11gb,yolo-inference-755b67b9bb-cf854,default,yolo,580.173.02,GPU-d59cb1c4-ad97-d91a-6731-e7b5f38951a6
2026-08-16 03:29:35.055944,96.373,11,1g.11gb,yolo-inference-755b67b9bb-cgztg,default,yolo,580.173.02,GPU-d59cb1c4-ad97-d91a-6731-e7b5f38951a6
2026-08-16 03:29:35.055944,95.653,12,1g.11gb,yolo-inference-755b67b9bb-g6r55,default,yolo,580.173.02,GPU-d59cb1c4-ad97-d91a-6731-e7b5f38951a6
2026-08-16 03:29:35.055944,96.143,13,1g.11gb,,,,580.173.02,GPU-d59cb1c4-ad97-d91a-6731-e7b5f38951a6
2026-08-16 03:29:35.055944,95.575,7,1g.11gb,yolo-inference-755b67b9bb-6qhhl,default,yolo,580.173.02,GPU-d59cb1c4-ad97-d91a-6731-e7b5f38951a6
2026-08-16 03:29:35.055944,95.653,8,1g.11gb,,,,580.173.02,GPU-d59cb1c4-ad97-d91a-6731-e7b5f38951a6
2026-08-16 03:29:35.055944,96.373,9,1g.11gb,yolo-inference-755b67b9bb-nz54p,default,yolo,580.173.02,GPU-d59cb1c4-ad97-d91a-6731-e7b5f38951a6
2026-08-16 03:29:40.053644,96.111,10,1g.11gb,yolo-inference-755b67b9bb-cf854,default,yolo,580.173.02,GPU-d59cb1c4-ad97-d91a-6731-e7b5f38951a6
2026-08-16 03:29:40.053644,96.373,11,1g.11gb,yolo-inference-755b67b9bb-cgztg,default,yolo,580.173.02,GPU-d59cb1c4-ad97-d91a-6731-e7b5f38951a6
2026-08-16 03:29:40.053644,95.653,12,1g.11gb,yolo-inference-755b67b9bb-g6r55,default,yolo,580.173.02,GPU-d59cb1c4-ad97-d91a-6731-e7b5f38951a6
2026-08-16 03:29:40.053644,96.143,13,1g.11gb,,,,580.173.02,GPU-d59cb1c4-ad97-d91a-6731-e7b5f38951a6
2026-08-16 03:29:40.053644,95.575,7,1g.11gb,yolo-inference-755b67b9bb-6qhhl,default,yolo,580.173.02,GPU-d59cb1c4-ad97-d91a-6731-e7b5f38951a6
2026-08-16 03:29:40.053644,95.653,8,1g.11gb,,,,580.173.02,GPU-d59cb1c4-ad97-d91a-6731-e7b5f38951a6
2026-08-16 03:29:40.053644,96.373,9,1g.11gb,yolo-inference-755b67b9bb-nz54p,default,yolo,580.173.02,GPU-d59cb1c4-ad97-d91a-6731-e7b5f38951a6
2026-08-16 03:29:45.054494,96.111,10,1g.11gb,yolo-inference-755b67b9bb-cf854,default,yolo,580.173.02,GPU-d59cb1c4-ad97-d91a-6731-e7b5f38951a6
2026-08-16 03:29:45.054494,96.373,11,1g.11gb,yolo-inference-755b67b9bb-cgztg,default,yolo,580.173.02,GPU-d59cb1c4-ad97-d91a-6731-e7b5f38951a6
2026-08-16 03:29:45.054494,95.653,12,1g.11gb,yolo-inference-755b67b9bb-g6r55,default,yolo,580.173.02,GPU-d59cb1c4-ad97-d91a-6731-e7b5f38951a6
2026-08-16 03:29:45.054494,96.143,13,1g.11gb,,,,580.173.02,GPU-d59cb1c4-ad97-d91a-6731-e7b5f38951a6
2026-08-16 03:29:45.054494,95.575,7,1g.11gb,yolo-inference-755b67b9bb-6qhhl,default,yolo,580.173.02,GPU-d59cb1c4-ad97-d91a-6731-e7b5f38951a6
2026-08-16 03:29:45.054494,95.653,8,1g.11gb,,,,580.173.02,GPU-d59cb1c4-ad97-d91a-6731-e7b5f38951a6
2026-08-16 03:29:45.054494,96.373,9,1g.11gb,yolo-inference-755b67b9bb-nz54p,default,yolo,580.173.02,GPU-d59cb1c4-ad97-d91a-6731-e7b5f38951a6
2026-08-16 03:29:50.055985,96.054,10,1g.11gb,yolo-inference-755b67b9bb-cf854,default,yolo,580.173.02,GPU-d59cb1c4-ad97-d91a-6731-e7b5f38951a6
2026-08-16 03:29:50.055985,96.373,11,1g.11gb,yolo-inference-755b67b9bb-cgztg,default,yolo,580.173.02,GPU-d59cb1c4-ad97-d91a-6731-e7b5f38951a6
2026-08-16 03:29:50.055985,95.653,12,1g.11gb,yolo-inference-755b67b9bb-g6r55,default,yolo,580.173.02,GPU-d59cb1c4-ad97-d91a-6731-e7b5f38951a6
2026-08-16 03:29:50.055985,96.143,13,1g.11gb,,,,580.173.02,GPU-d59cb1c4-ad97-d91a-6731-e7b5f38951a6
2026-08-16 03:29:50.055985,95.575,7,1g.11gb,yolo-inference-755b67b9bb-6qhhl,default,yolo,580.173.02,GPU-d59cb1c4-ad97-d91a-6731-e7b5f38951a6
2026-08-16 03:29:50.055985,95.653,8,1g.11gb,,,,580.173.02,GPU-d59cb1c4-ad97-d91a-6731-e7b5f38951a6
2026-08-16 03:29:50.055985,96.373,9,1g.11gb,yolo-inference-755b67b9bb-nz54p,default,yolo,580.173.02,GPU-d59cb1c4-ad97-d91a-6731-e7b5f38951a6
2026-08-16 03:29:55.055962,96.054,10,1g.11gb,yolo-inference-755b67b9bb-cf854,default,yolo,580.173.02,GPU-d59cb1c4-ad97-d91a-6731-e7b5f38951a6
2026-08-16 03:29:55.055962,95.843,11,1g.11gb,yolo-inference-755b67b9bb-cgztg,default,yolo,580.173.02,GPU-d59cb1c4-ad97-d91a-6731-e7b5f38951a6
2026-08-16 03:29:55.055962,95.84,12,1g.11gb,yolo-inference-755b67b9bb-g6r55,default,yolo,580.173.02,GPU-d59cb1c4-ad97-d91a-6731-e7b5f38951a6
2026-08-16 03:29:55.055962,95.891,13,1g.11gb,,,,580.173.02,GPU-d59cb1c4-ad97-d91a-6731-e7b5f38951a6
2026-08-16 03:29:55.055962,95.949,7,1g.11gb,yolo-inference-755b67b9bb-6qhhl,default,yolo,580.173.02,GPU-d59cb1c4-ad97-d91a-6731-e7b5f38951a6
2026-08-16 03:29:55.055962,95.84,8,1g.11gb,,,,580.173.02,GPU-d59cb1c4-ad97-d91a-6731-e7b5f38951a6
2026-08-16 03:29:55.055962,95.843,9,1g.11gb,yolo-inference-755b67b9bb-nz54p,default,yolo,580.173.02,GPU-d59cb1c4-ad97-d91a-6731-e7b5f38951a6
2026-08-16 03:30:00.056021,96.054,10,1g.11gb,yolo-inference-755b67b9bb-cf854,default,yolo,580.173.02,GPU-d59cb1c4-ad97-d91a-6731-e7b5f38951a6
2026-08-16 03:30:00.056021,95.843,11,1g.11gb,yolo-inference-755b67b9bb-cgztg,default,yolo,580.173.02,GPU-d59cb1c4-ad97-d91a-6731-e7b5f38951a6
2026-08-16 03:30:00.056021,95.84,12,1g.11gb,yolo-inference-755b67b9bb-g6r55,default,yolo,580.173.02,GPU-d59cb1c4-ad97-d91a-6731-e7b5f38951a6
2026-08-16 03:30:00.056021,95.891,13,1g.11gb,,,,580.173.02,GPU-d59cb1c4-ad97-d91a-6731-e7b5f38951a6
2026-08-16 03:30:00.056021,95.949,7,1g.11gb,yolo-inference-755b67b9bb-6qhhl,default,yolo,580.173.02,GPU-d59cb1c4-ad97-d91a-6731-e7b5f38951a6
2026-08-16 03:30:00.056021,95.84,8,1g.11gb,,,,580.173.02,GPU-d59cb1c4-ad97-d91a-6731-e7b5f38951a6
2026-08-16 03:30:00.056021,95.843,9,1g.11gb,yolo-inference-755b67b9bb-nz54p,default,yolo,580.173.02,GPU-d59cb1c4-ad97-d91a-6731-e7b5f38951a6
2026-08-16 03:30:05.053941,96.054,10,1g.11gb,yolo-inference-755b67b9bb-cf854,default,yolo,580.173.02,GPU-d59cb1c4-ad97-d91a-6731-e7b5f38951a6
2026-08-16 03:30:05.053941,95.843,11,1g.11gb,yolo-inference-755b67b9bb-cgztg,default,yolo,580.173.02,GPU-d59cb1c4-ad97-d91a-6731-e7b5f38951a6
2026-08-16 03:30:05.053941,95.84,12,1g.11gb,yolo-inference-755b67b9bb-g6r55,default,yolo,580.173.02,GPU-d59cb1c4-ad97-d91a-6731-e7b5f38951a6
2026-08-16 03:30:05.053941,95.891,13,1g.11gb,,,,580.173.02,GPU-d59cb1c4-ad97-d91a-6731-e7b5f38951a6
2026-08-16 03:30:05.053941,95.949,7,1g.11gb,yolo-inference-755b67b9bb-6qhhl,default,yolo,580.173.02,GPU-d59cb1c4-ad97-d91a-6731-e7b5f38951a6
2026-08-16 03:30:05.053941,95.84,8,1g.11gb,,,,580.173.02,GPU-d59cb1c4-ad97-d91a-6731-e7b5f38951a6
2026-08-16 03:30:05.053941,95.843,9,1g.11gb,yolo-inference-755b67b9bb-nz54p,default,yolo,580.173.02,GPU-d59cb1c4-ad97-d91a-6731-e7b5f38951a6
2026-08-16 03:30:10.055979,96.054,10,1g.11gb,yolo-inference-755b67b9bb-cf854,default,yolo,580.173.02,GPU-d59cb1c4-ad97-d91a-6731-e7b5f38951a6
2026-08-16 03:30:10.055979,95.843,11,1g.11gb,yolo-inference-755b67b9bb-cgztg,default,yolo,580.173.02,GPU-d59cb1c4-ad97-d91a-6731-e7b5f38951a6
2026-08-16 03:30:10.055979,95.84,12,1g.11gb,yolo-inference-755b67b9bb-g6r55,default,yolo,580.173.02,GPU-d59cb1c4-ad97-d91a-6731-e7b5f38951a6
2026-08-16 03:30:10.055979,95.891,13,1g.11gb,,,,580.173.02,GPU-d59cb1c4-ad97-d91a-6731-e7b5f38951a6
2026-08-16 03:30:10.055979,95.949,7,1g.11gb,yolo-inference-755b67b9bb-6qhhl,default,yolo,580.173.02,GPU-d59cb1c4-ad97-d91a-6731-e7b5f38951a6
2026-08-16 03:30:10.055979,95.84,8,1g.11gb,,,,580.173.02,GPU-d59cb1c4-ad97-d91a-6731-e7b5f38951a6
2026-08-16 03:30:10.055979,95.843,9,1g.11gb,yolo-inference-755b67b9bb-nz54p,default,yolo,580.173.02,GPU-d59cb1c4-ad97-d91a-6731-e7b5f38951a6
2026-08-16 03:30:15.056010,96.054,10,1g.11gb,yolo-inference-755b67b9bb-cf854,default,yolo,580.173.02,GPU-d59cb1c4-ad97-d91a-6731-e7b5f38951a6
2026-08-16 03:30:15.056010,95.843,11,1g.11gb,yolo-inference-755b67b9bb-cgztg,default,yolo,580.173.02,GPU-d59cb1c4-ad97-d91a-6731-e7b5f38951a6
2026-08-16 03:30:15.056010,95.84,12,1g.11gb,yolo-inference-755b67b9bb-g6r55,default,yolo,580.173.02,GPU-d59cb1c4-ad97-d91a-6731-e7b5f38951a6
2026-08-16 03:30:15.056010,95.891,13,1g.11gb,,,,580.173.02,GPU-d59cb1c4-ad97-d91a-6731-e7b5f38951a6
2026-08-16 03:30:15.056010,95.949,7,1g.11gb,yolo-inference-755b67b9bb-6qhhl,default,yolo,580.173.02,GPU-d59cb1c4-ad97-d91a-6731-e7b5f38951a6
2026-08-16 03:30:15.056010,95.84,8,1g.11gb,,,,580.173.02,GPU-d59cb1c4-ad97-d91a-6731-e7b5f38951a6
2026-08-16 03:30:15.056010,95.843,9,1g.11gb,yolo-inference-755b67b9bb-nz54p,default,yolo,580.173.02,GPU-d59cb1c4-ad97-d91a-6731-e7b5f38951a6
2026-08-16 03:30:20.055990,96.24,10,1g.11gb,yolo-inference-755b67b9bb-cf854,default,yolo,580.173.02,GPU-d59cb1c4-ad97-d91a-6731-e7b5f38951a6
2026-08-16 03:30:20.055990,95.843,11,1g.11gb,yolo-inference-755b67b9bb-cgztg,default,yolo,580.173.02,GPU-d59cb1c4-ad97-d91a-6731-e7b5f38951a6
2026-08-16 03:30:20.055990,95.84,12,1g.11gb,yolo-inference-755b67b9bb-g6r55,default,yolo,580.173.02,GPU-d59cb1c4-ad97-d91a-6731-e7b5f38951a6
2026-08-16 03:30:20.055990,95.891,13,1g.11gb,,,,580.173.02,GPU-d59cb1c4-ad97-d91a-6731-e7b5f38951a6
2026-08-16 03:30:20.055990,95.949,7,1g.11gb,yolo-inference-755b67b9bb-6qhhl,default,yolo,580.173.02,GPU-d59cb1c4-ad97-d91a-6731-e7b5f38951a6
2026-08-16 03:30:20.055990,95.84,8,1g.11gb,,,,580.173.02,GPU-d59cb1c4-ad97-d91a-6731-e7b5f38951a6
2026-08-16 03:30:20.055990,95.843,9,1g.11gb,yolo-inference-755b67b9bb-nz54p,default,yolo,580.173.02,GPU-d59cb1c4-ad97-d91a-6731-e7b5f38951a6
2026-08-16 03:30:25.055982,96.24,10,1g.11gb,yolo-inference-755b67b9bb-cf854,default,yolo,580.173.02,GPU-d59cb1c4-ad97-d91a-6731-e7b5f38951a6
2026-08-16 03:30:25.055982,96.214,11,1g.11gb,yolo-inference-755b67b9bb-cgztg,default,yolo,580.173.02,GPU-d59cb1c4-ad97-d91a-6731-e7b5f38951a6
2026-08-16 03:30:25.055982,96.237,12,1g.11gb,yolo-inference-755b67b9bb-g6r55,default,yolo,580.173.02,GPU-d59cb1c4-ad97-d91a-6731-e7b5f38951a6
2026-08-16 03:30:25.055982,96.369,13,1g.11gb,,,,580.173.02,GPU-d59cb1c4-ad97-d91a-6731-e7b5f38951a6
2026-08-16 03:30:25.055982,95.604,7,1g.11gb,yolo-inference-755b67b9bb-6qhhl,default,yolo,580.173.02,GPU-d59cb1c4-ad97-d91a-6731-e7b5f38951a6
2026-08-16 03:30:25.055982,96.276,8,1g.11gb,,,,580.173.02,GPU-d59cb1c4-ad97-d91a-6731-e7b5f38951a6
2026-08-16 03:30:25.055982,96.214,9,1g.11gb,yolo-inference-755b67b9bb-nz54p,default,yolo,580.173.02,GPU-d59cb1c4-ad97-d91a-6731-e7b5f38951a6
2026-08-16 03:30:30.056013,96.24,10,1g.11gb,yolo-inference-755b67b9bb-cf854,default,yolo,580.173.02,GPU-d59cb1c4-ad97-d91a-6731-e7b5f38951a6
2026-08-16 03:30:30.056013,96.214,11,1g.11gb,yolo-inference-755b67b9bb-cgztg,default,yolo,580.173.02,GPU-d59cb1c4-ad97-d91a-6731-e7b5f38951a6
2026-08-16 03:30:30.056013,96.237,12,1g.11gb,yolo-inference-755b67b9bb-g6r55,default,yolo,580.173.02,GPU-d59cb1c4-ad97-d91a-6731-e7b5f38951a6
2026-08-16 03:30:30.056013,96.369,13,1g.11gb,,,,580.173.02,GPU-d59cb1c4-ad97-d91a-6731-e7b5f38951a6
2026-08-16 03:30:30.056013,95.604,7,1g.11gb,yolo-inference-755b67b9bb-6qhhl,default,yolo,580.173.02,GPU-d59cb1c4-ad97-d91a-6731-e7b5f38951a6
2026-08-16 03:30:30.056013,96.276,8,1g.11gb,,,,580.173.02,GPU-d59cb1c4-ad97-d91a-6731-e7b5f38951a6
2026-08-16 03:30:30.056013,96.214,9,1g.11gb,yolo-inference-755b67b9bb-nz54p,default,yolo,580.173.02,GPU-d59cb1c4-ad97-d91a-6731-e7b5f38951a6
2026-08-16 03:30:35.055976,96.24,10,1g.11gb,yolo-inference-755b67b9bb-cf854,default,yolo,580.173.02,GPU-d59cb1c4-ad97-d91a-6731-e7b5f38951a6
2026-08-16 03:30:35.055976,96.214,11,1g.11gb,yolo-inference-755b67b9bb-cgztg,default,yolo,580.173.02,GPU-d59cb1c4-ad97-d91a-6731-e7b5f38951a6
2026-08-16 03:30:35.055976,96.237,12,1g.11gb,yolo-inference-755b67b9bb-g6r55,default,yolo,580.173.02,GPU-d59cb1c4-ad97-d91a-6731-e7b5f38951a6
2026-08-16 03:30:35.055976,96.369,13,1g.11gb,,,,580.173.02,GPU-d59cb1c4-ad97-d91a-6731-e7b5f38951a6
2026-08-16 03:30:35.055976,95.604,7,1g.11gb,yolo-inference-755b67b9bb-6qhhl,default,yolo,580.173.02,GPU-d59cb1c4-ad97-d91a-6731-e7b5f38951a6
2026-08-16 03:30:35.055976,96.276,8,1g.11gb,,,,580.173.02,GPU-d59cb1c4-ad97-d91a-6731-e7b5f38951a6
2026-08-16 03:30:35.055976,96.214,9,1g.11gb,yolo-inference-755b67b9bb-nz54p,default,yolo,580.173.02,GPU-d59cb1c4-ad97-d91a-6731-e7b5f38951a6
2026-08-16 03:30:40.054823,96.24,10,1g.11gb,yolo-inference-755b67b9bb-cf854,default,yolo,580.173.02,GPU-d59cb1c4-ad97-d91a-6731-e7b5f38951a6
2026-08-16 03:30:40.054823,96.214,11,1g.11gb,yolo-inference-755b67b9bb-cgztg,default,yolo,580.173.02,GPU-d59cb1c4-ad97-d91a-6731-e7b5f38951a6
2026-08-16 03:30:40.054823,96.237,12,1g.11gb,yolo-inference-755b67b9bb-g6r55,default,yolo,580.173.02,GPU-d59cb1c4-ad97-d91a-6731-e7b5f38951a6
2026-08-16 03:30:40.054823,96.369,13,1g.11gb,,,,580.173.02,GPU-d59cb1c4-ad97-d91a-6731-e7b5f38951a6
2026-08-16 03:30:40.054823,95.604,7,1g.11gb,yolo-inference-755b67b9bb-6qhhl,default,yolo,580.173.02,GPU-d59cb1c4-ad97-d91a-6731-e7b5f38951a6
2026-08-16 03:30:40.054823,96.276,8,1g.11gb,,,,580.173.02,GPU-d59cb1c4-ad97-d91a-6731-e7b5f38951a6
2026-08-16 03:30:40.054823,96.214,9,1g.11gb,yolo-inference-755b67b9bb-nz54p,default,yolo,580.173.02,GPU-d59cb1c4-ad97-d91a-6731-e7b5f38951a6
2026-08-16 03:30:45.055757,96.24,10,1g.11gb,yolo-inference-755b67b9bb-cf854,default,yolo,580.173.02,GPU-d59cb1c4-ad97-d91a-6731-e7b5f38951a6
2026-08-16 03:30:45.055757,96.214,11,1g.11gb,yolo-inference-755b67b9bb-cgztg,default,yolo,580.173.02,GPU-d59cb1c4-ad97-d91a-6731-e7b5f38951a6
2026-08-16 03:30:45.055757,96.237,12,1g.11gb,yolo-inference-755b67b9bb-g6r55,default,yolo,580.173.02,GPU-d59cb1c4-ad97-d91a-6731-e7b5f38951a6
2026-08-16 03:30:45.055757,96.369,13,1g.11gb,,,,580.173.02,GPU-d59cb1c4-ad97-d91a-6731-e7b5f38951a6
2026-08-16 03:30:45.055757,95.604,7,1g.11gb,yolo-inference-755b67b9bb-6qhhl,default,yolo,580.173.02,GPU-d59cb1c4-ad97-d91a-6731-e7b5f38951a6
2026-08-16 03:30:45.055757,96.276,8,1g.11gb,,,,580.173.02,GPU-d59cb1c4-ad97-d91a-6731-e7b5f38951a6
2026-08-16 03:30:45.055757,96.214,9,1g.11gb,yolo-inference-755b67b9bb-nz54p,default,yolo,580.173.02,GPU-d59cb1c4-ad97-d91a-6731-e7b5f38951a6
2026-08-16 03:30:50.056014,95.747,10,1g.11gb,yolo-inference-755b67b9bb-cf854,default,yolo,580.173.02,GPU-d59cb1c4-ad97-d91a-6731-e7b5f38951a6
2026-08-16 03:30:50.056014,96.214,11,1g.11gb,yolo-inference-755b67b9bb-cgztg,default,yolo,580.173.02,GPU-d59cb1c4-ad97-d91a-6731-e7b5f38951a6
2026-08-16 03:30:50.056014,96.237,12,1g.11gb,yolo-inference-755b67b9bb-g6r55,default,yolo,580.173.02,GPU-d59cb1c4-ad97-d91a-6731-e7b5f38951a6
2026-08-16 03:30:50.056014,96.369,13,1g.11gb,,,,580.173.02,GPU-d59cb1c4-ad97-d91a-6731-e7b5f38951a6
2026-08-16 03:30:50.056014,95.604,7,1g.11gb,yolo-inference-755b67b9bb-6qhhl,default,yolo,580.173.02,GPU-d59cb1c4-ad97-d91a-6731-e7b5f38951a6
2026-08-16 03:30:50.056014,96.276,8,1g.11gb,,,,580.173.02,GPU-d59cb1c4-ad97-d91a-6731-e7b5f38951a6
2026-08-16 03:30:50.056014,96.214,9,1g.11gb,yolo-inference-755b67b9bb-nz54p,default,yolo,580.173.02,GPU-d59cb1c4-ad97-d91a-6731-e7b5f38951a6
2026-08-16 03:30:55.055966,95.747,10,1g.11gb,yolo-inference-755b67b9bb-cf854,default,yolo,580.173.02,GPU-d59cb1c4-ad97-d91a-6731-e7b5f38951a6
2026-08-16 03:30:55.055966,95.841,11,1g.11gb,yolo-inference-755b67b9bb-cgztg,default,yolo,580.173.02,GPU-d59cb1c4-ad97-d91a-6731-e7b5f38951a6
2026-08-16 03:30:55.055966,96.144,12,1g.11gb,yolo-inference-755b67b9bb-g6r55,default,yolo,580.173.02,GPU-d59cb1c4-ad97-d91a-6731-e7b5f38951a6
2026-08-16 03:30:55.055966,95.89,13,1g.11gb,,,,580.173.02,GPU-d59cb1c4-ad97-d91a-6731-e7b5f38951a6
2026-08-16 03:30:55.055966,95.895,7,1g.11gb,yolo-inference-755b67b9bb-6qhhl,default,yolo,580.173.02,GPU-d59cb1c4-ad97-d91a-6731-e7b5f38951a6
2026-08-16 03:30:55.055966,96.052,8,1g.11gb,,,,580.173.02,GPU-d59cb1c4-ad97-d91a-6731-e7b5f38951a6
2026-08-16 03:30:55.055966,95.841,9,1g.11gb,yolo-inference-755b67b9bb-nz54p,default,yolo,580.173.02,GPU-d59cb1c4-ad97-d91a-6731-e7b5f38951a6
2026-08-16 03:31:00.055972,95.747,10,1g.11gb,yolo-inference-755b67b9bb-cf854,default,yolo,580.173.02,GPU-d59cb1c4-ad97-d91a-6731-e7b5f38951a6
2026-08-16 03:31:00.055972,95.841,11,1g.11gb,yolo-inference-755b67b9bb-cgztg,default,yolo,580.173.02,GPU-d59cb1c4-ad97-d91a-6731-e7b5f38951a6
2026-08-16 03:31:00.055972,96.144,12,1g.11gb,yolo-inference-755b67b9bb-g6r55,default,yolo,580.173.02,GPU-d59cb1c4-ad97-d91a-6731-e7b5f38951a6
2026-08-16 03:31:00.055972,95.89,13,1g.11gb,,,,580.173.02,GPU-d59cb1c4-ad97-d91a-6731-e7b5f38951a6
2026-08-16 03:31:00.055972,95.895,7,1g.11gb,yolo-inference-755b67b9bb-6qhhl,default,yolo,580.173.02,GPU-d59cb1c4-ad97-d91a-6731-e7b5f38951a6
2026-08-16 03:31:00.055972,96.052,8,1g.11gb,,,,580.173.02,GPU-d59cb1c4-ad97-d91a-6731-e7b5f38951a6
2026-08-16 03:31:00.055972,95.841,9,1g.11gb,yolo-inference-755b67b9bb-nz54p,default,yolo,580.173.02,GPU-d59cb1c4-ad97-d91a-6731-e7b5f38951a6
2026-08-16 03:31:05.055936,95.747,10,1g.11gb,yolo-inference-755b67b9bb-cf854,default,yolo,580.173.02,GPU-d59cb1c4-ad97-d91a-6731-e7b5f38951a6
2026-08-16 03:31:05.055936,95.841,11,1g.11gb,yolo-inference-755b67b9bb-cgztg,default,yolo,580.173.02,GPU-d59cb1c4-ad97-d91a-6731-e7b5f38951a6
2026-08-16 03:31:05.055936,96.144,12,1g.11gb,yolo-inference-755b67b9bb-g6r55,default,yolo,580.173.02,GPU-d59cb1c4-ad97-d91a-6731-e7b5f38951a6
2026-08-16 03:31:05.055936,95.89,13,1g.11gb,,,,580.173.02,GPU-d59cb1c4-ad97-d91a-6731-e7b5f38951a6
2026-08-16 03:31:05.055936,95.895,7,1g.11gb,yolo-inference-755b67b9bb-6qhhl,default,yolo,580.173.02,GPU-d59cb1c4-ad97-d91a-6731-e7b5f38951a6
2026-08-16 03:31:05.055936,96.052,8,1g.11gb,,,,580.173.02,GPU-d59cb1c4-ad97-d91a-6731-e7b5f38951a6
2026-08-16 03:31:05.055936,95.841,9,1g.11gb,yolo-inference-755b67b9bb-nz54p,default,yolo,580.173.02,GPU-d59cb1c4-ad97-d91a-6731-e7b5f38951a6
2026-08-16 03:31:10.055961,95.747,10,1g.11gb,yolo-inference-755b67b9bb-cf854,default,yolo,580.173.02,GPU-d59cb1c4-ad97-d91a-6731-e7b5f38951a6
2026-08-16 03:31:10.055961,95.841,11,1g.11gb,yolo-inference-755b67b9bb-cgztg,default,yolo,580.173.02,GPU-d59cb1c4-ad97-d91a-6731-e7b5f38951a6
2026-08-16 03:31:10.055961,96.144,12,1g.11gb,yolo-inference-755b67b9bb-g6r55,default,yolo,580.173.02,GPU-d59cb1c4-ad97-d91a-6731-e7b5f38951a6
2026-08-16 03:31:10.055961,95.89,13,1g.11gb,,,,580.173.02,GPU-d59cb1c4-ad97-d91a-6731-e7b5f38951a6
2026-08-16 03:31:10.055961,95.895,7,1g.11gb,yolo-inference-755b67b9bb-6qhhl,default,yolo,580.173.02,GPU-d59cb1c4-ad97-d91a-6731-e7b5f38951a6
2026-08-16 03:31:10.055961,96.052,8,1g.11gb,,,,580.173.02,GPU-d59cb1c4-ad97-d91a-6731-e7b5f38951a6
2026-08-16 03:31:10.055961,95.841,9,1g.11gb,yolo-inference-755b67b9bb-nz54p,default,yolo,580.173.02,GPU-d59cb1c4-ad97-d91a-6731-e7b5f38951a6
2026-08-16 03:31:15.055972,95.747,10,1g.11gb,yolo-inference-755b67b9bb-cf854,default,yolo,580.173.02,GPU-d59cb1c4-ad97-d91a-6731-e7b5f38951a6
2026-08-16 03:31:15.055972,95.841,11,1g.11gb,yolo-inference-755b67b9bb-cgztg,default,yolo,580.173.02,GPU-d59cb1c4-ad97-d91a-6731-e7b5f38951a6
2026-08-16 03:31:15.055972,96.144,12,1g.11gb,yolo-inference-755b67b9bb-g6r55,default,yolo,580.173.02,GPU-d59cb1c4-ad97-d91a-6731-e7b5f38951a6
2026-08-16 03:31:15.055972,95.89,13,1g.11gb,,,,580.173.02,GPU-d59cb1c4-ad97-d91a-6731-e7b5f38951a6
2026-08-16 03:31:15.055972,95.895,7,1g.11gb,yolo-inference-755b67b9bb-6qhhl,default,yolo,580.173.02,GPU-d59cb1c4-ad97-d91a-6731-e7b5f38951a6
2026-08-16 03:31:15.055972,96.052,8,1g.11gb,,,,580.173.02,GPU-d59cb1c4-ad97-d91a-6731-e7b5f38951a6
2026-08-16 03:31:15.055972,95.841,9,1g.11gb,yolo-inference-755b67b9bb-nz54p,default,yolo,580.173.02,GPU-d59cb1c4-ad97-d91a-6731-e7b5f38951a6
2026-08-16 03:31:20.055925,95.694,10,1g.11gb,yolo-inference-755b67b9bb-cf854,default,yolo,580.173.02,GPU-d59cb1c4-ad97-d91a-6731-e7b5f38951a6
2026-08-16 03:31:20.055925,95.841,11,1g.11gb,yolo-inference-755b67b9bb-cgztg,default,yolo,580.173.02,GPU-d59cb1c4-ad97-d91a-6731-e7b5f38951a6
2026-08-16 03:31:20.055925,96.144,12,1g.11gb,yolo-inference-755b67b9bb-g6r55,default,yolo,580.173.02,GPU-d59cb1c4-ad97-d91a-6731-e7b5f38951a6
2026-08-16 03:31:20.055925,95.89,13,1g.11gb,,,,580.173.02,GPU-d59cb1c4-ad97-d91a-6731-e7b5f38951a6
2026-08-16 03:31:20.055925,95.895,7,1g.11gb,yolo-inference-755b67b9bb-6qhhl,default,yolo,580.173.02,GPU-d59cb1c4-ad97-d91a-6731-e7b5f38951a6
2026-08-16 03:31:20.055925,96.052,8,1g.11gb,,,,580.173.02,GPU-d59cb1c4-ad97-d91a-6731-e7b5f38951a6
2026-08-16 03:31:20.055925,95.841,9,1g.11gb,yolo-inference-755b67b9bb-nz54p,default,yolo,580.173.02,GPU-d59cb1c4-ad97-d91a-6731-e7b5f38951a6
2026-08-16 03:31:25.051570,95.694,10,1g.11gb,yolo-inference-755b67b9bb-cf854,default,yolo,580.173.02,GPU-d59cb1c4-ad97-d91a-6731-e7b5f38951a6
2026-08-16 03:31:25.051570,95.517,11,1g.11gb,yolo-inference-755b67b9bb-cgztg,default,yolo,580.173.02,GPU-d59cb1c4-ad97-d91a-6731-e7b5f38951a6
2026-08-16 03:31:25.051570,96.124,12,1g.11gb,yolo-inference-755b67b9bb-g6r55,default,yolo,580.173.02,GPU-d59cb1c4-ad97-d91a-6731-e7b5f38951a6
2026-08-16 03:31:25.051570,95.517,13,1g.11gb,,,,580.173.02,GPU-d59cb1c4-ad97-d91a-6731-e7b5f38951a6
2026-08-16 03:31:25.051570,96.594,7,1g.11gb,yolo-inference-755b67b9bb-6qhhl,default,yolo,580.173.02,GPU-d59cb1c4-ad97-d91a-6731-e7b5f38951a6
2026-08-16 03:31:25.051570,96.037,8,1g.11gb,,,,580.173.02,GPU-d59cb1c4-ad97-d91a-6731-e7b5f38951a6
2026-08-16 03:31:25.051570,95.441,9,1g.11gb,yolo-inference-755b67b9bb-nz54p,default,yolo,580.173.02,GPU-d59cb1c4-ad97-d91a-6731-e7b5f38951a6
2026-08-16 03:31:30.055092,95.694,10,1g.11gb,yolo-inference-755b67b9bb-cf854,default,yolo,580.173.02,GPU-d59cb1c4-ad97-d91a-6731-e7b5f38951a6
2026-08-16 03:31:30.055092,95.517,11,1g.11gb,yolo-inference-755b67b9bb-cgztg,default,yolo,580.173.02,GPU-d59cb1c4-ad97-d91a-6731-e7b5f38951a6
2026-08-16 03:31:30.055092,96.124,12,1g.11gb,yolo-inference-755b67b9bb-g6r55,default,yolo,580.173.02,GPU-d59cb1c4-ad97-d91a-6731-e7b5f38951a6
2026-08-16 03:31:30.055092,95.517,13,1g.11gb,,,,580.173.02,GPU-d59cb1c4-ad97-d91a-6731-e7b5f38951a6
2026-08-16 03:31:30.055092,96.594,7,1g.11gb,yolo-inference-755b67b9bb-6qhhl,default,yolo,580.173.02,GPU-d59cb1c4-ad97-d91a-6731-e7b5f38951a6
2026-08-16 03:31:30.055092,96.037,8,1g.11gb,,,,580.173.02,GPU-d59cb1c4-ad97-d91a-6731-e7b5f38951a6
2026-08-16 03:31:30.055092,95.441,9,1g.11gb,yolo-inference-755b67b9bb-nz54p,default,yolo,580.173.02,GPU-d59cb1c4-ad97-d91a-6731-e7b5f38951a6
2026-08-16 03:31:35.056008,95.694,10,1g.11gb,yolo-inference-755b67b9bb-cf854,default,yolo,580.173.02,GPU-d59cb1c4-ad97-d91a-6731-e7b5f38951a6
2026-08-16 03:31:35.056008,95.517,11,1g.11gb,yolo-inference-755b67b9bb-cgztg,default,yolo,580.173.02,GPU-d59cb1c4-ad97-d91a-6731-e7b5f38951a6
2026-08-16 03:31:35.056008,96.124,12,1g.11gb,yolo-inference-755b67b9bb-g6r55,default,yolo,580.173.02,GPU-d59cb1c4-ad97-d91a-6731-e7b5f38951a6
2026-08-16 03:31:35.056008,95.517,13,1g.11gb,,,,580.173.02,GPU-d59cb1c4-ad97-d91a-6731-e7b5f38951a6
2026-08-16 03:31:35.056008,96.594,7,1g.11gb,yolo-inference-755b67b9bb-6qhhl,default,yolo,580.173.02,GPU-d59cb1c4-ad97-d91a-6731-e7b5f38951a6
2026-08-16 03:31:35.056008,96.037,8,1g.11gb,,,,580.173.02,GPU-d59cb1c4-ad97-d91a-6731-e7b5f38951a6
2026-08-16 03:31:35.056008,95.441,9,1g.11gb,yolo-inference-755b67b9bb-nz54p,default,yolo,580.173.02,GPU-d59cb1c4-ad97-d91a-6731-e7b5f38951a6
2026-08-16 03:31:40.052391,95.694,10,1g.11gb,yolo-inference-755b67b9bb-cf854,default,yolo,580.173.02,GPU-d59cb1c4-ad97-d91a-6731-e7b5f38951a6
2026-08-16 03:31:40.052391,95.517,11,1g.11gb,yolo-inference-755b67b9bb-cgztg,default,yolo,580.173.02,GPU-d59cb1c4-ad97-d91a-6731-e7b5f38951a6
2026-08-16 03:31:40.052391,96.124,12,1g.11gb,yolo-inference-755b67b9bb-g6r55,default,yolo,580.173.02,GPU-d59cb1c4-ad97-d91a-6731-e7b5f38951a6
2026-08-16 03:31:40.052391,95.517,13,1g.11gb,,,,580.173.02,GPU-d59cb1c4-ad97-d91a-6731-e7b5f38951a6
2026-08-16 03:31:40.052391,96.594,7,1g.11gb,yolo-inference-755b67b9bb-6qhhl,default,yolo,580.173.02,GPU-d59cb1c4-ad97-d91a-6731-e7b5f38951a6
2026-08-16 03:31:40.052391,96.037,8,1g.11gb,,,,580.173.02,GPU-d59cb1c4-ad97-d91a-6731-e7b5f38951a6
2026-08-16 03:31:40.052391,95.441,9,1g.11gb,yolo-inference-755b67b9bb-nz54p,default,yolo,580.173.02,GPU-d59cb1c4-ad97-d91a-6731-e7b5f38951a6
2026-08-16 03:31:45.056003,95.694,10,1g.11gb,yolo-inference-755b67b9bb-cf854,default,yolo,580.173.02,GPU-d59cb1c4-ad97-d91a-6731-e7b5f38951a6
2026-08-16 03:31:45.056003,95.517,11,1g.11gb,yolo-inference-755b67b9bb-cgztg,default,yolo,580.173.02,GPU-d59cb1c4-ad97-d91a-6731-e7b5f38951a6
2026-08-16 03:31:45.056003,96.124,12,1g.11gb,yolo-inference-755b67b9bb-g6r55,default,yolo,580.173.02,GPU-d59cb1c4-ad97-d91a-6731-e7b5f38951a6
2026-08-16 03:31:45.056003,95.517,13,1g.11gb,,,,580.173.02,GPU-d59cb1c4-ad97-d91a-6731-e7b5f38951a6
2026-08-16 03:31:45.056003,96.594,7,1g.11gb,yolo-inference-755b67b9bb-6qhhl,default,yolo,580.173.02,GPU-d59cb1c4-ad97-d91a-6731-e7b5f38951a6
2026-08-16 03:31:45.056003,96.037,8,1g.11gb,,,,580.173.02,GPU-d59cb1c4-ad97-d91a-6731-e7b5f38951a6
2026-08-16 03:31:45.056003,95.441,9,1g.11gb,yolo-inference-755b67b9bb-nz54p,default,yolo,580.173.02,GPU-d59cb1c4-ad97-d91a-6731-e7b5f38951a6
2026-08-16 03:31:50.055968,95.842,10,1g.11gb,yolo-inference-755b67b9bb-cf854,default,yolo,580.173.02,GPU-d59cb1c4-ad97-d91a-6731-e7b5f38951a6
2026-08-16 03:31:50.055968,95.517,11,1g.11gb,yolo-inference-755b67b9bb-cgztg,default,yolo,580.173.02,GPU-d59cb1c4-ad97-d91a-6731-e7b5f38951a6
2026-08-16 03:31:50.055968,96.124,12,1g.11gb,yolo-inference-755b67b9bb-g6r55,default,yolo,580.173.02,GPU-d59cb1c4-ad97-d91a-6731-e7b5f38951a6
2026-08-16 03:31:50.055968,95.517,13,1g.11gb,,,,580.173.02,GPU-d59cb1c4-ad97-d91a-6731-e7b5f38951a6
2026-08-16 03:31:50.055968,96.594,7,1g.11gb,yolo-inference-755b67b9bb-6qhhl,default,yolo,580.173.02,GPU-d59cb1c4-ad97-d91a-6731-e7b5f38951a6
2026-08-16 03:31:50.055968,96.037,8,1g.11gb,,,,580.173.02,GPU-d59cb1c4-ad97-d91a-6731-e7b5f38951a6
2026-08-16 03:31:50.055968,95.441,9,1g.11gb,yolo-inference-755b67b9bb-nz54p,default,yolo,580.173.02,GPU-d59cb1c4-ad97-d91a-6731-e7b5f38951a6
2026-08-16 03:31:55.056007,95.842,10,1g.11gb,yolo-inference-755b67b9bb-cf854,default,yolo,580.173.02,GPU-d59cb1c4-ad97-d91a-6731-e7b5f38951a6
2026-08-16 03:31:55.056007,96.049,11,1g.11gb,yolo-inference-755b67b9bb-cgztg,default,yolo,580.173.02,GPU-d59cb1c4-ad97-d91a-6731-e7b5f38951a6
2026-08-16 03:31:55.056007,95.961,12,1g.11gb,yolo-inference-755b67b9bb-g6r55,default,yolo,580.173.02,GPU-d59cb1c4-ad97-d91a-6731-e7b5f38951a6
2026-08-16 03:31:55.056007,96.049,13,1g.11gb,,,,580.173.02,GPU-d59cb1c4-ad97-d91a-6731-e7b5f38951a6
2026-08-16 03:31:55.056007,95.993,7,1g.11gb,yolo-inference-755b67b9bb-6qhhl,default,yolo,580.173.02,GPU-d59cb1c4-ad97-d91a-6731-e7b5f38951a6
2026-08-16 03:31:55.056007,96.049,8,1g.11gb,,,,580.173.02,GPU-d59cb1c4-ad97-d91a-6731-e7b5f38951a6
2026-08-16 03:31:55.056007,96.086,9,1g.11gb,yolo-inference-755b67b9bb-nz54p,default,yolo,580.173.02,GPU-d59cb1c4-ad97-d91a-6731-e7b5f38951a6
2026-08-16 03:32:00.055994,95.842,10,1g.11gb,yolo-inference-755b67b9bb-cf854,default,yolo,580.173.02,GPU-d59cb1c4-ad97-d91a-6731-e7b5f38951a6
2026-08-16 03:32:00.055994,96.049,11,1g.11gb,yolo-inference-755b67b9bb-cgztg,default,yolo,580.173.02,GPU-d59cb1c4-ad97-d91a-6731-e7b5f38951a6
2026-08-16 03:32:00.055994,95.961,12,1g.11gb,yolo-inference-755b67b9bb-g6r55,default,yolo,580.173.02,GPU-d59cb1c4-ad97-d91a-6731-e7b5f38951a6
2026-08-16 03:32:00.055994,96.049,13,1g.11gb,,,,580.173.02,GPU-d59cb1c4-ad97-d91a-6731-e7b5f38951a6
2026-08-16 03:32:00.055994,95.993,7,1g.11gb,yolo-inference-755b67b9bb-6qhhl,default,yolo,580.173.02,GPU-d59cb1c4-ad97-d91a-6731-e7b5f38951a6
2026-08-16 03:32:00.055994,96.049,8,1g.11gb,,,,580.173.02,GPU-d59cb1c4-ad97-d91a-6731-e7b5f38951a6
2026-08-16 03:32:00.055994,96.086,9,1g.11gb,yolo-inference-755b67b9bb-nz54p,default,yolo,580.173.02,GPU-d59cb1c4-ad97-d91a-6731-e7b5f38951a6
2026-08-16 03:32:05.056005,95.842,10,1g.11gb,yolo-inference-755b67b9bb-cf854,default,yolo,580.173.02,GPU-d59cb1c4-ad97-d91a-6731-e7b5f38951a6
2026-08-16 03:32:05.056005,96.049,11,1g.11gb,yolo-inference-755b67b9bb-cgztg,default,yolo,580.173.02,GPU-d59cb1c4-ad97-d91a-6731-e7b5f38951a6
2026-08-16 03:32:05.056005,95.961,12,1g.11gb,yolo-inference-755b67b9bb-g6r55,default,yolo,580.173.02,GPU-d59cb1c4-ad97-d91a-6731-e7b5f38951a6
2026-08-16 03:32:05.056005,96.049,13,1g.11gb,,,,580.173.02,GPU-d59cb1c4-ad97-d91a-6731-e7b5f38951a6
2026-08-16 03:32:05.056005,95.993,7,1g.11gb,yolo-inference-755b67b9bb-6qhhl,default,yolo,580.173.02,GPU-d59cb1c4-ad97-d91a-6731-e7b5f38951a6
2026-08-16 03:32:05.056005,96.049,8,1g.11gb,,,,580.173.02,GPU-d59cb1c4-ad97-d91a-6731-e7b5f38951a6
2026-08-16 03:32:05.056005,96.086,9,1g.11gb,yolo-inference-755b67b9bb-nz54p,default,yolo,580.173.02,GPU-d59cb1c4-ad97-d91a-6731-e7b5f38951a6
2026-08-16 03:32:10.055978,95.842,10,1g.11gb,yolo-inference-755b67b9bb-cf854,default,yolo,580.173.02,GPU-d59cb1c4-ad97-d91a-6731-e7b5f38951a6
2026-08-16 03:32:10.055978,96.049,11,1g.11gb,yolo-inference-755b67b9bb-cgztg,default,yolo,580.173.02,GPU-d59cb1c4-ad97-d91a-6731-e7b5f38951a6
2026-08-16 03:32:10.055978,95.961,12,1g.11gb,yolo-inference-755b67b9bb-g6r55,default,yolo,580.173.02,GPU-d59cb1c4-ad97-d91a-6731-e7b5f38951a6
2026-08-16 03:32:10.055978,96.049,13,1g.11gb,,,,580.173.02,GPU-d59cb1c4-ad97-d91a-6731-e7b5f38951a6
2026-08-16 03:32:10.055978,95.993,7,1g.11gb,yolo-inference-755b67b9bb-6qhhl,default,yolo,580.173.02,GPU-d59cb1c4-ad97-d91a-6731-e7b5f38951a6
2026-08-16 03:32:10.055978,96.049,8,1g.11gb,,,,580.173.02,GPU-d59cb1c4-ad97-d91a-6731-e7b5f38951a6
2026-08-16 03:32:10.055978,96.086,9,1g.11gb,yolo-inference-755b67b9bb-nz54p,default,yolo,580.173.02,GPU-d59cb1c4-ad97-d91a-6731-e7b5f38951a6
2026-08-16 03:32:15.055980,95.842,10,1g.11gb,yolo-inference-755b67b9bb-cf854,default,yolo,580.173.02,GPU-d59cb1c4-ad97-d91a-6731-e7b5f38951a6
2026-08-16 03:32:15.055980,96.049,11,1g.11gb,yolo-inference-755b67b9bb-cgztg,default,yolo,580.173.02,GPU-d59cb1c4-ad97-d91a-6731-e7b5f38951a6
2026-08-16 03:32:15.055980,95.961,12,1g.11gb,yolo-inference-755b67b9bb-g6r55,default,yolo,580.173.02,GPU-d59cb1c4-ad97-d91a-6731-e7b5f38951a6
2026-08-16 03:32:15.055980,96.049,13,1g.11gb,,,,580.173.02,GPU-d59cb1c4-ad97-d91a-6731-e7b5f38951a6
2026-08-16 03:32:15.055980,95.993,7,1g.11gb,yolo-inference-755b67b9bb-6qhhl,default,yolo,580.173.02,GPU-d59cb1c4-ad97-d91a-6731-e7b5f38951a6
2026-08-16 03:32:15.055980,96.049,8,1g.11gb,,,,580.173.02,GPU-d59cb1c4-ad97-d91a-6731-e7b5f38951a6
2026-08-16 03:32:15.055980,96.086,9,1g.11gb,yolo-inference-755b67b9bb-nz54p,default,yolo,580.173.02,GPU-d59cb1c4-ad97-d91a-6731-e7b5f38951a6
2026-08-16 03:32:20.055991,96.028,10,1g.11gb,yolo-inference-755b67b9bb-cf854,default,yolo,580.173.02,GPU-d59cb1c4-ad97-d91a-6731-e7b5f38951a6
2026-08-16 03:32:20.055991,96.049,11,1g.11gb,yolo-inference-755b67b9bb-cgztg,default,yolo,580.173.02,GPU-d59cb1c4-ad97-d91a-6731-e7b5f38951a6
2026-08-16 03:32:20.055991,95.961,12,1g.11gb,yolo-inference-755b67b9bb-g6r55,default,yolo,580.173.02,GPU-d59cb1c4-ad97-d91a-6731-e7b5f38951a6
2026-08-16 03:32:20.055991,96.049,13,1g.11gb,,,,580.173.02,GPU-d59cb1c4-ad97-d91a-6731-e7b5f38951a6
2026-08-16 03:32:20.055991,95.993,7,1g.11gb,yolo-inference-755b67b9bb-6qhhl,default,yolo,580.173.02,GPU-d59cb1c4-ad97-d91a-6731-e7b5f38951a6
2026-08-16 03:32:20.055991,96.049,8,1g.11gb,,,,580.173.02,GPU-d59cb1c4-ad97-d91a-6731-e7b5f38951a6
2026-08-16 03:32:20.055991,96.086,9,1g.11gb,yolo-inference-755b67b9bb-nz54p,default,yolo,580.173.02,GPU-d59cb1c4-ad97-d91a-6731-e7b5f38951a6
2026-08-16 03:32:25.055980,96.028,10,1g.11gb,yolo-inference-755b67b9bb-cf854,default,yolo,580.173.02,GPU-d59cb1c4-ad97-d91a-6731-e7b5f38951a6
2026-08-16 03:32:25.055980,96.092,11,1g.11gb,yolo-inference-755b67b9bb-cgztg,default,yolo,580.173.02,GPU-d59cb1c4-ad97-d91a-6731-e7b5f38951a6
2026-08-16 03:32:25.055980,96.248,12,1g.11gb,yolo-inference-755b67b9bb-g6r55,default,yolo,580.173.02,GPU-d59cb1c4-ad97-d91a-6731-e7b5f38951a6
2026-08-16 03:32:25.055980,96.092,13,1g.11gb,,,,580.173.02,GPU-d59cb1c4-ad97-d91a-6731-e7b5f38951a6
2026-08-16 03:32:25.055980,96.063,7,1g.11gb,yolo-inference-755b67b9bb-6qhhl,default,yolo,580.173.02,GPU-d59cb1c4-ad97-d91a-6731-e7b5f38951a6
2026-08-16 03:32:25.055980,96.124,8,1g.11gb,,,,580.173.02,GPU-d59cb1c4-ad97-d91a-6731-e7b5f38951a6
2026-08-16 03:32:25.055980,96.177,9,1g.11gb,yolo-inference-755b67b9bb-nz54p,default,yolo,580.173.02,GPU-d59cb1c4-ad97-d91a-6731-e7b5f38951a6
2026-08-16 03:32:30.055964,96.028,10,1g.11gb,yolo-inference-755b67b9bb-cf854,default,yolo,580.173.02,GPU-d59cb1c4-ad97-d91a-6731-e7b5f38951a6
2026-08-16 03:32:30.055964,96.092,11,1g.11gb,yolo-inference-755b67b9bb-cgztg,default,yolo,580.173.02,GPU-d59cb1c4-ad97-d91a-6731-e7b5f38951a6
2026-08-16 03:32:30.055964,96.248,12,1g.11gb,yolo-inference-755b67b9bb-g6r55,default,yolo,580.173.02,GPU-d59cb1c4-ad97-d91a-6731-e7b5f38951a6
2026-08-16 03:32:30.055964,96.092,13,1g.11gb,,,,580.173.02,GPU-d59cb1c4-ad97-d91a-6731-e7b5f38951a6
2026-08-16 03:32:30.055964,96.063,7,1g.11gb,yolo-inference-755b67b9bb-6qhhl,default,yolo,580.173.02,GPU-d59cb1c4-ad97-d91a-6731-e7b5f38951a6
2026-08-16 03:32:30.055964,96.124,8,1g.11gb,,,,580.173.02,GPU-d59cb1c4-ad97-d91a-6731-e7b5f38951a6
2026-08-16 03:32:30.055964,96.177,9,1g.11gb,yolo-inference-755b67b9bb-nz54p,default,yolo,580.173.02,GPU-d59cb1c4-ad97-d91a-6731-e7b5f38951a6
2026-08-16 03:32:35.056165,96.028,10,1g.11gb,yolo-inference-755b67b9bb-cf854,default,yolo,580.173.02,GPU-d59cb1c4-ad97-d91a-6731-e7b5f38951a6
2026-08-16 03:32:35.056165,96.092,11,1g.11gb,yolo-inference-755b67b9bb-cgztg,default,yolo,580.173.02,GPU-d59cb1c4-ad97-d91a-6731-e7b5f38951a6
2026-08-16 03:32:35.056165,96.248,12,1g.11gb,yolo-inference-755b67b9bb-g6r55,default,yolo,580.173.02,GPU-d59cb1c4-ad97-d91a-6731-e7b5f38951a6
2026-08-16 03:32:35.056165,96.092,13,1g.11gb,,,,580.173.02,GPU-d59cb1c4-ad97-d91a-6731-e7b5f38951a6
2026-08-16 03:32:35.056165,96.063,7,1g.11gb,yolo-inference-755b67b9bb-6qhhl,default,yolo,580.173.02,GPU-d59cb1c4-ad97-d91a-6731-e7b5f38951a6
2026-08-16 03:32:35.056165,96.124,8,1g.11gb,,,,580.173.02,GPU-d59cb1c4-ad97-d91a-6731-e7b5f38951a6
2026-08-16 03:32:35.056165,96.177,9,1g.11gb,yolo-inference-755b67b9bb-nz54p,default,yolo,580.173.02,GPU-d59cb1c4-ad97-d91a-6731-e7b5f38951a6
2026-08-16 03:32:40.056023,96.028,10,1g.11gb,yolo-inference-755b67b9bb-cf854,default,yolo,580.173.02,GPU-d59cb1c4-ad97-d91a-6731-e7b5f38951a6
2026-08-16 03:32:40.056023,96.092,11,1g.11gb,yolo-inference-755b67b9bb-cgztg,default,yolo,580.173.02,GPU-d59cb1c4-ad97-d91a-6731-e7b5f38951a6
2026-08-16 03:32:40.056023,96.248,12,1g.11gb,yolo-inference-755b67b9bb-g6r55,default,yolo,580.173.02,GPU-d59cb1c4-ad97-d91a-6731-e7b5f38951a6
2026-08-16 03:32:40.056023,96.092,13,1g.11gb,,,,580.173.02,GPU-d59cb1c4-ad97-d91a-6731-e7b5f38951a6
2026-08-16 03:32:40.056023,96.063,7,1g.11gb,yolo-inference-755b67b9bb-6qhhl,default,yolo,580.173.02,GPU-d59cb1c4-ad97-d91a-6731-e7b5f38951a6
2026-08-16 03:32:40.056023,96.124,8,1g.11gb,,,,580.173.02,GPU-d59cb1c4-ad97-d91a-6731-e7b5f38951a6
2026-08-16 03:32:40.056023,96.177,9,1g.11gb,yolo-inference-755b67b9bb-nz54p,default,yolo,580.173.02,GPU-d59cb1c4-ad97-d91a-6731-e7b5f38951a6
2026-08-16 03:32:45.055282,96.028,10,1g.11gb,yolo-inference-755b67b9bb-cf854,default,yolo,580.173.02,GPU-d59cb1c4-ad97-d91a-6731-e7b5f38951a6
2026-08-16 03:32:45.055282,96.092,11,1g.11gb,yolo-inference-755b67b9bb-cgztg,default,yolo,580.173.02,GPU-d59cb1c4-ad97-d91a-6731-e7b5f38951a6
2026-08-16 03:32:45.055282,96.248,12,1g.11gb,yolo-inference-755b67b9bb-g6r55,default,yolo,580.173.02,GPU-d59cb1c4-ad97-d91a-6731-e7b5f38951a6
2026-08-16 03:32:45.055282,96.092,13,1g.11gb,,,,580.173.02,GPU-d59cb1c4-ad97-d91a-6731-e7b5f38951a6
2026-08-16 03:32:45.055282,96.063,7,1g.11gb,yolo-inference-755b67b9bb-6qhhl,default,yolo,580.173.02,GPU-d59cb1c4-ad97-d91a-6731-e7b5f38951a6
2026-08-16 03:32:45.055282,96.124,8,1g.11gb,,,,580.173.02,GPU-d59cb1c4-ad97-d91a-6731-e7b5f38951a6
2026-08-16 03:32:45.055282,96.177,9,1g.11gb,yolo-inference-755b67b9bb-nz54p,default,yolo,580.173.02,GPU-d59cb1c4-ad97-d91a-6731-e7b5f38951a6
2026-08-16 03:32:50.055895,95.559,10,1g.11gb,yolo-inference-755b67b9bb-cf854,default,yolo,580.173.02,GPU-d59cb1c4-ad97-d91a-6731-e7b5f38951a6
2026-08-16 03:32:50.055895,96.092,11,1g.11gb,yolo-inference-755b67b9bb-cgztg,default,yolo,580.173.02,GPU-d59cb1c4-ad97-d91a-6731-e7b5f38951a6
2026-08-16 03:32:50.055895,96.248,12,1g.11gb,yolo-inference-755b67b9bb-g6r55,default,yolo,580.173.02,GPU-d59cb1c4-ad97-d91a-6731-e7b5f38951a6
2026-08-16 03:32:50.055895,96.092,13,1g.11gb,,,,580.173.02,GPU-d59cb1c4-ad97-d91a-6731-e7b5f38951a6
2026-08-16 03:32:50.055895,96.063,7,1g.11gb,yolo-inference-755b67b9bb-6qhhl,default,yolo,580.173.02,GPU-d59cb1c4-ad97-d91a-6731-e7b5f38951a6
2026-08-16 03:32:50.055895,96.124,8,1g.11gb,,,,580.173.02,GPU-d59cb1c4-ad97-d91a-6731-e7b5f38951a6
2026-08-16 03:32:50.055895,96.177,9,1g.11gb,yolo-inference-755b67b9bb-nz54p,default,yolo,580.173.02,GPU-d59cb1c4-ad97-d91a-6731-e7b5f38951a6
2026-08-16 03:32:55.053574,95.559,10,1g.11gb,yolo-inference-755b67b9bb-cf854,default,yolo,580.173.02,GPU-d59cb1c4-ad97-d91a-6731-e7b5f38951a6
2026-08-16 03:32:55.053574,95.762,11,1g.11gb,yolo-inference-755b67b9bb-cgztg,default,yolo,580.173.02,GPU-d59cb1c4-ad97-d91a-6731-e7b5f38951a6
2026-08-16 03:32:55.053574,95.945,12,1g.11gb,yolo-inference-755b67b9bb-g6r55,default,yolo,580.173.02,GPU-d59cb1c4-ad97-d91a-6731-e7b5f38951a6
2026-08-16 03:32:55.053574,95.87,13,1g.11gb,,,,580.173.02,GPU-d59cb1c4-ad97-d91a-6731-e7b5f38951a6
2026-08-16 03:32:55.053574,95.79,7,1g.11gb,yolo-inference-755b67b9bb-6qhhl,default,yolo,580.173.02,GPU-d59cb1c4-ad97-d91a-6731-e7b5f38951a6
2026-08-16 03:32:55.053574,95.945,8,1g.11gb,,,,580.173.02,GPU-d59cb1c4-ad97-d91a-6731-e7b5f38951a6
2026-08-16 03:32:55.053574,95.762,9,1g.11gb,yolo-inference-755b67b9bb-nz54p,default,yolo,580.173.02,GPU-d59cb1c4-ad97-d91a-6731-e7b5f38951a6
2026-08-16 03:33:00.055979,95.559,10,1g.11gb,yolo-inference-755b67b9bb-cf854,default,yolo,580.173.02,GPU-d59cb1c4-ad97-d91a-6731-e7b5f38951a6
2026-08-16 03:33:00.055979,95.762,11,1g.11gb,yolo-inference-755b67b9bb-cgztg,default,yolo,580.173.02,GPU-d59cb1c4-ad97-d91a-6731-e7b5f38951a6
2026-08-16 03:33:00.055979,95.945,12,1g.11gb,yolo-inference-755b67b9bb-g6r55,default,yolo,580.173.02,GPU-d59cb1c4-ad97-d91a-6731-e7b5f38951a6
2026-08-16 03:33:00.055979,95.87,13,1g.11gb,,,,580.173.02,GPU-d59cb1c4-ad97-d91a-6731-e7b5f38951a6
2026-08-16 03:33:00.055979,95.79,7,1g.11gb,yolo-inference-755b67b9bb-6qhhl,default,yolo,580.173.02,GPU-d59cb1c4-ad97-d91a-6731-e7b5f38951a6
2026-08-16 03:33:00.055979,95.945,8,1g.11gb,,,,580.173.02,GPU-d59cb1c4-ad97-d91a-6731-e7b5f38951a6
2026-08-16 03:33:00.055979,95.762,9,1g.11gb,yolo-inference-755b67b9bb-nz54p,default,yolo,580.173.02,GPU-d59cb1c4-ad97-d91a-6731-e7b5f38951a6
2026-08-16 03:33:05.054659,95.559,10,1g.11gb,yolo-inference-755b67b9bb-cf854,default,yolo,580.173.02,GPU-d59cb1c4-ad97-d91a-6731-e7b5f38951a6
2026-08-16 03:33:05.054659,95.762,11,1g.11gb,yolo-inference-755b67b9bb-cgztg,default,yolo,580.173.02,GPU-d59cb1c4-ad97-d91a-6731-e7b5f38951a6
2026-08-16 03:33:05.054659,95.945,12,1g.11gb,yolo-inference-755b67b9bb-g6r55,default,yolo,580.173.02,GPU-d59cb1c4-ad97-d91a-6731-e7b5f38951a6
2026-08-16 03:33:05.054659,95.87,13,1g.11gb,,,,580.173.02,GPU-d59cb1c4-ad97-d91a-6731-e7b5f38951a6
2026-08-16 03:33:05.054659,95.79,7,1g.11gb,yolo-inference-755b67b9bb-6qhhl,default,yolo,580.173.02,GPU-d59cb1c4-ad97-d91a-6731-e7b5f38951a6
2026-08-16 03:33:05.054659,95.945,8,1g.11gb,,,,580.173.02,GPU-d59cb1c4-ad97-d91a-6731-e7b5f38951a6
2026-08-16 03:33:05.054659,95.762,9,1g.11gb,yolo-inference-755b67b9bb-nz54p,default,yolo,580.173.02,GPU-d59cb1c4-ad97-d91a-6731-e7b5f38951a6
2026-08-16 03:33:10.055925,95.559,10,1g.11gb,yolo-inference-755b67b9bb-cf854,default,yolo,580.173.02,GPU-d59cb1c4-ad97-d91a-6731-e7b5f38951a6
2026-08-16 03:33:10.055925,95.762,11,1g.11gb,yolo-inference-755b67b9bb-cgztg,default,yolo,580.173.02,GPU-d59cb1c4-ad97-d91a-6731-e7b5f38951a6
2026-08-16 03:33:10.055925,95.945,12,1g.11gb,yolo-inference-755b67b9bb-g6r55,default,yolo,580.173.02,GPU-d59cb1c4-ad97-d91a-6731-e7b5f38951a6
2026-08-16 03:33:10.055925,95.87,13,1g.11gb,,,,580.173.02,GPU-d59cb1c4-ad97-d91a-6731-e7b5f38951a6
2026-08-16 03:33:10.055925,95.79,7,1g.11gb,yolo-inference-755b67b9bb-6qhhl,default,yolo,580.173.02,GPU-d59cb1c4-ad97-d91a-6731-e7b5f38951a6
2026-08-16 03:33:10.055925,95.945,8,1g.11gb,,,,580.173.02,GPU-d59cb1c4-ad97-d91a-6731-e7b5f38951a6
2026-08-16 03:33:10.055925,95.762,9,1g.11gb,yolo-inference-755b67b9bb-nz54p,default,yolo,580.173.02,GPU-d59cb1c4-ad97-d91a-6731-e7b5f38951a6
2026-08-16 03:33:15.055976,95.559,10,1g.11gb,yolo-inference-755b67b9bb-cf854,default,yolo,580.173.02,GPU-d59cb1c4-ad97-d91a-6731-e7b5f38951a6
2026-08-16 03:33:15.055976,95.762,11,1g.11gb,yolo-inference-755b67b9bb-cgztg,default,yolo,580.173.02,GPU-d59cb1c4-ad97-d91a-6731-e7b5f38951a6
2026-08-16 03:33:15.055976,95.945,12,1g.11gb,yolo-inference-755b67b9bb-g6r55,default,yolo,580.173.02,GPU-d59cb1c4-ad97-d91a-6731-e7b5f38951a6
2026-08-16 03:33:15.055976,95.87,13,1g.11gb,,,,580.173.02,GPU-d59cb1c4-ad97-d91a-6731-e7b5f38951a6
2026-08-16 03:33:15.055976,95.79,7,1g.11gb,yolo-inference-755b67b9bb-6qhhl,default,yolo,580.173.02,GPU-d59cb1c4-ad97-d91a-6731-e7b5f38951a6
2026-08-16 03:33:15.055976,95.945,8,1g.11gb,,,,580.173.02,GPU-d59cb1c4-ad97-d91a-6731-e7b5f38951a6
2026-08-16 03:33:15.055976,95.762,9,1g.11gb,yolo-inference-755b67b9bb-nz54p,default,yolo,580.173.02,GPU-d59cb1c4-ad97-d91a-6731-e7b5f38951a6
2026-08-16 03:33:20.055616,96.105,10,1g.11gb,yolo-inference-755b67b9bb-cf854,default,yolo,580.173.02,GPU-d59cb1c4-ad97-d91a-6731-e7b5f38951a6
2026-08-16 03:33:20.055616,95.762,11,1g.11gb,yolo-inference-755b67b9bb-cgztg,default,yolo,580.173.02,GPU-d59cb1c4-ad97-d91a-6731-e7b5f38951a6
2026-08-16 03:33:20.055616,95.945,12,1g.11gb,yolo-inference-755b67b9bb-g6r55,default,yolo,580.173.02,GPU-d59cb1c4-ad97-d91a-6731-e7b5f38951a6
2026-08-16 03:33:20.055616,95.87,13,1g.11gb,,,,580.173.02,GPU-d59cb1c4-ad97-d91a-6731-e7b5f38951a6
2026-08-16 03:33:20.055616,95.79,7,1g.11gb,yolo-inference-755b67b9bb-6qhhl,default,yolo,580.173.02,GPU-d59cb1c4-ad97-d91a-6731-e7b5f38951a6
2026-08-16 03:33:20.055616,95.945,8,1g.11gb,,,,580.173.02,GPU-d59cb1c4-ad97-d91a-6731-e7b5f38951a6
2026-08-16 03:33:20.055616,95.762,9,1g.11gb,yolo-inference-755b67b9bb-nz54p,default,yolo,580.173.02,GPU-d59cb1c4-ad97-d91a-6731-e7b5f38951a6
2026-08-16 03:33:25.055985,96.105,10,1g.11gb,yolo-inference-755b67b9bb-cf854,default,yolo,580.173.02,GPU-d59cb1c4-ad97-d91a-6731-e7b5f38951a6
2026-08-16 03:33:25.055985,96.283,11,1g.11gb,yolo-inference-755b67b9bb-cgztg,default,yolo,580.173.02,GPU-d59cb1c4-ad97-d91a-6731-e7b5f38951a6
2026-08-16 03:33:25.055985,96.233,12,1g.11gb,yolo-inference-755b67b9bb-g6r55,default,yolo,580.173.02,GPU-d59cb1c4-ad97-d91a-6731-e7b5f38951a6
2026-08-16 03:33:25.055985,96.265,13,1g.11gb,,,,580.173.02,GPU-d59cb1c4-ad97-d91a-6731-e7b5f38951a6
2026-08-16 03:33:25.055985,96.194,7,1g.11gb,yolo-inference-755b67b9bb-6qhhl,default,yolo,580.173.02,GPU-d59cb1c4-ad97-d91a-6731-e7b5f38951a6
2026-08-16 03:33:25.055985,96.233,8,1g.11gb,,,,580.173.02,GPU-d59cb1c4-ad97-d91a-6731-e7b5f38951a6
2026-08-16 03:33:25.055985,96.283,9,1g.11gb,yolo-inference-755b67b9bb-nz54p,default,yolo,580.173.02,GPU-d59cb1c4-ad97-d91a-6731-e7b5f38951a6
2026-08-16 03:33:30.055248,96.105,10,1g.11gb,yolo-inference-755b67b9bb-cf854,default,yolo,580.173.02,GPU-d59cb1c4-ad97-d91a-6731-e7b5f38951a6
2026-08-16 03:33:30.055248,96.283,11,1g.11gb,yolo-inference-755b67b9bb-cgztg,default,yolo,580.173.02,GPU-d59cb1c4-ad97-d91a-6731-e7b5f38951a6
2026-08-16 03:33:30.055248,96.233,12,1g.11gb,yolo-inference-755b67b9bb-g6r55,default,yolo,580.173.02,GPU-d59cb1c4-ad97-d91a-6731-e7b5f38951a6
2026-08-16 03:33:30.055248,96.265,13,1g.11gb,,,,580.173.02,GPU-d59cb1c4-ad97-d91a-6731-e7b5f38951a6
2026-08-16 03:33:30.055248,96.194,7,1g.11gb,yolo-inference-755b67b9bb-6qhhl,default,yolo,580.173.02,GPU-d59cb1c4-ad97-d91a-6731-e7b5f38951a6
2026-08-16 03:33:30.055248,96.233,8,1g.11gb,,,,580.173.02,GPU-d59cb1c4-ad97-d91a-6731-e7b5f38951a6
2026-08-16 03:33:30.055248,96.283,9,1g.11gb,yolo-inference-755b67b9bb-nz54p,default,yolo,580.173.02,GPU-d59cb1c4-ad97-d91a-6731-e7b5f38951a6
2026-08-16 03:33:35.056011,96.105,10,1g.11gb,yolo-inference-755b67b9bb-cf854,default,yolo,580.173.02,GPU-d59cb1c4-ad97-d91a-6731-e7b5f38951a6
2026-08-16 03:33:35.056011,96.283,11,1g.11gb,yolo-inference-755b67b9bb-cgztg,default,yolo,580.173.02,GPU-d59cb1c4-ad97-d91a-6731-e7b5f38951a6
2026-08-16 03:33:35.056011,96.233,12,1g.11gb,yolo-inference-755b67b9bb-g6r55,default,yolo,580.173.02,GPU-d59cb1c4-ad97-d91a-6731-e7b5f38951a6
2026-08-16 03:33:35.056011,96.265,13,1g.11gb,,,,580.173.02,GPU-d59cb1c4-ad97-d91a-6731-e7b5f38951a6
2026-08-16 03:33:35.056011,96.194,7,1g.11gb,yolo-inference-755b67b9bb-6qhhl,default,yolo,580.173.02,GPU-d59cb1c4-ad97-d91a-6731-e7b5f38951a6
2026-08-16 03:33:35.056011,96.233,8,1g.11gb,,,,580.173.02,GPU-d59cb1c4-ad97-d91a-6731-e7b5f38951a6
2026-08-16 03:33:35.056011,96.283,9,1g.11gb,yolo-inference-755b67b9bb-nz54p,default,yolo,580.173.02,GPU-d59cb1c4-ad97-d91a-6731-e7b5f38951a6
2026-08-16 03:33:40.055865,96.105,10,1g.11gb,yolo-inference-755b67b9bb-cf854,default,yolo,580.173.02,GPU-d59cb1c4-ad97-d91a-6731-e7b5f38951a6
2026-08-16 03:33:40.055865,96.283,11,1g.11gb,yolo-inference-755b67b9bb-cgztg,default,yolo,580.173.02,GPU-d59cb1c4-ad97-d91a-6731-e7b5f38951a6
2026-08-16 03:33:40.055865,96.233,12,1g.11gb,yolo-inference-755b67b9bb-g6r55,default,yolo,580.173.02,GPU-d59cb1c4-ad97-d91a-6731-e7b5f38951a6
2026-08-16 03:33:40.055865,96.265,13,1g.11gb,,,,580.173.02,GPU-d59cb1c4-ad97-d91a-6731-e7b5f38951a6
2026-08-16 03:33:40.055865,96.194,7,1g.11gb,yolo-inference-755b67b9bb-6qhhl,default,yolo,580.173.02,GPU-d59cb1c4-ad97-d91a-6731-e7b5f38951a6
2026-08-16 03:33:40.055865,96.233,8,1g.11gb,,,,580.173.02,GPU-d59cb1c4-ad97-d91a-6731-e7b5f38951a6
2026-08-16 03:33:40.055865,96.283,9,1g.11gb,yolo-inference-755b67b9bb-nz54p,default,yolo,580.173.02,GPU-d59cb1c4-ad97-d91a-6731-e7b5f38951a6
2026-08-16 03:33:45.055998,96.105,10,1g.11gb,yolo-inference-755b67b9bb-cf854,default,yolo,580.173.02,GPU-d59cb1c4-ad97-d91a-6731-e7b5f38951a6
2026-08-16 03:33:45.055998,96.283,11,1g.11gb,yolo-inference-755b67b9bb-cgztg,default,yolo,580.173.02,GPU-d59cb1c4-ad97-d91a-6731-e7b5f38951a6
2026-08-16 03:33:45.055998,96.233,12,1g.11gb,yolo-inference-755b67b9bb-g6r55,default,yolo,580.173.02,GPU-d59cb1c4-ad97-d91a-6731-e7b5f38951a6
2026-08-16 03:33:45.055998,96.265,13,1g.11gb,,,,580.173.02,GPU-d59cb1c4-ad97-d91a-6731-e7b5f38951a6
2026-08-16 03:33:45.055998,96.194,7,1g.11gb,yolo-inference-755b67b9bb-6qhhl,default,yolo,580.173.02,GPU-d59cb1c4-ad97-d91a-6731-e7b5f38951a6
2026-08-16 03:33:45.055998,96.233,8,1g.11gb,,,,580.173.02,GPU-d59cb1c4-ad97-d91a-6731-e7b5f38951a6
2026-08-16 03:33:45.055998,96.283,9,1g.11gb,yolo-inference-755b67b9bb-nz54p,default,yolo,580.173.02,GPU-d59cb1c4-ad97-d91a-6731-e7b5f38951a6
2026-08-16 03:33:50.055949,96.315,10,1g.11gb,yolo-inference-755b67b9bb-cf854,default,yolo,580.173.02,GPU-d59cb1c4-ad97-d91a-6731-e7b5f38951a6
2026-08-16 03:33:50.055949,96.283,11,1g.11gb,yolo-inference-755b67b9bb-cgztg,default,yolo,580.173.02,GPU-d59cb1c4-ad97-d91a-6731-e7b5f38951a6
2026-08-16 03:33:50.055949,96.233,12,1g.11gb,yolo-inference-755b67b9bb-g6r55,default,yolo,580.173.02,GPU-d59cb1c4-ad97-d91a-6731-e7b5f38951a6
2026-08-16 03:33:50.055949,96.265,13,1g.11gb,,,,580.173.02,GPU-d59cb1c4-ad97-d91a-6731-e7b5f38951a6
2026-08-16 03:33:50.055949,96.194,7,1g.11gb,yolo-inference-755b67b9bb-6qhhl,default,yolo,580.173.02,GPU-d59cb1c4-ad97-d91a-6731-e7b5f38951a6
2026-08-16 03:33:50.055949,96.233,8,1g.11gb,,,,580.173.02,GPU-d59cb1c4-ad97-d91a-6731-e7b5f38951a6
2026-08-16 03:33:50.055949,96.283,9,1g.11gb,yolo-inference-755b67b9bb-nz54p,default,yolo,580.173.02,GPU-d59cb1c4-ad97-d91a-6731-e7b5f38951a6
2026-08-16 03:33:55.056001,96.315,10,1g.11gb,yolo-inference-755b67b9bb-cf854,default,yolo,580.173.02,GPU-d59cb1c4-ad97-d91a-6731-e7b5f38951a6
2026-08-16 03:33:55.056001,96.077,11,1g.11gb,yolo-inference-755b67b9bb-cgztg,default,yolo,580.173.02,GPU-d59cb1c4-ad97-d91a-6731-e7b5f38951a6
2026-08-16 03:33:55.056001,95.797,12,1g.11gb,yolo-inference-755b67b9bb-g6r55,default,yolo,580.173.02,GPU-d59cb1c4-ad97-d91a-6731-e7b5f38951a6
2026-08-16 03:33:55.056001,96.136,13,1g.11gb,,,,580.173.02,GPU-d59cb1c4-ad97-d91a-6731-e7b5f38951a6
2026-08-16 03:33:55.056001,95.951,7,1g.11gb,yolo-inference-755b67b9bb-6qhhl,default,yolo,580.173.02,GPU-d59cb1c4-ad97-d91a-6731-e7b5f38951a6
2026-08-16 03:33:55.056001,95.797,8,1g.11gb,,,,580.173.02,GPU-d59cb1c4-ad97-d91a-6731-e7b5f38951a6
2026-08-16 03:33:55.056001,96.077,9,1g.11gb,yolo-inference-755b67b9bb-nz54p,default,yolo,580.173.02,GPU-d59cb1c4-ad97-d91a-6731-e7b5f38951a6
2026-08-16 03:34:00.053678,96.315,10,1g.11gb,yolo-inference-755b67b9bb-cf854,default,yolo,580.173.02,GPU-d59cb1c4-ad97-d91a-6731-e7b5f38951a6
2026-08-16 03:34:00.053678,96.077,11,1g.11gb,yolo-inference-755b67b9bb-cgztg,default,yolo,580.173.02,GPU-d59cb1c4-ad97-d91a-6731-e7b5f38951a6
2026-08-16 03:34:00.053678,95.797,12,1g.11gb,yolo-inference-755b67b9bb-g6r55,default,yolo,580.173.02,GPU-d59cb1c4-ad97-d91a-6731-e7b5f38951a6
2026-08-16 03:34:00.053678,96.136,13,1g.11gb,,,,580.173.02,GPU-d59cb1c4-ad97-d91a-6731-e7b5f38951a6
2026-08-16 03:34:00.053678,95.951,7,1g.11gb,yolo-inference-755b67b9bb-6qhhl,default,yolo,580.173.02,GPU-d59cb1c4-ad97-d91a-6731-e7b5f38951a6
2026-08-16 03:34:00.053678,95.797,8,1g.11gb,,,,580.173.02,GPU-d59cb1c4-ad97-d91a-6731-e7b5f38951a6
2026-08-16 03:34:00.053678,96.077,9,1g.11gb,yolo-inference-755b67b9bb-nz54p,default,yolo,580.173.02,GPU-d59cb1c4-ad97-d91a-6731-e7b5f38951a6
2026-08-16 03:34:05.055974,96.315,10,1g.11gb,yolo-inference-755b67b9bb-cf854,default,yolo,580.173.02,GPU-d59cb1c4-ad97-d91a-6731-e7b5f38951a6
2026-08-16 03:34:05.055974,96.077,11,1g.11gb,yolo-inference-755b67b9bb-cgztg,default,yolo,580.173.02,GPU-d59cb1c4-ad97-d91a-6731-e7b5f38951a6
2026-08-16 03:34:05.055974,95.797,12,1g.11gb,yolo-inference-755b67b9bb-g6r55,default,yolo,580.173.02,GPU-d59cb1c4-ad97-d91a-6731-e7b5f38951a6
2026-08-16 03:34:05.055974,96.136,13,1g.11gb,,,,580.173.02,GPU-d59cb1c4-ad97-d91a-6731-e7b5f38951a6
2026-08-16 03:34:05.055974,95.951,7,1g.11gb,yolo-inference-755b67b9bb-6qhhl,default,yolo,580.173.02,GPU-d59cb1c4-ad97-d91a-6731-e7b5f38951a6
2026-08-16 03:34:05.055974,95.797,8,1g.11gb,,,,580.173.02,GPU-d59cb1c4-ad97-d91a-6731-e7b5f38951a6
2026-08-16 03:34:05.055974,96.077,9,1g.11gb,yolo-inference-755b67b9bb-nz54p,default,yolo,580.173.02,GPU-d59cb1c4-ad97-d91a-6731-e7b5f38951a6
2026-08-16 03:34:10.055980,96.315,10,1g.11gb,yolo-inference-755b67b9bb-cf854,default,yolo,580.173.02,GPU-d59cb1c4-ad97-d91a-6731-e7b5f38951a6
2026-08-16 03:34:10.055980,96.077,11,1g.11gb,yolo-inference-755b67b9bb-cgztg,default,yolo,580.173.02,GPU-d59cb1c4-ad97-d91a-6731-e7b5f38951a6
2026-08-16 03:34:10.055980,95.797,12,1g.11gb,yolo-inference-755b67b9bb-g6r55,default,yolo,580.173.02,GPU-d59cb1c4-ad97-d91a-6731-e7b5f38951a6
2026-08-16 03:34:10.055980,96.136,13,1g.11gb,,,,580.173.02,GPU-d59cb1c4-ad97-d91a-6731-e7b5f38951a6
2026-08-16 03:34:10.055980,95.951,7,1g.11gb,yolo-inference-755b67b9bb-6qhhl,default,yolo,580.173.02,GPU-d59cb1c4-ad97-d91a-6731-e7b5f38951a6
2026-08-16 03:34:10.055980,95.797,8,1g.11gb,,,,580.173.02,GPU-d59cb1c4-ad97-d91a-6731-e7b5f38951a6
2026-08-16 03:34:10.055980,96.077,9,1g.11gb,yolo-inference-755b67b9bb-nz54p,default,yolo,580.173.02,GPU-d59cb1c4-ad97-d91a-6731-e7b5f38951a6
2026-08-16 03:34:15.055985,96.315,10,1g.11gb,yolo-inference-755b67b9bb-cf854,default,yolo,580.173.02,GPU-d59cb1c4-ad97-d91a-6731-e7b5f38951a6
2026-08-16 03:34:15.055985,96.077,11,1g.11gb,yolo-inference-755b67b9bb-cgztg,default,yolo,580.173.02,GPU-d59cb1c4-ad97-d91a-6731-e7b5f38951a6
2026-08-16 03:34:15.055985,95.797,12,1g.11gb,yolo-inference-755b67b9bb-g6r55,default,yolo,580.173.02,GPU-d59cb1c4-ad97-d91a-6731-e7b5f38951a6
2026-08-16 03:34:15.055985,96.136,13,1g.11gb,,,,580.173.02,GPU-d59cb1c4-ad97-d91a-6731-e7b5f38951a6
2026-08-16 03:34:15.055985,95.951,7,1g.11gb,yolo-inference-755b67b9bb-6qhhl,default,yolo,580.173.02,GPU-d59cb1c4-ad97-d91a-6731-e7b5f38951a6
2026-08-16 03:34:15.055985,95.797,8,1g.11gb,,,,580.173.02,GPU-d59cb1c4-ad97-d91a-6731-e7b5f38951a6
2026-08-16 03:34:15.055985,96.077,9,1g.11gb,yolo-inference-755b67b9bb-nz54p,default,yolo,580.173.02,GPU-d59cb1c4-ad97-d91a-6731-e7b5f38951a6
2026-08-16 03:34:20.053575,96.138,10,1g.11gb,yolo-inference-755b67b9bb-cf854,default,yolo,580.173.02,GPU-d59cb1c4-ad97-d91a-6731-e7b5f38951a6
2026-08-16 03:34:20.053575,96.077,11,1g.11gb,yolo-inference-755b67b9bb-cgztg,default,yolo,580.173.02,GPU-d59cb1c4-ad97-d91a-6731-e7b5f38951a6
2026-08-16 03:34:20.053575,95.797,12,1g.11gb,yolo-inference-755b67b9bb-g6r55,default,yolo,580.173.02,GPU-d59cb1c4-ad97-d91a-6731-e7b5f38951a6
2026-08-16 03:34:20.053575,96.136,13,1g.11gb,,,,580.173.02,GPU-d59cb1c4-ad97-d91a-6731-e7b5f38951a6
2026-08-16 03:34:20.053575,95.951,7,1g.11gb,yolo-inference-755b67b9bb-6qhhl,default,yolo,580.173.02,GPU-d59cb1c4-ad97-d91a-6731-e7b5f38951a6
2026-08-16 03:34:20.053575,95.797,8,1g.11gb,,,,580.173.02,GPU-d59cb1c4-ad97-d91a-6731-e7b5f38951a6
2026-08-16 03:34:20.053575,96.077,9,1g.11gb,yolo-inference-755b67b9bb-nz54p,default,yolo,580.173.02,GPU-d59cb1c4-ad97-d91a-6731-e7b5f38951a6
2026-08-16 03:34:25.055976,96.138,10,1g.11gb,yolo-inference-755b67b9bb-cf854,default,yolo,580.173.02,GPU-d59cb1c4-ad97-d91a-6731-e7b5f38951a6
2026-08-16 03:34:25.055976,95.826,11,1g.11gb,yolo-inference-755b67b9bb-cgztg,default,yolo,580.173.02,GPU-d59cb1c4-ad97-d91a-6731-e7b5f38951a6
2026-08-16 03:34:25.055976,96.013,12,1g.11gb,yolo-inference-755b67b9bb-g6r55,default,yolo,580.173.02,GPU-d59cb1c4-ad97-d91a-6731-e7b5f38951a6
2026-08-16 03:34:25.055976,95.797,13,1g.11gb,,,,580.173.02,GPU-d59cb1c4-ad97-d91a-6731-e7b5f38951a6
2026-08-16 03:34:25.055976,96.169,7,1g.11gb,yolo-inference-755b67b9bb-6qhhl,default,yolo,580.173.02,GPU-d59cb1c4-ad97-d91a-6731-e7b5f38951a6
2026-08-16 03:34:25.055976,96.013,8,1g.11gb,,,,580.173.02,GPU-d59cb1c4-ad97-d91a-6731-e7b5f38951a6
2026-08-16 03:34:25.055976,95.826,9,1g.11gb,yolo-inference-755b67b9bb-nz54p,default,yolo,580.173.02,GPU-d59cb1c4-ad97-d91a-6731-e7b5f38951a6
2026-08-16 03:34:30.053037,96.138,10,1g.11gb,yolo-inference-755b67b9bb-cf854,default,yolo,580.173.02,GPU-d59cb1c4-ad97-d91a-6731-e7b5f38951a6
2026-08-16 03:34:30.053037,95.826,11,1g.11gb,yolo-inference-755b67b9bb-cgztg,default,yolo,580.173.02,GPU-d59cb1c4-ad97-d91a-6731-e7b5f38951a6
2026-08-16 03:34:30.053037,96.013,12,1g.11gb,yolo-inference-755b67b9bb-g6r55,default,yolo,580.173.02,GPU-d59cb1c4-ad97-d91a-6731-e7b5f38951a6
2026-08-16 03:34:30.053037,95.797,13,1g.11gb,,,,580.173.02,GPU-d59cb1c4-ad97-d91a-6731-e7b5f38951a6
2026-08-16 03:34:30.053037,96.169,7,1g.11gb,yolo-inference-755b67b9bb-6qhhl,default,yolo,580.173.02,GPU-d59cb1c4-ad97-d91a-6731-e7b5f38951a6
2026-08-16 03:34:30.053037,96.013,8,1g.11gb,,,,580.173.02,GPU-d59cb1c4-ad97-d91a-6731-e7b5f38951a6
2026-08-16 03:34:30.053037,95.826,9,1g.11gb,yolo-inference-755b67b9bb-nz54p,default,yolo,580.173.02,GPU-d59cb1c4-ad97-d91a-6731-e7b5f38951a6
2026-08-16 03:34:35.052952,96.138,10,1g.11gb,yolo-inference-755b67b9bb-cf854,default,yolo,580.173.02,GPU-d59cb1c4-ad97-d91a-6731-e7b5f38951a6
2026-08-16 03:34:35.052952,95.826,11,1g.11gb,yolo-inference-755b67b9bb-cgztg,default,yolo,580.173.02,GPU-d59cb1c4-ad97-d91a-6731-e7b5f38951a6
2026-08-16 03:34:35.052952,96.013,12,1g.11gb,yolo-inference-755b67b9bb-g6r55,default,yolo,580.173.02,GPU-d59cb1c4-ad97-d91a-6731-e7b5f38951a6
2026-08-16 03:34:35.052952,95.797,13,1g.11gb,,,,580.173.02,GPU-d59cb1c4-ad97-d91a-6731-e7b5f38951a6
2026-08-16 03:34:35.052952,96.169,7,1g.11gb,yolo-inference-755b67b9bb-6qhhl,default,yolo,580.173.02,GPU-d59cb1c4-ad97-d91a-6731-e7b5f38951a6
2026-08-16 03:34:35.052952,96.013,8,1g.11gb,,,,580.173.02,GPU-d59cb1c4-ad97-d91a-6731-e7b5f38951a6
2026-08-16 03:34:35.052952,95.826,9,1g.11gb,yolo-inference-755b67b9bb-nz54p,default,yolo,580.173.02,GPU-d59cb1c4-ad97-d91a-6731-e7b5f38951a6
2026-08-16 03:34:40.053609,96.138,10,1g.11gb,yolo-inference-755b67b9bb-cf854,default,yolo,580.173.02,GPU-d59cb1c4-ad97-d91a-6731-e7b5f38951a6
2026-08-16 03:34:40.053609,95.826,11,1g.11gb,yolo-inference-755b67b9bb-cgztg,default,yolo,580.173.02,GPU-d59cb1c4-ad97-d91a-6731-e7b5f38951a6
2026-08-16 03:34:40.053609,96.013,12,1g.11gb,yolo-inference-755b67b9bb-g6r55,default,yolo,580.173.02,GPU-d59cb1c4-ad97-d91a-6731-e7b5f38951a6
2026-08-16 03:34:40.053609,95.797,13,1g.11gb,,,,580.173.02,GPU-d59cb1c4-ad97-d91a-6731-e7b5f38951a6
2026-08-16 03:34:40.053609,96.169,7,1g.11gb,yolo-inference-755b67b9bb-6qhhl,default,yolo,580.173.02,GPU-d59cb1c4-ad97-d91a-6731-e7b5f38951a6
2026-08-16 03:34:40.053609,96.013,8,1g.11gb,,,,580.173.02,GPU-d59cb1c4-ad97-d91a-6731-e7b5f38951a6
2026-08-16 03:34:40.053609,95.826,9,1g.11gb,yolo-inference-755b67b9bb-nz54p,default,yolo,580.173.02,GPU-d59cb1c4-ad97-d91a-6731-e7b5f38951a6
2026-08-16 03:34:45.053643,96.138,10,1g.11gb,yolo-inference-755b67b9bb-cf854,default,yolo,580.173.02,GPU-d59cb1c4-ad97-d91a-6731-e7b5f38951a6
2026-08-16 03:34:45.053643,95.826,11,1g.11gb,yolo-inference-755b67b9bb-cgztg,default,yolo,580.173.02,GPU-d59cb1c4-ad97-d91a-6731-e7b5f38951a6
2026-08-16 03:34:45.053643,96.013,12,1g.11gb,yolo-inference-755b67b9bb-g6r55,default,yolo,580.173.02,GPU-d59cb1c4-ad97-d91a-6731-e7b5f38951a6
2026-08-16 03:34:45.053643,95.797,13,1g.11gb,,,,580.173.02,GPU-d59cb1c4-ad97-d91a-6731-e7b5f38951a6
2026-08-16 03:34:45.053643,96.169,7,1g.11gb,yolo-inference-755b67b9bb-6qhhl,default,yolo,580.173.02,GPU-d59cb1c4-ad97-d91a-6731-e7b5f38951a6
2026-08-16 03:34:45.053643,96.013,8,1g.11gb,,,,580.173.02,GPU-d59cb1c4-ad97-d91a-6731-e7b5f38951a6
2026-08-16 03:34:45.053643,95.826,9,1g.11gb,yolo-inference-755b67b9bb-nz54p,default,yolo,580.173.02,GPU-d59cb1c4-ad97-d91a-6731-e7b5f38951a6
2026-08-16 03:34:50.053861,95.882,10,1g.11gb,yolo-inference-755b67b9bb-cf854,default,yolo,580.173.02,GPU-d59cb1c4-ad97-d91a-6731-e7b5f38951a6
2026-08-16 03:34:50.053861,95.826,11,1g.11gb,yolo-inference-755b67b9bb-cgztg,default,yolo,580.173.02,GPU-d59cb1c4-ad97-d91a-6731-e7b5f38951a6
2026-08-16 03:34:50.053861,96.013,12,1g.11gb,yolo-inference-755b67b9bb-g6r55,default,yolo,580.173.02,GPU-d59cb1c4-ad97-d91a-6731-e7b5f38951a6
2026-08-16 03:34:50.053861,95.797,13,1g.11gb,,,,580.173.02,GPU-d59cb1c4-ad97-d91a-6731-e7b5f38951a6
2026-08-16 03:34:50.053861,96.169,7,1g.11gb,yolo-inference-755b67b9bb-6qhhl,default,yolo,580.173.02,GPU-d59cb1c4-ad97-d91a-6731-e7b5f38951a6
2026-08-16 03:34:50.053861,96.013,8,1g.11gb,,,,580.173.02,GPU-d59cb1c4-ad97-d91a-6731-e7b5f38951a6
2026-08-16 03:34:50.053861,95.826,9,1g.11gb,yolo-inference-755b67b9bb-nz54p,default,yolo,580.173.02,GPU-d59cb1c4-ad97-d91a-6731-e7b5f38951a6
2026-08-16 03:34:55.055954,95.882,10,1g.11gb,yolo-inference-755b67b9bb-cf854,default,yolo,580.173.02,GPU-d59cb1c4-ad97-d91a-6731-e7b5f38951a6
2026-08-16 03:34:55.055954,95.861,11,1g.11gb,yolo-inference-755b67b9bb-cgztg,default,yolo,580.173.02,GPU-d59cb1c4-ad97-d91a-6731-e7b5f38951a6
2026-08-16 03:34:55.055954,95.929,12,1g.11gb,yolo-inference-755b67b9bb-g6r55,default,yolo,580.173.02,GPU-d59cb1c4-ad97-d91a-6731-e7b5f38951a6
2026-08-16 03:34:55.055954,95.822,13,1g.11gb,,,,580.173.02,GPU-d59cb1c4-ad97-d91a-6731-e7b5f38951a6
2026-08-16 03:34:55.055954,96.009,7,1g.11gb,yolo-inference-755b67b9bb-6qhhl,default,yolo,580.173.02,GPU-d59cb1c4-ad97-d91a-6731-e7b5f38951a6
2026-08-16 03:34:55.055954,95.929,8,1g.11gb,,,,580.173.02,GPU-d59cb1c4-ad97-d91a-6731-e7b5f38951a6
2026-08-16 03:34:55.055954,95.861,9,1g.11gb,yolo-inference-755b67b9bb-nz54p,default,yolo,580.173.02,GPU-d59cb1c4-ad97-d91a-6731-e7b5f38951a6
2026-08-16 03:35:00.055983,95.882,10,1g.11gb,yolo-inference-755b67b9bb-cf854,default,yolo,580.173.02,GPU-d59cb1c4-ad97-d91a-6731-e7b5f38951a6
2026-08-16 03:35:00.055983,95.861,11,1g.11gb,yolo-inference-755b67b9bb-cgztg,default,yolo,580.173.02,GPU-d59cb1c4-ad97-d91a-6731-e7b5f38951a6
2026-08-16 03:35:00.055983,95.929,12,1g.11gb,yolo-inference-755b67b9bb-g6r55,default,yolo,580.173.02,GPU-d59cb1c4-ad97-d91a-6731-e7b5f38951a6
2026-08-16 03:35:00.055983,95.822,13,1g.11gb,,,,580.173.02,GPU-d59cb1c4-ad97-d91a-6731-e7b5f38951a6
2026-08-16 03:35:00.055983,96.009,7,1g.11gb,yolo-inference-755b67b9bb-6qhhl,default,yolo,580.173.02,GPU-d59cb1c4-ad97-d91a-6731-e7b5f38951a6
2026-08-16 03:35:00.055983,95.929,8,1g.11gb,,,,580.173.02,GPU-d59cb1c4-ad97-d91a-6731-e7b5f38951a6
2026-08-16 03:35:00.055983,95.861,9,1g.11gb,yolo-inference-755b67b9bb-nz54p,default,yolo,580.173.02,GPU-d59cb1c4-ad97-d91a-6731-e7b5f38951a6
2026-08-16 03:35:05.055958,95.882,10,1g.11gb,yolo-inference-755b67b9bb-cf854,default,yolo,580.173.02,GPU-d59cb1c4-ad97-d91a-6731-e7b5f38951a6
2026-08-16 03:35:05.055958,95.861,11,1g.11gb,yolo-inference-755b67b9bb-cgztg,default,yolo,580.173.02,GPU-d59cb1c4-ad97-d91a-6731-e7b5f38951a6
2026-08-16 03:35:05.055958,95.929,12,1g.11gb,yolo-inference-755b67b9bb-g6r55,default,yolo,580.173.02,GPU-d59cb1c4-ad97-d91a-6731-e7b5f38951a6
2026-08-16 03:35:05.055958,95.822,13,1g.11gb,,,,580.173.02,GPU-d59cb1c4-ad97-d91a-6731-e7b5f38951a6
2026-08-16 03:35:05.055958,96.009,7,1g.11gb,yolo-inference-755b67b9bb-6qhhl,default,yolo,580.173.02,GPU-d59cb1c4-ad97-d91a-6731-e7b5f38951a6
2026-08-16 03:35:05.055958,95.929,8,1g.11gb,,,,580.173.02,GPU-d59cb1c4-ad97-d91a-6731-e7b5f38951a6
2026-08-16 03:35:05.055958,95.861,9,1g.11gb,yolo-inference-755b67b9bb-nz54p,default,yolo,580.173.02,GPU-d59cb1c4-ad97-d91a-6731-e7b5f38951a6
2026-08-16 03:35:10.052147,95.882,10,1g.11gb,yolo-inference-755b67b9bb-cf854,default,yolo,580.173.02,GPU-d59cb1c4-ad97-d91a-6731-e7b5f38951a6
2026-08-16 03:35:10.052147,95.861,11,1g.11gb,yolo-inference-755b67b9bb-cgztg,default,yolo,580.173.02,GPU-d59cb1c4-ad97-d91a-6731-e7b5f38951a6
2026-08-16 03:35:10.052147,95.929,12,1g.11gb,yolo-inference-755b67b9bb-g6r55,default,yolo,580.173.02,GPU-d59cb1c4-ad97-d91a-6731-e7b5f38951a6
2026-08-16 03:35:10.052147,95.822,13,1g.11gb,,,,580.173.02,GPU-d59cb1c4-ad97-d91a-6731-e7b5f38951a6
2026-08-16 03:35:10.052147,96.009,7,1g.11gb,yolo-inference-755b67b9bb-6qhhl,default,yolo,580.173.02,GPU-d59cb1c4-ad97-d91a-6731-e7b5f38951a6
2026-08-16 03:35:10.052147,95.929,8,1g.11gb,,,,580.173.02,GPU-d59cb1c4-ad97-d91a-6731-e7b5f38951a6
2026-08-16 03:35:10.052147,95.861,9,1g.11gb,yolo-inference-755b67b9bb-nz54p,default,yolo,580.173.02,GPU-d59cb1c4-ad97-d91a-6731-e7b5f38951a6
2026-08-16 03:35:15.051270,95.882,10,1g.11gb,yolo-inference-755b67b9bb-cf854,default,yolo,580.173.02,GPU-d59cb1c4-ad97-d91a-6731-e7b5f38951a6
2026-08-16 03:35:15.051270,95.861,11,1g.11gb,yolo-inference-755b67b9bb-cgztg,default,yolo,580.173.02,GPU-d59cb1c4-ad97-d91a-6731-e7b5f38951a6
2026-08-16 03:35:15.051270,95.929,12,1g.11gb,yolo-inference-755b67b9bb-g6r55,default,yolo,580.173.02,GPU-d59cb1c4-ad97-d91a-6731-e7b5f38951a6
2026-08-16 03:35:15.051270,95.822,13,1g.11gb,,,,580.173.02,GPU-d59cb1c4-ad97-d91a-6731-e7b5f38951a6
2026-08-16 03:35:15.051270,96.009,7,1g.11gb,yolo-inference-755b67b9bb-6qhhl,default,yolo,580.173.02,GPU-d59cb1c4-ad97-d91a-6731-e7b5f38951a6
2026-08-16 03:35:15.051270,95.929,8,1g.11gb,,,,580.173.02,GPU-d59cb1c4-ad97-d91a-6731-e7b5f38951a6
2026-08-16 03:35:15.051270,95.861,9,1g.11gb,yolo-inference-755b67b9bb-nz54p,default,yolo,580.173.02,GPU-d59cb1c4-ad97-d91a-6731-e7b5f38951a6
2026-08-16 03:35:20.055984,95.361,10,1g.11gb,yolo-inference-755b67b9bb-cf854,default,yolo,580.173.02,GPU-d59cb1c4-ad97-d91a-6731-e7b5f38951a6
2026-08-16 03:35:20.055984,95.861,11,1g.11gb,yolo-inference-755b67b9bb-cgztg,default,yolo,580.173.02,GPU-d59cb1c4-ad97-d91a-6731-e7b5f38951a6
2026-08-16 03:35:20.055984,95.929,12,1g.11gb,yolo-inference-755b67b9bb-g6r55,default,yolo,580.173.02,GPU-d59cb1c4-ad97-d91a-6731-e7b5f38951a6
2026-08-16 03:35:20.055984,95.822,13,1g.11gb,,,,580.173.02,GPU-d59cb1c4-ad97-d91a-6731-e7b5f38951a6
2026-08-16 03:35:20.055984,96.009,7,1g.11gb,yolo-inference-755b67b9bb-6qhhl,default,yolo,580.173.02,GPU-d59cb1c4-ad97-d91a-6731-e7b5f38951a6
2026-08-16 03:35:20.055984,95.929,8,1g.11gb,,,,580.173.02,GPU-d59cb1c4-ad97-d91a-6731-e7b5f38951a6
2026-08-16 03:35:20.055984,95.861,9,1g.11gb,yolo-inference-755b67b9bb-nz54p,default,yolo,580.173.02,GPU-d59cb1c4-ad97-d91a-6731-e7b5f38951a6
2026-08-16 03:35:25.055953,95.361,10,1g.11gb,yolo-inference-755b67b9bb-cf854,default,yolo,580.173.02,GPU-d59cb1c4-ad97-d91a-6731-e7b5f38951a6
2026-08-16 03:35:25.055953,95.715,11,1g.11gb,yolo-inference-755b67b9bb-cgztg,default,yolo,580.173.02,GPU-d59cb1c4-ad97-d91a-6731-e7b5f38951a6
2026-08-16 03:35:25.055953,96.584,12,1g.11gb,yolo-inference-755b67b9bb-g6r55,default,yolo,580.173.02,GPU-d59cb1c4-ad97-d91a-6731-e7b5f38951a6
2026-08-16 03:35:25.055953,95.695,13,1g.11gb,,,,580.173.02,GPU-d59cb1c4-ad97-d91a-6731-e7b5f38951a6
2026-08-16 03:35:25.055953,96.245,7,1g.11gb,yolo-inference-755b67b9bb-6qhhl,default,yolo,580.173.02,GPU-d59cb1c4-ad97-d91a-6731-e7b5f38951a6
2026-08-16 03:35:25.055953,96.584,8,1g.11gb,,,,580.173.02,GPU-d59cb1c4-ad97-d91a-6731-e7b5f38951a6
2026-08-16 03:35:25.055953,95.715,9,1g.11gb,yolo-inference-755b67b9bb-nz54p,default,yolo,580.173.02,GPU-d59cb1c4-ad97-d91a-6731-e7b5f38951a6
2026-08-16 03:35:30.054195,95.361,10,1g.11gb,yolo-inference-755b67b9bb-cf854,default,yolo,580.173.02,GPU-d59cb1c4-ad97-d91a-6731-e7b5f38951a6
2026-08-16 03:35:30.054195,95.715,11,1g.11gb,yolo-inference-755b67b9bb-cgztg,default,yolo,580.173.02,GPU-d59cb1c4-ad97-d91a-6731-e7b5f38951a6
2026-08-16 03:35:30.054195,96.584,12,1g.11gb,yolo-inference-755b67b9bb-g6r55,default,yolo,580.173.02,GPU-d59cb1c4-ad97-d91a-6731-e7b5f38951a6
2026-08-16 03:35:30.054195,95.695,13,1g.11gb,,,,580.173.02,GPU-d59cb1c4-ad97-d91a-6731-e7b5f38951a6
2026-08-16 03:35:30.054195,96.245,7,1g.11gb,yolo-inference-755b67b9bb-6qhhl,default,yolo,580.173.02,GPU-d59cb1c4-ad97-d91a-6731-e7b5f38951a6
2026-08-16 03:35:30.054195,96.584,8,1g.11gb,,,,580.173.02,GPU-d59cb1c4-ad97-d91a-6731-e7b5f38951a6
2026-08-16 03:35:30.054195,95.715,9,1g.11gb,yolo-inference-755b67b9bb-nz54p,default,yolo,580.173.02,GPU-d59cb1c4-ad97-d91a-6731-e7b5f38951a6
2026-08-16 03:35:35.056016,95.361,10,1g.11gb,yolo-inference-755b67b9bb-cf854,default,yolo,580.173.02,GPU-d59cb1c4-ad97-d91a-6731-e7b5f38951a6
2026-08-16 03:35:35.056016,95.715,11,1g.11gb,yolo-inference-755b67b9bb-cgztg,default,yolo,580.173.02,GPU-d59cb1c4-ad97-d91a-6731-e7b5f38951a6
2026-08-16 03:35:35.056016,96.584,12,1g.11gb,yolo-inference-755b67b9bb-g6r55,default,yolo,580.173.02,GPU-d59cb1c4-ad97-d91a-6731-e7b5f38951a6
2026-08-16 03:35:35.056016,95.695,13,1g.11gb,,,,580.173.02,GPU-d59cb1c4-ad97-d91a-6731-e7b5f38951a6
2026-08-16 03:35:35.056016,96.245,7,1g.11gb,yolo-inference-755b67b9bb-6qhhl,default,yolo,580.173.02,GPU-d59cb1c4-ad97-d91a-6731-e7b5f38951a6
2026-08-16 03:35:35.056016,96.584,8,1g.11gb,,,,580.173.02,GPU-d59cb1c4-ad97-d91a-6731-e7b5f38951a6
2026-08-16 03:35:35.056016,95.715,9,1g.11gb,yolo-inference-755b67b9bb-nz54p,default,yolo,580.173.02,GPU-d59cb1c4-ad97-d91a-6731-e7b5f38951a6
2026-08-16 03:35:40.056032,95.361,10,1g.11gb,yolo-inference-755b67b9bb-cf854,default,yolo,580.173.02,GPU-d59cb1c4-ad97-d91a-6731-e7b5f38951a6
2026-08-16 03:35:40.056032,95.715,11,1g.11gb,yolo-inference-755b67b9bb-cgztg,default,yolo,580.173.02,GPU-d59cb1c4-ad97-d91a-6731-e7b5f38951a6
2026-08-16 03:35:40.056032,96.584,12,1g.11gb,yolo-inference-755b67b9bb-g6r55,default,yolo,580.173.02,GPU-d59cb1c4-ad97-d91a-6731-e7b5f38951a6
2026-08-16 03:35:40.056032,95.695,13,1g.11gb,,,,580.173.02,GPU-d59cb1c4-ad97-d91a-6731-e7b5f38951a6
2026-08-16 03:35:40.056032,96.245,7,1g.11gb,yolo-inference-755b67b9bb-6qhhl,default,yolo,580.173.02,GPU-d59cb1c4-ad97-d91a-6731-e7b5f38951a6
2026-08-16 03:35:40.056032,96.584,8,1g.11gb,,,,580.173.02,GPU-d59cb1c4-ad97-d91a-6731-e7b5f38951a6
2026-08-16 03:35:40.056032,95.715,9,1g.11gb,yolo-inference-755b67b9bb-nz54p,default,yolo,580.173.02,GPU-d59cb1c4-ad97-d91a-6731-e7b5f38951a6
2026-08-16 03:35:45.055928,95.361,10,1g.11gb,yolo-inference-755b67b9bb-cf854,default,yolo,580.173.02,GPU-d59cb1c4-ad97-d91a-6731-e7b5f38951a6
2026-08-16 03:35:45.055928,95.715,11,1g.11gb,yolo-inference-755b67b9bb-cgztg,default,yolo,580.173.02,GPU-d59cb1c4-ad97-d91a-6731-e7b5f38951a6
2026-08-16 03:35:45.055928,96.584,12,1g.11gb,yolo-inference-755b67b9bb-g6r55,default,yolo,580.173.02,GPU-d59cb1c4-ad97-d91a-6731-e7b5f38951a6
2026-08-16 03:35:45.055928,95.695,13,1g.11gb,,,,580.173.02,GPU-d59cb1c4-ad97-d91a-6731-e7b5f38951a6
2026-08-16 03:35:45.055928,96.245,7,1g.11gb,yolo-inference-755b67b9bb-6qhhl,default,yolo,580.173.02,GPU-d59cb1c4-ad97-d91a-6731-e7b5f38951a6
2026-08-16 03:35:45.055928,96.584,8,1g.11gb,,,,580.173.02,GPU-d59cb1c4-ad97-d91a-6731-e7b5f38951a6
2026-08-16 03:35:45.055928,95.715,9,1g.11gb,yolo-inference-755b67b9bb-nz54p,default,yolo,580.173.02,GPU-d59cb1c4-ad97-d91a-6731-e7b5f38951a6
2026-08-16 03:35:50.055992,96.488,10,1g.11gb,yolo-inference-755b67b9bb-cf854,default,yolo,580.173.02,GPU-d59cb1c4-ad97-d91a-6731-e7b5f38951a6
2026-08-16 03:35:50.055992,95.715,11,1g.11gb,yolo-inference-755b67b9bb-cgztg,default,yolo,580.173.02,GPU-d59cb1c4-ad97-d91a-6731-e7b5f38951a6
2026-08-16 03:35:50.055992,96.584,12,1g.11gb,yolo-inference-755b67b9bb-g6r55,default,yolo,580.173.02,GPU-d59cb1c4-ad97-d91a-6731-e7b5f38951a6
2026-08-16 03:35:50.055992,95.695,13,1g.11gb,,,,580.173.02,GPU-d59cb1c4-ad97-d91a-6731-e7b5f38951a6
2026-08-16 03:35:50.055992,96.245,7,1g.11gb,yolo-inference-755b67b9bb-6qhhl,default,yolo,580.173.02,GPU-d59cb1c4-ad97-d91a-6731-e7b5f38951a6
2026-08-16 03:35:50.055992,96.584,8,1g.11gb,,,,580.173.02,GPU-d59cb1c4-ad97-d91a-6731-e7b5f38951a6
2026-08-16 03:35:50.055992,95.715,9,1g.11gb,yolo-inference-755b67b9bb-nz54p,default,yolo,580.173.02,GPU-d59cb1c4-ad97-d91a-6731-e7b5f38951a6
2026-08-16 03:35:55.056036,96.488,10,1g.11gb,yolo-inference-755b67b9bb-cf854,default,yolo,580.173.02,GPU-d59cb1c4-ad97-d91a-6731-e7b5f38951a6
2026-08-16 03:35:55.056036,96.071,11,1g.11gb,yolo-inference-755b67b9bb-cgztg,default,yolo,580.173.02,GPU-d59cb1c4-ad97-d91a-6731-e7b5f38951a6
2026-08-16 03:35:55.056036,95.417,12,1g.11gb,yolo-inference-755b67b9bb-g6r55,default,yolo,580.173.02,GPU-d59cb1c4-ad97-d91a-6731-e7b5f38951a6
2026-08-16 03:35:55.056036,96.269,13,1g.11gb,,,,580.173.02,GPU-d59cb1c4-ad97-d91a-6731-e7b5f38951a6
2026-08-16 03:35:55.056036,95.692,7,1g.11gb,yolo-inference-755b67b9bb-6qhhl,default,yolo,580.173.02,GPU-d59cb1c4-ad97-d91a-6731-e7b5f38951a6
2026-08-16 03:35:55.056036,95.506,8,1g.11gb,,,,580.173.02,GPU-d59cb1c4-ad97-d91a-6731-e7b5f38951a6
2026-08-16 03:35:55.056036,96.071,9,1g.11gb,yolo-inference-755b67b9bb-nz54p,default,yolo,580.173.02,GPU-d59cb1c4-ad97-d91a-6731-e7b5f38951a6
2026-08-16 03:36:00.055981,96.488,10,1g.11gb,yolo-inference-755b67b9bb-cf854,default,yolo,580.173.02,GPU-d59cb1c4-ad97-d91a-6731-e7b5f38951a6
2026-08-16 03:36:00.055981,96.071,11,1g.11gb,yolo-inference-755b67b9bb-cgztg,default,yolo,580.173.02,GPU-d59cb1c4-ad97-d91a-6731-e7b5f38951a6
2026-08-16 03:36:00.055981,95.417,12,1g.11gb,yolo-inference-755b67b9bb-g6r55,default,yolo,580.173.02,GPU-d59cb1c4-ad97-d91a-6731-e7b5f38951a6
2026-08-16 03:36:00.055981,96.269,13,1g.11gb,,,,580.173.02,GPU-d59cb1c4-ad97-d91a-6731-e7b5f38951a6
2026-08-16 03:36:00.055981,95.692,7,1g.11gb,yolo-inference-755b67b9bb-6qhhl,default,yolo,580.173.02,GPU-d59cb1c4-ad97-d91a-6731-e7b5f38951a6
2026-08-16 03:36:00.055981,95.506,8,1g.11gb,,,,580.173.02,GPU-d59cb1c4-ad97-d91a-6731-e7b5f38951a6
2026-08-16 03:36:00.055981,96.071,9,1g.11gb,yolo-inference-755b67b9bb-nz54p,default,yolo,580.173.02,GPU-d59cb1c4-ad97-d91a-6731-e7b5f38951a6
2026-08-16 03:36:05.052100,96.488,10,1g.11gb,yolo-inference-755b67b9bb-cf854,default,yolo,580.173.02,GPU-d59cb1c4-ad97-d91a-6731-e7b5f38951a6
2026-08-16 03:36:05.052100,96.071,11,1g.11gb,yolo-inference-755b67b9bb-cgztg,default,yolo,580.173.02,GPU-d59cb1c4-ad97-d91a-6731-e7b5f38951a6
2026-08-16 03:36:05.052100,95.417,12,1g.11gb,yolo-inference-755b67b9bb-g6r55,default,yolo,580.173.02,GPU-d59cb1c4-ad97-d91a-6731-e7b5f38951a6
2026-08-16 03:36:05.052100,96.269,13,1g.11gb,,,,580.173.02,GPU-d59cb1c4-ad97-d91a-6731-e7b5f38951a6
2026-08-16 03:36:05.052100,95.692,7,1g.11gb,yolo-inference-755b67b9bb-6qhhl,default,yolo,580.173.02,GPU-d59cb1c4-ad97-d91a-6731-e7b5f38951a6
2026-08-16 03:36:05.052100,95.506,8,1g.11gb,,,,580.173.02,GPU-d59cb1c4-ad97-d91a-6731-e7b5f38951a6
2026-08-16 03:36:05.052100,96.071,9,1g.11gb,yolo-inference-755b67b9bb-nz54p,default,yolo,580.173.02,GPU-d59cb1c4-ad97-d91a-6731-e7b5f38951a6
2026-08-16 03:36:10.055988,96.488,10,1g.11gb,yolo-inference-755b67b9bb-cf854,default,yolo,580.173.02,GPU-d59cb1c4-ad97-d91a-6731-e7b5f38951a6
2026-08-16 03:36:10.055988,96.071,11,1g.11gb,yolo-inference-755b67b9bb-cgztg,default,yolo,580.173.02,GPU-d59cb1c4-ad97-d91a-6731-e7b5f38951a6
2026-08-16 03:36:10.055988,95.417,12,1g.11gb,yolo-inference-755b67b9bb-g6r55,default,yolo,580.173.02,GPU-d59cb1c4-ad97-d91a-6731-e7b5f38951a6
2026-08-16 03:36:10.055988,96.269,13,1g.11gb,,,,580.173.02,GPU-d59cb1c4-ad97-d91a-6731-e7b5f38951a6
2026-08-16 03:36:10.055988,95.692,7,1g.11gb,yolo-inference-755b67b9bb-6qhhl,default,yolo,580.173.02,GPU-d59cb1c4-ad97-d91a-6731-e7b5f38951a6
2026-08-16 03:36:10.055988,95.506,8,1g.11gb,,,,580.173.02,GPU-d59cb1c4-ad97-d91a-6731-e7b5f38951a6
2026-08-16 03:36:10.055988,96.071,9,1g.11gb,yolo-inference-755b67b9bb-nz54p,default,yolo,580.173.02,GPU-d59cb1c4-ad97-d91a-6731-e7b5f38951a6
2026-08-16 03:36:15.056039,96.488,10,1g.11gb,yolo-inference-755b67b9bb-cf854,default,yolo,580.173.02,GPU-d59cb1c4-ad97-d91a-6731-e7b5f38951a6
2026-08-16 03:36:15.056039,96.071,11,1g.11gb,yolo-inference-755b67b9bb-cgztg,default,yolo,580.173.02,GPU-d59cb1c4-ad97-d91a-6731-e7b5f38951a6
2026-08-16 03:36:15.056039,95.417,12,1g.11gb,yolo-inference-755b67b9bb-g6r55,default,yolo,580.173.02,GPU-d59cb1c4-ad97-d91a-6731-e7b5f38951a6
2026-08-16 03:36:15.056039,96.269,13,1g.11gb,,,,580.173.02,GPU-d59cb1c4-ad97-d91a-6731-e7b5f38951a6
2026-08-16 03:36:15.056039,95.692,7,1g.11gb,yolo-inference-755b67b9bb-6qhhl,default,yolo,580.173.02,GPU-d59cb1c4-ad97-d91a-6731-e7b5f38951a6
2026-08-16 03:36:15.056039,95.506,8,1g.11gb,,,,580.173.02,GPU-d59cb1c4-ad97-d91a-6731-e7b5f38951a6
2026-08-16 03:36:15.056039,96.071,9,1g.11gb,yolo-inference-755b67b9bb-nz54p,default,yolo,580.173.02,GPU-d59cb1c4-ad97-d91a-6731-e7b5f38951a6
2026-08-16 03:36:20.054228,96.32,10,1g.11gb,yolo-inference-755b67b9bb-cf854,default,yolo,580.173.02,GPU-d59cb1c4-ad97-d91a-6731-e7b5f38951a6
2026-08-16 03:36:20.054228,96.071,11,1g.11gb,yolo-inference-755b67b9bb-cgztg,default,yolo,580.173.02,GPU-d59cb1c4-ad97-d91a-6731-e7b5f38951a6
2026-08-16 03:36:20.054228,95.417,12,1g.11gb,yolo-inference-755b67b9bb-g6r55,default,yolo,580.173.02,GPU-d59cb1c4-ad97-d91a-6731-e7b5f38951a6
2026-08-16 03:36:20.054228,96.269,13,1g.11gb,,,,580.173.02,GPU-d59cb1c4-ad97-d91a-6731-e7b5f38951a6
2026-08-16 03:36:20.054228,95.692,7,1g.11gb,yolo-inference-755b67b9bb-6qhhl,default,yolo,580.173.02,GPU-d59cb1c4-ad97-d91a-6731-e7b5f38951a6
2026-08-16 03:36:20.054228,95.506,8,1g.11gb,,,,580.173.02,GPU-d59cb1c4-ad97-d91a-6731-e7b5f38951a6
2026-08-16 03:36:20.054228,96.071,9,1g.11gb,yolo-inference-755b67b9bb-nz54p,default,yolo,580.173.02,GPU-d59cb1c4-ad97-d91a-6731-e7b5f38951a6
2026-08-16 03:36:25.055978,96.32,10,1g.11gb,yolo-inference-755b67b9bb-cf854,default,yolo,580.173.02,GPU-d59cb1c4-ad97-d91a-6731-e7b5f38951a6
2026-08-16 03:36:25.055978,96.388,11,1g.11gb,yolo-inference-755b67b9bb-cgztg,default,yolo,580.173.02,GPU-d59cb1c4-ad97-d91a-6731-e7b5f38951a6
2026-08-16 03:36:25.055978,96.13,12,1g.11gb,yolo-inference-755b67b9bb-g6r55,default,yolo,580.173.02,GPU-d59cb1c4-ad97-d91a-6731-e7b5f38951a6
2026-08-16 03:36:25.055978,96.346,13,1g.11gb,,,,580.173.02,GPU-d59cb1c4-ad97-d91a-6731-e7b5f38951a6
2026-08-16 03:36:25.055978,95.928,7,1g.11gb,yolo-inference-755b67b9bb-6qhhl,default,yolo,580.173.02,GPU-d59cb1c4-ad97-d91a-6731-e7b5f38951a6
2026-08-16 03:36:25.055978,96.057,8,1g.11gb,,,,580.173.02,GPU-d59cb1c4-ad97-d91a-6731-e7b5f38951a6
2026-08-16 03:36:25.055978,96.496,9,1g.11gb,yolo-inference-755b67b9bb-nz54p,default,yolo,580.173.02,GPU-d59cb1c4-ad97-d91a-6731-e7b5f38951a6
2026-08-16 03:36:30.055899,96.32,10,1g.11gb,yolo-inference-755b67b9bb-cf854,default,yolo,580.173.02,GPU-d59cb1c4-ad97-d91a-6731-e7b5f38951a6
2026-08-16 03:36:30.055899,96.388,11,1g.11gb,yolo-inference-755b67b9bb-cgztg,default,yolo,580.173.02,GPU-d59cb1c4-ad97-d91a-6731-e7b5f38951a6
2026-08-16 03:36:30.055899,96.13,12,1g.11gb,yolo-inference-755b67b9bb-g6r55,default,yolo,580.173.02,GPU-d59cb1c4-ad97-d91a-6731-e7b5f38951a6
2026-08-16 03:36:30.055899,96.346,13,1g.11gb,,,,580.173.02,GPU-d59cb1c4-ad97-d91a-6731-e7b5f38951a6
2026-08-16 03:36:30.055899,95.928,7,1g.11gb,yolo-inference-755b67b9bb-6qhhl,default,yolo,580.173.02,GPU-d59cb1c4-ad97-d91a-6731-e7b5f38951a6
2026-08-16 03:36:30.055899,96.057,8,1g.11gb,,,,580.173.02,GPU-d59cb1c4-ad97-d91a-6731-e7b5f38951a6
2026-08-16 03:36:30.055899,96.496,9,1g.11gb,yolo-inference-755b67b9bb-nz54p,default,yolo,580.173.02,GPU-d59cb1c4-ad97-d91a-6731-e7b5f38951a6
2026-08-16 03:36:35.056019,96.32,10,1g.11gb,yolo-inference-755b67b9bb-cf854,default,yolo,580.173.02,GPU-d59cb1c4-ad97-d91a-6731-e7b5f38951a6
2026-08-16 03:36:35.056019,96.388,11,1g.11gb,yolo-inference-755b67b9bb-cgztg,default,yolo,580.173.02,GPU-d59cb1c4-ad97-d91a-6731-e7b5f38951a6
2026-08-16 03:36:35.056019,96.13,12,1g.11gb,yolo-inference-755b67b9bb-g6r55,default,yolo,580.173.02,GPU-d59cb1c4-ad97-d91a-6731-e7b5f38951a6
2026-08-16 03:36:35.056019,96.346,13,1g.11gb,,,,580.173.02,GPU-d59cb1c4-ad97-d91a-6731-e7b5f38951a6
2026-08-16 03:36:35.056019,95.928,7,1g.11gb,yolo-inference-755b67b9bb-6qhhl,default,yolo,580.173.02,GPU-d59cb1c4-ad97-d91a-6731-e7b5f38951a6
2026-08-16 03:36:35.056019,96.057,8,1g.11gb,,,,580.173.02,GPU-d59cb1c4-ad97-d91a-6731-e7b5f38951a6
2026-08-16 03:36:35.056019,96.496,9,1g.11gb,yolo-inference-755b67b9bb-nz54p,default,yolo,580.173.02,GPU-d59cb1c4-ad97-d91a-6731-e7b5f38951a6
2026-08-16 03:36:40.053472,96.32,10,1g.11gb,yolo-inference-755b67b9bb-cf854,default,yolo,580.173.02,GPU-d59cb1c4-ad97-d91a-6731-e7b5f38951a6
2026-08-16 03:36:40.053472,96.388,11,1g.11gb,yolo-inference-755b67b9bb-cgztg,default,yolo,580.173.02,GPU-d59cb1c4-ad97-d91a-6731-e7b5f38951a6
2026-08-16 03:36:40.053472,96.13,12,1g.11gb,yolo-inference-755b67b9bb-g6r55,default,yolo,580.173.02,GPU-d59cb1c4-ad97-d91a-6731-e7b5f38951a6
2026-08-16 03:36:40.053472,96.346,13,1g.11gb,,,,580.173.02,GPU-d59cb1c4-ad97-d91a-6731-e7b5f38951a6
2026-08-16 03:36:40.053472,95.928,7,1g.11gb,yolo-inference-755b67b9bb-6qhhl,default,yolo,580.173.02,GPU-d59cb1c4-ad97-d91a-6731-e7b5f38951a6
2026-08-16 03:36:40.053472,96.057,8,1g.11gb,,,,580.173.02,GPU-d59cb1c4-ad97-d91a-6731-e7b5f38951a6
2026-08-16 03:36:40.053472,96.496,9,1g.11gb,yolo-inference-755b67b9bb-nz54p,default,yolo,580.173.02,GPU-d59cb1c4-ad97-d91a-6731-e7b5f38951a6
2026-08-16 03:36:45.056110,96.32,10,1g.11gb,yolo-inference-755b67b9bb-cf854,default,yolo,580.173.02,GPU-d59cb1c4-ad97-d91a-6731-e7b5f38951a6
2026-08-16 03:36:45.056110,96.388,11,1g.11gb,yolo-inference-755b67b9bb-cgztg,default,yolo,580.173.02,GPU-d59cb1c4-ad97-d91a-6731-e7b5f38951a6
2026-08-16 03:36:45.056110,96.13,12,1g.11gb,yolo-inference-755b67b9bb-g6r55,default,yolo,580.173.02,GPU-d59cb1c4-ad97-d91a-6731-e7b5f38951a6
2026-08-16 03:36:45.056110,96.346,13,1g.11gb,,,,580.173.02,GPU-d59cb1c4-ad97-d91a-6731-e7b5f38951a6
2026-08-16 03:36:45.056110,95.928,7,1g.11gb,yolo-inference-755b67b9bb-6qhhl,default,yolo,580.173.02,GPU-d59cb1c4-ad97-d91a-6731-e7b5f38951a6
2026-08-16 03:36:45.056110,96.057,8,1g.11gb,,,,580.173.02,GPU-d59cb1c4-ad97-d91a-6731-e7b5f38951a6
2026-08-16 03:36:45.056110,96.496,9,1g.11gb,yolo-inference-755b67b9bb-nz54p,default,yolo,580.173.02,GPU-d59cb1c4-ad97-d91a-6731-e7b5f38951a6
2026-08-16 03:36:50.052223,95.112,10,1g.11gb,yolo-inference-755b67b9bb-cf854,default,yolo,580.173.02,GPU-d59cb1c4-ad97-d91a-6731-e7b5f38951a6
2026-08-16 03:36:50.052223,96.388,11,1g.11gb,yolo-inference-755b67b9bb-cgztg,default,yolo,580.173.02,GPU-d59cb1c4-ad97-d91a-6731-e7b5f38951a6
2026-08-16 03:36:50.052223,96.13,12,1g.11gb,yolo-inference-755b67b9bb-g6r55,default,yolo,580.173.02,GPU-d59cb1c4-ad97-d91a-6731-e7b5f38951a6
2026-08-16 03:36:50.052223,96.346,13,1g.11gb,,,,580.173.02,GPU-d59cb1c4-ad97-d91a-6731-e7b5f38951a6
2026-08-16 03:36:50.052223,95.928,7,1g.11gb,yolo-inference-755b67b9bb-6qhhl,default,yolo,580.173.02,GPU-d59cb1c4-ad97-d91a-6731-e7b5f38951a6
2026-08-16 03:36:50.052223,96.057,8,1g.11gb,,,,580.173.02,GPU-d59cb1c4-ad97-d91a-6731-e7b5f38951a6
2026-08-16 03:36:50.052223,96.496,9,1g.11gb,yolo-inference-755b67b9bb-nz54p,default,yolo,580.173.02,GPU-d59cb1c4-ad97-d91a-6731-e7b5f38951a6
2026-08-16 03:36:55.053102,95.112,10,1g.11gb,yolo-inference-755b67b9bb-cf854,default,yolo,580.173.02,GPU-d59cb1c4-ad97-d91a-6731-e7b5f38951a6
2026-08-16 03:36:55.053102,94.724,11,1g.11gb,yolo-inference-755b67b9bb-cgztg,default,yolo,580.173.02,GPU-d59cb1c4-ad97-d91a-6731-e7b5f38951a6
2026-08-16 03:36:55.053102,94.982,12,1g.11gb,yolo-inference-755b67b9bb-g6r55,default,yolo,580.173.02,GPU-d59cb1c4-ad97-d91a-6731-e7b5f38951a6
2026-08-16 03:36:55.053102,94.724,13,1g.11gb,,,,580.173.02,GPU-d59cb1c4-ad97-d91a-6731-e7b5f38951a6
2026-08-16 03:36:55.053102,94.709,7,1g.11gb,yolo-inference-755b67b9bb-6qhhl,default,yolo,580.173.02,GPU-d59cb1c4-ad97-d91a-6731-e7b5f38951a6
2026-08-16 03:36:55.053102,94.951,8,1g.11gb,,,,580.173.02,GPU-d59cb1c4-ad97-d91a-6731-e7b5f38951a6
2026-08-16 03:36:55.053102,94.948,9,1g.11gb,yolo-inference-755b67b9bb-nz54p,default,yolo,580.173.02,GPU-d59cb1c4-ad97-d91a-6731-e7b5f38951a6
2026-08-16 03:37:00.056002,95.112,10,1g.11gb,yolo-inference-755b67b9bb-cf854,default,yolo,580.173.02,GPU-d59cb1c4-ad97-d91a-6731-e7b5f38951a6
2026-08-16 03:37:00.056002,94.724,11,1g.11gb,yolo-inference-755b67b9bb-cgztg,default,yolo,580.173.02,GPU-d59cb1c4-ad97-d91a-6731-e7b5f38951a6
2026-08-16 03:37:00.056002,94.982,12,1g.11gb,yolo-inference-755b67b9bb-g6r55,default,yolo,580.173.02,GPU-d59cb1c4-ad97-d91a-6731-e7b5f38951a6
2026-08-16 03:37:00.056002,94.724,13,1g.11gb,,,,580.173.02,GPU-d59cb1c4-ad97-d91a-6731-e7b5f38951a6
2026-08-16 03:37:00.056002,94.709,7,1g.11gb,yolo-inference-755b67b9bb-6qhhl,default,yolo,580.173.02,GPU-d59cb1c4-ad97-d91a-6731-e7b5f38951a6
2026-08-16 03:37:00.056002,94.951,8,1g.11gb,,,,580.173.02,GPU-d59cb1c4-ad97-d91a-6731-e7b5f38951a6
2026-08-16 03:37:00.056002,94.948,9,1g.11gb,yolo-inference-755b67b9bb-nz54p,default,yolo,580.173.02,GPU-d59cb1c4-ad97-d91a-6731-e7b5f38951a6
2026-08-16 03:37:05.055971,95.112,10,1g.11gb,yolo-inference-755b67b9bb-cf854,default,yolo,580.173.02,GPU-d59cb1c4-ad97-d91a-6731-e7b5f38951a6
2026-08-16 03:37:05.055971,94.724,11,1g.11gb,yolo-inference-755b67b9bb-cgztg,default,yolo,580.173.02,GPU-d59cb1c4-ad97-d91a-6731-e7b5f38951a6
2026-08-16 03:37:05.055971,94.982,12,1g.11gb,yolo-inference-755b67b9bb-g6r55,default,yolo,580.173.02,GPU-d59cb1c4-ad97-d91a-6731-e7b5f38951a6
2026-08-16 03:37:05.055971,94.724,13,1g.11gb,,,,580.173.02,GPU-d59cb1c4-ad97-d91a-6731-e7b5f38951a6
2026-08-16 03:37:05.055971,94.709,7,1g.11gb,yolo-inference-755b67b9bb-6qhhl,default,yolo,580.173.02,GPU-d59cb1c4-ad97-d91a-6731-e7b5f38951a6
2026-08-16 03:37:05.055971,94.951,8,1g.11gb,,,,580.173.02,GPU-d59cb1c4-ad97-d91a-6731-e7b5f38951a6
2026-08-16 03:37:05.055971,94.948,9,1g.11gb,yolo-inference-755b67b9bb-nz54p,default,yolo,580.173.02,GPU-d59cb1c4-ad97-d91a-6731-e7b5f38951a6
2026-08-16 03:37:10.055982,95.112,10,1g.11gb,yolo-inference-755b67b9bb-cf854,default,yolo,580.173.02,GPU-d59cb1c4-ad97-d91a-6731-e7b5f38951a6
2026-08-16 03:37:10.055982,94.724,11,1g.11gb,yolo-inference-755b67b9bb-cgztg,default,yolo,580.173.02,GPU-d59cb1c4-ad97-d91a-6731-e7b5f38951a6
2026-08-16 03:37:10.055982,94.982,12,1g.11gb,yolo-inference-755b67b9bb-g6r55,default,yolo,580.173.02,GPU-d59cb1c4-ad97-d91a-6731-e7b5f38951a6
2026-08-16 03:37:10.055982,94.724,13,1g.11gb,,,,580.173.02,GPU-d59cb1c4-ad97-d91a-6731-e7b5f38951a6
2026-08-16 03:37:10.055982,94.709,7,1g.11gb,yolo-inference-755b67b9bb-6qhhl,default,yolo,580.173.02,GPU-d59cb1c4-ad97-d91a-6731-e7b5f38951a6
2026-08-16 03:37:10.055982,94.951,8,1g.11gb,,,,580.173.02,GPU-d59cb1c4-ad97-d91a-6731-e7b5f38951a6
2026-08-16 03:37:10.055982,94.948,9,1g.11gb,yolo-inference-755b67b9bb-nz54p,default,yolo,580.173.02,GPU-d59cb1c4-ad97-d91a-6731-e7b5f38951a6
2026-08-16 03:37:15.055981,95.112,10,1g.11gb,yolo-inference-755b67b9bb-cf854,default,yolo,580.173.02,GPU-d59cb1c4-ad97-d91a-6731-e7b5f38951a6
2026-08-16 03:37:15.055981,94.724,11,1g.11gb,yolo-inference-755b67b9bb-cgztg,default,yolo,580.173.02,GPU-d59cb1c4-ad97-d91a-6731-e7b5f38951a6
2026-08-16 03:37:15.055981,94.982,12,1g.11gb,yolo-inference-755b67b9bb-g6r55,default,yolo,580.173.02,GPU-d59cb1c4-ad97-d91a-6731-e7b5f38951a6
2026-08-16 03:37:15.055981,94.724,13,1g.11gb,,,,580.173.02,GPU-d59cb1c4-ad97-d91a-6731-e7b5f38951a6
2026-08-16 03:37:15.055981,94.709,7,1g.11gb,yolo-inference-755b67b9bb-6qhhl,default,yolo,580.173.02,GPU-d59cb1c4-ad97-d91a-6731-e7b5f38951a6
2026-08-16 03:37:15.055981,94.951,8,1g.11gb,,,,580.173.02,GPU-d59cb1c4-ad97-d91a-6731-e7b5f38951a6
2026-08-16 03:37:15.055981,94.948,9,1g.11gb,yolo-inference-755b67b9bb-nz54p,default,yolo,580.173.02,GPU-d59cb1c4-ad97-d91a-6731-e7b5f38951a6
2026-08-16 03:37:20.056041,94.674,10,1g.11gb,yolo-inference-755b67b9bb-cf854,default,yolo,580.173.02,GPU-d59cb1c4-ad97-d91a-6731-e7b5f38951a6
2026-08-16 03:37:20.056041,94.724,11,1g.11gb,yolo-inference-755b67b9bb-cgztg,default,yolo,580.173.02,GPU-d59cb1c4-ad97-d91a-6731-e7b5f38951a6
2026-08-16 03:37:20.056041,94.982,12,1g.11gb,yolo-inference-755b67b9bb-g6r55,default,yolo,580.173.02,GPU-d59cb1c4-ad97-d91a-6731-e7b5f38951a6
2026-08-16 03:37:20.056041,94.724,13,1g.11gb,,,,580.173.02,GPU-d59cb1c4-ad97-d91a-6731-e7b5f38951a6
2026-08-16 03:37:20.056041,94.709,7,1g.11gb,yolo-inference-755b67b9bb-6qhhl,default,yolo,580.173.02,GPU-d59cb1c4-ad97-d91a-6731-e7b5f38951a6
2026-08-16 03:37:20.056041,94.951,8,1g.11gb,,,,580.173.02,GPU-d59cb1c4-ad97-d91a-6731-e7b5f38951a6
2026-08-16 03:37:20.056041,94.948,9,1g.11gb,yolo-inference-755b67b9bb-nz54p,default,yolo,580.173.02,GPU-d59cb1c4-ad97-d91a-6731-e7b5f38951a6
2026-08-16 03:37:25.055995,94.674,10,1g.11gb,yolo-inference-755b67b9bb-cf854,default,yolo,580.173.02,GPU-d59cb1c4-ad97-d91a-6731-e7b5f38951a6
2026-08-16 03:37:25.055995,94.707,11,1g.11gb,yolo-inference-755b67b9bb-cgztg,default,yolo,580.173.02,GPU-d59cb1c4-ad97-d91a-6731-e7b5f38951a6
2026-08-16 03:37:25.055995,94.837,12,1g.11gb,yolo-inference-755b67b9bb-g6r55,default,yolo,580.173.02,GPU-d59cb1c4-ad97-d91a-6731-e7b5f38951a6
2026-08-16 03:37:25.055995,94.707,13,1g.11gb,,,,580.173.02,GPU-d59cb1c4-ad97-d91a-6731-e7b5f38951a6
2026-08-16 03:37:25.055995,94.551,7,1g.11gb,yolo-inference-755b67b9bb-6qhhl,default,yolo,580.173.02,GPU-d59cb1c4-ad97-d91a-6731-e7b5f38951a6
2026-08-16 03:37:25.055995,94.829,8,1g.11gb,,,,580.173.02,GPU-d59cb1c4-ad97-d91a-6731-e7b5f38951a6
2026-08-16 03:37:25.055995,94.901,9,1g.11gb,yolo-inference-755b67b9bb-nz54p,default,yolo,580.173.02,GPU-d59cb1c4-ad97-d91a-6731-e7b5f38951a6
2026-08-16 03:37:30.055989,94.674,10,1g.11gb,yolo-inference-755b67b9bb-cf854,default,yolo,580.173.02,GPU-d59cb1c4-ad97-d91a-6731-e7b5f38951a6
2026-08-16 03:37:30.055989,94.707,11,1g.11gb,yolo-inference-755b67b9bb-cgztg,default,yolo,580.173.02,GPU-d59cb1c4-ad97-d91a-6731-e7b5f38951a6
2026-08-16 03:37:30.055989,94.837,12,1g.11gb,yolo-inference-755b67b9bb-g6r55,default,yolo,580.173.02,GPU-d59cb1c4-ad97-d91a-6731-e7b5f38951a6
2026-08-16 03:37:30.055989,94.707,13,1g.11gb,,,,580.173.02,GPU-d59cb1c4-ad97-d91a-6731-e7b5f38951a6
2026-08-16 03:37:30.055989,94.551,7,1g.11gb,yolo-inference-755b67b9bb-6qhhl,default,yolo,580.173.02,GPU-d59cb1c4-ad97-d91a-6731-e7b5f38951a6
2026-08-16 03:37:30.055989,94.829,8,1g.11gb,,,,580.173.02,GPU-d59cb1c4-ad97-d91a-6731-e7b5f38951a6
2026-08-16 03:37:30.055989,94.901,9,1g.11gb,yolo-inference-755b67b9bb-nz54p,default,yolo,580.173.02,GPU-d59cb1c4-ad97-d91a-6731-e7b5f38951a6
2026-08-16 03:37:35.053901,94.674,10,1g.11gb,yolo-inference-755b67b9bb-cf854,default,yolo,580.173.02,GPU-d59cb1c4-ad97-d91a-6731-e7b5f38951a6
2026-08-16 03:37:35.053901,94.707,11,1g.11gb,yolo-inference-755b67b9bb-cgztg,default,yolo,580.173.02,GPU-d59cb1c4-ad97-d91a-6731-e7b5f38951a6
2026-08-16 03:37:35.053901,94.837,12,1g.11gb,yolo-inference-755b67b9bb-g6r55,default,yolo,580.173.02,GPU-d59cb1c4-ad97-d91a-6731-e7b5f38951a6
2026-08-16 03:37:35.053901,94.707,13,1g.11gb,,,,580.173.02,GPU-d59cb1c4-ad97-d91a-6731-e7b5f38951a6
2026-08-16 03:37:35.053901,94.551,7,1g.11gb,yolo-inference-755b67b9bb-6qhhl,default,yolo,580.173.02,GPU-d59cb1c4-ad97-d91a-6731-e7b5f38951a6
2026-08-16 03:37:35.053901,94.829,8,1g.11gb,,,,580.173.02,GPU-d59cb1c4-ad97-d91a-6731-e7b5f38951a6
2026-08-16 03:37:35.053901,94.901,9,1g.11gb,yolo-inference-755b67b9bb-nz54p,default,yolo,580.173.02,GPU-d59cb1c4-ad97-d91a-6731-e7b5f38951a6
2026-08-16 03:37:40.053807,94.674,10,1g.11gb,yolo-inference-755b67b9bb-cf854,default,yolo,580.173.02,GPU-d59cb1c4-ad97-d91a-6731-e7b5f38951a6
2026-08-16 03:37:40.053807,94.707,11,1g.11gb,yolo-inference-755b67b9bb-cgztg,default,yolo,580.173.02,GPU-d59cb1c4-ad97-d91a-6731-e7b5f38951a6
2026-08-16 03:37:40.053807,94.837,12,1g.11gb,yolo-inference-755b67b9bb-g6r55,default,yolo,580.173.02,GPU-d59cb1c4-ad97-d91a-6731-e7b5f38951a6
2026-08-16 03:37:40.053807,94.707,13,1g.11gb,,,,580.173.02,GPU-d59cb1c4-ad97-d91a-6731-e7b5f38951a6
2026-08-16 03:37:40.053807,94.551,7,1g.11gb,yolo-inference-755b67b9bb-6qhhl,default,yolo,580.173.02,GPU-d59cb1c4-ad97-d91a-6731-e7b5f38951a6
2026-08-16 03:37:40.053807,94.829,8,1g.11gb,,,,580.173.02,GPU-d59cb1c4-ad97-d91a-6731-e7b5f38951a6
2026-08-16 03:37:40.053807,94.901,9,1g.11gb,yolo-inference-755b67b9bb-nz54p,default,yolo,580.173.02,GPU-d59cb1c4-ad97-d91a-6731-e7b5f38951a6
2026-08-16 03:37:45.054342,94.674,10,1g.11gb,yolo-inference-755b67b9bb-cf854,default,yolo,580.173.02,GPU-d59cb1c4-ad97-d91a-6731-e7b5f38951a6
2026-08-16 03:37:45.054342,94.707,11,1g.11gb,yolo-inference-755b67b9bb-cgztg,default,yolo,580.173.02,GPU-d59cb1c4-ad97-d91a-6731-e7b5f38951a6
2026-08-16 03:37:45.054342,94.837,12,1g.11gb,yolo-inference-755b67b9bb-g6r55,default,yolo,580.173.02,GPU-d59cb1c4-ad97-d91a-6731-e7b5f38951a6
2026-08-16 03:37:45.054342,94.707,13,1g.11gb,,,,580.173.02,GPU-d59cb1c4-ad97-d91a-6731-e7b5f38951a6
2026-08-16 03:37:45.054342,94.551,7,1g.11gb,yolo-inference-755b67b9bb-6qhhl,default,yolo,580.173.02,GPU-d59cb1c4-ad97-d91a-6731-e7b5f38951a6
2026-08-16 03:37:45.054342,94.829,8,1g.11gb,,,,580.173.02,GPU-d59cb1c4-ad97-d91a-6731-e7b5f38951a6
2026-08-16 03:37:45.054342,94.901,9,1g.11gb,yolo-inference-755b67b9bb-nz54p,default,yolo,580.173.02,GPU-d59cb1c4-ad97-d91a-6731-e7b5f38951a6
2026-08-16 03:37:50.055980,94.703,10,1g.11gb,yolo-inference-755b67b9bb-cf854,default,yolo,580.173.02,GPU-d59cb1c4-ad97-d91a-6731-e7b5f38951a6
2026-08-16 03:37:50.055980,94.707,11,1g.11gb,yolo-inference-755b67b9bb-cgztg,default,yolo,580.173.02,GPU-d59cb1c4-ad97-d91a-6731-e7b5f38951a6
2026-08-16 03:37:50.055980,94.837,12,1g.11gb,yolo-inference-755b67b9bb-g6r55,default,yolo,580.173.02,GPU-d59cb1c4-ad97-d91a-6731-e7b5f38951a6
2026-08-16 03:37:50.055980,94.707,13,1g.11gb,,,,580.173.02,GPU-d59cb1c4-ad97-d91a-6731-e7b5f38951a6
2026-08-16 03:37:50.055980,94.551,7,1g.11gb,yolo-inference-755b67b9bb-6qhhl,default,yolo,580.173.02,GPU-d59cb1c4-ad97-d91a-6731-e7b5f38951a6
2026-08-16 03:37:50.055980,94.829,8,1g.11gb,,,,580.173.02,GPU-d59cb1c4-ad97-d91a-6731-e7b5f38951a6
2026-08-16 03:37:50.055980,94.901,9,1g.11gb,yolo-inference-755b67b9bb-nz54p,default,yolo,580.173.02,GPU-d59cb1c4-ad97-d91a-6731-e7b5f38951a6
2026-08-16 03:37:55.056093,94.703,10,1g.11gb,yolo-inference-755b67b9bb-cf854,default,yolo,580.173.02,GPU-d59cb1c4-ad97-d91a-6731-e7b5f38951a6
2026-08-16 03:37:55.056093,94.513,11,1g.11gb,yolo-inference-755b67b9bb-cgztg,default,yolo,580.173.02,GPU-d59cb1c4-ad97-d91a-6731-e7b5f38951a6
2026-08-16 03:37:55.056093,94.761,12,1g.11gb,yolo-inference-755b67b9bb-g6r55,default,yolo,580.173.02,GPU-d59cb1c4-ad97-d91a-6731-e7b5f38951a6
2026-08-16 03:37:55.056093,94.734,13,1g.11gb,,,,580.173.02,GPU-d59cb1c4-ad97-d91a-6731-e7b5f38951a6
2026-08-16 03:37:55.056093,94.863,7,1g.11gb,yolo-inference-755b67b9bb-6qhhl,default,yolo,580.173.02,GPU-d59cb1c4-ad97-d91a-6731-e7b5f38951a6
2026-08-16 03:37:55.056093,94.761,8,1g.11gb,,,,580.173.02,GPU-d59cb1c4-ad97-d91a-6731-e7b5f38951a6
2026-08-16 03:37:55.056093,94.513,9,1g.11gb,yolo-inference-755b67b9bb-nz54p,default,yolo,580.173.02,GPU-d59cb1c4-ad97-d91a-6731-e7b5f38951a6
2026-08-16 03:38:00.052961,94.703,10,1g.11gb,yolo-inference-755b67b9bb-cf854,default,yolo,580.173.02,GPU-d59cb1c4-ad97-d91a-6731-e7b5f38951a6
2026-08-16 03:38:00.052961,94.513,11,1g.11gb,yolo-inference-755b67b9bb-cgztg,default,yolo,580.173.02,GPU-d59cb1c4-ad97-d91a-6731-e7b5f38951a6
2026-08-16 03:38:00.052961,94.761,12,1g.11gb,yolo-inference-755b67b9bb-g6r55,default,yolo,580.173.02,GPU-d59cb1c4-ad97-d91a-6731-e7b5f38951a6
2026-08-16 03:38:00.052961,94.734,13,1g.11gb,,,,580.173.02,GPU-d59cb1c4-ad97-d91a-6731-e7b5f38951a6
2026-08-16 03:38:00.052961,94.863,7,1g.11gb,yolo-inference-755b67b9bb-6qhhl,default,yolo,580.173.02,GPU-d59cb1c4-ad97-d91a-6731-e7b5f38951a6
2026-08-16 03:38:00.052961,94.761,8,1g.11gb,,,,580.173.02,GPU-d59cb1c4-ad97-d91a-6731-e7b5f38951a6
2026-08-16 03:38:00.052961,94.513,9,1g.11gb,yolo-inference-755b67b9bb-nz54p,default,yolo,580.173.02,GPU-d59cb1c4-ad97-d91a-6731-e7b5f38951a6
2026-08-16 03:38:05.055992,94.703,10,1g.11gb,yolo-inference-755b67b9bb-cf854,default,yolo,580.173.02,GPU-d59cb1c4-ad97-d91a-6731-e7b5f38951a6
2026-08-16 03:38:05.055992,94.513,11,1g.11gb,yolo-inference-755b67b9bb-cgztg,default,yolo,580.173.02,GPU-d59cb1c4-ad97-d91a-6731-e7b5f38951a6
2026-08-16 03:38:05.055992,94.761,12,1g.11gb,yolo-inference-755b67b9bb-g6r55,default,yolo,580.173.02,GPU-d59cb1c4-ad97-d91a-6731-e7b5f38951a6
2026-08-16 03:38:05.055992,94.734,13,1g.11gb,,,,580.173.02,GPU-d59cb1c4-ad97-d91a-6731-e7b5f38951a6
2026-08-16 03:38:05.055992,94.863,7,1g.11gb,yolo-inference-755b67b9bb-6qhhl,default,yolo,580.173.02,GPU-d59cb1c4-ad97-d91a-6731-e7b5f38951a6
2026-08-16 03:38:05.055992,94.761,8,1g.11gb,,,,580.173.02,GPU-d59cb1c4-ad97-d91a-6731-e7b5f38951a6
2026-08-16 03:38:05.055992,94.513,9,1g.11gb,yolo-inference-755b67b9bb-nz54p,default,yolo,580.173.02,GPU-d59cb1c4-ad97-d91a-6731-e7b5f38951a6
2026-08-16 03:38:10.053715,94.703,10,1g.11gb,yolo-inference-755b67b9bb-cf854,default,yolo,580.173.02,GPU-d59cb1c4-ad97-d91a-6731-e7b5f38951a6
2026-08-16 03:38:10.053715,94.513,11,1g.11gb,yolo-inference-755b67b9bb-cgztg,default,yolo,580.173.02,GPU-d59cb1c4-ad97-d91a-6731-e7b5f38951a6
2026-08-16 03:38:10.053715,94.761,12,1g.11gb,yolo-inference-755b67b9bb-g6r55,default,yolo,580.173.02,GPU-d59cb1c4-ad97-d91a-6731-e7b5f38951a6
2026-08-16 03:38:10.053715,94.734,13,1g.11gb,,,,580.173.02,GPU-d59cb1c4-ad97-d91a-6731-e7b5f38951a6
2026-08-16 03:38:10.053715,94.863,7,1g.11gb,yolo-inference-755b67b9bb-6qhhl,default,yolo,580.173.02,GPU-d59cb1c4-ad97-d91a-6731-e7b5f38951a6
2026-08-16 03:38:10.053715,94.761,8,1g.11gb,,,,580.173.02,GPU-d59cb1c4-ad97-d91a-6731-e7b5f38951a6
2026-08-16 03:38:10.053715,94.513,9,1g.11gb,yolo-inference-755b67b9bb-nz54p,default,yolo,580.173.02,GPU-d59cb1c4-ad97-d91a-6731-e7b5f38951a6
2026-08-16 03:38:15.056027,94.703,10,1g.11gb,yolo-inference-755b67b9bb-cf854,default,yolo,580.173.02,GPU-d59cb1c4-ad97-d91a-6731-e7b5f38951a6
2026-08-16 03:38:15.056027,94.513,11,1g.11gb,yolo-inference-755b67b9bb-cgztg,default,yolo,580.173.02,GPU-d59cb1c4-ad97-d91a-6731-e7b5f38951a6
2026-08-16 03:38:15.056027,94.761,12,1g.11gb,yolo-inference-755b67b9bb-g6r55,default,yolo,580.173.02,GPU-d59cb1c4-ad97-d91a-6731-e7b5f38951a6
2026-08-16 03:38:15.056027,94.734,13,1g.11gb,,,,580.173.02,GPU-d59cb1c4-ad97-d91a-6731-e7b5f38951a6
2026-08-16 03:38:15.056027,94.863,7,1g.11gb,yolo-inference-755b67b9bb-6qhhl,default,yolo,580.173.02,GPU-d59cb1c4-ad97-d91a-6731-e7b5f38951a6
2026-08-16 03:38:15.056027,94.761,8,1g.11gb,,,,580.173.02,GPU-d59cb1c4-ad97-d91a-6731-e7b5f38951a6
2026-08-16 03:38:15.056027,94.513,9,1g.11gb,yolo-inference-755b67b9bb-nz54p,default,yolo,580.173.02,GPU-d59cb1c4-ad97-d91a-6731-e7b5f38951a6
2026-08-16 03:38:20.055982,94.735,10,1g.11gb,yolo-inference-755b67b9bb-cf854,default,yolo,580.173.02,GPU-d59cb1c4-ad97-d91a-6731-e7b5f38951a6
2026-08-16 03:38:20.055982,94.513,11,1g.11gb,yolo-inference-755b67b9bb-cgztg,default,yolo,580.173.02,GPU-d59cb1c4-ad97-d91a-6731-e7b5f38951a6
2026-08-16 03:38:20.055982,94.761,12,1g.11gb,yolo-inference-755b67b9bb-g6r55,default,yolo,580.173.02,GPU-d59cb1c4-ad97-d91a-6731-e7b5f38951a6
2026-08-16 03:38:20.055982,94.734,13,1g.11gb,,,,580.173.02,GPU-d59cb1c4-ad97-d91a-6731-e7b5f38951a6
2026-08-16 03:38:20.055982,94.863,7,1g.11gb,yolo-inference-755b67b9bb-6qhhl,default,yolo,580.173.02,GPU-d59cb1c4-ad97-d91a-6731-e7b5f38951a6
2026-08-16 03:38:20.055982,94.761,8,1g.11gb,,,,580.173.02,GPU-d59cb1c4-ad97-d91a-6731-e7b5f38951a6
2026-08-16 03:38:20.055982,94.513,9,1g.11gb,yolo-inference-755b67b9bb-nz54p,default,yolo,580.173.02,GPU-d59cb1c4-ad97-d91a-6731-e7b5f38951a6
2026-08-16 03:38:25.056014,94.735,10,1g.11gb,yolo-inference-755b67b9bb-cf854,default,yolo,580.173.02,GPU-d59cb1c4-ad97-d91a-6731-e7b5f38951a6
2026-08-16 03:38:25.056014,94.904,11,1g.11gb,yolo-inference-755b67b9bb-cgztg,default,yolo,580.173.02,GPU-d59cb1c4-ad97-d91a-6731-e7b5f38951a6
2026-08-16 03:38:25.056014,94.648,12,1g.11gb,yolo-inference-755b67b9bb-g6r55,default,yolo,580.173.02,GPU-d59cb1c4-ad97-d91a-6731-e7b5f38951a6
2026-08-16 03:38:25.056014,94.942,13,1g.11gb,,,,580.173.02,GPU-d59cb1c4-ad97-d91a-6731-e7b5f38951a6
2026-08-16 03:38:25.056014,94.887,7,1g.11gb,yolo-inference-755b67b9bb-6qhhl,default,yolo,580.173.02,GPU-d59cb1c4-ad97-d91a-6731-e7b5f38951a6
2026-08-16 03:38:25.056014,94.648,8,1g.11gb,,,,580.173.02,GPU-d59cb1c4-ad97-d91a-6731-e7b5f38951a6
2026-08-16 03:38:25.056014,94.904,9,1g.11gb,yolo-inference-755b67b9bb-nz54p,default,yolo,580.173.02,GPU-d59cb1c4-ad97-d91a-6731-e7b5f38951a6
2026-08-16 03:38:30.055990,94.735,10,1g.11gb,yolo-inference-755b67b9bb-cf854,default,yolo,580.173.02,GPU-d59cb1c4-ad97-d91a-6731-e7b5f38951a6
2026-08-16 03:38:30.055990,94.904,11,1g.11gb,yolo-inference-755b67b9bb-cgztg,default,yolo,580.173.02,GPU-d59cb1c4-ad97-d91a-6731-e7b5f38951a6
2026-08-16 03:38:30.055990,94.648,12,1g.11gb,yolo-inference-755b67b9bb-g6r55,default,yolo,580.173.02,GPU-d59cb1c4-ad97-d91a-6731-e7b5f38951a6
2026-08-16 03:38:30.055990,94.942,13,1g.11gb,,,,580.173.02,GPU-d59cb1c4-ad97-d91a-6731-e7b5f38951a6
2026-08-16 03:38:30.055990,94.887,7,1g.11gb,yolo-inference-755b67b9bb-6qhhl,default,yolo,580.173.02,GPU-d59cb1c4-ad97-d91a-6731-e7b5f38951a6
2026-08-16 03:38:30.055990,94.648,8,1g.11gb,,,,580.173.02,GPU-d59cb1c4-ad97-d91a-6731-e7b5f38951a6
2026-08-16 03:38:30.055990,94.904,9,1g.11gb,yolo-inference-755b67b9bb-nz54p,default,yolo,580.173.02,GPU-d59cb1c4-ad97-d91a-6731-e7b5f38951a6
2026-08-16 03:38:35.056012,94.735,10,1g.11gb,yolo-inference-755b67b9bb-cf854,default,yolo,580.173.02,GPU-d59cb1c4-ad97-d91a-6731-e7b5f38951a6
2026-08-16 03:38:35.056012,94.904,11,1g.11gb,yolo-inference-755b67b9bb-cgztg,default,yolo,580.173.02,GPU-d59cb1c4-ad97-d91a-6731-e7b5f38951a6
2026-08-16 03:38:35.056012,94.648,12,1g.11gb,yolo-inference-755b67b9bb-g6r55,default,yolo,580.173.02,GPU-d59cb1c4-ad97-d91a-6731-e7b5f38951a6
2026-08-16 03:38:35.056012,94.942,13,1g.11gb,,,,580.173.02,GPU-d59cb1c4-ad97-d91a-6731-e7b5f38951a6
2026-08-16 03:38:35.056012,94.887,7,1g.11gb,yolo-inference-755b67b9bb-6qhhl,default,yolo,580.173.02,GPU-d59cb1c4-ad97-d91a-6731-e7b5f38951a6
2026-08-16 03:38:35.056012,94.648,8,1g.11gb,,,,580.173.02,GPU-d59cb1c4-ad97-d91a-6731-e7b5f38951a6
2026-08-16 03:38:35.056012,94.904,9,1g.11gb,yolo-inference-755b67b9bb-nz54p,default,yolo,580.173.02,GPU-d59cb1c4-ad97-d91a-6731-e7b5f38951a6
2026-08-16 03:38:40.056016,94.735,10,1g.11gb,yolo-inference-755b67b9bb-cf854,default,yolo,580.173.02,GPU-d59cb1c4-ad97-d91a-6731-e7b5f38951a6
2026-08-16 03:38:40.056016,94.904,11,1g.11gb,yolo-inference-755b67b9bb-cgztg,default,yolo,580.173.02,GPU-d59cb1c4-ad97-d91a-6731-e7b5f38951a6
2026-08-16 03:38:40.056016,94.648,12,1g.11gb,yolo-inference-755b67b9bb-g6r55,default,yolo,580.173.02,GPU-d59cb1c4-ad97-d91a-6731-e7b5f38951a6
2026-08-16 03:38:40.056016,94.942,13,1g.11gb,,,,580.173.02,GPU-d59cb1c4-ad97-d91a-6731-e7b5f38951a6
2026-08-16 03:38:40.056016,94.887,7,1g.11gb,yolo-inference-755b67b9bb-6qhhl,default,yolo,580.173.02,GPU-d59cb1c4-ad97-d91a-6731-e7b5f38951a6
2026-08-16 03:38:40.056016,94.648,8,1g.11gb,,,,580.173.02,GPU-d59cb1c4-ad97-d91a-6731-e7b5f38951a6
2026-08-16 03:38:40.056016,94.904,9,1g.11gb,yolo-inference-755b67b9bb-nz54p,default,yolo,580.173.02,GPU-d59cb1c4-ad97-d91a-6731-e7b5f38951a6
2026-08-16 03:38:45.055250,94.735,10,1g.11gb,yolo-inference-755b67b9bb-cf854,default,yolo,580.173.02,GPU-d59cb1c4-ad97-d91a-6731-e7b5f38951a6
2026-08-16 03:38:45.055250,94.904,11,1g.11gb,yolo-inference-755b67b9bb-cgztg,default,yolo,580.173.02,GPU-d59cb1c4-ad97-d91a-6731-e7b5f38951a6
2026-08-16 03:38:45.055250,94.648,12,1g.11gb,yolo-inference-755b67b9bb-g6r55,default,yolo,580.173.02,GPU-d59cb1c4-ad97-d91a-6731-e7b5f38951a6
2026-08-16 03:38:45.055250,94.942,13,1g.11gb,,,,580.173.02,GPU-d59cb1c4-ad97-d91a-6731-e7b5f38951a6
2026-08-16 03:38:45.055250,94.887,7,1g.11gb,yolo-inference-755b67b9bb-6qhhl,default,yolo,580.173.02,GPU-d59cb1c4-ad97-d91a-6731-e7b5f38951a6
2026-08-16 03:38:45.055250,94.648,8,1g.11gb,,,,580.173.02,GPU-d59cb1c4-ad97-d91a-6731-e7b5f38951a6
2026-08-16 03:38:45.055250,94.904,9,1g.11gb,yolo-inference-755b67b9bb-nz54p,default,yolo,580.173.02,GPU-d59cb1c4-ad97-d91a-6731-e7b5f38951a6
2026-08-16 03:38:50.055984,94.949,10,1g.11gb,yolo-inference-755b67b9bb-cf854,default,yolo,580.173.02,GPU-d59cb1c4-ad97-d91a-6731-e7b5f38951a6
2026-08-16 03:38:50.055984,94.904,11,1g.11gb,yolo-inference-755b67b9bb-cgztg,default,yolo,580.173.02,GPU-d59cb1c4-ad97-d91a-6731-e7b5f38951a6
2026-08-16 03:38:50.055984,94.648,12,1g.11gb,yolo-inference-755b67b9bb-g6r55,default,yolo,580.173.02,GPU-d59cb1c4-ad97-d91a-6731-e7b5f38951a6
2026-08-16 03:38:50.055984,94.942,13,1g.11gb,,,,580.173.02,GPU-d59cb1c4-ad97-d91a-6731-e7b5f38951a6
2026-08-16 03:38:50.055984,94.887,7,1g.11gb,yolo-inference-755b67b9bb-6qhhl,default,yolo,580.173.02,GPU-d59cb1c4-ad97-d91a-6731-e7b5f38951a6
2026-08-16 03:38:50.055984,94.648,8,1g.11gb,,,,580.173.02,GPU-d59cb1c4-ad97-d91a-6731-e7b5f38951a6
2026-08-16 03:38:50.055984,94.904,9,1g.11gb,yolo-inference-755b67b9bb-nz54p,default,yolo,580.173.02,GPU-d59cb1c4-ad97-d91a-6731-e7b5f38951a6
2026-08-16 03:38:55.055987,94.949,10,1g.11gb,yolo-inference-755b67b9bb-cf854,default,yolo,580.173.02,GPU-d59cb1c4-ad97-d91a-6731-e7b5f38951a6
2026-08-16 03:38:55.055987,94.991,11,1g.11gb,yolo-inference-755b67b9bb-cgztg,default,yolo,580.173.02,GPU-d59cb1c4-ad97-d91a-6731-e7b5f38951a6
2026-08-16 03:38:55.055987,95.115,12,1g.11gb,yolo-inference-755b67b9bb-g6r55,default,yolo,580.173.02,GPU-d59cb1c4-ad97-d91a-6731-e7b5f38951a6
2026-08-16 03:38:55.055987,95.009,13,1g.11gb,,,,580.173.02,GPU-d59cb1c4-ad97-d91a-6731-e7b5f38951a6
2026-08-16 03:38:55.055987,95.181,7,1g.11gb,yolo-inference-755b67b9bb-6qhhl,default,yolo,580.173.02,GPU-d59cb1c4-ad97-d91a-6731-e7b5f38951a6
2026-08-16 03:38:55.055987,95.115,8,1g.11gb,,,,580.173.02,GPU-d59cb1c4-ad97-d91a-6731-e7b5f38951a6
2026-08-16 03:38:55.055987,94.991,9,1g.11gb,yolo-inference-755b67b9bb-nz54p,default,yolo,580.173.02,GPU-d59cb1c4-ad97-d91a-6731-e7b5f38951a6
2026-08-16 03:39:00.056014,94.949,10,1g.11gb,yolo-inference-755b67b9bb-cf854,default,yolo,580.173.02,GPU-d59cb1c4-ad97-d91a-6731-e7b5f38951a6
2026-08-16 03:39:00.056014,94.991,11,1g.11gb,yolo-inference-755b67b9bb-cgztg,default,yolo,580.173.02,GPU-d59cb1c4-ad97-d91a-6731-e7b5f38951a6
2026-08-16 03:39:00.056014,95.115,12,1g.11gb,yolo-inference-755b67b9bb-g6r55,default,yolo,580.173.02,GPU-d59cb1c4-ad97-d91a-6731-e7b5f38951a6
2026-08-16 03:39:00.056014,95.009,13,1g.11gb,,,,580.173.02,GPU-d59cb1c4-ad97-d91a-6731-e7b5f38951a6
2026-08-16 03:39:00.056014,95.181,7,1g.11gb,yolo-inference-755b67b9bb-6qhhl,default,yolo,580.173.02,GPU-d59cb1c4-ad97-d91a-6731-e7b5f38951a6
2026-08-16 03:39:00.056014,95.115,8,1g.11gb,,,,580.173.02,GPU-d59cb1c4-ad97-d91a-6731-e7b5f38951a6
2026-08-16 03:39:00.056014,94.991,9,1g.11gb,yolo-inference-755b67b9bb-nz54p,default,yolo,580.173.02,GPU-d59cb1c4-ad97-d91a-6731-e7b5f38951a6
2026-08-16 03:39:05.055993,94.949,10,1g.11gb,yolo-inference-755b67b9bb-cf854,default,yolo,580.173.02,GPU-d59cb1c4-ad97-d91a-6731-e7b5f38951a6
2026-08-16 03:39:05.055993,94.991,11,1g.11gb,yolo-inference-755b67b9bb-cgztg,default,yolo,580.173.02,GPU-d59cb1c4-ad97-d91a-6731-e7b5f38951a6
2026-08-16 03:39:05.055993,95.115,12,1g.11gb,yolo-inference-755b67b9bb-g6r55,default,yolo,580.173.02,GPU-d59cb1c4-ad97-d91a-6731-e7b5f38951a6
2026-08-16 03:39:05.055993,95.009,13,1g.11gb,,,,580.173.02,GPU-d59cb1c4-ad97-d91a-6731-e7b5f38951a6
2026-08-16 03:39:05.055993,95.181,7,1g.11gb,yolo-inference-755b67b9bb-6qhhl,default,yolo,580.173.02,GPU-d59cb1c4-ad97-d91a-6731-e7b5f38951a6
2026-08-16 03:39:05.055993,95.115,8,1g.11gb,,,,580.173.02,GPU-d59cb1c4-ad97-d91a-6731-e7b5f38951a6
2026-08-16 03:39:05.055993,94.991,9,1g.11gb,yolo-inference-755b67b9bb-nz54p,default,yolo,580.173.02,GPU-d59cb1c4-ad97-d91a-6731-e7b5f38951a6
2026-08-16 03:39:10.053433,94.949,10,1g.11gb,yolo-inference-755b67b9bb-cf854,default,yolo,580.173.02,GPU-d59cb1c4-ad97-d91a-6731-e7b5f38951a6
2026-08-16 03:39:10.053433,94.991,11,1g.11gb,yolo-inference-755b67b9bb-cgztg,default,yolo,580.173.02,GPU-d59cb1c4-ad97-d91a-6731-e7b5f38951a6
2026-08-16 03:39:10.053433,95.115,12,1g.11gb,yolo-inference-755b67b9bb-g6r55,default,yolo,580.173.02,GPU-d59cb1c4-ad97-d91a-6731-e7b5f38951a6
2026-08-16 03:39:10.053433,95.009,13,1g.11gb,,,,580.173.02,GPU-d59cb1c4-ad97-d91a-6731-e7b5f38951a6
2026-08-16 03:39:10.053433,95.181,7,1g.11gb,yolo-inference-755b67b9bb-6qhhl,default,yolo,580.173.02,GPU-d59cb1c4-ad97-d91a-6731-e7b5f38951a6
2026-08-16 03:39:10.053433,95.115,8,1g.11gb,,,,580.173.02,GPU-d59cb1c4-ad97-d91a-6731-e7b5f38951a6
2026-08-16 03:39:10.053433,94.991,9,1g.11gb,yolo-inference-755b67b9bb-nz54p,default,yolo,580.173.02,GPU-d59cb1c4-ad97-d91a-6731-e7b5f38951a6
2026-08-16 03:39:15.053612,94.949,10,1g.11gb,yolo-inference-755b67b9bb-cf854,default,yolo,580.173.02,GPU-d59cb1c4-ad97-d91a-6731-e7b5f38951a6
2026-08-16 03:39:15.053612,94.991,11,1g.11gb,yolo-inference-755b67b9bb-cgztg,default,yolo,580.173.02,GPU-d59cb1c4-ad97-d91a-6731-e7b5f38951a6
2026-08-16 03:39:15.053612,95.115,12,1g.11gb,yolo-inference-755b67b9bb-g6r55,default,yolo,580.173.02,GPU-d59cb1c4-ad97-d91a-6731-e7b5f38951a6
2026-08-16 03:39:15.053612,95.009,13,1g.11gb,,,,580.173.02,GPU-d59cb1c4-ad97-d91a-6731-e7b5f38951a6
2026-08-16 03:39:15.053612,95.181,7,1g.11gb,yolo-inference-755b67b9bb-6qhhl,default,yolo,580.173.02,GPU-d59cb1c4-ad97-d91a-6731-e7b5f38951a6
2026-08-16 03:39:15.053612,95.115,8,1g.11gb,,,,580.173.02,GPU-d59cb1c4-ad97-d91a-6731-e7b5f38951a6
2026-08-16 03:39:15.053612,94.991,9,1g.11gb,yolo-inference-755b67b9bb-nz54p,default,yolo,580.173.02,GPU-d59cb1c4-ad97-d91a-6731-e7b5f38951a6
2026-08-16 03:39:20.051341,94.956,10,1g.11gb,yolo-inference-755b67b9bb-cf854,default,yolo,580.173.02,GPU-d59cb1c4-ad97-d91a-6731-e7b5f38951a6
2026-08-16 03:39:20.051341,94.991,11,1g.11gb,yolo-inference-755b67b9bb-cgztg,default,yolo,580.173.02,GPU-d59cb1c4-ad97-d91a-6731-e7b5f38951a6
2026-08-16 03:39:20.051341,95.115,12,1g.11gb,yolo-inference-755b67b9bb-g6r55,default,yolo,580.173.02,GPU-d59cb1c4-ad97-d91a-6731-e7b5f38951a6
2026-08-16 03:39:20.051341,95.009,13,1g.11gb,,,,580.173.02,GPU-d59cb1c4-ad97-d91a-6731-e7b5f38951a6
2026-08-16 03:39:20.051341,95.181,7,1g.11gb,yolo-inference-755b67b9bb-6qhhl,default,yolo,580.173.02,GPU-d59cb1c4-ad97-d91a-6731-e7b5f38951a6
2026-08-16 03:39:20.051341,95.115,8,1g.11gb,,,,580.173.02,GPU-d59cb1c4-ad97-d91a-6731-e7b5f38951a6
2026-08-16 03:39:20.051341,94.991,9,1g.11gb,yolo-inference-755b67b9bb-nz54p,default,yolo,580.173.02,GPU-d59cb1c4-ad97-d91a-6731-e7b5f38951a6
2026-08-16 03:39:25.055946,94.956,10,1g.11gb,yolo-inference-755b67b9bb-cf854,default,yolo,580.173.02,GPU-d59cb1c4-ad97-d91a-6731-e7b5f38951a6
2026-08-16 03:39:25.055946,94.615,11,1g.11gb,yolo-inference-755b67b9bb-cgztg,default,yolo,580.173.02,GPU-d59cb1c4-ad97-d91a-6731-e7b5f38951a6
2026-08-16 03:39:25.055946,94.943,12,1g.11gb,yolo-inference-755b67b9bb-g6r55,default,yolo,580.173.02,GPU-d59cb1c4-ad97-d91a-6731-e7b5f38951a6
2026-08-16 03:39:25.055946,94.539,13,1g.11gb,,,,580.173.02,GPU-d59cb1c4-ad97-d91a-6731-e7b5f38951a6
2026-08-16 03:39:25.055946,94.674,7,1g.11gb,yolo-inference-755b67b9bb-6qhhl,default,yolo,580.173.02,GPU-d59cb1c4-ad97-d91a-6731-e7b5f38951a6
2026-08-16 03:39:25.055946,94.943,8,1g.11gb,,,,580.173.02,GPU-d59cb1c4-ad97-d91a-6731-e7b5f38951a6
2026-08-16 03:39:25.055946,94.615,9,1g.11gb,yolo-inference-755b67b9bb-nz54p,default,yolo,580.173.02,GPU-d59cb1c4-ad97-d91a-6731-e7b5f38951a6
2026-08-16 03:39:30.055966,94.956,10,1g.11gb,yolo-inference-755b67b9bb-cf854,default,yolo,580.173.02,GPU-d59cb1c4-ad97-d91a-6731-e7b5f38951a6
2026-08-16 03:39:30.055966,94.615,11,1g.11gb,yolo-inference-755b67b9bb-cgztg,default,yolo,580.173.02,GPU-d59cb1c4-ad97-d91a-6731-e7b5f38951a6
2026-08-16 03:39:30.055966,94.943,12,1g.11gb,yolo-inference-755b67b9bb-g6r55,default,yolo,580.173.02,GPU-d59cb1c4-ad97-d91a-6731-e7b5f38951a6
2026-08-16 03:39:30.055966,94.539,13,1g.11gb,,,,580.173.02,GPU-d59cb1c4-ad97-d91a-6731-e7b5f38951a6
2026-08-16 03:39:30.055966,94.674,7,1g.11gb,yolo-inference-755b67b9bb-6qhhl,default,yolo,580.173.02,GPU-d59cb1c4-ad97-d91a-6731-e7b5f38951a6
2026-08-16 03:39:30.055966,94.943,8,1g.11gb,,,,580.173.02,GPU-d59cb1c4-ad97-d91a-6731-e7b5f38951a6
2026-08-16 03:39:30.055966,94.615,9,1g.11gb,yolo-inference-755b67b9bb-nz54p,default,yolo,580.173.02,GPU-d59cb1c4-ad97-d91a-6731-e7b5f38951a6
2026-08-16 03:39:35.052041,94.956,10,1g.11gb,yolo-inference-755b67b9bb-cf854,default,yolo,580.173.02,GPU-d59cb1c4-ad97-d91a-6731-e7b5f38951a6
2026-08-16 03:39:35.052041,94.615,11,1g.11gb,yolo-inference-755b67b9bb-cgztg,default,yolo,580.173.02,GPU-d59cb1c4-ad97-d91a-6731-e7b5f38951a6
2026-08-16 03:39:35.052041,94.943,12,1g.11gb,yolo-inference-755b67b9bb-g6r55,default,yolo,580.173.02,GPU-d59cb1c4-ad97-d91a-6731-e7b5f38951a6
2026-08-16 03:39:35.052041,94.539,13,1g.11gb,,,,580.173.02,GPU-d59cb1c4-ad97-d91a-6731-e7b5f38951a6
2026-08-16 03:39:35.052041,94.674,7,1g.11gb,yolo-inference-755b67b9bb-6qhhl,default,yolo,580.173.02,GPU-d59cb1c4-ad97-d91a-6731-e7b5f38951a6
2026-08-16 03:39:35.052041,94.943,8,1g.11gb,,,,580.173.02,GPU-d59cb1c4-ad97-d91a-6731-e7b5f38951a6
2026-08-16 03:39:35.052041,94.615,9,1g.11gb,yolo-inference-755b67b9bb-nz54p,default,yolo,580.173.02,GPU-d59cb1c4-ad97-d91a-6731-e7b5f38951a6
2026-08-16 03:39:40.053659,94.956,10,1g.11gb,yolo-inference-755b67b9bb-cf854,default,yolo,580.173.02,GPU-d59cb1c4-ad97-d91a-6731-e7b5f38951a6
2026-08-16 03:39:40.053659,94.615,11,1g.11gb,yolo-inference-755b67b9bb-cgztg,default,yolo,580.173.02,GPU-d59cb1c4-ad97-d91a-6731-e7b5f38951a6
2026-08-16 03:39:40.053659,94.943,12,1g.11gb,yolo-inference-755b67b9bb-g6r55,default,yolo,580.173.02,GPU-d59cb1c4-ad97-d91a-6731-e7b5f38951a6
2026-08-16 03:39:40.053659,94.539,13,1g.11gb,,,,580.173.02,GPU-d59cb1c4-ad97-d91a-6731-e7b5f38951a6
2026-08-16 03:39:40.053659,94.674,7,1g.11gb,yolo-inference-755b67b9bb-6qhhl,default,yolo,580.173.02,GPU-d59cb1c4-ad97-d91a-6731-e7b5f38951a6
2026-08-16 03:39:40.053659,94.943,8,1g.11gb,,,,580.173.02,GPU-d59cb1c4-ad97-d91a-6731-e7b5f38951a6
2026-08-16 03:39:40.053659,94.615,9,1g.11gb,yolo-inference-755b67b9bb-nz54p,default,yolo,580.173.02,GPU-d59cb1c4-ad97-d91a-6731-e7b5f38951a6
2026-08-16 03:39:45.053332,94.956,10,1g.11gb,yolo-inference-755b67b9bb-cf854,default,yolo,580.173.02,GPU-d59cb1c4-ad97-d91a-6731-e7b5f38951a6
2026-08-16 03:39:45.053332,94.615,11,1g.11gb,yolo-inference-755b67b9bb-cgztg,default,yolo,580.173.02,GPU-d59cb1c4-ad97-d91a-6731-e7b5f38951a6
2026-08-16 03:39:45.053332,94.943,12,1g.11gb,yolo-inference-755b67b9bb-g6r55,default,yolo,580.173.02,GPU-d59cb1c4-ad97-d91a-6731-e7b5f38951a6
2026-08-16 03:39:45.053332,94.539,13,1g.11gb,,,,580.173.02,GPU-d59cb1c4-ad97-d91a-6731-e7b5f38951a6
2026-08-16 03:39:45.053332,94.674,7,1g.11gb,yolo-inference-755b67b9bb-6qhhl,default,yolo,580.173.02,GPU-d59cb1c4-ad97-d91a-6731-e7b5f38951a6
2026-08-16 03:39:45.053332,94.943,8,1g.11gb,,,,580.173.02,GPU-d59cb1c4-ad97-d91a-6731-e7b5f38951a6
2026-08-16 03:39:45.053332,94.615,9,1g.11gb,yolo-inference-755b67b9bb-nz54p,default,yolo,580.173.02,GPU-d59cb1c4-ad97-d91a-6731-e7b5f38951a6
2026-08-16 03:39:50.055992,94.688,10,1g.11gb,yolo-inference-755b67b9bb-cf854,default,yolo,580.173.02,GPU-d59cb1c4-ad97-d91a-6731-e7b5f38951a6
2026-08-16 03:39:50.055992,94.615,11,1g.11gb,yolo-inference-755b67b9bb-cgztg,default,yolo,580.173.02,GPU-d59cb1c4-ad97-d91a-6731-e7b5f38951a6
2026-08-16 03:39:50.055992,94.943,12,1g.11gb,yolo-inference-755b67b9bb-g6r55,default,yolo,580.173.02,GPU-d59cb1c4-ad97-d91a-6731-e7b5f38951a6
2026-08-16 03:39:50.055992,94.539,13,1g.11gb,,,,580.173.02,GPU-d59cb1c4-ad97-d91a-6731-e7b5f38951a6
2026-08-16 03:39:50.055992,94.674,7,1g.11gb,yolo-inference-755b67b9bb-6qhhl,default,yolo,580.173.02,GPU-d59cb1c4-ad97-d91a-6731-e7b5f38951a6
2026-08-16 03:39:50.055992,94.943,8,1g.11gb,,,,580.173.02,GPU-d59cb1c4-ad97-d91a-6731-e7b5f38951a6
2026-08-16 03:39:50.055992,94.615,9,1g.11gb,yolo-inference-755b67b9bb-nz54p,default,yolo,580.173.02,GPU-d59cb1c4-ad97-d91a-6731-e7b5f38951a6
2026-08-16 03:39:55.055996,94.688,10,1g.11gb,yolo-inference-755b67b9bb-cf854,default,yolo,580.173.02,GPU-d59cb1c4-ad97-d91a-6731-e7b5f38951a6
2026-08-16 03:39:55.055996,94.364,11,1g.11gb,yolo-inference-755b67b9bb-cgztg,default,yolo,580.173.02,GPU-d59cb1c4-ad97-d91a-6731-e7b5f38951a6
2026-08-16 03:39:55.055996,94.667,12,1g.11gb,yolo-inference-755b67b9bb-g6r55,default,yolo,580.173.02,GPU-d59cb1c4-ad97-d91a-6731-e7b5f38951a6
2026-08-16 03:39:55.055996,94.465,13,1g.11gb,,,,580.173.02,GPU-d59cb1c4-ad97-d91a-6731-e7b5f38951a6
2026-08-16 03:39:55.055996,94.712,7,1g.11gb,yolo-inference-755b67b9bb-6qhhl,default,yolo,580.173.02,GPU-d59cb1c4-ad97-d91a-6731-e7b5f38951a6
2026-08-16 03:39:55.055996,94.667,8,1g.11gb,,,,580.173.02,GPU-d59cb1c4-ad97-d91a-6731-e7b5f38951a6
2026-08-16 03:39:55.055996,94.364,9,1g.11gb,yolo-inference-755b67b9bb-nz54p,default,yolo,580.173.02,GPU-d59cb1c4-ad97-d91a-6731-e7b5f38951a6
2026-08-16 03:40:00.056005,94.688,10,1g.11gb,yolo-inference-755b67b9bb-cf854,default,yolo,580.173.02,GPU-d59cb1c4-ad97-d91a-6731-e7b5f38951a6
2026-08-16 03:40:00.056005,94.364,11,1g.11gb,yolo-inference-755b67b9bb-cgztg,default,yolo,580.173.02,GPU-d59cb1c4-ad97-d91a-6731-e7b5f38951a6
2026-08-16 03:40:00.056005,94.667,12,1g.11gb,yolo-inference-755b67b9bb-g6r55,default,yolo,580.173.02,GPU-d59cb1c4-ad97-d91a-6731-e7b5f38951a6
2026-08-16 03:40:00.056005,94.465,13,1g.11gb,,,,580.173.02,GPU-d59cb1c4-ad97-d91a-6731-e7b5f38951a6
2026-08-16 03:40:00.056005,94.712,7,1g.11gb,yolo-inference-755b67b9bb-6qhhl,default,yolo,580.173.02,GPU-d59cb1c4-ad97-d91a-6731-e7b5f38951a6
2026-08-16 03:40:00.056005,94.667,8,1g.11gb,,,,580.173.02,GPU-d59cb1c4-ad97-d91a-6731-e7b5f38951a6
2026-08-16 03:40:00.056005,94.364,9,1g.11gb,yolo-inference-755b67b9bb-nz54p,default,yolo,580.173.02,GPU-d59cb1c4-ad97-d91a-6731-e7b5f38951a6
2026-08-16 03:40:05.055972,94.688,10,1g.11gb,yolo-inference-755b67b9bb-cf854,default,yolo,580.173.02,GPU-d59cb1c4-ad97-d91a-6731-e7b5f38951a6
2026-08-16 03:40:05.055972,94.364,11,1g.11gb,yolo-inference-755b67b9bb-cgztg,default,yolo,580.173.02,GPU-d59cb1c4-ad97-d91a-6731-e7b5f38951a6
2026-08-16 03:40:05.055972,94.667,12,1g.11gb,yolo-inference-755b67b9bb-g6r55,default,yolo,580.173.02,GPU-d59cb1c4-ad97-d91a-6731-e7b5f38951a6
2026-08-16 03:40:05.055972,94.465,13,1g.11gb,,,,580.173.02,GPU-d59cb1c4-ad97-d91a-6731-e7b5f38951a6
2026-08-16 03:40:05.055972,94.712,7,1g.11gb,yolo-inference-755b67b9bb-6qhhl,default,yolo,580.173.02,GPU-d59cb1c4-ad97-d91a-6731-e7b5f38951a6
2026-08-16 03:40:05.055972,94.667,8,1g.11gb,,,,580.173.02,GPU-d59cb1c4-ad97-d91a-6731-e7b5f38951a6
2026-08-16 03:40:05.055972,94.364,9,1g.11gb,yolo-inference-755b67b9bb-nz54p,default,yolo,580.173.02,GPU-d59cb1c4-ad97-d91a-6731-e7b5f38951a6
2026-08-16 03:40:10.055977,94.688,10,1g.11gb,yolo-inference-755b67b9bb-cf854,default,yolo,580.173.02,GPU-d59cb1c4-ad97-d91a-6731-e7b5f38951a6
2026-08-16 03:40:10.055977,94.364,11,1g.11gb,yolo-inference-755b67b9bb-cgztg,default,yolo,580.173.02,GPU-d59cb1c4-ad97-d91a-6731-e7b5f38951a6
2026-08-16 03:40:10.055977,94.667,12,1g.11gb,yolo-inference-755b67b9bb-g6r55,default,yolo,580.173.02,GPU-d59cb1c4-ad97-d91a-6731-e7b5f38951a6
2026-08-16 03:40:10.055977,94.465,13,1g.11gb,,,,580.173.02,GPU-d59cb1c4-ad97-d91a-6731-e7b5f38951a6
2026-08-16 03:40:10.055977,94.712,7,1g.11gb,yolo-inference-755b67b9bb-6qhhl,default,yolo,580.173.02,GPU-d59cb1c4-ad97-d91a-6731-e7b5f38951a6
2026-08-16 03:40:10.055977,94.667,8,1g.11gb,,,,580.173.02,GPU-d59cb1c4-ad97-d91a-6731-e7b5f38951a6
2026-08-16 03:40:10.055977,94.364,9,1g.11gb,yolo-inference-755b67b9bb-nz54p,default,yolo,580.173.02,GPU-d59cb1c4-ad97-d91a-6731-e7b5f38951a6
2026-08-16 03:40:15.052990,94.688,10,1g.11gb,yolo-inference-755b67b9bb-cf854,default,yolo,580.173.02,GPU-d59cb1c4-ad97-d91a-6731-e7b5f38951a6
2026-08-16 03:40:15.052990,94.364,11,1g.11gb,yolo-inference-755b67b9bb-cgztg,default,yolo,580.173.02,GPU-d59cb1c4-ad97-d91a-6731-e7b5f38951a6
2026-08-16 03:40:15.052990,94.667,12,1g.11gb,yolo-inference-755b67b9bb-g6r55,default,yolo,580.173.02,GPU-d59cb1c4-ad97-d91a-6731-e7b5f38951a6
2026-08-16 03:40:15.052990,94.465,13,1g.11gb,,,,580.173.02,GPU-d59cb1c4-ad97-d91a-6731-e7b5f38951a6
2026-08-16 03:40:15.052990,94.712,7,1g.11gb,yolo-inference-755b67b9bb-6qhhl,default,yolo,580.173.02,GPU-d59cb1c4-ad97-d91a-6731-e7b5f38951a6
2026-08-16 03:40:15.052990,94.667,8,1g.11gb,,,,580.173.02,GPU-d59cb1c4-ad97-d91a-6731-e7b5f38951a6
2026-08-16 03:40:15.052990,94.364,9,1g.11gb,yolo-inference-755b67b9bb-nz54p,default,yolo,580.173.02,GPU-d59cb1c4-ad97-d91a-6731-e7b5f38951a6
2026-08-16 03:40:20.052311,94.269,10,1g.11gb,yolo-inference-755b67b9bb-cf854,default,yolo,580.173.02,GPU-d59cb1c4-ad97-d91a-6731-e7b5f38951a6
2026-08-16 03:40:20.052311,94.364,11,1g.11gb,yolo-inference-755b67b9bb-cgztg,default,yolo,580.173.02,GPU-d59cb1c4-ad97-d91a-6731-e7b5f38951a6
2026-08-16 03:40:20.052311,94.667,12,1g.11gb,yolo-inference-755b67b9bb-g6r55,default,yolo,580.173.02,GPU-d59cb1c4-ad97-d91a-6731-e7b5f38951a6
2026-08-16 03:40:20.052311,94.465,13,1g.11gb,,,,580.173.02,GPU-d59cb1c4-ad97-d91a-6731-e7b5f38951a6
2026-08-16 03:40:20.052311,94.712,7,1g.11gb,yolo-inference-755b67b9bb-6qhhl,default,yolo,580.173.02,GPU-d59cb1c4-ad97-d91a-6731-e7b5f38951a6
2026-08-16 03:40:20.052311,94.667,8,1g.11gb,,,,580.173.02,GPU-d59cb1c4-ad97-d91a-6731-e7b5f38951a6
2026-08-16 03:40:20.052311,94.364,9,1g.11gb,yolo-inference-755b67b9bb-nz54p,default,yolo,580.173.02,GPU-d59cb1c4-ad97-d91a-6731-e7b5f38951a6
2026-08-16 03:40:25.055982,94.269,10,1g.11gb,yolo-inference-755b67b9bb-cf854,default,yolo,580.173.02,GPU-d59cb1c4-ad97-d91a-6731-e7b5f38951a6
2026-08-16 03:40:25.055982,95.002,11,1g.11gb,yolo-inference-755b67b9bb-cgztg,default,yolo,580.173.02,GPU-d59cb1c4-ad97-d91a-6731-e7b5f38951a6
2026-08-16 03:40:25.055982,94.543,12,1g.11gb,yolo-inference-755b67b9bb-g6r55,default,yolo,580.173.02,GPU-d59cb1c4-ad97-d91a-6731-e7b5f38951a6
2026-08-16 03:40:25.055982,95.051,13,1g.11gb,,,,580.173.02,GPU-d59cb1c4-ad97-d91a-6731-e7b5f38951a6
2026-08-16 03:40:25.055982,94.55,7,1g.11gb,yolo-inference-755b67b9bb-6qhhl,default,yolo,580.173.02,GPU-d59cb1c4-ad97-d91a-6731-e7b5f38951a6
2026-08-16 03:40:25.055982,94.543,8,1g.11gb,,,,580.173.02,GPU-d59cb1c4-ad97-d91a-6731-e7b5f38951a6
2026-08-16 03:40:25.055982,95.002,9,1g.11gb,yolo-inference-755b67b9bb-nz54p,default,yolo,580.173.02,GPU-d59cb1c4-ad97-d91a-6731-e7b5f38951a6
2026-08-16 03:40:30.054274,94.269,10,1g.11gb,yolo-inference-755b67b9bb-cf854,default,yolo,580.173.02,GPU-d59cb1c4-ad97-d91a-6731-e7b5f38951a6
2026-08-16 03:40:30.054274,95.002,11,1g.11gb,yolo-inference-755b67b9bb-cgztg,default,yolo,580.173.02,GPU-d59cb1c4-ad97-d91a-6731-e7b5f38951a6
2026-08-16 03:40:30.054274,94.543,12,1g.11gb,yolo-inference-755b67b9bb-g6r55,default,yolo,580.173.02,GPU-d59cb1c4-ad97-d91a-6731-e7b5f38951a6
2026-08-16 03:40:30.054274,95.051,13,1g.11gb,,,,580.173.02,GPU-d59cb1c4-ad97-d91a-6731-e7b5f38951a6
2026-08-16 03:40:30.054274,94.55,7,1g.11gb,yolo-inference-755b67b9bb-6qhhl,default,yolo,580.173.02,GPU-d59cb1c4-ad97-d91a-6731-e7b5f38951a6
2026-08-16 03:40:30.054274,94.543,8,1g.11gb,,,,580.173.02,GPU-d59cb1c4-ad97-d91a-6731-e7b5f38951a6
2026-08-16 03:40:30.054274,95.002,9,1g.11gb,yolo-inference-755b67b9bb-nz54p,default,yolo,580.173.02,GPU-d59cb1c4-ad97-d91a-6731-e7b5f38951a6
2026-08-16 03:40:35.056005,94.269,10,1g.11gb,yolo-inference-755b67b9bb-cf854,default,yolo,580.173.02,GPU-d59cb1c4-ad97-d91a-6731-e7b5f38951a6
2026-08-16 03:40:35.056005,95.002,11,1g.11gb,yolo-inference-755b67b9bb-cgztg,default,yolo,580.173.02,GPU-d59cb1c4-ad97-d91a-6731-e7b5f38951a6
2026-08-16 03:40:35.056005,94.543,12,1g.11gb,yolo-inference-755b67b9bb-g6r55,default,yolo,580.173.02,GPU-d59cb1c4-ad97-d91a-6731-e7b5f38951a6
2026-08-16 03:40:35.056005,95.051,13,1g.11gb,,,,580.173.02,GPU-d59cb1c4-ad97-d91a-6731-e7b5f38951a6
2026-08-16 03:40:35.056005,94.55,7,1g.11gb,yolo-inference-755b67b9bb-6qhhl,default,yolo,580.173.02,GPU-d59cb1c4-ad97-d91a-6731-e7b5f38951a6
2026-08-16 03:40:35.056005,94.543,8,1g.11gb,,,,580.173.02,GPU-d59cb1c4-ad97-d91a-6731-e7b5f38951a6
2026-08-16 03:40:35.056005,95.002,9,1g.11gb,yolo-inference-755b67b9bb-nz54p,default,yolo,580.173.02,GPU-d59cb1c4-ad97-d91a-6731-e7b5f38951a6
2026-08-16 03:40:40.051687,94.269,10,1g.11gb,yolo-inference-755b67b9bb-cf854,default,yolo,580.173.02,GPU-d59cb1c4-ad97-d91a-6731-e7b5f38951a6
2026-08-16 03:40:40.051687,95.002,11,1g.11gb,yolo-inference-755b67b9bb-cgztg,default,yolo,580.173.02,GPU-d59cb1c4-ad97-d91a-6731-e7b5f38951a6
2026-08-16 03:40:40.051687,94.543,12,1g.11gb,yolo-inference-755b67b9bb-g6r55,default,yolo,580.173.02,GPU-d59cb1c4-ad97-d91a-6731-e7b5f38951a6
2026-08-16 03:40:40.051687,95.051,13,1g.11gb,,,,580.173.02,GPU-d59cb1c4-ad97-d91a-6731-e7b5f38951a6
2026-08-16 03:40:40.051687,94.55,7,1g.11gb,yolo-inference-755b67b9bb-6qhhl,default,yolo,580.173.02,GPU-d59cb1c4-ad97-d91a-6731-e7b5f38951a6
2026-08-16 03:40:40.051687,94.543,8,1g.11gb,,,,580.173.02,GPU-d59cb1c4-ad97-d91a-6731-e7b5f38951a6
2026-08-16 03:40:40.051687,95.002,9,1g.11gb,yolo-inference-755b67b9bb-nz54p,default,yolo,580.173.02,GPU-d59cb1c4-ad97-d91a-6731-e7b5f38951a6
2026-08-16 03:40:45.055948,94.269,10,1g.11gb,yolo-inference-755b67b9bb-cf854,default,yolo,580.173.02,GPU-d59cb1c4-ad97-d91a-6731-e7b5f38951a6
2026-08-16 03:40:45.055948,95.002,11,1g.11gb,yolo-inference-755b67b9bb-cgztg,default,yolo,580.173.02,GPU-d59cb1c4-ad97-d91a-6731-e7b5f38951a6
2026-08-16 03:40:45.055948,94.543,12,1g.11gb,yolo-inference-755b67b9bb-g6r55,default,yolo,580.173.02,GPU-d59cb1c4-ad97-d91a-6731-e7b5f38951a6
2026-08-16 03:40:45.055948,95.051,13,1g.11gb,,,,580.173.02,GPU-d59cb1c4-ad97-d91a-6731-e7b5f38951a6
2026-08-16 03:40:45.055948,94.55,7,1g.11gb,yolo-inference-755b67b9bb-6qhhl,default,yolo,580.173.02,GPU-d59cb1c4-ad97-d91a-6731-e7b5f38951a6
2026-08-16 03:40:45.055948,94.543,8,1g.11gb,,,,580.173.02,GPU-d59cb1c4-ad97-d91a-6731-e7b5f38951a6
2026-08-16 03:40:45.055948,95.002,9,1g.11gb,yolo-inference-755b67b9bb-nz54p,default,yolo,580.173.02,GPU-d59cb1c4-ad97-d91a-6731-e7b5f38951a6
2026-08-16 03:40:50.055982,95.071,10,1g.11gb,yolo-inference-755b67b9bb-cf854,default,yolo,580.173.02,GPU-d59cb1c4-ad97-d91a-6731-e7b5f38951a6
2026-08-16 03:40:50.055982,95.002,11,1g.11gb,yolo-inference-755b67b9bb-cgztg,default,yolo,580.173.02,GPU-d59cb1c4-ad97-d91a-6731-e7b5f38951a6
2026-08-16 03:40:50.055982,94.543,12,1g.11gb,yolo-inference-755b67b9bb-g6r55,default,yolo,580.173.02,GPU-d59cb1c4-ad97-d91a-6731-e7b5f38951a6
2026-08-16 03:40:50.055982,95.051,13,1g.11gb,,,,580.173.02,GPU-d59cb1c4-ad97-d91a-6731-e7b5f38951a6
2026-08-16 03:40:50.055982,94.55,7,1g.11gb,yolo-inference-755b67b9bb-6qhhl,default,yolo,580.173.02,GPU-d59cb1c4-ad97-d91a-6731-e7b5f38951a6
2026-08-16 03:40:50.055982,94.543,8,1g.11gb,,,,580.173.02,GPU-d59cb1c4-ad97-d91a-6731-e7b5f38951a6
2026-08-16 03:40:50.055982,95.002,9,1g.11gb,yolo-inference-755b67b9bb-nz54p,default,yolo,580.173.02,GPU-d59cb1c4-ad97-d91a-6731-e7b5f38951a6
2026-08-16 03:40:55.055988,95.071,10,1g.11gb,yolo-inference-755b67b9bb-cf854,default,yolo,580.173.02,GPU-d59cb1c4-ad97-d91a-6731-e7b5f38951a6
2026-08-16 03:40:55.055988,95.372,11,1g.11gb,yolo-inference-755b67b9bb-cgztg,default,yolo,580.173.02,GPU-d59cb1c4-ad97-d91a-6731-e7b5f38951a6
2026-08-16 03:40:55.055988,94.95,12,1g.11gb,yolo-inference-755b67b9bb-g6r55,default,yolo,580.173.02,GPU-d59cb1c4-ad97-d91a-6731-e7b5f38951a6
2026-08-16 03:40:55.055988,95.138,13,1g.11gb,,,,580.173.02,GPU-d59cb1c4-ad97-d91a-6731-e7b5f38951a6
2026-08-16 03:40:55.055988,94.917,7,1g.11gb,yolo-inference-755b67b9bb-6qhhl,default,yolo,580.173.02,GPU-d59cb1c4-ad97-d91a-6731-e7b5f38951a6
2026-08-16 03:40:55.055988,95.229,8,1g.11gb,,,,580.173.02,GPU-d59cb1c4-ad97-d91a-6731-e7b5f38951a6
2026-08-16 03:40:55.055988,95.372,9,1g.11gb,yolo-inference-755b67b9bb-nz54p,default,yolo,580.173.02,GPU-d59cb1c4-ad97-d91a-6731-e7b5f38951a6
2026-08-16 03:41:00.056113,95.071,10,1g.11gb,yolo-inference-755b67b9bb-cf854,default,yolo,580.173.02,GPU-d59cb1c4-ad97-d91a-6731-e7b5f38951a6
2026-08-16 03:41:00.056113,95.372,11,1g.11gb,yolo-inference-755b67b9bb-cgztg,default,yolo,580.173.02,GPU-d59cb1c4-ad97-d91a-6731-e7b5f38951a6
2026-08-16 03:41:00.056113,94.95,12,1g.11gb,yolo-inference-755b67b9bb-g6r55,default,yolo,580.173.02,GPU-d59cb1c4-ad97-d91a-6731-e7b5f38951a6
2026-08-16 03:41:00.056113,95.138,13,1g.11gb,,,,580.173.02,GPU-d59cb1c4-ad97-d91a-6731-e7b5f38951a6
2026-08-16 03:41:00.056113,94.917,7,1g.11gb,yolo-inference-755b67b9bb-6qhhl,default,yolo,580.173.02,GPU-d59cb1c4-ad97-d91a-6731-e7b5f38951a6
2026-08-16 03:41:00.056113,95.229,8,1g.11gb,,,,580.173.02,GPU-d59cb1c4-ad97-d91a-6731-e7b5f38951a6
2026-08-16 03:41:00.056113,95.372,9,1g.11gb,yolo-inference-755b67b9bb-nz54p,default,yolo,580.173.02,GPU-d59cb1c4-ad97-d91a-6731-e7b5f38951a6
2026-08-16 03:41:05.052734,95.071,10,1g.11gb,yolo-inference-755b67b9bb-cf854,default,yolo,580.173.02,GPU-d59cb1c4-ad97-d91a-6731-e7b5f38951a6
2026-08-16 03:41:05.052734,95.372,11,1g.11gb,yolo-inference-755b67b9bb-cgztg,default,yolo,580.173.02,GPU-d59cb1c4-ad97-d91a-6731-e7b5f38951a6
2026-08-16 03:41:05.052734,94.95,12,1g.11gb,yolo-inference-755b67b9bb-g6r55,default,yolo,580.173.02,GPU-d59cb1c4-ad97-d91a-6731-e7b5f38951a6
2026-08-16 03:41:05.052734,95.138,13,1g.11gb,,,,580.173.02,GPU-d59cb1c4-ad97-d91a-6731-e7b5f38951a6
2026-08-16 03:41:05.052734,94.917,7,1g.11gb,yolo-inference-755b67b9bb-6qhhl,default,yolo,580.173.02,GPU-d59cb1c4-ad97-d91a-6731-e7b5f38951a6
2026-08-16 03:41:05.052734,95.229,8,1g.11gb,,,,580.173.02,GPU-d59cb1c4-ad97-d91a-6731-e7b5f38951a6
2026-08-16 03:41:05.052734,95.372,9,1g.11gb,yolo-inference-755b67b9bb-nz54p,default,yolo,580.173.02,GPU-d59cb1c4-ad97-d91a-6731-e7b5f38951a6
2026-08-16 03:41:10.052885,95.071,10,1g.11gb,yolo-inference-755b67b9bb-cf854,default,yolo,580.173.02,GPU-d59cb1c4-ad97-d91a-6731-e7b5f38951a6
2026-08-16 03:41:10.052885,95.372,11,1g.11gb,yolo-inference-755b67b9bb-cgztg,default,yolo,580.173.02,GPU-d59cb1c4-ad97-d91a-6731-e7b5f38951a6
2026-08-16 03:41:10.052885,94.95,12,1g.11gb,yolo-inference-755b67b9bb-g6r55,default,yolo,580.173.02,GPU-d59cb1c4-ad97-d91a-6731-e7b5f38951a6
2026-08-16 03:41:10.052885,95.138,13,1g.11gb,,,,580.173.02,GPU-d59cb1c4-ad97-d91a-6731-e7b5f38951a6
2026-08-16 03:41:10.052885,94.917,7,1g.11gb,yolo-inference-755b67b9bb-6qhhl,default,yolo,580.173.02,GPU-d59cb1c4-ad97-d91a-6731-e7b5f38951a6
2026-08-16 03:41:10.052885,95.229,8,1g.11gb,,,,580.173.02,GPU-d59cb1c4-ad97-d91a-6731-e7b5f38951a6
2026-08-16 03:41:10.052885,95.372,9,1g.11gb,yolo-inference-755b67b9bb-nz54p,default,yolo,580.173.02,GPU-d59cb1c4-ad97-d91a-6731-e7b5f38951a6
2026-08-16 03:41:15.056014,95.071,10,1g.11gb,yolo-inference-755b67b9bb-cf854,default,yolo,580.173.02,GPU-d59cb1c4-ad97-d91a-6731-e7b5f38951a6
2026-08-16 03:41:15.056014,95.372,11,1g.11gb,yolo-inference-755b67b9bb-cgztg,default,yolo,580.173.02,GPU-d59cb1c4-ad97-d91a-6731-e7b5f38951a6
2026-08-16 03:41:15.056014,94.95,12,1g.11gb,yolo-inference-755b67b9bb-g6r55,default,yolo,580.173.02,GPU-d59cb1c4-ad97-d91a-6731-e7b5f38951a6
2026-08-16 03:41:15.056014,95.138,13,1g.11gb,,,,580.173.02,GPU-d59cb1c4-ad97-d91a-6731-e7b5f38951a6
2026-08-16 03:41:15.056014,94.917,7,1g.11gb,yolo-inference-755b67b9bb-6qhhl,default,yolo,580.173.02,GPU-d59cb1c4-ad97-d91a-6731-e7b5f38951a6
2026-08-16 03:41:15.056014,95.229,8,1g.11gb,,,,580.173.02,GPU-d59cb1c4-ad97-d91a-6731-e7b5f38951a6
2026-08-16 03:41:15.056014,95.372,9,1g.11gb,yolo-inference-755b67b9bb-nz54p,default,yolo,580.173.02,GPU-d59cb1c4-ad97-d91a-6731-e7b5f38951a6
2026-08-16 03:41:20.055421,94.803,10,1g.11gb,yolo-inference-755b67b9bb-cf854,default,yolo,580.173.02,GPU-d59cb1c4-ad97-d91a-6731-e7b5f38951a6
2026-08-16 03:41:20.055421,95.372,11,1g.11gb,yolo-inference-755b67b9bb-cgztg,default,yolo,580.173.02,GPU-d59cb1c4-ad97-d91a-6731-e7b5f38951a6
2026-08-16 03:41:20.055421,94.95,12,1g.11gb,yolo-inference-755b67b9bb-g6r55,default,yolo,580.173.02,GPU-d59cb1c4-ad97-d91a-6731-e7b5f38951a6
2026-08-16 03:41:20.055421,95.138,13,1g.11gb,,,,580.173.02,GPU-d59cb1c4-ad97-d91a-6731-e7b5f38951a6
2026-08-16 03:41:20.055421,94.917,7,1g.11gb,yolo-inference-755b67b9bb-6qhhl,default,yolo,580.173.02,GPU-d59cb1c4-ad97-d91a-6731-e7b5f38951a6
2026-08-16 03:41:20.055421,95.229,8,1g.11gb,,,,580.173.02,GPU-d59cb1c4-ad97-d91a-6731-e7b5f38951a6
2026-08-16 03:41:20.055421,95.372,9,1g.11gb,yolo-inference-755b67b9bb-nz54p,default,yolo,580.173.02,GPU-d59cb1c4-ad97-d91a-6731-e7b5f38951a6
2026-08-16 03:41:25.052184,94.803,10,1g.11gb,yolo-inference-755b67b9bb-cf854,default,yolo,580.173.02,GPU-d59cb1c4-ad97-d91a-6731-e7b5f38951a6
2026-08-16 03:41:25.052184,94.573,11,1g.11gb,yolo-inference-755b67b9bb-cgztg,default,yolo,580.173.02,GPU-d59cb1c4-ad97-d91a-6731-e7b5f38951a6
2026-08-16 03:41:25.052184,94.9,12,1g.11gb,yolo-inference-755b67b9bb-g6r55,default,yolo,580.173.02,GPU-d59cb1c4-ad97-d91a-6731-e7b5f38951a6
2026-08-16 03:41:25.052184,94.599,13,1g.11gb,,,,580.173.02,GPU-d59cb1c4-ad97-d91a-6731-e7b5f38951a6
2026-08-16 03:41:25.052184,94.584,7,1g.11gb,yolo-inference-755b67b9bb-6qhhl,default,yolo,580.173.02,GPU-d59cb1c4-ad97-d91a-6731-e7b5f38951a6
2026-08-16 03:41:25.052184,94.801,8,1g.11gb,,,,580.173.02,GPU-d59cb1c4-ad97-d91a-6731-e7b5f38951a6
2026-08-16 03:41:25.052184,94.734,9,1g.11gb,yolo-inference-755b67b9bb-nz54p,default,yolo,580.173.02,GPU-d59cb1c4-ad97-d91a-6731-e7b5f38951a6
2026-08-16 03:41:30.056010,94.803,10,1g.11gb,yolo-inference-755b67b9bb-cf854,default,yolo,580.173.02,GPU-d59cb1c4-ad97-d91a-6731-e7b5f38951a6
2026-08-16 03:41:30.056010,94.573,11,1g.11gb,yolo-inference-755b67b9bb-cgztg,default,yolo,580.173.02,GPU-d59cb1c4-ad97-d91a-6731-e7b5f38951a6
2026-08-16 03:41:30.056010,94.9,12,1g.11gb,yolo-inference-755b67b9bb-g6r55,default,yolo,580.173.02,GPU-d59cb1c4-ad97-d91a-6731-e7b5f38951a6
2026-08-16 03:41:30.056010,94.599,13,1g.11gb,,,,580.173.02,GPU-d59cb1c4-ad97-d91a-6731-e7b5f38951a6
2026-08-16 03:41:30.056010,94.584,7,1g.11gb,yolo-inference-755b67b9bb-6qhhl,default,yolo,580.173.02,GPU-d59cb1c4-ad97-d91a-6731-e7b5f38951a6
2026-08-16 03:41:30.056010,94.801,8,1g.11gb,,,,580.173.02,GPU-d59cb1c4-ad97-d91a-6731-e7b5f38951a6
2026-08-16 03:41:30.056010,94.734,9,1g.11gb,yolo-inference-755b67b9bb-nz54p,default,yolo,580.173.02,GPU-d59cb1c4-ad97-d91a-6731-e7b5f38951a6
2026-08-16 03:41:35.055969,94.803,10,1g.11gb,yolo-inference-755b67b9bb-cf854,default,yolo,580.173.02,GPU-d59cb1c4-ad97-d91a-6731-e7b5f38951a6
2026-08-16 03:41:35.055969,94.573,11,1g.11gb,yolo-inference-755b67b9bb-cgztg,default,yolo,580.173.02,GPU-d59cb1c4-ad97-d91a-6731-e7b5f38951a6
2026-08-16 03:41:35.055969,94.9,12,1g.11gb,yolo-inference-755b67b9bb-g6r55,default,yolo,580.173.02,GPU-d59cb1c4-ad97-d91a-6731-e7b5f38951a6
2026-08-16 03:41:35.055969,94.599,13,1g.11gb,,,,580.173.02,GPU-d59cb1c4-ad97-d91a-6731-e7b5f38951a6
2026-08-16 03:41:35.055969,94.584,7,1g.11gb,yolo-inference-755b67b9bb-6qhhl,default,yolo,580.173.02,GPU-d59cb1c4-ad97-d91a-6731-e7b5f38951a6
2026-08-16 03:41:35.055969,94.801,8,1g.11gb,,,,580.173.02,GPU-d59cb1c4-ad97-d91a-6731-e7b5f38951a6
2026-08-16 03:41:35.055969,94.734,9,1g.11gb,yolo-inference-755b67b9bb-nz54p,default,yolo,580.173.02,GPU-d59cb1c4-ad97-d91a-6731-e7b5f38951a6
2026-08-16 03:41:40.055979,94.803,10,1g.11gb,yolo-inference-755b67b9bb-cf854,default,yolo,580.173.02,GPU-d59cb1c4-ad97-d91a-6731-e7b5f38951a6
2026-08-16 03:41:40.055979,94.573,11,1g.11gb,yolo-inference-755b67b9bb-cgztg,default,yolo,580.173.02,GPU-d59cb1c4-ad97-d91a-6731-e7b5f38951a6
2026-08-16 03:41:40.055979,94.9,12,1g.11gb,yolo-inference-755b67b9bb-g6r55,default,yolo,580.173.02,GPU-d59cb1c4-ad97-d91a-6731-e7b5f38951a6
2026-08-16 03:41:40.055979,94.599,13,1g.11gb,,,,580.173.02,GPU-d59cb1c4-ad97-d91a-6731-e7b5f38951a6
2026-08-16 03:41:40.055979,94.584,7,1g.11gb,yolo-inference-755b67b9bb-6qhhl,default,yolo,580.173.02,GPU-d59cb1c4-ad97-d91a-6731-e7b5f38951a6
2026-08-16 03:41:40.055979,94.801,8,1g.11gb,,,,580.173.02,GPU-d59cb1c4-ad97-d91a-6731-e7b5f38951a6
2026-08-16 03:41:40.055979,94.734,9,1g.11gb,yolo-inference-755b67b9bb-nz54p,default,yolo,580.173.02,GPU-d59cb1c4-ad97-d91a-6731-e7b5f38951a6
2026-08-16 03:41:45.055398,94.803,10,1g.11gb,yolo-inference-755b67b9bb-cf854,default,yolo,580.173.02,GPU-d59cb1c4-ad97-d91a-6731-e7b5f38951a6
2026-08-16 03:41:45.055398,94.573,11,1g.11gb,yolo-inference-755b67b9bb-cgztg,default,yolo,580.173.02,GPU-d59cb1c4-ad97-d91a-6731-e7b5f38951a6
2026-08-16 03:41:45.055398,94.9,12,1g.11gb,yolo-inference-755b67b9bb-g6r55,default,yolo,580.173.02,GPU-d59cb1c4-ad97-d91a-6731-e7b5f38951a6
2026-08-16 03:41:45.055398,94.599,13,1g.11gb,,,,580.173.02,GPU-d59cb1c4-ad97-d91a-6731-e7b5f38951a6
2026-08-16 03:41:45.055398,94.584,7,1g.11gb,yolo-inference-755b67b9bb-6qhhl,default,yolo,580.173.02,GPU-d59cb1c4-ad97-d91a-6731-e7b5f38951a6
2026-08-16 03:41:45.055398,94.801,8,1g.11gb,,,,580.173.02,GPU-d59cb1c4-ad97-d91a-6731-e7b5f38951a6
2026-08-16 03:41:45.055398,94.734,9,1g.11gb,yolo-inference-755b67b9bb-nz54p,default,yolo,580.173.02,GPU-d59cb1c4-ad97-d91a-6731-e7b5f38951a6
2026-08-16 03:41:50.056023,94.462,10,1g.11gb,yolo-inference-755b67b9bb-cf854,default,yolo,580.173.02,GPU-d59cb1c4-ad97-d91a-6731-e7b5f38951a6
2026-08-16 03:41:50.056023,94.573,11,1g.11gb,yolo-inference-755b67b9bb-cgztg,default,yolo,580.173.02,GPU-d59cb1c4-ad97-d91a-6731-e7b5f38951a6
2026-08-16 03:41:50.056023,94.9,12,1g.11gb,yolo-inference-755b67b9bb-g6r55,default,yolo,580.173.02,GPU-d59cb1c4-ad97-d91a-6731-e7b5f38951a6
2026-08-16 03:41:50.056023,94.599,13,1g.11gb,,,,580.173.02,GPU-d59cb1c4-ad97-d91a-6731-e7b5f38951a6
2026-08-16 03:41:50.056023,94.584,7,1g.11gb,yolo-inference-755b67b9bb-6qhhl,default,yolo,580.173.02,GPU-d59cb1c4-ad97-d91a-6731-e7b5f38951a6
2026-08-16 03:41:50.056023,94.801,8,1g.11gb,,,,580.173.02,GPU-d59cb1c4-ad97-d91a-6731-e7b5f38951a6
2026-08-16 03:41:50.056023,94.734,9,1g.11gb,yolo-inference-755b67b9bb-nz54p,default,yolo,580.173.02,GPU-d59cb1c4-ad97-d91a-6731-e7b5f38951a6
2026-08-16 03:41:55.054145,94.462,10,1g.11gb,yolo-inference-755b67b9bb-cf854,default,yolo,580.173.02,GPU-d59cb1c4-ad97-d91a-6731-e7b5f38951a6
2026-08-16 03:41:55.054145,94.683,11,1g.11gb,yolo-inference-755b67b9bb-cgztg,default,yolo,580.173.02,GPU-d59cb1c4-ad97-d91a-6731-e7b5f38951a6
2026-08-16 03:41:55.054145,94.597,12,1g.11gb,yolo-inference-755b67b9bb-g6r55,default,yolo,580.173.02,GPU-d59cb1c4-ad97-d91a-6731-e7b5f38951a6
2026-08-16 03:41:55.054145,94.683,13,1g.11gb,,,,580.173.02,GPU-d59cb1c4-ad97-d91a-6731-e7b5f38951a6
2026-08-16 03:41:55.054145,94.543,7,1g.11gb,yolo-inference-755b67b9bb-6qhhl,default,yolo,580.173.02,GPU-d59cb1c4-ad97-d91a-6731-e7b5f38951a6
2026-08-16 03:41:55.054145,94.426,8,1g.11gb,,,,580.173.02,GPU-d59cb1c4-ad97-d91a-6731-e7b5f38951a6
2026-08-16 03:41:55.054145,94.662,9,1g.11gb,yolo-inference-755b67b9bb-nz54p,default,yolo,580.173.02,GPU-d59cb1c4-ad97-d91a-6731-e7b5f38951a6
2026-08-16 03:42:00.053798,94.462,10,1g.11gb,yolo-inference-755b67b9bb-cf854,default,yolo,580.173.02,GPU-d59cb1c4-ad97-d91a-6731-e7b5f38951a6
2026-08-16 03:42:00.053798,94.683,11,1g.11gb,yolo-inference-755b67b9bb-cgztg,default,yolo,580.173.02,GPU-d59cb1c4-ad97-d91a-6731-e7b5f38951a6
2026-08-16 03:42:00.053798,94.597,12,1g.11gb,yolo-inference-755b67b9bb-g6r55,default,yolo,580.173.02,GPU-d59cb1c4-ad97-d91a-6731-e7b5f38951a6
2026-08-16 03:42:00.053798,94.683,13,1g.11gb,,,,580.173.02,GPU-d59cb1c4-ad97-d91a-6731-e7b5f38951a6
2026-08-16 03:42:00.053798,94.543,7,1g.11gb,yolo-inference-755b67b9bb-6qhhl,default,yolo,580.173.02,GPU-d59cb1c4-ad97-d91a-6731-e7b5f38951a6
2026-08-16 03:42:00.053798,94.426,8,1g.11gb,,,,580.173.02,GPU-d59cb1c4-ad97-d91a-6731-e7b5f38951a6
2026-08-16 03:42:00.053798,94.662,9,1g.11gb,yolo-inference-755b67b9bb-nz54p,default,yolo,580.173.02,GPU-d59cb1c4-ad97-d91a-6731-e7b5f38951a6
2026-08-16 03:42:05.055981,94.462,10,1g.11gb,yolo-inference-755b67b9bb-cf854,default,yolo,580.173.02,GPU-d59cb1c4-ad97-d91a-6731-e7b5f38951a6
2026-08-16 03:42:05.055981,94.683,11,1g.11gb,yolo-inference-755b67b9bb-cgztg,default,yolo,580.173.02,GPU-d59cb1c4-ad97-d91a-6731-e7b5f38951a6
2026-08-16 03:42:05.055981,94.597,12,1g.11gb,yolo-inference-755b67b9bb-g6r55,default,yolo,580.173.02,GPU-d59cb1c4-ad97-d91a-6731-e7b5f38951a6
2026-08-16 03:42:05.055981,94.683,13,1g.11gb,,,,580.173.02,GPU-d59cb1c4-ad97-d91a-6731-e7b5f38951a6
2026-08-16 03:42:05.055981,94.543,7,1g.11gb,yolo-inference-755b67b9bb-6qhhl,default,yolo,580.173.02,GPU-d59cb1c4-ad97-d91a-6731-e7b5f38951a6
2026-08-16 03:42:05.055981,94.426,8,1g.11gb,,,,580.173.02,GPU-d59cb1c4-ad97-d91a-6731-e7b5f38951a6
2026-08-16 03:42:05.055981,94.662,9,1g.11gb,yolo-inference-755b67b9bb-nz54p,default,yolo,580.173.02,GPU-d59cb1c4-ad97-d91a-6731-e7b5f38951a6
2026-08-16 03:42:10.053477,94.462,10,1g.11gb,yolo-inference-755b67b9bb-cf854,default,yolo,580.173.02,GPU-d59cb1c4-ad97-d91a-6731-e7b5f38951a6
2026-08-16 03:42:10.053477,94.683,11,1g.11gb,yolo-inference-755b67b9bb-cgztg,default,yolo,580.173.02,GPU-d59cb1c4-ad97-d91a-6731-e7b5f38951a6
2026-08-16 03:42:10.053477,94.597,12,1g.11gb,yolo-inference-755b67b9bb-g6r55,default,yolo,580.173.02,GPU-d59cb1c4-ad97-d91a-6731-e7b5f38951a6
2026-08-16 03:42:10.053477,94.683,13,1g.11gb,,,,580.173.02,GPU-d59cb1c4-ad97-d91a-6731-e7b5f38951a6
2026-08-16 03:42:10.053477,94.543,7,1g.11gb,yolo-inference-755b67b9bb-6qhhl,default,yolo,580.173.02,GPU-d59cb1c4-ad97-d91a-6731-e7b5f38951a6
2026-08-16 03:42:10.053477,94.426,8,1g.11gb,,,,580.173.02,GPU-d59cb1c4-ad97-d91a-6731-e7b5f38951a6
2026-08-16 03:42:10.053477,94.662,9,1g.11gb,yolo-inference-755b67b9bb-nz54p,default,yolo,580.173.02,GPU-d59cb1c4-ad97-d91a-6731-e7b5f38951a6
2026-08-16 03:42:15.052140,94.462,10,1g.11gb,yolo-inference-755b67b9bb-cf854,default,yolo,580.173.02,GPU-d59cb1c4-ad97-d91a-6731-e7b5f38951a6
2026-08-16 03:42:15.052140,94.683,11,1g.11gb,yolo-inference-755b67b9bb-cgztg,default,yolo,580.173.02,GPU-d59cb1c4-ad97-d91a-6731-e7b5f38951a6
2026-08-16 03:42:15.052140,94.597,12,1g.11gb,yolo-inference-755b67b9bb-g6r55,default,yolo,580.173.02,GPU-d59cb1c4-ad97-d91a-6731-e7b5f38951a6
2026-08-16 03:42:15.052140,94.683,13,1g.11gb,,,,580.173.02,GPU-d59cb1c4-ad97-d91a-6731-e7b5f38951a6
2026-08-16 03:42:15.052140,94.543,7,1g.11gb,yolo-inference-755b67b9bb-6qhhl,default,yolo,580.173.02,GPU-d59cb1c4-ad97-d91a-6731-e7b5f38951a6
2026-08-16 03:42:15.052140,94.426,8,1g.11gb,,,,580.173.02,GPU-d59cb1c4-ad97-d91a-6731-e7b5f38951a6
2026-08-16 03:42:15.052140,94.662,9,1g.11gb,yolo-inference-755b67b9bb-nz54p,default,yolo,580.173.02,GPU-d59cb1c4-ad97-d91a-6731-e7b5f38951a6
2026-08-16 03:42:20.055988,94.672,10,1g.11gb,yolo-inference-755b67b9bb-cf854,default,yolo,580.173.02,GPU-d59cb1c4-ad97-d91a-6731-e7b5f38951a6
2026-08-16 03:42:20.055988,94.683,11,1g.11gb,yolo-inference-755b67b9bb-cgztg,default,yolo,580.173.02,GPU-d59cb1c4-ad97-d91a-6731-e7b5f38951a6
2026-08-16 03:42:20.055988,94.597,12,1g.11gb,yolo-inference-755b67b9bb-g6r55,default,yolo,580.173.02,GPU-d59cb1c4-ad97-d91a-6731-e7b5f38951a6
2026-08-16 03:42:20.055988,94.683,13,1g.11gb,,,,580.173.02,GPU-d59cb1c4-ad97-d91a-6731-e7b5f38951a6
2026-08-16 03:42:20.055988,94.543,7,1g.11gb,yolo-inference-755b67b9bb-6qhhl,default,yolo,580.173.02,GPU-d59cb1c4-ad97-d91a-6731-e7b5f38951a6
2026-08-16 03:42:20.055988,94.426,8,1g.11gb,,,,580.173.02,GPU-d59cb1c4-ad97-d91a-6731-e7b5f38951a6
2026-08-16 03:42:20.055988,94.662,9,1g.11gb,yolo-inference-755b67b9bb-nz54p,default,yolo,580.173.02,GPU-d59cb1c4-ad97-d91a-6731-e7b5f38951a6
2026-08-16 03:42:25.056037,94.672,10,1g.11gb,yolo-inference-755b67b9bb-cf854,default,yolo,580.173.02,GPU-d59cb1c4-ad97-d91a-6731-e7b5f38951a6
2026-08-16 03:42:25.056037,94.956,11,1g.11gb,yolo-inference-755b67b9bb-cgztg,default,yolo,580.173.02,GPU-d59cb1c4-ad97-d91a-6731-e7b5f38951a6
2026-08-16 03:42:25.056037,94.548,12,1g.11gb,yolo-inference-755b67b9bb-g6r55,default,yolo,580.173.02,GPU-d59cb1c4-ad97-d91a-6731-e7b5f38951a6
2026-08-16 03:42:25.056037,94.956,13,1g.11gb,,,,580.173.02,GPU-d59cb1c4-ad97-d91a-6731-e7b5f38951a6
2026-08-16 03:42:25.056037,94.734,7,1g.11gb,yolo-inference-755b67b9bb-6qhhl,default,yolo,580.173.02,GPU-d59cb1c4-ad97-d91a-6731-e7b5f38951a6
2026-08-16 03:42:25.056037,94.599,8,1g.11gb,,,,580.173.02,GPU-d59cb1c4-ad97-d91a-6731-e7b5f38951a6
2026-08-16 03:42:25.056037,94.743,9,1g.11gb,yolo-inference-755b67b9bb-nz54p,default,yolo,580.173.02,GPU-d59cb1c4-ad97-d91a-6731-e7b5f38951a6
2026-08-16 03:42:30.055976,94.672,10,1g.11gb,yolo-inference-755b67b9bb-cf854,default,yolo,580.173.02,GPU-d59cb1c4-ad97-d91a-6731-e7b5f38951a6
2026-08-16 03:42:30.055976,94.956,11,1g.11gb,yolo-inference-755b67b9bb-cgztg,default,yolo,580.173.02,GPU-d59cb1c4-ad97-d91a-6731-e7b5f38951a6
2026-08-16 03:42:30.055976,94.548,12,1g.11gb,yolo-inference-755b67b9bb-g6r55,default,yolo,580.173.02,GPU-d59cb1c4-ad97-d91a-6731-e7b5f38951a6
2026-08-16 03:42:30.055976,94.956,13,1g.11gb,,,,580.173.02,GPU-d59cb1c4-ad97-d91a-6731-e7b5f38951a6
2026-08-16 03:42:30.055976,94.734,7,1g.11gb,yolo-inference-755b67b9bb-6qhhl,default,yolo,580.173.02,GPU-d59cb1c4-ad97-d91a-6731-e7b5f38951a6
2026-08-16 03:42:30.055976,94.599,8,1g.11gb,,,,580.173.02,GPU-d59cb1c4-ad97-d91a-6731-e7b5f38951a6
2026-08-16 03:42:30.055976,94.743,9,1g.11gb,yolo-inference-755b67b9bb-nz54p,default,yolo,580.173.02,GPU-d59cb1c4-ad97-d91a-6731-e7b5f38951a6
2026-08-16 03:42:35.055268,94.672,10,1g.11gb,yolo-inference-755b67b9bb-cf854,default,yolo,580.173.02,GPU-d59cb1c4-ad97-d91a-6731-e7b5f38951a6
2026-08-16 03:42:35.055268,94.956,11,1g.11gb,yolo-inference-755b67b9bb-cgztg,default,yolo,580.173.02,GPU-d59cb1c4-ad97-d91a-6731-e7b5f38951a6
2026-08-16 03:42:35.055268,94.548,12,1g.11gb,yolo-inference-755b67b9bb-g6r55,default,yolo,580.173.02,GPU-d59cb1c4-ad97-d91a-6731-e7b5f38951a6
2026-08-16 03:42:35.055268,94.956,13,1g.11gb,,,,580.173.02,GPU-d59cb1c4-ad97-d91a-6731-e7b5f38951a6
2026-08-16 03:42:35.055268,94.734,7,1g.11gb,yolo-inference-755b67b9bb-6qhhl,default,yolo,580.173.02,GPU-d59cb1c4-ad97-d91a-6731-e7b5f38951a6
2026-08-16 03:42:35.055268,94.599,8,1g.11gb,,,,580.173.02,GPU-d59cb1c4-ad97-d91a-6731-e7b5f38951a6
2026-08-16 03:42:35.055268,94.743,9,1g.11gb,yolo-inference-755b67b9bb-nz54p,default,yolo,580.173.02,GPU-d59cb1c4-ad97-d91a-6731-e7b5f38951a6
2026-08-16 03:42:40.052060,94.672,10,1g.11gb,yolo-inference-755b67b9bb-cf854,default,yolo,580.173.02,GPU-d59cb1c4-ad97-d91a-6731-e7b5f38951a6
2026-08-16 03:42:40.052060,94.956,11,1g.11gb,yolo-inference-755b67b9bb-cgztg,default,yolo,580.173.02,GPU-d59cb1c4-ad97-d91a-6731-e7b5f38951a6
2026-08-16 03:42:40.052060,94.548,12,1g.11gb,yolo-inference-755b67b9bb-g6r55,default,yolo,580.173.02,GPU-d59cb1c4-ad97-d91a-6731-e7b5f38951a6
2026-08-16 03:42:40.052060,94.956,13,1g.11gb,,,,580.173.02,GPU-d59cb1c4-ad97-d91a-6731-e7b5f38951a6
2026-08-16 03:42:40.052060,94.734,7,1g.11gb,yolo-inference-755b67b9bb-6qhhl,default,yolo,580.173.02,GPU-d59cb1c4-ad97-d91a-6731-e7b5f38951a6
2026-08-16 03:42:40.052060,94.599,8,1g.11gb,,,,580.173.02,GPU-d59cb1c4-ad97-d91a-6731-e7b5f38951a6
2026-08-16 03:42:40.052060,94.743,9,1g.11gb,yolo-inference-755b67b9bb-nz54p,default,yolo,580.173.02,GPU-d59cb1c4-ad97-d91a-6731-e7b5f38951a6
2026-08-16 03:42:45.052132,94.672,10,1g.11gb,yolo-inference-755b67b9bb-cf854,default,yolo,580.173.02,GPU-d59cb1c4-ad97-d91a-6731-e7b5f38951a6
2026-08-16 03:42:45.052132,94.956,11,1g.11gb,yolo-inference-755b67b9bb-cgztg,default,yolo,580.173.02,GPU-d59cb1c4-ad97-d91a-6731-e7b5f38951a6
2026-08-16 03:42:45.052132,94.548,12,1g.11gb,yolo-inference-755b67b9bb-g6r55,default,yolo,580.173.02,GPU-d59cb1c4-ad97-d91a-6731-e7b5f38951a6
2026-08-16 03:42:45.052132,94.956,13,1g.11gb,,,,580.173.02,GPU-d59cb1c4-ad97-d91a-6731-e7b5f38951a6
2026-08-16 03:42:45.052132,94.734,7,1g.11gb,yolo-inference-755b67b9bb-6qhhl,default,yolo,580.173.02,GPU-d59cb1c4-ad97-d91a-6731-e7b5f38951a6
2026-08-16 03:42:45.052132,94.599,8,1g.11gb,,,,580.173.02,GPU-d59cb1c4-ad97-d91a-6731-e7b5f38951a6
2026-08-16 03:42:45.052132,94.743,9,1g.11gb,yolo-inference-755b67b9bb-nz54p,default,yolo,580.173.02,GPU-d59cb1c4-ad97-d91a-6731-e7b5f38951a6
2026-08-16 03:42:50.054335,94.79,10,1g.11gb,yolo-inference-755b67b9bb-cf854,default,yolo,580.173.02,GPU-d59cb1c4-ad97-d91a-6731-e7b5f38951a6
2026-08-16 03:42:50.054335,94.956,11,1g.11gb,yolo-inference-755b67b9bb-cgztg,default,yolo,580.173.02,GPU-d59cb1c4-ad97-d91a-6731-e7b5f38951a6
2026-08-16 03:42:50.054335,94.548,12,1g.11gb,yolo-inference-755b67b9bb-g6r55,default,yolo,580.173.02,GPU-d59cb1c4-ad97-d91a-6731-e7b5f38951a6
2026-08-16 03:42:50.054335,94.956,13,1g.11gb,,,,580.173.02,GPU-d59cb1c4-ad97-d91a-6731-e7b5f38951a6
2026-08-16 03:42:50.054335,94.734,7,1g.11gb,yolo-inference-755b67b9bb-6qhhl,default,yolo,580.173.02,GPU-d59cb1c4-ad97-d91a-6731-e7b5f38951a6
2026-08-16 03:42:50.054335,94.599,8,1g.11gb,,,,580.173.02,GPU-d59cb1c4-ad97-d91a-6731-e7b5f38951a6
2026-08-16 03:42:50.054335,94.743,9,1g.11gb,yolo-inference-755b67b9bb-nz54p,default,yolo,580.173.02,GPU-d59cb1c4-ad97-d91a-6731-e7b5f38951a6
2026-08-16 03:42:55.052521,94.79,10,1g.11gb,yolo-inference-755b67b9bb-cf854,default,yolo,580.173.02,GPU-d59cb1c4-ad97-d91a-6731-e7b5f38951a6
2026-08-16 03:42:55.052521,94.984,11,1g.11gb,yolo-inference-755b67b9bb-cgztg,default,yolo,580.173.02,GPU-d59cb1c4-ad97-d91a-6731-e7b5f38951a6
2026-08-16 03:42:55.052521,94.96,12,1g.11gb,yolo-inference-755b67b9bb-g6r55,default,yolo,580.173.02,GPU-d59cb1c4-ad97-d91a-6731-e7b5f38951a6
2026-08-16 03:42:55.052521,94.866,13,1g.11gb,,,,580.173.02,GPU-d59cb1c4-ad97-d91a-6731-e7b5f38951a6
2026-08-16 03:42:55.052521,94.947,7,1g.11gb,yolo-inference-755b67b9bb-6qhhl,default,yolo,580.173.02,GPU-d59cb1c4-ad97-d91a-6731-e7b5f38951a6
2026-08-16 03:42:55.052521,94.96,8,1g.11gb,,,,580.173.02,GPU-d59cb1c4-ad97-d91a-6731-e7b5f38951a6
2026-08-16 03:42:55.052521,94.984,9,1g.11gb,yolo-inference-755b67b9bb-nz54p,default,yolo,580.173.02,GPU-d59cb1c4-ad97-d91a-6731-e7b5f38951a6
2026-08-16 03:43:00.055974,94.79,10,1g.11gb,yolo-inference-755b67b9bb-cf854,default,yolo,580.173.02,GPU-d59cb1c4-ad97-d91a-6731-e7b5f38951a6
2026-08-16 03:43:00.055974,94.984,11,1g.11gb,yolo-inference-755b67b9bb-cgztg,default,yolo,580.173.02,GPU-d59cb1c4-ad97-d91a-6731-e7b5f38951a6
2026-08-16 03:43:00.055974,94.96,12,1g.11gb,yolo-inference-755b67b9bb-g6r55,default,yolo,580.173.02,GPU-d59cb1c4-ad97-d91a-6731-e7b5f38951a6
2026-08-16 03:43:00.055974,94.866,13,1g.11gb,,,,580.173.02,GPU-d59cb1c4-ad97-d91a-6731-e7b5f38951a6
2026-08-16 03:43:00.055974,94.947,7,1g.11gb,yolo-inference-755b67b9bb-6qhhl,default,yolo,580.173.02,GPU-d59cb1c4-ad97-d91a-6731-e7b5f38951a6
2026-08-16 03:43:00.055974,94.96,8,1g.11gb,,,,580.173.02,GPU-d59cb1c4-ad97-d91a-6731-e7b5f38951a6
2026-08-16 03:43:00.055974,94.984,9,1g.11gb,yolo-inference-755b67b9bb-nz54p,default,yolo,580.173.02,GPU-d59cb1c4-ad97-d91a-6731-e7b5f38951a6
2026-08-16 03:43:05.055969,94.79,10,1g.11gb,yolo-inference-755b67b9bb-cf854,default,yolo,580.173.02,GPU-d59cb1c4-ad97-d91a-6731-e7b5f38951a6
2026-08-16 03:43:05.055969,94.984,11,1g.11gb,yolo-inference-755b67b9bb-cgztg,default,yolo,580.173.02,GPU-d59cb1c4-ad97-d91a-6731-e7b5f38951a6
2026-08-16 03:43:05.055969,94.96,12,1g.11gb,yolo-inference-755b67b9bb-g6r55,default,yolo,580.173.02,GPU-d59cb1c4-ad97-d91a-6731-e7b5f38951a6
2026-08-16 03:43:05.055969,94.866,13,1g.11gb,,,,580.173.02,GPU-d59cb1c4-ad97-d91a-6731-e7b5f38951a6
2026-08-16 03:43:05.055969,94.947,7,1g.11gb,yolo-inference-755b67b9bb-6qhhl,default,yolo,580.173.02,GPU-d59cb1c4-ad97-d91a-6731-e7b5f38951a6
2026-08-16 03:43:05.055969,94.96,8,1g.11gb,,,,580.173.02,GPU-d59cb1c4-ad97-d91a-6731-e7b5f38951a6
2026-08-16 03:43:05.055969,94.984,9,1g.11gb,yolo-inference-755b67b9bb-nz54p,default,yolo,580.173.02,GPU-d59cb1c4-ad97-d91a-6731-e7b5f38951a6
2026-08-16 03:43:10.055920,94.79,10,1g.11gb,yolo-inference-755b67b9bb-cf854,default,yolo,580.173.02,GPU-d59cb1c4-ad97-d91a-6731-e7b5f38951a6
2026-08-16 03:43:10.055920,94.984,11,1g.11gb,yolo-inference-755b67b9bb-cgztg,default,yolo,580.173.02,GPU-d59cb1c4-ad97-d91a-6731-e7b5f38951a6
2026-08-16 03:43:10.055920,94.96,12,1g.11gb,yolo-inference-755b67b9bb-g6r55,default,yolo,580.173.02,GPU-d59cb1c4-ad97-d91a-6731-e7b5f38951a6
2026-08-16 03:43:10.055920,94.866,13,1g.11gb,,,,580.173.02,GPU-d59cb1c4-ad97-d91a-6731-e7b5f38951a6
2026-08-16 03:43:10.055920,94.947,7,1g.11gb,yolo-inference-755b67b9bb-6qhhl,default,yolo,580.173.02,GPU-d59cb1c4-ad97-d91a-6731-e7b5f38951a6
2026-08-16 03:43:10.055920,94.96,8,1g.11gb,,,,580.173.02,GPU-d59cb1c4-ad97-d91a-6731-e7b5f38951a6
2026-08-16 03:43:10.055920,94.984,9,1g.11gb,yolo-inference-755b67b9bb-nz54p,default,yolo,580.173.02,GPU-d59cb1c4-ad97-d91a-6731-e7b5f38951a6
2026-08-16 03:43:15.055964,94.79,10,1g.11gb,yolo-inference-755b67b9bb-cf854,default,yolo,580.173.02,GPU-d59cb1c4-ad97-d91a-6731-e7b5f38951a6
2026-08-16 03:43:15.055964,94.984,11,1g.11gb,yolo-inference-755b67b9bb-cgztg,default,yolo,580.173.02,GPU-d59cb1c4-ad97-d91a-6731-e7b5f38951a6
2026-08-16 03:43:15.055964,94.96,12,1g.11gb,yolo-inference-755b67b9bb-g6r55,default,yolo,580.173.02,GPU-d59cb1c4-ad97-d91a-6731-e7b5f38951a6
2026-08-16 03:43:15.055964,94.866,13,1g.11gb,,,,580.173.02,GPU-d59cb1c4-ad97-d91a-6731-e7b5f38951a6
2026-08-16 03:43:15.055964,94.947,7,1g.11gb,yolo-inference-755b67b9bb-6qhhl,default,yolo,580.173.02,GPU-d59cb1c4-ad97-d91a-6731-e7b5f38951a6
2026-08-16 03:43:15.055964,94.96,8,1g.11gb,,,,580.173.02,GPU-d59cb1c4-ad97-d91a-6731-e7b5f38951a6
2026-08-16 03:43:15.055964,94.984,9,1g.11gb,yolo-inference-755b67b9bb-nz54p,default,yolo,580.173.02,GPU-d59cb1c4-ad97-d91a-6731-e7b5f38951a6
2026-08-16 03:43:20.055990,94.538,10,1g.11gb,yolo-inference-755b67b9bb-cf854,default,yolo,580.173.02,GPU-d59cb1c4-ad97-d91a-6731-e7b5f38951a6
2026-08-16 03:43:20.055990,94.984,11,1g.11gb,yolo-inference-755b67b9bb-cgztg,default,yolo,580.173.02,GPU-d59cb1c4-ad97-d91a-6731-e7b5f38951a6
2026-08-16 03:43:20.055990,94.96,12,1g.11gb,yolo-inference-755b67b9bb-g6r55,default,yolo,580.173.02,GPU-d59cb1c4-ad97-d91a-6731-e7b5f38951a6
2026-08-16 03:43:20.055990,94.866,13,1g.11gb,,,,580.173.02,GPU-d59cb1c4-ad97-d91a-6731-e7b5f38951a6
2026-08-16 03:43:20.055990,94.947,7,1g.11gb,yolo-inference-755b67b9bb-6qhhl,default,yolo,580.173.02,GPU-d59cb1c4-ad97-d91a-6731-e7b5f38951a6
2026-08-16 03:43:20.055990,94.96,8,1g.11gb,,,,580.173.02,GPU-d59cb1c4-ad97-d91a-6731-e7b5f38951a6
2026-08-16 03:43:20.055990,94.984,9,1g.11gb,yolo-inference-755b67b9bb-nz54p,default,yolo,580.173.02,GPU-d59cb1c4-ad97-d91a-6731-e7b5f38951a6
2026-08-16 03:43:25.055973,94.538,10,1g.11gb,yolo-inference-755b67b9bb-cf854,default,yolo,580.173.02,GPU-d59cb1c4-ad97-d91a-6731-e7b5f38951a6
2026-08-16 03:43:25.055973,94.758,11,1g.11gb,yolo-inference-755b67b9bb-cgztg,default,yolo,580.173.02,GPU-d59cb1c4-ad97-d91a-6731-e7b5f38951a6
2026-08-16 03:43:25.055973,94.805,12,1g.11gb,yolo-inference-755b67b9bb-g6r55,default,yolo,580.173.02,GPU-d59cb1c4-ad97-d91a-6731-e7b5f38951a6
2026-08-16 03:43:25.055973,94.581,13,1g.11gb,,,,580.173.02,GPU-d59cb1c4-ad97-d91a-6731-e7b5f38951a6
2026-08-16 03:43:25.055973,94.449,7,1g.11gb,yolo-inference-755b67b9bb-6qhhl,default,yolo,580.173.02,GPU-d59cb1c4-ad97-d91a-6731-e7b5f38951a6
2026-08-16 03:43:25.055973,94.805,8,1g.11gb,,,,580.173.02,GPU-d59cb1c4-ad97-d91a-6731-e7b5f38951a6
2026-08-16 03:43:25.055973,94.758,9,1g.11gb,yolo-inference-755b67b9bb-nz54p,default,yolo,580.173.02,GPU-d59cb1c4-ad97-d91a-6731-e7b5f38951a6
2026-08-16 03:43:30.055973,94.538,10,1g.11gb,yolo-inference-755b67b9bb-cf854,default,yolo,580.173.02,GPU-d59cb1c4-ad97-d91a-6731-e7b5f38951a6
2026-08-16 03:43:30.055973,94.758,11,1g.11gb,yolo-inference-755b67b9bb-cgztg,default,yolo,580.173.02,GPU-d59cb1c4-ad97-d91a-6731-e7b5f38951a6
2026-08-16 03:43:30.055973,94.805,12,1g.11gb,yolo-inference-755b67b9bb-g6r55,default,yolo,580.173.02,GPU-d59cb1c4-ad97-d91a-6731-e7b5f38951a6
2026-08-16 03:43:30.055973,94.581,13,1g.11gb,,,,580.173.02,GPU-d59cb1c4-ad97-d91a-6731-e7b5f38951a6
2026-08-16 03:43:30.055973,94.449,7,1g.11gb,yolo-inference-755b67b9bb-6qhhl,default,yolo,580.173.02,GPU-d59cb1c4-ad97-d91a-6731-e7b5f38951a6
2026-08-16 03:43:30.055973,94.805,8,1g.11gb,,,,580.173.02,GPU-d59cb1c4-ad97-d91a-6731-e7b5f38951a6
2026-08-16 03:43:30.055973,94.758,9,1g.11gb,yolo-inference-755b67b9bb-nz54p,default,yolo,580.173.02,GPU-d59cb1c4-ad97-d91a-6731-e7b5f38951a6
2026-08-16 03:43:35.055980,94.538,10,1g.11gb,yolo-inference-755b67b9bb-cf854,default,yolo,580.173.02,GPU-d59cb1c4-ad97-d91a-6731-e7b5f38951a6
2026-08-16 03:43:35.055980,94.758,11,1g.11gb,yolo-inference-755b67b9bb-cgztg,default,yolo,580.173.02,GPU-d59cb1c4-ad97-d91a-6731-e7b5f38951a6
2026-08-16 03:43:35.055980,94.805,12,1g.11gb,yolo-inference-755b67b9bb-g6r55,default,yolo,580.173.02,GPU-d59cb1c4-ad97-d91a-6731-e7b5f38951a6
2026-08-16 03:43:35.055980,94.581,13,1g.11gb,,,,580.173.02,GPU-d59cb1c4-ad97-d91a-6731-e7b5f38951a6
2026-08-16 03:43:35.055980,94.449,7,1g.11gb,yolo-inference-755b67b9bb-6qhhl,default,yolo,580.173.02,GPU-d59cb1c4-ad97-d91a-6731-e7b5f38951a6
2026-08-16 03:43:35.055980,94.805,8,1g.11gb,,,,580.173.02,GPU-d59cb1c4-ad97-d91a-6731-e7b5f38951a6
2026-08-16 03:43:35.055980,94.758,9,1g.11gb,yolo-inference-755b67b9bb-nz54p,default,yolo,580.173.02,GPU-d59cb1c4-ad97-d91a-6731-e7b5f38951a6
2026-08-16 03:43:40.055878,94.538,10,1g.11gb,yolo-inference-755b67b9bb-cf854,default,yolo,580.173.02,GPU-d59cb1c4-ad97-d91a-6731-e7b5f38951a6
2026-08-16 03:43:40.055878,94.758,11,1g.11gb,yolo-inference-755b67b9bb-cgztg,default,yolo,580.173.02,GPU-d59cb1c4-ad97-d91a-6731-e7b5f38951a6
2026-08-16 03:43:40.055878,94.805,12,1g.11gb,yolo-inference-755b67b9bb-g6r55,default,yolo,580.173.02,GPU-d59cb1c4-ad97-d91a-6731-e7b5f38951a6
2026-08-16 03:43:40.055878,94.581,13,1g.11gb,,,,580.173.02,GPU-d59cb1c4-ad97-d91a-6731-e7b5f38951a6
2026-08-16 03:43:40.055878,94.449,7,1g.11gb,yolo-inference-755b67b9bb-6qhhl,default,yolo,580.173.02,GPU-d59cb1c4-ad97-d91a-6731-e7b5f38951a6
2026-08-16 03:43:40.055878,94.805,8,1g.11gb,,,,580.173.02,GPU-d59cb1c4-ad97-d91a-6731-e7b5f38951a6
2026-08-16 03:43:40.055878,94.758,9,1g.11gb,yolo-inference-755b67b9bb-nz54p,default,yolo,580.173.02,GPU-d59cb1c4-ad97-d91a-6731-e7b5f38951a6
2026-08-16 03:43:45.055468,94.538,10,1g.11gb,yolo-inference-755b67b9bb-cf854,default,yolo,580.173.02,GPU-d59cb1c4-ad97-d91a-6731-e7b5f38951a6
2026-08-16 03:43:45.055468,94.758,11,1g.11gb,yolo-inference-755b67b9bb-cgztg,default,yolo,580.173.02,GPU-d59cb1c4-ad97-d91a-6731-e7b5f38951a6
2026-08-16 03:43:45.055468,94.805,12,1g.11gb,yolo-inference-755b67b9bb-g6r55,default,yolo,580.173.02,GPU-d59cb1c4-ad97-d91a-6731-e7b5f38951a6
2026-08-16 03:43:45.055468,94.581,13,1g.11gb,,,,580.173.02,GPU-d59cb1c4-ad97-d91a-6731-e7b5f38951a6
2026-08-16 03:43:45.055468,94.449,7,1g.11gb,yolo-inference-755b67b9bb-6qhhl,default,yolo,580.173.02,GPU-d59cb1c4-ad97-d91a-6731-e7b5f38951a6
2026-08-16 03:43:45.055468,94.805,8,1g.11gb,,,,580.173.02,GPU-d59cb1c4-ad97-d91a-6731-e7b5f38951a6
2026-08-16 03:43:45.055468,94.758,9,1g.11gb,yolo-inference-755b67b9bb-nz54p,default,yolo,580.173.02,GPU-d59cb1c4-ad97-d91a-6731-e7b5f38951a6
2026-08-16 03:43:50.055988,94.631,10,1g.11gb,yolo-inference-755b67b9bb-cf854,default,yolo,580.173.02,GPU-d59cb1c4-ad97-d91a-6731-e7b5f38951a6
2026-08-16 03:43:50.055988,94.758,11,1g.11gb,yolo-inference-755b67b9bb-cgztg,default,yolo,580.173.02,GPU-d59cb1c4-ad97-d91a-6731-e7b5f38951a6
2026-08-16 03:43:50.055988,94.805,12,1g.11gb,yolo-inference-755b67b9bb-g6r55,default,yolo,580.173.02,GPU-d59cb1c4-ad97-d91a-6731-e7b5f38951a6
2026-08-16 03:43:50.055988,94.581,13,1g.11gb,,,,580.173.02,GPU-d59cb1c4-ad97-d91a-6731-e7b5f38951a6
2026-08-16 03:43:50.055988,94.449,7,1g.11gb,yolo-inference-755b67b9bb-6qhhl,default,yolo,580.173.02,GPU-d59cb1c4-ad97-d91a-6731-e7b5f38951a6
2026-08-16 03:43:50.055988,94.805,8,1g.11gb,,,,580.173.02,GPU-d59cb1c4-ad97-d91a-6731-e7b5f38951a6
2026-08-16 03:43:50.055988,94.758,9,1g.11gb,yolo-inference-755b67b9bb-nz54p,default,yolo,580.173.02,GPU-d59cb1c4-ad97-d91a-6731-e7b5f38951a6
2026-08-16 03:43:55.055994,94.631,10,1g.11gb,yolo-inference-755b67b9bb-cf854,default,yolo,580.173.02,GPU-d59cb1c4-ad97-d91a-6731-e7b5f38951a6
2026-08-16 03:43:55.055994,94.552,11,1g.11gb,yolo-inference-755b67b9bb-cgztg,default,yolo,580.173.02,GPU-d59cb1c4-ad97-d91a-6731-e7b5f38951a6
2026-08-16 03:43:55.055994,94.721,12,1g.11gb,yolo-inference-755b67b9bb-g6r55,default,yolo,580.173.02,GPU-d59cb1c4-ad97-d91a-6731-e7b5f38951a6
2026-08-16 03:43:55.055994,94.521,13,1g.11gb,,,,580.173.02,GPU-d59cb1c4-ad97-d91a-6731-e7b5f38951a6
2026-08-16 03:43:55.055994,94.557,7,1g.11gb,yolo-inference-755b67b9bb-6qhhl,default,yolo,580.173.02,GPU-d59cb1c4-ad97-d91a-6731-e7b5f38951a6
2026-08-16 03:43:55.055994,94.721,8,1g.11gb,,,,580.173.02,GPU-d59cb1c4-ad97-d91a-6731-e7b5f38951a6
2026-08-16 03:43:55.055994,94.552,9,1g.11gb,yolo-inference-755b67b9bb-nz54p,default,yolo,580.173.02,GPU-d59cb1c4-ad97-d91a-6731-e7b5f38951a6
2026-08-16 03:44:00.054322,94.631,10,1g.11gb,yolo-inference-755b67b9bb-cf854,default,yolo,580.173.02,GPU-d59cb1c4-ad97-d91a-6731-e7b5f38951a6
2026-08-16 03:44:00.054322,94.552,11,1g.11gb,yolo-inference-755b67b9bb-cgztg,default,yolo,580.173.02,GPU-d59cb1c4-ad97-d91a-6731-e7b5f38951a6
2026-08-16 03:44:00.054322,94.721,12,1g.11gb,yolo-inference-755b67b9bb-g6r55,default,yolo,580.173.02,GPU-d59cb1c4-ad97-d91a-6731-e7b5f38951a6
2026-08-16 03:44:00.054322,94.521,13,1g.11gb,,,,580.173.02,GPU-d59cb1c4-ad97-d91a-6731-e7b5f38951a6
2026-08-16 03:44:00.054322,94.557,7,1g.11gb,yolo-inference-755b67b9bb-6qhhl,default,yolo,580.173.02,GPU-d59cb1c4-ad97-d91a-6731-e7b5f38951a6
2026-08-16 03:44:00.054322,94.721,8,1g.11gb,,,,580.173.02,GPU-d59cb1c4-ad97-d91a-6731-e7b5f38951a6
2026-08-16 03:44:00.054322,94.552,9,1g.11gb,yolo-inference-755b67b9bb-nz54p,default,yolo,580.173.02,GPU-d59cb1c4-ad97-d91a-6731-e7b5f38951a6
2026-08-16 03:44:05.055976,94.631,10,1g.11gb,yolo-inference-755b67b9bb-cf854,default,yolo,580.173.02,GPU-d59cb1c4-ad97-d91a-6731-e7b5f38951a6
2026-08-16 03:44:05.055976,94.552,11,1g.11gb,yolo-inference-755b67b9bb-cgztg,default,yolo,580.173.02,GPU-d59cb1c4-ad97-d91a-6731-e7b5f38951a6
2026-08-16 03:44:05.055976,94.721,12,1g.11gb,yolo-inference-755b67b9bb-g6r55,default,yolo,580.173.02,GPU-d59cb1c4-ad97-d91a-6731-e7b5f38951a6
2026-08-16 03:44:05.055976,94.521,13,1g.11gb,,,,580.173.02,GPU-d59cb1c4-ad97-d91a-6731-e7b5f38951a6
2026-08-16 03:44:05.055976,94.557,7,1g.11gb,yolo-inference-755b67b9bb-6qhhl,default,yolo,580.173.02,GPU-d59cb1c4-ad97-d91a-6731-e7b5f38951a6
2026-08-16 03:44:05.055976,94.721,8,1g.11gb,,,,580.173.02,GPU-d59cb1c4-ad97-d91a-6731-e7b5f38951a6
2026-08-16 03:44:05.055976,94.552,9,1g.11gb,yolo-inference-755b67b9bb-nz54p,default,yolo,580.173.02,GPU-d59cb1c4-ad97-d91a-6731-e7b5f38951a6
2026-08-16 03:44:10.055957,94.631,10,1g.11gb,yolo-inference-755b67b9bb-cf854,default,yolo,580.173.02,GPU-d59cb1c4-ad97-d91a-6731-e7b5f38951a6
2026-08-16 03:44:10.055957,94.552,11,1g.11gb,yolo-inference-755b67b9bb-cgztg,default,yolo,580.173.02,GPU-d59cb1c4-ad97-d91a-6731-e7b5f38951a6
2026-08-16 03:44:10.055957,94.721,12,1g.11gb,yolo-inference-755b67b9bb-g6r55,default,yolo,580.173.02,GPU-d59cb1c4-ad97-d91a-6731-e7b5f38951a6
2026-08-16 03:44:10.055957,94.521,13,1g.11gb,,,,580.173.02,GPU-d59cb1c4-ad97-d91a-6731-e7b5f38951a6
2026-08-16 03:44:10.055957,94.557,7,1g.11gb,yolo-inference-755b67b9bb-6qhhl,default,yolo,580.173.02,GPU-d59cb1c4-ad97-d91a-6731-e7b5f38951a6
2026-08-16 03:44:10.055957,94.721,8,1g.11gb,,,,580.173.02,GPU-d59cb1c4-ad97-d91a-6731-e7b5f38951a6
2026-08-16 03:44:10.055957,94.552,9,1g.11gb,yolo-inference-755b67b9bb-nz54p,default,yolo,580.173.02,GPU-d59cb1c4-ad97-d91a-6731-e7b5f38951a6
2026-08-16 03:44:15.056023,94.631,10,1g.11gb,yolo-inference-755b67b9bb-cf854,default,yolo,580.173.02,GPU-d59cb1c4-ad97-d91a-6731-e7b5f38951a6
2026-08-16 03:44:15.056023,94.552,11,1g.11gb,yolo-inference-755b67b9bb-cgztg,default,yolo,580.173.02,GPU-d59cb1c4-ad97-d91a-6731-e7b5f38951a6
2026-08-16 03:44:15.056023,94.721,12,1g.11gb,yolo-inference-755b67b9bb-g6r55,default,yolo,580.173.02,GPU-d59cb1c4-ad97-d91a-6731-e7b5f38951a6
2026-08-16 03:44:15.056023,94.521,13,1g.11gb,,,,580.173.02,GPU-d59cb1c4-ad97-d91a-6731-e7b5f38951a6
2026-08-16 03:44:15.056023,94.557,7,1g.11gb,yolo-inference-755b67b9bb-6qhhl,default,yolo,580.173.02,GPU-d59cb1c4-ad97-d91a-6731-e7b5f38951a6
2026-08-16 03:44:15.056023,94.721,8,1g.11gb,,,,580.173.02,GPU-d59cb1c4-ad97-d91a-6731-e7b5f38951a6
2026-08-16 03:44:15.056023,94.552,9,1g.11gb,yolo-inference-755b67b9bb-nz54p,default,yolo,580.173.02,GPU-d59cb1c4-ad97-d91a-6731-e7b5f38951a6
2026-08-16 03:44:20.053456,94.428,10,1g.11gb,yolo-inference-755b67b9bb-cf854,default,yolo,580.173.02,GPU-d59cb1c4-ad97-d91a-6731-e7b5f38951a6
2026-08-16 03:44:20.053456,94.552,11,1g.11gb,yolo-inference-755b67b9bb-cgztg,default,yolo,580.173.02,GPU-d59cb1c4-ad97-d91a-6731-e7b5f38951a6
2026-08-16 03:44:20.053456,94.721,12,1g.11gb,yolo-inference-755b67b9bb-g6r55,default,yolo,580.173.02,GPU-d59cb1c4-ad97-d91a-6731-e7b5f38951a6
2026-08-16 03:44:20.053456,94.521,13,1g.11gb,,,,580.173.02,GPU-d59cb1c4-ad97-d91a-6731-e7b5f38951a6
2026-08-16 03:44:20.053456,94.557,7,1g.11gb,yolo-inference-755b67b9bb-6qhhl,default,yolo,580.173.02,GPU-d59cb1c4-ad97-d91a-6731-e7b5f38951a6
2026-08-16 03:44:20.053456,94.721,8,1g.11gb,,,,580.173.02,GPU-d59cb1c4-ad97-d91a-6731-e7b5f38951a6
2026-08-16 03:44:20.053456,94.552,9,1g.11gb,yolo-inference-755b67b9bb-nz54p,default,yolo,580.173.02,GPU-d59cb1c4-ad97-d91a-6731-e7b5f38951a6
2026-08-16 03:44:25.055981,94.428,10,1g.11gb,yolo-inference-755b67b9bb-cf854,default,yolo,580.173.02,GPU-d59cb1c4-ad97-d91a-6731-e7b5f38951a6
2026-08-16 03:44:25.055981,94.475,11,1g.11gb,yolo-inference-755b67b9bb-cgztg,default,yolo,580.173.02,GPU-d59cb1c4-ad97-d91a-6731-e7b5f38951a6
2026-08-16 03:44:25.055981,94.257,12,1g.11gb,yolo-inference-755b67b9bb-g6r55,default,yolo,580.173.02,GPU-d59cb1c4-ad97-d91a-6731-e7b5f38951a6
2026-08-16 03:44:25.055981,94.534,13,1g.11gb,,,,580.173.02,GPU-d59cb1c4-ad97-d91a-6731-e7b5f38951a6
2026-08-16 03:44:25.055981,94.471,7,1g.11gb,yolo-inference-755b67b9bb-6qhhl,default,yolo,580.173.02,GPU-d59cb1c4-ad97-d91a-6731-e7b5f38951a6
2026-08-16 03:44:25.055981,94.257,8,1g.11gb,,,,580.173.02,GPU-d59cb1c4-ad97-d91a-6731-e7b5f38951a6
2026-08-16 03:44:25.055981,94.475,9,1g.11gb,yolo-inference-755b67b9bb-nz54p,default,yolo,580.173.02,GPU-d59cb1c4-ad97-d91a-6731-e7b5f38951a6
2026-08-16 03:44:30.056031,94.428,10,1g.11gb,yolo-inference-755b67b9bb-cf854,default,yolo,580.173.02,GPU-d59cb1c4-ad97-d91a-6731-e7b5f38951a6
2026-08-16 03:44:30.056031,94.475,11,1g.11gb,yolo-inference-755b67b9bb-cgztg,default,yolo,580.173.02,GPU-d59cb1c4-ad97-d91a-6731-e7b5f38951a6
2026-08-16 03:44:30.056031,94.257,12,1g.11gb,yolo-inference-755b67b9bb-g6r55,default,yolo,580.173.02,GPU-d59cb1c4-ad97-d91a-6731-e7b5f38951a6
2026-08-16 03:44:30.056031,94.534,13,1g.11gb,,,,580.173.02,GPU-d59cb1c4-ad97-d91a-6731-e7b5f38951a6
2026-08-16 03:44:30.056031,94.471,7,1g.11gb,yolo-inference-755b67b9bb-6qhhl,default,yolo,580.173.02,GPU-d59cb1c4-ad97-d91a-6731-e7b5f38951a6
2026-08-16 03:44:30.056031,94.257,8,1g.11gb,,,,580.173.02,GPU-d59cb1c4-ad97-d91a-6731-e7b5f38951a6
2026-08-16 03:44:30.056031,94.475,9,1g.11gb,yolo-inference-755b67b9bb-nz54p,default,yolo,580.173.02,GPU-d59cb1c4-ad97-d91a-6731-e7b5f38951a6
2026-08-16 03:44:35.055933,94.428,10,1g.11gb,yolo-inference-755b67b9bb-cf854,default,yolo,580.173.02,GPU-d59cb1c4-ad97-d91a-6731-e7b5f38951a6
2026-08-16 03:44:35.055933,94.475,11,1g.11gb,yolo-inference-755b67b9bb-cgztg,default,yolo,580.173.02,GPU-d59cb1c4-ad97-d91a-6731-e7b5f38951a6
2026-08-16 03:44:35.055933,94.257,12,1g.11gb,yolo-inference-755b67b9bb-g6r55,default,yolo,580.173.02,GPU-d59cb1c4-ad97-d91a-6731-e7b5f38951a6
2026-08-16 03:44:35.055933,94.534,13,1g.11gb,,,,580.173.02,GPU-d59cb1c4-ad97-d91a-6731-e7b5f38951a6
2026-08-16 03:44:35.055933,94.471,7,1g.11gb,yolo-inference-755b67b9bb-6qhhl,default,yolo,580.173.02,GPU-d59cb1c4-ad97-d91a-6731-e7b5f38951a6
2026-08-16 03:44:35.055933,94.257,8,1g.11gb,,,,580.173.02,GPU-d59cb1c4-ad97-d91a-6731-e7b5f38951a6
2026-08-16 03:44:35.055933,94.475,9,1g.11gb,yolo-inference-755b67b9bb-nz54p,default,yolo,580.173.02,GPU-d59cb1c4-ad97-d91a-6731-e7b5f38951a6
2026-08-16 03:44:40.055995,94.428,10,1g.11gb,yolo-inference-755b67b9bb-cf854,default,yolo,580.173.02,GPU-d59cb1c4-ad97-d91a-6731-e7b5f38951a6
2026-08-16 03:44:40.055995,94.475,11,1g.11gb,yolo-inference-755b67b9bb-cgztg,default,yolo,580.173.02,GPU-d59cb1c4-ad97-d91a-6731-e7b5f38951a6
2026-08-16 03:44:40.055995,94.257,12,1g.11gb,yolo-inference-755b67b9bb-g6r55,default,yolo,580.173.02,GPU-d59cb1c4-ad97-d91a-6731-e7b5f38951a6
2026-08-16 03:44:40.055995,94.534,13,1g.11gb,,,,580.173.02,GPU-d59cb1c4-ad97-d91a-6731-e7b5f38951a6
2026-08-16 03:44:40.055995,94.471,7,1g.11gb,yolo-inference-755b67b9bb-6qhhl,default,yolo,580.173.02,GPU-d59cb1c4-ad97-d91a-6731-e7b5f38951a6
2026-08-16 03:44:40.055995,94.257,8,1g.11gb,,,,580.173.02,GPU-d59cb1c4-ad97-d91a-6731-e7b5f38951a6
2026-08-16 03:44:40.055995,94.475,9,1g.11gb,yolo-inference-755b67b9bb-nz54p,default,yolo,580.173.02,GPU-d59cb1c4-ad97-d91a-6731-e7b5f38951a6
2026-08-16 03:44:45.055983,94.428,10,1g.11gb,yolo-inference-755b67b9bb-cf854,default,yolo,580.173.02,GPU-d59cb1c4-ad97-d91a-6731-e7b5f38951a6
2026-08-16 03:44:45.055983,94.475,11,1g.11gb,yolo-inference-755b67b9bb-cgztg,default,yolo,580.173.02,GPU-d59cb1c4-ad97-d91a-6731-e7b5f38951a6
2026-08-16 03:44:45.055983,94.257,12,1g.11gb,yolo-inference-755b67b9bb-g6r55,default,yolo,580.173.02,GPU-d59cb1c4-ad97-d91a-6731-e7b5f38951a6
2026-08-16 03:44:45.055983,94.534,13,1g.11gb,,,,580.173.02,GPU-d59cb1c4-ad97-d91a-6731-e7b5f38951a6
2026-08-16 03:44:45.055983,94.471,7,1g.11gb,yolo-inference-755b67b9bb-6qhhl,default,yolo,580.173.02,GPU-d59cb1c4-ad97-d91a-6731-e7b5f38951a6
2026-08-16 03:44:45.055983,94.257,8,1g.11gb,,,,580.173.02,GPU-d59cb1c4-ad97-d91a-6731-e7b5f38951a6
2026-08-16 03:44:45.055983,94.475,9,1g.11gb,yolo-inference-755b67b9bb-nz54p,default,yolo,580.173.02,GPU-d59cb1c4-ad97-d91a-6731-e7b5f38951a6
2026-08-16 03:44:50.055957,94.653,10,1g.11gb,yolo-inference-755b67b9bb-cf854,default,yolo,580.173.02,GPU-d59cb1c4-ad97-d91a-6731-e7b5f38951a6
2026-08-16 03:44:50.055957,94.475,11,1g.11gb,yolo-inference-755b67b9bb-cgztg,default,yolo,580.173.02,GPU-d59cb1c4-ad97-d91a-6731-e7b5f38951a6
2026-08-16 03:44:50.055957,94.257,12,1g.11gb,yolo-inference-755b67b9bb-g6r55,default,yolo,580.173.02,GPU-d59cb1c4-ad97-d91a-6731-e7b5f38951a6
2026-08-16 03:44:50.055957,94.534,13,1g.11gb,,,,580.173.02,GPU-d59cb1c4-ad97-d91a-6731-e7b5f38951a6
2026-08-16 03:44:50.055957,94.471,7,1g.11gb,yolo-inference-755b67b9bb-6qhhl,default,yolo,580.173.02,GPU-d59cb1c4-ad97-d91a-6731-e7b5f38951a6
2026-08-16 03:44:50.055957,94.257,8,1g.11gb,,,,580.173.02,GPU-d59cb1c4-ad97-d91a-6731-e7b5f38951a6
2026-08-16 03:44:50.055957,94.475,9,1g.11gb,yolo-inference-755b67b9bb-nz54p,default,yolo,580.173.02,GPU-d59cb1c4-ad97-d91a-6731-e7b5f38951a6
2026-08-16 03:44:55.055967,94.653,10,1g.11gb,yolo-inference-755b67b9bb-cf854,default,yolo,580.173.02,GPU-d59cb1c4-ad97-d91a-6731-e7b5f38951a6
2026-08-16 03:44:55.055967,94.865,11,1g.11gb,yolo-inference-755b67b9bb-cgztg,default,yolo,580.173.02,GPU-d59cb1c4-ad97-d91a-6731-e7b5f38951a6
2026-08-16 03:44:55.055967,94.726,12,1g.11gb,yolo-inference-755b67b9bb-g6r55,default,yolo,580.173.02,GPU-d59cb1c4-ad97-d91a-6731-e7b5f38951a6
2026-08-16 03:44:55.055967,94.789,13,1g.11gb,,,,580.173.02,GPU-d59cb1c4-ad97-d91a-6731-e7b5f38951a6
2026-08-16 03:44:55.055967,94.818,7,1g.11gb,yolo-inference-755b67b9bb-6qhhl,default,yolo,580.173.02,GPU-d59cb1c4-ad97-d91a-6731-e7b5f38951a6
2026-08-16 03:44:55.055967,94.726,8,1g.11gb,,,,580.173.02,GPU-d59cb1c4-ad97-d91a-6731-e7b5f38951a6
2026-08-16 03:44:55.055967,94.865,9,1g.11gb,yolo-inference-755b67b9bb-nz54p,default,yolo,580.173.02,GPU-d59cb1c4-ad97-d91a-6731-e7b5f38951a6
2026-08-16 03:45:00.055962,94.653,10,1g.11gb,yolo-inference-755b67b9bb-cf854,default,yolo,580.173.02,GPU-d59cb1c4-ad97-d91a-6731-e7b5f38951a6
2026-08-16 03:45:00.055962,94.865,11,1g.11gb,yolo-inference-755b67b9bb-cgztg,default,yolo,580.173.02,GPU-d59cb1c4-ad97-d91a-6731-e7b5f38951a6
2026-08-16 03:45:00.055962,94.726,12,1g.11gb,yolo-inference-755b67b9bb-g6r55,default,yolo,580.173.02,GPU-d59cb1c4-ad97-d91a-6731-e7b5f38951a6
2026-08-16 03:45:00.055962,94.789,13,1g.11gb,,,,580.173.02,GPU-d59cb1c4-ad97-d91a-6731-e7b5f38951a6
2026-08-16 03:45:00.055962,94.818,7,1g.11gb,yolo-inference-755b67b9bb-6qhhl,default,yolo,580.173.02,GPU-d59cb1c4-ad97-d91a-6731-e7b5f38951a6
2026-08-16 03:45:00.055962,94.726,8,1g.11gb,,,,580.173.02,GPU-d59cb1c4-ad97-d91a-6731-e7b5f38951a6
2026-08-16 03:45:00.055962,94.865,9,1g.11gb,yolo-inference-755b67b9bb-nz54p,default,yolo,580.173.02,GPU-d59cb1c4-ad97-d91a-6731-e7b5f38951a6
2026-08-16 03:45:05.055974,94.653,10,1g.11gb,yolo-inference-755b67b9bb-cf854,default,yolo,580.173.02,GPU-d59cb1c4-ad97-d91a-6731-e7b5f38951a6
2026-08-16 03:45:05.055974,94.865,11,1g.11gb,yolo-inference-755b67b9bb-cgztg,default,yolo,580.173.02,GPU-d59cb1c4-ad97-d91a-6731-e7b5f38951a6
2026-08-16 03:45:05.055974,94.726,12,1g.11gb,yolo-inference-755b67b9bb-g6r55,default,yolo,580.173.02,GPU-d59cb1c4-ad97-d91a-6731-e7b5f38951a6
2026-08-16 03:45:05.055974,94.789,13,1g.11gb,,,,580.173.02,GPU-d59cb1c4-ad97-d91a-6731-e7b5f38951a6
2026-08-16 03:45:05.055974,94.818,7,1g.11gb,yolo-inference-755b67b9bb-6qhhl,default,yolo,580.173.02,GPU-d59cb1c4-ad97-d91a-6731-e7b5f38951a6
2026-08-16 03:45:05.055974,94.726,8,1g.11gb,,,,580.173.02,GPU-d59cb1c4-ad97-d91a-6731-e7b5f38951a6
2026-08-16 03:45:05.055974,94.865,9,1g.11gb,yolo-inference-755b67b9bb-nz54p,default,yolo,580.173.02,GPU-d59cb1c4-ad97-d91a-6731-e7b5f38951a6
2026-08-16 03:45:10.056072,94.653,10,1g.11gb,yolo-inference-755b67b9bb-cf854,default,yolo,580.173.02,GPU-d59cb1c4-ad97-d91a-6731-e7b5f38951a6
2026-08-16 03:45:10.056072,94.865,11,1g.11gb,yolo-inference-755b67b9bb-cgztg,default,yolo,580.173.02,GPU-d59cb1c4-ad97-d91a-6731-e7b5f38951a6
2026-08-16 03:45:10.056072,94.726,12,1g.11gb,yolo-inference-755b67b9bb-g6r55,default,yolo,580.173.02,GPU-d59cb1c4-ad97-d91a-6731-e7b5f38951a6
2026-08-16 03:45:10.056072,94.789,13,1g.11gb,,,,580.173.02,GPU-d59cb1c4-ad97-d91a-6731-e7b5f38951a6
2026-08-16 03:45:10.056072,94.818,7,1g.11gb,yolo-inference-755b67b9bb-6qhhl,default,yolo,580.173.02,GPU-d59cb1c4-ad97-d91a-6731-e7b5f38951a6
2026-08-16 03:45:10.056072,94.726,8,1g.11gb,,,,580.173.02,GPU-d59cb1c4-ad97-d91a-6731-e7b5f38951a6
2026-08-16 03:45:10.056072,94.865,9,1g.11gb,yolo-inference-755b67b9bb-nz54p,default,yolo,580.173.02,GPU-d59cb1c4-ad97-d91a-6731-e7b5f38951a6
2026-08-16 03:45:15.054400,94.653,10,1g.11gb,yolo-inference-755b67b9bb-cf854,default,yolo,580.173.02,GPU-d59cb1c4-ad97-d91a-6731-e7b5f38951a6
2026-08-16 03:45:15.054400,94.865,11,1g.11gb,yolo-inference-755b67b9bb-cgztg,default,yolo,580.173.02,GPU-d59cb1c4-ad97-d91a-6731-e7b5f38951a6
2026-08-16 03:45:15.054400,94.726,12,1g.11gb,yolo-inference-755b67b9bb-g6r55,default,yolo,580.173.02,GPU-d59cb1c4-ad97-d91a-6731-e7b5f38951a6
2026-08-16 03:45:15.054400,94.789,13,1g.11gb,,,,580.173.02,GPU-d59cb1c4-ad97-d91a-6731-e7b5f38951a6
2026-08-16 03:45:15.054400,94.818,7,1g.11gb,yolo-inference-755b67b9bb-6qhhl,default,yolo,580.173.02,GPU-d59cb1c4-ad97-d91a-6731-e7b5f38951a6
2026-08-16 03:45:15.054400,94.726,8,1g.11gb,,,,580.173.02,GPU-d59cb1c4-ad97-d91a-6731-e7b5f38951a6
2026-08-16 03:45:15.054400,94.865,9,1g.11gb,yolo-inference-755b67b9bb-nz54p,default,yolo,580.173.02,GPU-d59cb1c4-ad97-d91a-6731-e7b5f38951a6
2026-08-16 03:45:20.055917,94.712,10,1g.11gb,yolo-inference-755b67b9bb-cf854,default,yolo,580.173.02,GPU-d59cb1c4-ad97-d91a-6731-e7b5f38951a6
2026-08-16 03:45:20.055917,94.865,11,1g.11gb,yolo-inference-755b67b9bb-cgztg,default,yolo,580.173.02,GPU-d59cb1c4-ad97-d91a-6731-e7b5f38951a6
2026-08-16 03:45:20.055917,94.726,12,1g.11gb,yolo-inference-755b67b9bb-g6r55,default,yolo,580.173.02,GPU-d59cb1c4-ad97-d91a-6731-e7b5f38951a6
2026-08-16 03:45:20.055917,94.789,13,1g.11gb,,,,580.173.02,GPU-d59cb1c4-ad97-d91a-6731-e7b5f38951a6
2026-08-16 03:45:20.055917,94.818,7,1g.11gb,yolo-inference-755b67b9bb-6qhhl,default,yolo,580.173.02,GPU-d59cb1c4-ad97-d91a-6731-e7b5f38951a6
2026-08-16 03:45:20.055917,94.726,8,1g.11gb,,,,580.173.02,GPU-d59cb1c4-ad97-d91a-6731-e7b5f38951a6
2026-08-16 03:45:20.055917,94.865,9,1g.11gb,yolo-inference-755b67b9bb-nz54p,default,yolo,580.173.02,GPU-d59cb1c4-ad97-d91a-6731-e7b5f38951a6
2026-08-16 03:45:25.055175,94.712,10,1g.11gb,yolo-inference-755b67b9bb-cf854,default,yolo,580.173.02,GPU-d59cb1c4-ad97-d91a-6731-e7b5f38951a6
2026-08-16 03:45:25.055175,94.553,11,1g.11gb,yolo-inference-755b67b9bb-cgztg,default,yolo,580.173.02,GPU-d59cb1c4-ad97-d91a-6731-e7b5f38951a6
2026-08-16 03:45:25.055175,94.849,12,1g.11gb,yolo-inference-755b67b9bb-g6r55,default,yolo,580.173.02,GPU-d59cb1c4-ad97-d91a-6731-e7b5f38951a6
2026-08-16 03:45:25.055175,94.55,13,1g.11gb,,,,580.173.02,GPU-d59cb1c4-ad97-d91a-6731-e7b5f38951a6
2026-08-16 03:45:25.055175,94.728,7,1g.11gb,yolo-inference-755b67b9bb-6qhhl,default,yolo,580.173.02,GPU-d59cb1c4-ad97-d91a-6731-e7b5f38951a6
2026-08-16 03:45:25.055175,94.878,8,1g.11gb,,,,580.173.02,GPU-d59cb1c4-ad97-d91a-6731-e7b5f38951a6
2026-08-16 03:45:25.055175,94.553,9,1g.11gb,yolo-inference-755b67b9bb-nz54p,default,yolo,580.173.02,GPU-d59cb1c4-ad97-d91a-6731-e7b5f38951a6
2026-08-16 03:45:30.052465,94.712,10,1g.11gb,yolo-inference-755b67b9bb-cf854,default,yolo,580.173.02,GPU-d59cb1c4-ad97-d91a-6731-e7b5f38951a6
2026-08-16 03:45:30.052465,94.553,11,1g.11gb,yolo-inference-755b67b9bb-cgztg,default,yolo,580.173.02,GPU-d59cb1c4-ad97-d91a-6731-e7b5f38951a6
2026-08-16 03:45:30.052465,94.849,12,1g.11gb,yolo-inference-755b67b9bb-g6r55,default,yolo,580.173.02,GPU-d59cb1c4-ad97-d91a-6731-e7b5f38951a6
2026-08-16 03:45:30.052465,94.55,13,1g.11gb,,,,580.173.02,GPU-d59cb1c4-ad97-d91a-6731-e7b5f38951a6
2026-08-16 03:45:30.052465,94.728,7,1g.11gb,yolo-inference-755b67b9bb-6qhhl,default,yolo,580.173.02,GPU-d59cb1c4-ad97-d91a-6731-e7b5f38951a6
2026-08-16 03:45:30.052465,94.878,8,1g.11gb,,,,580.173.02,GPU-d59cb1c4-ad97-d91a-6731-e7b5f38951a6
2026-08-16 03:45:30.052465,94.553,9,1g.11gb,yolo-inference-755b67b9bb-nz54p,default,yolo,580.173.02,GPU-d59cb1c4-ad97-d91a-6731-e7b5f38951a6
2026-08-16 03:45:35.055983,94.712,10,1g.11gb,yolo-inference-755b67b9bb-cf854,default,yolo,580.173.02,GPU-d59cb1c4-ad97-d91a-6731-e7b5f38951a6
2026-08-16 03:45:35.055983,94.553,11,1g.11gb,yolo-inference-755b67b9bb-cgztg,default,yolo,580.173.02,GPU-d59cb1c4-ad97-d91a-6731-e7b5f38951a6
2026-08-16 03:45:35.055983,94.849,12,1g.11gb,yolo-inference-755b67b9bb-g6r55,default,yolo,580.173.02,GPU-d59cb1c4-ad97-d91a-6731-e7b5f38951a6
2026-08-16 03:45:35.055983,94.55,13,1g.11gb,,,,580.173.02,GPU-d59cb1c4-ad97-d91a-6731-e7b5f38951a6
2026-08-16 03:45:35.055983,94.728,7,1g.11gb,yolo-inference-755b67b9bb-6qhhl,default,yolo,580.173.02,GPU-d59cb1c4-ad97-d91a-6731-e7b5f38951a6
2026-08-16 03:45:35.055983,94.878,8,1g.11gb,,,,580.173.02,GPU-d59cb1c4-ad97-d91a-6731-e7b5f38951a6
2026-08-16 03:45:35.055983,94.553,9,1g.11gb,yolo-inference-755b67b9bb-nz54p,default,yolo,580.173.02,GPU-d59cb1c4-ad97-d91a-6731-e7b5f38951a6
2026-08-16 03:45:40.055984,94.712,10,1g.11gb,yolo-inference-755b67b9bb-cf854,default,yolo,580.173.02,GPU-d59cb1c4-ad97-d91a-6731-e7b5f38951a6
2026-08-16 03:45:40.055984,94.553,11,1g.11gb,yolo-inference-755b67b9bb-cgztg,default,yolo,580.173.02,GPU-d59cb1c4-ad97-d91a-6731-e7b5f38951a6
2026-08-16 03:45:40.055984,94.849,12,1g.11gb,yolo-inference-755b67b9bb-g6r55,default,yolo,580.173.02,GPU-d59cb1c4-ad97-d91a-6731-e7b5f38951a6
2026-08-16 03:45:40.055984,94.55,13,1g.11gb,,,,580.173.02,GPU-d59cb1c4-ad97-d91a-6731-e7b5f38951a6
2026-08-16 03:45:40.055984,94.728,7,1g.11gb,yolo-inference-755b67b9bb-6qhhl,default,yolo,580.173.02,GPU-d59cb1c4-ad97-d91a-6731-e7b5f38951a6
2026-08-16 03:45:40.055984,94.878,8,1g.11gb,,,,580.173.02,GPU-d59cb1c4-ad97-d91a-6731-e7b5f38951a6
2026-08-16 03:45:40.055984,94.553,9,1g.11gb,yolo-inference-755b67b9bb-nz54p,default,yolo,580.173.02,GPU-d59cb1c4-ad97-d91a-6731-e7b5f38951a6
2026-08-16 03:45:45.054614,94.712,10,1g.11gb,yolo-inference-755b67b9bb-cf854,default,yolo,580.173.02,GPU-d59cb1c4-ad97-d91a-6731-e7b5f38951a6
2026-08-16 03:45:45.054614,94.553,11,1g.11gb,yolo-inference-755b67b9bb-cgztg,default,yolo,580.173.02,GPU-d59cb1c4-ad97-d91a-6731-e7b5f38951a6
2026-08-16 03:45:45.054614,94.849,12,1g.11gb,yolo-inference-755b67b9bb-g6r55,default,yolo,580.173.02,GPU-d59cb1c4-ad97-d91a-6731-e7b5f38951a6
2026-08-16 03:45:45.054614,94.55,13,1g.11gb,,,,580.173.02,GPU-d59cb1c4-ad97-d91a-6731-e7b5f38951a6
2026-08-16 03:45:45.054614,94.728,7,1g.11gb,yolo-inference-755b67b9bb-6qhhl,default,yolo,580.173.02,GPU-d59cb1c4-ad97-d91a-6731-e7b5f38951a6
2026-08-16 03:45:45.054614,94.878,8,1g.11gb,,,,580.173.02,GPU-d59cb1c4-ad97-d91a-6731-e7b5f38951a6
2026-08-16 03:45:45.054614,94.553,9,1g.11gb,yolo-inference-755b67b9bb-nz54p,default,yolo,580.173.02,GPU-d59cb1c4-ad97-d91a-6731-e7b5f38951a6
2026-08-16 03:45:50.055981,94.423,10,1g.11gb,yolo-inference-755b67b9bb-cf854,default,yolo,580.173.02,GPU-d59cb1c4-ad97-d91a-6731-e7b5f38951a6
2026-08-16 03:45:50.055981,94.553,11,1g.11gb,yolo-inference-755b67b9bb-cgztg,default,yolo,580.173.02,GPU-d59cb1c4-ad97-d91a-6731-e7b5f38951a6
2026-08-16 03:45:50.055981,94.849,12,1g.11gb,yolo-inference-755b67b9bb-g6r55,default,yolo,580.173.02,GPU-d59cb1c4-ad97-d91a-6731-e7b5f38951a6
2026-08-16 03:45:50.055981,94.55,13,1g.11gb,,,,580.173.02,GPU-d59cb1c4-ad97-d91a-6731-e7b5f38951a6
2026-08-16 03:45:50.055981,94.728,7,1g.11gb,yolo-inference-755b67b9bb-6qhhl,default,yolo,580.173.02,GPU-d59cb1c4-ad97-d91a-6731-e7b5f38951a6
2026-08-16 03:45:50.055981,94.878,8,1g.11gb,,,,580.173.02,GPU-d59cb1c4-ad97-d91a-6731-e7b5f38951a6
2026-08-16 03:45:50.055981,94.553,9,1g.11gb,yolo-inference-755b67b9bb-nz54p,default,yolo,580.173.02,GPU-d59cb1c4-ad97-d91a-6731-e7b5f38951a6
2026-08-16 03:45:55.053574,94.423,10,1g.11gb,yolo-inference-755b67b9bb-cf854,default,yolo,580.173.02,GPU-d59cb1c4-ad97-d91a-6731-e7b5f38951a6
2026-08-16 03:45:55.053574,94.54,11,1g.11gb,yolo-inference-755b67b9bb-cgztg,default,yolo,580.173.02,GPU-d59cb1c4-ad97-d91a-6731-e7b5f38951a6
2026-08-16 03:45:55.053574,94.559,12,1g.11gb,yolo-inference-755b67b9bb-g6r55,default,yolo,580.173.02,GPU-d59cb1c4-ad97-d91a-6731-e7b5f38951a6
2026-08-16 03:45:55.053574,94.708,13,1g.11gb,,,,580.173.02,GPU-d59cb1c4-ad97-d91a-6731-e7b5f38951a6
2026-08-16 03:45:55.053574,94.53,7,1g.11gb,yolo-inference-755b67b9bb-6qhhl,default,yolo,580.173.02,GPU-d59cb1c4-ad97-d91a-6731-e7b5f38951a6
2026-08-16 03:45:55.053574,94.67,8,1g.11gb,,,,580.173.02,GPU-d59cb1c4-ad97-d91a-6731-e7b5f38951a6
2026-08-16 03:45:55.053574,94.54,9,1g.11gb,yolo-inference-755b67b9bb-nz54p,default,yolo,580.173.02,GPU-d59cb1c4-ad97-d91a-6731-e7b5f38951a6
2026-08-16 03:46:00.056023,94.423,10,1g.11gb,yolo-inference-755b67b9bb-cf854,default,yolo,580.173.02,GPU-d59cb1c4-ad97-d91a-6731-e7b5f38951a6
2026-08-16 03:46:00.056023,94.54,11,1g.11gb,yolo-inference-755b67b9bb-cgztg,default,yolo,580.173.02,GPU-d59cb1c4-ad97-d91a-6731-e7b5f38951a6
2026-08-16 03:46:00.056023,94.559,12,1g.11gb,yolo-inference-755b67b9bb-g6r55,default,yolo,580.173.02,GPU-d59cb1c4-ad97-d91a-6731-e7b5f38951a6
2026-08-16 03:46:00.056023,94.708,13,1g.11gb,,,,580.173.02,GPU-d59cb1c4-ad97-d91a-6731-e7b5f38951a6
2026-08-16 03:46:00.056023,94.53,7,1g.11gb,yolo-inference-755b67b9bb-6qhhl,default,yolo,580.173.02,GPU-d59cb1c4-ad97-d91a-6731-e7b5f38951a6
2026-08-16 03:46:00.056023,94.67,8,1g.11gb,,,,580.173.02,GPU-d59cb1c4-ad97-d91a-6731-e7b5f38951a6
2026-08-16 03:46:00.056023,94.54,9,1g.11gb,yolo-inference-755b67b9bb-nz54p,default,yolo,580.173.02,GPU-d59cb1c4-ad97-d91a-6731-e7b5f38951a6
2026-08-16 03:46:05.052687,94.423,10,1g.11gb,yolo-inference-755b67b9bb-cf854,default,yolo,580.173.02,GPU-d59cb1c4-ad97-d91a-6731-e7b5f38951a6
2026-08-16 03:46:05.052687,94.54,11,1g.11gb,yolo-inference-755b67b9bb-cgztg,default,yolo,580.173.02,GPU-d59cb1c4-ad97-d91a-6731-e7b5f38951a6
2026-08-16 03:46:05.052687,94.559,12,1g.11gb,yolo-inference-755b67b9bb-g6r55,default,yolo,580.173.02,GPU-d59cb1c4-ad97-d91a-6731-e7b5f38951a6
2026-08-16 03:46:05.052687,94.708,13,1g.11gb,,,,580.173.02,GPU-d59cb1c4-ad97-d91a-6731-e7b5f38951a6
2026-08-16 03:46:05.052687,94.53,7,1g.11gb,yolo-inference-755b67b9bb-6qhhl,default,yolo,580.173.02,GPU-d59cb1c4-ad97-d91a-6731-e7b5f38951a6
2026-08-16 03:46:05.052687,94.67,8,1g.11gb,,,,580.173.02,GPU-d59cb1c4-ad97-d91a-6731-e7b5f38951a6
2026-08-16 03:46:05.052687,94.54,9,1g.11gb,yolo-inference-755b67b9bb-nz54p,default,yolo,580.173.02,GPU-d59cb1c4-ad97-d91a-6731-e7b5f38951a6
2026-08-16 03:46:10.052969,94.423,10,1g.11gb,yolo-inference-755b67b9bb-cf854,default,yolo,580.173.02,GPU-d59cb1c4-ad97-d91a-6731-e7b5f38951a6
2026-08-16 03:46:10.052969,94.54,11,1g.11gb,yolo-inference-755b67b9bb-cgztg,default,yolo,580.173.02,GPU-d59cb1c4-ad97-d91a-6731-e7b5f38951a6
2026-08-16 03:46:10.052969,94.559,12,1g.11gb,yolo-inference-755b67b9bb-g6r55,default,yolo,580.173.02,GPU-d59cb1c4-ad97-d91a-6731-e7b5f38951a6
2026-08-16 03:46:10.052969,94.708,13,1g.11gb,,,,580.173.02,GPU-d59cb1c4-ad97-d91a-6731-e7b5f38951a6
2026-08-16 03:46:10.052969,94.53,7,1g.11gb,yolo-inference-755b67b9bb-6qhhl,default,yolo,580.173.02,GPU-d59cb1c4-ad97-d91a-6731-e7b5f38951a6
2026-08-16 03:46:10.052969,94.67,8,1g.11gb,,,,580.173.02,GPU-d59cb1c4-ad97-d91a-6731-e7b5f38951a6
2026-08-16 03:46:10.052969,94.54,9,1g.11gb,yolo-inference-755b67b9bb-nz54p,default,yolo,580.173.02,GPU-d59cb1c4-ad97-d91a-6731-e7b5f38951a6
2026-08-16 03:46:15.056019,94.423,10,1g.11gb,yolo-inference-755b67b9bb-cf854,default,yolo,580.173.02,GPU-d59cb1c4-ad97-d91a-6731-e7b5f38951a6
2026-08-16 03:46:15.056019,94.54,11,1g.11gb,yolo-inference-755b67b9bb-cgztg,default,yolo,580.173.02,GPU-d59cb1c4-ad97-d91a-6731-e7b5f38951a6
2026-08-16 03:46:15.056019,94.559,12,1g.11gb,yolo-inference-755b67b9bb-g6r55,default,yolo,580.173.02,GPU-d59cb1c4-ad97-d91a-6731-e7b5f38951a6
2026-08-16 03:46:15.056019,94.708,13,1g.11gb,,,,580.173.02,GPU-d59cb1c4-ad97-d91a-6731-e7b5f38951a6
2026-08-16 03:46:15.056019,94.53,7,1g.11gb,yolo-inference-755b67b9bb-6qhhl,default,yolo,580.173.02,GPU-d59cb1c4-ad97-d91a-6731-e7b5f38951a6
2026-08-16 03:46:15.056019,94.67,8,1g.11gb,,,,580.173.02,GPU-d59cb1c4-ad97-d91a-6731-e7b5f38951a6
2026-08-16 03:46:15.056019,94.54,9,1g.11gb,yolo-inference-755b67b9bb-nz54p,default,yolo,580.173.02,GPU-d59cb1c4-ad97-d91a-6731-e7b5f38951a6
2026-08-16 03:46:20.053973,94.72,10,1g.11gb,yolo-inference-755b67b9bb-cf854,default,yolo,580.173.02,GPU-d59cb1c4-ad97-d91a-6731-e7b5f38951a6
2026-08-16 03:46:20.053973,94.54,11,1g.11gb,yolo-inference-755b67b9bb-cgztg,default,yolo,580.173.02,GPU-d59cb1c4-ad97-d91a-6731-e7b5f38951a6
2026-08-16 03:46:20.053973,94.559,12,1g.11gb,yolo-inference-755b67b9bb-g6r55,default,yolo,580.173.02,GPU-d59cb1c4-ad97-d91a-6731-e7b5f38951a6
2026-08-16 03:46:20.053973,94.708,13,1g.11gb,,,,580.173.02,GPU-d59cb1c4-ad97-d91a-6731-e7b5f38951a6
2026-08-16 03:46:20.053973,94.53,7,1g.11gb,yolo-inference-755b67b9bb-6qhhl,default,yolo,580.173.02,GPU-d59cb1c4-ad97-d91a-6731-e7b5f38951a6
2026-08-16 03:46:20.053973,94.67,8,1g.11gb,,,,580.173.02,GPU-d59cb1c4-ad97-d91a-6731-e7b5f38951a6
2026-08-16 03:46:20.053973,94.54,9,1g.11gb,yolo-inference-755b67b9bb-nz54p,default,yolo,580.173.02,GPU-d59cb1c4-ad97-d91a-6731-e7b5f38951a6
2026-08-16 03:46:25.053744,94.72,10,1g.11gb,yolo-inference-755b67b9bb-cf854,default,yolo,580.173.02,GPU-d59cb1c4-ad97-d91a-6731-e7b5f38951a6
2026-08-16 03:46:25.053744,94.434,11,1g.11gb,yolo-inference-755b67b9bb-cgztg,default,yolo,580.173.02,GPU-d59cb1c4-ad97-d91a-6731-e7b5f38951a6
2026-08-16 03:46:25.053744,94.512,12,1g.11gb,yolo-inference-755b67b9bb-g6r55,default,yolo,580.173.02,GPU-d59cb1c4-ad97-d91a-6731-e7b5f38951a6
2026-08-16 03:46:25.053744,94.434,13,1g.11gb,,,,580.173.02,GPU-d59cb1c4-ad97-d91a-6731-e7b5f38951a6
2026-08-16 03:46:25.053744,94.576,7,1g.11gb,yolo-inference-755b67b9bb-6qhhl,default,yolo,580.173.02,GPU-d59cb1c4-ad97-d91a-6731-e7b5f38951a6
2026-08-16 03:46:25.053744,94.502,8,1g.11gb,,,,580.173.02,GPU-d59cb1c4-ad97-d91a-6731-e7b5f38951a6
2026-08-16 03:46:25.053744,94.413,9,1g.11gb,yolo-inference-755b67b9bb-nz54p,default,yolo,580.173.02,GPU-d59cb1c4-ad97-d91a-6731-e7b5f38951a6
2026-08-16 03:46:30.053316,94.72,10,1g.11gb,yolo-inference-755b67b9bb-cf854,default,yolo,580.173.02,GPU-d59cb1c4-ad97-d91a-6731-e7b5f38951a6
2026-08-16 03:46:30.053316,94.434,11,1g.11gb,yolo-inference-755b67b9bb-cgztg,default,yolo,580.173.02,GPU-d59cb1c4-ad97-d91a-6731-e7b5f38951a6
2026-08-16 03:46:30.053316,94.512,12,1g.11gb,yolo-inference-755b67b9bb-g6r55,default,yolo,580.173.02,GPU-d59cb1c4-ad97-d91a-6731-e7b5f38951a6
2026-08-16 03:46:30.053316,94.434,13,1g.11gb,,,,580.173.02,GPU-d59cb1c4-ad97-d91a-6731-e7b5f38951a6
2026-08-16 03:46:30.053316,94.576,7,1g.11gb,yolo-inference-755b67b9bb-6qhhl,default,yolo,580.173.02,GPU-d59cb1c4-ad97-d91a-6731-e7b5f38951a6
2026-08-16 03:46:30.053316,94.502,8,1g.11gb,,,,580.173.02,GPU-d59cb1c4-ad97-d91a-6731-e7b5f38951a6
2026-08-16 03:46:30.053316,94.413,9,1g.11gb,yolo-inference-755b67b9bb-nz54p,default,yolo,580.173.02,GPU-d59cb1c4-ad97-d91a-6731-e7b5f38951a6
2026-08-16 03:46:35.056015,94.72,10,1g.11gb,yolo-inference-755b67b9bb-cf854,default,yolo,580.173.02,GPU-d59cb1c4-ad97-d91a-6731-e7b5f38951a6
2026-08-16 03:46:35.056015,94.434,11,1g.11gb,yolo-inference-755b67b9bb-cgztg,default,yolo,580.173.02,GPU-d59cb1c4-ad97-d91a-6731-e7b5f38951a6
2026-08-16 03:46:35.056015,94.512,12,1g.11gb,yolo-inference-755b67b9bb-g6r55,default,yolo,580.173.02,GPU-d59cb1c4-ad97-d91a-6731-e7b5f38951a6
2026-08-16 03:46:35.056015,94.434,13,1g.11gb,,,,580.173.02,GPU-d59cb1c4-ad97-d91a-6731-e7b5f38951a6
2026-08-16 03:46:35.056015,94.576,7,1g.11gb,yolo-inference-755b67b9bb-6qhhl,default,yolo,580.173.02,GPU-d59cb1c4-ad97-d91a-6731-e7b5f38951a6
2026-08-16 03:46:35.056015,94.502,8,1g.11gb,,,,580.173.02,GPU-d59cb1c4-ad97-d91a-6731-e7b5f38951a6
2026-08-16 03:46:35.056015,94.413,9,1g.11gb,yolo-inference-755b67b9bb-nz54p,default,yolo,580.173.02,GPU-d59cb1c4-ad97-d91a-6731-e7b5f38951a6
2026-08-16 03:46:40.055981,94.72,10,1g.11gb,yolo-inference-755b67b9bb-cf854,default,yolo,580.173.02,GPU-d59cb1c4-ad97-d91a-6731-e7b5f38951a6
2026-08-16 03:46:40.055981,94.434,11,1g.11gb,yolo-inference-755b67b9bb-cgztg,default,yolo,580.173.02,GPU-d59cb1c4-ad97-d91a-6731-e7b5f38951a6
2026-08-16 03:46:40.055981,94.512,12,1g.11gb,yolo-inference-755b67b9bb-g6r55,default,yolo,580.173.02,GPU-d59cb1c4-ad97-d91a-6731-e7b5f38951a6
2026-08-16 03:46:40.055981,94.434,13,1g.11gb,,,,580.173.02,GPU-d59cb1c4-ad97-d91a-6731-e7b5f38951a6
2026-08-16 03:46:40.055981,94.576,7,1g.11gb,yolo-inference-755b67b9bb-6qhhl,default,yolo,580.173.02,GPU-d59cb1c4-ad97-d91a-6731-e7b5f38951a6
2026-08-16 03:46:40.055981,94.502,8,1g.11gb,,,,580.173.02,GPU-d59cb1c4-ad97-d91a-6731-e7b5f38951a6
2026-08-16 03:46:40.055981,94.413,9,1g.11gb,yolo-inference-755b67b9bb-nz54p,default,yolo,580.173.02,GPU-d59cb1c4-ad97-d91a-6731-e7b5f38951a6
2026-08-16 03:46:45.055806,94.72,10,1g.11gb,yolo-inference-755b67b9bb-cf854,default,yolo,580.173.02,GPU-d59cb1c4-ad97-d91a-6731-e7b5f38951a6
2026-08-16 03:46:45.055806,94.434,11,1g.11gb,yolo-inference-755b67b9bb-cgztg,default,yolo,580.173.02,GPU-d59cb1c4-ad97-d91a-6731-e7b5f38951a6
2026-08-16 03:46:45.055806,94.512,12,1g.11gb,yolo-inference-755b67b9bb-g6r55,default,yolo,580.173.02,GPU-d59cb1c4-ad97-d91a-6731-e7b5f38951a6
2026-08-16 03:46:45.055806,94.434,13,1g.11gb,,,,580.173.02,GPU-d59cb1c4-ad97-d91a-6731-e7b5f38951a6
2026-08-16 03:46:45.055806,94.576,7,1g.11gb,yolo-inference-755b67b9bb-6qhhl,default,yolo,580.173.02,GPU-d59cb1c4-ad97-d91a-6731-e7b5f38951a6
2026-08-16 03:46:45.055806,94.502,8,1g.11gb,,,,580.173.02,GPU-d59cb1c4-ad97-d91a-6731-e7b5f38951a6
2026-08-16 03:46:45.055806,94.413,9,1g.11gb,yolo-inference-755b67b9bb-nz54p,default,yolo,580.173.02,GPU-d59cb1c4-ad97-d91a-6731-e7b5f38951a6
2026-08-16 03:46:50.055978,96.408,10,1g.11gb,yolo-inference-755b67b9bb-cf854,default,yolo,580.173.02,GPU-d59cb1c4-ad97-d91a-6731-e7b5f38951a6
2026-08-16 03:46:50.055978,94.434,11,1g.11gb,yolo-inference-755b67b9bb-cgztg,default,yolo,580.173.02,GPU-d59cb1c4-ad97-d91a-6731-e7b5f38951a6
2026-08-16 03:46:50.055978,94.512,12,1g.11gb,yolo-inference-755b67b9bb-g6r55,default,yolo,580.173.02,GPU-d59cb1c4-ad97-d91a-6731-e7b5f38951a6
2026-08-16 03:46:50.055978,94.434,13,1g.11gb,,,,580.173.02,GPU-d59cb1c4-ad97-d91a-6731-e7b5f38951a6
2026-08-16 03:46:50.055978,94.576,7,1g.11gb,yolo-inference-755b67b9bb-6qhhl,default,yolo,580.173.02,GPU-d59cb1c4-ad97-d91a-6731-e7b5f38951a6
2026-08-16 03:46:50.055978,94.502,8,1g.11gb,,,,580.173.02,GPU-d59cb1c4-ad97-d91a-6731-e7b5f38951a6
2026-08-16 03:46:50.055978,94.413,9,1g.11gb,yolo-inference-755b67b9bb-nz54p,default,yolo,580.173.02,GPU-d59cb1c4-ad97-d91a-6731-e7b5f38951a6
2026-08-16 03:46:55.055236,96.408,10,1g.11gb,yolo-inference-755b67b9bb-cf854,default,yolo,580.173.02,GPU-d59cb1c4-ad97-d91a-6731-e7b5f38951a6
2026-08-16 03:46:55.055236,96.367,11,1g.11gb,yolo-inference-755b67b9bb-cgztg,default,yolo,580.173.02,GPU-d59cb1c4-ad97-d91a-6731-e7b5f38951a6
2026-08-16 03:46:55.055236,96.252,12,1g.11gb,yolo-inference-755b67b9bb-g6r55,default,yolo,580.173.02,GPU-d59cb1c4-ad97-d91a-6731-e7b5f38951a6
2026-08-16 03:46:55.055236,96.367,13,1g.11gb,,,,580.173.02,GPU-d59cb1c4-ad97-d91a-6731-e7b5f38951a6
2026-08-16 03:46:55.055236,96.235,7,1g.11gb,yolo-inference-755b67b9bb-6qhhl,default,yolo,580.173.02,GPU-d59cb1c4-ad97-d91a-6731-e7b5f38951a6
2026-08-16 03:46:55.055236,96.185,8,1g.11gb,,,,580.173.02,GPU-d59cb1c4-ad97-d91a-6731-e7b5f38951a6
2026-08-16 03:46:55.055236,96.367,9,1g.11gb,yolo-inference-755b67b9bb-nz54p,default,yolo,580.173.02,GPU-d59cb1c4-ad97-d91a-6731-e7b5f38951a6
2026-08-16 03:47:00.056008,96.408,10,1g.11gb,yolo-inference-755b67b9bb-cf854,default,yolo,580.173.02,GPU-d59cb1c4-ad97-d91a-6731-e7b5f38951a6
2026-08-16 03:47:00.056008,96.367,11,1g.11gb,yolo-inference-755b67b9bb-cgztg,default,yolo,580.173.02,GPU-d59cb1c4-ad97-d91a-6731-e7b5f38951a6
2026-08-16 03:47:00.056008,96.252,12,1g.11gb,yolo-inference-755b67b9bb-g6r55,default,yolo,580.173.02,GPU-d59cb1c4-ad97-d91a-6731-e7b5f38951a6
2026-08-16 03:47:00.056008,96.367,13,1g.11gb,,,,580.173.02,GPU-d59cb1c4-ad97-d91a-6731-e7b5f38951a6
2026-08-16 03:47:00.056008,96.235,7,1g.11gb,yolo-inference-755b67b9bb-6qhhl,default,yolo,580.173.02,GPU-d59cb1c4-ad97-d91a-6731-e7b5f38951a6
2026-08-16 03:47:00.056008,96.185,8,1g.11gb,,,,580.173.02,GPU-d59cb1c4-ad97-d91a-6731-e7b5f38951a6
2026-08-16 03:47:00.056008,96.367,9,1g.11gb,yolo-inference-755b67b9bb-nz54p,default,yolo,580.173.02,GPU-d59cb1c4-ad97-d91a-6731-e7b5f38951a6
2026-08-16 03:47:05.055943,96.408,10,1g.11gb,yolo-inference-755b67b9bb-cf854,default,yolo,580.173.02,GPU-d59cb1c4-ad97-d91a-6731-e7b5f38951a6
2026-08-16 03:47:05.055943,96.367,11,1g.11gb,yolo-inference-755b67b9bb-cgztg,default,yolo,580.173.02,GPU-d59cb1c4-ad97-d91a-6731-e7b5f38951a6
2026-08-16 03:47:05.055943,96.252,12,1g.11gb,yolo-inference-755b67b9bb-g6r55,default,yolo,580.173.02,GPU-d59cb1c4-ad97-d91a-6731-e7b5f38951a6
2026-08-16 03:47:05.055943,96.367,13,1g.11gb,,,,580.173.02,GPU-d59cb1c4-ad97-d91a-6731-e7b5f38951a6
2026-08-16 03:47:05.055943,96.235,7,1g.11gb,yolo-inference-755b67b9bb-6qhhl,default,yolo,580.173.02,GPU-d59cb1c4-ad97-d91a-6731-e7b5f38951a6
2026-08-16 03:47:05.055943,96.185,8,1g.11gb,,,,580.173.02,GPU-d59cb1c4-ad97-d91a-6731-e7b5f38951a6
2026-08-16 03:47:05.055943,96.367,9,1g.11gb,yolo-inference-755b67b9bb-nz54p,default,yolo,580.173.02,GPU-d59cb1c4-ad97-d91a-6731-e7b5f38951a6
2026-08-16 03:47:10.053954,96.408,10,1g.11gb,yolo-inference-755b67b9bb-cf854,default,yolo,580.173.02,GPU-d59cb1c4-ad97-d91a-6731-e7b5f38951a6
2026-08-16 03:47:10.053954,96.367,11,1g.11gb,yolo-inference-755b67b9bb-cgztg,default,yolo,580.173.02,GPU-d59cb1c4-ad97-d91a-6731-e7b5f38951a6
2026-08-16 03:47:10.053954,96.252,12,1g.11gb,yolo-inference-755b67b9bb-g6r55,default,yolo,580.173.02,GPU-d59cb1c4-ad97-d91a-6731-e7b5f38951a6
2026-08-16 03:47:10.053954,96.367,13,1g.11gb,,,,580.173.02,GPU-d59cb1c4-ad97-d91a-6731-e7b5f38951a6
2026-08-16 03:47:10.053954,96.235,7,1g.11gb,yolo-inference-755b67b9bb-6qhhl,default,yolo,580.173.02,GPU-d59cb1c4-ad97-d91a-6731-e7b5f38951a6
2026-08-16 03:47:10.053954,96.185,8,1g.11gb,,,,580.173.02,GPU-d59cb1c4-ad97-d91a-6731-e7b5f38951a6
2026-08-16 03:47:10.053954,96.367,9,1g.11gb,yolo-inference-755b67b9bb-nz54p,default,yolo,580.173.02,GPU-d59cb1c4-ad97-d91a-6731-e7b5f38951a6
2026-08-16 03:47:15.056005,96.408,10,1g.11gb,yolo-inference-755b67b9bb-cf854,default,yolo,580.173.02,GPU-d59cb1c4-ad97-d91a-6731-e7b5f38951a6
2026-08-16 03:47:15.056005,96.367,11,1g.11gb,yolo-inference-755b67b9bb-cgztg,default,yolo,580.173.02,GPU-d59cb1c4-ad97-d91a-6731-e7b5f38951a6
2026-08-16 03:47:15.056005,96.252,12,1g.11gb,yolo-inference-755b67b9bb-g6r55,default,yolo,580.173.02,GPU-d59cb1c4-ad97-d91a-6731-e7b5f38951a6
2026-08-16 03:47:15.056005,96.367,13,1g.11gb,,,,580.173.02,GPU-d59cb1c4-ad97-d91a-6731-e7b5f38951a6
2026-08-16 03:47:15.056005,96.235,7,1g.11gb,yolo-inference-755b67b9bb-6qhhl,default,yolo,580.173.02,GPU-d59cb1c4-ad97-d91a-6731-e7b5f38951a6
2026-08-16 03:47:15.056005,96.185,8,1g.11gb,,,,580.173.02,GPU-d59cb1c4-ad97-d91a-6731-e7b5f38951a6
2026-08-16 03:47:15.056005,96.367,9,1g.11gb,yolo-inference-755b67b9bb-nz54p,default,yolo,580.173.02,GPU-d59cb1c4-ad97-d91a-6731-e7b5f38951a6
2026-08-16 03:47:20.055894,96.361,10,1g.11gb,yolo-inference-755b67b9bb-cf854,default,yolo,580.173.02,GPU-d59cb1c4-ad97-d91a-6731-e7b5f38951a6
2026-08-16 03:47:20.055894,96.367,11,1g.11gb,yolo-inference-755b67b9bb-cgztg,default,yolo,580.173.02,GPU-d59cb1c4-ad97-d91a-6731-e7b5f38951a6
2026-08-16 03:47:20.055894,96.252,12,1g.11gb,yolo-inference-755b67b9bb-g6r55,default,yolo,580.173.02,GPU-d59cb1c4-ad97-d91a-6731-e7b5f38951a6
2026-08-16 03:47:20.055894,96.367,13,1g.11gb,,,,580.173.02,GPU-d59cb1c4-ad97-d91a-6731-e7b5f38951a6
2026-08-16 03:47:20.055894,96.235,7,1g.11gb,yolo-inference-755b67b9bb-6qhhl,default,yolo,580.173.02,GPU-d59cb1c4-ad97-d91a-6731-e7b5f38951a6
2026-08-16 03:47:20.055894,96.185,8,1g.11gb,,,,580.173.02,GPU-d59cb1c4-ad97-d91a-6731-e7b5f38951a6
2026-08-16 03:47:20.055894,96.367,9,1g.11gb,yolo-inference-755b67b9bb-nz54p,default,yolo,580.173.02,GPU-d59cb1c4-ad97-d91a-6731-e7b5f38951a6
2026-08-16 03:47:25.056023,96.361,10,1g.11gb,yolo-inference-755b67b9bb-cf854,default,yolo,580.173.02,GPU-d59cb1c4-ad97-d91a-6731-e7b5f38951a6
2026-08-16 03:47:25.056023,96.306,11,1g.11gb,yolo-inference-755b67b9bb-cgztg,default,yolo,580.173.02,GPU-d59cb1c4-ad97-d91a-6731-e7b5f38951a6
2026-08-16 03:47:25.056023,96.431,12,1g.11gb,yolo-inference-755b67b9bb-g6r55,default,yolo,580.173.02,GPU-d59cb1c4-ad97-d91a-6731-e7b5f38951a6
2026-08-16 03:47:25.056023,96.306,13,1g.11gb,,,,580.173.02,GPU-d59cb1c4-ad97-d91a-6731-e7b5f38951a6
2026-08-16 03:47:25.056023,96.424,7,1g.11gb,yolo-inference-755b67b9bb-6qhhl,default,yolo,580.173.02,GPU-d59cb1c4-ad97-d91a-6731-e7b5f38951a6
2026-08-16 03:47:25.056023,96.383,8,1g.11gb,,,,580.173.02,GPU-d59cb1c4-ad97-d91a-6731-e7b5f38951a6
2026-08-16 03:47:25.056023,96.355,9,1g.11gb,yolo-inference-755b67b9bb-nz54p,default,yolo,580.173.02,GPU-d59cb1c4-ad97-d91a-6731-e7b5f38951a6
2026-08-16 03:47:30.055977,96.361,10,1g.11gb,yolo-inference-755b67b9bb-cf854,default,yolo,580.173.02,GPU-d59cb1c4-ad97-d91a-6731-e7b5f38951a6
2026-08-16 03:47:30.055977,96.306,11,1g.11gb,yolo-inference-755b67b9bb-cgztg,default,yolo,580.173.02,GPU-d59cb1c4-ad97-d91a-6731-e7b5f38951a6
2026-08-16 03:47:30.055977,96.431,12,1g.11gb,yolo-inference-755b67b9bb-g6r55,default,yolo,580.173.02,GPU-d59cb1c4-ad97-d91a-6731-e7b5f38951a6
2026-08-16 03:47:30.055977,96.306,13,1g.11gb,,,,580.173.02,GPU-d59cb1c4-ad97-d91a-6731-e7b5f38951a6
2026-08-16 03:47:30.055977,96.424,7,1g.11gb,yolo-inference-755b67b9bb-6qhhl,default,yolo,580.173.02,GPU-d59cb1c4-ad97-d91a-6731-e7b5f38951a6
2026-08-16 03:47:30.055977,96.383,8,1g.11gb,,,,580.173.02,GPU-d59cb1c4-ad97-d91a-6731-e7b5f38951a6
2026-08-16 03:47:30.055977,96.355,9,1g.11gb,yolo-inference-755b67b9bb-nz54p,default,yolo,580.173.02,GPU-d59cb1c4-ad97-d91a-6731-e7b5f38951a6
2026-08-16 03:47:35.055927,96.361,10,1g.11gb,yolo-inference-755b67b9bb-cf854,default,yolo,580.173.02,GPU-d59cb1c4-ad97-d91a-6731-e7b5f38951a6
2026-08-16 03:47:35.055927,96.306,11,1g.11gb,yolo-inference-755b67b9bb-cgztg,default,yolo,580.173.02,GPU-d59cb1c4-ad97-d91a-6731-e7b5f38951a6
2026-08-16 03:47:35.055927,96.431,12,1g.11gb,yolo-inference-755b67b9bb-g6r55,default,yolo,580.173.02,GPU-d59cb1c4-ad97-d91a-6731-e7b5f38951a6
2026-08-16 03:47:35.055927,96.306,13,1g.11gb,,,,580.173.02,GPU-d59cb1c4-ad97-d91a-6731-e7b5f38951a6
2026-08-16 03:47:35.055927,96.424,7,1g.11gb,yolo-inference-755b67b9bb-6qhhl,default,yolo,580.173.02,GPU-d59cb1c4-ad97-d91a-6731-e7b5f38951a6
2026-08-16 03:47:35.055927,96.383,8,1g.11gb,,,,580.173.02,GPU-d59cb1c4-ad97-d91a-6731-e7b5f38951a6
2026-08-16 03:47:35.055927,96.355,9,1g.11gb,yolo-inference-755b67b9bb-nz54p,default,yolo,580.173.02,GPU-d59cb1c4-ad97-d91a-6731-e7b5f38951a6
2026-08-16 03:47:40.055986,96.361,10,1g.11gb,yolo-inference-755b67b9bb-cf854,default,yolo,580.173.02,GPU-d59cb1c4-ad97-d91a-6731-e7b5f38951a6
2026-08-16 03:47:40.055986,96.306,11,1g.11gb,yolo-inference-755b67b9bb-cgztg,default,yolo,580.173.02,GPU-d59cb1c4-ad97-d91a-6731-e7b5f38951a6
2026-08-16 03:47:40.055986,96.431,12,1g.11gb,yolo-inference-755b67b9bb-g6r55,default,yolo,580.173.02,GPU-d59cb1c4-ad97-d91a-6731-e7b5f38951a6
2026-08-16 03:47:40.055986,96.306,13,1g.11gb,,,,580.173.02,GPU-d59cb1c4-ad97-d91a-6731-e7b5f38951a6
2026-08-16 03:47:40.055986,96.424,7,1g.11gb,yolo-inference-755b67b9bb-6qhhl,default,yolo,580.173.02,GPU-d59cb1c4-ad97-d91a-6731-e7b5f38951a6
2026-08-16 03:47:40.055986,96.383,8,1g.11gb,,,,580.173.02,GPU-d59cb1c4-ad97-d91a-6731-e7b5f38951a6
2026-08-16 03:47:40.055986,96.355,9,1g.11gb,yolo-inference-755b67b9bb-nz54p,default,yolo,580.173.02,GPU-d59cb1c4-ad97-d91a-6731-e7b5f38951a6
2026-08-16 03:47:45.055998,96.361,10,1g.11gb,yolo-inference-755b67b9bb-cf854,default,yolo,580.173.02,GPU-d59cb1c4-ad97-d91a-6731-e7b5f38951a6
2026-08-16 03:47:45.055998,96.306,11,1g.11gb,yolo-inference-755b67b9bb-cgztg,default,yolo,580.173.02,GPU-d59cb1c4-ad97-d91a-6731-e7b5f38951a6
2026-08-16 03:47:45.055998,96.431,12,1g.11gb,yolo-inference-755b67b9bb-g6r55,default,yolo,580.173.02,GPU-d59cb1c4-ad97-d91a-6731-e7b5f38951a6
2026-08-16 03:47:45.055998,96.306,13,1g.11gb,,,,580.173.02,GPU-d59cb1c4-ad97-d91a-6731-e7b5f38951a6
2026-08-16 03:47:45.055998,96.424,7,1g.11gb,yolo-inference-755b67b9bb-6qhhl,default,yolo,580.173.02,GPU-d59cb1c4-ad97-d91a-6731-e7b5f38951a6
2026-08-16 03:47:45.055998,96.383,8,1g.11gb,,,,580.173.02,GPU-d59cb1c4-ad97-d91a-6731-e7b5f38951a6
2026-08-16 03:47:45.055998,96.355,9,1g.11gb,yolo-inference-755b67b9bb-nz54p,default,yolo,580.173.02,GPU-d59cb1c4-ad97-d91a-6731-e7b5f38951a6
2026-08-16 03:47:50.053691,96.601,10,1g.11gb,yolo-inference-755b67b9bb-cf854,default,yolo,580.173.02,GPU-d59cb1c4-ad97-d91a-6731-e7b5f38951a6
2026-08-16 03:47:50.053691,96.306,11,1g.11gb,yolo-inference-755b67b9bb-cgztg,default,yolo,580.173.02,GPU-d59cb1c4-ad97-d91a-6731-e7b5f38951a6
2026-08-16 03:47:50.053691,96.431,12,1g.11gb,yolo-inference-755b67b9bb-g6r55,default,yolo,580.173.02,GPU-d59cb1c4-ad97-d91a-6731-e7b5f38951a6
2026-08-16 03:47:50.053691,96.306,13,1g.11gb,,,,580.173.02,GPU-d59cb1c4-ad97-d91a-6731-e7b5f38951a6
2026-08-16 03:47:50.053691,96.424,7,1g.11gb,yolo-inference-755b67b9bb-6qhhl,default,yolo,580.173.02,GPU-d59cb1c4-ad97-d91a-6731-e7b5f38951a6
2026-08-16 03:47:50.053691,96.383,8,1g.11gb,,,,580.173.02,GPU-d59cb1c4-ad97-d91a-6731-e7b5f38951a6
2026-08-16 03:47:50.053691,96.355,9,1g.11gb,yolo-inference-755b67b9bb-nz54p,default,yolo,580.173.02,GPU-d59cb1c4-ad97-d91a-6731-e7b5f38951a6
2026-08-16 03:47:55.054351,96.601,10,1g.11gb,yolo-inference-755b67b9bb-cf854,default,yolo,580.173.02,GPU-d59cb1c4-ad97-d91a-6731-e7b5f38951a6
2026-08-16 03:47:55.054351,96.382,11,1g.11gb,yolo-inference-755b67b9bb-cgztg,default,yolo,580.173.02,GPU-d59cb1c4-ad97-d91a-6731-e7b5f38951a6
2026-08-16 03:47:55.054351,96.375,12,1g.11gb,yolo-inference-755b67b9bb-g6r55,default,yolo,580.173.02,GPU-d59cb1c4-ad97-d91a-6731-e7b5f38951a6
2026-08-16 03:47:55.054351,96.48,13,1g.11gb,,,,580.173.02,GPU-d59cb1c4-ad97-d91a-6731-e7b5f38951a6
2026-08-16 03:47:55.054351,96.444,7,1g.11gb,yolo-inference-755b67b9bb-6qhhl,default,yolo,580.173.02,GPU-d59cb1c4-ad97-d91a-6731-e7b5f38951a6
2026-08-16 03:47:55.054351,96.375,8,1g.11gb,,,,580.173.02,GPU-d59cb1c4-ad97-d91a-6731-e7b5f38951a6
2026-08-16 03:47:55.054351,96.382,9,1g.11gb,yolo-inference-755b67b9bb-nz54p,default,yolo,580.173.02,GPU-d59cb1c4-ad97-d91a-6731-e7b5f38951a6
2026-08-16 03:48:00.056025,96.601,10,1g.11gb,yolo-inference-755b67b9bb-cf854,default,yolo,580.173.02,GPU-d59cb1c4-ad97-d91a-6731-e7b5f38951a6
2026-08-16 03:48:00.056025,96.382,11,1g.11gb,yolo-inference-755b67b9bb-cgztg,default,yolo,580.173.02,GPU-d59cb1c4-ad97-d91a-6731-e7b5f38951a6
2026-08-16 03:48:00.056025,96.375,12,1g.11gb,yolo-inference-755b67b9bb-g6r55,default,yolo,580.173.02,GPU-d59cb1c4-ad97-d91a-6731-e7b5f38951a6
2026-08-16 03:48:00.056025,96.48,13,1g.11gb,,,,580.173.02,GPU-d59cb1c4-ad97-d91a-6731-e7b5f38951a6
2026-08-16 03:48:00.056025,96.444,7,1g.11gb,yolo-inference-755b67b9bb-6qhhl,default,yolo,580.173.02,GPU-d59cb1c4-ad97-d91a-6731-e7b5f38951a6
2026-08-16 03:48:00.056025,96.375,8,1g.11gb,,,,580.173.02,GPU-d59cb1c4-ad97-d91a-6731-e7b5f38951a6
2026-08-16 03:48:00.056025,96.382,9,1g.11gb,yolo-inference-755b67b9bb-nz54p,default,yolo,580.173.02,GPU-d59cb1c4-ad97-d91a-6731-e7b5f38951a6
2026-08-16 03:48:05.055976,96.601,10,1g.11gb,yolo-inference-755b67b9bb-cf854,default,yolo,580.173.02,GPU-d59cb1c4-ad97-d91a-6731-e7b5f38951a6
2026-08-16 03:48:05.055976,96.382,11,1g.11gb,yolo-inference-755b67b9bb-cgztg,default,yolo,580.173.02,GPU-d59cb1c4-ad97-d91a-6731-e7b5f38951a6
2026-08-16 03:48:05.055976,96.375,12,1g.11gb,yolo-inference-755b67b9bb-g6r55,default,yolo,580.173.02,GPU-d59cb1c4-ad97-d91a-6731-e7b5f38951a6
2026-08-16 03:48:05.055976,96.48,13,1g.11gb,,,,580.173.02,GPU-d59cb1c4-ad97-d91a-6731-e7b5f38951a6
2026-08-16 03:48:05.055976,96.444,7,1g.11gb,yolo-inference-755b67b9bb-6qhhl,default,yolo,580.173.02,GPU-d59cb1c4-ad97-d91a-6731-e7b5f38951a6
2026-08-16 03:48:05.055976,96.375,8,1g.11gb,,,,580.173.02,GPU-d59cb1c4-ad97-d91a-6731-e7b5f38951a6
2026-08-16 03:48:05.055976,96.382,9,1g.11gb,yolo-inference-755b67b9bb-nz54p,default,yolo,580.173.02,GPU-d59cb1c4-ad97-d91a-6731-e7b5f38951a6
2026-08-16 03:48:10.052121,96.601,10,1g.11gb,yolo-inference-755b67b9bb-cf854,default,yolo,580.173.02,GPU-d59cb1c4-ad97-d91a-6731-e7b5f38951a6
2026-08-16 03:48:10.052121,96.382,11,1g.11gb,yolo-inference-755b67b9bb-cgztg,default,yolo,580.173.02,GPU-d59cb1c4-ad97-d91a-6731-e7b5f38951a6
2026-08-16 03:48:10.052121,96.375,12,1g.11gb,yolo-inference-755b67b9bb-g6r55,default,yolo,580.173.02,GPU-d59cb1c4-ad97-d91a-6731-e7b5f38951a6
2026-08-16 03:48:10.052121,96.48,13,1g.11gb,,,,580.173.02,GPU-d59cb1c4-ad97-d91a-6731-e7b5f38951a6
2026-08-16 03:48:10.052121,96.444,7,1g.11gb,yolo-inference-755b67b9bb-6qhhl,default,yolo,580.173.02,GPU-d59cb1c4-ad97-d91a-6731-e7b5f38951a6
2026-08-16 03:48:10.052121,96.375,8,1g.11gb,,,,580.173.02,GPU-d59cb1c4-ad97-d91a-6731-e7b5f38951a6
2026-08-16 03:48:10.052121,96.382,9,1g.11gb,yolo-inference-755b67b9bb-nz54p,default,yolo,580.173.02,GPU-d59cb1c4-ad97-d91a-6731-e7b5f38951a6
2026-08-16 03:48:15.055982,96.601,10,1g.11gb,yolo-inference-755b67b9bb-cf854,default,yolo,580.173.02,GPU-d59cb1c4-ad97-d91a-6731-e7b5f38951a6
2026-08-16 03:48:15.055982,96.382,11,1g.11gb,yolo-inference-755b67b9bb-cgztg,default,yolo,580.173.02,GPU-d59cb1c4-ad97-d91a-6731-e7b5f38951a6
2026-08-16 03:48:15.055982,96.375,12,1g.11gb,yolo-inference-755b67b9bb-g6r55,default,yolo,580.173.02,GPU-d59cb1c4-ad97-d91a-6731-e7b5f38951a6
2026-08-16 03:48:15.055982,96.48,13,1g.11gb,,,,580.173.02,GPU-d59cb1c4-ad97-d91a-6731-e7b5f38951a6
2026-08-16 03:48:15.055982,96.444,7,1g.11gb,yolo-inference-755b67b9bb-6qhhl,default,yolo,580.173.02,GPU-d59cb1c4-ad97-d91a-6731-e7b5f38951a6
2026-08-16 03:48:15.055982,96.375,8,1g.11gb,,,,580.173.02,GPU-d59cb1c4-ad97-d91a-6731-e7b5f38951a6
2026-08-16 03:48:15.055982,96.382,9,1g.11gb,yolo-inference-755b67b9bb-nz54p,default,yolo,580.173.02,GPU-d59cb1c4-ad97-d91a-6731-e7b5f38951a6
2026-08-16 03:48:20.055974,96.222,10,1g.11gb,yolo-inference-755b67b9bb-cf854,default,yolo,580.173.02,GPU-d59cb1c4-ad97-d91a-6731-e7b5f38951a6
2026-08-16 03:48:20.055974,96.382,11,1g.11gb,yolo-inference-755b67b9bb-cgztg,default,yolo,580.173.02,GPU-d59cb1c4-ad97-d91a-6731-e7b5f38951a6
2026-08-16 03:48:20.055974,96.375,12,1g.11gb,yolo-inference-755b67b9bb-g6r55,default,yolo,580.173.02,GPU-d59cb1c4-ad97-d91a-6731-e7b5f38951a6
2026-08-16 03:48:20.055974,96.48,13,1g.11gb,,,,580.173.02,GPU-d59cb1c4-ad97-d91a-6731-e7b5f38951a6
2026-08-16 03:48:20.055974,96.444,7,1g.11gb,yolo-inference-755b67b9bb-6qhhl,default,yolo,580.173.02,GPU-d59cb1c4-ad97-d91a-6731-e7b5f38951a6
2026-08-16 03:48:20.055974,96.375,8,1g.11gb,,,,580.173.02,GPU-d59cb1c4-ad97-d91a-6731-e7b5f38951a6
2026-08-16 03:48:20.055974,96.382,9,1g.11gb,yolo-inference-755b67b9bb-nz54p,default,yolo,580.173.02,GPU-d59cb1c4-ad97-d91a-6731-e7b5f38951a6
2026-08-16 03:48:25.056024,96.222,10,1g.11gb,yolo-inference-755b67b9bb-cf854,default,yolo,580.173.02,GPU-d59cb1c4-ad97-d91a-6731-e7b5f38951a6
2026-08-16 03:48:25.056024,96.33,11,1g.11gb,yolo-inference-755b67b9bb-cgztg,default,yolo,580.173.02,GPU-d59cb1c4-ad97-d91a-6731-e7b5f38951a6
2026-08-16 03:48:25.056024,96.538,12,1g.11gb,yolo-inference-755b67b9bb-g6r55,default,yolo,580.173.02,GPU-d59cb1c4-ad97-d91a-6731-e7b5f38951a6
2026-08-16 03:48:25.056024,96.337,13,1g.11gb,,,,580.173.02,GPU-d59cb1c4-ad97-d91a-6731-e7b5f38951a6
2026-08-16 03:48:25.056024,96.577,7,1g.11gb,yolo-inference-755b67b9bb-6qhhl,default,yolo,580.173.02,GPU-d59cb1c4-ad97-d91a-6731-e7b5f38951a6
2026-08-16 03:48:25.056024,96.538,8,1g.11gb,,,,580.173.02,GPU-d59cb1c4-ad97-d91a-6731-e7b5f38951a6
2026-08-16 03:48:25.056024,96.33,9,1g.11gb,yolo-inference-755b67b9bb-nz54p,default,yolo,580.173.02,GPU-d59cb1c4-ad97-d91a-6731-e7b5f38951a6
2026-08-16 03:48:30.055989,96.222,10,1g.11gb,yolo-inference-755b67b9bb-cf854,default,yolo,580.173.02,GPU-d59cb1c4-ad97-d91a-6731-e7b5f38951a6
2026-08-16 03:48:30.055989,96.33,11,1g.11gb,yolo-inference-755b67b9bb-cgztg,default,yolo,580.173.02,GPU-d59cb1c4-ad97-d91a-6731-e7b5f38951a6
2026-08-16 03:48:30.055989,96.538,12,1g.11gb,yolo-inference-755b67b9bb-g6r55,default,yolo,580.173.02,GPU-d59cb1c4-ad97-d91a-6731-e7b5f38951a6
2026-08-16 03:48:30.055989,96.337,13,1g.11gb,,,,580.173.02,GPU-d59cb1c4-ad97-d91a-6731-e7b5f38951a6
2026-08-16 03:48:30.055989,96.577,7,1g.11gb,yolo-inference-755b67b9bb-6qhhl,default,yolo,580.173.02,GPU-d59cb1c4-ad97-d91a-6731-e7b5f38951a6
2026-08-16 03:48:30.055989,96.538,8,1g.11gb,,,,580.173.02,GPU-d59cb1c4-ad97-d91a-6731-e7b5f38951a6
2026-08-16 03:48:30.055989,96.33,9,1g.11gb,yolo-inference-755b67b9bb-nz54p,default,yolo,580.173.02,GPU-d59cb1c4-ad97-d91a-6731-e7b5f38951a6
2026-08-16 03:48:35.054002,96.222,10,1g.11gb,yolo-inference-755b67b9bb-cf854,default,yolo,580.173.02,GPU-d59cb1c4-ad97-d91a-6731-e7b5f38951a6
2026-08-16 03:48:35.054002,96.33,11,1g.11gb,yolo-inference-755b67b9bb-cgztg,default,yolo,580.173.02,GPU-d59cb1c4-ad97-d91a-6731-e7b5f38951a6
2026-08-16 03:48:35.054002,96.538,12,1g.11gb,yolo-inference-755b67b9bb-g6r55,default,yolo,580.173.02,GPU-d59cb1c4-ad97-d91a-6731-e7b5f38951a6
2026-08-16 03:48:35.054002,96.337,13,1g.11gb,,,,580.173.02,GPU-d59cb1c4-ad97-d91a-6731-e7b5f38951a6
2026-08-16 03:48:35.054002,96.577,7,1g.11gb,yolo-inference-755b67b9bb-6qhhl,default,yolo,580.173.02,GPU-d59cb1c4-ad97-d91a-6731-e7b5f38951a6
2026-08-16 03:48:35.054002,96.538,8,1g.11gb,,,,580.173.02,GPU-d59cb1c4-ad97-d91a-6731-e7b5f38951a6
2026-08-16 03:48:35.054002,96.33,9,1g.11gb,yolo-inference-755b67b9bb-nz54p,default,yolo,580.173.02,GPU-d59cb1c4-ad97-d91a-6731-e7b5f38951a6
2026-08-16 03:48:40.056013,96.222,10,1g.11gb,yolo-inference-755b67b9bb-cf854,default,yolo,580.173.02,GPU-d59cb1c4-ad97-d91a-6731-e7b5f38951a6
2026-08-16 03:48:40.056013,96.33,11,1g.11gb,yolo-inference-755b67b9bb-cgztg,default,yolo,580.173.02,GPU-d59cb1c4-ad97-d91a-6731-e7b5f38951a6
2026-08-16 03:48:40.056013,96.538,12,1g.11gb,yolo-inference-755b67b9bb-g6r55,default,yolo,580.173.02,GPU-d59cb1c4-ad97-d91a-6731-e7b5f38951a6
2026-08-16 03:48:40.056013,96.337,13,1g.11gb,,,,580.173.02,GPU-d59cb1c4-ad97-d91a-6731-e7b5f38951a6
2026-08-16 03:48:40.056013,96.577,7,1g.11gb,yolo-inference-755b67b9bb-6qhhl,default,yolo,580.173.02,GPU-d59cb1c4-ad97-d91a-6731-e7b5f38951a6
2026-08-16 03:48:40.056013,96.538,8,1g.11gb,,,,580.173.02,GPU-d59cb1c4-ad97-d91a-6731-e7b5f38951a6
2026-08-16 03:48:40.056013,96.33,9,1g.11gb,yolo-inference-755b67b9bb-nz54p,default,yolo,580.173.02,GPU-d59cb1c4-ad97-d91a-6731-e7b5f38951a6
2026-08-16 03:48:45.055994,96.222,10,1g.11gb,yolo-inference-755b67b9bb-cf854,default,yolo,580.173.02,GPU-d59cb1c4-ad97-d91a-6731-e7b5f38951a6
2026-08-16 03:48:45.055994,96.33,11,1g.11gb,yolo-inference-755b67b9bb-cgztg,default,yolo,580.173.02,GPU-d59cb1c4-ad97-d91a-6731-e7b5f38951a6
2026-08-16 03:48:45.055994,96.538,12,1g.11gb,yolo-inference-755b67b9bb-g6r55,default,yolo,580.173.02,GPU-d59cb1c4-ad97-d91a-6731-e7b5f38951a6
2026-08-16 03:48:45.055994,96.337,13,1g.11gb,,,,580.173.02,GPU-d59cb1c4-ad97-d91a-6731-e7b5f38951a6
2026-08-16 03:48:45.055994,96.577,7,1g.11gb,yolo-inference-755b67b9bb-6qhhl,default,yolo,580.173.02,GPU-d59cb1c4-ad97-d91a-6731-e7b5f38951a6
2026-08-16 03:48:45.055994,96.538,8,1g.11gb,,,,580.173.02,GPU-d59cb1c4-ad97-d91a-6731-e7b5f38951a6
2026-08-16 03:48:45.055994,96.33,9,1g.11gb,yolo-inference-755b67b9bb-nz54p,default,yolo,580.173.02,GPU-d59cb1c4-ad97-d91a-6731-e7b5f38951a6
2026-08-16 03:48:50.055881,96.491,10,1g.11gb,yolo-inference-755b67b9bb-cf854,default,yolo,580.173.02,GPU-d59cb1c4-ad97-d91a-6731-e7b5f38951a6
2026-08-16 03:48:50.055881,96.33,11,1g.11gb,yolo-inference-755b67b9bb-cgztg,default,yolo,580.173.02,GPU-d59cb1c4-ad97-d91a-6731-e7b5f38951a6
2026-08-16 03:48:50.055881,96.538,12,1g.11gb,yolo-inference-755b67b9bb-g6r55,default,yolo,580.173.02,GPU-d59cb1c4-ad97-d91a-6731-e7b5f38951a6
2026-08-16 03:48:50.055881,96.337,13,1g.11gb,,,,580.173.02,GPU-d59cb1c4-ad97-d91a-6731-e7b5f38951a6
2026-08-16 03:48:50.055881,96.577,7,1g.11gb,yolo-inference-755b67b9bb-6qhhl,default,yolo,580.173.02,GPU-d59cb1c4-ad97-d91a-6731-e7b5f38951a6
2026-08-16 03:48:50.055881,96.538,8,1g.11gb,,,,580.173.02,GPU-d59cb1c4-ad97-d91a-6731-e7b5f38951a6
2026-08-16 03:48:50.055881,96.33,9,1g.11gb,yolo-inference-755b67b9bb-nz54p,default,yolo,580.173.02,GPU-d59cb1c4-ad97-d91a-6731-e7b5f38951a6
2026-08-16 03:48:55.054136,96.491,10,1g.11gb,yolo-inference-755b67b9bb-cf854,default,yolo,580.173.02,GPU-d59cb1c4-ad97-d91a-6731-e7b5f38951a6
2026-08-16 03:48:55.054136,96.484,11,1g.11gb,yolo-inference-755b67b9bb-cgztg,default,yolo,580.173.02,GPU-d59cb1c4-ad97-d91a-6731-e7b5f38951a6
2026-08-16 03:48:55.054136,96.304,12,1g.11gb,yolo-inference-755b67b9bb-g6r55,default,yolo,580.173.02,GPU-d59cb1c4-ad97-d91a-6731-e7b5f38951a6
2026-08-16 03:48:55.054136,96.457,13,1g.11gb,,,,580.173.02,GPU-d59cb1c4-ad97-d91a-6731-e7b5f38951a6
2026-08-16 03:48:55.054136,96.362,7,1g.11gb,yolo-inference-755b67b9bb-6qhhl,default,yolo,580.173.02,GPU-d59cb1c4-ad97-d91a-6731-e7b5f38951a6
2026-08-16 03:48:55.054136,96.304,8,1g.11gb,,,,580.173.02,GPU-d59cb1c4-ad97-d91a-6731-e7b5f38951a6
2026-08-16 03:48:55.054136,96.484,9,1g.11gb,yolo-inference-755b67b9bb-nz54p,default,yolo,580.173.02,GPU-d59cb1c4-ad97-d91a-6731-e7b5f38951a6
2026-08-16 03:49:00.053852,96.491,10,1g.11gb,yolo-inference-755b67b9bb-cf854,default,yolo,580.173.02,GPU-d59cb1c4-ad97-d91a-6731-e7b5f38951a6
2026-08-16 03:49:00.053852,96.484,11,1g.11gb,yolo-inference-755b67b9bb-cgztg,default,yolo,580.173.02,GPU-d59cb1c4-ad97-d91a-6731-e7b5f38951a6
2026-08-16 03:49:00.053852,96.304,12,1g.11gb,yolo-inference-755b67b9bb-g6r55,default,yolo,580.173.02,GPU-d59cb1c4-ad97-d91a-6731-e7b5f38951a6
2026-08-16 03:49:00.053852,96.457,13,1g.11gb,,,,580.173.02,GPU-d59cb1c4-ad97-d91a-6731-e7b5f38951a6
2026-08-16 03:49:00.053852,96.362,7,1g.11gb,yolo-inference-755b67b9bb-6qhhl,default,yolo,580.173.02,GPU-d59cb1c4-ad97-d91a-6731-e7b5f38951a6
2026-08-16 03:49:00.053852,96.304,8,1g.11gb,,,,580.173.02,GPU-d59cb1c4-ad97-d91a-6731-e7b5f38951a6
2026-08-16 03:49:00.053852,96.484,9,1g.11gb,yolo-inference-755b67b9bb-nz54p,default,yolo,580.173.02,GPU-d59cb1c4-ad97-d91a-6731-e7b5f38951a6
2026-08-16 03:49:05.056001,96.491,10,1g.11gb,yolo-inference-755b67b9bb-cf854,default,yolo,580.173.02,GPU-d59cb1c4-ad97-d91a-6731-e7b5f38951a6
2026-08-16 03:49:05.056001,96.484,11,1g.11gb,yolo-inference-755b67b9bb-cgztg,default,yolo,580.173.02,GPU-d59cb1c4-ad97-d91a-6731-e7b5f38951a6
2026-08-16 03:49:05.056001,96.304,12,1g.11gb,yolo-inference-755b67b9bb-g6r55,default,yolo,580.173.02,GPU-d59cb1c4-ad97-d91a-6731-e7b5f38951a6
2026-08-16 03:49:05.056001,96.457,13,1g.11gb,,,,580.173.02,GPU-d59cb1c4-ad97-d91a-6731-e7b5f38951a6
2026-08-16 03:49:05.056001,96.362,7,1g.11gb,yolo-inference-755b67b9bb-6qhhl,default,yolo,580.173.02,GPU-d59cb1c4-ad97-d91a-6731-e7b5f38951a6
2026-08-16 03:49:05.056001,96.304,8,1g.11gb,,,,580.173.02,GPU-d59cb1c4-ad97-d91a-6731-e7b5f38951a6
2026-08-16 03:49:05.056001,96.484,9,1g.11gb,yolo-inference-755b67b9bb-nz54p,default,yolo,580.173.02,GPU-d59cb1c4-ad97-d91a-6731-e7b5f38951a6
2026-08-16 03:49:10.053738,96.491,10,1g.11gb,yolo-inference-755b67b9bb-cf854,default,yolo,580.173.02,GPU-d59cb1c4-ad97-d91a-6731-e7b5f38951a6
2026-08-16 03:49:10.053738,96.484,11,1g.11gb,yolo-inference-755b67b9bb-cgztg,default,yolo,580.173.02,GPU-d59cb1c4-ad97-d91a-6731-e7b5f38951a6
2026-08-16 03:49:10.053738,96.304,12,1g.11gb,yolo-inference-755b67b9bb-g6r55,default,yolo,580.173.02,GPU-d59cb1c4-ad97-d91a-6731-e7b5f38951a6
2026-08-16 03:49:10.053738,96.457,13,1g.11gb,,,,580.173.02,GPU-d59cb1c4-ad97-d91a-6731-e7b5f38951a6
2026-08-16 03:49:10.053738,96.362,7,1g.11gb,yolo-inference-755b67b9bb-6qhhl,default,yolo,580.173.02,GPU-d59cb1c4-ad97-d91a-6731-e7b5f38951a6
2026-08-16 03:49:10.053738,96.304,8,1g.11gb,,,,580.173.02,GPU-d59cb1c4-ad97-d91a-6731-e7b5f38951a6
2026-08-16 03:49:10.053738,96.484,9,1g.11gb,yolo-inference-755b67b9bb-nz54p,default,yolo,580.173.02,GPU-d59cb1c4-ad97-d91a-6731-e7b5f38951a6
2026-08-16 03:49:15.056019,96.491,10,1g.11gb,yolo-inference-755b67b9bb-cf854,default,yolo,580.173.02,GPU-d59cb1c4-ad97-d91a-6731-e7b5f38951a6
2026-08-16 03:49:15.056019,96.484,11,1g.11gb,yolo-inference-755b67b9bb-cgztg,default,yolo,580.173.02,GPU-d59cb1c4-ad97-d91a-6731-e7b5f38951a6
2026-08-16 03:49:15.056019,96.304,12,1g.11gb,yolo-inference-755b67b9bb-g6r55,default,yolo,580.173.02,GPU-d59cb1c4-ad97-d91a-6731-e7b5f38951a6
2026-08-16 03:49:15.056019,96.457,13,1g.11gb,,,,580.173.02,GPU-d59cb1c4-ad97-d91a-6731-e7b5f38951a6
2026-08-16 03:49:15.056019,96.362,7,1g.11gb,yolo-inference-755b67b9bb-6qhhl,default,yolo,580.173.02,GPU-d59cb1c4-ad97-d91a-6731-e7b5f38951a6
2026-08-16 03:49:15.056019,96.304,8,1g.11gb,,,,580.173.02,GPU-d59cb1c4-ad97-d91a-6731-e7b5f38951a6
2026-08-16 03:49:15.056019,96.484,9,1g.11gb,yolo-inference-755b67b9bb-nz54p,default,yolo,580.173.02,GPU-d59cb1c4-ad97-d91a-6731-e7b5f38951a6
2026-08-16 03:49:20.053598,96.471,10,1g.11gb,yolo-inference-755b67b9bb-cf854,default,yolo,580.173.02,GPU-d59cb1c4-ad97-d91a-6731-e7b5f38951a6
2026-08-16 03:49:20.053598,96.484,11,1g.11gb,yolo-inference-755b67b9bb-cgztg,default,yolo,580.173.02,GPU-d59cb1c4-ad97-d91a-6731-e7b5f38951a6
2026-08-16 03:49:20.053598,96.304,12,1g.11gb,yolo-inference-755b67b9bb-g6r55,default,yolo,580.173.02,GPU-d59cb1c4-ad97-d91a-6731-e7b5f38951a6
2026-08-16 03:49:20.053598,96.457,13,1g.11gb,,,,580.173.02,GPU-d59cb1c4-ad97-d91a-6731-e7b5f38951a6
2026-08-16 03:49:20.053598,96.362,7,1g.11gb,yolo-inference-755b67b9bb-6qhhl,default,yolo,580.173.02,GPU-d59cb1c4-ad97-d91a-6731-e7b5f38951a6
2026-08-16 03:49:20.053598,96.304,8,1g.11gb,,,,580.173.02,GPU-d59cb1c4-ad97-d91a-6731-e7b5f38951a6
2026-08-16 03:49:20.053598,96.484,9,1g.11gb,yolo-inference-755b67b9bb-nz54p,default,yolo,580.173.02,GPU-d59cb1c4-ad97-d91a-6731-e7b5f38951a6
2026-08-16 03:49:25.055900,96.471,10,1g.11gb,yolo-inference-755b67b9bb-cf854,default,yolo,580.173.02,GPU-d59cb1c4-ad97-d91a-6731-e7b5f38951a6
2026-08-16 03:49:25.055900,96.422,11,1g.11gb,yolo-inference-755b67b9bb-cgztg,default,yolo,580.173.02,GPU-d59cb1c4-ad97-d91a-6731-e7b5f38951a6
2026-08-16 03:49:25.055900,96.699,12,1g.11gb,yolo-inference-755b67b9bb-g6r55,default,yolo,580.173.02,GPU-d59cb1c4-ad97-d91a-6731-e7b5f38951a6
2026-08-16 03:49:25.055900,96.45,13,1g.11gb,,,,580.173.02,GPU-d59cb1c4-ad97-d91a-6731-e7b5f38951a6
2026-08-16 03:49:25.055900,96.677,7,1g.11gb,yolo-inference-755b67b9bb-6qhhl,default,yolo,580.173.02,GPU-d59cb1c4-ad97-d91a-6731-e7b5f38951a6
2026-08-16 03:49:25.055900,96.699,8,1g.11gb,,,,580.173.02,GPU-d59cb1c4-ad97-d91a-6731-e7b5f38951a6
2026-08-16 03:49:25.055900,96.422,9,1g.11gb,yolo-inference-755b67b9bb-nz54p,default,yolo,580.173.02,GPU-d59cb1c4-ad97-d91a-6731-e7b5f38951a6
2026-08-16 03:49:30.055995,96.471,10,1g.11gb,yolo-inference-755b67b9bb-cf854,default,yolo,580.173.02,GPU-d59cb1c4-ad97-d91a-6731-e7b5f38951a6
2026-08-16 03:49:30.055995,96.422,11,1g.11gb,yolo-inference-755b67b9bb-cgztg,default,yolo,580.173.02,GPU-d59cb1c4-ad97-d91a-6731-e7b5f38951a6
2026-08-16 03:49:30.055995,96.699,12,1g.11gb,yolo-inference-755b67b9bb-g6r55,default,yolo,580.173.02,GPU-d59cb1c4-ad97-d91a-6731-e7b5f38951a6
2026-08-16 03:49:30.055995,96.45,13,1g.11gb,,,,580.173.02,GPU-d59cb1c4-ad97-d91a-6731-e7b5f38951a6
2026-08-16 03:49:30.055995,96.677,7,1g.11gb,yolo-inference-755b67b9bb-6qhhl,default,yolo,580.173.02,GPU-d59cb1c4-ad97-d91a-6731-e7b5f38951a6
2026-08-16 03:49:30.055995,96.699,8,1g.11gb,,,,580.173.02,GPU-d59cb1c4-ad97-d91a-6731-e7b5f38951a6
2026-08-16 03:49:30.055995,96.422,9,1g.11gb,yolo-inference-755b67b9bb-nz54p,default,yolo,580.173.02,GPU-d59cb1c4-ad97-d91a-6731-e7b5f38951a6
2026-08-16 03:49:35.052989,96.471,10,1g.11gb,yolo-inference-755b67b9bb-cf854,default,yolo,580.173.02,GPU-d59cb1c4-ad97-d91a-6731-e7b5f38951a6
2026-08-16 03:49:35.052989,96.422,11,1g.11gb,yolo-inference-755b67b9bb-cgztg,default,yolo,580.173.02,GPU-d59cb1c4-ad97-d91a-6731-e7b5f38951a6
2026-08-16 03:49:35.052989,96.699,12,1g.11gb,yolo-inference-755b67b9bb-g6r55,default,yolo,580.173.02,GPU-d59cb1c4-ad97-d91a-6731-e7b5f38951a6
2026-08-16 03:49:35.052989,96.45,13,1g.11gb,,,,580.173.02,GPU-d59cb1c4-ad97-d91a-6731-e7b5f38951a6
2026-08-16 03:49:35.052989,96.677,7,1g.11gb,yolo-inference-755b67b9bb-6qhhl,default,yolo,580.173.02,GPU-d59cb1c4-ad97-d91a-6731-e7b5f38951a6
2026-08-16 03:49:35.052989,96.699,8,1g.11gb,,,,580.173.02,GPU-d59cb1c4-ad97-d91a-6731-e7b5f38951a6
2026-08-16 03:49:35.052989,96.422,9,1g.11gb,yolo-inference-755b67b9bb-nz54p,default,yolo,580.173.02,GPU-d59cb1c4-ad97-d91a-6731-e7b5f38951a6
2026-08-16 03:49:40.054129,96.471,10,1g.11gb,yolo-inference-755b67b9bb-cf854,default,yolo,580.173.02,GPU-d59cb1c4-ad97-d91a-6731-e7b5f38951a6
2026-08-16 03:49:40.054129,96.422,11,1g.11gb,yolo-inference-755b67b9bb-cgztg,default,yolo,580.173.02,GPU-d59cb1c4-ad97-d91a-6731-e7b5f38951a6
2026-08-16 03:49:40.054129,96.699,12,1g.11gb,yolo-inference-755b67b9bb-g6r55,default,yolo,580.173.02,GPU-d59cb1c4-ad97-d91a-6731-e7b5f38951a6
2026-08-16 03:49:40.054129,96.45,13,1g.11gb,,,,580.173.02,GPU-d59cb1c4-ad97-d91a-6731-e7b5f38951a6
2026-08-16 03:49:40.054129,96.677,7,1g.11gb,yolo-inference-755b67b9bb-6qhhl,default,yolo,580.173.02,GPU-d59cb1c4-ad97-d91a-6731-e7b5f38951a6
2026-08-16 03:49:40.054129,96.699,8,1g.11gb,,,,580.173.02,GPU-d59cb1c4-ad97-d91a-6731-e7b5f38951a6
2026-08-16 03:49:40.054129,96.422,9,1g.11gb,yolo-inference-755b67b9bb-nz54p,default,yolo,580.173.02,GPU-d59cb1c4-ad97-d91a-6731-e7b5f38951a6
2026-08-16 03:49:45.055987,96.471,10,1g.11gb,yolo-inference-755b67b9bb-cf854,default,yolo,580.173.02,GPU-d59cb1c4-ad97-d91a-6731-e7b5f38951a6
2026-08-16 03:49:45.055987,96.422,11,1g.11gb,yolo-inference-755b67b9bb-cgztg,default,yolo,580.173.02,GPU-d59cb1c4-ad97-d91a-6731-e7b5f38951a6
2026-08-16 03:49:45.055987,96.699,12,1g.11gb,yolo-inference-755b67b9bb-g6r55,default,yolo,580.173.02,GPU-d59cb1c4-ad97-d91a-6731-e7b5f38951a6
2026-08-16 03:49:45.055987,96.45,13,1g.11gb,,,,580.173.02,GPU-d59cb1c4-ad97-d91a-6731-e7b5f38951a6
2026-08-16 03:49:45.055987,96.677,7,1g.11gb,yolo-inference-755b67b9bb-6qhhl,default,yolo,580.173.02,GPU-d59cb1c4-ad97-d91a-6731-e7b5f38951a6
2026-08-16 03:49:45.055987,96.699,8,1g.11gb,,,,580.173.02,GPU-d59cb1c4-ad97-d91a-6731-e7b5f38951a6
2026-08-16 03:49:45.055987,96.422,9,1g.11gb,yolo-inference-755b67b9bb-nz54p,default,yolo,580.173.02,GPU-d59cb1c4-ad97-d91a-6731-e7b5f38951a6
2026-08-16 03:49:50.056000,96.466,10,1g.11gb,yolo-inference-755b67b9bb-cf854,default,yolo,580.173.02,GPU-d59cb1c4-ad97-d91a-6731-e7b5f38951a6
2026-08-16 03:49:50.056000,96.422,11,1g.11gb,yolo-inference-755b67b9bb-cgztg,default,yolo,580.173.02,GPU-d59cb1c4-ad97-d91a-6731-e7b5f38951a6
2026-08-16 03:49:50.056000,96.699,12,1g.11gb,yolo-inference-755b67b9bb-g6r55,default,yolo,580.173.02,GPU-d59cb1c4-ad97-d91a-6731-e7b5f38951a6
2026-08-16 03:49:50.056000,96.45,13,1g.11gb,,,,580.173.02,GPU-d59cb1c4-ad97-d91a-6731-e7b5f38951a6
2026-08-16 03:49:50.056000,96.677,7,1g.11gb,yolo-inference-755b67b9bb-6qhhl,default,yolo,580.173.02,GPU-d59cb1c4-ad97-d91a-6731-e7b5f38951a6
2026-08-16 03:49:50.056000,96.699,8,1g.11gb,,,,580.173.02,GPU-d59cb1c4-ad97-d91a-6731-e7b5f38951a6
2026-08-16 03:49:50.056000,96.422,9,1g.11gb,yolo-inference-755b67b9bb-nz54p,default,yolo,580.173.02,GPU-d59cb1c4-ad97-d91a-6731-e7b5f38951a6
2026-08-16 03:49:55.055972,96.466,10,1g.11gb,yolo-inference-755b67b9bb-cf854,default,yolo,580.173.02,GPU-d59cb1c4-ad97-d91a-6731-e7b5f38951a6
2026-08-16 03:49:55.055972,96.48,11,1g.11gb,yolo-inference-755b67b9bb-cgztg,default,yolo,580.173.02,GPU-d59cb1c4-ad97-d91a-6731-e7b5f38951a6
2026-08-16 03:49:55.055972,96.369,12,1g.11gb,yolo-inference-755b67b9bb-g6r55,default,yolo,580.173.02,GPU-d59cb1c4-ad97-d91a-6731-e7b5f38951a6
2026-08-16 03:49:55.055972,96.486,13,1g.11gb,,,,580.173.02,GPU-d59cb1c4-ad97-d91a-6731-e7b5f38951a6
2026-08-16 03:49:55.055972,96.441,7,1g.11gb,yolo-inference-755b67b9bb-6qhhl,default,yolo,580.173.02,GPU-d59cb1c4-ad97-d91a-6731-e7b5f38951a6
2026-08-16 03:49:55.055972,96.369,8,1g.11gb,,,,580.173.02,GPU-d59cb1c4-ad97-d91a-6731-e7b5f38951a6
2026-08-16 03:49:55.055972,96.48,9,1g.11gb,yolo-inference-755b67b9bb-nz54p,default,yolo,580.173.02,GPU-d59cb1c4-ad97-d91a-6731-e7b5f38951a6
2026-08-16 03:50:00.056004,96.466,10,1g.11gb,yolo-inference-755b67b9bb-cf854,default,yolo,580.173.02,GPU-d59cb1c4-ad97-d91a-6731-e7b5f38951a6
2026-08-16 03:50:00.056004,96.48,11,1g.11gb,yolo-inference-755b67b9bb-cgztg,default,yolo,580.173.02,GPU-d59cb1c4-ad97-d91a-6731-e7b5f38951a6
2026-08-16 03:50:00.056004,96.369,12,1g.11gb,yolo-inference-755b67b9bb-g6r55,default,yolo,580.173.02,GPU-d59cb1c4-ad97-d91a-6731-e7b5f38951a6
2026-08-16 03:50:00.056004,96.486,13,1g.11gb,,,,580.173.02,GPU-d59cb1c4-ad97-d91a-6731-e7b5f38951a6
2026-08-16 03:50:00.056004,96.441,7,1g.11gb,yolo-inference-755b67b9bb-6qhhl,default,yolo,580.173.02,GPU-d59cb1c4-ad97-d91a-6731-e7b5f38951a6
2026-08-16 03:50:00.056004,96.369,8,1g.11gb,,,,580.173.02,GPU-d59cb1c4-ad97-d91a-6731-e7b5f38951a6
2026-08-16 03:50:00.056004,96.48,9,1g.11gb,yolo-inference-755b67b9bb-nz54p,default,yolo,580.173.02,GPU-d59cb1c4-ad97-d91a-6731-e7b5f38951a6
2026-08-16 03:50:05.055668,96.466,10,1g.11gb,yolo-inference-755b67b9bb-cf854,default,yolo,580.173.02,GPU-d59cb1c4-ad97-d91a-6731-e7b5f38951a6
2026-08-16 03:50:05.055668,96.48,11,1g.11gb,yolo-inference-755b67b9bb-cgztg,default,yolo,580.173.02,GPU-d59cb1c4-ad97-d91a-6731-e7b5f38951a6
2026-08-16 03:50:05.055668,96.369,12,1g.11gb,yolo-inference-755b67b9bb-g6r55,default,yolo,580.173.02,GPU-d59cb1c4-ad97-d91a-6731-e7b5f38951a6
2026-08-16 03:50:05.055668,96.486,13,1g.11gb,,,,580.173.02,GPU-d59cb1c4-ad97-d91a-6731-e7b5f38951a6
2026-08-16 03:50:05.055668,96.441,7,1g.11gb,yolo-inference-755b67b9bb-6qhhl,default,yolo,580.173.02,GPU-d59cb1c4-ad97-d91a-6731-e7b5f38951a6
2026-08-16 03:50:05.055668,96.369,8,1g.11gb,,,,580.173.02,GPU-d59cb1c4-ad97-d91a-6731-e7b5f38951a6
2026-08-16 03:50:05.055668,96.48,9,1g.11gb,yolo-inference-755b67b9bb-nz54p,default,yolo,580.173.02,GPU-d59cb1c4-ad97-d91a-6731-e7b5f38951a6
2026-08-16 03:50:10.055981,96.466,10,1g.11gb,yolo-inference-755b67b9bb-cf854,default,yolo,580.173.02,GPU-d59cb1c4-ad97-d91a-6731-e7b5f38951a6
2026-08-16 03:50:10.055981,96.48,11,1g.11gb,yolo-inference-755b67b9bb-cgztg,default,yolo,580.173.02,GPU-d59cb1c4-ad97-d91a-6731-e7b5f38951a6
2026-08-16 03:50:10.055981,96.369,12,1g.11gb,yolo-inference-755b67b9bb-g6r55,default,yolo,580.173.02,GPU-d59cb1c4-ad97-d91a-6731-e7b5f38951a6
2026-08-16 03:50:10.055981,96.486,13,1g.11gb,,,,580.173.02,GPU-d59cb1c4-ad97-d91a-6731-e7b5f38951a6
2026-08-16 03:50:10.055981,96.441,7,1g.11gb,yolo-inference-755b67b9bb-6qhhl,default,yolo,580.173.02,GPU-d59cb1c4-ad97-d91a-6731-e7b5f38951a6
2026-08-16 03:50:10.055981,96.369,8,1g.11gb,,,,580.173.02,GPU-d59cb1c4-ad97-d91a-6731-e7b5f38951a6
2026-08-16 03:50:10.055981,96.48,9,1g.11gb,yolo-inference-755b67b9bb-nz54p,default,yolo,580.173.02,GPU-d59cb1c4-ad97-d91a-6731-e7b5f38951a6
2026-08-16 03:50:15.052873,96.466,10,1g.11gb,yolo-inference-755b67b9bb-cf854,default,yolo,580.173.02,GPU-d59cb1c4-ad97-d91a-6731-e7b5f38951a6
2026-08-16 03:50:15.052873,96.48,11,1g.11gb,yolo-inference-755b67b9bb-cgztg,default,yolo,580.173.02,GPU-d59cb1c4-ad97-d91a-6731-e7b5f38951a6
2026-08-16 03:50:15.052873,96.369,12,1g.11gb,yolo-inference-755b67b9bb-g6r55,default,yolo,580.173.02,GPU-d59cb1c4-ad97-d91a-6731-e7b5f38951a6
2026-08-16 03:50:15.052873,96.486,13,1g.11gb,,,,580.173.02,GPU-d59cb1c4-ad97-d91a-6731-e7b5f38951a6
2026-08-16 03:50:15.052873,96.441,7,1g.11gb,yolo-inference-755b67b9bb-6qhhl,default,yolo,580.173.02,GPU-d59cb1c4-ad97-d91a-6731-e7b5f38951a6
2026-08-16 03:50:15.052873,96.369,8,1g.11gb,,,,580.173.02,GPU-d59cb1c4-ad97-d91a-6731-e7b5f38951a6
2026-08-16 03:50:15.052873,96.48,9,1g.11gb,yolo-inference-755b67b9bb-nz54p,default,yolo,580.173.02,GPU-d59cb1c4-ad97-d91a-6731-e7b5f38951a6
2026-08-16 03:50:20.056037,96.571,10,1g.11gb,yolo-inference-755b67b9bb-cf854,default,yolo,580.173.02,GPU-d59cb1c4-ad97-d91a-6731-e7b5f38951a6
2026-08-16 03:50:20.056037,96.48,11,1g.11gb,yolo-inference-755b67b9bb-cgztg,default,yolo,580.173.02,GPU-d59cb1c4-ad97-d91a-6731-e7b5f38951a6
2026-08-16 03:50:20.056037,96.369,12,1g.11gb,yolo-inference-755b67b9bb-g6r55,default,yolo,580.173.02,GPU-d59cb1c4-ad97-d91a-6731-e7b5f38951a6
2026-08-16 03:50:20.056037,96.486,13,1g.11gb,,,,580.173.02,GPU-d59cb1c4-ad97-d91a-6731-e7b5f38951a6
2026-08-16 03:50:20.056037,96.441,7,1g.11gb,yolo-inference-755b67b9bb-6qhhl,default,yolo,580.173.02,GPU-d59cb1c4-ad97-d91a-6731-e7b5f38951a6
2026-08-16 03:50:20.056037,96.369,8,1g.11gb,,,,580.173.02,GPU-d59cb1c4-ad97-d91a-6731-e7b5f38951a6
2026-08-16 03:50:20.056037,96.48,9,1g.11gb,yolo-inference-755b67b9bb-nz54p,default,yolo,580.173.02,GPU-d59cb1c4-ad97-d91a-6731-e7b5f38951a6
2026-08-16 03:50:25.056029,96.571,10,1g.11gb,yolo-inference-755b67b9bb-cf854,default,yolo,580.173.02,GPU-d59cb1c4-ad97-d91a-6731-e7b5f38951a6
2026-08-16 03:50:25.056029,96.479,11,1g.11gb,yolo-inference-755b67b9bb-cgztg,default,yolo,580.173.02,GPU-d59cb1c4-ad97-d91a-6731-e7b5f38951a6
2026-08-16 03:50:25.056029,96.449,12,1g.11gb,yolo-inference-755b67b9bb-g6r55,default,yolo,580.173.02,GPU-d59cb1c4-ad97-d91a-6731-e7b5f38951a6
2026-08-16 03:50:25.056029,96.438,13,1g.11gb,,,,580.173.02,GPU-d59cb1c4-ad97-d91a-6731-e7b5f38951a6
2026-08-16 03:50:25.056029,96.323,7,1g.11gb,yolo-inference-755b67b9bb-6qhhl,default,yolo,580.173.02,GPU-d59cb1c4-ad97-d91a-6731-e7b5f38951a6
2026-08-16 03:50:25.056029,96.449,8,1g.11gb,,,,580.173.02,GPU-d59cb1c4-ad97-d91a-6731-e7b5f38951a6
2026-08-16 03:50:25.056029,96.479,9,1g.11gb,yolo-inference-755b67b9bb-nz54p,default,yolo,580.173.02,GPU-d59cb1c4-ad97-d91a-6731-e7b5f38951a6
2026-08-16 03:50:30.052246,96.571,10,1g.11gb,yolo-inference-755b67b9bb-cf854,default,yolo,580.173.02,GPU-d59cb1c4-ad97-d91a-6731-e7b5f38951a6
2026-08-16 03:50:30.052246,96.479,11,1g.11gb,yolo-inference-755b67b9bb-cgztg,default,yolo,580.173.02,GPU-d59cb1c4-ad97-d91a-6731-e7b5f38951a6
2026-08-16 03:50:30.052246,96.449,12,1g.11gb,yolo-inference-755b67b9bb-g6r55,default,yolo,580.173.02,GPU-d59cb1c4-ad97-d91a-6731-e7b5f38951a6
2026-08-16 03:50:30.052246,96.438,13,1g.11gb,,,,580.173.02,GPU-d59cb1c4-ad97-d91a-6731-e7b5f38951a6
2026-08-16 03:50:30.052246,96.323,7,1g.11gb,yolo-inference-755b67b9bb-6qhhl,default,yolo,580.173.02,GPU-d59cb1c4-ad97-d91a-6731-e7b5f38951a6
2026-08-16 03:50:30.052246,96.449,8,1g.11gb,,,,580.173.02,GPU-d59cb1c4-ad97-d91a-6731-e7b5f38951a6
2026-08-16 03:50:30.052246,96.479,9,1g.11gb,yolo-inference-755b67b9bb-nz54p,default,yolo,580.173.02,GPU-d59cb1c4-ad97-d91a-6731-e7b5f38951a6
2026-08-16 03:50:35.055973,96.571,10,1g.11gb,yolo-inference-755b67b9bb-cf854,default,yolo,580.173.02,GPU-d59cb1c4-ad97-d91a-6731-e7b5f38951a6
2026-08-16 03:50:35.055973,96.479,11,1g.11gb,yolo-inference-755b67b9bb-cgztg,default,yolo,580.173.02,GPU-d59cb1c4-ad97-d91a-6731-e7b5f38951a6
2026-08-16 03:50:35.055973,96.449,12,1g.11gb,yolo-inference-755b67b9bb-g6r55,default,yolo,580.173.02,GPU-d59cb1c4-ad97-d91a-6731-e7b5f38951a6
2026-08-16 03:50:35.055973,96.438,13,1g.11gb,,,,580.173.02,GPU-d59cb1c4-ad97-d91a-6731-e7b5f38951a6
2026-08-16 03:50:35.055973,96.323,7,1g.11gb,yolo-inference-755b67b9bb-6qhhl,default,yolo,580.173.02,GPU-d59cb1c4-ad97-d91a-6731-e7b5f38951a6
2026-08-16 03:50:35.055973,96.449,8,1g.11gb,,,,580.173.02,GPU-d59cb1c4-ad97-d91a-6731-e7b5f38951a6
2026-08-16 03:50:35.055973,96.479,9,1g.11gb,yolo-inference-755b67b9bb-nz54p,default,yolo,580.173.02,GPU-d59cb1c4-ad97-d91a-6731-e7b5f38951a6
2026-08-16 03:50:40.055930,96.571,10,1g.11gb,yolo-inference-755b67b9bb-cf854,default,yolo,580.173.02,GPU-d59cb1c4-ad97-d91a-6731-e7b5f38951a6
2026-08-16 03:50:40.055930,96.479,11,1g.11gb,yolo-inference-755b67b9bb-cgztg,default,yolo,580.173.02,GPU-d59cb1c4-ad97-d91a-6731-e7b5f38951a6
2026-08-16 03:50:40.055930,96.449,12,1g.11gb,yolo-inference-755b67b9bb-g6r55,default,yolo,580.173.02,GPU-d59cb1c4-ad97-d91a-6731-e7b5f38951a6
2026-08-16 03:50:40.055930,96.438,13,1g.11gb,,,,580.173.02,GPU-d59cb1c4-ad97-d91a-6731-e7b5f38951a6
2026-08-16 03:50:40.055930,96.323,7,1g.11gb,yolo-inference-755b67b9bb-6qhhl,default,yolo,580.173.02,GPU-d59cb1c4-ad97-d91a-6731-e7b5f38951a6
2026-08-16 03:50:40.055930,96.449,8,1g.11gb,,,,580.173.02,GPU-d59cb1c4-ad97-d91a-6731-e7b5f38951a6
2026-08-16 03:50:40.055930,96.479,9,1g.11gb,yolo-inference-755b67b9bb-nz54p,default,yolo,580.173.02,GPU-d59cb1c4-ad97-d91a-6731-e7b5f38951a6
2026-08-16 03:50:45.054016,96.571,10,1g.11gb,yolo-inference-755b67b9bb-cf854,default,yolo,580.173.02,GPU-d59cb1c4-ad97-d91a-6731-e7b5f38951a6
2026-08-16 03:50:45.054016,96.479,11,1g.11gb,yolo-inference-755b67b9bb-cgztg,default,yolo,580.173.02,GPU-d59cb1c4-ad97-d91a-6731-e7b5f38951a6
2026-08-16 03:50:45.054016,96.449,12,1g.11gb,yolo-inference-755b67b9bb-g6r55,default,yolo,580.173.02,GPU-d59cb1c4-ad97-d91a-6731-e7b5f38951a6
2026-08-16 03:50:45.054016,96.438,13,1g.11gb,,,,580.173.02,GPU-d59cb1c4-ad97-d91a-6731-e7b5f38951a6
2026-08-16 03:50:45.054016,96.323,7,1g.11gb,yolo-inference-755b67b9bb-6qhhl,default,yolo,580.173.02,GPU-d59cb1c4-ad97-d91a-6731-e7b5f38951a6
2026-08-16 03:50:45.054016,96.449,8,1g.11gb,,,,580.173.02,GPU-d59cb1c4-ad97-d91a-6731-e7b5f38951a6
2026-08-16 03:50:45.054016,96.479,9,1g.11gb,yolo-inference-755b67b9bb-nz54p,default,yolo,580.173.02,GPU-d59cb1c4-ad97-d91a-6731-e7b5f38951a6
2026-08-16 03:50:50.055983,96.557,10,1g.11gb,yolo-inference-755b67b9bb-cf854,default,yolo,580.173.02,GPU-d59cb1c4-ad97-d91a-6731-e7b5f38951a6
2026-08-16 03:50:50.055983,96.479,11,1g.11gb,yolo-inference-755b67b9bb-cgztg,default,yolo,580.173.02,GPU-d59cb1c4-ad97-d91a-6731-e7b5f38951a6
2026-08-16 03:50:50.055983,96.449,12,1g.11gb,yolo-inference-755b67b9bb-g6r55,default,yolo,580.173.02,GPU-d59cb1c4-ad97-d91a-6731-e7b5f38951a6
2026-08-16 03:50:50.055983,96.438,13,1g.11gb,,,,580.173.02,GPU-d59cb1c4-ad97-d91a-6731-e7b5f38951a6
2026-08-16 03:50:50.055983,96.323,7,1g.11gb,yolo-inference-755b67b9bb-6qhhl,default,yolo,580.173.02,GPU-d59cb1c4-ad97-d91a-6731-e7b5f38951a6
2026-08-16 03:50:50.055983,96.449,8,1g.11gb,,,,580.173.02,GPU-d59cb1c4-ad97-d91a-6731-e7b5f38951a6
2026-08-16 03:50:50.055983,96.479,9,1g.11gb,yolo-inference-755b67b9bb-nz54p,default,yolo,580.173.02,GPU-d59cb1c4-ad97-d91a-6731-e7b5f38951a6
2026-08-16 03:50:55.052937,96.557,10,1g.11gb,yolo-inference-755b67b9bb-cf854,default,yolo,580.173.02,GPU-d59cb1c4-ad97-d91a-6731-e7b5f38951a6
2026-08-16 03:50:55.052937,96.484,11,1g.11gb,yolo-inference-755b67b9bb-cgztg,default,yolo,580.173.02,GPU-d59cb1c4-ad97-d91a-6731-e7b5f38951a6
2026-08-16 03:50:55.052937,96.556,12,1g.11gb,yolo-inference-755b67b9bb-g6r55,default,yolo,580.173.02,GPU-d59cb1c4-ad97-d91a-6731-e7b5f38951a6
2026-08-16 03:50:55.052937,96.481,13,1g.11gb,,,,580.173.02,GPU-d59cb1c4-ad97-d91a-6731-e7b5f38951a6
2026-08-16 03:50:55.052937,96.484,7,1g.11gb,yolo-inference-755b67b9bb-6qhhl,default,yolo,580.173.02,GPU-d59cb1c4-ad97-d91a-6731-e7b5f38951a6
2026-08-16 03:50:55.052937,96.598,8,1g.11gb,,,,580.173.02,GPU-d59cb1c4-ad97-d91a-6731-e7b5f38951a6
2026-08-16 03:50:55.052937,96.484,9,1g.11gb,yolo-inference-755b67b9bb-nz54p,default,yolo,580.173.02,GPU-d59cb1c4-ad97-d91a-6731-e7b5f38951a6
2026-08-16 03:51:00.053671,96.557,10,1g.11gb,yolo-inference-755b67b9bb-cf854,default,yolo,580.173.02,GPU-d59cb1c4-ad97-d91a-6731-e7b5f38951a6
2026-08-16 03:51:00.053671,96.484,11,1g.11gb,yolo-inference-755b67b9bb-cgztg,default,yolo,580.173.02,GPU-d59cb1c4-ad97-d91a-6731-e7b5f38951a6
2026-08-16 03:51:00.053671,96.556,12,1g.11gb,yolo-inference-755b67b9bb-g6r55,default,yolo,580.173.02,GPU-d59cb1c4-ad97-d91a-6731-e7b5f38951a6
2026-08-16 03:51:00.053671,96.481,13,1g.11gb,,,,580.173.02,GPU-d59cb1c4-ad97-d91a-6731-e7b5f38951a6
2026-08-16 03:51:00.053671,96.484,7,1g.11gb,yolo-inference-755b67b9bb-6qhhl,default,yolo,580.173.02,GPU-d59cb1c4-ad97-d91a-6731-e7b5f38951a6
2026-08-16 03:51:00.053671,96.598,8,1g.11gb,,,,580.173.02,GPU-d59cb1c4-ad97-d91a-6731-e7b5f38951a6
2026-08-16 03:51:00.053671,96.484,9,1g.11gb,yolo-inference-755b67b9bb-nz54p,default,yolo,580.173.02,GPU-d59cb1c4-ad97-d91a-6731-e7b5f38951a6
2026-08-16 03:51:05.055980,96.557,10,1g.11gb,yolo-inference-755b67b9bb-cf854,default,yolo,580.173.02,GPU-d59cb1c4-ad97-d91a-6731-e7b5f38951a6
2026-08-16 03:51:05.055980,96.484,11,1g.11gb,yolo-inference-755b67b9bb-cgztg,default,yolo,580.173.02,GPU-d59cb1c4-ad97-d91a-6731-e7b5f38951a6
2026-08-16 03:51:05.055980,96.556,12,1g.11gb,yolo-inference-755b67b9bb-g6r55,default,yolo,580.173.02,GPU-d59cb1c4-ad97-d91a-6731-e7b5f38951a6
2026-08-16 03:51:05.055980,96.481,13,1g.11gb,,,,580.173.02,GPU-d59cb1c4-ad97-d91a-6731-e7b5f38951a6
2026-08-16 03:51:05.055980,96.484,7,1g.11gb,yolo-inference-755b67b9bb-6qhhl,default,yolo,580.173.02,GPU-d59cb1c4-ad97-d91a-6731-e7b5f38951a6
2026-08-16 03:51:05.055980,96.598,8,1g.11gb,,,,580.173.02,GPU-d59cb1c4-ad97-d91a-6731-e7b5f38951a6
2026-08-16 03:51:05.055980,96.484,9,1g.11gb,yolo-inference-755b67b9bb-nz54p,default,yolo,580.173.02,GPU-d59cb1c4-ad97-d91a-6731-e7b5f38951a6
2026-08-16 03:51:10.055993,96.557,10,1g.11gb,yolo-inference-755b67b9bb-cf854,default,yolo,580.173.02,GPU-d59cb1c4-ad97-d91a-6731-e7b5f38951a6
2026-08-16 03:51:10.055993,96.484,11,1g.11gb,yolo-inference-755b67b9bb-cgztg,default,yolo,580.173.02,GPU-d59cb1c4-ad97-d91a-6731-e7b5f38951a6
2026-08-16 03:51:10.055993,96.556,12,1g.11gb,yolo-inference-755b67b9bb-g6r55,default,yolo,580.173.02,GPU-d59cb1c4-ad97-d91a-6731-e7b5f38951a6
2026-08-16 03:51:10.055993,96.481,13,1g.11gb,,,,580.173.02,GPU-d59cb1c4-ad97-d91a-6731-e7b5f38951a6
2026-08-16 03:51:10.055993,96.484,7,1g.11gb,yolo-inference-755b67b9bb-6qhhl,default,yolo,580.173.02,GPU-d59cb1c4-ad97-d91a-6731-e7b5f38951a6
2026-08-16 03:51:10.055993,96.598,8,1g.11gb,,,,580.173.02,GPU-d59cb1c4-ad97-d91a-6731-e7b5f38951a6
2026-08-16 03:51:10.055993,96.484,9,1g.11gb,yolo-inference-755b67b9bb-nz54p,default,yolo,580.173.02,GPU-d59cb1c4-ad97-d91a-6731-e7b5f38951a6
2026-08-16 03:51:15.055999,96.557,10,1g.11gb,yolo-inference-755b67b9bb-cf854,default,yolo,580.173.02,GPU-d59cb1c4-ad97-d91a-6731-e7b5f38951a6
2026-08-16 03:51:15.055999,96.484,11,1g.11gb,yolo-inference-755b67b9bb-cgztg,default,yolo,580.173.02,GPU-d59cb1c4-ad97-d91a-6731-e7b5f38951a6
2026-08-16 03:51:15.055999,96.556,12,1g.11gb,yolo-inference-755b67b9bb-g6r55,default,yolo,580.173.02,GPU-d59cb1c4-ad97-d91a-6731-e7b5f38951a6
2026-08-16 03:51:15.055999,96.481,13,1g.11gb,,,,580.173.02,GPU-d59cb1c4-ad97-d91a-6731-e7b5f38951a6
2026-08-16 03:51:15.055999,96.484,7,1g.11gb,yolo-inference-755b67b9bb-6qhhl,default,yolo,580.173.02,GPU-d59cb1c4-ad97-d91a-6731-e7b5f38951a6
2026-08-16 03:51:15.055999,96.598,8,1g.11gb,,,,580.173.02,GPU-d59cb1c4-ad97-d91a-6731-e7b5f38951a6
2026-08-16 03:51:15.055999,96.484,9,1g.11gb,yolo-inference-755b67b9bb-nz54p,default,yolo,580.173.02,GPU-d59cb1c4-ad97-d91a-6731-e7b5f38951a6
2026-08-16 03:51:20.055999,96.636,10,1g.11gb,yolo-inference-755b67b9bb-cf854,default,yolo,580.173.02,GPU-d59cb1c4-ad97-d91a-6731-e7b5f38951a6
2026-08-16 03:51:20.055999,96.484,11,1g.11gb,yolo-inference-755b67b9bb-cgztg,default,yolo,580.173.02,GPU-d59cb1c4-ad97-d91a-6731-e7b5f38951a6
2026-08-16 03:51:20.055999,96.556,12,1g.11gb,yolo-inference-755b67b9bb-g6r55,default,yolo,580.173.02,GPU-d59cb1c4-ad97-d91a-6731-e7b5f38951a6
2026-08-16 03:51:20.055999,96.481,13,1g.11gb,,,,580.173.02,GPU-d59cb1c4-ad97-d91a-6731-e7b5f38951a6
2026-08-16 03:51:20.055999,96.484,7,1g.11gb,yolo-inference-755b67b9bb-6qhhl,default,yolo,580.173.02,GPU-d59cb1c4-ad97-d91a-6731-e7b5f38951a6
2026-08-16 03:51:20.055999,96.598,8,1g.11gb,,,,580.173.02,GPU-d59cb1c4-ad97-d91a-6731-e7b5f38951a6
2026-08-16 03:51:20.055999,96.484,9,1g.11gb,yolo-inference-755b67b9bb-nz54p,default,yolo,580.173.02,GPU-d59cb1c4-ad97-d91a-6731-e7b5f38951a6
2026-08-16 03:51:25.055985,96.636,10,1g.11gb,yolo-inference-755b67b9bb-cf854,default,yolo,580.173.02,GPU-d59cb1c4-ad97-d91a-6731-e7b5f38951a6
2026-08-16 03:51:25.055985,96.479,11,1g.11gb,yolo-inference-755b67b9bb-cgztg,default,yolo,580.173.02,GPU-d59cb1c4-ad97-d91a-6731-e7b5f38951a6
2026-08-16 03:51:25.055985,96.548,12,1g.11gb,yolo-inference-755b67b9bb-g6r55,default,yolo,580.173.02,GPU-d59cb1c4-ad97-d91a-6731-e7b5f38951a6
2026-08-16 03:51:25.055985,96.49,13,1g.11gb,,,,580.173.02,GPU-d59cb1c4-ad97-d91a-6731-e7b5f38951a6
2026-08-16 03:51:25.055985,96.655,7,1g.11gb,yolo-inference-755b67b9bb-6qhhl,default,yolo,580.173.02,GPU-d59cb1c4-ad97-d91a-6731-e7b5f38951a6
2026-08-16 03:51:25.055985,96.627,8,1g.11gb,,,,580.173.02,GPU-d59cb1c4-ad97-d91a-6731-e7b5f38951a6
2026-08-16 03:51:25.055985,96.479,9,1g.11gb,yolo-inference-755b67b9bb-nz54p,default,yolo,580.173.02,GPU-d59cb1c4-ad97-d91a-6731-e7b5f38951a6
2026-08-16 03:51:30.052310,96.636,10,1g.11gb,yolo-inference-755b67b9bb-cf854,default,yolo,580.173.02,GPU-d59cb1c4-ad97-d91a-6731-e7b5f38951a6
2026-08-16 03:51:30.052310,96.479,11,1g.11gb,yolo-inference-755b67b9bb-cgztg,default,yolo,580.173.02,GPU-d59cb1c4-ad97-d91a-6731-e7b5f38951a6
2026-08-16 03:51:30.052310,96.548,12,1g.11gb,yolo-inference-755b67b9bb-g6r55,default,yolo,580.173.02,GPU-d59cb1c4-ad97-d91a-6731-e7b5f38951a6
2026-08-16 03:51:30.052310,96.49,13,1g.11gb,,,,580.173.02,GPU-d59cb1c4-ad97-d91a-6731-e7b5f38951a6
2026-08-16 03:51:30.052310,96.655,7,1g.11gb,yolo-inference-755b67b9bb-6qhhl,default,yolo,580.173.02,GPU-d59cb1c4-ad97-d91a-6731-e7b5f38951a6
2026-08-16 03:51:30.052310,96.627,8,1g.11gb,,,,580.173.02,GPU-d59cb1c4-ad97-d91a-6731-e7b5f38951a6
2026-08-16 03:51:30.052310,96.479,9,1g.11gb,yolo-inference-755b67b9bb-nz54p,default,yolo,580.173.02,GPU-d59cb1c4-ad97-d91a-6731-e7b5f38951a6
2026-08-16 03:51:35.053585,96.636,10,1g.11gb,yolo-inference-755b67b9bb-cf854,default,yolo,580.173.02,GPU-d59cb1c4-ad97-d91a-6731-e7b5f38951a6
2026-08-16 03:51:35.053585,96.479,11,1g.11gb,yolo-inference-755b67b9bb-cgztg,default,yolo,580.173.02,GPU-d59cb1c4-ad97-d91a-6731-e7b5f38951a6
2026-08-16 03:51:35.053585,96.548,12,1g.11gb,yolo-inference-755b67b9bb-g6r55,default,yolo,580.173.02,GPU-d59cb1c4-ad97-d91a-6731-e7b5f38951a6
2026-08-16 03:51:35.053585,96.49,13,1g.11gb,,,,580.173.02,GPU-d59cb1c4-ad97-d91a-6731-e7b5f38951a6
2026-08-16 03:51:35.053585,96.655,7,1g.11gb,yolo-inference-755b67b9bb-6qhhl,default,yolo,580.173.02,GPU-d59cb1c4-ad97-d91a-6731-e7b5f38951a6
2026-08-16 03:51:35.053585,96.627,8,1g.11gb,,,,580.173.02,GPU-d59cb1c4-ad97-d91a-6731-e7b5f38951a6
2026-08-16 03:51:35.053585,96.479,9,1g.11gb,yolo-inference-755b67b9bb-nz54p,default,yolo,580.173.02,GPU-d59cb1c4-ad97-d91a-6731-e7b5f38951a6
2026-08-16 03:51:40.056022,96.636,10,1g.11gb,yolo-inference-755b67b9bb-cf854,default,yolo,580.173.02,GPU-d59cb1c4-ad97-d91a-6731-e7b5f38951a6
2026-08-16 03:51:40.056022,96.479,11,1g.11gb,yolo-inference-755b67b9bb-cgztg,default,yolo,580.173.02,GPU-d59cb1c4-ad97-d91a-6731-e7b5f38951a6
2026-08-16 03:51:40.056022,96.548,12,1g.11gb,yolo-inference-755b67b9bb-g6r55,default,yolo,580.173.02,GPU-d59cb1c4-ad97-d91a-6731-e7b5f38951a6
2026-08-16 03:51:40.056022,96.49,13,1g.11gb,,,,580.173.02,GPU-d59cb1c4-ad97-d91a-6731-e7b5f38951a6
2026-08-16 03:51:40.056022,96.655,7,1g.11gb,yolo-inference-755b67b9bb-6qhhl,default,yolo,580.173.02,GPU-d59cb1c4-ad97-d91a-6731-e7b5f38951a6
2026-08-16 03:51:40.056022,96.627,8,1g.11gb,,,,580.173.02,GPU-d59cb1c4-ad97-d91a-6731-e7b5f38951a6
2026-08-16 03:51:40.056022,96.479,9,1g.11gb,yolo-inference-755b67b9bb-nz54p,default,yolo,580.173.02,GPU-d59cb1c4-ad97-d91a-6731-e7b5f38951a6
2026-08-16 03:51:45.056018,96.636,10,1g.11gb,yolo-inference-755b67b9bb-cf854,default,yolo,580.173.02,GPU-d59cb1c4-ad97-d91a-6731-e7b5f38951a6
2026-08-16 03:51:45.056018,96.479,11,1g.11gb,yolo-inference-755b67b9bb-cgztg,default,yolo,580.173.02,GPU-d59cb1c4-ad97-d91a-6731-e7b5f38951a6
2026-08-16 03:51:45.056018,96.548,12,1g.11gb,yolo-inference-755b67b9bb-g6r55,default,yolo,580.173.02,GPU-d59cb1c4-ad97-d91a-6731-e7b5f38951a6
2026-08-16 03:51:45.056018,96.49,13,1g.11gb,,,,580.173.02,GPU-d59cb1c4-ad97-d91a-6731-e7b5f38951a6
2026-08-16 03:51:45.056018,96.655,7,1g.11gb,yolo-inference-755b67b9bb-6qhhl,default,yolo,580.173.02,GPU-d59cb1c4-ad97-d91a-6731-e7b5f38951a6
2026-08-16 03:51:45.056018,96.627,8,1g.11gb,,,,580.173.02,GPU-d59cb1c4-ad97-d91a-6731-e7b5f38951a6
2026-08-16 03:51:45.056018,96.479,9,1g.11gb,yolo-inference-755b67b9bb-nz54p,default,yolo,580.173.02,GPU-d59cb1c4-ad97-d91a-6731-e7b5f38951a6
2026-08-16 03:51:50.056007,96.691,10,1g.11gb,yolo-inference-755b67b9bb-cf854,default,yolo,580.173.02,GPU-d59cb1c4-ad97-d91a-6731-e7b5f38951a6
2026-08-16 03:51:50.056007,96.479,11,1g.11gb,yolo-inference-755b67b9bb-cgztg,default,yolo,580.173.02,GPU-d59cb1c4-ad97-d91a-6731-e7b5f38951a6
2026-08-16 03:51:50.056007,96.548,12,1g.11gb,yolo-inference-755b67b9bb-g6r55,default,yolo,580.173.02,GPU-d59cb1c4-ad97-d91a-6731-e7b5f38951a6
2026-08-16 03:51:50.056007,96.49,13,1g.11gb,,,,580.173.02,GPU-d59cb1c4-ad97-d91a-6731-e7b5f38951a6
2026-08-16 03:51:50.056007,96.655,7,1g.11gb,yolo-inference-755b67b9bb-6qhhl,default,yolo,580.173.02,GPU-d59cb1c4-ad97-d91a-6731-e7b5f38951a6
2026-08-16 03:51:50.056007,96.627,8,1g.11gb,,,,580.173.02,GPU-d59cb1c4-ad97-d91a-6731-e7b5f38951a6
2026-08-16 03:51:50.056007,96.479,9,1g.11gb,yolo-inference-755b67b9bb-nz54p,default,yolo,580.173.02,GPU-d59cb1c4-ad97-d91a-6731-e7b5f38951a6
2026-08-16 03:51:55.055981,96.691,10,1g.11gb,yolo-inference-755b67b9bb-cf854,default,yolo,580.173.02,GPU-d59cb1c4-ad97-d91a-6731-e7b5f38951a6
2026-08-16 03:51:55.055981,96.642,11,1g.11gb,yolo-inference-755b67b9bb-cgztg,default,yolo,580.173.02,GPU-d59cb1c4-ad97-d91a-6731-e7b5f38951a6
2026-08-16 03:51:55.055981,96.619,12,1g.11gb,yolo-inference-755b67b9bb-g6r55,default,yolo,580.173.02,GPU-d59cb1c4-ad97-d91a-6731-e7b5f38951a6
2026-08-16 03:51:55.055981,96.642,13,1g.11gb,,,,580.173.02,GPU-d59cb1c4-ad97-d91a-6731-e7b5f38951a6
2026-08-16 03:51:55.055981,96.539,7,1g.11gb,yolo-inference-755b67b9bb-6qhhl,default,yolo,580.173.02,GPU-d59cb1c4-ad97-d91a-6731-e7b5f38951a6
2026-08-16 03:51:55.055981,96.727,8,1g.11gb,,,,580.173.02,GPU-d59cb1c4-ad97-d91a-6731-e7b5f38951a6
2026-08-16 03:51:55.055981,96.519,9,1g.11gb,yolo-inference-755b67b9bb-nz54p,default,yolo,580.173.02,GPU-d59cb1c4-ad97-d91a-6731-e7b5f38951a6
2026-08-16 03:52:00.055985,96.691,10,1g.11gb,yolo-inference-755b67b9bb-cf854,default,yolo,580.173.02,GPU-d59cb1c4-ad97-d91a-6731-e7b5f38951a6
2026-08-16 03:52:00.055985,96.642,11,1g.11gb,yolo-inference-755b67b9bb-cgztg,default,yolo,580.173.02,GPU-d59cb1c4-ad97-d91a-6731-e7b5f38951a6
2026-08-16 03:52:00.055985,96.619,12,1g.11gb,yolo-inference-755b67b9bb-g6r55,default,yolo,580.173.02,GPU-d59cb1c4-ad97-d91a-6731-e7b5f38951a6
2026-08-16 03:52:00.055985,96.642,13,1g.11gb,,,,580.173.02,GPU-d59cb1c4-ad97-d91a-6731-e7b5f38951a6
2026-08-16 03:52:00.055985,96.539,7,1g.11gb,yolo-inference-755b67b9bb-6qhhl,default,yolo,580.173.02,GPU-d59cb1c4-ad97-d91a-6731-e7b5f38951a6
2026-08-16 03:52:00.055985,96.727,8,1g.11gb,,,,580.173.02,GPU-d59cb1c4-ad97-d91a-6731-e7b5f38951a6
2026-08-16 03:52:00.055985,96.519,9,1g.11gb,yolo-inference-755b67b9bb-nz54p,default,yolo,580.173.02,GPU-d59cb1c4-ad97-d91a-6731-e7b5f38951a6
2026-08-16 03:52:05.055992,96.691,10,1g.11gb,yolo-inference-755b67b9bb-cf854,default,yolo,580.173.02,GPU-d59cb1c4-ad97-d91a-6731-e7b5f38951a6
2026-08-16 03:52:05.055992,96.642,11,1g.11gb,yolo-inference-755b67b9bb-cgztg,default,yolo,580.173.02,GPU-d59cb1c4-ad97-d91a-6731-e7b5f38951a6
2026-08-16 03:52:05.055992,96.619,12,1g.11gb,yolo-inference-755b67b9bb-g6r55,default,yolo,580.173.02,GPU-d59cb1c4-ad97-d91a-6731-e7b5f38951a6
2026-08-16 03:52:05.055992,96.642,13,1g.11gb,,,,580.173.02,GPU-d59cb1c4-ad97-d91a-6731-e7b5f38951a6
2026-08-16 03:52:05.055992,96.539,7,1g.11gb,yolo-inference-755b67b9bb-6qhhl,default,yolo,580.173.02,GPU-d59cb1c4-ad97-d91a-6731-e7b5f38951a6
2026-08-16 03:52:05.055992,96.727,8,1g.11gb,,,,580.173.02,GPU-d59cb1c4-ad97-d91a-6731-e7b5f38951a6
2026-08-16 03:52:05.055992,96.519,9,1g.11gb,yolo-inference-755b67b9bb-nz54p,default,yolo,580.173.02,GPU-d59cb1c4-ad97-d91a-6731-e7b5f38951a6
2026-08-16 03:52:10.056002,96.691,10,1g.11gb,yolo-inference-755b67b9bb-cf854,default,yolo,580.173.02,GPU-d59cb1c4-ad97-d91a-6731-e7b5f38951a6
2026-08-16 03:52:10.056002,96.642,11,1g.11gb,yolo-inference-755b67b9bb-cgztg,default,yolo,580.173.02,GPU-d59cb1c4-ad97-d91a-6731-e7b5f38951a6
2026-08-16 03:52:10.056002,96.619,12,1g.11gb,yolo-inference-755b67b9bb-g6r55,default,yolo,580.173.02,GPU-d59cb1c4-ad97-d91a-6731-e7b5f38951a6
2026-08-16 03:52:10.056002,96.642,13,1g.11gb,,,,580.173.02,GPU-d59cb1c4-ad97-d91a-6731-e7b5f38951a6
2026-08-16 03:52:10.056002,96.539,7,1g.11gb,yolo-inference-755b67b9bb-6qhhl,default,yolo,580.173.02,GPU-d59cb1c4-ad97-d91a-6731-e7b5f38951a6
2026-08-16 03:52:10.056002,96.727,8,1g.11gb,,,,580.173.02,GPU-d59cb1c4-ad97-d91a-6731-e7b5f38951a6
2026-08-16 03:52:10.056002,96.519,9,1g.11gb,yolo-inference-755b67b9bb-nz54p,default,yolo,580.173.02,GPU-d59cb1c4-ad97-d91a-6731-e7b5f38951a6
2026-08-16 03:52:15.055991,96.691,10,1g.11gb,yolo-inference-755b67b9bb-cf854,default,yolo,580.173.02,GPU-d59cb1c4-ad97-d91a-6731-e7b5f38951a6
2026-08-16 03:52:15.055991,96.642,11,1g.11gb,yolo-inference-755b67b9bb-cgztg,default,yolo,580.173.02,GPU-d59cb1c4-ad97-d91a-6731-e7b5f38951a6
2026-08-16 03:52:15.055991,96.619,12,1g.11gb,yolo-inference-755b67b9bb-g6r55,default,yolo,580.173.02,GPU-d59cb1c4-ad97-d91a-6731-e7b5f38951a6
2026-08-16 03:52:15.055991,96.642,13,1g.11gb,,,,580.173.02,GPU-d59cb1c4-ad97-d91a-6731-e7b5f38951a6
2026-08-16 03:52:15.055991,96.539,7,1g.11gb,yolo-inference-755b67b9bb-6qhhl,default,yolo,580.173.02,GPU-d59cb1c4-ad97-d91a-6731-e7b5f38951a6
2026-08-16 03:52:15.055991,96.727,8,1g.11gb,,,,580.173.02,GPU-d59cb1c4-ad97-d91a-6731-e7b5f38951a6
2026-08-16 03:52:15.055991,96.519,9,1g.11gb,yolo-inference-755b67b9bb-nz54p,default,yolo,580.173.02,GPU-d59cb1c4-ad97-d91a-6731-e7b5f38951a6
2026-08-16 03:52:20.056023,96.623,10,1g.11gb,yolo-inference-755b67b9bb-cf854,default,yolo,580.173.02,GPU-d59cb1c4-ad97-d91a-6731-e7b5f38951a6
2026-08-16 03:52:20.056023,96.642,11,1g.11gb,yolo-inference-755b67b9bb-cgztg,default,yolo,580.173.02,GPU-d59cb1c4-ad97-d91a-6731-e7b5f38951a6
2026-08-16 03:52:20.056023,96.619,12,1g.11gb,yolo-inference-755b67b9bb-g6r55,default,yolo,580.173.02,GPU-d59cb1c4-ad97-d91a-6731-e7b5f38951a6
2026-08-16 03:52:20.056023,96.642,13,1g.11gb,,,,580.173.02,GPU-d59cb1c4-ad97-d91a-6731-e7b5f38951a6
2026-08-16 03:52:20.056023,96.539,7,1g.11gb,yolo-inference-755b67b9bb-6qhhl,default,yolo,580.173.02,GPU-d59cb1c4-ad97-d91a-6731-e7b5f38951a6
2026-08-16 03:52:20.056023,96.727,8,1g.11gb,,,,580.173.02,GPU-d59cb1c4-ad97-d91a-6731-e7b5f38951a6
2026-08-16 03:52:20.056023,96.519,9,1g.11gb,yolo-inference-755b67b9bb-nz54p,default,yolo,580.173.02,GPU-d59cb1c4-ad97-d91a-6731-e7b5f38951a6
2026-08-16 03:52:25.055999,96.623,10,1g.11gb,yolo-inference-755b67b9bb-cf854,default,yolo,580.173.02,GPU-d59cb1c4-ad97-d91a-6731-e7b5f38951a6
2026-08-16 03:52:25.055999,96.502,11,1g.11gb,yolo-inference-755b67b9bb-cgztg,default,yolo,580.173.02,GPU-d59cb1c4-ad97-d91a-6731-e7b5f38951a6
2026-08-16 03:52:25.055999,96.576,12,1g.11gb,yolo-inference-755b67b9bb-g6r55,default,yolo,580.173.02,GPU-d59cb1c4-ad97-d91a-6731-e7b5f38951a6
2026-08-16 03:52:25.055999,96.502,13,1g.11gb,,,,580.173.02,GPU-d59cb1c4-ad97-d91a-6731-e7b5f38951a6
2026-08-16 03:52:25.055999,96.517,7,1g.11gb,yolo-inference-755b67b9bb-6qhhl,default,yolo,580.173.02,GPU-d59cb1c4-ad97-d91a-6731-e7b5f38951a6
2026-08-16 03:52:25.055999,96.209,8,1g.11gb,,,,580.173.02,GPU-d59cb1c4-ad97-d91a-6731-e7b5f38951a6
2026-08-16 03:52:25.055999,96.416,9,1g.11gb,yolo-inference-755b67b9bb-nz54p,default,yolo,580.173.02,GPU-d59cb1c4-ad97-d91a-6731-e7b5f38951a6
2026-08-16 03:52:30.056025,96.623,10,1g.11gb,yolo-inference-755b67b9bb-cf854,default,yolo,580.173.02,GPU-d59cb1c4-ad97-d91a-6731-e7b5f38951a6
2026-08-16 03:52:30.056025,96.502,11,1g.11gb,yolo-inference-755b67b9bb-cgztg,default,yolo,580.173.02,GPU-d59cb1c4-ad97-d91a-6731-e7b5f38951a6
2026-08-16 03:52:30.056025,96.576,12,1g.11gb,yolo-inference-755b67b9bb-g6r55,default,yolo,580.173.02,GPU-d59cb1c4-ad97-d91a-6731-e7b5f38951a6
2026-08-16 03:52:30.056025,96.502,13,1g.11gb,,,,580.173.02,GPU-d59cb1c4-ad97-d91a-6731-e7b5f38951a6
2026-08-16 03:52:30.056025,96.517,7,1g.11gb,yolo-inference-755b67b9bb-6qhhl,default,yolo,580.173.02,GPU-d59cb1c4-ad97-d91a-6731-e7b5f38951a6
2026-08-16 03:52:30.056025,96.209,8,1g.11gb,,,,580.173.02,GPU-d59cb1c4-ad97-d91a-6731-e7b5f38951a6
2026-08-16 03:52:30.056025,96.416,9,1g.11gb,yolo-inference-755b67b9bb-nz54p,default,yolo,580.173.02,GPU-d59cb1c4-ad97-d91a-6731-e7b5f38951a6
2026-08-16 03:52:35.055984,96.623,10,1g.11gb,yolo-inference-755b67b9bb-cf854,default,yolo,580.173.02,GPU-d59cb1c4-ad97-d91a-6731-e7b5f38951a6
2026-08-16 03:52:35.055984,96.502,11,1g.11gb,yolo-inference-755b67b9bb-cgztg,default,yolo,580.173.02,GPU-d59cb1c4-ad97-d91a-6731-e7b5f38951a6
2026-08-16 03:52:35.055984,96.576,12,1g.11gb,yolo-inference-755b67b9bb-g6r55,default,yolo,580.173.02,GPU-d59cb1c4-ad97-d91a-6731-e7b5f38951a6
2026-08-16 03:52:35.055984,96.502,13,1g.11gb,,,,580.173.02,GPU-d59cb1c4-ad97-d91a-6731-e7b5f38951a6
2026-08-16 03:52:35.055984,96.517,7,1g.11gb,yolo-inference-755b67b9bb-6qhhl,default,yolo,580.173.02,GPU-d59cb1c4-ad97-d91a-6731-e7b5f38951a6
2026-08-16 03:52:35.055984,96.209,8,1g.11gb,,,,580.173.02,GPU-d59cb1c4-ad97-d91a-6731-e7b5f38951a6
2026-08-16 03:52:35.055984,96.416,9,1g.11gb,yolo-inference-755b67b9bb-nz54p,default,yolo,580.173.02,GPU-d59cb1c4-ad97-d91a-6731-e7b5f38951a6
2026-08-16 03:52:40.055996,96.623,10,1g.11gb,yolo-inference-755b67b9bb-cf854,default,yolo,580.173.02,GPU-d59cb1c4-ad97-d91a-6731-e7b5f38951a6
2026-08-16 03:52:40.055996,96.502,11,1g.11gb,yolo-inference-755b67b9bb-cgztg,default,yolo,580.173.02,GPU-d59cb1c4-ad97-d91a-6731-e7b5f38951a6
2026-08-16 03:52:40.055996,96.576,12,1g.11gb,yolo-inference-755b67b9bb-g6r55,default,yolo,580.173.02,GPU-d59cb1c4-ad97-d91a-6731-e7b5f38951a6
2026-08-16 03:52:40.055996,96.502,13,1g.11gb,,,,580.173.02,GPU-d59cb1c4-ad97-d91a-6731-e7b5f38951a6
2026-08-16 03:52:40.055996,96.517,7,1g.11gb,yolo-inference-755b67b9bb-6qhhl,default,yolo,580.173.02,GPU-d59cb1c4-ad97-d91a-6731-e7b5f38951a6
2026-08-16 03:52:40.055996,96.209,8,1g.11gb,,,,580.173.02,GPU-d59cb1c4-ad97-d91a-6731-e7b5f38951a6
2026-08-16 03:52:40.055996,96.416,9,1g.11gb,yolo-inference-755b67b9bb-nz54p,default,yolo,580.173.02,GPU-d59cb1c4-ad97-d91a-6731-e7b5f38951a6
2026-08-16 03:52:45.056011,96.623,10,1g.11gb,yolo-inference-755b67b9bb-cf854,default,yolo,580.173.02,GPU-d59cb1c4-ad97-d91a-6731-e7b5f38951a6
2026-08-16 03:52:45.056011,96.502,11,1g.11gb,yolo-inference-755b67b9bb-cgztg,default,yolo,580.173.02,GPU-d59cb1c4-ad97-d91a-6731-e7b5f38951a6
2026-08-16 03:52:45.056011,96.576,12,1g.11gb,yolo-inference-755b67b9bb-g6r55,default,yolo,580.173.02,GPU-d59cb1c4-ad97-d91a-6731-e7b5f38951a6
2026-08-16 03:52:45.056011,96.502,13,1g.11gb,,,,580.173.02,GPU-d59cb1c4-ad97-d91a-6731-e7b5f38951a6
2026-08-16 03:52:45.056011,96.517,7,1g.11gb,yolo-inference-755b67b9bb-6qhhl,default,yolo,580.173.02,GPU-d59cb1c4-ad97-d91a-6731-e7b5f38951a6
2026-08-16 03:52:45.056011,96.209,8,1g.11gb,,,,580.173.02,GPU-d59cb1c4-ad97-d91a-6731-e7b5f38951a6
2026-08-16 03:52:45.056011,96.416,9,1g.11gb,yolo-inference-755b67b9bb-nz54p,default,yolo,580.173.02,GPU-d59cb1c4-ad97-d91a-6731-e7b5f38951a6
2026-08-16 03:52:50.055581,96.524,10,1g.11gb,yolo-inference-755b67b9bb-cf854,default,yolo,580.173.02,GPU-d59cb1c4-ad97-d91a-6731-e7b5f38951a6
2026-08-16 03:52:50.055581,96.502,11,1g.11gb,yolo-inference-755b67b9bb-cgztg,default,yolo,580.173.02,GPU-d59cb1c4-ad97-d91a-6731-e7b5f38951a6
2026-08-16 03:52:50.055581,96.576,12,1g.11gb,yolo-inference-755b67b9bb-g6r55,default,yolo,580.173.02,GPU-d59cb1c4-ad97-d91a-6731-e7b5f38951a6
2026-08-16 03:52:50.055581,96.502,13,1g.11gb,,,,580.173.02,GPU-d59cb1c4-ad97-d91a-6731-e7b5f38951a6
2026-08-16 03:52:50.055581,96.517,7,1g.11gb,yolo-inference-755b67b9bb-6qhhl,default,yolo,580.173.02,GPU-d59cb1c4-ad97-d91a-6731-e7b5f38951a6
2026-08-16 03:52:50.055581,96.209,8,1g.11gb,,,,580.173.02,GPU-d59cb1c4-ad97-d91a-6731-e7b5f38951a6
2026-08-16 03:52:50.055581,96.416,9,1g.11gb,yolo-inference-755b67b9bb-nz54p,default,yolo,580.173.02,GPU-d59cb1c4-ad97-d91a-6731-e7b5f38951a6
2026-08-16 03:52:55.053072,96.524,10,1g.11gb,yolo-inference-755b67b9bb-cf854,default,yolo,580.173.02,GPU-d59cb1c4-ad97-d91a-6731-e7b5f38951a6
2026-08-16 03:52:55.053072,96.569,11,1g.11gb,yolo-inference-755b67b9bb-cgztg,default,yolo,580.173.02,GPU-d59cb1c4-ad97-d91a-6731-e7b5f38951a6
2026-08-16 03:52:55.053072,96.577,12,1g.11gb,yolo-inference-755b67b9bb-g6r55,default,yolo,580.173.02,GPU-d59cb1c4-ad97-d91a-6731-e7b5f38951a6
2026-08-16 03:52:55.053072,96.494,13,1g.11gb,,,,580.173.02,GPU-d59cb1c4-ad97-d91a-6731-e7b5f38951a6
2026-08-16 03:52:55.053072,96.378,7,1g.11gb,yolo-inference-755b67b9bb-6qhhl,default,yolo,580.173.02,GPU-d59cb1c4-ad97-d91a-6731-e7b5f38951a6
2026-08-16 03:52:55.053072,96.577,8,1g.11gb,,,,580.173.02,GPU-d59cb1c4-ad97-d91a-6731-e7b5f38951a6
2026-08-16 03:52:55.053072,96.569,9,1g.11gb,yolo-inference-755b67b9bb-nz54p,default,yolo,580.173.02,GPU-d59cb1c4-ad97-d91a-6731-e7b5f38951a6
2026-08-16 03:53:00.055977,96.524,10,1g.11gb,yolo-inference-755b67b9bb-cf854,default,yolo,580.173.02,GPU-d59cb1c4-ad97-d91a-6731-e7b5f38951a6
2026-08-16 03:53:00.055977,96.569,11,1g.11gb,yolo-inference-755b67b9bb-cgztg,default,yolo,580.173.02,GPU-d59cb1c4-ad97-d91a-6731-e7b5f38951a6
2026-08-16 03:53:00.055977,96.577,12,1g.11gb,yolo-inference-755b67b9bb-g6r55,default,yolo,580.173.02,GPU-d59cb1c4-ad97-d91a-6731-e7b5f38951a6
2026-08-16 03:53:00.055977,96.494,13,1g.11gb,,,,580.173.02,GPU-d59cb1c4-ad97-d91a-6731-e7b5f38951a6
2026-08-16 03:53:00.055977,96.378,7,1g.11gb,yolo-inference-755b67b9bb-6qhhl,default,yolo,580.173.02,GPU-d59cb1c4-ad97-d91a-6731-e7b5f38951a6
2026-08-16 03:53:00.055977,96.577,8,1g.11gb,,,,580.173.02,GPU-d59cb1c4-ad97-d91a-6731-e7b5f38951a6
2026-08-16 03:53:00.055977,96.569,9,1g.11gb,yolo-inference-755b67b9bb-nz54p,default,yolo,580.173.02,GPU-d59cb1c4-ad97-d91a-6731-e7b5f38951a6
2026-08-16 03:53:05.055990,96.524,10,1g.11gb,yolo-inference-755b67b9bb-cf854,default,yolo,580.173.02,GPU-d59cb1c4-ad97-d91a-6731-e7b5f38951a6
2026-08-16 03:53:05.055990,96.569,11,1g.11gb,yolo-inference-755b67b9bb-cgztg,default,yolo,580.173.02,GPU-d59cb1c4-ad97-d91a-6731-e7b5f38951a6
2026-08-16 03:53:05.055990,96.577,12,1g.11gb,yolo-inference-755b67b9bb-g6r55,default,yolo,580.173.02,GPU-d59cb1c4-ad97-d91a-6731-e7b5f38951a6
2026-08-16 03:53:05.055990,96.494,13,1g.11gb,,,,580.173.02,GPU-d59cb1c4-ad97-d91a-6731-e7b5f38951a6
2026-08-16 03:53:05.055990,96.378,7,1g.11gb,yolo-inference-755b67b9bb-6qhhl,default,yolo,580.173.02,GPU-d59cb1c4-ad97-d91a-6731-e7b5f38951a6
2026-08-16 03:53:05.055990,96.577,8,1g.11gb,,,,580.173.02,GPU-d59cb1c4-ad97-d91a-6731-e7b5f38951a6
2026-08-16 03:53:05.055990,96.569,9,1g.11gb,yolo-inference-755b67b9bb-nz54p,default,yolo,580.173.02,GPU-d59cb1c4-ad97-d91a-6731-e7b5f38951a6
2026-08-16 03:53:10.055993,96.524,10,1g.11gb,yolo-inference-755b67b9bb-cf854,default,yolo,580.173.02,GPU-d59cb1c4-ad97-d91a-6731-e7b5f38951a6
2026-08-16 03:53:10.055993,96.569,11,1g.11gb,yolo-inference-755b67b9bb-cgztg,default,yolo,580.173.02,GPU-d59cb1c4-ad97-d91a-6731-e7b5f38951a6
2026-08-16 03:53:10.055993,96.577,12,1g.11gb,yolo-inference-755b67b9bb-g6r55,default,yolo,580.173.02,GPU-d59cb1c4-ad97-d91a-6731-e7b5f38951a6
2026-08-16 03:53:10.055993,96.494,13,1g.11gb,,,,580.173.02,GPU-d59cb1c4-ad97-d91a-6731-e7b5f38951a6
2026-08-16 03:53:10.055993,96.378,7,1g.11gb,yolo-inference-755b67b9bb-6qhhl,default,yolo,580.173.02,GPU-d59cb1c4-ad97-d91a-6731-e7b5f38951a6
2026-08-16 03:53:10.055993,96.577,8,1g.11gb,,,,580.173.02,GPU-d59cb1c4-ad97-d91a-6731-e7b5f38951a6
2026-08-16 03:53:10.055993,96.569,9,1g.11gb,yolo-inference-755b67b9bb-nz54p,default,yolo,580.173.02,GPU-d59cb1c4-ad97-d91a-6731-e7b5f38951a6
2026-08-16 03:53:15.055990,96.524,10,1g.11gb,yolo-inference-755b67b9bb-cf854,default,yolo,580.173.02,GPU-d59cb1c4-ad97-d91a-6731-e7b5f38951a6
2026-08-16 03:53:15.055990,96.569,11,1g.11gb,yolo-inference-755b67b9bb-cgztg,default,yolo,580.173.02,GPU-d59cb1c4-ad97-d91a-6731-e7b5f38951a6
2026-08-16 03:53:15.055990,96.577,12,1g.11gb,yolo-inference-755b67b9bb-g6r55,default,yolo,580.173.02,GPU-d59cb1c4-ad97-d91a-6731-e7b5f38951a6
2026-08-16 03:53:15.055990,96.494,13,1g.11gb,,,,580.173.02,GPU-d59cb1c4-ad97-d91a-6731-e7b5f38951a6
2026-08-16 03:53:15.055990,96.378,7,1g.11gb,yolo-inference-755b67b9bb-6qhhl,default,yolo,580.173.02,GPU-d59cb1c4-ad97-d91a-6731-e7b5f38951a6
2026-08-16 03:53:15.055990,96.577,8,1g.11gb,,,,580.173.02,GPU-d59cb1c4-ad97-d91a-6731-e7b5f38951a6
2026-08-16 03:53:15.055990,96.569,9,1g.11gb,yolo-inference-755b67b9bb-nz54p,default,yolo,580.173.02,GPU-d59cb1c4-ad97-d91a-6731-e7b5f38951a6
2026-08-16 03:53:20.055988,96.343,10,1g.11gb,yolo-inference-755b67b9bb-cf854,default,yolo,580.173.02,GPU-d59cb1c4-ad97-d91a-6731-e7b5f38951a6
2026-08-16 03:53:20.055988,96.569,11,1g.11gb,yolo-inference-755b67b9bb-cgztg,default,yolo,580.173.02,GPU-d59cb1c4-ad97-d91a-6731-e7b5f38951a6
2026-08-16 03:53:20.055988,96.577,12,1g.11gb,yolo-inference-755b67b9bb-g6r55,default,yolo,580.173.02,GPU-d59cb1c4-ad97-d91a-6731-e7b5f38951a6
2026-08-16 03:53:20.055988,96.494,13,1g.11gb,,,,580.173.02,GPU-d59cb1c4-ad97-d91a-6731-e7b5f38951a6
2026-08-16 03:53:20.055988,96.378,7,1g.11gb,yolo-inference-755b67b9bb-6qhhl,default,yolo,580.173.02,GPU-d59cb1c4-ad97-d91a-6731-e7b5f38951a6
2026-08-16 03:53:20.055988,96.577,8,1g.11gb,,,,580.173.02,GPU-d59cb1c4-ad97-d91a-6731-e7b5f38951a6
2026-08-16 03:53:20.055988,96.569,9,1g.11gb,yolo-inference-755b67b9bb-nz54p,default,yolo,580.173.02,GPU-d59cb1c4-ad97-d91a-6731-e7b5f38951a6
2026-08-16 03:53:25.055969,96.343,10,1g.11gb,yolo-inference-755b67b9bb-cf854,default,yolo,580.173.02,GPU-d59cb1c4-ad97-d91a-6731-e7b5f38951a6
2026-08-16 03:53:25.055969,96.745,11,1g.11gb,yolo-inference-755b67b9bb-cgztg,default,yolo,580.173.02,GPU-d59cb1c4-ad97-d91a-6731-e7b5f38951a6
2026-08-16 03:53:25.055969,96.562,12,1g.11gb,yolo-inference-755b67b9bb-g6r55,default,yolo,580.173.02,GPU-d59cb1c4-ad97-d91a-6731-e7b5f38951a6
2026-08-16 03:53:25.055969,96.545,13,1g.11gb,,,,580.173.02,GPU-d59cb1c4-ad97-d91a-6731-e7b5f38951a6
2026-08-16 03:53:25.055969,96.509,7,1g.11gb,yolo-inference-755b67b9bb-6qhhl,default,yolo,580.173.02,GPU-d59cb1c4-ad97-d91a-6731-e7b5f38951a6
2026-08-16 03:53:25.055969,96.562,8,1g.11gb,,,,580.173.02,GPU-d59cb1c4-ad97-d91a-6731-e7b5f38951a6
2026-08-16 03:53:25.055969,96.745,9,1g.11gb,yolo-inference-755b67b9bb-nz54p,default,yolo,580.173.02,GPU-d59cb1c4-ad97-d91a-6731-e7b5f38951a6
2026-08-16 03:53:30.055880,96.343,10,1g.11gb,yolo-inference-755b67b9bb-cf854,default,yolo,580.173.02,GPU-d59cb1c4-ad97-d91a-6731-e7b5f38951a6
2026-08-16 03:53:30.055880,96.745,11,1g.11gb,yolo-inference-755b67b9bb-cgztg,default,yolo,580.173.02,GPU-d59cb1c4-ad97-d91a-6731-e7b5f38951a6
2026-08-16 03:53:30.055880,96.562,12,1g.11gb,yolo-inference-755b67b9bb-g6r55,default,yolo,580.173.02,GPU-d59cb1c4-ad97-d91a-6731-e7b5f38951a6
2026-08-16 03:53:30.055880,96.545,13,1g.11gb,,,,580.173.02,GPU-d59cb1c4-ad97-d91a-6731-e7b5f38951a6
2026-08-16 03:53:30.055880,96.509,7,1g.11gb,yolo-inference-755b67b9bb-6qhhl,default,yolo,580.173.02,GPU-d59cb1c4-ad97-d91a-6731-e7b5f38951a6
2026-08-16 03:53:30.055880,96.562,8,1g.11gb,,,,580.173.02,GPU-d59cb1c4-ad97-d91a-6731-e7b5f38951a6
2026-08-16 03:53:30.055880,96.745,9,1g.11gb,yolo-inference-755b67b9bb-nz54p,default,yolo,580.173.02,GPU-d59cb1c4-ad97-d91a-6731-e7b5f38951a6
2026-08-16 03:53:35.055991,96.343,10,1g.11gb,yolo-inference-755b67b9bb-cf854,default,yolo,580.173.02,GPU-d59cb1c4-ad97-d91a-6731-e7b5f38951a6
2026-08-16 03:53:35.055991,96.745,11,1g.11gb,yolo-inference-755b67b9bb-cgztg,default,yolo,580.173.02,GPU-d59cb1c4-ad97-d91a-6731-e7b5f38951a6
2026-08-16 03:53:35.055991,96.562,12,1g.11gb,yolo-inference-755b67b9bb-g6r55,default,yolo,580.173.02,GPU-d59cb1c4-ad97-d91a-6731-e7b5f38951a6
2026-08-16 03:53:35.055991,96.545,13,1g.11gb,,,,580.173.02,GPU-d59cb1c4-ad97-d91a-6731-e7b5f38951a6
2026-08-16 03:53:35.055991,96.509,7,1g.11gb,yolo-inference-755b67b9bb-6qhhl,default,yolo,580.173.02,GPU-d59cb1c4-ad97-d91a-6731-e7b5f38951a6
2026-08-16 03:53:35.055991,96.562,8,1g.11gb,,,,580.173.02,GPU-d59cb1c4-ad97-d91a-6731-e7b5f38951a6
2026-08-16 03:53:35.055991,96.745,9,1g.11gb,yolo-inference-755b67b9bb-nz54p,default,yolo,580.173.02,GPU-d59cb1c4-ad97-d91a-6731-e7b5f38951a6
2026-08-16 03:53:40.053336,96.343,10,1g.11gb,yolo-inference-755b67b9bb-cf854,default,yolo,580.173.02,GPU-d59cb1c4-ad97-d91a-6731-e7b5f38951a6
2026-08-16 03:53:40.053336,96.745,11,1g.11gb,yolo-inference-755b67b9bb-cgztg,default,yolo,580.173.02,GPU-d59cb1c4-ad97-d91a-6731-e7b5f38951a6
2026-08-16 03:53:40.053336,96.562,12,1g.11gb,yolo-inference-755b67b9bb-g6r55,default,yolo,580.173.02,GPU-d59cb1c4-ad97-d91a-6731-e7b5f38951a6
2026-08-16 03:53:40.053336,96.545,13,1g.11gb,,,,580.173.02,GPU-d59cb1c4-ad97-d91a-6731-e7b5f38951a6
2026-08-16 03:53:40.053336,96.509,7,1g.11gb,yolo-inference-755b67b9bb-6qhhl,default,yolo,580.173.02,GPU-d59cb1c4-ad97-d91a-6731-e7b5f38951a6
2026-08-16 03:53:40.053336,96.562,8,1g.11gb,,,,580.173.02,GPU-d59cb1c4-ad97-d91a-6731-e7b5f38951a6
2026-08-16 03:53:40.053336,96.745,9,1g.11gb,yolo-inference-755b67b9bb-nz54p,default,yolo,580.173.02,GPU-d59cb1c4-ad97-d91a-6731-e7b5f38951a6
2026-08-16 03:53:45.055991,96.343,10,1g.11gb,yolo-inference-755b67b9bb-cf854,default,yolo,580.173.02,GPU-d59cb1c4-ad97-d91a-6731-e7b5f38951a6
2026-08-16 03:53:45.055991,96.745,11,1g.11gb,yolo-inference-755b67b9bb-cgztg,default,yolo,580.173.02,GPU-d59cb1c4-ad97-d91a-6731-e7b5f38951a6
2026-08-16 03:53:45.055991,96.562,12,1g.11gb,yolo-inference-755b67b9bb-g6r55,default,yolo,580.173.02,GPU-d59cb1c4-ad97-d91a-6731-e7b5f38951a6
2026-08-16 03:53:45.055991,96.545,13,1g.11gb,,,,580.173.02,GPU-d59cb1c4-ad97-d91a-6731-e7b5f38951a6
2026-08-16 03:53:45.055991,96.509,7,1g.11gb,yolo-inference-755b67b9bb-6qhhl,default,yolo,580.173.02,GPU-d59cb1c4-ad97-d91a-6731-e7b5f38951a6
2026-08-16 03:53:45.055991,96.562,8,1g.11gb,,,,580.173.02,GPU-d59cb1c4-ad97-d91a-6731-e7b5f38951a6
2026-08-16 03:53:45.055991,96.745,9,1g.11gb,yolo-inference-755b67b9bb-nz54p,default,yolo,580.173.02,GPU-d59cb1c4-ad97-d91a-6731-e7b5f38951a6
2026-08-16 03:53:50.053058,96.591,10,1g.11gb,yolo-inference-755b67b9bb-cf854,default,yolo,580.173.02,GPU-d59cb1c4-ad97-d91a-6731-e7b5f38951a6
2026-08-16 03:53:50.053058,96.745,11,1g.11gb,yolo-inference-755b67b9bb-cgztg,default,yolo,580.173.02,GPU-d59cb1c4-ad97-d91a-6731-e7b5f38951a6
2026-08-16 03:53:50.053058,96.562,12,1g.11gb,yolo-inference-755b67b9bb-g6r55,default,yolo,580.173.02,GPU-d59cb1c4-ad97-d91a-6731-e7b5f38951a6
2026-08-16 03:53:50.053058,96.545,13,1g.11gb,,,,580.173.02,GPU-d59cb1c4-ad97-d91a-6731-e7b5f38951a6
2026-08-16 03:53:50.053058,96.509,7,1g.11gb,yolo-inference-755b67b9bb-6qhhl,default,yolo,580.173.02,GPU-d59cb1c4-ad97-d91a-6731-e7b5f38951a6
2026-08-16 03:53:50.053058,96.562,8,1g.11gb,,,,580.173.02,GPU-d59cb1c4-ad97-d91a-6731-e7b5f38951a6
2026-08-16 03:53:50.053058,96.745,9,1g.11gb,yolo-inference-755b67b9bb-nz54p,default,yolo,580.173.02,GPU-d59cb1c4-ad97-d91a-6731-e7b5f38951a6
2026-08-16 03:53:55.056227,96.591,10,1g.11gb,yolo-inference-755b67b9bb-cf854,default,yolo,580.173.02,GPU-d59cb1c4-ad97-d91a-6731-e7b5f38951a6
2026-08-16 03:53:55.056227,96.358,11,1g.11gb,yolo-inference-755b67b9bb-cgztg,default,yolo,580.173.02,GPU-d59cb1c4-ad97-d91a-6731-e7b5f38951a6
2026-08-16 03:53:55.056227,96.462,12,1g.11gb,yolo-inference-755b67b9bb-g6r55,default,yolo,580.173.02,GPU-d59cb1c4-ad97-d91a-6731-e7b5f38951a6
2026-08-16 03:53:55.056227,96.603,13,1g.11gb,,,,580.173.02,GPU-d59cb1c4-ad97-d91a-6731-e7b5f38951a6
2026-08-16 03:53:55.056227,96.572,7,1g.11gb,yolo-inference-755b67b9bb-6qhhl,default,yolo,580.173.02,GPU-d59cb1c4-ad97-d91a-6731-e7b5f38951a6
2026-08-16 03:53:55.056227,96.462,8,1g.11gb,,,,580.173.02,GPU-d59cb1c4-ad97-d91a-6731-e7b5f38951a6
2026-08-16 03:53:55.056227,96.358,9,1g.11gb,yolo-inference-755b67b9bb-nz54p,default,yolo,580.173.02,GPU-d59cb1c4-ad97-d91a-6731-e7b5f38951a6
2026-08-16 03:54:00.055989,96.591,10,1g.11gb,yolo-inference-755b67b9bb-cf854,default,yolo,580.173.02,GPU-d59cb1c4-ad97-d91a-6731-e7b5f38951a6
2026-08-16 03:54:00.055989,96.358,11,1g.11gb,yolo-inference-755b67b9bb-cgztg,default,yolo,580.173.02,GPU-d59cb1c4-ad97-d91a-6731-e7b5f38951a6
2026-08-16 03:54:00.055989,96.462,12,1g.11gb,yolo-inference-755b67b9bb-g6r55,default,yolo,580.173.02,GPU-d59cb1c4-ad97-d91a-6731-e7b5f38951a6
2026-08-16 03:54:00.055989,96.603,13,1g.11gb,,,,580.173.02,GPU-d59cb1c4-ad97-d91a-6731-e7b5f38951a6
2026-08-16 03:54:00.055989,96.572,7,1g.11gb,yolo-inference-755b67b9bb-6qhhl,default,yolo,580.173.02,GPU-d59cb1c4-ad97-d91a-6731-e7b5f38951a6
2026-08-16 03:54:00.055989,96.462,8,1g.11gb,,,,580.173.02,GPU-d59cb1c4-ad97-d91a-6731-e7b5f38951a6
2026-08-16 03:54:00.055989,96.358,9,1g.11gb,yolo-inference-755b67b9bb-nz54p,default,yolo,580.173.02,GPU-d59cb1c4-ad97-d91a-6731-e7b5f38951a6
2026-08-16 03:54:05.056000,96.591,10,1g.11gb,yolo-inference-755b67b9bb-cf854,default,yolo,580.173.02,GPU-d59cb1c4-ad97-d91a-6731-e7b5f38951a6
2026-08-16 03:54:05.056000,96.358,11,1g.11gb,yolo-inference-755b67b9bb-cgztg,default,yolo,580.173.02,GPU-d59cb1c4-ad97-d91a-6731-e7b5f38951a6
2026-08-16 03:54:05.056000,96.462,12,1g.11gb,yolo-inference-755b67b9bb-g6r55,default,yolo,580.173.02,GPU-d59cb1c4-ad97-d91a-6731-e7b5f38951a6
2026-08-16 03:54:05.056000,96.603,13,1g.11gb,,,,580.173.02,GPU-d59cb1c4-ad97-d91a-6731-e7b5f38951a6
2026-08-16 03:54:05.056000,96.572,7,1g.11gb,yolo-inference-755b67b9bb-6qhhl,default,yolo,580.173.02,GPU-d59cb1c4-ad97-d91a-6731-e7b5f38951a6
2026-08-16 03:54:05.056000,96.462,8,1g.11gb,,,,580.173.02,GPU-d59cb1c4-ad97-d91a-6731-e7b5f38951a6
2026-08-16 03:54:05.056000,96.358,9,1g.11gb,yolo-inference-755b67b9bb-nz54p,default,yolo,580.173.02,GPU-d59cb1c4-ad97-d91a-6731-e7b5f38951a6
2026-08-16 03:54:10.054612,96.591,10,1g.11gb,yolo-inference-755b67b9bb-cf854,default,yolo,580.173.02,GPU-d59cb1c4-ad97-d91a-6731-e7b5f38951a6
2026-08-16 03:54:10.054612,96.358,11,1g.11gb,yolo-inference-755b67b9bb-cgztg,default,yolo,580.173.02,GPU-d59cb1c4-ad97-d91a-6731-e7b5f38951a6
2026-08-16 03:54:10.054612,96.462,12,1g.11gb,yolo-inference-755b67b9bb-g6r55,default,yolo,580.173.02,GPU-d59cb1c4-ad97-d91a-6731-e7b5f38951a6
2026-08-16 03:54:10.054612,96.603,13,1g.11gb,,,,580.173.02,GPU-d59cb1c4-ad97-d91a-6731-e7b5f38951a6
2026-08-16 03:54:10.054612,96.572,7,1g.11gb,yolo-inference-755b67b9bb-6qhhl,default,yolo,580.173.02,GPU-d59cb1c4-ad97-d91a-6731-e7b5f38951a6
2026-08-16 03:54:10.054612,96.462,8,1g.11gb,,,,580.173.02,GPU-d59cb1c4-ad97-d91a-6731-e7b5f38951a6
2026-08-16 03:54:10.054612,96.358,9,1g.11gb,yolo-inference-755b67b9bb-nz54p,default,yolo,580.173.02,GPU-d59cb1c4-ad97-d91a-6731-e7b5f38951a6
2026-08-16 03:54:15.055963,96.591,10,1g.11gb,yolo-inference-755b67b9bb-cf854,default,yolo,580.173.02,GPU-d59cb1c4-ad97-d91a-6731-e7b5f38951a6
2026-08-16 03:54:15.055963,96.358,11,1g.11gb,yolo-inference-755b67b9bb-cgztg,default,yolo,580.173.02,GPU-d59cb1c4-ad97-d91a-6731-e7b5f38951a6
2026-08-16 03:54:15.055963,96.462,12,1g.11gb,yolo-inference-755b67b9bb-g6r55,default,yolo,580.173.02,GPU-d59cb1c4-ad97-d91a-6731-e7b5f38951a6
2026-08-16 03:54:15.055963,96.603,13,1g.11gb,,,,580.173.02,GPU-d59cb1c4-ad97-d91a-6731-e7b5f38951a6
2026-08-16 03:54:15.055963,96.572,7,1g.11gb,yolo-inference-755b67b9bb-6qhhl,default,yolo,580.173.02,GPU-d59cb1c4-ad97-d91a-6731-e7b5f38951a6
2026-08-16 03:54:15.055963,96.462,8,1g.11gb,,,,580.173.02,GPU-d59cb1c4-ad97-d91a-6731-e7b5f38951a6
2026-08-16 03:54:15.055963,96.358,9,1g.11gb,yolo-inference-755b67b9bb-nz54p,default,yolo,580.173.02,GPU-d59cb1c4-ad97-d91a-6731-e7b5f38951a6
2026-08-16 03:54:20.054332,96.464,10,1g.11gb,yolo-inference-755b67b9bb-cf854,default,yolo,580.173.02,GPU-d59cb1c4-ad97-d91a-6731-e7b5f38951a6
2026-08-16 03:54:20.054332,96.358,11,1g.11gb,yolo-inference-755b67b9bb-cgztg,default,yolo,580.173.02,GPU-d59cb1c4-ad97-d91a-6731-e7b5f38951a6
2026-08-16 03:54:20.054332,96.462,12,1g.11gb,yolo-inference-755b67b9bb-g6r55,default,yolo,580.173.02,GPU-d59cb1c4-ad97-d91a-6731-e7b5f38951a6
2026-08-16 03:54:20.054332,96.603,13,1g.11gb,,,,580.173.02,GPU-d59cb1c4-ad97-d91a-6731-e7b5f38951a6
2026-08-16 03:54:20.054332,96.572,7,1g.11gb,yolo-inference-755b67b9bb-6qhhl,default,yolo,580.173.02,GPU-d59cb1c4-ad97-d91a-6731-e7b5f38951a6
2026-08-16 03:54:20.054332,96.462,8,1g.11gb,,,,580.173.02,GPU-d59cb1c4-ad97-d91a-6731-e7b5f38951a6
2026-08-16 03:54:20.054332,96.358,9,1g.11gb,yolo-inference-755b67b9bb-nz54p,default,yolo,580.173.02,GPU-d59cb1c4-ad97-d91a-6731-e7b5f38951a6
2026-08-16 03:54:25.055995,96.464,10,1g.11gb,yolo-inference-755b67b9bb-cf854,default,yolo,580.173.02,GPU-d59cb1c4-ad97-d91a-6731-e7b5f38951a6
2026-08-16 03:54:25.055995,96.498,11,1g.11gb,yolo-inference-755b67b9bb-cgztg,default,yolo,580.173.02,GPU-d59cb1c4-ad97-d91a-6731-e7b5f38951a6
2026-08-16 03:54:25.055995,96.5,12,1g.11gb,yolo-inference-755b67b9bb-g6r55,default,yolo,580.173.02,GPU-d59cb1c4-ad97-d91a-6731-e7b5f38951a6
2026-08-16 03:54:25.055995,96.605,13,1g.11gb,,,,580.173.02,GPU-d59cb1c4-ad97-d91a-6731-e7b5f38951a6
2026-08-16 03:54:25.055995,96.293,7,1g.11gb,yolo-inference-755b67b9bb-6qhhl,default,yolo,580.173.02,GPU-d59cb1c4-ad97-d91a-6731-e7b5f38951a6
2026-08-16 03:54:25.055995,96.5,8,1g.11gb,,,,580.173.02,GPU-d59cb1c4-ad97-d91a-6731-e7b5f38951a6
2026-08-16 03:54:25.055995,96.498,9,1g.11gb,yolo-inference-755b67b9bb-nz54p,default,yolo,580.173.02,GPU-d59cb1c4-ad97-d91a-6731-e7b5f38951a6
2026-08-16 03:54:30.056042,96.464,10,1g.11gb,yolo-inference-755b67b9bb-cf854,default,yolo,580.173.02,GPU-d59cb1c4-ad97-d91a-6731-e7b5f38951a6
2026-08-16 03:54:30.056042,96.498,11,1g.11gb,yolo-inference-755b67b9bb-cgztg,default,yolo,580.173.02,GPU-d59cb1c4-ad97-d91a-6731-e7b5f38951a6
2026-08-16 03:54:30.056042,96.5,12,1g.11gb,yolo-inference-755b67b9bb-g6r55,default,yolo,580.173.02,GPU-d59cb1c4-ad97-d91a-6731-e7b5f38951a6
2026-08-16 03:54:30.056042,96.605,13,1g.11gb,,,,580.173.02,GPU-d59cb1c4-ad97-d91a-6731-e7b5f38951a6
2026-08-16 03:54:30.056042,96.293,7,1g.11gb,yolo-inference-755b67b9bb-6qhhl,default,yolo,580.173.02,GPU-d59cb1c4-ad97-d91a-6731-e7b5f38951a6
2026-08-16 03:54:30.056042,96.5,8,1g.11gb,,,,580.173.02,GPU-d59cb1c4-ad97-d91a-6731-e7b5f38951a6
2026-08-16 03:54:30.056042,96.498,9,1g.11gb,yolo-inference-755b67b9bb-nz54p,default,yolo,580.173.02,GPU-d59cb1c4-ad97-d91a-6731-e7b5f38951a6
2026-08-16 03:54:35.055887,96.464,10,1g.11gb,yolo-inference-755b67b9bb-cf854,default,yolo,580.173.02,GPU-d59cb1c4-ad97-d91a-6731-e7b5f38951a6
2026-08-16 03:54:35.055887,96.498,11,1g.11gb,yolo-inference-755b67b9bb-cgztg,default,yolo,580.173.02,GPU-d59cb1c4-ad97-d91a-6731-e7b5f38951a6
2026-08-16 03:54:35.055887,96.5,12,1g.11gb,yolo-inference-755b67b9bb-g6r55,default,yolo,580.173.02,GPU-d59cb1c4-ad97-d91a-6731-e7b5f38951a6
2026-08-16 03:54:35.055887,96.605,13,1g.11gb,,,,580.173.02,GPU-d59cb1c4-ad97-d91a-6731-e7b5f38951a6
2026-08-16 03:54:35.055887,96.293,7,1g.11gb,yolo-inference-755b67b9bb-6qhhl,default,yolo,580.173.02,GPU-d59cb1c4-ad97-d91a-6731-e7b5f38951a6
2026-08-16 03:54:35.055887,96.5,8,1g.11gb,,,,580.173.02,GPU-d59cb1c4-ad97-d91a-6731-e7b5f38951a6
2026-08-16 03:54:35.055887,96.498,9,1g.11gb,yolo-inference-755b67b9bb-nz54p,default,yolo,580.173.02,GPU-d59cb1c4-ad97-d91a-6731-e7b5f38951a6
2026-08-16 03:54:40.055998,96.464,10,1g.11gb,yolo-inference-755b67b9bb-cf854,default,yolo,580.173.02,GPU-d59cb1c4-ad97-d91a-6731-e7b5f38951a6
2026-08-16 03:54:40.055998,96.498,11,1g.11gb,yolo-inference-755b67b9bb-cgztg,default,yolo,580.173.02,GPU-d59cb1c4-ad97-d91a-6731-e7b5f38951a6
2026-08-16 03:54:40.055998,96.5,12,1g.11gb,yolo-inference-755b67b9bb-g6r55,default,yolo,580.173.02,GPU-d59cb1c4-ad97-d91a-6731-e7b5f38951a6
2026-08-16 03:54:40.055998,96.605,13,1g.11gb,,,,580.173.02,GPU-d59cb1c4-ad97-d91a-6731-e7b5f38951a6
2026-08-16 03:54:40.055998,96.293,7,1g.11gb,yolo-inference-755b67b9bb-6qhhl,default,yolo,580.173.02,GPU-d59cb1c4-ad97-d91a-6731-e7b5f38951a6
2026-08-16 03:54:40.055998,96.5,8,1g.11gb,,,,580.173.02,GPU-d59cb1c4-ad97-d91a-6731-e7b5f38951a6
2026-08-16 03:54:40.055998,96.498,9,1g.11gb,yolo-inference-755b67b9bb-nz54p,default,yolo,580.173.02,GPU-d59cb1c4-ad97-d91a-6731-e7b5f38951a6
2026-08-16 03:54:45.055162,96.464,10,1g.11gb,yolo-inference-755b67b9bb-cf854,default,yolo,580.173.02,GPU-d59cb1c4-ad97-d91a-6731-e7b5f38951a6
2026-08-16 03:54:45.055162,96.498,11,1g.11gb,yolo-inference-755b67b9bb-cgztg,default,yolo,580.173.02,GPU-d59cb1c4-ad97-d91a-6731-e7b5f38951a6
2026-08-16 03:54:45.055162,96.5,12,1g.11gb,yolo-inference-755b67b9bb-g6r55,default,yolo,580.173.02,GPU-d59cb1c4-ad97-d91a-6731-e7b5f38951a6
2026-08-16 03:54:45.055162,96.605,13,1g.11gb,,,,580.173.02,GPU-d59cb1c4-ad97-d91a-6731-e7b5f38951a6
2026-08-16 03:54:45.055162,96.293,7,1g.11gb,yolo-inference-755b67b9bb-6qhhl,default,yolo,580.173.02,GPU-d59cb1c4-ad97-d91a-6731-e7b5f38951a6
2026-08-16 03:54:45.055162,96.5,8,1g.11gb,,,,580.173.02,GPU-d59cb1c4-ad97-d91a-6731-e7b5f38951a6
2026-08-16 03:54:45.055162,96.498,9,1g.11gb,yolo-inference-755b67b9bb-nz54p,default,yolo,580.173.02,GPU-d59cb1c4-ad97-d91a-6731-e7b5f38951a6
2026-08-16 03:54:50.055998,96.605,10,1g.11gb,yolo-inference-755b67b9bb-cf854,default,yolo,580.173.02,GPU-d59cb1c4-ad97-d91a-6731-e7b5f38951a6
2026-08-16 03:54:50.055998,96.498,11,1g.11gb,yolo-inference-755b67b9bb-cgztg,default,yolo,580.173.02,GPU-d59cb1c4-ad97-d91a-6731-e7b5f38951a6
2026-08-16 03:54:50.055998,96.5,12,1g.11gb,yolo-inference-755b67b9bb-g6r55,default,yolo,580.173.02,GPU-d59cb1c4-ad97-d91a-6731-e7b5f38951a6
2026-08-16 03:54:50.055998,96.605,13,1g.11gb,,,,580.173.02,GPU-d59cb1c4-ad97-d91a-6731-e7b5f38951a6
2026-08-16 03:54:50.055998,96.293,7,1g.11gb,yolo-inference-755b67b9bb-6qhhl,default,yolo,580.173.02,GPU-d59cb1c4-ad97-d91a-6731-e7b5f38951a6
2026-08-16 03:54:50.055998,96.5,8,1g.11gb,,,,580.173.02,GPU-d59cb1c4-ad97-d91a-6731-e7b5f38951a6
2026-08-16 03:54:50.055998,96.498,9,1g.11gb,yolo-inference-755b67b9bb-nz54p,default,yolo,580.173.02,GPU-d59cb1c4-ad97-d91a-6731-e7b5f38951a6
2026-08-16 03:54:55.052448,96.605,10,1g.11gb,yolo-inference-755b67b9bb-cf854,default,yolo,580.173.02,GPU-d59cb1c4-ad97-d91a-6731-e7b5f38951a6
2026-08-16 03:54:55.052448,96.632,11,1g.11gb,yolo-inference-755b67b9bb-cgztg,default,yolo,580.173.02,GPU-d59cb1c4-ad97-d91a-6731-e7b5f38951a6
2026-08-16 03:54:55.052448,96.427,12,1g.11gb,yolo-inference-755b67b9bb-g6r55,default,yolo,580.173.02,GPU-d59cb1c4-ad97-d91a-6731-e7b5f38951a6
2026-08-16 03:54:55.052448,96.682,13,1g.11gb,,,,580.173.02,GPU-d59cb1c4-ad97-d91a-6731-e7b5f38951a6
2026-08-16 03:54:55.052448,96.478,7,1g.11gb,yolo-inference-755b67b9bb-6qhhl,default,yolo,580.173.02,GPU-d59cb1c4-ad97-d91a-6731-e7b5f38951a6
2026-08-16 03:54:55.052448,96.427,8,1g.11gb,,,,580.173.02,GPU-d59cb1c4-ad97-d91a-6731-e7b5f38951a6
2026-08-16 03:54:55.052448,96.632,9,1g.11gb,yolo-inference-755b67b9bb-nz54p,default,yolo,580.173.02,GPU-d59cb1c4-ad97-d91a-6731-e7b5f38951a6
2026-08-16 03:55:00.055998,96.605,10,1g.11gb,yolo-inference-755b67b9bb-cf854,default,yolo,580.173.02,GPU-d59cb1c4-ad97-d91a-6731-e7b5f38951a6
2026-08-16 03:55:00.055998,96.632,11,1g.11gb,yolo-inference-755b67b9bb-cgztg,default,yolo,580.173.02,GPU-d59cb1c4-ad97-d91a-6731-e7b5f38951a6
2026-08-16 03:55:00.055998,96.427,12,1g.11gb,yolo-inference-755b67b9bb-g6r55,default,yolo,580.173.02,GPU-d59cb1c4-ad97-d91a-6731-e7b5f38951a6
2026-08-16 03:55:00.055998,96.682,13,1g.11gb,,,,580.173.02,GPU-d59cb1c4-ad97-d91a-6731-e7b5f38951a6
2026-08-16 03:55:00.055998,96.478,7,1g.11gb,yolo-inference-755b67b9bb-6qhhl,default,yolo,580.173.02,GPU-d59cb1c4-ad97-d91a-6731-e7b5f38951a6
2026-08-16 03:55:00.055998,96.427,8,1g.11gb,,,,580.173.02,GPU-d59cb1c4-ad97-d91a-6731-e7b5f38951a6
2026-08-16 03:55:00.055998,96.632,9,1g.11gb,yolo-inference-755b67b9bb-nz54p,default,yolo,580.173.02,GPU-d59cb1c4-ad97-d91a-6731-e7b5f38951a6
2026-08-16 03:55:05.055990,96.605,10,1g.11gb,yolo-inference-755b67b9bb-cf854,default,yolo,580.173.02,GPU-d59cb1c4-ad97-d91a-6731-e7b5f38951a6
2026-08-16 03:55:05.055990,96.632,11,1g.11gb,yolo-inference-755b67b9bb-cgztg,default,yolo,580.173.02,GPU-d59cb1c4-ad97-d91a-6731-e7b5f38951a6
2026-08-16 03:55:05.055990,96.427,12,1g.11gb,yolo-inference-755b67b9bb-g6r55,default,yolo,580.173.02,GPU-d59cb1c4-ad97-d91a-6731-e7b5f38951a6
2026-08-16 03:55:05.055990,96.682,13,1g.11gb,,,,580.173.02,GPU-d59cb1c4-ad97-d91a-6731-e7b5f38951a6
2026-08-16 03:55:05.055990,96.478,7,1g.11gb,yolo-inference-755b67b9bb-6qhhl,default,yolo,580.173.02,GPU-d59cb1c4-ad97-d91a-6731-e7b5f38951a6
2026-08-16 03:55:05.055990,96.427,8,1g.11gb,,,,580.173.02,GPU-d59cb1c4-ad97-d91a-6731-e7b5f38951a6
2026-08-16 03:55:05.055990,96.632,9,1g.11gb,yolo-inference-755b67b9bb-nz54p,default,yolo,580.173.02,GPU-d59cb1c4-ad97-d91a-6731-e7b5f38951a6
2026-08-16 03:55:10.055995,96.605,10,1g.11gb,yolo-inference-755b67b9bb-cf854,default,yolo,580.173.02,GPU-d59cb1c4-ad97-d91a-6731-e7b5f38951a6
2026-08-16 03:55:10.055995,96.632,11,1g.11gb,yolo-inference-755b67b9bb-cgztg,default,yolo,580.173.02,GPU-d59cb1c4-ad97-d91a-6731-e7b5f38951a6
2026-08-16 03:55:10.055995,96.427,12,1g.11gb,yolo-inference-755b67b9bb-g6r55,default,yolo,580.173.02,GPU-d59cb1c4-ad97-d91a-6731-e7b5f38951a6
2026-08-16 03:55:10.055995,96.682,13,1g.11gb,,,,580.173.02,GPU-d59cb1c4-ad97-d91a-6731-e7b5f38951a6
2026-08-16 03:55:10.055995,96.478,7,1g.11gb,yolo-inference-755b67b9bb-6qhhl,default,yolo,580.173.02,GPU-d59cb1c4-ad97-d91a-6731-e7b5f38951a6
2026-08-16 03:55:10.055995,96.427,8,1g.11gb,,,,580.173.02,GPU-d59cb1c4-ad97-d91a-6731-e7b5f38951a6
2026-08-16 03:55:10.055995,96.632,9,1g.11gb,yolo-inference-755b67b9bb-nz54p,default,yolo,580.173.02,GPU-d59cb1c4-ad97-d91a-6731-e7b5f38951a6
2026-08-16 03:55:15.052133,96.605,10,1g.11gb,yolo-inference-755b67b9bb-cf854,default,yolo,580.173.02,GPU-d59cb1c4-ad97-d91a-6731-e7b5f38951a6
2026-08-16 03:55:15.052133,96.632,11,1g.11gb,yolo-inference-755b67b9bb-cgztg,default,yolo,580.173.02,GPU-d59cb1c4-ad97-d91a-6731-e7b5f38951a6
2026-08-16 03:55:15.052133,96.427,12,1g.11gb,yolo-inference-755b67b9bb-g6r55,default,yolo,580.173.02,GPU-d59cb1c4-ad97-d91a-6731-e7b5f38951a6
2026-08-16 03:55:15.052133,96.682,13,1g.11gb,,,,580.173.02,GPU-d59cb1c4-ad97-d91a-6731-e7b5f38951a6
2026-08-16 03:55:15.052133,96.478,7,1g.11gb,yolo-inference-755b67b9bb-6qhhl,default,yolo,580.173.02,GPU-d59cb1c4-ad97-d91a-6731-e7b5f38951a6
2026-08-16 03:55:15.052133,96.427,8,1g.11gb,,,,580.173.02,GPU-d59cb1c4-ad97-d91a-6731-e7b5f38951a6
2026-08-16 03:55:15.052133,96.632,9,1g.11gb,yolo-inference-755b67b9bb-nz54p,default,yolo,580.173.02,GPU-d59cb1c4-ad97-d91a-6731-e7b5f38951a6
2026-08-16 03:55:20.054270,96.572,10,1g.11gb,yolo-inference-755b67b9bb-cf854,default,yolo,580.173.02,GPU-d59cb1c4-ad97-d91a-6731-e7b5f38951a6
2026-08-16 03:55:20.054270,96.632,11,1g.11gb,yolo-inference-755b67b9bb-cgztg,default,yolo,580.173.02,GPU-d59cb1c4-ad97-d91a-6731-e7b5f38951a6
2026-08-16 03:55:20.054270,96.427,12,1g.11gb,yolo-inference-755b67b9bb-g6r55,default,yolo,580.173.02,GPU-d59cb1c4-ad97-d91a-6731-e7b5f38951a6
2026-08-16 03:55:20.054270,96.682,13,1g.11gb,,,,580.173.02,GPU-d59cb1c4-ad97-d91a-6731-e7b5f38951a6
2026-08-16 03:55:20.054270,96.478,7,1g.11gb,yolo-inference-755b67b9bb-6qhhl,default,yolo,580.173.02,GPU-d59cb1c4-ad97-d91a-6731-e7b5f38951a6
2026-08-16 03:55:20.054270,96.427,8,1g.11gb,,,,580.173.02,GPU-d59cb1c4-ad97-d91a-6731-e7b5f38951a6
2026-08-16 03:55:20.054270,96.632,9,1g.11gb,yolo-inference-755b67b9bb-nz54p,default,yolo,580.173.02,GPU-d59cb1c4-ad97-d91a-6731-e7b5f38951a6
2026-08-16 03:55:25.055987,96.572,10,1g.11gb,yolo-inference-755b67b9bb-cf854,default,yolo,580.173.02,GPU-d59cb1c4-ad97-d91a-6731-e7b5f38951a6
2026-08-16 03:55:25.055987,96.564,11,1g.11gb,yolo-inference-755b67b9bb-cgztg,default,yolo,580.173.02,GPU-d59cb1c4-ad97-d91a-6731-e7b5f38951a6
2026-08-16 03:55:25.055987,96.537,12,1g.11gb,yolo-inference-755b67b9bb-g6r55,default,yolo,580.173.02,GPU-d59cb1c4-ad97-d91a-6731-e7b5f38951a6
2026-08-16 03:55:25.055987,96.598,13,1g.11gb,,,,580.173.02,GPU-d59cb1c4-ad97-d91a-6731-e7b5f38951a6
2026-08-16 03:55:25.055987,96.514,7,1g.11gb,yolo-inference-755b67b9bb-6qhhl,default,yolo,580.173.02,GPU-d59cb1c4-ad97-d91a-6731-e7b5f38951a6
2026-08-16 03:55:25.055987,96.537,8,1g.11gb,,,,580.173.02,GPU-d59cb1c4-ad97-d91a-6731-e7b5f38951a6
2026-08-16 03:55:25.055987,96.564,9,1g.11gb,yolo-inference-755b67b9bb-nz54p,default,yolo,580.173.02,GPU-d59cb1c4-ad97-d91a-6731-e7b5f38951a6
2026-08-16 03:55:30.055993,96.572,10,1g.11gb,yolo-inference-755b67b9bb-cf854,default,yolo,580.173.02,GPU-d59cb1c4-ad97-d91a-6731-e7b5f38951a6
2026-08-16 03:55:30.055993,96.564,11,1g.11gb,yolo-inference-755b67b9bb-cgztg,default,yolo,580.173.02,GPU-d59cb1c4-ad97-d91a-6731-e7b5f38951a6
2026-08-16 03:55:30.055993,96.537,12,1g.11gb,yolo-inference-755b67b9bb-g6r55,default,yolo,580.173.02,GPU-d59cb1c4-ad97-d91a-6731-e7b5f38951a6
2026-08-16 03:55:30.055993,96.598,13,1g.11gb,,,,580.173.02,GPU-d59cb1c4-ad97-d91a-6731-e7b5f38951a6
2026-08-16 03:55:30.055993,96.514,7,1g.11gb,yolo-inference-755b67b9bb-6qhhl,default,yolo,580.173.02,GPU-d59cb1c4-ad97-d91a-6731-e7b5f38951a6
2026-08-16 03:55:30.055993,96.537,8,1g.11gb,,,,580.173.02,GPU-d59cb1c4-ad97-d91a-6731-e7b5f38951a6
2026-08-16 03:55:30.055993,96.564,9,1g.11gb,yolo-inference-755b67b9bb-nz54p,default,yolo,580.173.02,GPU-d59cb1c4-ad97-d91a-6731-e7b5f38951a6
2026-08-16 03:55:35.056014,96.572,10,1g.11gb,yolo-inference-755b67b9bb-cf854,default,yolo,580.173.02,GPU-d59cb1c4-ad97-d91a-6731-e7b5f38951a6
2026-08-16 03:55:35.056014,96.564,11,1g.11gb,yolo-inference-755b67b9bb-cgztg,default,yolo,580.173.02,GPU-d59cb1c4-ad97-d91a-6731-e7b5f38951a6
2026-08-16 03:55:35.056014,96.537,12,1g.11gb,yolo-inference-755b67b9bb-g6r55,default,yolo,580.173.02,GPU-d59cb1c4-ad97-d91a-6731-e7b5f38951a6
2026-08-16 03:55:35.056014,96.598,13,1g.11gb,,,,580.173.02,GPU-d59cb1c4-ad97-d91a-6731-e7b5f38951a6
2026-08-16 03:55:35.056014,96.514,7,1g.11gb,yolo-inference-755b67b9bb-6qhhl,default,yolo,580.173.02,GPU-d59cb1c4-ad97-d91a-6731-e7b5f38951a6
2026-08-16 03:55:35.056014,96.537,8,1g.11gb,,,,580.173.02,GPU-d59cb1c4-ad97-d91a-6731-e7b5f38951a6
2026-08-16 03:55:35.056014,96.564,9,1g.11gb,yolo-inference-755b67b9bb-nz54p,default,yolo,580.173.02,GPU-d59cb1c4-ad97-d91a-6731-e7b5f38951a6
2026-08-16 03:55:40.054694,96.572,10,1g.11gb,yolo-inference-755b67b9bb-cf854,default,yolo,580.173.02,GPU-d59cb1c4-ad97-d91a-6731-e7b5f38951a6
2026-08-16 03:55:40.054694,96.564,11,1g.11gb,yolo-inference-755b67b9bb-cgztg,default,yolo,580.173.02,GPU-d59cb1c4-ad97-d91a-6731-e7b5f38951a6
2026-08-16 03:55:40.054694,96.537,12,1g.11gb,yolo-inference-755b67b9bb-g6r55,default,yolo,580.173.02,GPU-d59cb1c4-ad97-d91a-6731-e7b5f38951a6
2026-08-16 03:55:40.054694,96.598,13,1g.11gb,,,,580.173.02,GPU-d59cb1c4-ad97-d91a-6731-e7b5f38951a6
2026-08-16 03:55:40.054694,96.514,7,1g.11gb,yolo-inference-755b67b9bb-6qhhl,default,yolo,580.173.02,GPU-d59cb1c4-ad97-d91a-6731-e7b5f38951a6
2026-08-16 03:55:40.054694,96.537,8,1g.11gb,,,,580.173.02,GPU-d59cb1c4-ad97-d91a-6731-e7b5f38951a6
2026-08-16 03:55:40.054694,96.564,9,1g.11gb,yolo-inference-755b67b9bb-nz54p,default,yolo,580.173.02,GPU-d59cb1c4-ad97-d91a-6731-e7b5f38951a6
2026-08-16 03:55:45.054075,96.572,10,1g.11gb,yolo-inference-755b67b9bb-cf854,default,yolo,580.173.02,GPU-d59cb1c4-ad97-d91a-6731-e7b5f38951a6
2026-08-16 03:55:45.054075,96.564,11,1g.11gb,yolo-inference-755b67b9bb-cgztg,default,yolo,580.173.02,GPU-d59cb1c4-ad97-d91a-6731-e7b5f38951a6
2026-08-16 03:55:45.054075,96.537,12,1g.11gb,yolo-inference-755b67b9bb-g6r55,default,yolo,580.173.02,GPU-d59cb1c4-ad97-d91a-6731-e7b5f38951a6
2026-08-16 03:55:45.054075,96.598,13,1g.11gb,,,,580.173.02,GPU-d59cb1c4-ad97-d91a-6731-e7b5f38951a6
2026-08-16 03:55:45.054075,96.514,7,1g.11gb,yolo-inference-755b67b9bb-6qhhl,default,yolo,580.173.02,GPU-d59cb1c4-ad97-d91a-6731-e7b5f38951a6
2026-08-16 03:55:45.054075,96.537,8,1g.11gb,,,,580.173.02,GPU-d59cb1c4-ad97-d91a-6731-e7b5f38951a6
2026-08-16 03:55:45.054075,96.564,9,1g.11gb,yolo-inference-755b67b9bb-nz54p,default,yolo,580.173.02,GPU-d59cb1c4-ad97-d91a-6731-e7b5f38951a6
2026-08-16 03:55:50.055886,96.501,10,1g.11gb,yolo-inference-755b67b9bb-cf854,default,yolo,580.173.02,GPU-d59cb1c4-ad97-d91a-6731-e7b5f38951a6
2026-08-16 03:55:50.055886,96.564,11,1g.11gb,yolo-inference-755b67b9bb-cgztg,default,yolo,580.173.02,GPU-d59cb1c4-ad97-d91a-6731-e7b5f38951a6
2026-08-16 03:55:50.055886,96.537,12,1g.11gb,yolo-inference-755b67b9bb-g6r55,default,yolo,580.173.02,GPU-d59cb1c4-ad97-d91a-6731-e7b5f38951a6
2026-08-16 03:55:50.055886,96.598,13,1g.11gb,,,,580.173.02,GPU-d59cb1c4-ad97-d91a-6731-e7b5f38951a6
2026-08-16 03:55:50.055886,96.514,7,1g.11gb,yolo-inference-755b67b9bb-6qhhl,default,yolo,580.173.02,GPU-d59cb1c4-ad97-d91a-6731-e7b5f38951a6
2026-08-16 03:55:50.055886,96.537,8,1g.11gb,,,,580.173.02,GPU-d59cb1c4-ad97-d91a-6731-e7b5f38951a6
2026-08-16 03:55:50.055886,96.564,9,1g.11gb,yolo-inference-755b67b9bb-nz54p,default,yolo,580.173.02,GPU-d59cb1c4-ad97-d91a-6731-e7b5f38951a6
2026-08-16 03:55:55.053527,96.501,10,1g.11gb,yolo-inference-755b67b9bb-cf854,default,yolo,580.173.02,GPU-d59cb1c4-ad97-d91a-6731-e7b5f38951a6
2026-08-16 03:55:55.053527,96.737,11,1g.11gb,yolo-inference-755b67b9bb-cgztg,default,yolo,580.173.02,GPU-d59cb1c4-ad97-d91a-6731-e7b5f38951a6
2026-08-16 03:55:55.053527,96.323,12,1g.11gb,yolo-inference-755b67b9bb-g6r55,default,yolo,580.173.02,GPU-d59cb1c4-ad97-d91a-6731-e7b5f38951a6
2026-08-16 03:55:55.053527,96.548,13,1g.11gb,,,,580.173.02,GPU-d59cb1c4-ad97-d91a-6731-e7b5f38951a6
2026-08-16 03:55:55.053527,96.486,7,1g.11gb,yolo-inference-755b67b9bb-6qhhl,default,yolo,580.173.02,GPU-d59cb1c4-ad97-d91a-6731-e7b5f38951a6
2026-08-16 03:55:55.053527,96.585,8,1g.11gb,,,,580.173.02,GPU-d59cb1c4-ad97-d91a-6731-e7b5f38951a6
2026-08-16 03:55:55.053527,96.737,9,1g.11gb,yolo-inference-755b67b9bb-nz54p,default,yolo,580.173.02,GPU-d59cb1c4-ad97-d91a-6731-e7b5f38951a6
2026-08-16 03:56:00.054149,96.501,10,1g.11gb,yolo-inference-755b67b9bb-cf854,default,yolo,580.173.02,GPU-d59cb1c4-ad97-d91a-6731-e7b5f38951a6
2026-08-16 03:56:00.054149,96.737,11,1g.11gb,yolo-inference-755b67b9bb-cgztg,default,yolo,580.173.02,GPU-d59cb1c4-ad97-d91a-6731-e7b5f38951a6
2026-08-16 03:56:00.054149,96.323,12,1g.11gb,yolo-inference-755b67b9bb-g6r55,default,yolo,580.173.02,GPU-d59cb1c4-ad97-d91a-6731-e7b5f38951a6
2026-08-16 03:56:00.054149,96.548,13,1g.11gb,,,,580.173.02,GPU-d59cb1c4-ad97-d91a-6731-e7b5f38951a6
2026-08-16 03:56:00.054149,96.486,7,1g.11gb,yolo-inference-755b67b9bb-6qhhl,default,yolo,580.173.02,GPU-d59cb1c4-ad97-d91a-6731-e7b5f38951a6
2026-08-16 03:56:00.054149,96.585,8,1g.11gb,,,,580.173.02,GPU-d59cb1c4-ad97-d91a-6731-e7b5f38951a6
2026-08-16 03:56:00.054149,96.737,9,1g.11gb,yolo-inference-755b67b9bb-nz54p,default,yolo,580.173.02,GPU-d59cb1c4-ad97-d91a-6731-e7b5f38951a6
2026-08-16 03:56:05.052216,96.501,10,1g.11gb,yolo-inference-755b67b9bb-cf854,default,yolo,580.173.02,GPU-d59cb1c4-ad97-d91a-6731-e7b5f38951a6
2026-08-16 03:56:05.052216,96.737,11,1g.11gb,yolo-inference-755b67b9bb-cgztg,default,yolo,580.173.02,GPU-d59cb1c4-ad97-d91a-6731-e7b5f38951a6
2026-08-16 03:56:05.052216,96.323,12,1g.11gb,yolo-inference-755b67b9bb-g6r55,default,yolo,580.173.02,GPU-d59cb1c4-ad97-d91a-6731-e7b5f38951a6
2026-08-16 03:56:05.052216,96.548,13,1g.11gb,,,,580.173.02,GPU-d59cb1c4-ad97-d91a-6731-e7b5f38951a6
2026-08-16 03:56:05.052216,96.486,7,1g.11gb,yolo-inference-755b67b9bb-6qhhl,default,yolo,580.173.02,GPU-d59cb1c4-ad97-d91a-6731-e7b5f38951a6
2026-08-16 03:56:05.052216,96.585,8,1g.11gb,,,,580.173.02,GPU-d59cb1c4-ad97-d91a-6731-e7b5f38951a6
2026-08-16 03:56:05.052216,96.737,9,1g.11gb,yolo-inference-755b67b9bb-nz54p,default,yolo,580.173.02,GPU-d59cb1c4-ad97-d91a-6731-e7b5f38951a6
2026-08-16 03:56:10.055917,96.501,10,1g.11gb,yolo-inference-755b67b9bb-cf854,default,yolo,580.173.02,GPU-d59cb1c4-ad97-d91a-6731-e7b5f38951a6
2026-08-16 03:56:10.055917,96.737,11,1g.11gb,yolo-inference-755b67b9bb-cgztg,default,yolo,580.173.02,GPU-d59cb1c4-ad97-d91a-6731-e7b5f38951a6
2026-08-16 03:56:10.055917,96.323,12,1g.11gb,yolo-inference-755b67b9bb-g6r55,default,yolo,580.173.02,GPU-d59cb1c4-ad97-d91a-6731-e7b5f38951a6
2026-08-16 03:56:10.055917,96.548,13,1g.11gb,,,,580.173.02,GPU-d59cb1c4-ad97-d91a-6731-e7b5f38951a6
2026-08-16 03:56:10.055917,96.486,7,1g.11gb,yolo-inference-755b67b9bb-6qhhl,default,yolo,580.173.02,GPU-d59cb1c4-ad97-d91a-6731-e7b5f38951a6
2026-08-16 03:56:10.055917,96.585,8,1g.11gb,,,,580.173.02,GPU-d59cb1c4-ad97-d91a-6731-e7b5f38951a6
2026-08-16 03:56:10.055917,96.737,9,1g.11gb,yolo-inference-755b67b9bb-nz54p,default,yolo,580.173.02,GPU-d59cb1c4-ad97-d91a-6731-e7b5f38951a6
2026-08-16 03:56:15.053546,96.501,10,1g.11gb,yolo-inference-755b67b9bb-cf854,default,yolo,580.173.02,GPU-d59cb1c4-ad97-d91a-6731-e7b5f38951a6
2026-08-16 03:56:15.053546,96.737,11,1g.11gb,yolo-inference-755b67b9bb-cgztg,default,yolo,580.173.02,GPU-d59cb1c4-ad97-d91a-6731-e7b5f38951a6
2026-08-16 03:56:15.053546,96.323,12,1g.11gb,yolo-inference-755b67b9bb-g6r55,default,yolo,580.173.02,GPU-d59cb1c4-ad97-d91a-6731-e7b5f38951a6
2026-08-16 03:56:15.053546,96.548,13,1g.11gb,,,,580.173.02,GPU-d59cb1c4-ad97-d91a-6731-e7b5f38951a6
2026-08-16 03:56:15.053546,96.486,7,1g.11gb,yolo-inference-755b67b9bb-6qhhl,default,yolo,580.173.02,GPU-d59cb1c4-ad97-d91a-6731-e7b5f38951a6
2026-08-16 03:56:15.053546,96.585,8,1g.11gb,,,,580.173.02,GPU-d59cb1c4-ad97-d91a-6731-e7b5f38951a6
2026-08-16 03:56:15.053546,96.737,9,1g.11gb,yolo-inference-755b67b9bb-nz54p,default,yolo,580.173.02,GPU-d59cb1c4-ad97-d91a-6731-e7b5f38951a6
2026-08-16 03:56:20.055957,96.316,10,1g.11gb,yolo-inference-755b67b9bb-cf854,default,yolo,580.173.02,GPU-d59cb1c4-ad97-d91a-6731-e7b5f38951a6
2026-08-16 03:56:20.055957,96.737,11,1g.11gb,yolo-inference-755b67b9bb-cgztg,default,yolo,580.173.02,GPU-d59cb1c4-ad97-d91a-6731-e7b5f38951a6
2026-08-16 03:56:20.055957,96.323,12,1g.11gb,yolo-inference-755b67b9bb-g6r55,default,yolo,580.173.02,GPU-d59cb1c4-ad97-d91a-6731-e7b5f38951a6
2026-08-16 03:56:20.055957,96.548,13,1g.11gb,,,,580.173.02,GPU-d59cb1c4-ad97-d91a-6731-e7b5f38951a6
2026-08-16 03:56:20.055957,96.486,7,1g.11gb,yolo-inference-755b67b9bb-6qhhl,default,yolo,580.173.02,GPU-d59cb1c4-ad97-d91a-6731-e7b5f38951a6
2026-08-16 03:56:20.055957,96.585,8,1g.11gb,,,,580.173.02,GPU-d59cb1c4-ad97-d91a-6731-e7b5f38951a6
2026-08-16 03:56:20.055957,96.737,9,1g.11gb,yolo-inference-755b67b9bb-nz54p,default,yolo,580.173.02,GPU-d59cb1c4-ad97-d91a-6731-e7b5f38951a6
2026-08-16 03:56:25.055981,96.316,10,1g.11gb,yolo-inference-755b67b9bb-cf854,default,yolo,580.173.02,GPU-d59cb1c4-ad97-d91a-6731-e7b5f38951a6
2026-08-16 03:56:25.055981,96.506,11,1g.11gb,yolo-inference-755b67b9bb-cgztg,default,yolo,580.173.02,GPU-d59cb1c4-ad97-d91a-6731-e7b5f38951a6
2026-08-16 03:56:25.055981,96.506,12,1g.11gb,yolo-inference-755b67b9bb-g6r55,default,yolo,580.173.02,GPU-d59cb1c4-ad97-d91a-6731-e7b5f38951a6
2026-08-16 03:56:25.055981,96.407,13,1g.11gb,,,,580.173.02,GPU-d59cb1c4-ad97-d91a-6731-e7b5f38951a6
2026-08-16 03:56:25.055981,96.55,7,1g.11gb,yolo-inference-755b67b9bb-6qhhl,default,yolo,580.173.02,GPU-d59cb1c4-ad97-d91a-6731-e7b5f38951a6
2026-08-16 03:56:25.055981,96.516,8,1g.11gb,,,,580.173.02,GPU-d59cb1c4-ad97-d91a-6731-e7b5f38951a6
2026-08-16 03:56:25.055981,96.506,9,1g.11gb,yolo-inference-755b67b9bb-nz54p,default,yolo,580.173.02,GPU-d59cb1c4-ad97-d91a-6731-e7b5f38951a6
2026-08-16 03:56:30.056045,96.316,10,1g.11gb,yolo-inference-755b67b9bb-cf854,default,yolo,580.173.02,GPU-d59cb1c4-ad97-d91a-6731-e7b5f38951a6
2026-08-16 03:56:30.056045,96.506,11,1g.11gb,yolo-inference-755b67b9bb-cgztg,default,yolo,580.173.02,GPU-d59cb1c4-ad97-d91a-6731-e7b5f38951a6
2026-08-16 03:56:30.056045,96.506,12,1g.11gb,yolo-inference-755b67b9bb-g6r55,default,yolo,580.173.02,GPU-d59cb1c4-ad97-d91a-6731-e7b5f38951a6
2026-08-16 03:56:30.056045,96.407,13,1g.11gb,,,,580.173.02,GPU-d59cb1c4-ad97-d91a-6731-e7b5f38951a6
2026-08-16 03:56:30.056045,96.55,7,1g.11gb,yolo-inference-755b67b9bb-6qhhl,default,yolo,580.173.02,GPU-d59cb1c4-ad97-d91a-6731-e7b5f38951a6
2026-08-16 03:56:30.056045,96.516,8,1g.11gb,,,,580.173.02,GPU-d59cb1c4-ad97-d91a-6731-e7b5f38951a6
2026-08-16 03:56:30.056045,96.506,9,1g.11gb,yolo-inference-755b67b9bb-nz54p,default,yolo,580.173.02,GPU-d59cb1c4-ad97-d91a-6731-e7b5f38951a6
2026-08-16 03:56:35.055975,96.316,10,1g.11gb,yolo-inference-755b67b9bb-cf854,default,yolo,580.173.02,GPU-d59cb1c4-ad97-d91a-6731-e7b5f38951a6
2026-08-16 03:56:35.055975,96.506,11,1g.11gb,yolo-inference-755b67b9bb-cgztg,default,yolo,580.173.02,GPU-d59cb1c4-ad97-d91a-6731-e7b5f38951a6
2026-08-16 03:56:35.055975,96.506,12,1g.11gb,yolo-inference-755b67b9bb-g6r55,default,yolo,580.173.02,GPU-d59cb1c4-ad97-d91a-6731-e7b5f38951a6
2026-08-16 03:56:35.055975,96.407,13,1g.11gb,,,,580.173.02,GPU-d59cb1c4-ad97-d91a-6731-e7b5f38951a6
2026-08-16 03:56:35.055975,96.55,7,1g.11gb,yolo-inference-755b67b9bb-6qhhl,default,yolo,580.173.02,GPU-d59cb1c4-ad97-d91a-6731-e7b5f38951a6
2026-08-16 03:56:35.055975,96.516,8,1g.11gb,,,,580.173.02,GPU-d59cb1c4-ad97-d91a-6731-e7b5f38951a6
2026-08-16 03:56:35.055975,96.506,9,1g.11gb,yolo-inference-755b67b9bb-nz54p,default,yolo,580.173.02,GPU-d59cb1c4-ad97-d91a-6731-e7b5f38951a6
2026-08-16 03:56:40.051916,96.316,10,1g.11gb,yolo-inference-755b67b9bb-cf854,default,yolo,580.173.02,GPU-d59cb1c4-ad97-d91a-6731-e7b5f38951a6
2026-08-16 03:56:40.051916,96.506,11,1g.11gb,yolo-inference-755b67b9bb-cgztg,default,yolo,580.173.02,GPU-d59cb1c4-ad97-d91a-6731-e7b5f38951a6
2026-08-16 03:56:40.051916,96.506,12,1g.11gb,yolo-inference-755b67b9bb-g6r55,default,yolo,580.173.02,GPU-d59cb1c4-ad97-d91a-6731-e7b5f38951a6
2026-08-16 03:56:40.051916,96.407,13,1g.11gb,,,,580.173.02,GPU-d59cb1c4-ad97-d91a-6731-e7b5f38951a6
2026-08-16 03:56:40.051916,96.55,7,1g.11gb,yolo-inference-755b67b9bb-6qhhl,default,yolo,580.173.02,GPU-d59cb1c4-ad97-d91a-6731-e7b5f38951a6
2026-08-16 03:56:40.051916,96.516,8,1g.11gb,,,,580.173.02,GPU-d59cb1c4-ad97-d91a-6731-e7b5f38951a6
2026-08-16 03:56:40.051916,96.506,9,1g.11gb,yolo-inference-755b67b9bb-nz54p,default,yolo,580.173.02,GPU-d59cb1c4-ad97-d91a-6731-e7b5f38951a6
2026-08-16 03:56:45.053680,96.316,10,1g.11gb,yolo-inference-755b67b9bb-cf854,default,yolo,580.173.02,GPU-d59cb1c4-ad97-d91a-6731-e7b5f38951a6
2026-08-16 03:56:45.053680,96.506,11,1g.11gb,yolo-inference-755b67b9bb-cgztg,default,yolo,580.173.02,GPU-d59cb1c4-ad97-d91a-6731-e7b5f38951a6
2026-08-16 03:56:45.053680,96.506,12,1g.11gb,yolo-inference-755b67b9bb-g6r55,default,yolo,580.173.02,GPU-d59cb1c4-ad97-d91a-6731-e7b5f38951a6
2026-08-16 03:56:45.053680,96.407,13,1g.11gb,,,,580.173.02,GPU-d59cb1c4-ad97-d91a-6731-e7b5f38951a6
2026-08-16 03:56:45.053680,96.55,7,1g.11gb,yolo-inference-755b67b9bb-6qhhl,default,yolo,580.173.02,GPU-d59cb1c4-ad97-d91a-6731-e7b5f38951a6
2026-08-16 03:56:45.053680,96.516,8,1g.11gb,,,,580.173.02,GPU-d59cb1c4-ad97-d91a-6731-e7b5f38951a6
2026-08-16 03:56:45.053680,96.506,9,1g.11gb,yolo-inference-755b67b9bb-nz54p,default,yolo,580.173.02,GPU-d59cb1c4-ad97-d91a-6731-e7b5f38951a6
2026-08-16 03:56:50.052586,96.534,10,1g.11gb,yolo-inference-755b67b9bb-cf854,default,yolo,580.173.02,GPU-d59cb1c4-ad97-d91a-6731-e7b5f38951a6
2026-08-16 03:56:50.052586,96.506,11,1g.11gb,yolo-inference-755b67b9bb-cgztg,default,yolo,580.173.02,GPU-d59cb1c4-ad97-d91a-6731-e7b5f38951a6
2026-08-16 03:56:50.052586,96.506,12,1g.11gb,yolo-inference-755b67b9bb-g6r55,default,yolo,580.173.02,GPU-d59cb1c4-ad97-d91a-6731-e7b5f38951a6
2026-08-16 03:56:50.052586,96.407,13,1g.11gb,,,,580.173.02,GPU-d59cb1c4-ad97-d91a-6731-e7b5f38951a6
2026-08-16 03:56:50.052586,96.55,7,1g.11gb,yolo-inference-755b67b9bb-6qhhl,default,yolo,580.173.02,GPU-d59cb1c4-ad97-d91a-6731-e7b5f38951a6
2026-08-16 03:56:50.052586,96.516,8,1g.11gb,,,,580.173.02,GPU-d59cb1c4-ad97-d91a-6731-e7b5f38951a6
2026-08-16 03:56:50.052586,96.506,9,1g.11gb,yolo-inference-755b67b9bb-nz54p,default,yolo,580.173.02,GPU-d59cb1c4-ad97-d91a-6731-e7b5f38951a6
2026-08-16 03:56:55.056006,96.534,10,1g.11gb,yolo-inference-755b67b9bb-cf854,default,yolo,580.173.02,GPU-d59cb1c4-ad97-d91a-6731-e7b5f38951a6
2026-08-16 03:56:55.056006,96.393,11,1g.11gb,yolo-inference-755b67b9bb-cgztg,default,yolo,580.173.02,GPU-d59cb1c4-ad97-d91a-6731-e7b5f38951a6
2026-08-16 03:56:55.056006,96.37,12,1g.11gb,yolo-inference-755b67b9bb-g6r55,default,yolo,580.173.02,GPU-d59cb1c4-ad97-d91a-6731-e7b5f38951a6
2026-08-16 03:56:55.056006,96.393,13,1g.11gb,,,,580.173.02,GPU-d59cb1c4-ad97-d91a-6731-e7b5f38951a6
2026-08-16 03:56:55.056006,96.565,7,1g.11gb,yolo-inference-755b67b9bb-6qhhl,default,yolo,580.173.02,GPU-d59cb1c4-ad97-d91a-6731-e7b5f38951a6
2026-08-16 03:56:55.056006,96.393,8,1g.11gb,,,,580.173.02,GPU-d59cb1c4-ad97-d91a-6731-e7b5f38951a6
2026-08-16 03:56:55.056006,96.66,9,1g.11gb,yolo-inference-755b67b9bb-nz54p,default,yolo,580.173.02,GPU-d59cb1c4-ad97-d91a-6731-e7b5f38951a6
2026-08-16 03:57:00.053193,96.534,10,1g.11gb,yolo-inference-755b67b9bb-cf854,default,yolo,580.173.02,GPU-d59cb1c4-ad97-d91a-6731-e7b5f38951a6
2026-08-16 03:57:00.053193,96.393,11,1g.11gb,yolo-inference-755b67b9bb-cgztg,default,yolo,580.173.02,GPU-d59cb1c4-ad97-d91a-6731-e7b5f38951a6
2026-08-16 03:57:00.053193,96.37,12,1g.11gb,yolo-inference-755b67b9bb-g6r55,default,yolo,580.173.02,GPU-d59cb1c4-ad97-d91a-6731-e7b5f38951a6
2026-08-16 03:57:00.053193,96.393,13,1g.11gb,,,,580.173.02,GPU-d59cb1c4-ad97-d91a-6731-e7b5f38951a6
2026-08-16 03:57:00.053193,96.565,7,1g.11gb,yolo-inference-755b67b9bb-6qhhl,default,yolo,580.173.02,GPU-d59cb1c4-ad97-d91a-6731-e7b5f38951a6
2026-08-16 03:57:00.053193,96.393,8,1g.11gb,,,,580.173.02,GPU-d59cb1c4-ad97-d91a-6731-e7b5f38951a6
2026-08-16 03:57:00.053193,96.66,9,1g.11gb,yolo-inference-755b67b9bb-nz54p,default,yolo,580.173.02,GPU-d59cb1c4-ad97-d91a-6731-e7b5f38951a6
2026-08-16 03:57:05.051553,96.534,10,1g.11gb,yolo-inference-755b67b9bb-cf854,default,yolo,580.173.02,GPU-d59cb1c4-ad97-d91a-6731-e7b5f38951a6
2026-08-16 03:57:05.051553,96.393,11,1g.11gb,yolo-inference-755b67b9bb-cgztg,default,yolo,580.173.02,GPU-d59cb1c4-ad97-d91a-6731-e7b5f38951a6
2026-08-16 03:57:05.051553,96.37,12,1g.11gb,yolo-inference-755b67b9bb-g6r55,default,yolo,580.173.02,GPU-d59cb1c4-ad97-d91a-6731-e7b5f38951a6
2026-08-16 03:57:05.051553,96.393,13,1g.11gb,,,,580.173.02,GPU-d59cb1c4-ad97-d91a-6731-e7b5f38951a6
2026-08-16 03:57:05.051553,96.565,7,1g.11gb,yolo-inference-755b67b9bb-6qhhl,default,yolo,580.173.02,GPU-d59cb1c4-ad97-d91a-6731-e7b5f38951a6
2026-08-16 03:57:05.051553,96.393,8,1g.11gb,,,,580.173.02,GPU-d59cb1c4-ad97-d91a-6731-e7b5f38951a6
2026-08-16 03:57:05.051553,96.66,9,1g.11gb,yolo-inference-755b67b9bb-nz54p,default,yolo,580.173.02,GPU-d59cb1c4-ad97-d91a-6731-e7b5f38951a6
2026-08-16 03:57:10.052964,96.534,10,1g.11gb,yolo-inference-755b67b9bb-cf854,default,yolo,580.173.02,GPU-d59cb1c4-ad97-d91a-6731-e7b5f38951a6
2026-08-16 03:57:10.052964,96.393,11,1g.11gb,yolo-inference-755b67b9bb-cgztg,default,yolo,580.173.02,GPU-d59cb1c4-ad97-d91a-6731-e7b5f38951a6
2026-08-16 03:57:10.052964,96.37,12,1g.11gb,yolo-inference-755b67b9bb-g6r55,default,yolo,580.173.02,GPU-d59cb1c4-ad97-d91a-6731-e7b5f38951a6
2026-08-16 03:57:10.052964,96.393,13,1g.11gb,,,,580.173.02,GPU-d59cb1c4-ad97-d91a-6731-e7b5f38951a6
2026-08-16 03:57:10.052964,96.565,7,1g.11gb,yolo-inference-755b67b9bb-6qhhl,default,yolo,580.173.02,GPU-d59cb1c4-ad97-d91a-6731-e7b5f38951a6
2026-08-16 03:57:10.052964,96.393,8,1g.11gb,,,,580.173.02,GPU-d59cb1c4-ad97-d91a-6731-e7b5f38951a6
2026-08-16 03:57:10.052964,96.66,9,1g.11gb,yolo-inference-755b67b9bb-nz54p,default,yolo,580.173.02,GPU-d59cb1c4-ad97-d91a-6731-e7b5f38951a6
2026-08-16 03:57:15.055989,96.534,10,1g.11gb,yolo-inference-755b67b9bb-cf854,default,yolo,580.173.02,GPU-d59cb1c4-ad97-d91a-6731-e7b5f38951a6
2026-08-16 03:57:15.055989,96.393,11,1g.11gb,yolo-inference-755b67b9bb-cgztg,default,yolo,580.173.02,GPU-d59cb1c4-ad97-d91a-6731-e7b5f38951a6
2026-08-16 03:57:15.055989,96.37,12,1g.11gb,yolo-inference-755b67b9bb-g6r55,default,yolo,580.173.02,GPU-d59cb1c4-ad97-d91a-6731-e7b5f38951a6
2026-08-16 03:57:15.055989,96.393,13,1g.11gb,,,,580.173.02,GPU-d59cb1c4-ad97-d91a-6731-e7b5f38951a6
2026-08-16 03:57:15.055989,96.565,7,1g.11gb,yolo-inference-755b67b9bb-6qhhl,default,yolo,580.173.02,GPU-d59cb1c4-ad97-d91a-6731-e7b5f38951a6
2026-08-16 03:57:15.055989,96.393,8,1g.11gb,,,,580.173.02,GPU-d59cb1c4-ad97-d91a-6731-e7b5f38951a6
2026-08-16 03:57:15.055989,96.66,9,1g.11gb,yolo-inference-755b67b9bb-nz54p,default,yolo,580.173.02,GPU-d59cb1c4-ad97-d91a-6731-e7b5f38951a6
2026-08-16 03:57:20.054284,96.275,10,1g.11gb,yolo-inference-755b67b9bb-cf854,default,yolo,580.173.02,GPU-d59cb1c4-ad97-d91a-6731-e7b5f38951a6
2026-08-16 03:57:20.054284,96.393,11,1g.11gb,yolo-inference-755b67b9bb-cgztg,default,yolo,580.173.02,GPU-d59cb1c4-ad97-d91a-6731-e7b5f38951a6
2026-08-16 03:57:20.054284,96.37,12,1g.11gb,yolo-inference-755b67b9bb-g6r55,default,yolo,580.173.02,GPU-d59cb1c4-ad97-d91a-6731-e7b5f38951a6
2026-08-16 03:57:20.054284,96.393,13,1g.11gb,,,,580.173.02,GPU-d59cb1c4-ad97-d91a-6731-e7b5f38951a6
2026-08-16 03:57:20.054284,96.565,7,1g.11gb,yolo-inference-755b67b9bb-6qhhl,default,yolo,580.173.02,GPU-d59cb1c4-ad97-d91a-6731-e7b5f38951a6
2026-08-16 03:57:20.054284,96.393,8,1g.11gb,,,,580.173.02,GPU-d59cb1c4-ad97-d91a-6731-e7b5f38951a6
2026-08-16 03:57:20.054284,96.66,9,1g.11gb,yolo-inference-755b67b9bb-nz54p,default,yolo,580.173.02,GPU-d59cb1c4-ad97-d91a-6731-e7b5f38951a6
2026-08-16 03:57:25.056025,96.275,10,1g.11gb,yolo-inference-755b67b9bb-cf854,default,yolo,580.173.02,GPU-d59cb1c4-ad97-d91a-6731-e7b5f38951a6
2026-08-16 03:57:25.056025,96.461,11,1g.11gb,yolo-inference-755b67b9bb-cgztg,default,yolo,580.173.02,GPU-d59cb1c4-ad97-d91a-6731-e7b5f38951a6
2026-08-16 03:57:25.056025,96.584,12,1g.11gb,yolo-inference-755b67b9bb-g6r55,default,yolo,580.173.02,GPU-d59cb1c4-ad97-d91a-6731-e7b5f38951a6
2026-08-16 03:57:25.056025,96.461,13,1g.11gb,,,,580.173.02,GPU-d59cb1c4-ad97-d91a-6731-e7b5f38951a6
2026-08-16 03:57:25.056025,96.47,7,1g.11gb,yolo-inference-755b67b9bb-6qhhl,default,yolo,580.173.02,GPU-d59cb1c4-ad97-d91a-6731-e7b5f38951a6
2026-08-16 03:57:25.056025,96.585,8,1g.11gb,,,,580.173.02,GPU-d59cb1c4-ad97-d91a-6731-e7b5f38951a6
2026-08-16 03:57:25.056025,96.548,9,1g.11gb,yolo-inference-755b67b9bb-nz54p,default,yolo,580.173.02,GPU-d59cb1c4-ad97-d91a-6731-e7b5f38951a6
2026-08-16 03:57:30.055971,96.275,10,1g.11gb,yolo-inference-755b67b9bb-cf854,default,yolo,580.173.02,GPU-d59cb1c4-ad97-d91a-6731-e7b5f38951a6
2026-08-16 03:57:30.055971,96.461,11,1g.11gb,yolo-inference-755b67b9bb-cgztg,default,yolo,580.173.02,GPU-d59cb1c4-ad97-d91a-6731-e7b5f38951a6
2026-08-16 03:57:30.055971,96.584,12,1g.11gb,yolo-inference-755b67b9bb-g6r55,default,yolo,580.173.02,GPU-d59cb1c4-ad97-d91a-6731-e7b5f38951a6
2026-08-16 03:57:30.055971,96.461,13,1g.11gb,,,,580.173.02,GPU-d59cb1c4-ad97-d91a-6731-e7b5f38951a6
2026-08-16 03:57:30.055971,96.47,7,1g.11gb,yolo-inference-755b67b9bb-6qhhl,default,yolo,580.173.02,GPU-d59cb1c4-ad97-d91a-6731-e7b5f38951a6
2026-08-16 03:57:30.055971,96.585,8,1g.11gb,,,,580.173.02,GPU-d59cb1c4-ad97-d91a-6731-e7b5f38951a6
2026-08-16 03:57:30.055971,96.548,9,1g.11gb,yolo-inference-755b67b9bb-nz54p,default,yolo,580.173.02,GPU-d59cb1c4-ad97-d91a-6731-e7b5f38951a6
2026-08-16 03:57:35.051345,96.275,10,1g.11gb,yolo-inference-755b67b9bb-cf854,default,yolo,580.173.02,GPU-d59cb1c4-ad97-d91a-6731-e7b5f38951a6
2026-08-16 03:57:35.051345,96.461,11,1g.11gb,yolo-inference-755b67b9bb-cgztg,default,yolo,580.173.02,GPU-d59cb1c4-ad97-d91a-6731-e7b5f38951a6
2026-08-16 03:57:35.051345,96.584,12,1g.11gb,yolo-inference-755b67b9bb-g6r55,default,yolo,580.173.02,GPU-d59cb1c4-ad97-d91a-6731-e7b5f38951a6
2026-08-16 03:57:35.051345,96.461,13,1g.11gb,,,,580.173.02,GPU-d59cb1c4-ad97-d91a-6731-e7b5f38951a6
2026-08-16 03:57:35.051345,96.47,7,1g.11gb,yolo-inference-755b67b9bb-6qhhl,default,yolo,580.173.02,GPU-d59cb1c4-ad97-d91a-6731-e7b5f38951a6
2026-08-16 03:57:35.051345,96.585,8,1g.11gb,,,,580.173.02,GPU-d59cb1c4-ad97-d91a-6731-e7b5f38951a6
2026-08-16 03:57:35.051345,96.548,9,1g.11gb,yolo-inference-755b67b9bb-nz54p,default,yolo,580.173.02,GPU-d59cb1c4-ad97-d91a-6731-e7b5f38951a6
2026-08-16 03:57:40.055992,96.275,10,1g.11gb,yolo-inference-755b67b9bb-cf854,default,yolo,580.173.02,GPU-d59cb1c4-ad97-d91a-6731-e7b5f38951a6
2026-08-16 03:57:40.055992,96.461,11,1g.11gb,yolo-inference-755b67b9bb-cgztg,default,yolo,580.173.02,GPU-d59cb1c4-ad97-d91a-6731-e7b5f38951a6
2026-08-16 03:57:40.055992,96.584,12,1g.11gb,yolo-inference-755b67b9bb-g6r55,default,yolo,580.173.02,GPU-d59cb1c4-ad97-d91a-6731-e7b5f38951a6
2026-08-16 03:57:40.055992,96.461,13,1g.11gb,,,,580.173.02,GPU-d59cb1c4-ad97-d91a-6731-e7b5f38951a6
2026-08-16 03:57:40.055992,96.47,7,1g.11gb,yolo-inference-755b67b9bb-6qhhl,default,yolo,580.173.02,GPU-d59cb1c4-ad97-d91a-6731-e7b5f38951a6
2026-08-16 03:57:40.055992,96.585,8,1g.11gb,,,,580.173.02,GPU-d59cb1c4-ad97-d91a-6731-e7b5f38951a6
2026-08-16 03:57:40.055992,96.548,9,1g.11gb,yolo-inference-755b67b9bb-nz54p,default,yolo,580.173.02,GPU-d59cb1c4-ad97-d91a-6731-e7b5f38951a6
2026-08-16 03:57:45.051557,96.275,10,1g.11gb,yolo-inference-755b67b9bb-cf854,default,yolo,580.173.02,GPU-d59cb1c4-ad97-d91a-6731-e7b5f38951a6
2026-08-16 03:57:45.051557,96.461,11,1g.11gb,yolo-inference-755b67b9bb-cgztg,default,yolo,580.173.02,GPU-d59cb1c4-ad97-d91a-6731-e7b5f38951a6
2026-08-16 03:57:45.051557,96.584,12,1g.11gb,yolo-inference-755b67b9bb-g6r55,default,yolo,580.173.02,GPU-d59cb1c4-ad97-d91a-6731-e7b5f38951a6
2026-08-16 03:57:45.051557,96.461,13,1g.11gb,,,,580.173.02,GPU-d59cb1c4-ad97-d91a-6731-e7b5f38951a6
2026-08-16 03:57:45.051557,96.47,7,1g.11gb,yolo-inference-755b67b9bb-6qhhl,default,yolo,580.173.02,GPU-d59cb1c4-ad97-d91a-6731-e7b5f38951a6
2026-08-16 03:57:45.051557,96.585,8,1g.11gb,,,,580.173.02,GPU-d59cb1c4-ad97-d91a-6731-e7b5f38951a6
2026-08-16 03:57:45.051557,96.548,9,1g.11gb,yolo-inference-755b67b9bb-nz54p,default,yolo,580.173.02,GPU-d59cb1c4-ad97-d91a-6731-e7b5f38951a6
2026-08-16 03:57:50.055983,96.333,10,1g.11gb,yolo-inference-755b67b9bb-cf854,default,yolo,580.173.02,GPU-d59cb1c4-ad97-d91a-6731-e7b5f38951a6
2026-08-16 03:57:50.055983,96.461,11,1g.11gb,yolo-inference-755b67b9bb-cgztg,default,yolo,580.173.02,GPU-d59cb1c4-ad97-d91a-6731-e7b5f38951a6
2026-08-16 03:57:50.055983,96.584,12,1g.11gb,yolo-inference-755b67b9bb-g6r55,default,yolo,580.173.02,GPU-d59cb1c4-ad97-d91a-6731-e7b5f38951a6
2026-08-16 03:57:50.055983,96.461,13,1g.11gb,,,,580.173.02,GPU-d59cb1c4-ad97-d91a-6731-e7b5f38951a6
2026-08-16 03:57:50.055983,96.47,7,1g.11gb,yolo-inference-755b67b9bb-6qhhl,default,yolo,580.173.02,GPU-d59cb1c4-ad97-d91a-6731-e7b5f38951a6
2026-08-16 03:57:50.055983,96.585,8,1g.11gb,,,,580.173.02,GPU-d59cb1c4-ad97-d91a-6731-e7b5f38951a6
2026-08-16 03:57:50.055983,96.548,9,1g.11gb,yolo-inference-755b67b9bb-nz54p,default,yolo,580.173.02,GPU-d59cb1c4-ad97-d91a-6731-e7b5f38951a6
2026-08-16 03:57:55.055325,96.333,10,1g.11gb,yolo-inference-755b67b9bb-cf854,default,yolo,580.173.02,GPU-d59cb1c4-ad97-d91a-6731-e7b5f38951a6
2026-08-16 03:57:55.055325,96.62,11,1g.11gb,yolo-inference-755b67b9bb-cgztg,default,yolo,580.173.02,GPU-d59cb1c4-ad97-d91a-6731-e7b5f38951a6
2026-08-16 03:57:55.055325,96.4,12,1g.11gb,yolo-inference-755b67b9bb-g6r55,default,yolo,580.173.02,GPU-d59cb1c4-ad97-d91a-6731-e7b5f38951a6
2026-08-16 03:57:55.055325,96.62,13,1g.11gb,,,,580.173.02,GPU-d59cb1c4-ad97-d91a-6731-e7b5f38951a6
2026-08-16 03:57:55.055325,96.539,7,1g.11gb,yolo-inference-755b67b9bb-6qhhl,default,yolo,580.173.02,GPU-d59cb1c4-ad97-d91a-6731-e7b5f38951a6
2026-08-16 03:57:55.055325,96.38,8,1g.11gb,,,,580.173.02,GPU-d59cb1c4-ad97-d91a-6731-e7b5f38951a6
2026-08-16 03:57:55.055325,96.523,9,1g.11gb,yolo-inference-755b67b9bb-nz54p,default,yolo,580.173.02,GPU-d59cb1c4-ad97-d91a-6731-e7b5f38951a6
2026-08-16 03:58:00.055887,96.333,10,1g.11gb,yolo-inference-755b67b9bb-cf854,default,yolo,580.173.02,GPU-d59cb1c4-ad97-d91a-6731-e7b5f38951a6
2026-08-16 03:58:00.055887,96.62,11,1g.11gb,yolo-inference-755b67b9bb-cgztg,default,yolo,580.173.02,GPU-d59cb1c4-ad97-d91a-6731-e7b5f38951a6
2026-08-16 03:58:00.055887,96.4,12,1g.11gb,yolo-inference-755b67b9bb-g6r55,default,yolo,580.173.02,GPU-d59cb1c4-ad97-d91a-6731-e7b5f38951a6
2026-08-16 03:58:00.055887,96.62,13,1g.11gb,,,,580.173.02,GPU-d59cb1c4-ad97-d91a-6731-e7b5f38951a6
2026-08-16 03:58:00.055887,96.539,7,1g.11gb,yolo-inference-755b67b9bb-6qhhl,default,yolo,580.173.02,GPU-d59cb1c4-ad97-d91a-6731-e7b5f38951a6
2026-08-16 03:58:00.055887,96.38,8,1g.11gb,,,,580.173.02,GPU-d59cb1c4-ad97-d91a-6731-e7b5f38951a6
2026-08-16 03:58:00.055887,96.523,9,1g.11gb,yolo-inference-755b67b9bb-nz54p,default,yolo,580.173.02,GPU-d59cb1c4-ad97-d91a-6731-e7b5f38951a6
2026-08-16 03:58:05.055419,96.333,10,1g.11gb,yolo-inference-755b67b9bb-cf854,default,yolo,580.173.02,GPU-d59cb1c4-ad97-d91a-6731-e7b5f38951a6
2026-08-16 03:58:05.055419,96.62,11,1g.11gb,yolo-inference-755b67b9bb-cgztg,default,yolo,580.173.02,GPU-d59cb1c4-ad97-d91a-6731-e7b5f38951a6
2026-08-16 03:58:05.055419,96.4,12,1g.11gb,yolo-inference-755b67b9bb-g6r55,default,yolo,580.173.02,GPU-d59cb1c4-ad97-d91a-6731-e7b5f38951a6
2026-08-16 03:58:05.055419,96.62,13,1g.11gb,,,,580.173.02,GPU-d59cb1c4-ad97-d91a-6731-e7b5f38951a6
2026-08-16 03:58:05.055419,96.539,7,1g.11gb,yolo-inference-755b67b9bb-6qhhl,default,yolo,580.173.02,GPU-d59cb1c4-ad97-d91a-6731-e7b5f38951a6
2026-08-16 03:58:05.055419,96.38,8,1g.11gb,,,,580.173.02,GPU-d59cb1c4-ad97-d91a-6731-e7b5f38951a6
2026-08-16 03:58:05.055419,96.523,9,1g.11gb,yolo-inference-755b67b9bb-nz54p,default,yolo,580.173.02,GPU-d59cb1c4-ad97-d91a-6731-e7b5f38951a6
2026-08-16 03:58:10.055979,96.333,10,1g.11gb,yolo-inference-755b67b9bb-cf854,default,yolo,580.173.02,GPU-d59cb1c4-ad97-d91a-6731-e7b5f38951a6
2026-08-16 03:58:10.055979,96.62,11,1g.11gb,yolo-inference-755b67b9bb-cgztg,default,yolo,580.173.02,GPU-d59cb1c4-ad97-d91a-6731-e7b5f38951a6
2026-08-16 03:58:10.055979,96.4,12,1g.11gb,yolo-inference-755b67b9bb-g6r55,default,yolo,580.173.02,GPU-d59cb1c4-ad97-d91a-6731-e7b5f38951a6
2026-08-16 03:58:10.055979,96.62,13,1g.11gb,,,,580.173.02,GPU-d59cb1c4-ad97-d91a-6731-e7b5f38951a6
2026-08-16 03:58:10.055979,96.539,7,1g.11gb,yolo-inference-755b67b9bb-6qhhl,default,yolo,580.173.02,GPU-d59cb1c4-ad97-d91a-6731-e7b5f38951a6
2026-08-16 03:58:10.055979,96.38,8,1g.11gb,,,,580.173.02,GPU-d59cb1c4-ad97-d91a-6731-e7b5f38951a6
2026-08-16 03:58:10.055979,96.523,9,1g.11gb,yolo-inference-755b67b9bb-nz54p,default,yolo,580.173.02,GPU-d59cb1c4-ad97-d91a-6731-e7b5f38951a6
2026-08-16 03:58:15.053499,96.333,10,1g.11gb,yolo-inference-755b67b9bb-cf854,default,yolo,580.173.02,GPU-d59cb1c4-ad97-d91a-6731-e7b5f38951a6
2026-08-16 03:58:15.053499,96.62,11,1g.11gb,yolo-inference-755b67b9bb-cgztg,default,yolo,580.173.02,GPU-d59cb1c4-ad97-d91a-6731-e7b5f38951a6
2026-08-16 03:58:15.053499,96.4,12,1g.11gb,yolo-inference-755b67b9bb-g6r55,default,yolo,580.173.02,GPU-d59cb1c4-ad97-d91a-6731-e7b5f38951a6
2026-08-16 03:58:15.053499,96.62,13,1g.11gb,,,,580.173.02,GPU-d59cb1c4-ad97-d91a-6731-e7b5f38951a6
2026-08-16 03:58:15.053499,96.539,7,1g.11gb,yolo-inference-755b67b9bb-6qhhl,default,yolo,580.173.02,GPU-d59cb1c4-ad97-d91a-6731-e7b5f38951a6
2026-08-16 03:58:15.053499,96.38,8,1g.11gb,,,,580.173.02,GPU-d59cb1c4-ad97-d91a-6731-e7b5f38951a6
2026-08-16 03:58:15.053499,96.523,9,1g.11gb,yolo-inference-755b67b9bb-nz54p,default,yolo,580.173.02,GPU-d59cb1c4-ad97-d91a-6731-e7b5f38951a6
2026-08-16 03:58:20.055661,96.47,10,1g.11gb,yolo-inference-755b67b9bb-cf854,default,yolo,580.173.02,GPU-d59cb1c4-ad97-d91a-6731-e7b5f38951a6
2026-08-16 03:58:20.055661,96.62,11,1g.11gb,yolo-inference-755b67b9bb-cgztg,default,yolo,580.173.02,GPU-d59cb1c4-ad97-d91a-6731-e7b5f38951a6
2026-08-16 03:58:20.055661,96.4,12,1g.11gb,yolo-inference-755b67b9bb-g6r55,default,yolo,580.173.02,GPU-d59cb1c4-ad97-d91a-6731-e7b5f38951a6
2026-08-16 03:58:20.055661,96.62,13,1g.11gb,,,,580.173.02,GPU-d59cb1c4-ad97-d91a-6731-e7b5f38951a6
2026-08-16 03:58:20.055661,96.539,7,1g.11gb,yolo-inference-755b67b9bb-6qhhl,default,yolo,580.173.02,GPU-d59cb1c4-ad97-d91a-6731-e7b5f38951a6
2026-08-16 03:58:20.055661,96.38,8,1g.11gb,,,,580.173.02,GPU-d59cb1c4-ad97-d91a-6731-e7b5f38951a6
2026-08-16 03:58:20.055661,96.523,9,1g.11gb,yolo-inference-755b67b9bb-nz54p,default,yolo,580.173.02,GPU-d59cb1c4-ad97-d91a-6731-e7b5f38951a6
2026-08-16 03:58:25.055986,96.47,10,1g.11gb,yolo-inference-755b67b9bb-cf854,default,yolo,580.173.02,GPU-d59cb1c4-ad97-d91a-6731-e7b5f38951a6
2026-08-16 03:58:25.055986,96.072,11,1g.11gb,yolo-inference-755b67b9bb-cgztg,default,yolo,580.173.02,GPU-d59cb1c4-ad97-d91a-6731-e7b5f38951a6
2026-08-16 03:58:25.055986,96.617,12,1g.11gb,yolo-inference-755b67b9bb-g6r55,default,yolo,580.173.02,GPU-d59cb1c4-ad97-d91a-6731-e7b5f38951a6
2026-08-16 03:58:25.055986,96.239,13,1g.11gb,,,,580.173.02,GPU-d59cb1c4-ad97-d91a-6731-e7b5f38951a6
2026-08-16 03:58:25.055986,96.692,7,1g.11gb,yolo-inference-755b67b9bb-6qhhl,default,yolo,580.173.02,GPU-d59cb1c4-ad97-d91a-6731-e7b5f38951a6
2026-08-16 03:58:25.055986,96.617,8,1g.11gb,,,,580.173.02,GPU-d59cb1c4-ad97-d91a-6731-e7b5f38951a6
2026-08-16 03:58:25.055986,96.072,9,1g.11gb,yolo-inference-755b67b9bb-nz54p,default,yolo,580.173.02,GPU-d59cb1c4-ad97-d91a-6731-e7b5f38951a6
2026-08-16 03:58:30.056017,96.47,10,1g.11gb,yolo-inference-755b67b9bb-cf854,default,yolo,580.173.02,GPU-d59cb1c4-ad97-d91a-6731-e7b5f38951a6
2026-08-16 03:58:30.056017,96.072,11,1g.11gb,yolo-inference-755b67b9bb-cgztg,default,yolo,580.173.02,GPU-d59cb1c4-ad97-d91a-6731-e7b5f38951a6
2026-08-16 03:58:30.056017,96.617,12,1g.11gb,yolo-inference-755b67b9bb-g6r55,default,yolo,580.173.02,GPU-d59cb1c4-ad97-d91a-6731-e7b5f38951a6
2026-08-16 03:58:30.056017,96.239,13,1g.11gb,,,,580.173.02,GPU-d59cb1c4-ad97-d91a-6731-e7b5f38951a6
2026-08-16 03:58:30.056017,96.692,7,1g.11gb,yolo-inference-755b67b9bb-6qhhl,default,yolo,580.173.02,GPU-d59cb1c4-ad97-d91a-6731-e7b5f38951a6
2026-08-16 03:58:30.056017,96.617,8,1g.11gb,,,,580.173.02,GPU-d59cb1c4-ad97-d91a-6731-e7b5f38951a6
2026-08-16 03:58:30.056017,96.072,9,1g.11gb,yolo-inference-755b67b9bb-nz54p,default,yolo,580.173.02,GPU-d59cb1c4-ad97-d91a-6731-e7b5f38951a6
2026-08-16 03:58:35.054352,96.47,10,1g.11gb,yolo-inference-755b67b9bb-cf854,default,yolo,580.173.02,GPU-d59cb1c4-ad97-d91a-6731-e7b5f38951a6
2026-08-16 03:58:35.054352,96.072,11,1g.11gb,yolo-inference-755b67b9bb-cgztg,default,yolo,580.173.02,GPU-d59cb1c4-ad97-d91a-6731-e7b5f38951a6
2026-08-16 03:58:35.054352,96.617,12,1g.11gb,yolo-inference-755b67b9bb-g6r55,default,yolo,580.173.02,GPU-d59cb1c4-ad97-d91a-6731-e7b5f38951a6
2026-08-16 03:58:35.054352,96.239,13,1g.11gb,,,,580.173.02,GPU-d59cb1c4-ad97-d91a-6731-e7b5f38951a6
2026-08-16 03:58:35.054352,96.692,7,1g.11gb,yolo-inference-755b67b9bb-6qhhl,default,yolo,580.173.02,GPU-d59cb1c4-ad97-d91a-6731-e7b5f38951a6
2026-08-16 03:58:35.054352,96.617,8,1g.11gb,,,,580.173.02,GPU-d59cb1c4-ad97-d91a-6731-e7b5f38951a6
2026-08-16 03:58:35.054352,96.072,9,1g.11gb,yolo-inference-755b67b9bb-nz54p,default,yolo,580.173.02,GPU-d59cb1c4-ad97-d91a-6731-e7b5f38951a6
2026-08-16 03:58:40.054242,96.47,10,1g.11gb,yolo-inference-755b67b9bb-cf854,default,yolo,580.173.02,GPU-d59cb1c4-ad97-d91a-6731-e7b5f38951a6
2026-08-16 03:58:40.054242,96.072,11,1g.11gb,yolo-inference-755b67b9bb-cgztg,default,yolo,580.173.02,GPU-d59cb1c4-ad97-d91a-6731-e7b5f38951a6
2026-08-16 03:58:40.054242,96.617,12,1g.11gb,yolo-inference-755b67b9bb-g6r55,default,yolo,580.173.02,GPU-d59cb1c4-ad97-d91a-6731-e7b5f38951a6
2026-08-16 03:58:40.054242,96.239,13,1g.11gb,,,,580.173.02,GPU-d59cb1c4-ad97-d91a-6731-e7b5f38951a6
2026-08-16 03:58:40.054242,96.692,7,1g.11gb,yolo-inference-755b67b9bb-6qhhl,default,yolo,580.173.02,GPU-d59cb1c4-ad97-d91a-6731-e7b5f38951a6
2026-08-16 03:58:40.054242,96.617,8,1g.11gb,,,,580.173.02,GPU-d59cb1c4-ad97-d91a-6731-e7b5f38951a6
2026-08-16 03:58:40.054242,96.072,9,1g.11gb,yolo-inference-755b67b9bb-nz54p,default,yolo,580.173.02,GPU-d59cb1c4-ad97-d91a-6731-e7b5f38951a6
2026-08-16 03:58:45.055948,96.47,10,1g.11gb,yolo-inference-755b67b9bb-cf854,default,yolo,580.173.02,GPU-d59cb1c4-ad97-d91a-6731-e7b5f38951a6
2026-08-16 03:58:45.055948,96.072,11,1g.11gb,yolo-inference-755b67b9bb-cgztg,default,yolo,580.173.02,GPU-d59cb1c4-ad97-d91a-6731-e7b5f38951a6
2026-08-16 03:58:45.055948,96.617,12,1g.11gb,yolo-inference-755b67b9bb-g6r55,default,yolo,580.173.02,GPU-d59cb1c4-ad97-d91a-6731-e7b5f38951a6
2026-08-16 03:58:45.055948,96.239,13,1g.11gb,,,,580.173.02,GPU-d59cb1c4-ad97-d91a-6731-e7b5f38951a6
2026-08-16 03:58:45.055948,96.692,7,1g.11gb,yolo-inference-755b67b9bb-6qhhl,default,yolo,580.173.02,GPU-d59cb1c4-ad97-d91a-6731-e7b5f38951a6
2026-08-16 03:58:45.055948,96.617,8,1g.11gb,,,,580.173.02,GPU-d59cb1c4-ad97-d91a-6731-e7b5f38951a6
2026-08-16 03:58:45.055948,96.072,9,1g.11gb,yolo-inference-755b67b9bb-nz54p,default,yolo,580.173.02,GPU-d59cb1c4-ad97-d91a-6731-e7b5f38951a6
2026-08-16 03:58:50.055994,96.257,10,1g.11gb,yolo-inference-755b67b9bb-cf854,default,yolo,580.173.02,GPU-d59cb1c4-ad97-d91a-6731-e7b5f38951a6
2026-08-16 03:58:50.055994,96.072,11,1g.11gb,yolo-inference-755b67b9bb-cgztg,default,yolo,580.173.02,GPU-d59cb1c4-ad97-d91a-6731-e7b5f38951a6
2026-08-16 03:58:50.055994,96.617,12,1g.11gb,yolo-inference-755b67b9bb-g6r55,default,yolo,580.173.02,GPU-d59cb1c4-ad97-d91a-6731-e7b5f38951a6
2026-08-16 03:58:50.055994,96.239,13,1g.11gb,,,,580.173.02,GPU-d59cb1c4-ad97-d91a-6731-e7b5f38951a6
2026-08-16 03:58:50.055994,96.692,7,1g.11gb,yolo-inference-755b67b9bb-6qhhl,default,yolo,580.173.02,GPU-d59cb1c4-ad97-d91a-6731-e7b5f38951a6
2026-08-16 03:58:50.055994,96.617,8,1g.11gb,,,,580.173.02,GPU-d59cb1c4-ad97-d91a-6731-e7b5f38951a6
2026-08-16 03:58:50.055994,96.072,9,1g.11gb,yolo-inference-755b67b9bb-nz54p,default,yolo,580.173.02,GPU-d59cb1c4-ad97-d91a-6731-e7b5f38951a6
2026-08-16 03:58:55.055993,96.257,10,1g.11gb,yolo-inference-755b67b9bb-cf854,default,yolo,580.173.02,GPU-d59cb1c4-ad97-d91a-6731-e7b5f38951a6
2026-08-16 03:58:55.055993,96.526,11,1g.11gb,yolo-inference-755b67b9bb-cgztg,default,yolo,580.173.02,GPU-d59cb1c4-ad97-d91a-6731-e7b5f38951a6
2026-08-16 03:58:55.055993,96.536,12,1g.11gb,yolo-inference-755b67b9bb-g6r55,default,yolo,580.173.02,GPU-d59cb1c4-ad97-d91a-6731-e7b5f38951a6
2026-08-16 03:58:55.055993,96.437,13,1g.11gb,,,,580.173.02,GPU-d59cb1c4-ad97-d91a-6731-e7b5f38951a6
2026-08-16 03:58:55.055993,96.517,7,1g.11gb,yolo-inference-755b67b9bb-6qhhl,default,yolo,580.173.02,GPU-d59cb1c4-ad97-d91a-6731-e7b5f38951a6
2026-08-16 03:58:55.055993,96.536,8,1g.11gb,,,,580.173.02,GPU-d59cb1c4-ad97-d91a-6731-e7b5f38951a6
2026-08-16 03:58:55.055993,96.526,9,1g.11gb,yolo-inference-755b67b9bb-nz54p,default,yolo,580.173.02,GPU-d59cb1c4-ad97-d91a-6731-e7b5f38951a6
2026-08-16 03:59:00.055572,96.257,10,1g.11gb,yolo-inference-755b67b9bb-cf854,default,yolo,580.173.02,GPU-d59cb1c4-ad97-d91a-6731-e7b5f38951a6
2026-08-16 03:59:00.055572,96.526,11,1g.11gb,yolo-inference-755b67b9bb-cgztg,default,yolo,580.173.02,GPU-d59cb1c4-ad97-d91a-6731-e7b5f38951a6
2026-08-16 03:59:00.055572,96.536,12,1g.11gb,yolo-inference-755b67b9bb-g6r55,default,yolo,580.173.02,GPU-d59cb1c4-ad97-d91a-6731-e7b5f38951a6
2026-08-16 03:59:00.055572,96.437,13,1g.11gb,,,,580.173.02,GPU-d59cb1c4-ad97-d91a-6731-e7b5f38951a6
2026-08-16 03:59:00.055572,96.517,7,1g.11gb,yolo-inference-755b67b9bb-6qhhl,default,yolo,580.173.02,GPU-d59cb1c4-ad97-d91a-6731-e7b5f38951a6
2026-08-16 03:59:00.055572,96.536,8,1g.11gb,,,,580.173.02,GPU-d59cb1c4-ad97-d91a-6731-e7b5f38951a6
2026-08-16 03:59:00.055572,96.526,9,1g.11gb,yolo-inference-755b67b9bb-nz54p,default,yolo,580.173.02,GPU-d59cb1c4-ad97-d91a-6731-e7b5f38951a6
2026-08-16 03:59:05.056037,96.257,10,1g.11gb,yolo-inference-755b67b9bb-cf854,default,yolo,580.173.02,GPU-d59cb1c4-ad97-d91a-6731-e7b5f38951a6
2026-08-16 03:59:05.056037,96.526,11,1g.11gb,yolo-inference-755b67b9bb-cgztg,default,yolo,580.173.02,GPU-d59cb1c4-ad97-d91a-6731-e7b5f38951a6
2026-08-16 03:59:05.056037,96.536,12,1g.11gb,yolo-inference-755b67b9bb-g6r55,default,yolo,580.173.02,GPU-d59cb1c4-ad97-d91a-6731-e7b5f38951a6
2026-08-16 03:59:05.056037,96.437,13,1g.11gb,,,,580.173.02,GPU-d59cb1c4-ad97-d91a-6731-e7b5f38951a6
2026-08-16 03:59:05.056037,96.517,7,1g.11gb,yolo-inference-755b67b9bb-6qhhl,default,yolo,580.173.02,GPU-d59cb1c4-ad97-d91a-6731-e7b5f38951a6
2026-08-16 03:59:05.056037,96.536,8,1g.11gb,,,,580.173.02,GPU-d59cb1c4-ad97-d91a-6731-e7b5f38951a6
2026-08-16 03:59:05.056037,96.526,9,1g.11gb,yolo-inference-755b67b9bb-nz54p,default,yolo,580.173.02,GPU-d59cb1c4-ad97-d91a-6731-e7b5f38951a6
2026-08-16 03:59:10.054121,96.257,10,1g.11gb,yolo-inference-755b67b9bb-cf854,default,yolo,580.173.02,GPU-d59cb1c4-ad97-d91a-6731-e7b5f38951a6
2026-08-16 03:59:10.054121,96.526,11,1g.11gb,yolo-inference-755b67b9bb-cgztg,default,yolo,580.173.02,GPU-d59cb1c4-ad97-d91a-6731-e7b5f38951a6
2026-08-16 03:59:10.054121,96.536,12,1g.11gb,yolo-inference-755b67b9bb-g6r55,default,yolo,580.173.02,GPU-d59cb1c4-ad97-d91a-6731-e7b5f38951a6
2026-08-16 03:59:10.054121,96.437,13,1g.11gb,,,,580.173.02,GPU-d59cb1c4-ad97-d91a-6731-e7b5f38951a6
2026-08-16 03:59:10.054121,96.517,7,1g.11gb,yolo-inference-755b67b9bb-6qhhl,default,yolo,580.173.02,GPU-d59cb1c4-ad97-d91a-6731-e7b5f38951a6
2026-08-16 03:59:10.054121,96.536,8,1g.11gb,,,,580.173.02,GPU-d59cb1c4-ad97-d91a-6731-e7b5f38951a6
2026-08-16 03:59:10.054121,96.526,9,1g.11gb,yolo-inference-755b67b9bb-nz54p,default,yolo,580.173.02,GPU-d59cb1c4-ad97-d91a-6731-e7b5f38951a6
2026-08-16 03:59:15.056023,96.257,10,1g.11gb,yolo-inference-755b67b9bb-cf854,default,yolo,580.173.02,GPU-d59cb1c4-ad97-d91a-6731-e7b5f38951a6
2026-08-16 03:59:15.056023,96.526,11,1g.11gb,yolo-inference-755b67b9bb-cgztg,default,yolo,580.173.02,GPU-d59cb1c4-ad97-d91a-6731-e7b5f38951a6
2026-08-16 03:59:15.056023,96.536,12,1g.11gb,yolo-inference-755b67b9bb-g6r55,default,yolo,580.173.02,GPU-d59cb1c4-ad97-d91a-6731-e7b5f38951a6
2026-08-16 03:59:15.056023,96.437,13,1g.11gb,,,,580.173.02,GPU-d59cb1c4-ad97-d91a-6731-e7b5f38951a6
2026-08-16 03:59:15.056023,96.517,7,1g.11gb,yolo-inference-755b67b9bb-6qhhl,default,yolo,580.173.02,GPU-d59cb1c4-ad97-d91a-6731-e7b5f38951a6
2026-08-16 03:59:15.056023,96.536,8,1g.11gb,,,,580.173.02,GPU-d59cb1c4-ad97-d91a-6731-e7b5f38951a6
2026-08-16 03:59:15.056023,96.526,9,1g.11gb,yolo-inference-755b67b9bb-nz54p,default,yolo,580.173.02,GPU-d59cb1c4-ad97-d91a-6731-e7b5f38951a6
2026-08-16 03:59:20.052931,96.649,10,1g.11gb,yolo-inference-755b67b9bb-cf854,default,yolo,580.173.02,GPU-d59cb1c4-ad97-d91a-6731-e7b5f38951a6
2026-08-16 03:59:20.052931,96.526,11,1g.11gb,yolo-inference-755b67b9bb-cgztg,default,yolo,580.173.02,GPU-d59cb1c4-ad97-d91a-6731-e7b5f38951a6
2026-08-16 03:59:20.052931,96.536,12,1g.11gb,yolo-inference-755b67b9bb-g6r55,default,yolo,580.173.02,GPU-d59cb1c4-ad97-d91a-6731-e7b5f38951a6
2026-08-16 03:59:20.052931,96.437,13,1g.11gb,,,,580.173.02,GPU-d59cb1c4-ad97-d91a-6731-e7b5f38951a6
2026-08-16 03:59:20.052931,96.517,7,1g.11gb,yolo-inference-755b67b9bb-6qhhl,default,yolo,580.173.02,GPU-d59cb1c4-ad97-d91a-6731-e7b5f38951a6
2026-08-16 03:59:20.052931,96.536,8,1g.11gb,,,,580.173.02,GPU-d59cb1c4-ad97-d91a-6731-e7b5f38951a6
2026-08-16 03:59:20.052931,96.526,9,1g.11gb,yolo-inference-755b67b9bb-nz54p,default,yolo,580.173.02,GPU-d59cb1c4-ad97-d91a-6731-e7b5f38951a6
2026-08-16 03:59:25.053483,96.649,10,1g.11gb,yolo-inference-755b67b9bb-cf854,default,yolo,580.173.02,GPU-d59cb1c4-ad97-d91a-6731-e7b5f38951a6
2026-08-16 03:59:25.053483,96.527,11,1g.11gb,yolo-inference-755b67b9bb-cgztg,default,yolo,580.173.02,GPU-d59cb1c4-ad97-d91a-6731-e7b5f38951a6
2026-08-16 03:59:25.053483,96.308,12,1g.11gb,yolo-inference-755b67b9bb-g6r55,default,yolo,580.173.02,GPU-d59cb1c4-ad97-d91a-6731-e7b5f38951a6
2026-08-16 03:59:25.053483,96.595,13,1g.11gb,,,,580.173.02,GPU-d59cb1c4-ad97-d91a-6731-e7b5f38951a6
2026-08-16 03:59:25.053483,96.661,7,1g.11gb,yolo-inference-755b67b9bb-6qhhl,default,yolo,580.173.02,GPU-d59cb1c4-ad97-d91a-6731-e7b5f38951a6
2026-08-16 03:59:25.053483,96.308,8,1g.11gb,,,,580.173.02,GPU-d59cb1c4-ad97-d91a-6731-e7b5f38951a6
2026-08-16 03:59:25.053483,96.527,9,1g.11gb,yolo-inference-755b67b9bb-nz54p,default,yolo,580.173.02,GPU-d59cb1c4-ad97-d91a-6731-e7b5f38951a6
2026-08-16 03:59:30.054024,96.649,10,1g.11gb,yolo-inference-755b67b9bb-cf854,default,yolo,580.173.02,GPU-d59cb1c4-ad97-d91a-6731-e7b5f38951a6
2026-08-16 03:59:30.054024,96.527,11,1g.11gb,yolo-inference-755b67b9bb-cgztg,default,yolo,580.173.02,GPU-d59cb1c4-ad97-d91a-6731-e7b5f38951a6
2026-08-16 03:59:30.054024,96.308,12,1g.11gb,yolo-inference-755b67b9bb-g6r55,default,yolo,580.173.02,GPU-d59cb1c4-ad97-d91a-6731-e7b5f38951a6
2026-08-16 03:59:30.054024,96.595,13,1g.11gb,,,,580.173.02,GPU-d59cb1c4-ad97-d91a-6731-e7b5f38951a6
2026-08-16 03:59:30.054024,96.661,7,1g.11gb,yolo-inference-755b67b9bb-6qhhl,default,yolo,580.173.02,GPU-d59cb1c4-ad97-d91a-6731-e7b5f38951a6
2026-08-16 03:59:30.054024,96.308,8,1g.11gb,,,,580.173.02,GPU-d59cb1c4-ad97-d91a-6731-e7b5f38951a6
2026-08-16 03:59:30.054024,96.527,9,1g.11gb,yolo-inference-755b67b9bb-nz54p,default,yolo,580.173.02,GPU-d59cb1c4-ad97-d91a-6731-e7b5f38951a6
2026-08-16 03:59:35.055988,96.649,10,1g.11gb,yolo-inference-755b67b9bb-cf854,default,yolo,580.173.02,GPU-d59cb1c4-ad97-d91a-6731-e7b5f38951a6
2026-08-16 03:59:35.055988,96.527,11,1g.11gb,yolo-inference-755b67b9bb-cgztg,default,yolo,580.173.02,GPU-d59cb1c4-ad97-d91a-6731-e7b5f38951a6
2026-08-16 03:59:35.055988,96.308,12,1g.11gb,yolo-inference-755b67b9bb-g6r55,default,yolo,580.173.02,GPU-d59cb1c4-ad97-d91a-6731-e7b5f38951a6
2026-08-16 03:59:35.055988,96.595,13,1g.11gb,,,,580.173.02,GPU-d59cb1c4-ad97-d91a-6731-e7b5f38951a6
2026-08-16 03:59:35.055988,96.661,7,1g.11gb,yolo-inference-755b67b9bb-6qhhl,default,yolo,580.173.02,GPU-d59cb1c4-ad97-d91a-6731-e7b5f38951a6
2026-08-16 03:59:35.055988,96.308,8,1g.11gb,,,,580.173.02,GPU-d59cb1c4-ad97-d91a-6731-e7b5f38951a6
2026-08-16 03:59:35.055988,96.527,9,1g.11gb,yolo-inference-755b67b9bb-nz54p,default,yolo,580.173.02,GPU-d59cb1c4-ad97-d91a-6731-e7b5f38951a6
2026-08-16 03:59:40.054389,96.649,10,1g.11gb,yolo-inference-755b67b9bb-cf854,default,yolo,580.173.02,GPU-d59cb1c4-ad97-d91a-6731-e7b5f38951a6
2026-08-16 03:59:40.054389,96.527,11,1g.11gb,yolo-inference-755b67b9bb-cgztg,default,yolo,580.173.02,GPU-d59cb1c4-ad97-d91a-6731-e7b5f38951a6
2026-08-16 03:59:40.054389,96.308,12,1g.11gb,yolo-inference-755b67b9bb-g6r55,default,yolo,580.173.02,GPU-d59cb1c4-ad97-d91a-6731-e7b5f38951a6
2026-08-16 03:59:40.054389,96.595,13,1g.11gb,,,,580.173.02,GPU-d59cb1c4-ad97-d91a-6731-e7b5f38951a6
2026-08-16 03:59:40.054389,96.661,7,1g.11gb,yolo-inference-755b67b9bb-6qhhl,default,yolo,580.173.02,GPU-d59cb1c4-ad97-d91a-6731-e7b5f38951a6
2026-08-16 03:59:40.054389,96.308,8,1g.11gb,,,,580.173.02,GPU-d59cb1c4-ad97-d91a-6731-e7b5f38951a6
2026-08-16 03:59:40.054389,96.527,9,1g.11gb,yolo-inference-755b67b9bb-nz54p,default,yolo,580.173.02,GPU-d59cb1c4-ad97-d91a-6731-e7b5f38951a6
2026-08-16 03:59:45.054262,96.649,10,1g.11gb,yolo-inference-755b67b9bb-cf854,default,yolo,580.173.02,GPU-d59cb1c4-ad97-d91a-6731-e7b5f38951a6
2026-08-16 03:59:45.054262,96.527,11,1g.11gb,yolo-inference-755b67b9bb-cgztg,default,yolo,580.173.02,GPU-d59cb1c4-ad97-d91a-6731-e7b5f38951a6
2026-08-16 03:59:45.054262,96.308,12,1g.11gb,yolo-inference-755b67b9bb-g6r55,default,yolo,580.173.02,GPU-d59cb1c4-ad97-d91a-6731-e7b5f38951a6
2026-08-16 03:59:45.054262,96.595,13,1g.11gb,,,,580.173.02,GPU-d59cb1c4-ad97-d91a-6731-e7b5f38951a6
2026-08-16 03:59:45.054262,96.661,7,1g.11gb,yolo-inference-755b67b9bb-6qhhl,default,yolo,580.173.02,GPU-d59cb1c4-ad97-d91a-6731-e7b5f38951a6
2026-08-16 03:59:45.054262,96.308,8,1g.11gb,,,,580.173.02,GPU-d59cb1c4-ad97-d91a-6731-e7b5f38951a6
2026-08-16 03:59:45.054262,96.527,9,1g.11gb,yolo-inference-755b67b9bb-nz54p,default,yolo,580.173.02,GPU-d59cb1c4-ad97-d91a-6731-e7b5f38951a6
2026-08-16 03:59:50.051644,96.439,10,1g.11gb,yolo-inference-755b67b9bb-cf854,default,yolo,580.173.02,GPU-d59cb1c4-ad97-d91a-6731-e7b5f38951a6
2026-08-16 03:59:50.051644,96.527,11,1g.11gb,yolo-inference-755b67b9bb-cgztg,default,yolo,580.173.02,GPU-d59cb1c4-ad97-d91a-6731-e7b5f38951a6
2026-08-16 03:59:50.051644,96.308,12,1g.11gb,yolo-inference-755b67b9bb-g6r55,default,yolo,580.173.02,GPU-d59cb1c4-ad97-d91a-6731-e7b5f38951a6
2026-08-16 03:59:50.051644,96.595,13,1g.11gb,,,,580.173.02,GPU-d59cb1c4-ad97-d91a-6731-e7b5f38951a6
2026-08-16 03:59:50.051644,96.661,7,1g.11gb,yolo-inference-755b67b9bb-6qhhl,default,yolo,580.173.02,GPU-d59cb1c4-ad97-d91a-6731-e7b5f38951a6
2026-08-16 03:59:50.051644,96.308,8,1g.11gb,,,,580.173.02,GPU-d59cb1c4-ad97-d91a-6731-e7b5f38951a6
2026-08-16 03:59:50.051644,96.527,9,1g.11gb,yolo-inference-755b67b9bb-nz54p,default,yolo,580.173.02,GPU-d59cb1c4-ad97-d91a-6731-e7b5f38951a6
2026-08-16 03:59:55.051389,96.439,10,1g.11gb,yolo-inference-755b67b9bb-cf854,default,yolo,580.173.02,GPU-d59cb1c4-ad97-d91a-6731-e7b5f38951a6
2026-08-16 03:59:55.051389,96.522,11,1g.11gb,yolo-inference-755b67b9bb-cgztg,default,yolo,580.173.02,GPU-d59cb1c4-ad97-d91a-6731-e7b5f38951a6
2026-08-16 03:59:55.051389,96.565,12,1g.11gb,yolo-inference-755b67b9bb-g6r55,default,yolo,580.173.02,GPU-d59cb1c4-ad97-d91a-6731-e7b5f38951a6
2026-08-16 03:59:55.051389,96.594,13,1g.11gb,,,,580.173.02,GPU-d59cb1c4-ad97-d91a-6731-e7b5f38951a6
2026-08-16 03:59:55.051389,96.575,7,1g.11gb,yolo-inference-755b67b9bb-6qhhl,default,yolo,580.173.02,GPU-d59cb1c4-ad97-d91a-6731-e7b5f38951a6
2026-08-16 03:59:55.051389,96.565,8,1g.11gb,,,,580.173.02,GPU-d59cb1c4-ad97-d91a-6731-e7b5f38951a6
2026-08-16 03:59:55.051389,96.522,9,1g.11gb,yolo-inference-755b67b9bb-nz54p,default,yolo,580.173.02,GPU-d59cb1c4-ad97-d91a-6731-e7b5f38951a6
2026-08-16 04:00:00.051847,96.439,10,1g.11gb,yolo-inference-755b67b9bb-cf854,default,yolo,580.173.02,GPU-d59cb1c4-ad97-d91a-6731-e7b5f38951a6
2026-08-16 04:00:00.051847,96.522,11,1g.11gb,yolo-inference-755b67b9bb-cgztg,default,yolo,580.173.02,GPU-d59cb1c4-ad97-d91a-6731-e7b5f38951a6
2026-08-16 04:00:00.051847,96.565,12,1g.11gb,yolo-inference-755b67b9bb-g6r55,default,yolo,580.173.02,GPU-d59cb1c4-ad97-d91a-6731-e7b5f38951a6
2026-08-16 04:00:00.051847,96.594,13,1g.11gb,,,,580.173.02,GPU-d59cb1c4-ad97-d91a-6731-e7b5f38951a6
2026-08-16 04:00:00.051847,96.575,7,1g.11gb,yolo-inference-755b67b9bb-6qhhl,default,yolo,580.173.02,GPU-d59cb1c4-ad97-d91a-6731-e7b5f38951a6
2026-08-16 04:00:00.051847,96.565,8,1g.11gb,,,,580.173.02,GPU-d59cb1c4-ad97-d91a-6731-e7b5f38951a6
2026-08-16 04:00:00.051847,96.522,9,1g.11gb,yolo-inference-755b67b9bb-nz54p,default,yolo,580.173.02,GPU-d59cb1c4-ad97-d91a-6731-e7b5f38951a6
2026-08-16 04:00:05.055996,96.439,10,1g.11gb,yolo-inference-755b67b9bb-cf854,default,yolo,580.173.02,GPU-d59cb1c4-ad97-d91a-6731-e7b5f38951a6
2026-08-16 04:00:05.055996,96.522,11,1g.11gb,yolo-inference-755b67b9bb-cgztg,default,yolo,580.173.02,GPU-d59cb1c4-ad97-d91a-6731-e7b5f38951a6
2026-08-16 04:00:05.055996,96.565,12,1g.11gb,yolo-inference-755b67b9bb-g6r55,default,yolo,580.173.02,GPU-d59cb1c4-ad97-d91a-6731-e7b5f38951a6
2026-08-16 04:00:05.055996,96.594,13,1g.11gb,,,,580.173.02,GPU-d59cb1c4-ad97-d91a-6731-e7b5f38951a6
2026-08-16 04:00:05.055996,96.575,7,1g.11gb,yolo-inference-755b67b9bb-6qhhl,default,yolo,580.173.02,GPU-d59cb1c4-ad97-d91a-6731-e7b5f38951a6
2026-08-16 04:00:05.055996,96.565,8,1g.11gb,,,,580.173.02,GPU-d59cb1c4-ad97-d91a-6731-e7b5f38951a6
2026-08-16 04:00:05.055996,96.522,9,1g.11gb,yolo-inference-755b67b9bb-nz54p,default,yolo,580.173.02,GPU-d59cb1c4-ad97-d91a-6731-e7b5f38951a6
2026-08-16 04:00:10.055988,96.439,10,1g.11gb,yolo-inference-755b67b9bb-cf854,default,yolo,580.173.02,GPU-d59cb1c4-ad97-d91a-6731-e7b5f38951a6
2026-08-16 04:00:10.055988,96.522,11,1g.11gb,yolo-inference-755b67b9bb-cgztg,default,yolo,580.173.02,GPU-d59cb1c4-ad97-d91a-6731-e7b5f38951a6
2026-08-16 04:00:10.055988,96.565,12,1g.11gb,yolo-inference-755b67b9bb-g6r55,default,yolo,580.173.02,GPU-d59cb1c4-ad97-d91a-6731-e7b5f38951a6
2026-08-16 04:00:10.055988,96.594,13,1g.11gb,,,,580.173.02,GPU-d59cb1c4-ad97-d91a-6731-e7b5f38951a6
2026-08-16 04:00:10.055988,96.575,7,1g.11gb,yolo-inference-755b67b9bb-6qhhl,default,yolo,580.173.02,GPU-d59cb1c4-ad97-d91a-6731-e7b5f38951a6
2026-08-16 04:00:10.055988,96.565,8,1g.11gb,,,,580.173.02,GPU-d59cb1c4-ad97-d91a-6731-e7b5f38951a6
2026-08-16 04:00:10.055988,96.522,9,1g.11gb,yolo-inference-755b67b9bb-nz54p,default,yolo,580.173.02,GPU-d59cb1c4-ad97-d91a-6731-e7b5f38951a6
2026-08-16 04:00:15.055989,96.439,10,1g.11gb,yolo-inference-755b67b9bb-cf854,default,yolo,580.173.02,GPU-d59cb1c4-ad97-d91a-6731-e7b5f38951a6
2026-08-16 04:00:15.055989,96.522,11,1g.11gb,yolo-inference-755b67b9bb-cgztg,default,yolo,580.173.02,GPU-d59cb1c4-ad97-d91a-6731-e7b5f38951a6
2026-08-16 04:00:15.055989,96.565,12,1g.11gb,yolo-inference-755b67b9bb-g6r55,default,yolo,580.173.02,GPU-d59cb1c4-ad97-d91a-6731-e7b5f38951a6
2026-08-16 04:00:15.055989,96.594,13,1g.11gb,,,,580.173.02,GPU-d59cb1c4-ad97-d91a-6731-e7b5f38951a6
2026-08-16 04:00:15.055989,96.575,7,1g.11gb,yolo-inference-755b67b9bb-6qhhl,default,yolo,580.173.02,GPU-d59cb1c4-ad97-d91a-6731-e7b5f38951a6
2026-08-16 04:00:15.055989,96.565,8,1g.11gb,,,,580.173.02,GPU-d59cb1c4-ad97-d91a-6731-e7b5f38951a6
2026-08-16 04:00:15.055989,96.522,9,1g.11gb,yolo-inference-755b67b9bb-nz54p,default,yolo,580.173.02,GPU-d59cb1c4-ad97-d91a-6731-e7b5f38951a6
2026-08-16 04:00:20.051870,96.69,10,1g.11gb,yolo-inference-755b67b9bb-cf854,default,yolo,580.173.02,GPU-d59cb1c4-ad97-d91a-6731-e7b5f38951a6
2026-08-16 04:00:20.051870,96.522,11,1g.11gb,yolo-inference-755b67b9bb-cgztg,default,yolo,580.173.02,GPU-d59cb1c4-ad97-d91a-6731-e7b5f38951a6
2026-08-16 04:00:20.051870,96.565,12,1g.11gb,yolo-inference-755b67b9bb-g6r55,default,yolo,580.173.02,GPU-d59cb1c4-ad97-d91a-6731-e7b5f38951a6
2026-08-16 04:00:20.051870,96.594,13,1g.11gb,,,,580.173.02,GPU-d59cb1c4-ad97-d91a-6731-e7b5f38951a6
2026-08-16 04:00:20.051870,96.575,7,1g.11gb,yolo-inference-755b67b9bb-6qhhl,default,yolo,580.173.02,GPU-d59cb1c4-ad97-d91a-6731-e7b5f38951a6
2026-08-16 04:00:20.051870,96.565,8,1g.11gb,,,,580.173.02,GPU-d59cb1c4-ad97-d91a-6731-e7b5f38951a6
2026-08-16 04:00:20.051870,96.522,9,1g.11gb,yolo-inference-755b67b9bb-nz54p,default,yolo,580.173.02,GPU-d59cb1c4-ad97-d91a-6731-e7b5f38951a6
2026-08-16 04:00:25.056017,96.69,10,1g.11gb,yolo-inference-755b67b9bb-cf854,default,yolo,580.173.02,GPU-d59cb1c4-ad97-d91a-6731-e7b5f38951a6
2026-08-16 04:00:25.056017,96.591,11,1g.11gb,yolo-inference-755b67b9bb-cgztg,default,yolo,580.173.02,GPU-d59cb1c4-ad97-d91a-6731-e7b5f38951a6
2026-08-16 04:00:25.056017,96.543,12,1g.11gb,yolo-inference-755b67b9bb-g6r55,default,yolo,580.173.02,GPU-d59cb1c4-ad97-d91a-6731-e7b5f38951a6
2026-08-16 04:00:25.056017,96.591,13,1g.11gb,,,,580.173.02,GPU-d59cb1c4-ad97-d91a-6731-e7b5f38951a6
2026-08-16 04:00:25.056017,96.523,7,1g.11gb,yolo-inference-755b67b9bb-6qhhl,default,yolo,580.173.02,GPU-d59cb1c4-ad97-d91a-6731-e7b5f38951a6
2026-08-16 04:00:25.056017,96.543,8,1g.11gb,,,,580.173.02,GPU-d59cb1c4-ad97-d91a-6731-e7b5f38951a6
2026-08-16 04:00:25.056017,96.591,9,1g.11gb,yolo-inference-755b67b9bb-nz54p,default,yolo,580.173.02,GPU-d59cb1c4-ad97-d91a-6731-e7b5f38951a6
2026-08-16 04:00:30.055994,96.69,10,1g.11gb,yolo-inference-755b67b9bb-cf854,default,yolo,580.173.02,GPU-d59cb1c4-ad97-d91a-6731-e7b5f38951a6
2026-08-16 04:00:30.055994,96.591,11,1g.11gb,yolo-inference-755b67b9bb-cgztg,default,yolo,580.173.02,GPU-d59cb1c4-ad97-d91a-6731-e7b5f38951a6
2026-08-16 04:00:30.055994,96.543,12,1g.11gb,yolo-inference-755b67b9bb-g6r55,default,yolo,580.173.02,GPU-d59cb1c4-ad97-d91a-6731-e7b5f38951a6
2026-08-16 04:00:30.055994,96.591,13,1g.11gb,,,,580.173.02,GPU-d59cb1c4-ad97-d91a-6731-e7b5f38951a6
2026-08-16 04:00:30.055994,96.523,7,1g.11gb,yolo-inference-755b67b9bb-6qhhl,default,yolo,580.173.02,GPU-d59cb1c4-ad97-d91a-6731-e7b5f38951a6
2026-08-16 04:00:30.055994,96.543,8,1g.11gb,,,,580.173.02,GPU-d59cb1c4-ad97-d91a-6731-e7b5f38951a6
2026-08-16 04:00:30.055994,96.591,9,1g.11gb,yolo-inference-755b67b9bb-nz54p,default,yolo,580.173.02,GPU-d59cb1c4-ad97-d91a-6731-e7b5f38951a6
2026-08-16 04:00:35.055618,96.69,10,1g.11gb,yolo-inference-755b67b9bb-cf854,default,yolo,580.173.02,GPU-d59cb1c4-ad97-d91a-6731-e7b5f38951a6
2026-08-16 04:00:35.055618,96.591,11,1g.11gb,yolo-inference-755b67b9bb-cgztg,default,yolo,580.173.02,GPU-d59cb1c4-ad97-d91a-6731-e7b5f38951a6
2026-08-16 04:00:35.055618,96.543,12,1g.11gb,yolo-inference-755b67b9bb-g6r55,default,yolo,580.173.02,GPU-d59cb1c4-ad97-d91a-6731-e7b5f38951a6
2026-08-16 04:00:35.055618,96.591,13,1g.11gb,,,,580.173.02,GPU-d59cb1c4-ad97-d91a-6731-e7b5f38951a6
2026-08-16 04:00:35.055618,96.523,7,1g.11gb,yolo-inference-755b67b9bb-6qhhl,default,yolo,580.173.02,GPU-d59cb1c4-ad97-d91a-6731-e7b5f38951a6
2026-08-16 04:00:35.055618,96.543,8,1g.11gb,,,,580.173.02,GPU-d59cb1c4-ad97-d91a-6731-e7b5f38951a6
2026-08-16 04:00:35.055618,96.591,9,1g.11gb,yolo-inference-755b67b9bb-nz54p,default,yolo,580.173.02,GPU-d59cb1c4-ad97-d91a-6731-e7b5f38951a6
2026-08-16 04:00:40.055998,96.69,10,1g.11gb,yolo-inference-755b67b9bb-cf854,default,yolo,580.173.02,GPU-d59cb1c4-ad97-d91a-6731-e7b5f38951a6
2026-08-16 04:00:40.055998,96.591,11,1g.11gb,yolo-inference-755b67b9bb-cgztg,default,yolo,580.173.02,GPU-d59cb1c4-ad97-d91a-6731-e7b5f38951a6
2026-08-16 04:00:40.055998,96.543,12,1g.11gb,yolo-inference-755b67b9bb-g6r55,default,yolo,580.173.02,GPU-d59cb1c4-ad97-d91a-6731-e7b5f38951a6
2026-08-16 04:00:40.055998,96.591,13,1g.11gb,,,,580.173.02,GPU-d59cb1c4-ad97-d91a-6731-e7b5f38951a6
2026-08-16 04:00:40.055998,96.523,7,1g.11gb,yolo-inference-755b67b9bb-6qhhl,default,yolo,580.173.02,GPU-d59cb1c4-ad97-d91a-6731-e7b5f38951a6
2026-08-16 04:00:40.055998,96.543,8,1g.11gb,,,,580.173.02,GPU-d59cb1c4-ad97-d91a-6731-e7b5f38951a6
2026-08-16 04:00:40.055998,96.591,9,1g.11gb,yolo-inference-755b67b9bb-nz54p,default,yolo,580.173.02,GPU-d59cb1c4-ad97-d91a-6731-e7b5f38951a6
2026-08-16 04:00:45.055996,96.69,10,1g.11gb,yolo-inference-755b67b9bb-cf854,default,yolo,580.173.02,GPU-d59cb1c4-ad97-d91a-6731-e7b5f38951a6
2026-08-16 04:00:45.055996,96.591,11,1g.11gb,yolo-inference-755b67b9bb-cgztg,default,yolo,580.173.02,GPU-d59cb1c4-ad97-d91a-6731-e7b5f38951a6
2026-08-16 04:00:45.055996,96.543,12,1g.11gb,yolo-inference-755b67b9bb-g6r55,default,yolo,580.173.02,GPU-d59cb1c4-ad97-d91a-6731-e7b5f38951a6
2026-08-16 04:00:45.055996,96.591,13,1g.11gb,,,,580.173.02,GPU-d59cb1c4-ad97-d91a-6731-e7b5f38951a6
2026-08-16 04:00:45.055996,96.523,7,1g.11gb,yolo-inference-755b67b9bb-6qhhl,default,yolo,580.173.02,GPU-d59cb1c4-ad97-d91a-6731-e7b5f38951a6
2026-08-16 04:00:45.055996,96.543,8,1g.11gb,,,,580.173.02,GPU-d59cb1c4-ad97-d91a-6731-e7b5f38951a6
2026-08-16 04:00:45.055996,96.591,9,1g.11gb,yolo-inference-755b67b9bb-nz54p,default,yolo,580.173.02,GPU-d59cb1c4-ad97-d91a-6731-e7b5f38951a6
2026-08-16 04:00:50.056010,96.7,10,1g.11gb,yolo-inference-755b67b9bb-cf854,default,yolo,580.173.02,GPU-d59cb1c4-ad97-d91a-6731-e7b5f38951a6
2026-08-16 04:00:50.056010,96.591,11,1g.11gb,yolo-inference-755b67b9bb-cgztg,default,yolo,580.173.02,GPU-d59cb1c4-ad97-d91a-6731-e7b5f38951a6
2026-08-16 04:00:50.056010,96.543,12,1g.11gb,yolo-inference-755b67b9bb-g6r55,default,yolo,580.173.02,GPU-d59cb1c4-ad97-d91a-6731-e7b5f38951a6
2026-08-16 04:00:50.056010,96.591,13,1g.11gb,,,,580.173.02,GPU-d59cb1c4-ad97-d91a-6731-e7b5f38951a6
2026-08-16 04:00:50.056010,96.523,7,1g.11gb,yolo-inference-755b67b9bb-6qhhl,default,yolo,580.173.02,GPU-d59cb1c4-ad97-d91a-6731-e7b5f38951a6
2026-08-16 04:00:50.056010,96.543,8,1g.11gb,,,,580.173.02,GPU-d59cb1c4-ad97-d91a-6731-e7b5f38951a6
2026-08-16 04:00:50.056010,96.591,9,1g.11gb,yolo-inference-755b67b9bb-nz54p,default,yolo,580.173.02,GPU-d59cb1c4-ad97-d91a-6731-e7b5f38951a6
2026-08-16 04:00:55.055996,96.7,10,1g.11gb,yolo-inference-755b67b9bb-cf854,default,yolo,580.173.02,GPU-d59cb1c4-ad97-d91a-6731-e7b5f38951a6
2026-08-16 04:00:55.055996,96.488,11,1g.11gb,yolo-inference-755b67b9bb-cgztg,default,yolo,580.173.02,GPU-d59cb1c4-ad97-d91a-6731-e7b5f38951a6
2026-08-16 04:00:55.055996,96.641,12,1g.11gb,yolo-inference-755b67b9bb-g6r55,default,yolo,580.173.02,GPU-d59cb1c4-ad97-d91a-6731-e7b5f38951a6
2026-08-16 04:00:55.055996,96.594,13,1g.11gb,,,,580.173.02,GPU-d59cb1c4-ad97-d91a-6731-e7b5f38951a6
2026-08-16 04:00:55.055996,96.651,7,1g.11gb,yolo-inference-755b67b9bb-6qhhl,default,yolo,580.173.02,GPU-d59cb1c4-ad97-d91a-6731-e7b5f38951a6
2026-08-16 04:00:55.055996,96.697,8,1g.11gb,,,,580.173.02,GPU-d59cb1c4-ad97-d91a-6731-e7b5f38951a6
2026-08-16 04:00:55.055996,96.488,9,1g.11gb,yolo-inference-755b67b9bb-nz54p,default,yolo,580.173.02,GPU-d59cb1c4-ad97-d91a-6731-e7b5f38951a6
2026-08-16 04:01:00.052816,96.7,10,1g.11gb,yolo-inference-755b67b9bb-cf854,default,yolo,580.173.02,GPU-d59cb1c4-ad97-d91a-6731-e7b5f38951a6
2026-08-16 04:01:00.052816,96.488,11,1g.11gb,yolo-inference-755b67b9bb-cgztg,default,yolo,580.173.02,GPU-d59cb1c4-ad97-d91a-6731-e7b5f38951a6
2026-08-16 04:01:00.052816,96.641,12,1g.11gb,yolo-inference-755b67b9bb-g6r55,default,yolo,580.173.02,GPU-d59cb1c4-ad97-d91a-6731-e7b5f38951a6
2026-08-16 04:01:00.052816,96.594,13,1g.11gb,,,,580.173.02,GPU-d59cb1c4-ad97-d91a-6731-e7b5f38951a6
2026-08-16 04:01:00.052816,96.651,7,1g.11gb,yolo-inference-755b67b9bb-6qhhl,default,yolo,580.173.02,GPU-d59cb1c4-ad97-d91a-6731-e7b5f38951a6
2026-08-16 04:01:00.052816,96.697,8,1g.11gb,,,,580.173.02,GPU-d59cb1c4-ad97-d91a-6731-e7b5f38951a6
2026-08-16 04:01:00.052816,96.488,9,1g.11gb,yolo-inference-755b67b9bb-nz54p,default,yolo,580.173.02,GPU-d59cb1c4-ad97-d91a-6731-e7b5f38951a6
2026-08-16 04:01:05.056006,96.7,10,1g.11gb,yolo-inference-755b67b9bb-cf854,default,yolo,580.173.02,GPU-d59cb1c4-ad97-d91a-6731-e7b5f38951a6
2026-08-16 04:01:05.056006,96.488,11,1g.11gb,yolo-inference-755b67b9bb-cgztg,default,yolo,580.173.02,GPU-d59cb1c4-ad97-d91a-6731-e7b5f38951a6
2026-08-16 04:01:05.056006,96.641,12,1g.11gb,yolo-inference-755b67b9bb-g6r55,default,yolo,580.173.02,GPU-d59cb1c4-ad97-d91a-6731-e7b5f38951a6
2026-08-16 04:01:05.056006,96.594,13,1g.11gb,,,,580.173.02,GPU-d59cb1c4-ad97-d91a-6731-e7b5f38951a6
2026-08-16 04:01:05.056006,96.651,7,1g.11gb,yolo-inference-755b67b9bb-6qhhl,default,yolo,580.173.02,GPU-d59cb1c4-ad97-d91a-6731-e7b5f38951a6
2026-08-16 04:01:05.056006,96.697,8,1g.11gb,,,,580.173.02,GPU-d59cb1c4-ad97-d91a-6731-e7b5f38951a6
2026-08-16 04:01:05.056006,96.488,9,1g.11gb,yolo-inference-755b67b9bb-nz54p,default,yolo,580.173.02,GPU-d59cb1c4-ad97-d91a-6731-e7b5f38951a6
2026-08-16 04:01:10.056024,96.7,10,1g.11gb,yolo-inference-755b67b9bb-cf854,default,yolo,580.173.02,GPU-d59cb1c4-ad97-d91a-6731-e7b5f38951a6
2026-08-16 04:01:10.056024,96.488,11,1g.11gb,yolo-inference-755b67b9bb-cgztg,default,yolo,580.173.02,GPU-d59cb1c4-ad97-d91a-6731-e7b5f38951a6
2026-08-16 04:01:10.056024,96.641,12,1g.11gb,yolo-inference-755b67b9bb-g6r55,default,yolo,580.173.02,GPU-d59cb1c4-ad97-d91a-6731-e7b5f38951a6
2026-08-16 04:01:10.056024,96.594,13,1g.11gb,,,,580.173.02,GPU-d59cb1c4-ad97-d91a-6731-e7b5f38951a6
2026-08-16 04:01:10.056024,96.651,7,1g.11gb,yolo-inference-755b67b9bb-6qhhl,default,yolo,580.173.02,GPU-d59cb1c4-ad97-d91a-6731-e7b5f38951a6
2026-08-16 04:01:10.056024,96.697,8,1g.11gb,,,,580.173.02,GPU-d59cb1c4-ad97-d91a-6731-e7b5f38951a6
2026-08-16 04:01:10.056024,96.488,9,1g.11gb,yolo-inference-755b67b9bb-nz54p,default,yolo,580.173.02,GPU-d59cb1c4-ad97-d91a-6731-e7b5f38951a6
2026-08-16 04:01:15.055999,96.7,10,1g.11gb,yolo-inference-755b67b9bb-cf854,default,yolo,580.173.02,GPU-d59cb1c4-ad97-d91a-6731-e7b5f38951a6
2026-08-16 04:01:15.055999,96.488,11,1g.11gb,yolo-inference-755b67b9bb-cgztg,default,yolo,580.173.02,GPU-d59cb1c4-ad97-d91a-6731-e7b5f38951a6
2026-08-16 04:01:15.055999,96.641,12,1g.11gb,yolo-inference-755b67b9bb-g6r55,default,yolo,580.173.02,GPU-d59cb1c4-ad97-d91a-6731-e7b5f38951a6
2026-08-16 04:01:15.055999,96.594,13,1g.11gb,,,,580.173.02,GPU-d59cb1c4-ad97-d91a-6731-e7b5f38951a6
2026-08-16 04:01:15.055999,96.651,7,1g.11gb,yolo-inference-755b67b9bb-6qhhl,default,yolo,580.173.02,GPU-d59cb1c4-ad97-d91a-6731-e7b5f38951a6
2026-08-16 04:01:15.055999,96.697,8,1g.11gb,,,,580.173.02,GPU-d59cb1c4-ad97-d91a-6731-e7b5f38951a6
2026-08-16 04:01:15.055999,96.488,9,1g.11gb,yolo-inference-755b67b9bb-nz54p,default,yolo,580.173.02,GPU-d59cb1c4-ad97-d91a-6731-e7b5f38951a6
2026-08-16 04:01:20.052226,96.519,10,1g.11gb,yolo-inference-755b67b9bb-cf854,default,yolo,580.173.02,GPU-d59cb1c4-ad97-d91a-6731-e7b5f38951a6
2026-08-16 04:01:20.052226,96.488,11,1g.11gb,yolo-inference-755b67b9bb-cgztg,default,yolo,580.173.02,GPU-d59cb1c4-ad97-d91a-6731-e7b5f38951a6
2026-08-16 04:01:20.052226,96.641,12,1g.11gb,yolo-inference-755b67b9bb-g6r55,default,yolo,580.173.02,GPU-d59cb1c4-ad97-d91a-6731-e7b5f38951a6
2026-08-16 04:01:20.052226,96.594,13,1g.11gb,,,,580.173.02,GPU-d59cb1c4-ad97-d91a-6731-e7b5f38951a6
2026-08-16 04:01:20.052226,96.651,7,1g.11gb,yolo-inference-755b67b9bb-6qhhl,default,yolo,580.173.02,GPU-d59cb1c4-ad97-d91a-6731-e7b5f38951a6
2026-08-16 04:01:20.052226,96.697,8,1g.11gb,,,,580.173.02,GPU-d59cb1c4-ad97-d91a-6731-e7b5f38951a6
2026-08-16 04:01:20.052226,96.488,9,1g.11gb,yolo-inference-755b67b9bb-nz54p,default,yolo,580.173.02,GPU-d59cb1c4-ad97-d91a-6731-e7b5f38951a6
2026-08-16 04:01:25.056004,96.519,10,1g.11gb,yolo-inference-755b67b9bb-cf854,default,yolo,580.173.02,GPU-d59cb1c4-ad97-d91a-6731-e7b5f38951a6
2026-08-16 04:01:25.056004,96.545,11,1g.11gb,yolo-inference-755b67b9bb-cgztg,default,yolo,580.173.02,GPU-d59cb1c4-ad97-d91a-6731-e7b5f38951a6
2026-08-16 04:01:25.056004,96.481,12,1g.11gb,yolo-inference-755b67b9bb-g6r55,default,yolo,580.173.02,GPU-d59cb1c4-ad97-d91a-6731-e7b5f38951a6
2026-08-16 04:01:25.056004,96.489,13,1g.11gb,,,,580.173.02,GPU-d59cb1c4-ad97-d91a-6731-e7b5f38951a6
2026-08-16 04:01:25.056004,96.567,7,1g.11gb,yolo-inference-755b67b9bb-6qhhl,default,yolo,580.173.02,GPU-d59cb1c4-ad97-d91a-6731-e7b5f38951a6
2026-08-16 04:01:25.056004,96.374,8,1g.11gb,,,,580.173.02,GPU-d59cb1c4-ad97-d91a-6731-e7b5f38951a6
2026-08-16 04:01:25.056004,96.545,9,1g.11gb,yolo-inference-755b67b9bb-nz54p,default,yolo,580.173.02,GPU-d59cb1c4-ad97-d91a-6731-e7b5f38951a6
2026-08-16 04:01:30.051510,96.519,10,1g.11gb,yolo-inference-755b67b9bb-cf854,default,yolo,580.173.02,GPU-d59cb1c4-ad97-d91a-6731-e7b5f38951a6
2026-08-16 04:01:30.051510,96.545,11,1g.11gb,yolo-inference-755b67b9bb-cgztg,default,yolo,580.173.02,GPU-d59cb1c4-ad97-d91a-6731-e7b5f38951a6
2026-08-16 04:01:30.051510,96.481,12,1g.11gb,yolo-inference-755b67b9bb-g6r55,default,yolo,580.173.02,GPU-d59cb1c4-ad97-d91a-6731-e7b5f38951a6
2026-08-16 04:01:30.051510,96.489,13,1g.11gb,,,,580.173.02,GPU-d59cb1c4-ad97-d91a-6731-e7b5f38951a6
2026-08-16 04:01:30.051510,96.567,7,1g.11gb,yolo-inference-755b67b9bb-6qhhl,default,yolo,580.173.02,GPU-d59cb1c4-ad97-d91a-6731-e7b5f38951a6
2026-08-16 04:01:30.051510,96.374,8,1g.11gb,,,,580.173.02,GPU-d59cb1c4-ad97-d91a-6731-e7b5f38951a6
2026-08-16 04:01:30.051510,96.545,9,1g.11gb,yolo-inference-755b67b9bb-nz54p,default,yolo,580.173.02,GPU-d59cb1c4-ad97-d91a-6731-e7b5f38951a6
2026-08-16 04:01:35.056001,96.519,10,1g.11gb,yolo-inference-755b67b9bb-cf854,default,yolo,580.173.02,GPU-d59cb1c4-ad97-d91a-6731-e7b5f38951a6
2026-08-16 04:01:35.056001,96.545,11,1g.11gb,yolo-inference-755b67b9bb-cgztg,default,yolo,580.173.02,GPU-d59cb1c4-ad97-d91a-6731-e7b5f38951a6
2026-08-16 04:01:35.056001,96.481,12,1g.11gb,yolo-inference-755b67b9bb-g6r55,default,yolo,580.173.02,GPU-d59cb1c4-ad97-d91a-6731-e7b5f38951a6
2026-08-16 04:01:35.056001,96.489,13,1g.11gb,,,,580.173.02,GPU-d59cb1c4-ad97-d91a-6731-e7b5f38951a6
2026-08-16 04:01:35.056001,96.567,7,1g.11gb,yolo-inference-755b67b9bb-6qhhl,default,yolo,580.173.02,GPU-d59cb1c4-ad97-d91a-6731-e7b5f38951a6
2026-08-16 04:01:35.056001,96.374,8,1g.11gb,,,,580.173.02,GPU-d59cb1c4-ad97-d91a-6731-e7b5f38951a6
2026-08-16 04:01:35.056001,96.545,9,1g.11gb,yolo-inference-755b67b9bb-nz54p,default,yolo,580.173.02,GPU-d59cb1c4-ad97-d91a-6731-e7b5f38951a6
2026-08-16 04:01:40.056025,96.519,10,1g.11gb,yolo-inference-755b67b9bb-cf854,default,yolo,580.173.02,GPU-d59cb1c4-ad97-d91a-6731-e7b5f38951a6
2026-08-16 04:01:40.056025,96.545,11,1g.11gb,yolo-inference-755b67b9bb-cgztg,default,yolo,580.173.02,GPU-d59cb1c4-ad97-d91a-6731-e7b5f38951a6
2026-08-16 04:01:40.056025,96.481,12,1g.11gb,yolo-inference-755b67b9bb-g6r55,default,yolo,580.173.02,GPU-d59cb1c4-ad97-d91a-6731-e7b5f38951a6
2026-08-16 04:01:40.056025,96.489,13,1g.11gb,,,,580.173.02,GPU-d59cb1c4-ad97-d91a-6731-e7b5f38951a6
2026-08-16 04:01:40.056025,96.567,7,1g.11gb,yolo-inference-755b67b9bb-6qhhl,default,yolo,580.173.02,GPU-d59cb1c4-ad97-d91a-6731-e7b5f38951a6
2026-08-16 04:01:40.056025,96.374,8,1g.11gb,,,,580.173.02,GPU-d59cb1c4-ad97-d91a-6731-e7b5f38951a6
2026-08-16 04:01:40.056025,96.545,9,1g.11gb,yolo-inference-755b67b9bb-nz54p,default,yolo,580.173.02,GPU-d59cb1c4-ad97-d91a-6731-e7b5f38951a6
2026-08-16 04:01:45.055992,96.519,10,1g.11gb,yolo-inference-755b67b9bb-cf854,default,yolo,580.173.02,GPU-d59cb1c4-ad97-d91a-6731-e7b5f38951a6
2026-08-16 04:01:45.055992,96.545,11,1g.11gb,yolo-inference-755b67b9bb-cgztg,default,yolo,580.173.02,GPU-d59cb1c4-ad97-d91a-6731-e7b5f38951a6
2026-08-16 04:01:45.055992,96.481,12,1g.11gb,yolo-inference-755b67b9bb-g6r55,default,yolo,580.173.02,GPU-d59cb1c4-ad97-d91a-6731-e7b5f38951a6
2026-08-16 04:01:45.055992,96.489,13,1g.11gb,,,,580.173.02,GPU-d59cb1c4-ad97-d91a-6731-e7b5f38951a6
2026-08-16 04:01:45.055992,96.567,7,1g.11gb,yolo-inference-755b67b9bb-6qhhl,default,yolo,580.173.02,GPU-d59cb1c4-ad97-d91a-6731-e7b5f38951a6
2026-08-16 04:01:45.055992,96.374,8,1g.11gb,,,,580.173.02,GPU-d59cb1c4-ad97-d91a-6731-e7b5f38951a6
2026-08-16 04:01:45.055992,96.545,9,1g.11gb,yolo-inference-755b67b9bb-nz54p,default,yolo,580.173.02,GPU-d59cb1c4-ad97-d91a-6731-e7b5f38951a6
2026-08-16 04:01:50.055361,94.436,10,1g.11gb,yolo-inference-755b67b9bb-cf854,default,yolo,580.173.02,GPU-d59cb1c4-ad97-d91a-6731-e7b5f38951a6
2026-08-16 04:01:50.055361,96.545,11,1g.11gb,yolo-inference-755b67b9bb-cgztg,default,yolo,580.173.02,GPU-d59cb1c4-ad97-d91a-6731-e7b5f38951a6
2026-08-16 04:01:50.055361,96.481,12,1g.11gb,yolo-inference-755b67b9bb-g6r55,default,yolo,580.173.02,GPU-d59cb1c4-ad97-d91a-6731-e7b5f38951a6
2026-08-16 04:01:50.055361,96.489,13,1g.11gb,,,,580.173.02,GPU-d59cb1c4-ad97-d91a-6731-e7b5f38951a6
2026-08-16 04:01:50.055361,96.567,7,1g.11gb,yolo-inference-755b67b9bb-6qhhl,default,yolo,580.173.02,GPU-d59cb1c4-ad97-d91a-6731-e7b5f38951a6
2026-08-16 04:01:50.055361,96.374,8,1g.11gb,,,,580.173.02,GPU-d59cb1c4-ad97-d91a-6731-e7b5f38951a6
2026-08-16 04:01:50.055361,96.545,9,1g.11gb,yolo-inference-755b67b9bb-nz54p,default,yolo,580.173.02,GPU-d59cb1c4-ad97-d91a-6731-e7b5f38951a6
2026-08-16 04:01:55.053500,94.436,10,1g.11gb,yolo-inference-755b67b9bb-cf854,default,yolo,580.173.02,GPU-d59cb1c4-ad97-d91a-6731-e7b5f38951a6
2026-08-16 04:01:55.053500,94.44,11,1g.11gb,yolo-inference-755b67b9bb-cgztg,default,yolo,580.173.02,GPU-d59cb1c4-ad97-d91a-6731-e7b5f38951a6
2026-08-16 04:01:55.053500,94.593,12,1g.11gb,yolo-inference-755b67b9bb-g6r55,default,yolo,580.173.02,GPU-d59cb1c4-ad97-d91a-6731-e7b5f38951a6
2026-08-16 04:01:55.053500,94.338,13,1g.11gb,,,,580.173.02,GPU-d59cb1c4-ad97-d91a-6731-e7b5f38951a6
2026-08-16 04:01:55.053500,94.398,7,1g.11gb,yolo-inference-755b67b9bb-6qhhl,default,yolo,580.173.02,GPU-d59cb1c4-ad97-d91a-6731-e7b5f38951a6
2026-08-16 04:01:55.053500,94.579,8,1g.11gb,,,,580.173.02,GPU-d59cb1c4-ad97-d91a-6731-e7b5f38951a6
2026-08-16 04:01:55.053500,94.439,9,1g.11gb,yolo-inference-755b67b9bb-nz54p,default,yolo,580.173.02,GPU-d59cb1c4-ad97-d91a-6731-e7b5f38951a6
2026-08-16 04:02:00.053893,94.436,10,1g.11gb,yolo-inference-755b67b9bb-cf854,default,yolo,580.173.02,GPU-d59cb1c4-ad97-d91a-6731-e7b5f38951a6
2026-08-16 04:02:00.053893,94.44,11,1g.11gb,yolo-inference-755b67b9bb-cgztg,default,yolo,580.173.02,GPU-d59cb1c4-ad97-d91a-6731-e7b5f38951a6
2026-08-16 04:02:00.053893,94.593,12,1g.11gb,yolo-inference-755b67b9bb-g6r55,default,yolo,580.173.02,GPU-d59cb1c4-ad97-d91a-6731-e7b5f38951a6
2026-08-16 04:02:00.053893,94.338,13,1g.11gb,,,,580.173.02,GPU-d59cb1c4-ad97-d91a-6731-e7b5f38951a6
2026-08-16 04:02:00.053893,94.398,7,1g.11gb,yolo-inference-755b67b9bb-6qhhl,default,yolo,580.173.02,GPU-d59cb1c4-ad97-d91a-6731-e7b5f38951a6
2026-08-16 04:02:00.053893,94.579,8,1g.11gb,,,,580.173.02,GPU-d59cb1c4-ad97-d91a-6731-e7b5f38951a6
2026-08-16 04:02:00.053893,94.439,9,1g.11gb,yolo-inference-755b67b9bb-nz54p,default,yolo,580.173.02,GPU-d59cb1c4-ad97-d91a-6731-e7b5f38951a6
2026-08-16 04:02:05.056003,94.436,10,1g.11gb,yolo-inference-755b67b9bb-cf854,default,yolo,580.173.02,GPU-d59cb1c4-ad97-d91a-6731-e7b5f38951a6
2026-08-16 04:02:05.056003,94.44,11,1g.11gb,yolo-inference-755b67b9bb-cgztg,default,yolo,580.173.02,GPU-d59cb1c4-ad97-d91a-6731-e7b5f38951a6
2026-08-16 04:02:05.056003,94.593,12,1g.11gb,yolo-inference-755b67b9bb-g6r55,default,yolo,580.173.02,GPU-d59cb1c4-ad97-d91a-6731-e7b5f38951a6
2026-08-16 04:02:05.056003,94.338,13,1g.11gb,,,,580.173.02,GPU-d59cb1c4-ad97-d91a-6731-e7b5f38951a6
2026-08-16 04:02:05.056003,94.398,7,1g.11gb,yolo-inference-755b67b9bb-6qhhl,default,yolo,580.173.02,GPU-d59cb1c4-ad97-d91a-6731-e7b5f38951a6
2026-08-16 04:02:05.056003,94.579,8,1g.11gb,,,,580.173.02,GPU-d59cb1c4-ad97-d91a-6731-e7b5f38951a6
2026-08-16 04:02:05.056003,94.439,9,1g.11gb,yolo-inference-755b67b9bb-nz54p,default,yolo,580.173.02,GPU-d59cb1c4-ad97-d91a-6731-e7b5f38951a6
2026-08-16 04:02:10.053054,94.436,10,1g.11gb,yolo-inference-755b67b9bb-cf854,default,yolo,580.173.02,GPU-d59cb1c4-ad97-d91a-6731-e7b5f38951a6
2026-08-16 04:02:10.053054,94.44,11,1g.11gb,yolo-inference-755b67b9bb-cgztg,default,yolo,580.173.02,GPU-d59cb1c4-ad97-d91a-6731-e7b5f38951a6
2026-08-16 04:02:10.053054,94.593,12,1g.11gb,yolo-inference-755b67b9bb-g6r55,default,yolo,580.173.02,GPU-d59cb1c4-ad97-d91a-6731-e7b5f38951a6
2026-08-16 04:02:10.053054,94.338,13,1g.11gb,,,,580.173.02,GPU-d59cb1c4-ad97-d91a-6731-e7b5f38951a6
2026-08-16 04:02:10.053054,94.398,7,1g.11gb,yolo-inference-755b67b9bb-6qhhl,default,yolo,580.173.02,GPU-d59cb1c4-ad97-d91a-6731-e7b5f38951a6
2026-08-16 04:02:10.053054,94.579,8,1g.11gb,,,,580.173.02,GPU-d59cb1c4-ad97-d91a-6731-e7b5f38951a6
2026-08-16 04:02:10.053054,94.439,9,1g.11gb,yolo-inference-755b67b9bb-nz54p,default,yolo,580.173.02,GPU-d59cb1c4-ad97-d91a-6731-e7b5f38951a6
2026-08-16 04:02:15.056020,94.436,10,1g.11gb,yolo-inference-755b67b9bb-cf854,default,yolo,580.173.02,GPU-d59cb1c4-ad97-d91a-6731-e7b5f38951a6
2026-08-16 04:02:15.056020,94.44,11,1g.11gb,yolo-inference-755b67b9bb-cgztg,default,yolo,580.173.02,GPU-d59cb1c4-ad97-d91a-6731-e7b5f38951a6
2026-08-16 04:02:15.056020,94.593,12,1g.11gb,yolo-inference-755b67b9bb-g6r55,default,yolo,580.173.02,GPU-d59cb1c4-ad97-d91a-6731-e7b5f38951a6
2026-08-16 04:02:15.056020,94.338,13,1g.11gb,,,,580.173.02,GPU-d59cb1c4-ad97-d91a-6731-e7b5f38951a6
2026-08-16 04:02:15.056020,94.398,7,1g.11gb,yolo-inference-755b67b9bb-6qhhl,default,yolo,580.173.02,GPU-d59cb1c4-ad97-d91a-6731-e7b5f38951a6
2026-08-16 04:02:15.056020,94.579,8,1g.11gb,,,,580.173.02,GPU-d59cb1c4-ad97-d91a-6731-e7b5f38951a6
2026-08-16 04:02:15.056020,94.439,9,1g.11gb,yolo-inference-755b67b9bb-nz54p,default,yolo,580.173.02,GPU-d59cb1c4-ad97-d91a-6731-e7b5f38951a6
2026-08-16 04:02:20.055879,94.371,10,1g.11gb,yolo-inference-755b67b9bb-cf854,default,yolo,580.173.02,GPU-d59cb1c4-ad97-d91a-6731-e7b5f38951a6
2026-08-16 04:02:20.055879,94.44,11,1g.11gb,yolo-inference-755b67b9bb-cgztg,default,yolo,580.173.02,GPU-d59cb1c4-ad97-d91a-6731-e7b5f38951a6
2026-08-16 04:02:20.055879,94.593,12,1g.11gb,yolo-inference-755b67b9bb-g6r55,default,yolo,580.173.02,GPU-d59cb1c4-ad97-d91a-6731-e7b5f38951a6
2026-08-16 04:02:20.055879,94.338,13,1g.11gb,,,,580.173.02,GPU-d59cb1c4-ad97-d91a-6731-e7b5f38951a6
2026-08-16 04:02:20.055879,94.398,7,1g.11gb,yolo-inference-755b67b9bb-6qhhl,default,yolo,580.173.02,GPU-d59cb1c4-ad97-d91a-6731-e7b5f38951a6
2026-08-16 04:02:20.055879,94.579,8,1g.11gb,,,,580.173.02,GPU-d59cb1c4-ad97-d91a-6731-e7b5f38951a6
2026-08-16 04:02:20.055879,94.439,9,1g.11gb,yolo-inference-755b67b9bb-nz54p,default,yolo,580.173.02,GPU-d59cb1c4-ad97-d91a-6731-e7b5f38951a6
2026-08-16 04:02:25.055984,94.371,10,1g.11gb,yolo-inference-755b67b9bb-cf854,default,yolo,580.173.02,GPU-d59cb1c4-ad97-d91a-6731-e7b5f38951a6
2026-08-16 04:02:25.055984,94.462,11,1g.11gb,yolo-inference-755b67b9bb-cgztg,default,yolo,580.173.02,GPU-d59cb1c4-ad97-d91a-6731-e7b5f38951a6
2026-08-16 04:02:25.055984,94.406,12,1g.11gb,yolo-inference-755b67b9bb-g6r55,default,yolo,580.173.02,GPU-d59cb1c4-ad97-d91a-6731-e7b5f38951a6
2026-08-16 04:02:25.055984,94.462,13,1g.11gb,,,,580.173.02,GPU-d59cb1c4-ad97-d91a-6731-e7b5f38951a6
2026-08-16 04:02:25.055984,94.408,7,1g.11gb,yolo-inference-755b67b9bb-6qhhl,default,yolo,580.173.02,GPU-d59cb1c4-ad97-d91a-6731-e7b5f38951a6
2026-08-16 04:02:25.055984,94.396,8,1g.11gb,,,,580.173.02,GPU-d59cb1c4-ad97-d91a-6731-e7b5f38951a6
2026-08-16 04:02:25.055984,94.422,9,1g.11gb,yolo-inference-755b67b9bb-nz54p,default,yolo,580.173.02,GPU-d59cb1c4-ad97-d91a-6731-e7b5f38951a6
2026-08-16 04:02:30.056030,94.371,10,1g.11gb,yolo-inference-755b67b9bb-cf854,default,yolo,580.173.02,GPU-d59cb1c4-ad97-d91a-6731-e7b5f38951a6
2026-08-16 04:02:30.056030,94.462,11,1g.11gb,yolo-inference-755b67b9bb-cgztg,default,yolo,580.173.02,GPU-d59cb1c4-ad97-d91a-6731-e7b5f38951a6
2026-08-16 04:02:30.056030,94.406,12,1g.11gb,yolo-inference-755b67b9bb-g6r55,default,yolo,580.173.02,GPU-d59cb1c4-ad97-d91a-6731-e7b5f38951a6
2026-08-16 04:02:30.056030,94.462,13,1g.11gb,,,,580.173.02,GPU-d59cb1c4-ad97-d91a-6731-e7b5f38951a6
2026-08-16 04:02:30.056030,94.408,7,1g.11gb,yolo-inference-755b67b9bb-6qhhl,default,yolo,580.173.02,GPU-d59cb1c4-ad97-d91a-6731-e7b5f38951a6
2026-08-16 04:02:30.056030,94.396,8,1g.11gb,,,,580.173.02,GPU-d59cb1c4-ad97-d91a-6731-e7b5f38951a6
2026-08-16 04:02:30.056030,94.422,9,1g.11gb,yolo-inference-755b67b9bb-nz54p,default,yolo,580.173.02,GPU-d59cb1c4-ad97-d91a-6731-e7b5f38951a6
2026-08-16 04:02:35.056015,94.371,10,1g.11gb,yolo-inference-755b67b9bb-cf854,default,yolo,580.173.02,GPU-d59cb1c4-ad97-d91a-6731-e7b5f38951a6
2026-08-16 04:02:35.056015,94.462,11,1g.11gb,yolo-inference-755b67b9bb-cgztg,default,yolo,580.173.02,GPU-d59cb1c4-ad97-d91a-6731-e7b5f38951a6
2026-08-16 04:02:35.056015,94.406,12,1g.11gb,yolo-inference-755b67b9bb-g6r55,default,yolo,580.173.02,GPU-d59cb1c4-ad97-d91a-6731-e7b5f38951a6
2026-08-16 04:02:35.056015,94.462,13,1g.11gb,,,,580.173.02,GPU-d59cb1c4-ad97-d91a-6731-e7b5f38951a6
2026-08-16 04:02:35.056015,94.408,7,1g.11gb,yolo-inference-755b67b9bb-6qhhl,default,yolo,580.173.02,GPU-d59cb1c4-ad97-d91a-6731-e7b5f38951a6
2026-08-16 04:02:35.056015,94.396,8,1g.11gb,,,,580.173.02,GPU-d59cb1c4-ad97-d91a-6731-e7b5f38951a6
2026-08-16 04:02:35.056015,94.422,9,1g.11gb,yolo-inference-755b67b9bb-nz54p,default,yolo,580.173.02,GPU-d59cb1c4-ad97-d91a-6731-e7b5f38951a6
2026-08-16 04:02:40.055989,94.371,10,1g.11gb,yolo-inference-755b67b9bb-cf854,default,yolo,580.173.02,GPU-d59cb1c4-ad97-d91a-6731-e7b5f38951a6
2026-08-16 04:02:40.055989,94.462,11,1g.11gb,yolo-inference-755b67b9bb-cgztg,default,yolo,580.173.02,GPU-d59cb1c4-ad97-d91a-6731-e7b5f38951a6
2026-08-16 04:02:40.055989,94.406,12,1g.11gb,yolo-inference-755b67b9bb-g6r55,default,yolo,580.173.02,GPU-d59cb1c4-ad97-d91a-6731-e7b5f38951a6
2026-08-16 04:02:40.055989,94.462,13,1g.11gb,,,,580.173.02,GPU-d59cb1c4-ad97-d91a-6731-e7b5f38951a6
2026-08-16 04:02:40.055989,94.408,7,1g.11gb,yolo-inference-755b67b9bb-6qhhl,default,yolo,580.173.02,GPU-d59cb1c4-ad97-d91a-6731-e7b5f38951a6
2026-08-16 04:02:40.055989,94.396,8,1g.11gb,,,,580.173.02,GPU-d59cb1c4-ad97-d91a-6731-e7b5f38951a6
2026-08-16 04:02:40.055989,94.422,9,1g.11gb,yolo-inference-755b67b9bb-nz54p,default,yolo,580.173.02,GPU-d59cb1c4-ad97-d91a-6731-e7b5f38951a6
2026-08-16 04:02:45.051948,94.371,10,1g.11gb,yolo-inference-755b67b9bb-cf854,default,yolo,580.173.02,GPU-d59cb1c4-ad97-d91a-6731-e7b5f38951a6
2026-08-16 04:02:45.051948,94.462,11,1g.11gb,yolo-inference-755b67b9bb-cgztg,default,yolo,580.173.02,GPU-d59cb1c4-ad97-d91a-6731-e7b5f38951a6
2026-08-16 04:02:45.051948,94.406,12,1g.11gb,yolo-inference-755b67b9bb-g6r55,default,yolo,580.173.02,GPU-d59cb1c4-ad97-d91a-6731-e7b5f38951a6
2026-08-16 04:02:45.051948,94.462,13,1g.11gb,,,,580.173.02,GPU-d59cb1c4-ad97-d91a-6731-e7b5f38951a6
2026-08-16 04:02:45.051948,94.408,7,1g.11gb,yolo-inference-755b67b9bb-6qhhl,default,yolo,580.173.02,GPU-d59cb1c4-ad97-d91a-6731-e7b5f38951a6
2026-08-16 04:02:45.051948,94.396,8,1g.11gb,,,,580.173.02,GPU-d59cb1c4-ad97-d91a-6731-e7b5f38951a6
2026-08-16 04:02:45.051948,94.422,9,1g.11gb,yolo-inference-755b67b9bb-nz54p,default,yolo,580.173.02,GPU-d59cb1c4-ad97-d91a-6731-e7b5f38951a6
2026-08-16 04:02:50.053984,94.366,10,1g.11gb,yolo-inference-755b67b9bb-cf854,default,yolo,580.173.02,GPU-d59cb1c4-ad97-d91a-6731-e7b5f38951a6
2026-08-16 04:02:50.053984,94.462,11,1g.11gb,yolo-inference-755b67b9bb-cgztg,default,yolo,580.173.02,GPU-d59cb1c4-ad97-d91a-6731-e7b5f38951a6
2026-08-16 04:02:50.053984,94.406,12,1g.11gb,yolo-inference-755b67b9bb-g6r55,default,yolo,580.173.02,GPU-d59cb1c4-ad97-d91a-6731-e7b5f38951a6
2026-08-16 04:02:50.053984,94.462,13,1g.11gb,,,,580.173.02,GPU-d59cb1c4-ad97-d91a-6731-e7b5f38951a6
2026-08-16 04:02:50.053984,94.408,7,1g.11gb,yolo-inference-755b67b9bb-6qhhl,default,yolo,580.173.02,GPU-d59cb1c4-ad97-d91a-6731-e7b5f38951a6
2026-08-16 04:02:50.053984,94.396,8,1g.11gb,,,,580.173.02,GPU-d59cb1c4-ad97-d91a-6731-e7b5f38951a6
2026-08-16 04:02:50.053984,94.422,9,1g.11gb,yolo-inference-755b67b9bb-nz54p,default,yolo,580.173.02,GPU-d59cb1c4-ad97-d91a-6731-e7b5f38951a6
2026-08-16 04:02:55.055991,94.366,10,1g.11gb,yolo-inference-755b67b9bb-cf854,default,yolo,580.173.02,GPU-d59cb1c4-ad97-d91a-6731-e7b5f38951a6
2026-08-16 04:02:55.055991,94.197,11,1g.11gb,yolo-inference-755b67b9bb-cgztg,default,yolo,580.173.02,GPU-d59cb1c4-ad97-d91a-6731-e7b5f38951a6
2026-08-16 04:02:55.055991,94.418,12,1g.11gb,yolo-inference-755b67b9bb-g6r55,default,yolo,580.173.02,GPU-d59cb1c4-ad97-d91a-6731-e7b5f38951a6
2026-08-16 04:02:55.055991,94.197,13,1g.11gb,,,,580.173.02,GPU-d59cb1c4-ad97-d91a-6731-e7b5f38951a6
2026-08-16 04:02:55.055991,94.496,7,1g.11gb,yolo-inference-755b67b9bb-6qhhl,default,yolo,580.173.02,GPU-d59cb1c4-ad97-d91a-6731-e7b5f38951a6
2026-08-16 04:02:55.055991,94.428,8,1g.11gb,,,,580.173.02,GPU-d59cb1c4-ad97-d91a-6731-e7b5f38951a6
2026-08-16 04:02:55.055991,94.203,9,1g.11gb,yolo-inference-755b67b9bb-nz54p,default,yolo,580.173.02,GPU-d59cb1c4-ad97-d91a-6731-e7b5f38951a6
2026-08-16 04:03:00.055998,94.366,10,1g.11gb,yolo-inference-755b67b9bb-cf854,default,yolo,580.173.02,GPU-d59cb1c4-ad97-d91a-6731-e7b5f38951a6
2026-08-16 04:03:00.055998,94.197,11,1g.11gb,yolo-inference-755b67b9bb-cgztg,default,yolo,580.173.02,GPU-d59cb1c4-ad97-d91a-6731-e7b5f38951a6
2026-08-16 04:03:00.055998,94.418,12,1g.11gb,yolo-inference-755b67b9bb-g6r55,default,yolo,580.173.02,GPU-d59cb1c4-ad97-d91a-6731-e7b5f38951a6
2026-08-16 04:03:00.055998,94.197,13,1g.11gb,,,,580.173.02,GPU-d59cb1c4-ad97-d91a-6731-e7b5f38951a6
2026-08-16 04:03:00.055998,94.496,7,1g.11gb,yolo-inference-755b67b9bb-6qhhl,default,yolo,580.173.02,GPU-d59cb1c4-ad97-d91a-6731-e7b5f38951a6
2026-08-16 04:03:00.055998,94.428,8,1g.11gb,,,,580.173.02,GPU-d59cb1c4-ad97-d91a-6731-e7b5f38951a6
2026-08-16 04:03:00.055998,94.203,9,1g.11gb,yolo-inference-755b67b9bb-nz54p,default,yolo,580.173.02,GPU-d59cb1c4-ad97-d91a-6731-e7b5f38951a6
2026-08-16 04:03:05.055988,94.366,10,1g.11gb,yolo-inference-755b67b9bb-cf854,default,yolo,580.173.02,GPU-d59cb1c4-ad97-d91a-6731-e7b5f38951a6
2026-08-16 04:03:05.055988,94.197,11,1g.11gb,yolo-inference-755b67b9bb-cgztg,default,yolo,580.173.02,GPU-d59cb1c4-ad97-d91a-6731-e7b5f38951a6
2026-08-16 04:03:05.055988,94.418,12,1g.11gb,yolo-inference-755b67b9bb-g6r55,default,yolo,580.173.02,GPU-d59cb1c4-ad97-d91a-6731-e7b5f38951a6
2026-08-16 04:03:05.055988,94.197,13,1g.11gb,,,,580.173.02,GPU-d59cb1c4-ad97-d91a-6731-e7b5f38951a6
2026-08-16 04:03:05.055988,94.496,7,1g.11gb,yolo-inference-755b67b9bb-6qhhl,default,yolo,580.173.02,GPU-d59cb1c4-ad97-d91a-6731-e7b5f38951a6
2026-08-16 04:03:05.055988,94.428,8,1g.11gb,,,,580.173.02,GPU-d59cb1c4-ad97-d91a-6731-e7b5f38951a6
2026-08-16 04:03:05.055988,94.203,9,1g.11gb,yolo-inference-755b67b9bb-nz54p,default,yolo,580.173.02,GPU-d59cb1c4-ad97-d91a-6731-e7b5f38951a6
2026-08-16 04:03:10.055990,94.366,10,1g.11gb,yolo-inference-755b67b9bb-cf854,default,yolo,580.173.02,GPU-d59cb1c4-ad97-d91a-6731-e7b5f38951a6
2026-08-16 04:03:10.055990,94.197,11,1g.11gb,yolo-inference-755b67b9bb-cgztg,default,yolo,580.173.02,GPU-d59cb1c4-ad97-d91a-6731-e7b5f38951a6
2026-08-16 04:03:10.055990,94.418,12,1g.11gb,yolo-inference-755b67b9bb-g6r55,default,yolo,580.173.02,GPU-d59cb1c4-ad97-d91a-6731-e7b5f38951a6
2026-08-16 04:03:10.055990,94.197,13,1g.11gb,,,,580.173.02,GPU-d59cb1c4-ad97-d91a-6731-e7b5f38951a6
2026-08-16 04:03:10.055990,94.496,7,1g.11gb,yolo-inference-755b67b9bb-6qhhl,default,yolo,580.173.02,GPU-d59cb1c4-ad97-d91a-6731-e7b5f38951a6
2026-08-16 04:03:10.055990,94.428,8,1g.11gb,,,,580.173.02,GPU-d59cb1c4-ad97-d91a-6731-e7b5f38951a6
2026-08-16 04:03:10.055990,94.203,9,1g.11gb,yolo-inference-755b67b9bb-nz54p,default,yolo,580.173.02,GPU-d59cb1c4-ad97-d91a-6731-e7b5f38951a6
2026-08-16 04:03:15.053869,94.366,10,1g.11gb,yolo-inference-755b67b9bb-cf854,default,yolo,580.173.02,GPU-d59cb1c4-ad97-d91a-6731-e7b5f38951a6
2026-08-16 04:03:15.053869,94.197,11,1g.11gb,yolo-inference-755b67b9bb-cgztg,default,yolo,580.173.02,GPU-d59cb1c4-ad97-d91a-6731-e7b5f38951a6
2026-08-16 04:03:15.053869,94.418,12,1g.11gb,yolo-inference-755b67b9bb-g6r55,default,yolo,580.173.02,GPU-d59cb1c4-ad97-d91a-6731-e7b5f38951a6
2026-08-16 04:03:15.053869,94.197,13,1g.11gb,,,,580.173.02,GPU-d59cb1c4-ad97-d91a-6731-e7b5f38951a6
2026-08-16 04:03:15.053869,94.496,7,1g.11gb,yolo-inference-755b67b9bb-6qhhl,default,yolo,580.173.02,GPU-d59cb1c4-ad97-d91a-6731-e7b5f38951a6
2026-08-16 04:03:15.053869,94.428,8,1g.11gb,,,,580.173.02,GPU-d59cb1c4-ad97-d91a-6731-e7b5f38951a6
2026-08-16 04:03:15.053869,94.203,9,1g.11gb,yolo-inference-755b67b9bb-nz54p,default,yolo,580.173.02,GPU-d59cb1c4-ad97-d91a-6731-e7b5f38951a6
2026-08-16 04:03:20.055999,94.286,10,1g.11gb,yolo-inference-755b67b9bb-cf854,default,yolo,580.173.02,GPU-d59cb1c4-ad97-d91a-6731-e7b5f38951a6
2026-08-16 04:03:20.055999,94.197,11,1g.11gb,yolo-inference-755b67b9bb-cgztg,default,yolo,580.173.02,GPU-d59cb1c4-ad97-d91a-6731-e7b5f38951a6
2026-08-16 04:03:20.055999,94.418,12,1g.11gb,yolo-inference-755b67b9bb-g6r55,default,yolo,580.173.02,GPU-d59cb1c4-ad97-d91a-6731-e7b5f38951a6
2026-08-16 04:03:20.055999,94.197,13,1g.11gb,,,,580.173.02,GPU-d59cb1c4-ad97-d91a-6731-e7b5f38951a6
2026-08-16 04:03:20.055999,94.496,7,1g.11gb,yolo-inference-755b67b9bb-6qhhl,default,yolo,580.173.02,GPU-d59cb1c4-ad97-d91a-6731-e7b5f38951a6
2026-08-16 04:03:20.055999,94.428,8,1g.11gb,,,,580.173.02,GPU-d59cb1c4-ad97-d91a-6731-e7b5f38951a6
2026-08-16 04:03:20.055999,94.203,9,1g.11gb,yolo-inference-755b67b9bb-nz54p,default,yolo,580.173.02,GPU-d59cb1c4-ad97-d91a-6731-e7b5f38951a6
2026-08-16 04:03:25.053782,94.286,10,1g.11gb,yolo-inference-755b67b9bb-cf854,default,yolo,580.173.02,GPU-d59cb1c4-ad97-d91a-6731-e7b5f38951a6
2026-08-16 04:03:25.053782,94.331,11,1g.11gb,yolo-inference-755b67b9bb-cgztg,default,yolo,580.173.02,GPU-d59cb1c4-ad97-d91a-6731-e7b5f38951a6
2026-08-16 04:03:25.053782,94.385,12,1g.11gb,yolo-inference-755b67b9bb-g6r55,default,yolo,580.173.02,GPU-d59cb1c4-ad97-d91a-6731-e7b5f38951a6
2026-08-16 04:03:25.053782,94.431,13,1g.11gb,,,,580.173.02,GPU-d59cb1c4-ad97-d91a-6731-e7b5f38951a6
2026-08-16 04:03:25.053782,94.473,7,1g.11gb,yolo-inference-755b67b9bb-6qhhl,default,yolo,580.173.02,GPU-d59cb1c4-ad97-d91a-6731-e7b5f38951a6
2026-08-16 04:03:25.053782,94.385,8,1g.11gb,,,,580.173.02,GPU-d59cb1c4-ad97-d91a-6731-e7b5f38951a6
2026-08-16 04:03:25.053782,94.331,9,1g.11gb,yolo-inference-755b67b9bb-nz54p,default,yolo,580.173.02,GPU-d59cb1c4-ad97-d91a-6731-e7b5f38951a6
2026-08-16 04:03:30.056016,94.286,10,1g.11gb,yolo-inference-755b67b9bb-cf854,default,yolo,580.173.02,GPU-d59cb1c4-ad97-d91a-6731-e7b5f38951a6
2026-08-16 04:03:30.056016,94.331,11,1g.11gb,yolo-inference-755b67b9bb-cgztg,default,yolo,580.173.02,GPU-d59cb1c4-ad97-d91a-6731-e7b5f38951a6
2026-08-16 04:03:30.056016,94.385,12,1g.11gb,yolo-inference-755b67b9bb-g6r55,default,yolo,580.173.02,GPU-d59cb1c4-ad97-d91a-6731-e7b5f38951a6
2026-08-16 04:03:30.056016,94.431,13,1g.11gb,,,,580.173.02,GPU-d59cb1c4-ad97-d91a-6731-e7b5f38951a6
2026-08-16 04:03:30.056016,94.473,7,1g.11gb,yolo-inference-755b67b9bb-6qhhl,default,yolo,580.173.02,GPU-d59cb1c4-ad97-d91a-6731-e7b5f38951a6
2026-08-16 04:03:30.056016,94.385,8,1g.11gb,,,,580.173.02,GPU-d59cb1c4-ad97-d91a-6731-e7b5f38951a6
2026-08-16 04:03:30.056016,94.331,9,1g.11gb,yolo-inference-755b67b9bb-nz54p,default,yolo,580.173.02,GPU-d59cb1c4-ad97-d91a-6731-e7b5f38951a6
2026-08-16 04:03:35.055993,94.286,10,1g.11gb,yolo-inference-755b67b9bb-cf854,default,yolo,580.173.02,GPU-d59cb1c4-ad97-d91a-6731-e7b5f38951a6
2026-08-16 04:03:35.055993,94.331,11,1g.11gb,yolo-inference-755b67b9bb-cgztg,default,yolo,580.173.02,GPU-d59cb1c4-ad97-d91a-6731-e7b5f38951a6
2026-08-16 04:03:35.055993,94.385,12,1g.11gb,yolo-inference-755b67b9bb-g6r55,default,yolo,580.173.02,GPU-d59cb1c4-ad97-d91a-6731-e7b5f38951a6
2026-08-16 04:03:35.055993,94.431,13,1g.11gb,,,,580.173.02,GPU-d59cb1c4-ad97-d91a-6731-e7b5f38951a6
2026-08-16 04:03:35.055993,94.473,7,1g.11gb,yolo-inference-755b67b9bb-6qhhl,default,yolo,580.173.02,GPU-d59cb1c4-ad97-d91a-6731-e7b5f38951a6
2026-08-16 04:03:35.055993,94.385,8,1g.11gb,,,,580.173.02,GPU-d59cb1c4-ad97-d91a-6731-e7b5f38951a6
2026-08-16 04:03:35.055993,94.331,9,1g.11gb,yolo-inference-755b67b9bb-nz54p,default,yolo,580.173.02,GPU-d59cb1c4-ad97-d91a-6731-e7b5f38951a6
2026-08-16 04:03:40.054455,94.286,10,1g.11gb,yolo-inference-755b67b9bb-cf854,default,yolo,580.173.02,GPU-d59cb1c4-ad97-d91a-6731-e7b5f38951a6
2026-08-16 04:03:40.054455,94.331,11,1g.11gb,yolo-inference-755b67b9bb-cgztg,default,yolo,580.173.02,GPU-d59cb1c4-ad97-d91a-6731-e7b5f38951a6
2026-08-16 04:03:40.054455,94.385,12,1g.11gb,yolo-inference-755b67b9bb-g6r55,default,yolo,580.173.02,GPU-d59cb1c4-ad97-d91a-6731-e7b5f38951a6
2026-08-16 04:03:40.054455,94.431,13,1g.11gb,,,,580.173.02,GPU-d59cb1c4-ad97-d91a-6731-e7b5f38951a6
2026-08-16 04:03:40.054455,94.473,7,1g.11gb,yolo-inference-755b67b9bb-6qhhl,default,yolo,580.173.02,GPU-d59cb1c4-ad97-d91a-6731-e7b5f38951a6
2026-08-16 04:03:40.054455,94.385,8,1g.11gb,,,,580.173.02,GPU-d59cb1c4-ad97-d91a-6731-e7b5f38951a6
2026-08-16 04:03:40.054455,94.331,9,1g.11gb,yolo-inference-755b67b9bb-nz54p,default,yolo,580.173.02,GPU-d59cb1c4-ad97-d91a-6731-e7b5f38951a6
2026-08-16 04:03:45.056022,94.286,10,1g.11gb,yolo-inference-755b67b9bb-cf854,default,yolo,580.173.02,GPU-d59cb1c4-ad97-d91a-6731-e7b5f38951a6
2026-08-16 04:03:45.056022,94.331,11,1g.11gb,yolo-inference-755b67b9bb-cgztg,default,yolo,580.173.02,GPU-d59cb1c4-ad97-d91a-6731-e7b5f38951a6
2026-08-16 04:03:45.056022,94.385,12,1g.11gb,yolo-inference-755b67b9bb-g6r55,default,yolo,580.173.02,GPU-d59cb1c4-ad97-d91a-6731-e7b5f38951a6
2026-08-16 04:03:45.056022,94.431,13,1g.11gb,,,,580.173.02,GPU-d59cb1c4-ad97-d91a-6731-e7b5f38951a6
2026-08-16 04:03:45.056022,94.473,7,1g.11gb,yolo-inference-755b67b9bb-6qhhl,default,yolo,580.173.02,GPU-d59cb1c4-ad97-d91a-6731-e7b5f38951a6
2026-08-16 04:03:45.056022,94.385,8,1g.11gb,,,,580.173.02,GPU-d59cb1c4-ad97-d91a-6731-e7b5f38951a6
2026-08-16 04:03:45.056022,94.331,9,1g.11gb,yolo-inference-755b67b9bb-nz54p,default,yolo,580.173.02,GPU-d59cb1c4-ad97-d91a-6731-e7b5f38951a6
2026-08-16 04:03:50.055989,94.348,10,1g.11gb,yolo-inference-755b67b9bb-cf854,default,yolo,580.173.02,GPU-d59cb1c4-ad97-d91a-6731-e7b5f38951a6
2026-08-16 04:03:50.055989,94.331,11,1g.11gb,yolo-inference-755b67b9bb-cgztg,default,yolo,580.173.02,GPU-d59cb1c4-ad97-d91a-6731-e7b5f38951a6
2026-08-16 04:03:50.055989,94.385,12,1g.11gb,yolo-inference-755b67b9bb-g6r55,default,yolo,580.173.02,GPU-d59cb1c4-ad97-d91a-6731-e7b5f38951a6
2026-08-16 04:03:50.055989,94.431,13,1g.11gb,,,,580.173.02,GPU-d59cb1c4-ad97-d91a-6731-e7b5f38951a6
2026-08-16 04:03:50.055989,94.473,7,1g.11gb,yolo-inference-755b67b9bb-6qhhl,default,yolo,580.173.02,GPU-d59cb1c4-ad97-d91a-6731-e7b5f38951a6
2026-08-16 04:03:50.055989,94.385,8,1g.11gb,,,,580.173.02,GPU-d59cb1c4-ad97-d91a-6731-e7b5f38951a6
2026-08-16 04:03:50.055989,94.331,9,1g.11gb,yolo-inference-755b67b9bb-nz54p,default,yolo,580.173.02,GPU-d59cb1c4-ad97-d91a-6731-e7b5f38951a6
2026-08-16 04:03:55.055950,94.348,10,1g.11gb,yolo-inference-755b67b9bb-cf854,default,yolo,580.173.02,GPU-d59cb1c4-ad97-d91a-6731-e7b5f38951a6
2026-08-16 04:03:55.055950,94.262,11,1g.11gb,yolo-inference-755b67b9bb-cgztg,default,yolo,580.173.02,GPU-d59cb1c4-ad97-d91a-6731-e7b5f38951a6
2026-08-16 04:03:55.055950,94.465,12,1g.11gb,yolo-inference-755b67b9bb-g6r55,default,yolo,580.173.02,GPU-d59cb1c4-ad97-d91a-6731-e7b5f38951a6
2026-08-16 04:03:55.055950,94.253,13,1g.11gb,,,,580.173.02,GPU-d59cb1c4-ad97-d91a-6731-e7b5f38951a6
2026-08-16 04:03:55.055950,94.454,7,1g.11gb,yolo-inference-755b67b9bb-6qhhl,default,yolo,580.173.02,GPU-d59cb1c4-ad97-d91a-6731-e7b5f38951a6
2026-08-16 04:03:55.055950,94.465,8,1g.11gb,,,,580.173.02,GPU-d59cb1c4-ad97-d91a-6731-e7b5f38951a6
2026-08-16 04:03:55.055950,94.262,9,1g.11gb,yolo-inference-755b67b9bb-nz54p,default,yolo,580.173.02,GPU-d59cb1c4-ad97-d91a-6731-e7b5f38951a6
2026-08-16 04:04:00.054229,94.348,10,1g.11gb,yolo-inference-755b67b9bb-cf854,default,yolo,580.173.02,GPU-d59cb1c4-ad97-d91a-6731-e7b5f38951a6
2026-08-16 04:04:00.054229,94.262,11,1g.11gb,yolo-inference-755b67b9bb-cgztg,default,yolo,580.173.02,GPU-d59cb1c4-ad97-d91a-6731-e7b5f38951a6
2026-08-16 04:04:00.054229,94.465,12,1g.11gb,yolo-inference-755b67b9bb-g6r55,default,yolo,580.173.02,GPU-d59cb1c4-ad97-d91a-6731-e7b5f38951a6
2026-08-16 04:04:00.054229,94.253,13,1g.11gb,,,,580.173.02,GPU-d59cb1c4-ad97-d91a-6731-e7b5f38951a6
2026-08-16 04:04:00.054229,94.454,7,1g.11gb,yolo-inference-755b67b9bb-6qhhl,default,yolo,580.173.02,GPU-d59cb1c4-ad97-d91a-6731-e7b5f38951a6
2026-08-16 04:04:00.054229,94.465,8,1g.11gb,,,,580.173.02,GPU-d59cb1c4-ad97-d91a-6731-e7b5f38951a6
2026-08-16 04:04:00.054229,94.262,9,1g.11gb,yolo-inference-755b67b9bb-nz54p,default,yolo,580.173.02,GPU-d59cb1c4-ad97-d91a-6731-e7b5f38951a6
2026-08-16 04:04:05.054802,94.348,10,1g.11gb,yolo-inference-755b67b9bb-cf854,default,yolo,580.173.02,GPU-d59cb1c4-ad97-d91a-6731-e7b5f38951a6
2026-08-16 04:04:05.054802,94.262,11,1g.11gb,yolo-inference-755b67b9bb-cgztg,default,yolo,580.173.02,GPU-d59cb1c4-ad97-d91a-6731-e7b5f38951a6
2026-08-16 04:04:05.054802,94.465,12,1g.11gb,yolo-inference-755b67b9bb-g6r55,default,yolo,580.173.02,GPU-d59cb1c4-ad97-d91a-6731-e7b5f38951a6
2026-08-16 04:04:05.054802,94.253,13,1g.11gb,,,,580.173.02,GPU-d59cb1c4-ad97-d91a-6731-e7b5f38951a6
2026-08-16 04:04:05.054802,94.454,7,1g.11gb,yolo-inference-755b67b9bb-6qhhl,default,yolo,580.173.02,GPU-d59cb1c4-ad97-d91a-6731-e7b5f38951a6
2026-08-16 04:04:05.054802,94.465,8,1g.11gb,,,,580.173.02,GPU-d59cb1c4-ad97-d91a-6731-e7b5f38951a6
2026-08-16 04:04:05.054802,94.262,9,1g.11gb,yolo-inference-755b67b9bb-nz54p,default,yolo,580.173.02,GPU-d59cb1c4-ad97-d91a-6731-e7b5f38951a6
2026-08-16 04:04:10.055988,94.348,10,1g.11gb,yolo-inference-755b67b9bb-cf854,default,yolo,580.173.02,GPU-d59cb1c4-ad97-d91a-6731-e7b5f38951a6
2026-08-16 04:04:10.055988,94.262,11,1g.11gb,yolo-inference-755b67b9bb-cgztg,default,yolo,580.173.02,GPU-d59cb1c4-ad97-d91a-6731-e7b5f38951a6
2026-08-16 04:04:10.055988,94.465,12,1g.11gb,yolo-inference-755b67b9bb-g6r55,default,yolo,580.173.02,GPU-d59cb1c4-ad97-d91a-6731-e7b5f38951a6
2026-08-16 04:04:10.055988,94.253,13,1g.11gb,,,,580.173.02,GPU-d59cb1c4-ad97-d91a-6731-e7b5f38951a6
2026-08-16 04:04:10.055988,94.454,7,1g.11gb,yolo-inference-755b67b9bb-6qhhl,default,yolo,580.173.02,GPU-d59cb1c4-ad97-d91a-6731-e7b5f38951a6
2026-08-16 04:04:10.055988,94.465,8,1g.11gb,,,,580.173.02,GPU-d59cb1c4-ad97-d91a-6731-e7b5f38951a6
2026-08-16 04:04:10.055988,94.262,9,1g.11gb,yolo-inference-755b67b9bb-nz54p,default,yolo,580.173.02,GPU-d59cb1c4-ad97-d91a-6731-e7b5f38951a6
2026-08-16 04:04:15.056016,94.348,10,1g.11gb,yolo-inference-755b67b9bb-cf854,default,yolo,580.173.02,GPU-d59cb1c4-ad97-d91a-6731-e7b5f38951a6
2026-08-16 04:04:15.056016,94.262,11,1g.11gb,yolo-inference-755b67b9bb-cgztg,default,yolo,580.173.02,GPU-d59cb1c4-ad97-d91a-6731-e7b5f38951a6
2026-08-16 04:04:15.056016,94.465,12,1g.11gb,yolo-inference-755b67b9bb-g6r55,default,yolo,580.173.02,GPU-d59cb1c4-ad97-d91a-6731-e7b5f38951a6
2026-08-16 04:04:15.056016,94.253,13,1g.11gb,,,,580.173.02,GPU-d59cb1c4-ad97-d91a-6731-e7b5f38951a6
2026-08-16 04:04:15.056016,94.454,7,1g.11gb,yolo-inference-755b67b9bb-6qhhl,default,yolo,580.173.02,GPU-d59cb1c4-ad97-d91a-6731-e7b5f38951a6
2026-08-16 04:04:15.056016,94.465,8,1g.11gb,,,,580.173.02,GPU-d59cb1c4-ad97-d91a-6731-e7b5f38951a6
2026-08-16 04:04:15.056016,94.262,9,1g.11gb,yolo-inference-755b67b9bb-nz54p,default,yolo,580.173.02,GPU-d59cb1c4-ad97-d91a-6731-e7b5f38951a6
2026-08-16 04:04:20.056028,94.262,10,1g.11gb,yolo-inference-755b67b9bb-cf854,default,yolo,580.173.02,GPU-d59cb1c4-ad97-d91a-6731-e7b5f38951a6
2026-08-16 04:04:20.056028,94.262,11,1g.11gb,yolo-inference-755b67b9bb-cgztg,default,yolo,580.173.02,GPU-d59cb1c4-ad97-d91a-6731-e7b5f38951a6
2026-08-16 04:04:20.056028,94.465,12,1g.11gb,yolo-inference-755b67b9bb-g6r55,default,yolo,580.173.02,GPU-d59cb1c4-ad97-d91a-6731-e7b5f38951a6
2026-08-16 04:04:20.056028,94.253,13,1g.11gb,,,,580.173.02,GPU-d59cb1c4-ad97-d91a-6731-e7b5f38951a6
2026-08-16 04:04:20.056028,94.454,7,1g.11gb,yolo-inference-755b67b9bb-6qhhl,default,yolo,580.173.02,GPU-d59cb1c4-ad97-d91a-6731-e7b5f38951a6
2026-08-16 04:04:20.056028,94.465,8,1g.11gb,,,,580.173.02,GPU-d59cb1c4-ad97-d91a-6731-e7b5f38951a6
2026-08-16 04:04:20.056028,94.262,9,1g.11gb,yolo-inference-755b67b9bb-nz54p,default,yolo,580.173.02,GPU-d59cb1c4-ad97-d91a-6731-e7b5f38951a6
2026-08-16 04:04:25.055885,94.262,10,1g.11gb,yolo-inference-755b67b9bb-cf854,default,yolo,580.173.02,GPU-d59cb1c4-ad97-d91a-6731-e7b5f38951a6
2026-08-16 04:04:25.055885,94.212,11,1g.11gb,yolo-inference-755b67b9bb-cgztg,default,yolo,580.173.02,GPU-d59cb1c4-ad97-d91a-6731-e7b5f38951a6
2026-08-16 04:04:25.055885,94.332,12,1g.11gb,yolo-inference-755b67b9bb-g6r55,default,yolo,580.173.02,GPU-d59cb1c4-ad97-d91a-6731-e7b5f38951a6
2026-08-16 04:04:25.055885,94.248,13,1g.11gb,,,,580.173.02,GPU-d59cb1c4-ad97-d91a-6731-e7b5f38951a6
2026-08-16 04:04:25.055885,94.263,7,1g.11gb,yolo-inference-755b67b9bb-6qhhl,default,yolo,580.173.02,GPU-d59cb1c4-ad97-d91a-6731-e7b5f38951a6
2026-08-16 04:04:25.055885,94.332,8,1g.11gb,,,,580.173.02,GPU-d59cb1c4-ad97-d91a-6731-e7b5f38951a6
2026-08-16 04:04:25.055885,94.212,9,1g.11gb,yolo-inference-755b67b9bb-nz54p,default,yolo,580.173.02,GPU-d59cb1c4-ad97-d91a-6731-e7b5f38951a6
2026-08-16 04:04:30.056003,94.262,10,1g.11gb,yolo-inference-755b67b9bb-cf854,default,yolo,580.173.02,GPU-d59cb1c4-ad97-d91a-6731-e7b5f38951a6
2026-08-16 04:04:30.056003,94.212,11,1g.11gb,yolo-inference-755b67b9bb-cgztg,default,yolo,580.173.02,GPU-d59cb1c4-ad97-d91a-6731-e7b5f38951a6
2026-08-16 04:04:30.056003,94.332,12,1g.11gb,yolo-inference-755b67b9bb-g6r55,default,yolo,580.173.02,GPU-d59cb1c4-ad97-d91a-6731-e7b5f38951a6
2026-08-16 04:04:30.056003,94.248,13,1g.11gb,,,,580.173.02,GPU-d59cb1c4-ad97-d91a-6731-e7b5f38951a6
2026-08-16 04:04:30.056003,94.263,7,1g.11gb,yolo-inference-755b67b9bb-6qhhl,default,yolo,580.173.02,GPU-d59cb1c4-ad97-d91a-6731-e7b5f38951a6
2026-08-16 04:04:30.056003,94.332,8,1g.11gb,,,,580.173.02,GPU-d59cb1c4-ad97-d91a-6731-e7b5f38951a6
2026-08-16 04:04:30.056003,94.212,9,1g.11gb,yolo-inference-755b67b9bb-nz54p,default,yolo,580.173.02,GPU-d59cb1c4-ad97-d91a-6731-e7b5f38951a6
2026-08-16 04:04:35.056026,94.262,10,1g.11gb,yolo-inference-755b67b9bb-cf854,default,yolo,580.173.02,GPU-d59cb1c4-ad97-d91a-6731-e7b5f38951a6
2026-08-16 04:04:35.056026,94.212,11,1g.11gb,yolo-inference-755b67b9bb-cgztg,default,yolo,580.173.02,GPU-d59cb1c4-ad97-d91a-6731-e7b5f38951a6
2026-08-16 04:04:35.056026,94.332,12,1g.11gb,yolo-inference-755b67b9bb-g6r55,default,yolo,580.173.02,GPU-d59cb1c4-ad97-d91a-6731-e7b5f38951a6
2026-08-16 04:04:35.056026,94.248,13,1g.11gb,,,,580.173.02,GPU-d59cb1c4-ad97-d91a-6731-e7b5f38951a6
2026-08-16 04:04:35.056026,94.263,7,1g.11gb,yolo-inference-755b67b9bb-6qhhl,default,yolo,580.173.02,GPU-d59cb1c4-ad97-d91a-6731-e7b5f38951a6
2026-08-16 04:04:35.056026,94.332,8,1g.11gb,,,,580.173.02,GPU-d59cb1c4-ad97-d91a-6731-e7b5f38951a6
2026-08-16 04:04:35.056026,94.212,9,1g.11gb,yolo-inference-755b67b9bb-nz54p,default,yolo,580.173.02,GPU-d59cb1c4-ad97-d91a-6731-e7b5f38951a6
2026-08-16 04:04:40.055989,94.262,10,1g.11gb,yolo-inference-755b67b9bb-cf854,default,yolo,580.173.02,GPU-d59cb1c4-ad97-d91a-6731-e7b5f38951a6
2026-08-16 04:04:40.055989,94.212,11,1g.11gb,yolo-inference-755b67b9bb-cgztg,default,yolo,580.173.02,GPU-d59cb1c4-ad97-d91a-6731-e7b5f38951a6
2026-08-16 04:04:40.055989,94.332,12,1g.11gb,yolo-inference-755b67b9bb-g6r55,default,yolo,580.173.02,GPU-d59cb1c4-ad97-d91a-6731-e7b5f38951a6
2026-08-16 04:04:40.055989,94.248,13,1g.11gb,,,,580.173.02,GPU-d59cb1c4-ad97-d91a-6731-e7b5f38951a6
2026-08-16 04:04:40.055989,94.263,7,1g.11gb,yolo-inference-755b67b9bb-6qhhl,default,yolo,580.173.02,GPU-d59cb1c4-ad97-d91a-6731-e7b5f38951a6
2026-08-16 04:04:40.055989,94.332,8,1g.11gb,,,,580.173.02,GPU-d59cb1c4-ad97-d91a-6731-e7b5f38951a6
2026-08-16 04:04:40.055989,94.212,9,1g.11gb,yolo-inference-755b67b9bb-nz54p,default,yolo,580.173.02,GPU-d59cb1c4-ad97-d91a-6731-e7b5f38951a6
2026-08-16 04:04:45.056047,94.262,10,1g.11gb,yolo-inference-755b67b9bb-cf854,default,yolo,580.173.02,GPU-d59cb1c4-ad97-d91a-6731-e7b5f38951a6
2026-08-16 04:04:45.056047,94.212,11,1g.11gb,yolo-inference-755b67b9bb-cgztg,default,yolo,580.173.02,GPU-d59cb1c4-ad97-d91a-6731-e7b5f38951a6
2026-08-16 04:04:45.056047,94.332,12,1g.11gb,yolo-inference-755b67b9bb-g6r55,default,yolo,580.173.02,GPU-d59cb1c4-ad97-d91a-6731-e7b5f38951a6
2026-08-16 04:04:45.056047,94.248,13,1g.11gb,,,,580.173.02,GPU-d59cb1c4-ad97-d91a-6731-e7b5f38951a6
2026-08-16 04:04:45.056047,94.263,7,1g.11gb,yolo-inference-755b67b9bb-6qhhl,default,yolo,580.173.02,GPU-d59cb1c4-ad97-d91a-6731-e7b5f38951a6
2026-08-16 04:04:45.056047,94.332,8,1g.11gb,,,,580.173.02,GPU-d59cb1c4-ad97-d91a-6731-e7b5f38951a6
2026-08-16 04:04:45.056047,94.212,9,1g.11gb,yolo-inference-755b67b9bb-nz54p,default,yolo,580.173.02,GPU-d59cb1c4-ad97-d91a-6731-e7b5f38951a6
2026-08-16 04:04:50.056005,94.437,10,1g.11gb,yolo-inference-755b67b9bb-cf854,default,yolo,580.173.02,GPU-d59cb1c4-ad97-d91a-6731-e7b5f38951a6
2026-08-16 04:04:50.056005,94.212,11,1g.11gb,yolo-inference-755b67b9bb-cgztg,default,yolo,580.173.02,GPU-d59cb1c4-ad97-d91a-6731-e7b5f38951a6
2026-08-16 04:04:50.056005,94.332,12,1g.11gb,yolo-inference-755b67b9bb-g6r55,default,yolo,580.173.02,GPU-d59cb1c4-ad97-d91a-6731-e7b5f38951a6
2026-08-16 04:04:50.056005,94.248,13,1g.11gb,,,,580.173.02,GPU-d59cb1c4-ad97-d91a-6731-e7b5f38951a6
2026-08-16 04:04:50.056005,94.263,7,1g.11gb,yolo-inference-755b67b9bb-6qhhl,default,yolo,580.173.02,GPU-d59cb1c4-ad97-d91a-6731-e7b5f38951a6
2026-08-16 04:04:50.056005,94.332,8,1g.11gb,,,,580.173.02,GPU-d59cb1c4-ad97-d91a-6731-e7b5f38951a6
2026-08-16 04:04:50.056005,94.212,9,1g.11gb,yolo-inference-755b67b9bb-nz54p,default,yolo,580.173.02,GPU-d59cb1c4-ad97-d91a-6731-e7b5f38951a6
2026-08-16 04:04:55.055886,94.437,10,1g.11gb,yolo-inference-755b67b9bb-cf854,default,yolo,580.173.02,GPU-d59cb1c4-ad97-d91a-6731-e7b5f38951a6
2026-08-16 04:04:55.055886,94.382,11,1g.11gb,yolo-inference-755b67b9bb-cgztg,default,yolo,580.173.02,GPU-d59cb1c4-ad97-d91a-6731-e7b5f38951a6
2026-08-16 04:04:55.055886,94.041,12,1g.11gb,yolo-inference-755b67b9bb-g6r55,default,yolo,580.173.02,GPU-d59cb1c4-ad97-d91a-6731-e7b5f38951a6
2026-08-16 04:04:55.055886,94.372,13,1g.11gb,,,,580.173.02,GPU-d59cb1c4-ad97-d91a-6731-e7b5f38951a6
2026-08-16 04:04:55.055886,94.163,7,1g.11gb,yolo-inference-755b67b9bb-6qhhl,default,yolo,580.173.02,GPU-d59cb1c4-ad97-d91a-6731-e7b5f38951a6
2026-08-16 04:04:55.055886,94.041,8,1g.11gb,,,,580.173.02,GPU-d59cb1c4-ad97-d91a-6731-e7b5f38951a6
2026-08-16 04:04:55.055886,94.382,9,1g.11gb,yolo-inference-755b67b9bb-nz54p,default,yolo,580.173.02,GPU-d59cb1c4-ad97-d91a-6731-e7b5f38951a6
2026-08-16 04:05:00.055996,94.437,10,1g.11gb,yolo-inference-755b67b9bb-cf854,default,yolo,580.173.02,GPU-d59cb1c4-ad97-d91a-6731-e7b5f38951a6
2026-08-16 04:05:00.055996,94.382,11,1g.11gb,yolo-inference-755b67b9bb-cgztg,default,yolo,580.173.02,GPU-d59cb1c4-ad97-d91a-6731-e7b5f38951a6
2026-08-16 04:05:00.055996,94.041,12,1g.11gb,yolo-inference-755b67b9bb-g6r55,default,yolo,580.173.02,GPU-d59cb1c4-ad97-d91a-6731-e7b5f38951a6
2026-08-16 04:05:00.055996,94.372,13,1g.11gb,,,,580.173.02,GPU-d59cb1c4-ad97-d91a-6731-e7b5f38951a6
2026-08-16 04:05:00.055996,94.163,7,1g.11gb,yolo-inference-755b67b9bb-6qhhl,default,yolo,580.173.02,GPU-d59cb1c4-ad97-d91a-6731-e7b5f38951a6
2026-08-16 04:05:00.055996,94.041,8,1g.11gb,,,,580.173.02,GPU-d59cb1c4-ad97-d91a-6731-e7b5f38951a6
2026-08-16 04:05:00.055996,94.382,9,1g.11gb,yolo-inference-755b67b9bb-nz54p,default,yolo,580.173.02,GPU-d59cb1c4-ad97-d91a-6731-e7b5f38951a6
2026-08-16 04:05:05.054844,94.437,10,1g.11gb,yolo-inference-755b67b9bb-cf854,default,yolo,580.173.02,GPU-d59cb1c4-ad97-d91a-6731-e7b5f38951a6
2026-08-16 04:05:05.054844,94.382,11,1g.11gb,yolo-inference-755b67b9bb-cgztg,default,yolo,580.173.02,GPU-d59cb1c4-ad97-d91a-6731-e7b5f38951a6
2026-08-16 04:05:05.054844,94.041,12,1g.11gb,yolo-inference-755b67b9bb-g6r55,default,yolo,580.173.02,GPU-d59cb1c4-ad97-d91a-6731-e7b5f38951a6
2026-08-16 04:05:05.054844,94.372,13,1g.11gb,,,,580.173.02,GPU-d59cb1c4-ad97-d91a-6731-e7b5f38951a6
2026-08-16 04:05:05.054844,94.163,7,1g.11gb,yolo-inference-755b67b9bb-6qhhl,default,yolo,580.173.02,GPU-d59cb1c4-ad97-d91a-6731-e7b5f38951a6
2026-08-16 04:05:05.054844,94.041,8,1g.11gb,,,,580.173.02,GPU-d59cb1c4-ad97-d91a-6731-e7b5f38951a6
2026-08-16 04:05:05.054844,94.382,9,1g.11gb,yolo-inference-755b67b9bb-nz54p,default,yolo,580.173.02,GPU-d59cb1c4-ad97-d91a-6731-e7b5f38951a6
2026-08-16 04:05:10.056084,94.437,10,1g.11gb,yolo-inference-755b67b9bb-cf854,default,yolo,580.173.02,GPU-d59cb1c4-ad97-d91a-6731-e7b5f38951a6
2026-08-16 04:05:10.056084,94.382,11,1g.11gb,yolo-inference-755b67b9bb-cgztg,default,yolo,580.173.02,GPU-d59cb1c4-ad97-d91a-6731-e7b5f38951a6
2026-08-16 04:05:10.056084,94.041,12,1g.11gb,yolo-inference-755b67b9bb-g6r55,default,yolo,580.173.02,GPU-d59cb1c4-ad97-d91a-6731-e7b5f38951a6
2026-08-16 04:05:10.056084,94.372,13,1g.11gb,,,,580.173.02,GPU-d59cb1c4-ad97-d91a-6731-e7b5f38951a6
2026-08-16 04:05:10.056084,94.163,7,1g.11gb,yolo-inference-755b67b9bb-6qhhl,default,yolo,580.173.02,GPU-d59cb1c4-ad97-d91a-6731-e7b5f38951a6
2026-08-16 04:05:10.056084,94.041,8,1g.11gb,,,,580.173.02,GPU-d59cb1c4-ad97-d91a-6731-e7b5f38951a6
2026-08-16 04:05:10.056084,94.382,9,1g.11gb,yolo-inference-755b67b9bb-nz54p,default,yolo,580.173.02,GPU-d59cb1c4-ad97-d91a-6731-e7b5f38951a6
2026-08-16 04:05:15.056014,94.437,10,1g.11gb,yolo-inference-755b67b9bb-cf854,default,yolo,580.173.02,GPU-d59cb1c4-ad97-d91a-6731-e7b5f38951a6
2026-08-16 04:05:15.056014,94.382,11,1g.11gb,yolo-inference-755b67b9bb-cgztg,default,yolo,580.173.02,GPU-d59cb1c4-ad97-d91a-6731-e7b5f38951a6
2026-08-16 04:05:15.056014,94.041,12,1g.11gb,yolo-inference-755b67b9bb-g6r55,default,yolo,580.173.02,GPU-d59cb1c4-ad97-d91a-6731-e7b5f38951a6
2026-08-16 04:05:15.056014,94.372,13,1g.11gb,,,,580.173.02,GPU-d59cb1c4-ad97-d91a-6731-e7b5f38951a6
2026-08-16 04:05:15.056014,94.163,7,1g.11gb,yolo-inference-755b67b9bb-6qhhl,default,yolo,580.173.02,GPU-d59cb1c4-ad97-d91a-6731-e7b5f38951a6
2026-08-16 04:05:15.056014,94.041,8,1g.11gb,,,,580.173.02,GPU-d59cb1c4-ad97-d91a-6731-e7b5f38951a6
2026-08-16 04:05:15.056014,94.382,9,1g.11gb,yolo-inference-755b67b9bb-nz54p,default,yolo,580.173.02,GPU-d59cb1c4-ad97-d91a-6731-e7b5f38951a6
2026-08-16 04:05:20.055996,94.27,10,1g.11gb,yolo-inference-755b67b9bb-cf854,default,yolo,580.173.02,GPU-d59cb1c4-ad97-d91a-6731-e7b5f38951a6
2026-08-16 04:05:20.055996,94.382,11,1g.11gb,yolo-inference-755b67b9bb-cgztg,default,yolo,580.173.02,GPU-d59cb1c4-ad97-d91a-6731-e7b5f38951a6
2026-08-16 04:05:20.055996,94.041,12,1g.11gb,yolo-inference-755b67b9bb-g6r55,default,yolo,580.173.02,GPU-d59cb1c4-ad97-d91a-6731-e7b5f38951a6
2026-08-16 04:05:20.055996,94.372,13,1g.11gb,,,,580.173.02,GPU-d59cb1c4-ad97-d91a-6731-e7b5f38951a6
2026-08-16 04:05:20.055996,94.163,7,1g.11gb,yolo-inference-755b67b9bb-6qhhl,default,yolo,580.173.02,GPU-d59cb1c4-ad97-d91a-6731-e7b5f38951a6
2026-08-16 04:05:20.055996,94.041,8,1g.11gb,,,,580.173.02,GPU-d59cb1c4-ad97-d91a-6731-e7b5f38951a6
2026-08-16 04:05:20.055996,94.382,9,1g.11gb,yolo-inference-755b67b9bb-nz54p,default,yolo,580.173.02,GPU-d59cb1c4-ad97-d91a-6731-e7b5f38951a6
2026-08-16 04:05:25.052936,94.27,10,1g.11gb,yolo-inference-755b67b9bb-cf854,default,yolo,580.173.02,GPU-d59cb1c4-ad97-d91a-6731-e7b5f38951a6
2026-08-16 04:05:25.052936,94.367,11,1g.11gb,yolo-inference-755b67b9bb-cgztg,default,yolo,580.173.02,GPU-d59cb1c4-ad97-d91a-6731-e7b5f38951a6
2026-08-16 04:05:25.052936,94.36,12,1g.11gb,yolo-inference-755b67b9bb-g6r55,default,yolo,580.173.02,GPU-d59cb1c4-ad97-d91a-6731-e7b5f38951a6
2026-08-16 04:05:25.052936,94.305,13,1g.11gb,,,,580.173.02,GPU-d59cb1c4-ad97-d91a-6731-e7b5f38951a6
2026-08-16 04:05:25.052936,94.07,7,1g.11gb,yolo-inference-755b67b9bb-6qhhl,default,yolo,580.173.02,GPU-d59cb1c4-ad97-d91a-6731-e7b5f38951a6
2026-08-16 04:05:25.052936,94.36,8,1g.11gb,,,,580.173.02,GPU-d59cb1c4-ad97-d91a-6731-e7b5f38951a6
2026-08-16 04:05:25.052936,94.367,9,1g.11gb,yolo-inference-755b67b9bb-nz54p,default,yolo,580.173.02,GPU-d59cb1c4-ad97-d91a-6731-e7b5f38951a6
2026-08-16 04:05:30.056001,94.27,10,1g.11gb,yolo-inference-755b67b9bb-cf854,default,yolo,580.173.02,GPU-d59cb1c4-ad97-d91a-6731-e7b5f38951a6
2026-08-16 04:05:30.056001,94.367,11,1g.11gb,yolo-inference-755b67b9bb-cgztg,default,yolo,580.173.02,GPU-d59cb1c4-ad97-d91a-6731-e7b5f38951a6
2026-08-16 04:05:30.056001,94.36,12,1g.11gb,yolo-inference-755b67b9bb-g6r55,default,yolo,580.173.02,GPU-d59cb1c4-ad97-d91a-6731-e7b5f38951a6
2026-08-16 04:05:30.056001,94.305,13,1g.11gb,,,,580.173.02,GPU-d59cb1c4-ad97-d91a-6731-e7b5f38951a6
2026-08-16 04:05:30.056001,94.07,7,1g.11gb,yolo-inference-755b67b9bb-6qhhl,default,yolo,580.173.02,GPU-d59cb1c4-ad97-d91a-6731-e7b5f38951a6
2026-08-16 04:05:30.056001,94.36,8,1g.11gb,,,,580.173.02,GPU-d59cb1c4-ad97-d91a-6731-e7b5f38951a6
2026-08-16 04:05:30.056001,94.367,9,1g.11gb,yolo-inference-755b67b9bb-nz54p,default,yolo,580.173.02,GPU-d59cb1c4-ad97-d91a-6731-e7b5f38951a6
2026-08-16 04:05:35.053821,94.27,10,1g.11gb,yolo-inference-755b67b9bb-cf854,default,yolo,580.173.02,GPU-d59cb1c4-ad97-d91a-6731-e7b5f38951a6
2026-08-16 04:05:35.053821,94.367,11,1g.11gb,yolo-inference-755b67b9bb-cgztg,default,yolo,580.173.02,GPU-d59cb1c4-ad97-d91a-6731-e7b5f38951a6
2026-08-16 04:05:35.053821,94.36,12,1g.11gb,yolo-inference-755b67b9bb-g6r55,default,yolo,580.173.02,GPU-d59cb1c4-ad97-d91a-6731-e7b5f38951a6
2026-08-16 04:05:35.053821,94.305,13,1g.11gb,,,,580.173.02,GPU-d59cb1c4-ad97-d91a-6731-e7b5f38951a6
2026-08-16 04:05:35.053821,94.07,7,1g.11gb,yolo-inference-755b67b9bb-6qhhl,default,yolo,580.173.02,GPU-d59cb1c4-ad97-d91a-6731-e7b5f38951a6
2026-08-16 04:05:35.053821,94.36,8,1g.11gb,,,,580.173.02,GPU-d59cb1c4-ad97-d91a-6731-e7b5f38951a6
2026-08-16 04:05:35.053821,94.367,9,1g.11gb,yolo-inference-755b67b9bb-nz54p,default,yolo,580.173.02,GPU-d59cb1c4-ad97-d91a-6731-e7b5f38951a6
2026-08-16 04:05:40.055514,94.27,10,1g.11gb,yolo-inference-755b67b9bb-cf854,default,yolo,580.173.02,GPU-d59cb1c4-ad97-d91a-6731-e7b5f38951a6
2026-08-16 04:05:40.055514,94.367,11,1g.11gb,yolo-inference-755b67b9bb-cgztg,default,yolo,580.173.02,GPU-d59cb1c4-ad97-d91a-6731-e7b5f38951a6
2026-08-16 04:05:40.055514,94.36,12,1g.11gb,yolo-inference-755b67b9bb-g6r55,default,yolo,580.173.02,GPU-d59cb1c4-ad97-d91a-6731-e7b5f38951a6
2026-08-16 04:05:40.055514,94.305,13,1g.11gb,,,,580.173.02,GPU-d59cb1c4-ad97-d91a-6731-e7b5f38951a6
2026-08-16 04:05:40.055514,94.07,7,1g.11gb,yolo-inference-755b67b9bb-6qhhl,default,yolo,580.173.02,GPU-d59cb1c4-ad97-d91a-6731-e7b5f38951a6
2026-08-16 04:05:40.055514,94.36,8,1g.11gb,,,,580.173.02,GPU-d59cb1c4-ad97-d91a-6731-e7b5f38951a6
2026-08-16 04:05:40.055514,94.367,9,1g.11gb,yolo-inference-755b67b9bb-nz54p,default,yolo,580.173.02,GPU-d59cb1c4-ad97-d91a-6731-e7b5f38951a6
2026-08-16 04:05:45.052870,94.27,10,1g.11gb,yolo-inference-755b67b9bb-cf854,default,yolo,580.173.02,GPU-d59cb1c4-ad97-d91a-6731-e7b5f38951a6
2026-08-16 04:05:45.052870,94.367,11,1g.11gb,yolo-inference-755b67b9bb-cgztg,default,yolo,580.173.02,GPU-d59cb1c4-ad97-d91a-6731-e7b5f38951a6
2026-08-16 04:05:45.052870,94.36,12,1g.11gb,yolo-inference-755b67b9bb-g6r55,default,yolo,580.173.02,GPU-d59cb1c4-ad97-d91a-6731-e7b5f38951a6
2026-08-16 04:05:45.052870,94.305,13,1g.11gb,,,,580.173.02,GPU-d59cb1c4-ad97-d91a-6731-e7b5f38951a6
2026-08-16 04:05:45.052870,94.07,7,1g.11gb,yolo-inference-755b67b9bb-6qhhl,default,yolo,580.173.02,GPU-d59cb1c4-ad97-d91a-6731-e7b5f38951a6
2026-08-16 04:05:45.052870,94.36,8,1g.11gb,,,,580.173.02,GPU-d59cb1c4-ad97-d91a-6731-e7b5f38951a6
2026-08-16 04:05:45.052870,94.367,9,1g.11gb,yolo-inference-755b67b9bb-nz54p,default,yolo,580.173.02,GPU-d59cb1c4-ad97-d91a-6731-e7b5f38951a6
2026-08-16 04:05:50.053881,94.226,10,1g.11gb,yolo-inference-755b67b9bb-cf854,default,yolo,580.173.02,GPU-d59cb1c4-ad97-d91a-6731-e7b5f38951a6
2026-08-16 04:05:50.053881,94.367,11,1g.11gb,yolo-inference-755b67b9bb-cgztg,default,yolo,580.173.02,GPU-d59cb1c4-ad97-d91a-6731-e7b5f38951a6
2026-08-16 04:05:50.053881,94.36,12,1g.11gb,yolo-inference-755b67b9bb-g6r55,default,yolo,580.173.02,GPU-d59cb1c4-ad97-d91a-6731-e7b5f38951a6
2026-08-16 04:05:50.053881,94.305,13,1g.11gb,,,,580.173.02,GPU-d59cb1c4-ad97-d91a-6731-e7b5f38951a6
2026-08-16 04:05:50.053881,94.07,7,1g.11gb,yolo-inference-755b67b9bb-6qhhl,default,yolo,580.173.02,GPU-d59cb1c4-ad97-d91a-6731-e7b5f38951a6
2026-08-16 04:05:50.053881,94.36,8,1g.11gb,,,,580.173.02,GPU-d59cb1c4-ad97-d91a-6731-e7b5f38951a6
2026-08-16 04:05:50.053881,94.367,9,1g.11gb,yolo-inference-755b67b9bb-nz54p,default,yolo,580.173.02,GPU-d59cb1c4-ad97-d91a-6731-e7b5f38951a6
2026-08-16 04:05:55.055991,94.226,10,1g.11gb,yolo-inference-755b67b9bb-cf854,default,yolo,580.173.02,GPU-d59cb1c4-ad97-d91a-6731-e7b5f38951a6
2026-08-16 04:05:55.055991,94.244,11,1g.11gb,yolo-inference-755b67b9bb-cgztg,default,yolo,580.173.02,GPU-d59cb1c4-ad97-d91a-6731-e7b5f38951a6
2026-08-16 04:05:55.055991,94.242,12,1g.11gb,yolo-inference-755b67b9bb-g6r55,default,yolo,580.173.02,GPU-d59cb1c4-ad97-d91a-6731-e7b5f38951a6
2026-08-16 04:05:55.055991,94.198,13,1g.11gb,,,,580.173.02,GPU-d59cb1c4-ad97-d91a-6731-e7b5f38951a6
2026-08-16 04:05:55.055991,94.133,7,1g.11gb,yolo-inference-755b67b9bb-6qhhl,default,yolo,580.173.02,GPU-d59cb1c4-ad97-d91a-6731-e7b5f38951a6
2026-08-16 04:05:55.055991,94.242,8,1g.11gb,,,,580.173.02,GPU-d59cb1c4-ad97-d91a-6731-e7b5f38951a6
2026-08-16 04:05:55.055991,94.244,9,1g.11gb,yolo-inference-755b67b9bb-nz54p,default,yolo,580.173.02,GPU-d59cb1c4-ad97-d91a-6731-e7b5f38951a6
2026-08-16 04:06:00.056045,94.226,10,1g.11gb,yolo-inference-755b67b9bb-cf854,default,yolo,580.173.02,GPU-d59cb1c4-ad97-d91a-6731-e7b5f38951a6
2026-08-16 04:06:00.056045,94.244,11,1g.11gb,yolo-inference-755b67b9bb-cgztg,default,yolo,580.173.02,GPU-d59cb1c4-ad97-d91a-6731-e7b5f38951a6
2026-08-16 04:06:00.056045,94.242,12,1g.11gb,yolo-inference-755b67b9bb-g6r55,default,yolo,580.173.02,GPU-d59cb1c4-ad97-d91a-6731-e7b5f38951a6
2026-08-16 04:06:00.056045,94.198,13,1g.11gb,,,,580.173.02,GPU-d59cb1c4-ad97-d91a-6731-e7b5f38951a6
2026-08-16 04:06:00.056045,94.133,7,1g.11gb,yolo-inference-755b67b9bb-6qhhl,default,yolo,580.173.02,GPU-d59cb1c4-ad97-d91a-6731-e7b5f38951a6
2026-08-16 04:06:00.056045,94.242,8,1g.11gb,,,,580.173.02,GPU-d59cb1c4-ad97-d91a-6731-e7b5f38951a6
2026-08-16 04:06:00.056045,94.244,9,1g.11gb,yolo-inference-755b67b9bb-nz54p,default,yolo,580.173.02,GPU-d59cb1c4-ad97-d91a-6731-e7b5f38951a6
2026-08-16 04:06:05.053725,94.226,10,1g.11gb,yolo-inference-755b67b9bb-cf854,default,yolo,580.173.02,GPU-d59cb1c4-ad97-d91a-6731-e7b5f38951a6
2026-08-16 04:06:05.053725,94.244,11,1g.11gb,yolo-inference-755b67b9bb-cgztg,default,yolo,580.173.02,GPU-d59cb1c4-ad97-d91a-6731-e7b5f38951a6
2026-08-16 04:06:05.053725,94.242,12,1g.11gb,yolo-inference-755b67b9bb-g6r55,default,yolo,580.173.02,GPU-d59cb1c4-ad97-d91a-6731-e7b5f38951a6
2026-08-16 04:06:05.053725,94.198,13,1g.11gb,,,,580.173.02,GPU-d59cb1c4-ad97-d91a-6731-e7b5f38951a6
2026-08-16 04:06:05.053725,94.133,7,1g.11gb,yolo-inference-755b67b9bb-6qhhl,default,yolo,580.173.02,GPU-d59cb1c4-ad97-d91a-6731-e7b5f38951a6
2026-08-16 04:06:05.053725,94.242,8,1g.11gb,,,,580.173.02,GPU-d59cb1c4-ad97-d91a-6731-e7b5f38951a6
2026-08-16 04:06:05.053725,94.244,9,1g.11gb,yolo-inference-755b67b9bb-nz54p,default,yolo,580.173.02,GPU-d59cb1c4-ad97-d91a-6731-e7b5f38951a6
2026-08-16 04:06:10.056034,94.226,10,1g.11gb,yolo-inference-755b67b9bb-cf854,default,yolo,580.173.02,GPU-d59cb1c4-ad97-d91a-6731-e7b5f38951a6
2026-08-16 04:06:10.056034,94.244,11,1g.11gb,yolo-inference-755b67b9bb-cgztg,default,yolo,580.173.02,GPU-d59cb1c4-ad97-d91a-6731-e7b5f38951a6
2026-08-16 04:06:10.056034,94.242,12,1g.11gb,yolo-inference-755b67b9bb-g6r55,default,yolo,580.173.02,GPU-d59cb1c4-ad97-d91a-6731-e7b5f38951a6
2026-08-16 04:06:10.056034,94.198,13,1g.11gb,,,,580.173.02,GPU-d59cb1c4-ad97-d91a-6731-e7b5f38951a6
2026-08-16 04:06:10.056034,94.133,7,1g.11gb,yolo-inference-755b67b9bb-6qhhl,default,yolo,580.173.02,GPU-d59cb1c4-ad97-d91a-6731-e7b5f38951a6
2026-08-16 04:06:10.056034,94.242,8,1g.11gb,,,,580.173.02,GPU-d59cb1c4-ad97-d91a-6731-e7b5f38951a6
2026-08-16 04:06:10.056034,94.244,9,1g.11gb,yolo-inference-755b67b9bb-nz54p,default,yolo,580.173.02,GPU-d59cb1c4-ad97-d91a-6731-e7b5f38951a6
2026-08-16 04:06:15.055997,94.226,10,1g.11gb,yolo-inference-755b67b9bb-cf854,default,yolo,580.173.02,GPU-d59cb1c4-ad97-d91a-6731-e7b5f38951a6
2026-08-16 04:06:15.055997,94.244,11,1g.11gb,yolo-inference-755b67b9bb-cgztg,default,yolo,580.173.02,GPU-d59cb1c4-ad97-d91a-6731-e7b5f38951a6
2026-08-16 04:06:15.055997,94.242,12,1g.11gb,yolo-inference-755b67b9bb-g6r55,default,yolo,580.173.02,GPU-d59cb1c4-ad97-d91a-6731-e7b5f38951a6
2026-08-16 04:06:15.055997,94.198,13,1g.11gb,,,,580.173.02,GPU-d59cb1c4-ad97-d91a-6731-e7b5f38951a6
2026-08-16 04:06:15.055997,94.133,7,1g.11gb,yolo-inference-755b67b9bb-6qhhl,default,yolo,580.173.02,GPU-d59cb1c4-ad97-d91a-6731-e7b5f38951a6
2026-08-16 04:06:15.055997,94.242,8,1g.11gb,,,,580.173.02,GPU-d59cb1c4-ad97-d91a-6731-e7b5f38951a6
2026-08-16 04:06:15.055997,94.244,9,1g.11gb,yolo-inference-755b67b9bb-nz54p,default,yolo,580.173.02,GPU-d59cb1c4-ad97-d91a-6731-e7b5f38951a6
2026-08-16 04:06:20.055986,94.182,10,1g.11gb,yolo-inference-755b67b9bb-cf854,default,yolo,580.173.02,GPU-d59cb1c4-ad97-d91a-6731-e7b5f38951a6
2026-08-16 04:06:20.055986,94.244,11,1g.11gb,yolo-inference-755b67b9bb-cgztg,default,yolo,580.173.02,GPU-d59cb1c4-ad97-d91a-6731-e7b5f38951a6
2026-08-16 04:06:20.055986,94.242,12,1g.11gb,yolo-inference-755b67b9bb-g6r55,default,yolo,580.173.02,GPU-d59cb1c4-ad97-d91a-6731-e7b5f38951a6
2026-08-16 04:06:20.055986,94.198,13,1g.11gb,,,,580.173.02,GPU-d59cb1c4-ad97-d91a-6731-e7b5f38951a6
2026-08-16 04:06:20.055986,94.133,7,1g.11gb,yolo-inference-755b67b9bb-6qhhl,default,yolo,580.173.02,GPU-d59cb1c4-ad97-d91a-6731-e7b5f38951a6
2026-08-16 04:06:20.055986,94.242,8,1g.11gb,,,,580.173.02,GPU-d59cb1c4-ad97-d91a-6731-e7b5f38951a6
2026-08-16 04:06:20.055986,94.244,9,1g.11gb,yolo-inference-755b67b9bb-nz54p,default,yolo,580.173.02,GPU-d59cb1c4-ad97-d91a-6731-e7b5f38951a6
2026-08-16 04:06:25.055997,94.182,10,1g.11gb,yolo-inference-755b67b9bb-cf854,default,yolo,580.173.02,GPU-d59cb1c4-ad97-d91a-6731-e7b5f38951a6
2026-08-16 04:06:25.055997,94.19,11,1g.11gb,yolo-inference-755b67b9bb-cgztg,default,yolo,580.173.02,GPU-d59cb1c4-ad97-d91a-6731-e7b5f38951a6
2026-08-16 04:06:25.055997,94.378,12,1g.11gb,yolo-inference-755b67b9bb-g6r55,default,yolo,580.173.02,GPU-d59cb1c4-ad97-d91a-6731-e7b5f38951a6
2026-08-16 04:06:25.055997,94.186,13,1g.11gb,,,,580.173.02,GPU-d59cb1c4-ad97-d91a-6731-e7b5f38951a6
2026-08-16 04:06:25.055997,94.378,7,1g.11gb,yolo-inference-755b67b9bb-6qhhl,default,yolo,580.173.02,GPU-d59cb1c4-ad97-d91a-6731-e7b5f38951a6
2026-08-16 04:06:25.055997,94.347,8,1g.11gb,,,,580.173.02,GPU-d59cb1c4-ad97-d91a-6731-e7b5f38951a6
2026-08-16 04:06:25.055997,94.19,9,1g.11gb,yolo-inference-755b67b9bb-nz54p,default,yolo,580.173.02,GPU-d59cb1c4-ad97-d91a-6731-e7b5f38951a6
2026-08-16 04:06:30.055962,94.182,10,1g.11gb,yolo-inference-755b67b9bb-cf854,default,yolo,580.173.02,GPU-d59cb1c4-ad97-d91a-6731-e7b5f38951a6
2026-08-16 04:06:30.055962,94.19,11,1g.11gb,yolo-inference-755b67b9bb-cgztg,default,yolo,580.173.02,GPU-d59cb1c4-ad97-d91a-6731-e7b5f38951a6
2026-08-16 04:06:30.055962,94.378,12,1g.11gb,yolo-inference-755b67b9bb-g6r55,default,yolo,580.173.02,GPU-d59cb1c4-ad97-d91a-6731-e7b5f38951a6
2026-08-16 04:06:30.055962,94.186,13,1g.11gb,,,,580.173.02,GPU-d59cb1c4-ad97-d91a-6731-e7b5f38951a6
2026-08-16 04:06:30.055962,94.378,7,1g.11gb,yolo-inference-755b67b9bb-6qhhl,default,yolo,580.173.02,GPU-d59cb1c4-ad97-d91a-6731-e7b5f38951a6
2026-08-16 04:06:30.055962,94.347,8,1g.11gb,,,,580.173.02,GPU-d59cb1c4-ad97-d91a-6731-e7b5f38951a6
2026-08-16 04:06:30.055962,94.19,9,1g.11gb,yolo-inference-755b67b9bb-nz54p,default,yolo,580.173.02,GPU-d59cb1c4-ad97-d91a-6731-e7b5f38951a6
2026-08-16 04:06:35.056003,94.182,10,1g.11gb,yolo-inference-755b67b9bb-cf854,default,yolo,580.173.02,GPU-d59cb1c4-ad97-d91a-6731-e7b5f38951a6
2026-08-16 04:06:35.056003,94.19,11,1g.11gb,yolo-inference-755b67b9bb-cgztg,default,yolo,580.173.02,GPU-d59cb1c4-ad97-d91a-6731-e7b5f38951a6
2026-08-16 04:06:35.056003,94.378,12,1g.11gb,yolo-inference-755b67b9bb-g6r55,default,yolo,580.173.02,GPU-d59cb1c4-ad97-d91a-6731-e7b5f38951a6
2026-08-16 04:06:35.056003,94.186,13,1g.11gb,,,,580.173.02,GPU-d59cb1c4-ad97-d91a-6731-e7b5f38951a6
2026-08-16 04:06:35.056003,94.378,7,1g.11gb,yolo-inference-755b67b9bb-6qhhl,default,yolo,580.173.02,GPU-d59cb1c4-ad97-d91a-6731-e7b5f38951a6
2026-08-16 04:06:35.056003,94.347,8,1g.11gb,,,,580.173.02,GPU-d59cb1c4-ad97-d91a-6731-e7b5f38951a6
2026-08-16 04:06:35.056003,94.19,9,1g.11gb,yolo-inference-755b67b9bb-nz54p,default,yolo,580.173.02,GPU-d59cb1c4-ad97-d91a-6731-e7b5f38951a6
2026-08-16 04:06:40.056017,94.182,10,1g.11gb,yolo-inference-755b67b9bb-cf854,default,yolo,580.173.02,GPU-d59cb1c4-ad97-d91a-6731-e7b5f38951a6
2026-08-16 04:06:40.056017,94.19,11,1g.11gb,yolo-inference-755b67b9bb-cgztg,default,yolo,580.173.02,GPU-d59cb1c4-ad97-d91a-6731-e7b5f38951a6
2026-08-16 04:06:40.056017,94.378,12,1g.11gb,yolo-inference-755b67b9bb-g6r55,default,yolo,580.173.02,GPU-d59cb1c4-ad97-d91a-6731-e7b5f38951a6
2026-08-16 04:06:40.056017,94.186,13,1g.11gb,,,,580.173.02,GPU-d59cb1c4-ad97-d91a-6731-e7b5f38951a6
2026-08-16 04:06:40.056017,94.378,7,1g.11gb,yolo-inference-755b67b9bb-6qhhl,default,yolo,580.173.02,GPU-d59cb1c4-ad97-d91a-6731-e7b5f38951a6
2026-08-16 04:06:40.056017,94.347,8,1g.11gb,,,,580.173.02,GPU-d59cb1c4-ad97-d91a-6731-e7b5f38951a6
2026-08-16 04:06:40.056017,94.19,9,1g.11gb,yolo-inference-755b67b9bb-nz54p,default,yolo,580.173.02,GPU-d59cb1c4-ad97-d91a-6731-e7b5f38951a6
2026-08-16 04:06:45.055996,94.182,10,1g.11gb,yolo-inference-755b67b9bb-cf854,default,yolo,580.173.02,GPU-d59cb1c4-ad97-d91a-6731-e7b5f38951a6
2026-08-16 04:06:45.055996,94.19,11,1g.11gb,yolo-inference-755b67b9bb-cgztg,default,yolo,580.173.02,GPU-d59cb1c4-ad97-d91a-6731-e7b5f38951a6
2026-08-16 04:06:45.055996,94.378,12,1g.11gb,yolo-inference-755b67b9bb-g6r55,default,yolo,580.173.02,GPU-d59cb1c4-ad97-d91a-6731-e7b5f38951a6
2026-08-16 04:06:45.055996,94.186,13,1g.11gb,,,,580.173.02,GPU-d59cb1c4-ad97-d91a-6731-e7b5f38951a6
2026-08-16 04:06:45.055996,94.378,7,1g.11gb,yolo-inference-755b67b9bb-6qhhl,default,yolo,580.173.02,GPU-d59cb1c4-ad97-d91a-6731-e7b5f38951a6
2026-08-16 04:06:45.055996,94.347,8,1g.11gb,,,,580.173.02,GPU-d59cb1c4-ad97-d91a-6731-e7b5f38951a6
2026-08-16 04:06:45.055996,94.19,9,1g.11gb,yolo-inference-755b67b9bb-nz54p,default,yolo,580.173.02,GPU-d59cb1c4-ad97-d91a-6731-e7b5f38951a6
2026-08-16 04:06:50.054308,94.316,10,1g.11gb,yolo-inference-755b67b9bb-cf854,default,yolo,580.173.02,GPU-d59cb1c4-ad97-d91a-6731-e7b5f38951a6
2026-08-16 04:06:50.054308,94.19,11,1g.11gb,yolo-inference-755b67b9bb-cgztg,default,yolo,580.173.02,GPU-d59cb1c4-ad97-d91a-6731-e7b5f38951a6
2026-08-16 04:06:50.054308,94.378,12,1g.11gb,yolo-inference-755b67b9bb-g6r55,default,yolo,580.173.02,GPU-d59cb1c4-ad97-d91a-6731-e7b5f38951a6
2026-08-16 04:06:50.054308,94.186,13,1g.11gb,,,,580.173.02,GPU-d59cb1c4-ad97-d91a-6731-e7b5f38951a6
2026-08-16 04:06:50.054308,94.378,7,1g.11gb,yolo-inference-755b67b9bb-6qhhl,default,yolo,580.173.02,GPU-d59cb1c4-ad97-d91a-6731-e7b5f38951a6
2026-08-16 04:06:50.054308,94.347,8,1g.11gb,,,,580.173.02,GPU-d59cb1c4-ad97-d91a-6731-e7b5f38951a6
2026-08-16 04:06:50.054308,94.19,9,1g.11gb,yolo-inference-755b67b9bb-nz54p,default,yolo,580.173.02,GPU-d59cb1c4-ad97-d91a-6731-e7b5f38951a6
2026-08-16 04:06:55.052866,94.316,10,1g.11gb,yolo-inference-755b67b9bb-cf854,default,yolo,580.173.02,GPU-d59cb1c4-ad97-d91a-6731-e7b5f38951a6
2026-08-16 04:06:55.052866,94.287,11,1g.11gb,yolo-inference-755b67b9bb-cgztg,default,yolo,580.173.02,GPU-d59cb1c4-ad97-d91a-6731-e7b5f38951a6
2026-08-16 04:06:55.052866,94.301,12,1g.11gb,yolo-inference-755b67b9bb-g6r55,default,yolo,580.173.02,GPU-d59cb1c4-ad97-d91a-6731-e7b5f38951a6
2026-08-16 04:06:55.052866,94.332,13,1g.11gb,,,,580.173.02,GPU-d59cb1c4-ad97-d91a-6731-e7b5f38951a6
2026-08-16 04:06:55.052866,94.345,7,1g.11gb,yolo-inference-755b67b9bb-6qhhl,default,yolo,580.173.02,GPU-d59cb1c4-ad97-d91a-6731-e7b5f38951a6
2026-08-16 04:06:55.052866,94.311,8,1g.11gb,,,,580.173.02,GPU-d59cb1c4-ad97-d91a-6731-e7b5f38951a6
2026-08-16 04:06:55.052866,94.287,9,1g.11gb,yolo-inference-755b67b9bb-nz54p,default,yolo,580.173.02,GPU-d59cb1c4-ad97-d91a-6731-e7b5f38951a6
2026-08-16 04:07:00.052853,94.316,10,1g.11gb,yolo-inference-755b67b9bb-cf854,default,yolo,580.173.02,GPU-d59cb1c4-ad97-d91a-6731-e7b5f38951a6
2026-08-16 04:07:00.052853,94.287,11,1g.11gb,yolo-inference-755b67b9bb-cgztg,default,yolo,580.173.02,GPU-d59cb1c4-ad97-d91a-6731-e7b5f38951a6
2026-08-16 04:07:00.052853,94.301,12,1g.11gb,yolo-inference-755b67b9bb-g6r55,default,yolo,580.173.02,GPU-d59cb1c4-ad97-d91a-6731-e7b5f38951a6
2026-08-16 04:07:00.052853,94.332,13,1g.11gb,,,,580.173.02,GPU-d59cb1c4-ad97-d91a-6731-e7b5f38951a6
2026-08-16 04:07:00.052853,94.345,7,1g.11gb,yolo-inference-755b67b9bb-6qhhl,default,yolo,580.173.02,GPU-d59cb1c4-ad97-d91a-6731-e7b5f38951a6
2026-08-16 04:07:00.052853,94.311,8,1g.11gb,,,,580.173.02,GPU-d59cb1c4-ad97-d91a-6731-e7b5f38951a6
2026-08-16 04:07:00.052853,94.287,9,1g.11gb,yolo-inference-755b67b9bb-nz54p,default,yolo,580.173.02,GPU-d59cb1c4-ad97-d91a-6731-e7b5f38951a6
2026-08-16 04:07:05.055997,94.316,10,1g.11gb,yolo-inference-755b67b9bb-cf854,default,yolo,580.173.02,GPU-d59cb1c4-ad97-d91a-6731-e7b5f38951a6
2026-08-16 04:07:05.055997,94.287,11,1g.11gb,yolo-inference-755b67b9bb-cgztg,default,yolo,580.173.02,GPU-d59cb1c4-ad97-d91a-6731-e7b5f38951a6
2026-08-16 04:07:05.055997,94.301,12,1g.11gb,yolo-inference-755b67b9bb-g6r55,default,yolo,580.173.02,GPU-d59cb1c4-ad97-d91a-6731-e7b5f38951a6
2026-08-16 04:07:05.055997,94.332,13,1g.11gb,,,,580.173.02,GPU-d59cb1c4-ad97-d91a-6731-e7b5f38951a6
2026-08-16 04:07:05.055997,94.345,7,1g.11gb,yolo-inference-755b67b9bb-6qhhl,default,yolo,580.173.02,GPU-d59cb1c4-ad97-d91a-6731-e7b5f38951a6
2026-08-16 04:07:05.055997,94.311,8,1g.11gb,,,,580.173.02,GPU-d59cb1c4-ad97-d91a-6731-e7b5f38951a6
2026-08-16 04:07:05.055997,94.287,9,1g.11gb,yolo-inference-755b67b9bb-nz54p,default,yolo,580.173.02,GPU-d59cb1c4-ad97-d91a-6731-e7b5f38951a6
2026-08-16 04:07:10.056059,94.316,10,1g.11gb,yolo-inference-755b67b9bb-cf854,default,yolo,580.173.02,GPU-d59cb1c4-ad97-d91a-6731-e7b5f38951a6
2026-08-16 04:07:10.056059,94.287,11,1g.11gb,yolo-inference-755b67b9bb-cgztg,default,yolo,580.173.02,GPU-d59cb1c4-ad97-d91a-6731-e7b5f38951a6
2026-08-16 04:07:10.056059,94.301,12,1g.11gb,yolo-inference-755b67b9bb-g6r55,default,yolo,580.173.02,GPU-d59cb1c4-ad97-d91a-6731-e7b5f38951a6
2026-08-16 04:07:10.056059,94.332,13,1g.11gb,,,,580.173.02,GPU-d59cb1c4-ad97-d91a-6731-e7b5f38951a6
2026-08-16 04:07:10.056059,94.345,7,1g.11gb,yolo-inference-755b67b9bb-6qhhl,default,yolo,580.173.02,GPU-d59cb1c4-ad97-d91a-6731-e7b5f38951a6
2026-08-16 04:07:10.056059,94.311,8,1g.11gb,,,,580.173.02,GPU-d59cb1c4-ad97-d91a-6731-e7b5f38951a6
2026-08-16 04:07:10.056059,94.287,9,1g.11gb,yolo-inference-755b67b9bb-nz54p,default,yolo,580.173.02,GPU-d59cb1c4-ad97-d91a-6731-e7b5f38951a6
2026-08-16 04:07:15.054478,94.316,10,1g.11gb,yolo-inference-755b67b9bb-cf854,default,yolo,580.173.02,GPU-d59cb1c4-ad97-d91a-6731-e7b5f38951a6
2026-08-16 04:07:15.054478,94.287,11,1g.11gb,yolo-inference-755b67b9bb-cgztg,default,yolo,580.173.02,GPU-d59cb1c4-ad97-d91a-6731-e7b5f38951a6
2026-08-16 04:07:15.054478,94.301,12,1g.11gb,yolo-inference-755b67b9bb-g6r55,default,yolo,580.173.02,GPU-d59cb1c4-ad97-d91a-6731-e7b5f38951a6
2026-08-16 04:07:15.054478,94.332,13,1g.11gb,,,,580.173.02,GPU-d59cb1c4-ad97-d91a-6731-e7b5f38951a6
2026-08-16 04:07:15.054478,94.345,7,1g.11gb,yolo-inference-755b67b9bb-6qhhl,default,yolo,580.173.02,GPU-d59cb1c4-ad97-d91a-6731-e7b5f38951a6
2026-08-16 04:07:15.054478,94.311,8,1g.11gb,,,,580.173.02,GPU-d59cb1c4-ad97-d91a-6731-e7b5f38951a6
2026-08-16 04:07:15.054478,94.287,9,1g.11gb,yolo-inference-755b67b9bb-nz54p,default,yolo,580.173.02,GPU-d59cb1c4-ad97-d91a-6731-e7b5f38951a6
2026-08-16 04:07:20.056046,94.239,10,1g.11gb,yolo-inference-755b67b9bb-cf854,default,yolo,580.173.02,GPU-d59cb1c4-ad97-d91a-6731-e7b5f38951a6
2026-08-16 04:07:20.056046,94.287,11,1g.11gb,yolo-inference-755b67b9bb-cgztg,default,yolo,580.173.02,GPU-d59cb1c4-ad97-d91a-6731-e7b5f38951a6
2026-08-16 04:07:20.056046,94.301,12,1g.11gb,yolo-inference-755b67b9bb-g6r55,default,yolo,580.173.02,GPU-d59cb1c4-ad97-d91a-6731-e7b5f38951a6
2026-08-16 04:07:20.056046,94.332,13,1g.11gb,,,,580.173.02,GPU-d59cb1c4-ad97-d91a-6731-e7b5f38951a6
2026-08-16 04:07:20.056046,94.345,7,1g.11gb,yolo-inference-755b67b9bb-6qhhl,default,yolo,580.173.02,GPU-d59cb1c4-ad97-d91a-6731-e7b5f38951a6
2026-08-16 04:07:20.056046,94.311,8,1g.11gb,,,,580.173.02,GPU-d59cb1c4-ad97-d91a-6731-e7b5f38951a6
2026-08-16 04:07:20.056046,94.287,9,1g.11gb,yolo-inference-755b67b9bb-nz54p,default,yolo,580.173.02,GPU-d59cb1c4-ad97-d91a-6731-e7b5f38951a6
2026-08-16 04:07:25.054954,94.239,10,1g.11gb,yolo-inference-755b67b9bb-cf854,default,yolo,580.173.02,GPU-d59cb1c4-ad97-d91a-6731-e7b5f38951a6
2026-08-16 04:07:25.054954,94.297,11,1g.11gb,yolo-inference-755b67b9bb-cgztg,default,yolo,580.173.02,GPU-d59cb1c4-ad97-d91a-6731-e7b5f38951a6
2026-08-16 04:07:25.054954,94.258,12,1g.11gb,yolo-inference-755b67b9bb-g6r55,default,yolo,580.173.02,GPU-d59cb1c4-ad97-d91a-6731-e7b5f38951a6
2026-08-16 04:07:25.054954,94.297,13,1g.11gb,,,,580.173.02,GPU-d59cb1c4-ad97-d91a-6731-e7b5f38951a6
2026-08-16 04:07:25.054954,94.229,7,1g.11gb,yolo-inference-755b67b9bb-6qhhl,default,yolo,580.173.02,GPU-d59cb1c4-ad97-d91a-6731-e7b5f38951a6
2026-08-16 04:07:25.054954,94.275,8,1g.11gb,,,,580.173.02,GPU-d59cb1c4-ad97-d91a-6731-e7b5f38951a6
2026-08-16 04:07:25.054954,94.335,9,1g.11gb,yolo-inference-755b67b9bb-nz54p,default,yolo,580.173.02,GPU-d59cb1c4-ad97-d91a-6731-e7b5f38951a6
2026-08-16 04:07:30.055952,94.239,10,1g.11gb,yolo-inference-755b67b9bb-cf854,default,yolo,580.173.02,GPU-d59cb1c4-ad97-d91a-6731-e7b5f38951a6
2026-08-16 04:07:30.055952,94.297,11,1g.11gb,yolo-inference-755b67b9bb-cgztg,default,yolo,580.173.02,GPU-d59cb1c4-ad97-d91a-6731-e7b5f38951a6
2026-08-16 04:07:30.055952,94.258,12,1g.11gb,yolo-inference-755b67b9bb-g6r55,default,yolo,580.173.02,GPU-d59cb1c4-ad97-d91a-6731-e7b5f38951a6
2026-08-16 04:07:30.055952,94.297,13,1g.11gb,,,,580.173.02,GPU-d59cb1c4-ad97-d91a-6731-e7b5f38951a6
2026-08-16 04:07:30.055952,94.229,7,1g.11gb,yolo-inference-755b67b9bb-6qhhl,default,yolo,580.173.02,GPU-d59cb1c4-ad97-d91a-6731-e7b5f38951a6
2026-08-16 04:07:30.055952,94.275,8,1g.11gb,,,,580.173.02,GPU-d59cb1c4-ad97-d91a-6731-e7b5f38951a6
2026-08-16 04:07:30.055952,94.335,9,1g.11gb,yolo-inference-755b67b9bb-nz54p,default,yolo,580.173.02,GPU-d59cb1c4-ad97-d91a-6731-e7b5f38951a6
2026-08-16 04:07:35.056004,94.239,10,1g.11gb,yolo-inference-755b67b9bb-cf854,default,yolo,580.173.02,GPU-d59cb1c4-ad97-d91a-6731-e7b5f38951a6
2026-08-16 04:07:35.056004,94.297,11,1g.11gb,yolo-inference-755b67b9bb-cgztg,default,yolo,580.173.02,GPU-d59cb1c4-ad97-d91a-6731-e7b5f38951a6
2026-08-16 04:07:35.056004,94.258,12,1g.11gb,yolo-inference-755b67b9bb-g6r55,default,yolo,580.173.02,GPU-d59cb1c4-ad97-d91a-6731-e7b5f38951a6
2026-08-16 04:07:35.056004,94.297,13,1g.11gb,,,,580.173.02,GPU-d59cb1c4-ad97-d91a-6731-e7b5f38951a6
2026-08-16 04:07:35.056004,94.229,7,1g.11gb,yolo-inference-755b67b9bb-6qhhl,default,yolo,580.173.02,GPU-d59cb1c4-ad97-d91a-6731-e7b5f38951a6
2026-08-16 04:07:35.056004,94.275,8,1g.11gb,,,,580.173.02,GPU-d59cb1c4-ad97-d91a-6731-e7b5f38951a6
2026-08-16 04:07:35.056004,94.335,9,1g.11gb,yolo-inference-755b67b9bb-nz54p,default,yolo,580.173.02,GPU-d59cb1c4-ad97-d91a-6731-e7b5f38951a6
2026-08-16 04:07:40.053509,94.239,10,1g.11gb,yolo-inference-755b67b9bb-cf854,default,yolo,580.173.02,GPU-d59cb1c4-ad97-d91a-6731-e7b5f38951a6
2026-08-16 04:07:40.053509,94.297,11,1g.11gb,yolo-inference-755b67b9bb-cgztg,default,yolo,580.173.02,GPU-d59cb1c4-ad97-d91a-6731-e7b5f38951a6
2026-08-16 04:07:40.053509,94.258,12,1g.11gb,yolo-inference-755b67b9bb-g6r55,default,yolo,580.173.02,GPU-d59cb1c4-ad97-d91a-6731-e7b5f38951a6
2026-08-16 04:07:40.053509,94.297,13,1g.11gb,,,,580.173.02,GPU-d59cb1c4-ad97-d91a-6731-e7b5f38951a6
2026-08-16 04:07:40.053509,94.229,7,1g.11gb,yolo-inference-755b67b9bb-6qhhl,default,yolo,580.173.02,GPU-d59cb1c4-ad97-d91a-6731-e7b5f38951a6
2026-08-16 04:07:40.053509,94.275,8,1g.11gb,,,,580.173.02,GPU-d59cb1c4-ad97-d91a-6731-e7b5f38951a6
2026-08-16 04:07:40.053509,94.335,9,1g.11gb,yolo-inference-755b67b9bb-nz54p,default,yolo,580.173.02,GPU-d59cb1c4-ad97-d91a-6731-e7b5f38951a6
2026-08-16 04:07:45.056021,94.239,10,1g.11gb,yolo-inference-755b67b9bb-cf854,default,yolo,580.173.02,GPU-d59cb1c4-ad97-d91a-6731-e7b5f38951a6
2026-08-16 04:07:45.056021,94.297,11,1g.11gb,yolo-inference-755b67b9bb-cgztg,default,yolo,580.173.02,GPU-d59cb1c4-ad97-d91a-6731-e7b5f38951a6
2026-08-16 04:07:45.056021,94.258,12,1g.11gb,yolo-inference-755b67b9bb-g6r55,default,yolo,580.173.02,GPU-d59cb1c4-ad97-d91a-6731-e7b5f38951a6
2026-08-16 04:07:45.056021,94.297,13,1g.11gb,,,,580.173.02,GPU-d59cb1c4-ad97-d91a-6731-e7b5f38951a6
2026-08-16 04:07:45.056021,94.229,7,1g.11gb,yolo-inference-755b67b9bb-6qhhl,default,yolo,580.173.02,GPU-d59cb1c4-ad97-d91a-6731-e7b5f38951a6
2026-08-16 04:07:45.056021,94.275,8,1g.11gb,,,,580.173.02,GPU-d59cb1c4-ad97-d91a-6731-e7b5f38951a6
2026-08-16 04:07:45.056021,94.335,9,1g.11gb,yolo-inference-755b67b9bb-nz54p,default,yolo,580.173.02,GPU-d59cb1c4-ad97-d91a-6731-e7b5f38951a6
2026-08-16 04:07:50.055985,94.257,10,1g.11gb,yolo-inference-755b67b9bb-cf854,default,yolo,580.173.02,GPU-d59cb1c4-ad97-d91a-6731-e7b5f38951a6
2026-08-16 04:07:50.055985,94.297,11,1g.11gb,yolo-inference-755b67b9bb-cgztg,default,yolo,580.173.02,GPU-d59cb1c4-ad97-d91a-6731-e7b5f38951a6
2026-08-16 04:07:50.055985,94.258,12,1g.11gb,yolo-inference-755b67b9bb-g6r55,default,yolo,580.173.02,GPU-d59cb1c4-ad97-d91a-6731-e7b5f38951a6
2026-08-16 04:07:50.055985,94.297,13,1g.11gb,,,,580.173.02,GPU-d59cb1c4-ad97-d91a-6731-e7b5f38951a6
2026-08-16 04:07:50.055985,94.229,7,1g.11gb,yolo-inference-755b67b9bb-6qhhl,default,yolo,580.173.02,GPU-d59cb1c4-ad97-d91a-6731-e7b5f38951a6
2026-08-16 04:07:50.055985,94.275,8,1g.11gb,,,,580.173.02,GPU-d59cb1c4-ad97-d91a-6731-e7b5f38951a6
2026-08-16 04:07:50.055985,94.335,9,1g.11gb,yolo-inference-755b67b9bb-nz54p,default,yolo,580.173.02,GPU-d59cb1c4-ad97-d91a-6731-e7b5f38951a6
2026-08-16 04:07:55.056009,94.257,10,1g.11gb,yolo-inference-755b67b9bb-cf854,default,yolo,580.173.02,GPU-d59cb1c4-ad97-d91a-6731-e7b5f38951a6
2026-08-16 04:07:55.056009,94.43,11,1g.11gb,yolo-inference-755b67b9bb-cgztg,default,yolo,580.173.02,GPU-d59cb1c4-ad97-d91a-6731-e7b5f38951a6
2026-08-16 04:07:55.056009,94.511,12,1g.11gb,yolo-inference-755b67b9bb-g6r55,default,yolo,580.173.02,GPU-d59cb1c4-ad97-d91a-6731-e7b5f38951a6
2026-08-16 04:07:55.056009,94.43,13,1g.11gb,,,,580.173.02,GPU-d59cb1c4-ad97-d91a-6731-e7b5f38951a6
2026-08-16 04:07:55.056009,94.345,7,1g.11gb,yolo-inference-755b67b9bb-6qhhl,default,yolo,580.173.02,GPU-d59cb1c4-ad97-d91a-6731-e7b5f38951a6
2026-08-16 04:07:55.056009,94.451,8,1g.11gb,,,,580.173.02,GPU-d59cb1c4-ad97-d91a-6731-e7b5f38951a6
2026-08-16 04:07:55.056009,94.423,9,1g.11gb,yolo-inference-755b67b9bb-nz54p,default,yolo,580.173.02,GPU-d59cb1c4-ad97-d91a-6731-e7b5f38951a6
2026-08-16 04:08:00.053997,94.257,10,1g.11gb,yolo-inference-755b67b9bb-cf854,default,yolo,580.173.02,GPU-d59cb1c4-ad97-d91a-6731-e7b5f38951a6
2026-08-16 04:08:00.053997,94.43,11,1g.11gb,yolo-inference-755b67b9bb-cgztg,default,yolo,580.173.02,GPU-d59cb1c4-ad97-d91a-6731-e7b5f38951a6
2026-08-16 04:08:00.053997,94.511,12,1g.11gb,yolo-inference-755b67b9bb-g6r55,default,yolo,580.173.02,GPU-d59cb1c4-ad97-d91a-6731-e7b5f38951a6
2026-08-16 04:08:00.053997,94.43,13,1g.11gb,,,,580.173.02,GPU-d59cb1c4-ad97-d91a-6731-e7b5f38951a6
2026-08-16 04:08:00.053997,94.345,7,1g.11gb,yolo-inference-755b67b9bb-6qhhl,default,yolo,580.173.02,GPU-d59cb1c4-ad97-d91a-6731-e7b5f38951a6
2026-08-16 04:08:00.053997,94.451,8,1g.11gb,,,,580.173.02,GPU-d59cb1c4-ad97-d91a-6731-e7b5f38951a6
2026-08-16 04:08:00.053997,94.423,9,1g.11gb,yolo-inference-755b67b9bb-nz54p,default,yolo,580.173.02,GPU-d59cb1c4-ad97-d91a-6731-e7b5f38951a6
2026-08-16 04:08:05.055920,94.257,10,1g.11gb,yolo-inference-755b67b9bb-cf854,default,yolo,580.173.02,GPU-d59cb1c4-ad97-d91a-6731-e7b5f38951a6
2026-08-16 04:08:05.055920,94.43,11,1g.11gb,yolo-inference-755b67b9bb-cgztg,default,yolo,580.173.02,GPU-d59cb1c4-ad97-d91a-6731-e7b5f38951a6
2026-08-16 04:08:05.055920,94.511,12,1g.11gb,yolo-inference-755b67b9bb-g6r55,default,yolo,580.173.02,GPU-d59cb1c4-ad97-d91a-6731-e7b5f38951a6
2026-08-16 04:08:05.055920,94.43,13,1g.11gb,,,,580.173.02,GPU-d59cb1c4-ad97-d91a-6731-e7b5f38951a6
2026-08-16 04:08:05.055920,94.345,7,1g.11gb,yolo-inference-755b67b9bb-6qhhl,default,yolo,580.173.02,GPU-d59cb1c4-ad97-d91a-6731-e7b5f38951a6
2026-08-16 04:08:05.055920,94.451,8,1g.11gb,,,,580.173.02,GPU-d59cb1c4-ad97-d91a-6731-e7b5f38951a6
2026-08-16 04:08:05.055920,94.423,9,1g.11gb,yolo-inference-755b67b9bb-nz54p,default,yolo,580.173.02,GPU-d59cb1c4-ad97-d91a-6731-e7b5f38951a6
2026-08-16 04:08:10.055991,94.257,10,1g.11gb,yolo-inference-755b67b9bb-cf854,default,yolo,580.173.02,GPU-d59cb1c4-ad97-d91a-6731-e7b5f38951a6
2026-08-16 04:08:10.055991,94.43,11,1g.11gb,yolo-inference-755b67b9bb-cgztg,default,yolo,580.173.02,GPU-d59cb1c4-ad97-d91a-6731-e7b5f38951a6
2026-08-16 04:08:10.055991,94.511,12,1g.11gb,yolo-inference-755b67b9bb-g6r55,default,yolo,580.173.02,GPU-d59cb1c4-ad97-d91a-6731-e7b5f38951a6
2026-08-16 04:08:10.055991,94.43,13,1g.11gb,,,,580.173.02,GPU-d59cb1c4-ad97-d91a-6731-e7b5f38951a6
2026-08-16 04:08:10.055991,94.345,7,1g.11gb,yolo-inference-755b67b9bb-6qhhl,default,yolo,580.173.02,GPU-d59cb1c4-ad97-d91a-6731-e7b5f38951a6
2026-08-16 04:08:10.055991,94.451,8,1g.11gb,,,,580.173.02,GPU-d59cb1c4-ad97-d91a-6731-e7b5f38951a6
2026-08-16 04:08:10.055991,94.423,9,1g.11gb,yolo-inference-755b67b9bb-nz54p,default,yolo,580.173.02,GPU-d59cb1c4-ad97-d91a-6731-e7b5f38951a6
2026-08-16 04:08:15.055924,94.257,10,1g.11gb,yolo-inference-755b67b9bb-cf854,default,yolo,580.173.02,GPU-d59cb1c4-ad97-d91a-6731-e7b5f38951a6
2026-08-16 04:08:15.055924,94.43,11,1g.11gb,yolo-inference-755b67b9bb-cgztg,default,yolo,580.173.02,GPU-d59cb1c4-ad97-d91a-6731-e7b5f38951a6
2026-08-16 04:08:15.055924,94.511,12,1g.11gb,yolo-inference-755b67b9bb-g6r55,default,yolo,580.173.02,GPU-d59cb1c4-ad97-d91a-6731-e7b5f38951a6
2026-08-16 04:08:15.055924,94.43,13,1g.11gb,,,,580.173.02,GPU-d59cb1c4-ad97-d91a-6731-e7b5f38951a6
2026-08-16 04:08:15.055924,94.345,7,1g.11gb,yolo-inference-755b67b9bb-6qhhl,default,yolo,580.173.02,GPU-d59cb1c4-ad97-d91a-6731-e7b5f38951a6
2026-08-16 04:08:15.055924,94.451,8,1g.11gb,,,,580.173.02,GPU-d59cb1c4-ad97-d91a-6731-e7b5f38951a6
2026-08-16 04:08:15.055924,94.423,9,1g.11gb,yolo-inference-755b67b9bb-nz54p,default,yolo,580.173.02,GPU-d59cb1c4-ad97-d91a-6731-e7b5f38951a6
2026-08-16 04:08:20.055995,94.359,10,1g.11gb,yolo-inference-755b67b9bb-cf854,default,yolo,580.173.02,GPU-d59cb1c4-ad97-d91a-6731-e7b5f38951a6
2026-08-16 04:08:20.055995,94.43,11,1g.11gb,yolo-inference-755b67b9bb-cgztg,default,yolo,580.173.02,GPU-d59cb1c4-ad97-d91a-6731-e7b5f38951a6
2026-08-16 04:08:20.055995,94.511,12,1g.11gb,yolo-inference-755b67b9bb-g6r55,default,yolo,580.173.02,GPU-d59cb1c4-ad97-d91a-6731-e7b5f38951a6
2026-08-16 04:08:20.055995,94.43,13,1g.11gb,,,,580.173.02,GPU-d59cb1c4-ad97-d91a-6731-e7b5f38951a6
2026-08-16 04:08:20.055995,94.345,7,1g.11gb,yolo-inference-755b67b9bb-6qhhl,default,yolo,580.173.02,GPU-d59cb1c4-ad97-d91a-6731-e7b5f38951a6
2026-08-16 04:08:20.055995,94.451,8,1g.11gb,,,,580.173.02,GPU-d59cb1c4-ad97-d91a-6731-e7b5f38951a6
2026-08-16 04:08:20.055995,94.423,9,1g.11gb,yolo-inference-755b67b9bb-nz54p,default,yolo,580.173.02,GPU-d59cb1c4-ad97-d91a-6731-e7b5f38951a6
2026-08-16 04:08:25.055993,94.359,10,1g.11gb,yolo-inference-755b67b9bb-cf854,default,yolo,580.173.02,GPU-d59cb1c4-ad97-d91a-6731-e7b5f38951a6
2026-08-16 04:08:25.055993,94.429,11,1g.11gb,yolo-inference-755b67b9bb-cgztg,default,yolo,580.173.02,GPU-d59cb1c4-ad97-d91a-6731-e7b5f38951a6
2026-08-16 04:08:25.055993,94.298,12,1g.11gb,yolo-inference-755b67b9bb-g6r55,default,yolo,580.173.02,GPU-d59cb1c4-ad97-d91a-6731-e7b5f38951a6
2026-08-16 04:08:25.055993,94.429,13,1g.11gb,,,,580.173.02,GPU-d59cb1c4-ad97-d91a-6731-e7b5f38951a6
2026-08-16 04:08:25.055993,94.355,7,1g.11gb,yolo-inference-755b67b9bb-6qhhl,default,yolo,580.173.02,GPU-d59cb1c4-ad97-d91a-6731-e7b5f38951a6
2026-08-16 04:08:25.055993,94.32,8,1g.11gb,,,,580.173.02,GPU-d59cb1c4-ad97-d91a-6731-e7b5f38951a6
2026-08-16 04:08:25.055993,94.468,9,1g.11gb,yolo-inference-755b67b9bb-nz54p,default,yolo,580.173.02,GPU-d59cb1c4-ad97-d91a-6731-e7b5f38951a6
2026-08-16 04:08:30.055997,94.359,10,1g.11gb,yolo-inference-755b67b9bb-cf854,default,yolo,580.173.02,GPU-d59cb1c4-ad97-d91a-6731-e7b5f38951a6
2026-08-16 04:08:30.055997,94.429,11,1g.11gb,yolo-inference-755b67b9bb-cgztg,default,yolo,580.173.02,GPU-d59cb1c4-ad97-d91a-6731-e7b5f38951a6
2026-08-16 04:08:30.055997,94.298,12,1g.11gb,yolo-inference-755b67b9bb-g6r55,default,yolo,580.173.02,GPU-d59cb1c4-ad97-d91a-6731-e7b5f38951a6
2026-08-16 04:08:30.055997,94.429,13,1g.11gb,,,,580.173.02,GPU-d59cb1c4-ad97-d91a-6731-e7b5f38951a6
2026-08-16 04:08:30.055997,94.355,7,1g.11gb,yolo-inference-755b67b9bb-6qhhl,default,yolo,580.173.02,GPU-d59cb1c4-ad97-d91a-6731-e7b5f38951a6
2026-08-16 04:08:30.055997,94.32,8,1g.11gb,,,,580.173.02,GPU-d59cb1c4-ad97-d91a-6731-e7b5f38951a6
2026-08-16 04:08:30.055997,94.468,9,1g.11gb,yolo-inference-755b67b9bb-nz54p,default,yolo,580.173.02,GPU-d59cb1c4-ad97-d91a-6731-e7b5f38951a6
2026-08-16 04:08:35.055998,94.359,10,1g.11gb,yolo-inference-755b67b9bb-cf854,default,yolo,580.173.02,GPU-d59cb1c4-ad97-d91a-6731-e7b5f38951a6
2026-08-16 04:08:35.055998,94.429,11,1g.11gb,yolo-inference-755b67b9bb-cgztg,default,yolo,580.173.02,GPU-d59cb1c4-ad97-d91a-6731-e7b5f38951a6
2026-08-16 04:08:35.055998,94.298,12,1g.11gb,yolo-inference-755b67b9bb-g6r55,default,yolo,580.173.02,GPU-d59cb1c4-ad97-d91a-6731-e7b5f38951a6
2026-08-16 04:08:35.055998,94.429,13,1g.11gb,,,,580.173.02,GPU-d59cb1c4-ad97-d91a-6731-e7b5f38951a6
2026-08-16 04:08:35.055998,94.355,7,1g.11gb,yolo-inference-755b67b9bb-6qhhl,default,yolo,580.173.02,GPU-d59cb1c4-ad97-d91a-6731-e7b5f38951a6
2026-08-16 04:08:35.055998,94.32,8,1g.11gb,,,,580.173.02,GPU-d59cb1c4-ad97-d91a-6731-e7b5f38951a6
2026-08-16 04:08:35.055998,94.468,9,1g.11gb,yolo-inference-755b67b9bb-nz54p,default,yolo,580.173.02,GPU-d59cb1c4-ad97-d91a-6731-e7b5f38951a6
2026-08-16 04:08:40.055994,94.359,10,1g.11gb,yolo-inference-755b67b9bb-cf854,default,yolo,580.173.02,GPU-d59cb1c4-ad97-d91a-6731-e7b5f38951a6
2026-08-16 04:08:40.055994,94.429,11,1g.11gb,yolo-inference-755b67b9bb-cgztg,default,yolo,580.173.02,GPU-d59cb1c4-ad97-d91a-6731-e7b5f38951a6
2026-08-16 04:08:40.055994,94.298,12,1g.11gb,yolo-inference-755b67b9bb-g6r55,default,yolo,580.173.02,GPU-d59cb1c4-ad97-d91a-6731-e7b5f38951a6
2026-08-16 04:08:40.055994,94.429,13,1g.11gb,,,,580.173.02,GPU-d59cb1c4-ad97-d91a-6731-e7b5f38951a6
2026-08-16 04:08:40.055994,94.355,7,1g.11gb,yolo-inference-755b67b9bb-6qhhl,default,yolo,580.173.02,GPU-d59cb1c4-ad97-d91a-6731-e7b5f38951a6
2026-08-16 04:08:40.055994,94.32,8,1g.11gb,,,,580.173.02,GPU-d59cb1c4-ad97-d91a-6731-e7b5f38951a6
2026-08-16 04:08:40.055994,94.468,9,1g.11gb,yolo-inference-755b67b9bb-nz54p,default,yolo,580.173.02,GPU-d59cb1c4-ad97-d91a-6731-e7b5f38951a6
2026-08-16 04:08:45.055994,94.359,10,1g.11gb,yolo-inference-755b67b9bb-cf854,default,yolo,580.173.02,GPU-d59cb1c4-ad97-d91a-6731-e7b5f38951a6
2026-08-16 04:08:45.055994,94.429,11,1g.11gb,yolo-inference-755b67b9bb-cgztg,default,yolo,580.173.02,GPU-d59cb1c4-ad97-d91a-6731-e7b5f38951a6
2026-08-16 04:08:45.055994,94.298,12,1g.11gb,yolo-inference-755b67b9bb-g6r55,default,yolo,580.173.02,GPU-d59cb1c4-ad97-d91a-6731-e7b5f38951a6
2026-08-16 04:08:45.055994,94.429,13,1g.11gb,,,,580.173.02,GPU-d59cb1c4-ad97-d91a-6731-e7b5f38951a6
2026-08-16 04:08:45.055994,94.355,7,1g.11gb,yolo-inference-755b67b9bb-6qhhl,default,yolo,580.173.02,GPU-d59cb1c4-ad97-d91a-6731-e7b5f38951a6
2026-08-16 04:08:45.055994,94.32,8,1g.11gb,,,,580.173.02,GPU-d59cb1c4-ad97-d91a-6731-e7b5f38951a6
2026-08-16 04:08:45.055994,94.468,9,1g.11gb,yolo-inference-755b67b9bb-nz54p,default,yolo,580.173.02,GPU-d59cb1c4-ad97-d91a-6731-e7b5f38951a6
2026-08-16 04:08:50.053017,94.105,10,1g.11gb,yolo-inference-755b67b9bb-cf854,default,yolo,580.173.02,GPU-d59cb1c4-ad97-d91a-6731-e7b5f38951a6
2026-08-16 04:08:50.053017,94.429,11,1g.11gb,yolo-inference-755b67b9bb-cgztg,default,yolo,580.173.02,GPU-d59cb1c4-ad97-d91a-6731-e7b5f38951a6
2026-08-16 04:08:50.053017,94.298,12,1g.11gb,yolo-inference-755b67b9bb-g6r55,default,yolo,580.173.02,GPU-d59cb1c4-ad97-d91a-6731-e7b5f38951a6
2026-08-16 04:08:50.053017,94.429,13,1g.11gb,,,,580.173.02,GPU-d59cb1c4-ad97-d91a-6731-e7b5f38951a6
2026-08-16 04:08:50.053017,94.355,7,1g.11gb,yolo-inference-755b67b9bb-6qhhl,default,yolo,580.173.02,GPU-d59cb1c4-ad97-d91a-6731-e7b5f38951a6
2026-08-16 04:08:50.053017,94.32,8,1g.11gb,,,,580.173.02,GPU-d59cb1c4-ad97-d91a-6731-e7b5f38951a6
2026-08-16 04:08:50.053017,94.468,9,1g.11gb,yolo-inference-755b67b9bb-nz54p,default,yolo,580.173.02,GPU-d59cb1c4-ad97-d91a-6731-e7b5f38951a6
2026-08-16 04:08:55.052754,94.105,10,1g.11gb,yolo-inference-755b67b9bb-cf854,default,yolo,580.173.02,GPU-d59cb1c4-ad97-d91a-6731-e7b5f38951a6
2026-08-16 04:08:55.052754,94.257,11,1g.11gb,yolo-inference-755b67b9bb-cgztg,default,yolo,580.173.02,GPU-d59cb1c4-ad97-d91a-6731-e7b5f38951a6
2026-08-16 04:08:55.052754,94.25,12,1g.11gb,yolo-inference-755b67b9bb-g6r55,default,yolo,580.173.02,GPU-d59cb1c4-ad97-d91a-6731-e7b5f38951a6
2026-08-16 04:08:55.052754,94.306,13,1g.11gb,,,,580.173.02,GPU-d59cb1c4-ad97-d91a-6731-e7b5f38951a6
2026-08-16 04:08:55.052754,94.259,7,1g.11gb,yolo-inference-755b67b9bb-6qhhl,default,yolo,580.173.02,GPU-d59cb1c4-ad97-d91a-6731-e7b5f38951a6
2026-08-16 04:08:55.052754,94.25,8,1g.11gb,,,,580.173.02,GPU-d59cb1c4-ad97-d91a-6731-e7b5f38951a6
2026-08-16 04:08:55.052754,94.257,9,1g.11gb,yolo-inference-755b67b9bb-nz54p,default,yolo,580.173.02,GPU-d59cb1c4-ad97-d91a-6731-e7b5f38951a6
2026-08-16 04:09:00.055999,94.105,10,1g.11gb,yolo-inference-755b67b9bb-cf854,default,yolo,580.173.02,GPU-d59cb1c4-ad97-d91a-6731-e7b5f38951a6
2026-08-16 04:09:00.055999,94.257,11,1g.11gb,yolo-inference-755b67b9bb-cgztg,default,yolo,580.173.02,GPU-d59cb1c4-ad97-d91a-6731-e7b5f38951a6
2026-08-16 04:09:00.055999,94.25,12,1g.11gb,yolo-inference-755b67b9bb-g6r55,default,yolo,580.173.02,GPU-d59cb1c4-ad97-d91a-6731-e7b5f38951a6
2026-08-16 04:09:00.055999,94.306,13,1g.11gb,,,,580.173.02,GPU-d59cb1c4-ad97-d91a-6731-e7b5f38951a6
2026-08-16 04:09:00.055999,94.259,7,1g.11gb,yolo-inference-755b67b9bb-6qhhl,default,yolo,580.173.02,GPU-d59cb1c4-ad97-d91a-6731-e7b5f38951a6
2026-08-16 04:09:00.055999,94.25,8,1g.11gb,,,,580.173.02,GPU-d59cb1c4-ad97-d91a-6731-e7b5f38951a6
2026-08-16 04:09:00.055999,94.257,9,1g.11gb,yolo-inference-755b67b9bb-nz54p,default,yolo,580.173.02,GPU-d59cb1c4-ad97-d91a-6731-e7b5f38951a6
2026-08-16 04:09:05.056009,94.105,10,1g.11gb,yolo-inference-755b67b9bb-cf854,default,yolo,580.173.02,GPU-d59cb1c4-ad97-d91a-6731-e7b5f38951a6
2026-08-16 04:09:05.056009,94.257,11,1g.11gb,yolo-inference-755b67b9bb-cgztg,default,yolo,580.173.02,GPU-d59cb1c4-ad97-d91a-6731-e7b5f38951a6
2026-08-16 04:09:05.056009,94.25,12,1g.11gb,yolo-inference-755b67b9bb-g6r55,default,yolo,580.173.02,GPU-d59cb1c4-ad97-d91a-6731-e7b5f38951a6
2026-08-16 04:09:05.056009,94.306,13,1g.11gb,,,,580.173.02,GPU-d59cb1c4-ad97-d91a-6731-e7b5f38951a6
2026-08-16 04:09:05.056009,94.259,7,1g.11gb,yolo-inference-755b67b9bb-6qhhl,default,yolo,580.173.02,GPU-d59cb1c4-ad97-d91a-6731-e7b5f38951a6
2026-08-16 04:09:05.056009,94.25,8,1g.11gb,,,,580.173.02,GPU-d59cb1c4-ad97-d91a-6731-e7b5f38951a6
2026-08-16 04:09:05.056009,94.257,9,1g.11gb,yolo-inference-755b67b9bb-nz54p,default,yolo,580.173.02,GPU-d59cb1c4-ad97-d91a-6731-e7b5f38951a6
2026-08-16 04:09:10.054181,94.105,10,1g.11gb,yolo-inference-755b67b9bb-cf854,default,yolo,580.173.02,GPU-d59cb1c4-ad97-d91a-6731-e7b5f38951a6
2026-08-16 04:09:10.054181,94.257,11,1g.11gb,yolo-inference-755b67b9bb-cgztg,default,yolo,580.173.02,GPU-d59cb1c4-ad97-d91a-6731-e7b5f38951a6
2026-08-16 04:09:10.054181,94.25,12,1g.11gb,yolo-inference-755b67b9bb-g6r55,default,yolo,580.173.02,GPU-d59cb1c4-ad97-d91a-6731-e7b5f38951a6
2026-08-16 04:09:10.054181,94.306,13,1g.11gb,,,,580.173.02,GPU-d59cb1c4-ad97-d91a-6731-e7b5f38951a6
2026-08-16 04:09:10.054181,94.259,7,1g.11gb,yolo-inference-755b67b9bb-6qhhl,default,yolo,580.173.02,GPU-d59cb1c4-ad97-d91a-6731-e7b5f38951a6
2026-08-16 04:09:10.054181,94.25,8,1g.11gb,,,,580.173.02,GPU-d59cb1c4-ad97-d91a-6731-e7b5f38951a6
2026-08-16 04:09:10.054181,94.257,9,1g.11gb,yolo-inference-755b67b9bb-nz54p,default,yolo,580.173.02,GPU-d59cb1c4-ad97-d91a-6731-e7b5f38951a6
2026-08-16 04:09:15.056160,94.105,10,1g.11gb,yolo-inference-755b67b9bb-cf854,default,yolo,580.173.02,GPU-d59cb1c4-ad97-d91a-6731-e7b5f38951a6
2026-08-16 04:09:15.056160,94.257,11,1g.11gb,yolo-inference-755b67b9bb-cgztg,default,yolo,580.173.02,GPU-d59cb1c4-ad97-d91a-6731-e7b5f38951a6
2026-08-16 04:09:15.056160,94.25,12,1g.11gb,yolo-inference-755b67b9bb-g6r55,default,yolo,580.173.02,GPU-d59cb1c4-ad97-d91a-6731-e7b5f38951a6
2026-08-16 04:09:15.056160,94.306,13,1g.11gb,,,,580.173.02,GPU-d59cb1c4-ad97-d91a-6731-e7b5f38951a6
2026-08-16 04:09:15.056160,94.259,7,1g.11gb,yolo-inference-755b67b9bb-6qhhl,default,yolo,580.173.02,GPU-d59cb1c4-ad97-d91a-6731-e7b5f38951a6
2026-08-16 04:09:15.056160,94.25,8,1g.11gb,,,,580.173.02,GPU-d59cb1c4-ad97-d91a-6731-e7b5f38951a6
2026-08-16 04:09:15.056160,94.257,9,1g.11gb,yolo-inference-755b67b9bb-nz54p,default,yolo,580.173.02,GPU-d59cb1c4-ad97-d91a-6731-e7b5f38951a6
2026-08-16 04:09:20.055998,94.421,10,1g.11gb,yolo-inference-755b67b9bb-cf854,default,yolo,580.173.02,GPU-d59cb1c4-ad97-d91a-6731-e7b5f38951a6
2026-08-16 04:09:20.055998,94.257,11,1g.11gb,yolo-inference-755b67b9bb-cgztg,default,yolo,580.173.02,GPU-d59cb1c4-ad97-d91a-6731-e7b5f38951a6
2026-08-16 04:09:20.055998,94.25,12,1g.11gb,yolo-inference-755b67b9bb-g6r55,default,yolo,580.173.02,GPU-d59cb1c4-ad97-d91a-6731-e7b5f38951a6
2026-08-16 04:09:20.055998,94.306,13,1g.11gb,,,,580.173.02,GPU-d59cb1c4-ad97-d91a-6731-e7b5f38951a6
2026-08-16 04:09:20.055998,94.259,7,1g.11gb,yolo-inference-755b67b9bb-6qhhl,default,yolo,580.173.02,GPU-d59cb1c4-ad97-d91a-6731-e7b5f38951a6
2026-08-16 04:09:20.055998,94.25,8,1g.11gb,,,,580.173.02,GPU-d59cb1c4-ad97-d91a-6731-e7b5f38951a6
2026-08-16 04:09:20.055998,94.257,9,1g.11gb,yolo-inference-755b67b9bb-nz54p,default,yolo,580.173.02,GPU-d59cb1c4-ad97-d91a-6731-e7b5f38951a6
2026-08-16 04:09:25.055992,94.421,10,1g.11gb,yolo-inference-755b67b9bb-cf854,default,yolo,580.173.02,GPU-d59cb1c4-ad97-d91a-6731-e7b5f38951a6
2026-08-16 04:09:25.055992,94.199,11,1g.11gb,yolo-inference-755b67b9bb-cgztg,default,yolo,580.173.02,GPU-d59cb1c4-ad97-d91a-6731-e7b5f38951a6
2026-08-16 04:09:25.055992,94.322,12,1g.11gb,yolo-inference-755b67b9bb-g6r55,default,yolo,580.173.02,GPU-d59cb1c4-ad97-d91a-6731-e7b5f38951a6
2026-08-16 04:09:25.055992,94.18,13,1g.11gb,,,,580.173.02,GPU-d59cb1c4-ad97-d91a-6731-e7b5f38951a6
2026-08-16 04:09:25.055992,94.276,7,1g.11gb,yolo-inference-755b67b9bb-6qhhl,default,yolo,580.173.02,GPU-d59cb1c4-ad97-d91a-6731-e7b5f38951a6
2026-08-16 04:09:25.055992,94.322,8,1g.11gb,,,,580.173.02,GPU-d59cb1c4-ad97-d91a-6731-e7b5f38951a6
2026-08-16 04:09:25.055992,94.199,9,1g.11gb,yolo-inference-755b67b9bb-nz54p,default,yolo,580.173.02,GPU-d59cb1c4-ad97-d91a-6731-e7b5f38951a6
2026-08-16 04:09:30.051691,94.421,10,1g.11gb,yolo-inference-755b67b9bb-cf854,default,yolo,580.173.02,GPU-d59cb1c4-ad97-d91a-6731-e7b5f38951a6
2026-08-16 04:09:30.051691,94.199,11,1g.11gb,yolo-inference-755b67b9bb-cgztg,default,yolo,580.173.02,GPU-d59cb1c4-ad97-d91a-6731-e7b5f38951a6
2026-08-16 04:09:30.051691,94.322,12,1g.11gb,yolo-inference-755b67b9bb-g6r55,default,yolo,580.173.02,GPU-d59cb1c4-ad97-d91a-6731-e7b5f38951a6
2026-08-16 04:09:30.051691,94.18,13,1g.11gb,,,,580.173.02,GPU-d59cb1c4-ad97-d91a-6731-e7b5f38951a6
2026-08-16 04:09:30.051691,94.276,7,1g.11gb,yolo-inference-755b67b9bb-6qhhl,default,yolo,580.173.02,GPU-d59cb1c4-ad97-d91a-6731-e7b5f38951a6
2026-08-16 04:09:30.051691,94.322,8,1g.11gb,,,,580.173.02,GPU-d59cb1c4-ad97-d91a-6731-e7b5f38951a6
2026-08-16 04:09:30.051691,94.199,9,1g.11gb,yolo-inference-755b67b9bb-nz54p,default,yolo,580.173.02,GPU-d59cb1c4-ad97-d91a-6731-e7b5f38951a6
2026-08-16 04:09:35.053442,94.421,10,1g.11gb,yolo-inference-755b67b9bb-cf854,default,yolo,580.173.02,GPU-d59cb1c4-ad97-d91a-6731-e7b5f38951a6
2026-08-16 04:09:35.053442,94.199,11,1g.11gb,yolo-inference-755b67b9bb-cgztg,default,yolo,580.173.02,GPU-d59cb1c4-ad97-d91a-6731-e7b5f38951a6
2026-08-16 04:09:35.053442,94.322,12,1g.11gb,yolo-inference-755b67b9bb-g6r55,default,yolo,580.173.02,GPU-d59cb1c4-ad97-d91a-6731-e7b5f38951a6
2026-08-16 04:09:35.053442,94.18,13,1g.11gb,,,,580.173.02,GPU-d59cb1c4-ad97-d91a-6731-e7b5f38951a6
2026-08-16 04:09:35.053442,94.276,7,1g.11gb,yolo-inference-755b67b9bb-6qhhl,default,yolo,580.173.02,GPU-d59cb1c4-ad97-d91a-6731-e7b5f38951a6
2026-08-16 04:09:35.053442,94.322,8,1g.11gb,,,,580.173.02,GPU-d59cb1c4-ad97-d91a-6731-e7b5f38951a6
2026-08-16 04:09:35.053442,94.199,9,1g.11gb,yolo-inference-755b67b9bb-nz54p,default,yolo,580.173.02,GPU-d59cb1c4-ad97-d91a-6731-e7b5f38951a6
2026-08-16 04:09:40.052191,94.421,10,1g.11gb,yolo-inference-755b67b9bb-cf854,default,yolo,580.173.02,GPU-d59cb1c4-ad97-d91a-6731-e7b5f38951a6
2026-08-16 04:09:40.052191,94.199,11,1g.11gb,yolo-inference-755b67b9bb-cgztg,default,yolo,580.173.02,GPU-d59cb1c4-ad97-d91a-6731-e7b5f38951a6
2026-08-16 04:09:40.052191,94.322,12,1g.11gb,yolo-inference-755b67b9bb-g6r55,default,yolo,580.173.02,GPU-d59cb1c4-ad97-d91a-6731-e7b5f38951a6
2026-08-16 04:09:40.052191,94.18,13,1g.11gb,,,,580.173.02,GPU-d59cb1c4-ad97-d91a-6731-e7b5f38951a6
2026-08-16 04:09:40.052191,94.276,7,1g.11gb,yolo-inference-755b67b9bb-6qhhl,default,yolo,580.173.02,GPU-d59cb1c4-ad97-d91a-6731-e7b5f38951a6
2026-08-16 04:09:40.052191,94.322,8,1g.11gb,,,,580.173.02,GPU-d59cb1c4-ad97-d91a-6731-e7b5f38951a6
2026-08-16 04:09:40.052191,94.199,9,1g.11gb,yolo-inference-755b67b9bb-nz54p,default,yolo,580.173.02,GPU-d59cb1c4-ad97-d91a-6731-e7b5f38951a6
2026-08-16 04:09:45.055956,94.421,10,1g.11gb,yolo-inference-755b67b9bb-cf854,default,yolo,580.173.02,GPU-d59cb1c4-ad97-d91a-6731-e7b5f38951a6
2026-08-16 04:09:45.055956,94.199,11,1g.11gb,yolo-inference-755b67b9bb-cgztg,default,yolo,580.173.02,GPU-d59cb1c4-ad97-d91a-6731-e7b5f38951a6
2026-08-16 04:09:45.055956,94.322,12,1g.11gb,yolo-inference-755b67b9bb-g6r55,default,yolo,580.173.02,GPU-d59cb1c4-ad97-d91a-6731-e7b5f38951a6
2026-08-16 04:09:45.055956,94.18,13,1g.11gb,,,,580.173.02,GPU-d59cb1c4-ad97-d91a-6731-e7b5f38951a6
2026-08-16 04:09:45.055956,94.276,7,1g.11gb,yolo-inference-755b67b9bb-6qhhl,default,yolo,580.173.02,GPU-d59cb1c4-ad97-d91a-6731-e7b5f38951a6
2026-08-16 04:09:45.055956,94.322,8,1g.11gb,,,,580.173.02,GPU-d59cb1c4-ad97-d91a-6731-e7b5f38951a6
2026-08-16 04:09:45.055956,94.199,9,1g.11gb,yolo-inference-755b67b9bb-nz54p,default,yolo,580.173.02,GPU-d59cb1c4-ad97-d91a-6731-e7b5f38951a6
2026-08-16 04:09:50.056013,94.082,10,1g.11gb,yolo-inference-755b67b9bb-cf854,default,yolo,580.173.02,GPU-d59cb1c4-ad97-d91a-6731-e7b5f38951a6
2026-08-16 04:09:50.056013,94.199,11,1g.11gb,yolo-inference-755b67b9bb-cgztg,default,yolo,580.173.02,GPU-d59cb1c4-ad97-d91a-6731-e7b5f38951a6
2026-08-16 04:09:50.056013,94.322,12,1g.11gb,yolo-inference-755b67b9bb-g6r55,default,yolo,580.173.02,GPU-d59cb1c4-ad97-d91a-6731-e7b5f38951a6
2026-08-16 04:09:50.056013,94.18,13,1g.11gb,,,,580.173.02,GPU-d59cb1c4-ad97-d91a-6731-e7b5f38951a6
2026-08-16 04:09:50.056013,94.276,7,1g.11gb,yolo-inference-755b67b9bb-6qhhl,default,yolo,580.173.02,GPU-d59cb1c4-ad97-d91a-6731-e7b5f38951a6
2026-08-16 04:09:50.056013,94.322,8,1g.11gb,,,,580.173.02,GPU-d59cb1c4-ad97-d91a-6731-e7b5f38951a6
2026-08-16 04:09:50.056013,94.199,9,1g.11gb,yolo-inference-755b67b9bb-nz54p,default,yolo,580.173.02,GPU-d59cb1c4-ad97-d91a-6731-e7b5f38951a6
2026-08-16 04:09:55.056000,94.082,10,1g.11gb,yolo-inference-755b67b9bb-cf854,default,yolo,580.173.02,GPU-d59cb1c4-ad97-d91a-6731-e7b5f38951a6
2026-08-16 04:09:55.056000,94.09,11,1g.11gb,yolo-inference-755b67b9bb-cgztg,default,yolo,580.173.02,GPU-d59cb1c4-ad97-d91a-6731-e7b5f38951a6
2026-08-16 04:09:55.056000,94.284,12,1g.11gb,yolo-inference-755b67b9bb-g6r55,default,yolo,580.173.02,GPU-d59cb1c4-ad97-d91a-6731-e7b5f38951a6
2026-08-16 04:09:55.056000,94.145,13,1g.11gb,,,,580.173.02,GPU-d59cb1c4-ad97-d91a-6731-e7b5f38951a6
2026-08-16 04:09:55.056000,94.163,7,1g.11gb,yolo-inference-755b67b9bb-6qhhl,default,yolo,580.173.02,GPU-d59cb1c4-ad97-d91a-6731-e7b5f38951a6
2026-08-16 04:09:55.056000,94.284,8,1g.11gb,,,,580.173.02,GPU-d59cb1c4-ad97-d91a-6731-e7b5f38951a6
2026-08-16 04:09:55.056000,94.09,9,1g.11gb,yolo-inference-755b67b9bb-nz54p,default,yolo,580.173.02,GPU-d59cb1c4-ad97-d91a-6731-e7b5f38951a6
2026-08-16 04:10:00.055988,94.082,10,1g.11gb,yolo-inference-755b67b9bb-cf854,default,yolo,580.173.02,GPU-d59cb1c4-ad97-d91a-6731-e7b5f38951a6
2026-08-16 04:10:00.055988,94.09,11,1g.11gb,yolo-inference-755b67b9bb-cgztg,default,yolo,580.173.02,GPU-d59cb1c4-ad97-d91a-6731-e7b5f38951a6
2026-08-16 04:10:00.055988,94.284,12,1g.11gb,yolo-inference-755b67b9bb-g6r55,default,yolo,580.173.02,GPU-d59cb1c4-ad97-d91a-6731-e7b5f38951a6
2026-08-16 04:10:00.055988,94.145,13,1g.11gb,,,,580.173.02,GPU-d59cb1c4-ad97-d91a-6731-e7b5f38951a6
2026-08-16 04:10:00.055988,94.163,7,1g.11gb,yolo-inference-755b67b9bb-6qhhl,default,yolo,580.173.02,GPU-d59cb1c4-ad97-d91a-6731-e7b5f38951a6
2026-08-16 04:10:00.055988,94.284,8,1g.11gb,,,,580.173.02,GPU-d59cb1c4-ad97-d91a-6731-e7b5f38951a6
2026-08-16 04:10:00.055988,94.09,9,1g.11gb,yolo-inference-755b67b9bb-nz54p,default,yolo,580.173.02,GPU-d59cb1c4-ad97-d91a-6731-e7b5f38951a6
2026-08-16 04:10:05.054924,94.082,10,1g.11gb,yolo-inference-755b67b9bb-cf854,default,yolo,580.173.02,GPU-d59cb1c4-ad97-d91a-6731-e7b5f38951a6
2026-08-16 04:10:05.054924,94.09,11,1g.11gb,yolo-inference-755b67b9bb-cgztg,default,yolo,580.173.02,GPU-d59cb1c4-ad97-d91a-6731-e7b5f38951a6
2026-08-16 04:10:05.054924,94.284,12,1g.11gb,yolo-inference-755b67b9bb-g6r55,default,yolo,580.173.02,GPU-d59cb1c4-ad97-d91a-6731-e7b5f38951a6
2026-08-16 04:10:05.054924,94.145,13,1g.11gb,,,,580.173.02,GPU-d59cb1c4-ad97-d91a-6731-e7b5f38951a6
2026-08-16 04:10:05.054924,94.163,7,1g.11gb,yolo-inference-755b67b9bb-6qhhl,default,yolo,580.173.02,GPU-d59cb1c4-ad97-d91a-6731-e7b5f38951a6
2026-08-16 04:10:05.054924,94.284,8,1g.11gb,,,,580.173.02,GPU-d59cb1c4-ad97-d91a-6731-e7b5f38951a6
2026-08-16 04:10:05.054924,94.09,9,1g.11gb,yolo-inference-755b67b9bb-nz54p,default,yolo,580.173.02,GPU-d59cb1c4-ad97-d91a-6731-e7b5f38951a6
2026-08-16 04:10:10.056006,94.082,10,1g.11gb,yolo-inference-755b67b9bb-cf854,default,yolo,580.173.02,GPU-d59cb1c4-ad97-d91a-6731-e7b5f38951a6
2026-08-16 04:10:10.056006,94.09,11,1g.11gb,yolo-inference-755b67b9bb-cgztg,default,yolo,580.173.02,GPU-d59cb1c4-ad97-d91a-6731-e7b5f38951a6
2026-08-16 04:10:10.056006,94.284,12,1g.11gb,yolo-inference-755b67b9bb-g6r55,default,yolo,580.173.02,GPU-d59cb1c4-ad97-d91a-6731-e7b5f38951a6
2026-08-16 04:10:10.056006,94.145,13,1g.11gb,,,,580.173.02,GPU-d59cb1c4-ad97-d91a-6731-e7b5f38951a6
2026-08-16 04:10:10.056006,94.163,7,1g.11gb,yolo-inference-755b67b9bb-6qhhl,default,yolo,580.173.02,GPU-d59cb1c4-ad97-d91a-6731-e7b5f38951a6
2026-08-16 04:10:10.056006,94.284,8,1g.11gb,,,,580.173.02,GPU-d59cb1c4-ad97-d91a-6731-e7b5f38951a6
2026-08-16 04:10:10.056006,94.09,9,1g.11gb,yolo-inference-755b67b9bb-nz54p,default,yolo,580.173.02,GPU-d59cb1c4-ad97-d91a-6731-e7b5f38951a6
2026-08-16 04:10:15.055986,94.082,10,1g.11gb,yolo-inference-755b67b9bb-cf854,default,yolo,580.173.02,GPU-d59cb1c4-ad97-d91a-6731-e7b5f38951a6
2026-08-16 04:10:15.055986,94.09,11,1g.11gb,yolo-inference-755b67b9bb-cgztg,default,yolo,580.173.02,GPU-d59cb1c4-ad97-d91a-6731-e7b5f38951a6
2026-08-16 04:10:15.055986,94.284,12,1g.11gb,yolo-inference-755b67b9bb-g6r55,default,yolo,580.173.02,GPU-d59cb1c4-ad97-d91a-6731-e7b5f38951a6
2026-08-16 04:10:15.055986,94.145,13,1g.11gb,,,,580.173.02,GPU-d59cb1c4-ad97-d91a-6731-e7b5f38951a6
2026-08-16 04:10:15.055986,94.163,7,1g.11gb,yolo-inference-755b67b9bb-6qhhl,default,yolo,580.173.02,GPU-d59cb1c4-ad97-d91a-6731-e7b5f38951a6
2026-08-16 04:10:15.055986,94.284,8,1g.11gb,,,,580.173.02,GPU-d59cb1c4-ad97-d91a-6731-e7b5f38951a6
2026-08-16 04:10:15.055986,94.09,9,1g.11gb,yolo-inference-755b67b9bb-nz54p,default,yolo,580.173.02,GPU-d59cb1c4-ad97-d91a-6731-e7b5f38951a6
2026-08-16 04:10:20.054789,93.995,10,1g.11gb,yolo-inference-755b67b9bb-cf854,default,yolo,580.173.02,GPU-d59cb1c4-ad97-d91a-6731-e7b5f38951a6
2026-08-16 04:10:20.054789,94.09,11,1g.11gb,yolo-inference-755b67b9bb-cgztg,default,yolo,580.173.02,GPU-d59cb1c4-ad97-d91a-6731-e7b5f38951a6
2026-08-16 04:10:20.054789,94.284,12,1g.11gb,yolo-inference-755b67b9bb-g6r55,default,yolo,580.173.02,GPU-d59cb1c4-ad97-d91a-6731-e7b5f38951a6
2026-08-16 04:10:20.054789,94.145,13,1g.11gb,,,,580.173.02,GPU-d59cb1c4-ad97-d91a-6731-e7b5f38951a6
2026-08-16 04:10:20.054789,94.163,7,1g.11gb,yolo-inference-755b67b9bb-6qhhl,default,yolo,580.173.02,GPU-d59cb1c4-ad97-d91a-6731-e7b5f38951a6
2026-08-16 04:10:20.054789,94.284,8,1g.11gb,,,,580.173.02,GPU-d59cb1c4-ad97-d91a-6731-e7b5f38951a6
2026-08-16 04:10:20.054789,94.09,9,1g.11gb,yolo-inference-755b67b9bb-nz54p,default,yolo,580.173.02,GPU-d59cb1c4-ad97-d91a-6731-e7b5f38951a6
2026-08-16 04:10:25.056000,93.995,10,1g.11gb,yolo-inference-755b67b9bb-cf854,default,yolo,580.173.02,GPU-d59cb1c4-ad97-d91a-6731-e7b5f38951a6
2026-08-16 04:10:25.056000,94.097,11,1g.11gb,yolo-inference-755b67b9bb-cgztg,default,yolo,580.173.02,GPU-d59cb1c4-ad97-d91a-6731-e7b5f38951a6
2026-08-16 04:10:25.056000,94.409,12,1g.11gb,yolo-inference-755b67b9bb-g6r55,default,yolo,580.173.02,GPU-d59cb1c4-ad97-d91a-6731-e7b5f38951a6
2026-08-16 04:10:25.056000,94.097,13,1g.11gb,,,,580.173.02,GPU-d59cb1c4-ad97-d91a-6731-e7b5f38951a6
2026-08-16 04:10:25.056000,94.271,7,1g.11gb,yolo-inference-755b67b9bb-6qhhl,default,yolo,580.173.02,GPU-d59cb1c4-ad97-d91a-6731-e7b5f38951a6
2026-08-16 04:10:25.056000,94.409,8,1g.11gb,,,,580.173.02,GPU-d59cb1c4-ad97-d91a-6731-e7b5f38951a6
2026-08-16 04:10:25.056000,94.097,9,1g.11gb,yolo-inference-755b67b9bb-nz54p,default,yolo,580.173.02,GPU-d59cb1c4-ad97-d91a-6731-e7b5f38951a6
2026-08-16 04:10:30.056019,93.995,10,1g.11gb,yolo-inference-755b67b9bb-cf854,default,yolo,580.173.02,GPU-d59cb1c4-ad97-d91a-6731-e7b5f38951a6
2026-08-16 04:10:30.056019,94.097,11,1g.11gb,yolo-inference-755b67b9bb-cgztg,default,yolo,580.173.02,GPU-d59cb1c4-ad97-d91a-6731-e7b5f38951a6
2026-08-16 04:10:30.056019,94.409,12,1g.11gb,yolo-inference-755b67b9bb-g6r55,default,yolo,580.173.02,GPU-d59cb1c4-ad97-d91a-6731-e7b5f38951a6
2026-08-16 04:10:30.056019,94.097,13,1g.11gb,,,,580.173.02,GPU-d59cb1c4-ad97-d91a-6731-e7b5f38951a6
2026-08-16 04:10:30.056019,94.271,7,1g.11gb,yolo-inference-755b67b9bb-6qhhl,default,yolo,580.173.02,GPU-d59cb1c4-ad97-d91a-6731-e7b5f38951a6
2026-08-16 04:10:30.056019,94.409,8,1g.11gb,,,,580.173.02,GPU-d59cb1c4-ad97-d91a-6731-e7b5f38951a6
2026-08-16 04:10:30.056019,94.097,9,1g.11gb,yolo-inference-755b67b9bb-nz54p,default,yolo,580.173.02,GPU-d59cb1c4-ad97-d91a-6731-e7b5f38951a6
2026-08-16 04:10:35.055997,93.995,10,1g.11gb,yolo-inference-755b67b9bb-cf854,default,yolo,580.173.02,GPU-d59cb1c4-ad97-d91a-6731-e7b5f38951a6
2026-08-16 04:10:35.055997,94.097,11,1g.11gb,yolo-inference-755b67b9bb-cgztg,default,yolo,580.173.02,GPU-d59cb1c4-ad97-d91a-6731-e7b5f38951a6
2026-08-16 04:10:35.055997,94.409,12,1g.11gb,yolo-inference-755b67b9bb-g6r55,default,yolo,580.173.02,GPU-d59cb1c4-ad97-d91a-6731-e7b5f38951a6
2026-08-16 04:10:35.055997,94.097,13,1g.11gb,,,,580.173.02,GPU-d59cb1c4-ad97-d91a-6731-e7b5f38951a6
2026-08-16 04:10:35.055997,94.271,7,1g.11gb,yolo-inference-755b67b9bb-6qhhl,default,yolo,580.173.02,GPU-d59cb1c4-ad97-d91a-6731-e7b5f38951a6
2026-08-16 04:10:35.055997,94.409,8,1g.11gb,,,,580.173.02,GPU-d59cb1c4-ad97-d91a-6731-e7b5f38951a6
2026-08-16 04:10:35.055997,94.097,9,1g.11gb,yolo-inference-755b67b9bb-nz54p,default,yolo,580.173.02,GPU-d59cb1c4-ad97-d91a-6731-e7b5f38951a6
2026-08-16 04:10:40.055994,93.995,10,1g.11gb,yolo-inference-755b67b9bb-cf854,default,yolo,580.173.02,GPU-d59cb1c4-ad97-d91a-6731-e7b5f38951a6
2026-08-16 04:10:40.055994,94.097,11,1g.11gb,yolo-inference-755b67b9bb-cgztg,default,yolo,580.173.02,GPU-d59cb1c4-ad97-d91a-6731-e7b5f38951a6
2026-08-16 04:10:40.055994,94.409,12,1g.11gb,yolo-inference-755b67b9bb-g6r55,default,yolo,580.173.02,GPU-d59cb1c4-ad97-d91a-6731-e7b5f38951a6
2026-08-16 04:10:40.055994,94.097,13,1g.11gb,,,,580.173.02,GPU-d59cb1c4-ad97-d91a-6731-e7b5f38951a6
2026-08-16 04:10:40.055994,94.271,7,1g.11gb,yolo-inference-755b67b9bb-6qhhl,default,yolo,580.173.02,GPU-d59cb1c4-ad97-d91a-6731-e7b5f38951a6
2026-08-16 04:10:40.055994,94.409,8,1g.11gb,,,,580.173.02,GPU-d59cb1c4-ad97-d91a-6731-e7b5f38951a6
2026-08-16 04:10:40.055994,94.097,9,1g.11gb,yolo-inference-755b67b9bb-nz54p,default,yolo,580.173.02,GPU-d59cb1c4-ad97-d91a-6731-e7b5f38951a6
2026-08-16 04:10:45.055989,93.995,10,1g.11gb,yolo-inference-755b67b9bb-cf854,default,yolo,580.173.02,GPU-d59cb1c4-ad97-d91a-6731-e7b5f38951a6
2026-08-16 04:10:45.055989,94.097,11,1g.11gb,yolo-inference-755b67b9bb-cgztg,default,yolo,580.173.02,GPU-d59cb1c4-ad97-d91a-6731-e7b5f38951a6
2026-08-16 04:10:45.055989,94.409,12,1g.11gb,yolo-inference-755b67b9bb-g6r55,default,yolo,580.173.02,GPU-d59cb1c4-ad97-d91a-6731-e7b5f38951a6
2026-08-16 04:10:45.055989,94.097,13,1g.11gb,,,,580.173.02,GPU-d59cb1c4-ad97-d91a-6731-e7b5f38951a6
2026-08-16 04:10:45.055989,94.271,7,1g.11gb,yolo-inference-755b67b9bb-6qhhl,default,yolo,580.173.02,GPU-d59cb1c4-ad97-d91a-6731-e7b5f38951a6
2026-08-16 04:10:45.055989,94.409,8,1g.11gb,,,,580.173.02,GPU-d59cb1c4-ad97-d91a-6731-e7b5f38951a6
2026-08-16 04:10:45.055989,94.097,9,1g.11gb,yolo-inference-755b67b9bb-nz54p,default,yolo,580.173.02,GPU-d59cb1c4-ad97-d91a-6731-e7b5f38951a6
2026-08-16 04:10:50.056037,94.094,10,1g.11gb,yolo-inference-755b67b9bb-cf854,default,yolo,580.173.02,GPU-d59cb1c4-ad97-d91a-6731-e7b5f38951a6
2026-08-16 04:10:50.056037,94.097,11,1g.11gb,yolo-inference-755b67b9bb-cgztg,default,yolo,580.173.02,GPU-d59cb1c4-ad97-d91a-6731-e7b5f38951a6
2026-08-16 04:10:50.056037,94.409,12,1g.11gb,yolo-inference-755b67b9bb-g6r55,default,yolo,580.173.02,GPU-d59cb1c4-ad97-d91a-6731-e7b5f38951a6
2026-08-16 04:10:50.056037,94.097,13,1g.11gb,,,,580.173.02,GPU-d59cb1c4-ad97-d91a-6731-e7b5f38951a6
2026-08-16 04:10:50.056037,94.271,7,1g.11gb,yolo-inference-755b67b9bb-6qhhl,default,yolo,580.173.02,GPU-d59cb1c4-ad97-d91a-6731-e7b5f38951a6
2026-08-16 04:10:50.056037,94.409,8,1g.11gb,,,,580.173.02,GPU-d59cb1c4-ad97-d91a-6731-e7b5f38951a6
2026-08-16 04:10:50.056037,94.097,9,1g.11gb,yolo-inference-755b67b9bb-nz54p,default,yolo,580.173.02,GPU-d59cb1c4-ad97-d91a-6731-e7b5f38951a6
2026-08-16 04:10:55.055988,94.094,10,1g.11gb,yolo-inference-755b67b9bb-cf854,default,yolo,580.173.02,GPU-d59cb1c4-ad97-d91a-6731-e7b5f38951a6
2026-08-16 04:10:55.055988,94.243,11,1g.11gb,yolo-inference-755b67b9bb-cgztg,default,yolo,580.173.02,GPU-d59cb1c4-ad97-d91a-6731-e7b5f38951a6
2026-08-16 04:10:55.055988,94.102,12,1g.11gb,yolo-inference-755b67b9bb-g6r55,default,yolo,580.173.02,GPU-d59cb1c4-ad97-d91a-6731-e7b5f38951a6
2026-08-16 04:10:55.055988,94.265,13,1g.11gb,,,,580.173.02,GPU-d59cb1c4-ad97-d91a-6731-e7b5f38951a6
2026-08-16 04:10:55.055988,94.14,7,1g.11gb,yolo-inference-755b67b9bb-6qhhl,default,yolo,580.173.02,GPU-d59cb1c4-ad97-d91a-6731-e7b5f38951a6
2026-08-16 04:10:55.055988,94.102,8,1g.11gb,,,,580.173.02,GPU-d59cb1c4-ad97-d91a-6731-e7b5f38951a6
2026-08-16 04:10:55.055988,94.243,9,1g.11gb,yolo-inference-755b67b9bb-nz54p,default,yolo,580.173.02,GPU-d59cb1c4-ad97-d91a-6731-e7b5f38951a6
2026-08-16 04:11:00.053431,94.094,10,1g.11gb,yolo-inference-755b67b9bb-cf854,default,yolo,580.173.02,GPU-d59cb1c4-ad97-d91a-6731-e7b5f38951a6
2026-08-16 04:11:00.053431,94.243,11,1g.11gb,yolo-inference-755b67b9bb-cgztg,default,yolo,580.173.02,GPU-d59cb1c4-ad97-d91a-6731-e7b5f38951a6
2026-08-16 04:11:00.053431,94.102,12,1g.11gb,yolo-inference-755b67b9bb-g6r55,default,yolo,580.173.02,GPU-d59cb1c4-ad97-d91a-6731-e7b5f38951a6
2026-08-16 04:11:00.053431,94.265,13,1g.11gb,,,,580.173.02,GPU-d59cb1c4-ad97-d91a-6731-e7b5f38951a6
2026-08-16 04:11:00.053431,94.14,7,1g.11gb,yolo-inference-755b67b9bb-6qhhl,default,yolo,580.173.02,GPU-d59cb1c4-ad97-d91a-6731-e7b5f38951a6
2026-08-16 04:11:00.053431,94.102,8,1g.11gb,,,,580.173.02,GPU-d59cb1c4-ad97-d91a-6731-e7b5f38951a6
2026-08-16 04:11:00.053431,94.243,9,1g.11gb,yolo-inference-755b67b9bb-nz54p,default,yolo,580.173.02,GPU-d59cb1c4-ad97-d91a-6731-e7b5f38951a6
2026-08-16 04:11:05.056031,94.094,10,1g.11gb,yolo-inference-755b67b9bb-cf854,default,yolo,580.173.02,GPU-d59cb1c4-ad97-d91a-6731-e7b5f38951a6
2026-08-16 04:11:05.056031,94.243,11,1g.11gb,yolo-inference-755b67b9bb-cgztg,default,yolo,580.173.02,GPU-d59cb1c4-ad97-d91a-6731-e7b5f38951a6
2026-08-16 04:11:05.056031,94.102,12,1g.11gb,yolo-inference-755b67b9bb-g6r55,default,yolo,580.173.02,GPU-d59cb1c4-ad97-d91a-6731-e7b5f38951a6
2026-08-16 04:11:05.056031,94.265,13,1g.11gb,,,,580.173.02,GPU-d59cb1c4-ad97-d91a-6731-e7b5f38951a6
2026-08-16 04:11:05.056031,94.14,7,1g.11gb,yolo-inference-755b67b9bb-6qhhl,default,yolo,580.173.02,GPU-d59cb1c4-ad97-d91a-6731-e7b5f38951a6
2026-08-16 04:11:05.056031,94.102,8,1g.11gb,,,,580.173.02,GPU-d59cb1c4-ad97-d91a-6731-e7b5f38951a6
2026-08-16 04:11:05.056031,94.243,9,1g.11gb,yolo-inference-755b67b9bb-nz54p,default,yolo,580.173.02,GPU-d59cb1c4-ad97-d91a-6731-e7b5f38951a6
2026-08-16 04:11:10.055987,94.094,10,1g.11gb,yolo-inference-755b67b9bb-cf854,default,yolo,580.173.02,GPU-d59cb1c4-ad97-d91a-6731-e7b5f38951a6
2026-08-16 04:11:10.055987,94.243,11,1g.11gb,yolo-inference-755b67b9bb-cgztg,default,yolo,580.173.02,GPU-d59cb1c4-ad97-d91a-6731-e7b5f38951a6
2026-08-16 04:11:10.055987,94.102,12,1g.11gb,yolo-inference-755b67b9bb-g6r55,default,yolo,580.173.02,GPU-d59cb1c4-ad97-d91a-6731-e7b5f38951a6
2026-08-16 04:11:10.055987,94.265,13,1g.11gb,,,,580.173.02,GPU-d59cb1c4-ad97-d91a-6731-e7b5f38951a6
2026-08-16 04:11:10.055987,94.14,7,1g.11gb,yolo-inference-755b67b9bb-6qhhl,default,yolo,580.173.02,GPU-d59cb1c4-ad97-d91a-6731-e7b5f38951a6
2026-08-16 04:11:10.055987,94.102,8,1g.11gb,,,,580.173.02,GPU-d59cb1c4-ad97-d91a-6731-e7b5f38951a6
2026-08-16 04:11:10.055987,94.243,9,1g.11gb,yolo-inference-755b67b9bb-nz54p,default,yolo,580.173.02,GPU-d59cb1c4-ad97-d91a-6731-e7b5f38951a6
2026-08-16 04:11:15.056082,94.094,10,1g.11gb,yolo-inference-755b67b9bb-cf854,default,yolo,580.173.02,GPU-d59cb1c4-ad97-d91a-6731-e7b5f38951a6
2026-08-16 04:11:15.056082,94.243,11,1g.11gb,yolo-inference-755b67b9bb-cgztg,default,yolo,580.173.02,GPU-d59cb1c4-ad97-d91a-6731-e7b5f38951a6
2026-08-16 04:11:15.056082,94.102,12,1g.11gb,yolo-inference-755b67b9bb-g6r55,default,yolo,580.173.02,GPU-d59cb1c4-ad97-d91a-6731-e7b5f38951a6
2026-08-16 04:11:15.056082,94.265,13,1g.11gb,,,,580.173.02,GPU-d59cb1c4-ad97-d91a-6731-e7b5f38951a6
2026-08-16 04:11:15.056082,94.14,7,1g.11gb,yolo-inference-755b67b9bb-6qhhl,default,yolo,580.173.02,GPU-d59cb1c4-ad97-d91a-6731-e7b5f38951a6
2026-08-16 04:11:15.056082,94.102,8,1g.11gb,,,,580.173.02,GPU-d59cb1c4-ad97-d91a-6731-e7b5f38951a6
2026-08-16 04:11:15.056082,94.243,9,1g.11gb,yolo-inference-755b67b9bb-nz54p,default,yolo,580.173.02,GPU-d59cb1c4-ad97-d91a-6731-e7b5f38951a6
2026-08-16 04:11:20.056023,94.017,10,1g.11gb,yolo-inference-755b67b9bb-cf854,default,yolo,580.173.02,GPU-d59cb1c4-ad97-d91a-6731-e7b5f38951a6
2026-08-16 04:11:20.056023,94.243,11,1g.11gb,yolo-inference-755b67b9bb-cgztg,default,yolo,580.173.02,GPU-d59cb1c4-ad97-d91a-6731-e7b5f38951a6
2026-08-16 04:11:20.056023,94.102,12,1g.11gb,yolo-inference-755b67b9bb-g6r55,default,yolo,580.173.02,GPU-d59cb1c4-ad97-d91a-6731-e7b5f38951a6
2026-08-16 04:11:20.056023,94.265,13,1g.11gb,,,,580.173.02,GPU-d59cb1c4-ad97-d91a-6731-e7b5f38951a6
2026-08-16 04:11:20.056023,94.14,7,1g.11gb,yolo-inference-755b67b9bb-6qhhl,default,yolo,580.173.02,GPU-d59cb1c4-ad97-d91a-6731-e7b5f38951a6
2026-08-16 04:11:20.056023,94.102,8,1g.11gb,,,,580.173.02,GPU-d59cb1c4-ad97-d91a-6731-e7b5f38951a6
2026-08-16 04:11:20.056023,94.243,9,1g.11gb,yolo-inference-755b67b9bb-nz54p,default,yolo,580.173.02,GPU-d59cb1c4-ad97-d91a-6731-e7b5f38951a6
2026-08-16 04:11:25.053509,94.017,10,1g.11gb,yolo-inference-755b67b9bb-cf854,default,yolo,580.173.02,GPU-d59cb1c4-ad97-d91a-6731-e7b5f38951a6
2026-08-16 04:11:25.053509,94.162,11,1g.11gb,yolo-inference-755b67b9bb-cgztg,default,yolo,580.173.02,GPU-d59cb1c4-ad97-d91a-6731-e7b5f38951a6
2026-08-16 04:11:25.053509,94.22,12,1g.11gb,yolo-inference-755b67b9bb-g6r55,default,yolo,580.173.02,GPU-d59cb1c4-ad97-d91a-6731-e7b5f38951a6
2026-08-16 04:11:25.053509,94.182,13,1g.11gb,,,,580.173.02,GPU-d59cb1c4-ad97-d91a-6731-e7b5f38951a6
2026-08-16 04:11:25.053509,94.156,7,1g.11gb,yolo-inference-755b67b9bb-6qhhl,default,yolo,580.173.02,GPU-d59cb1c4-ad97-d91a-6731-e7b5f38951a6
2026-08-16 04:11:25.053509,94.22,8,1g.11gb,,,,580.173.02,GPU-d59cb1c4-ad97-d91a-6731-e7b5f38951a6
2026-08-16 04:11:25.053509,94.162,9,1g.11gb,yolo-inference-755b67b9bb-nz54p,default,yolo,580.173.02,GPU-d59cb1c4-ad97-d91a-6731-e7b5f38951a6
2026-08-16 04:11:30.055994,94.017,10,1g.11gb,yolo-inference-755b67b9bb-cf854,default,yolo,580.173.02,GPU-d59cb1c4-ad97-d91a-6731-e7b5f38951a6
2026-08-16 04:11:30.055994,94.162,11,1g.11gb,yolo-inference-755b67b9bb-cgztg,default,yolo,580.173.02,GPU-d59cb1c4-ad97-d91a-6731-e7b5f38951a6
2026-08-16 04:11:30.055994,94.22,12,1g.11gb,yolo-inference-755b67b9bb-g6r55,default,yolo,580.173.02,GPU-d59cb1c4-ad97-d91a-6731-e7b5f38951a6
2026-08-16 04:11:30.055994,94.182,13,1g.11gb,,,,580.173.02,GPU-d59cb1c4-ad97-d91a-6731-e7b5f38951a6
2026-08-16 04:11:30.055994,94.156,7,1g.11gb,yolo-inference-755b67b9bb-6qhhl,default,yolo,580.173.02,GPU-d59cb1c4-ad97-d91a-6731-e7b5f38951a6
2026-08-16 04:11:30.055994,94.22,8,1g.11gb,,,,580.173.02,GPU-d59cb1c4-ad97-d91a-6731-e7b5f38951a6
2026-08-16 04:11:30.055994,94.162,9,1g.11gb,yolo-inference-755b67b9bb-nz54p,default,yolo,580.173.02,GPU-d59cb1c4-ad97-d91a-6731-e7b5f38951a6
2026-08-16 04:11:35.054364,94.017,10,1g.11gb,yolo-inference-755b67b9bb-cf854,default,yolo,580.173.02,GPU-d59cb1c4-ad97-d91a-6731-e7b5f38951a6
2026-08-16 04:11:35.054364,94.162,11,1g.11gb,yolo-inference-755b67b9bb-cgztg,default,yolo,580.173.02,GPU-d59cb1c4-ad97-d91a-6731-e7b5f38951a6
2026-08-16 04:11:35.054364,94.22,12,1g.11gb,yolo-inference-755b67b9bb-g6r55,default,yolo,580.173.02,GPU-d59cb1c4-ad97-d91a-6731-e7b5f38951a6
2026-08-16 04:11:35.054364,94.182,13,1g.11gb,,,,580.173.02,GPU-d59cb1c4-ad97-d91a-6731-e7b5f38951a6
2026-08-16 04:11:35.054364,94.156,7,1g.11gb,yolo-inference-755b67b9bb-6qhhl,default,yolo,580.173.02,GPU-d59cb1c4-ad97-d91a-6731-e7b5f38951a6
2026-08-16 04:11:35.054364,94.22,8,1g.11gb,,,,580.173.02,GPU-d59cb1c4-ad97-d91a-6731-e7b5f38951a6
2026-08-16 04:11:35.054364,94.162,9,1g.11gb,yolo-inference-755b67b9bb-nz54p,default,yolo,580.173.02,GPU-d59cb1c4-ad97-d91a-6731-e7b5f38951a6
2026-08-16 04:11:40.056000,94.017,10,1g.11gb,yolo-inference-755b67b9bb-cf854,default,yolo,580.173.02,GPU-d59cb1c4-ad97-d91a-6731-e7b5f38951a6
2026-08-16 04:11:40.056000,94.162,11,1g.11gb,yolo-inference-755b67b9bb-cgztg,default,yolo,580.173.02,GPU-d59cb1c4-ad97-d91a-6731-e7b5f38951a6
2026-08-16 04:11:40.056000,94.22,12,1g.11gb,yolo-inference-755b67b9bb-g6r55,default,yolo,580.173.02,GPU-d59cb1c4-ad97-d91a-6731-e7b5f38951a6
2026-08-16 04:11:40.056000,94.182,13,1g.11gb,,,,580.173.02,GPU-d59cb1c4-ad97-d91a-6731-e7b5f38951a6
2026-08-16 04:11:40.056000,94.156,7,1g.11gb,yolo-inference-755b67b9bb-6qhhl,default,yolo,580.173.02,GPU-d59cb1c4-ad97-d91a-6731-e7b5f38951a6
2026-08-16 04:11:40.056000,94.22,8,1g.11gb,,,,580.173.02,GPU-d59cb1c4-ad97-d91a-6731-e7b5f38951a6
2026-08-16 04:11:40.056000,94.162,9,1g.11gb,yolo-inference-755b67b9bb-nz54p,default,yolo,580.173.02,GPU-d59cb1c4-ad97-d91a-6731-e7b5f38951a6
2026-08-16 04:11:45.055483,94.017,10,1g.11gb,yolo-inference-755b67b9bb-cf854,default,yolo,580.173.02,GPU-d59cb1c4-ad97-d91a-6731-e7b5f38951a6
2026-08-16 04:11:45.055483,94.162,11,1g.11gb,yolo-inference-755b67b9bb-cgztg,default,yolo,580.173.02,GPU-d59cb1c4-ad97-d91a-6731-e7b5f38951a6
2026-08-16 04:11:45.055483,94.22,12,1g.11gb,yolo-inference-755b67b9bb-g6r55,default,yolo,580.173.02,GPU-d59cb1c4-ad97-d91a-6731-e7b5f38951a6
2026-08-16 04:11:45.055483,94.182,13,1g.11gb,,,,580.173.02,GPU-d59cb1c4-ad97-d91a-6731-e7b5f38951a6
2026-08-16 04:11:45.055483,94.156,7,1g.11gb,yolo-inference-755b67b9bb-6qhhl,default,yolo,580.173.02,GPU-d59cb1c4-ad97-d91a-6731-e7b5f38951a6
2026-08-16 04:11:45.055483,94.22,8,1g.11gb,,,,580.173.02,GPU-d59cb1c4-ad97-d91a-6731-e7b5f38951a6
2026-08-16 04:11:45.055483,94.162,9,1g.11gb,yolo-inference-755b67b9bb-nz54p,default,yolo,580.173.02,GPU-d59cb1c4-ad97-d91a-6731-e7b5f38951a6
2026-08-16 04:11:50.056037,94.228,10,1g.11gb,yolo-inference-755b67b9bb-cf854,default,yolo,580.173.02,GPU-d59cb1c4-ad97-d91a-6731-e7b5f38951a6
2026-08-16 04:11:50.056037,94.162,11,1g.11gb,yolo-inference-755b67b9bb-cgztg,default,yolo,580.173.02,GPU-d59cb1c4-ad97-d91a-6731-e7b5f38951a6
2026-08-16 04:11:50.056037,94.22,12,1g.11gb,yolo-inference-755b67b9bb-g6r55,default,yolo,580.173.02,GPU-d59cb1c4-ad97-d91a-6731-e7b5f38951a6
2026-08-16 04:11:50.056037,94.182,13,1g.11gb,,,,580.173.02,GPU-d59cb1c4-ad97-d91a-6731-e7b5f38951a6
2026-08-16 04:11:50.056037,94.156,7,1g.11gb,yolo-inference-755b67b9bb-6qhhl,default,yolo,580.173.02,GPU-d59cb1c4-ad97-d91a-6731-e7b5f38951a6
2026-08-16 04:11:50.056037,94.22,8,1g.11gb,,,,580.173.02,GPU-d59cb1c4-ad97-d91a-6731-e7b5f38951a6
2026-08-16 04:11:50.056037,94.162,9,1g.11gb,yolo-inference-755b67b9bb-nz54p,default,yolo,580.173.02,GPU-d59cb1c4-ad97-d91a-6731-e7b5f38951a6
2026-08-16 04:11:55.055983,94.228,10,1g.11gb,yolo-inference-755b67b9bb-cf854,default,yolo,580.173.02,GPU-d59cb1c4-ad97-d91a-6731-e7b5f38951a6
2026-08-16 04:11:55.055983,94.123,11,1g.11gb,yolo-inference-755b67b9bb-cgztg,default,yolo,580.173.02,GPU-d59cb1c4-ad97-d91a-6731-e7b5f38951a6
2026-08-16 04:11:55.055983,94.038,12,1g.11gb,yolo-inference-755b67b9bb-g6r55,default,yolo,580.173.02,GPU-d59cb1c4-ad97-d91a-6731-e7b5f38951a6
2026-08-16 04:11:55.055983,94.157,13,1g.11gb,,,,580.173.02,GPU-d59cb1c4-ad97-d91a-6731-e7b5f38951a6
2026-08-16 04:11:55.055983,94.07,7,1g.11gb,yolo-inference-755b67b9bb-6qhhl,default,yolo,580.173.02,GPU-d59cb1c4-ad97-d91a-6731-e7b5f38951a6
2026-08-16 04:11:55.055983,94.095,8,1g.11gb,,,,580.173.02,GPU-d59cb1c4-ad97-d91a-6731-e7b5f38951a6
2026-08-16 04:11:55.055983,94.123,9,1g.11gb,yolo-inference-755b67b9bb-nz54p,default,yolo,580.173.02,GPU-d59cb1c4-ad97-d91a-6731-e7b5f38951a6
2026-08-16 04:12:00.056138,94.228,10,1g.11gb,yolo-inference-755b67b9bb-cf854,default,yolo,580.173.02,GPU-d59cb1c4-ad97-d91a-6731-e7b5f38951a6
2026-08-16 04:12:00.056138,94.123,11,1g.11gb,yolo-inference-755b67b9bb-cgztg,default,yolo,580.173.02,GPU-d59cb1c4-ad97-d91a-6731-e7b5f38951a6
2026-08-16 04:12:00.056138,94.038,12,1g.11gb,yolo-inference-755b67b9bb-g6r55,default,yolo,580.173.02,GPU-d59cb1c4-ad97-d91a-6731-e7b5f38951a6
2026-08-16 04:12:00.056138,94.157,13,1g.11gb,,,,580.173.02,GPU-d59cb1c4-ad97-d91a-6731-e7b5f38951a6
2026-08-16 04:12:00.056138,94.07,7,1g.11gb,yolo-inference-755b67b9bb-6qhhl,default,yolo,580.173.02,GPU-d59cb1c4-ad97-d91a-6731-e7b5f38951a6
2026-08-16 04:12:00.056138,94.095,8,1g.11gb,,,,580.173.02,GPU-d59cb1c4-ad97-d91a-6731-e7b5f38951a6
2026-08-16 04:12:00.056138,94.123,9,1g.11gb,yolo-inference-755b67b9bb-nz54p,default,yolo,580.173.02,GPU-d59cb1c4-ad97-d91a-6731-e7b5f38951a6
2026-08-16 04:12:05.055989,94.228,10,1g.11gb,yolo-inference-755b67b9bb-cf854,default,yolo,580.173.02,GPU-d59cb1c4-ad97-d91a-6731-e7b5f38951a6
2026-08-16 04:12:05.055989,94.123,11,1g.11gb,yolo-inference-755b67b9bb-cgztg,default,yolo,580.173.02,GPU-d59cb1c4-ad97-d91a-6731-e7b5f38951a6
2026-08-16 04:12:05.055989,94.038,12,1g.11gb,yolo-inference-755b67b9bb-g6r55,default,yolo,580.173.02,GPU-d59cb1c4-ad97-d91a-6731-e7b5f38951a6
2026-08-16 04:12:05.055989,94.157,13,1g.11gb,,,,580.173.02,GPU-d59cb1c4-ad97-d91a-6731-e7b5f38951a6
2026-08-16 04:12:05.055989,94.07,7,1g.11gb,yolo-inference-755b67b9bb-6qhhl,default,yolo,580.173.02,GPU-d59cb1c4-ad97-d91a-6731-e7b5f38951a6
2026-08-16 04:12:05.055989,94.095,8,1g.11gb,,,,580.173.02,GPU-d59cb1c4-ad97-d91a-6731-e7b5f38951a6
2026-08-16 04:12:05.055989,94.123,9,1g.11gb,yolo-inference-755b67b9bb-nz54p,default,yolo,580.173.02,GPU-d59cb1c4-ad97-d91a-6731-e7b5f38951a6
2026-08-16 04:12:10.055991,94.228,10,1g.11gb,yolo-inference-755b67b9bb-cf854,default,yolo,580.173.02,GPU-d59cb1c4-ad97-d91a-6731-e7b5f38951a6
2026-08-16 04:12:10.055991,94.123,11,1g.11gb,yolo-inference-755b67b9bb-cgztg,default,yolo,580.173.02,GPU-d59cb1c4-ad97-d91a-6731-e7b5f38951a6
2026-08-16 04:12:10.055991,94.038,12,1g.11gb,yolo-inference-755b67b9bb-g6r55,default,yolo,580.173.02,GPU-d59cb1c4-ad97-d91a-6731-e7b5f38951a6
2026-08-16 04:12:10.055991,94.157,13,1g.11gb,,,,580.173.02,GPU-d59cb1c4-ad97-d91a-6731-e7b5f38951a6
2026-08-16 04:12:10.055991,94.07,7,1g.11gb,yolo-inference-755b67b9bb-6qhhl,default,yolo,580.173.02,GPU-d59cb1c4-ad97-d91a-6731-e7b5f38951a6
2026-08-16 04:12:10.055991,94.095,8,1g.11gb,,,,580.173.02,GPU-d59cb1c4-ad97-d91a-6731-e7b5f38951a6
2026-08-16 04:12:10.055991,94.123,9,1g.11gb,yolo-inference-755b67b9bb-nz54p,default,yolo,580.173.02,GPU-d59cb1c4-ad97-d91a-6731-e7b5f38951a6
2026-08-16 04:12:15.053013,94.228,10,1g.11gb,yolo-inference-755b67b9bb-cf854,default,yolo,580.173.02,GPU-d59cb1c4-ad97-d91a-6731-e7b5f38951a6
2026-08-16 04:12:15.053013,94.123,11,1g.11gb,yolo-inference-755b67b9bb-cgztg,default,yolo,580.173.02,GPU-d59cb1c4-ad97-d91a-6731-e7b5f38951a6
2026-08-16 04:12:15.053013,94.038,12,1g.11gb,yolo-inference-755b67b9bb-g6r55,default,yolo,580.173.02,GPU-d59cb1c4-ad97-d91a-6731-e7b5f38951a6
2026-08-16 04:12:15.053013,94.157,13,1g.11gb,,,,580.173.02,GPU-d59cb1c4-ad97-d91a-6731-e7b5f38951a6
2026-08-16 04:12:15.053013,94.07,7,1g.11gb,yolo-inference-755b67b9bb-6qhhl,default,yolo,580.173.02,GPU-d59cb1c4-ad97-d91a-6731-e7b5f38951a6
2026-08-16 04:12:15.053013,94.095,8,1g.11gb,,,,580.173.02,GPU-d59cb1c4-ad97-d91a-6731-e7b5f38951a6
2026-08-16 04:12:15.053013,94.123,9,1g.11gb,yolo-inference-755b67b9bb-nz54p,default,yolo,580.173.02,GPU-d59cb1c4-ad97-d91a-6731-e7b5f38951a6
2026-08-16 04:12:20.055995,94.419,10,1g.11gb,yolo-inference-755b67b9bb-cf854,default,yolo,580.173.02,GPU-d59cb1c4-ad97-d91a-6731-e7b5f38951a6
2026-08-16 04:12:20.055995,94.123,11,1g.11gb,yolo-inference-755b67b9bb-cgztg,default,yolo,580.173.02,GPU-d59cb1c4-ad97-d91a-6731-e7b5f38951a6
2026-08-16 04:12:20.055995,94.038,12,1g.11gb,yolo-inference-755b67b9bb-g6r55,default,yolo,580.173.02,GPU-d59cb1c4-ad97-d91a-6731-e7b5f38951a6
2026-08-16 04:12:20.055995,94.157,13,1g.11gb,,,,580.173.02,GPU-d59cb1c4-ad97-d91a-6731-e7b5f38951a6
2026-08-16 04:12:20.055995,94.07,7,1g.11gb,yolo-inference-755b67b9bb-6qhhl,default,yolo,580.173.02,GPU-d59cb1c4-ad97-d91a-6731-e7b5f38951a6
2026-08-16 04:12:20.055995,94.095,8,1g.11gb,,,,580.173.02,GPU-d59cb1c4-ad97-d91a-6731-e7b5f38951a6
2026-08-16 04:12:20.055995,94.123,9,1g.11gb,yolo-inference-755b67b9bb-nz54p,default,yolo,580.173.02,GPU-d59cb1c4-ad97-d91a-6731-e7b5f38951a6
2026-08-16 04:12:25.054770,94.419,10,1g.11gb,yolo-inference-755b67b9bb-cf854,default,yolo,580.173.02,GPU-d59cb1c4-ad97-d91a-6731-e7b5f38951a6
2026-08-16 04:12:25.054770,94.175,11,1g.11gb,yolo-inference-755b67b9bb-cgztg,default,yolo,580.173.02,GPU-d59cb1c4-ad97-d91a-6731-e7b5f38951a6
2026-08-16 04:12:25.054770,94.369,12,1g.11gb,yolo-inference-755b67b9bb-g6r55,default,yolo,580.173.02,GPU-d59cb1c4-ad97-d91a-6731-e7b5f38951a6
2026-08-16 04:12:25.054770,94.201,13,1g.11gb,,,,580.173.02,GPU-d59cb1c4-ad97-d91a-6731-e7b5f38951a6
2026-08-16 04:12:25.054770,94.324,7,1g.11gb,yolo-inference-755b67b9bb-6qhhl,default,yolo,580.173.02,GPU-d59cb1c4-ad97-d91a-6731-e7b5f38951a6
2026-08-16 04:12:25.054770,94.262,8,1g.11gb,,,,580.173.02,GPU-d59cb1c4-ad97-d91a-6731-e7b5f38951a6
2026-08-16 04:12:25.054770,94.159,9,1g.11gb,yolo-inference-755b67b9bb-nz54p,default,yolo,580.173.02,GPU-d59cb1c4-ad97-d91a-6731-e7b5f38951a6
2026-08-16 04:12:30.055998,94.419,10,1g.11gb,yolo-inference-755b67b9bb-cf854,default,yolo,580.173.02,GPU-d59cb1c4-ad97-d91a-6731-e7b5f38951a6
2026-08-16 04:12:30.055998,94.175,11,1g.11gb,yolo-inference-755b67b9bb-cgztg,default,yolo,580.173.02,GPU-d59cb1c4-ad97-d91a-6731-e7b5f38951a6
2026-08-16 04:12:30.055998,94.369,12,1g.11gb,yolo-inference-755b67b9bb-g6r55,default,yolo,580.173.02,GPU-d59cb1c4-ad97-d91a-6731-e7b5f38951a6
2026-08-16 04:12:30.055998,94.201,13,1g.11gb,,,,580.173.02,GPU-d59cb1c4-ad97-d91a-6731-e7b5f38951a6
2026-08-16 04:12:30.055998,94.324,7,1g.11gb,yolo-inference-755b67b9bb-6qhhl,default,yolo,580.173.02,GPU-d59cb1c4-ad97-d91a-6731-e7b5f38951a6
2026-08-16 04:12:30.055998,94.262,8,1g.11gb,,,,580.173.02,GPU-d59cb1c4-ad97-d91a-6731-e7b5f38951a6
2026-08-16 04:12:30.055998,94.159,9,1g.11gb,yolo-inference-755b67b9bb-nz54p,default,yolo,580.173.02,GPU-d59cb1c4-ad97-d91a-6731-e7b5f38951a6
2026-08-16 04:12:35.054298,94.419,10,1g.11gb,yolo-inference-755b67b9bb-cf854,default,yolo,580.173.02,GPU-d59cb1c4-ad97-d91a-6731-e7b5f38951a6
2026-08-16 04:12:35.054298,94.175,11,1g.11gb,yolo-inference-755b67b9bb-cgztg,default,yolo,580.173.02,GPU-d59cb1c4-ad97-d91a-6731-e7b5f38951a6
2026-08-16 04:12:35.054298,94.369,12,1g.11gb,yolo-inference-755b67b9bb-g6r55,default,yolo,580.173.02,GPU-d59cb1c4-ad97-d91a-6731-e7b5f38951a6
2026-08-16 04:12:35.054298,94.201,13,1g.11gb,,,,580.173.02,GPU-d59cb1c4-ad97-d91a-6731-e7b5f38951a6
2026-08-16 04:12:35.054298,94.324,7,1g.11gb,yolo-inference-755b67b9bb-6qhhl,default,yolo,580.173.02,GPU-d59cb1c4-ad97-d91a-6731-e7b5f38951a6
2026-08-16 04:12:35.054298,94.262,8,1g.11gb,,,,580.173.02,GPU-d59cb1c4-ad97-d91a-6731-e7b5f38951a6
2026-08-16 04:12:35.054298,94.159,9,1g.11gb,yolo-inference-755b67b9bb-nz54p,default,yolo,580.173.02,GPU-d59cb1c4-ad97-d91a-6731-e7b5f38951a6
2026-08-16 04:12:40.056048,94.419,10,1g.11gb,yolo-inference-755b67b9bb-cf854,default,yolo,580.173.02,GPU-d59cb1c4-ad97-d91a-6731-e7b5f38951a6
2026-08-16 04:12:40.056048,94.175,11,1g.11gb,yolo-inference-755b67b9bb-cgztg,default,yolo,580.173.02,GPU-d59cb1c4-ad97-d91a-6731-e7b5f38951a6
2026-08-16 04:12:40.056048,94.369,12,1g.11gb,yolo-inference-755b67b9bb-g6r55,default,yolo,580.173.02,GPU-d59cb1c4-ad97-d91a-6731-e7b5f38951a6
2026-08-16 04:12:40.056048,94.201,13,1g.11gb,,,,580.173.02,GPU-d59cb1c4-ad97-d91a-6731-e7b5f38951a6
2026-08-16 04:12:40.056048,94.324,7,1g.11gb,yolo-inference-755b67b9bb-6qhhl,default,yolo,580.173.02,GPU-d59cb1c4-ad97-d91a-6731-e7b5f38951a6
2026-08-16 04:12:40.056048,94.262,8,1g.11gb,,,,580.173.02,GPU-d59cb1c4-ad97-d91a-6731-e7b5f38951a6
2026-08-16 04:12:40.056048,94.159,9,1g.11gb,yolo-inference-755b67b9bb-nz54p,default,yolo,580.173.02,GPU-d59cb1c4-ad97-d91a-6731-e7b5f38951a6
2026-08-16 04:12:45.055907,94.419,10,1g.11gb,yolo-inference-755b67b9bb-cf854,default,yolo,580.173.02,GPU-d59cb1c4-ad97-d91a-6731-e7b5f38951a6
2026-08-16 04:12:45.055907,94.175,11,1g.11gb,yolo-inference-755b67b9bb-cgztg,default,yolo,580.173.02,GPU-d59cb1c4-ad97-d91a-6731-e7b5f38951a6
2026-08-16 04:12:45.055907,94.369,12,1g.11gb,yolo-inference-755b67b9bb-g6r55,default,yolo,580.173.02,GPU-d59cb1c4-ad97-d91a-6731-e7b5f38951a6
2026-08-16 04:12:45.055907,94.201,13,1g.11gb,,,,580.173.02,GPU-d59cb1c4-ad97-d91a-6731-e7b5f38951a6
2026-08-16 04:12:45.055907,94.324,7,1g.11gb,yolo-inference-755b67b9bb-6qhhl,default,yolo,580.173.02,GPU-d59cb1c4-ad97-d91a-6731-e7b5f38951a6
2026-08-16 04:12:45.055907,94.262,8,1g.11gb,,,,580.173.02,GPU-d59cb1c4-ad97-d91a-6731-e7b5f38951a6
2026-08-16 04:12:45.055907,94.159,9,1g.11gb,yolo-inference-755b67b9bb-nz54p,default,yolo,580.173.02,GPU-d59cb1c4-ad97-d91a-6731-e7b5f38951a6
2026-08-16 04:12:50.056018,94.157,10,1g.11gb,yolo-inference-755b67b9bb-cf854,default,yolo,580.173.02,GPU-d59cb1c4-ad97-d91a-6731-e7b5f38951a6
2026-08-16 04:12:50.056018,94.175,11,1g.11gb,yolo-inference-755b67b9bb-cgztg,default,yolo,580.173.02,GPU-d59cb1c4-ad97-d91a-6731-e7b5f38951a6
2026-08-16 04:12:50.056018,94.369,12,1g.11gb,yolo-inference-755b67b9bb-g6r55,default,yolo,580.173.02,GPU-d59cb1c4-ad97-d91a-6731-e7b5f38951a6
2026-08-16 04:12:50.056018,94.201,13,1g.11gb,,,,580.173.02,GPU-d59cb1c4-ad97-d91a-6731-e7b5f38951a6
2026-08-16 04:12:50.056018,94.324,7,1g.11gb,yolo-inference-755b67b9bb-6qhhl,default,yolo,580.173.02,GPU-d59cb1c4-ad97-d91a-6731-e7b5f38951a6
2026-08-16 04:12:50.056018,94.262,8,1g.11gb,,,,580.173.02,GPU-d59cb1c4-ad97-d91a-6731-e7b5f38951a6
2026-08-16 04:12:50.056018,94.159,9,1g.11gb,yolo-inference-755b67b9bb-nz54p,default,yolo,580.173.02,GPU-d59cb1c4-ad97-d91a-6731-e7b5f38951a6
2026-08-16 04:12:55.055993,94.157,10,1g.11gb,yolo-inference-755b67b9bb-cf854,default,yolo,580.173.02,GPU-d59cb1c4-ad97-d91a-6731-e7b5f38951a6
2026-08-16 04:12:55.055993,94.188,11,1g.11gb,yolo-inference-755b67b9bb-cgztg,default,yolo,580.173.02,GPU-d59cb1c4-ad97-d91a-6731-e7b5f38951a6
2026-08-16 04:12:55.055993,94.22,12,1g.11gb,yolo-inference-755b67b9bb-g6r55,default,yolo,580.173.02,GPU-d59cb1c4-ad97-d91a-6731-e7b5f38951a6
2026-08-16 04:12:55.055993,94.188,13,1g.11gb,,,,580.173.02,GPU-d59cb1c4-ad97-d91a-6731-e7b5f38951a6
2026-08-16 04:12:55.055993,94.298,7,1g.11gb,yolo-inference-755b67b9bb-6qhhl,default,yolo,580.173.02,GPU-d59cb1c4-ad97-d91a-6731-e7b5f38951a6
2026-08-16 04:12:55.055993,94.162,8,1g.11gb,,,,580.173.02,GPU-d59cb1c4-ad97-d91a-6731-e7b5f38951a6
2026-08-16 04:12:55.055993,94.178,9,1g.11gb,yolo-inference-755b67b9bb-nz54p,default,yolo,580.173.02,GPU-d59cb1c4-ad97-d91a-6731-e7b5f38951a6
2026-08-16 04:13:00.055992,94.157,10,1g.11gb,yolo-inference-755b67b9bb-cf854,default,yolo,580.173.02,GPU-d59cb1c4-ad97-d91a-6731-e7b5f38951a6
2026-08-16 04:13:00.055992,94.188,11,1g.11gb,yolo-inference-755b67b9bb-cgztg,default,yolo,580.173.02,GPU-d59cb1c4-ad97-d91a-6731-e7b5f38951a6
2026-08-16 04:13:00.055992,94.22,12,1g.11gb,yolo-inference-755b67b9bb-g6r55,default,yolo,580.173.02,GPU-d59cb1c4-ad97-d91a-6731-e7b5f38951a6
2026-08-16 04:13:00.055992,94.188,13,1g.11gb,,,,580.173.02,GPU-d59cb1c4-ad97-d91a-6731-e7b5f38951a6
2026-08-16 04:13:00.055992,94.298,7,1g.11gb,yolo-inference-755b67b9bb-6qhhl,default,yolo,580.173.02,GPU-d59cb1c4-ad97-d91a-6731-e7b5f38951a6
2026-08-16 04:13:00.055992,94.162,8,1g.11gb,,,,580.173.02,GPU-d59cb1c4-ad97-d91a-6731-e7b5f38951a6
2026-08-16 04:13:00.055992,94.178,9,1g.11gb,yolo-inference-755b67b9bb-nz54p,default,yolo,580.173.02,GPU-d59cb1c4-ad97-d91a-6731-e7b5f38951a6
2026-08-16 04:13:05.055993,94.157,10,1g.11gb,yolo-inference-755b67b9bb-cf854,default,yolo,580.173.02,GPU-d59cb1c4-ad97-d91a-6731-e7b5f38951a6
2026-08-16 04:13:05.055993,94.188,11,1g.11gb,yolo-inference-755b67b9bb-cgztg,default,yolo,580.173.02,GPU-d59cb1c4-ad97-d91a-6731-e7b5f38951a6
2026-08-16 04:13:05.055993,94.22,12,1g.11gb,yolo-inference-755b67b9bb-g6r55,default,yolo,580.173.02,GPU-d59cb1c4-ad97-d91a-6731-e7b5f38951a6
2026-08-16 04:13:05.055993,94.188,13,1g.11gb,,,,580.173.02,GPU-d59cb1c4-ad97-d91a-6731-e7b5f38951a6
2026-08-16 04:13:05.055993,94.298,7,1g.11gb,yolo-inference-755b67b9bb-6qhhl,default,yolo,580.173.02,GPU-d59cb1c4-ad97-d91a-6731-e7b5f38951a6
2026-08-16 04:13:05.055993,94.162,8,1g.11gb,,,,580.173.02,GPU-d59cb1c4-ad97-d91a-6731-e7b5f38951a6
2026-08-16 04:13:05.055993,94.178,9,1g.11gb,yolo-inference-755b67b9bb-nz54p,default,yolo,580.173.02,GPU-d59cb1c4-ad97-d91a-6731-e7b5f38951a6
2026-08-16 04:13:10.055994,94.157,10,1g.11gb,yolo-inference-755b67b9bb-cf854,default,yolo,580.173.02,GPU-d59cb1c4-ad97-d91a-6731-e7b5f38951a6
2026-08-16 04:13:10.055994,94.188,11,1g.11gb,yolo-inference-755b67b9bb-cgztg,default,yolo,580.173.02,GPU-d59cb1c4-ad97-d91a-6731-e7b5f38951a6
2026-08-16 04:13:10.055994,94.22,12,1g.11gb,yolo-inference-755b67b9bb-g6r55,default,yolo,580.173.02,GPU-d59cb1c4-ad97-d91a-6731-e7b5f38951a6
2026-08-16 04:13:10.055994,94.188,13,1g.11gb,,,,580.173.02,GPU-d59cb1c4-ad97-d91a-6731-e7b5f38951a6
2026-08-16 04:13:10.055994,94.298,7,1g.11gb,yolo-inference-755b67b9bb-6qhhl,default,yolo,580.173.02,GPU-d59cb1c4-ad97-d91a-6731-e7b5f38951a6
2026-08-16 04:13:10.055994,94.162,8,1g.11gb,,,,580.173.02,GPU-d59cb1c4-ad97-d91a-6731-e7b5f38951a6
2026-08-16 04:13:10.055994,94.178,9,1g.11gb,yolo-inference-755b67b9bb-nz54p,default,yolo,580.173.02,GPU-d59cb1c4-ad97-d91a-6731-e7b5f38951a6
2026-08-16 04:13:15.056015,94.157,10,1g.11gb,yolo-inference-755b67b9bb-cf854,default,yolo,580.173.02,GPU-d59cb1c4-ad97-d91a-6731-e7b5f38951a6
2026-08-16 04:13:15.056015,94.188,11,1g.11gb,yolo-inference-755b67b9bb-cgztg,default,yolo,580.173.02,GPU-d59cb1c4-ad97-d91a-6731-e7b5f38951a6
2026-08-16 04:13:15.056015,94.22,12,1g.11gb,yolo-inference-755b67b9bb-g6r55,default,yolo,580.173.02,GPU-d59cb1c4-ad97-d91a-6731-e7b5f38951a6
2026-08-16 04:13:15.056015,94.188,13,1g.11gb,,,,580.173.02,GPU-d59cb1c4-ad97-d91a-6731-e7b5f38951a6
2026-08-16 04:13:15.056015,94.298,7,1g.11gb,yolo-inference-755b67b9bb-6qhhl,default,yolo,580.173.02,GPU-d59cb1c4-ad97-d91a-6731-e7b5f38951a6
2026-08-16 04:13:15.056015,94.162,8,1g.11gb,,,,580.173.02,GPU-d59cb1c4-ad97-d91a-6731-e7b5f38951a6
2026-08-16 04:13:15.056015,94.178,9,1g.11gb,yolo-inference-755b67b9bb-nz54p,default,yolo,580.173.02,GPU-d59cb1c4-ad97-d91a-6731-e7b5f38951a6
2026-08-16 04:13:20.056021,94.026,10,1g.11gb,yolo-inference-755b67b9bb-cf854,default,yolo,580.173.02,GPU-d59cb1c4-ad97-d91a-6731-e7b5f38951a6
2026-08-16 04:13:20.056021,94.188,11,1g.11gb,yolo-inference-755b67b9bb-cgztg,default,yolo,580.173.02,GPU-d59cb1c4-ad97-d91a-6731-e7b5f38951a6
2026-08-16 04:13:20.056021,94.22,12,1g.11gb,yolo-inference-755b67b9bb-g6r55,default,yolo,580.173.02,GPU-d59cb1c4-ad97-d91a-6731-e7b5f38951a6
2026-08-16 04:13:20.056021,94.188,13,1g.11gb,,,,580.173.02,GPU-d59cb1c4-ad97-d91a-6731-e7b5f38951a6
2026-08-16 04:13:20.056021,94.298,7,1g.11gb,yolo-inference-755b67b9bb-6qhhl,default,yolo,580.173.02,GPU-d59cb1c4-ad97-d91a-6731-e7b5f38951a6
2026-08-16 04:13:20.056021,94.162,8,1g.11gb,,,,580.173.02,GPU-d59cb1c4-ad97-d91a-6731-e7b5f38951a6
2026-08-16 04:13:20.056021,94.178,9,1g.11gb,yolo-inference-755b67b9bb-nz54p,default,yolo,580.173.02,GPU-d59cb1c4-ad97-d91a-6731-e7b5f38951a6
2026-08-16 04:13:25.054388,94.026,10,1g.11gb,yolo-inference-755b67b9bb-cf854,default,yolo,580.173.02,GPU-d59cb1c4-ad97-d91a-6731-e7b5f38951a6
2026-08-16 04:13:25.054388,94.063,11,1g.11gb,yolo-inference-755b67b9bb-cgztg,default,yolo,580.173.02,GPU-d59cb1c4-ad97-d91a-6731-e7b5f38951a6
2026-08-16 04:13:25.054388,94.174,12,1g.11gb,yolo-inference-755b67b9bb-g6r55,default,yolo,580.173.02,GPU-d59cb1c4-ad97-d91a-6731-e7b5f38951a6
2026-08-16 04:13:25.054388,94.063,13,1g.11gb,,,,580.173.02,GPU-d59cb1c4-ad97-d91a-6731-e7b5f38951a6
2026-08-16 04:13:25.054388,94.086,7,1g.11gb,yolo-inference-755b67b9bb-6qhhl,default,yolo,580.173.02,GPU-d59cb1c4-ad97-d91a-6731-e7b5f38951a6
2026-08-16 04:13:25.054388,94.179,8,1g.11gb,,,,580.173.02,GPU-d59cb1c4-ad97-d91a-6731-e7b5f38951a6
2026-08-16 04:13:25.054388,94.066,9,1g.11gb,yolo-inference-755b67b9bb-nz54p,default,yolo,580.173.02,GPU-d59cb1c4-ad97-d91a-6731-e7b5f38951a6
2026-08-16 04:13:30.055987,94.026,10,1g.11gb,yolo-inference-755b67b9bb-cf854,default,yolo,580.173.02,GPU-d59cb1c4-ad97-d91a-6731-e7b5f38951a6
2026-08-16 04:13:30.055987,94.063,11,1g.11gb,yolo-inference-755b67b9bb-cgztg,default,yolo,580.173.02,GPU-d59cb1c4-ad97-d91a-6731-e7b5f38951a6
2026-08-16 04:13:30.055987,94.174,12,1g.11gb,yolo-inference-755b67b9bb-g6r55,default,yolo,580.173.02,GPU-d59cb1c4-ad97-d91a-6731-e7b5f38951a6
2026-08-16 04:13:30.055987,94.063,13,1g.11gb,,,,580.173.02,GPU-d59cb1c4-ad97-d91a-6731-e7b5f38951a6
2026-08-16 04:13:30.055987,94.086,7,1g.11gb,yolo-inference-755b67b9bb-6qhhl,default,yolo,580.173.02,GPU-d59cb1c4-ad97-d91a-6731-e7b5f38951a6
2026-08-16 04:13:30.055987,94.179,8,1g.11gb,,,,580.173.02,GPU-d59cb1c4-ad97-d91a-6731-e7b5f38951a6
2026-08-16 04:13:30.055987,94.066,9,1g.11gb,yolo-inference-755b67b9bb-nz54p,default,yolo,580.173.02,GPU-d59cb1c4-ad97-d91a-6731-e7b5f38951a6
2026-08-16 04:13:35.055988,94.026,10,1g.11gb,yolo-inference-755b67b9bb-cf854,default,yolo,580.173.02,GPU-d59cb1c4-ad97-d91a-6731-e7b5f38951a6
2026-08-16 04:13:35.055988,94.063,11,1g.11gb,yolo-inference-755b67b9bb-cgztg,default,yolo,580.173.02,GPU-d59cb1c4-ad97-d91a-6731-e7b5f38951a6
2026-08-16 04:13:35.055988,94.174,12,1g.11gb,yolo-inference-755b67b9bb-g6r55,default,yolo,580.173.02,GPU-d59cb1c4-ad97-d91a-6731-e7b5f38951a6
2026-08-16 04:13:35.055988,94.063,13,1g.11gb,,,,580.173.02,GPU-d59cb1c4-ad97-d91a-6731-e7b5f38951a6
2026-08-16 04:13:35.055988,94.086,7,1g.11gb,yolo-inference-755b67b9bb-6qhhl,default,yolo,580.173.02,GPU-d59cb1c4-ad97-d91a-6731-e7b5f38951a6
2026-08-16 04:13:35.055988,94.179,8,1g.11gb,,,,580.173.02,GPU-d59cb1c4-ad97-d91a-6731-e7b5f38951a6
2026-08-16 04:13:35.055988,94.066,9,1g.11gb,yolo-inference-755b67b9bb-nz54p,default,yolo,580.173.02,GPU-d59cb1c4-ad97-d91a-6731-e7b5f38951a6
2026-08-16 04:13:40.054404,94.026,10,1g.11gb,yolo-inference-755b67b9bb-cf854,default,yolo,580.173.02,GPU-d59cb1c4-ad97-d91a-6731-e7b5f38951a6
2026-08-16 04:13:40.054404,94.063,11,1g.11gb,yolo-inference-755b67b9bb-cgztg,default,yolo,580.173.02,GPU-d59cb1c4-ad97-d91a-6731-e7b5f38951a6
2026-08-16 04:13:40.054404,94.174,12,1g.11gb,yolo-inference-755b67b9bb-g6r55,default,yolo,580.173.02,GPU-d59cb1c4-ad97-d91a-6731-e7b5f38951a6
2026-08-16 04:13:40.054404,94.063,13,1g.11gb,,,,580.173.02,GPU-d59cb1c4-ad97-d91a-6731-e7b5f38951a6
2026-08-16 04:13:40.054404,94.086,7,1g.11gb,yolo-inference-755b67b9bb-6qhhl,default,yolo,580.173.02,GPU-d59cb1c4-ad97-d91a-6731-e7b5f38951a6
2026-08-16 04:13:40.054404,94.179,8,1g.11gb,,,,580.173.02,GPU-d59cb1c4-ad97-d91a-6731-e7b5f38951a6
2026-08-16 04:13:40.054404,94.066,9,1g.11gb,yolo-inference-755b67b9bb-nz54p,default,yolo,580.173.02,GPU-d59cb1c4-ad97-d91a-6731-e7b5f38951a6
2026-08-16 04:13:45.053694,94.026,10,1g.11gb,yolo-inference-755b67b9bb-cf854,default,yolo,580.173.02,GPU-d59cb1c4-ad97-d91a-6731-e7b5f38951a6
2026-08-16 04:13:45.053694,94.063,11,1g.11gb,yolo-inference-755b67b9bb-cgztg,default,yolo,580.173.02,GPU-d59cb1c4-ad97-d91a-6731-e7b5f38951a6
2026-08-16 04:13:45.053694,94.174,12,1g.11gb,yolo-inference-755b67b9bb-g6r55,default,yolo,580.173.02,GPU-d59cb1c4-ad97-d91a-6731-e7b5f38951a6
2026-08-16 04:13:45.053694,94.063,13,1g.11gb,,,,580.173.02,GPU-d59cb1c4-ad97-d91a-6731-e7b5f38951a6
2026-08-16 04:13:45.053694,94.086,7,1g.11gb,yolo-inference-755b67b9bb-6qhhl,default,yolo,580.173.02,GPU-d59cb1c4-ad97-d91a-6731-e7b5f38951a6
2026-08-16 04:13:45.053694,94.179,8,1g.11gb,,,,580.173.02,GPU-d59cb1c4-ad97-d91a-6731-e7b5f38951a6
2026-08-16 04:13:45.053694,94.066,9,1g.11gb,yolo-inference-755b67b9bb-nz54p,default,yolo,580.173.02,GPU-d59cb1c4-ad97-d91a-6731-e7b5f38951a6
2026-08-16 04:13:50.052885,94.109,10,1g.11gb,yolo-inference-755b67b9bb-cf854,default,yolo,580.173.02,GPU-d59cb1c4-ad97-d91a-6731-e7b5f38951a6
2026-08-16 04:13:50.052885,94.063,11,1g.11gb,yolo-inference-755b67b9bb-cgztg,default,yolo,580.173.02,GPU-d59cb1c4-ad97-d91a-6731-e7b5f38951a6
2026-08-16 04:13:50.052885,94.174,12,1g.11gb,yolo-inference-755b67b9bb-g6r55,default,yolo,580.173.02,GPU-d59cb1c4-ad97-d91a-6731-e7b5f38951a6
2026-08-16 04:13:50.052885,94.063,13,1g.11gb,,,,580.173.02,GPU-d59cb1c4-ad97-d91a-6731-e7b5f38951a6
2026-08-16 04:13:50.052885,94.086,7,1g.11gb,yolo-inference-755b67b9bb-6qhhl,default,yolo,580.173.02,GPU-d59cb1c4-ad97-d91a-6731-e7b5f38951a6
2026-08-16 04:13:50.052885,94.179,8,1g.11gb,,,,580.173.02,GPU-d59cb1c4-ad97-d91a-6731-e7b5f38951a6
2026-08-16 04:13:50.052885,94.066,9,1g.11gb,yolo-inference-755b67b9bb-nz54p,default,yolo,580.173.02,GPU-d59cb1c4-ad97-d91a-6731-e7b5f38951a6
2026-08-16 04:13:55.054477,94.109,10,1g.11gb,yolo-inference-755b67b9bb-cf854,default,yolo,580.173.02,GPU-d59cb1c4-ad97-d91a-6731-e7b5f38951a6
2026-08-16 04:13:55.054477,94.166,11,1g.11gb,yolo-inference-755b67b9bb-cgztg,default,yolo,580.173.02,GPU-d59cb1c4-ad97-d91a-6731-e7b5f38951a6
2026-08-16 04:13:55.054477,94.402,12,1g.11gb,yolo-inference-755b67b9bb-g6r55,default,yolo,580.173.02,GPU-d59cb1c4-ad97-d91a-6731-e7b5f38951a6
2026-08-16 04:13:55.054477,94.166,13,1g.11gb,,,,580.173.02,GPU-d59cb1c4-ad97-d91a-6731-e7b5f38951a6
2026-08-16 04:13:55.054477,94.266,7,1g.11gb,yolo-inference-755b67b9bb-6qhhl,default,yolo,580.173.02,GPU-d59cb1c4-ad97-d91a-6731-e7b5f38951a6
2026-08-16 04:13:55.054477,94.402,8,1g.11gb,,,,580.173.02,GPU-d59cb1c4-ad97-d91a-6731-e7b5f38951a6
2026-08-16 04:13:55.054477,94.147,9,1g.11gb,yolo-inference-755b67b9bb-nz54p,default,yolo,580.173.02,GPU-d59cb1c4-ad97-d91a-6731-e7b5f38951a6
2026-08-16 04:14:00.055989,94.109,10,1g.11gb,yolo-inference-755b67b9bb-cf854,default,yolo,580.173.02,GPU-d59cb1c4-ad97-d91a-6731-e7b5f38951a6
2026-08-16 04:14:00.055989,94.166,11,1g.11gb,yolo-inference-755b67b9bb-cgztg,default,yolo,580.173.02,GPU-d59cb1c4-ad97-d91a-6731-e7b5f38951a6
2026-08-16 04:14:00.055989,94.402,12,1g.11gb,yolo-inference-755b67b9bb-g6r55,default,yolo,580.173.02,GPU-d59cb1c4-ad97-d91a-6731-e7b5f38951a6
2026-08-16 04:14:00.055989,94.166,13,1g.11gb,,,,580.173.02,GPU-d59cb1c4-ad97-d91a-6731-e7b5f38951a6
2026-08-16 04:14:00.055989,94.266,7,1g.11gb,yolo-inference-755b67b9bb-6qhhl,default,yolo,580.173.02,GPU-d59cb1c4-ad97-d91a-6731-e7b5f38951a6
2026-08-16 04:14:00.055989,94.402,8,1g.11gb,,,,580.173.02,GPU-d59cb1c4-ad97-d91a-6731-e7b5f38951a6
2026-08-16 04:14:00.055989,94.147,9,1g.11gb,yolo-inference-755b67b9bb-nz54p,default,yolo,580.173.02,GPU-d59cb1c4-ad97-d91a-6731-e7b5f38951a6
2026-08-16 04:14:05.055984,94.109,10,1g.11gb,yolo-inference-755b67b9bb-cf854,default,yolo,580.173.02,GPU-d59cb1c4-ad97-d91a-6731-e7b5f38951a6
2026-08-16 04:14:05.055984,94.166,11,1g.11gb,yolo-inference-755b67b9bb-cgztg,default,yolo,580.173.02,GPU-d59cb1c4-ad97-d91a-6731-e7b5f38951a6
2026-08-16 04:14:05.055984,94.402,12,1g.11gb,yolo-inference-755b67b9bb-g6r55,default,yolo,580.173.02,GPU-d59cb1c4-ad97-d91a-6731-e7b5f38951a6
2026-08-16 04:14:05.055984,94.166,13,1g.11gb,,,,580.173.02,GPU-d59cb1c4-ad97-d91a-6731-e7b5f38951a6
2026-08-16 04:14:05.055984,94.266,7,1g.11gb,yolo-inference-755b67b9bb-6qhhl,default,yolo,580.173.02,GPU-d59cb1c4-ad97-d91a-6731-e7b5f38951a6
2026-08-16 04:14:05.055984,94.402,8,1g.11gb,,,,580.173.02,GPU-d59cb1c4-ad97-d91a-6731-e7b5f38951a6
2026-08-16 04:14:05.055984,94.147,9,1g.11gb,yolo-inference-755b67b9bb-nz54p,default,yolo,580.173.02,GPU-d59cb1c4-ad97-d91a-6731-e7b5f38951a6
2026-08-16 04:14:10.051286,94.109,10,1g.11gb,yolo-inference-755b67b9bb-cf854,default,yolo,580.173.02,GPU-d59cb1c4-ad97-d91a-6731-e7b5f38951a6
2026-08-16 04:14:10.051286,94.166,11,1g.11gb,yolo-inference-755b67b9bb-cgztg,default,yolo,580.173.02,GPU-d59cb1c4-ad97-d91a-6731-e7b5f38951a6
2026-08-16 04:14:10.051286,94.402,12,1g.11gb,yolo-inference-755b67b9bb-g6r55,default,yolo,580.173.02,GPU-d59cb1c4-ad97-d91a-6731-e7b5f38951a6
2026-08-16 04:14:10.051286,94.166,13,1g.11gb,,,,580.173.02,GPU-d59cb1c4-ad97-d91a-6731-e7b5f38951a6
2026-08-16 04:14:10.051286,94.266,7,1g.11gb,yolo-inference-755b67b9bb-6qhhl,default,yolo,580.173.02,GPU-d59cb1c4-ad97-d91a-6731-e7b5f38951a6
2026-08-16 04:14:10.051286,94.402,8,1g.11gb,,,,580.173.02,GPU-d59cb1c4-ad97-d91a-6731-e7b5f38951a6
2026-08-16 04:14:10.051286,94.147,9,1g.11gb,yolo-inference-755b67b9bb-nz54p,default,yolo,580.173.02,GPU-d59cb1c4-ad97-d91a-6731-e7b5f38951a6
2026-08-16 04:14:15.055824,94.109,10,1g.11gb,yolo-inference-755b67b9bb-cf854,default,yolo,580.173.02,GPU-d59cb1c4-ad97-d91a-6731-e7b5f38951a6
2026-08-16 04:14:15.055824,94.166,11,1g.11gb,yolo-inference-755b67b9bb-cgztg,default,yolo,580.173.02,GPU-d59cb1c4-ad97-d91a-6731-e7b5f38951a6
2026-08-16 04:14:15.055824,94.402,12,1g.11gb,yolo-inference-755b67b9bb-g6r55,default,yolo,580.173.02,GPU-d59cb1c4-ad97-d91a-6731-e7b5f38951a6
2026-08-16 04:14:15.055824,94.166,13,1g.11gb,,,,580.173.02,GPU-d59cb1c4-ad97-d91a-6731-e7b5f38951a6
2026-08-16 04:14:15.055824,94.266,7,1g.11gb,yolo-inference-755b67b9bb-6qhhl,default,yolo,580.173.02,GPU-d59cb1c4-ad97-d91a-6731-e7b5f38951a6
2026-08-16 04:14:15.055824,94.402,8,1g.11gb,,,,580.173.02,GPU-d59cb1c4-ad97-d91a-6731-e7b5f38951a6
2026-08-16 04:14:15.055824,94.147,9,1g.11gb,yolo-inference-755b67b9bb-nz54p,default,yolo,580.173.02,GPU-d59cb1c4-ad97-d91a-6731-e7b5f38951a6
2026-08-16 04:14:20.055985,94.132,10,1g.11gb,yolo-inference-755b67b9bb-cf854,default,yolo,580.173.02,GPU-d59cb1c4-ad97-d91a-6731-e7b5f38951a6
2026-08-16 04:14:20.055985,94.166,11,1g.11gb,yolo-inference-755b67b9bb-cgztg,default,yolo,580.173.02,GPU-d59cb1c4-ad97-d91a-6731-e7b5f38951a6
2026-08-16 04:14:20.055985,94.402,12,1g.11gb,yolo-inference-755b67b9bb-g6r55,default,yolo,580.173.02,GPU-d59cb1c4-ad97-d91a-6731-e7b5f38951a6
2026-08-16 04:14:20.055985,94.166,13,1g.11gb,,,,580.173.02,GPU-d59cb1c4-ad97-d91a-6731-e7b5f38951a6
2026-08-16 04:14:20.055985,94.266,7,1g.11gb,yolo-inference-755b67b9bb-6qhhl,default,yolo,580.173.02,GPU-d59cb1c4-ad97-d91a-6731-e7b5f38951a6
2026-08-16 04:14:20.055985,94.402,8,1g.11gb,,,,580.173.02,GPU-d59cb1c4-ad97-d91a-6731-e7b5f38951a6
2026-08-16 04:14:20.055985,94.147,9,1g.11gb,yolo-inference-755b67b9bb-nz54p,default,yolo,580.173.02,GPU-d59cb1c4-ad97-d91a-6731-e7b5f38951a6
2026-08-16 04:14:25.056023,94.132,10,1g.11gb,yolo-inference-755b67b9bb-cf854,default,yolo,580.173.02,GPU-d59cb1c4-ad97-d91a-6731-e7b5f38951a6
2026-08-16 04:14:25.056023,94.067,11,1g.11gb,yolo-inference-755b67b9bb-cgztg,default,yolo,580.173.02,GPU-d59cb1c4-ad97-d91a-6731-e7b5f38951a6
2026-08-16 04:14:25.056023,94.311,12,1g.11gb,yolo-inference-755b67b9bb-g6r55,default,yolo,580.173.02,GPU-d59cb1c4-ad97-d91a-6731-e7b5f38951a6
2026-08-16 04:14:25.056023,94.067,13,1g.11gb,,,,580.173.02,GPU-d59cb1c4-ad97-d91a-6731-e7b5f38951a6
2026-08-16 04:14:25.056023,94.191,7,1g.11gb,yolo-inference-755b67b9bb-6qhhl,default,yolo,580.173.02,GPU-d59cb1c4-ad97-d91a-6731-e7b5f38951a6
2026-08-16 04:14:25.056023,94.311,8,1g.11gb,,,,580.173.02,GPU-d59cb1c4-ad97-d91a-6731-e7b5f38951a6
2026-08-16 04:14:25.056023,94.067,9,1g.11gb,yolo-inference-755b67b9bb-nz54p,default,yolo,580.173.02,GPU-d59cb1c4-ad97-d91a-6731-e7b5f38951a6
2026-08-16 04:14:30.055991,94.132,10,1g.11gb,yolo-inference-755b67b9bb-cf854,default,yolo,580.173.02,GPU-d59cb1c4-ad97-d91a-6731-e7b5f38951a6
2026-08-16 04:14:30.055991,94.067,11,1g.11gb,yolo-inference-755b67b9bb-cgztg,default,yolo,580.173.02,GPU-d59cb1c4-ad97-d91a-6731-e7b5f38951a6
2026-08-16 04:14:30.055991,94.311,12,1g.11gb,yolo-inference-755b67b9bb-g6r55,default,yolo,580.173.02,GPU-d59cb1c4-ad97-d91a-6731-e7b5f38951a6
2026-08-16 04:14:30.055991,94.067,13,1g.11gb,,,,580.173.02,GPU-d59cb1c4-ad97-d91a-6731-e7b5f38951a6
2026-08-16 04:14:30.055991,94.191,7,1g.11gb,yolo-inference-755b67b9bb-6qhhl,default,yolo,580.173.02,GPU-d59cb1c4-ad97-d91a-6731-e7b5f38951a6
2026-08-16 04:14:30.055991,94.311,8,1g.11gb,,,,580.173.02,GPU-d59cb1c4-ad97-d91a-6731-e7b5f38951a6
2026-08-16 04:14:30.055991,94.067,9,1g.11gb,yolo-inference-755b67b9bb-nz54p,default,yolo,580.173.02,GPU-d59cb1c4-ad97-d91a-6731-e7b5f38951a6
2026-08-16 04:14:35.055991,94.132,10,1g.11gb,yolo-inference-755b67b9bb-cf854,default,yolo,580.173.02,GPU-d59cb1c4-ad97-d91a-6731-e7b5f38951a6
2026-08-16 04:14:35.055991,94.067,11,1g.11gb,yolo-inference-755b67b9bb-cgztg,default,yolo,580.173.02,GPU-d59cb1c4-ad97-d91a-6731-e7b5f38951a6
2026-08-16 04:14:35.055991,94.311,12,1g.11gb,yolo-inference-755b67b9bb-g6r55,default,yolo,580.173.02,GPU-d59cb1c4-ad97-d91a-6731-e7b5f38951a6
2026-08-16 04:14:35.055991,94.067,13,1g.11gb,,,,580.173.02,GPU-d59cb1c4-ad97-d91a-6731-e7b5f38951a6
2026-08-16 04:14:35.055991,94.191,7,1g.11gb,yolo-inference-755b67b9bb-6qhhl,default,yolo,580.173.02,GPU-d59cb1c4-ad97-d91a-6731-e7b5f38951a6
2026-08-16 04:14:35.055991,94.311,8,1g.11gb,,,,580.173.02,GPU-d59cb1c4-ad97-d91a-6731-e7b5f38951a6
2026-08-16 04:14:35.055991,94.067,9,1g.11gb,yolo-inference-755b67b9bb-nz54p,default,yolo,580.173.02,GPU-d59cb1c4-ad97-d91a-6731-e7b5f38951a6
2026-08-16 04:14:40.055990,94.132,10,1g.11gb,yolo-inference-755b67b9bb-cf854,default,yolo,580.173.02,GPU-d59cb1c4-ad97-d91a-6731-e7b5f38951a6
2026-08-16 04:14:40.055990,94.067,11,1g.11gb,yolo-inference-755b67b9bb-cgztg,default,yolo,580.173.02,GPU-d59cb1c4-ad97-d91a-6731-e7b5f38951a6
2026-08-16 04:14:40.055990,94.311,12,1g.11gb,yolo-inference-755b67b9bb-g6r55,default,yolo,580.173.02,GPU-d59cb1c4-ad97-d91a-6731-e7b5f38951a6
2026-08-16 04:14:40.055990,94.067,13,1g.11gb,,,,580.173.02,GPU-d59cb1c4-ad97-d91a-6731-e7b5f38951a6
2026-08-16 04:14:40.055990,94.191,7,1g.11gb,yolo-inference-755b67b9bb-6qhhl,default,yolo,580.173.02,GPU-d59cb1c4-ad97-d91a-6731-e7b5f38951a6
2026-08-16 04:14:40.055990,94.311,8,1g.11gb,,,,580.173.02,GPU-d59cb1c4-ad97-d91a-6731-e7b5f38951a6
2026-08-16 04:14:40.055990,94.067,9,1g.11gb,yolo-inference-755b67b9bb-nz54p,default,yolo,580.173.02,GPU-d59cb1c4-ad97-d91a-6731-e7b5f38951a6
2026-08-16 04:14:45.056006,94.132,10,1g.11gb,yolo-inference-755b67b9bb-cf854,default,yolo,580.173.02,GPU-d59cb1c4-ad97-d91a-6731-e7b5f38951a6
2026-08-16 04:14:45.056006,94.067,11,1g.11gb,yolo-inference-755b67b9bb-cgztg,default,yolo,580.173.02,GPU-d59cb1c4-ad97-d91a-6731-e7b5f38951a6
2026-08-16 04:14:45.056006,94.311,12,1g.11gb,yolo-inference-755b67b9bb-g6r55,default,yolo,580.173.02,GPU-d59cb1c4-ad97-d91a-6731-e7b5f38951a6
2026-08-16 04:14:45.056006,94.067,13,1g.11gb,,,,580.173.02,GPU-d59cb1c4-ad97-d91a-6731-e7b5f38951a6
2026-08-16 04:14:45.056006,94.191,7,1g.11gb,yolo-inference-755b67b9bb-6qhhl,default,yolo,580.173.02,GPU-d59cb1c4-ad97-d91a-6731-e7b5f38951a6
2026-08-16 04:14:45.056006,94.311,8,1g.11gb,,,,580.173.02,GPU-d59cb1c4-ad97-d91a-6731-e7b5f38951a6
2026-08-16 04:14:45.056006,94.067,9,1g.11gb,yolo-inference-755b67b9bb-nz54p,default,yolo,580.173.02,GPU-d59cb1c4-ad97-d91a-6731-e7b5f38951a6
2026-08-16 04:14:50.055990,94.153,10,1g.11gb,yolo-inference-755b67b9bb-cf854,default,yolo,580.173.02,GPU-d59cb1c4-ad97-d91a-6731-e7b5f38951a6
2026-08-16 04:14:50.055990,94.067,11,1g.11gb,yolo-inference-755b67b9bb-cgztg,default,yolo,580.173.02,GPU-d59cb1c4-ad97-d91a-6731-e7b5f38951a6
2026-08-16 04:14:50.055990,94.311,12,1g.11gb,yolo-inference-755b67b9bb-g6r55,default,yolo,580.173.02,GPU-d59cb1c4-ad97-d91a-6731-e7b5f38951a6
2026-08-16 04:14:50.055990,94.067,13,1g.11gb,,,,580.173.02,GPU-d59cb1c4-ad97-d91a-6731-e7b5f38951a6
2026-08-16 04:14:50.055990,94.191,7,1g.11gb,yolo-inference-755b67b9bb-6qhhl,default,yolo,580.173.02,GPU-d59cb1c4-ad97-d91a-6731-e7b5f38951a6
2026-08-16 04:14:50.055990,94.311,8,1g.11gb,,,,580.173.02,GPU-d59cb1c4-ad97-d91a-6731-e7b5f38951a6
2026-08-16 04:14:50.055990,94.067,9,1g.11gb,yolo-inference-755b67b9bb-nz54p,default,yolo,580.173.02,GPU-d59cb1c4-ad97-d91a-6731-e7b5f38951a6
2026-08-16 04:14:55.054400,94.153,10,1g.11gb,yolo-inference-755b67b9bb-cf854,default,yolo,580.173.02,GPU-d59cb1c4-ad97-d91a-6731-e7b5f38951a6
2026-08-16 04:14:55.054400,94.203,11,1g.11gb,yolo-inference-755b67b9bb-cgztg,default,yolo,580.173.02,GPU-d59cb1c4-ad97-d91a-6731-e7b5f38951a6
2026-08-16 04:14:55.054400,94.107,12,1g.11gb,yolo-inference-755b67b9bb-g6r55,default,yolo,580.173.02,GPU-d59cb1c4-ad97-d91a-6731-e7b5f38951a6
2026-08-16 04:14:55.054400,94.213,13,1g.11gb,,,,580.173.02,GPU-d59cb1c4-ad97-d91a-6731-e7b5f38951a6
2026-08-16 04:14:55.054400,94.277,7,1g.11gb,yolo-inference-755b67b9bb-6qhhl,default,yolo,580.173.02,GPU-d59cb1c4-ad97-d91a-6731-e7b5f38951a6
2026-08-16 04:14:55.054400,94.107,8,1g.11gb,,,,580.173.02,GPU-d59cb1c4-ad97-d91a-6731-e7b5f38951a6
2026-08-16 04:14:55.054400,94.203,9,1g.11gb,yolo-inference-755b67b9bb-nz54p,default,yolo,580.173.02,GPU-d59cb1c4-ad97-d91a-6731-e7b5f38951a6
2026-08-16 04:15:00.055988,94.153,10,1g.11gb,yolo-inference-755b67b9bb-cf854,default,yolo,580.173.02,GPU-d59cb1c4-ad97-d91a-6731-e7b5f38951a6
2026-08-16 04:15:00.055988,94.203,11,1g.11gb,yolo-inference-755b67b9bb-cgztg,default,yolo,580.173.02,GPU-d59cb1c4-ad97-d91a-6731-e7b5f38951a6
2026-08-16 04:15:00.055988,94.107,12,1g.11gb,yolo-inference-755b67b9bb-g6r55,default,yolo,580.173.02,GPU-d59cb1c4-ad97-d91a-6731-e7b5f38951a6
2026-08-16 04:15:00.055988,94.213,13,1g.11gb,,,,580.173.02,GPU-d59cb1c4-ad97-d91a-6731-e7b5f38951a6
2026-08-16 04:15:00.055988,94.277,7,1g.11gb,yolo-inference-755b67b9bb-6qhhl,default,yolo,580.173.02,GPU-d59cb1c4-ad97-d91a-6731-e7b5f38951a6
2026-08-16 04:15:00.055988,94.107,8,1g.11gb,,,,580.173.02,GPU-d59cb1c4-ad97-d91a-6731-e7b5f38951a6
2026-08-16 04:15:00.055988,94.203,9,1g.11gb,yolo-inference-755b67b9bb-nz54p,default,yolo,580.173.02,GPU-d59cb1c4-ad97-d91a-6731-e7b5f38951a6
2026-08-16 04:15:05.054802,94.153,10,1g.11gb,yolo-inference-755b67b9bb-cf854,default,yolo,580.173.02,GPU-d59cb1c4-ad97-d91a-6731-e7b5f38951a6
2026-08-16 04:15:05.054802,94.203,11,1g.11gb,yolo-inference-755b67b9bb-cgztg,default,yolo,580.173.02,GPU-d59cb1c4-ad97-d91a-6731-e7b5f38951a6
2026-08-16 04:15:05.054802,94.107,12,1g.11gb,yolo-inference-755b67b9bb-g6r55,default,yolo,580.173.02,GPU-d59cb1c4-ad97-d91a-6731-e7b5f38951a6
2026-08-16 04:15:05.054802,94.213,13,1g.11gb,,,,580.173.02,GPU-d59cb1c4-ad97-d91a-6731-e7b5f38951a6
2026-08-16 04:15:05.054802,94.277,7,1g.11gb,yolo-inference-755b67b9bb-6qhhl,default,yolo,580.173.02,GPU-d59cb1c4-ad97-d91a-6731-e7b5f38951a6
2026-08-16 04:15:05.054802,94.107,8,1g.11gb,,,,580.173.02,GPU-d59cb1c4-ad97-d91a-6731-e7b5f38951a6
2026-08-16 04:15:05.054802,94.203,9,1g.11gb,yolo-inference-755b67b9bb-nz54p,default,yolo,580.173.02,GPU-d59cb1c4-ad97-d91a-6731-e7b5f38951a6
2026-08-16 04:15:10.056021,94.153,10,1g.11gb,yolo-inference-755b67b9bb-cf854,default,yolo,580.173.02,GPU-d59cb1c4-ad97-d91a-6731-e7b5f38951a6
2026-08-16 04:15:10.056021,94.203,11,1g.11gb,yolo-inference-755b67b9bb-cgztg,default,yolo,580.173.02,GPU-d59cb1c4-ad97-d91a-6731-e7b5f38951a6
2026-08-16 04:15:10.056021,94.107,12,1g.11gb,yolo-inference-755b67b9bb-g6r55,default,yolo,580.173.02,GPU-d59cb1c4-ad97-d91a-6731-e7b5f38951a6
2026-08-16 04:15:10.056021,94.213,13,1g.11gb,,,,580.173.02,GPU-d59cb1c4-ad97-d91a-6731-e7b5f38951a6
2026-08-16 04:15:10.056021,94.277,7,1g.11gb,yolo-inference-755b67b9bb-6qhhl,default,yolo,580.173.02,GPU-d59cb1c4-ad97-d91a-6731-e7b5f38951a6
2026-08-16 04:15:10.056021,94.107,8,1g.11gb,,,,580.173.02,GPU-d59cb1c4-ad97-d91a-6731-e7b5f38951a6
2026-08-16 04:15:10.056021,94.203,9,1g.11gb,yolo-inference-755b67b9bb-nz54p,default,yolo,580.173.02,GPU-d59cb1c4-ad97-d91a-6731-e7b5f38951a6
2026-08-16 04:15:15.055991,94.153,10,1g.11gb,yolo-inference-755b67b9bb-cf854,default,yolo,580.173.02,GPU-d59cb1c4-ad97-d91a-6731-e7b5f38951a6
2026-08-16 04:15:15.055991,94.203,11,1g.11gb,yolo-inference-755b67b9bb-cgztg,default,yolo,580.173.02,GPU-d59cb1c4-ad97-d91a-6731-e7b5f38951a6
2026-08-16 04:15:15.055991,94.107,12,1g.11gb,yolo-inference-755b67b9bb-g6r55,default,yolo,580.173.02,GPU-d59cb1c4-ad97-d91a-6731-e7b5f38951a6
2026-08-16 04:15:15.055991,94.213,13,1g.11gb,,,,580.173.02,GPU-d59cb1c4-ad97-d91a-6731-e7b5f38951a6
2026-08-16 04:15:15.055991,94.277,7,1g.11gb,yolo-inference-755b67b9bb-6qhhl,default,yolo,580.173.02,GPU-d59cb1c4-ad97-d91a-6731-e7b5f38951a6
2026-08-16 04:15:15.055991,94.107,8,1g.11gb,,,,580.173.02,GPU-d59cb1c4-ad97-d91a-6731-e7b5f38951a6
2026-08-16 04:15:15.055991,94.203,9,1g.11gb,yolo-inference-755b67b9bb-nz54p,default,yolo,580.173.02,GPU-d59cb1c4-ad97-d91a-6731-e7b5f38951a6
2026-08-16 04:15:20.056034,94.148,10,1g.11gb,yolo-inference-755b67b9bb-cf854,default,yolo,580.173.02,GPU-d59cb1c4-ad97-d91a-6731-e7b5f38951a6
2026-08-16 04:15:20.056034,94.203,11,1g.11gb,yolo-inference-755b67b9bb-cgztg,default,yolo,580.173.02,GPU-d59cb1c4-ad97-d91a-6731-e7b5f38951a6
2026-08-16 04:15:20.056034,94.107,12,1g.11gb,yolo-inference-755b67b9bb-g6r55,default,yolo,580.173.02,GPU-d59cb1c4-ad97-d91a-6731-e7b5f38951a6
2026-08-16 04:15:20.056034,94.213,13,1g.11gb,,,,580.173.02,GPU-d59cb1c4-ad97-d91a-6731-e7b5f38951a6
2026-08-16 04:15:20.056034,94.277,7,1g.11gb,yolo-inference-755b67b9bb-6qhhl,default,yolo,580.173.02,GPU-d59cb1c4-ad97-d91a-6731-e7b5f38951a6
2026-08-16 04:15:20.056034,94.107,8,1g.11gb,,,,580.173.02,GPU-d59cb1c4-ad97-d91a-6731-e7b5f38951a6
2026-08-16 04:15:20.056034,94.203,9,1g.11gb,yolo-inference-755b67b9bb-nz54p,default,yolo,580.173.02,GPU-d59cb1c4-ad97-d91a-6731-e7b5f38951a6
2026-08-16 04:15:25.055491,94.148,10,1g.11gb,yolo-inference-755b67b9bb-cf854,default,yolo,580.173.02,GPU-d59cb1c4-ad97-d91a-6731-e7b5f38951a6
2026-08-16 04:15:25.055491,94.187,11,1g.11gb,yolo-inference-755b67b9bb-cgztg,default,yolo,580.173.02,GPU-d59cb1c4-ad97-d91a-6731-e7b5f38951a6
2026-08-16 04:15:25.055491,94.149,12,1g.11gb,yolo-inference-755b67b9bb-g6r55,default,yolo,580.173.02,GPU-d59cb1c4-ad97-d91a-6731-e7b5f38951a6
2026-08-16 04:15:25.055491,94.207,13,1g.11gb,,,,580.173.02,GPU-d59cb1c4-ad97-d91a-6731-e7b5f38951a6
2026-08-16 04:15:25.055491,94.223,7,1g.11gb,yolo-inference-755b67b9bb-6qhhl,default,yolo,580.173.02,GPU-d59cb1c4-ad97-d91a-6731-e7b5f38951a6
2026-08-16 04:15:25.055491,94.149,8,1g.11gb,,,,580.173.02,GPU-d59cb1c4-ad97-d91a-6731-e7b5f38951a6
2026-08-16 04:15:25.055491,94.187,9,1g.11gb,yolo-inference-755b67b9bb-nz54p,default,yolo,580.173.02,GPU-d59cb1c4-ad97-d91a-6731-e7b5f38951a6
2026-08-16 04:15:30.056020,94.148,10,1g.11gb,yolo-inference-755b67b9bb-cf854,default,yolo,580.173.02,GPU-d59cb1c4-ad97-d91a-6731-e7b5f38951a6
2026-08-16 04:15:30.056020,94.187,11,1g.11gb,yolo-inference-755b67b9bb-cgztg,default,yolo,580.173.02,GPU-d59cb1c4-ad97-d91a-6731-e7b5f38951a6
2026-08-16 04:15:30.056020,94.149,12,1g.11gb,yolo-inference-755b67b9bb-g6r55,default,yolo,580.173.02,GPU-d59cb1c4-ad97-d91a-6731-e7b5f38951a6
2026-08-16 04:15:30.056020,94.207,13,1g.11gb,,,,580.173.02,GPU-d59cb1c4-ad97-d91a-6731-e7b5f38951a6
2026-08-16 04:15:30.056020,94.223,7,1g.11gb,yolo-inference-755b67b9bb-6qhhl,default,yolo,580.173.02,GPU-d59cb1c4-ad97-d91a-6731-e7b5f38951a6
2026-08-16 04:15:30.056020,94.149,8,1g.11gb,,,,580.173.02,GPU-d59cb1c4-ad97-d91a-6731-e7b5f38951a6
2026-08-16 04:15:30.056020,94.187,9,1g.11gb,yolo-inference-755b67b9bb-nz54p,default,yolo,580.173.02,GPU-d59cb1c4-ad97-d91a-6731-e7b5f38951a6
2026-08-16 04:15:35.055918,94.148,10,1g.11gb,yolo-inference-755b67b9bb-cf854,default,yolo,580.173.02,GPU-d59cb1c4-ad97-d91a-6731-e7b5f38951a6
2026-08-16 04:15:35.055918,94.187,11,1g.11gb,yolo-inference-755b67b9bb-cgztg,default,yolo,580.173.02,GPU-d59cb1c4-ad97-d91a-6731-e7b5f38951a6
2026-08-16 04:15:35.055918,94.149,12,1g.11gb,yolo-inference-755b67b9bb-g6r55,default,yolo,580.173.02,GPU-d59cb1c4-ad97-d91a-6731-e7b5f38951a6
2026-08-16 04:15:35.055918,94.207,13,1g.11gb,,,,580.173.02,GPU-d59cb1c4-ad97-d91a-6731-e7b5f38951a6
2026-08-16 04:15:35.055918,94.223,7,1g.11gb,yolo-inference-755b67b9bb-6qhhl,default,yolo,580.173.02,GPU-d59cb1c4-ad97-d91a-6731-e7b5f38951a6
2026-08-16 04:15:35.055918,94.149,8,1g.11gb,,,,580.173.02,GPU-d59cb1c4-ad97-d91a-6731-e7b5f38951a6
2026-08-16 04:15:35.055918,94.187,9,1g.11gb,yolo-inference-755b67b9bb-nz54p,default,yolo,580.173.02,GPU-d59cb1c4-ad97-d91a-6731-e7b5f38951a6
2026-08-16 04:15:40.056014,94.148,10,1g.11gb,yolo-inference-755b67b9bb-cf854,default,yolo,580.173.02,GPU-d59cb1c4-ad97-d91a-6731-e7b5f38951a6
2026-08-16 04:15:40.056014,94.187,11,1g.11gb,yolo-inference-755b67b9bb-cgztg,default,yolo,580.173.02,GPU-d59cb1c4-ad97-d91a-6731-e7b5f38951a6
2026-08-16 04:15:40.056014,94.149,12,1g.11gb,yolo-inference-755b67b9bb-g6r55,default,yolo,580.173.02,GPU-d59cb1c4-ad97-d91a-6731-e7b5f38951a6
2026-08-16 04:15:40.056014,94.207,13,1g.11gb,,,,580.173.02,GPU-d59cb1c4-ad97-d91a-6731-e7b5f38951a6
2026-08-16 04:15:40.056014,94.223,7,1g.11gb,yolo-inference-755b67b9bb-6qhhl,default,yolo,580.173.02,GPU-d59cb1c4-ad97-d91a-6731-e7b5f38951a6
2026-08-16 04:15:40.056014,94.149,8,1g.11gb,,,,580.173.02,GPU-d59cb1c4-ad97-d91a-6731-e7b5f38951a6
2026-08-16 04:15:40.056014,94.187,9,1g.11gb,yolo-inference-755b67b9bb-nz54p,default,yolo,580.173.02,GPU-d59cb1c4-ad97-d91a-6731-e7b5f38951a6
2026-08-16 04:15:45.052395,94.148,10,1g.11gb,yolo-inference-755b67b9bb-cf854,default,yolo,580.173.02,GPU-d59cb1c4-ad97-d91a-6731-e7b5f38951a6
2026-08-16 04:15:45.052395,94.187,11,1g.11gb,yolo-inference-755b67b9bb-cgztg,default,yolo,580.173.02,GPU-d59cb1c4-ad97-d91a-6731-e7b5f38951a6
2026-08-16 04:15:45.052395,94.149,12,1g.11gb,yolo-inference-755b67b9bb-g6r55,default,yolo,580.173.02,GPU-d59cb1c4-ad97-d91a-6731-e7b5f38951a6
2026-08-16 04:15:45.052395,94.207,13,1g.11gb,,,,580.173.02,GPU-d59cb1c4-ad97-d91a-6731-e7b5f38951a6
2026-08-16 04:15:45.052395,94.223,7,1g.11gb,yolo-inference-755b67b9bb-6qhhl,default,yolo,580.173.02,GPU-d59cb1c4-ad97-d91a-6731-e7b5f38951a6
2026-08-16 04:15:45.052395,94.149,8,1g.11gb,,,,580.173.02,GPU-d59cb1c4-ad97-d91a-6731-e7b5f38951a6
2026-08-16 04:15:45.052395,94.187,9,1g.11gb,yolo-inference-755b67b9bb-nz54p,default,yolo,580.173.02,GPU-d59cb1c4-ad97-d91a-6731-e7b5f38951a6
2026-08-16 04:15:50.052849,94.429,10,1g.11gb,yolo-inference-755b67b9bb-cf854,default,yolo,580.173.02,GPU-d59cb1c4-ad97-d91a-6731-e7b5f38951a6
2026-08-16 04:15:50.052849,94.187,11,1g.11gb,yolo-inference-755b67b9bb-cgztg,default,yolo,580.173.02,GPU-d59cb1c4-ad97-d91a-6731-e7b5f38951a6
2026-08-16 04:15:50.052849,94.149,12,1g.11gb,yolo-inference-755b67b9bb-g6r55,default,yolo,580.173.02,GPU-d59cb1c4-ad97-d91a-6731-e7b5f38951a6
2026-08-16 04:15:50.052849,94.207,13,1g.11gb,,,,580.173.02,GPU-d59cb1c4-ad97-d91a-6731-e7b5f38951a6
2026-08-16 04:15:50.052849,94.223,7,1g.11gb,yolo-inference-755b67b9bb-6qhhl,default,yolo,580.173.02,GPU-d59cb1c4-ad97-d91a-6731-e7b5f38951a6
2026-08-16 04:15:50.052849,94.149,8,1g.11gb,,,,580.173.02,GPU-d59cb1c4-ad97-d91a-6731-e7b5f38951a6
2026-08-16 04:15:50.052849,94.187,9,1g.11gb,yolo-inference-755b67b9bb-nz54p,default,yolo,580.173.02,GPU-d59cb1c4-ad97-d91a-6731-e7b5f38951a6
2026-08-16 04:15:55.055992,94.429,10,1g.11gb,yolo-inference-755b67b9bb-cf854,default,yolo,580.173.02,GPU-d59cb1c4-ad97-d91a-6731-e7b5f38951a6
2026-08-16 04:15:55.055992,94.138,11,1g.11gb,yolo-inference-755b67b9bb-cgztg,default,yolo,580.173.02,GPU-d59cb1c4-ad97-d91a-6731-e7b5f38951a6
2026-08-16 04:15:55.055992,94.147,12,1g.11gb,yolo-inference-755b67b9bb-g6r55,default,yolo,580.173.02,GPU-d59cb1c4-ad97-d91a-6731-e7b5f38951a6
2026-08-16 04:15:55.055992,94.082,13,1g.11gb,,,,580.173.02,GPU-d59cb1c4-ad97-d91a-6731-e7b5f38951a6
2026-08-16 04:15:55.055992,94.278,7,1g.11gb,yolo-inference-755b67b9bb-6qhhl,default,yolo,580.173.02,GPU-d59cb1c4-ad97-d91a-6731-e7b5f38951a6
2026-08-16 04:15:55.055992,94.147,8,1g.11gb,,,,580.173.02,GPU-d59cb1c4-ad97-d91a-6731-e7b5f38951a6
2026-08-16 04:15:55.055992,94.138,9,1g.11gb,yolo-inference-755b67b9bb-nz54p,default,yolo,580.173.02,GPU-d59cb1c4-ad97-d91a-6731-e7b5f38951a6
2026-08-16 04:16:00.055184,94.429,10,1g.11gb,yolo-inference-755b67b9bb-cf854,default,yolo,580.173.02,GPU-d59cb1c4-ad97-d91a-6731-e7b5f38951a6
2026-08-16 04:16:00.055184,94.138,11,1g.11gb,yolo-inference-755b67b9bb-cgztg,default,yolo,580.173.02,GPU-d59cb1c4-ad97-d91a-6731-e7b5f38951a6
2026-08-16 04:16:00.055184,94.147,12,1g.11gb,yolo-inference-755b67b9bb-g6r55,default,yolo,580.173.02,GPU-d59cb1c4-ad97-d91a-6731-e7b5f38951a6
2026-08-16 04:16:00.055184,94.082,13,1g.11gb,,,,580.173.02,GPU-d59cb1c4-ad97-d91a-6731-e7b5f38951a6
2026-08-16 04:16:00.055184,94.278,7,1g.11gb,yolo-inference-755b67b9bb-6qhhl,default,yolo,580.173.02,GPU-d59cb1c4-ad97-d91a-6731-e7b5f38951a6
2026-08-16 04:16:00.055184,94.147,8,1g.11gb,,,,580.173.02,GPU-d59cb1c4-ad97-d91a-6731-e7b5f38951a6
2026-08-16 04:16:00.055184,94.138,9,1g.11gb,yolo-inference-755b67b9bb-nz54p,default,yolo,580.173.02,GPU-d59cb1c4-ad97-d91a-6731-e7b5f38951a6
2026-08-16 04:16:05.055994,94.429,10,1g.11gb,yolo-inference-755b67b9bb-cf854,default,yolo,580.173.02,GPU-d59cb1c4-ad97-d91a-6731-e7b5f38951a6
2026-08-16 04:16:05.055994,94.138,11,1g.11gb,yolo-inference-755b67b9bb-cgztg,default,yolo,580.173.02,GPU-d59cb1c4-ad97-d91a-6731-e7b5f38951a6
2026-08-16 04:16:05.055994,94.147,12,1g.11gb,yolo-inference-755b67b9bb-g6r55,default,yolo,580.173.02,GPU-d59cb1c4-ad97-d91a-6731-e7b5f38951a6
2026-08-16 04:16:05.055994,94.082,13,1g.11gb,,,,580.173.02,GPU-d59cb1c4-ad97-d91a-6731-e7b5f38951a6
2026-08-16 04:16:05.055994,94.278,7,1g.11gb,yolo-inference-755b67b9bb-6qhhl,default,yolo,580.173.02,GPU-d59cb1c4-ad97-d91a-6731-e7b5f38951a6
2026-08-16 04:16:05.055994,94.147,8,1g.11gb,,,,580.173.02,GPU-d59cb1c4-ad97-d91a-6731-e7b5f38951a6
2026-08-16 04:16:05.055994,94.138,9,1g.11gb,yolo-inference-755b67b9bb-nz54p,default,yolo,580.173.02,GPU-d59cb1c4-ad97-d91a-6731-e7b5f38951a6
2026-08-16 04:16:10.055909,94.429,10,1g.11gb,yolo-inference-755b67b9bb-cf854,default,yolo,580.173.02,GPU-d59cb1c4-ad97-d91a-6731-e7b5f38951a6
2026-08-16 04:16:10.055909,94.138,11,1g.11gb,yolo-inference-755b67b9bb-cgztg,default,yolo,580.173.02,GPU-d59cb1c4-ad97-d91a-6731-e7b5f38951a6
2026-08-16 04:16:10.055909,94.147,12,1g.11gb,yolo-inference-755b67b9bb-g6r55,default,yolo,580.173.02,GPU-d59cb1c4-ad97-d91a-6731-e7b5f38951a6
2026-08-16 04:16:10.055909,94.082,13,1g.11gb,,,,580.173.02,GPU-d59cb1c4-ad97-d91a-6731-e7b5f38951a6
2026-08-16 04:16:10.055909,94.278,7,1g.11gb,yolo-inference-755b67b9bb-6qhhl,default,yolo,580.173.02,GPU-d59cb1c4-ad97-d91a-6731-e7b5f38951a6
2026-08-16 04:16:10.055909,94.147,8,1g.11gb,,,,580.173.02,GPU-d59cb1c4-ad97-d91a-6731-e7b5f38951a6
2026-08-16 04:16:10.055909,94.138,9,1g.11gb,yolo-inference-755b67b9bb-nz54p,default,yolo,580.173.02,GPU-d59cb1c4-ad97-d91a-6731-e7b5f38951a6
2026-08-16 04:16:15.055991,94.429,10,1g.11gb,yolo-inference-755b67b9bb-cf854,default,yolo,580.173.02,GPU-d59cb1c4-ad97-d91a-6731-e7b5f38951a6
2026-08-16 04:16:15.055991,94.138,11,1g.11gb,yolo-inference-755b67b9bb-cgztg,default,yolo,580.173.02,GPU-d59cb1c4-ad97-d91a-6731-e7b5f38951a6
2026-08-16 04:16:15.055991,94.147,12,1g.11gb,yolo-inference-755b67b9bb-g6r55,default,yolo,580.173.02,GPU-d59cb1c4-ad97-d91a-6731-e7b5f38951a6
2026-08-16 04:16:15.055991,94.082,13,1g.11gb,,,,580.173.02,GPU-d59cb1c4-ad97-d91a-6731-e7b5f38951a6
2026-08-16 04:16:15.055991,94.278,7,1g.11gb,yolo-inference-755b67b9bb-6qhhl,default,yolo,580.173.02,GPU-d59cb1c4-ad97-d91a-6731-e7b5f38951a6
2026-08-16 04:16:15.055991,94.147,8,1g.11gb,,,,580.173.02,GPU-d59cb1c4-ad97-d91a-6731-e7b5f38951a6
2026-08-16 04:16:15.055991,94.138,9,1g.11gb,yolo-inference-755b67b9bb-nz54p,default,yolo,580.173.02,GPU-d59cb1c4-ad97-d91a-6731-e7b5f38951a6
2026-08-16 04:16:20.055682,94.134,10,1g.11gb,yolo-inference-755b67b9bb-cf854,default,yolo,580.173.02,GPU-d59cb1c4-ad97-d91a-6731-e7b5f38951a6
2026-08-16 04:16:20.055682,94.138,11,1g.11gb,yolo-inference-755b67b9bb-cgztg,default,yolo,580.173.02,GPU-d59cb1c4-ad97-d91a-6731-e7b5f38951a6
2026-08-16 04:16:20.055682,94.147,12,1g.11gb,yolo-inference-755b67b9bb-g6r55,default,yolo,580.173.02,GPU-d59cb1c4-ad97-d91a-6731-e7b5f38951a6
2026-08-16 04:16:20.055682,94.082,13,1g.11gb,,,,580.173.02,GPU-d59cb1c4-ad97-d91a-6731-e7b5f38951a6
2026-08-16 04:16:20.055682,94.278,7,1g.11gb,yolo-inference-755b67b9bb-6qhhl,default,yolo,580.173.02,GPU-d59cb1c4-ad97-d91a-6731-e7b5f38951a6
2026-08-16 04:16:20.055682,94.147,8,1g.11gb,,,,580.173.02,GPU-d59cb1c4-ad97-d91a-6731-e7b5f38951a6
2026-08-16 04:16:20.055682,94.138,9,1g.11gb,yolo-inference-755b67b9bb-nz54p,default,yolo,580.173.02,GPU-d59cb1c4-ad97-d91a-6731-e7b5f38951a6
2026-08-16 04:16:25.056096,94.134,10,1g.11gb,yolo-inference-755b67b9bb-cf854,default,yolo,580.173.02,GPU-d59cb1c4-ad97-d91a-6731-e7b5f38951a6
2026-08-16 04:16:25.056096,94.275,11,1g.11gb,yolo-inference-755b67b9bb-cgztg,default,yolo,580.173.02,GPU-d59cb1c4-ad97-d91a-6731-e7b5f38951a6
2026-08-16 04:16:25.056096,94.297,12,1g.11gb,yolo-inference-755b67b9bb-g6r55,default,yolo,580.173.02,GPU-d59cb1c4-ad97-d91a-6731-e7b5f38951a6
2026-08-16 04:16:25.056096,94.266,13,1g.11gb,,,,580.173.02,GPU-d59cb1c4-ad97-d91a-6731-e7b5f38951a6
2026-08-16 04:16:25.056096,93.987,7,1g.11gb,yolo-inference-755b67b9bb-6qhhl,default,yolo,580.173.02,GPU-d59cb1c4-ad97-d91a-6731-e7b5f38951a6
2026-08-16 04:16:25.056096,94.297,8,1g.11gb,,,,580.173.02,GPU-d59cb1c4-ad97-d91a-6731-e7b5f38951a6
2026-08-16 04:16:25.056096,94.275,9,1g.11gb,yolo-inference-755b67b9bb-nz54p,default,yolo,580.173.02,GPU-d59cb1c4-ad97-d91a-6731-e7b5f38951a6
