timestamp,value,pod
2026-08-17 01:48:04.765,0.006037046381565115,yolo-inference-755b67b9bb-6sgp9
2026-08-17 01:48:04.765,0.006236124392762886,yolo-inference-755b67b9bb-9f28w
2026-08-17 01:48:04.765,0.006158253075646923,yolo-inference-755b67b9bb-mpvj4
2026-08-17 01:48:04.765,0.005776993334979019,yolo-inference-755b67b9bb-8jq9v
2026-08-17 01:48:04.765,0.00621042780748664,yolo-inference-755b67b9bb-c49xx
2026-08-17 01:48:09.765,0.006158253075646923,yolo-inference-755b67b9bb-mpvj4
2026-08-17 01:48:09.765,0.005776993334979019,yolo-inference-755b67b9bb-8jq9v
2026-08-17 01:48:09.765,0.006008843879031328,yolo-inference-755b67b9bb-9f28w
2026-08-17 01:48:09.765,0.006037046381565115,yolo-inference-755b67b9bb-6sgp9
2026-08-17 01:48:09.765,0.00621042780748664,yolo-inference-755b67b9bb-c49xx
2026-08-17 01:48:14.765,0.00588184713998163,yolo-inference-755b67b9bb-8jq9v
2026-08-17 01:48:14.765,0.006037046381565116,yolo-inference-755b67b9bb-6sgp9
2026-08-17 01:48:14.765,0.006158253075646923,yolo-inference-755b67b9bb-mpvj4
2026-08-17 01:48:14.765,0.006008843879031328,yolo-inference-755b67b9bb-9f28w
2026-08-17 01:48:14.765,0.006119677790563883,yolo-inference-755b67b9bb-c49xx
2026-08-17 01:48:19.765,0.0059468802698145,yolo-inference-755b67b9bb-9f28w
2026-08-17 01:48:19.765,0.004874936866274793,yolo-inference-755b67b9bb-8jq9v
2026-08-17 01:48:19.765,0.006274357685784252,yolo-inference-755b67b9bb-mpvj4
2026-08-17 01:48:19.765,0.00524530184599736,yolo-inference-755b67b9bb-6sgp9
2026-08-17 01:48:19.765,0.006119677790563883,yolo-inference-755b67b9bb-c49xx
2026-08-17 01:48:24.765,0.005003178490080818,yolo-inference-755b67b9bb-8jq9v
2026-08-17 01:48:24.765,0.006268989126057187,yolo-inference-755b67b9bb-mpvj4
2026-08-17 01:48:24.765,0.0064218857339134695,yolo-inference-755b67b9bb-c49xx
2026-08-17 01:48:24.765,0.006170056150615762,yolo-inference-755b67b9bb-6sgp9
2026-08-17 01:48:24.765,0.006296364790637339,yolo-inference-755b67b9bb-9f28w
2026-08-17 01:48:29.765,0.0062026513959683475,yolo-inference-755b67b9bb-9f28w
2026-08-17 01:48:29.765,0.0060140942565423934,yolo-inference-755b67b9bb-8jq9v
2026-08-17 01:48:29.765,0.006170056150615762,yolo-inference-755b67b9bb-6sgp9
2026-08-17 01:48:29.765,0.006268989126057187,yolo-inference-755b67b9bb-mpvj4
2026-08-17 01:48:29.765,0.00625385496873807,yolo-inference-755b67b9bb-c49xx
2026-08-17 01:48:34.765,0.0060140942565423934,yolo-inference-755b67b9bb-8jq9v
2026-08-17 01:48:34.765,0.0062026513959683475,yolo-inference-755b67b9bb-9f28w
2026-08-17 01:48:34.765,0.0058979925096291925,yolo-inference-755b67b9bb-6sgp9
2026-08-17 01:48:34.765,0.006248960287042338,yolo-inference-755b67b9bb-mpvj4
2026-08-17 01:48:34.765,0.00625385496873807,yolo-inference-755b67b9bb-c49xx
2026-08-17 01:48:39.765,0.00595652069987572,yolo-inference-755b67b9bb-8jq9v
2026-08-17 01:48:39.765,0.005893996321083321,yolo-inference-755b67b9bb-mpvj4
2026-08-17 01:48:39.765,0.0062026513959683475,yolo-inference-755b67b9bb-9f28w
2026-08-17 01:48:39.765,0.006042682449873536,yolo-inference-755b67b9bb-6sgp9
2026-08-17 01:48:39.765,0.006357197893925736,yolo-inference-755b67b9bb-c49xx
2026-08-17 01:48:44.765,0.006353216272977242,yolo-inference-755b67b9bb-c49xx
2026-08-17 01:48:44.765,0.006042682449873536,yolo-inference-755b67b9bb-6sgp9
2026-08-17 01:48:44.765,0.00497554792416952,yolo-inference-755b67b9bb-8jq9v
2026-08-17 01:48:44.765,0.005854055919917147,yolo-inference-755b67b9bb-9f28w
2026-08-17 01:48:44.765,0.004684590352030503,yolo-inference-755b67b9bb-mpvj4
2026-08-17 01:48:49.765,0.006039591523412976,yolo-inference-755b67b9bb-mpvj4
2026-08-17 01:48:49.765,0.006281397729995862,yolo-inference-755b67b9bb-8jq9v
2026-08-17 01:48:49.765,0.006353216272977242,yolo-inference-755b67b9bb-c49xx
2026-08-17 01:48:49.765,0.004913523307969529,yolo-inference-755b67b9bb-6sgp9
2026-08-17 01:48:49.765,0.005996705902100259,yolo-inference-755b67b9bb-9f28w
2026-08-17 01:48:54.765,0.005996705902100259,yolo-inference-755b67b9bb-9f28w
2026-08-17 01:48:54.765,0.006353216272977242,yolo-inference-755b67b9bb-c49xx
2026-08-17 01:48:54.765,0.006281397729995862,yolo-inference-755b67b9bb-8jq9v
2026-08-17 01:48:54.765,0.005997916308644111,yolo-inference-755b67b9bb-6sgp9
2026-08-17 01:48:54.765,0.006039591523412976,yolo-inference-755b67b9bb-mpvj4
2026-08-17 01:48:59.765,0.006039591523412976,yolo-inference-755b67b9bb-mpvj4
2026-08-17 01:48:59.765,0.00628173769933602,yolo-inference-755b67b9bb-8jq9v
2026-08-17 01:48:59.765,0.005996705902100259,yolo-inference-755b67b9bb-9f28w
2026-08-17 01:48:59.765,0.005888712033665466,yolo-inference-755b67b9bb-c49xx
2026-08-17 01:48:59.765,0.005997916308644111,yolo-inference-755b67b9bb-6sgp9
2026-08-17 01:49:04.765,0.005120510869835727,yolo-inference-755b67b9bb-9f28w
2026-08-17 01:49:04.765,0.0049280876736772315,yolo-inference-755b67b9bb-mpvj4
2026-08-17 01:49:04.765,0.0058429226509776775,yolo-inference-755b67b9bb-6sgp9
2026-08-17 01:49:04.765,0.005888712033665466,yolo-inference-755b67b9bb-c49xx
2026-08-17 01:49:04.765,0.006020949202817947,yolo-inference-755b67b9bb-8jq9v
2026-08-17 01:49:09.765,0.005888712033665466,yolo-inference-755b67b9bb-c49xx
2026-08-17 01:49:09.765,0.005966730833612314,yolo-inference-755b67b9bb-9f28w
2026-08-17 01:49:09.765,0.006020949202817947,yolo-inference-755b67b9bb-8jq9v
2026-08-17 01:49:09.765,0.0058429226509776775,yolo-inference-755b67b9bb-6sgp9
2026-08-17 01:49:09.765,0.005901724707256946,yolo-inference-755b67b9bb-mpvj4
2026-08-17 01:49:14.765,0.0061074430689286524,yolo-inference-755b67b9bb-c49xx
2026-08-17 01:49:14.765,0.005901724707256946,yolo-inference-755b67b9bb-mpvj4
2026-08-17 01:49:14.765,0.0058429226509776775,yolo-inference-755b67b9bb-6sgp9
2026-08-17 01:49:14.765,0.005950360270958276,yolo-inference-755b67b9bb-8jq9v
2026-08-17 01:49:14.765,0.005966730833612314,yolo-inference-755b67b9bb-9f28w
2026-08-17 01:49:19.765,0.006176368536819619,yolo-inference-755b67b9bb-6sgp9
2026-08-17 01:49:19.765,0.004661428078987672,yolo-inference-755b67b9bb-mpvj4
2026-08-17 01:49:19.765,0.006107443068928651,yolo-inference-755b67b9bb-c49xx
2026-08-17 01:49:19.765,0.005985858919335336,yolo-inference-755b67b9bb-9f28w
2026-08-17 01:49:19.765,0.005950360270958276,yolo-inference-755b67b9bb-8jq9v
2026-08-17 01:49:24.765,0.006107443068928651,yolo-inference-755b67b9bb-c49xx
2026-08-17 01:49:24.765,0.006170487137870479,yolo-inference-755b67b9bb-mpvj4
2026-08-17 01:49:24.765,0.0062146603748754635,yolo-inference-755b67b9bb-9f28w
2026-08-17 01:49:24.765,0.005950360270958276,yolo-inference-755b67b9bb-8jq9v
2026-08-17 01:49:24.765,0.006262427311948995,yolo-inference-755b67b9bb-6sgp9
2026-08-17 01:49:29.765,0.005924906379344307,yolo-inference-755b67b9bb-c49xx
2026-08-17 01:49:29.765,0.006170487137870479,yolo-inference-755b67b9bb-mpvj4
2026-08-17 01:49:29.765,0.006212956521739132,yolo-inference-755b67b9bb-9f28w
2026-08-17 01:49:29.765,0.005937322611163672,yolo-inference-755b67b9bb-8jq9v
2026-08-17 01:49:29.765,0.006262427311948995,yolo-inference-755b67b9bb-6sgp9
2026-08-17 01:49:34.765,0.006212956521739132,yolo-inference-755b67b9bb-9f28w
2026-08-17 01:49:34.765,0.006170487137870479,yolo-inference-755b67b9bb-mpvj4
2026-08-17 01:49:34.765,0.005924906379344307,yolo-inference-755b67b9bb-c49xx
2026-08-17 01:49:34.765,0.005937322611163672,yolo-inference-755b67b9bb-8jq9v
2026-08-17 01:49:34.765,0.0052453510970021456,yolo-inference-755b67b9bb-6sgp9
2026-08-17 01:49:39.765,0.006181971259197766,yolo-inference-755b67b9bb-6sgp9
2026-08-17 01:49:39.765,0.004832107299695228,yolo-inference-755b67b9bb-mpvj4
2026-08-17 01:49:39.765,0.005924906379344307,yolo-inference-755b67b9bb-c49xx
2026-08-17 01:49:39.765,0.005937322611163672,yolo-inference-755b67b9bb-8jq9v
2026-08-17 01:49:39.765,0.005866266229075066,yolo-inference-755b67b9bb-9f28w
2026-08-17 01:49:44.765,0.006181971259197766,yolo-inference-755b67b9bb-6sgp9
2026-08-17 01:49:44.765,0.005928589928589917,yolo-inference-755b67b9bb-mpvj4
2026-08-17 01:49:44.765,0.00573744567566953,yolo-inference-755b67b9bb-c49xx
2026-08-17 01:49:44.765,0.005866266229075066,yolo-inference-755b67b9bb-9f28w
2026-08-17 01:49:44.765,0.005965609010679581,yolo-inference-755b67b9bb-8jq9v
2026-08-17 01:49:49.765,0.005926929639666772,yolo-inference-755b67b9bb-mpvj4
2026-08-17 01:49:49.765,0.006171859194820964,yolo-inference-755b67b9bb-8jq9v
2026-08-17 01:49:49.765,0.00622415853191154,yolo-inference-755b67b9bb-9f28w
2026-08-17 01:49:49.765,0.00573744567566953,yolo-inference-755b67b9bb-c49xx
2026-08-17 01:49:49.765,0.006181971259197766,yolo-inference-755b67b9bb-6sgp9
2026-08-17 01:49:54.765,0.006171859194820964,yolo-inference-755b67b9bb-8jq9v
2026-08-17 01:49:54.765,0.006048594678824971,yolo-inference-755b67b9bb-mpvj4
2026-08-17 01:49:54.765,0.006362016856802291,yolo-inference-755b67b9bb-6sgp9
2026-08-17 01:49:54.765,0.006016115552325588,yolo-inference-755b67b9bb-c49xx
2026-08-17 01:49:54.765,0.00622415853191154,yolo-inference-755b67b9bb-9f28w
2026-08-17 01:49:59.765,0.005825644588927193,yolo-inference-755b67b9bb-c49xx
2026-08-17 01:49:59.765,0.006088504220068784,yolo-inference-755b67b9bb-8jq9v
2026-08-17 01:49:59.765,0.00622415853191154,yolo-inference-755b67b9bb-9f28w
2026-08-17 01:49:59.765,0.00636201685680229,yolo-inference-755b67b9bb-6sgp9
2026-08-17 01:49:59.765,0.006048594678824971,yolo-inference-755b67b9bb-mpvj4
2026-08-17 01:50:04.765,0.005162147873624478,yolo-inference-755b67b9bb-6sgp9
2026-08-17 01:50:04.765,0.00617358078602619,yolo-inference-755b67b9bb-mpvj4
2026-08-17 01:50:04.765,0.00622415853191154,yolo-inference-755b67b9bb-9f28w
2026-08-17 01:50:04.765,0.006098141610277539,yolo-inference-755b67b9bb-8jq9v
2026-08-17 01:50:04.765,0.005825644588927193,yolo-inference-755b67b9bb-c49xx
2026-08-17 01:50:09.765,0.006001838410848977,yolo-inference-755b67b9bb-6sgp9
2026-08-17 01:50:09.765,0.005972887635246058,yolo-inference-755b67b9bb-mpvj4
2026-08-17 01:50:09.765,0.00582442963509671,yolo-inference-755b67b9bb-9f28w
2026-08-17 01:50:09.765,0.006098141610277539,yolo-inference-755b67b9bb-8jq9v
2026-08-17 01:50:09.765,0.004865885825247517,yolo-inference-755b67b9bb-c49xx
2026-08-17 01:50:14.765,0.005972887635246058,yolo-inference-755b67b9bb-mpvj4
2026-08-17 01:50:14.765,0.0058037032723885,yolo-inference-755b67b9bb-8jq9v
2026-08-17 01:50:14.765,0.00582442963509671,yolo-inference-755b67b9bb-9f28w
2026-08-17 01:50:14.765,0.006001838410848977,yolo-inference-755b67b9bb-6sgp9
2026-08-17 01:50:14.765,0.005666614151962568,yolo-inference-755b67b9bb-c49xx
2026-08-17 01:50:19.765,0.00582442963509671,yolo-inference-755b67b9bb-9f28w
2026-08-17 01:50:19.765,0.005972887635246058,yolo-inference-755b67b9bb-mpvj4
2026-08-17 01:50:19.765,0.0058037032723885,yolo-inference-755b67b9bb-8jq9v
2026-08-17 01:50:19.765,0.004925475378956666,yolo-inference-755b67b9bb-6sgp9
2026-08-17 01:50:19.765,0.005666614151962568,yolo-inference-755b67b9bb-c49xx
2026-08-17 01:50:24.765,0.0058037032723885,yolo-inference-755b67b9bb-8jq9v
2026-08-17 01:50:24.765,0.005666614151962568,yolo-inference-755b67b9bb-c49xx
2026-08-17 01:50:24.765,0.006281342463437303,yolo-inference-755b67b9bb-6sgp9
2026-08-17 01:50:24.765,0.006436147610305495,yolo-inference-755b67b9bb-9f28w
2026-08-17 01:50:24.765,0.006084400800312778,yolo-inference-755b67b9bb-mpvj4
2026-08-17 01:50:29.765,0.006281342463437303,yolo-inference-755b67b9bb-6sgp9
2026-08-17 01:50:29.765,0.005868286052527728,yolo-inference-755b67b9bb-8jq9v
2026-08-17 01:50:29.765,0.006390751693730517,yolo-inference-755b67b9bb-c49xx
2026-08-17 01:50:29.765,0.006436147610305495,yolo-inference-755b67b9bb-9f28w
2026-08-17 01:50:29.765,0.006084400800312778,yolo-inference-755b67b9bb-mpvj4
2026-08-17 01:50:34.765,0.004971562907590546,yolo-inference-755b67b9bb-6sgp9
2026-08-17 01:50:34.765,0.006436147610305495,yolo-inference-755b67b9bb-9f28w
2026-08-17 01:50:34.765,0.005868286052527728,yolo-inference-755b67b9bb-8jq9v
2026-08-17 01:50:34.765,0.006390751693730517,yolo-inference-755b67b9bb-c49xx
2026-08-17 01:50:34.765,0.006084400800312778,yolo-inference-755b67b9bb-mpvj4
2026-08-17 01:50:39.765,0.005925650878632179,yolo-inference-755b67b9bb-9f28w
2026-08-17 01:50:39.765,0.006390751693730517,yolo-inference-755b67b9bb-c49xx
2026-08-17 01:50:39.765,0.006043881887322422,yolo-inference-755b67b9bb-mpvj4
2026-08-17 01:50:39.765,0.005918155429164823,yolo-inference-755b67b9bb-6sgp9
2026-08-17 01:50:39.765,0.005868286052527728,yolo-inference-755b67b9bb-8jq9v
2026-08-17 01:50:44.765,0.0059289929742388885,yolo-inference-755b67b9bb-mpvj4
2026-08-17 01:50:44.765,0.005925650878632179,yolo-inference-755b67b9bb-9f28w
2026-08-17 01:50:44.765,0.005918155429164823,yolo-inference-755b67b9bb-6sgp9
2026-08-17 01:50:44.765,0.006073975969994293,yolo-inference-755b67b9bb-c49xx
2026-08-17 01:50:44.765,0.005889856949431899,yolo-inference-755b67b9bb-8jq9v
2026-08-17 01:50:49.765,0.0059289929742388885,yolo-inference-755b67b9bb-mpvj4
2026-08-17 01:50:49.765,0.005991309071157007,yolo-inference-755b67b9bb-6sgp9
2026-08-17 01:50:49.765,0.006084269879890319,yolo-inference-755b67b9bb-8jq9v
2026-08-17 01:50:49.765,0.006073975969994293,yolo-inference-755b67b9bb-c49xx
2026-08-17 01:50:49.765,0.004931170873546037,yolo-inference-755b67b9bb-9f28w
2026-08-17 01:50:54.765,0.005210508249279537,yolo-inference-755b67b9bb-c49xx
2026-08-17 01:50:54.765,0.006084269879890319,yolo-inference-755b67b9bb-8jq9v
2026-08-17 01:50:54.765,0.00621407125252076,yolo-inference-755b67b9bb-6sgp9
2026-08-17 01:50:54.765,0.006282964549131568,yolo-inference-755b67b9bb-mpvj4
2026-08-17 01:50:54.765,0.004888196821545607,yolo-inference-755b67b9bb-9f28w
2026-08-17 01:50:59.765,0.00621407125252076,yolo-inference-755b67b9bb-6sgp9
2026-08-17 01:50:59.765,0.006315129682997116,yolo-inference-755b67b9bb-c49xx
2026-08-17 01:50:59.765,0.006207952286282309,yolo-inference-755b67b9bb-8jq9v
2026-08-17 01:50:59.765,0.006282964549131568,yolo-inference-755b67b9bb-mpvj4
2026-08-17 01:50:59.765,0.006314535669103908,yolo-inference-755b67b9bb-9f28w
2026-08-17 01:51:04.765,0.006282964549131568,yolo-inference-755b67b9bb-mpvj4
2026-08-17 01:51:04.765,0.004726076750183999,yolo-inference-755b67b9bb-6sgp9
2026-08-17 01:51:04.765,0.006315129682997116,yolo-inference-755b67b9bb-c49xx
2026-08-17 01:51:04.765,0.006207952286282309,yolo-inference-755b67b9bb-8jq9v
2026-08-17 01:51:04.765,0.006314535669103908,yolo-inference-755b67b9bb-9f28w
2026-08-17 01:51:09.765,0.006207952286282309,yolo-inference-755b67b9bb-8jq9v
2026-08-17 01:51:09.765,0.005648244691562448,yolo-inference-755b67b9bb-9f28w
2026-08-17 01:51:09.765,0.004885007790368253,yolo-inference-755b67b9bb-mpvj4
2026-08-17 01:51:09.765,0.0061474649246529385,yolo-inference-755b67b9bb-c49xx
2026-08-17 01:51:09.765,0.005739554535496302,yolo-inference-755b67b9bb-6sgp9
2026-08-17 01:51:14.765,0.006119911919244768,yolo-inference-755b67b9bb-mpvj4
2026-08-17 01:51:14.765,0.005648244691562448,yolo-inference-755b67b9bb-9f28w
2026-08-17 01:51:14.765,0.0059119249830348,yolo-inference-755b67b9bb-6sgp9
2026-08-17 01:51:14.765,0.005268357082075227,yolo-inference-755b67b9bb-8jq9v
2026-08-17 01:51:14.765,0.005041199236325822,yolo-inference-755b67b9bb-c49xx
2026-08-17 01:51:19.765,0.0059119249830348,yolo-inference-755b67b9bb-6sgp9
2026-08-17 01:51:19.765,0.005648244691562448,yolo-inference-755b67b9bb-9f28w
2026-08-17 01:51:19.765,0.007684402534508147,yolo-inference-755b67b9bb-8jq9v
2026-08-17 01:51:19.765,0.005766899456231995,yolo-inference-755b67b9bb-c49xx
2026-08-17 01:51:19.765,0.006119911919244768,yolo-inference-755b67b9bb-mpvj4
2026-08-17 01:51:24.765,0.007684402534508147,yolo-inference-755b67b9bb-8jq9v
2026-08-17 01:51:24.765,0.010879781093334925,yolo-inference-755b67b9bb-6sgp9
2026-08-17 01:51:24.765,0.005910765255535866,yolo-inference-755b67b9bb-9f28w
2026-08-17 01:51:24.765,0.009211172902900758,yolo-inference-755b67b9bb-c49xx
2026-08-17 01:51:24.765,0.009933892808624379,yolo-inference-755b67b9bb-mpvj4
2026-08-17 01:51:29.765,0.010879781093334925,yolo-inference-755b67b9bb-6sgp9
2026-08-17 01:51:29.765,0.011508772645666722,yolo-inference-755b67b9bb-9f28w
2026-08-17 01:51:29.765,0.010218232044198866,yolo-inference-755b67b9bb-c49xx
2026-08-17 01:51:29.765,0.007058455769043269,yolo-inference-755b67b9bb-8jq9v
2026-08-17 01:51:29.765,0.009933892808624382,yolo-inference-755b67b9bb-mpvj4
2026-08-17 01:51:34.765,0.015554979985872385,yolo-inference-755b67b9bb-8jq9v
2026-08-17 01:51:34.765,0.011508772645666722,yolo-inference-755b67b9bb-9f28w
2026-08-17 01:51:34.765,0.01248556839559256,yolo-inference-755b67b9bb-6sgp9
2026-08-17 01:51:34.765,0.010218232044198866,yolo-inference-755b67b9bb-c49xx
2026-08-17 01:51:34.765,0.009933892808624382,yolo-inference-755b67b9bb-mpvj4
2026-08-17 01:51:39.765,0.014557914289505139,yolo-inference-755b67b9bb-9f28w
2026-08-17 01:51:39.765,0.015344581706686629,yolo-inference-755b67b9bb-c49xx
2026-08-17 01:51:39.765,0.017017848181361955,yolo-inference-755b67b9bb-mpvj4
2026-08-17 01:51:39.765,0.015554979985872385,yolo-inference-755b67b9bb-8jq9v
2026-08-17 01:51:39.765,0.010467206900176159,yolo-inference-755b67b9bb-6sgp9
2026-08-17 01:51:44.765,0.015554979985872385,yolo-inference-755b67b9bb-8jq9v
2026-08-17 01:51:44.765,0.0192415724444631,yolo-inference-755b67b9bb-9f28w
2026-08-17 01:51:44.765,0.017017848181361955,yolo-inference-755b67b9bb-mpvj4
2026-08-17 01:51:44.765,0.017326330051485837,yolo-inference-755b67b9bb-6sgp9
2026-08-17 01:51:44.765,0.01833269970900216,yolo-inference-755b67b9bb-c49xx
2026-08-17 01:51:49.765,0.02116785552401173,yolo-inference-755b67b9bb-6sgp9
2026-08-17 01:51:49.765,0.018332699709002163,yolo-inference-755b67b9bb-c49xx
2026-08-17 01:51:49.765,0.0192415724444631,yolo-inference-755b67b9bb-9f28w
2026-08-17 01:51:49.765,0.01864987989260988,yolo-inference-755b67b9bb-8jq9v
2026-08-17 01:51:49.765,0.017017848181361955,yolo-inference-755b67b9bb-mpvj4
2026-08-17 01:51:54.765,0.026126406523005227,yolo-inference-755b67b9bb-mpvj4
2026-08-17 01:51:54.765,0.02275712020782795,yolo-inference-755b67b9bb-6sgp9
2026-08-17 01:51:54.765,0.020989526364668276,yolo-inference-755b67b9bb-9f28w
2026-08-17 01:51:54.765,0.025085197769087752,yolo-inference-755b67b9bb-c49xx
2026-08-17 01:51:54.765,0.021846250181501364,yolo-inference-755b67b9bb-8jq9v
2026-08-17 01:51:59.765,0.02275712020782795,yolo-inference-755b67b9bb-6sgp9
2026-08-17 01:51:59.765,0.025085197769087752,yolo-inference-755b67b9bb-c49xx
2026-08-17 01:51:59.765,0.026126406523005227,yolo-inference-755b67b9bb-mpvj4
2026-08-17 01:51:59.765,0.027435544731982744,yolo-inference-755b67b9bb-8jq9v
2026-08-17 01:51:59.765,0.026273147195353418,yolo-inference-755b67b9bb-9f28w
2026-08-17 01:52:04.765,0.025468770254136127,yolo-inference-755b67b9bb-c49xx
2026-08-17 01:52:04.765,0.026126406523005227,yolo-inference-755b67b9bb-mpvj4
2026-08-17 01:52:04.765,0.02681739578350935,yolo-inference-755b67b9bb-6sgp9
2026-08-17 01:52:04.765,0.02627314719535342,yolo-inference-755b67b9bb-9f28w
2026-08-17 01:52:04.765,0.027435544731982744,yolo-inference-755b67b9bb-8jq9v
2026-08-17 01:52:09.765,0.02651842269906491,yolo-inference-755b67b9bb-mpvj4
2026-08-17 01:52:09.765,0.027711084667370194,yolo-inference-755b67b9bb-c49xx
2026-08-17 01:52:09.765,0.02334929392129201,yolo-inference-755b67b9bb-9f28w
2026-08-17 01:52:09.765,0.02681739578350935,yolo-inference-755b67b9bb-6sgp9
2026-08-17 01:52:09.765,0.027292025138812626,yolo-inference-755b67b9bb-8jq9v
2026-08-17 01:52:14.765,0.027704915225209813,yolo-inference-755b67b9bb-6sgp9
2026-08-17 01:52:14.765,0.027670650951647148,yolo-inference-755b67b9bb-mpvj4
2026-08-17 01:52:14.765,0.027292025138812626,yolo-inference-755b67b9bb-8jq9v
2026-08-17 01:52:14.765,0.027397663272743344,yolo-inference-755b67b9bb-9f28w
2026-08-17 01:52:14.765,0.027711084667370194,yolo-inference-755b67b9bb-c49xx
2026-08-17 01:52:19.765,0.027771214622915725,yolo-inference-755b67b9bb-8jq9v
2026-08-17 01:52:19.765,0.027397663272743344,yolo-inference-755b67b9bb-9f28w
2026-08-17 01:52:19.765,0.023911265791802264,yolo-inference-755b67b9bb-6sgp9
2026-08-17 01:52:19.765,0.027670650951647148,yolo-inference-755b67b9bb-mpvj4
2026-08-17 01:52:19.765,0.027711084667370194,yolo-inference-755b67b9bb-c49xx
2026-08-17 01:52:24.765,0.02752852974186306,yolo-inference-755b67b9bb-c49xx
2026-08-17 01:52:24.765,0.02747825889512049,yolo-inference-755b67b9bb-mpvj4
2026-08-17 01:52:24.765,0.027397663272743344,yolo-inference-755b67b9bb-9f28w
2026-08-17 01:52:24.765,0.022912158418393672,yolo-inference-755b67b9bb-6sgp9
2026-08-17 01:52:24.765,0.027771214622915725,yolo-inference-755b67b9bb-8jq9v
2026-08-17 01:52:29.765,0.02752852974186306,yolo-inference-755b67b9bb-c49xx
2026-08-17 01:52:29.765,0.02747825889512049,yolo-inference-755b67b9bb-mpvj4
2026-08-17 01:52:29.765,0.02794396297258367,yolo-inference-755b67b9bb-9f28w
2026-08-17 01:52:29.765,0.027929167955459352,yolo-inference-755b67b9bb-6sgp9
2026-08-17 01:52:29.765,0.027694286754002886,yolo-inference-755b67b9bb-8jq9v
2026-08-17 01:52:34.765,0.027573391618710367,yolo-inference-755b67b9bb-mpvj4
2026-08-17 01:52:34.765,0.02794396297258367,yolo-inference-755b67b9bb-9f28w
2026-08-17 01:52:34.765,0.021914488041504723,yolo-inference-755b67b9bb-8jq9v
2026-08-17 01:52:34.765,0.027654319703117946,yolo-inference-755b67b9bb-c49xx
2026-08-17 01:52:34.765,0.027929167955459352,yolo-inference-755b67b9bb-6sgp9
2026-08-17 01:52:39.765,0.02774349866568511,yolo-inference-755b67b9bb-6sgp9
2026-08-17 01:52:39.765,0.027943962972583676,yolo-inference-755b67b9bb-9f28w
2026-08-17 01:52:39.765,0.024227468551590112,yolo-inference-755b67b9bb-8jq9v
2026-08-17 01:52:39.765,0.0274924703542935,yolo-inference-755b67b9bb-c49xx
2026-08-17 01:52:39.765,0.027723626829333572,yolo-inference-755b67b9bb-mpvj4
2026-08-17 01:52:44.765,0.023824991806458543,yolo-inference-755b67b9bb-mpvj4
2026-08-17 01:52:44.765,0.027593334536485586,yolo-inference-755b67b9bb-9f28w
2026-08-17 01:52:44.765,0.0274924703542935,yolo-inference-755b67b9bb-c49xx
2026-08-17 01:52:44.765,0.02741117514407414,yolo-inference-755b67b9bb-6sgp9
2026-08-17 01:52:44.765,0.0229567170593492,yolo-inference-755b67b9bb-8jq9v
2026-08-17 01:52:49.765,0.021514689570680746,yolo-inference-755b67b9bb-mpvj4
2026-08-17 01:52:49.765,0.02741117514407414,yolo-inference-755b67b9bb-6sgp9
2026-08-17 01:52:49.765,0.028007754175325184,yolo-inference-755b67b9bb-8jq9v
2026-08-17 01:52:49.765,0.02775999064361159,yolo-inference-755b67b9bb-c49xx
2026-08-17 01:52:49.765,0.027593334536485586,yolo-inference-755b67b9bb-9f28w
2026-08-17 01:52:54.765,0.028351488599024182,yolo-inference-755b67b9bb-8jq9v
2026-08-17 01:52:54.765,0.02796943580833942,yolo-inference-755b67b9bb-c49xx
2026-08-17 01:52:54.765,0.02810729925351122,yolo-inference-755b67b9bb-9f28w
2026-08-17 01:52:54.765,0.027971426273350596,yolo-inference-755b67b9bb-6sgp9
2026-08-17 01:52:54.765,0.028136396933144507,yolo-inference-755b67b9bb-mpvj4
2026-08-17 01:52:59.765,0.02810729925351122,yolo-inference-755b67b9bb-9f28w
2026-08-17 01:52:59.765,0.027971426273350596,yolo-inference-755b67b9bb-6sgp9
2026-08-17 01:52:59.765,0.02796943580833942,yolo-inference-755b67b9bb-c49xx
2026-08-17 01:52:59.765,0.028206519180983745,yolo-inference-755b67b9bb-8jq9v
2026-08-17 01:52:59.765,0.028136396933144507,yolo-inference-755b67b9bb-mpvj4
2026-08-17 01:53:04.765,0.028136396933144507,yolo-inference-755b67b9bb-mpvj4
2026-08-17 01:53:04.765,0.019435700000000014,yolo-inference-755b67b9bb-c49xx
2026-08-17 01:53:04.765,0.028206519180983745,yolo-inference-755b67b9bb-8jq9v
2026-08-17 01:53:04.765,0.028083622968838165,yolo-inference-755b67b9bb-6sgp9
2026-08-17 01:53:04.765,0.02810729925351122,yolo-inference-755b67b9bb-9f28w
2026-08-17 01:53:09.765,0.02810729925351122,yolo-inference-755b67b9bb-9f28w
2026-08-17 01:53:09.765,0.027889889534625793,yolo-inference-755b67b9bb-mpvj4
2026-08-17 01:53:09.765,0.027839580369088325,yolo-inference-755b67b9bb-c49xx
2026-08-17 01:53:09.765,0.027757590039668524,yolo-inference-755b67b9bb-8jq9v
2026-08-17 01:53:09.765,0.028083622968838165,yolo-inference-755b67b9bb-6sgp9
2026-08-17 01:53:14.765,0.027839580369088325,yolo-inference-755b67b9bb-c49xx
2026-08-17 01:53:14.765,0.027654846430798297,yolo-inference-755b67b9bb-6sgp9
2026-08-17 01:53:14.765,0.027757590039668524,yolo-inference-755b67b9bb-8jq9v
2026-08-17 01:53:14.765,0.027160384038653784,yolo-inference-755b67b9bb-9f28w
2026-08-17 01:53:14.765,0.027889889534625793,yolo-inference-755b67b9bb-mpvj4
2026-08-17 01:53:19.765,0.027160384038653784,yolo-inference-755b67b9bb-9f28w
2026-08-17 01:53:19.765,0.02786192028334576,yolo-inference-755b67b9bb-8jq9v
2026-08-17 01:53:19.765,0.027654846430798297,yolo-inference-755b67b9bb-6sgp9
2026-08-17 01:53:19.765,0.027839580369088325,yolo-inference-755b67b9bb-c49xx
2026-08-17 01:53:19.765,0.027109064928105726,yolo-inference-755b67b9bb-mpvj4
2026-08-17 01:53:24.765,0.026085445392864955,yolo-inference-755b67b9bb-6sgp9
2026-08-17 01:53:24.765,0.02669740242836692,yolo-inference-755b67b9bb-8jq9v
2026-08-17 01:53:24.765,0.026914472822527815,yolo-inference-755b67b9bb-mpvj4
2026-08-17 01:53:24.765,0.027160384038653784,yolo-inference-755b67b9bb-9f28w
2026-08-17 01:53:24.765,0.027746151355488177,yolo-inference-755b67b9bb-c49xx
2026-08-17 01:53:29.765,0.026914472822527815,yolo-inference-755b67b9bb-mpvj4
2026-08-17 01:53:29.765,0.026749623132794293,yolo-inference-755b67b9bb-c49xx
2026-08-17 01:53:29.765,0.026085445392864955,yolo-inference-755b67b9bb-6sgp9
2026-08-17 01:53:29.765,0.022696832285108326,yolo-inference-755b67b9bb-9f28w
2026-08-17 01:53:29.765,0.021858112748034626,yolo-inference-755b67b9bb-8jq9v
2026-08-17 01:53:34.765,0.02093537707805285,yolo-inference-755b67b9bb-mpvj4
2026-08-17 01:53:34.765,0.02605498244372464,yolo-inference-755b67b9bb-c49xx
2026-08-17 01:53:34.765,0.025866398618382015,yolo-inference-755b67b9bb-8jq9v
2026-08-17 01:53:34.765,0.0254272736856902,yolo-inference-755b67b9bb-6sgp9
2026-08-17 01:53:34.765,0.025105098215931643,yolo-inference-755b67b9bb-9f28w
2026-08-17 01:53:39.765,0.024804532797029717,yolo-inference-755b67b9bb-8jq9v
2026-08-17 01:53:39.765,0.02436179601605545,yolo-inference-755b67b9bb-mpvj4
2026-08-17 01:53:39.765,0.025105098215931643,yolo-inference-755b67b9bb-9f28w
2026-08-17 01:53:39.765,0.02605498244372464,yolo-inference-755b67b9bb-c49xx
2026-08-17 01:53:39.765,0.02058743292384244,yolo-inference-755b67b9bb-6sgp9
2026-08-17 01:53:44.765,0.024211687824736157,yolo-inference-755b67b9bb-9f28w
2026-08-17 01:53:44.765,0.024616464242468706,yolo-inference-755b67b9bb-c49xx
2026-08-17 01:53:44.765,0.02386410745591422,yolo-inference-755b67b9bb-6sgp9
2026-08-17 01:53:44.765,0.024804532797029717,yolo-inference-755b67b9bb-8jq9v
2026-08-17 01:53:44.765,0.021081141824215582,yolo-inference-755b67b9bb-mpvj4
2026-08-17 01:53:49.765,0.02446099827752645,yolo-inference-755b67b9bb-8jq9v
2026-08-17 01:53:49.765,0.024563567661182378,yolo-inference-755b67b9bb-9f28w
2026-08-17 01:53:49.765,0.023176526252401568,yolo-inference-755b67b9bb-c49xx
2026-08-17 01:53:49.765,0.024469429150970723,yolo-inference-755b67b9bb-mpvj4
2026-08-17 01:53:49.765,0.024370600605032117,yolo-inference-755b67b9bb-6sgp9
2026-08-17 01:53:54.765,0.02347605985037402,yolo-inference-755b67b9bb-mpvj4
2026-08-17 01:53:54.765,0.02446099827752645,yolo-inference-755b67b9bb-8jq9v
2026-08-17 01:53:54.765,0.019659618502912354,yolo-inference-755b67b9bb-9f28w
2026-08-17 01:53:54.765,0.01970729725177772,yolo-inference-755b67b9bb-6sgp9
2026-08-17 01:53:54.765,0.023176526252401568,yolo-inference-755b67b9bb-c49xx
2026-08-17 01:53:59.765,0.024469818107080495,yolo-inference-755b67b9bb-6sgp9
2026-08-17 01:53:59.765,0.024736712074163034,yolo-inference-755b67b9bb-9f28w
2026-08-17 01:53:59.765,0.02434171361644553,yolo-inference-755b67b9bb-c49xx
2026-08-17 01:53:59.765,0.02437804278802538,yolo-inference-755b67b9bb-mpvj4
2026-08-17 01:53:59.765,0.023745477817760274,yolo-inference-755b67b9bb-8jq9v
2026-08-17 01:54:04.765,0.024469818107080495,yolo-inference-755b67b9bb-6sgp9
2026-08-17 01:54:04.765,0.02437804278802538,yolo-inference-755b67b9bb-mpvj4
2026-08-17 01:54:04.765,0.024549279046894423,yolo-inference-755b67b9bb-8jq9v
2026-08-17 01:54:04.765,0.02434171361644553,yolo-inference-755b67b9bb-c49xx
2026-08-17 01:54:04.765,0.024736712074163034,yolo-inference-755b67b9bb-9f28w
2026-08-17 01:54:09.765,0.024115440382538923,yolo-inference-755b67b9bb-c49xx
2026-08-17 01:54:09.765,0.024469818107080495,yolo-inference-755b67b9bb-6sgp9
2026-08-17 01:54:09.765,0.024895902121886897,yolo-inference-755b67b9bb-8jq9v
2026-08-17 01:54:09.765,0.02450717703349282,yolo-inference-755b67b9bb-mpvj4
2026-08-17 01:54:09.765,0.024736712074163034,yolo-inference-755b67b9bb-9f28w
2026-08-17 01:54:14.765,0.02581623709734367,yolo-inference-755b67b9bb-6sgp9
2026-08-17 01:54:14.765,0.02048534505582137,yolo-inference-755b67b9bb-mpvj4
2026-08-17 01:54:14.765,0.02189871444677394,yolo-inference-755b67b9bb-9f28w
2026-08-17 01:54:14.765,0.024895902121886897,yolo-inference-755b67b9bb-8jq9v
2026-08-17 01:54:14.765,0.025009099814955905,yolo-inference-755b67b9bb-c49xx
2026-08-17 01:54:19.765,0.02581623709734367,yolo-inference-755b67b9bb-6sgp9
2026-08-17 01:54:19.765,0.025009099814955905,yolo-inference-755b67b9bb-c49xx
2026-08-17 01:54:19.765,0.026420105307219485,yolo-inference-755b67b9bb-mpvj4
2026-08-17 01:54:19.765,0.025468621104226388,yolo-inference-755b67b9bb-8jq9v
2026-08-17 01:54:19.765,0.026425825355528062,yolo-inference-755b67b9bb-9f28w
2026-08-17 01:54:24.765,0.026420105307219485,yolo-inference-755b67b9bb-mpvj4
2026-08-17 01:54:24.765,0.026425825355528062,yolo-inference-755b67b9bb-9f28w
2026-08-17 01:54:24.765,0.02671401385400014,yolo-inference-755b67b9bb-8jq9v
2026-08-17 01:54:24.765,0.022991709585804418,yolo-inference-755b67b9bb-6sgp9
2026-08-17 01:54:24.765,0.025009099814955905,yolo-inference-755b67b9bb-c49xx
2026-08-17 01:54:29.765,0.02671401385400014,yolo-inference-755b67b9bb-8jq9v
2026-08-17 01:54:29.765,0.026907733729138263,yolo-inference-755b67b9bb-9f28w
2026-08-17 01:54:29.765,0.027476737284266264,yolo-inference-755b67b9bb-c49xx
2026-08-17 01:54:29.765,0.02719733672001943,yolo-inference-755b67b9bb-6sgp9
2026-08-17 01:54:29.765,0.026814447818443346,yolo-inference-755b67b9bb-mpvj4
2026-08-17 01:54:34.765,0.027322576292531528,yolo-inference-755b67b9bb-9f28w
2026-08-17 01:54:34.765,0.0278257299509431,yolo-inference-755b67b9bb-6sgp9
2026-08-17 01:54:34.765,0.027569258396427897,yolo-inference-755b67b9bb-mpvj4
2026-08-17 01:54:34.765,0.027010864933958215,yolo-inference-755b67b9bb-8jq9v
2026-08-17 01:54:34.765,0.027476737284266264,yolo-inference-755b67b9bb-c49xx
2026-08-17 01:54:39.765,0.027315184826436596,yolo-inference-755b67b9bb-8jq9v
2026-08-17 01:54:39.765,0.027569258396427897,yolo-inference-755b67b9bb-mpvj4
2026-08-17 01:54:39.765,0.027476737284266264,yolo-inference-755b67b9bb-c49xx
2026-08-17 01:54:39.765,0.0278257299509431,yolo-inference-755b67b9bb-6sgp9
2026-08-17 01:54:39.765,0.027322576292531528,yolo-inference-755b67b9bb-9f28w
2026-08-17 01:54:44.765,0.027346029627077807,yolo-inference-755b67b9bb-c49xx
2026-08-17 01:54:44.765,0.027382650862068997,yolo-inference-755b67b9bb-9f28w
2026-08-17 01:54:44.765,0.027315184826436596,yolo-inference-755b67b9bb-8jq9v
2026-08-17 01:54:44.765,0.02244013721263237,yolo-inference-755b67b9bb-6sgp9
2026-08-17 01:54:44.765,0.02741060376240045,yolo-inference-755b67b9bb-mpvj4
2026-08-17 01:54:49.765,0.027346029627077804,yolo-inference-755b67b9bb-c49xx
2026-08-17 01:54:49.765,0.027790582931030827,yolo-inference-755b67b9bb-8jq9v
2026-08-17 01:54:49.765,0.027256404407235937,yolo-inference-755b67b9bb-9f28w
2026-08-17 01:54:49.765,0.027777200983585836,yolo-inference-755b67b9bb-6sgp9
2026-08-17 01:54:49.765,0.027470849702548032,yolo-inference-755b67b9bb-mpvj4
2026-08-17 01:54:54.765,0.027470849702548032,yolo-inference-755b67b9bb-mpvj4
2026-08-17 01:54:54.765,0.027346029627077804,yolo-inference-755b67b9bb-c49xx
2026-08-17 01:54:54.765,0.027790582931030827,yolo-inference-755b67b9bb-8jq9v
2026-08-17 01:54:54.765,0.027777200983585836,yolo-inference-755b67b9bb-6sgp9
2026-08-17 01:54:54.765,0.027256404407235937,yolo-inference-755b67b9bb-9f28w
2026-08-17 01:54:59.765,0.027790582931030827,yolo-inference-755b67b9bb-8jq9v
2026-08-17 01:54:59.765,0.023971473714012065,yolo-inference-755b67b9bb-mpvj4
2026-08-17 01:54:59.765,0.028117265892002703,yolo-inference-755b67b9bb-6sgp9
2026-08-17 01:54:59.765,0.0224546139548453,yolo-inference-755b67b9bb-9f28w
2026-08-17 01:54:59.765,0.027818706940010093,yolo-inference-755b67b9bb-c49xx
2026-08-17 01:55:04.765,0.027818706940010093,yolo-inference-755b67b9bb-c49xx
2026-08-17 01:55:04.765,0.02789505598822117,yolo-inference-755b67b9bb-6sgp9
2026-08-17 01:55:04.765,0.02778646308113034,yolo-inference-755b67b9bb-8jq9v
2026-08-17 01:55:04.765,0.028124162561576387,yolo-inference-755b67b9bb-mpvj4
2026-08-17 01:55:04.765,0.02788524657421845,yolo-inference-755b67b9bb-9f28w
2026-08-17 01:55:09.765,0.02778646308113034,yolo-inference-755b67b9bb-8jq9v
2026-08-17 01:55:09.765,0.02789505598822117,yolo-inference-755b67b9bb-6sgp9
2026-08-17 01:55:09.765,0.02788524657421845,yolo-inference-755b67b9bb-9f28w
2026-08-17 01:55:09.765,0.027774125847918184,yolo-inference-755b67b9bb-mpvj4
2026-08-17 01:55:09.765,0.027818706940010093,yolo-inference-755b67b9bb-c49xx
2026-08-17 01:55:14.765,0.02768309771049671,yolo-inference-755b67b9bb-c49xx
2026-08-17 01:55:14.765,0.027753071253071256,yolo-inference-755b67b9bb-6sgp9
2026-08-17 01:55:14.765,0.02778646308113034,yolo-inference-755b67b9bb-8jq9v
2026-08-17 01:55:14.765,0.027774125847918184,yolo-inference-755b67b9bb-mpvj4
2026-08-17 01:55:14.765,0.027730026245478025,yolo-inference-755b67b9bb-9f28w
2026-08-17 01:55:19.765,0.02767139650629454,yolo-inference-755b67b9bb-c49xx
2026-08-17 01:55:19.765,0.027753071253071256,yolo-inference-755b67b9bb-6sgp9
2026-08-17 01:55:19.765,0.027996801612337897,yolo-inference-755b67b9bb-8jq9v
2026-08-17 01:55:19.765,0.027769744075829363,yolo-inference-755b67b9bb-mpvj4
2026-08-17 01:55:19.765,0.027730026245478025,yolo-inference-755b67b9bb-9f28w
2026-08-17 01:55:24.765,0.027769744075829363,yolo-inference-755b67b9bb-mpvj4
2026-08-17 01:55:24.765,0.027996801612337897,yolo-inference-755b67b9bb-8jq9v
2026-08-17 01:55:24.765,0.02767139650629454,yolo-inference-755b67b9bb-c49xx
2026-08-17 01:55:24.765,0.027730026245478025,yolo-inference-755b67b9bb-9f28w
2026-08-17 01:55:24.765,0.02775678144122749,yolo-inference-755b67b9bb-6sgp9
2026-08-17 01:55:29.765,0.027955567928730513,yolo-inference-755b67b9bb-9f28w
2026-08-17 01:55:29.765,0.027586672799402075,yolo-inference-755b67b9bb-6sgp9
2026-08-17 01:55:29.765,0.028106827682303683,yolo-inference-755b67b9bb-mpvj4
2026-08-17 01:55:29.765,0.027996801612337897,yolo-inference-755b67b9bb-8jq9v
2026-08-17 01:55:29.765,0.028105134474327605,yolo-inference-755b67b9bb-c49xx
2026-08-17 01:55:34.765,0.028151625396080206,yolo-inference-755b67b9bb-mpvj4
2026-08-17 01:55:34.765,0.028090676691729266,yolo-inference-755b67b9bb-c49xx
2026-08-17 01:55:34.765,0.027642501637197097,yolo-inference-755b67b9bb-8jq9v
2026-08-17 01:55:34.765,0.027586672799402075,yolo-inference-755b67b9bb-6sgp9
2026-08-17 01:55:34.765,0.027955567928730513,yolo-inference-755b67b9bb-9f28w
2026-08-17 01:55:39.765,0.027955567928730513,yolo-inference-755b67b9bb-9f28w
2026-08-17 01:55:39.765,0.028151625396080206,yolo-inference-755b67b9bb-mpvj4
2026-08-17 01:55:39.765,0.027738097628561675,yolo-inference-755b67b9bb-8jq9v
2026-08-17 01:55:39.765,0.02760202532698432,yolo-inference-755b67b9bb-6sgp9
2026-08-17 01:55:39.765,0.028090676691729266,yolo-inference-755b67b9bb-c49xx
2026-08-17 01:55:44.765,0.027776737505651985,yolo-inference-755b67b9bb-mpvj4
2026-08-17 01:55:44.765,0.027963575711130097,yolo-inference-755b67b9bb-9f28w
2026-08-17 01:55:44.765,0.027738097628561675,yolo-inference-755b67b9bb-8jq9v
2026-08-17 01:55:44.765,0.027810079708780463,yolo-inference-755b67b9bb-c49xx
2026-08-17 01:55:44.765,0.02760202532698432,yolo-inference-755b67b9bb-6sgp9
2026-08-17 01:55:49.765,0.027907084942520914,yolo-inference-755b67b9bb-6sgp9
2026-08-17 01:55:49.765,0.02778121444524041,yolo-inference-755b67b9bb-c49xx
2026-08-17 01:55:49.765,0.027963575711130097,yolo-inference-755b67b9bb-9f28w
2026-08-17 01:55:49.765,0.027742860654730216,yolo-inference-755b67b9bb-mpvj4
2026-08-17 01:55:49.765,0.02808945705941953,yolo-inference-755b67b9bb-8jq9v
2026-08-17 01:55:54.765,0.027907084942520914,yolo-inference-755b67b9bb-6sgp9
2026-08-17 01:55:54.765,0.02778121444524041,yolo-inference-755b67b9bb-c49xx
2026-08-17 01:55:54.765,0.027742860654730216,yolo-inference-755b67b9bb-mpvj4
2026-08-17 01:55:54.765,0.02808945705941953,yolo-inference-755b67b9bb-8jq9v
2026-08-17 01:55:54.765,0.027963575711130097,yolo-inference-755b67b9bb-9f28w
2026-08-17 01:55:59.765,0.027963575711130097,yolo-inference-755b67b9bb-9f28w
2026-08-17 01:55:59.765,0.027907084942520914,yolo-inference-755b67b9bb-6sgp9
2026-08-17 01:55:59.765,0.022672650230504642,yolo-inference-755b67b9bb-c49xx
2026-08-17 01:55:59.765,0.0280784503536291,yolo-inference-755b67b9bb-mpvj4
2026-08-17 01:55:59.765,0.027896691064348906,yolo-inference-755b67b9bb-8jq9v
2026-08-17 01:56:04.765,0.028050277606415774,yolo-inference-755b67b9bb-9f28w
2026-08-17 01:56:04.765,0.0280784503536291,yolo-inference-755b67b9bb-mpvj4
2026-08-17 01:56:04.765,0.023241989174143603,yolo-inference-755b67b9bb-6sgp9
2026-08-17 01:56:04.765,0.027926721161770276,yolo-inference-755b67b9bb-c49xx
2026-08-17 01:56:04.765,0.027723661802080357,yolo-inference-755b67b9bb-8jq9v
2026-08-17 01:56:09.765,0.027977971819805523,yolo-inference-755b67b9bb-mpvj4
2026-08-17 01:56:09.765,0.027723661802080357,yolo-inference-755b67b9bb-8jq9v
2026-08-17 01:56:09.765,0.027972907084872697,yolo-inference-755b67b9bb-6sgp9
2026-08-17 01:56:09.765,0.027926721161770276,yolo-inference-755b67b9bb-c49xx
2026-08-17 01:56:09.765,0.028050277606415774,yolo-inference-755b67b9bb-9f28w
2026-08-17 01:56:14.765,0.02789519375122381,yolo-inference-755b67b9bb-9f28w
2026-08-17 01:56:14.765,0.027926721161770276,yolo-inference-755b67b9bb-c49xx
2026-08-17 01:56:14.765,0.023934533159136517,yolo-inference-755b67b9bb-mpvj4
2026-08-17 01:56:14.765,0.02764554810511962,yolo-inference-755b67b9bb-8jq9v
2026-08-17 01:56:14.765,0.027972907084872697,yolo-inference-755b67b9bb-6sgp9
2026-08-17 01:56:19.765,0.027877933981544617,yolo-inference-755b67b9bb-c49xx
2026-08-17 01:56:19.765,0.02750837271719467,yolo-inference-755b67b9bb-8jq9v
2026-08-17 01:56:19.765,0.02788109859810574,yolo-inference-755b67b9bb-6sgp9
2026-08-17 01:56:19.765,0.02785514670569674,yolo-inference-755b67b9bb-mpvj4
2026-08-17 01:56:19.765,0.027895193751223814,yolo-inference-755b67b9bb-9f28w
2026-08-17 01:56:24.765,0.027508372717194675,yolo-inference-755b67b9bb-8jq9v
2026-08-17 01:56:24.765,0.027895193751223814,yolo-inference-755b67b9bb-9f28w
2026-08-17 01:56:24.765,0.027705931214524488,yolo-inference-755b67b9bb-c49xx
2026-08-17 01:56:24.765,0.02785514670569674,yolo-inference-755b67b9bb-mpvj4
2026-08-17 01:56:24.765,0.027955814609382287,yolo-inference-755b67b9bb-6sgp9
2026-08-17 01:56:29.765,0.027850299830374847,yolo-inference-755b67b9bb-9f28w
2026-08-17 01:56:29.765,0.02785514670569674,yolo-inference-755b67b9bb-mpvj4
2026-08-17 01:56:29.765,0.027508372717194675,yolo-inference-755b67b9bb-8jq9v
2026-08-17 01:56:29.765,0.027955814609382287,yolo-inference-755b67b9bb-6sgp9
2026-08-17 01:56:29.765,0.027705931214524488,yolo-inference-755b67b9bb-c49xx
2026-08-17 01:56:34.765,0.027698658735379068,yolo-inference-755b67b9bb-c49xx
2026-08-17 01:56:34.765,0.027671157537280368,yolo-inference-755b67b9bb-8jq9v
2026-08-17 01:56:34.765,0.0277484840985026,yolo-inference-755b67b9bb-mpvj4
2026-08-17 01:56:34.765,0.027850299830374847,yolo-inference-755b67b9bb-9f28w
2026-08-17 01:56:34.765,0.02316760480711975,yolo-inference-755b67b9bb-6sgp9
2026-08-17 01:56:39.765,0.027709623766919038,yolo-inference-755b67b9bb-c49xx
2026-08-17 01:56:39.765,0.027733658370655907,yolo-inference-755b67b9bb-8jq9v
2026-08-17 01:56:39.765,0.027596387474439696,yolo-inference-755b67b9bb-6sgp9
2026-08-17 01:56:39.765,0.027850299830374847,yolo-inference-755b67b9bb-9f28w
2026-08-17 01:56:39.765,0.027748484098502602,yolo-inference-755b67b9bb-mpvj4
2026-08-17 01:56:44.765,0.027748484098502602,yolo-inference-755b67b9bb-mpvj4
2026-08-17 01:56:44.765,0.023406358669170926,yolo-inference-755b67b9bb-9f28w
2026-08-17 01:56:44.765,0.027596387474439696,yolo-inference-755b67b9bb-6sgp9
2026-08-17 01:56:44.765,0.027733658370655907,yolo-inference-755b67b9bb-8jq9v
2026-08-17 01:56:44.765,0.027709623766919038,yolo-inference-755b67b9bb-c49xx
2026-08-17 01:56:49.765,0.027657300389196834,yolo-inference-755b67b9bb-mpvj4
2026-08-17 01:56:49.765,0.02747153543498322,yolo-inference-755b67b9bb-9f28w
2026-08-17 01:56:49.765,0.027733658370655907,yolo-inference-755b67b9bb-8jq9v
2026-08-17 01:56:49.765,0.027465821468796045,yolo-inference-755b67b9bb-6sgp9
2026-08-17 01:56:49.765,0.027562510530749835,yolo-inference-755b67b9bb-c49xx
2026-08-17 01:56:54.765,0.027503221089241966,yolo-inference-755b67b9bb-mpvj4
2026-08-17 01:56:54.765,0.02747153543498322,yolo-inference-755b67b9bb-9f28w
2026-08-17 01:56:54.765,0.027589541503738102,yolo-inference-755b67b9bb-6sgp9
2026-08-17 01:56:54.765,0.027674356223175954,yolo-inference-755b67b9bb-c49xx
2026-08-17 01:56:54.765,0.02770719593641237,yolo-inference-755b67b9bb-8jq9v
2026-08-17 01:56:59.765,0.027674356223175954,yolo-inference-755b67b9bb-c49xx
2026-08-17 01:56:59.765,0.027689120933317456,yolo-inference-755b67b9bb-9f28w
2026-08-17 01:56:59.765,0.027811184924436943,yolo-inference-755b67b9bb-8jq9v
2026-08-17 01:56:59.765,0.027589541503738102,yolo-inference-755b67b9bb-6sgp9
2026-08-17 01:56:59.765,0.027279481998530492,yolo-inference-755b67b9bb-mpvj4
2026-08-17 01:57:04.765,0.027279481998530492,yolo-inference-755b67b9bb-mpvj4
2026-08-17 01:57:04.765,0.027660230849947554,yolo-inference-755b67b9bb-9f28w
2026-08-17 01:57:04.765,0.02755858588892565,yolo-inference-755b67b9bb-6sgp9
2026-08-17 01:57:04.765,0.02757417247975883,yolo-inference-755b67b9bb-8jq9v
2026-08-17 01:57:04.765,0.027829626625908464,yolo-inference-755b67b9bb-c49xx
2026-08-17 01:57:09.765,0.027212489194418144,yolo-inference-755b67b9bb-mpvj4
2026-08-17 01:57:09.765,0.022620202125071376,yolo-inference-755b67b9bb-6sgp9
2026-08-17 01:57:09.765,0.027615939912372205,yolo-inference-755b67b9bb-c49xx
2026-08-17 01:57:09.765,0.027660230849947554,yolo-inference-755b67b9bb-9f28w
2026-08-17 01:57:09.765,0.02757417247975883,yolo-inference-755b67b9bb-8jq9v
2026-08-17 01:57:14.765,0.027311855961952215,yolo-inference-755b67b9bb-6sgp9
2026-08-17 01:57:14.765,0.022943348591223087,yolo-inference-755b67b9bb-8jq9v
2026-08-17 01:57:14.765,0.02721248919441815,yolo-inference-755b67b9bb-mpvj4
2026-08-17 01:57:14.765,0.027277371767314585,yolo-inference-755b67b9bb-9f28w
2026-08-17 01:57:14.765,0.027615939912372205,yolo-inference-755b67b9bb-c49xx
2026-08-17 01:57:19.765,0.027277371767314585,yolo-inference-755b67b9bb-9f28w
2026-08-17 01:57:19.765,0.027465552038897365,yolo-inference-755b67b9bb-mpvj4
2026-08-17 01:57:19.765,0.027338326267859918,yolo-inference-755b67b9bb-8jq9v
2026-08-17 01:57:19.765,0.02731650350056646,yolo-inference-755b67b9bb-6sgp9
2026-08-17 01:57:19.765,0.027615939912372205,yolo-inference-755b67b9bb-c49xx
2026-08-17 01:57:24.765,0.027437826807805144,yolo-inference-755b67b9bb-9f28w
2026-08-17 01:57:24.765,0.027553169833268693,yolo-inference-755b67b9bb-c49xx
2026-08-17 01:57:24.765,0.027465552038897365,yolo-inference-755b67b9bb-mpvj4
2026-08-17 01:57:24.765,0.02753079408193924,yolo-inference-755b67b9bb-8jq9v
2026-08-17 01:57:24.765,0.027446416831032185,yolo-inference-755b67b9bb-6sgp9
2026-08-17 01:57:29.765,0.02753079408193924,yolo-inference-755b67b9bb-8jq9v
2026-08-17 01:57:29.765,0.02767943870689436,yolo-inference-755b67b9bb-9f28w
2026-08-17 01:57:29.765,0.027446416831032185,yolo-inference-755b67b9bb-6sgp9
2026-08-17 01:57:29.765,0.027553169833268693,yolo-inference-755b67b9bb-c49xx
2026-08-17 01:57:29.765,0.02749324978534501,yolo-inference-755b67b9bb-mpvj4
2026-08-17 01:57:34.765,0.027469825350164238,yolo-inference-755b67b9bb-c49xx
2026-08-17 01:57:34.765,0.027395189429497497,yolo-inference-755b67b9bb-6sgp9
2026-08-17 01:57:34.765,0.02745852864583336,yolo-inference-755b67b9bb-8jq9v
2026-08-17 01:57:34.765,0.023541139540426727,yolo-inference-755b67b9bb-mpvj4
2026-08-17 01:57:34.765,0.02763305639234801,yolo-inference-755b67b9bb-9f28w
2026-08-17 01:57:39.765,0.02762621218890435,yolo-inference-755b67b9bb-mpvj4
2026-08-17 01:57:39.765,0.02722392101416278,yolo-inference-755b67b9bb-6sgp9
2026-08-17 01:57:39.765,0.027282488145945513,yolo-inference-755b67b9bb-c49xx
2026-08-17 01:57:39.765,0.02763305639234801,yolo-inference-755b67b9bb-9f28w
2026-08-17 01:57:39.765,0.027294339622641536,yolo-inference-755b67b9bb-8jq9v
2026-08-17 01:57:44.765,0.023650961619652282,yolo-inference-755b67b9bb-c49xx
2026-08-17 01:57:44.765,0.02745155108396213,yolo-inference-755b67b9bb-mpvj4
2026-08-17 01:57:44.765,0.027294339622641536,yolo-inference-755b67b9bb-8jq9v
2026-08-17 01:57:44.765,0.023336988245063,yolo-inference-755b67b9bb-9f28w
2026-08-17 01:57:44.765,0.02722392101416278,yolo-inference-755b67b9bb-6sgp9
2026-08-17 01:57:49.765,0.02268709704858093,yolo-inference-755b67b9bb-9f28w
2026-08-17 01:57:49.765,0.027294339622641536,yolo-inference-755b67b9bb-8jq9v
2026-08-17 01:57:49.765,0.02745155108396213,yolo-inference-755b67b9bb-mpvj4
2026-08-17 01:57:49.765,0.027387526690391475,yolo-inference-755b67b9bb-c49xx
2026-08-17 01:57:49.765,0.022509116004523867,yolo-inference-755b67b9bb-6sgp9
2026-08-17 01:57:54.765,0.027586270277201914,yolo-inference-755b67b9bb-8jq9v
2026-08-17 01:57:54.765,0.027467504773240104,yolo-inference-755b67b9bb-c49xx
2026-08-17 01:57:54.765,0.0274519078290491,yolo-inference-755b67b9bb-9f28w
2026-08-17 01:57:54.765,0.023484463838165073,yolo-inference-755b67b9bb-mpvj4
2026-08-17 01:57:54.765,0.023506564104206377,yolo-inference-755b67b9bb-6sgp9
2026-08-17 01:57:59.765,0.027586270277201914,yolo-inference-755b67b9bb-8jq9v
2026-08-17 01:57:59.765,0.027729862205216643,yolo-inference-755b67b9bb-9f28w
2026-08-17 01:57:59.765,0.027467504773240104,yolo-inference-755b67b9bb-c49xx
2026-08-17 01:57:59.765,0.027861301757296918,yolo-inference-755b67b9bb-mpvj4
2026-08-17 01:57:59.765,0.027668706072710755,yolo-inference-755b67b9bb-6sgp9
2026-08-17 01:58:04.765,0.023523399983675936,yolo-inference-755b67b9bb-c49xx
2026-08-17 01:58:04.765,0.023353462504358033,yolo-inference-755b67b9bb-8jq9v
2026-08-17 01:58:04.765,0.027861301757296918,yolo-inference-755b67b9bb-mpvj4
2026-08-17 01:58:04.765,0.023870868734163733,yolo-inference-755b67b9bb-6sgp9
2026-08-17 01:58:04.765,0.027729862205216643,yolo-inference-755b67b9bb-9f28w
2026-08-17 01:58:09.765,0.027707544477214283,yolo-inference-755b67b9bb-mpvj4
2026-08-17 01:58:09.765,0.027605963518304882,yolo-inference-755b67b9bb-c49xx
2026-08-17 01:58:09.765,0.02773266837481703,yolo-inference-755b67b9bb-6sgp9
2026-08-17 01:58:09.765,0.0275788485309499,yolo-inference-755b67b9bb-8jq9v
2026-08-17 01:58:09.765,0.02774198460074401,yolo-inference-755b67b9bb-9f28w
2026-08-17 01:58:14.765,0.027605963518304882,yolo-inference-755b67b9bb-c49xx
2026-08-17 01:58:14.765,0.027703566412635626,yolo-inference-755b67b9bb-6sgp9
2026-08-17 01:58:14.765,0.027660460672964703,yolo-inference-755b67b9bb-9f28w
2026-08-17 01:58:14.765,0.0275788485309499,yolo-inference-755b67b9bb-8jq9v
2026-08-17 01:58:14.765,0.028504386042637605,yolo-inference-755b67b9bb-mpvj4
2026-08-17 01:58:19.765,0.023112607227187738,yolo-inference-755b67b9bb-8jq9v
2026-08-17 01:58:19.765,0.030344611549926737,yolo-inference-755b67b9bb-c49xx
2026-08-17 01:58:19.765,0.02841652261719352,yolo-inference-755b67b9bb-9f28w
2026-08-17 01:58:19.765,0.029456764873878376,yolo-inference-755b67b9bb-6sgp9
2026-08-17 01:58:19.765,0.028726353439901084,yolo-inference-755b67b9bb-mpvj4
2026-08-17 01:58:24.765,0.028674263467553175,yolo-inference-755b67b9bb-9f28w
2026-08-17 01:58:24.765,0.03002444526286715,yolo-inference-755b67b9bb-6sgp9
2026-08-17 01:58:24.765,0.028726353439901084,yolo-inference-755b67b9bb-mpvj4
2026-08-17 01:58:24.765,0.03250224006387503,yolo-inference-755b67b9bb-8jq9v
2026-08-17 01:58:24.765,0.031053298761163948,yolo-inference-755b67b9bb-c49xx
2026-08-17 01:58:29.765,0.028674263467553175,yolo-inference-755b67b9bb-9f28w
2026-08-17 01:58:29.765,0.03250224006387503,yolo-inference-755b67b9bb-8jq9v
2026-08-17 01:58:29.765,0.033282173849095445,yolo-inference-755b67b9bb-6sgp9
2026-08-17 01:58:29.765,0.031053298761163948,yolo-inference-755b67b9bb-c49xx
2026-08-17 01:58:29.765,0.034734998852086085,yolo-inference-755b67b9bb-mpvj4
2026-08-17 01:58:34.765,0.033248763583756696,yolo-inference-755b67b9bb-c49xx
2026-08-17 01:58:34.765,0.03046441727459271,yolo-inference-755b67b9bb-6sgp9
2026-08-17 01:58:34.765,0.034734998852086085,yolo-inference-755b67b9bb-mpvj4
2026-08-17 01:58:34.765,0.03250224006387503,yolo-inference-755b67b9bb-8jq9v
2026-08-17 01:58:34.765,0.027096938837461088,yolo-inference-755b67b9bb-9f28w
2026-08-17 01:58:39.765,0.040042202672420986,yolo-inference-755b67b9bb-8jq9v
2026-08-17 01:58:39.765,0.0391263285692986,yolo-inference-755b67b9bb-c49xx
2026-08-17 01:58:39.765,0.03585900634593475,yolo-inference-755b67b9bb-6sgp9
2026-08-17 01:58:39.765,0.034734998852086085,yolo-inference-755b67b9bb-mpvj4
2026-08-17 01:58:39.765,0.03174141291108404,yolo-inference-755b67b9bb-9f28w
2026-08-17 01:58:44.765,0.03174141291108404,yolo-inference-755b67b9bb-9f28w
2026-08-17 01:58:44.765,0.040042202672420986,yolo-inference-755b67b9bb-8jq9v
2026-08-17 01:58:44.765,0.0391263285692986,yolo-inference-755b67b9bb-c49xx
2026-08-17 01:58:44.765,0.04312837599189997,yolo-inference-755b67b9bb-mpvj4
2026-08-17 01:58:44.765,0.040469546552186715,yolo-inference-755b67b9bb-6sgp9
2026-08-17 01:58:49.765,0.040469546552186715,yolo-inference-755b67b9bb-6sgp9
2026-08-17 01:58:49.765,0.025664343068074164,yolo-inference-755b67b9bb-9f28w
2026-08-17 01:58:49.765,0.040042202672420986,yolo-inference-755b67b9bb-8jq9v
2026-08-17 01:58:49.765,0.03846521996320861,yolo-inference-755b67b9bb-c49xx
2026-08-17 01:58:49.765,0.04312837599189997,yolo-inference-755b67b9bb-mpvj4
2026-08-17 01:58:54.765,0.04405076731646617,yolo-inference-755b67b9bb-8jq9v
2026-08-17 01:58:54.765,0.04312837599189997,yolo-inference-755b67b9bb-mpvj4
2026-08-17 01:58:54.765,0.04323756714206333,yolo-inference-755b67b9bb-9f28w
2026-08-17 01:58:54.765,0.04558166181386814,yolo-inference-755b67b9bb-6sgp9
2026-08-17 01:58:54.765,0.048304650515176864,yolo-inference-755b67b9bb-c49xx
2026-08-17 01:58:59.765,0.04323756714206333,yolo-inference-755b67b9bb-9f28w
2026-08-17 01:58:59.765,0.047647455644375114,yolo-inference-755b67b9bb-6sgp9
2026-08-17 01:58:59.765,0.048304650515176864,yolo-inference-755b67b9bb-c49xx
2026-08-17 01:58:59.765,0.046923092892462125,yolo-inference-755b67b9bb-8jq9v
2026-08-17 01:58:59.765,0.04008616865000236,yolo-inference-755b67b9bb-mpvj4
2026-08-17 01:59:04.765,0.047647455644375114,yolo-inference-755b67b9bb-6sgp9
2026-08-17 01:59:04.765,0.05125889656378421,yolo-inference-755b67b9bb-8jq9v
2026-08-17 01:59:04.765,0.04323756714206333,yolo-inference-755b67b9bb-9f28w
2026-08-17 01:59:04.765,0.05074222222222225,yolo-inference-755b67b9bb-mpvj4
2026-08-17 01:59:04.765,0.048304650515176864,yolo-inference-755b67b9bb-c49xx
2026-08-17 01:59:09.765,0.05074222222222225,yolo-inference-755b67b9bb-mpvj4
2026-08-17 01:59:09.765,0.05103928627328224,yolo-inference-755b67b9bb-6sgp9
2026-08-17 01:59:09.765,0.05135853908389606,yolo-inference-755b67b9bb-c49xx
2026-08-17 01:59:09.765,0.05152419304358712,yolo-inference-755b67b9bb-8jq9v
2026-08-17 01:59:09.765,0.039163389100874475,yolo-inference-755b67b9bb-9f28w
2026-08-17 01:59:14.765,0.049143402293506874,yolo-inference-755b67b9bb-9f28w
2026-08-17 01:59:14.765,0.05152419304358713,yolo-inference-755b67b9bb-8jq9v
2026-08-17 01:59:14.765,0.05135853908389606,yolo-inference-755b67b9bb-c49xx
2026-08-17 01:59:14.765,0.0524554709692081,yolo-inference-755b67b9bb-mpvj4
2026-08-17 01:59:14.765,0.05103928627328224,yolo-inference-755b67b9bb-6sgp9
2026-08-17 01:59:19.765,0.05253389915881729,yolo-inference-755b67b9bb-9f28w
2026-08-17 01:59:19.765,0.052535171692750016,yolo-inference-755b67b9bb-c49xx
2026-08-17 01:59:19.765,0.05152419304358713,yolo-inference-755b67b9bb-8jq9v
2026-08-17 01:59:19.765,0.0524554709692081,yolo-inference-755b67b9bb-mpvj4
2026-08-17 01:59:19.765,0.05246143321361387,yolo-inference-755b67b9bb-6sgp9
2026-08-17 01:59:24.765,0.052693333771396615,yolo-inference-755b67b9bb-8jq9v
2026-08-17 01:59:24.765,0.05254788992401151,yolo-inference-755b67b9bb-c49xx
2026-08-17 01:59:24.765,0.05246143321361387,yolo-inference-755b67b9bb-6sgp9
2026-08-17 01:59:24.765,0.05253389915881729,yolo-inference-755b67b9bb-9f28w
2026-08-17 01:59:24.765,0.0524554709692081,yolo-inference-755b67b9bb-mpvj4
2026-08-17 01:59:29.765,0.05254788992401151,yolo-inference-755b67b9bb-c49xx
2026-08-17 01:59:29.765,0.05282357512259176,yolo-inference-755b67b9bb-6sgp9
2026-08-17 01:59:29.765,0.0525949586981955,yolo-inference-755b67b9bb-9f28w
2026-08-17 01:59:29.765,0.05261691639522259,yolo-inference-755b67b9bb-mpvj4
2026-08-17 01:59:29.765,0.05289466385163108,yolo-inference-755b67b9bb-8jq9v
2026-08-17 01:59:34.765,0.052594124085688955,yolo-inference-755b67b9bb-c49xx
2026-08-17 01:59:34.765,0.05289466385163108,yolo-inference-755b67b9bb-8jq9v
2026-08-17 01:59:34.765,0.05261691639522259,yolo-inference-755b67b9bb-mpvj4
2026-08-17 01:59:34.765,0.05232684291355855,yolo-inference-755b67b9bb-9f28w
2026-08-17 01:59:34.765,0.04480216850807308,yolo-inference-755b67b9bb-6sgp9
2026-08-17 01:59:39.765,0.05270679070468158,yolo-inference-755b67b9bb-6sgp9
2026-08-17 01:59:39.765,0.05261691639522259,yolo-inference-755b67b9bb-mpvj4
2026-08-17 01:59:39.765,0.05278574830904074,yolo-inference-755b67b9bb-8jq9v
2026-08-17 01:59:39.765,0.05239083597727438,yolo-inference-755b67b9bb-c49xx
2026-08-17 01:59:39.765,0.05232684291355855,yolo-inference-755b67b9bb-9f28w
2026-08-17 01:59:44.765,0.05258361608060866,yolo-inference-755b67b9bb-6sgp9
2026-08-17 01:59:44.765,0.04413894185949579,yolo-inference-755b67b9bb-mpvj4
2026-08-17 01:59:44.765,0.052131077134512975,yolo-inference-755b67b9bb-9f28w
2026-08-17 01:59:44.765,0.05244317347045859,yolo-inference-755b67b9bb-8jq9v
2026-08-17 01:59:44.765,0.05239083597727438,yolo-inference-755b67b9bb-c49xx
2026-08-17 01:59:49.765,0.05248576177060741,yolo-inference-755b67b9bb-6sgp9
2026-08-17 01:59:49.765,0.04448462223800386,yolo-inference-755b67b9bb-c49xx
2026-08-17 01:59:49.765,0.052131077134512975,yolo-inference-755b67b9bb-9f28w
2026-08-17 01:59:49.765,0.05244317347045859,yolo-inference-755b67b9bb-8jq9v
2026-08-17 01:59:49.765,0.0524232756075962,yolo-inference-755b67b9bb-mpvj4
2026-08-17 01:59:54.765,0.05222412894922326,yolo-inference-755b67b9bb-9f28w
2026-08-17 01:59:54.765,0.0525590428222667,yolo-inference-755b67b9bb-c49xx
2026-08-17 01:59:54.765,0.0524232756075962,yolo-inference-755b67b9bb-mpvj4
2026-08-17 01:59:54.765,0.05244317347045859,yolo-inference-755b67b9bb-8jq9v
2026-08-17 01:59:54.765,0.05248576177060741,yolo-inference-755b67b9bb-6sgp9
2026-08-17 01:59:59.765,0.05260954246600025,yolo-inference-755b67b9bb-9f28w
2026-08-17 01:59:59.765,0.05246671148227627,yolo-inference-755b67b9bb-6sgp9
2026-08-17 01:59:59.765,0.052543389461929504,yolo-inference-755b67b9bb-8jq9v
2026-08-17 01:59:59.765,0.0528476055086628,yolo-inference-755b67b9bb-mpvj4
2026-08-17 01:59:59.765,0.0525590428222667,yolo-inference-755b67b9bb-c49xx
2026-08-17 02:00:04.765,0.05267053285363977,yolo-inference-755b67b9bb-c49xx
2026-08-17 02:00:04.765,0.052604681631583515,yolo-inference-755b67b9bb-6sgp9
2026-08-17 02:00:04.765,0.05263172233625673,yolo-inference-755b67b9bb-8jq9v
2026-08-17 02:00:04.765,0.05295022734295675,yolo-inference-755b67b9bb-mpvj4
2026-08-17 02:00:04.765,0.05260954246600025,yolo-inference-755b67b9bb-9f28w
2026-08-17 02:00:09.765,0.05270990223113563,yolo-inference-755b67b9bb-c49xx
2026-08-17 02:00:09.765,0.052549792345822334,yolo-inference-755b67b9bb-6sgp9
2026-08-17 02:00:09.765,0.05260954246600025,yolo-inference-755b67b9bb-9f28w
2026-08-17 02:00:09.765,0.052328545429091315,yolo-inference-755b67b9bb-8jq9v
2026-08-17 02:00:09.765,0.05276510685655659,yolo-inference-755b67b9bb-mpvj4
2026-08-17 02:00:14.765,0.0527737262737263,yolo-inference-755b67b9bb-mpvj4
2026-08-17 02:00:14.765,0.05270990223113563,yolo-inference-755b67b9bb-c49xx
2026-08-17 02:00:14.765,0.052549792345822334,yolo-inference-755b67b9bb-6sgp9
2026-08-17 02:00:14.765,0.041775139275916875,yolo-inference-755b67b9bb-9f28w
2026-08-17 02:00:14.765,0.05232854542909132,yolo-inference-755b67b9bb-8jq9v
2026-08-17 02:00:19.765,0.05277372627372629,yolo-inference-755b67b9bb-mpvj4
2026-08-17 02:00:19.765,0.05261462607316482,yolo-inference-755b67b9bb-6sgp9
2026-08-17 02:00:19.765,0.05263363267901132,yolo-inference-755b67b9bb-8jq9v
2026-08-17 02:00:19.765,0.05254832405794642,yolo-inference-755b67b9bb-9f28w
2026-08-17 02:00:19.765,0.05259455425652013,yolo-inference-755b67b9bb-c49xx
2026-08-17 02:00:24.765,0.052795229254965145,yolo-inference-755b67b9bb-mpvj4
2026-08-17 02:00:24.765,0.05254832405794642,yolo-inference-755b67b9bb-9f28w
2026-08-17 02:00:24.765,0.052542504238314365,yolo-inference-755b67b9bb-c49xx
2026-08-17 02:00:24.765,0.05280002464015114,yolo-inference-755b67b9bb-6sgp9
2026-08-17 02:00:24.765,0.05263363267901132,yolo-inference-755b67b9bb-8jq9v
2026-08-17 02:00:29.765,0.05299075530446507,yolo-inference-755b67b9bb-9f28w
2026-08-17 02:00:29.765,0.05303929428287204,yolo-inference-755b67b9bb-8jq9v
2026-08-17 02:00:29.765,0.053033512126865634,yolo-inference-755b67b9bb-mpvj4
2026-08-17 02:00:29.765,0.052542504238314365,yolo-inference-755b67b9bb-c49xx
2026-08-17 02:00:29.765,0.05280002464015114,yolo-inference-755b67b9bb-6sgp9
2026-08-17 02:00:34.765,0.053033512126865634,yolo-inference-755b67b9bb-mpvj4
2026-08-17 02:00:34.765,0.05303929428287204,yolo-inference-755b67b9bb-8jq9v
2026-08-17 02:00:34.765,0.05275917353730005,yolo-inference-755b67b9bb-9f28w
2026-08-17 02:00:34.765,0.042957681730153845,yolo-inference-755b67b9bb-c49xx
2026-08-17 02:00:34.765,0.05280002464015114,yolo-inference-755b67b9bb-6sgp9
2026-08-17 02:00:39.765,0.05278160960874568,yolo-inference-755b67b9bb-mpvj4
2026-08-17 02:00:39.765,0.05262939731721142,yolo-inference-755b67b9bb-6sgp9
2026-08-17 02:00:39.765,0.05282187307138451,yolo-inference-755b67b9bb-c49xx
2026-08-17 02:00:39.765,0.05275917353730005,yolo-inference-755b67b9bb-9f28w
2026-08-17 02:00:39.765,0.05272235544382135,yolo-inference-755b67b9bb-8jq9v
2026-08-17 02:00:44.765,0.05232450678868805,yolo-inference-755b67b9bb-mpvj4
2026-08-17 02:00:44.765,0.0435286205421113,yolo-inference-755b67b9bb-8jq9v
2026-08-17 02:00:44.765,0.05282187307138451,yolo-inference-755b67b9bb-c49xx
2026-08-17 02:00:44.765,0.052478680361033245,yolo-inference-755b67b9bb-9f28w
2026-08-17 02:00:44.765,0.05262939731721142,yolo-inference-755b67b9bb-6sgp9
2026-08-17 02:00:49.765,0.05284692913385829,yolo-inference-755b67b9bb-6sgp9
2026-08-17 02:00:49.765,0.052722194863247224,yolo-inference-755b67b9bb-c49xx
2026-08-17 02:00:49.765,0.05259773825633093,yolo-inference-755b67b9bb-9f28w
2026-08-17 02:00:49.765,0.05232450678868805,yolo-inference-755b67b9bb-mpvj4
2026-08-17 02:00:49.765,0.05283288950975685,yolo-inference-755b67b9bb-8jq9v
2026-08-17 02:00:54.765,0.05259773825633093,yolo-inference-755b67b9bb-9f28w
2026-08-17 02:00:54.765,0.05261529933481152,yolo-inference-755b67b9bb-c49xx
2026-08-17 02:00:54.765,0.05284692913385829,yolo-inference-755b67b9bb-6sgp9
2026-08-17 02:00:54.765,0.05283288950975685,yolo-inference-755b67b9bb-8jq9v
2026-08-17 02:00:54.765,0.05262352276043191,yolo-inference-755b67b9bb-mpvj4
2026-08-17 02:00:59.765,0.05277973774952503,yolo-inference-755b67b9bb-mpvj4
2026-08-17 02:00:59.765,0.05283288950975685,yolo-inference-755b67b9bb-8jq9v
2026-08-17 02:00:59.765,0.05261234392384715,yolo-inference-755b67b9bb-9f28w
2026-08-17 02:00:59.765,0.05261529933481152,yolo-inference-755b67b9bb-c49xx
2026-08-17 02:00:59.765,0.05284692913385829,yolo-inference-755b67b9bb-6sgp9
2026-08-17 02:01:04.765,0.052502302968270256,yolo-inference-755b67b9bb-8jq9v
2026-08-17 02:01:04.765,0.05257133435452304,yolo-inference-755b67b9bb-c49xx
2026-08-17 02:01:04.765,0.052779737749525026,yolo-inference-755b67b9bb-mpvj4
2026-08-17 02:01:04.765,0.03259034999999999,yolo-inference-755b67b9bb-6sgp9
2026-08-17 02:01:04.765,0.05250962737514001,yolo-inference-755b67b9bb-9f28w
2026-08-17 02:01:09.765,0.05239794497527245,yolo-inference-755b67b9bb-6sgp9
2026-08-17 02:01:09.765,0.04329632671260205,yolo-inference-755b67b9bb-mpvj4
2026-08-17 02:01:09.765,0.05257133435452304,yolo-inference-755b67b9bb-c49xx
2026-08-17 02:01:09.765,0.05250962737514001,yolo-inference-755b67b9bb-9f28w
2026-08-17 02:01:09.765,0.052502302968270256,yolo-inference-755b67b9bb-8jq9v
2026-08-17 02:01:14.765,0.05219583542070529,yolo-inference-755b67b9bb-mpvj4
2026-08-17 02:01:14.765,0.05239794497527245,yolo-inference-755b67b9bb-6sgp9
2026-08-17 02:01:14.765,0.0524600951056634,yolo-inference-755b67b9bb-c49xx
2026-08-17 02:01:14.765,0.05239710110611234,yolo-inference-755b67b9bb-9f28w
2026-08-17 02:01:14.765,0.052502302968270256,yolo-inference-755b67b9bb-8jq9v
2026-08-17 02:01:19.765,0.05239794497527245,yolo-inference-755b67b9bb-6sgp9
2026-08-17 02:01:19.765,0.05240384037652717,yolo-inference-755b67b9bb-9f28w
2026-08-17 02:01:19.765,0.03358682499999999,yolo-inference-755b67b9bb-8jq9v
2026-08-17 02:01:19.765,0.05222873552306809,yolo-inference-755b67b9bb-c49xx
2026-08-17 02:01:19.765,0.05219583542070529,yolo-inference-755b67b9bb-mpvj4
2026-08-17 02:01:24.765,0.052455793876227265,yolo-inference-755b67b9bb-8jq9v
2026-08-17 02:01:24.765,0.05222873552306809,yolo-inference-755b67b9bb-c49xx
2026-08-17 02:01:24.765,0.052296548605877916,yolo-inference-755b67b9bb-mpvj4
2026-08-17 02:01:24.765,0.05240384037652717,yolo-inference-755b67b9bb-9f28w
2026-08-17 02:01:24.765,0.05254596898307092,yolo-inference-755b67b9bb-6sgp9
2026-08-17 02:01:29.765,0.052455793876227265,yolo-inference-755b67b9bb-8jq9v
2026-08-17 02:01:29.765,0.052418559743500986,yolo-inference-755b67b9bb-9f28w
2026-08-17 02:01:29.765,0.04416171716188843,yolo-inference-755b67b9bb-c49xx
2026-08-17 02:01:29.765,0.052476680117957496,yolo-inference-755b67b9bb-mpvj4
2026-08-17 02:01:29.765,0.05254596898307092,yolo-inference-755b67b9bb-6sgp9
2026-08-17 02:01:34.765,0.05208555751685415,yolo-inference-755b67b9bb-c49xx
2026-08-17 02:01:34.765,0.052476680117957496,yolo-inference-755b67b9bb-mpvj4
2026-08-17 02:01:34.765,0.05225194755387231,yolo-inference-755b67b9bb-9f28w
2026-08-17 02:01:34.765,0.052455793876227265,yolo-inference-755b67b9bb-8jq9v
2026-08-17 02:01:34.765,0.05254596898307092,yolo-inference-755b67b9bb-6sgp9
2026-08-17 02:01:39.765,0.05225194755387231,yolo-inference-755b67b9bb-9f28w
2026-08-17 02:01:39.765,0.052091513417790516,yolo-inference-755b67b9bb-mpvj4
2026-08-17 02:01:39.765,0.05208555751685415,yolo-inference-755b67b9bb-c49xx
2026-08-17 02:01:39.765,0.05202910227887684,yolo-inference-755b67b9bb-8jq9v
2026-08-17 02:01:39.765,0.05200608686681106,yolo-inference-755b67b9bb-6sgp9
2026-08-17 02:01:44.765,0.052073307086614215,yolo-inference-755b67b9bb-mpvj4
2026-08-17 02:01:44.765,0.05200608686681106,yolo-inference-755b67b9bb-6sgp9
2026-08-17 02:01:44.765,0.05202910227887684,yolo-inference-755b67b9bb-8jq9v
2026-08-17 02:01:44.765,0.04458063593147005,yolo-inference-755b67b9bb-9f28w
2026-08-17 02:01:44.765,0.05208555751685415,yolo-inference-755b67b9bb-c49xx
2026-08-17 02:01:49.765,0.052007255330608584,yolo-inference-755b67b9bb-6sgp9
2026-08-17 02:01:49.765,0.052073307086614215,yolo-inference-755b67b9bb-mpvj4
2026-08-17 02:01:49.765,0.04335844625332888,yolo-inference-755b67b9bb-c49xx
2026-08-17 02:01:49.765,0.05194380872395149,yolo-inference-755b67b9bb-8jq9v
2026-08-17 02:01:49.765,0.05223446931441861,yolo-inference-755b67b9bb-9f28w
2026-08-17 02:01:54.765,0.05223446931441861,yolo-inference-755b67b9bb-9f28w
2026-08-17 02:01:54.765,0.05194380872395149,yolo-inference-755b67b9bb-8jq9v
2026-08-17 02:01:54.765,0.05246503819615584,yolo-inference-755b67b9bb-mpvj4
2026-08-17 02:01:54.765,0.052263890560436496,yolo-inference-755b67b9bb-c49xx
2026-08-17 02:01:54.765,0.043565394305964754,yolo-inference-755b67b9bb-6sgp9
2026-08-17 02:01:59.765,0.05223446931441861,yolo-inference-755b67b9bb-9f28w
2026-08-17 02:01:59.765,0.05233642386557108,yolo-inference-755b67b9bb-8jq9v
2026-08-17 02:01:59.765,0.05208167004522062,yolo-inference-755b67b9bb-6sgp9
2026-08-17 02:01:59.765,0.052263890560436496,yolo-inference-755b67b9bb-c49xx
2026-08-17 02:01:59.765,0.05264680833298541,yolo-inference-755b67b9bb-mpvj4
2026-08-17 02:02:04.765,0.05208167004522062,yolo-inference-755b67b9bb-6sgp9
2026-08-17 02:02:04.765,0.051928805334175016,yolo-inference-755b67b9bb-9f28w
2026-08-17 02:02:04.765,0.05208362961515927,yolo-inference-755b67b9bb-c49xx
2026-08-17 02:02:04.765,0.05264680833298542,yolo-inference-755b67b9bb-mpvj4
2026-08-17 02:02:04.765,0.05250490210172223,yolo-inference-755b67b9bb-8jq9v
2026-08-17 02:02:09.765,0.051928805334175016,yolo-inference-755b67b9bb-9f28w
2026-08-17 02:02:09.765,0.05264680833298542,yolo-inference-755b67b9bb-mpvj4
2026-08-17 02:02:09.765,0.05205804376161285,yolo-inference-755b67b9bb-6sgp9
2026-08-17 02:02:09.765,0.0505739460426163,yolo-inference-755b67b9bb-8jq9v
2026-08-17 02:02:09.765,0.05208362961515927,yolo-inference-755b67b9bb-c49xx
2026-08-17 02:02:14.765,0.0505739460426163,yolo-inference-755b67b9bb-8jq9v
2026-08-17 02:02:14.765,0.04465920950248835,yolo-inference-755b67b9bb-mpvj4
2026-08-17 02:02:14.765,0.0521150723832454,yolo-inference-755b67b9bb-c49xx
2026-08-17 02:02:14.765,0.05170752315138632,yolo-inference-755b67b9bb-9f28w
2026-08-17 02:02:14.765,0.05205804376161285,yolo-inference-755b67b9bb-6sgp9
2026-08-17 02:02:19.765,0.0505739460426163,yolo-inference-755b67b9bb-8jq9v
2026-08-17 02:02:19.765,0.046241213497059085,yolo-inference-755b67b9bb-mpvj4
2026-08-17 02:02:19.765,0.04978830448168426,yolo-inference-755b67b9bb-6sgp9
2026-08-17 02:02:19.765,0.049780421541562606,yolo-inference-755b67b9bb-c49xx
2026-08-17 02:02:19.765,0.04959372896223917,yolo-inference-755b67b9bb-9f28w
2026-08-17 02:02:24.765,0.043418959099618945,yolo-inference-755b67b9bb-8jq9v
2026-08-17 02:02:24.765,0.046241213497059085,yolo-inference-755b67b9bb-mpvj4
2026-08-17 02:02:24.765,0.049780421541562606,yolo-inference-755b67b9bb-c49xx
2026-08-17 02:02:24.765,0.04888593276203037,yolo-inference-755b67b9bb-6sgp9
2026-08-17 02:02:24.765,0.04959372896223917,yolo-inference-755b67b9bb-9f28w
2026-08-17 02:02:29.765,0.04771321819618459,yolo-inference-755b67b9bb-9f28w
2026-08-17 02:02:29.765,0.049780421541562606,yolo-inference-755b67b9bb-c49xx
2026-08-17 02:02:29.765,0.043418959099618945,yolo-inference-755b67b9bb-8jq9v
2026-08-17 02:02:29.765,0.04888593276203037,yolo-inference-755b67b9bb-6sgp9
2026-08-17 02:02:29.765,0.04386824796274728,yolo-inference-755b67b9bb-mpvj4
2026-08-17 02:02:34.765,0.04771321819618459,yolo-inference-755b67b9bb-9f28w
2026-08-17 02:02:34.765,0.03791283866509312,yolo-inference-755b67b9bb-c49xx
2026-08-17 02:02:34.765,0.043418959099618945,yolo-inference-755b67b9bb-8jq9v
2026-08-17 02:02:34.765,0.04567976453006249,yolo-inference-755b67b9bb-6sgp9
2026-08-17 02:02:34.765,0.040731232983274857,yolo-inference-755b67b9bb-mpvj4
2026-08-17 02:02:39.765,0.04201520154862216,yolo-inference-755b67b9bb-6sgp9
2026-08-17 02:02:39.765,0.03669950833895687,yolo-inference-755b67b9bb-8jq9v
2026-08-17 02:02:39.765,0.04771321819618459,yolo-inference-755b67b9bb-9f28w
2026-08-17 02:02:39.765,0.046387909782323655,yolo-inference-755b67b9bb-c49xx
2026-08-17 02:02:39.765,0.040731232983274857,yolo-inference-755b67b9bb-mpvj4
2026-08-17 02:02:44.765,0.04418133062012822,yolo-inference-755b67b9bb-9f28w
2026-08-17 02:02:44.765,0.0349124953893554,yolo-inference-755b67b9bb-mpvj4
2026-08-17 02:02:44.765,0.04201520154862215,yolo-inference-755b67b9bb-6sgp9
2026-08-17 02:02:44.765,0.04004977504239884,yolo-inference-755b67b9bb-c49xx
2026-08-17 02:02:44.765,0.03669950833895687,yolo-inference-755b67b9bb-8jq9v
2026-08-17 02:02:49.765,0.03463642204881174,yolo-inference-755b67b9bb-9f28w
2026-08-17 02:02:49.765,0.04179769099488012,yolo-inference-755b67b9bb-6sgp9
2026-08-17 02:02:49.765,0.0349124953893554,yolo-inference-755b67b9bb-mpvj4
2026-08-17 02:02:49.765,0.03600074348060448,yolo-inference-755b67b9bb-8jq9v
2026-08-17 02:02:49.765,0.04275297162234516,yolo-inference-755b67b9bb-c49xx
2026-08-17 02:02:54.765,0.04046127167630049,yolo-inference-755b67b9bb-9f28w
2026-08-17 02:02:54.765,0.040280387598683444,yolo-inference-755b67b9bb-c49xx
2026-08-17 02:02:54.765,0.036000743480604475,yolo-inference-755b67b9bb-8jq9v
2026-08-17 02:02:54.765,0.04179769099488012,yolo-inference-755b67b9bb-6sgp9
2026-08-17 02:02:54.765,0.0349124953893554,yolo-inference-755b67b9bb-mpvj4
2026-08-17 02:02:59.765,0.02301605000000002,yolo-inference-755b67b9bb-mpvj4
2026-08-17 02:02:59.765,0.04063946469700576,yolo-inference-755b67b9bb-9f28w
2026-08-17 02:02:59.765,0.040280387598683444,yolo-inference-755b67b9bb-c49xx
2026-08-17 02:02:59.765,0.03886898819521659,yolo-inference-755b67b9bb-6sgp9
2026-08-17 02:02:59.765,0.033610651333773195,yolo-inference-755b67b9bb-8jq9v
2026-08-17 02:03:04.765,0.03364364439536163,yolo-inference-755b67b9bb-mpvj4
2026-08-17 02:03:04.765,0.033610651333773195,yolo-inference-755b67b9bb-8jq9v
2026-08-17 02:03:04.765,0.03275975349866456,yolo-inference-755b67b9bb-c49xx
2026-08-17 02:03:04.765,0.03947133843830883,yolo-inference-755b67b9bb-9f28w
2026-08-17 02:03:04.765,0.03886898819521659,yolo-inference-755b67b9bb-6sgp9
2026-08-17 02:03:09.765,0.03364364439536163,yolo-inference-755b67b9bb-mpvj4
2026-08-17 02:03:09.765,0.028401288637937963,yolo-inference-755b67b9bb-8jq9v
2026-08-17 02:03:09.765,0.03886898819521659,yolo-inference-755b67b9bb-6sgp9
2026-08-17 02:03:09.765,0.033896889024751894,yolo-inference-755b67b9bb-9f28w
2026-08-17 02:03:09.765,0.038266341679592294,yolo-inference-755b67b9bb-c49xx
2026-08-17 02:03:14.765,0.03213893085862649,yolo-inference-755b67b9bb-6sgp9
2026-08-17 02:03:14.765,0.03785132740162036,yolo-inference-755b67b9bb-9f28w
2026-08-17 02:03:14.765,0.03364364439536163,yolo-inference-755b67b9bb-mpvj4
2026-08-17 02:03:14.765,0.033100062113045794,yolo-inference-755b67b9bb-8jq9v
2026-08-17 02:03:14.765,0.038266341679592294,yolo-inference-755b67b9bb-c49xx
2026-08-17 02:03:19.765,0.03584332089130191,yolo-inference-755b67b9bb-9f28w
2026-08-17 02:03:19.765,0.036798061498836535,yolo-inference-755b67b9bb-6sgp9
2026-08-17 02:03:19.765,0.036420502932433464,yolo-inference-755b67b9bb-c49xx
2026-08-17 02:03:19.765,0.033170244334362387,yolo-inference-755b67b9bb-mpvj4
2026-08-17 02:03:19.765,0.033100062113045794,yolo-inference-755b67b9bb-8jq9v
2026-08-17 02:03:24.765,0.03584332089130191,yolo-inference-755b67b9bb-9f28w
2026-08-17 02:03:24.765,0.03556184725228813,yolo-inference-755b67b9bb-c49xx
2026-08-17 02:03:24.765,0.03303906456210747,yolo-inference-755b67b9bb-8jq9v
2026-08-17 02:03:24.765,0.036798061498836535,yolo-inference-755b67b9bb-6sgp9
2026-08-17 02:03:24.765,0.033170244334362387,yolo-inference-755b67b9bb-mpvj4
2026-08-17 02:03:29.765,0.03556184725228813,yolo-inference-755b67b9bb-c49xx
2026-08-17 02:03:29.765,0.03332149467838965,yolo-inference-755b67b9bb-mpvj4
2026-08-17 02:03:29.765,0.03642485852960264,yolo-inference-755b67b9bb-9f28w
2026-08-17 02:03:29.765,0.027971606259714905,yolo-inference-755b67b9bb-8jq9v
2026-08-17 02:03:29.765,0.036798061498836535,yolo-inference-755b67b9bb-6sgp9
2026-08-17 02:03:34.765,0.035846038777975923,yolo-inference-755b67b9bb-c49xx
2026-08-17 02:03:34.765,0.03323737605420095,yolo-inference-755b67b9bb-8jq9v
2026-08-17 02:03:34.765,0.03645371299280664,yolo-inference-755b67b9bb-6sgp9
2026-08-17 02:03:34.765,0.03642485852960264,yolo-inference-755b67b9bb-9f28w
2026-08-17 02:03:34.765,0.033401935190285656,yolo-inference-755b67b9bb-mpvj4
2026-08-17 02:03:39.765,0.03645371299280664,yolo-inference-755b67b9bb-6sgp9
2026-08-17 02:03:39.765,0.03642485852960264,yolo-inference-755b67b9bb-9f28w
2026-08-17 02:03:39.765,0.033401935190285656,yolo-inference-755b67b9bb-mpvj4
2026-08-17 02:03:39.765,0.03603526630747274,yolo-inference-755b67b9bb-c49xx
2026-08-17 02:03:39.765,0.03312420834366332,yolo-inference-755b67b9bb-8jq9v
2026-08-17 02:03:44.765,0.03461530627989516,yolo-inference-755b67b9bb-9f28w
2026-08-17 02:03:44.765,0.036453712992806635,yolo-inference-755b67b9bb-6sgp9
2026-08-17 02:03:44.765,0.03312420834366332,yolo-inference-755b67b9bb-8jq9v
2026-08-17 02:03:44.765,0.03603526630747274,yolo-inference-755b67b9bb-c49xx
2026-08-17 02:03:44.765,0.027160760871833556,yolo-inference-755b67b9bb-mpvj4
2026-08-17 02:03:49.765,0.03394926112582217,yolo-inference-755b67b9bb-8jq9v
2026-08-17 02:03:49.765,0.034797300464898234,yolo-inference-755b67b9bb-9f28w
2026-08-17 02:03:49.765,0.02793226114354354,yolo-inference-755b67b9bb-c49xx
2026-08-17 02:03:49.765,0.033477500192965734,yolo-inference-755b67b9bb-mpvj4
2026-08-17 02:03:49.765,0.03654844056465649,yolo-inference-755b67b9bb-6sgp9
2026-08-17 02:03:54.765,0.034328054469801944,yolo-inference-755b67b9bb-c49xx
2026-08-17 02:03:54.765,0.03394926112582217,yolo-inference-755b67b9bb-8jq9v
2026-08-17 02:03:54.765,0.033477500192965734,yolo-inference-755b67b9bb-mpvj4
2026-08-17 02:03:54.765,0.034797300464898234,yolo-inference-755b67b9bb-9f28w
2026-08-17 02:03:54.765,0.03755465820594178,yolo-inference-755b67b9bb-6sgp9
2026-08-17 02:03:59.765,0.026862253161779613,yolo-inference-755b67b9bb-mpvj4
2026-08-17 02:03:59.765,0.03955169960041607,yolo-inference-755b67b9bb-6sgp9
2026-08-17 02:03:59.765,0.03493297156369367,yolo-inference-755b67b9bb-9f28w
2026-08-17 02:03:59.765,0.034560177411690055,yolo-inference-755b67b9bb-8jq9v
2026-08-17 02:03:59.765,0.034328054469801944,yolo-inference-755b67b9bb-c49xx
2026-08-17 02:04:04.765,0.03452309181131215,yolo-inference-755b67b9bb-8jq9v
2026-08-17 02:04:04.765,0.03461241784484033,yolo-inference-755b67b9bb-9f28w
2026-08-17 02:04:04.765,0.03955169960041607,yolo-inference-755b67b9bb-6sgp9
2026-08-17 02:04:04.765,0.03453805470989542,yolo-inference-755b67b9bb-mpvj4
2026-08-17 02:04:04.765,0.03434281962258725,yolo-inference-755b67b9bb-c49xx
2026-08-17 02:04:09.765,0.03453805470989542,yolo-inference-755b67b9bb-mpvj4
2026-08-17 02:04:09.765,0.03955169960041607,yolo-inference-755b67b9bb-6sgp9
2026-08-17 02:04:09.765,0.03467525081950937,yolo-inference-755b67b9bb-c49xx
2026-08-17 02:04:09.765,0.03452309181131215,yolo-inference-755b67b9bb-8jq9v
2026-08-17 02:04:09.765,0.03461241784484033,yolo-inference-755b67b9bb-9f28w
2026-08-17 02:04:14.765,0.03467525081950937,yolo-inference-755b67b9bb-c49xx
2026-08-17 02:04:14.765,0.03862407013815089,yolo-inference-755b67b9bb-6sgp9
2026-08-17 02:04:14.765,0.034576112553589694,yolo-inference-755b67b9bb-9f28w
2026-08-17 02:04:14.765,0.03453805470989542,yolo-inference-755b67b9bb-mpvj4
2026-08-17 02:04:14.765,0.028749145644416454,yolo-inference-755b67b9bb-8jq9v
2026-08-17 02:04:19.765,0.028947092024408753,yolo-inference-755b67b9bb-c49xx
2026-08-17 02:04:19.765,0.03434446759948399,yolo-inference-755b67b9bb-9f28w
2026-08-17 02:04:19.765,0.034877679756057926,yolo-inference-755b67b9bb-8jq9v
2026-08-17 02:04:19.765,0.0347052766071054,yolo-inference-755b67b9bb-mpvj4
2026-08-17 02:04:19.765,0.038162775864268396,yolo-inference-755b67b9bb-6sgp9
2026-08-17 02:04:24.765,0.034877679756057926,yolo-inference-755b67b9bb-8jq9v
2026-08-17 02:04:24.765,0.03434446759948399,yolo-inference-755b67b9bb-9f28w
2026-08-17 02:04:24.765,0.0347052766071054,yolo-inference-755b67b9bb-mpvj4
2026-08-17 02:04:24.765,0.03381457805907179,yolo-inference-755b67b9bb-c49xx
2026-08-17 02:04:24.765,0.038162775864268396,yolo-inference-755b67b9bb-6sgp9
2026-08-17 02:04:29.765,0.038162775864268396,yolo-inference-755b67b9bb-6sgp9
2026-08-17 02:04:29.765,0.03381457805907179,yolo-inference-755b67b9bb-c49xx
2026-08-17 02:04:29.765,0.03388853019369549,yolo-inference-755b67b9bb-9f28w
2026-08-17 02:04:29.765,0.034877679756057926,yolo-inference-755b67b9bb-8jq9v
2026-08-17 02:04:29.765,0.03521659815695443,yolo-inference-755b67b9bb-mpvj4
2026-08-17 02:04:34.765,0.03478984857278519,yolo-inference-755b67b9bb-6sgp9
2026-08-17 02:04:34.765,0.03381457805907179,yolo-inference-755b67b9bb-c49xx
2026-08-17 02:04:34.765,0.03388853019369549,yolo-inference-755b67b9bb-9f28w
2026-08-17 02:04:34.765,0.034266207321636995,yolo-inference-755b67b9bb-8jq9v
2026-08-17 02:04:34.765,0.0346562373722797,yolo-inference-755b67b9bb-mpvj4
2026-08-17 02:04:39.765,0.033711293313811605,yolo-inference-755b67b9bb-9f28w
2026-08-17 02:04:39.765,0.03374938949938951,yolo-inference-755b67b9bb-c49xx
2026-08-17 02:04:39.765,0.03465623737227969,yolo-inference-755b67b9bb-mpvj4
2026-08-17 02:04:39.765,0.034266207321636995,yolo-inference-755b67b9bb-8jq9v
2026-08-17 02:04:39.765,0.03478984857278519,yolo-inference-755b67b9bb-6sgp9
2026-08-17 02:04:44.765,0.034033319902054944,yolo-inference-755b67b9bb-mpvj4
2026-08-17 02:04:44.765,0.03374938949938951,yolo-inference-755b67b9bb-c49xx
2026-08-17 02:04:44.765,0.033711293313811605,yolo-inference-755b67b9bb-9f28w
2026-08-17 02:04:44.765,0.03405617154811719,yolo-inference-755b67b9bb-8jq9v
2026-08-17 02:04:44.765,0.0340774296586943,yolo-inference-755b67b9bb-6sgp9
2026-08-17 02:04:49.765,0.034033319902054944,yolo-inference-755b67b9bb-mpvj4
2026-08-17 02:04:49.765,0.033417709249115135,yolo-inference-755b67b9bb-c49xx
2026-08-17 02:04:49.765,0.0336478098232679,yolo-inference-755b67b9bb-9f28w
2026-08-17 02:04:49.765,0.033888473165171754,yolo-inference-755b67b9bb-8jq9v
2026-08-17 02:04:49.765,0.0340774296586943,yolo-inference-755b67b9bb-6sgp9
2026-08-17 02:04:54.765,0.033550858285650804,yolo-inference-755b67b9bb-9f28w
2026-08-17 02:04:54.765,0.033888473165171754,yolo-inference-755b67b9bb-8jq9v
2026-08-17 02:04:54.765,0.02672357487010883,yolo-inference-755b67b9bb-6sgp9
2026-08-17 02:04:54.765,0.035615686351040114,yolo-inference-755b67b9bb-mpvj4
2026-08-17 02:04:54.765,0.033417709249115135,yolo-inference-755b67b9bb-c49xx
2026-08-17 02:04:59.765,0.028316266830340702,yolo-inference-755b67b9bb-8jq9v
2026-08-17 02:04:59.765,0.035615686351040114,yolo-inference-755b67b9bb-mpvj4
2026-08-17 02:04:59.765,0.033417709249115135,yolo-inference-755b67b9bb-c49xx
2026-08-17 02:04:59.765,0.033550858285650804,yolo-inference-755b67b9bb-9f28w
2026-08-17 02:04:59.765,0.032236726741354166,yolo-inference-755b67b9bb-6sgp9
2026-08-17 02:05:04.765,0.03242754273548866,yolo-inference-755b67b9bb-6sgp9
2026-08-17 02:05:04.765,0.037279990270437595,yolo-inference-755b67b9bb-8jq9v
2026-08-17 02:05:04.765,0.03338679912901463,yolo-inference-755b67b9bb-9f28w
2026-08-17 02:05:04.765,0.0360914104426721,yolo-inference-755b67b9bb-mpvj4
2026-08-17 02:05:04.765,0.020747674999999965,yolo-inference-755b67b9bb-c49xx
2026-08-17 02:05:09.765,0.034541397698568614,yolo-inference-755b67b9bb-9f28w
2026-08-17 02:05:09.765,0.03242754273548866,yolo-inference-755b67b9bb-6sgp9
2026-08-17 02:05:09.765,0.03385934448601212,yolo-inference-755b67b9bb-c49xx
2026-08-17 02:05:09.765,0.0360914104426721,yolo-inference-755b67b9bb-mpvj4
2026-08-17 02:05:09.765,0.037279990270437595,yolo-inference-755b67b9bb-8jq9v
2026-08-17 02:05:14.765,0.0381458930679711,yolo-inference-755b67b9bb-mpvj4
2026-08-17 02:05:14.765,0.03385934448601212,yolo-inference-755b67b9bb-c49xx
2026-08-17 02:05:14.765,0.034541397698568614,yolo-inference-755b67b9bb-9f28w
2026-08-17 02:05:14.765,0.028065712718064465,yolo-inference-755b67b9bb-6sgp9
2026-08-17 02:05:14.765,0.037279990270437595,yolo-inference-755b67b9bb-8jq9v
2026-08-17 02:05:19.765,0.03385934448601212,yolo-inference-755b67b9bb-c49xx
2026-08-17 02:05:19.765,0.03167135693508248,yolo-inference-755b67b9bb-9f28w
2026-08-17 02:05:19.765,0.040018905549944396,yolo-inference-755b67b9bb-mpvj4
2026-08-17 02:05:19.765,0.04125164606803015,yolo-inference-755b67b9bb-8jq9v
2026-08-17 02:05:19.765,0.03287377647578538,yolo-inference-755b67b9bb-6sgp9
2026-08-17 02:05:24.765,0.03287377647578538,yolo-inference-755b67b9bb-6sgp9
2026-08-17 02:05:24.765,0.027052808932231744,yolo-inference-755b67b9bb-c49xx
2026-08-17 02:05:24.765,0.03881188045202233,yolo-inference-755b67b9bb-9f28w
2026-08-17 02:05:24.765,0.04125164606803015,yolo-inference-755b67b9bb-8jq9v
2026-08-17 02:05:24.765,0.040018905549944396,yolo-inference-755b67b9bb-mpvj4
2026-08-17 02:05:29.765,0.041024084738790614,yolo-inference-755b67b9bb-c49xx
2026-08-17 02:05:29.765,0.02801037519433023,yolo-inference-755b67b9bb-6sgp9
2026-08-17 02:05:29.765,0.04367669493094381,yolo-inference-755b67b9bb-mpvj4
2026-08-17 02:05:29.765,0.04125164606803015,yolo-inference-755b67b9bb-8jq9v
2026-08-17 02:05:29.765,0.03881188045202233,yolo-inference-755b67b9bb-9f28w
2026-08-17 02:05:34.765,0.040592046666248494,yolo-inference-755b67b9bb-6sgp9
2026-08-17 02:05:34.765,0.04288988173919174,yolo-inference-755b67b9bb-9f28w
2026-08-17 02:05:34.765,0.041024084738790614,yolo-inference-755b67b9bb-c49xx
2026-08-17 02:05:34.765,0.04658629941487086,yolo-inference-755b67b9bb-mpvj4
2026-08-17 02:05:34.765,0.046519061522419226,yolo-inference-755b67b9bb-8jq9v
2026-08-17 02:05:39.765,0.040592046666248494,yolo-inference-755b67b9bb-6sgp9
2026-08-17 02:05:39.765,0.045321555061362394,yolo-inference-755b67b9bb-c49xx
2026-08-17 02:05:39.765,0.040532472159556084,yolo-inference-755b67b9bb-9f28w
2026-08-17 02:05:39.765,0.046519061522419226,yolo-inference-755b67b9bb-8jq9v
2026-08-17 02:05:39.765,0.04817718923536954,yolo-inference-755b67b9bb-mpvj4
2026-08-17 02:05:44.765,0.04701264257595638,yolo-inference-755b67b9bb-9f28w
2026-08-17 02:05:44.765,0.04817718923536954,yolo-inference-755b67b9bb-mpvj4
2026-08-17 02:05:44.765,0.041477703827887194,yolo-inference-755b67b9bb-8jq9v
2026-08-17 02:05:44.765,0.04026538210581534,yolo-inference-755b67b9bb-6sgp9
2026-08-17 02:05:44.765,0.045321555061362394,yolo-inference-755b67b9bb-c49xx
2026-08-17 02:05:49.765,0.04817718923536954,yolo-inference-755b67b9bb-mpvj4
2026-08-17 02:05:49.765,0.05002483205108309,yolo-inference-755b67b9bb-8jq9v
2026-08-17 02:05:49.765,0.04718645546048145,yolo-inference-755b67b9bb-6sgp9
2026-08-17 02:05:49.765,0.0511897289127569,yolo-inference-755b67b9bb-c49xx
2026-08-17 02:05:49.765,0.04877678407463187,yolo-inference-755b67b9bb-9f28w
2026-08-17 02:05:54.765,0.0418699988925781,yolo-inference-755b67b9bb-c49xx
2026-08-17 02:05:54.765,0.04718645546048145,yolo-inference-755b67b9bb-6sgp9
2026-08-17 02:05:54.765,0.0522784663051898,yolo-inference-755b67b9bb-9f28w
2026-08-17 02:05:54.765,0.043525984490648935,yolo-inference-755b67b9bb-mpvj4
2026-08-17 02:05:54.765,0.05002483205108309,yolo-inference-755b67b9bb-8jq9v
2026-08-17 02:05:59.765,0.04849321403260106,yolo-inference-755b67b9bb-6sgp9
2026-08-17 02:05:59.765,0.0522784663051898,yolo-inference-755b67b9bb-9f28w
2026-08-17 02:05:59.765,0.050024832051083094,yolo-inference-755b67b9bb-8jq9v
2026-08-17 02:05:59.765,0.05170235550316659,yolo-inference-755b67b9bb-c49xx
2026-08-17 02:05:59.765,0.05277440594059391,yolo-inference-755b67b9bb-mpvj4
2026-08-17 02:06:04.765,0.052899022050004574,yolo-inference-755b67b9bb-6sgp9
2026-08-17 02:06:04.765,0.052092802455695676,yolo-inference-755b67b9bb-9f28w
2026-08-17 02:06:04.765,0.05170235550316659,yolo-inference-755b67b9bb-c49xx
2026-08-17 02:06:04.765,0.052399828574006345,yolo-inference-755b67b9bb-8jq9v
2026-08-17 02:06:04.765,0.05245715651591924,yolo-inference-755b67b9bb-mpvj4
2026-08-17 02:06:09.765,0.05267675360299548,yolo-inference-755b67b9bb-9f28w
2026-08-17 02:06:09.765,0.051967960721625975,yolo-inference-755b67b9bb-c49xx
2026-08-17 02:06:09.765,0.052399828574006345,yolo-inference-755b67b9bb-8jq9v
2026-08-17 02:06:09.765,0.052899022050004574,yolo-inference-755b67b9bb-6sgp9
2026-08-17 02:06:09.765,0.05245715651591924,yolo-inference-755b67b9bb-mpvj4
2026-08-17 02:06:14.765,0.05267675360299548,yolo-inference-755b67b9bb-9f28w
2026-08-17 02:06:14.765,0.051967960721625975,yolo-inference-755b67b9bb-c49xx
2026-08-17 02:06:14.765,0.04411096009730108,yolo-inference-755b67b9bb-6sgp9
2026-08-17 02:06:14.765,0.05229424838727166,yolo-inference-755b67b9bb-mpvj4
2026-08-17 02:06:14.765,0.052399828574006345,yolo-inference-755b67b9bb-8jq9v
2026-08-17 02:06:19.765,0.051967960721625975,yolo-inference-755b67b9bb-c49xx
2026-08-17 02:06:19.765,0.052054768185272916,yolo-inference-755b67b9bb-8jq9v
2026-08-17 02:06:19.765,0.05253535045859136,yolo-inference-755b67b9bb-9f28w
2026-08-17 02:06:19.765,0.052483860481125945,yolo-inference-755b67b9bb-mpvj4
2026-08-17 02:06:19.765,0.05227139624035836,yolo-inference-755b67b9bb-6sgp9
2026-08-17 02:06:24.765,0.052153928333741995,yolo-inference-755b67b9bb-c49xx
2026-08-17 02:06:24.765,0.052054768185272916,yolo-inference-755b67b9bb-8jq9v
2026-08-17 02:06:24.765,0.052483860481125945,yolo-inference-755b67b9bb-mpvj4
2026-08-17 02:06:24.765,0.05230446955917525,yolo-inference-755b67b9bb-9f28w
2026-08-17 02:06:24.765,0.05227139624035836,yolo-inference-755b67b9bb-6sgp9
2026-08-17 02:06:29.765,0.052168047131459255,yolo-inference-755b67b9bb-c49xx
2026-08-17 02:06:29.765,0.05236085808092024,yolo-inference-755b67b9bb-mpvj4
2026-08-17 02:06:29.765,0.05227139624035836,yolo-inference-755b67b9bb-6sgp9
2026-08-17 02:06:29.765,0.05230446955917525,yolo-inference-755b67b9bb-9f28w
2026-08-17 02:06:29.765,0.052054768185272916,yolo-inference-755b67b9bb-8jq9v
2026-08-17 02:06:34.765,0.051788183550798984,yolo-inference-755b67b9bb-9f28w
2026-08-17 02:06:34.765,0.045112806301068856,yolo-inference-755b67b9bb-mpvj4
2026-08-17 02:06:34.765,0.05195813575396285,yolo-inference-755b67b9bb-8jq9v
2026-08-17 02:06:34.765,0.05191187263372489,yolo-inference-755b67b9bb-6sgp9
2026-08-17 02:06:34.765,0.052168047131459255,yolo-inference-755b67b9bb-c49xx
2026-08-17 02:06:39.765,0.05196073454762614,yolo-inference-755b67b9bb-mpvj4
2026-08-17 02:06:39.765,0.05195813575396285,yolo-inference-755b67b9bb-8jq9v
2026-08-17 02:06:39.765,0.035091674999999975,yolo-inference-755b67b9bb-c49xx
2026-08-17 02:06:39.765,0.05191187263372488,yolo-inference-755b67b9bb-6sgp9
2026-08-17 02:06:39.765,0.05181042177108856,yolo-inference-755b67b9bb-9f28w
2026-08-17 02:06:44.765,0.05199440915419422,yolo-inference-755b67b9bb-c49xx
2026-08-17 02:06:44.765,0.05171134763124202,yolo-inference-755b67b9bb-6sgp9
2026-08-17 02:06:44.765,0.05195813575396285,yolo-inference-755b67b9bb-8jq9v
2026-08-17 02:06:44.765,0.05181042177108856,yolo-inference-755b67b9bb-9f28w
2026-08-17 02:06:44.765,0.05196073454762614,yolo-inference-755b67b9bb-mpvj4
2026-08-17 02:06:49.765,0.05171134763124202,yolo-inference-755b67b9bb-6sgp9
2026-08-17 02:06:49.765,0.05199440915419422,yolo-inference-755b67b9bb-c49xx
2026-08-17 02:06:49.765,0.05223492823971939,yolo-inference-755b67b9bb-8jq9v
2026-08-17 02:06:49.765,0.0520753565583353,yolo-inference-755b67b9bb-9f28w
2026-08-17 02:06:49.765,0.05196073454762614,yolo-inference-755b67b9bb-mpvj4
2026-08-17 02:06:54.765,0.05221079189248889,yolo-inference-755b67b9bb-c49xx
2026-08-17 02:06:54.765,0.0520753565583353,yolo-inference-755b67b9bb-9f28w
2026-08-17 02:06:54.765,0.05223492823971939,yolo-inference-755b67b9bb-8jq9v
2026-08-17 02:06:54.765,0.052075265980831724,yolo-inference-755b67b9bb-6sgp9
2026-08-17 02:06:54.765,0.05245426433699501,yolo-inference-755b67b9bb-mpvj4
2026-08-17 02:06:59.765,0.05245426433699501,yolo-inference-755b67b9bb-mpvj4
2026-08-17 02:06:59.765,0.05255775197234294,yolo-inference-755b67b9bb-c49xx
2026-08-17 02:06:59.765,0.052282769152456054,yolo-inference-755b67b9bb-6sgp9
2026-08-17 02:06:59.765,0.05207535655833529,yolo-inference-755b67b9bb-9f28w
2026-08-17 02:06:59.765,0.05211056242852685,yolo-inference-755b67b9bb-8jq9v
2026-08-17 02:07:04.765,0.05238872664905195,yolo-inference-755b67b9bb-8jq9v
2026-08-17 02:07:04.765,0.05255775197234294,yolo-inference-755b67b9bb-c49xx
2026-08-17 02:07:04.765,0.05221268317987285,yolo-inference-755b67b9bb-mpvj4
2026-08-17 02:07:04.765,0.052282769152456054,yolo-inference-755b67b9bb-6sgp9
2026-08-17 02:07:04.765,0.030505374999999904,yolo-inference-755b67b9bb-9f28w
2026-08-17 02:07:09.765,0.05219289727552208,yolo-inference-755b67b9bb-c49xx
2026-08-17 02:07:09.765,0.05206082755461157,yolo-inference-755b67b9bb-mpvj4
2026-08-17 02:07:09.765,0.05246615891409475,yolo-inference-755b67b9bb-9f28w
2026-08-17 02:07:09.765,0.05238872664905195,yolo-inference-755b67b9bb-8jq9v
2026-08-17 02:07:09.765,0.052282769152456054,yolo-inference-755b67b9bb-6sgp9
2026-08-17 02:07:14.765,0.05246615891409475,yolo-inference-755b67b9bb-9f28w
2026-08-17 02:07:14.765,0.05206082755461157,yolo-inference-755b67b9bb-mpvj4
2026-08-17 02:07:14.765,0.05209240687679087,yolo-inference-755b67b9bb-6sgp9
2026-08-17 02:07:14.765,0.052166082451310644,yolo-inference-755b67b9bb-8jq9v
2026-08-17 02:07:14.765,0.05219289727552208,yolo-inference-755b67b9bb-c49xx
2026-08-17 02:07:19.765,0.05219289727552208,yolo-inference-755b67b9bb-c49xx
2026-08-17 02:07:19.765,0.05215768289615108,yolo-inference-755b67b9bb-8jq9v
2026-08-17 02:07:19.765,0.041560296614491885,yolo-inference-755b67b9bb-mpvj4
2026-08-17 02:07:19.765,0.05246615891409475,yolo-inference-755b67b9bb-9f28w
2026-08-17 02:07:19.765,0.05209240687679087,yolo-inference-755b67b9bb-6sgp9
2026-08-17 02:07:24.765,0.043742553983468324,yolo-inference-755b67b9bb-mpvj4
2026-08-17 02:07:24.765,0.036881649999999946,yolo-inference-755b67b9bb-c49xx
2026-08-17 02:07:24.765,0.05215768289615109,yolo-inference-755b67b9bb-8jq9v
2026-08-17 02:07:24.765,0.05209240687679087,yolo-inference-755b67b9bb-6sgp9
2026-08-17 02:07:24.765,0.05225639749491921,yolo-inference-755b67b9bb-9f28w
2026-08-17 02:07:29.765,0.052343855364595605,yolo-inference-755b67b9bb-8jq9v
2026-08-17 02:07:29.765,0.052492130842335526,yolo-inference-755b67b9bb-mpvj4
2026-08-17 02:07:29.765,0.052318776788974966,yolo-inference-755b67b9bb-6sgp9
2026-08-17 02:07:29.765,0.05225639749491921,yolo-inference-755b67b9bb-9f28w
2026-08-17 02:07:29.765,0.05196055679384647,yolo-inference-755b67b9bb-c49xx
2026-08-17 02:07:34.765,0.052492130842335526,yolo-inference-755b67b9bb-mpvj4
2026-08-17 02:07:34.765,0.0522563974949192,yolo-inference-755b67b9bb-9f28w
2026-08-17 02:07:34.765,0.042492075378254356,yolo-inference-755b67b9bb-6sgp9
2026-08-17 02:07:34.765,0.04505867629615453,yolo-inference-755b67b9bb-8jq9v
2026-08-17 02:07:34.765,0.05196055679384647,yolo-inference-755b67b9bb-c49xx
2026-08-17 02:07:39.765,0.05222425306878719,yolo-inference-755b67b9bb-9f28w
2026-08-17 02:07:39.765,0.05196055679384647,yolo-inference-755b67b9bb-c49xx
2026-08-17 02:07:39.765,0.0517439565155199,yolo-inference-755b67b9bb-8jq9v
2026-08-17 02:07:39.765,0.051923522492731876,yolo-inference-755b67b9bb-6sgp9
2026-08-17 02:07:39.765,0.052207899255867316,yolo-inference-755b67b9bb-mpvj4
2026-08-17 02:07:44.765,0.051559824769553696,yolo-inference-755b67b9bb-c49xx
2026-08-17 02:07:44.765,0.05222425306878719,yolo-inference-755b67b9bb-9f28w
2026-08-17 02:07:44.765,0.05214093146394222,yolo-inference-755b67b9bb-mpvj4
2026-08-17 02:07:44.765,0.0517439565155199,yolo-inference-755b67b9bb-8jq9v
2026-08-17 02:07:44.765,0.051923522492731876,yolo-inference-755b67b9bb-6sgp9
2026-08-17 02:07:49.765,0.05180080902813573,yolo-inference-755b67b9bb-8jq9v
2026-08-17 02:07:49.765,0.05214093146394222,yolo-inference-755b67b9bb-mpvj4
2026-08-17 02:07:49.765,0.051923522492731876,yolo-inference-755b67b9bb-6sgp9
2026-08-17 02:07:49.765,0.05187062818336162,yolo-inference-755b67b9bb-9f28w
2026-08-17 02:07:49.765,0.051913496542558245,yolo-inference-755b67b9bb-c49xx
2026-08-17 02:07:54.765,0.05223930101842069,yolo-inference-755b67b9bb-8jq9v
2026-08-17 02:07:54.765,0.05230713952659152,yolo-inference-755b67b9bb-mpvj4
2026-08-17 02:07:54.765,0.0520379293371254,yolo-inference-755b67b9bb-c49xx
2026-08-17 02:07:54.765,0.0521136837027779,yolo-inference-755b67b9bb-9f28w
2026-08-17 02:07:54.765,0.04312800148276241,yolo-inference-755b67b9bb-6sgp9
2026-08-17 02:07:59.765,0.0521136837027779,yolo-inference-755b67b9bb-9f28w
2026-08-17 02:07:59.765,0.05233133977037989,yolo-inference-755b67b9bb-6sgp9
2026-08-17 02:07:59.765,0.0520379293371254,yolo-inference-755b67b9bb-c49xx
2026-08-17 02:07:59.765,0.05217662457330726,yolo-inference-755b67b9bb-mpvj4
2026-08-17 02:07:59.765,0.045386768709129145,yolo-inference-755b67b9bb-8jq9v
2026-08-17 02:08:04.765,0.05217662457330726,yolo-inference-755b67b9bb-mpvj4
2026-08-17 02:08:04.765,0.0521136837027779,yolo-inference-755b67b9bb-9f28w
2026-08-17 02:08:04.765,0.05233133977037989,yolo-inference-755b67b9bb-6sgp9
2026-08-17 02:08:04.765,0.052185176220885955,yolo-inference-755b67b9bb-c49xx
2026-08-17 02:08:04.765,0.05251747472128597,yolo-inference-755b67b9bb-8jq9v
2026-08-17 02:08:09.765,0.04286562444518302,yolo-inference-755b67b9bb-9f28w
2026-08-17 02:08:09.765,0.044537458900577975,yolo-inference-755b67b9bb-6sgp9
2026-08-17 02:08:09.765,0.05224227122041476,yolo-inference-755b67b9bb-8jq9v
2026-08-17 02:08:09.765,0.05191766706682657,yolo-inference-755b67b9bb-mpvj4
2026-08-17 02:08:09.765,0.0525122274724364,yolo-inference-755b67b9bb-c49xx
2026-08-17 02:08:14.765,0.051187035454933805,yolo-inference-755b67b9bb-mpvj4
2026-08-17 02:08:14.765,0.052014677728143,yolo-inference-755b67b9bb-8jq9v
2026-08-17 02:08:14.765,0.05227187871953906,yolo-inference-755b67b9bb-9f28w
2026-08-17 02:08:14.765,0.0525122274724364,yolo-inference-755b67b9bb-c49xx
2026-08-17 02:08:14.765,0.05215965826883759,yolo-inference-755b67b9bb-6sgp9
2026-08-17 02:08:19.765,0.05227187871953906,yolo-inference-755b67b9bb-9f28w
2026-08-17 02:08:19.765,0.05215965826883759,yolo-inference-755b67b9bb-6sgp9
2026-08-17 02:08:19.765,0.051187035454933805,yolo-inference-755b67b9bb-mpvj4
2026-08-17 02:08:19.765,0.052014677728143,yolo-inference-755b67b9bb-8jq9v
2026-08-17 02:08:19.765,0.0525122274724364,yolo-inference-755b67b9bb-c49xx
2026-08-17 02:08:24.765,0.04612401170504725,yolo-inference-755b67b9bb-6sgp9
2026-08-17 02:08:24.765,0.0459071394071662,yolo-inference-755b67b9bb-c49xx
2026-08-17 02:08:24.765,0.051187035454933805,yolo-inference-755b67b9bb-mpvj4
2026-08-17 02:08:24.765,0.05225153751537527,yolo-inference-755b67b9bb-9f28w
2026-08-17 02:08:24.765,0.04182789206551801,yolo-inference-755b67b9bb-8jq9v
2026-08-17 02:08:29.765,0.044528490964562184,yolo-inference-755b67b9bb-6sgp9
2026-08-17 02:08:29.765,0.042487722154388854,yolo-inference-755b67b9bb-c49xx
2026-08-17 02:08:29.765,0.04277202861373547,yolo-inference-755b67b9bb-8jq9v
2026-08-17 02:08:29.765,0.042531719707784015,yolo-inference-755b67b9bb-9f28w
2026-08-17 02:08:29.765,0.039728173540439116,yolo-inference-755b67b9bb-mpvj4
2026-08-17 02:08:34.765,0.042531719707784015,yolo-inference-755b67b9bb-9f28w
2026-08-17 02:08:34.765,0.044528490964562184,yolo-inference-755b67b9bb-6sgp9
2026-08-17 02:08:34.765,0.039728173540439116,yolo-inference-755b67b9bb-mpvj4
2026-08-17 02:08:34.765,0.04248772215438886,yolo-inference-755b67b9bb-c49xx
2026-08-17 02:08:34.765,0.04277202861373547,yolo-inference-755b67b9bb-8jq9v
2026-08-17 02:08:39.765,0.039728173540439116,yolo-inference-755b67b9bb-mpvj4
2026-08-17 02:08:39.765,0.03346871846619576,yolo-inference-755b67b9bb-6sgp9
2026-08-17 02:08:39.765,0.03361856750908969,yolo-inference-755b67b9bb-8jq9v
2026-08-17 02:08:39.765,0.03688972922691157,yolo-inference-755b67b9bb-c49xx
2026-08-17 02:08:39.765,0.033726014529058136,yolo-inference-755b67b9bb-9f28w
2026-08-17 02:08:44.765,0.033726014529058136,yolo-inference-755b67b9bb-9f28w
2026-08-17 02:08:44.765,0.03361856750908969,yolo-inference-755b67b9bb-8jq9v
2026-08-17 02:08:44.765,0.031003653709530208,yolo-inference-755b67b9bb-mpvj4
2026-08-17 02:08:44.765,0.03688972922691157,yolo-inference-755b67b9bb-c49xx
2026-08-17 02:08:44.765,0.03346871846619576,yolo-inference-755b67b9bb-6sgp9
2026-08-17 02:08:49.765,0.026754252825547113,yolo-inference-755b67b9bb-c49xx
2026-08-17 02:08:49.765,0.03346871846619576,yolo-inference-755b67b9bb-6sgp9
2026-08-17 02:08:49.765,0.033726014529058136,yolo-inference-755b67b9bb-9f28w
2026-08-17 02:08:49.765,0.03126689243960867,yolo-inference-755b67b9bb-8jq9v
2026-08-17 02:08:49.765,0.031003653709530208,yolo-inference-755b67b9bb-mpvj4
2026-08-17 02:08:54.765,0.031003653709530208,yolo-inference-755b67b9bb-mpvj4
2026-08-17 02:08:54.765,0.026754252825547113,yolo-inference-755b67b9bb-c49xx
2026-08-17 02:08:54.765,0.0181683765996714,yolo-inference-755b67b9bb-9f28w
2026-08-17 02:08:54.765,0.02195964002649557,yolo-inference-755b67b9bb-6sgp9
2026-08-17 02:08:54.765,0.024900590061375773,yolo-inference-755b67b9bb-8jq9v
2026-08-17 02:08:59.765,0.02150909800478057,yolo-inference-755b67b9bb-9f28w
2026-08-17 02:08:59.765,0.024900590061375773,yolo-inference-755b67b9bb-8jq9v
2026-08-17 02:08:59.765,0.02556201292273358,yolo-inference-755b67b9bb-c49xx
2026-08-17 02:08:59.765,0.02195964002649557,yolo-inference-755b67b9bb-6sgp9
2026-08-17 02:08:59.765,0.021204483088212635,yolo-inference-755b67b9bb-mpvj4
2026-08-17 02:09:04.765,0.016864290644632955,yolo-inference-755b67b9bb-c49xx
2026-08-17 02:09:04.765,0.023762586069686183,yolo-inference-755b67b9bb-8jq9v
2026-08-17 02:09:04.765,0.02195964002649557,yolo-inference-755b67b9bb-6sgp9
2026-08-17 02:09:04.765,0.021265113244085095,yolo-inference-755b67b9bb-mpvj4
2026-08-17 02:09:04.765,0.02150909800478057,yolo-inference-755b67b9bb-9f28w
2026-08-17 02:09:09.765,0.017844216238042943,yolo-inference-755b67b9bb-8jq9v
2026-08-17 02:09:09.765,0.021265113244085095,yolo-inference-755b67b9bb-mpvj4
2026-08-17 02:09:09.765,0.02195964002649557,yolo-inference-755b67b9bb-6sgp9
2026-08-17 02:09:09.765,0.017559669126136112,yolo-inference-755b67b9bb-9f28w
2026-08-17 02:09:09.765,0.0185724074184725,yolo-inference-755b67b9bb-c49xx
2026-08-17 02:09:14.765,0.021084495635742016,yolo-inference-755b67b9bb-9f28w
2026-08-17 02:09:14.765,0.021224143524526295,yolo-inference-755b67b9bb-mpvj4
2026-08-17 02:09:14.765,0.0212523914066175,yolo-inference-755b67b9bb-8jq9v
2026-08-17 02:09:14.765,0.021050289637416942,yolo-inference-755b67b9bb-c49xx
2026-08-17 02:09:14.765,0.02107009807961769,yolo-inference-755b67b9bb-6sgp9
2026-08-17 02:09:19.765,0.02107009807961769,yolo-inference-755b67b9bb-6sgp9
2026-08-17 02:09:19.765,0.02104343901128434,yolo-inference-755b67b9bb-mpvj4
2026-08-17 02:09:19.765,0.021050289637416942,yolo-inference-755b67b9bb-c49xx
2026-08-17 02:09:19.765,0.021154010195584563,yolo-inference-755b67b9bb-8jq9v
2026-08-17 02:09:19.765,0.021084495635742016,yolo-inference-755b67b9bb-9f28w
2026-08-17 02:09:24.765,0.01776801769859472,yolo-inference-755b67b9bb-c49xx
2026-08-17 02:09:24.765,0.021106158332801137,yolo-inference-755b67b9bb-6sgp9
2026-08-17 02:09:24.765,0.021084495635742016,yolo-inference-755b67b9bb-9f28w
2026-08-17 02:09:24.765,0.021154010195584556,yolo-inference-755b67b9bb-8jq9v
2026-08-17 02:09:24.765,0.02104343901128434,yolo-inference-755b67b9bb-mpvj4
2026-08-17 02:09:29.765,0.021034929815440594,yolo-inference-755b67b9bb-mpvj4
2026-08-17 02:09:29.765,0.021347642276422683,yolo-inference-755b67b9bb-c49xx
2026-08-17 02:09:29.765,0.02118175573290236,yolo-inference-755b67b9bb-8jq9v
2026-08-17 02:09:29.765,0.02116402365410991,yolo-inference-755b67b9bb-9f28w
2026-08-17 02:09:29.765,0.021106158332801137,yolo-inference-755b67b9bb-6sgp9
2026-08-17 02:09:34.765,0.02116402365410991,yolo-inference-755b67b9bb-9f28w
2026-08-17 02:09:34.765,0.021347642276422683,yolo-inference-755b67b9bb-c49xx
2026-08-17 02:09:34.765,0.02118175573290236,yolo-inference-755b67b9bb-8jq9v
2026-08-17 02:09:34.765,0.02110615833280114,yolo-inference-755b67b9bb-6sgp9
2026-08-17 02:09:34.765,0.02119993993392728,yolo-inference-755b67b9bb-mpvj4
2026-08-17 02:09:39.765,0.021068684398247224,yolo-inference-755b67b9bb-8jq9v
2026-08-17 02:09:39.765,0.021174554662940912,yolo-inference-755b67b9bb-6sgp9
2026-08-17 02:09:39.765,0.0213855738179013,yolo-inference-755b67b9bb-c49xx
2026-08-17 02:09:39.765,0.020985769515505646,yolo-inference-755b67b9bb-9f28w
2026-08-17 02:09:39.765,0.02119993993392728,yolo-inference-755b67b9bb-mpvj4
2026-08-17 02:09:44.765,0.021115371379409335,yolo-inference-755b67b9bb-mpvj4
2026-08-17 02:09:44.765,0.021068684398247224,yolo-inference-755b67b9bb-8jq9v
2026-08-17 02:09:44.765,0.021174554662940912,yolo-inference-755b67b9bb-6sgp9
2026-08-17 02:09:44.765,0.020985769515505646,yolo-inference-755b67b9bb-9f28w
2026-08-17 02:09:44.765,0.021148672337755806,yolo-inference-755b67b9bb-c49xx
2026-08-17 02:09:49.765,0.021035034272658043,yolo-inference-755b67b9bb-mpvj4
2026-08-17 02:09:49.765,0.015799777777777673,yolo-inference-755b67b9bb-8jq9v
2026-08-17 02:09:49.765,0.021060688861724294,yolo-inference-755b67b9bb-c49xx
2026-08-17 02:09:49.765,0.020764638367317657,yolo-inference-755b67b9bb-9f28w
2026-08-17 02:09:49.765,0.021174554662940912,yolo-inference-755b67b9bb-6sgp9
2026-08-17 02:09:54.765,0.021060688861724294,yolo-inference-755b67b9bb-c49xx
2026-08-17 02:09:54.765,0.021035034272658043,yolo-inference-755b67b9bb-mpvj4
2026-08-17 02:09:54.765,0.017104385571693147,yolo-inference-755b67b9bb-8jq9v
2026-08-17 02:09:54.765,0.021713126669145558,yolo-inference-755b67b9bb-6sgp9
2026-08-17 02:09:54.765,0.020854991799091026,yolo-inference-755b67b9bb-9f28w
2026-08-17 02:09:59.765,0.020531588801323622,yolo-inference-755b67b9bb-6sgp9
2026-08-17 02:09:59.765,0.020160930653555675,yolo-inference-755b67b9bb-c49xx
2026-08-17 02:09:59.765,0.021035034272658043,yolo-inference-755b67b9bb-mpvj4
2026-08-17 02:09:59.765,0.020445498650181932,yolo-inference-755b67b9bb-8jq9v
2026-08-17 02:09:59.765,0.020854991799091026,yolo-inference-755b67b9bb-9f28w
2026-08-17 02:10:04.765,0.020531588801323622,yolo-inference-755b67b9bb-6sgp9
2026-08-17 02:10:04.765,0.020160930653555675,yolo-inference-755b67b9bb-c49xx
2026-08-17 02:10:04.765,0.020345564606531696,yolo-inference-755b67b9bb-8jq9v
2026-08-17 02:10:04.765,0.020241113795185804,yolo-inference-755b67b9bb-mpvj4
2026-08-17 02:10:04.765,0.020854991799091026,yolo-inference-755b67b9bb-9f28w
2026-08-17 02:10:09.765,0.02011734398822355,yolo-inference-755b67b9bb-9f28w
2026-08-17 02:10:09.765,0.020531588801323622,yolo-inference-755b67b9bb-6sgp9
2026-08-17 02:10:09.765,0.020345564606531693,yolo-inference-755b67b9bb-8jq9v
2026-08-17 02:10:09.765,0.0160591761394838,yolo-inference-755b67b9bb-c49xx
2026-08-17 02:10:09.765,0.020241113795185804,yolo-inference-755b67b9bb-mpvj4
2026-08-17 02:10:14.765,0.015960925887452394,yolo-inference-755b67b9bb-8jq9v
2026-08-17 02:10:14.765,0.01903656916341778,yolo-inference-755b67b9bb-c49xx
2026-08-17 02:10:14.765,0.020241113795185804,yolo-inference-755b67b9bb-mpvj4
2026-08-17 02:10:14.765,0.019649162961025445,yolo-inference-755b67b9bb-6sgp9
2026-08-17 02:10:14.765,0.019529722690363103,yolo-inference-755b67b9bb-9f28w
2026-08-17 02:10:19.765,0.01905127998061851,yolo-inference-755b67b9bb-9f28w
2026-08-17 02:10:19.765,0.019649162961025445,yolo-inference-755b67b9bb-6sgp9
2026-08-17 02:10:19.765,0.018505451608561114,yolo-inference-755b67b9bb-mpvj4
2026-08-17 02:10:19.765,0.01903656916341778,yolo-inference-755b67b9bb-c49xx
2026-08-17 02:10:19.765,0.0195776054147223,yolo-inference-755b67b9bb-8jq9v
2026-08-17 02:10:24.765,0.01903656916341778,yolo-inference-755b67b9bb-c49xx
2026-08-17 02:10:24.765,0.018505451608561114,yolo-inference-755b67b9bb-mpvj4
2026-08-17 02:10:24.765,0.01861197100313494,yolo-inference-755b67b9bb-6sgp9
2026-08-17 02:10:24.765,0.01905127998061851,yolo-inference-755b67b9bb-9f28w
2026-08-17 02:10:24.765,0.0195776054147223,yolo-inference-755b67b9bb-8jq9v
2026-08-17 02:10:29.765,0.018505451608561114,yolo-inference-755b67b9bb-mpvj4
2026-08-17 02:10:29.765,0.017769464230411893,yolo-inference-755b67b9bb-c49xx
2026-08-17 02:10:29.765,0.015081105398948552,yolo-inference-755b67b9bb-9f28w
2026-08-17 02:10:29.765,0.01770002420401795,yolo-inference-755b67b9bb-6sgp9
2026-08-17 02:10:29.765,0.0192239429826913,yolo-inference-755b67b9bb-8jq9v
2026-08-17 02:10:34.765,0.017769464230411893,yolo-inference-755b67b9bb-c49xx
2026-08-17 02:10:34.765,0.01784401820546168,yolo-inference-755b67b9bb-9f28w
2026-08-17 02:10:34.765,0.01770002420401795,yolo-inference-755b67b9bb-6sgp9
2026-08-17 02:10:34.765,0.017303546451292773,yolo-inference-755b67b9bb-mpvj4
2026-08-17 02:10:34.765,0.018818743332023255,yolo-inference-755b67b9bb-8jq9v
2026-08-17 02:10:39.765,0.01784401820546168,yolo-inference-755b67b9bb-9f28w
2026-08-17 02:10:39.765,0.018766207262866624,yolo-inference-755b67b9bb-8jq9v
2026-08-17 02:10:39.765,0.014702501997834587,yolo-inference-755b67b9bb-6sgp9
2026-08-17 02:10:39.765,0.017499554793945212,yolo-inference-755b67b9bb-c49xx
2026-08-17 02:10:39.765,0.017303546451292773,yolo-inference-755b67b9bb-mpvj4
2026-08-17 02:10:44.765,0.018766207262866624,yolo-inference-755b67b9bb-8jq9v
2026-08-17 02:10:44.765,0.016692214513819963,yolo-inference-755b67b9bb-6sgp9
2026-08-17 02:10:44.765,0.017039143102789558,yolo-inference-755b67b9bb-c49xx
2026-08-17 02:10:44.765,0.01692699358224309,yolo-inference-755b67b9bb-mpvj4
2026-08-17 02:10:44.765,0.01784401820546168,yolo-inference-755b67b9bb-9f28w
2026-08-17 02:10:49.765,0.017629885887331234,yolo-inference-755b67b9bb-8jq9v
2026-08-17 02:10:49.765,0.016692214513819963,yolo-inference-755b67b9bb-6sgp9
2026-08-17 02:10:49.765,0.017039143102789558,yolo-inference-755b67b9bb-c49xx
2026-08-17 02:10:49.765,0.013234216313310152,yolo-inference-755b67b9bb-9f28w
2026-08-17 02:10:49.765,0.016481434305078327,yolo-inference-755b67b9bb-mpvj4
2026-08-17 02:10:54.765,0.016857308173283382,yolo-inference-755b67b9bb-c49xx
2026-08-17 02:10:54.765,0.01671473602618206,yolo-inference-755b67b9bb-6sgp9
2026-08-17 02:10:54.765,0.016239519912166742,yolo-inference-755b67b9bb-9f28w
2026-08-17 02:10:54.765,0.016481434305078327,yolo-inference-755b67b9bb-mpvj4
2026-08-17 02:10:54.765,0.017629885887331234,yolo-inference-755b67b9bb-8jq9v
2026-08-17 02:10:59.765,0.016205555847845617,yolo-inference-755b67b9bb-c49xx
2026-08-17 02:10:59.765,0.016015051160241177,yolo-inference-755b67b9bb-6sgp9
2026-08-17 02:10:59.765,0.016239519912166742,yolo-inference-755b67b9bb-9f28w
2026-08-17 02:10:59.765,0.016573901048372364,yolo-inference-755b67b9bb-mpvj4
2026-08-17 02:10:59.765,0.016219532419670512,yolo-inference-755b67b9bb-8jq9v
2026-08-17 02:11:04.765,0.016795882940856637,yolo-inference-755b67b9bb-9f28w
2026-08-17 02:11:04.765,0.016219532419670512,yolo-inference-755b67b9bb-8jq9v
2026-08-17 02:11:04.765,0.016015051160241177,yolo-inference-755b67b9bb-6sgp9
2026-08-17 02:11:04.765,0.016205555847845617,yolo-inference-755b67b9bb-c49xx
2026-08-17 02:11:04.765,0.0140431148582688,yolo-inference-755b67b9bb-mpvj4
2026-08-17 02:11:09.765,0.016696191680418308,yolo-inference-755b67b9bb-9f28w
2026-08-17 02:11:09.765,0.0172011264866179,yolo-inference-755b67b9bb-mpvj4
2026-08-17 02:11:09.765,0.012970566777152345,yolo-inference-755b67b9bb-c49xx
2026-08-17 02:11:09.765,0.016964601769911502,yolo-inference-755b67b9bb-6sgp9
2026-08-17 02:11:09.765,0.016219532419670512,yolo-inference-755b67b9bb-8jq9v
2026-08-17 02:11:14.765,0.016696191680418308,yolo-inference-755b67b9bb-9f28w
2026-08-17 02:11:14.765,0.017372026800670026,yolo-inference-755b67b9bb-6sgp9
2026-08-17 02:11:14.765,0.0172011264866179,yolo-inference-755b67b9bb-mpvj4
2026-08-17 02:11:14.765,0.016951718390492143,yolo-inference-755b67b9bb-8jq9v
2026-08-17 02:11:14.765,0.017558923745740775,yolo-inference-755b67b9bb-c49xx
2026-08-17 02:11:19.765,0.016569400388826185,yolo-inference-755b67b9bb-8jq9v
2026-08-17 02:11:19.765,0.01743946031660715,yolo-inference-755b67b9bb-mpvj4
2026-08-17 02:11:19.765,0.017372026800670026,yolo-inference-755b67b9bb-6sgp9
2026-08-17 02:11:19.765,0.016477619217891596,yolo-inference-755b67b9bb-9f28w
2026-08-17 02:11:19.765,0.017558923745740775,yolo-inference-755b67b9bb-c49xx
2026-08-17 02:11:24.765,0.016549886181603548,yolo-inference-755b67b9bb-6sgp9
2026-08-17 02:11:24.765,0.017558923745740775,yolo-inference-755b67b9bb-c49xx
2026-08-17 02:11:24.765,0.014293132984298995,yolo-inference-755b67b9bb-8jq9v
2026-08-17 02:11:24.765,0.015951790689223627,yolo-inference-755b67b9bb-9f28w
2026-08-17 02:11:24.765,0.014549499527418725,yolo-inference-755b67b9bb-mpvj4
2026-08-17 02:11:29.765,0.016662301966675768,yolo-inference-755b67b9bb-8jq9v
2026-08-17 02:11:29.765,0.01691380192585017,yolo-inference-755b67b9bb-6sgp9
2026-08-17 02:11:29.765,0.017435435002164146,yolo-inference-755b67b9bb-c49xx
2026-08-17 02:11:29.765,0.016399941995359664,yolo-inference-755b67b9bb-mpvj4
2026-08-17 02:11:29.765,0.015951790689223627,yolo-inference-755b67b9bb-9f28w
2026-08-17 02:11:34.765,0.016523708223702756,yolo-inference-755b67b9bb-9f28w
2026-08-17 02:11:34.765,0.016639551615298967,yolo-inference-755b67b9bb-mpvj4
2026-08-17 02:11:34.765,0.01691380192585017,yolo-inference-755b67b9bb-6sgp9
2026-08-17 02:11:34.765,0.017435435002164146,yolo-inference-755b67b9bb-c49xx
2026-08-17 02:11:34.765,0.017269535113748864,yolo-inference-755b67b9bb-8jq9v
2026-08-17 02:11:39.765,0.01624844563612343,yolo-inference-755b67b9bb-9f28w
2026-08-17 02:11:39.765,0.016639551615298967,yolo-inference-755b67b9bb-mpvj4
2026-08-17 02:11:39.765,0.01691380192585017,yolo-inference-755b67b9bb-6sgp9
2026-08-17 02:11:39.765,0.017712389931882278,yolo-inference-755b67b9bb-c49xx
2026-08-17 02:11:39.765,0.017269535113748864,yolo-inference-755b67b9bb-8jq9v
2026-08-17 02:11:44.765,0.016248884407448736,yolo-inference-755b67b9bb-mpvj4
2026-08-17 02:11:44.765,0.016494853489611033,yolo-inference-755b67b9bb-6sgp9
2026-08-17 02:11:44.765,0.017712389931882278,yolo-inference-755b67b9bb-c49xx
2026-08-17 02:11:44.765,0.01713692960611692,yolo-inference-755b67b9bb-8jq9v
2026-08-17 02:11:44.765,0.01624844563612343,yolo-inference-755b67b9bb-9f28w
2026-08-17 02:11:49.765,0.017712389931882278,yolo-inference-755b67b9bb-c49xx
2026-08-17 02:11:49.765,0.015333468548083332,yolo-inference-755b67b9bb-9f28w
2026-08-17 02:11:49.765,0.016494853489611033,yolo-inference-755b67b9bb-6sgp9
2026-08-17 02:11:49.765,0.016248884407448736,yolo-inference-755b67b9bb-mpvj4
2026-08-17 02:11:49.765,0.017549926947310765,yolo-inference-755b67b9bb-8jq9v
2026-08-17 02:11:54.765,0.015098750586579,yolo-inference-755b67b9bb-6sgp9
2026-08-17 02:11:54.765,0.017549926947310765,yolo-inference-755b67b9bb-8jq9v
2026-08-17 02:11:54.765,0.013540507883674426,yolo-inference-755b67b9bb-c49xx
2026-08-17 02:11:54.765,0.016248884407448736,yolo-inference-755b67b9bb-mpvj4
2026-08-17 02:11:54.765,0.015344393667020454,yolo-inference-755b67b9bb-9f28w
2026-08-17 02:11:59.765,0.016248501137068397,yolo-inference-755b67b9bb-c49xx
2026-08-17 02:11:59.765,0.015361806235146014,yolo-inference-755b67b9bb-mpvj4
2026-08-17 02:11:59.765,0.0169323924524995,yolo-inference-755b67b9bb-8jq9v
2026-08-17 02:11:59.765,0.015475280673616655,yolo-inference-755b67b9bb-6sgp9
2026-08-17 02:11:59.765,0.015344393667020454,yolo-inference-755b67b9bb-9f28w
2026-08-17 02:12:04.765,0.012483460410583866,yolo-inference-755b67b9bb-9f28w
2026-08-17 02:12:04.765,0.0169323924524995,yolo-inference-755b67b9bb-8jq9v
2026-08-17 02:12:04.765,0.01552123287671231,yolo-inference-755b67b9bb-c49xx
2026-08-17 02:12:04.765,0.015475280673616655,yolo-inference-755b67b9bb-6sgp9
2026-08-17 02:12:04.765,0.015361806235146014,yolo-inference-755b67b9bb-mpvj4
2026-08-17 02:12:09.765,0.015955291209640066,yolo-inference-755b67b9bb-6sgp9
2026-08-17 02:12:09.765,0.015930520807032743,yolo-inference-755b67b9bb-9f28w
2026-08-17 02:12:09.765,0.01598564310183732,yolo-inference-755b67b9bb-mpvj4
2026-08-17 02:12:09.765,0.01552123287671231,yolo-inference-755b67b9bb-c49xx
2026-08-17 02:12:09.765,0.01692203318335216,yolo-inference-755b67b9bb-8jq9v
2026-08-17 02:12:14.765,0.015930520807032743,yolo-inference-755b67b9bb-9f28w
2026-08-17 02:12:14.765,0.013190673497606272,yolo-inference-755b67b9bb-c49xx
2026-08-17 02:12:14.765,0.01456016614514649,yolo-inference-755b67b9bb-8jq9v
2026-08-17 02:12:14.765,0.013340285460760099,yolo-inference-755b67b9bb-6sgp9
2026-08-17 02:12:14.765,0.01598564310183732,yolo-inference-755b67b9bb-mpvj4
2026-08-17 02:12:19.765,0.01652944703402122,yolo-inference-755b67b9bb-mpvj4
2026-08-17 02:12:19.765,0.015930520807032743,yolo-inference-755b67b9bb-9f28w
2026-08-17 02:12:19.765,0.016416134407109203,yolo-inference-755b67b9bb-6sgp9
2026-08-17 02:12:19.765,0.015492010143294191,yolo-inference-755b67b9bb-c49xx
2026-08-17 02:12:19.765,0.01696022666524104,yolo-inference-755b67b9bb-8jq9v
2026-08-17 02:12:24.765,0.015492010143294191,yolo-inference-755b67b9bb-c49xx
2026-08-17 02:12:24.765,0.013180719012878095,yolo-inference-755b67b9bb-9f28w
2026-08-17 02:12:24.765,0.016797505394141928,yolo-inference-755b67b9bb-6sgp9
2026-08-17 02:12:24.765,0.01652944703402122,yolo-inference-755b67b9bb-mpvj4
2026-08-17 02:12:24.765,0.016688951818919818,yolo-inference-755b67b9bb-8jq9v
2026-08-17 02:12:29.765,0.016797505394141928,yolo-inference-755b67b9bb-6sgp9
2026-08-17 02:12:29.765,0.0170377258573578,yolo-inference-755b67b9bb-9f28w
2026-08-17 02:12:29.765,0.016907984640578213,yolo-inference-755b67b9bb-mpvj4
2026-08-17 02:12:29.765,0.014944560342130089,yolo-inference-755b67b9bb-c49xx
2026-08-17 02:12:29.765,0.016696382939487327,yolo-inference-755b67b9bb-8jq9v
2026-08-17 02:12:34.765,0.0170377258573578,yolo-inference-755b67b9bb-9f28w
2026-08-17 02:12:34.765,0.017375749030666184,yolo-inference-755b67b9bb-6sgp9
2026-08-17 02:12:34.765,0.012348773236037327,yolo-inference-755b67b9bb-c49xx
2026-08-17 02:12:34.765,0.017220979698424704,yolo-inference-755b67b9bb-mpvj4
2026-08-17 02:12:34.765,0.016533367096497744,yolo-inference-755b67b9bb-8jq9v
2026-08-17 02:12:39.765,0.01653336709649774,yolo-inference-755b67b9bb-8jq9v
2026-08-17 02:12:39.765,0.017220979698424704,yolo-inference-755b67b9bb-mpvj4
2026-08-17 02:12:39.765,0.01664478455181726,yolo-inference-755b67b9bb-c49xx
2026-08-17 02:12:39.765,0.01758240274535183,yolo-inference-755b67b9bb-9f28w
2026-08-17 02:12:39.765,0.017375749030666184,yolo-inference-755b67b9bb-6sgp9
2026-08-17 02:12:44.765,0.01758240274535183,yolo-inference-755b67b9bb-9f28w
2026-08-17 02:12:44.765,0.017862082648375893,yolo-inference-755b67b9bb-6sgp9
2026-08-17 02:12:44.765,0.017694715562715256,yolo-inference-755b67b9bb-mpvj4
2026-08-17 02:12:44.765,0.016257838797741724,yolo-inference-755b67b9bb-8jq9v
2026-08-17 02:12:44.765,0.01664478455181726,yolo-inference-755b67b9bb-c49xx
2026-08-17 02:12:49.765,0.01805727630735422,yolo-inference-755b67b9bb-9f28w
2026-08-17 02:12:49.765,0.01664478455181726,yolo-inference-755b67b9bb-c49xx
2026-08-17 02:12:49.765,0.018136686491806154,yolo-inference-755b67b9bb-mpvj4
2026-08-17 02:12:49.765,0.0168847787016372,yolo-inference-755b67b9bb-8jq9v
2026-08-17 02:12:49.765,0.017862082648375893,yolo-inference-755b67b9bb-6sgp9
2026-08-17 02:12:54.765,0.018136686491806154,yolo-inference-755b67b9bb-mpvj4
2026-08-17 02:12:54.765,0.0168847787016372,yolo-inference-755b67b9bb-8jq9v
2026-08-17 02:12:54.765,0.01865834807952549,yolo-inference-755b67b9bb-9f28w
2026-08-17 02:12:54.765,0.017947039199332878,yolo-inference-755b67b9bb-c49xx
2026-08-17 02:12:54.765,0.01881284763878288,yolo-inference-755b67b9bb-6sgp9
2026-08-17 02:12:59.765,0.016886125787441492,yolo-inference-755b67b9bb-8jq9v
2026-08-17 02:12:59.765,0.01865834807952549,yolo-inference-755b67b9bb-9f28w
2026-08-17 02:12:59.765,0.019054471307894057,yolo-inference-755b67b9bb-c49xx
2026-08-17 02:12:59.765,0.01566627567540872,yolo-inference-755b67b9bb-mpvj4
2026-08-17 02:12:59.765,0.019579602326525055,yolo-inference-755b67b9bb-6sgp9
2026-08-17 02:13:04.765,0.019579602326525055,yolo-inference-755b67b9bb-6sgp9
2026-08-17 02:13:04.765,0.018187643468512482,yolo-inference-755b67b9bb-8jq9v
2026-08-17 02:13:04.765,0.020033282418200855,yolo-inference-755b67b9bb-c49xx
2026-08-17 02:13:04.765,0.019619285026344215,yolo-inference-755b67b9bb-9f28w
2026-08-17 02:13:04.765,0.019660873686705008,yolo-inference-755b67b9bb-mpvj4
2026-08-17 02:13:09.765,0.018877922620152157,yolo-inference-755b67b9bb-8jq9v
2026-08-17 02:13:09.765,0.019750904373880836,yolo-inference-755b67b9bb-6sgp9
2026-08-17 02:13:09.765,0.020033282418200855,yolo-inference-755b67b9bb-c49xx
2026-08-17 02:13:09.765,0.02033608388691949,yolo-inference-755b67b9bb-9f28w
2026-08-17 02:13:09.765,0.019660873686705008,yolo-inference-755b67b9bb-mpvj4
2026-08-17 02:13:14.765,0.019750904373880836,yolo-inference-755b67b9bb-6sgp9
2026-08-17 02:13:14.765,0.018877922620152157,yolo-inference-755b67b9bb-8jq9v
2026-08-17 02:13:14.765,0.020089310360179795,yolo-inference-755b67b9bb-9f28w
2026-08-17 02:13:14.765,0.019742018632396826,yolo-inference-755b67b9bb-mpvj4
2026-08-17 02:13:14.765,0.020048596701976586,yolo-inference-755b67b9bb-c49xx
2026-08-17 02:13:19.765,0.020089310360179795,yolo-inference-755b67b9bb-9f28w
2026-08-17 02:13:19.765,0.020320684781739103,yolo-inference-755b67b9bb-6sgp9
2026-08-17 02:13:19.765,0.020199630751751598,yolo-inference-755b67b9bb-mpvj4
2026-08-17 02:13:19.765,0.015895315723516008,yolo-inference-755b67b9bb-8jq9v
2026-08-17 02:13:19.765,0.020609316979858138,yolo-inference-755b67b9bb-c49xx
2026-08-17 02:13:24.765,0.020609316979858138,yolo-inference-755b67b9bb-c49xx
2026-08-17 02:13:24.765,0.020320684781739103,yolo-inference-755b67b9bb-6sgp9
2026-08-17 02:13:24.765,0.02053707844058242,yolo-inference-755b67b9bb-mpvj4
2026-08-17 02:13:24.765,0.020089310360179795,yolo-inference-755b67b9bb-9f28w
2026-08-17 02:13:24.765,0.020117580949553703,yolo-inference-755b67b9bb-8jq9v
2026-08-17 02:13:29.765,0.02063966593991357,yolo-inference-755b67b9bb-6sgp9
2026-08-17 02:13:29.765,0.018058893699749723,yolo-inference-755b67b9bb-9f28w
2026-08-17 02:13:29.765,0.02053707844058242,yolo-inference-755b67b9bb-mpvj4
2026-08-17 02:13:29.765,0.020117580949553703,yolo-inference-755b67b9bb-8jq9v
2026-08-17 02:13:29.765,0.020861406360718548,yolo-inference-755b67b9bb-c49xx
2026-08-17 02:13:34.765,0.021145282650119696,yolo-inference-755b67b9bb-9f28w
2026-08-17 02:13:34.765,0.020644869362137035,yolo-inference-755b67b9bb-8jq9v
2026-08-17 02:13:34.765,0.020861406360718548,yolo-inference-755b67b9bb-c49xx
2026-08-17 02:13:34.765,0.020712416400116288,yolo-inference-755b67b9bb-6sgp9
2026-08-17 02:13:34.765,0.02111944837711705,yolo-inference-755b67b9bb-mpvj4
2026-08-17 02:13:39.765,0.020712416400116288,yolo-inference-755b67b9bb-6sgp9
2026-08-17 02:13:39.765,0.020927811082929893,yolo-inference-755b67b9bb-8jq9v
2026-08-17 02:13:39.765,0.021137592716141396,yolo-inference-755b67b9bb-mpvj4
2026-08-17 02:13:39.765,0.021067510548523086,yolo-inference-755b67b9bb-9f28w
2026-08-17 02:13:39.765,0.020701952826108535,yolo-inference-755b67b9bb-c49xx
2026-08-17 02:13:44.765,0.021067510548523086,yolo-inference-755b67b9bb-9f28w
2026-08-17 02:13:44.765,0.020883808667435437,yolo-inference-755b67b9bb-6sgp9
2026-08-17 02:13:44.765,0.021137592716141396,yolo-inference-755b67b9bb-mpvj4
2026-08-17 02:13:44.765,0.020717428846973265,yolo-inference-755b67b9bb-c49xx
2026-08-17 02:13:44.765,0.020927811082929893,yolo-inference-755b67b9bb-8jq9v
2026-08-17 02:13:49.765,0.020717428846973265,yolo-inference-755b67b9bb-c49xx
2026-08-17 02:13:49.765,0.020782308675280532,yolo-inference-755b67b9bb-8jq9v
2026-08-17 02:13:49.765,0.020639561980573717,yolo-inference-755b67b9bb-9f28w
2026-08-17 02:13:49.765,0.020883808667435437,yolo-inference-755b67b9bb-6sgp9
2026-08-17 02:13:49.765,0.020854512383515288,yolo-inference-755b67b9bb-mpvj4
2026-08-17 02:13:54.765,0.02096892477565784,yolo-inference-755b67b9bb-mpvj4
2026-08-17 02:13:54.765,0.021297082784233853,yolo-inference-755b67b9bb-6sgp9
2026-08-17 02:13:54.765,0.020784501147019782,yolo-inference-755b67b9bb-8jq9v
2026-08-17 02:13:54.765,0.021000878053819415,yolo-inference-755b67b9bb-c49xx
2026-08-17 02:13:54.765,0.020639561980573717,yolo-inference-755b67b9bb-9f28w
2026-08-17 02:13:59.765,0.021008767233302063,yolo-inference-755b67b9bb-9f28w
2026-08-17 02:13:59.765,0.021401601660981685,yolo-inference-755b67b9bb-c49xx
2026-08-17 02:13:59.765,0.021400865800865813,yolo-inference-755b67b9bb-mpvj4
2026-08-17 02:13:59.765,0.020784501147019782,yolo-inference-755b67b9bb-8jq9v
2026-08-17 02:13:59.765,0.021235138518698102,yolo-inference-755b67b9bb-6sgp9
2026-08-17 02:14:04.765,0.021235092244973063,yolo-inference-755b67b9bb-8jq9v
2026-08-17 02:14:04.765,0.02139547660848914,yolo-inference-755b67b9bb-9f28w
2026-08-17 02:14:04.765,0.021401601660981685,yolo-inference-755b67b9bb-c49xx
2026-08-17 02:14:04.765,0.0212351385186981,yolo-inference-755b67b9bb-6sgp9
2026-08-17 02:14:04.765,0.021400865800865813,yolo-inference-755b67b9bb-mpvj4
2026-08-17 02:14:09.765,0.021530914638423132,yolo-inference-755b67b9bb-mpvj4
2026-08-17 02:14:09.765,0.021302941388248894,yolo-inference-755b67b9bb-c49xx
2026-08-17 02:14:09.765,0.021172385496763233,yolo-inference-755b67b9bb-6sgp9
2026-08-17 02:14:09.765,0.02139547660848914,yolo-inference-755b67b9bb-9f28w
2026-08-17 02:14:09.765,0.021235092244973063,yolo-inference-755b67b9bb-8jq9v
2026-08-17 02:14:14.765,0.02122472240297224,yolo-inference-755b67b9bb-6sgp9
2026-08-17 02:14:14.765,0.017939972291002543,yolo-inference-755b67b9bb-9f28w
2026-08-17 02:14:14.765,0.021235092244973063,yolo-inference-755b67b9bb-8jq9v
2026-08-17 02:14:14.765,0.02145823109161573,yolo-inference-755b67b9bb-mpvj4
2026-08-17 02:14:14.765,0.02122243610557082,yolo-inference-755b67b9bb-c49xx
2026-08-17 02:14:19.765,0.02145823109161573,yolo-inference-755b67b9bb-mpvj4
2026-08-17 02:14:19.765,0.021186453561641058,yolo-inference-755b67b9bb-9f28w
2026-08-17 02:14:19.765,0.02122243610557082,yolo-inference-755b67b9bb-c49xx
2026-08-17 02:14:19.765,0.021235092244973063,yolo-inference-755b67b9bb-8jq9v
2026-08-17 02:14:19.765,0.02122472240297224,yolo-inference-755b67b9bb-6sgp9
2026-08-17 02:14:24.765,0.021264399393709634,yolo-inference-755b67b9bb-8jq9v
2026-08-17 02:14:24.765,0.021565229274856445,yolo-inference-755b67b9bb-mpvj4
2026-08-17 02:14:24.765,0.021191717626864025,yolo-inference-755b67b9bb-c49xx
2026-08-17 02:14:24.765,0.02122472240297224,yolo-inference-755b67b9bb-6sgp9
2026-08-17 02:14:24.765,0.021186453561641058,yolo-inference-755b67b9bb-9f28w
2026-08-17 02:14:29.765,0.021218954460063635,yolo-inference-755b67b9bb-6sgp9
2026-08-17 02:14:29.765,0.02130581295189382,yolo-inference-755b67b9bb-9f28w
2026-08-17 02:14:29.765,0.021565229274856445,yolo-inference-755b67b9bb-mpvj4
2026-08-17 02:14:29.765,0.021264399393709634,yolo-inference-755b67b9bb-8jq9v
2026-08-17 02:14:29.765,0.0213469249722208,yolo-inference-755b67b9bb-c49xx
2026-08-17 02:14:34.765,0.02147545006495786,yolo-inference-755b67b9bb-6sgp9
2026-08-17 02:14:34.765,0.021343826461673224,yolo-inference-755b67b9bb-8jq9v
2026-08-17 02:14:34.765,0.021587110019571063,yolo-inference-755b67b9bb-9f28w
2026-08-17 02:14:34.765,0.021418587821771896,yolo-inference-755b67b9bb-mpvj4
2026-08-17 02:14:34.765,0.0213469249722208,yolo-inference-755b67b9bb-c49xx
2026-08-17 02:14:39.765,0.02154292948097398,yolo-inference-755b67b9bb-8jq9v
2026-08-17 02:14:39.765,0.02183318151308846,yolo-inference-755b67b9bb-9f28w
2026-08-17 02:14:39.765,0.02147545006495786,yolo-inference-755b67b9bb-6sgp9
2026-08-17 02:14:39.765,0.021374504933879247,yolo-inference-755b67b9bb-c49xx
2026-08-17 02:14:39.765,0.02147416891812508,yolo-inference-755b67b9bb-mpvj4
2026-08-17 02:14:44.765,0.02147416891812508,yolo-inference-755b67b9bb-mpvj4
2026-08-17 02:14:44.765,0.021184093540171308,yolo-inference-755b67b9bb-6sgp9
2026-08-17 02:14:44.765,0.021209711012757104,yolo-inference-755b67b9bb-c49xx
2026-08-17 02:14:44.765,0.02154292948097398,yolo-inference-755b67b9bb-8jq9v
2026-08-17 02:14:44.765,0.02183318151308846,yolo-inference-755b67b9bb-9f28w
2026-08-17 02:14:49.765,0.021358118468127196,yolo-inference-755b67b9bb-8jq9v
2026-08-17 02:14:49.765,0.021184093540171308,yolo-inference-755b67b9bb-6sgp9
2026-08-17 02:14:49.765,0.021209711012757104,yolo-inference-755b67b9bb-c49xx
2026-08-17 02:14:49.765,0.02147416891812508,yolo-inference-755b67b9bb-mpvj4
2026-08-17 02:14:49.765,0.017212250749860387,yolo-inference-755b67b9bb-9f28w
2026-08-17 02:14:54.765,0.021188264107363224,yolo-inference-755b67b9bb-9f28w
2026-08-17 02:14:54.765,0.021339489384102604,yolo-inference-755b67b9bb-8jq9v
2026-08-17 02:14:54.765,0.02118409354017131,yolo-inference-755b67b9bb-6sgp9
2026-08-17 02:14:54.765,0.021175982996811976,yolo-inference-755b67b9bb-mpvj4
2026-08-17 02:14:54.765,0.021248172848529097,yolo-inference-755b67b9bb-c49xx
2026-08-17 02:14:59.765,0.02134483477225352,yolo-inference-755b67b9bb-9f28w
2026-08-17 02:14:59.765,0.021339489384102604,yolo-inference-755b67b9bb-8jq9v
2026-08-17 02:14:59.765,0.02128473243784206,yolo-inference-755b67b9bb-6sgp9
2026-08-17 02:14:59.765,0.021175982996811976,yolo-inference-755b67b9bb-mpvj4
2026-08-17 02:14:59.765,0.021248172848529097,yolo-inference-755b67b9bb-c49xx
2026-08-17 02:15:04.765,0.02121082218237022,yolo-inference-755b67b9bb-8jq9v
2026-08-17 02:15:04.765,0.021248172848529097,yolo-inference-755b67b9bb-c49xx
2026-08-17 02:15:04.765,0.02128473243784206,yolo-inference-755b67b9bb-6sgp9
2026-08-17 02:15:04.765,0.02134483477225352,yolo-inference-755b67b9bb-9f28w
2026-08-17 02:15:04.765,0.021109802756212666,yolo-inference-755b67b9bb-mpvj4
2026-08-17 02:15:09.765,0.02094112882814483,yolo-inference-755b67b9bb-mpvj4
2026-08-17 02:15:09.765,0.02128473243784206,yolo-inference-755b67b9bb-6sgp9
2026-08-17 02:15:09.765,0.021439026606984646,yolo-inference-755b67b9bb-c49xx
2026-08-17 02:15:09.765,0.02142964215624872,yolo-inference-755b67b9bb-8jq9v
2026-08-17 02:15:09.765,0.021524440287824704,yolo-inference-755b67b9bb-9f28w
2026-08-17 02:15:14.765,0.02142964215624872,yolo-inference-755b67b9bb-8jq9v
2026-08-17 02:15:14.765,0.01761414465718716,yolo-inference-755b67b9bb-6sgp9
2026-08-17 02:15:14.765,0.021439026606984646,yolo-inference-755b67b9bb-c49xx
2026-08-17 02:15:14.765,0.02094112882814483,yolo-inference-755b67b9bb-mpvj4
2026-08-17 02:15:14.765,0.021524440287824704,yolo-inference-755b67b9bb-9f28w
2026-08-17 02:15:19.765,0.02142964215624872,yolo-inference-755b67b9bb-8jq9v
2026-08-17 02:15:19.765,0.02141824746807582,yolo-inference-755b67b9bb-c49xx
2026-08-17 02:15:19.765,0.01755180712730959,yolo-inference-755b67b9bb-mpvj4
2026-08-17 02:15:19.765,0.020984208550377838,yolo-inference-755b67b9bb-6sgp9
2026-08-17 02:15:19.765,0.021222723267506332,yolo-inference-755b67b9bb-9f28w
2026-08-17 02:15:24.765,0.020984208550377838,yolo-inference-755b67b9bb-6sgp9
2026-08-17 02:15:24.765,0.018466156634486742,yolo-inference-755b67b9bb-c49xx
2026-08-17 02:15:24.765,0.021149573467781502,yolo-inference-755b67b9bb-mpvj4
2026-08-17 02:15:24.765,0.021103078643624453,yolo-inference-755b67b9bb-8jq9v
2026-08-17 02:15:24.765,0.021193897736128006,yolo-inference-755b67b9bb-9f28w
2026-08-17 02:15:29.765,0.021149573467781502,yolo-inference-755b67b9bb-mpvj4
2026-08-17 02:15:29.765,0.021220274042584312,yolo-inference-755b67b9bb-6sgp9
2026-08-17 02:15:29.765,0.021103078643624453,yolo-inference-755b67b9bb-8jq9v
2026-08-17 02:15:29.765,0.021409278216923802,yolo-inference-755b67b9bb-c49xx
2026-08-17 02:15:29.765,0.021193897736128006,yolo-inference-755b67b9bb-9f28w
2026-08-17 02:15:34.765,0.021461095168650295,yolo-inference-755b67b9bb-8jq9v
2026-08-17 02:15:34.765,0.021508751252283582,yolo-inference-755b67b9bb-c49xx
2026-08-17 02:15:34.765,0.02157877023831184,yolo-inference-755b67b9bb-6sgp9
2026-08-17 02:15:34.765,0.021472264912112345,yolo-inference-755b67b9bb-9f28w
2026-08-17 02:15:34.765,0.017704371926996792,yolo-inference-755b67b9bb-mpvj4
2026-08-17 02:15:39.765,0.021472264912112345,yolo-inference-755b67b9bb-9f28w
2026-08-17 02:15:39.765,0.021632669657144277,yolo-inference-755b67b9bb-c49xx
2026-08-17 02:15:39.765,0.02140281153636863,yolo-inference-755b67b9bb-6sgp9
2026-08-17 02:15:39.765,0.021461095168650295,yolo-inference-755b67b9bb-8jq9v
2026-08-17 02:15:39.765,0.017310119836099015,yolo-inference-755b67b9bb-mpvj4
2026-08-17 02:15:44.765,0.021365917135123827,yolo-inference-755b67b9bb-mpvj4
2026-08-17 02:15:44.765,0.021316205627448768,yolo-inference-755b67b9bb-6sgp9
2026-08-17 02:15:44.765,0.01872650076095408,yolo-inference-755b67b9bb-c49xx
2026-08-17 02:15:44.765,0.021461095168650295,yolo-inference-755b67b9bb-8jq9v
2026-08-17 02:15:44.765,0.021472264912112345,yolo-inference-755b67b9bb-9f28w
2026-08-17 02:15:49.765,0.021408789328491055,yolo-inference-755b67b9bb-c49xx
2026-08-17 02:15:49.765,0.021316205627448768,yolo-inference-755b67b9bb-6sgp9
2026-08-17 02:15:49.765,0.021365917135123827,yolo-inference-755b67b9bb-mpvj4
2026-08-17 02:15:49.765,0.012524725000000105,yolo-inference-755b67b9bb-8jq9v
2026-08-17 02:15:49.765,0.02133153619817825,yolo-inference-755b67b9bb-9f28w
2026-08-17 02:15:54.765,0.021523225576875655,yolo-inference-755b67b9bb-mpvj4
2026-08-17 02:15:54.765,0.02131252966839211,yolo-inference-755b67b9bb-c49xx
2026-08-17 02:15:54.765,0.021077014280444725,yolo-inference-755b67b9bb-9f28w
2026-08-17 02:15:54.765,0.021227355377466537,yolo-inference-755b67b9bb-6sgp9
2026-08-17 02:15:54.765,0.02107500785612425,yolo-inference-755b67b9bb-8jq9v
2026-08-17 02:15:59.765,0.02107500785612425,yolo-inference-755b67b9bb-8jq9v
2026-08-17 02:15:59.765,0.021481065327018625,yolo-inference-755b67b9bb-mpvj4
2026-08-17 02:15:59.765,0.021077014280444725,yolo-inference-755b67b9bb-9f28w
2026-08-17 02:15:59.765,0.021238467976172883,yolo-inference-755b67b9bb-6sgp9
2026-08-17 02:15:59.765,0.02131252966839211,yolo-inference-755b67b9bb-c49xx
2026-08-17 02:16:04.765,0.021238467976172883,yolo-inference-755b67b9bb-6sgp9
2026-08-17 02:16:04.765,0.021242466726143848,yolo-inference-755b67b9bb-8jq9v
2026-08-17 02:16:04.765,0.02131252966839211,yolo-inference-755b67b9bb-c49xx
2026-08-17 02:16:04.765,0.016924022805530653,yolo-inference-755b67b9bb-9f28w
2026-08-17 02:16:04.765,0.021536028787923094,yolo-inference-755b67b9bb-mpvj4
2026-08-17 02:16:09.765,0.021183682617953618,yolo-inference-755b67b9bb-6sgp9
2026-08-17 02:16:09.765,0.02131462855126176,yolo-inference-755b67b9bb-9f28w
2026-08-17 02:16:09.765,0.021344379383565936,yolo-inference-755b67b9bb-mpvj4
2026-08-17 02:16:09.765,0.02149769166200321,yolo-inference-755b67b9bb-8jq9v
2026-08-17 02:16:09.765,0.021340027137041962,yolo-inference-755b67b9bb-c49xx
2026-08-17 02:16:14.765,0.02131462855126176,yolo-inference-755b67b9bb-9f28w
2026-08-17 02:16:14.765,0.021344379383565936,yolo-inference-755b67b9bb-mpvj4
2026-08-17 02:16:14.765,0.020929571673882028,yolo-inference-755b67b9bb-6sgp9
2026-08-17 02:16:14.765,0.02149769166200321,yolo-inference-755b67b9bb-8jq9v
2026-08-17 02:16:14.765,0.021340027137041962,yolo-inference-755b67b9bb-c49xx
2026-08-17 02:16:19.765,0.018180956133417144,yolo-inference-755b67b9bb-8jq9v
2026-08-17 02:16:19.765,0.02131462855126176,yolo-inference-755b67b9bb-9f28w
2026-08-17 02:16:19.765,0.020929571673882028,yolo-inference-755b67b9bb-6sgp9
2026-08-17 02:16:19.765,0.021344379383565936,yolo-inference-755b67b9bb-mpvj4
2026-08-17 02:16:19.765,0.02117373464856814,yolo-inference-755b67b9bb-c49xx
2026-08-17 02:16:24.765,0.01772088093329056,yolo-inference-755b67b9bb-mpvj4
2026-08-17 02:16:24.765,0.017494460266226874,yolo-inference-755b67b9bb-9f28w
2026-08-17 02:16:24.765,0.021051468460648173,yolo-inference-755b67b9bb-6sgp9
2026-08-17 02:16:24.765,0.021204104477611903,yolo-inference-755b67b9bb-8jq9v
2026-08-17 02:16:24.765,0.02117373464856814,yolo-inference-755b67b9bb-c49xx
2026-08-17 02:16:29.765,0.021255411020776903,yolo-inference-755b67b9bb-c49xx
2026-08-17 02:16:29.765,0.021204104477611903,yolo-inference-755b67b9bb-8jq9v
2026-08-17 02:16:29.765,0.02113798649811971,yolo-inference-755b67b9bb-6sgp9
2026-08-17 02:16:29.765,0.02131723458442548,yolo-inference-755b67b9bb-9f28w
2026-08-17 02:16:29.765,0.02109691343296531,yolo-inference-755b67b9bb-mpvj4
2026-08-17 02:16:34.765,0.02113798649811971,yolo-inference-755b67b9bb-6sgp9
2026-08-17 02:16:34.765,0.021374724843952544,yolo-inference-755b67b9bb-8jq9v
2026-08-17 02:16:34.765,0.021410033980716687,yolo-inference-755b67b9bb-c49xx
2026-08-17 02:16:34.765,0.02109691343296531,yolo-inference-755b67b9bb-mpvj4
2026-08-17 02:16:34.765,0.02146315925542925,yolo-inference-755b67b9bb-9f28w
2026-08-17 02:16:39.765,0.021410033980716687,yolo-inference-755b67b9bb-c49xx
2026-08-17 02:16:39.765,0.02146315925542925,yolo-inference-755b67b9bb-9f28w
2026-08-17 02:16:39.765,0.02121801836918655,yolo-inference-755b67b9bb-6sgp9
2026-08-17 02:16:39.765,0.02109691343296531,yolo-inference-755b67b9bb-mpvj4
2026-08-17 02:16:39.765,0.02141583064288954,yolo-inference-755b67b9bb-8jq9v
2026-08-17 02:16:44.765,0.02141583064288954,yolo-inference-755b67b9bb-8jq9v
2026-08-17 02:16:44.765,0.021188628701594648,yolo-inference-755b67b9bb-c49xx
2026-08-17 02:16:44.765,0.02121801836918655,yolo-inference-755b67b9bb-6sgp9
2026-08-17 02:16:44.765,0.02132269787725739,yolo-inference-755b67b9bb-9f28w
2026-08-17 02:16:44.765,0.021076045544597556,yolo-inference-755b67b9bb-mpvj4
2026-08-17 02:16:49.765,0.02121801836918655,yolo-inference-755b67b9bb-6sgp9
2026-08-17 02:16:49.765,0.021090102744180158,yolo-inference-755b67b9bb-c49xx
2026-08-17 02:16:49.765,0.021415830642889537,yolo-inference-755b67b9bb-8jq9v
2026-08-17 02:16:49.765,0.021139713908197754,yolo-inference-755b67b9bb-9f28w
2026-08-17 02:16:49.765,0.021076045544597556,yolo-inference-755b67b9bb-mpvj4
2026-08-17 02:16:54.765,0.021090102744180158,yolo-inference-755b67b9bb-c49xx
2026-08-17 02:16:54.765,0.021100814853017093,yolo-inference-755b67b9bb-8jq9v
2026-08-17 02:16:54.765,0.02156528167655938,yolo-inference-755b67b9bb-6sgp9
2026-08-17 02:16:54.765,0.021076045544597556,yolo-inference-755b67b9bb-mpvj4
2026-08-17 02:16:54.765,0.021139713908197754,yolo-inference-755b67b9bb-9f28w
2026-08-17 02:16:59.765,0.021193583988028324,yolo-inference-755b67b9bb-9f28w
2026-08-17 02:16:59.765,0.021312918396746112,yolo-inference-755b67b9bb-mpvj4
2026-08-17 02:16:59.765,0.021100814853017093,yolo-inference-755b67b9bb-8jq9v
2026-08-17 02:16:59.765,0.02156528167655938,yolo-inference-755b67b9bb-6sgp9
2026-08-17 02:16:59.765,0.021090102744180158,yolo-inference-755b67b9bb-c49xx
2026-08-17 02:17:04.765,0.021193583988028324,yolo-inference-755b67b9bb-9f28w
2026-08-17 02:17:04.765,0.021312918396746112,yolo-inference-755b67b9bb-mpvj4
2026-08-17 02:17:04.765,0.017230046161574166,yolo-inference-755b67b9bb-8jq9v
2026-08-17 02:17:04.765,0.021565281676559384,yolo-inference-755b67b9bb-6sgp9
2026-08-17 02:17:04.765,0.021164626816741437,yolo-inference-755b67b9bb-c49xx
2026-08-17 02:17:09.765,0.021030848914311843,yolo-inference-755b67b9bb-c49xx
2026-08-17 02:17:09.765,0.02104453524470406,yolo-inference-755b67b9bb-9f28w
2026-08-17 02:17:09.765,0.017750385889018564,yolo-inference-755b67b9bb-mpvj4
2026-08-17 02:17:09.765,0.02099593311268308,yolo-inference-755b67b9bb-8jq9v
2026-08-17 02:17:09.765,0.021213197969543008,yolo-inference-755b67b9bb-6sgp9
2026-08-17 02:17:14.765,0.02104453524470406,yolo-inference-755b67b9bb-9f28w
2026-08-17 02:17:14.765,0.021213197969543008,yolo-inference-755b67b9bb-6sgp9
2026-08-17 02:17:14.765,0.020971479237475967,yolo-inference-755b67b9bb-c49xx
2026-08-17 02:17:14.765,0.02099593311268308,yolo-inference-755b67b9bb-8jq9v
2026-08-17 02:17:14.765,0.02108372240054468,yolo-inference-755b67b9bb-mpvj4
2026-08-17 02:17:19.765,0.02104453524470406,yolo-inference-755b67b9bb-9f28w
2026-08-17 02:17:19.765,0.021213197969543008,yolo-inference-755b67b9bb-6sgp9
2026-08-17 02:17:19.765,0.020971479237475967,yolo-inference-755b67b9bb-c49xx
2026-08-17 02:17:19.765,0.02108372240054468,yolo-inference-755b67b9bb-mpvj4
2026-08-17 02:17:19.765,0.02099593311268308,yolo-inference-755b67b9bb-8jq9v
2026-08-17 02:17:24.765,0.017392944023679194,yolo-inference-755b67b9bb-6sgp9
2026-08-17 02:17:24.765,0.021340504579229407,yolo-inference-755b67b9bb-mpvj4
2026-08-17 02:17:24.765,0.02126126749597738,yolo-inference-755b67b9bb-9f28w
2026-08-17 02:17:24.765,0.020805151175811935,yolo-inference-755b67b9bb-8jq9v
2026-08-17 02:17:24.765,0.021077949209719758,yolo-inference-755b67b9bb-c49xx
2026-08-17 02:17:29.765,0.02134667609618109,yolo-inference-755b67b9bb-mpvj4
2026-08-17 02:17:29.765,0.020805151175811935,yolo-inference-755b67b9bb-8jq9v
2026-08-17 02:17:29.765,0.021205899456576173,yolo-inference-755b67b9bb-6sgp9
2026-08-17 02:17:29.765,0.018399381626061983,yolo-inference-755b67b9bb-c49xx
2026-08-17 02:17:29.765,0.021366657325673725,yolo-inference-755b67b9bb-9f28w
2026-08-17 02:17:34.765,0.021205899456576173,yolo-inference-755b67b9bb-6sgp9
2026-08-17 02:17:34.765,0.02134667609618109,yolo-inference-755b67b9bb-mpvj4
2026-08-17 02:17:34.765,0.021227674412749573,yolo-inference-755b67b9bb-c49xx
2026-08-17 02:17:34.765,0.020805151175811935,yolo-inference-755b67b9bb-8jq9v
2026-08-17 02:17:34.765,0.021366657325673725,yolo-inference-755b67b9bb-9f28w
2026-08-17 02:17:39.765,0.017972207698535025,yolo-inference-755b67b9bb-9f28w
2026-08-17 02:17:39.765,0.0211862719594887,yolo-inference-755b67b9bb-mpvj4
2026-08-17 02:17:39.765,0.02120809563128655,yolo-inference-755b67b9bb-c49xx
2026-08-17 02:17:39.765,0.02112315057562974,yolo-inference-755b67b9bb-8jq9v
2026-08-17 02:17:39.765,0.020766761336439333,yolo-inference-755b67b9bb-6sgp9
2026-08-17 02:17:44.765,0.020896038961039025,yolo-inference-755b67b9bb-6sgp9
2026-08-17 02:17:44.765,0.021039340159271846,yolo-inference-755b67b9bb-mpvj4
2026-08-17 02:17:44.765,0.017646921049546946,yolo-inference-755b67b9bb-c49xx
2026-08-17 02:17:44.765,0.02112315057562974,yolo-inference-755b67b9bb-8jq9v
2026-08-17 02:17:44.765,0.021098701361398086,yolo-inference-755b67b9bb-9f28w
2026-08-17 02:17:49.765,0.021039340159271846,yolo-inference-755b67b9bb-mpvj4
2026-08-17 02:17:49.765,0.021149727102397653,yolo-inference-755b67b9bb-c49xx
2026-08-17 02:17:49.765,0.021098701361398086,yolo-inference-755b67b9bb-9f28w
2026-08-17 02:17:49.765,0.020896038961039025,yolo-inference-755b67b9bb-6sgp9
2026-08-17 02:17:49.765,0.02112315057562974,yolo-inference-755b67b9bb-8jq9v
2026-08-17 02:17:54.765,0.021023751432479434,yolo-inference-755b67b9bb-9f28w
2026-08-17 02:17:54.765,0.021039340159271846,yolo-inference-755b67b9bb-mpvj4
2026-08-17 02:17:54.765,0.021183777303430063,yolo-inference-755b67b9bb-6sgp9
2026-08-17 02:17:54.765,0.016893510242479055,yolo-inference-755b67b9bb-8jq9v
2026-08-17 02:17:54.765,0.017286318202451065,yolo-inference-755b67b9bb-c49xx
2026-08-17 02:17:59.765,0.02149254663557632,yolo-inference-755b67b9bb-mpvj4
2026-08-17 02:17:59.765,0.021181207907412646,yolo-inference-755b67b9bb-8jq9v
2026-08-17 02:17:59.765,0.021096067582029764,yolo-inference-755b67b9bb-9f28w
2026-08-17 02:17:59.765,0.02120023948184829,yolo-inference-755b67b9bb-c49xx
2026-08-17 02:17:59.765,0.02125905797101451,yolo-inference-755b67b9bb-6sgp9
2026-08-17 02:18:04.765,0.021314113175872618,yolo-inference-755b67b9bb-c49xx
2026-08-17 02:18:04.765,0.021181207907412646,yolo-inference-755b67b9bb-8jq9v
2026-08-17 02:18:04.765,0.02125905797101451,yolo-inference-755b67b9bb-6sgp9
2026-08-17 02:18:04.765,0.02149254663557632,yolo-inference-755b67b9bb-mpvj4
2026-08-17 02:18:04.765,0.021096067582029764,yolo-inference-755b67b9bb-9f28w
2026-08-17 02:18:09.765,0.021314113175872618,yolo-inference-755b67b9bb-c49xx
2026-08-17 02:18:09.765,0.02139397450753179,yolo-inference-755b67b9bb-8jq9v
2026-08-17 02:18:09.765,0.02130034908700321,yolo-inference-755b67b9bb-6sgp9
2026-08-17 02:18:09.765,0.021172446512888746,yolo-inference-755b67b9bb-mpvj4
2026-08-17 02:18:09.765,0.01750610496307558,yolo-inference-755b67b9bb-9f28w
2026-08-17 02:18:14.765,0.02248377416283786,yolo-inference-755b67b9bb-c49xx
2026-08-17 02:18:14.765,0.02139397450753179,yolo-inference-755b67b9bb-8jq9v
2026-08-17 02:18:14.765,0.021111510149453533,yolo-inference-755b67b9bb-6sgp9
2026-08-17 02:18:14.765,0.020681389219520563,yolo-inference-755b67b9bb-9f28w
2026-08-17 02:18:14.765,0.021172446512888746,yolo-inference-755b67b9bb-mpvj4
2026-08-17 02:18:19.765,0.021172446512888746,yolo-inference-755b67b9bb-mpvj4
2026-08-17 02:18:19.765,0.021111510149453533,yolo-inference-755b67b9bb-6sgp9
2026-08-17 02:18:19.765,0.02248377416283786,yolo-inference-755b67b9bb-c49xx
2026-08-17 02:18:19.765,0.020681389219520563,yolo-inference-755b67b9bb-9f28w
2026-08-17 02:18:19.765,0.02139397450753179,yolo-inference-755b67b9bb-8jq9v
2026-08-17 02:18:24.765,0.021111510149453533,yolo-inference-755b67b9bb-6sgp9
2026-08-17 02:18:24.765,0.023004287893176847,yolo-inference-755b67b9bb-c49xx
2026-08-17 02:18:24.765,0.02070254396563317,yolo-inference-755b67b9bb-9f28w
2026-08-17 02:18:24.765,0.030489626371673583,yolo-inference-755b67b9bb-8jq9v
2026-08-17 02:18:24.765,0.030796380201317607,yolo-inference-755b67b9bb-mpvj4
2026-08-17 02:18:29.765,0.023004287893176847,yolo-inference-755b67b9bb-c49xx
2026-08-17 02:18:29.765,0.03542056584429477,yolo-inference-755b67b9bb-9f28w
2026-08-17 02:18:29.765,0.030796380201317607,yolo-inference-755b67b9bb-mpvj4
2026-08-17 02:18:29.765,0.03529614900245239,yolo-inference-755b67b9bb-6sgp9
2026-08-17 02:18:29.765,0.030489626371673583,yolo-inference-755b67b9bb-8jq9v
2026-08-17 02:18:34.765,0.030796380201317607,yolo-inference-755b67b9bb-mpvj4
2026-08-17 02:18:34.765,0.03542056584429477,yolo-inference-755b67b9bb-9f28w
2026-08-17 02:18:34.765,0.030489626371673583,yolo-inference-755b67b9bb-8jq9v
2026-08-17 02:18:34.765,0.03529614900245239,yolo-inference-755b67b9bb-6sgp9
2026-08-17 02:18:34.765,0.037454099431023145,yolo-inference-755b67b9bb-c49xx
2026-08-17 02:18:39.765,0.02272957499999997,yolo-inference-755b67b9bb-mpvj4
2026-08-17 02:18:39.765,0.03542056584429477,yolo-inference-755b67b9bb-9f28w
2026-08-17 02:18:39.765,0.04069592400885904,yolo-inference-755b67b9bb-8jq9v
2026-08-17 02:18:39.765,0.03529614900245239,yolo-inference-755b67b9bb-6sgp9
2026-08-17 02:18:39.765,0.045820859173675364,yolo-inference-755b67b9bb-c49xx
2026-08-17 02:18:44.765,0.04898875500212382,yolo-inference-755b67b9bb-mpvj4
2026-08-17 02:18:44.765,0.03412152310431232,yolo-inference-755b67b9bb-6sgp9
2026-08-17 02:18:44.765,0.045820859173675364,yolo-inference-755b67b9bb-c49xx
2026-08-17 02:18:44.765,0.0474797210406569,yolo-inference-755b67b9bb-8jq9v
2026-08-17 02:18:44.765,0.04779999152326865,yolo-inference-755b67b9bb-9f28w
2026-08-17 02:18:49.765,0.05141594945622418,yolo-inference-755b67b9bb-c49xx
2026-08-17 02:18:49.765,0.05063711894558111,yolo-inference-755b67b9bb-6sgp9
2026-08-17 02:18:49.765,0.0474797210406569,yolo-inference-755b67b9bb-8jq9v
2026-08-17 02:18:49.765,0.04779999152326865,yolo-inference-755b67b9bb-9f28w
2026-08-17 02:18:49.765,0.04898875500212382,yolo-inference-755b67b9bb-mpvj4
2026-08-17 02:18:54.765,0.05063711894558111,yolo-inference-755b67b9bb-6sgp9
2026-08-17 02:18:54.765,0.05450058700774361,yolo-inference-755b67b9bb-9f28w
2026-08-17 02:18:54.765,0.05141594945622418,yolo-inference-755b67b9bb-c49xx
2026-08-17 02:18:54.765,0.04898875500212382,yolo-inference-755b67b9bb-mpvj4
2026-08-17 02:18:54.765,0.051791804110631764,yolo-inference-755b67b9bb-8jq9v
2026-08-17 02:18:59.765,0.06201615559563969,yolo-inference-755b67b9bb-mpvj4
2026-08-17 02:18:59.765,0.06342952616775246,yolo-inference-755b67b9bb-9f28w
2026-08-17 02:18:59.765,0.05881579417944478,yolo-inference-755b67b9bb-8jq9v
2026-08-17 02:18:59.765,0.06410874397517456,yolo-inference-755b67b9bb-6sgp9
2026-08-17 02:18:59.765,0.06424222297670076,yolo-inference-755b67b9bb-c49xx
2026-08-17 02:19:04.765,0.06201615559563969,yolo-inference-755b67b9bb-mpvj4
2026-08-17 02:19:04.765,0.06342952616775246,yolo-inference-755b67b9bb-9f28w
2026-08-17 02:19:04.765,0.05881579417944478,yolo-inference-755b67b9bb-8jq9v
2026-08-17 02:19:04.765,0.06410874397517456,yolo-inference-755b67b9bb-6sgp9
2026-08-17 02:19:04.765,0.06424222297670076,yolo-inference-755b67b9bb-c49xx
2026-08-17 02:19:09.765,0.06446669048044312,yolo-inference-755b67b9bb-mpvj4
2026-08-17 02:19:09.765,0.06393218575444488,yolo-inference-755b67b9bb-9f28w
2026-08-17 02:19:09.765,0.06449529343162984,yolo-inference-755b67b9bb-8jq9v
2026-08-17 02:19:09.765,0.06424222297670076,yolo-inference-755b67b9bb-c49xx
2026-08-17 02:19:09.765,0.06410874397517456,yolo-inference-755b67b9bb-6sgp9
2026-08-17 02:19:14.765,0.06452566698159891,yolo-inference-755b67b9bb-6sgp9
2026-08-17 02:19:14.765,0.06449529343162984,yolo-inference-755b67b9bb-8jq9v
2026-08-17 02:19:14.765,0.06447001055568131,yolo-inference-755b67b9bb-mpvj4
2026-08-17 02:19:14.765,0.054224750173328805,yolo-inference-755b67b9bb-c49xx
2026-08-17 02:19:14.765,0.0644223828578805,yolo-inference-755b67b9bb-9f28w
2026-08-17 02:19:19.765,0.06449529343162984,yolo-inference-755b67b9bb-8jq9v
2026-08-17 02:19:19.765,0.06447001055568131,yolo-inference-755b67b9bb-mpvj4
2026-08-17 02:19:19.765,0.0645257786967251,yolo-inference-755b67b9bb-c49xx
2026-08-17 02:19:19.765,0.06432266973990104,yolo-inference-755b67b9bb-9f28w
2026-08-17 02:19:19.765,0.06452566698159891,yolo-inference-755b67b9bb-6sgp9
2026-08-17 02:19:24.765,0.06457851339514947,yolo-inference-755b67b9bb-mpvj4
2026-08-17 02:19:24.765,0.0645257786967251,yolo-inference-755b67b9bb-c49xx
2026-08-17 02:19:24.765,0.06428303609043684,yolo-inference-755b67b9bb-6sgp9
2026-08-17 02:19:24.765,0.06449327273274537,yolo-inference-755b67b9bb-8jq9v
2026-08-17 02:19:24.765,0.06432266973990104,yolo-inference-755b67b9bb-9f28w
2026-08-17 02:19:29.765,0.05486025130591977,yolo-inference-755b67b9bb-6sgp9
2026-08-17 02:19:29.765,0.0645257786967251,yolo-inference-755b67b9bb-c49xx
2026-08-17 02:19:29.765,0.06450413132092103,yolo-inference-755b67b9bb-9f28w
2026-08-17 02:19:29.765,0.06439435120597568,yolo-inference-755b67b9bb-8jq9v
2026-08-17 02:19:29.765,0.06457851339514947,yolo-inference-755b67b9bb-mpvj4
2026-08-17 02:19:34.765,0.06435681433706918,yolo-inference-755b67b9bb-6sgp9
2026-08-17 02:19:34.765,0.06470615408192286,yolo-inference-755b67b9bb-c49xx
2026-08-17 02:19:34.765,0.06449458510999576,yolo-inference-755b67b9bb-9f28w
2026-08-17 02:19:34.765,0.06439435120597568,yolo-inference-755b67b9bb-8jq9v
2026-08-17 02:19:34.765,0.0647008307496622,yolo-inference-755b67b9bb-mpvj4
2026-08-17 02:19:39.765,0.06470615408192286,yolo-inference-755b67b9bb-c49xx
2026-08-17 02:19:39.765,0.06469462706270639,yolo-inference-755b67b9bb-8jq9v
2026-08-17 02:19:39.765,0.06470083074966218,yolo-inference-755b67b9bb-mpvj4
2026-08-17 02:19:39.765,0.05287591619719348,yolo-inference-755b67b9bb-6sgp9
2026-08-17 02:19:39.765,0.06449458510999576,yolo-inference-755b67b9bb-9f28w
2026-08-17 02:19:44.765,0.06473240842078147,yolo-inference-755b67b9bb-mpvj4
2026-08-17 02:19:44.765,0.06470615408192286,yolo-inference-755b67b9bb-c49xx
2026-08-17 02:19:44.765,0.06445360188713475,yolo-inference-755b67b9bb-6sgp9
2026-08-17 02:19:44.765,0.06467042029369907,yolo-inference-755b67b9bb-9f28w
2026-08-17 02:19:44.765,0.06469462706270639,yolo-inference-755b67b9bb-8jq9v
2026-08-17 02:19:49.765,0.06421778563816506,yolo-inference-755b67b9bb-6sgp9
2026-08-17 02:19:49.765,0.06457827638959704,yolo-inference-755b67b9bb-9f28w
2026-08-17 02:19:49.765,0.06462481803657018,yolo-inference-755b67b9bb-8jq9v
2026-08-17 02:19:49.765,0.06435270507567505,yolo-inference-755b67b9bb-c49xx
2026-08-17 02:19:49.765,0.06430404530389153,yolo-inference-755b67b9bb-mpvj4
2026-08-17 02:19:54.765,0.06430404530389153,yolo-inference-755b67b9bb-mpvj4
2026-08-17 02:19:54.765,0.06421778563816506,yolo-inference-755b67b9bb-6sgp9
2026-08-17 02:19:54.765,0.06435003302946213,yolo-inference-755b67b9bb-8jq9v
2026-08-17 02:19:54.765,0.06435270507567505,yolo-inference-755b67b9bb-c49xx
2026-08-17 02:19:54.765,0.06428130767202726,yolo-inference-755b67b9bb-9f28w
2026-08-17 02:19:59.765,0.06450164233576659,yolo-inference-755b67b9bb-6sgp9
2026-08-17 02:19:59.765,0.06422738170346988,yolo-inference-755b67b9bb-mpvj4
2026-08-17 02:19:59.765,0.06428130767202726,yolo-inference-755b67b9bb-9f28w
2026-08-17 02:19:59.765,0.06409866032704724,yolo-inference-755b67b9bb-c49xx
2026-08-17 02:19:59.765,0.06435003302946213,yolo-inference-755b67b9bb-8jq9v
2026-08-17 02:20:04.765,0.05383726604194107,yolo-inference-755b67b9bb-c49xx
2026-08-17 02:20:04.765,0.06438961758728984,yolo-inference-755b67b9bb-9f28w
2026-08-17 02:20:04.765,0.06457804063281282,yolo-inference-755b67b9bb-mpvj4
2026-08-17 02:20:04.765,0.06435003302946213,yolo-inference-755b67b9bb-8jq9v
2026-08-17 02:20:04.765,0.06450164233576659,yolo-inference-755b67b9bb-6sgp9
2026-08-17 02:20:09.765,0.06447694559648696,yolo-inference-755b67b9bb-c49xx
2026-08-17 02:20:09.765,0.06450164233576659,yolo-inference-755b67b9bb-6sgp9
2026-08-17 02:20:09.765,0.06426985697099329,yolo-inference-755b67b9bb-8jq9v
2026-08-17 02:20:09.765,0.0644863506496215,yolo-inference-755b67b9bb-9f28w
2026-08-17 02:20:09.765,0.06457804063281282,yolo-inference-755b67b9bb-mpvj4
2026-08-17 02:20:14.765,0.06426985697099329,yolo-inference-755b67b9bb-8jq9v
2026-08-17 02:20:14.765,0.0644863506496215,yolo-inference-755b67b9bb-9f28w
2026-08-17 02:20:14.765,0.055132024012592165,yolo-inference-755b67b9bb-mpvj4
2026-08-17 02:20:14.765,0.06447694559648696,yolo-inference-755b67b9bb-c49xx
2026-08-17 02:20:14.765,0.06486901592131716,yolo-inference-755b67b9bb-6sgp9
2026-08-17 02:20:19.765,0.06449304155869104,yolo-inference-755b67b9bb-9f28w
2026-08-17 02:20:19.765,0.06449698583187985,yolo-inference-755b67b9bb-c49xx
2026-08-17 02:20:19.765,0.0642720443144806,yolo-inference-755b67b9bb-mpvj4
2026-08-17 02:20:19.765,0.06426985697099329,yolo-inference-755b67b9bb-8jq9v
2026-08-17 02:20:19.765,0.06443839494145534,yolo-inference-755b67b9bb-6sgp9
2026-08-17 02:20:24.765,0.06445641428660077,yolo-inference-755b67b9bb-9f28w
2026-08-17 02:20:24.765,0.0642242487344271,yolo-inference-755b67b9bb-8jq9v
2026-08-17 02:20:24.765,0.06433268686868687,yolo-inference-755b67b9bb-6sgp9
2026-08-17 02:20:24.765,0.06458214719836886,yolo-inference-755b67b9bb-c49xx
2026-08-17 02:20:24.765,0.0642720443144806,yolo-inference-755b67b9bb-mpvj4
2026-08-17 02:20:29.765,0.06445641428660077,yolo-inference-755b67b9bb-9f28w
2026-08-17 02:20:29.765,0.06447771902540171,yolo-inference-755b67b9bb-6sgp9
2026-08-17 02:20:29.765,0.06424405166553354,yolo-inference-755b67b9bb-mpvj4
2026-08-17 02:20:29.765,0.06409677592547858,yolo-inference-755b67b9bb-8jq9v
2026-08-17 02:20:29.765,0.06458214719836886,yolo-inference-755b67b9bb-c49xx
2026-08-17 02:20:34.765,0.06447771902540171,yolo-inference-755b67b9bb-6sgp9
2026-08-17 02:20:34.765,0.064930004397054,yolo-inference-755b67b9bb-c49xx
2026-08-17 02:20:34.765,0.06431921334564267,yolo-inference-755b67b9bb-9f28w
2026-08-17 02:20:34.765,0.06409677592547858,yolo-inference-755b67b9bb-8jq9v
2026-08-17 02:20:34.765,0.06453414497621039,yolo-inference-755b67b9bb-mpvj4
2026-08-17 02:20:39.765,0.06409677592547858,yolo-inference-755b67b9bb-8jq9v
2026-08-17 02:20:39.765,0.06431921334564267,yolo-inference-755b67b9bb-9f28w
2026-08-17 02:20:39.765,0.064930004397054,yolo-inference-755b67b9bb-c49xx
2026-08-17 02:20:39.765,0.06447771902540171,yolo-inference-755b67b9bb-6sgp9
2026-08-17 02:20:39.765,0.06453414497621039,yolo-inference-755b67b9bb-mpvj4
2026-08-17 02:20:44.765,0.06419016987375017,yolo-inference-755b67b9bb-8jq9v
2026-08-17 02:20:44.765,0.06450191467010073,yolo-inference-755b67b9bb-mpvj4
2026-08-17 02:20:44.765,0.06431921334564267,yolo-inference-755b67b9bb-9f28w
2026-08-17 02:20:44.765,0.06453586940518276,yolo-inference-755b67b9bb-c49xx
2026-08-17 02:20:44.765,0.06392087977479233,yolo-inference-755b67b9bb-6sgp9
2026-08-17 02:20:49.765,0.06421606641775486,yolo-inference-755b67b9bb-mpvj4
2026-08-17 02:20:49.765,0.06425835727901223,yolo-inference-755b67b9bb-8jq9v
2026-08-17 02:20:49.765,0.06392087977479233,yolo-inference-755b67b9bb-6sgp9
2026-08-17 02:20:49.765,0.06424060647829108,yolo-inference-755b67b9bb-c49xx
2026-08-17 02:20:49.765,0.06418726627444431,yolo-inference-755b67b9bb-9f28w
2026-08-17 02:20:54.765,0.06421606641775486,yolo-inference-755b67b9bb-mpvj4
2026-08-17 02:20:54.765,0.06425835727901223,yolo-inference-755b67b9bb-8jq9v
2026-08-17 02:20:54.765,0.06424060647829108,yolo-inference-755b67b9bb-c49xx
2026-08-17 02:20:54.765,0.06418726627444431,yolo-inference-755b67b9bb-9f28w
2026-08-17 02:20:54.765,0.06392087977479233,yolo-inference-755b67b9bb-6sgp9
2026-08-17 02:20:59.765,0.052521524733275725,yolo-inference-755b67b9bb-6sgp9
2026-08-17 02:20:59.765,0.06424060647829108,yolo-inference-755b67b9bb-c49xx
2026-08-17 02:20:59.765,0.05484141261057401,yolo-inference-755b67b9bb-mpvj4
2026-08-17 02:20:59.765,0.06418726627444431,yolo-inference-755b67b9bb-9f28w
2026-08-17 02:20:59.765,0.06441034713945151,yolo-inference-755b67b9bb-8jq9v
2026-08-17 02:21:04.765,0.06433198338254106,yolo-inference-755b67b9bb-6sgp9
2026-08-17 02:21:04.765,0.05341414155780308,yolo-inference-755b67b9bb-9f28w
2026-08-17 02:21:04.765,0.06439754998901347,yolo-inference-755b67b9bb-c49xx
2026-08-17 02:21:04.765,0.06441034713945151,yolo-inference-755b67b9bb-8jq9v
2026-08-17 02:21:04.765,0.06428957393189949,yolo-inference-755b67b9bb-mpvj4
2026-08-17 02:21:09.765,0.05580352808550837,yolo-inference-755b67b9bb-6sgp9
2026-08-17 02:21:09.765,0.06436515802781291,yolo-inference-755b67b9bb-9f28w
2026-08-17 02:21:09.765,0.06422761471682521,yolo-inference-755b67b9bb-c49xx
2026-08-17 02:21:09.765,0.06428957393189949,yolo-inference-755b67b9bb-mpvj4
2026-08-17 02:21:09.765,0.06455476762254542,yolo-inference-755b67b9bb-8jq9v
2026-08-17 02:21:14.765,0.06437401534941184,yolo-inference-755b67b9bb-8jq9v
2026-08-17 02:21:14.765,0.0644171339893486,yolo-inference-755b67b9bb-6sgp9
2026-08-17 02:21:14.765,0.06433780580964882,yolo-inference-755b67b9bb-9f28w
2026-08-17 02:21:14.765,0.06434180531170766,yolo-inference-755b67b9bb-mpvj4
2026-08-17 02:21:14.765,0.06422761471682521,yolo-inference-755b67b9bb-c49xx
2026-08-17 02:21:19.765,0.06428432662368999,yolo-inference-755b67b9bb-6sgp9
2026-08-17 02:21:19.765,0.06437401534941184,yolo-inference-755b67b9bb-8jq9v
2026-08-17 02:21:19.765,0.06412232553940608,yolo-inference-755b67b9bb-c49xx
2026-08-17 02:21:19.765,0.06433780580964882,yolo-inference-755b67b9bb-9f28w
2026-08-17 02:21:19.765,0.06434180531170766,yolo-inference-755b67b9bb-mpvj4
2026-08-17 02:21:24.765,0.0643622867680958,yolo-inference-755b67b9bb-8jq9v
2026-08-17 02:21:24.765,0.06430715602211706,yolo-inference-755b67b9bb-c49xx
2026-08-17 02:21:24.765,0.06427877607565198,yolo-inference-755b67b9bb-9f28w
2026-08-17 02:21:24.765,0.06428432662368999,yolo-inference-755b67b9bb-6sgp9
2026-08-17 02:21:24.765,0.06441210035322886,yolo-inference-755b67b9bb-mpvj4
2026-08-17 02:21:29.765,0.0644103627473566,yolo-inference-755b67b9bb-mpvj4
2026-08-17 02:21:29.765,0.06461992812806262,yolo-inference-755b67b9bb-6sgp9
2026-08-17 02:21:29.765,0.06467712139894632,yolo-inference-755b67b9bb-8jq9v
2026-08-17 02:21:29.765,0.06427877607565198,yolo-inference-755b67b9bb-9f28w
2026-08-17 02:21:29.765,0.06430715602211708,yolo-inference-755b67b9bb-c49xx
2026-08-17 02:21:34.765,0.06448092355620409,yolo-inference-755b67b9bb-c49xx
2026-08-17 02:21:34.765,0.06476588817231228,yolo-inference-755b67b9bb-6sgp9
2026-08-17 02:21:34.765,0.06441036274735659,yolo-inference-755b67b9bb-mpvj4
2026-08-17 02:21:34.765,0.0642577567589731,yolo-inference-755b67b9bb-9f28w
2026-08-17 02:21:34.765,0.06467712139894632,yolo-inference-755b67b9bb-8jq9v
2026-08-17 02:21:39.765,0.06448092355620409,yolo-inference-755b67b9bb-c49xx
2026-08-17 02:21:39.765,0.06446314814099842,yolo-inference-755b67b9bb-mpvj4
2026-08-17 02:21:39.765,0.06471938596310009,yolo-inference-755b67b9bb-9f28w
2026-08-17 02:21:39.765,0.06459542202128785,yolo-inference-755b67b9bb-8jq9v
2026-08-17 02:21:39.765,0.06476588817231228,yolo-inference-755b67b9bb-6sgp9
2026-08-17 02:21:44.765,0.05297359918475724,yolo-inference-755b67b9bb-mpvj4
2026-08-17 02:21:44.765,0.06445030548530771,yolo-inference-755b67b9bb-c49xx
2026-08-17 02:21:44.765,0.05573486832270507,yolo-inference-755b67b9bb-8jq9v
2026-08-17 02:21:44.765,0.06471938596310009,yolo-inference-755b67b9bb-9f28w
2026-08-17 02:21:44.765,0.06480221625251875,yolo-inference-755b67b9bb-6sgp9
2026-08-17 02:21:49.765,0.06433768527041515,yolo-inference-755b67b9bb-6sgp9
2026-08-17 02:21:49.765,0.06445030548530771,yolo-inference-755b67b9bb-c49xx
2026-08-17 02:21:49.765,0.06446704183881827,yolo-inference-755b67b9bb-mpvj4
2026-08-17 02:21:49.765,0.06436950888821952,yolo-inference-755b67b9bb-8jq9v
2026-08-17 02:21:49.765,0.06426740432400285,yolo-inference-755b67b9bb-9f28w
2026-08-17 02:21:54.765,0.06436950888821952,yolo-inference-755b67b9bb-8jq9v
2026-08-17 02:21:54.765,0.06445030548530771,yolo-inference-755b67b9bb-c49xx
2026-08-17 02:21:54.765,0.06446704183881827,yolo-inference-755b67b9bb-mpvj4
2026-08-17 02:21:54.765,0.06426740432400285,yolo-inference-755b67b9bb-9f28w
2026-08-17 02:21:54.765,0.06433768527041515,yolo-inference-755b67b9bb-6sgp9
2026-08-17 02:21:59.765,0.06446704183881827,yolo-inference-755b67b9bb-mpvj4
2026-08-17 02:21:59.765,0.06445030548530771,yolo-inference-755b67b9bb-c49xx
2026-08-17 02:21:59.765,0.05649555326563675,yolo-inference-755b67b9bb-8jq9v
2026-08-17 02:21:59.765,0.06426740432400285,yolo-inference-755b67b9bb-9f28w
2026-08-17 02:21:59.765,0.06420195402298856,yolo-inference-755b67b9bb-6sgp9
2026-08-17 02:22:04.765,0.06447259613530282,yolo-inference-755b67b9bb-9f28w
2026-08-17 02:22:04.765,0.05209143601046339,yolo-inference-755b67b9bb-mpvj4
2026-08-17 02:22:04.765,0.06480560786294944,yolo-inference-755b67b9bb-c49xx
2026-08-17 02:22:04.765,0.06464155191997276,yolo-inference-755b67b9bb-8jq9v
2026-08-17 02:22:04.765,0.06420195402298856,yolo-inference-755b67b9bb-6sgp9
2026-08-17 02:22:09.765,0.0644545284571085,yolo-inference-755b67b9bb-6sgp9
2026-08-17 02:22:09.765,0.06464155191997276,yolo-inference-755b67b9bb-8jq9v
2026-08-17 02:22:09.765,0.06465475238070664,yolo-inference-755b67b9bb-mpvj4
2026-08-17 02:22:09.765,0.06480560786294944,yolo-inference-755b67b9bb-c49xx
2026-08-17 02:22:09.765,0.06447259613530282,yolo-inference-755b67b9bb-9f28w
2026-08-17 02:22:14.765,0.06436153018655025,yolo-inference-755b67b9bb-8jq9v
2026-08-17 02:22:14.765,0.06465475238070664,yolo-inference-755b67b9bb-mpvj4
2026-08-17 02:22:14.765,0.06480560786294944,yolo-inference-755b67b9bb-c49xx
2026-08-17 02:22:14.765,0.06475095924129452,yolo-inference-755b67b9bb-9f28w
2026-08-17 02:22:14.765,0.0641821397971308,yolo-inference-755b67b9bb-6sgp9
2026-08-17 02:22:19.765,0.0641821397971308,yolo-inference-755b67b9bb-6sgp9
2026-08-17 02:22:19.765,0.0557003939133426,yolo-inference-755b67b9bb-9f28w
2026-08-17 02:22:19.765,0.053618696888273525,yolo-inference-755b67b9bb-8jq9v
2026-08-17 02:22:19.765,0.052073117163955525,yolo-inference-755b67b9bb-mpvj4
2026-08-17 02:22:19.765,0.06434260002168482,yolo-inference-755b67b9bb-c49xx
2026-08-17 02:22:24.765,0.06440703642531115,yolo-inference-755b67b9bb-8jq9v
2026-08-17 02:22:24.765,0.06416180407371484,yolo-inference-755b67b9bb-6sgp9
2026-08-17 02:22:24.765,0.06424475317139265,yolo-inference-755b67b9bb-9f28w
2026-08-17 02:22:24.765,0.06434260002168482,yolo-inference-755b67b9bb-c49xx
2026-08-17 02:22:24.765,0.06446017679509039,yolo-inference-755b67b9bb-mpvj4
2026-08-17 02:22:29.765,0.06424475317139265,yolo-inference-755b67b9bb-9f28w
2026-08-17 02:22:29.765,0.06446017679509039,yolo-inference-755b67b9bb-mpvj4
2026-08-17 02:22:29.765,0.06443974960876372,yolo-inference-755b67b9bb-8jq9v
2026-08-17 02:22:29.765,0.0643426000216848,yolo-inference-755b67b9bb-c49xx
2026-08-17 02:22:29.765,0.06416180407371484,yolo-inference-755b67b9bb-6sgp9
2026-08-17 02:22:34.765,0.06420957056666267,yolo-inference-755b67b9bb-c49xx
2026-08-17 02:22:34.765,0.06443974960876372,yolo-inference-755b67b9bb-8jq9v
2026-08-17 02:22:34.765,0.0643962014834651,yolo-inference-755b67b9bb-mpvj4
2026-08-17 02:22:34.765,0.06424475317139265,yolo-inference-755b67b9bb-9f28w
2026-08-17 02:22:34.765,0.06455892285554872,yolo-inference-755b67b9bb-6sgp9
2026-08-17 02:22:39.765,0.06449226831383668,yolo-inference-755b67b9bb-8jq9v
2026-08-17 02:22:39.765,0.06445531623346049,yolo-inference-755b67b9bb-mpvj4
2026-08-17 02:22:39.765,0.06455892285554872,yolo-inference-755b67b9bb-6sgp9
2026-08-17 02:22:39.765,0.06447522272857897,yolo-inference-755b67b9bb-9f28w
2026-08-17 02:22:39.765,0.064261594365775,yolo-inference-755b67b9bb-c49xx
2026-08-17 02:22:44.765,0.06465881251313785,yolo-inference-755b67b9bb-6sgp9
2026-08-17 02:22:44.765,0.06449226831383668,yolo-inference-755b67b9bb-8jq9v
2026-08-17 02:22:44.765,0.06445531623346049,yolo-inference-755b67b9bb-mpvj4
2026-08-17 02:22:44.765,0.06401383203952017,yolo-inference-755b67b9bb-c49xx
2026-08-17 02:22:44.765,0.06447522272857897,yolo-inference-755b67b9bb-9f28w
2026-08-17 02:22:49.765,0.06403459644803947,yolo-inference-755b67b9bb-mpvj4
2026-08-17 02:22:49.765,0.06422411642411666,yolo-inference-755b67b9bb-8jq9v
2026-08-17 02:22:49.765,0.06451101203744987,yolo-inference-755b67b9bb-6sgp9
2026-08-17 02:22:49.765,0.06401383203952017,yolo-inference-755b67b9bb-c49xx
2026-08-17 02:22:49.765,0.06424583509315307,yolo-inference-755b67b9bb-9f28w
2026-08-17 02:22:54.765,0.06424583509315307,yolo-inference-755b67b9bb-9f28w
2026-08-17 02:22:54.765,0.06422411642411666,yolo-inference-755b67b9bb-8jq9v
2026-08-17 02:22:54.765,0.06403459644803947,yolo-inference-755b67b9bb-mpvj4
2026-08-17 02:22:54.765,0.06411984785184281,yolo-inference-755b67b9bb-c49xx
2026-08-17 02:22:54.765,0.06451101203744987,yolo-inference-755b67b9bb-6sgp9
2026-08-17 02:22:59.765,0.05337237942153368,yolo-inference-755b67b9bb-6sgp9
2026-08-17 02:22:59.765,0.06442545614808282,yolo-inference-755b67b9bb-mpvj4
2026-08-17 02:22:59.765,0.06422411642411666,yolo-inference-755b67b9bb-8jq9v
2026-08-17 02:22:59.765,0.0645691615734781,yolo-inference-755b67b9bb-9f28w
2026-08-17 02:22:59.765,0.06411984785184281,yolo-inference-755b67b9bb-c49xx
2026-08-17 02:23:04.765,0.053717717934573035,yolo-inference-755b67b9bb-8jq9v
2026-08-17 02:23:04.765,0.06452830153032324,yolo-inference-755b67b9bb-6sgp9
2026-08-17 02:23:04.765,0.06437679003161631,yolo-inference-755b67b9bb-c49xx
2026-08-17 02:23:04.765,0.05408780255450929,yolo-inference-755b67b9bb-mpvj4
2026-08-17 02:23:04.765,0.05276817994818745,yolo-inference-755b67b9bb-9f28w
2026-08-17 02:23:09.765,0.06469785149490158,yolo-inference-755b67b9bb-6sgp9
2026-08-17 02:23:09.765,0.0646807586776422,yolo-inference-755b67b9bb-9f28w
2026-08-17 02:23:09.765,0.06442504451513514,yolo-inference-755b67b9bb-c49xx
2026-08-17 02:23:09.765,0.06455247619554219,yolo-inference-755b67b9bb-mpvj4
2026-08-17 02:23:09.765,0.06453806181504755,yolo-inference-755b67b9bb-8jq9v
2026-08-17 02:23:14.765,0.06429485064689865,yolo-inference-755b67b9bb-mpvj4
2026-08-17 02:23:14.765,0.06469785149490158,yolo-inference-755b67b9bb-6sgp9
2026-08-17 02:23:14.765,0.06432626980002705,yolo-inference-755b67b9bb-9f28w
2026-08-17 02:23:14.765,0.06453806181504755,yolo-inference-755b67b9bb-8jq9v
2026-08-17 02:23:14.765,0.06442504451513514,yolo-inference-755b67b9bb-c49xx
2026-08-17 02:23:19.765,0.06429485064689865,yolo-inference-755b67b9bb-mpvj4
2026-08-17 02:23:19.765,0.06433418790529313,yolo-inference-755b67b9bb-6sgp9
2026-08-17 02:23:19.765,0.06432626980002705,yolo-inference-755b67b9bb-9f28w
2026-08-17 02:23:19.765,0.06435050889489737,yolo-inference-755b67b9bb-8jq9v
2026-08-17 02:23:19.765,0.05291547345553662,yolo-inference-755b67b9bb-c49xx
2026-08-17 02:23:24.765,0.06406574255147819,yolo-inference-755b67b9bb-6sgp9
2026-08-17 02:23:24.765,0.06443470742841342,yolo-inference-755b67b9bb-8jq9v
2026-08-17 02:23:24.765,0.06447242411286884,yolo-inference-755b67b9bb-c49xx
2026-08-17 02:23:24.765,0.06438661960446197,yolo-inference-755b67b9bb-9f28w
2026-08-17 02:23:24.765,0.06452690622605563,yolo-inference-755b67b9bb-mpvj4
2026-08-17 02:23:29.765,0.0644297395262582,yolo-inference-755b67b9bb-c49xx
2026-08-17 02:23:29.765,0.06443470742841342,yolo-inference-755b67b9bb-8jq9v
2026-08-17 02:23:29.765,0.05413805828064285,yolo-inference-755b67b9bb-9f28w
2026-08-17 02:23:29.765,0.06452690622605563,yolo-inference-755b67b9bb-mpvj4
2026-08-17 02:23:29.765,0.06406574255147819,yolo-inference-755b67b9bb-6sgp9
2026-08-17 02:23:34.765,0.0644297395262582,yolo-inference-755b67b9bb-c49xx
2026-08-17 02:23:34.765,0.06448708166844455,yolo-inference-755b67b9bb-8jq9v
2026-08-17 02:23:34.765,0.06450536319156935,yolo-inference-755b67b9bb-9f28w
2026-08-17 02:23:34.765,0.06482319371163987,yolo-inference-755b67b9bb-mpvj4
2026-08-17 02:23:34.765,0.06451055445003726,yolo-inference-755b67b9bb-6sgp9
2026-08-17 02:23:39.765,0.06464320839509649,yolo-inference-755b67b9bb-8jq9v
2026-08-17 02:23:39.765,0.06457742348423134,yolo-inference-755b67b9bb-9f28w
2026-08-17 02:23:39.765,0.06451055445003726,yolo-inference-755b67b9bb-6sgp9
2026-08-17 02:23:39.765,0.06482319371163987,yolo-inference-755b67b9bb-mpvj4
2026-08-17 02:23:39.765,0.06443479261347283,yolo-inference-755b67b9bb-c49xx
2026-08-17 02:23:44.765,0.06432110626588612,yolo-inference-755b67b9bb-6sgp9
2026-08-17 02:23:44.765,0.06482319371163986,yolo-inference-755b67b9bb-mpvj4
2026-08-17 02:23:44.765,0.0644260621554409,yolo-inference-755b67b9bb-9f28w
2026-08-17 02:23:44.765,0.06449023097171239,yolo-inference-755b67b9bb-8jq9v
2026-08-17 02:23:44.765,0.0644078915855021,yolo-inference-755b67b9bb-c49xx
2026-08-17 02:23:49.765,0.06413706146987053,yolo-inference-755b67b9bb-mpvj4
2026-08-17 02:23:49.765,0.06407987994664287,yolo-inference-755b67b9bb-9f28w
2026-08-17 02:23:49.765,0.06432110626588612,yolo-inference-755b67b9bb-6sgp9
2026-08-17 02:23:49.765,0.06413953773076725,yolo-inference-755b67b9bb-8jq9v
2026-08-17 02:23:49.765,0.0644078915855021,yolo-inference-755b67b9bb-c49xx
2026-08-17 02:23:54.765,0.06413706146987051,yolo-inference-755b67b9bb-mpvj4
2026-08-17 02:23:54.765,0.06407987994664287,yolo-inference-755b67b9bb-9f28w
2026-08-17 02:23:54.765,0.06413953773076725,yolo-inference-755b67b9bb-8jq9v
2026-08-17 02:23:54.765,0.06432110626588612,yolo-inference-755b67b9bb-6sgp9
2026-08-17 02:23:54.765,0.06410008119707701,yolo-inference-755b67b9bb-c49xx
2026-08-17 02:23:59.765,0.06410008119707701,yolo-inference-755b67b9bb-c49xx
2026-08-17 02:23:59.765,0.06437907107696204,yolo-inference-755b67b9bb-8jq9v
2026-08-17 02:23:59.765,0.06439905765329498,yolo-inference-755b67b9bb-9f28w
2026-08-17 02:23:59.765,0.05418427858812208,yolo-inference-755b67b9bb-6sgp9
2026-08-17 02:23:59.765,0.06434545454545476,yolo-inference-755b67b9bb-mpvj4
2026-08-17 02:24:04.765,0.06410008119707701,yolo-inference-755b67b9bb-c49xx
2026-08-17 02:24:04.765,0.055305281603752476,yolo-inference-755b67b9bb-8jq9v
2026-08-17 02:24:04.765,0.06470696279251344,yolo-inference-755b67b9bb-9f28w
2026-08-17 02:24:04.765,0.06471369387526603,yolo-inference-755b67b9bb-6sgp9
2026-08-17 02:24:04.765,0.06474937732228167,yolo-inference-755b67b9bb-mpvj4
2026-08-17 02:24:09.765,0.06459492963741298,yolo-inference-755b67b9bb-8jq9v
2026-08-17 02:24:09.765,0.06471369387526603,yolo-inference-755b67b9bb-6sgp9
2026-08-17 02:24:09.765,0.06464214784847361,yolo-inference-755b67b9bb-c49xx
2026-08-17 02:24:09.765,0.06470696279251344,yolo-inference-755b67b9bb-9f28w
2026-08-17 02:24:09.765,0.06474937732228167,yolo-inference-755b67b9bb-mpvj4
2026-08-17 02:24:14.765,0.06464244015337332,yolo-inference-755b67b9bb-6sgp9
2026-08-17 02:24:14.765,0.06441184783012897,yolo-inference-755b67b9bb-8jq9v
2026-08-17 02:24:14.765,0.0553858803677922,yolo-inference-755b67b9bb-mpvj4
2026-08-17 02:24:14.765,0.06468631135663841,yolo-inference-755b67b9bb-9f28w
2026-08-17 02:24:14.765,0.06464214784847361,yolo-inference-755b67b9bb-c49xx
2026-08-17 02:24:19.765,0.06468631135663841,yolo-inference-755b67b9bb-9f28w
2026-08-17 02:24:19.765,0.06464214784847361,yolo-inference-755b67b9bb-c49xx
2026-08-17 02:24:19.765,0.06432145271901864,yolo-inference-755b67b9bb-6sgp9
2026-08-17 02:24:19.765,0.06450407606137608,yolo-inference-755b67b9bb-mpvj4
2026-08-17 02:24:19.765,0.06433610533610534,yolo-inference-755b67b9bb-8jq9v
2026-08-17 02:24:24.765,0.06433610533610534,yolo-inference-755b67b9bb-8jq9v
2026-08-17 02:24:24.765,0.0644406285020545,yolo-inference-755b67b9bb-mpvj4
2026-08-17 02:24:24.765,0.06468631135663841,yolo-inference-755b67b9bb-9f28w
2026-08-17 02:24:24.765,0.06432145271901864,yolo-inference-755b67b9bb-6sgp9
2026-08-17 02:24:24.765,0.06481380970524059,yolo-inference-755b67b9bb-c49xx
2026-08-17 02:24:29.765,0.06472026589023776,yolo-inference-755b67b9bb-6sgp9
2026-08-17 02:24:29.765,0.06498269031223476,yolo-inference-755b67b9bb-c49xx
2026-08-17 02:24:29.765,0.06460089284080715,yolo-inference-755b67b9bb-8jq9v
2026-08-17 02:24:29.765,0.064682565295707,yolo-inference-755b67b9bb-mpvj4
2026-08-17 02:24:29.765,0.06488639269730784,yolo-inference-755b67b9bb-9f28w
2026-08-17 02:24:34.765,0.06478066277885766,yolo-inference-755b67b9bb-8jq9v
2026-08-17 02:24:34.765,0.06516222741633039,yolo-inference-755b67b9bb-mpvj4
2026-08-17 02:24:34.765,0.06498269031223476,yolo-inference-755b67b9bb-c49xx
2026-08-17 02:24:34.765,0.0649373898716218,yolo-inference-755b67b9bb-6sgp9
2026-08-17 02:24:34.765,0.06520226467490192,yolo-inference-755b67b9bb-9f28w
2026-08-17 02:24:39.765,0.06484765646718692,yolo-inference-755b67b9bb-6sgp9
2026-08-17 02:24:39.765,0.05482192465202451,yolo-inference-755b67b9bb-c49xx
2026-08-17 02:24:39.765,0.06520226467490192,yolo-inference-755b67b9bb-9f28w
2026-08-17 02:24:39.765,0.06503074362265339,yolo-inference-755b67b9bb-mpvj4
2026-08-17 02:24:39.765,0.06485367837071038,yolo-inference-755b67b9bb-8jq9v
2026-08-17 02:24:44.765,0.06477979866750971,yolo-inference-755b67b9bb-8jq9v
2026-08-17 02:24:44.765,0.0546521380415827,yolo-inference-755b67b9bb-6sgp9
2026-08-17 02:24:44.765,0.052707333811209,yolo-inference-755b67b9bb-9f28w
2026-08-17 02:24:44.765,0.06503074362265339,yolo-inference-755b67b9bb-mpvj4
2026-08-17 02:24:44.765,0.06528570577606566,yolo-inference-755b67b9bb-c49xx
2026-08-17 02:24:49.765,0.06477979866750971,yolo-inference-755b67b9bb-8jq9v
2026-08-17 02:24:49.765,0.0650000820883269,yolo-inference-755b67b9bb-6sgp9
2026-08-17 02:24:49.765,0.0647976811450889,yolo-inference-755b67b9bb-9f28w
2026-08-17 02:24:49.765,0.0647267306265238,yolo-inference-755b67b9bb-mpvj4
2026-08-17 02:24:49.765,0.06528570577606566,yolo-inference-755b67b9bb-c49xx
2026-08-17 02:24:54.765,0.05319746153014821,yolo-inference-755b67b9bb-mpvj4
2026-08-17 02:24:54.765,0.06506634466417575,yolo-inference-755b67b9bb-c49xx
2026-08-17 02:24:54.765,0.06461995828180096,yolo-inference-755b67b9bb-8jq9v
2026-08-17 02:24:54.765,0.0650000820883269,yolo-inference-755b67b9bb-6sgp9
2026-08-17 02:24:54.765,0.0647976811450889,yolo-inference-755b67b9bb-9f28w
2026-08-17 02:24:59.765,0.0650000820883269,yolo-inference-755b67b9bb-6sgp9
2026-08-17 02:24:59.765,0.06506634466417575,yolo-inference-755b67b9bb-c49xx
2026-08-17 02:24:59.765,0.06488986888526142,yolo-inference-755b67b9bb-8jq9v
2026-08-17 02:24:59.765,0.06509244351623297,yolo-inference-755b67b9bb-9f28w
2026-08-17 02:24:59.765,0.06498966180336249,yolo-inference-755b67b9bb-mpvj4
2026-08-17 02:25:04.765,0.06488986888526142,yolo-inference-755b67b9bb-8jq9v
2026-08-17 02:25:04.765,0.0651939536805268,yolo-inference-755b67b9bb-9f28w
2026-08-17 02:25:04.765,0.06523187835631525,yolo-inference-755b67b9bb-c49xx
2026-08-17 02:25:04.765,0.06526049725513466,yolo-inference-755b67b9bb-6sgp9
2026-08-17 02:25:04.765,0.06529700589897387,yolo-inference-755b67b9bb-mpvj4
2026-08-17 02:25:09.765,0.06519046968496384,yolo-inference-755b67b9bb-c49xx
2026-08-17 02:25:09.765,0.06526049725513466,yolo-inference-755b67b9bb-6sgp9
2026-08-17 02:25:09.765,0.06503990268504045,yolo-inference-755b67b9bb-8jq9v
2026-08-17 02:25:09.765,0.06497221860646746,yolo-inference-755b67b9bb-9f28w
2026-08-17 02:25:09.765,0.06529700589897387,yolo-inference-755b67b9bb-mpvj4
2026-08-17 02:25:14.765,0.06491446370281827,yolo-inference-755b67b9bb-8jq9v
2026-08-17 02:25:14.765,0.06519046968496384,yolo-inference-755b67b9bb-c49xx
2026-08-17 02:25:14.765,0.0647786975232743,yolo-inference-755b67b9bb-6sgp9
2026-08-17 02:25:14.765,0.05299867759904603,yolo-inference-755b67b9bb-mpvj4
2026-08-17 02:25:14.765,0.0647849989192304,yolo-inference-755b67b9bb-9f28w
2026-08-17 02:25:19.765,0.06500986630154643,yolo-inference-755b67b9bb-mpvj4
2026-08-17 02:25:19.765,0.0647786975232743,yolo-inference-755b67b9bb-6sgp9
2026-08-17 02:25:19.765,0.06491446370281827,yolo-inference-755b67b9bb-8jq9v
2026-08-17 02:25:19.765,0.06485197326716521,yolo-inference-755b67b9bb-c49xx
2026-08-17 02:25:19.765,0.06465866800084674,yolo-inference-755b67b9bb-9f28w
2026-08-17 02:25:24.765,0.0647786975232743,yolo-inference-755b67b9bb-6sgp9
2026-08-17 02:25:24.765,0.06491446370281827,yolo-inference-755b67b9bb-8jq9v
2026-08-17 02:25:24.765,0.06500986630154643,yolo-inference-755b67b9bb-mpvj4
2026-08-17 02:25:24.765,0.06484835212963971,yolo-inference-755b67b9bb-c49xx
2026-08-17 02:25:24.765,0.06465866800084674,yolo-inference-755b67b9bb-9f28w
2026-08-17 02:25:29.765,0.0645277588555858,yolo-inference-755b67b9bb-8jq9v
2026-08-17 02:25:29.765,0.0651361371440375,yolo-inference-755b67b9bb-mpvj4
2026-08-17 02:25:29.765,0.05671825333732923,yolo-inference-755b67b9bb-9f28w
2026-08-17 02:25:29.765,0.06484835212963973,yolo-inference-755b67b9bb-c49xx
2026-08-17 02:25:29.765,0.0648640421370616,yolo-inference-755b67b9bb-6sgp9
2026-08-17 02:25:34.765,0.0648640421370616,yolo-inference-755b67b9bb-6sgp9
2026-08-17 02:25:34.765,0.06484835212963973,yolo-inference-755b67b9bb-c49xx
2026-08-17 02:25:34.765,0.0645277588555858,yolo-inference-755b67b9bb-8jq9v
2026-08-17 02:25:34.765,0.06436307963108978,yolo-inference-755b67b9bb-mpvj4
2026-08-17 02:25:34.765,0.053424855208343426,yolo-inference-755b67b9bb-9f28w
2026-08-17 02:25:39.765,0.06375064628526485,yolo-inference-755b67b9bb-mpvj4
2026-08-17 02:25:39.765,0.0620496436042459,yolo-inference-755b67b9bb-9f28w
2026-08-17 02:25:39.765,0.06401225916268274,yolo-inference-755b67b9bb-c49xx
2026-08-17 02:25:39.765,0.06480808361313792,yolo-inference-755b67b9bb-6sgp9
2026-08-17 02:25:39.765,0.0646860502814701,yolo-inference-755b67b9bb-8jq9v
2026-08-17 02:25:44.765,0.05465139675377784,yolo-inference-755b67b9bb-6sgp9
2026-08-17 02:25:44.765,0.05861647526417371,yolo-inference-755b67b9bb-8jq9v
2026-08-17 02:25:44.765,0.06375064628526485,yolo-inference-755b67b9bb-mpvj4
2026-08-17 02:25:44.765,0.0632804106578029,yolo-inference-755b67b9bb-c49xx
2026-08-17 02:25:44.765,0.060803648912685124,yolo-inference-755b67b9bb-9f28w
2026-08-17 02:25:49.765,0.061109244406922586,yolo-inference-755b67b9bb-6sgp9
2026-08-17 02:25:49.765,0.05859006505962174,yolo-inference-755b67b9bb-mpvj4
2026-08-17 02:25:49.765,0.05227509265755724,yolo-inference-755b67b9bb-9f28w
2026-08-17 02:25:49.765,0.06328041065780292,yolo-inference-755b67b9bb-c49xx
2026-08-17 02:25:49.765,0.05861647526417371,yolo-inference-755b67b9bb-8jq9v
2026-08-17 02:25:54.765,0.05859006505962174,yolo-inference-755b67b9bb-mpvj4
2026-08-17 02:25:54.765,0.0611092444069226,yolo-inference-755b67b9bb-6sgp9
2026-08-17 02:25:54.765,0.05498620709937373,yolo-inference-755b67b9bb-8jq9v
2026-08-17 02:25:54.765,0.05744671111912062,yolo-inference-755b67b9bb-9f28w
2026-08-17 02:25:54.765,0.06093354107988248,yolo-inference-755b67b9bb-c49xx
2026-08-17 02:25:59.765,0.06093354107988248,yolo-inference-755b67b9bb-c49xx
2026-08-17 02:25:59.765,0.054616006756098616,yolo-inference-755b67b9bb-mpvj4
2026-08-17 02:25:59.765,0.05498620709937373,yolo-inference-755b67b9bb-8jq9v
2026-08-17 02:25:59.765,0.06056899988075569,yolo-inference-755b67b9bb-6sgp9
2026-08-17 02:25:59.765,0.05544241985908266,yolo-inference-755b67b9bb-9f28w
2026-08-17 02:26:04.765,0.05511319137589525,yolo-inference-755b67b9bb-8jq9v
2026-08-17 02:26:04.765,0.0590081088816102,yolo-inference-755b67b9bb-c49xx
2026-08-17 02:26:04.765,0.059684711821980894,yolo-inference-755b67b9bb-6sgp9
2026-08-17 02:26:04.765,0.05544241985908266,yolo-inference-755b67b9bb-9f28w
2026-08-17 02:26:04.765,0.05085156036852835,yolo-inference-755b67b9bb-mpvj4
2026-08-17 02:26:09.765,0.04899075981642007,yolo-inference-755b67b9bb-9f28w
2026-08-17 02:26:09.765,0.05546190691554979,yolo-inference-755b67b9bb-c49xx
2026-08-17 02:26:09.765,0.05139710066386674,yolo-inference-755b67b9bb-8jq9v
2026-08-17 02:26:09.765,0.05085156036852835,yolo-inference-755b67b9bb-mpvj4
2026-08-17 02:26:09.765,0.059684711821980894,yolo-inference-755b67b9bb-6sgp9
2026-08-17 02:26:14.765,0.04899075981642007,yolo-inference-755b67b9bb-9f28w
2026-08-17 02:26:14.765,0.056939777821087625,yolo-inference-755b67b9bb-6sgp9
2026-08-17 02:26:14.765,0.05085156036852835,yolo-inference-755b67b9bb-mpvj4
2026-08-17 02:26:14.765,0.05546190691554979,yolo-inference-755b67b9bb-c49xx
2026-08-17 02:26:14.765,0.0492942337485939,yolo-inference-755b67b9bb-8jq9v
2026-08-17 02:26:19.765,0.04264869419515696,yolo-inference-755b67b9bb-c49xx
2026-08-17 02:26:19.765,0.04542180880456792,yolo-inference-755b67b9bb-9f28w
2026-08-17 02:26:19.765,0.0492942337485939,yolo-inference-755b67b9bb-8jq9v
2026-08-17 02:26:19.765,0.05126207347205498,yolo-inference-755b67b9bb-6sgp9
2026-08-17 02:26:19.765,0.044241428317640656,yolo-inference-755b67b9bb-mpvj4
2026-08-17 02:26:24.765,0.04542180880456792,yolo-inference-755b67b9bb-9f28w
2026-08-17 02:26:24.765,0.0492942337485939,yolo-inference-755b67b9bb-8jq9v
2026-08-17 02:26:24.765,0.05126207347205498,yolo-inference-755b67b9bb-6sgp9
2026-08-17 02:26:24.765,0.042532763942307955,yolo-inference-755b67b9bb-c49xx
2026-08-17 02:26:24.765,0.044241428317640656,yolo-inference-755b67b9bb-mpvj4
2026-08-17 02:26:29.765,0.048032725496581156,yolo-inference-755b67b9bb-c49xx
2026-08-17 02:26:29.765,0.043458082401299905,yolo-inference-755b67b9bb-9f28w
2026-08-17 02:26:29.765,0.044241428317640656,yolo-inference-755b67b9bb-mpvj4
2026-08-17 02:26:29.765,0.041978933517325234,yolo-inference-755b67b9bb-8jq9v
2026-08-17 02:26:29.765,0.03916971031980053,yolo-inference-755b67b9bb-6sgp9
2026-08-17 02:26:34.765,0.04796033905399747,yolo-inference-755b67b9bb-8jq9v
2026-08-17 02:26:34.765,0.040309914892571776,yolo-inference-755b67b9bb-6sgp9
2026-08-17 02:26:34.765,0.04263075926174177,yolo-inference-755b67b9bb-mpvj4
2026-08-17 02:26:34.765,0.043458082401299905,yolo-inference-755b67b9bb-9f28w
2026-08-17 02:26:34.765,0.048032725496581156,yolo-inference-755b67b9bb-c49xx
2026-08-17 02:26:39.765,0.04591630246557295,yolo-inference-755b67b9bb-c49xx
2026-08-17 02:26:39.765,0.04263075926174177,yolo-inference-755b67b9bb-mpvj4
2026-08-17 02:26:39.765,0.04319773291860626,yolo-inference-755b67b9bb-9f28w
2026-08-17 02:26:39.765,0.04730914343983703,yolo-inference-755b67b9bb-6sgp9
2026-08-17 02:26:39.765,0.04796033905399747,yolo-inference-755b67b9bb-8jq9v
2026-08-17 02:26:44.765,0.04503874473067912,yolo-inference-755b67b9bb-c49xx
2026-08-17 02:26:44.765,0.035953276916049055,yolo-inference-755b67b9bb-8jq9v
2026-08-17 02:26:44.765,0.04319773291860626,yolo-inference-755b67b9bb-9f28w
2026-08-17 02:26:44.765,0.04263075926174177,yolo-inference-755b67b9bb-mpvj4
2026-08-17 02:26:44.765,0.04730914343983703,yolo-inference-755b67b9bb-6sgp9
2026-08-17 02:26:49.765,0.04581439277281589,yolo-inference-755b67b9bb-9f28w
2026-08-17 02:26:49.765,0.046387157324951765,yolo-inference-755b67b9bb-6sgp9
2026-08-17 02:26:49.765,0.046495316432099754,yolo-inference-755b67b9bb-8jq9v
2026-08-17 02:26:49.765,0.045210430828587174,yolo-inference-755b67b9bb-mpvj4
2026-08-17 02:26:49.765,0.04503874473067912,yolo-inference-755b67b9bb-c49xx
2026-08-17 02:26:54.765,0.045210430828587174,yolo-inference-755b67b9bb-mpvj4
2026-08-17 02:26:54.765,0.043166620598153314,yolo-inference-755b67b9bb-c49xx
2026-08-17 02:26:54.765,0.047424618024932606,yolo-inference-755b67b9bb-9f28w
2026-08-17 02:26:54.765,0.04649531643209975,yolo-inference-755b67b9bb-8jq9v
2026-08-17 02:26:54.765,0.046387157324951765,yolo-inference-755b67b9bb-6sgp9
2026-08-17 02:26:59.765,0.049381656750571865,yolo-inference-755b67b9bb-mpvj4
2026-08-17 02:26:59.765,0.043166620598153314,yolo-inference-755b67b9bb-c49xx
2026-08-17 02:26:59.765,0.047424618024932606,yolo-inference-755b67b9bb-9f28w
2026-08-17 02:26:59.765,0.04649531643209975,yolo-inference-755b67b9bb-8jq9v
2026-08-17 02:26:59.765,0.04038085528768985,yolo-inference-755b67b9bb-6sgp9
2026-08-17 02:27:04.765,0.051666159860990435,yolo-inference-755b67b9bb-mpvj4
2026-08-17 02:27:04.765,0.053231401519092794,yolo-inference-755b67b9bb-8jq9v
2026-08-17 02:27:04.765,0.05105774717540983,yolo-inference-755b67b9bb-9f28w
2026-08-17 02:27:04.765,0.049904993735457225,yolo-inference-755b67b9bb-c49xx
2026-08-17 02:27:04.765,0.05519979851514415,yolo-inference-755b67b9bb-6sgp9
2026-08-17 02:27:09.765,0.05342561195006251,yolo-inference-755b67b9bb-c49xx
2026-08-17 02:27:09.765,0.053231401519092794,yolo-inference-755b67b9bb-8jq9v
2026-08-17 02:27:09.765,0.05519979851514415,yolo-inference-755b67b9bb-6sgp9
2026-08-17 02:27:09.765,0.051666159860990435,yolo-inference-755b67b9bb-mpvj4
2026-08-17 02:27:09.765,0.046203461940562345,yolo-inference-755b67b9bb-9f28w
2026-08-17 02:27:14.765,0.04201788888888889,yolo-inference-755b67b9bb-9f28w
2026-08-17 02:27:14.765,0.05519979851514415,yolo-inference-755b67b9bb-6sgp9
2026-08-17 02:27:14.765,0.04980736861159013,yolo-inference-755b67b9bb-8jq9v
2026-08-17 02:27:14.765,0.04386198641398783,yolo-inference-755b67b9bb-mpvj4
2026-08-17 02:27:14.765,0.0560436575564391,yolo-inference-755b67b9bb-c49xx
2026-08-17 02:27:19.765,0.06240914243412688,yolo-inference-755b67b9bb-6sgp9
2026-08-17 02:27:19.765,0.0560436575564391,yolo-inference-755b67b9bb-c49xx
2026-08-17 02:27:19.765,0.06017939430064888,yolo-inference-755b67b9bb-mpvj4
2026-08-17 02:27:19.765,0.06102117126365974,yolo-inference-755b67b9bb-8jq9v
2026-08-17 02:27:19.765,0.06012643441356456,yolo-inference-755b67b9bb-9f28w
2026-08-17 02:27:24.765,0.06017939430064888,yolo-inference-755b67b9bb-mpvj4
2026-08-17 02:27:24.765,0.06102117126365974,yolo-inference-755b67b9bb-8jq9v
2026-08-17 02:27:24.765,0.06240914243412688,yolo-inference-755b67b9bb-6sgp9
2026-08-17 02:27:24.765,0.06012643441356456,yolo-inference-755b67b9bb-9f28w
2026-08-17 02:27:24.765,0.05766810951939256,yolo-inference-755b67b9bb-c49xx
2026-08-17 02:27:29.765,0.0609983241686307,yolo-inference-755b67b9bb-mpvj4
2026-08-17 02:27:29.765,0.06102117126365974,yolo-inference-755b67b9bb-8jq9v
2026-08-17 02:27:29.765,0.063648845332816,yolo-inference-755b67b9bb-c49xx
2026-08-17 02:27:29.765,0.06161339522546403,yolo-inference-755b67b9bb-6sgp9
2026-08-17 02:27:29.765,0.06360405311257736,yolo-inference-755b67b9bb-9f28w
2026-08-17 02:27:34.765,0.06161339522546403,yolo-inference-755b67b9bb-6sgp9
2026-08-17 02:27:34.765,0.0646597650901929,yolo-inference-755b67b9bb-mpvj4
2026-08-17 02:27:34.765,0.06360405311257736,yolo-inference-755b67b9bb-9f28w
2026-08-17 02:27:34.765,0.06277557967330516,yolo-inference-755b67b9bb-8jq9v
2026-08-17 02:27:34.765,0.063648845332816,yolo-inference-755b67b9bb-c49xx
2026-08-17 02:27:39.765,0.0646597650901929,yolo-inference-755b67b9bb-mpvj4
2026-08-17 02:27:39.765,0.06300861581601505,yolo-inference-755b67b9bb-6sgp9
2026-08-17 02:27:39.765,0.06523008965210798,yolo-inference-755b67b9bb-9f28w
2026-08-17 02:27:39.765,0.06277557967330516,yolo-inference-755b67b9bb-8jq9v
2026-08-17 02:27:39.765,0.05482357932272478,yolo-inference-755b67b9bb-c49xx
2026-08-17 02:27:44.765,0.05346529939926988,yolo-inference-755b67b9bb-9f28w
2026-08-17 02:27:44.765,0.057493344103936396,yolo-inference-755b67b9bb-8jq9v
2026-08-17 02:27:44.765,0.04482064245980541,yolo-inference-755b67b9bb-c49xx
2026-08-17 02:27:44.765,0.060239048945057334,yolo-inference-755b67b9bb-6sgp9
2026-08-17 02:27:44.765,0.05552316067249006,yolo-inference-755b67b9bb-mpvj4
2026-08-17 02:27:49.765,0.05611816422003557,yolo-inference-755b67b9bb-c49xx
2026-08-17 02:27:49.765,0.05599174643692825,yolo-inference-755b67b9bb-9f28w
2026-08-17 02:27:49.765,0.05848865550642227,yolo-inference-755b67b9bb-6sgp9
2026-08-17 02:27:49.765,0.056483207955592835,yolo-inference-755b67b9bb-mpvj4
2026-08-17 02:27:49.765,0.05509178996096941,yolo-inference-755b67b9bb-8jq9v
2026-08-17 02:27:54.765,0.054442111385195426,yolo-inference-755b67b9bb-6sgp9
2026-08-17 02:27:54.765,0.04832802772355763,yolo-inference-755b67b9bb-c49xx
2026-08-17 02:27:54.765,0.05509178996096942,yolo-inference-755b67b9bb-8jq9v
2026-08-17 02:27:54.765,0.05599174643692825,yolo-inference-755b67b9bb-9f28w
2026-08-17 02:27:54.765,0.056483207955592835,yolo-inference-755b67b9bb-mpvj4
2026-08-17 02:27:59.765,0.05509178996096942,yolo-inference-755b67b9bb-8jq9v
2026-08-17 02:27:59.765,0.054442111385195426,yolo-inference-755b67b9bb-6sgp9
2026-08-17 02:27:59.765,0.04365151403855466,yolo-inference-755b67b9bb-c49xx
2026-08-17 02:27:59.765,0.05599174643692825,yolo-inference-755b67b9bb-9f28w
2026-08-17 02:27:59.765,0.05177926309071974,yolo-inference-755b67b9bb-mpvj4
2026-08-17 02:28:04.765,0.04711193749031593,yolo-inference-755b67b9bb-8jq9v
2026-08-17 02:28:04.765,0.04314543996279541,yolo-inference-755b67b9bb-6sgp9
2026-08-17 02:28:04.765,0.047604446462942596,yolo-inference-755b67b9bb-c49xx
2026-08-17 02:28:04.765,0.048044408166638936,yolo-inference-755b67b9bb-9f28w
2026-08-17 02:28:04.765,0.0482344749877756,yolo-inference-755b67b9bb-mpvj4
2026-08-17 02:28:09.765,0.048044408166638936,yolo-inference-755b67b9bb-9f28w
2026-08-17 02:28:09.765,0.0482344749877756,yolo-inference-755b67b9bb-mpvj4
2026-08-17 02:28:09.765,0.047604446462942596,yolo-inference-755b67b9bb-c49xx
2026-08-17 02:28:09.765,0.04711193749031593,yolo-inference-755b67b9bb-8jq9v
2026-08-17 02:28:09.765,0.048001269967258516,yolo-inference-755b67b9bb-6sgp9
2026-08-17 02:28:14.765,0.04678653777178093,yolo-inference-755b67b9bb-mpvj4
2026-08-17 02:28:14.765,0.048044408166638936,yolo-inference-755b67b9bb-9f28w
2026-08-17 02:28:14.765,0.04240672292545712,yolo-inference-755b67b9bb-c49xx
2026-08-17 02:28:14.765,0.04711193749031593,yolo-inference-755b67b9bb-8jq9v
2026-08-17 02:28:14.765,0.048001269967258516,yolo-inference-755b67b9bb-6sgp9
2026-08-17 02:28:19.765,0.04166345832497818,yolo-inference-755b67b9bb-mpvj4
2026-08-17 02:28:19.765,0.042570754458161886,yolo-inference-755b67b9bb-9f28w
2026-08-17 02:28:19.765,0.041031595576619284,yolo-inference-755b67b9bb-8jq9v
2026-08-17 02:28:19.765,0.041836777266107815,yolo-inference-755b67b9bb-c49xx
2026-08-17 02:28:19.765,0.04504794833985876,yolo-inference-755b67b9bb-6sgp9
2026-08-17 02:28:24.765,0.04166345832497818,yolo-inference-755b67b9bb-mpvj4
2026-08-17 02:28:24.765,0.040850733955393785,yolo-inference-755b67b9bb-c49xx
2026-08-17 02:28:24.765,0.04211307640144659,yolo-inference-755b67b9bb-9f28w
2026-08-17 02:28:24.765,0.045719500915120365,yolo-inference-755b67b9bb-6sgp9
2026-08-17 02:28:24.765,0.041031595576619284,yolo-inference-755b67b9bb-8jq9v
2026-08-17 02:28:29.765,0.04446675381933789,yolo-inference-755b67b9bb-6sgp9
2026-08-17 02:28:29.765,0.04165559378336695,yolo-inference-755b67b9bb-9f28w
2026-08-17 02:28:29.765,0.041031595576619284,yolo-inference-755b67b9bb-8jq9v
2026-08-17 02:28:29.765,0.040850733955393785,yolo-inference-755b67b9bb-c49xx
2026-08-17 02:28:29.765,0.035157576073232465,yolo-inference-755b67b9bb-mpvj4
2026-08-17 02:28:34.765,0.04133225434002707,yolo-inference-755b67b9bb-8jq9v
2026-08-17 02:28:34.765,0.0412013703271467,yolo-inference-755b67b9bb-c49xx
2026-08-17 02:28:34.765,0.03863642128105904,yolo-inference-755b67b9bb-6sgp9
2026-08-17 02:28:34.765,0.041434974747474915,yolo-inference-755b67b9bb-mpvj4
2026-08-17 02:28:34.765,0.04165559378336695,yolo-inference-755b67b9bb-9f28w
2026-08-17 02:28:39.765,0.0412013703271467,yolo-inference-755b67b9bb-c49xx
2026-08-17 02:28:39.765,0.04178112881551183,yolo-inference-755b67b9bb-9f28w
2026-08-17 02:28:39.765,0.03583434732744122,yolo-inference-755b67b9bb-mpvj4
2026-08-17 02:28:39.765,0.04133225434002707,yolo-inference-755b67b9bb-8jq9v
2026-08-17 02:28:39.765,0.044911646234676174,yolo-inference-755b67b9bb-6sgp9
2026-08-17 02:28:44.765,0.041254407605752295,yolo-inference-755b67b9bb-c49xx
2026-08-17 02:28:44.765,0.04184088148236872,yolo-inference-755b67b9bb-mpvj4
2026-08-17 02:28:44.765,0.04134276497695823,yolo-inference-755b67b9bb-8jq9v
2026-08-17 02:28:44.765,0.04580930376528345,yolo-inference-755b67b9bb-6sgp9
2026-08-17 02:28:44.765,0.04178112881551183,yolo-inference-755b67b9bb-9f28w
2026-08-17 02:28:49.765,0.04172335672486227,yolo-inference-755b67b9bb-mpvj4
2026-08-17 02:28:49.765,0.04158328573060685,yolo-inference-755b67b9bb-9f28w
2026-08-17 02:28:49.765,0.041035408830142464,yolo-inference-755b67b9bb-8jq9v
2026-08-17 02:28:49.765,0.041254407605752295,yolo-inference-755b67b9bb-c49xx
2026-08-17 02:28:49.765,0.04580930376528345,yolo-inference-755b67b9bb-6sgp9
2026-08-17 02:28:54.765,0.041035408830142464,yolo-inference-755b67b9bb-8jq9v
2026-08-17 02:28:54.765,0.0410371899261504,yolo-inference-755b67b9bb-c49xx
2026-08-17 02:28:54.765,0.04642568067387306,yolo-inference-755b67b9bb-6sgp9
2026-08-17 02:28:54.765,0.04172335672486227,yolo-inference-755b67b9bb-mpvj4
2026-08-17 02:28:54.765,0.04144835898386806,yolo-inference-755b67b9bb-9f28w
2026-08-17 02:28:59.765,0.04144835898386806,yolo-inference-755b67b9bb-9f28w
2026-08-17 02:28:59.765,0.0410371899261504,yolo-inference-755b67b9bb-c49xx
2026-08-17 02:28:59.765,0.04642568067387306,yolo-inference-755b67b9bb-6sgp9
2026-08-17 02:28:59.765,0.04236687600933056,yolo-inference-755b67b9bb-mpvj4
2026-08-17 02:28:59.765,0.041035408830142464,yolo-inference-755b67b9bb-8jq9v
2026-08-17 02:29:04.765,0.041251771160709556,yolo-inference-755b67b9bb-c49xx
2026-08-17 02:29:04.765,0.0416246277312771,yolo-inference-755b67b9bb-9f28w
2026-08-17 02:29:04.765,0.04275647926183887,yolo-inference-755b67b9bb-mpvj4
2026-08-17 02:29:04.765,0.04642568067387306,yolo-inference-755b67b9bb-6sgp9
2026-08-17 02:29:04.765,0.03458535388196788,yolo-inference-755b67b9bb-8jq9v
2026-08-17 02:29:09.765,0.0429076481257558,yolo-inference-755b67b9bb-c49xx
2026-08-17 02:29:09.765,0.04668774899277477,yolo-inference-755b67b9bb-6sgp9
2026-08-17 02:29:09.765,0.0416246277312771,yolo-inference-755b67b9bb-9f28w
2026-08-17 02:29:09.765,0.04136903584672443,yolo-inference-755b67b9bb-8jq9v
2026-08-17 02:29:09.765,0.04275647926183887,yolo-inference-755b67b9bb-mpvj4
2026-08-17 02:29:14.765,0.0429076481257558,yolo-inference-755b67b9bb-c49xx
2026-08-17 02:29:14.765,0.04668774899277477,yolo-inference-755b67b9bb-6sgp9
2026-08-17 02:29:14.765,0.04136903584672443,yolo-inference-755b67b9bb-8jq9v
2026-08-17 02:29:14.765,0.041421859942178056,yolo-inference-755b67b9bb-9f28w
2026-08-17 02:29:14.765,0.043344972150685376,yolo-inference-755b67b9bb-mpvj4
2026-08-17 02:29:19.765,0.04553171330481969,yolo-inference-755b67b9bb-mpvj4
2026-08-17 02:29:19.765,0.04090509634832102,yolo-inference-755b67b9bb-8jq9v
2026-08-17 02:29:19.765,0.04668774899277477,yolo-inference-755b67b9bb-6sgp9
2026-08-17 02:29:19.765,0.041421859942178056,yolo-inference-755b67b9bb-9f28w
2026-08-17 02:29:19.765,0.04343242547347972,yolo-inference-755b67b9bb-c49xx
2026-08-17 02:29:24.765,0.04531928868952263,yolo-inference-755b67b9bb-6sgp9
2026-08-17 02:29:24.765,0.04553171330481969,yolo-inference-755b67b9bb-mpvj4
2026-08-17 02:29:24.765,0.041077209391104944,yolo-inference-755b67b9bb-9f28w
2026-08-17 02:29:24.765,0.04343242547347972,yolo-inference-755b67b9bb-c49xx
2026-08-17 02:29:24.765,0.04090509634832102,yolo-inference-755b67b9bb-8jq9v
2026-08-17 02:29:29.765,0.045319288689522626,yolo-inference-755b67b9bb-6sgp9
2026-08-17 02:29:29.765,0.04317645095494168,yolo-inference-755b67b9bb-c49xx
2026-08-17 02:29:29.765,0.033242758629986456,yolo-inference-755b67b9bb-9f28w
2026-08-17 02:29:29.765,0.047138321518683045,yolo-inference-755b67b9bb-mpvj4
2026-08-17 02:29:29.765,0.04090509634832103,yolo-inference-755b67b9bb-8jq9v
2026-08-17 02:29:34.765,0.045319288689522626,yolo-inference-755b67b9bb-6sgp9
2026-08-17 02:29:34.765,0.041023848684210454,yolo-inference-755b67b9bb-9f28w
2026-08-17 02:29:34.765,0.04121959839719061,yolo-inference-755b67b9bb-8jq9v
2026-08-17 02:29:34.765,0.044605215670295024,yolo-inference-755b67b9bb-c49xx
2026-08-17 02:29:34.765,0.04686067548884066,yolo-inference-755b67b9bb-mpvj4
2026-08-17 02:29:39.765,0.04686067548884066,yolo-inference-755b67b9bb-mpvj4
2026-08-17 02:29:39.765,0.044605215670295024,yolo-inference-755b67b9bb-c49xx
2026-08-17 02:29:39.765,0.04099675073907366,yolo-inference-755b67b9bb-9f28w
2026-08-17 02:29:39.765,0.04121959839719061,yolo-inference-755b67b9bb-8jq9v
2026-08-17 02:29:39.765,0.03781248809322601,yolo-inference-755b67b9bb-6sgp9
2026-08-17 02:29:44.765,0.04475673137132133,yolo-inference-755b67b9bb-6sgp9
2026-08-17 02:29:44.765,0.04073307313064901,yolo-inference-755b67b9bb-9f28w
2026-08-17 02:29:44.765,0.0479378931906996,yolo-inference-755b67b9bb-mpvj4
2026-08-17 02:29:44.765,0.04318276368464447,yolo-inference-755b67b9bb-c49xx
2026-08-17 02:29:44.765,0.04121959839719061,yolo-inference-755b67b9bb-8jq9v
2026-08-17 02:29:49.765,0.04318276368464447,yolo-inference-755b67b9bb-c49xx
2026-08-17 02:29:49.765,0.045922650379716545,yolo-inference-755b67b9bb-mpvj4
2026-08-17 02:29:49.765,0.04073307313064901,yolo-inference-755b67b9bb-9f28w
2026-08-17 02:29:49.765,0.04475673137132133,yolo-inference-755b67b9bb-6sgp9
2026-08-17 02:29:49.765,0.032965578783399827,yolo-inference-755b67b9bb-8jq9v
2026-08-17 02:29:54.765,0.045922650379716545,yolo-inference-755b67b9bb-mpvj4
2026-08-17 02:29:54.765,0.04054239381235571,yolo-inference-755b67b9bb-9f28w
2026-08-17 02:29:54.765,0.043319677654098214,yolo-inference-755b67b9bb-6sgp9
2026-08-17 02:29:54.765,0.04149488740641448,yolo-inference-755b67b9bb-c49xx
2026-08-17 02:29:54.765,0.04050184756367933,yolo-inference-755b67b9bb-8jq9v
2026-08-17 02:29:59.765,0.033218917150076306,yolo-inference-755b67b9bb-9f28w
2026-08-17 02:29:59.765,0.03578727569115942,yolo-inference-755b67b9bb-mpvj4
2026-08-17 02:29:59.765,0.04258153105440559,yolo-inference-755b67b9bb-6sgp9
2026-08-17 02:29:59.765,0.04050184756367933,yolo-inference-755b67b9bb-8jq9v
2026-08-17 02:29:59.765,0.041292469645815226,yolo-inference-755b67b9bb-c49xx
2026-08-17 02:30:04.765,0.040435330419131,yolo-inference-755b67b9bb-9f28w
2026-08-17 02:30:04.765,0.04258153105440559,yolo-inference-755b67b9bb-6sgp9
2026-08-17 02:30:04.765,0.04330662989992164,yolo-inference-755b67b9bb-mpvj4
2026-08-17 02:30:04.765,0.04075273282991727,yolo-inference-755b67b9bb-8jq9v
2026-08-17 02:30:04.765,0.041292469645815226,yolo-inference-755b67b9bb-c49xx
2026-08-17 02:30:09.765,0.03303947292786074,yolo-inference-755b67b9bb-c49xx
2026-08-17 02:30:09.765,0.04267722434339926,yolo-inference-755b67b9bb-6sgp9
2026-08-17 02:30:09.765,0.040976849599787646,yolo-inference-755b67b9bb-8jq9v
2026-08-17 02:30:09.765,0.040435330419131,yolo-inference-755b67b9bb-9f28w
2026-08-17 02:30:09.765,0.04330662989992164,yolo-inference-755b67b9bb-mpvj4
2026-08-17 02:30:14.765,0.037176696733781905,yolo-inference-755b67b9bb-mpvj4
2026-08-17 02:30:14.765,0.040976849599787646,yolo-inference-755b67b9bb-8jq9v
2026-08-17 02:30:14.765,0.04267722434339926,yolo-inference-755b67b9bb-6sgp9
2026-08-17 02:30:14.765,0.040391513836684066,yolo-inference-755b67b9bb-c49xx
2026-08-17 02:30:14.765,0.040115786409651126,yolo-inference-755b67b9bb-9f28w
2026-08-17 02:30:19.765,0.04182001621641528,yolo-inference-755b67b9bb-6sgp9
2026-08-17 02:30:19.765,0.04059424877692432,yolo-inference-755b67b9bb-8jq9v
2026-08-17 02:30:19.765,0.04163992101524302,yolo-inference-755b67b9bb-mpvj4
2026-08-17 02:30:19.765,0.04175329472188825,yolo-inference-755b67b9bb-9f28w
2026-08-17 02:30:19.765,0.040391513836684066,yolo-inference-755b67b9bb-c49xx
2026-08-17 02:30:24.765,0.04059424877692432,yolo-inference-755b67b9bb-8jq9v
2026-08-17 02:30:24.765,0.040494958859659196,yolo-inference-755b67b9bb-6sgp9
2026-08-17 02:30:24.765,0.04175329472188825,yolo-inference-755b67b9bb-9f28w
2026-08-17 02:30:24.765,0.040315674984005005,yolo-inference-755b67b9bb-c49xx
2026-08-17 02:30:24.765,0.04163992101524302,yolo-inference-755b67b9bb-mpvj4
2026-08-17 02:30:29.765,0.04309632273188475,yolo-inference-755b67b9bb-9f28w
2026-08-17 02:30:29.765,0.04068152754664097,yolo-inference-755b67b9bb-8jq9v
2026-08-17 02:30:29.765,0.040494958859659196,yolo-inference-755b67b9bb-6sgp9
2026-08-17 02:30:29.765,0.04043916755602984,yolo-inference-755b67b9bb-c49xx
2026-08-17 02:30:29.765,0.04177186268566208,yolo-inference-755b67b9bb-mpvj4
2026-08-17 02:30:34.765,0.04388300853809557,yolo-inference-755b67b9bb-9f28w
2026-08-17 02:30:34.765,0.04085221639138102,yolo-inference-755b67b9bb-8jq9v
2026-08-17 02:30:34.765,0.04043916755602984,yolo-inference-755b67b9bb-c49xx
2026-08-17 02:30:34.765,0.040494958859659196,yolo-inference-755b67b9bb-6sgp9
2026-08-17 02:30:34.765,0.04217826720896298,yolo-inference-755b67b9bb-mpvj4
2026-08-17 02:30:39.765,0.03288513105656346,yolo-inference-755b67b9bb-c49xx
2026-08-17 02:30:39.765,0.04036811206480141,yolo-inference-755b67b9bb-6sgp9
2026-08-17 02:30:39.765,0.04388300853809557,yolo-inference-755b67b9bb-9f28w
2026-08-17 02:30:39.765,0.04217826720896298,yolo-inference-755b67b9bb-mpvj4
2026-08-17 02:30:39.765,0.04085221639138102,yolo-inference-755b67b9bb-8jq9v
2026-08-17 02:30:44.765,0.039376100138711026,yolo-inference-755b67b9bb-9f28w
2026-08-17 02:30:44.765,0.0404746426215088,yolo-inference-755b67b9bb-c49xx
2026-08-17 02:30:44.765,0.040229155984001556,yolo-inference-755b67b9bb-6sgp9
2026-08-17 02:30:44.765,0.04085221639138102,yolo-inference-755b67b9bb-8jq9v
2026-08-17 02:30:44.765,0.034492332466809696,yolo-inference-755b67b9bb-mpvj4
2026-08-17 02:30:49.765,0.03998752383797062,yolo-inference-755b67b9bb-8jq9v
2026-08-17 02:30:49.765,0.04029810600332668,yolo-inference-755b67b9bb-6sgp9
2026-08-17 02:30:49.765,0.0404746426215088,yolo-inference-755b67b9bb-c49xx
2026-08-17 02:30:49.765,0.04641203585147244,yolo-inference-755b67b9bb-9f28w
2026-08-17 02:30:49.765,0.04435900413886292,yolo-inference-755b67b9bb-mpvj4
2026-08-17 02:30:54.765,0.044359004138862915,yolo-inference-755b67b9bb-mpvj4
2026-08-17 02:30:54.765,0.04029810600332668,yolo-inference-755b67b9bb-6sgp9
2026-08-17 02:30:54.765,0.04641203585147244,yolo-inference-755b67b9bb-9f28w
2026-08-17 02:30:54.765,0.03998752383797062,yolo-inference-755b67b9bb-8jq9v
2026-08-17 02:30:54.765,0.0404746426215088,yolo-inference-755b67b9bb-c49xx
2026-08-17 02:30:59.765,0.040473856398378937,yolo-inference-755b67b9bb-c49xx
2026-08-17 02:30:59.765,0.04028795543510996,yolo-inference-755b67b9bb-6sgp9
2026-08-17 02:30:59.765,0.039987523837970614,yolo-inference-755b67b9bb-8jq9v
2026-08-17 02:30:59.765,0.03762906461982064,yolo-inference-755b67b9bb-mpvj4
2026-08-17 02:30:59.765,0.03973579341655994,yolo-inference-755b67b9bb-9f28w
2026-08-17 02:31:04.765,0.04491511671451753,yolo-inference-755b67b9bb-9f28w
2026-08-17 02:31:04.765,0.040259195957494325,yolo-inference-755b67b9bb-c49xx
2026-08-17 02:31:04.765,0.04044908368293233,yolo-inference-755b67b9bb-6sgp9
2026-08-17 02:31:04.765,0.039954639462737966,yolo-inference-755b67b9bb-8jq9v
2026-08-17 02:31:04.765,0.044505980350277724,yolo-inference-755b67b9bb-mpvj4
2026-08-17 02:31:09.765,0.039954639462737966,yolo-inference-755b67b9bb-8jq9v
2026-08-17 02:31:09.765,0.04450598035027772,yolo-inference-755b67b9bb-mpvj4
2026-08-17 02:31:09.765,0.04044908368293233,yolo-inference-755b67b9bb-6sgp9
2026-08-17 02:31:09.765,0.04491511671451753,yolo-inference-755b67b9bb-9f28w
2026-08-17 02:31:09.765,0.040314802393973885,yolo-inference-755b67b9bb-c49xx
2026-08-17 02:31:14.765,0.040314802393973885,yolo-inference-755b67b9bb-c49xx
2026-08-17 02:31:14.765,0.04491511671451753,yolo-inference-755b67b9bb-9f28w
2026-08-17 02:31:14.765,0.045073852151313806,yolo-inference-755b67b9bb-mpvj4
2026-08-17 02:31:14.765,0.039954639462737966,yolo-inference-755b67b9bb-8jq9v
2026-08-17 02:31:14.765,0.04044908368293233,yolo-inference-755b67b9bb-6sgp9
2026-08-17 02:31:19.765,0.039941327615209805,yolo-inference-755b67b9bb-c49xx
2026-08-17 02:31:19.765,0.0427677971963948,yolo-inference-755b67b9bb-9f28w
2026-08-17 02:31:19.765,0.03946996236095653,yolo-inference-755b67b9bb-8jq9v
2026-08-17 02:31:19.765,0.04027130841335695,yolo-inference-755b67b9bb-6sgp9
2026-08-17 02:31:19.765,0.04579164684831612,yolo-inference-755b67b9bb-mpvj4
2026-08-17 02:31:24.765,0.04529559110848985,yolo-inference-755b67b9bb-mpvj4
2026-08-17 02:31:24.765,0.04027130841335695,yolo-inference-755b67b9bb-6sgp9
2026-08-17 02:31:24.765,0.0427677971963948,yolo-inference-755b67b9bb-9f28w
2026-08-17 02:31:24.765,0.03946996236095653,yolo-inference-755b67b9bb-8jq9v
2026-08-17 02:31:24.765,0.03948609225614503,yolo-inference-755b67b9bb-c49xx
2026-08-17 02:31:29.765,0.041048830111902176,yolo-inference-755b67b9bb-9f28w
2026-08-17 02:31:29.765,0.036035400834692456,yolo-inference-755b67b9bb-mpvj4
2026-08-17 02:31:29.765,0.033375016819147875,yolo-inference-755b67b9bb-8jq9v
2026-08-17 02:31:29.765,0.04027130841335695,yolo-inference-755b67b9bb-6sgp9
2026-08-17 02:31:29.765,0.03948609225614503,yolo-inference-755b67b9bb-c49xx
2026-08-17 02:31:34.765,0.04027130841335695,yolo-inference-755b67b9bb-6sgp9
2026-08-17 02:31:34.765,0.043168715218000406,yolo-inference-755b67b9bb-9f28w
2026-08-17 02:31:34.765,0.0396692507454074,yolo-inference-755b67b9bb-c49xx
2026-08-17 02:31:34.765,0.03872627367107275,yolo-inference-755b67b9bb-mpvj4
2026-08-17 02:31:34.765,0.040165353420985754,yolo-inference-755b67b9bb-8jq9v
2026-08-17 02:31:39.765,0.04086582283641106,yolo-inference-755b67b9bb-6sgp9
2026-08-17 02:31:39.765,0.040165353420985754,yolo-inference-755b67b9bb-8jq9v
2026-08-17 02:31:39.765,0.0396692507454074,yolo-inference-755b67b9bb-c49xx
2026-08-17 02:31:39.765,0.043168715218000406,yolo-inference-755b67b9bb-9f28w
2026-08-17 02:31:39.765,0.035047202251356734,yolo-inference-755b67b9bb-mpvj4
2026-08-17 02:31:44.765,0.040165353420985754,yolo-inference-755b67b9bb-8jq9v
2026-08-17 02:31:44.765,0.03954800134568942,yolo-inference-755b67b9bb-c49xx
2026-08-17 02:31:44.765,0.04086582283641107,yolo-inference-755b67b9bb-6sgp9
2026-08-17 02:31:44.765,0.045655553484904965,yolo-inference-755b67b9bb-mpvj4
2026-08-17 02:31:44.765,0.03547427135793308,yolo-inference-755b67b9bb-9f28w
2026-08-17 02:31:49.765,0.04495790413404764,yolo-inference-755b67b9bb-9f28w
2026-08-17 02:31:49.765,0.04668538498098838,yolo-inference-755b67b9bb-mpvj4
2026-08-17 02:31:49.765,0.040478746797850754,yolo-inference-755b67b9bb-8jq9v
2026-08-17 02:31:49.765,0.03942729835212492,yolo-inference-755b67b9bb-c49xx
2026-08-17 02:31:49.765,0.04085725488075269,yolo-inference-755b67b9bb-6sgp9
2026-08-17 02:31:54.765,0.04495790413404764,yolo-inference-755b67b9bb-9f28w
2026-08-17 02:31:54.765,0.040478746797850754,yolo-inference-755b67b9bb-8jq9v
2026-08-17 02:31:54.765,0.03942729835212492,yolo-inference-755b67b9bb-c49xx
2026-08-17 02:31:54.765,0.040928264368904343,yolo-inference-755b67b9bb-6sgp9
2026-08-17 02:31:54.765,0.04668538498098838,yolo-inference-755b67b9bb-mpvj4
2026-08-17 02:31:59.765,0.03942729835212492,yolo-inference-755b67b9bb-c49xx
2026-08-17 02:31:59.765,0.04647545612990059,yolo-inference-755b67b9bb-mpvj4
2026-08-17 02:31:59.765,0.04495790413404764,yolo-inference-755b67b9bb-9f28w
2026-08-17 02:31:59.765,0.04082159887322027,yolo-inference-755b67b9bb-8jq9v
2026-08-17 02:31:59.765,0.040928264368904343,yolo-inference-755b67b9bb-6sgp9
2026-08-17 02:32:04.765,0.041558602639963325,yolo-inference-755b67b9bb-6sgp9
2026-08-17 02:32:04.765,0.04140281928788251,yolo-inference-755b67b9bb-8jq9v
2026-08-17 02:32:04.765,0.03991792684227352,yolo-inference-755b67b9bb-c49xx
2026-08-17 02:32:04.765,0.04707205326535999,yolo-inference-755b67b9bb-9f28w
2026-08-17 02:32:04.765,0.04647545612990059,yolo-inference-755b67b9bb-mpvj4
2026-08-17 02:32:09.765,0.0414028192878825,yolo-inference-755b67b9bb-8jq9v
2026-08-17 02:32:09.765,0.04164689685666041,yolo-inference-755b67b9bb-6sgp9
2026-08-17 02:32:09.765,0.04707205326535999,yolo-inference-755b67b9bb-9f28w
2026-08-17 02:32:09.765,0.03991792684227352,yolo-inference-755b67b9bb-c49xx
2026-08-17 02:32:09.765,0.04647545612990059,yolo-inference-755b67b9bb-mpvj4
2026-08-17 02:32:14.765,0.04707205326535999,yolo-inference-755b67b9bb-9f28w
2026-08-17 02:32:14.765,0.04790620852687443,yolo-inference-755b67b9bb-mpvj4
2026-08-17 02:32:14.765,0.03991792684227352,yolo-inference-755b67b9bb-c49xx
2026-08-17 02:32:14.765,0.04164689685666041,yolo-inference-755b67b9bb-6sgp9
2026-08-17 02:32:14.765,0.041317886423600556,yolo-inference-755b67b9bb-8jq9v
2026-08-17 02:32:19.765,0.0336223380313264,yolo-inference-755b67b9bb-6sgp9
2026-08-17 02:32:19.765,0.04001969380034689,yolo-inference-755b67b9bb-c49xx
2026-08-17 02:32:19.765,0.03855226959239824,yolo-inference-755b67b9bb-9f28w
2026-08-17 02:32:19.765,0.04790620852687443,yolo-inference-755b67b9bb-mpvj4
2026-08-17 02:32:19.765,0.04129376650212389,yolo-inference-755b67b9bb-8jq9v
2026-08-17 02:32:24.765,0.04129376650212389,yolo-inference-755b67b9bb-8jq9v
2026-08-17 02:32:24.765,0.04001969380034689,yolo-inference-755b67b9bb-c49xx
2026-08-17 02:32:24.765,0.04754842971846727,yolo-inference-755b67b9bb-mpvj4
2026-08-17 02:32:24.765,0.04450720355432856,yolo-inference-755b67b9bb-9f28w
2026-08-17 02:32:24.765,0.04146149801163448,yolo-inference-755b67b9bb-6sgp9
2026-08-17 02:32:29.765,0.04001969380034689,yolo-inference-755b67b9bb-c49xx
2026-08-17 02:32:29.765,0.04450720355432856,yolo-inference-755b67b9bb-9f28w
2026-08-17 02:32:29.765,0.04885732872621791,yolo-inference-755b67b9bb-mpvj4
2026-08-17 02:32:29.765,0.03521268586015139,yolo-inference-755b67b9bb-8jq9v
2026-08-17 02:32:29.765,0.04162418841238995,yolo-inference-755b67b9bb-6sgp9
2026-08-17 02:32:34.765,0.04158305343196848,yolo-inference-755b67b9bb-8jq9v
2026-08-17 02:32:34.765,0.04162418841238995,yolo-inference-755b67b9bb-6sgp9
2026-08-17 02:32:34.765,0.043463670572398506,yolo-inference-755b67b9bb-9f28w
2026-08-17 02:32:34.765,0.04885732872621791,yolo-inference-755b67b9bb-mpvj4
2026-08-17 02:32:34.765,0.04039723940980467,yolo-inference-755b67b9bb-c49xx
2026-08-17 02:32:39.765,0.043342746897486746,yolo-inference-755b67b9bb-9f28w
2026-08-17 02:32:39.765,0.04188189557146825,yolo-inference-755b67b9bb-6sgp9
2026-08-17 02:32:39.765,0.041419088436172855,yolo-inference-755b67b9bb-c49xx
2026-08-17 02:32:39.765,0.04885732872621791,yolo-inference-755b67b9bb-mpvj4
2026-08-17 02:32:39.765,0.04158305343196848,yolo-inference-755b67b9bb-8jq9v
2026-08-17 02:32:44.765,0.049553592461719635,yolo-inference-755b67b9bb-mpvj4
2026-08-17 02:32:44.765,0.04318268739657184,yolo-inference-755b67b9bb-6sgp9
2026-08-17 02:32:44.765,0.041419088436172855,yolo-inference-755b67b9bb-c49xx
2026-08-17 02:32:44.765,0.043342746897486746,yolo-inference-755b67b9bb-9f28w
2026-08-17 02:32:44.765,0.04158305343196848,yolo-inference-755b67b9bb-8jq9v
2026-08-17 02:32:49.765,0.04186640381703388,yolo-inference-755b67b9bb-c49xx
2026-08-17 02:32:49.765,0.0417383961226251,yolo-inference-755b67b9bb-9f28w
2026-08-17 02:32:49.765,0.049553592461719635,yolo-inference-755b67b9bb-mpvj4
2026-08-17 02:32:49.765,0.04318268739657184,yolo-inference-755b67b9bb-6sgp9
2026-08-17 02:32:49.765,0.04084921655370804,yolo-inference-755b67b9bb-8jq9v
2026-08-17 02:32:54.765,0.041505664078136356,yolo-inference-755b67b9bb-9f28w
2026-08-17 02:32:54.765,0.049553592461719635,yolo-inference-755b67b9bb-mpvj4
2026-08-17 02:32:54.765,0.04374539207407616,yolo-inference-755b67b9bb-6sgp9
2026-08-17 02:32:54.765,0.04084921655370804,yolo-inference-755b67b9bb-8jq9v
2026-08-17 02:32:54.765,0.04143053040629912,yolo-inference-755b67b9bb-c49xx
2026-08-17 02:32:59.765,0.040589859973220156,yolo-inference-755b67b9bb-8jq9v
2026-08-17 02:32:59.765,0.041505664078136356,yolo-inference-755b67b9bb-9f28w
2026-08-17 02:32:59.765,0.04143053040629912,yolo-inference-755b67b9bb-c49xx
2026-08-17 02:32:59.765,0.04374539207407616,yolo-inference-755b67b9bb-6sgp9
2026-08-17 02:32:59.765,0.04665900236957315,yolo-inference-755b67b9bb-mpvj4
2026-08-17 02:33:04.765,0.04201227051330101,yolo-inference-755b67b9bb-9f28w
2026-08-17 02:33:04.765,0.041926276160550405,yolo-inference-755b67b9bb-c49xx
2026-08-17 02:33:04.765,0.04239549676329858,yolo-inference-755b67b9bb-6sgp9
2026-08-17 02:33:04.765,0.040589859973220156,yolo-inference-755b67b9bb-8jq9v
2026-08-17 02:33:04.765,0.04665900236957315,yolo-inference-755b67b9bb-mpvj4
2026-08-17 02:33:09.765,0.0426467194570135,yolo-inference-755b67b9bb-6sgp9
2026-08-17 02:33:09.765,0.046659002369573155,yolo-inference-755b67b9bb-mpvj4
2026-08-17 02:33:09.765,0.0418585633324469,yolo-inference-755b67b9bb-c49xx
2026-08-17 02:33:09.765,0.040589859973220156,yolo-inference-755b67b9bb-8jq9v
2026-08-17 02:33:09.765,0.04201227051330101,yolo-inference-755b67b9bb-9f28w
2026-08-17 02:33:14.765,0.04114059479069348,yolo-inference-755b67b9bb-6sgp9
2026-08-17 02:33:14.765,0.0418585633324469,yolo-inference-755b67b9bb-c49xx
2026-08-17 02:33:14.765,0.04429049366347018,yolo-inference-755b67b9bb-mpvj4
2026-08-17 02:33:14.765,0.04201227051330101,yolo-inference-755b67b9bb-9f28w
2026-08-17 02:33:14.765,0.024114000000000146,yolo-inference-755b67b9bb-8jq9v
2026-08-17 02:33:19.765,0.03360001206403135,yolo-inference-755b67b9bb-c49xx
2026-08-17 02:33:19.765,0.035256230611756506,yolo-inference-755b67b9bb-9f28w
2026-08-17 02:33:19.765,0.0397040265670404,yolo-inference-755b67b9bb-mpvj4
2026-08-17 02:33:19.765,0.036148334726035826,yolo-inference-755b67b9bb-8jq9v
2026-08-17 02:33:19.765,0.04114059479069348,yolo-inference-755b67b9bb-6sgp9
2026-08-17 02:33:24.765,0.034202745713800456,yolo-inference-755b67b9bb-9f28w
2026-08-17 02:33:24.765,0.036148334726035826,yolo-inference-755b67b9bb-8jq9v
2026-08-17 02:33:24.765,0.0397040265670404,yolo-inference-755b67b9bb-mpvj4
2026-08-17 02:33:24.765,0.04114059479069348,yolo-inference-755b67b9bb-6sgp9
2026-08-17 02:33:24.765,0.03401931261727146,yolo-inference-755b67b9bb-c49xx
2026-08-17 02:33:29.765,0.034946940618649884,yolo-inference-755b67b9bb-mpvj4
2026-08-17 02:33:29.765,0.034202745713800456,yolo-inference-755b67b9bb-9f28w
2026-08-17 02:33:29.765,0.030226234079255235,yolo-inference-755b67b9bb-6sgp9
2026-08-17 02:33:29.765,0.03401931261727146,yolo-inference-755b67b9bb-c49xx
2026-08-17 02:33:29.765,0.03030677640296375,yolo-inference-755b67b9bb-8jq9v
2026-08-17 02:33:34.765,0.03401931261727146,yolo-inference-755b67b9bb-c49xx
2026-08-17 02:33:34.765,0.026145778067991707,yolo-inference-755b67b9bb-mpvj4
2026-08-17 02:33:34.765,0.02771140145386051,yolo-inference-755b67b9bb-8jq9v
2026-08-17 02:33:34.765,0.030177964499888205,yolo-inference-755b67b9bb-9f28w
2026-08-17 02:33:34.765,0.030226234079255235,yolo-inference-755b67b9bb-6sgp9
2026-08-17 02:33:39.765,0.02469347868154563,yolo-inference-755b67b9bb-c49xx
2026-08-17 02:33:39.765,0.026145778067991707,yolo-inference-755b67b9bb-mpvj4
2026-08-17 02:33:39.765,0.02594549015860868,yolo-inference-755b67b9bb-9f28w
2026-08-17 02:33:39.765,0.02771140145386051,yolo-inference-755b67b9bb-8jq9v
2026-08-17 02:33:39.765,0.030226234079255235,yolo-inference-755b67b9bb-6sgp9
2026-08-17 02:33:44.765,0.015632511386887715,yolo-inference-755b67b9bb-6sgp9
2026-08-17 02:33:44.765,0.02469347868154563,yolo-inference-755b67b9bb-c49xx
2026-08-17 02:33:44.765,0.019980890021332187,yolo-inference-755b67b9bb-mpvj4
2026-08-17 02:33:44.765,0.02325419301622208,yolo-inference-755b67b9bb-8jq9v
2026-08-17 02:33:44.765,0.02594549015860868,yolo-inference-755b67b9bb-9f28w
2026-08-17 02:33:49.765,0.02469347868154563,yolo-inference-755b67b9bb-c49xx
2026-08-17 02:33:49.765,0.018792466765140185,yolo-inference-755b67b9bb-8jq9v
2026-08-17 02:33:49.765,0.023458859818641282,yolo-inference-755b67b9bb-9f28w
2026-08-17 02:33:49.765,0.019038112391930973,yolo-inference-755b67b9bb-6sgp9
2026-08-17 02:33:49.765,0.019980890021332187,yolo-inference-755b67b9bb-mpvj4
2026-08-17 02:33:54.765,0.019038112391930973,yolo-inference-755b67b9bb-6sgp9
2026-08-17 02:33:54.765,0.018792466765140185,yolo-inference-755b67b9bb-8jq9v
2026-08-17 02:33:54.765,0.01572928357752692,yolo-inference-755b67b9bb-c49xx
2026-08-17 02:33:54.765,0.017946136772415838,yolo-inference-755b67b9bb-mpvj4
2026-08-17 02:33:54.765,0.01863630189916412,yolo-inference-755b67b9bb-9f28w
2026-08-17 02:33:59.765,0.01572928357752692,yolo-inference-755b67b9bb-c49xx
2026-08-17 02:33:59.765,0.012635116259961983,yolo-inference-755b67b9bb-mpvj4
2026-08-17 02:33:59.765,0.016262672907060637,yolo-inference-755b67b9bb-6sgp9
2026-08-17 02:33:59.765,0.017797325392909926,yolo-inference-755b67b9bb-9f28w
2026-08-17 02:33:59.765,0.01253089492728557,yolo-inference-755b67b9bb-8jq9v
2026-08-17 02:34:04.765,0.013708535162814657,yolo-inference-755b67b9bb-6sgp9
2026-08-17 02:34:04.765,0.011605975300300348,yolo-inference-755b67b9bb-9f28w
2026-08-17 02:34:04.765,0.012635116259961983,yolo-inference-755b67b9bb-mpvj4
2026-08-17 02:34:04.765,0.012530894927285569,yolo-inference-755b67b9bb-8jq9v
2026-08-17 02:34:04.765,0.01572928357752692,yolo-inference-755b67b9bb-c49xx
2026-08-17 02:34:09.765,0.01442841344338356,yolo-inference-755b67b9bb-9f28w
2026-08-17 02:34:09.765,0.0142283148140016,yolo-inference-755b67b9bb-c49xx
2026-08-17 02:34:09.765,0.012635116259961983,yolo-inference-755b67b9bb-mpvj4
2026-08-17 02:34:09.765,0.012530894927285569,yolo-inference-755b67b9bb-8jq9v
2026-08-17 02:34:09.765,0.013708535162814657,yolo-inference-755b67b9bb-6sgp9
2026-08-17 02:34:14.765,0.012895079139792707,yolo-inference-755b67b9bb-8jq9v
2026-08-17 02:34:14.765,0.014707060842021799,yolo-inference-755b67b9bb-6sgp9
2026-08-17 02:34:14.765,0.0142283148140016,yolo-inference-755b67b9bb-c49xx
2026-08-17 02:34:14.765,0.013435730509899338,yolo-inference-755b67b9bb-mpvj4
2026-08-17 02:34:14.765,0.014511070411070533,yolo-inference-755b67b9bb-9f28w
2026-08-17 02:34:19.765,0.013827491299501988,yolo-inference-755b67b9bb-8jq9v
2026-08-17 02:34:19.765,0.014707060842021799,yolo-inference-755b67b9bb-6sgp9
2026-08-17 02:34:19.765,0.014511070411070533,yolo-inference-755b67b9bb-9f28w
2026-08-17 02:34:19.765,0.014597520443154904,yolo-inference-755b67b9bb-mpvj4
2026-08-17 02:34:19.765,0.014228314814001601,yolo-inference-755b67b9bb-c49xx
2026-08-17 02:34:24.765,0.01461575982918563,yolo-inference-755b67b9bb-6sgp9
2026-08-17 02:34:24.765,0.01392427756304071,yolo-inference-755b67b9bb-8jq9v
2026-08-17 02:34:24.765,0.014597520443154904,yolo-inference-755b67b9bb-mpvj4
2026-08-17 02:34:24.765,0.014758943900515001,yolo-inference-755b67b9bb-c49xx
2026-08-17 02:34:24.765,0.014706406605339149,yolo-inference-755b67b9bb-9f28w
2026-08-17 02:34:29.765,0.014758943900515001,yolo-inference-755b67b9bb-c49xx
2026-08-17 02:34:29.765,0.014709932637942916,yolo-inference-755b67b9bb-mpvj4
2026-08-17 02:34:29.765,0.012775026236960297,yolo-inference-755b67b9bb-8jq9v
2026-08-17 02:34:29.765,0.014706406605339149,yolo-inference-755b67b9bb-9f28w
2026-08-17 02:34:29.765,0.014514547219525534,yolo-inference-755b67b9bb-6sgp9
2026-08-17 02:34:34.765,0.014758943900515001,yolo-inference-755b67b9bb-c49xx
2026-08-17 02:34:34.765,0.014668903981888635,yolo-inference-755b67b9bb-8jq9v
2026-08-17 02:34:34.765,0.014692595707735108,yolo-inference-755b67b9bb-9f28w
2026-08-17 02:34:34.765,0.014624899482463314,yolo-inference-755b67b9bb-6sgp9
2026-08-17 02:34:34.765,0.014960063852227881,yolo-inference-755b67b9bb-mpvj4
2026-08-17 02:34:39.765,0.014960063852227881,yolo-inference-755b67b9bb-mpvj4
2026-08-17 02:34:39.765,0.015121258304024946,yolo-inference-755b67b9bb-9f28w
2026-08-17 02:34:39.765,0.014624899482463314,yolo-inference-755b67b9bb-6sgp9
2026-08-17 02:34:39.765,0.01500627759646769,yolo-inference-755b67b9bb-8jq9v
2026-08-17 02:34:39.765,0.014990658835184953,yolo-inference-755b67b9bb-c49xx
2026-08-17 02:34:44.765,0.015121258304024946,yolo-inference-755b67b9bb-9f28w
2026-08-17 02:34:44.765,0.011782548939690182,yolo-inference-755b67b9bb-6sgp9
2026-08-17 02:34:44.765,0.014973671419312998,yolo-inference-755b67b9bb-mpvj4
2026-08-17 02:34:44.765,0.012974127378860615,yolo-inference-755b67b9bb-8jq9v
2026-08-17 02:34:44.765,0.014990658835184953,yolo-inference-755b67b9bb-c49xx
2026-08-17 02:34:49.765,0.014990658835184953,yolo-inference-755b67b9bb-c49xx
2026-08-17 02:34:49.765,0.014973671419312998,yolo-inference-755b67b9bb-mpvj4
2026-08-17 02:34:49.765,0.014783498027733929,yolo-inference-755b67b9bb-9f28w
2026-08-17 02:34:49.765,0.012975119904319593,yolo-inference-755b67b9bb-8jq9v
2026-08-17 02:34:49.765,0.012206310114266976,yolo-inference-755b67b9bb-6sgp9
2026-08-17 02:34:54.765,0.014783498027733929,yolo-inference-755b67b9bb-9f28w
2026-08-17 02:34:54.765,0.01466867194290673,yolo-inference-755b67b9bb-c49xx
2026-08-17 02:34:54.765,0.014572447979082803,yolo-inference-755b67b9bb-8jq9v
2026-08-17 02:34:54.765,0.01451855779427375,yolo-inference-755b67b9bb-6sgp9
2026-08-17 02:34:54.765,0.012745975263543848,yolo-inference-755b67b9bb-mpvj4
2026-08-17 02:34:59.765,0.014684197000140136,yolo-inference-755b67b9bb-8jq9v
2026-08-17 02:34:59.765,0.014518557794273749,yolo-inference-755b67b9bb-6sgp9
2026-08-17 02:34:59.765,0.014789497790710373,yolo-inference-755b67b9bb-9f28w
2026-08-17 02:34:59.765,0.015051996016266726,yolo-inference-755b67b9bb-mpvj4
2026-08-17 02:34:59.765,0.01466867194290673,yolo-inference-755b67b9bb-c49xx
2026-08-17 02:35:04.765,0.015051996016266722,yolo-inference-755b67b9bb-mpvj4
2026-08-17 02:35:04.765,0.01466867194290673,yolo-inference-755b67b9bb-c49xx
2026-08-17 02:35:04.765,0.012412825495743214,yolo-inference-755b67b9bb-9f28w
2026-08-17 02:35:04.765,0.015052795770623018,yolo-inference-755b67b9bb-6sgp9
2026-08-17 02:35:04.765,0.014684197000140136,yolo-inference-755b67b9bb-8jq9v
2026-08-17 02:35:09.765,0.015042307773263808,yolo-inference-755b67b9bb-c49xx
2026-08-17 02:35:09.765,0.014942496981228737,yolo-inference-755b67b9bb-9f28w
2026-08-17 02:35:09.765,0.014896848735840094,yolo-inference-755b67b9bb-8jq9v
2026-08-17 02:35:09.765,0.015051996016266722,yolo-inference-755b67b9bb-mpvj4
2026-08-17 02:35:09.765,0.015052795770623018,yolo-inference-755b67b9bb-6sgp9
2026-08-17 02:35:14.765,0.015085898815930938,yolo-inference-755b67b9bb-mpvj4
2026-08-17 02:35:14.765,0.015042307773263808,yolo-inference-755b67b9bb-c49xx
2026-08-17 02:35:14.765,0.01502057237484605,yolo-inference-755b67b9bb-8jq9v
2026-08-17 02:35:14.765,0.015052795770623018,yolo-inference-755b67b9bb-6sgp9
2026-08-17 02:35:14.765,0.015201183970856139,yolo-inference-755b67b9bb-9f28w
2026-08-17 02:35:19.765,0.015042307773263807,yolo-inference-755b67b9bb-c49xx
2026-08-17 02:35:19.765,0.014769855379671114,yolo-inference-755b67b9bb-6sgp9
2026-08-17 02:35:19.765,0.01502057237484605,yolo-inference-755b67b9bb-8jq9v
2026-08-17 02:35:19.765,0.015201183970856139,yolo-inference-755b67b9bb-9f28w
2026-08-17 02:35:19.765,0.014835706166798326,yolo-inference-755b67b9bb-mpvj4
2026-08-17 02:35:24.765,0.014722629956138572,yolo-inference-755b67b9bb-6sgp9
2026-08-17 02:35:24.765,0.014498050259965315,yolo-inference-755b67b9bb-9f28w
2026-08-17 02:35:24.765,0.015148459466658704,yolo-inference-755b67b9bb-c49xx
2026-08-17 02:35:24.765,0.014835706166798326,yolo-inference-755b67b9bb-mpvj4
2026-08-17 02:35:24.765,0.014637896612095871,yolo-inference-755b67b9bb-8jq9v
2026-08-17 02:35:29.765,0.014587913158715386,yolo-inference-755b67b9bb-c49xx
2026-08-17 02:35:29.765,0.014770578538764444,yolo-inference-755b67b9bb-mpvj4
2026-08-17 02:35:29.765,0.014722629956138572,yolo-inference-755b67b9bb-6sgp9
2026-08-17 02:35:29.765,0.014498050259965312,yolo-inference-755b67b9bb-9f28w
2026-08-17 02:35:29.765,0.014086215686274708,yolo-inference-755b67b9bb-8jq9v
2026-08-17 02:35:34.765,0.014587913158715386,yolo-inference-755b67b9bb-c49xx
2026-08-17 02:35:34.765,0.01273294227048081,yolo-inference-755b67b9bb-6sgp9
2026-08-17 02:35:34.765,0.014498050259965312,yolo-inference-755b67b9bb-9f28w
2026-08-17 02:35:34.765,0.014086215686274708,yolo-inference-755b67b9bb-8jq9v
2026-08-17 02:35:34.765,0.014770578538764444,yolo-inference-755b67b9bb-mpvj4
2026-08-17 02:35:39.765,0.01384663350766213,yolo-inference-755b67b9bb-mpvj4
2026-08-17 02:35:39.765,0.012907490713990832,yolo-inference-755b67b9bb-6sgp9
2026-08-17 02:35:39.765,0.014147066803013319,yolo-inference-755b67b9bb-9f28w
2026-08-17 02:35:39.765,0.014177740863787409,yolo-inference-755b67b9bb-8jq9v
2026-08-17 02:35:39.765,0.01481786979936954,yolo-inference-755b67b9bb-c49xx
2026-08-17 02:35:44.765,0.012616185298219427,yolo-inference-755b67b9bb-8jq9v
2026-08-17 02:35:44.765,0.013270101483216333,yolo-inference-755b67b9bb-c49xx
2026-08-17 02:35:44.765,0.013196539242033924,yolo-inference-755b67b9bb-mpvj4
2026-08-17 02:35:44.765,0.014147066803013319,yolo-inference-755b67b9bb-9f28w
2026-08-17 02:35:44.765,0.012907490713990832,yolo-inference-755b67b9bb-6sgp9
2026-08-17 02:35:49.765,0.012907490713990832,yolo-inference-755b67b9bb-6sgp9
2026-08-17 02:35:49.765,0.010816192368549322,yolo-inference-755b67b9bb-9f28w
2026-08-17 02:35:49.765,0.013270101483216333,yolo-inference-755b67b9bb-c49xx
2026-08-17 02:35:49.765,0.012616185298219427,yolo-inference-755b67b9bb-8jq9v
2026-08-17 02:35:49.765,0.012327219665984941,yolo-inference-755b67b9bb-mpvj4
2026-08-17 02:35:54.765,0.012869227358644658,yolo-inference-755b67b9bb-9f28w
2026-08-17 02:35:54.765,0.012327219665984941,yolo-inference-755b67b9bb-mpvj4
2026-08-17 02:35:54.765,0.011824288531980988,yolo-inference-755b67b9bb-c49xx
2026-08-17 02:35:54.765,0.011393766159149847,yolo-inference-755b67b9bb-8jq9v
2026-08-17 02:35:54.765,0.011020007800312015,yolo-inference-755b67b9bb-6sgp9
2026-08-17 02:35:59.765,0.012869227358644658,yolo-inference-755b67b9bb-9f28w
2026-08-17 02:35:59.765,0.008442942498857053,yolo-inference-755b67b9bb-mpvj4
2026-08-17 02:35:59.765,0.010873590769668333,yolo-inference-755b67b9bb-8jq9v
2026-08-17 02:35:59.765,0.011020007800312015,yolo-inference-755b67b9bb-6sgp9
2026-08-17 02:35:59.765,0.011824288531980988,yolo-inference-755b67b9bb-c49xx
2026-08-17 02:36:04.765,0.010873590769668333,yolo-inference-755b67b9bb-8jq9v
2026-08-17 02:36:04.765,0.012869227358644658,yolo-inference-755b67b9bb-9f28w
2026-08-17 02:36:04.765,0.011103034619782279,yolo-inference-755b67b9bb-c49xx
2026-08-17 02:36:04.765,0.010613600744440971,yolo-inference-755b67b9bb-mpvj4
2026-08-17 02:36:04.765,0.009581756484729998,yolo-inference-755b67b9bb-6sgp9
2026-08-17 02:36:09.765,0.009581756484729998,yolo-inference-755b67b9bb-6sgp9
2026-08-17 02:36:09.765,0.00803940246784246,yolo-inference-755b67b9bb-8jq9v
2026-08-17 02:36:09.765,0.012198070374574248,yolo-inference-755b67b9bb-9f28w
2026-08-17 02:36:09.765,0.010613600744440971,yolo-inference-755b67b9bb-mpvj4
2026-08-17 02:36:09.765,0.009926980405292192,yolo-inference-755b67b9bb-c49xx
2026-08-17 02:36:14.765,0.008035271753665021,yolo-inference-755b67b9bb-8jq9v
2026-08-17 02:36:14.765,0.009609431293030313,yolo-inference-755b67b9bb-6sgp9
2026-08-17 02:36:14.765,0.012198070374574248,yolo-inference-755b67b9bb-9f28w
2026-08-17 02:36:14.765,0.009148746948362376,yolo-inference-755b67b9bb-mpvj4
2026-08-17 02:36:14.765,0.009926980405292192,yolo-inference-755b67b9bb-c49xx
2026-08-17 02:36:19.765,0.012198070374574248,yolo-inference-755b67b9bb-9f28w
2026-08-17 02:36:19.765,0.00781712601797894,yolo-inference-755b67b9bb-6sgp9
2026-08-17 02:36:19.765,0.009949838914380497,yolo-inference-755b67b9bb-c49xx
2026-08-17 02:36:19.765,0.008257977065426508,yolo-inference-755b67b9bb-mpvj4
2026-08-17 02:36:19.765,0.009745217033532165,yolo-inference-755b67b9bb-8jq9v
2026-08-17 02:36:24.765,0.009725564792635151,yolo-inference-755b67b9bb-mpvj4
2026-08-17 02:36:24.765,0.009745217033532165,yolo-inference-755b67b9bb-8jq9v
2026-08-17 02:36:24.765,0.011123756806624578,yolo-inference-755b67b9bb-9f28w
2026-08-17 02:36:24.765,0.009431433806963294,yolo-inference-755b67b9bb-6sgp9
2026-08-17 02:36:24.765,0.009949838914380497,yolo-inference-755b67b9bb-c49xx
2026-08-17 02:36:29.765,0.009891418292342434,yolo-inference-755b67b9bb-8jq9v
2026-08-17 02:36:29.765,0.00942379781189035,yolo-inference-755b67b9bb-6sgp9
2026-08-17 02:36:29.765,0.011123756806624578,yolo-inference-755b67b9bb-9f28w
2026-08-17 02:36:29.765,0.009824090225563856,yolo-inference-755b67b9bb-c49xx
2026-08-17 02:36:29.765,0.009725564792635151,yolo-inference-755b67b9bb-mpvj4
2026-08-17 02:36:34.765,0.009948432118905004,yolo-inference-755b67b9bb-mpvj4
2026-08-17 02:36:34.765,0.010576001763986492,yolo-inference-755b67b9bb-8jq9v
2026-08-17 02:36:34.765,0.00942379781189035,yolo-inference-755b67b9bb-6sgp9
2026-08-17 02:36:34.765,0.011123756806624578,yolo-inference-755b67b9bb-9f28w
2026-08-17 02:36:34.765,0.009926626853377375,yolo-inference-755b67b9bb-c49xx
2026-08-17 02:36:39.765,0.010830853337717728,yolo-inference-755b67b9bb-9f28w
2026-08-17 02:36:39.765,0.010576001763986492,yolo-inference-755b67b9bb-8jq9v
2026-08-17 02:36:39.765,0.009724776092122151,yolo-inference-755b67b9bb-6sgp9
2026-08-17 02:36:39.765,0.01010004027566457,yolo-inference-755b67b9bb-mpvj4
2026-08-17 02:36:39.765,0.009926626853377375,yolo-inference-755b67b9bb-c49xx
2026-08-17 02:36:44.765,0.009724776092122151,yolo-inference-755b67b9bb-6sgp9
2026-08-17 02:36:44.765,0.010965546408029714,yolo-inference-755b67b9bb-8jq9v
2026-08-17 02:36:44.765,0.008369416128239958,yolo-inference-755b67b9bb-c49xx
2026-08-17 02:36:44.765,0.010830853337717728,yolo-inference-755b67b9bb-9f28w
2026-08-17 02:36:44.765,0.01010004027566457,yolo-inference-755b67b9bb-mpvj4
2026-08-17 02:36:49.765,0.010965546408029714,yolo-inference-755b67b9bb-8jq9v
2026-08-17 02:36:49.765,0.009923381467835314,yolo-inference-755b67b9bb-c49xx
2026-08-17 02:36:49.765,0.0095435570398266,yolo-inference-755b67b9bb-6sgp9
2026-08-17 02:36:49.765,0.008196873492425408,yolo-inference-755b67b9bb-9f28w
2026-08-17 02:36:49.765,0.009828360438809943,yolo-inference-755b67b9bb-mpvj4
2026-08-17 02:36:54.765,0.00782037893778263,yolo-inference-755b67b9bb-6sgp9
2026-08-17 02:36:54.765,0.010662763955676217,yolo-inference-755b67b9bb-8jq9v
2026-08-17 02:36:54.765,0.009926747034710266,yolo-inference-755b67b9bb-9f28w
2026-08-17 02:36:54.765,0.009923381467835314,yolo-inference-755b67b9bb-c49xx
2026-08-17 02:36:54.765,0.009828360438809945,yolo-inference-755b67b9bb-mpvj4
2026-08-17 02:36:59.765,0.009926747034710266,yolo-inference-755b67b9bb-9f28w
2026-08-17 02:36:59.765,0.009923381467835314,yolo-inference-755b67b9bb-c49xx
2026-08-17 02:36:59.765,0.007982057907362478,yolo-inference-755b67b9bb-mpvj4
2026-08-17 02:36:59.765,0.01094455143867291,yolo-inference-755b67b9bb-8jq9v
2026-08-17 02:36:59.765,0.00948668961711291,yolo-inference-755b67b9bb-6sgp9
2026-08-17 02:37:04.765,0.008342631228051739,yolo-inference-755b67b9bb-9f28w
2026-08-17 02:37:04.765,0.009946277162581845,yolo-inference-755b67b9bb-mpvj4
2026-08-17 02:37:04.765,0.01094455143867291,yolo-inference-755b67b9bb-8jq9v
2026-08-17 02:37:04.765,0.008107351298700298,yolo-inference-755b67b9bb-6sgp9
2026-08-17 02:37:04.765,0.009872552799554435,yolo-inference-755b67b9bb-c49xx
2026-08-17 02:37:09.765,0.010208624039565383,yolo-inference-755b67b9bb-9f28w
2026-08-17 02:37:09.765,0.010319098988318029,yolo-inference-755b67b9bb-8jq9v
2026-08-17 02:37:09.765,0.009472277104359118,yolo-inference-755b67b9bb-6sgp9
2026-08-17 02:37:09.765,0.009946277162581845,yolo-inference-755b67b9bb-mpvj4
2026-08-17 02:37:09.765,0.009872552799554435,yolo-inference-755b67b9bb-c49xx
2026-08-17 02:37:14.765,0.009872552799554435,yolo-inference-755b67b9bb-c49xx
2026-08-17 02:37:14.765,0.009494185221954434,yolo-inference-755b67b9bb-6sgp9
2026-08-17 02:37:14.765,0.010319098988318029,yolo-inference-755b67b9bb-8jq9v
2026-08-17 02:37:14.765,0.009946277162581845,yolo-inference-755b67b9bb-mpvj4
2026-08-17 02:37:14.765,0.010208624039565383,yolo-inference-755b67b9bb-9f28w
2026-08-17 02:37:19.765,0.009580643370618019,yolo-inference-755b67b9bb-8jq9v
2026-08-17 02:37:19.765,0.007955886568775179,yolo-inference-755b67b9bb-mpvj4
2026-08-17 02:37:19.765,0.009737506374298549,yolo-inference-755b67b9bb-c49xx
2026-08-17 02:37:19.765,0.009494185221954434,yolo-inference-755b67b9bb-6sgp9
2026-08-17 02:37:19.765,0.010386706896252717,yolo-inference-755b67b9bb-9f28w
2026-08-17 02:37:24.765,0.009580643370618019,yolo-inference-755b67b9bb-8jq9v
2026-08-17 02:37:24.765,0.009343583799263524,yolo-inference-755b67b9bb-6sgp9
2026-08-17 02:37:24.765,0.009976839835483056,yolo-inference-755b67b9bb-mpvj4
2026-08-17 02:37:24.765,0.010125192157853576,yolo-inference-755b67b9bb-c49xx
2026-08-17 02:37:24.765,0.01037086658369352,yolo-inference-755b67b9bb-9f28w
2026-08-17 02:37:29.765,0.009976839835483056,yolo-inference-755b67b9bb-mpvj4
2026-08-17 02:37:29.765,0.009130583680762135,yolo-inference-755b67b9bb-6sgp9
2026-08-17 02:37:29.765,0.010125192157853576,yolo-inference-755b67b9bb-c49xx
2026-08-17 02:37:29.765,0.009559979112647677,yolo-inference-755b67b9bb-8jq9v
2026-08-17 02:37:29.765,0.010370866583693522,yolo-inference-755b67b9bb-9f28w
2026-08-17 02:37:34.765,0.010285969976905415,yolo-inference-755b67b9bb-mpvj4
2026-08-17 02:37:34.765,0.009130583680762135,yolo-inference-755b67b9bb-6sgp9
2026-08-17 02:37:34.765,0.011556467089862264,yolo-inference-755b67b9bb-c49xx
2026-08-17 02:37:34.765,0.009347216795603304,yolo-inference-755b67b9bb-8jq9v
2026-08-17 02:37:34.765,0.008820335605543144,yolo-inference-755b67b9bb-9f28w
2026-08-17 02:37:39.765,0.011556467089862264,yolo-inference-755b67b9bb-c49xx
2026-08-17 02:37:39.765,0.009347216795603304,yolo-inference-755b67b9bb-8jq9v
2026-08-17 02:37:39.765,0.01010320037105744,yolo-inference-755b67b9bb-6sgp9
2026-08-17 02:37:39.765,0.01156923469688344,yolo-inference-755b67b9bb-mpvj4
2026-08-17 02:37:39.765,0.010285767901234661,yolo-inference-755b67b9bb-9f28w
2026-08-17 02:37:44.765,0.010285767901234661,yolo-inference-755b67b9bb-9f28w
2026-08-17 02:37:44.765,0.01156923469688344,yolo-inference-755b67b9bb-mpvj4
2026-08-17 02:37:44.765,0.009347216795603304,yolo-inference-755b67b9bb-8jq9v
2026-08-17 02:37:44.765,0.011556467089862264,yolo-inference-755b67b9bb-c49xx
2026-08-17 02:37:44.765,0.01010320037105744,yolo-inference-755b67b9bb-6sgp9
2026-08-17 02:37:49.765,0.008773328401773186,yolo-inference-755b67b9bb-6sgp9
2026-08-17 02:37:49.765,0.009310715940884715,yolo-inference-755b67b9bb-8jq9v
2026-08-17 02:37:49.765,0.010336599085177443,yolo-inference-755b67b9bb-9f28w
2026-08-17 02:37:49.765,0.010779434634457146,yolo-inference-755b67b9bb-c49xx
2026-08-17 02:37:49.765,0.012235351644359812,yolo-inference-755b67b9bb-mpvj4
2026-08-17 02:37:54.765,0.00937970793650796,yolo-inference-755b67b9bb-8jq9v
2026-08-17 02:37:54.765,0.012679039622919505,yolo-inference-755b67b9bb-c49xx
2026-08-17 02:37:54.765,0.012668138671068753,yolo-inference-755b67b9bb-mpvj4
2026-08-17 02:37:54.765,0.010785700417435071,yolo-inference-755b67b9bb-6sgp9
2026-08-17 02:37:54.765,0.010091037192023623,yolo-inference-755b67b9bb-9f28w
2026-08-17 02:37:59.765,0.012679039622919505,yolo-inference-755b67b9bb-c49xx
2026-08-17 02:37:59.765,0.009386728007807037,yolo-inference-755b67b9bb-8jq9v
2026-08-17 02:37:59.765,0.012668138671068753,yolo-inference-755b67b9bb-mpvj4
2026-08-17 02:37:59.765,0.010866757387247364,yolo-inference-755b67b9bb-6sgp9
2026-08-17 02:37:59.765,0.010091037192023623,yolo-inference-755b67b9bb-9f28w
2026-08-17 02:38:04.765,0.013601649051318042,yolo-inference-755b67b9bb-c49xx
2026-08-17 02:38:04.765,0.009386728007807037,yolo-inference-755b67b9bb-8jq9v
2026-08-17 02:38:04.765,0.01196268983029372,yolo-inference-755b67b9bb-mpvj4
2026-08-17 02:38:04.765,0.010866757387247364,yolo-inference-755b67b9bb-6sgp9
2026-08-17 02:38:04.765,0.010091037192023623,yolo-inference-755b67b9bb-9f28w
2026-08-17 02:38:09.765,0.010078487023260117,yolo-inference-755b67b9bb-6sgp9
2026-08-17 02:38:09.765,0.007563496287128564,yolo-inference-755b67b9bb-8jq9v
2026-08-17 02:38:09.765,0.012492832793410819,yolo-inference-755b67b9bb-mpvj4
2026-08-17 02:38:09.765,0.012573282663288604,yolo-inference-755b67b9bb-c49xx
2026-08-17 02:38:09.765,0.009793446920052292,yolo-inference-755b67b9bb-9f28w
2026-08-17 02:38:14.765,0.009793446920052292,yolo-inference-755b67b9bb-9f28w
2026-08-17 02:38:14.765,0.009300905419489134,yolo-inference-755b67b9bb-8jq9v
2026-08-17 02:38:14.765,0.009867224281683231,yolo-inference-755b67b9bb-6sgp9
2026-08-17 02:38:14.765,0.012573282663288606,yolo-inference-755b67b9bb-c49xx
2026-08-17 02:38:14.765,0.012492832793410819,yolo-inference-755b67b9bb-mpvj4
2026-08-17 02:38:19.765,0.009803355209351407,yolo-inference-755b67b9bb-8jq9v
2026-08-17 02:38:19.765,0.012573282663288606,yolo-inference-755b67b9bb-c49xx
2026-08-17 02:38:19.765,0.012492832793410822,yolo-inference-755b67b9bb-mpvj4
2026-08-17 02:38:19.765,0.007812707278160308,yolo-inference-755b67b9bb-9f28w
2026-08-17 02:38:19.765,0.011816083566957269,yolo-inference-755b67b9bb-6sgp9
2026-08-17 02:38:24.765,0.01073164518041877,yolo-inference-755b67b9bb-mpvj4
2026-08-17 02:38:24.765,0.009648387331281757,yolo-inference-755b67b9bb-9f28w
2026-08-17 02:38:24.765,0.009539217409725843,yolo-inference-755b67b9bb-c49xx
2026-08-17 02:38:24.765,0.009803355209351407,yolo-inference-755b67b9bb-8jq9v
2026-08-17 02:38:24.765,0.011596110600020375,yolo-inference-755b67b9bb-6sgp9
2026-08-17 02:38:29.765,0.011596110600020375,yolo-inference-755b67b9bb-6sgp9
2026-08-17 02:38:29.765,0.010823152671462239,yolo-inference-755b67b9bb-c49xx
2026-08-17 02:38:29.765,0.008276438547070657,yolo-inference-755b67b9bb-8jq9v
2026-08-17 02:38:29.765,0.009648387331281757,yolo-inference-755b67b9bb-9f28w
2026-08-17 02:38:29.765,0.01073164518041877,yolo-inference-755b67b9bb-mpvj4
2026-08-17 02:38:34.765,0.009756520441659356,yolo-inference-755b67b9bb-c49xx
2026-08-17 02:38:34.765,0.011018586318647643,yolo-inference-755b67b9bb-6sgp9
2026-08-17 02:38:34.765,0.009648387331281757,yolo-inference-755b67b9bb-9f28w
2026-08-17 02:38:34.765,0.01073164518041877,yolo-inference-755b67b9bb-mpvj4
2026-08-17 02:38:34.765,0.010173082642170279,yolo-inference-755b67b9bb-8jq9v
2026-08-17 02:38:39.765,0.007625803811679515,yolo-inference-755b67b9bb-9f28w
2026-08-17 02:38:39.765,0.009963301141352167,yolo-inference-755b67b9bb-c49xx
2026-08-17 02:38:39.765,0.01090255615801705,yolo-inference-755b67b9bb-6sgp9
2026-08-17 02:38:39.765,0.009751376245046805,yolo-inference-755b67b9bb-mpvj4
2026-08-17 02:38:39.765,0.010952728801008647,yolo-inference-755b67b9bb-8jq9v
2026-08-17 02:38:44.765,0.010952728801008647,yolo-inference-755b67b9bb-8jq9v
2026-08-17 02:38:44.765,0.009751376245046805,yolo-inference-755b67b9bb-mpvj4
2026-08-17 02:38:44.765,0.009963301141352167,yolo-inference-755b67b9bb-c49xx
2026-08-17 02:38:44.765,0.01090255615801705,yolo-inference-755b67b9bb-6sgp9
2026-08-17 02:38:44.765,0.009556385971694305,yolo-inference-755b67b9bb-9f28w
2026-08-17 02:38:49.765,0.01137931563210756,yolo-inference-755b67b9bb-8jq9v
2026-08-17 02:38:49.765,0.009751376245046803,yolo-inference-755b67b9bb-mpvj4
2026-08-17 02:38:49.765,0.009963301141352167,yolo-inference-755b67b9bb-c49xx
2026-08-17 02:38:49.765,0.009556385971694305,yolo-inference-755b67b9bb-9f28w
2026-08-17 02:38:49.765,0.01081747689490374,yolo-inference-755b67b9bb-6sgp9
2026-08-17 02:38:54.765,0.01137931563210756,yolo-inference-755b67b9bb-8jq9v
2026-08-17 02:38:54.765,0.007901425890594399,yolo-inference-755b67b9bb-mpvj4
2026-08-17 02:38:54.765,0.009395462789144054,yolo-inference-755b67b9bb-9f28w
2026-08-17 02:38:54.765,0.01035810638339629,yolo-inference-755b67b9bb-6sgp9
2026-08-17 02:38:54.765,0.009779687739505756,yolo-inference-755b67b9bb-c49xx
2026-08-17 02:38:59.765,0.009779687739505756,yolo-inference-755b67b9bb-c49xx
2026-08-17 02:38:59.765,0.009568414228037673,yolo-inference-755b67b9bb-6sgp9
2026-08-17 02:38:59.765,0.011891041355787668,yolo-inference-755b67b9bb-8jq9v
2026-08-17 02:38:59.765,0.009612802330812669,yolo-inference-755b67b9bb-mpvj4
2026-08-17 02:38:59.765,0.009459395858292067,yolo-inference-755b67b9bb-9f28w
2026-08-17 02:39:04.765,0.009779687739505757,yolo-inference-755b67b9bb-c49xx
2026-08-17 02:39:04.765,0.00961280233081267,yolo-inference-755b67b9bb-mpvj4
2026-08-17 02:39:04.765,0.009647692503824598,yolo-inference-755b67b9bb-6sgp9
2026-08-17 02:39:04.765,0.009459395858292067,yolo-inference-755b67b9bb-9f28w
2026-08-17 02:39:04.765,0.011891041355787668,yolo-inference-755b67b9bb-8jq9v
2026-08-17 02:39:09.765,0.011960530618919333,yolo-inference-755b67b9bb-8jq9v
2026-08-17 02:39:09.765,0.009961025597050074,yolo-inference-755b67b9bb-9f28w
2026-08-17 02:39:09.765,0.009647692503824598,yolo-inference-755b67b9bb-6sgp9
2026-08-17 02:39:09.765,0.006454324999999983,yolo-inference-755b67b9bb-c49xx
2026-08-17 02:39:09.765,0.010015730934550448,yolo-inference-755b67b9bb-mpvj4
2026-08-17 02:39:14.765,0.009852883921345536,yolo-inference-755b67b9bb-c49xx
2026-08-17 02:39:14.765,0.010015730934550446,yolo-inference-755b67b9bb-mpvj4
2026-08-17 02:39:14.765,0.009961025597050074,yolo-inference-755b67b9bb-9f28w
2026-08-17 02:39:14.765,0.011960530618919333,yolo-inference-755b67b9bb-8jq9v
2026-08-17 02:39:14.765,0.009647692503824598,yolo-inference-755b67b9bb-6sgp9
2026-08-17 02:39:19.765,0.009475042090536298,yolo-inference-755b67b9bb-6sgp9
2026-08-17 02:39:19.765,0.009961025597050074,yolo-inference-755b67b9bb-9f28w
2026-08-17 02:39:19.765,0.009852883921345536,yolo-inference-755b67b9bb-c49xx
2026-08-17 02:39:19.765,0.0093191436073229,yolo-inference-755b67b9bb-8jq9v
2026-08-17 02:39:19.765,0.010015730934550446,yolo-inference-755b67b9bb-mpvj4
2026-08-17 02:39:24.765,0.011642380670026735,yolo-inference-755b67b9bb-8jq9v
2026-08-17 02:39:24.765,0.009475042090536298,yolo-inference-755b67b9bb-6sgp9
2026-08-17 02:39:24.765,0.010634438781237978,yolo-inference-755b67b9bb-9f28w
2026-08-17 02:39:24.765,0.009852883921345536,yolo-inference-755b67b9bb-c49xx
2026-08-17 02:39:24.765,0.009882916546900423,yolo-inference-755b67b9bb-mpvj4
2026-08-17 02:39:29.765,0.009592210190548118,yolo-inference-755b67b9bb-c49xx
2026-08-17 02:39:29.765,0.010634438781237978,yolo-inference-755b67b9bb-9f28w
2026-08-17 02:39:29.765,0.009723309428305182,yolo-inference-755b67b9bb-mpvj4
2026-08-17 02:39:29.765,0.011642380670026735,yolo-inference-755b67b9bb-8jq9v
2026-08-17 02:39:29.765,0.009475042090536298,yolo-inference-755b67b9bb-6sgp9
2026-08-17 02:39:34.765,0.01063443878123798,yolo-inference-755b67b9bb-9f28w
2026-08-17 02:39:34.765,0.009723309428305182,yolo-inference-755b67b9bb-mpvj4
2026-08-17 02:39:34.765,0.009609139567310087,yolo-inference-755b67b9bb-6sgp9
2026-08-17 02:39:34.765,0.011573854244928588,yolo-inference-755b67b9bb-8jq9v
2026-08-17 02:39:34.765,0.009592210190548118,yolo-inference-755b67b9bb-c49xx
2026-08-17 02:39:39.765,0.009508639348191615,yolo-inference-755b67b9bb-8jq9v
2026-08-17 02:39:39.765,0.010351686085061896,yolo-inference-755b67b9bb-mpvj4
2026-08-17 02:39:39.765,0.009596643109540613,yolo-inference-755b67b9bb-c49xx
2026-08-17 02:39:39.765,0.009609139567310087,yolo-inference-755b67b9bb-6sgp9
2026-08-17 02:39:39.765,0.011036294811845768,yolo-inference-755b67b9bb-9f28w
2026-08-17 02:39:44.765,0.010215006607043562,yolo-inference-755b67b9bb-c49xx
2026-08-17 02:39:44.765,0.010183264143011279,yolo-inference-755b67b9bb-8jq9v
2026-08-17 02:39:44.765,0.009609139567310087,yolo-inference-755b67b9bb-6sgp9
2026-08-17 02:39:44.765,0.010351686085061896,yolo-inference-755b67b9bb-mpvj4
2026-08-17 02:39:44.765,0.011550385436983272,yolo-inference-755b67b9bb-9f28w
2026-08-17 02:39:49.765,0.010215006607043562,yolo-inference-755b67b9bb-c49xx
2026-08-17 02:39:49.765,0.010674215305776568,yolo-inference-755b67b9bb-8jq9v
2026-08-17 02:39:49.765,0.009609139567310087,yolo-inference-755b67b9bb-6sgp9
2026-08-17 02:39:49.765,0.010351686085061896,yolo-inference-755b67b9bb-mpvj4
2026-08-17 02:39:49.765,0.011550385436983272,yolo-inference-755b67b9bb-9f28w
2026-08-17 02:39:54.765,0.010674215305776568,yolo-inference-755b67b9bb-8jq9v
2026-08-17 02:39:54.765,0.009277256716907064,yolo-inference-755b67b9bb-6sgp9
2026-08-17 02:39:54.765,0.009776438740286589,yolo-inference-755b67b9bb-9f28w
2026-08-17 02:39:54.765,0.01058021091811403,yolo-inference-755b67b9bb-c49xx
2026-08-17 02:39:54.765,0.01060080926718336,yolo-inference-755b67b9bb-mpvj4
2026-08-17 02:39:59.765,0.011428825622775599,yolo-inference-755b67b9bb-9f28w
2026-08-17 02:39:59.765,0.009277256716907064,yolo-inference-755b67b9bb-6sgp9
2026-08-17 02:39:59.765,0.01068184897110669,yolo-inference-755b67b9bb-mpvj4
2026-08-17 02:39:59.765,0.01066148022623744,yolo-inference-755b67b9bb-c49xx
2026-08-17 02:39:59.765,0.010259968331653924,yolo-inference-755b67b9bb-8jq9v
2026-08-17 02:40:04.765,0.011428825622775599,yolo-inference-755b67b9bb-9f28w
2026-08-17 02:40:04.765,0.009289304483953846,yolo-inference-755b67b9bb-6sgp9
2026-08-17 02:40:04.765,0.01011089346533248,yolo-inference-755b67b9bb-8jq9v
2026-08-17 02:40:04.765,0.010822085998263562,yolo-inference-755b67b9bb-mpvj4
2026-08-17 02:40:04.765,0.01066148022623744,yolo-inference-755b67b9bb-c49xx
2026-08-17 02:40:09.765,0.011633483442503536,yolo-inference-755b67b9bb-9f28w
2026-08-17 02:40:09.765,0.009555993018510563,yolo-inference-755b67b9bb-mpvj4
2026-08-17 02:40:09.765,0.009853713857875914,yolo-inference-755b67b9bb-8jq9v
2026-08-17 02:40:09.765,0.009417037393290716,yolo-inference-755b67b9bb-6sgp9
2026-08-17 02:40:09.765,0.01066148022623744,yolo-inference-755b67b9bb-c49xx
2026-08-17 02:40:14.765,0.009853713857875914,yolo-inference-755b67b9bb-8jq9v
2026-08-17 02:40:14.765,0.011369849954405839,yolo-inference-755b67b9bb-c49xx
2026-08-17 02:40:14.765,0.01146887372369215,yolo-inference-755b67b9bb-mpvj4
2026-08-17 02:40:14.765,0.009417037393290716,yolo-inference-755b67b9bb-6sgp9
2026-08-17 02:40:14.765,0.011633483442503536,yolo-inference-755b67b9bb-9f28w
2026-08-17 02:40:19.765,0.009786135084565986,yolo-inference-755b67b9bb-mpvj4
2026-08-17 02:40:19.765,0.009256426471052914,yolo-inference-755b67b9bb-6sgp9
2026-08-17 02:40:19.765,0.009277554032683176,yolo-inference-755b67b9bb-8jq9v
2026-08-17 02:40:19.765,0.011633483442503537,yolo-inference-755b67b9bb-9f28w
2026-08-17 02:40:19.765,0.011369849954405839,yolo-inference-755b67b9bb-c49xx
2026-08-17 02:40:24.765,0.011369849954405839,yolo-inference-755b67b9bb-c49xx
2026-08-17 02:40:24.765,0.00926552170952931,yolo-inference-755b67b9bb-6sgp9
2026-08-17 02:40:24.765,0.01125103581870011,yolo-inference-755b67b9bb-mpvj4
2026-08-17 02:40:24.765,0.011222024866785064,yolo-inference-755b67b9bb-9f28w
2026-08-17 02:40:24.765,0.009277554032683176,yolo-inference-755b67b9bb-8jq9v
2026-08-17 02:40:29.765,0.00926552170952931,yolo-inference-755b67b9bb-6sgp9
2026-08-17 02:40:29.765,0.011222024866785064,yolo-inference-755b67b9bb-9f28w
2026-08-17 02:40:29.765,0.011104334767796225,yolo-inference-755b67b9bb-mpvj4
2026-08-17 02:40:29.765,0.009277554032683176,yolo-inference-755b67b9bb-8jq9v
2026-08-17 02:40:29.765,0.011372662110351593,yolo-inference-755b67b9bb-c49xx
2026-08-17 02:40:34.765,0.011199965437539082,yolo-inference-755b67b9bb-c49xx
2026-08-17 02:40:34.765,0.011222024866785064,yolo-inference-755b67b9bb-9f28w
2026-08-17 02:40:34.765,0.011104334767796225,yolo-inference-755b67b9bb-mpvj4
2026-08-17 02:40:34.765,0.009534221458908539,yolo-inference-755b67b9bb-8jq9v
2026-08-17 02:40:34.765,0.007934611600721104,yolo-inference-755b67b9bb-6sgp9
2026-08-17 02:40:39.765,0.011199965437539082,yolo-inference-755b67b9bb-c49xx
2026-08-17 02:40:39.765,0.01136150309905568,yolo-inference-755b67b9bb-9f28w
2026-08-17 02:40:39.765,0.011293055920188984,yolo-inference-755b67b9bb-mpvj4
2026-08-17 02:40:39.765,0.009534221458908539,yolo-inference-755b67b9bb-8jq9v
2026-08-17 02:40:39.765,0.0095940328289427,yolo-inference-755b67b9bb-6sgp9
2026-08-17 02:40:44.765,0.009385129429043442,yolo-inference-755b67b9bb-8jq9v
2026-08-17 02:40:44.765,0.0095940328289427,yolo-inference-755b67b9bb-6sgp9
2026-08-17 02:40:44.765,0.01136150309905568,yolo-inference-755b67b9bb-9f28w
2026-08-17 02:40:44.765,0.011293055920188984,yolo-inference-755b67b9bb-mpvj4
2026-08-17 02:40:44.765,0.011335559315887778,yolo-inference-755b67b9bb-c49xx
2026-08-17 02:40:49.765,0.01136150309905568,yolo-inference-755b67b9bb-9f28w
2026-08-17 02:40:49.765,0.008027567964627906,yolo-inference-755b67b9bb-8jq9v
2026-08-17 02:40:49.765,0.011293055920188984,yolo-inference-755b67b9bb-mpvj4
2026-08-17 02:40:49.765,0.011410918218747547,yolo-inference-755b67b9bb-c49xx
2026-08-17 02:40:49.765,0.008236024132097054,yolo-inference-755b67b9bb-6sgp9
2026-08-17 02:40:54.765,0.01136150309905568,yolo-inference-755b67b9bb-9f28w
2026-08-17 02:40:54.765,0.011410918218747545,yolo-inference-755b67b9bb-c49xx
2026-08-17 02:40:54.765,0.009267063441813335,yolo-inference-755b67b9bb-8jq9v
2026-08-17 02:40:54.765,0.01121970229349003,yolo-inference-755b67b9bb-mpvj4
2026-08-17 02:40:54.765,0.00930748663101606,yolo-inference-755b67b9bb-6sgp9
2026-08-17 02:40:59.765,0.01121970229349003,yolo-inference-755b67b9bb-mpvj4
2026-08-17 02:40:59.765,0.011237878616636736,yolo-inference-755b67b9bb-c49xx
2026-08-17 02:40:59.765,0.01124155168140149,yolo-inference-755b67b9bb-9f28w
2026-08-17 02:40:59.765,0.00927703882842922,yolo-inference-755b67b9bb-8jq9v
2026-08-17 02:40:59.765,0.00930748663101606,yolo-inference-755b67b9bb-6sgp9
2026-08-17 02:41:04.765,0.00930748663101606,yolo-inference-755b67b9bb-6sgp9
2026-08-17 02:41:04.765,0.01124155168140149,yolo-inference-755b67b9bb-9f28w
2026-08-17 02:41:04.765,0.011272219151157996,yolo-inference-755b67b9bb-c49xx
2026-08-17 02:41:04.765,0.008006026107895898,yolo-inference-755b67b9bb-8jq9v
2026-08-17 02:41:04.765,0.00962713065394779,yolo-inference-755b67b9bb-mpvj4
2026-08-17 02:41:09.765,0.011272219151157996,yolo-inference-755b67b9bb-c49xx
2026-08-17 02:41:09.765,0.011327487707131559,yolo-inference-755b67b9bb-9f28w
2026-08-17 02:41:09.765,0.009409891684578885,yolo-inference-755b67b9bb-8jq9v
2026-08-17 02:41:09.765,0.009460959548447563,yolo-inference-755b67b9bb-6sgp9
2026-08-17 02:41:09.765,0.011559608145706227,yolo-inference-755b67b9bb-mpvj4
2026-08-17 02:41:14.765,0.009409891684578885,yolo-inference-755b67b9bb-8jq9v
2026-08-17 02:41:14.765,0.009460959548447563,yolo-inference-755b67b9bb-6sgp9
2026-08-17 02:41:14.765,0.011559608145706227,yolo-inference-755b67b9bb-mpvj4
2026-08-17 02:41:14.765,0.011466061571860888,yolo-inference-755b67b9bb-c49xx
2026-08-17 02:41:14.765,0.011423929216180262,yolo-inference-755b67b9bb-9f28w
2026-08-17 02:41:19.765,0.011559608145706227,yolo-inference-755b67b9bb-mpvj4
2026-08-17 02:41:19.765,0.011466061571860888,yolo-inference-755b67b9bb-c49xx
2026-08-17 02:41:19.765,0.011423929216180262,yolo-inference-755b67b9bb-9f28w
2026-08-17 02:41:19.765,0.00914850255817456,yolo-inference-755b67b9bb-8jq9v
2026-08-17 02:41:19.765,0.009370261598791337,yolo-inference-755b67b9bb-6sgp9
2026-08-17 02:41:24.765,0.011429293396767915,yolo-inference-755b67b9bb-c49xx
2026-08-17 02:41:24.765,0.011376121379974367,yolo-inference-755b67b9bb-9f28w
2026-08-17 02:41:24.765,0.00914850255817456,yolo-inference-755b67b9bb-8jq9v
2026-08-17 02:41:24.765,0.011031339537569903,yolo-inference-755b67b9bb-mpvj4
2026-08-17 02:41:24.765,0.0092507692993802,yolo-inference-755b67b9bb-6sgp9
2026-08-17 02:41:29.765,0.011203413572398171,yolo-inference-755b67b9bb-9f28w
2026-08-17 02:41:29.765,0.00914850255817456,yolo-inference-755b67b9bb-8jq9v
2026-08-17 02:41:29.765,0.0092507692993802,yolo-inference-755b67b9bb-6sgp9
2026-08-17 02:41:29.765,0.011429293396767915,yolo-inference-755b67b9bb-c49xx
2026-08-17 02:41:29.765,0.011031339537569903,yolo-inference-755b67b9bb-mpvj4
2026-08-17 02:41:34.765,0.009763126737850934,yolo-inference-755b67b9bb-c49xx
2026-08-17 02:41:34.765,0.005975525000000204,yolo-inference-755b67b9bb-6sgp9
2026-08-17 02:41:34.765,0.011203413572398171,yolo-inference-755b67b9bb-9f28w
2026-08-17 02:41:34.765,0.011288416459302656,yolo-inference-755b67b9bb-mpvj4
2026-08-17 02:41:34.765,0.007759451648897793,yolo-inference-755b67b9bb-8jq9v
2026-08-17 02:41:39.765,0.009505339344824353,yolo-inference-755b67b9bb-9f28w
2026-08-17 02:41:39.765,0.011276795569023172,yolo-inference-755b67b9bb-c49xx
2026-08-17 02:41:39.765,0.009562354660819939,yolo-inference-755b67b9bb-6sgp9
2026-08-17 02:41:39.765,0.011381841930157646,yolo-inference-755b67b9bb-mpvj4
2026-08-17 02:41:39.765,0.009458950696716883,yolo-inference-755b67b9bb-8jq9v
2026-08-17 02:41:44.765,0.011381841930157646,yolo-inference-755b67b9bb-mpvj4
2026-08-17 02:41:44.765,0.011276795569023172,yolo-inference-755b67b9bb-c49xx
2026-08-17 02:41:44.765,0.011465223811944498,yolo-inference-755b67b9bb-9f28w
2026-08-17 02:41:44.765,0.009562354660819939,yolo-inference-755b67b9bb-6sgp9
2026-08-17 02:41:44.765,0.0095044516777563,yolo-inference-755b67b9bb-8jq9v
2026-08-17 02:41:49.765,0.0095044516777563,yolo-inference-755b67b9bb-8jq9v
2026-08-17 02:41:49.765,0.009562354660819939,yolo-inference-755b67b9bb-6sgp9
2026-08-17 02:41:49.765,0.011245079714128395,yolo-inference-755b67b9bb-c49xx
2026-08-17 02:41:49.765,0.009313539937854914,yolo-inference-755b67b9bb-mpvj4
2026-08-17 02:41:49.765,0.011465223811944498,yolo-inference-755b67b9bb-9f28w
2026-08-17 02:41:54.765,0.009452162762330917,yolo-inference-755b67b9bb-6sgp9
2026-08-17 02:41:54.765,0.00961788962524494,yolo-inference-755b67b9bb-9f28w
2026-08-17 02:41:54.765,0.009405634563557303,yolo-inference-755b67b9bb-c49xx
2026-08-17 02:41:54.765,0.009397292783686395,yolo-inference-755b67b9bb-8jq9v
2026-08-17 02:41:54.765,0.011095517620907722,yolo-inference-755b67b9bb-mpvj4
2026-08-17 02:41:59.765,0.01125338882823898,yolo-inference-755b67b9bb-9f28w
2026-08-17 02:41:59.765,0.009280382427171848,yolo-inference-755b67b9bb-8jq9v
2026-08-17 02:41:59.765,0.009344769414857148,yolo-inference-755b67b9bb-6sgp9
2026-08-17 02:41:59.765,0.01127181376653814,yolo-inference-755b67b9bb-c49xx
2026-08-17 02:41:59.765,0.011095517620907722,yolo-inference-755b67b9bb-mpvj4
2026-08-17 02:42:04.765,0.011224357333953655,yolo-inference-755b67b9bb-c49xx
2026-08-17 02:42:04.765,0.009344769414857148,yolo-inference-755b67b9bb-6sgp9
2026-08-17 02:42:04.765,0.009623726738286346,yolo-inference-755b67b9bb-mpvj4
2026-08-17 02:42:04.765,0.01125338882823898,yolo-inference-755b67b9bb-9f28w
2026-08-17 02:42:04.765,0.009280382427171848,yolo-inference-755b67b9bb-8jq9v
2026-08-17 02:42:09.765,0.00944601482854471,yolo-inference-755b67b9bb-6sgp9
2026-08-17 02:42:09.765,0.011224357333953655,yolo-inference-755b67b9bb-c49xx
2026-08-17 02:42:09.765,0.011443015370224753,yolo-inference-755b67b9bb-mpvj4
2026-08-17 02:42:09.765,0.01125338882823898,yolo-inference-755b67b9bb-9f28w
2026-08-17 02:42:09.765,0.009538547823460619,yolo-inference-755b67b9bb-8jq9v
2026-08-17 02:42:14.765,0.011443015370224753,yolo-inference-755b67b9bb-mpvj4
2026-08-17 02:42:14.765,0.009538547823460619,yolo-inference-755b67b9bb-8jq9v
2026-08-17 02:42:14.765,0.00944601482854471,yolo-inference-755b67b9bb-6sgp9
2026-08-17 02:42:14.765,0.00936544210481455,yolo-inference-755b67b9bb-9f28w
2026-08-17 02:42:14.765,0.011334196164714472,yolo-inference-755b67b9bb-c49xx
2026-08-17 02:42:19.765,0.007515012070660408,yolo-inference-755b67b9bb-8jq9v
2026-08-17 02:42:19.765,0.011334196164714472,yolo-inference-755b67b9bb-c49xx
2026-08-17 02:42:19.765,0.011443015370224753,yolo-inference-755b67b9bb-mpvj4
2026-08-17 02:42:19.765,0.009327637444279346,yolo-inference-755b67b9bb-6sgp9
2026-08-17 02:42:19.765,0.011302522533421974,yolo-inference-755b67b9bb-9f28w
2026-08-17 02:42:24.765,0.009211574563580157,yolo-inference-755b67b9bb-8jq9v
2026-08-17 02:42:24.765,0.011302522533421974,yolo-inference-755b67b9bb-9f28w
2026-08-17 02:42:24.765,0.011053390416218743,yolo-inference-755b67b9bb-mpvj4
2026-08-17 02:42:24.765,0.011303795524353009,yolo-inference-755b67b9bb-c49xx
2026-08-17 02:42:24.765,0.009327637444279346,yolo-inference-755b67b9bb-6sgp9
2026-08-17 02:42:29.765,0.009383320457040647,yolo-inference-755b67b9bb-6sgp9
2026-08-17 02:42:29.765,0.011053390416218743,yolo-inference-755b67b9bb-mpvj4
2026-08-17 02:42:29.765,0.011303795524353009,yolo-inference-755b67b9bb-c49xx
2026-08-17 02:42:29.765,0.009211574563580157,yolo-inference-755b67b9bb-8jq9v
2026-08-17 02:42:29.765,0.01107025480310661,yolo-inference-755b67b9bb-9f28w
2026-08-17 02:42:34.765,0.009211574563580155,yolo-inference-755b67b9bb-8jq9v
2026-08-17 02:42:34.765,0.011127763534911978,yolo-inference-755b67b9bb-mpvj4
2026-08-17 02:42:34.765,0.011287703568160994,yolo-inference-755b67b9bb-9f28w
2026-08-17 02:42:34.765,0.009383320457040647,yolo-inference-755b67b9bb-6sgp9
2026-08-17 02:42:34.765,0.011303795524353009,yolo-inference-755b67b9bb-c49xx
2026-08-17 02:42:39.765,0.009608397529382683,yolo-inference-755b67b9bb-c49xx
2026-08-17 02:42:39.765,0.011127763534911978,yolo-inference-755b67b9bb-mpvj4
2026-08-17 02:42:39.765,0.00939660112854874,yolo-inference-755b67b9bb-8jq9v
2026-08-17 02:42:39.765,0.011379491364068796,yolo-inference-755b67b9bb-9f28w
2026-08-17 02:42:39.765,0.007833549933731088,yolo-inference-755b67b9bb-6sgp9
2026-08-17 02:42:44.765,0.00939660112854874,yolo-inference-755b67b9bb-8jq9v
2026-08-17 02:42:44.765,0.011313423605928019,yolo-inference-755b67b9bb-9f28w
2026-08-17 02:42:44.765,0.009702870658071764,yolo-inference-755b67b9bb-6sgp9
2026-08-17 02:42:44.765,0.011231590617341573,yolo-inference-755b67b9bb-mpvj4
2026-08-17 02:42:44.765,0.011432179471716422,yolo-inference-755b67b9bb-c49xx
2026-08-17 02:42:49.765,0.011231590617341573,yolo-inference-755b67b9bb-mpvj4
2026-08-17 02:42:49.765,0.011432179471716422,yolo-inference-755b67b9bb-c49xx
2026-08-17 02:42:49.765,0.011313423605928019,yolo-inference-755b67b9bb-9f28w
2026-08-17 02:42:49.765,0.00939660112854874,yolo-inference-755b67b9bb-8jq9v
2026-08-17 02:42:49.765,0.009702870658071764,yolo-inference-755b67b9bb-6sgp9
2026-08-17 02:42:54.765,0.009317621530393888,yolo-inference-755b67b9bb-8jq9v
2026-08-17 02:42:54.765,0.009702870658071764,yolo-inference-755b67b9bb-6sgp9
2026-08-17 02:42:54.765,0.011314453234062502,yolo-inference-755b67b9bb-c49xx
2026-08-17 02:42:54.765,0.011313423605928019,yolo-inference-755b67b9bb-9f28w
2026-08-17 02:42:54.765,0.011124381353169236,yolo-inference-755b67b9bb-mpvj4
2026-08-17 02:42:59.765,0.007877956061490766,yolo-inference-755b67b9bb-6sgp9
2026-08-17 02:42:59.765,0.009309668351910216,yolo-inference-755b67b9bb-8jq9v
2026-08-17 02:42:59.765,0.011249456142944394,yolo-inference-755b67b9bb-mpvj4
2026-08-17 02:42:59.765,0.011244110725092708,yolo-inference-755b67b9bb-9f28w
2026-08-17 02:42:59.765,0.011202745325629088,yolo-inference-755b67b9bb-c49xx
2026-08-17 02:43:04.765,0.011244110725092708,yolo-inference-755b67b9bb-9f28w
2026-08-17 02:43:04.765,0.009455974307194432,yolo-inference-755b67b9bb-6sgp9
2026-08-17 02:43:04.765,0.009673788419839827,yolo-inference-755b67b9bb-c49xx
2026-08-17 02:43:04.765,0.011249456142944394,yolo-inference-755b67b9bb-mpvj4
2026-08-17 02:43:04.765,0.009309668351910216,yolo-inference-755b67b9bb-8jq9v
2026-08-17 02:43:09.765,0.009467304823470905,yolo-inference-755b67b9bb-8jq9v
2026-08-17 02:43:09.765,0.011244110725092708,yolo-inference-755b67b9bb-9f28w
2026-08-17 02:43:09.765,0.009455974307194432,yolo-inference-755b67b9bb-6sgp9
2026-08-17 02:43:09.765,0.011333638945816607,yolo-inference-755b67b9bb-c49xx
2026-08-17 02:43:09.765,0.011432904919845133,yolo-inference-755b67b9bb-mpvj4
2026-08-17 02:43:14.765,0.011244110725092708,yolo-inference-755b67b9bb-9f28w
2026-08-17 02:43:14.765,0.011432904919845133,yolo-inference-755b67b9bb-mpvj4
2026-08-17 02:43:14.765,0.009603789948397555,yolo-inference-755b67b9bb-8jq9v
2026-08-17 02:43:14.765,0.011464155762789181,yolo-inference-755b67b9bb-c49xx
2026-08-17 02:43:14.765,0.00785069133557169,yolo-inference-755b67b9bb-6sgp9
2026-08-17 02:43:19.765,0.011432904919845133,yolo-inference-755b67b9bb-mpvj4
2026-08-17 02:43:19.765,0.009603789948397555,yolo-inference-755b67b9bb-8jq9v
2026-08-17 02:43:19.765,0.009640257004423806,yolo-inference-755b67b9bb-6sgp9
2026-08-17 02:43:19.765,0.011464155762789181,yolo-inference-755b67b9bb-c49xx
2026-08-17 02:43:19.765,0.011198314712233842,yolo-inference-755b67b9bb-9f28w
2026-08-17 02:43:24.765,0.011198314712233842,yolo-inference-755b67b9bb-9f28w
2026-08-17 02:43:24.765,0.00947186367253116,yolo-inference-755b67b9bb-8jq9v
2026-08-17 02:43:24.765,0.009640257004423806,yolo-inference-755b67b9bb-6sgp9
2026-08-17 02:43:24.765,0.01118466843979616,yolo-inference-755b67b9bb-c49xx
2026-08-17 02:43:24.765,0.00928181857857156,yolo-inference-755b67b9bb-mpvj4
2026-08-17 02:43:29.765,0.011289041519119709,yolo-inference-755b67b9bb-mpvj4
2026-08-17 02:43:29.765,0.009458116093152596,yolo-inference-755b67b9bb-6sgp9
2026-08-17 02:43:29.765,0.01118466843979616,yolo-inference-755b67b9bb-c49xx
2026-08-17 02:43:29.765,0.011198314712233842,yolo-inference-755b67b9bb-9f28w
2026-08-17 02:43:29.765,0.00947186367253116,yolo-inference-755b67b9bb-8jq9v
2026-08-17 02:43:34.765,0.00947186367253116,yolo-inference-755b67b9bb-8jq9v
2026-08-17 02:43:34.765,0.01128904151911971,yolo-inference-755b67b9bb-mpvj4
2026-08-17 02:43:34.765,0.009436394366197176,yolo-inference-755b67b9bb-6sgp9
2026-08-17 02:43:34.765,0.01118466843979616,yolo-inference-755b67b9bb-c49xx
2026-08-17 02:43:34.765,0.011057644003576018,yolo-inference-755b67b9bb-9f28w
2026-08-17 02:43:39.765,0.009436394366197176,yolo-inference-755b67b9bb-6sgp9
2026-08-17 02:43:39.765,0.006519699999999773,yolo-inference-755b67b9bb-8jq9v
2026-08-17 02:43:39.765,0.011338807918207587,yolo-inference-755b67b9bb-mpvj4
2026-08-17 02:43:39.765,0.011057644003576018,yolo-inference-755b67b9bb-9f28w
2026-08-17 02:43:39.765,0.011336277338501597,yolo-inference-755b67b9bb-c49xx
2026-08-17 02:43:44.765,0.009600041329904321,yolo-inference-755b67b9bb-8jq9v
2026-08-17 02:43:44.765,0.009699040800153044,yolo-inference-755b67b9bb-6sgp9
2026-08-17 02:43:44.765,0.011187467157119983,yolo-inference-755b67b9bb-9f28w
2026-08-17 02:43:44.765,0.0113362773385016,yolo-inference-755b67b9bb-c49xx
2026-08-17 02:43:44.765,0.011266506256015508,yolo-inference-755b67b9bb-mpvj4
2026-08-17 02:43:49.765,0.011188225313878359,yolo-inference-755b67b9bb-c49xx
2026-08-17 02:43:49.765,0.009690800664385232,yolo-inference-755b67b9bb-6sgp9
2026-08-17 02:43:49.765,0.009600041329904321,yolo-inference-755b67b9bb-8jq9v
2026-08-17 02:43:49.765,0.011413474583033902,yolo-inference-755b67b9bb-9f28w
2026-08-17 02:43:49.765,0.011266506256015508,yolo-inference-755b67b9bb-mpvj4
2026-08-17 02:43:54.765,0.011171973839391116,yolo-inference-755b67b9bb-mpvj4
2026-08-17 02:43:54.765,0.011013272790778952,yolo-inference-755b67b9bb-c49xx
2026-08-17 02:43:54.765,0.009690800664385232,yolo-inference-755b67b9bb-6sgp9
2026-08-17 02:43:54.765,0.009436533149171334,yolo-inference-755b67b9bb-8jq9v
2026-08-17 02:43:54.765,0.011413474583033902,yolo-inference-755b67b9bb-9f28w
2026-08-17 02:43:59.765,0.009509656117617537,yolo-inference-755b67b9bb-6sgp9
2026-08-17 02:43:59.765,0.009283622140355925,yolo-inference-755b67b9bb-8jq9v
2026-08-17 02:43:59.765,0.011137674795649557,yolo-inference-755b67b9bb-mpvj4
2026-08-17 02:43:59.765,0.011013272790778952,yolo-inference-755b67b9bb-c49xx
2026-08-17 02:43:59.765,0.011293212404914882,yolo-inference-755b67b9bb-9f28w
2026-08-17 02:44:04.765,0.009283622140355925,yolo-inference-755b67b9bb-8jq9v
2026-08-17 02:44:04.765,0.011137674795649557,yolo-inference-755b67b9bb-mpvj4
2026-08-17 02:44:04.765,0.011270206076347556,yolo-inference-755b67b9bb-c49xx
2026-08-17 02:44:04.765,0.011198048109374638,yolo-inference-755b67b9bb-9f28w
2026-08-17 02:44:04.765,0.00946429215916279,yolo-inference-755b67b9bb-6sgp9
2026-08-17 02:44:09.765,0.011466536530953909,yolo-inference-755b67b9bb-mpvj4
2026-08-17 02:44:09.765,0.011198048109374638,yolo-inference-755b67b9bb-9f28w
2026-08-17 02:44:09.765,0.009406484067245154,yolo-inference-755b67b9bb-8jq9v
2026-08-17 02:44:09.765,0.00946429215916279,yolo-inference-755b67b9bb-6sgp9
2026-08-17 02:44:09.765,0.011403620848164993,yolo-inference-755b67b9bb-c49xx
2026-08-17 02:44:14.765,0.009603089764240756,yolo-inference-755b67b9bb-6sgp9
2026-08-17 02:44:14.765,0.011466536530953909,yolo-inference-755b67b9bb-mpvj4
2026-08-17 02:44:14.765,0.011198048109374638,yolo-inference-755b67b9bb-9f28w
2026-08-17 02:44:14.765,0.009459738859900884,yolo-inference-755b67b9bb-8jq9v
2026-08-17 02:44:14.765,0.011403620848164993,yolo-inference-755b67b9bb-c49xx
2026-08-17 02:44:19.765,0.009443460373693044,yolo-inference-755b67b9bb-8jq9v
2026-08-17 02:44:19.765,0.011515369087011739,yolo-inference-755b67b9bb-9f28w
2026-08-17 02:44:19.765,0.011322454738693932,yolo-inference-755b67b9bb-mpvj4
2026-08-17 02:44:19.765,0.00832343832352381,yolo-inference-755b67b9bb-6sgp9
2026-08-17 02:44:19.765,0.011238487360670716,yolo-inference-755b67b9bb-c49xx
2026-08-17 02:44:24.765,0.008326675294132248,yolo-inference-755b67b9bb-6sgp9
2026-08-17 02:44:24.765,0.011266819332288826,yolo-inference-755b67b9bb-mpvj4
2026-08-17 02:44:24.765,0.011515369087011739,yolo-inference-755b67b9bb-9f28w
2026-08-17 02:44:24.765,0.007876210038869149,yolo-inference-755b67b9bb-8jq9v
2026-08-17 02:44:24.765,0.011167585935191788,yolo-inference-755b67b9bb-c49xx
2026-08-17 02:44:29.765,0.009501161005205708,yolo-inference-755b67b9bb-6sgp9
2026-08-17 02:44:29.765,0.009224297659222294,yolo-inference-755b67b9bb-8jq9v
2026-08-17 02:44:29.765,0.011266819332288826,yolo-inference-755b67b9bb-mpvj4
2026-08-17 02:44:29.765,0.011092214038779538,yolo-inference-755b67b9bb-c49xx
2026-08-17 02:44:29.765,0.011515369087011739,yolo-inference-755b67b9bb-9f28w
2026-08-17 02:44:34.765,0.009224297659222294,yolo-inference-755b67b9bb-8jq9v
2026-08-17 02:44:34.765,0.01127921397185131,yolo-inference-755b67b9bb-9f28w
2026-08-17 02:44:34.765,0.009445307815310841,yolo-inference-755b67b9bb-6sgp9
2026-08-17 02:44:34.765,0.009622646127783843,yolo-inference-755b67b9bb-mpvj4
2026-08-17 02:44:34.765,0.011092214038779538,yolo-inference-755b67b9bb-c49xx
2026-08-17 02:44:39.765,0.011279213971851311,yolo-inference-755b67b9bb-9f28w
2026-08-17 02:44:39.765,0.009445307815310841,yolo-inference-755b67b9bb-6sgp9
2026-08-17 02:44:39.765,0.011228840678307758,yolo-inference-755b67b9bb-c49xx
2026-08-17 02:44:39.765,0.009450517342133416,yolo-inference-755b67b9bb-8jq9v
2026-08-17 02:44:39.765,0.011546780943003552,yolo-inference-755b67b9bb-mpvj4
2026-08-17 02:44:44.765,0.009441115668648841,yolo-inference-755b67b9bb-c49xx
2026-08-17 02:44:44.765,0.009617633633085218,yolo-inference-755b67b9bb-8jq9v
2026-08-17 02:44:44.765,0.011279213971851311,yolo-inference-755b67b9bb-9f28w
2026-08-17 02:44:44.765,0.009642022849217242,yolo-inference-755b67b9bb-6sgp9
2026-08-17 02:44:44.765,0.011546780943003552,yolo-inference-755b67b9bb-mpvj4
2026-08-17 02:44:49.765,0.011284329708122175,yolo-inference-755b67b9bb-9f28w
2026-08-17 02:44:49.765,0.009727294084480528,yolo-inference-755b67b9bb-6sgp9
2026-08-17 02:44:49.765,0.009617633633085218,yolo-inference-755b67b9bb-8jq9v
2026-08-17 02:44:49.765,0.011404561824729808,yolo-inference-755b67b9bb-mpvj4
2026-08-17 02:44:49.765,0.011163959783449152,yolo-inference-755b67b9bb-c49xx
2026-08-17 02:44:54.765,0.011284329708122175,yolo-inference-755b67b9bb-9f28w
2026-08-17 02:44:54.765,0.011163959783449152,yolo-inference-755b67b9bb-c49xx
2026-08-17 02:44:54.765,0.007832540968700126,yolo-inference-755b67b9bb-8jq9v
2026-08-17 02:44:54.765,0.011183643971091447,yolo-inference-755b67b9bb-mpvj4
2026-08-17 02:44:54.765,0.009681058443509546,yolo-inference-755b67b9bb-6sgp9
2026-08-17 02:44:59.765,0.011163959783449152,yolo-inference-755b67b9bb-c49xx
2026-08-17 02:44:59.765,0.011046717270521821,yolo-inference-755b67b9bb-mpvj4
2026-08-17 02:44:59.765,0.009414982437956904,yolo-inference-755b67b9bb-8jq9v
2026-08-17 02:44:59.765,0.011284329708122175,yolo-inference-755b67b9bb-9f28w
2026-08-17 02:44:59.765,0.009681058443509546,yolo-inference-755b67b9bb-6sgp9
2026-08-17 02:45:04.765,0.009556486914408125,yolo-inference-755b67b9bb-6sgp9
2026-08-17 02:45:04.765,0.009414982437956904,yolo-inference-755b67b9bb-8jq9v
2026-08-17 02:45:04.765,0.009079447939063767,yolo-inference-755b67b9bb-9f28w
2026-08-17 02:45:04.765,0.011046717270521821,yolo-inference-755b67b9bb-mpvj4
2026-08-17 02:45:04.765,0.011140664905327868,yolo-inference-755b67b9bb-c49xx
2026-08-17 02:45:09.765,0.00942319206313864,yolo-inference-755b67b9bb-8jq9v
2026-08-17 02:45:09.765,0.011122978572872366,yolo-inference-755b67b9bb-mpvj4
2026-08-17 02:45:09.765,0.011386152080588267,yolo-inference-755b67b9bb-9f28w
2026-08-17 02:45:09.765,0.008054366446245074,yolo-inference-755b67b9bb-6sgp9
2026-08-17 02:45:09.765,0.011140664905327868,yolo-inference-755b67b9bb-c49xx
2026-08-17 02:45:14.765,0.011239906344583524,yolo-inference-755b67b9bb-mpvj4
2026-08-17 02:45:14.765,0.007674012036418529,yolo-inference-755b67b9bb-8jq9v
2026-08-17 02:45:14.765,0.011386152080588267,yolo-inference-755b67b9bb-9f28w
2026-08-17 02:45:14.765,0.009696511327013388,yolo-inference-755b67b9bb-6sgp9
2026-08-17 02:45:14.765,0.011140664905327868,yolo-inference-755b67b9bb-c49xx
2026-08-17 02:45:19.765,0.009679878110716252,yolo-inference-755b67b9bb-8jq9v
2026-08-17 02:45:19.765,0.008978804020298495,yolo-inference-755b67b9bb-mpvj4
2026-08-17 02:45:19.765,0.01142012033408558,yolo-inference-755b67b9bb-c49xx
2026-08-17 02:45:19.765,0.011271769890976389,yolo-inference-755b67b9bb-9f28w
2026-08-17 02:45:19.765,0.009696511327013388,yolo-inference-755b67b9bb-6sgp9
2026-08-17 02:45:24.765,0.011271769890976389,yolo-inference-755b67b9bb-9f28w
2026-08-17 02:45:24.765,0.009683442781784977,yolo-inference-755b67b9bb-6sgp9
2026-08-17 02:45:24.765,0.009679878110716252,yolo-inference-755b67b9bb-8jq9v
2026-08-17 02:45:24.765,0.01142012033408558,yolo-inference-755b67b9bb-c49xx
2026-08-17 02:45:24.765,0.009676170808640572,yolo-inference-755b67b9bb-mpvj4
2026-08-17 02:45:29.765,0.009470904541340572,yolo-inference-755b67b9bb-8jq9v
2026-08-17 02:45:29.765,0.009506176154672285,yolo-inference-755b67b9bb-6sgp9
2026-08-17 02:45:29.765,0.011249007817198021,yolo-inference-755b67b9bb-c49xx
2026-08-17 02:45:29.765,0.008757857945403704,yolo-inference-755b67b9bb-mpvj4
2026-08-17 02:45:29.765,0.011269494604916552,yolo-inference-755b67b9bb-9f28w
2026-08-17 02:45:34.765,0.009453189309991542,yolo-inference-755b67b9bb-8jq9v
2026-08-17 02:45:34.765,0.011249007817198021,yolo-inference-755b67b9bb-c49xx
2026-08-17 02:45:34.765,0.01136326315031301,yolo-inference-755b67b9bb-9f28w
2026-08-17 02:45:34.765,0.011095932778119313,yolo-inference-755b67b9bb-mpvj4
2026-08-17 02:45:34.765,0.009506176154672285,yolo-inference-755b67b9bb-6sgp9
2026-08-17 02:45:39.765,0.011347604836241055,yolo-inference-755b67b9bb-9f28w
2026-08-17 02:45:39.765,0.011204966582622905,yolo-inference-755b67b9bb-c49xx
2026-08-17 02:45:39.765,0.009573957123842364,yolo-inference-755b67b9bb-8jq9v
2026-08-17 02:45:39.765,0.009604351046102619,yolo-inference-755b67b9bb-6sgp9
2026-08-17 02:45:39.765,0.01116921764787244,yolo-inference-755b67b9bb-mpvj4
2026-08-17 02:45:44.765,0.00979662613281994,yolo-inference-755b67b9bb-8jq9v
2026-08-17 02:45:44.765,0.01116921764787244,yolo-inference-755b67b9bb-mpvj4
2026-08-17 02:45:44.765,0.011347604836241055,yolo-inference-755b67b9bb-9f28w
2026-08-17 02:45:44.765,0.011204966582622905,yolo-inference-755b67b9bb-c49xx
2026-08-17 02:45:44.765,0.009630862259970556,yolo-inference-755b67b9bb-6sgp9
2026-08-17 02:45:49.765,0.009284448007763908,yolo-inference-755b67b9bb-9f28w
2026-08-17 02:45:49.765,0.011258456591640062,yolo-inference-755b67b9bb-mpvj4
2026-08-17 02:45:49.765,0.009379128963437091,yolo-inference-755b67b9bb-6sgp9
2026-08-17 02:45:49.765,0.011432766031598526,yolo-inference-755b67b9bb-c49xx
2026-08-17 02:45:49.765,0.00979662613281994,yolo-inference-755b67b9bb-8jq9v
2026-08-17 02:45:54.765,0.007922522557803593,yolo-inference-755b67b9bb-6sgp9
2026-08-17 02:45:54.765,0.011258456591640062,yolo-inference-755b67b9bb-mpvj4
2026-08-17 02:45:54.765,0.00979662613281994,yolo-inference-755b67b9bb-8jq9v
2026-08-17 02:45:54.765,0.010982288914720488,yolo-inference-755b67b9bb-9f28w
2026-08-17 02:45:54.765,0.011432766031598526,yolo-inference-755b67b9bb-c49xx
2026-08-17 02:45:59.765,0.008350336483430728,yolo-inference-755b67b9bb-8jq9v
2026-08-17 02:45:59.765,0.009366313814819671,yolo-inference-755b67b9bb-6sgp9
2026-08-17 02:45:59.765,0.011307889306507545,yolo-inference-755b67b9bb-c49xx
2026-08-17 02:45:59.765,0.010982288914720488,yolo-inference-755b67b9bb-9f28w
2026-08-17 02:45:59.765,0.0111282462232511,yolo-inference-755b67b9bb-mpvj4
2026-08-17 02:46:04.765,0.009362802895205967,yolo-inference-755b67b9bb-8jq9v
2026-08-17 02:46:04.765,0.011103151157065323,yolo-inference-755b67b9bb-c49xx
2026-08-17 02:46:04.765,0.0076494945101016005,yolo-inference-755b67b9bb-6sgp9
2026-08-17 02:46:04.765,0.01122216328695557,yolo-inference-755b67b9bb-mpvj4
2026-08-17 02:46:04.765,0.010982288914720488,yolo-inference-755b67b9bb-9f28w
2026-08-17 02:46:09.765,0.01122216328695557,yolo-inference-755b67b9bb-mpvj4
2026-08-17 02:46:09.765,0.009362802895205967,yolo-inference-755b67b9bb-8jq9v
2026-08-17 02:46:09.765,0.0113474280378386,yolo-inference-755b67b9bb-9f28w
2026-08-17 02:46:09.765,0.009586415081055224,yolo-inference-755b67b9bb-6sgp9
2026-08-17 02:46:09.765,0.011103151157065323,yolo-inference-755b67b9bb-c49xx
2026-08-17 02:46:14.765,0.011097406752229939,yolo-inference-755b67b9bb-c49xx
2026-08-17 02:46:14.765,0.009569721024135051,yolo-inference-755b67b9bb-6sgp9
2026-08-17 02:46:14.765,0.0113474280378386,yolo-inference-755b67b9bb-9f28w
2026-08-17 02:46:14.765,0.009362802895205967,yolo-inference-755b67b9bb-8jq9v
2026-08-17 02:46:14.765,0.009544164598540123,yolo-inference-755b67b9bb-mpvj4
2026-08-17 02:46:19.765,0.009415534966366284,yolo-inference-755b67b9bb-6sgp9
2026-08-17 02:46:19.765,0.011088265978475825,yolo-inference-755b67b9bb-c49xx
2026-08-17 02:46:19.765,0.011371936306395592,yolo-inference-755b67b9bb-9f28w
2026-08-17 02:46:19.765,0.011175182481751799,yolo-inference-755b67b9bb-mpvj4
2026-08-17 02:46:19.765,0.009337677574834995,yolo-inference-755b67b9bb-8jq9v
2026-08-17 02:46:24.765,0.009261524212126076,yolo-inference-755b67b9bb-6sgp9
2026-08-17 02:46:24.765,0.011094780317595943,yolo-inference-755b67b9bb-9f28w
2026-08-17 02:46:24.765,0.011223728106755568,yolo-inference-755b67b9bb-mpvj4
2026-08-17 02:46:24.765,0.009491961980755697,yolo-inference-755b67b9bb-8jq9v
2026-08-17 02:46:24.765,0.011088265978475825,yolo-inference-755b67b9bb-c49xx
2026-08-17 02:46:29.765,0.011050161350514669,yolo-inference-755b67b9bb-9f28w
2026-08-17 02:46:29.765,0.009491961980755697,yolo-inference-755b67b9bb-8jq9v
2026-08-17 02:46:29.765,0.009261524212126076,yolo-inference-755b67b9bb-6sgp9
2026-08-17 02:46:29.765,0.011223728106755568,yolo-inference-755b67b9bb-mpvj4
2026-08-17 02:46:29.765,0.011088265978475825,yolo-inference-755b67b9bb-c49xx
2026-08-17 02:46:34.765,0.009190357955720931,yolo-inference-755b67b9bb-8jq9v
2026-08-17 02:46:34.765,0.01112310616545794,yolo-inference-755b67b9bb-c49xx
2026-08-17 02:46:34.765,0.007851277065636866,yolo-inference-755b67b9bb-6sgp9
2026-08-17 02:46:34.765,0.011315840981828439,yolo-inference-755b67b9bb-mpvj4
2026-08-17 02:46:34.765,0.01105016135051467,yolo-inference-755b67b9bb-9f28w
2026-08-17 02:46:39.765,0.011382260473158646,yolo-inference-755b67b9bb-mpvj4
2026-08-17 02:46:39.765,0.00964499552707676,yolo-inference-755b67b9bb-6sgp9
2026-08-17 02:46:39.765,0.01114153443004796,yolo-inference-755b67b9bb-c49xx
2026-08-17 02:46:39.765,0.009190357955720931,yolo-inference-755b67b9bb-8jq9v
2026-08-17 02:46:39.765,0.011164570328271032,yolo-inference-755b67b9bb-9f28w
2026-08-17 02:46:44.765,0.009634190548740535,yolo-inference-755b67b9bb-8jq9v
2026-08-17 02:46:44.765,0.011361417825305198,yolo-inference-755b67b9bb-9f28w
2026-08-17 02:46:44.765,0.00964499552707676,yolo-inference-755b67b9bb-6sgp9
2026-08-17 02:46:44.765,0.011382260473158646,yolo-inference-755b67b9bb-mpvj4
2026-08-17 02:46:44.765,0.01114153443004796,yolo-inference-755b67b9bb-c49xx
2026-08-17 02:46:49.765,0.011361417825305198,yolo-inference-755b67b9bb-9f28w
2026-08-17 02:46:49.765,0.009634190548740535,yolo-inference-755b67b9bb-8jq9v
2026-08-17 02:46:49.765,0.009918476170951249,yolo-inference-755b67b9bb-mpvj4
2026-08-17 02:46:49.765,0.011199838219626886,yolo-inference-755b67b9bb-c49xx
2026-08-17 02:46:49.765,0.00780382920756477,yolo-inference-755b67b9bb-6sgp9
2026-08-17 02:46:54.765,0.01111865134757865,yolo-inference-755b67b9bb-9f28w
2026-08-17 02:46:54.765,0.009634190548740535,yolo-inference-755b67b9bb-8jq9v
2026-08-17 02:46:54.765,0.008971620002780378,yolo-inference-755b67b9bb-mpvj4
2026-08-17 02:46:54.765,0.011199838219626886,yolo-inference-755b67b9bb-c49xx
2026-08-17 02:46:54.765,0.009407619227678977,yolo-inference-755b67b9bb-6sgp9
2026-08-17 02:46:59.765,0.009560144749057644,yolo-inference-755b67b9bb-8jq9v
2026-08-17 02:46:59.765,0.01111865134757865,yolo-inference-755b67b9bb-9f28w
2026-08-17 02:46:59.765,0.01124775599926743,yolo-inference-755b67b9bb-mpvj4
2026-08-17 02:46:59.765,0.011255790769952737,yolo-inference-755b67b9bb-c49xx
2026-08-17 02:46:59.765,0.009407619227678977,yolo-inference-755b67b9bb-6sgp9
2026-08-17 02:47:04.765,0.011291472443104102,yolo-inference-755b67b9bb-mpvj4
2026-08-17 02:47:04.765,0.011123405688029858,yolo-inference-755b67b9bb-c49xx
2026-08-17 02:47:04.765,0.010998101336510184,yolo-inference-755b67b9bb-9f28w
2026-08-17 02:47:04.765,0.009338832418817973,yolo-inference-755b67b9bb-6sgp9
2026-08-17 02:47:04.765,0.00783518245140896,yolo-inference-755b67b9bb-8jq9v
2026-08-17 02:47:09.765,0.011246470653624078,yolo-inference-755b67b9bb-9f28w
2026-08-17 02:47:09.765,0.011123405688029858,yolo-inference-755b67b9bb-c49xx
2026-08-17 02:47:09.765,0.009543610407552383,yolo-inference-755b67b9bb-8jq9v
2026-08-17 02:47:09.765,0.009471353930031715,yolo-inference-755b67b9bb-6sgp9
2026-08-17 02:47:09.765,0.011323232499650776,yolo-inference-755b67b9bb-mpvj4
2026-08-17 02:47:14.765,0.011084792373269986,yolo-inference-755b67b9bb-c49xx
2026-08-17 02:47:14.765,0.011304912280701908,yolo-inference-755b67b9bb-mpvj4
2026-08-17 02:47:14.765,0.011246470653624078,yolo-inference-755b67b9bb-9f28w
2026-08-17 02:47:14.765,0.009543610407552383,yolo-inference-755b67b9bb-8jq9v
2026-08-17 02:47:14.765,0.009471353930031715,yolo-inference-755b67b9bb-6sgp9
2026-08-17 02:47:19.765,0.0062655499999998195,yolo-inference-755b67b9bb-6sgp9
2026-08-17 02:47:19.765,0.011304912280701908,yolo-inference-755b67b9bb-mpvj4
2026-08-17 02:47:19.765,0.011084792373269986,yolo-inference-755b67b9bb-c49xx
2026-08-17 02:47:19.765,0.009543610407552383,yolo-inference-755b67b9bb-8jq9v
2026-08-17 02:47:19.765,0.011299746139604137,yolo-inference-755b67b9bb-9f28w
2026-08-17 02:47:24.765,0.009018693813303925,yolo-inference-755b67b9bb-9f28w
2026-08-17 02:47:24.765,0.007877902917940905,yolo-inference-755b67b9bb-8jq9v
2026-08-17 02:47:24.765,0.01111416379382829,yolo-inference-755b67b9bb-mpvj4
2026-08-17 02:47:24.765,0.011220740195033099,yolo-inference-755b67b9bb-c49xx
2026-08-17 02:47:24.765,0.0095116299310255,yolo-inference-755b67b9bb-6sgp9
2026-08-17 02:47:29.765,0.01111416379382829,yolo-inference-755b67b9bb-mpvj4
2026-08-17 02:47:29.765,0.009465978593272206,yolo-inference-755b67b9bb-8jq9v
2026-08-17 02:47:29.765,0.0095116299310255,yolo-inference-755b67b9bb-6sgp9
2026-08-17 02:47:29.765,0.011220740195033099,yolo-inference-755b67b9bb-c49xx
2026-08-17 02:47:29.765,0.011070353134409818,yolo-inference-755b67b9bb-9f28w
2026-08-17 02:47:34.765,0.01100819996253814,yolo-inference-755b67b9bb-9f28w
2026-08-17 02:47:34.765,0.009465978593272206,yolo-inference-755b67b9bb-8jq9v
2026-08-17 02:47:34.765,0.0095116299310255,yolo-inference-755b67b9bb-6sgp9
2026-08-17 02:47:34.765,0.011146711196894202,yolo-inference-755b67b9bb-c49xx
2026-08-17 02:47:34.765,0.01111416379382829,yolo-inference-755b67b9bb-mpvj4
