timestamp,value,pod
2026-08-15 10:46:42.410070,0.0,resnet152-inference-68b6845c4d-8fkrc
2026-08-15 10:46:42.410070,0.0,resnet152-inference-68b6845c4d-47dd4
2026-08-15 10:46:42.410070,0.0,resnet152-inference-68b6845c4d-jlgk7
2026-08-15 10:46:42.410070,0.0,resnet152-inference-68b6845c4d-59p65
2026-08-15 10:46:47.414895,0.0,resnet152-inference-68b6845c4d-8fkrc
2026-08-15 10:46:47.414895,0.0,resnet152-inference-68b6845c4d-47dd4
2026-08-15 10:46:47.414895,0.0,resnet152-inference-68b6845c4d-jlgk7
2026-08-15 10:46:47.414895,0.0,resnet152-inference-68b6845c4d-59p65
2026-08-15 10:46:52.414790,0.0,resnet152-inference-68b6845c4d-8fkrc
2026-08-15 10:46:52.414790,0.0,resnet152-inference-68b6845c4d-47dd4
2026-08-15 10:46:52.414790,0.0,resnet152-inference-68b6845c4d-jlgk7
2026-08-15 10:46:52.414790,0.0,resnet152-inference-68b6845c4d-59p65
2026-08-15 10:46:57.415040,0.0,resnet152-inference-68b6845c4d-8fkrc
2026-08-15 10:46:57.415040,0.0,resnet152-inference-68b6845c4d-47dd4
2026-08-15 10:46:57.415040,0.0,resnet152-inference-68b6845c4d-jlgk7
2026-08-15 10:46:57.415040,0.0,resnet152-inference-68b6845c4d-59p65
2026-08-15 10:47:02.415027,0.0,resnet152-inference-68b6845c4d-8fkrc
2026-08-15 10:47:02.415027,0.0,resnet152-inference-68b6845c4d-47dd4
2026-08-15 10:47:02.415027,0.0,resnet152-inference-68b6845c4d-jlgk7
2026-08-15 10:47:02.415027,0.0,resnet152-inference-68b6845c4d-59p65
2026-08-15 10:47:07.415044,0.0,resnet152-inference-68b6845c4d-8fkrc
2026-08-15 10:47:07.415044,0.0,resnet152-inference-68b6845c4d-47dd4
2026-08-15 10:47:07.415044,0.0,resnet152-inference-68b6845c4d-jlgk7
2026-08-15 10:47:07.415044,0.0,resnet152-inference-68b6845c4d-59p65
2026-08-15 10:47:12.413888,0.0,resnet152-inference-68b6845c4d-8fkrc
2026-08-15 10:47:12.413888,0.0,resnet152-inference-68b6845c4d-47dd4
2026-08-15 10:47:12.413888,0.0,resnet152-inference-68b6845c4d-jlgk7
2026-08-15 10:47:12.413888,0.0,resnet152-inference-68b6845c4d-59p65
2026-08-15 10:47:17.413172,0.0,resnet152-inference-68b6845c4d-8fkrc
2026-08-15 10:47:17.413172,0.0,resnet152-inference-68b6845c4d-47dd4
2026-08-15 10:47:17.413172,0.0,resnet152-inference-68b6845c4d-jlgk7
2026-08-15 10:47:17.413172,0.0,resnet152-inference-68b6845c4d-59p65
2026-08-15 10:47:22.413626,0.0,resnet152-inference-68b6845c4d-8fkrc
2026-08-15 10:47:22.413626,0.0,resnet152-inference-68b6845c4d-47dd4
2026-08-15 10:47:22.413626,0.0,resnet152-inference-68b6845c4d-jlgk7
2026-08-15 10:47:22.413626,0.0,resnet152-inference-68b6845c4d-59p65
2026-08-15 10:47:27.412895,0.0,resnet152-inference-68b6845c4d-8fkrc
2026-08-15 10:47:27.412895,0.0,resnet152-inference-68b6845c4d-47dd4
2026-08-15 10:47:27.412895,0.0,resnet152-inference-68b6845c4d-jlgk7
2026-08-15 10:47:27.412895,0.0,resnet152-inference-68b6845c4d-59p65
2026-08-15 10:47:32.414418,0.0,resnet152-inference-68b6845c4d-8fkrc
2026-08-15 10:47:32.414418,0.0,resnet152-inference-68b6845c4d-47dd4
2026-08-15 10:47:32.414418,0.0,resnet152-inference-68b6845c4d-jlgk7
2026-08-15 10:47:32.414418,0.0,resnet152-inference-68b6845c4d-59p65
2026-08-15 10:47:37.414893,0.0,resnet152-inference-68b6845c4d-8fkrc
2026-08-15 10:47:37.414893,0.0,resnet152-inference-68b6845c4d-47dd4
2026-08-15 10:47:37.414893,0.0,resnet152-inference-68b6845c4d-jlgk7
2026-08-15 10:47:37.414893,0.0,resnet152-inference-68b6845c4d-59p65
2026-08-15 10:47:42.410504,0.0,resnet152-inference-68b6845c4d-8fkrc
2026-08-15 10:47:42.410504,0.0,resnet152-inference-68b6845c4d-47dd4
2026-08-15 10:47:42.410504,0.0,resnet152-inference-68b6845c4d-jlgk7
2026-08-15 10:47:42.410504,0.0,resnet152-inference-68b6845c4d-59p65
2026-08-15 10:47:47.415045,0.0,resnet152-inference-68b6845c4d-8fkrc
2026-08-15 10:47:47.415045,0.0,resnet152-inference-68b6845c4d-47dd4
2026-08-15 10:47:47.415045,0.0,resnet152-inference-68b6845c4d-jlgk7
2026-08-15 10:47:47.415045,0.0,resnet152-inference-68b6845c4d-59p65
2026-08-15 10:47:52.413112,0.0,resnet152-inference-68b6845c4d-8fkrc
2026-08-15 10:47:52.413112,0.0,resnet152-inference-68b6845c4d-47dd4
2026-08-15 10:47:52.413112,0.0,resnet152-inference-68b6845c4d-jlgk7
2026-08-15 10:47:52.413112,0.0,resnet152-inference-68b6845c4d-59p65
2026-08-15 10:47:57.415060,0.0,resnet152-inference-68b6845c4d-8fkrc
2026-08-15 10:47:57.415060,0.0,resnet152-inference-68b6845c4d-47dd4
2026-08-15 10:47:57.415060,0.0,resnet152-inference-68b6845c4d-jlgk7
2026-08-15 10:47:57.415060,0.0,resnet152-inference-68b6845c4d-59p65
2026-08-15 10:48:02.413329,0.0,resnet152-inference-68b6845c4d-8fkrc
2026-08-15 10:48:02.413329,0.0,resnet152-inference-68b6845c4d-47dd4
2026-08-15 10:48:02.413329,0.0,resnet152-inference-68b6845c4d-jlgk7
2026-08-15 10:48:02.413329,0.0,resnet152-inference-68b6845c4d-59p65
2026-08-15 10:48:07.413450,0.0,resnet152-inference-68b6845c4d-8fkrc
2026-08-15 10:48:07.413450,0.0,resnet152-inference-68b6845c4d-47dd4
2026-08-15 10:48:07.413450,0.0,resnet152-inference-68b6845c4d-jlgk7
2026-08-15 10:48:07.413450,0.0,resnet152-inference-68b6845c4d-59p65
2026-08-15 10:48:12.415156,0.0,resnet152-inference-68b6845c4d-8fkrc
2026-08-15 10:48:12.415156,0.0,resnet152-inference-68b6845c4d-47dd4
2026-08-15 10:48:12.415156,0.0,resnet152-inference-68b6845c4d-jlgk7
2026-08-15 10:48:12.415156,0.0,resnet152-inference-68b6845c4d-59p65
2026-08-15 10:48:17.414004,0.0,resnet152-inference-68b6845c4d-8fkrc
2026-08-15 10:48:17.414004,0.0,resnet152-inference-68b6845c4d-47dd4
2026-08-15 10:48:17.414004,0.0,resnet152-inference-68b6845c4d-jlgk7
2026-08-15 10:48:17.414004,0.0,resnet152-inference-68b6845c4d-59p65
2026-08-15 10:48:22.415122,0.0,resnet152-inference-68b6845c4d-8fkrc
2026-08-15 10:48:22.415122,0.0,resnet152-inference-68b6845c4d-47dd4
2026-08-15 10:48:22.415122,0.0,resnet152-inference-68b6845c4d-jlgk7
2026-08-15 10:48:22.415122,0.0,resnet152-inference-68b6845c4d-59p65
2026-08-15 10:48:27.414880,0.0,resnet152-inference-68b6845c4d-8fkrc
2026-08-15 10:48:27.414880,0.0,resnet152-inference-68b6845c4d-47dd4
2026-08-15 10:48:27.414880,0.0,resnet152-inference-68b6845c4d-jlgk7
2026-08-15 10:48:27.414880,0.0,resnet152-inference-68b6845c4d-59p65
2026-08-15 10:48:32.415118,0.0,resnet152-inference-68b6845c4d-8fkrc
2026-08-15 10:48:32.415118,0.0,resnet152-inference-68b6845c4d-47dd4
2026-08-15 10:48:32.415118,0.0,resnet152-inference-68b6845c4d-jlgk7
2026-08-15 10:48:32.415118,0.0,resnet152-inference-68b6845c4d-59p65
2026-08-15 10:48:37.410965,0.0,resnet152-inference-68b6845c4d-8fkrc
2026-08-15 10:48:37.410965,0.0,resnet152-inference-68b6845c4d-47dd4
2026-08-15 10:48:37.410965,0.0,resnet152-inference-68b6845c4d-jlgk7
2026-08-15 10:48:37.410965,0.0,resnet152-inference-68b6845c4d-59p65
2026-08-15 10:48:42.415099,0.0,resnet152-inference-68b6845c4d-8fkrc
2026-08-15 10:48:42.415099,0.0,resnet152-inference-68b6845c4d-47dd4
2026-08-15 10:48:42.415099,0.0,resnet152-inference-68b6845c4d-jlgk7
2026-08-15 10:48:42.415099,0.0,resnet152-inference-68b6845c4d-59p65
2026-08-15 10:48:47.415064,0.0,resnet152-inference-68b6845c4d-8fkrc
2026-08-15 10:48:47.415064,0.0,resnet152-inference-68b6845c4d-47dd4
2026-08-15 10:48:47.415064,0.0,resnet152-inference-68b6845c4d-jlgk7
2026-08-15 10:48:47.415064,0.0,resnet152-inference-68b6845c4d-59p65
2026-08-15 10:48:52.412844,0.0,resnet152-inference-68b6845c4d-8fkrc
2026-08-15 10:48:52.412844,0.0,resnet152-inference-68b6845c4d-47dd4
2026-08-15 10:48:52.412844,0.0,resnet152-inference-68b6845c4d-jlgk7
2026-08-15 10:48:52.412844,0.0,resnet152-inference-68b6845c4d-59p65
2026-08-15 10:48:57.413122,0.0,resnet152-inference-68b6845c4d-8fkrc
2026-08-15 10:48:57.413122,0.0,resnet152-inference-68b6845c4d-47dd4
2026-08-15 10:48:57.413122,0.0,resnet152-inference-68b6845c4d-jlgk7
2026-08-15 10:48:57.413122,0.0,resnet152-inference-68b6845c4d-59p65
2026-08-15 10:49:02.412989,0.0,resnet152-inference-68b6845c4d-8fkrc
2026-08-15 10:49:02.412989,0.0,resnet152-inference-68b6845c4d-47dd4
2026-08-15 10:49:02.412989,0.0,resnet152-inference-68b6845c4d-jlgk7
2026-08-15 10:49:02.412989,0.0,resnet152-inference-68b6845c4d-59p65
2026-08-15 10:49:07.414893,0.0,resnet152-inference-68b6845c4d-8fkrc
2026-08-15 10:49:07.414893,0.0,resnet152-inference-68b6845c4d-47dd4
2026-08-15 10:49:07.414893,0.0,resnet152-inference-68b6845c4d-jlgk7
2026-08-15 10:49:07.414893,0.0,resnet152-inference-68b6845c4d-59p65
2026-08-15 10:49:12.415050,0.0,resnet152-inference-68b6845c4d-8fkrc
2026-08-15 10:49:12.415050,0.0,resnet152-inference-68b6845c4d-47dd4
2026-08-15 10:49:12.415050,0.0,resnet152-inference-68b6845c4d-jlgk7
2026-08-15 10:49:12.415050,0.0,resnet152-inference-68b6845c4d-59p65
2026-08-15 10:49:17.415038,0.0,resnet152-inference-68b6845c4d-8fkrc
2026-08-15 10:49:17.415038,0.0,resnet152-inference-68b6845c4d-47dd4
2026-08-15 10:49:17.415038,0.0,resnet152-inference-68b6845c4d-jlgk7
2026-08-15 10:49:17.415038,0.0,resnet152-inference-68b6845c4d-59p65
2026-08-15 10:49:22.411618,0.0,resnet152-inference-68b6845c4d-8fkrc
2026-08-15 10:49:22.411618,0.0,resnet152-inference-68b6845c4d-47dd4
2026-08-15 10:49:22.411618,0.0,resnet152-inference-68b6845c4d-jlgk7
2026-08-15 10:49:22.411618,0.0,resnet152-inference-68b6845c4d-59p65
2026-08-15 10:49:27.413811,0.0,resnet152-inference-68b6845c4d-8fkrc
2026-08-15 10:49:27.413811,0.0,resnet152-inference-68b6845c4d-47dd4
2026-08-15 10:49:27.413811,0.0,resnet152-inference-68b6845c4d-jlgk7
2026-08-15 10:49:27.413811,0.0,resnet152-inference-68b6845c4d-59p65
2026-08-15 10:49:32.415045,0.0,resnet152-inference-68b6845c4d-8fkrc
2026-08-15 10:49:32.415045,0.0,resnet152-inference-68b6845c4d-47dd4
2026-08-15 10:49:32.415045,0.0,resnet152-inference-68b6845c4d-jlgk7
2026-08-15 10:49:32.415045,0.0,resnet152-inference-68b6845c4d-59p65
2026-08-15 10:49:37.414893,0.0,resnet152-inference-68b6845c4d-8fkrc
2026-08-15 10:49:37.414893,0.0,resnet152-inference-68b6845c4d-47dd4
2026-08-15 10:49:37.414893,0.0,resnet152-inference-68b6845c4d-jlgk7
2026-08-15 10:49:37.414893,0.0,resnet152-inference-68b6845c4d-59p65
2026-08-15 10:49:42.412971,0.0,resnet152-inference-68b6845c4d-8fkrc
2026-08-15 10:49:42.412971,0.0,resnet152-inference-68b6845c4d-47dd4
2026-08-15 10:49:42.412971,0.0,resnet152-inference-68b6845c4d-jlgk7
2026-08-15 10:49:42.412971,0.0,resnet152-inference-68b6845c4d-59p65
2026-08-15 10:49:47.415074,0.0,resnet152-inference-68b6845c4d-8fkrc
2026-08-15 10:49:47.415074,0.0,resnet152-inference-68b6845c4d-47dd4
2026-08-15 10:49:47.415074,0.0,resnet152-inference-68b6845c4d-jlgk7
2026-08-15 10:49:47.415074,0.0,resnet152-inference-68b6845c4d-59p65
2026-08-15 10:49:52.411192,0.0,resnet152-inference-68b6845c4d-8fkrc
2026-08-15 10:49:52.411192,0.0,resnet152-inference-68b6845c4d-47dd4
2026-08-15 10:49:52.411192,0.0,resnet152-inference-68b6845c4d-jlgk7
2026-08-15 10:49:52.411192,0.0,resnet152-inference-68b6845c4d-59p65
2026-08-15 10:49:57.414932,0.0,resnet152-inference-68b6845c4d-8fkrc
2026-08-15 10:49:57.414932,0.0,resnet152-inference-68b6845c4d-47dd4
2026-08-15 10:49:57.414932,0.0,resnet152-inference-68b6845c4d-jlgk7
2026-08-15 10:49:57.414932,0.0,resnet152-inference-68b6845c4d-59p65
2026-08-15 10:50:02.415048,0.0,resnet152-inference-68b6845c4d-8fkrc
2026-08-15 10:50:02.415048,0.0,resnet152-inference-68b6845c4d-47dd4
2026-08-15 10:50:02.415048,0.0,resnet152-inference-68b6845c4d-jlgk7
2026-08-15 10:50:02.415048,0.0,resnet152-inference-68b6845c4d-59p65
2026-08-15 10:50:07.414173,0.0,resnet152-inference-68b6845c4d-8fkrc
2026-08-15 10:50:07.414173,0.0,resnet152-inference-68b6845c4d-47dd4
2026-08-15 10:50:07.414173,0.0,resnet152-inference-68b6845c4d-jlgk7
2026-08-15 10:50:07.414173,0.0,resnet152-inference-68b6845c4d-59p65
2026-08-15 10:50:12.415089,0.0,resnet152-inference-68b6845c4d-8fkrc
2026-08-15 10:50:12.415089,0.0,resnet152-inference-68b6845c4d-47dd4
2026-08-15 10:50:12.415089,0.0,resnet152-inference-68b6845c4d-jlgk7
2026-08-15 10:50:12.415089,0.0,resnet152-inference-68b6845c4d-59p65
2026-08-15 10:50:17.413389,0.0,resnet152-inference-68b6845c4d-8fkrc
2026-08-15 10:50:17.413389,0.0,resnet152-inference-68b6845c4d-47dd4
2026-08-15 10:50:17.413389,0.0,resnet152-inference-68b6845c4d-jlgk7
2026-08-15 10:50:17.413389,0.0,resnet152-inference-68b6845c4d-59p65
2026-08-15 10:50:22.415049,0.0,resnet152-inference-68b6845c4d-8fkrc
2026-08-15 10:50:22.415049,0.0,resnet152-inference-68b6845c4d-47dd4
2026-08-15 10:50:22.415049,0.0,resnet152-inference-68b6845c4d-jlgk7
2026-08-15 10:50:22.415049,0.0,resnet152-inference-68b6845c4d-59p65
2026-08-15 10:50:27.413223,0.0,resnet152-inference-68b6845c4d-8fkrc
2026-08-15 10:50:27.413223,0.0,resnet152-inference-68b6845c4d-47dd4
2026-08-15 10:50:27.413223,0.0,resnet152-inference-68b6845c4d-jlgk7
2026-08-15 10:50:27.413223,0.0,resnet152-inference-68b6845c4d-59p65
2026-08-15 10:50:32.415051,0.0,resnet152-inference-68b6845c4d-8fkrc
2026-08-15 10:50:32.415051,0.0,resnet152-inference-68b6845c4d-47dd4
2026-08-15 10:50:32.415051,0.0,resnet152-inference-68b6845c4d-jlgk7
2026-08-15 10:50:32.415051,0.0,resnet152-inference-68b6845c4d-59p65
2026-08-15 10:50:37.413319,0.0,resnet152-inference-68b6845c4d-8fkrc
2026-08-15 10:50:37.413319,0.0,resnet152-inference-68b6845c4d-47dd4
2026-08-15 10:50:37.413319,0.0,resnet152-inference-68b6845c4d-jlgk7
2026-08-15 10:50:37.413319,0.0,resnet152-inference-68b6845c4d-59p65
2026-08-15 10:50:42.413449,0.0,resnet152-inference-68b6845c4d-8fkrc
2026-08-15 10:50:42.413449,0.0,resnet152-inference-68b6845c4d-47dd4
2026-08-15 10:50:42.413449,0.0,resnet152-inference-68b6845c4d-jlgk7
2026-08-15 10:50:42.413449,0.0,resnet152-inference-68b6845c4d-59p65
2026-08-15 10:50:47.413778,0.0,resnet152-inference-68b6845c4d-8fkrc
2026-08-15 10:50:47.413778,0.0,resnet152-inference-68b6845c4d-47dd4
2026-08-15 10:50:47.413778,0.0,resnet152-inference-68b6845c4d-jlgk7
2026-08-15 10:50:47.413778,0.0,resnet152-inference-68b6845c4d-59p65
2026-08-15 10:50:52.413232,0.0,resnet152-inference-68b6845c4d-8fkrc
2026-08-15 10:50:52.413232,0.0,resnet152-inference-68b6845c4d-47dd4
2026-08-15 10:50:52.413232,0.0,resnet152-inference-68b6845c4d-jlgk7
2026-08-15 10:50:52.413232,0.0,resnet152-inference-68b6845c4d-59p65
2026-08-15 10:50:57.413609,0.0,resnet152-inference-68b6845c4d-8fkrc
2026-08-15 10:50:57.413609,0.0,resnet152-inference-68b6845c4d-47dd4
2026-08-15 10:50:57.413609,0.0,resnet152-inference-68b6845c4d-jlgk7
2026-08-15 10:50:57.413609,0.0,resnet152-inference-68b6845c4d-59p65
2026-08-15 10:51:02.414878,0.0,resnet152-inference-68b6845c4d-8fkrc
2026-08-15 10:51:02.414878,0.0,resnet152-inference-68b6845c4d-47dd4
2026-08-15 10:51:02.414878,0.0,resnet152-inference-68b6845c4d-jlgk7
2026-08-15 10:51:02.414878,0.0,resnet152-inference-68b6845c4d-59p65
2026-08-15 10:51:07.413237,0.0,resnet152-inference-68b6845c4d-8fkrc
2026-08-15 10:51:07.413237,0.0,resnet152-inference-68b6845c4d-47dd4
2026-08-15 10:51:07.413237,0.0,resnet152-inference-68b6845c4d-jlgk7
2026-08-15 10:51:07.413237,0.0,resnet152-inference-68b6845c4d-59p65
2026-08-15 10:51:12.415123,0.0,resnet152-inference-68b6845c4d-8fkrc
2026-08-15 10:51:12.415123,0.0,resnet152-inference-68b6845c4d-47dd4
2026-08-15 10:51:12.415123,0.0,resnet152-inference-68b6845c4d-jlgk7
2026-08-15 10:51:12.415123,0.0,resnet152-inference-68b6845c4d-59p65
2026-08-15 10:51:17.414430,0.0,resnet152-inference-68b6845c4d-8fkrc
2026-08-15 10:51:17.414430,0.0,resnet152-inference-68b6845c4d-47dd4
2026-08-15 10:51:17.414430,0.0,resnet152-inference-68b6845c4d-jlgk7
2026-08-15 10:51:17.414430,0.0,resnet152-inference-68b6845c4d-59p65
2026-08-15 10:51:22.415049,0.0,resnet152-inference-68b6845c4d-8fkrc
2026-08-15 10:51:22.415049,0.0,resnet152-inference-68b6845c4d-47dd4
2026-08-15 10:51:22.415049,0.0,resnet152-inference-68b6845c4d-jlgk7
2026-08-15 10:51:22.415049,0.0,resnet152-inference-68b6845c4d-59p65
2026-08-15 10:51:27.415050,0.0,resnet152-inference-68b6845c4d-8fkrc
2026-08-15 10:51:27.415050,0.0,resnet152-inference-68b6845c4d-47dd4
2026-08-15 10:51:27.415050,0.0,resnet152-inference-68b6845c4d-jlgk7
2026-08-15 10:51:27.415050,0.0,resnet152-inference-68b6845c4d-59p65
2026-08-15 10:51:32.414896,0.0,resnet152-inference-68b6845c4d-8fkrc
2026-08-15 10:51:32.414896,0.0,resnet152-inference-68b6845c4d-47dd4
2026-08-15 10:51:32.414896,0.0,resnet152-inference-68b6845c4d-jlgk7
2026-08-15 10:51:32.414896,0.0,resnet152-inference-68b6845c4d-59p65
2026-08-15 10:51:37.415083,0.0,resnet152-inference-68b6845c4d-8fkrc
2026-08-15 10:51:37.415083,0.0,resnet152-inference-68b6845c4d-47dd4
2026-08-15 10:51:37.415083,0.0,resnet152-inference-68b6845c4d-jlgk7
2026-08-15 10:51:37.415083,0.0,resnet152-inference-68b6845c4d-59p65
2026-08-15 10:51:42.411652,0.0,resnet152-inference-68b6845c4d-8fkrc
2026-08-15 10:51:42.411652,0.0,resnet152-inference-68b6845c4d-47dd4
2026-08-15 10:51:42.411652,0.0,resnet152-inference-68b6845c4d-jlgk7
2026-08-15 10:51:42.411652,0.0,resnet152-inference-68b6845c4d-59p65
2026-08-15 10:51:47.415037,0.0,resnet152-inference-68b6845c4d-8fkrc
2026-08-15 10:51:47.415037,0.0,resnet152-inference-68b6845c4d-47dd4
2026-08-15 10:51:47.415037,0.0,resnet152-inference-68b6845c4d-jlgk7
2026-08-15 10:51:47.415037,0.0,resnet152-inference-68b6845c4d-59p65
2026-08-15 10:51:52.415051,0.0,resnet152-inference-68b6845c4d-8fkrc
2026-08-15 10:51:52.415051,0.0,resnet152-inference-68b6845c4d-47dd4
2026-08-15 10:51:52.415051,0.0,resnet152-inference-68b6845c4d-jlgk7
2026-08-15 10:51:52.415051,0.0,resnet152-inference-68b6845c4d-59p65
2026-08-15 10:51:57.415041,0.0,resnet152-inference-68b6845c4d-8fkrc
2026-08-15 10:51:57.415041,0.0,resnet152-inference-68b6845c4d-47dd4
2026-08-15 10:51:57.415041,0.0,resnet152-inference-68b6845c4d-jlgk7
2026-08-15 10:51:57.415041,0.0,resnet152-inference-68b6845c4d-59p65
2026-08-15 10:52:02.415107,0.0,resnet152-inference-68b6845c4d-8fkrc
2026-08-15 10:52:02.415107,0.0,resnet152-inference-68b6845c4d-47dd4
2026-08-15 10:52:02.415107,0.0,resnet152-inference-68b6845c4d-jlgk7
2026-08-15 10:52:02.415107,0.0,resnet152-inference-68b6845c4d-59p65
2026-08-15 10:52:07.414125,0.0,resnet152-inference-68b6845c4d-8fkrc
2026-08-15 10:52:07.414125,0.0,resnet152-inference-68b6845c4d-47dd4
2026-08-15 10:52:07.414125,0.0,resnet152-inference-68b6845c4d-jlgk7
2026-08-15 10:52:07.414125,0.0,resnet152-inference-68b6845c4d-59p65
2026-08-15 10:52:12.415057,0.0,resnet152-inference-68b6845c4d-8fkrc
2026-08-15 10:52:12.415057,0.0,resnet152-inference-68b6845c4d-47dd4
2026-08-15 10:52:12.415057,0.0,resnet152-inference-68b6845c4d-jlgk7
2026-08-15 10:52:12.415057,0.0,resnet152-inference-68b6845c4d-59p65
2026-08-15 10:52:17.412703,0.0,resnet152-inference-68b6845c4d-8fkrc
2026-08-15 10:52:17.412703,0.0,resnet152-inference-68b6845c4d-47dd4
2026-08-15 10:52:17.412703,0.0,resnet152-inference-68b6845c4d-jlgk7
2026-08-15 10:52:17.412703,0.0,resnet152-inference-68b6845c4d-59p65
2026-08-15 10:52:22.413233,0.0,resnet152-inference-68b6845c4d-8fkrc
2026-08-15 10:52:22.413233,0.0,resnet152-inference-68b6845c4d-47dd4
2026-08-15 10:52:22.413233,0.0,resnet152-inference-68b6845c4d-jlgk7
2026-08-15 10:52:22.413233,0.0,resnet152-inference-68b6845c4d-59p65
2026-08-15 10:52:27.415041,0.0,resnet152-inference-68b6845c4d-8fkrc
2026-08-15 10:52:27.415041,0.0,resnet152-inference-68b6845c4d-47dd4
2026-08-15 10:52:27.415041,0.0,resnet152-inference-68b6845c4d-jlgk7
2026-08-15 10:52:27.415041,0.0,resnet152-inference-68b6845c4d-59p65
2026-08-15 10:52:32.415062,0.0,resnet152-inference-68b6845c4d-8fkrc
2026-08-15 10:52:32.415062,0.0,resnet152-inference-68b6845c4d-47dd4
2026-08-15 10:52:32.415062,0.0,resnet152-inference-68b6845c4d-jlgk7
2026-08-15 10:52:32.415062,0.0,resnet152-inference-68b6845c4d-59p65
2026-08-15 10:52:37.413353,0.0,resnet152-inference-68b6845c4d-8fkrc
2026-08-15 10:52:37.413353,0.0,resnet152-inference-68b6845c4d-47dd4
2026-08-15 10:52:37.413353,0.0,resnet152-inference-68b6845c4d-jlgk7
2026-08-15 10:52:37.413353,0.0,resnet152-inference-68b6845c4d-59p65
2026-08-15 10:52:42.415065,0.0,resnet152-inference-68b6845c4d-8fkrc
2026-08-15 10:52:42.415065,0.0,resnet152-inference-68b6845c4d-47dd4
2026-08-15 10:52:42.415065,0.0,resnet152-inference-68b6845c4d-jlgk7
2026-08-15 10:52:42.415065,0.0,resnet152-inference-68b6845c4d-59p65
2026-08-15 10:52:47.415097,0.0,resnet152-inference-68b6845c4d-8fkrc
2026-08-15 10:52:47.415097,0.0,resnet152-inference-68b6845c4d-47dd4
2026-08-15 10:52:47.415097,0.0,resnet152-inference-68b6845c4d-jlgk7
2026-08-15 10:52:47.415097,0.0,resnet152-inference-68b6845c4d-59p65
2026-08-15 10:52:52.411683,0.0,resnet152-inference-68b6845c4d-8fkrc
2026-08-15 10:52:52.411683,0.0,resnet152-inference-68b6845c4d-47dd4
2026-08-15 10:52:52.411683,0.0,resnet152-inference-68b6845c4d-jlgk7
2026-08-15 10:52:52.411683,0.0,resnet152-inference-68b6845c4d-59p65
2026-08-15 10:52:57.413612,0.0,resnet152-inference-68b6845c4d-8fkrc
2026-08-15 10:52:57.413612,0.0,resnet152-inference-68b6845c4d-47dd4
2026-08-15 10:52:57.413612,0.0,resnet152-inference-68b6845c4d-jlgk7
2026-08-15 10:52:57.413612,0.0,resnet152-inference-68b6845c4d-59p65
2026-08-15 10:53:02.412767,0.0,resnet152-inference-68b6845c4d-8fkrc
2026-08-15 10:53:02.412767,0.0,resnet152-inference-68b6845c4d-47dd4
2026-08-15 10:53:02.412767,0.0,resnet152-inference-68b6845c4d-jlgk7
2026-08-15 10:53:02.412767,0.0,resnet152-inference-68b6845c4d-59p65
2026-08-15 10:53:07.413297,0.0,resnet152-inference-68b6845c4d-8fkrc
2026-08-15 10:53:07.413297,0.0,resnet152-inference-68b6845c4d-47dd4
2026-08-15 10:53:07.413297,0.0,resnet152-inference-68b6845c4d-jlgk7
2026-08-15 10:53:07.413297,0.0,resnet152-inference-68b6845c4d-59p65
2026-08-15 10:53:12.412879,0.0,resnet152-inference-68b6845c4d-8fkrc
2026-08-15 10:53:12.412879,0.0,resnet152-inference-68b6845c4d-47dd4
2026-08-15 10:53:12.412879,0.0,resnet152-inference-68b6845c4d-jlgk7
2026-08-15 10:53:12.412879,0.0,resnet152-inference-68b6845c4d-59p65
2026-08-15 10:53:17.415083,0.0,resnet152-inference-68b6845c4d-8fkrc
2026-08-15 10:53:17.415083,0.0,resnet152-inference-68b6845c4d-47dd4
2026-08-15 10:53:17.415083,0.0,resnet152-inference-68b6845c4d-jlgk7
2026-08-15 10:53:17.415083,0.0,resnet152-inference-68b6845c4d-59p65
2026-08-15 10:53:22.413850,0.0,resnet152-inference-68b6845c4d-8fkrc
2026-08-15 10:53:22.413850,0.0,resnet152-inference-68b6845c4d-47dd4
2026-08-15 10:53:22.413850,0.0,resnet152-inference-68b6845c4d-jlgk7
2026-08-15 10:53:22.413850,0.0,resnet152-inference-68b6845c4d-59p65
2026-08-15 10:53:27.412933,0.0,resnet152-inference-68b6845c4d-8fkrc
2026-08-15 10:53:27.412933,0.0,resnet152-inference-68b6845c4d-47dd4
2026-08-15 10:53:27.412933,0.0,resnet152-inference-68b6845c4d-jlgk7
2026-08-15 10:53:27.412933,0.0,resnet152-inference-68b6845c4d-59p65
2026-08-15 10:53:32.413566,0.0,resnet152-inference-68b6845c4d-8fkrc
2026-08-15 10:53:32.413566,0.0,resnet152-inference-68b6845c4d-47dd4
2026-08-15 10:53:32.413566,0.0,resnet152-inference-68b6845c4d-jlgk7
2026-08-15 10:53:32.413566,0.0,resnet152-inference-68b6845c4d-59p65
2026-08-15 10:53:37.413431,0.0,resnet152-inference-68b6845c4d-8fkrc
2026-08-15 10:53:37.413431,0.0,resnet152-inference-68b6845c4d-47dd4
2026-08-15 10:53:37.413431,0.0,resnet152-inference-68b6845c4d-jlgk7
2026-08-15 10:53:37.413431,0.0,resnet152-inference-68b6845c4d-59p65
2026-08-15 10:53:42.413361,0.0,resnet152-inference-68b6845c4d-8fkrc
2026-08-15 10:53:42.413361,0.0,resnet152-inference-68b6845c4d-47dd4
2026-08-15 10:53:42.413361,0.0,resnet152-inference-68b6845c4d-jlgk7
2026-08-15 10:53:42.413361,0.0,resnet152-inference-68b6845c4d-59p65
2026-08-15 10:53:47.415065,0.0,resnet152-inference-68b6845c4d-8fkrc
2026-08-15 10:53:47.415065,0.0,resnet152-inference-68b6845c4d-47dd4
2026-08-15 10:53:47.415065,0.0,resnet152-inference-68b6845c4d-jlgk7
2026-08-15 10:53:47.415065,0.0,resnet152-inference-68b6845c4d-59p65
2026-08-15 10:53:52.415053,0.0,resnet152-inference-68b6845c4d-8fkrc
2026-08-15 10:53:52.415053,0.0,resnet152-inference-68b6845c4d-47dd4
2026-08-15 10:53:52.415053,0.0,resnet152-inference-68b6845c4d-jlgk7
2026-08-15 10:53:52.415053,0.0,resnet152-inference-68b6845c4d-59p65
2026-08-15 10:53:57.410508,0.0,resnet152-inference-68b6845c4d-8fkrc
2026-08-15 10:53:57.410508,0.0,resnet152-inference-68b6845c4d-47dd4
2026-08-15 10:53:57.410508,0.0,resnet152-inference-68b6845c4d-jlgk7
2026-08-15 10:53:57.410508,0.0,resnet152-inference-68b6845c4d-59p65
2026-08-15 10:54:02.412662,0.0,resnet152-inference-68b6845c4d-8fkrc
2026-08-15 10:54:02.412662,0.0,resnet152-inference-68b6845c4d-47dd4
2026-08-15 10:54:02.412662,0.0,resnet152-inference-68b6845c4d-jlgk7
2026-08-15 10:54:02.412662,0.0,resnet152-inference-68b6845c4d-59p65
2026-08-15 10:54:07.413018,0.0,resnet152-inference-68b6845c4d-8fkrc
2026-08-15 10:54:07.413018,0.0,resnet152-inference-68b6845c4d-47dd4
2026-08-15 10:54:07.413018,0.0,resnet152-inference-68b6845c4d-jlgk7
2026-08-15 10:54:07.413018,0.0,resnet152-inference-68b6845c4d-59p65
2026-08-15 10:54:12.413882,0.0,resnet152-inference-68b6845c4d-8fkrc
2026-08-15 10:54:12.413882,0.0,resnet152-inference-68b6845c4d-47dd4
2026-08-15 10:54:12.413882,0.0,resnet152-inference-68b6845c4d-jlgk7
2026-08-15 10:54:12.413882,0.0,resnet152-inference-68b6845c4d-59p65
2026-08-15 10:54:17.414470,0.0,resnet152-inference-68b6845c4d-8fkrc
2026-08-15 10:54:17.414470,0.0,resnet152-inference-68b6845c4d-47dd4
2026-08-15 10:54:17.414470,0.0,resnet152-inference-68b6845c4d-jlgk7
2026-08-15 10:54:17.414470,0.0,resnet152-inference-68b6845c4d-59p65
2026-08-15 10:54:22.415049,0.0,resnet152-inference-68b6845c4d-8fkrc
2026-08-15 10:54:22.415049,0.0,resnet152-inference-68b6845c4d-47dd4
2026-08-15 10:54:22.415049,0.0,resnet152-inference-68b6845c4d-jlgk7
2026-08-15 10:54:22.415049,0.0,resnet152-inference-68b6845c4d-59p65
2026-08-15 10:54:27.414895,0.0,resnet152-inference-68b6845c4d-8fkrc
2026-08-15 10:54:27.414895,0.0,resnet152-inference-68b6845c4d-47dd4
2026-08-15 10:54:27.414895,0.0,resnet152-inference-68b6845c4d-jlgk7
2026-08-15 10:54:27.414895,0.0,resnet152-inference-68b6845c4d-59p65
2026-08-15 10:54:32.414291,0.0,resnet152-inference-68b6845c4d-8fkrc
2026-08-15 10:54:32.414291,0.0,resnet152-inference-68b6845c4d-47dd4
2026-08-15 10:54:32.414291,0.0,resnet152-inference-68b6845c4d-jlgk7
2026-08-15 10:54:32.414291,0.0,resnet152-inference-68b6845c4d-59p65
2026-08-15 10:54:37.414193,0.0,resnet152-inference-68b6845c4d-8fkrc
2026-08-15 10:54:37.414193,0.0,resnet152-inference-68b6845c4d-47dd4
2026-08-15 10:54:37.414193,0.0,resnet152-inference-68b6845c4d-jlgk7
2026-08-15 10:54:37.414193,0.0,resnet152-inference-68b6845c4d-59p65
2026-08-15 10:54:42.410742,0.0,resnet152-inference-68b6845c4d-8fkrc
2026-08-15 10:54:42.410742,0.0,resnet152-inference-68b6845c4d-47dd4
2026-08-15 10:54:42.410742,0.0,resnet152-inference-68b6845c4d-jlgk7
2026-08-15 10:54:42.410742,0.0,resnet152-inference-68b6845c4d-59p65
2026-08-15 10:54:47.413352,0.0,resnet152-inference-68b6845c4d-8fkrc
2026-08-15 10:54:47.413352,0.0,resnet152-inference-68b6845c4d-47dd4
2026-08-15 10:54:47.413352,0.0,resnet152-inference-68b6845c4d-jlgk7
2026-08-15 10:54:47.413352,0.0,resnet152-inference-68b6845c4d-59p65
2026-08-15 10:54:52.415057,0.0,resnet152-inference-68b6845c4d-8fkrc
2026-08-15 10:54:52.415057,0.0,resnet152-inference-68b6845c4d-47dd4
2026-08-15 10:54:52.415057,0.0,resnet152-inference-68b6845c4d-jlgk7
2026-08-15 10:54:52.415057,0.0,resnet152-inference-68b6845c4d-59p65
2026-08-15 10:54:57.415068,0.0,resnet152-inference-68b6845c4d-8fkrc
2026-08-15 10:54:57.415068,0.0,resnet152-inference-68b6845c4d-47dd4
2026-08-15 10:54:57.415068,0.0,resnet152-inference-68b6845c4d-jlgk7
2026-08-15 10:54:57.415068,0.0,resnet152-inference-68b6845c4d-59p65
2026-08-15 10:55:02.415040,0.0,resnet152-inference-68b6845c4d-8fkrc
2026-08-15 10:55:02.415040,0.0,resnet152-inference-68b6845c4d-47dd4
2026-08-15 10:55:02.415040,0.0,resnet152-inference-68b6845c4d-jlgk7
2026-08-15 10:55:02.415040,0.0,resnet152-inference-68b6845c4d-59p65
2026-08-15 10:55:07.415048,0.0,resnet152-inference-68b6845c4d-8fkrc
2026-08-15 10:55:07.415048,0.0,resnet152-inference-68b6845c4d-47dd4
2026-08-15 10:55:07.415048,0.0,resnet152-inference-68b6845c4d-jlgk7
2026-08-15 10:55:07.415048,0.0,resnet152-inference-68b6845c4d-59p65
2026-08-15 10:55:12.415048,0.0,resnet152-inference-68b6845c4d-8fkrc
2026-08-15 10:55:12.415048,0.0,resnet152-inference-68b6845c4d-47dd4
2026-08-15 10:55:12.415048,0.0,resnet152-inference-68b6845c4d-jlgk7
2026-08-15 10:55:12.415048,0.0,resnet152-inference-68b6845c4d-59p65
2026-08-15 10:55:17.415054,0.0,resnet152-inference-68b6845c4d-8fkrc
2026-08-15 10:55:17.415054,0.0,resnet152-inference-68b6845c4d-47dd4
2026-08-15 10:55:17.415054,0.0,resnet152-inference-68b6845c4d-jlgk7
2026-08-15 10:55:17.415054,0.0,resnet152-inference-68b6845c4d-59p65
2026-08-15 10:55:22.413541,0.0,resnet152-inference-68b6845c4d-8fkrc
2026-08-15 10:55:22.413541,0.0,resnet152-inference-68b6845c4d-47dd4
2026-08-15 10:55:22.413541,0.0,resnet152-inference-68b6845c4d-jlgk7
2026-08-15 10:55:22.413541,0.0,resnet152-inference-68b6845c4d-59p65
2026-08-15 10:55:27.415029,0.0,resnet152-inference-68b6845c4d-8fkrc
2026-08-15 10:55:27.415029,0.0,resnet152-inference-68b6845c4d-47dd4
2026-08-15 10:55:27.415029,0.0,resnet152-inference-68b6845c4d-jlgk7
2026-08-15 10:55:27.415029,0.0,resnet152-inference-68b6845c4d-59p65
2026-08-15 10:55:32.413663,0.0,resnet152-inference-68b6845c4d-8fkrc
2026-08-15 10:55:32.413663,0.0,resnet152-inference-68b6845c4d-47dd4
2026-08-15 10:55:32.413663,0.0,resnet152-inference-68b6845c4d-jlgk7
2026-08-15 10:55:32.413663,0.0,resnet152-inference-68b6845c4d-59p65
2026-08-15 10:55:37.413351,0.0,resnet152-inference-68b6845c4d-8fkrc
2026-08-15 10:55:37.413351,0.0,resnet152-inference-68b6845c4d-47dd4
2026-08-15 10:55:37.413351,0.0,resnet152-inference-68b6845c4d-jlgk7
2026-08-15 10:55:37.413351,0.0,resnet152-inference-68b6845c4d-59p65
2026-08-15 10:55:42.412412,0.0,resnet152-inference-68b6845c4d-8fkrc
2026-08-15 10:55:42.412412,0.0,resnet152-inference-68b6845c4d-47dd4
2026-08-15 10:55:42.412412,0.0,resnet152-inference-68b6845c4d-jlgk7
2026-08-15 10:55:42.412412,0.0,resnet152-inference-68b6845c4d-59p65
2026-08-15 10:55:47.412381,0.0,resnet152-inference-68b6845c4d-8fkrc
2026-08-15 10:55:47.412381,0.0,resnet152-inference-68b6845c4d-47dd4
2026-08-15 10:55:47.412381,0.0,resnet152-inference-68b6845c4d-jlgk7
2026-08-15 10:55:47.412381,0.0,resnet152-inference-68b6845c4d-59p65
2026-08-15 10:55:52.413717,0.0,resnet152-inference-68b6845c4d-8fkrc
2026-08-15 10:55:52.413717,0.0,resnet152-inference-68b6845c4d-47dd4
2026-08-15 10:55:52.413717,0.0,resnet152-inference-68b6845c4d-jlgk7
2026-08-15 10:55:52.413717,0.0,resnet152-inference-68b6845c4d-59p65
2026-08-15 10:55:57.415049,0.0,resnet152-inference-68b6845c4d-8fkrc
2026-08-15 10:55:57.415049,0.0,resnet152-inference-68b6845c4d-47dd4
2026-08-15 10:55:57.415049,0.0,resnet152-inference-68b6845c4d-jlgk7
2026-08-15 10:55:57.415049,0.0,resnet152-inference-68b6845c4d-59p65
2026-08-15 10:56:02.415055,0.0,resnet152-inference-68b6845c4d-8fkrc
2026-08-15 10:56:02.415055,0.0,resnet152-inference-68b6845c4d-47dd4
2026-08-15 10:56:02.415055,0.0,resnet152-inference-68b6845c4d-jlgk7
2026-08-15 10:56:02.415055,0.0,resnet152-inference-68b6845c4d-59p65
2026-08-15 10:56:07.415050,0.0,resnet152-inference-68b6845c4d-8fkrc
2026-08-15 10:56:07.415050,0.0,resnet152-inference-68b6845c4d-47dd4
2026-08-15 10:56:07.415050,0.0,resnet152-inference-68b6845c4d-jlgk7
2026-08-15 10:56:07.415050,0.0,resnet152-inference-68b6845c4d-59p65
2026-08-15 10:56:12.414887,0.0,resnet152-inference-68b6845c4d-8fkrc
2026-08-15 10:56:12.414887,0.0,resnet152-inference-68b6845c4d-47dd4
2026-08-15 10:56:12.414887,0.0,resnet152-inference-68b6845c4d-jlgk7
2026-08-15 10:56:12.414887,0.0,resnet152-inference-68b6845c4d-59p65
2026-08-15 10:56:17.414893,0.0,resnet152-inference-68b6845c4d-8fkrc
2026-08-15 10:56:17.414893,0.0,resnet152-inference-68b6845c4d-47dd4
2026-08-15 10:56:17.414893,0.0,resnet152-inference-68b6845c4d-jlgk7
2026-08-15 10:56:17.414893,0.0,resnet152-inference-68b6845c4d-59p65
2026-08-15 10:56:22.415049,0.0,resnet152-inference-68b6845c4d-8fkrc
2026-08-15 10:56:22.415049,0.0,resnet152-inference-68b6845c4d-47dd4
2026-08-15 10:56:22.415049,0.0,resnet152-inference-68b6845c4d-jlgk7
2026-08-15 10:56:22.415049,0.0,resnet152-inference-68b6845c4d-59p65
2026-08-15 10:56:27.413271,0.0,resnet152-inference-68b6845c4d-8fkrc
2026-08-15 10:56:27.413271,0.0,resnet152-inference-68b6845c4d-47dd4
2026-08-15 10:56:27.413271,0.0,resnet152-inference-68b6845c4d-jlgk7
2026-08-15 10:56:27.413271,0.0,resnet152-inference-68b6845c4d-59p65
2026-08-15 10:56:32.415052,0.0,resnet152-inference-68b6845c4d-8fkrc
2026-08-15 10:56:32.415052,0.0,resnet152-inference-68b6845c4d-47dd4
2026-08-15 10:56:32.415052,0.0,resnet152-inference-68b6845c4d-jlgk7
2026-08-15 10:56:32.415052,0.0,resnet152-inference-68b6845c4d-59p65
2026-08-15 10:56:37.412514,0.0,resnet152-inference-68b6845c4d-8fkrc
2026-08-15 10:56:37.412514,0.0,resnet152-inference-68b6845c4d-47dd4
2026-08-15 10:56:37.412514,0.0,resnet152-inference-68b6845c4d-jlgk7
2026-08-15 10:56:37.412514,0.0,resnet152-inference-68b6845c4d-59p65
2026-08-15 10:56:42.410989,0.0,resnet152-inference-68b6845c4d-8fkrc
2026-08-15 10:56:42.410989,0.0,resnet152-inference-68b6845c4d-47dd4
2026-08-15 10:56:42.410989,0.0,resnet152-inference-68b6845c4d-jlgk7
2026-08-15 10:56:42.410989,0.0,resnet152-inference-68b6845c4d-59p65
2026-08-15 10:56:47.412530,0.0,resnet152-inference-68b6845c4d-8fkrc
2026-08-15 10:56:47.412530,0.0,resnet152-inference-68b6845c4d-47dd4
2026-08-15 10:56:47.412530,0.0,resnet152-inference-68b6845c4d-jlgk7
2026-08-15 10:56:47.412530,0.0,resnet152-inference-68b6845c4d-59p65
2026-08-15 10:56:52.414891,0.0,resnet152-inference-68b6845c4d-8fkrc
2026-08-15 10:56:52.414891,0.0,resnet152-inference-68b6845c4d-47dd4
2026-08-15 10:56:52.414891,0.0,resnet152-inference-68b6845c4d-jlgk7
2026-08-15 10:56:52.414891,0.0,resnet152-inference-68b6845c4d-59p65
2026-08-15 10:56:57.415243,0.0,resnet152-inference-68b6845c4d-8fkrc
2026-08-15 10:56:57.415243,0.0,resnet152-inference-68b6845c4d-47dd4
2026-08-15 10:56:57.415243,0.0,resnet152-inference-68b6845c4d-jlgk7
2026-08-15 10:56:57.415243,0.0,resnet152-inference-68b6845c4d-59p65
2026-08-15 10:57:02.412243,0.0,resnet152-inference-68b6845c4d-8fkrc
2026-08-15 10:57:02.412243,0.0,resnet152-inference-68b6845c4d-47dd4
2026-08-15 10:57:02.412243,0.0,resnet152-inference-68b6845c4d-jlgk7
2026-08-15 10:57:02.412243,0.0,resnet152-inference-68b6845c4d-59p65
2026-08-15 10:57:07.411786,0.0,resnet152-inference-68b6845c4d-8fkrc
2026-08-15 10:57:07.411786,0.0,resnet152-inference-68b6845c4d-47dd4
2026-08-15 10:57:07.411786,0.0,resnet152-inference-68b6845c4d-jlgk7
2026-08-15 10:57:07.411786,0.0,resnet152-inference-68b6845c4d-59p65
2026-08-15 10:57:12.415046,0.0,resnet152-inference-68b6845c4d-8fkrc
2026-08-15 10:57:12.415046,0.0,resnet152-inference-68b6845c4d-47dd4
2026-08-15 10:57:12.415046,0.0,resnet152-inference-68b6845c4d-jlgk7
2026-08-15 10:57:12.415046,0.0,resnet152-inference-68b6845c4d-59p65
2026-08-15 10:57:17.415062,0.0,resnet152-inference-68b6845c4d-8fkrc
2026-08-15 10:57:17.415062,0.0,resnet152-inference-68b6845c4d-47dd4
2026-08-15 10:57:17.415062,0.0,resnet152-inference-68b6845c4d-jlgk7
2026-08-15 10:57:17.415062,0.0,resnet152-inference-68b6845c4d-59p65
2026-08-15 10:57:22.415050,0.0,resnet152-inference-68b6845c4d-8fkrc
2026-08-15 10:57:22.415050,0.0,resnet152-inference-68b6845c4d-47dd4
2026-08-15 10:57:22.415050,0.0,resnet152-inference-68b6845c4d-jlgk7
2026-08-15 10:57:22.415050,0.0,resnet152-inference-68b6845c4d-59p65
2026-08-15 10:57:27.414898,0.0,resnet152-inference-68b6845c4d-8fkrc
2026-08-15 10:57:27.414898,0.0,resnet152-inference-68b6845c4d-47dd4
2026-08-15 10:57:27.414898,0.0,resnet152-inference-68b6845c4d-jlgk7
2026-08-15 10:57:27.414898,0.0,resnet152-inference-68b6845c4d-59p65
2026-08-15 10:57:32.415044,0.0,resnet152-inference-68b6845c4d-8fkrc
2026-08-15 10:57:32.415044,0.0,resnet152-inference-68b6845c4d-47dd4
2026-08-15 10:57:32.415044,0.0,resnet152-inference-68b6845c4d-jlgk7
2026-08-15 10:57:32.415044,0.0,resnet152-inference-68b6845c4d-59p65
2026-08-15 10:57:37.415032,0.0,resnet152-inference-68b6845c4d-8fkrc
2026-08-15 10:57:37.415032,0.0,resnet152-inference-68b6845c4d-47dd4
2026-08-15 10:57:37.415032,0.0,resnet152-inference-68b6845c4d-jlgk7
2026-08-15 10:57:37.415032,0.0,resnet152-inference-68b6845c4d-59p65
2026-08-15 10:57:42.414948,0.0,resnet152-inference-68b6845c4d-8fkrc
2026-08-15 10:57:42.414948,0.0,resnet152-inference-68b6845c4d-47dd4
2026-08-15 10:57:42.414948,0.0,resnet152-inference-68b6845c4d-jlgk7
2026-08-15 10:57:42.414948,0.0,resnet152-inference-68b6845c4d-59p65
2026-08-15 10:57:47.415083,0.0,resnet152-inference-68b6845c4d-8fkrc
2026-08-15 10:57:47.415083,0.0,resnet152-inference-68b6845c4d-47dd4
2026-08-15 10:57:47.415083,0.0,resnet152-inference-68b6845c4d-jlgk7
2026-08-15 10:57:47.415083,0.0,resnet152-inference-68b6845c4d-59p65
2026-08-15 10:57:52.412809,0.0,resnet152-inference-68b6845c4d-8fkrc
2026-08-15 10:57:52.412809,0.0,resnet152-inference-68b6845c4d-47dd4
2026-08-15 10:57:52.412809,0.0,resnet152-inference-68b6845c4d-jlgk7
2026-08-15 10:57:52.412809,0.0,resnet152-inference-68b6845c4d-59p65
2026-08-15 10:57:57.415049,0.0,resnet152-inference-68b6845c4d-8fkrc
2026-08-15 10:57:57.415049,0.0,resnet152-inference-68b6845c4d-47dd4
2026-08-15 10:57:57.415049,0.0,resnet152-inference-68b6845c4d-jlgk7
2026-08-15 10:57:57.415049,0.0,resnet152-inference-68b6845c4d-59p65
2026-08-15 10:58:02.415057,0.0,resnet152-inference-68b6845c4d-8fkrc
2026-08-15 10:58:02.415057,0.0,resnet152-inference-68b6845c4d-47dd4
2026-08-15 10:58:02.415057,0.0,resnet152-inference-68b6845c4d-jlgk7
2026-08-15 10:58:02.415057,0.0,resnet152-inference-68b6845c4d-59p65
2026-08-15 10:58:07.415050,0.0,resnet152-inference-68b6845c4d-8fkrc
2026-08-15 10:58:07.415050,0.0,resnet152-inference-68b6845c4d-47dd4
2026-08-15 10:58:07.415050,0.0,resnet152-inference-68b6845c4d-jlgk7
2026-08-15 10:58:07.415050,0.0,resnet152-inference-68b6845c4d-59p65
2026-08-15 10:58:12.415046,0.0,resnet152-inference-68b6845c4d-8fkrc
2026-08-15 10:58:12.415046,0.0,resnet152-inference-68b6845c4d-47dd4
2026-08-15 10:58:12.415046,0.0,resnet152-inference-68b6845c4d-jlgk7
2026-08-15 10:58:12.415046,0.0,resnet152-inference-68b6845c4d-59p65
2026-08-15 10:58:17.415043,0.0,resnet152-inference-68b6845c4d-8fkrc
2026-08-15 10:58:17.415043,0.0,resnet152-inference-68b6845c4d-47dd4
2026-08-15 10:58:17.415043,0.0,resnet152-inference-68b6845c4d-jlgk7
2026-08-15 10:58:17.415043,0.0,resnet152-inference-68b6845c4d-59p65
2026-08-15 10:58:22.410723,0.0,resnet152-inference-68b6845c4d-8fkrc
2026-08-15 10:58:22.410723,0.0,resnet152-inference-68b6845c4d-47dd4
2026-08-15 10:58:22.410723,0.0,resnet152-inference-68b6845c4d-jlgk7
2026-08-15 10:58:22.410723,0.0,resnet152-inference-68b6845c4d-59p65
2026-08-15 10:58:27.415075,0.0,resnet152-inference-68b6845c4d-8fkrc
2026-08-15 10:58:27.415075,0.0,resnet152-inference-68b6845c4d-47dd4
2026-08-15 10:58:27.415075,0.0,resnet152-inference-68b6845c4d-jlgk7
2026-08-15 10:58:27.415075,0.0,resnet152-inference-68b6845c4d-59p65
2026-08-15 10:58:32.415054,0.0,resnet152-inference-68b6845c4d-8fkrc
2026-08-15 10:58:32.415054,0.0,resnet152-inference-68b6845c4d-47dd4
2026-08-15 10:58:32.415054,0.0,resnet152-inference-68b6845c4d-jlgk7
2026-08-15 10:58:32.415054,0.0,resnet152-inference-68b6845c4d-59p65
2026-08-15 10:58:37.415049,0.0,resnet152-inference-68b6845c4d-8fkrc
2026-08-15 10:58:37.415049,0.0,resnet152-inference-68b6845c4d-47dd4
2026-08-15 10:58:37.415049,0.0,resnet152-inference-68b6845c4d-jlgk7
2026-08-15 10:58:37.415049,0.0,resnet152-inference-68b6845c4d-59p65
2026-08-15 10:58:42.415041,0.0,resnet152-inference-68b6845c4d-8fkrc
2026-08-15 10:58:42.415041,0.0,resnet152-inference-68b6845c4d-47dd4
2026-08-15 10:58:42.415041,0.0,resnet152-inference-68b6845c4d-jlgk7
2026-08-15 10:58:42.415041,0.0,resnet152-inference-68b6845c4d-59p65
2026-08-15 10:58:47.415143,0.0,resnet152-inference-68b6845c4d-8fkrc
2026-08-15 10:58:47.415143,0.0,resnet152-inference-68b6845c4d-47dd4
2026-08-15 10:58:47.415143,0.0,resnet152-inference-68b6845c4d-jlgk7
2026-08-15 10:58:47.415143,0.0,resnet152-inference-68b6845c4d-59p65
2026-08-15 10:58:52.415039,0.0,resnet152-inference-68b6845c4d-8fkrc
2026-08-15 10:58:52.415039,0.0,resnet152-inference-68b6845c4d-47dd4
2026-08-15 10:58:52.415039,0.0,resnet152-inference-68b6845c4d-jlgk7
2026-08-15 10:58:52.415039,0.0,resnet152-inference-68b6845c4d-59p65
2026-08-15 10:58:57.415107,0.0,resnet152-inference-68b6845c4d-8fkrc
2026-08-15 10:58:57.415107,0.0,resnet152-inference-68b6845c4d-47dd4
2026-08-15 10:58:57.415107,0.0,resnet152-inference-68b6845c4d-jlgk7
2026-08-15 10:58:57.415107,0.0,resnet152-inference-68b6845c4d-59p65
2026-08-15 10:59:02.413376,0.0,resnet152-inference-68b6845c4d-8fkrc
2026-08-15 10:59:02.413376,0.0,resnet152-inference-68b6845c4d-47dd4
2026-08-15 10:59:02.413376,0.0,resnet152-inference-68b6845c4d-jlgk7
2026-08-15 10:59:02.413376,0.0,resnet152-inference-68b6845c4d-59p65
2026-08-15 10:59:07.414883,0.0,resnet152-inference-68b6845c4d-8fkrc
2026-08-15 10:59:07.414883,0.0,resnet152-inference-68b6845c4d-47dd4
2026-08-15 10:59:07.414883,0.0,resnet152-inference-68b6845c4d-jlgk7
2026-08-15 10:59:07.414883,0.0,resnet152-inference-68b6845c4d-59p65
2026-08-15 10:59:12.414106,0.0,resnet152-inference-68b6845c4d-8fkrc
2026-08-15 10:59:12.414106,0.0,resnet152-inference-68b6845c4d-47dd4
2026-08-15 10:59:12.414106,0.0,resnet152-inference-68b6845c4d-jlgk7
2026-08-15 10:59:12.414106,0.0,resnet152-inference-68b6845c4d-59p65
2026-08-15 10:59:17.415012,0.0,resnet152-inference-68b6845c4d-8fkrc
2026-08-15 10:59:17.415012,0.0,resnet152-inference-68b6845c4d-47dd4
2026-08-15 10:59:17.415012,0.0,resnet152-inference-68b6845c4d-jlgk7
2026-08-15 10:59:17.415012,0.0,resnet152-inference-68b6845c4d-59p65
2026-08-15 10:59:22.412910,0.0,resnet152-inference-68b6845c4d-8fkrc
2026-08-15 10:59:22.412910,0.0,resnet152-inference-68b6845c4d-47dd4
2026-08-15 10:59:22.412910,0.0,resnet152-inference-68b6845c4d-jlgk7
2026-08-15 10:59:22.412910,0.0,resnet152-inference-68b6845c4d-59p65
2026-08-15 10:59:27.413421,0.0,resnet152-inference-68b6845c4d-8fkrc
2026-08-15 10:59:27.413421,0.0,resnet152-inference-68b6845c4d-47dd4
2026-08-15 10:59:27.413421,0.0,resnet152-inference-68b6845c4d-jlgk7
2026-08-15 10:59:27.413421,0.0,resnet152-inference-68b6845c4d-59p65
2026-08-15 10:59:32.414473,0.0,resnet152-inference-68b6845c4d-8fkrc
2026-08-15 10:59:32.414473,0.0,resnet152-inference-68b6845c4d-47dd4
2026-08-15 10:59:32.414473,0.0,resnet152-inference-68b6845c4d-jlgk7
2026-08-15 10:59:32.414473,0.0,resnet152-inference-68b6845c4d-59p65
2026-08-15 10:59:37.415021,0.0,resnet152-inference-68b6845c4d-8fkrc
2026-08-15 10:59:37.415021,0.0,resnet152-inference-68b6845c4d-47dd4
2026-08-15 10:59:37.415021,0.0,resnet152-inference-68b6845c4d-jlgk7
2026-08-15 10:59:37.415021,0.0,resnet152-inference-68b6845c4d-59p65
2026-08-15 10:59:42.415058,0.0,resnet152-inference-68b6845c4d-8fkrc
2026-08-15 10:59:42.415058,0.0,resnet152-inference-68b6845c4d-47dd4
2026-08-15 10:59:42.415058,0.0,resnet152-inference-68b6845c4d-jlgk7
2026-08-15 10:59:42.415058,0.0,resnet152-inference-68b6845c4d-59p65
2026-08-15 10:59:47.415048,0.0,resnet152-inference-68b6845c4d-8fkrc
2026-08-15 10:59:47.415048,0.0,resnet152-inference-68b6845c4d-47dd4
2026-08-15 10:59:47.415048,0.0,resnet152-inference-68b6845c4d-jlgk7
2026-08-15 10:59:47.415048,0.0,resnet152-inference-68b6845c4d-59p65
2026-08-15 10:59:52.415041,0.0,resnet152-inference-68b6845c4d-8fkrc
2026-08-15 10:59:52.415041,0.0,resnet152-inference-68b6845c4d-47dd4
2026-08-15 10:59:52.415041,0.0,resnet152-inference-68b6845c4d-jlgk7
2026-08-15 10:59:52.415041,0.0,resnet152-inference-68b6845c4d-59p65
2026-08-15 10:59:57.414886,0.0,resnet152-inference-68b6845c4d-8fkrc
2026-08-15 10:59:57.414886,0.0,resnet152-inference-68b6845c4d-47dd4
2026-08-15 10:59:57.414886,0.0,resnet152-inference-68b6845c4d-jlgk7
2026-08-15 10:59:57.414886,0.0,resnet152-inference-68b6845c4d-59p65
2026-08-15 11:00:02.415135,0.0,resnet152-inference-68b6845c4d-8fkrc
2026-08-15 11:00:02.415135,0.0,resnet152-inference-68b6845c4d-47dd4
2026-08-15 11:00:02.415135,0.0,resnet152-inference-68b6845c4d-jlgk7
2026-08-15 11:00:02.415135,0.0,resnet152-inference-68b6845c4d-59p65
2026-08-15 11:00:07.414240,0.0,resnet152-inference-68b6845c4d-8fkrc
2026-08-15 11:00:07.414240,0.0,resnet152-inference-68b6845c4d-47dd4
2026-08-15 11:00:07.414240,0.0,resnet152-inference-68b6845c4d-jlgk7
2026-08-15 11:00:07.414240,0.0,resnet152-inference-68b6845c4d-59p65
2026-08-15 11:00:12.415054,0.0,resnet152-inference-68b6845c4d-8fkrc
2026-08-15 11:00:12.415054,0.0,resnet152-inference-68b6845c4d-47dd4
2026-08-15 11:00:12.415054,0.0,resnet152-inference-68b6845c4d-jlgk7
2026-08-15 11:00:12.415054,0.0,resnet152-inference-68b6845c4d-59p65
2026-08-15 11:00:17.415056,0.0,resnet152-inference-68b6845c4d-8fkrc
2026-08-15 11:00:17.415056,0.0,resnet152-inference-68b6845c4d-47dd4
2026-08-15 11:00:17.415056,0.0,resnet152-inference-68b6845c4d-jlgk7
2026-08-15 11:00:17.415056,0.0,resnet152-inference-68b6845c4d-59p65
2026-08-15 11:00:22.413822,0.0,resnet152-inference-68b6845c4d-8fkrc
2026-08-15 11:00:22.413822,0.0,resnet152-inference-68b6845c4d-47dd4
2026-08-15 11:00:22.413822,0.0,resnet152-inference-68b6845c4d-jlgk7
2026-08-15 11:00:22.413822,0.0,resnet152-inference-68b6845c4d-59p65
2026-08-15 11:00:27.415053,0.0,resnet152-inference-68b6845c4d-8fkrc
2026-08-15 11:00:27.415053,0.0,resnet152-inference-68b6845c4d-47dd4
2026-08-15 11:00:27.415053,0.0,resnet152-inference-68b6845c4d-jlgk7
2026-08-15 11:00:27.415053,0.0,resnet152-inference-68b6845c4d-59p65
2026-08-15 11:00:32.413609,0.0,resnet152-inference-68b6845c4d-8fkrc
2026-08-15 11:00:32.413609,0.0,resnet152-inference-68b6845c4d-47dd4
2026-08-15 11:00:32.413609,0.0,resnet152-inference-68b6845c4d-jlgk7
2026-08-15 11:00:32.413609,0.0,resnet152-inference-68b6845c4d-59p65
2026-08-15 11:00:37.414898,0.0,resnet152-inference-68b6845c4d-8fkrc
2026-08-15 11:00:37.414898,0.0,resnet152-inference-68b6845c4d-47dd4
2026-08-15 11:00:37.414898,0.0,resnet152-inference-68b6845c4d-jlgk7
2026-08-15 11:00:37.414898,0.0,resnet152-inference-68b6845c4d-59p65
2026-08-15 11:00:42.415059,0.0,resnet152-inference-68b6845c4d-8fkrc
2026-08-15 11:00:42.415059,0.0,resnet152-inference-68b6845c4d-47dd4
2026-08-15 11:00:42.415059,0.0,resnet152-inference-68b6845c4d-jlgk7
2026-08-15 11:00:42.415059,0.0,resnet152-inference-68b6845c4d-59p65
2026-08-15 11:00:47.413154,0.0,resnet152-inference-68b6845c4d-8fkrc
2026-08-15 11:00:47.413154,0.0,resnet152-inference-68b6845c4d-47dd4
2026-08-15 11:00:47.413154,0.0,resnet152-inference-68b6845c4d-jlgk7
2026-08-15 11:00:47.413154,0.0,resnet152-inference-68b6845c4d-59p65
2026-08-15 11:00:52.415040,0.0,resnet152-inference-68b6845c4d-8fkrc
2026-08-15 11:00:52.415040,0.0,resnet152-inference-68b6845c4d-47dd4
2026-08-15 11:00:52.415040,0.0,resnet152-inference-68b6845c4d-jlgk7
2026-08-15 11:00:52.415040,0.0,resnet152-inference-68b6845c4d-59p65
2026-08-15 11:00:57.413292,0.0,resnet152-inference-68b6845c4d-8fkrc
2026-08-15 11:00:57.413292,0.0,resnet152-inference-68b6845c4d-47dd4
2026-08-15 11:00:57.413292,0.0,resnet152-inference-68b6845c4d-jlgk7
2026-08-15 11:00:57.413292,0.0,resnet152-inference-68b6845c4d-59p65
2026-08-15 11:01:02.415111,0.0,resnet152-inference-68b6845c4d-8fkrc
2026-08-15 11:01:02.415111,0.0,resnet152-inference-68b6845c4d-47dd4
2026-08-15 11:01:02.415111,0.0,resnet152-inference-68b6845c4d-jlgk7
2026-08-15 11:01:02.415111,0.0,resnet152-inference-68b6845c4d-59p65
2026-08-15 11:01:07.415044,0.0,resnet152-inference-68b6845c4d-8fkrc
2026-08-15 11:01:07.415044,0.0,resnet152-inference-68b6845c4d-47dd4
2026-08-15 11:01:07.415044,0.0,resnet152-inference-68b6845c4d-jlgk7
2026-08-15 11:01:07.415044,0.0,resnet152-inference-68b6845c4d-59p65
2026-08-15 11:01:12.413278,0.0,resnet152-inference-68b6845c4d-8fkrc
2026-08-15 11:01:12.413278,0.0,resnet152-inference-68b6845c4d-47dd4
2026-08-15 11:01:12.413278,0.0,resnet152-inference-68b6845c4d-jlgk7
2026-08-15 11:01:12.413278,0.0,resnet152-inference-68b6845c4d-59p65
2026-08-15 11:01:17.412058,0.0,resnet152-inference-68b6845c4d-8fkrc
2026-08-15 11:01:17.412058,0.0,resnet152-inference-68b6845c4d-47dd4
2026-08-15 11:01:17.412058,0.0,resnet152-inference-68b6845c4d-jlgk7
2026-08-15 11:01:17.412058,0.0,resnet152-inference-68b6845c4d-59p65
2026-08-15 11:01:22.414508,0.0,resnet152-inference-68b6845c4d-8fkrc
2026-08-15 11:01:22.414508,0.0,resnet152-inference-68b6845c4d-47dd4
2026-08-15 11:01:22.414508,0.0,resnet152-inference-68b6845c4d-jlgk7
2026-08-15 11:01:22.414508,0.0,resnet152-inference-68b6845c4d-59p65
2026-08-15 11:01:27.413993,0.0,resnet152-inference-68b6845c4d-8fkrc
2026-08-15 11:01:27.413993,0.0,resnet152-inference-68b6845c4d-47dd4
2026-08-15 11:01:27.413993,0.0,resnet152-inference-68b6845c4d-jlgk7
2026-08-15 11:01:27.413993,0.0,resnet152-inference-68b6845c4d-59p65
2026-08-15 11:01:32.413959,0.0,resnet152-inference-68b6845c4d-8fkrc
2026-08-15 11:01:32.413959,0.0,resnet152-inference-68b6845c4d-47dd4
2026-08-15 11:01:32.413959,0.0,resnet152-inference-68b6845c4d-jlgk7
2026-08-15 11:01:32.413959,0.0,resnet152-inference-68b6845c4d-59p65
2026-08-15 11:01:37.415051,0.0,resnet152-inference-68b6845c4d-8fkrc
2026-08-15 11:01:37.415051,0.0,resnet152-inference-68b6845c4d-47dd4
2026-08-15 11:01:37.415051,0.0,resnet152-inference-68b6845c4d-jlgk7
2026-08-15 11:01:37.415051,0.0,resnet152-inference-68b6845c4d-59p65
2026-08-15 11:01:42.414908,0.0,resnet152-inference-68b6845c4d-8fkrc
2026-08-15 11:01:42.414908,0.0,resnet152-inference-68b6845c4d-47dd4
2026-08-15 11:01:42.414908,0.0,resnet152-inference-68b6845c4d-jlgk7
2026-08-15 11:01:42.414908,0.0,resnet152-inference-68b6845c4d-59p65
2026-08-15 11:01:47.415069,0.0,resnet152-inference-68b6845c4d-8fkrc
2026-08-15 11:01:47.415069,0.0,resnet152-inference-68b6845c4d-47dd4
2026-08-15 11:01:47.415069,0.0,resnet152-inference-68b6845c4d-jlgk7
2026-08-15 11:01:47.415069,0.0,resnet152-inference-68b6845c4d-59p65
2026-08-15 11:01:52.413368,0.0,resnet152-inference-68b6845c4d-8fkrc
2026-08-15 11:01:52.413368,0.0,resnet152-inference-68b6845c4d-47dd4
2026-08-15 11:01:52.413368,0.0,resnet152-inference-68b6845c4d-jlgk7
2026-08-15 11:01:52.413368,0.0,resnet152-inference-68b6845c4d-59p65
2026-08-15 11:01:57.415069,0.0,resnet152-inference-68b6845c4d-8fkrc
2026-08-15 11:01:57.415069,0.0,resnet152-inference-68b6845c4d-47dd4
2026-08-15 11:01:57.415069,0.0,resnet152-inference-68b6845c4d-jlgk7
2026-08-15 11:01:57.415069,0.0,resnet152-inference-68b6845c4d-59p65
2026-08-15 11:02:02.415057,0.0,resnet152-inference-68b6845c4d-8fkrc
2026-08-15 11:02:02.415057,0.0,resnet152-inference-68b6845c4d-47dd4
2026-08-15 11:02:02.415057,0.0,resnet152-inference-68b6845c4d-jlgk7
2026-08-15 11:02:02.415057,0.0,resnet152-inference-68b6845c4d-59p65
2026-08-15 11:02:07.415053,0.0,resnet152-inference-68b6845c4d-8fkrc
2026-08-15 11:02:07.415053,0.0,resnet152-inference-68b6845c4d-47dd4
2026-08-15 11:02:07.415053,0.0,resnet152-inference-68b6845c4d-jlgk7
2026-08-15 11:02:07.415053,0.0,resnet152-inference-68b6845c4d-59p65
2026-08-15 11:02:12.415141,0.0,resnet152-inference-68b6845c4d-8fkrc
2026-08-15 11:02:12.415141,0.0,resnet152-inference-68b6845c4d-47dd4
2026-08-15 11:02:12.415141,0.0,resnet152-inference-68b6845c4d-jlgk7
2026-08-15 11:02:12.415141,0.0,resnet152-inference-68b6845c4d-59p65
2026-08-15 11:02:17.415112,0.0,resnet152-inference-68b6845c4d-8fkrc
2026-08-15 11:02:17.415112,0.0,resnet152-inference-68b6845c4d-47dd4
2026-08-15 11:02:17.415112,0.0,resnet152-inference-68b6845c4d-jlgk7
2026-08-15 11:02:17.415112,0.0,resnet152-inference-68b6845c4d-59p65
2026-08-15 11:02:22.415067,0.0,resnet152-inference-68b6845c4d-8fkrc
2026-08-15 11:02:22.415067,0.0,resnet152-inference-68b6845c4d-47dd4
2026-08-15 11:02:22.415067,0.0,resnet152-inference-68b6845c4d-jlgk7
2026-08-15 11:02:22.415067,0.0,resnet152-inference-68b6845c4d-59p65
2026-08-15 11:02:27.415053,0.0,resnet152-inference-68b6845c4d-8fkrc
2026-08-15 11:02:27.415053,0.0,resnet152-inference-68b6845c4d-47dd4
2026-08-15 11:02:27.415053,0.0,resnet152-inference-68b6845c4d-jlgk7
2026-08-15 11:02:27.415053,0.0,resnet152-inference-68b6845c4d-59p65
2026-08-15 11:02:32.413699,0.0,resnet152-inference-68b6845c4d-8fkrc
2026-08-15 11:02:32.413699,0.0,resnet152-inference-68b6845c4d-47dd4
2026-08-15 11:02:32.413699,0.0,resnet152-inference-68b6845c4d-jlgk7
2026-08-15 11:02:32.413699,0.0,resnet152-inference-68b6845c4d-59p65
2026-08-15 11:02:37.411463,0.0,resnet152-inference-68b6845c4d-8fkrc
2026-08-15 11:02:37.411463,0.0,resnet152-inference-68b6845c4d-47dd4
2026-08-15 11:02:37.411463,0.0,resnet152-inference-68b6845c4d-jlgk7
2026-08-15 11:02:37.411463,0.0,resnet152-inference-68b6845c4d-59p65
2026-08-15 11:02:42.415027,0.0,resnet152-inference-68b6845c4d-8fkrc
2026-08-15 11:02:42.415027,0.0,resnet152-inference-68b6845c4d-47dd4
2026-08-15 11:02:42.415027,0.0,resnet152-inference-68b6845c4d-jlgk7
2026-08-15 11:02:42.415027,0.0,resnet152-inference-68b6845c4d-59p65
2026-08-15 11:02:47.410963,0.0,resnet152-inference-68b6845c4d-8fkrc
2026-08-15 11:02:47.410963,0.0,resnet152-inference-68b6845c4d-47dd4
2026-08-15 11:02:47.410963,0.0,resnet152-inference-68b6845c4d-jlgk7
2026-08-15 11:02:47.410963,0.0,resnet152-inference-68b6845c4d-59p65
2026-08-15 11:02:52.414899,0.0,resnet152-inference-68b6845c4d-8fkrc
2026-08-15 11:02:52.414899,0.0,resnet152-inference-68b6845c4d-47dd4
2026-08-15 11:02:52.414899,0.0,resnet152-inference-68b6845c4d-jlgk7
2026-08-15 11:02:52.414899,0.0,resnet152-inference-68b6845c4d-59p65
2026-08-15 11:02:57.415051,0.0,resnet152-inference-68b6845c4d-8fkrc
2026-08-15 11:02:57.415051,0.0,resnet152-inference-68b6845c4d-47dd4
2026-08-15 11:02:57.415051,0.0,resnet152-inference-68b6845c4d-jlgk7
2026-08-15 11:02:57.415051,0.0,resnet152-inference-68b6845c4d-59p65
2026-08-15 11:03:02.414895,0.0,resnet152-inference-68b6845c4d-8fkrc
2026-08-15 11:03:02.414895,0.0,resnet152-inference-68b6845c4d-47dd4
2026-08-15 11:03:02.414895,0.0,resnet152-inference-68b6845c4d-jlgk7
2026-08-15 11:03:02.414895,0.0,resnet152-inference-68b6845c4d-59p65
2026-08-15 11:03:07.413176,0.0,resnet152-inference-68b6845c4d-8fkrc
2026-08-15 11:03:07.413176,0.0,resnet152-inference-68b6845c4d-47dd4
2026-08-15 11:03:07.413176,0.0,resnet152-inference-68b6845c4d-jlgk7
2026-08-15 11:03:07.413176,0.0,resnet152-inference-68b6845c4d-59p65
2026-08-15 11:03:12.415042,0.0,resnet152-inference-68b6845c4d-8fkrc
2026-08-15 11:03:12.415042,0.0,resnet152-inference-68b6845c4d-47dd4
2026-08-15 11:03:12.415042,0.0,resnet152-inference-68b6845c4d-jlgk7
2026-08-15 11:03:12.415042,0.0,resnet152-inference-68b6845c4d-59p65
2026-08-15 11:03:17.415072,0.0,resnet152-inference-68b6845c4d-8fkrc
2026-08-15 11:03:17.415072,0.0,resnet152-inference-68b6845c4d-47dd4
2026-08-15 11:03:17.415072,0.0,resnet152-inference-68b6845c4d-jlgk7
2026-08-15 11:03:17.415072,0.0,resnet152-inference-68b6845c4d-59p65
2026-08-15 11:03:22.415030,0.0,resnet152-inference-68b6845c4d-8fkrc
2026-08-15 11:03:22.415030,0.0,resnet152-inference-68b6845c4d-47dd4
2026-08-15 11:03:22.415030,0.0,resnet152-inference-68b6845c4d-jlgk7
2026-08-15 11:03:22.415030,0.0,resnet152-inference-68b6845c4d-59p65
2026-08-15 11:03:27.412235,0.0,resnet152-inference-68b6845c4d-8fkrc
2026-08-15 11:03:27.412235,0.0,resnet152-inference-68b6845c4d-47dd4
2026-08-15 11:03:27.412235,0.0,resnet152-inference-68b6845c4d-jlgk7
2026-08-15 11:03:27.412235,0.0,resnet152-inference-68b6845c4d-59p65
2026-08-15 11:03:32.415076,0.0,resnet152-inference-68b6845c4d-8fkrc
2026-08-15 11:03:32.415076,0.0,resnet152-inference-68b6845c4d-47dd4
2026-08-15 11:03:32.415076,0.0,resnet152-inference-68b6845c4d-jlgk7
2026-08-15 11:03:32.415076,0.0,resnet152-inference-68b6845c4d-59p65
2026-08-15 11:03:37.415048,0.0,resnet152-inference-68b6845c4d-8fkrc
2026-08-15 11:03:37.415048,0.0,resnet152-inference-68b6845c4d-47dd4
2026-08-15 11:03:37.415048,0.0,resnet152-inference-68b6845c4d-jlgk7
2026-08-15 11:03:37.415048,0.0,resnet152-inference-68b6845c4d-59p65
2026-08-15 11:03:42.415042,0.0,resnet152-inference-68b6845c4d-8fkrc
2026-08-15 11:03:42.415042,0.0,resnet152-inference-68b6845c4d-47dd4
2026-08-15 11:03:42.415042,0.0,resnet152-inference-68b6845c4d-jlgk7
2026-08-15 11:03:42.415042,0.0,resnet152-inference-68b6845c4d-59p65
2026-08-15 11:03:47.415043,0.0,resnet152-inference-68b6845c4d-8fkrc
2026-08-15 11:03:47.415043,0.0,resnet152-inference-68b6845c4d-47dd4
2026-08-15 11:03:47.415043,0.0,resnet152-inference-68b6845c4d-jlgk7
2026-08-15 11:03:47.415043,0.0,resnet152-inference-68b6845c4d-59p65
2026-08-15 11:03:52.414575,0.0,resnet152-inference-68b6845c4d-8fkrc
2026-08-15 11:03:52.414575,0.0,resnet152-inference-68b6845c4d-47dd4
2026-08-15 11:03:52.414575,0.0,resnet152-inference-68b6845c4d-jlgk7
2026-08-15 11:03:52.414575,0.0,resnet152-inference-68b6845c4d-59p65
2026-08-15 11:03:57.415044,0.0,resnet152-inference-68b6845c4d-8fkrc
2026-08-15 11:03:57.415044,0.0,resnet152-inference-68b6845c4d-47dd4
2026-08-15 11:03:57.415044,0.0,resnet152-inference-68b6845c4d-jlgk7
2026-08-15 11:03:57.415044,0.0,resnet152-inference-68b6845c4d-59p65
2026-08-15 11:04:02.415075,0.0,resnet152-inference-68b6845c4d-8fkrc
2026-08-15 11:04:02.415075,0.0,resnet152-inference-68b6845c4d-47dd4
2026-08-15 11:04:02.415075,0.0,resnet152-inference-68b6845c4d-jlgk7
2026-08-15 11:04:02.415075,0.0,resnet152-inference-68b6845c4d-59p65
2026-08-15 11:04:07.414006,0.0,resnet152-inference-68b6845c4d-8fkrc
2026-08-15 11:04:07.414006,0.0,resnet152-inference-68b6845c4d-47dd4
2026-08-15 11:04:07.414006,0.0,resnet152-inference-68b6845c4d-jlgk7
2026-08-15 11:04:07.414006,0.0,resnet152-inference-68b6845c4d-59p65
2026-08-15 11:04:12.415037,0.0,resnet152-inference-68b6845c4d-8fkrc
2026-08-15 11:04:12.415037,0.0,resnet152-inference-68b6845c4d-47dd4
2026-08-15 11:04:12.415037,0.0,resnet152-inference-68b6845c4d-jlgk7
2026-08-15 11:04:12.415037,0.0,resnet152-inference-68b6845c4d-59p65
2026-08-15 11:04:17.415037,0.0,resnet152-inference-68b6845c4d-8fkrc
2026-08-15 11:04:17.415037,0.0,resnet152-inference-68b6845c4d-47dd4
2026-08-15 11:04:17.415037,0.0,resnet152-inference-68b6845c4d-jlgk7
2026-08-15 11:04:17.415037,0.0,resnet152-inference-68b6845c4d-59p65
2026-08-15 11:04:22.415092,0.0,resnet152-inference-68b6845c4d-8fkrc
2026-08-15 11:04:22.415092,0.0,resnet152-inference-68b6845c4d-47dd4
2026-08-15 11:04:22.415092,0.0,resnet152-inference-68b6845c4d-jlgk7
2026-08-15 11:04:22.415092,0.0,resnet152-inference-68b6845c4d-59p65
2026-08-15 11:04:27.415104,0.0,resnet152-inference-68b6845c4d-8fkrc
2026-08-15 11:04:27.415104,0.0,resnet152-inference-68b6845c4d-47dd4
2026-08-15 11:04:27.415104,0.0,resnet152-inference-68b6845c4d-jlgk7
2026-08-15 11:04:27.415104,0.0,resnet152-inference-68b6845c4d-59p65
2026-08-15 11:04:32.415050,0.0,resnet152-inference-68b6845c4d-8fkrc
2026-08-15 11:04:32.415050,0.0,resnet152-inference-68b6845c4d-47dd4
2026-08-15 11:04:32.415050,0.0,resnet152-inference-68b6845c4d-jlgk7
2026-08-15 11:04:32.415050,0.0,resnet152-inference-68b6845c4d-59p65
2026-08-15 11:04:37.413378,0.0,resnet152-inference-68b6845c4d-8fkrc
2026-08-15 11:04:37.413378,0.0,resnet152-inference-68b6845c4d-47dd4
2026-08-15 11:04:37.413378,0.0,resnet152-inference-68b6845c4d-jlgk7
2026-08-15 11:04:37.413378,0.0,resnet152-inference-68b6845c4d-59p65
2026-08-15 11:04:42.414481,0.0,resnet152-inference-68b6845c4d-8fkrc
2026-08-15 11:04:42.414481,0.0,resnet152-inference-68b6845c4d-47dd4
2026-08-15 11:04:42.414481,0.0,resnet152-inference-68b6845c4d-jlgk7
2026-08-15 11:04:42.414481,0.0,resnet152-inference-68b6845c4d-59p65
2026-08-15 11:04:47.415043,0.0,resnet152-inference-68b6845c4d-8fkrc
2026-08-15 11:04:47.415043,0.0,resnet152-inference-68b6845c4d-47dd4
2026-08-15 11:04:47.415043,0.0,resnet152-inference-68b6845c4d-jlgk7
2026-08-15 11:04:47.415043,0.0,resnet152-inference-68b6845c4d-59p65
2026-08-15 11:04:52.415051,0.0,resnet152-inference-68b6845c4d-8fkrc
2026-08-15 11:04:52.415051,0.0,resnet152-inference-68b6845c4d-47dd4
2026-08-15 11:04:52.415051,0.0,resnet152-inference-68b6845c4d-jlgk7
2026-08-15 11:04:52.415051,0.0,resnet152-inference-68b6845c4d-59p65
2026-08-15 11:04:57.415040,0.0,resnet152-inference-68b6845c4d-8fkrc
2026-08-15 11:04:57.415040,0.0,resnet152-inference-68b6845c4d-47dd4
2026-08-15 11:04:57.415040,0.0,resnet152-inference-68b6845c4d-jlgk7
2026-08-15 11:04:57.415040,0.0,resnet152-inference-68b6845c4d-59p65
2026-08-15 11:05:02.411185,0.0,resnet152-inference-68b6845c4d-8fkrc
2026-08-15 11:05:02.411185,0.0,resnet152-inference-68b6845c4d-47dd4
2026-08-15 11:05:02.411185,0.0,resnet152-inference-68b6845c4d-jlgk7
2026-08-15 11:05:02.411185,0.0,resnet152-inference-68b6845c4d-59p65
2026-08-15 11:05:07.415045,0.0,resnet152-inference-68b6845c4d-8fkrc
2026-08-15 11:05:07.415045,0.0,resnet152-inference-68b6845c4d-47dd4
2026-08-15 11:05:07.415045,0.0,resnet152-inference-68b6845c4d-jlgk7
2026-08-15 11:05:07.415045,0.0,resnet152-inference-68b6845c4d-59p65
2026-08-15 11:05:12.414956,0.0,resnet152-inference-68b6845c4d-8fkrc
2026-08-15 11:05:12.414956,0.0,resnet152-inference-68b6845c4d-47dd4
2026-08-15 11:05:12.414956,0.0,resnet152-inference-68b6845c4d-jlgk7
2026-08-15 11:05:12.414956,0.0,resnet152-inference-68b6845c4d-59p65
2026-08-15 11:05:17.413402,0.0,resnet152-inference-68b6845c4d-8fkrc
2026-08-15 11:05:17.413402,0.0,resnet152-inference-68b6845c4d-47dd4
2026-08-15 11:05:17.413402,0.0,resnet152-inference-68b6845c4d-jlgk7
2026-08-15 11:05:17.413402,0.0,resnet152-inference-68b6845c4d-59p65
2026-08-15 11:05:22.415106,0.0,resnet152-inference-68b6845c4d-8fkrc
2026-08-15 11:05:22.415106,0.0,resnet152-inference-68b6845c4d-47dd4
2026-08-15 11:05:22.415106,0.0,resnet152-inference-68b6845c4d-jlgk7
2026-08-15 11:05:22.415106,0.0,resnet152-inference-68b6845c4d-59p65
2026-08-15 11:05:27.412899,0.0,resnet152-inference-68b6845c4d-8fkrc
2026-08-15 11:05:27.412899,0.0,resnet152-inference-68b6845c4d-47dd4
2026-08-15 11:05:27.412899,0.0,resnet152-inference-68b6845c4d-jlgk7
2026-08-15 11:05:27.412899,0.0,resnet152-inference-68b6845c4d-59p65
2026-08-15 11:05:32.414896,0.0,resnet152-inference-68b6845c4d-8fkrc
2026-08-15 11:05:32.414896,0.0,resnet152-inference-68b6845c4d-47dd4
2026-08-15 11:05:32.414896,0.0,resnet152-inference-68b6845c4d-jlgk7
2026-08-15 11:05:32.414896,0.0,resnet152-inference-68b6845c4d-59p65
2026-08-15 11:05:37.415037,0.0,resnet152-inference-68b6845c4d-8fkrc
2026-08-15 11:05:37.415037,0.0,resnet152-inference-68b6845c4d-47dd4
2026-08-15 11:05:37.415037,0.0,resnet152-inference-68b6845c4d-jlgk7
2026-08-15 11:05:37.415037,0.0,resnet152-inference-68b6845c4d-59p65
2026-08-15 11:05:42.415053,0.0,resnet152-inference-68b6845c4d-8fkrc
2026-08-15 11:05:42.415053,0.0,resnet152-inference-68b6845c4d-47dd4
2026-08-15 11:05:42.415053,0.0,resnet152-inference-68b6845c4d-jlgk7
2026-08-15 11:05:42.415053,0.0,resnet152-inference-68b6845c4d-59p65
2026-08-15 11:05:47.411187,0.0,resnet152-inference-68b6845c4d-8fkrc
2026-08-15 11:05:47.411187,0.0,resnet152-inference-68b6845c4d-47dd4
2026-08-15 11:05:47.411187,0.0,resnet152-inference-68b6845c4d-jlgk7
2026-08-15 11:05:47.411187,0.0,resnet152-inference-68b6845c4d-59p65
2026-08-15 11:05:52.415101,0.0,resnet152-inference-68b6845c4d-8fkrc
2026-08-15 11:05:52.415101,0.0,resnet152-inference-68b6845c4d-47dd4
2026-08-15 11:05:52.415101,0.0,resnet152-inference-68b6845c4d-jlgk7
2026-08-15 11:05:52.415101,0.0,resnet152-inference-68b6845c4d-59p65
2026-08-15 11:05:57.414898,0.0,resnet152-inference-68b6845c4d-8fkrc
2026-08-15 11:05:57.414898,0.0,resnet152-inference-68b6845c4d-47dd4
2026-08-15 11:05:57.414898,0.0,resnet152-inference-68b6845c4d-jlgk7
2026-08-15 11:05:57.414898,0.0,resnet152-inference-68b6845c4d-59p65
2026-08-15 11:06:02.415072,0.0,resnet152-inference-68b6845c4d-8fkrc
2026-08-15 11:06:02.415072,0.0,resnet152-inference-68b6845c4d-47dd4
2026-08-15 11:06:02.415072,0.0,resnet152-inference-68b6845c4d-jlgk7
2026-08-15 11:06:02.415072,0.0,resnet152-inference-68b6845c4d-59p65
2026-08-15 11:06:07.413697,0.0,resnet152-inference-68b6845c4d-8fkrc
2026-08-15 11:06:07.413697,0.0,resnet152-inference-68b6845c4d-47dd4
2026-08-15 11:06:07.413697,0.0,resnet152-inference-68b6845c4d-jlgk7
2026-08-15 11:06:07.413697,0.0,resnet152-inference-68b6845c4d-59p65
2026-08-15 11:06:12.413554,0.0,resnet152-inference-68b6845c4d-8fkrc
2026-08-15 11:06:12.413554,0.0,resnet152-inference-68b6845c4d-47dd4
2026-08-15 11:06:12.413554,0.0,resnet152-inference-68b6845c4d-jlgk7
2026-08-15 11:06:12.413554,0.0,resnet152-inference-68b6845c4d-59p65
2026-08-15 11:06:17.412848,0.0,resnet152-inference-68b6845c4d-8fkrc
2026-08-15 11:06:17.412848,0.0,resnet152-inference-68b6845c4d-47dd4
2026-08-15 11:06:17.412848,0.0,resnet152-inference-68b6845c4d-jlgk7
2026-08-15 11:06:17.412848,0.0,resnet152-inference-68b6845c4d-59p65
2026-08-15 11:06:22.412985,0.0,resnet152-inference-68b6845c4d-8fkrc
2026-08-15 11:06:22.412985,0.0,resnet152-inference-68b6845c4d-47dd4
2026-08-15 11:06:22.412985,0.0,resnet152-inference-68b6845c4d-jlgk7
2026-08-15 11:06:22.412985,0.0,resnet152-inference-68b6845c4d-59p65
2026-08-15 11:06:27.415023,0.0,resnet152-inference-68b6845c4d-8fkrc
2026-08-15 11:06:27.415023,0.0,resnet152-inference-68b6845c4d-47dd4
2026-08-15 11:06:27.415023,0.0,resnet152-inference-68b6845c4d-jlgk7
2026-08-15 11:06:27.415023,0.0,resnet152-inference-68b6845c4d-59p65
2026-08-15 11:06:32.412888,0.0,resnet152-inference-68b6845c4d-8fkrc
2026-08-15 11:06:32.412888,0.0,resnet152-inference-68b6845c4d-47dd4
2026-08-15 11:06:32.412888,0.0,resnet152-inference-68b6845c4d-jlgk7
2026-08-15 11:06:32.412888,0.0,resnet152-inference-68b6845c4d-59p65
2026-08-15 11:06:37.414882,0.0,resnet152-inference-68b6845c4d-8fkrc
2026-08-15 11:06:37.414882,0.0,resnet152-inference-68b6845c4d-47dd4
2026-08-15 11:06:37.414882,0.0,resnet152-inference-68b6845c4d-jlgk7
2026-08-15 11:06:37.414882,0.0,resnet152-inference-68b6845c4d-59p65
2026-08-15 11:06:42.414901,0.0,resnet152-inference-68b6845c4d-8fkrc
2026-08-15 11:06:42.414901,0.0,resnet152-inference-68b6845c4d-47dd4
2026-08-15 11:06:42.414901,0.0,resnet152-inference-68b6845c4d-jlgk7
2026-08-15 11:06:42.414901,0.0,resnet152-inference-68b6845c4d-59p65
2026-08-15 11:06:47.410894,0.0,resnet152-inference-68b6845c4d-8fkrc
2026-08-15 11:06:47.410894,0.0,resnet152-inference-68b6845c4d-47dd4
2026-08-15 11:06:47.410894,0.0,resnet152-inference-68b6845c4d-jlgk7
2026-08-15 11:06:47.410894,0.0,resnet152-inference-68b6845c4d-59p65
2026-08-15 11:06:52.414272,0.0,resnet152-inference-68b6845c4d-8fkrc
2026-08-15 11:06:52.414272,0.0,resnet152-inference-68b6845c4d-47dd4
2026-08-15 11:06:52.414272,0.0,resnet152-inference-68b6845c4d-jlgk7
2026-08-15 11:06:52.414272,0.0,resnet152-inference-68b6845c4d-59p65
2026-08-15 11:06:57.415076,0.0,resnet152-inference-68b6845c4d-8fkrc
2026-08-15 11:06:57.415076,0.0,resnet152-inference-68b6845c4d-47dd4
2026-08-15 11:06:57.415076,0.0,resnet152-inference-68b6845c4d-jlgk7
2026-08-15 11:06:57.415076,0.0,resnet152-inference-68b6845c4d-59p65
2026-08-15 11:07:02.413616,0.0,resnet152-inference-68b6845c4d-8fkrc
2026-08-15 11:07:02.413616,0.0,resnet152-inference-68b6845c4d-47dd4
2026-08-15 11:07:02.413616,0.0,resnet152-inference-68b6845c4d-jlgk7
2026-08-15 11:07:02.413616,0.0,resnet152-inference-68b6845c4d-59p65
2026-08-15 11:07:07.415186,0.0,resnet152-inference-68b6845c4d-8fkrc
2026-08-15 11:07:07.415186,0.0,resnet152-inference-68b6845c4d-47dd4
2026-08-15 11:07:07.415186,0.0,resnet152-inference-68b6845c4d-jlgk7
2026-08-15 11:07:07.415186,0.0,resnet152-inference-68b6845c4d-59p65
2026-08-15 11:07:12.411623,0.0,resnet152-inference-68b6845c4d-8fkrc
2026-08-15 11:07:12.411623,0.0,resnet152-inference-68b6845c4d-47dd4
2026-08-15 11:07:12.411623,0.0,resnet152-inference-68b6845c4d-jlgk7
2026-08-15 11:07:12.411623,0.0,resnet152-inference-68b6845c4d-59p65
2026-08-15 11:07:17.414765,0.0,resnet152-inference-68b6845c4d-8fkrc
2026-08-15 11:07:17.414765,0.0,resnet152-inference-68b6845c4d-47dd4
2026-08-15 11:07:17.414765,0.0,resnet152-inference-68b6845c4d-jlgk7
2026-08-15 11:07:17.414765,0.0,resnet152-inference-68b6845c4d-59p65
2026-08-15 11:07:22.415045,0.0,resnet152-inference-68b6845c4d-8fkrc
2026-08-15 11:07:22.415045,0.0,resnet152-inference-68b6845c4d-47dd4
2026-08-15 11:07:22.415045,0.0,resnet152-inference-68b6845c4d-jlgk7
2026-08-15 11:07:22.415045,0.0,resnet152-inference-68b6845c4d-59p65
2026-08-15 11:07:27.411809,0.0,resnet152-inference-68b6845c4d-8fkrc
2026-08-15 11:07:27.411809,0.0,resnet152-inference-68b6845c4d-47dd4
2026-08-15 11:07:27.411809,0.0,resnet152-inference-68b6845c4d-jlgk7
2026-08-15 11:07:27.411809,0.0,resnet152-inference-68b6845c4d-59p65
2026-08-15 11:07:32.415063,0.0,resnet152-inference-68b6845c4d-8fkrc
2026-08-15 11:07:32.415063,0.0,resnet152-inference-68b6845c4d-47dd4
2026-08-15 11:07:32.415063,0.0,resnet152-inference-68b6845c4d-jlgk7
2026-08-15 11:07:32.415063,0.0,resnet152-inference-68b6845c4d-59p65
2026-08-15 11:07:37.413867,0.0,resnet152-inference-68b6845c4d-8fkrc
2026-08-15 11:07:37.413867,0.0,resnet152-inference-68b6845c4d-47dd4
2026-08-15 11:07:37.413867,0.0,resnet152-inference-68b6845c4d-jlgk7
2026-08-15 11:07:37.413867,0.0,resnet152-inference-68b6845c4d-59p65
2026-08-15 11:07:42.412820,0.0,resnet152-inference-68b6845c4d-8fkrc
2026-08-15 11:07:42.412820,0.0,resnet152-inference-68b6845c4d-47dd4
2026-08-15 11:07:42.412820,0.0,resnet152-inference-68b6845c4d-jlgk7
2026-08-15 11:07:42.412820,0.0,resnet152-inference-68b6845c4d-59p65
2026-08-15 11:07:47.415080,0.0,resnet152-inference-68b6845c4d-8fkrc
2026-08-15 11:07:47.415080,0.0,resnet152-inference-68b6845c4d-47dd4
2026-08-15 11:07:47.415080,0.0,resnet152-inference-68b6845c4d-jlgk7
2026-08-15 11:07:47.415080,0.0,resnet152-inference-68b6845c4d-59p65
2026-08-15 11:07:52.415042,0.0,resnet152-inference-68b6845c4d-8fkrc
2026-08-15 11:07:52.415042,0.0,resnet152-inference-68b6845c4d-47dd4
2026-08-15 11:07:52.415042,0.0,resnet152-inference-68b6845c4d-jlgk7
2026-08-15 11:07:52.415042,0.0,resnet152-inference-68b6845c4d-59p65
2026-08-15 11:07:57.414885,0.0,resnet152-inference-68b6845c4d-8fkrc
2026-08-15 11:07:57.414885,0.0,resnet152-inference-68b6845c4d-47dd4
2026-08-15 11:07:57.414885,0.0,resnet152-inference-68b6845c4d-jlgk7
2026-08-15 11:07:57.414885,0.0,resnet152-inference-68b6845c4d-59p65
2026-08-15 11:08:02.415048,0.0,resnet152-inference-68b6845c4d-8fkrc
2026-08-15 11:08:02.415048,0.0,resnet152-inference-68b6845c4d-47dd4
2026-08-15 11:08:02.415048,0.0,resnet152-inference-68b6845c4d-jlgk7
2026-08-15 11:08:02.415048,0.0,resnet152-inference-68b6845c4d-59p65
2026-08-15 11:08:07.414954,0.0,resnet152-inference-68b6845c4d-8fkrc
2026-08-15 11:08:07.414954,0.0,resnet152-inference-68b6845c4d-47dd4
2026-08-15 11:08:07.414954,0.0,resnet152-inference-68b6845c4d-jlgk7
2026-08-15 11:08:07.414954,0.0,resnet152-inference-68b6845c4d-59p65
2026-08-15 11:08:12.415047,0.0,resnet152-inference-68b6845c4d-8fkrc
2026-08-15 11:08:12.415047,0.0,resnet152-inference-68b6845c4d-47dd4
2026-08-15 11:08:12.415047,0.0,resnet152-inference-68b6845c4d-jlgk7
2026-08-15 11:08:12.415047,0.0,resnet152-inference-68b6845c4d-59p65
2026-08-15 11:08:17.412768,0.0,resnet152-inference-68b6845c4d-8fkrc
2026-08-15 11:08:17.412768,0.0,resnet152-inference-68b6845c4d-47dd4
2026-08-15 11:08:17.412768,0.0,resnet152-inference-68b6845c4d-jlgk7
2026-08-15 11:08:17.412768,0.0,resnet152-inference-68b6845c4d-59p65
2026-08-15 11:08:22.412973,0.0,resnet152-inference-68b6845c4d-8fkrc
2026-08-15 11:08:22.412973,0.0,resnet152-inference-68b6845c4d-47dd4
2026-08-15 11:08:22.412973,0.0,resnet152-inference-68b6845c4d-jlgk7
2026-08-15 11:08:22.412973,0.0,resnet152-inference-68b6845c4d-59p65
2026-08-15 11:08:27.415035,0.0,resnet152-inference-68b6845c4d-8fkrc
2026-08-15 11:08:27.415035,0.0,resnet152-inference-68b6845c4d-47dd4
2026-08-15 11:08:27.415035,0.0,resnet152-inference-68b6845c4d-jlgk7
2026-08-15 11:08:27.415035,0.0,resnet152-inference-68b6845c4d-59p65
2026-08-15 11:08:32.411526,0.0,resnet152-inference-68b6845c4d-8fkrc
2026-08-15 11:08:32.411526,0.0,resnet152-inference-68b6845c4d-47dd4
2026-08-15 11:08:32.411526,0.0,resnet152-inference-68b6845c4d-jlgk7
2026-08-15 11:08:32.411526,0.0,resnet152-inference-68b6845c4d-59p65
2026-08-15 11:08:37.413154,0.0,resnet152-inference-68b6845c4d-8fkrc
2026-08-15 11:08:37.413154,0.0,resnet152-inference-68b6845c4d-47dd4
2026-08-15 11:08:37.413154,0.0,resnet152-inference-68b6845c4d-jlgk7
2026-08-15 11:08:37.413154,0.0,resnet152-inference-68b6845c4d-59p65
2026-08-15 11:08:42.413376,0.0,resnet152-inference-68b6845c4d-8fkrc
2026-08-15 11:08:42.413376,0.0,resnet152-inference-68b6845c4d-47dd4
2026-08-15 11:08:42.413376,0.0,resnet152-inference-68b6845c4d-jlgk7
2026-08-15 11:08:42.413376,0.0,resnet152-inference-68b6845c4d-59p65
2026-08-15 11:08:47.414902,0.0,resnet152-inference-68b6845c4d-8fkrc
2026-08-15 11:08:47.414902,0.0,resnet152-inference-68b6845c4d-47dd4
2026-08-15 11:08:47.414902,0.0,resnet152-inference-68b6845c4d-jlgk7
2026-08-15 11:08:47.414902,0.0,resnet152-inference-68b6845c4d-59p65
2026-08-15 11:08:52.415042,0.0,resnet152-inference-68b6845c4d-8fkrc
2026-08-15 11:08:52.415042,0.0,resnet152-inference-68b6845c4d-47dd4
2026-08-15 11:08:52.415042,0.0,resnet152-inference-68b6845c4d-jlgk7
2026-08-15 11:08:52.415042,0.0,resnet152-inference-68b6845c4d-59p65
2026-08-15 11:08:57.415020,0.0,resnet152-inference-68b6845c4d-8fkrc
2026-08-15 11:08:57.415020,0.0,resnet152-inference-68b6845c4d-47dd4
2026-08-15 11:08:57.415020,0.0,resnet152-inference-68b6845c4d-jlgk7
2026-08-15 11:08:57.415020,0.0,resnet152-inference-68b6845c4d-59p65
2026-08-15 11:09:02.410882,0.0,resnet152-inference-68b6845c4d-8fkrc
2026-08-15 11:09:02.410882,0.0,resnet152-inference-68b6845c4d-47dd4
2026-08-15 11:09:02.410882,0.0,resnet152-inference-68b6845c4d-jlgk7
2026-08-15 11:09:02.410882,0.0,resnet152-inference-68b6845c4d-59p65
2026-08-15 11:09:07.415226,0.0,resnet152-inference-68b6845c4d-8fkrc
2026-08-15 11:09:07.415226,0.0,resnet152-inference-68b6845c4d-47dd4
2026-08-15 11:09:07.415226,0.0,resnet152-inference-68b6845c4d-jlgk7
2026-08-15 11:09:07.415226,0.0,resnet152-inference-68b6845c4d-59p65
2026-08-15 11:09:12.413578,0.0,resnet152-inference-68b6845c4d-8fkrc
2026-08-15 11:09:12.413578,0.0,resnet152-inference-68b6845c4d-47dd4
2026-08-15 11:09:12.413578,0.0,resnet152-inference-68b6845c4d-jlgk7
2026-08-15 11:09:12.413578,0.0,resnet152-inference-68b6845c4d-59p65
2026-08-15 11:09:17.415019,0.0,resnet152-inference-68b6845c4d-8fkrc
2026-08-15 11:09:17.415019,0.0,resnet152-inference-68b6845c4d-47dd4
2026-08-15 11:09:17.415019,0.0,resnet152-inference-68b6845c4d-jlgk7
2026-08-15 11:09:17.415019,0.0,resnet152-inference-68b6845c4d-59p65
2026-08-15 11:09:22.414704,0.0,resnet152-inference-68b6845c4d-8fkrc
2026-08-15 11:09:22.414704,0.0,resnet152-inference-68b6845c4d-47dd4
2026-08-15 11:09:22.414704,0.0,resnet152-inference-68b6845c4d-jlgk7
2026-08-15 11:09:22.414704,0.0,resnet152-inference-68b6845c4d-59p65
2026-08-15 11:09:27.415045,0.0,resnet152-inference-68b6845c4d-8fkrc
2026-08-15 11:09:27.415045,0.0,resnet152-inference-68b6845c4d-47dd4
2026-08-15 11:09:27.415045,0.0,resnet152-inference-68b6845c4d-jlgk7
2026-08-15 11:09:27.415045,0.0,resnet152-inference-68b6845c4d-59p65
2026-08-15 11:09:32.411655,0.0,resnet152-inference-68b6845c4d-8fkrc
2026-08-15 11:09:32.411655,0.0,resnet152-inference-68b6845c4d-47dd4
2026-08-15 11:09:32.411655,0.0,resnet152-inference-68b6845c4d-jlgk7
2026-08-15 11:09:32.411655,0.0,resnet152-inference-68b6845c4d-59p65
2026-08-15 11:09:37.412983,0.0,resnet152-inference-68b6845c4d-8fkrc
2026-08-15 11:09:37.412983,0.0,resnet152-inference-68b6845c4d-47dd4
2026-08-15 11:09:37.412983,0.0,resnet152-inference-68b6845c4d-jlgk7
2026-08-15 11:09:37.412983,0.0,resnet152-inference-68b6845c4d-59p65
2026-08-15 11:09:42.415052,0.0,resnet152-inference-68b6845c4d-8fkrc
2026-08-15 11:09:42.415052,0.0,resnet152-inference-68b6845c4d-47dd4
2026-08-15 11:09:42.415052,0.0,resnet152-inference-68b6845c4d-jlgk7
2026-08-15 11:09:42.415052,0.0,resnet152-inference-68b6845c4d-59p65
2026-08-15 11:09:47.412417,0.0,resnet152-inference-68b6845c4d-8fkrc
2026-08-15 11:09:47.412417,0.0,resnet152-inference-68b6845c4d-47dd4
2026-08-15 11:09:47.412417,0.0,resnet152-inference-68b6845c4d-jlgk7
2026-08-15 11:09:47.412417,0.0,resnet152-inference-68b6845c4d-59p65
2026-08-15 11:09:52.410459,0.0,resnet152-inference-68b6845c4d-8fkrc
2026-08-15 11:09:52.410459,0.0,resnet152-inference-68b6845c4d-47dd4
2026-08-15 11:09:52.410459,0.0,resnet152-inference-68b6845c4d-jlgk7
2026-08-15 11:09:52.410459,0.0,resnet152-inference-68b6845c4d-59p65
2026-08-15 11:09:57.415080,0.0,resnet152-inference-68b6845c4d-8fkrc
2026-08-15 11:09:57.415080,0.0,resnet152-inference-68b6845c4d-47dd4
2026-08-15 11:09:57.415080,0.0,resnet152-inference-68b6845c4d-jlgk7
2026-08-15 11:09:57.415080,0.0,resnet152-inference-68b6845c4d-59p65
2026-08-15 11:10:02.415032,0.0,resnet152-inference-68b6845c4d-8fkrc
2026-08-15 11:10:02.415032,0.0,resnet152-inference-68b6845c4d-47dd4
2026-08-15 11:10:02.415032,0.0,resnet152-inference-68b6845c4d-jlgk7
2026-08-15 11:10:02.415032,0.0,resnet152-inference-68b6845c4d-59p65
2026-08-15 11:10:07.413355,0.0,resnet152-inference-68b6845c4d-8fkrc
2026-08-15 11:10:07.413355,0.0,resnet152-inference-68b6845c4d-47dd4
2026-08-15 11:10:07.413355,0.0,resnet152-inference-68b6845c4d-jlgk7
2026-08-15 11:10:07.413355,0.0,resnet152-inference-68b6845c4d-59p65
2026-08-15 11:10:12.412948,0.0,resnet152-inference-68b6845c4d-8fkrc
2026-08-15 11:10:12.412948,0.0,resnet152-inference-68b6845c4d-47dd4
2026-08-15 11:10:12.412948,0.0,resnet152-inference-68b6845c4d-jlgk7
2026-08-15 11:10:12.412948,0.0,resnet152-inference-68b6845c4d-59p65
2026-08-15 11:10:17.415232,0.0,resnet152-inference-68b6845c4d-8fkrc
2026-08-15 11:10:17.415232,0.0,resnet152-inference-68b6845c4d-47dd4
2026-08-15 11:10:17.415232,0.0,resnet152-inference-68b6845c4d-jlgk7
2026-08-15 11:10:17.415232,0.0,resnet152-inference-68b6845c4d-59p65
2026-08-15 11:10:22.411318,0.0,resnet152-inference-68b6845c4d-8fkrc
2026-08-15 11:10:22.411318,0.0,resnet152-inference-68b6845c4d-47dd4
2026-08-15 11:10:22.411318,0.0,resnet152-inference-68b6845c4d-jlgk7
2026-08-15 11:10:22.411318,0.0,resnet152-inference-68b6845c4d-59p65
2026-08-15 11:10:27.415049,0.0,resnet152-inference-68b6845c4d-8fkrc
2026-08-15 11:10:27.415049,0.0,resnet152-inference-68b6845c4d-47dd4
2026-08-15 11:10:27.415049,0.0,resnet152-inference-68b6845c4d-jlgk7
2026-08-15 11:10:27.415049,0.0,resnet152-inference-68b6845c4d-59p65
2026-08-15 11:10:32.415049,0.0,resnet152-inference-68b6845c4d-8fkrc
2026-08-15 11:10:32.415049,0.0,resnet152-inference-68b6845c4d-47dd4
2026-08-15 11:10:32.415049,0.0,resnet152-inference-68b6845c4d-jlgk7
2026-08-15 11:10:32.415049,0.0,resnet152-inference-68b6845c4d-59p65
2026-08-15 11:10:37.415013,0.0,resnet152-inference-68b6845c4d-8fkrc
2026-08-15 11:10:37.415013,0.0,resnet152-inference-68b6845c4d-47dd4
2026-08-15 11:10:37.415013,0.0,resnet152-inference-68b6845c4d-jlgk7
2026-08-15 11:10:37.415013,0.0,resnet152-inference-68b6845c4d-59p65
2026-08-15 11:10:42.415069,0.0,resnet152-inference-68b6845c4d-8fkrc
2026-08-15 11:10:42.415069,0.0,resnet152-inference-68b6845c4d-47dd4
2026-08-15 11:10:42.415069,0.0,resnet152-inference-68b6845c4d-jlgk7
2026-08-15 11:10:42.415069,0.0,resnet152-inference-68b6845c4d-59p65
2026-08-15 11:10:47.411062,0.0,resnet152-inference-68b6845c4d-8fkrc
2026-08-15 11:10:47.411062,0.0,resnet152-inference-68b6845c4d-47dd4
2026-08-15 11:10:47.411062,0.0,resnet152-inference-68b6845c4d-jlgk7
2026-08-15 11:10:47.411062,0.0,resnet152-inference-68b6845c4d-59p65
2026-08-15 11:10:52.414889,0.0,resnet152-inference-68b6845c4d-8fkrc
2026-08-15 11:10:52.414889,0.0,resnet152-inference-68b6845c4d-47dd4
2026-08-15 11:10:52.414889,0.0,resnet152-inference-68b6845c4d-jlgk7
2026-08-15 11:10:52.414889,0.0,resnet152-inference-68b6845c4d-59p65
2026-08-15 11:10:57.414923,0.0,resnet152-inference-68b6845c4d-8fkrc
2026-08-15 11:10:57.414923,0.0,resnet152-inference-68b6845c4d-47dd4
2026-08-15 11:10:57.414923,0.0,resnet152-inference-68b6845c4d-jlgk7
2026-08-15 11:10:57.414923,0.0,resnet152-inference-68b6845c4d-59p65
2026-08-15 11:11:02.410289,0.0,resnet152-inference-68b6845c4d-8fkrc
2026-08-15 11:11:02.410289,0.0,resnet152-inference-68b6845c4d-47dd4
2026-08-15 11:11:02.410289,0.0,resnet152-inference-68b6845c4d-jlgk7
2026-08-15 11:11:02.410289,0.0,resnet152-inference-68b6845c4d-59p65
2026-08-15 11:11:07.414421,0.0,resnet152-inference-68b6845c4d-8fkrc
2026-08-15 11:11:07.414421,0.0,resnet152-inference-68b6845c4d-47dd4
2026-08-15 11:11:07.414421,0.0,resnet152-inference-68b6845c4d-jlgk7
2026-08-15 11:11:07.414421,0.0,resnet152-inference-68b6845c4d-59p65
2026-08-15 11:11:12.415046,0.0,resnet152-inference-68b6845c4d-8fkrc
2026-08-15 11:11:12.415046,0.0,resnet152-inference-68b6845c4d-47dd4
2026-08-15 11:11:12.415046,0.0,resnet152-inference-68b6845c4d-jlgk7
2026-08-15 11:11:12.415046,0.0,resnet152-inference-68b6845c4d-59p65
2026-08-15 11:11:17.410523,0.0,resnet152-inference-68b6845c4d-8fkrc
2026-08-15 11:11:17.410523,0.0,resnet152-inference-68b6845c4d-47dd4
2026-08-15 11:11:17.410523,0.0,resnet152-inference-68b6845c4d-jlgk7
2026-08-15 11:11:17.410523,0.0,resnet152-inference-68b6845c4d-59p65
2026-08-15 11:11:22.415045,0.0,resnet152-inference-68b6845c4d-8fkrc
2026-08-15 11:11:22.415045,0.0,resnet152-inference-68b6845c4d-47dd4
2026-08-15 11:11:22.415045,0.0,resnet152-inference-68b6845c4d-jlgk7
2026-08-15 11:11:22.415045,0.0,resnet152-inference-68b6845c4d-59p65
2026-08-15 11:11:27.414208,0.0,resnet152-inference-68b6845c4d-8fkrc
2026-08-15 11:11:27.414208,0.0,resnet152-inference-68b6845c4d-47dd4
2026-08-15 11:11:27.414208,0.0,resnet152-inference-68b6845c4d-jlgk7
2026-08-15 11:11:27.414208,0.0,resnet152-inference-68b6845c4d-59p65
2026-08-15 11:11:32.413880,0.0,resnet152-inference-68b6845c4d-8fkrc
2026-08-15 11:11:32.413880,0.0,resnet152-inference-68b6845c4d-47dd4
2026-08-15 11:11:32.413880,0.0,resnet152-inference-68b6845c4d-jlgk7
2026-08-15 11:11:32.413880,0.0,resnet152-inference-68b6845c4d-59p65
2026-08-15 11:11:37.413428,0.0,resnet152-inference-68b6845c4d-8fkrc
2026-08-15 11:11:37.413428,0.0,resnet152-inference-68b6845c4d-47dd4
2026-08-15 11:11:37.413428,0.0,resnet152-inference-68b6845c4d-jlgk7
2026-08-15 11:11:37.413428,0.0,resnet152-inference-68b6845c4d-59p65
2026-08-15 11:11:42.413064,0.0,resnet152-inference-68b6845c4d-8fkrc
2026-08-15 11:11:42.413064,0.0,resnet152-inference-68b6845c4d-47dd4
2026-08-15 11:11:42.413064,0.0,resnet152-inference-68b6845c4d-jlgk7
2026-08-15 11:11:42.413064,0.0,resnet152-inference-68b6845c4d-59p65
2026-08-15 11:11:47.415065,0.0,resnet152-inference-68b6845c4d-8fkrc
2026-08-15 11:11:47.415065,0.0,resnet152-inference-68b6845c4d-47dd4
2026-08-15 11:11:47.415065,0.0,resnet152-inference-68b6845c4d-jlgk7
2026-08-15 11:11:47.415065,0.0,resnet152-inference-68b6845c4d-59p65
2026-08-15 11:11:52.415034,0.0,resnet152-inference-68b6845c4d-8fkrc
2026-08-15 11:11:52.415034,0.0,resnet152-inference-68b6845c4d-47dd4
2026-08-15 11:11:52.415034,0.0,resnet152-inference-68b6845c4d-jlgk7
2026-08-15 11:11:52.415034,0.0,resnet152-inference-68b6845c4d-59p65
2026-08-15 11:11:57.415066,0.0,resnet152-inference-68b6845c4d-8fkrc
2026-08-15 11:11:57.415066,0.0,resnet152-inference-68b6845c4d-47dd4
2026-08-15 11:11:57.415066,0.0,resnet152-inference-68b6845c4d-jlgk7
2026-08-15 11:11:57.415066,0.0,resnet152-inference-68b6845c4d-59p65
2026-08-15 11:12:02.414565,0.0,resnet152-inference-68b6845c4d-8fkrc
2026-08-15 11:12:02.414565,0.0,resnet152-inference-68b6845c4d-47dd4
2026-08-15 11:12:02.414565,0.0,resnet152-inference-68b6845c4d-jlgk7
2026-08-15 11:12:02.414565,0.0,resnet152-inference-68b6845c4d-59p65
2026-08-15 11:12:07.415036,0.0,resnet152-inference-68b6845c4d-8fkrc
2026-08-15 11:12:07.415036,0.0,resnet152-inference-68b6845c4d-47dd4
2026-08-15 11:12:07.415036,0.0,resnet152-inference-68b6845c4d-jlgk7
2026-08-15 11:12:07.415036,0.0,resnet152-inference-68b6845c4d-59p65
2026-08-15 11:12:12.415032,0.0,resnet152-inference-68b6845c4d-8fkrc
2026-08-15 11:12:12.415032,0.0,resnet152-inference-68b6845c4d-47dd4
2026-08-15 11:12:12.415032,0.0,resnet152-inference-68b6845c4d-jlgk7
2026-08-15 11:12:12.415032,0.0,resnet152-inference-68b6845c4d-59p65
2026-08-15 11:12:17.415041,0.0,resnet152-inference-68b6845c4d-8fkrc
2026-08-15 11:12:17.415041,0.0,resnet152-inference-68b6845c4d-47dd4
2026-08-15 11:12:17.415041,0.0,resnet152-inference-68b6845c4d-jlgk7
2026-08-15 11:12:17.415041,0.0,resnet152-inference-68b6845c4d-59p65
2026-08-15 11:12:22.414792,0.0,resnet152-inference-68b6845c4d-8fkrc
2026-08-15 11:12:22.414792,0.0,resnet152-inference-68b6845c4d-47dd4
2026-08-15 11:12:22.414792,0.0,resnet152-inference-68b6845c4d-jlgk7
2026-08-15 11:12:22.414792,0.0,resnet152-inference-68b6845c4d-59p65
2026-08-15 11:12:27.413545,0.0,resnet152-inference-68b6845c4d-8fkrc
2026-08-15 11:12:27.413545,0.0,resnet152-inference-68b6845c4d-47dd4
2026-08-15 11:12:27.413545,0.0,resnet152-inference-68b6845c4d-jlgk7
2026-08-15 11:12:27.413545,0.0,resnet152-inference-68b6845c4d-59p65
2026-08-15 11:12:32.413351,0.0,resnet152-inference-68b6845c4d-8fkrc
2026-08-15 11:12:32.413351,0.0,resnet152-inference-68b6845c4d-47dd4
2026-08-15 11:12:32.413351,0.0,resnet152-inference-68b6845c4d-jlgk7
2026-08-15 11:12:32.413351,0.0,resnet152-inference-68b6845c4d-59p65
2026-08-15 11:12:37.413997,0.0,resnet152-inference-68b6845c4d-8fkrc
2026-08-15 11:12:37.413997,0.0,resnet152-inference-68b6845c4d-47dd4
2026-08-15 11:12:37.413997,0.0,resnet152-inference-68b6845c4d-jlgk7
2026-08-15 11:12:37.413997,0.0,resnet152-inference-68b6845c4d-59p65
2026-08-15 11:12:42.414070,0.0,resnet152-inference-68b6845c4d-8fkrc
2026-08-15 11:12:42.414070,0.0,resnet152-inference-68b6845c4d-47dd4
2026-08-15 11:12:42.414070,0.0,resnet152-inference-68b6845c4d-jlgk7
2026-08-15 11:12:42.414070,0.0,resnet152-inference-68b6845c4d-59p65
2026-08-15 11:12:47.415040,0.0,resnet152-inference-68b6845c4d-8fkrc
2026-08-15 11:12:47.415040,0.0,resnet152-inference-68b6845c4d-47dd4
2026-08-15 11:12:47.415040,0.0,resnet152-inference-68b6845c4d-jlgk7
2026-08-15 11:12:47.415040,0.0,resnet152-inference-68b6845c4d-59p65
2026-08-15 11:12:52.413872,0.0,resnet152-inference-68b6845c4d-8fkrc
2026-08-15 11:12:52.413872,0.0,resnet152-inference-68b6845c4d-47dd4
2026-08-15 11:12:52.413872,0.0,resnet152-inference-68b6845c4d-jlgk7
2026-08-15 11:12:52.413872,0.0,resnet152-inference-68b6845c4d-59p65
2026-08-15 11:12:57.413419,0.0,resnet152-inference-68b6845c4d-8fkrc
2026-08-15 11:12:57.413419,0.0,resnet152-inference-68b6845c4d-47dd4
2026-08-15 11:12:57.413419,0.0,resnet152-inference-68b6845c4d-jlgk7
2026-08-15 11:12:57.413419,0.0,resnet152-inference-68b6845c4d-59p65
2026-08-15 11:13:02.415045,0.0,resnet152-inference-68b6845c4d-8fkrc
2026-08-15 11:13:02.415045,0.0,resnet152-inference-68b6845c4d-47dd4
2026-08-15 11:13:02.415045,0.0,resnet152-inference-68b6845c4d-jlgk7
2026-08-15 11:13:02.415045,0.0,resnet152-inference-68b6845c4d-59p65
2026-08-15 11:13:07.414892,0.0,resnet152-inference-68b6845c4d-8fkrc
2026-08-15 11:13:07.414892,0.0,resnet152-inference-68b6845c4d-47dd4
2026-08-15 11:13:07.414892,0.0,resnet152-inference-68b6845c4d-jlgk7
2026-08-15 11:13:07.414892,0.0,resnet152-inference-68b6845c4d-59p65
2026-08-15 11:13:12.415034,0.0,resnet152-inference-68b6845c4d-8fkrc
2026-08-15 11:13:12.415034,0.0,resnet152-inference-68b6845c4d-47dd4
2026-08-15 11:13:12.415034,0.0,resnet152-inference-68b6845c4d-jlgk7
2026-08-15 11:13:12.415034,0.0,resnet152-inference-68b6845c4d-59p65
2026-08-15 11:13:17.414940,0.0,resnet152-inference-68b6845c4d-8fkrc
2026-08-15 11:13:17.414940,0.0,resnet152-inference-68b6845c4d-47dd4
2026-08-15 11:13:17.414940,0.0,resnet152-inference-68b6845c4d-jlgk7
2026-08-15 11:13:17.414940,0.0,resnet152-inference-68b6845c4d-59p65
2026-08-15 11:13:22.414917,0.0,resnet152-inference-68b6845c4d-8fkrc
2026-08-15 11:13:22.414917,0.0,resnet152-inference-68b6845c4d-47dd4
2026-08-15 11:13:22.414917,0.0,resnet152-inference-68b6845c4d-jlgk7
2026-08-15 11:13:22.414917,0.0,resnet152-inference-68b6845c4d-59p65
2026-08-15 11:13:27.412899,0.0,resnet152-inference-68b6845c4d-8fkrc
2026-08-15 11:13:27.412899,0.0,resnet152-inference-68b6845c4d-47dd4
2026-08-15 11:13:27.412899,0.0,resnet152-inference-68b6845c4d-jlgk7
2026-08-15 11:13:27.412899,0.0,resnet152-inference-68b6845c4d-59p65
2026-08-15 11:13:32.415090,0.0,resnet152-inference-68b6845c4d-8fkrc
2026-08-15 11:13:32.415090,0.0,resnet152-inference-68b6845c4d-47dd4
2026-08-15 11:13:32.415090,0.0,resnet152-inference-68b6845c4d-jlgk7
2026-08-15 11:13:32.415090,0.0,resnet152-inference-68b6845c4d-59p65
2026-08-15 11:13:37.413129,0.0,resnet152-inference-68b6845c4d-8fkrc
2026-08-15 11:13:37.413129,0.0,resnet152-inference-68b6845c4d-47dd4
2026-08-15 11:13:37.413129,0.0,resnet152-inference-68b6845c4d-jlgk7
2026-08-15 11:13:37.413129,0.0,resnet152-inference-68b6845c4d-59p65
2026-08-15 11:13:42.414404,0.0,resnet152-inference-68b6845c4d-8fkrc
2026-08-15 11:13:42.414404,0.0,resnet152-inference-68b6845c4d-47dd4
2026-08-15 11:13:42.414404,0.0,resnet152-inference-68b6845c4d-jlgk7
2026-08-15 11:13:42.414404,0.0,resnet152-inference-68b6845c4d-59p65
2026-08-15 11:13:47.411047,0.0,resnet152-inference-68b6845c4d-8fkrc
2026-08-15 11:13:47.411047,0.0,resnet152-inference-68b6845c4d-47dd4
2026-08-15 11:13:47.411047,0.0,resnet152-inference-68b6845c4d-jlgk7
2026-08-15 11:13:47.411047,0.0,resnet152-inference-68b6845c4d-59p65
2026-08-15 11:13:52.415041,0.0,resnet152-inference-68b6845c4d-8fkrc
2026-08-15 11:13:52.415041,0.0,resnet152-inference-68b6845c4d-47dd4
2026-08-15 11:13:52.415041,0.0,resnet152-inference-68b6845c4d-jlgk7
2026-08-15 11:13:52.415041,0.0,resnet152-inference-68b6845c4d-59p65
2026-08-15 11:13:57.413536,0.0,resnet152-inference-68b6845c4d-8fkrc
2026-08-15 11:13:57.413536,0.0,resnet152-inference-68b6845c4d-47dd4
2026-08-15 11:13:57.413536,0.0,resnet152-inference-68b6845c4d-jlgk7
2026-08-15 11:13:57.413536,0.0,resnet152-inference-68b6845c4d-59p65
2026-08-15 11:14:02.415071,0.0,resnet152-inference-68b6845c4d-8fkrc
2026-08-15 11:14:02.415071,0.0,resnet152-inference-68b6845c4d-47dd4
2026-08-15 11:14:02.415071,0.0,resnet152-inference-68b6845c4d-jlgk7
2026-08-15 11:14:02.415071,0.0,resnet152-inference-68b6845c4d-59p65
2026-08-15 11:14:07.410329,0.0,resnet152-inference-68b6845c4d-8fkrc
2026-08-15 11:14:07.410329,0.0,resnet152-inference-68b6845c4d-47dd4
2026-08-15 11:14:07.410329,0.0,resnet152-inference-68b6845c4d-jlgk7
2026-08-15 11:14:07.410329,0.0,resnet152-inference-68b6845c4d-59p65
2026-08-15 11:14:12.414538,0.0,resnet152-inference-68b6845c4d-8fkrc
2026-08-15 11:14:12.414538,0.0,resnet152-inference-68b6845c4d-47dd4
2026-08-15 11:14:12.414538,0.0,resnet152-inference-68b6845c4d-jlgk7
2026-08-15 11:14:12.414538,0.0,resnet152-inference-68b6845c4d-59p65
2026-08-15 11:14:17.412782,0.0,resnet152-inference-68b6845c4d-8fkrc
2026-08-15 11:14:17.412782,0.0,resnet152-inference-68b6845c4d-47dd4
2026-08-15 11:14:17.412782,0.0,resnet152-inference-68b6845c4d-jlgk7
2026-08-15 11:14:17.412782,0.0,resnet152-inference-68b6845c4d-59p65
2026-08-15 11:14:22.414882,0.0,resnet152-inference-68b6845c4d-8fkrc
2026-08-15 11:14:22.414882,0.0,resnet152-inference-68b6845c4d-47dd4
2026-08-15 11:14:22.414882,0.0,resnet152-inference-68b6845c4d-jlgk7
2026-08-15 11:14:22.414882,0.0,resnet152-inference-68b6845c4d-59p65
2026-08-15 11:14:27.414994,0.0,resnet152-inference-68b6845c4d-8fkrc
2026-08-15 11:14:27.414994,0.0,resnet152-inference-68b6845c4d-47dd4
2026-08-15 11:14:27.414994,0.0,resnet152-inference-68b6845c4d-jlgk7
2026-08-15 11:14:27.414994,0.0,resnet152-inference-68b6845c4d-59p65
2026-08-15 11:14:32.414915,0.0,resnet152-inference-68b6845c4d-8fkrc
2026-08-15 11:14:32.414915,0.0,resnet152-inference-68b6845c4d-47dd4
2026-08-15 11:14:32.414915,0.0,resnet152-inference-68b6845c4d-jlgk7
2026-08-15 11:14:32.414915,0.0,resnet152-inference-68b6845c4d-59p65
2026-08-15 11:14:37.415042,0.0,resnet152-inference-68b6845c4d-8fkrc
2026-08-15 11:14:37.415042,0.0,resnet152-inference-68b6845c4d-47dd4
2026-08-15 11:14:37.415042,0.0,resnet152-inference-68b6845c4d-jlgk7
2026-08-15 11:14:37.415042,0.0,resnet152-inference-68b6845c4d-59p65
2026-08-15 11:14:42.415048,0.0,resnet152-inference-68b6845c4d-8fkrc
2026-08-15 11:14:42.415048,0.0,resnet152-inference-68b6845c4d-47dd4
2026-08-15 11:14:42.415048,0.0,resnet152-inference-68b6845c4d-jlgk7
2026-08-15 11:14:42.415048,0.0,resnet152-inference-68b6845c4d-59p65
2026-08-15 11:14:47.415112,0.0,resnet152-inference-68b6845c4d-8fkrc
2026-08-15 11:14:47.415112,0.0,resnet152-inference-68b6845c4d-47dd4
2026-08-15 11:14:47.415112,0.0,resnet152-inference-68b6845c4d-jlgk7
2026-08-15 11:14:47.415112,0.0,resnet152-inference-68b6845c4d-59p65
2026-08-15 11:14:52.414879,0.0,resnet152-inference-68b6845c4d-8fkrc
2026-08-15 11:14:52.414879,0.0,resnet152-inference-68b6845c4d-47dd4
2026-08-15 11:14:52.414879,0.0,resnet152-inference-68b6845c4d-jlgk7
2026-08-15 11:14:52.414879,0.0,resnet152-inference-68b6845c4d-59p65
2026-08-15 11:14:57.413560,0.0,resnet152-inference-68b6845c4d-8fkrc
2026-08-15 11:14:57.413560,0.0,resnet152-inference-68b6845c4d-47dd4
2026-08-15 11:14:57.413560,0.0,resnet152-inference-68b6845c4d-jlgk7
2026-08-15 11:14:57.413560,0.0,resnet152-inference-68b6845c4d-59p65
2026-08-15 11:15:02.415081,0.0,resnet152-inference-68b6845c4d-8fkrc
2026-08-15 11:15:02.415081,0.0,resnet152-inference-68b6845c4d-47dd4
2026-08-15 11:15:02.415081,0.0,resnet152-inference-68b6845c4d-jlgk7
2026-08-15 11:15:02.415081,0.0,resnet152-inference-68b6845c4d-59p65
2026-08-15 11:15:07.412892,0.0,resnet152-inference-68b6845c4d-8fkrc
2026-08-15 11:15:07.412892,0.0,resnet152-inference-68b6845c4d-47dd4
2026-08-15 11:15:07.412892,0.0,resnet152-inference-68b6845c4d-jlgk7
2026-08-15 11:15:07.412892,0.0,resnet152-inference-68b6845c4d-59p65
2026-08-15 11:15:12.414886,0.0,resnet152-inference-68b6845c4d-8fkrc
2026-08-15 11:15:12.414886,0.0,resnet152-inference-68b6845c4d-47dd4
2026-08-15 11:15:12.414886,0.0,resnet152-inference-68b6845c4d-jlgk7
2026-08-15 11:15:12.414886,0.0,resnet152-inference-68b6845c4d-59p65
2026-08-15 11:15:17.414919,0.0,resnet152-inference-68b6845c4d-8fkrc
2026-08-15 11:15:17.414919,0.0,resnet152-inference-68b6845c4d-47dd4
2026-08-15 11:15:17.414919,0.0,resnet152-inference-68b6845c4d-jlgk7
2026-08-15 11:15:17.414919,0.0,resnet152-inference-68b6845c4d-59p65
2026-08-15 11:15:22.414665,0.0,resnet152-inference-68b6845c4d-8fkrc
2026-08-15 11:15:22.414665,0.0,resnet152-inference-68b6845c4d-47dd4
2026-08-15 11:15:22.414665,0.0,resnet152-inference-68b6845c4d-jlgk7
2026-08-15 11:15:22.414665,0.0,resnet152-inference-68b6845c4d-59p65
2026-08-15 11:15:27.411875,0.0,resnet152-inference-68b6845c4d-8fkrc
2026-08-15 11:15:27.411875,0.0,resnet152-inference-68b6845c4d-47dd4
2026-08-15 11:15:27.411875,0.0,resnet152-inference-68b6845c4d-jlgk7
2026-08-15 11:15:27.411875,0.0,resnet152-inference-68b6845c4d-59p65
2026-08-15 11:15:32.412573,0.0,resnet152-inference-68b6845c4d-8fkrc
2026-08-15 11:15:32.412573,0.0,resnet152-inference-68b6845c4d-47dd4
2026-08-15 11:15:32.412573,0.0,resnet152-inference-68b6845c4d-jlgk7
2026-08-15 11:15:32.412573,0.0,resnet152-inference-68b6845c4d-59p65
2026-08-15 11:15:37.413303,0.0,resnet152-inference-68b6845c4d-8fkrc
2026-08-15 11:15:37.413303,0.0,resnet152-inference-68b6845c4d-47dd4
2026-08-15 11:15:37.413303,0.0,resnet152-inference-68b6845c4d-jlgk7
2026-08-15 11:15:37.413303,0.0,resnet152-inference-68b6845c4d-59p65
2026-08-15 11:15:42.414169,0.0,resnet152-inference-68b6845c4d-8fkrc
2026-08-15 11:15:42.414169,0.0,resnet152-inference-68b6845c4d-47dd4
2026-08-15 11:15:42.414169,0.0,resnet152-inference-68b6845c4d-jlgk7
2026-08-15 11:15:42.414169,0.0,resnet152-inference-68b6845c4d-59p65
2026-08-15 11:15:47.415033,0.0,resnet152-inference-68b6845c4d-8fkrc
2026-08-15 11:15:47.415033,0.0,resnet152-inference-68b6845c4d-47dd4
2026-08-15 11:15:47.415033,0.0,resnet152-inference-68b6845c4d-jlgk7
2026-08-15 11:15:47.415033,0.0,resnet152-inference-68b6845c4d-59p65
2026-08-15 11:15:52.413531,0.0,resnet152-inference-68b6845c4d-8fkrc
2026-08-15 11:15:52.413531,0.0,resnet152-inference-68b6845c4d-47dd4
2026-08-15 11:15:52.413531,0.0,resnet152-inference-68b6845c4d-jlgk7
2026-08-15 11:15:52.413531,0.0,resnet152-inference-68b6845c4d-59p65
2026-08-15 11:15:57.414917,0.0,resnet152-inference-68b6845c4d-8fkrc
2026-08-15 11:15:57.414917,0.0,resnet152-inference-68b6845c4d-47dd4
2026-08-15 11:15:57.414917,0.0,resnet152-inference-68b6845c4d-jlgk7
2026-08-15 11:15:57.414917,0.0,resnet152-inference-68b6845c4d-59p65
2026-08-15 11:16:02.415041,0.0,resnet152-inference-68b6845c4d-8fkrc
2026-08-15 11:16:02.415041,0.0,resnet152-inference-68b6845c4d-47dd4
2026-08-15 11:16:02.415041,0.0,resnet152-inference-68b6845c4d-jlgk7
2026-08-15 11:16:02.415041,0.0,resnet152-inference-68b6845c4d-59p65
2026-08-15 11:16:07.415058,0.0,resnet152-inference-68b6845c4d-8fkrc
2026-08-15 11:16:07.415058,0.0,resnet152-inference-68b6845c4d-47dd4
2026-08-15 11:16:07.415058,0.0,resnet152-inference-68b6845c4d-jlgk7
2026-08-15 11:16:07.415058,0.0,resnet152-inference-68b6845c4d-59p65
2026-08-15 11:16:12.415016,0.0,resnet152-inference-68b6845c4d-8fkrc
2026-08-15 11:16:12.415016,0.0,resnet152-inference-68b6845c4d-47dd4
2026-08-15 11:16:12.415016,0.0,resnet152-inference-68b6845c4d-jlgk7
2026-08-15 11:16:12.415016,0.0,resnet152-inference-68b6845c4d-59p65
2026-08-15 11:16:17.411120,0.0,resnet152-inference-68b6845c4d-8fkrc
2026-08-15 11:16:17.411120,0.0,resnet152-inference-68b6845c4d-47dd4
2026-08-15 11:16:17.411120,0.0,resnet152-inference-68b6845c4d-jlgk7
2026-08-15 11:16:17.411120,0.0,resnet152-inference-68b6845c4d-59p65
2026-08-15 11:16:22.411586,0.0,resnet152-inference-68b6845c4d-8fkrc
2026-08-15 11:16:22.411586,0.0,resnet152-inference-68b6845c4d-47dd4
2026-08-15 11:16:22.411586,0.0,resnet152-inference-68b6845c4d-jlgk7
2026-08-15 11:16:22.411586,0.0,resnet152-inference-68b6845c4d-59p65
2026-08-15 11:16:27.414882,0.0,resnet152-inference-68b6845c4d-8fkrc
2026-08-15 11:16:27.414882,0.0,resnet152-inference-68b6845c4d-47dd4
2026-08-15 11:16:27.414882,0.0,resnet152-inference-68b6845c4d-jlgk7
2026-08-15 11:16:27.414882,0.0,resnet152-inference-68b6845c4d-59p65
2026-08-15 11:16:32.415065,0.0,resnet152-inference-68b6845c4d-8fkrc
2026-08-15 11:16:32.415065,0.0,resnet152-inference-68b6845c4d-47dd4
2026-08-15 11:16:32.415065,0.0,resnet152-inference-68b6845c4d-jlgk7
2026-08-15 11:16:32.415065,0.0,resnet152-inference-68b6845c4d-59p65
2026-08-15 11:16:37.415051,0.0,resnet152-inference-68b6845c4d-8fkrc
2026-08-15 11:16:37.415051,0.0,resnet152-inference-68b6845c4d-47dd4
2026-08-15 11:16:37.415051,0.0,resnet152-inference-68b6845c4d-jlgk7
2026-08-15 11:16:37.415051,0.0,resnet152-inference-68b6845c4d-59p65
2026-08-15 11:16:42.413617,0.0,resnet152-inference-68b6845c4d-8fkrc
2026-08-15 11:16:42.413617,0.0,resnet152-inference-68b6845c4d-47dd4
2026-08-15 11:16:42.413617,0.0,resnet152-inference-68b6845c4d-jlgk7
2026-08-15 11:16:42.413617,0.0,resnet152-inference-68b6845c4d-59p65
2026-08-15 11:16:47.415030,0.0,resnet152-inference-68b6845c4d-8fkrc
2026-08-15 11:16:47.415030,0.0,resnet152-inference-68b6845c4d-47dd4
2026-08-15 11:16:47.415030,0.0,resnet152-inference-68b6845c4d-jlgk7
2026-08-15 11:16:47.415030,0.0,resnet152-inference-68b6845c4d-59p65
2026-08-15 11:16:52.415028,0.0,resnet152-inference-68b6845c4d-8fkrc
2026-08-15 11:16:52.415028,0.0,resnet152-inference-68b6845c4d-47dd4
2026-08-15 11:16:52.415028,0.0,resnet152-inference-68b6845c4d-jlgk7
2026-08-15 11:16:52.415028,0.0,resnet152-inference-68b6845c4d-59p65
2026-08-15 11:16:57.415018,0.0,resnet152-inference-68b6845c4d-8fkrc
2026-08-15 11:16:57.415018,0.0,resnet152-inference-68b6845c4d-47dd4
2026-08-15 11:16:57.415018,0.0,resnet152-inference-68b6845c4d-jlgk7
2026-08-15 11:16:57.415018,0.0,resnet152-inference-68b6845c4d-59p65
2026-08-15 11:17:02.415035,0.0,resnet152-inference-68b6845c4d-8fkrc
2026-08-15 11:17:02.415035,0.0,resnet152-inference-68b6845c4d-47dd4
2026-08-15 11:17:02.415035,0.0,resnet152-inference-68b6845c4d-jlgk7
2026-08-15 11:17:02.415035,0.0,resnet152-inference-68b6845c4d-59p65
2026-08-15 11:17:07.412558,0.0,resnet152-inference-68b6845c4d-8fkrc
2026-08-15 11:17:07.412558,0.0,resnet152-inference-68b6845c4d-47dd4
2026-08-15 11:17:07.412558,0.0,resnet152-inference-68b6845c4d-jlgk7
2026-08-15 11:17:07.412558,0.0,resnet152-inference-68b6845c4d-59p65
2026-08-15 11:17:12.414527,0.0,resnet152-inference-68b6845c4d-8fkrc
2026-08-15 11:17:12.414527,0.0,resnet152-inference-68b6845c4d-47dd4
2026-08-15 11:17:12.414527,0.0,resnet152-inference-68b6845c4d-jlgk7
2026-08-15 11:17:12.414527,0.0,resnet152-inference-68b6845c4d-59p65
2026-08-15 11:17:17.414992,0.0,resnet152-inference-68b6845c4d-8fkrc
2026-08-15 11:17:17.414992,0.0,resnet152-inference-68b6845c4d-47dd4
2026-08-15 11:17:17.414992,0.0,resnet152-inference-68b6845c4d-jlgk7
2026-08-15 11:17:17.414992,0.0,resnet152-inference-68b6845c4d-59p65
2026-08-15 11:17:22.412773,0.0,resnet152-inference-68b6845c4d-8fkrc
2026-08-15 11:17:22.412773,0.0,resnet152-inference-68b6845c4d-47dd4
2026-08-15 11:17:22.412773,0.0,resnet152-inference-68b6845c4d-jlgk7
2026-08-15 11:17:22.412773,0.0,resnet152-inference-68b6845c4d-59p65
2026-08-15 11:17:27.415025,0.0,resnet152-inference-68b6845c4d-8fkrc
2026-08-15 11:17:27.415025,0.0,resnet152-inference-68b6845c4d-47dd4
2026-08-15 11:17:27.415025,0.0,resnet152-inference-68b6845c4d-jlgk7
2026-08-15 11:17:27.415025,0.0,resnet152-inference-68b6845c4d-59p65
2026-08-15 11:17:32.414697,0.0,resnet152-inference-68b6845c4d-8fkrc
2026-08-15 11:17:32.414697,0.0,resnet152-inference-68b6845c4d-47dd4
2026-08-15 11:17:32.414697,0.0,resnet152-inference-68b6845c4d-jlgk7
2026-08-15 11:17:32.414697,0.0,resnet152-inference-68b6845c4d-59p65
2026-08-15 11:17:37.411189,0.0,resnet152-inference-68b6845c4d-8fkrc
2026-08-15 11:17:37.411189,0.0,resnet152-inference-68b6845c4d-47dd4
2026-08-15 11:17:37.411189,0.0,resnet152-inference-68b6845c4d-jlgk7
2026-08-15 11:17:37.411189,0.0,resnet152-inference-68b6845c4d-59p65
2026-08-15 11:17:42.415043,0.0,resnet152-inference-68b6845c4d-8fkrc
2026-08-15 11:17:42.415043,0.0,resnet152-inference-68b6845c4d-47dd4
2026-08-15 11:17:42.415043,0.0,resnet152-inference-68b6845c4d-jlgk7
2026-08-15 11:17:42.415043,0.0,resnet152-inference-68b6845c4d-59p65
2026-08-15 11:17:47.412921,0.0,resnet152-inference-68b6845c4d-8fkrc
2026-08-15 11:17:47.412921,0.0,resnet152-inference-68b6845c4d-47dd4
2026-08-15 11:17:47.412921,0.0,resnet152-inference-68b6845c4d-jlgk7
2026-08-15 11:17:47.412921,0.0,resnet152-inference-68b6845c4d-59p65
2026-08-15 11:17:52.413873,0.0,resnet152-inference-68b6845c4d-8fkrc
2026-08-15 11:17:52.413873,0.0,resnet152-inference-68b6845c4d-47dd4
2026-08-15 11:17:52.413873,0.0,resnet152-inference-68b6845c4d-jlgk7
2026-08-15 11:17:52.413873,0.0,resnet152-inference-68b6845c4d-59p65
2026-08-15 11:17:57.415051,0.0,resnet152-inference-68b6845c4d-8fkrc
2026-08-15 11:17:57.415051,0.0,resnet152-inference-68b6845c4d-47dd4
2026-08-15 11:17:57.415051,0.0,resnet152-inference-68b6845c4d-jlgk7
2026-08-15 11:17:57.415051,0.0,resnet152-inference-68b6845c4d-59p65
2026-08-15 11:18:02.414892,0.0,resnet152-inference-68b6845c4d-8fkrc
2026-08-15 11:18:02.414892,0.0,resnet152-inference-68b6845c4d-47dd4
2026-08-15 11:18:02.414892,0.0,resnet152-inference-68b6845c4d-jlgk7
2026-08-15 11:18:02.414892,0.0,resnet152-inference-68b6845c4d-59p65
2026-08-15 11:18:07.411673,0.0,resnet152-inference-68b6845c4d-8fkrc
2026-08-15 11:18:07.411673,0.0,resnet152-inference-68b6845c4d-47dd4
2026-08-15 11:18:07.411673,0.0,resnet152-inference-68b6845c4d-jlgk7
2026-08-15 11:18:07.411673,0.0,resnet152-inference-68b6845c4d-59p65
2026-08-15 11:18:12.414880,0.0,resnet152-inference-68b6845c4d-8fkrc
2026-08-15 11:18:12.414880,0.0,resnet152-inference-68b6845c4d-47dd4
2026-08-15 11:18:12.414880,0.0,resnet152-inference-68b6845c4d-jlgk7
2026-08-15 11:18:12.414880,0.0,resnet152-inference-68b6845c4d-59p65
2026-08-15 11:18:17.415045,0.0,resnet152-inference-68b6845c4d-8fkrc
2026-08-15 11:18:17.415045,0.0,resnet152-inference-68b6845c4d-47dd4
2026-08-15 11:18:17.415045,0.0,resnet152-inference-68b6845c4d-jlgk7
2026-08-15 11:18:17.415045,0.0,resnet152-inference-68b6845c4d-59p65
2026-08-15 11:18:22.415044,0.0,resnet152-inference-68b6845c4d-8fkrc
2026-08-15 11:18:22.415044,0.0,resnet152-inference-68b6845c4d-47dd4
2026-08-15 11:18:22.415044,0.0,resnet152-inference-68b6845c4d-jlgk7
2026-08-15 11:18:22.415044,0.0,resnet152-inference-68b6845c4d-59p65
2026-08-15 11:18:27.414064,0.0,resnet152-inference-68b6845c4d-8fkrc
2026-08-15 11:18:27.414064,0.0,resnet152-inference-68b6845c4d-47dd4
2026-08-15 11:18:27.414064,0.0,resnet152-inference-68b6845c4d-jlgk7
2026-08-15 11:18:27.414064,0.0,resnet152-inference-68b6845c4d-59p65
2026-08-15 11:18:32.415048,0.0,resnet152-inference-68b6845c4d-8fkrc
2026-08-15 11:18:32.415048,0.0,resnet152-inference-68b6845c4d-47dd4
2026-08-15 11:18:32.415048,0.0,resnet152-inference-68b6845c4d-jlgk7
2026-08-15 11:18:32.415048,0.0,resnet152-inference-68b6845c4d-59p65
2026-08-15 11:18:37.414904,0.0,resnet152-inference-68b6845c4d-8fkrc
2026-08-15 11:18:37.414904,0.0,resnet152-inference-68b6845c4d-47dd4
2026-08-15 11:18:37.414904,0.0,resnet152-inference-68b6845c4d-jlgk7
2026-08-15 11:18:37.414904,0.0,resnet152-inference-68b6845c4d-59p65
2026-08-15 11:18:42.415015,0.0,resnet152-inference-68b6845c4d-8fkrc
2026-08-15 11:18:42.415015,0.0,resnet152-inference-68b6845c4d-47dd4
2026-08-15 11:18:42.415015,0.0,resnet152-inference-68b6845c4d-jlgk7
2026-08-15 11:18:42.415015,0.0,resnet152-inference-68b6845c4d-59p65
2026-08-15 11:18:47.415044,0.0,resnet152-inference-68b6845c4d-8fkrc
2026-08-15 11:18:47.415044,0.0,resnet152-inference-68b6845c4d-47dd4
2026-08-15 11:18:47.415044,0.0,resnet152-inference-68b6845c4d-jlgk7
2026-08-15 11:18:47.415044,0.0,resnet152-inference-68b6845c4d-59p65
2026-08-15 11:18:52.415031,0.0,resnet152-inference-68b6845c4d-8fkrc
2026-08-15 11:18:52.415031,0.0,resnet152-inference-68b6845c4d-47dd4
2026-08-15 11:18:52.415031,0.0,resnet152-inference-68b6845c4d-jlgk7
2026-08-15 11:18:52.415031,0.0,resnet152-inference-68b6845c4d-59p65
2026-08-15 11:18:57.415058,0.0,resnet152-inference-68b6845c4d-8fkrc
2026-08-15 11:18:57.415058,0.0,resnet152-inference-68b6845c4d-47dd4
2026-08-15 11:18:57.415058,0.0,resnet152-inference-68b6845c4d-jlgk7
2026-08-15 11:18:57.415058,0.0,resnet152-inference-68b6845c4d-59p65
2026-08-15 11:19:02.415167,0.0,resnet152-inference-68b6845c4d-8fkrc
2026-08-15 11:19:02.415167,0.0,resnet152-inference-68b6845c4d-47dd4
2026-08-15 11:19:02.415167,0.0,resnet152-inference-68b6845c4d-jlgk7
2026-08-15 11:19:02.415167,0.0,resnet152-inference-68b6845c4d-59p65
2026-08-15 11:19:07.415031,0.0,resnet152-inference-68b6845c4d-8fkrc
2026-08-15 11:19:07.415031,0.0,resnet152-inference-68b6845c4d-47dd4
2026-08-15 11:19:07.415031,0.0,resnet152-inference-68b6845c4d-jlgk7
2026-08-15 11:19:07.415031,0.0,resnet152-inference-68b6845c4d-59p65
2026-08-15 11:19:12.415072,0.0,resnet152-inference-68b6845c4d-8fkrc
2026-08-15 11:19:12.415072,0.0,resnet152-inference-68b6845c4d-47dd4
2026-08-15 11:19:12.415072,0.0,resnet152-inference-68b6845c4d-jlgk7
2026-08-15 11:19:12.415072,0.0,resnet152-inference-68b6845c4d-59p65
2026-08-15 11:19:17.415079,0.0,resnet152-inference-68b6845c4d-8fkrc
2026-08-15 11:19:17.415079,0.0,resnet152-inference-68b6845c4d-47dd4
2026-08-15 11:19:17.415079,0.0,resnet152-inference-68b6845c4d-jlgk7
2026-08-15 11:19:17.415079,0.0,resnet152-inference-68b6845c4d-59p65
2026-08-15 11:19:22.411719,0.0,resnet152-inference-68b6845c4d-8fkrc
2026-08-15 11:19:22.411719,0.0,resnet152-inference-68b6845c4d-47dd4
2026-08-15 11:19:22.411719,0.0,resnet152-inference-68b6845c4d-jlgk7
2026-08-15 11:19:22.411719,0.0,resnet152-inference-68b6845c4d-59p65
2026-08-15 11:19:27.413094,0.0,resnet152-inference-68b6845c4d-8fkrc
2026-08-15 11:19:27.413094,0.0,resnet152-inference-68b6845c4d-47dd4
2026-08-15 11:19:27.413094,0.0,resnet152-inference-68b6845c4d-jlgk7
2026-08-15 11:19:27.413094,0.0,resnet152-inference-68b6845c4d-59p65
2026-08-15 11:19:32.415045,0.0,resnet152-inference-68b6845c4d-8fkrc
2026-08-15 11:19:32.415045,0.0,resnet152-inference-68b6845c4d-47dd4
2026-08-15 11:19:32.415045,0.0,resnet152-inference-68b6845c4d-jlgk7
2026-08-15 11:19:32.415045,0.0,resnet152-inference-68b6845c4d-59p65
2026-08-15 11:19:37.413030,0.0,resnet152-inference-68b6845c4d-8fkrc
2026-08-15 11:19:37.413030,0.0,resnet152-inference-68b6845c4d-47dd4
2026-08-15 11:19:37.413030,0.0,resnet152-inference-68b6845c4d-jlgk7
2026-08-15 11:19:37.413030,0.0,resnet152-inference-68b6845c4d-59p65
2026-08-15 11:19:42.413877,0.0,resnet152-inference-68b6845c4d-8fkrc
2026-08-15 11:19:42.413877,0.0,resnet152-inference-68b6845c4d-47dd4
2026-08-15 11:19:42.413877,0.0,resnet152-inference-68b6845c4d-jlgk7
2026-08-15 11:19:42.413877,0.0,resnet152-inference-68b6845c4d-59p65
2026-08-15 11:19:47.414886,0.0,resnet152-inference-68b6845c4d-8fkrc
2026-08-15 11:19:47.414886,0.0,resnet152-inference-68b6845c4d-47dd4
2026-08-15 11:19:47.414886,0.0,resnet152-inference-68b6845c4d-jlgk7
2026-08-15 11:19:47.414886,0.0,resnet152-inference-68b6845c4d-59p65
2026-08-15 11:19:52.412758,0.0,resnet152-inference-68b6845c4d-8fkrc
2026-08-15 11:19:52.412758,0.0,resnet152-inference-68b6845c4d-47dd4
2026-08-15 11:19:52.412758,0.0,resnet152-inference-68b6845c4d-jlgk7
2026-08-15 11:19:52.412758,0.0,resnet152-inference-68b6845c4d-59p65
2026-08-15 11:19:57.415050,0.0,resnet152-inference-68b6845c4d-8fkrc
2026-08-15 11:19:57.415050,0.0,resnet152-inference-68b6845c4d-47dd4
2026-08-15 11:19:57.415050,0.0,resnet152-inference-68b6845c4d-jlgk7
2026-08-15 11:19:57.415050,0.0,resnet152-inference-68b6845c4d-59p65
2026-08-15 11:20:02.415049,0.0,resnet152-inference-68b6845c4d-8fkrc
2026-08-15 11:20:02.415049,0.0,resnet152-inference-68b6845c4d-47dd4
2026-08-15 11:20:02.415049,0.0,resnet152-inference-68b6845c4d-jlgk7
2026-08-15 11:20:02.415049,0.0,resnet152-inference-68b6845c4d-59p65
2026-08-15 11:20:07.415014,0.0,resnet152-inference-68b6845c4d-8fkrc
2026-08-15 11:20:07.415014,0.0,resnet152-inference-68b6845c4d-47dd4
2026-08-15 11:20:07.415014,0.0,resnet152-inference-68b6845c4d-jlgk7
2026-08-15 11:20:07.415014,0.0,resnet152-inference-68b6845c4d-59p65
2026-08-15 11:20:12.415052,0.0,resnet152-inference-68b6845c4d-8fkrc
2026-08-15 11:20:12.415052,0.0,resnet152-inference-68b6845c4d-47dd4
2026-08-15 11:20:12.415052,0.0,resnet152-inference-68b6845c4d-jlgk7
2026-08-15 11:20:12.415052,0.0,resnet152-inference-68b6845c4d-59p65
2026-08-15 11:20:17.413863,0.0,resnet152-inference-68b6845c4d-8fkrc
2026-08-15 11:20:17.413863,0.0,resnet152-inference-68b6845c4d-47dd4
2026-08-15 11:20:17.413863,0.0,resnet152-inference-68b6845c4d-jlgk7
2026-08-15 11:20:17.413863,0.0,resnet152-inference-68b6845c4d-59p65
2026-08-15 11:20:22.415118,0.0,resnet152-inference-68b6845c4d-8fkrc
2026-08-15 11:20:22.415118,0.0,resnet152-inference-68b6845c4d-47dd4
2026-08-15 11:20:22.415118,0.0,resnet152-inference-68b6845c4d-jlgk7
2026-08-15 11:20:22.415118,0.0,resnet152-inference-68b6845c4d-59p65
2026-08-15 11:20:27.413922,0.0,resnet152-inference-68b6845c4d-8fkrc
2026-08-15 11:20:27.413922,0.0,resnet152-inference-68b6845c4d-47dd4
2026-08-15 11:20:27.413922,0.0,resnet152-inference-68b6845c4d-jlgk7
2026-08-15 11:20:27.413922,0.0,resnet152-inference-68b6845c4d-59p65
2026-08-15 11:20:32.415057,0.0,resnet152-inference-68b6845c4d-8fkrc
2026-08-15 11:20:32.415057,0.0,resnet152-inference-68b6845c4d-47dd4
2026-08-15 11:20:32.415057,0.0,resnet152-inference-68b6845c4d-jlgk7
2026-08-15 11:20:32.415057,0.0,resnet152-inference-68b6845c4d-59p65
2026-08-15 11:20:37.415046,0.0,resnet152-inference-68b6845c4d-8fkrc
2026-08-15 11:20:37.415046,0.0,resnet152-inference-68b6845c4d-47dd4
2026-08-15 11:20:37.415046,0.0,resnet152-inference-68b6845c4d-jlgk7
2026-08-15 11:20:37.415046,0.0,resnet152-inference-68b6845c4d-59p65
2026-08-15 11:20:42.415014,0.0,resnet152-inference-68b6845c4d-8fkrc
2026-08-15 11:20:42.415014,0.0,resnet152-inference-68b6845c4d-47dd4
2026-08-15 11:20:42.415014,0.0,resnet152-inference-68b6845c4d-jlgk7
2026-08-15 11:20:42.415014,0.0,resnet152-inference-68b6845c4d-59p65
2026-08-15 11:20:47.414260,0.0,resnet152-inference-68b6845c4d-8fkrc
2026-08-15 11:20:47.414260,0.0,resnet152-inference-68b6845c4d-47dd4
2026-08-15 11:20:47.414260,0.0,resnet152-inference-68b6845c4d-jlgk7
2026-08-15 11:20:47.414260,0.0,resnet152-inference-68b6845c4d-59p65
2026-08-15 11:20:52.414884,0.0,resnet152-inference-68b6845c4d-8fkrc
2026-08-15 11:20:52.414884,0.0,resnet152-inference-68b6845c4d-47dd4
2026-08-15 11:20:52.414884,0.0,resnet152-inference-68b6845c4d-jlgk7
2026-08-15 11:20:52.414884,0.0,resnet152-inference-68b6845c4d-59p65
2026-08-15 11:20:57.414722,0.0,resnet152-inference-68b6845c4d-8fkrc
2026-08-15 11:20:57.414722,0.0,resnet152-inference-68b6845c4d-47dd4
2026-08-15 11:20:57.414722,0.0,resnet152-inference-68b6845c4d-jlgk7
2026-08-15 11:20:57.414722,0.0,resnet152-inference-68b6845c4d-59p65
2026-08-15 11:21:02.415142,0.0,resnet152-inference-68b6845c4d-8fkrc
2026-08-15 11:21:02.415142,0.0,resnet152-inference-68b6845c4d-47dd4
2026-08-15 11:21:02.415142,0.0,resnet152-inference-68b6845c4d-jlgk7
2026-08-15 11:21:02.415142,0.0,resnet152-inference-68b6845c4d-59p65
2026-08-15 11:21:07.413154,0.0,resnet152-inference-68b6845c4d-8fkrc
2026-08-15 11:21:07.413154,0.0,resnet152-inference-68b6845c4d-47dd4
2026-08-15 11:21:07.413154,0.0,resnet152-inference-68b6845c4d-jlgk7
2026-08-15 11:21:07.413154,0.0,resnet152-inference-68b6845c4d-59p65
2026-08-15 11:21:12.411665,0.0,resnet152-inference-68b6845c4d-8fkrc
2026-08-15 11:21:12.411665,0.0,resnet152-inference-68b6845c4d-47dd4
2026-08-15 11:21:12.411665,0.0,resnet152-inference-68b6845c4d-jlgk7
2026-08-15 11:21:12.411665,0.0,resnet152-inference-68b6845c4d-59p65
2026-08-15 11:21:17.415052,0.0,resnet152-inference-68b6845c4d-8fkrc
2026-08-15 11:21:17.415052,0.0,resnet152-inference-68b6845c4d-47dd4
2026-08-15 11:21:17.415052,0.0,resnet152-inference-68b6845c4d-jlgk7
2026-08-15 11:21:17.415052,0.0,resnet152-inference-68b6845c4d-59p65
2026-08-15 11:21:22.411785,0.0,resnet152-inference-68b6845c4d-8fkrc
2026-08-15 11:21:22.411785,0.0,resnet152-inference-68b6845c4d-47dd4
2026-08-15 11:21:22.411785,0.0,resnet152-inference-68b6845c4d-jlgk7
2026-08-15 11:21:22.411785,0.0,resnet152-inference-68b6845c4d-59p65
2026-08-15 11:21:27.414886,0.0,resnet152-inference-68b6845c4d-8fkrc
2026-08-15 11:21:27.414886,0.0,resnet152-inference-68b6845c4d-47dd4
2026-08-15 11:21:27.414886,0.0,resnet152-inference-68b6845c4d-jlgk7
2026-08-15 11:21:27.414886,0.0,resnet152-inference-68b6845c4d-59p65
2026-08-15 11:21:32.412099,0.0,resnet152-inference-68b6845c4d-8fkrc
2026-08-15 11:21:32.412099,0.0,resnet152-inference-68b6845c4d-47dd4
2026-08-15 11:21:32.412099,0.0,resnet152-inference-68b6845c4d-jlgk7
2026-08-15 11:21:32.412099,0.0,resnet152-inference-68b6845c4d-59p65
2026-08-15 11:21:37.415039,0.0,resnet152-inference-68b6845c4d-8fkrc
2026-08-15 11:21:37.415039,0.0,resnet152-inference-68b6845c4d-47dd4
2026-08-15 11:21:37.415039,0.0,resnet152-inference-68b6845c4d-jlgk7
2026-08-15 11:21:37.415039,0.0,resnet152-inference-68b6845c4d-59p65
2026-08-15 11:21:42.413358,0.0,resnet152-inference-68b6845c4d-8fkrc
2026-08-15 11:21:42.413358,0.0,resnet152-inference-68b6845c4d-47dd4
2026-08-15 11:21:42.413358,0.0,resnet152-inference-68b6845c4d-jlgk7
2026-08-15 11:21:42.413358,0.0,resnet152-inference-68b6845c4d-59p65
2026-08-15 11:21:47.414881,0.0,resnet152-inference-68b6845c4d-8fkrc
2026-08-15 11:21:47.414881,0.0,resnet152-inference-68b6845c4d-47dd4
2026-08-15 11:21:47.414881,0.0,resnet152-inference-68b6845c4d-jlgk7
2026-08-15 11:21:47.414881,0.0,resnet152-inference-68b6845c4d-59p65
2026-08-15 11:21:52.415060,0.0,resnet152-inference-68b6845c4d-8fkrc
2026-08-15 11:21:52.415060,0.0,resnet152-inference-68b6845c4d-47dd4
2026-08-15 11:21:52.415060,0.0,resnet152-inference-68b6845c4d-jlgk7
2026-08-15 11:21:52.415060,0.0,resnet152-inference-68b6845c4d-59p65
2026-08-15 11:21:57.410281,0.0,resnet152-inference-68b6845c4d-8fkrc
2026-08-15 11:21:57.410281,0.0,resnet152-inference-68b6845c4d-47dd4
2026-08-15 11:21:57.410281,0.0,resnet152-inference-68b6845c4d-jlgk7
2026-08-15 11:21:57.410281,0.0,resnet152-inference-68b6845c4d-59p65
2026-08-15 11:22:02.413521,0.0,resnet152-inference-68b6845c4d-8fkrc
2026-08-15 11:22:02.413521,0.0,resnet152-inference-68b6845c4d-47dd4
2026-08-15 11:22:02.413521,0.0,resnet152-inference-68b6845c4d-jlgk7
2026-08-15 11:22:02.413521,0.0,resnet152-inference-68b6845c4d-59p65
2026-08-15 11:22:07.415047,0.0,resnet152-inference-68b6845c4d-8fkrc
2026-08-15 11:22:07.415047,0.0,resnet152-inference-68b6845c4d-47dd4
2026-08-15 11:22:07.415047,0.0,resnet152-inference-68b6845c4d-jlgk7
2026-08-15 11:22:07.415047,0.0,resnet152-inference-68b6845c4d-59p65
2026-08-15 11:22:12.410470,0.0,resnet152-inference-68b6845c4d-8fkrc
2026-08-15 11:22:12.410470,0.0,resnet152-inference-68b6845c4d-47dd4
2026-08-15 11:22:12.410470,0.0,resnet152-inference-68b6845c4d-jlgk7
2026-08-15 11:22:12.410470,0.0,resnet152-inference-68b6845c4d-59p65
2026-08-15 11:22:17.415108,0.0,resnet152-inference-68b6845c4d-8fkrc
2026-08-15 11:22:17.415108,0.0,resnet152-inference-68b6845c4d-47dd4
2026-08-15 11:22:17.415108,0.0,resnet152-inference-68b6845c4d-jlgk7
2026-08-15 11:22:17.415108,0.0,resnet152-inference-68b6845c4d-59p65
2026-08-15 11:22:22.412121,0.0,resnet152-inference-68b6845c4d-8fkrc
2026-08-15 11:22:22.412121,0.0,resnet152-inference-68b6845c4d-47dd4
2026-08-15 11:22:22.412121,0.0,resnet152-inference-68b6845c4d-jlgk7
2026-08-15 11:22:22.412121,0.0,resnet152-inference-68b6845c4d-59p65
2026-08-15 11:22:27.414426,0.0,resnet152-inference-68b6845c4d-8fkrc
2026-08-15 11:22:27.414426,0.0,resnet152-inference-68b6845c4d-47dd4
2026-08-15 11:22:27.414426,0.0,resnet152-inference-68b6845c4d-jlgk7
2026-08-15 11:22:27.414426,0.0,resnet152-inference-68b6845c4d-59p65
2026-08-15 11:22:32.415095,0.0,resnet152-inference-68b6845c4d-8fkrc
2026-08-15 11:22:32.415095,0.0,resnet152-inference-68b6845c4d-47dd4
2026-08-15 11:22:32.415095,0.0,resnet152-inference-68b6845c4d-jlgk7
2026-08-15 11:22:32.415095,0.0,resnet152-inference-68b6845c4d-59p65
2026-08-15 11:22:37.413770,0.0,resnet152-inference-68b6845c4d-8fkrc
2026-08-15 11:22:37.413770,0.0,resnet152-inference-68b6845c4d-47dd4
2026-08-15 11:22:37.413770,0.0,resnet152-inference-68b6845c4d-jlgk7
2026-08-15 11:22:37.413770,0.0,resnet152-inference-68b6845c4d-59p65
2026-08-15 11:22:42.415048,0.0,resnet152-inference-68b6845c4d-8fkrc
2026-08-15 11:22:42.415048,0.0,resnet152-inference-68b6845c4d-47dd4
2026-08-15 11:22:42.415048,0.0,resnet152-inference-68b6845c4d-jlgk7
2026-08-15 11:22:42.415048,0.0,resnet152-inference-68b6845c4d-59p65
2026-08-15 11:22:47.415124,0.0,resnet152-inference-68b6845c4d-8fkrc
2026-08-15 11:22:47.415124,0.0,resnet152-inference-68b6845c4d-47dd4
2026-08-15 11:22:47.415124,0.0,resnet152-inference-68b6845c4d-jlgk7
2026-08-15 11:22:47.415124,0.0,resnet152-inference-68b6845c4d-59p65
2026-08-15 11:22:52.412594,0.0,resnet152-inference-68b6845c4d-8fkrc
2026-08-15 11:22:52.412594,0.0,resnet152-inference-68b6845c4d-47dd4
2026-08-15 11:22:52.412594,0.0,resnet152-inference-68b6845c4d-jlgk7
2026-08-15 11:22:52.412594,0.0,resnet152-inference-68b6845c4d-59p65
2026-08-15 11:22:57.412522,0.0,resnet152-inference-68b6845c4d-8fkrc
2026-08-15 11:22:57.412522,0.0,resnet152-inference-68b6845c4d-47dd4
2026-08-15 11:22:57.412522,0.0,resnet152-inference-68b6845c4d-jlgk7
2026-08-15 11:22:57.412522,0.0,resnet152-inference-68b6845c4d-59p65
2026-08-15 11:23:02.412279,0.0,resnet152-inference-68b6845c4d-8fkrc
2026-08-15 11:23:02.412279,0.0,resnet152-inference-68b6845c4d-47dd4
2026-08-15 11:23:02.412279,0.0,resnet152-inference-68b6845c4d-jlgk7
2026-08-15 11:23:02.412279,0.0,resnet152-inference-68b6845c4d-59p65
2026-08-15 11:23:07.412286,0.0,resnet152-inference-68b6845c4d-8fkrc
2026-08-15 11:23:07.412286,0.0,resnet152-inference-68b6845c4d-47dd4
2026-08-15 11:23:07.412286,0.0,resnet152-inference-68b6845c4d-jlgk7
2026-08-15 11:23:07.412286,0.0,resnet152-inference-68b6845c4d-59p65
2026-08-15 11:23:12.415051,0.0,resnet152-inference-68b6845c4d-8fkrc
2026-08-15 11:23:12.415051,0.0,resnet152-inference-68b6845c4d-47dd4
2026-08-15 11:23:12.415051,0.0,resnet152-inference-68b6845c4d-jlgk7
2026-08-15 11:23:12.415051,0.0,resnet152-inference-68b6845c4d-59p65
2026-08-15 11:23:17.412629,0.0,resnet152-inference-68b6845c4d-8fkrc
2026-08-15 11:23:17.412629,0.0,resnet152-inference-68b6845c4d-47dd4
2026-08-15 11:23:17.412629,0.0,resnet152-inference-68b6845c4d-jlgk7
2026-08-15 11:23:17.412629,0.0,resnet152-inference-68b6845c4d-59p65
2026-08-15 11:23:22.411455,0.0,resnet152-inference-68b6845c4d-8fkrc
2026-08-15 11:23:22.411455,0.0,resnet152-inference-68b6845c4d-47dd4
2026-08-15 11:23:22.411455,0.0,resnet152-inference-68b6845c4d-jlgk7
2026-08-15 11:23:22.411455,0.0,resnet152-inference-68b6845c4d-59p65
2026-08-15 11:23:27.413492,0.0,resnet152-inference-68b6845c4d-8fkrc
2026-08-15 11:23:27.413492,0.0,resnet152-inference-68b6845c4d-47dd4
2026-08-15 11:23:27.413492,0.0,resnet152-inference-68b6845c4d-jlgk7
2026-08-15 11:23:27.413492,0.0,resnet152-inference-68b6845c4d-59p65
2026-08-15 11:23:32.415044,0.0,resnet152-inference-68b6845c4d-8fkrc
2026-08-15 11:23:32.415044,0.0,resnet152-inference-68b6845c4d-47dd4
2026-08-15 11:23:32.415044,0.0,resnet152-inference-68b6845c4d-jlgk7
2026-08-15 11:23:32.415044,0.0,resnet152-inference-68b6845c4d-59p65
2026-08-15 11:23:37.414435,0.0,resnet152-inference-68b6845c4d-8fkrc
2026-08-15 11:23:37.414435,0.0,resnet152-inference-68b6845c4d-47dd4
2026-08-15 11:23:37.414435,0.0,resnet152-inference-68b6845c4d-jlgk7
2026-08-15 11:23:37.414435,0.0,resnet152-inference-68b6845c4d-59p65
2026-08-15 11:23:42.415052,0.0,resnet152-inference-68b6845c4d-8fkrc
2026-08-15 11:23:42.415052,0.0,resnet152-inference-68b6845c4d-47dd4
2026-08-15 11:23:42.415052,0.0,resnet152-inference-68b6845c4d-jlgk7
2026-08-15 11:23:42.415052,0.0,resnet152-inference-68b6845c4d-59p65
2026-08-15 11:23:47.415071,0.0,resnet152-inference-68b6845c4d-8fkrc
2026-08-15 11:23:47.415071,0.0,resnet152-inference-68b6845c4d-47dd4
2026-08-15 11:23:47.415071,0.0,resnet152-inference-68b6845c4d-jlgk7
2026-08-15 11:23:47.415071,0.0,resnet152-inference-68b6845c4d-59p65
2026-08-15 11:23:52.415058,0.0,resnet152-inference-68b6845c4d-8fkrc
2026-08-15 11:23:52.415058,0.0,resnet152-inference-68b6845c4d-47dd4
2026-08-15 11:23:52.415058,0.0,resnet152-inference-68b6845c4d-jlgk7
2026-08-15 11:23:52.415058,0.0,resnet152-inference-68b6845c4d-59p65
2026-08-15 11:23:57.411421,0.0,resnet152-inference-68b6845c4d-8fkrc
2026-08-15 11:23:57.411421,0.0,resnet152-inference-68b6845c4d-47dd4
2026-08-15 11:23:57.411421,0.0,resnet152-inference-68b6845c4d-jlgk7
2026-08-15 11:23:57.411421,0.0,resnet152-inference-68b6845c4d-59p65
2026-08-15 11:24:02.415090,0.0,resnet152-inference-68b6845c4d-8fkrc
2026-08-15 11:24:02.415090,0.0,resnet152-inference-68b6845c4d-47dd4
2026-08-15 11:24:02.415090,0.0,resnet152-inference-68b6845c4d-jlgk7
2026-08-15 11:24:02.415090,0.0,resnet152-inference-68b6845c4d-59p65
2026-08-15 11:24:07.413353,0.0,resnet152-inference-68b6845c4d-8fkrc
2026-08-15 11:24:07.413353,0.0,resnet152-inference-68b6845c4d-47dd4
2026-08-15 11:24:07.413353,0.0,resnet152-inference-68b6845c4d-jlgk7
2026-08-15 11:24:07.413353,0.0,resnet152-inference-68b6845c4d-59p65
2026-08-15 11:24:12.412112,0.0,resnet152-inference-68b6845c4d-8fkrc
2026-08-15 11:24:12.412112,0.0,resnet152-inference-68b6845c4d-47dd4
2026-08-15 11:24:12.412112,0.0,resnet152-inference-68b6845c4d-jlgk7
2026-08-15 11:24:12.412112,0.0,resnet152-inference-68b6845c4d-59p65
2026-08-15 11:24:17.415036,0.0,resnet152-inference-68b6845c4d-8fkrc
2026-08-15 11:24:17.415036,0.0,resnet152-inference-68b6845c4d-47dd4
2026-08-15 11:24:17.415036,0.0,resnet152-inference-68b6845c4d-jlgk7
2026-08-15 11:24:17.415036,0.0,resnet152-inference-68b6845c4d-59p65
2026-08-15 11:24:22.410953,0.0,resnet152-inference-68b6845c4d-8fkrc
2026-08-15 11:24:22.410953,0.0,resnet152-inference-68b6845c4d-47dd4
2026-08-15 11:24:22.410953,0.0,resnet152-inference-68b6845c4d-jlgk7
2026-08-15 11:24:22.410953,0.0,resnet152-inference-68b6845c4d-59p65
2026-08-15 11:24:27.414887,0.0,resnet152-inference-68b6845c4d-8fkrc
2026-08-15 11:24:27.414887,0.0,resnet152-inference-68b6845c4d-47dd4
2026-08-15 11:24:27.414887,0.0,resnet152-inference-68b6845c4d-jlgk7
2026-08-15 11:24:27.414887,0.0,resnet152-inference-68b6845c4d-59p65
2026-08-15 11:24:32.415050,0.0,resnet152-inference-68b6845c4d-8fkrc
2026-08-15 11:24:32.415050,0.0,resnet152-inference-68b6845c4d-47dd4
2026-08-15 11:24:32.415050,0.0,resnet152-inference-68b6845c4d-jlgk7
2026-08-15 11:24:32.415050,0.0,resnet152-inference-68b6845c4d-59p65
2026-08-15 11:24:37.413385,0.0,resnet152-inference-68b6845c4d-8fkrc
2026-08-15 11:24:37.413385,0.0,resnet152-inference-68b6845c4d-47dd4
2026-08-15 11:24:37.413385,0.0,resnet152-inference-68b6845c4d-jlgk7
2026-08-15 11:24:37.413385,0.0,resnet152-inference-68b6845c4d-59p65
2026-08-15 11:24:42.410627,0.0,resnet152-inference-68b6845c4d-8fkrc
2026-08-15 11:24:42.410627,0.0,resnet152-inference-68b6845c4d-47dd4
2026-08-15 11:24:42.410627,0.0,resnet152-inference-68b6845c4d-jlgk7
2026-08-15 11:24:42.410627,0.0,resnet152-inference-68b6845c4d-59p65
2026-08-15 11:24:47.415048,0.0,resnet152-inference-68b6845c4d-8fkrc
2026-08-15 11:24:47.415048,0.0,resnet152-inference-68b6845c4d-47dd4
2026-08-15 11:24:47.415048,0.0,resnet152-inference-68b6845c4d-jlgk7
2026-08-15 11:24:47.415048,0.0,resnet152-inference-68b6845c4d-59p65
2026-08-15 11:24:52.415055,0.0,resnet152-inference-68b6845c4d-8fkrc
2026-08-15 11:24:52.415055,0.0,resnet152-inference-68b6845c4d-47dd4
2026-08-15 11:24:52.415055,0.0,resnet152-inference-68b6845c4d-jlgk7
2026-08-15 11:24:52.415055,0.0,resnet152-inference-68b6845c4d-59p65
2026-08-15 11:24:57.415063,0.0,resnet152-inference-68b6845c4d-8fkrc
2026-08-15 11:24:57.415063,0.0,resnet152-inference-68b6845c4d-47dd4
2026-08-15 11:24:57.415063,0.0,resnet152-inference-68b6845c4d-jlgk7
2026-08-15 11:24:57.415063,0.0,resnet152-inference-68b6845c4d-59p65
2026-08-15 11:25:02.415133,0.0,resnet152-inference-68b6845c4d-8fkrc
2026-08-15 11:25:02.415133,0.0,resnet152-inference-68b6845c4d-47dd4
2026-08-15 11:25:02.415133,0.0,resnet152-inference-68b6845c4d-jlgk7
2026-08-15 11:25:02.415133,0.0,resnet152-inference-68b6845c4d-59p65
2026-08-15 11:25:07.414583,0.0,resnet152-inference-68b6845c4d-8fkrc
2026-08-15 11:25:07.414583,0.0,resnet152-inference-68b6845c4d-47dd4
2026-08-15 11:25:07.414583,0.0,resnet152-inference-68b6845c4d-jlgk7
2026-08-15 11:25:07.414583,0.0,resnet152-inference-68b6845c4d-59p65
2026-08-15 11:25:12.415089,0.0,resnet152-inference-68b6845c4d-8fkrc
2026-08-15 11:25:12.415089,0.0,resnet152-inference-68b6845c4d-47dd4
2026-08-15 11:25:12.415089,0.0,resnet152-inference-68b6845c4d-jlgk7
2026-08-15 11:25:12.415089,0.0,resnet152-inference-68b6845c4d-59p65
2026-08-15 11:25:17.415038,0.0,resnet152-inference-68b6845c4d-8fkrc
2026-08-15 11:25:17.415038,0.0,resnet152-inference-68b6845c4d-47dd4
2026-08-15 11:25:17.415038,0.0,resnet152-inference-68b6845c4d-jlgk7
2026-08-15 11:25:17.415038,0.0,resnet152-inference-68b6845c4d-59p65
2026-08-15 11:25:22.415050,0.0,resnet152-inference-68b6845c4d-8fkrc
2026-08-15 11:25:22.415050,0.0,resnet152-inference-68b6845c4d-47dd4
2026-08-15 11:25:22.415050,0.0,resnet152-inference-68b6845c4d-jlgk7
2026-08-15 11:25:22.415050,0.0,resnet152-inference-68b6845c4d-59p65
2026-08-15 11:25:27.415077,0.0,resnet152-inference-68b6845c4d-8fkrc
2026-08-15 11:25:27.415077,0.0,resnet152-inference-68b6845c4d-47dd4
2026-08-15 11:25:27.415077,0.0,resnet152-inference-68b6845c4d-jlgk7
2026-08-15 11:25:27.415077,0.0,resnet152-inference-68b6845c4d-59p65
2026-08-15 11:25:32.415086,0.0,resnet152-inference-68b6845c4d-8fkrc
2026-08-15 11:25:32.415086,0.0,resnet152-inference-68b6845c4d-47dd4
2026-08-15 11:25:32.415086,0.0,resnet152-inference-68b6845c4d-jlgk7
2026-08-15 11:25:32.415086,0.0,resnet152-inference-68b6845c4d-59p65
2026-08-15 11:25:37.413930,0.0,resnet152-inference-68b6845c4d-8fkrc
2026-08-15 11:25:37.413930,0.0,resnet152-inference-68b6845c4d-47dd4
2026-08-15 11:25:37.413930,0.0,resnet152-inference-68b6845c4d-jlgk7
2026-08-15 11:25:37.413930,0.0,resnet152-inference-68b6845c4d-59p65
2026-08-15 11:25:42.415063,0.0,resnet152-inference-68b6845c4d-8fkrc
2026-08-15 11:25:42.415063,0.0,resnet152-inference-68b6845c4d-47dd4
2026-08-15 11:25:42.415063,0.0,resnet152-inference-68b6845c4d-jlgk7
2026-08-15 11:25:42.415063,0.0,resnet152-inference-68b6845c4d-59p65
2026-08-15 11:25:47.415076,0.0,resnet152-inference-68b6845c4d-8fkrc
2026-08-15 11:25:47.415076,0.0,resnet152-inference-68b6845c4d-47dd4
2026-08-15 11:25:47.415076,0.0,resnet152-inference-68b6845c4d-jlgk7
2026-08-15 11:25:47.415076,0.0,resnet152-inference-68b6845c4d-59p65
2026-08-15 11:25:52.415086,0.0,resnet152-inference-68b6845c4d-8fkrc
2026-08-15 11:25:52.415086,0.0,resnet152-inference-68b6845c4d-47dd4
2026-08-15 11:25:52.415086,0.0,resnet152-inference-68b6845c4d-jlgk7
2026-08-15 11:25:52.415086,0.0,resnet152-inference-68b6845c4d-59p65
2026-08-15 11:25:57.414915,0.0,resnet152-inference-68b6845c4d-8fkrc
2026-08-15 11:25:57.414915,0.0,resnet152-inference-68b6845c4d-47dd4
2026-08-15 11:25:57.414915,0.0,resnet152-inference-68b6845c4d-jlgk7
2026-08-15 11:25:57.414915,0.0,resnet152-inference-68b6845c4d-59p65
2026-08-15 11:26:02.415053,0.0,resnet152-inference-68b6845c4d-8fkrc
2026-08-15 11:26:02.415053,0.0,resnet152-inference-68b6845c4d-47dd4
2026-08-15 11:26:02.415053,0.0,resnet152-inference-68b6845c4d-jlgk7
2026-08-15 11:26:02.415053,0.0,resnet152-inference-68b6845c4d-59p65
2026-08-15 11:26:07.413314,0.0,resnet152-inference-68b6845c4d-8fkrc
2026-08-15 11:26:07.413314,0.0,resnet152-inference-68b6845c4d-47dd4
2026-08-15 11:26:07.413314,0.0,resnet152-inference-68b6845c4d-jlgk7
2026-08-15 11:26:07.413314,0.0,resnet152-inference-68b6845c4d-59p65
2026-08-15 11:26:12.414846,0.0,resnet152-inference-68b6845c4d-8fkrc
2026-08-15 11:26:12.414846,0.0,resnet152-inference-68b6845c4d-47dd4
2026-08-15 11:26:12.414846,0.0,resnet152-inference-68b6845c4d-jlgk7
2026-08-15 11:26:12.414846,0.0,resnet152-inference-68b6845c4d-59p65
2026-08-15 11:26:17.410419,0.0,resnet152-inference-68b6845c4d-8fkrc
2026-08-15 11:26:17.410419,0.0,resnet152-inference-68b6845c4d-47dd4
2026-08-15 11:26:17.410419,0.0,resnet152-inference-68b6845c4d-jlgk7
2026-08-15 11:26:17.410419,0.0,resnet152-inference-68b6845c4d-59p65
2026-08-15 11:26:22.412880,0.0,resnet152-inference-68b6845c4d-8fkrc
2026-08-15 11:26:22.412880,0.0,resnet152-inference-68b6845c4d-47dd4
2026-08-15 11:26:22.412880,0.0,resnet152-inference-68b6845c4d-jlgk7
2026-08-15 11:26:22.412880,0.0,resnet152-inference-68b6845c4d-59p65
2026-08-15 11:26:27.415065,0.0,resnet152-inference-68b6845c4d-8fkrc
2026-08-15 11:26:27.415065,0.0,resnet152-inference-68b6845c4d-47dd4
2026-08-15 11:26:27.415065,0.0,resnet152-inference-68b6845c4d-jlgk7
2026-08-15 11:26:27.415065,0.0,resnet152-inference-68b6845c4d-59p65
2026-08-15 11:26:32.414892,0.0,resnet152-inference-68b6845c4d-8fkrc
2026-08-15 11:26:32.414892,0.0,resnet152-inference-68b6845c4d-47dd4
2026-08-15 11:26:32.414892,0.0,resnet152-inference-68b6845c4d-jlgk7
2026-08-15 11:26:32.414892,0.0,resnet152-inference-68b6845c4d-59p65
2026-08-15 11:26:37.415061,0.0,resnet152-inference-68b6845c4d-8fkrc
2026-08-15 11:26:37.415061,0.0,resnet152-inference-68b6845c4d-47dd4
2026-08-15 11:26:37.415061,0.0,resnet152-inference-68b6845c4d-jlgk7
2026-08-15 11:26:37.415061,0.0,resnet152-inference-68b6845c4d-59p65
2026-08-15 11:26:42.412794,0.0,resnet152-inference-68b6845c4d-8fkrc
2026-08-15 11:26:42.412794,0.0,resnet152-inference-68b6845c4d-47dd4
2026-08-15 11:26:42.412794,0.0,resnet152-inference-68b6845c4d-jlgk7
2026-08-15 11:26:42.412794,0.0,resnet152-inference-68b6845c4d-59p65
2026-08-15 11:26:47.414878,0.0,resnet152-inference-68b6845c4d-8fkrc
2026-08-15 11:26:47.414878,0.0,resnet152-inference-68b6845c4d-47dd4
2026-08-15 11:26:47.414878,0.0,resnet152-inference-68b6845c4d-jlgk7
2026-08-15 11:26:47.414878,0.0,resnet152-inference-68b6845c4d-59p65
2026-08-15 11:26:52.415069,0.0,resnet152-inference-68b6845c4d-8fkrc
2026-08-15 11:26:52.415069,0.0,resnet152-inference-68b6845c4d-47dd4
2026-08-15 11:26:52.415069,0.0,resnet152-inference-68b6845c4d-jlgk7
2026-08-15 11:26:52.415069,0.0,resnet152-inference-68b6845c4d-59p65
2026-08-15 11:26:57.415101,0.0,resnet152-inference-68b6845c4d-8fkrc
2026-08-15 11:26:57.415101,0.0,resnet152-inference-68b6845c4d-47dd4
2026-08-15 11:26:57.415101,0.0,resnet152-inference-68b6845c4d-jlgk7
2026-08-15 11:26:57.415101,0.0,resnet152-inference-68b6845c4d-59p65
2026-08-15 11:27:02.415051,0.0,resnet152-inference-68b6845c4d-8fkrc
2026-08-15 11:27:02.415051,0.0,resnet152-inference-68b6845c4d-47dd4
2026-08-15 11:27:02.415051,0.0,resnet152-inference-68b6845c4d-jlgk7
2026-08-15 11:27:02.415051,0.0,resnet152-inference-68b6845c4d-59p65
2026-08-15 11:27:07.415045,0.0,resnet152-inference-68b6845c4d-8fkrc
2026-08-15 11:27:07.415045,0.0,resnet152-inference-68b6845c4d-47dd4
2026-08-15 11:27:07.415045,0.0,resnet152-inference-68b6845c4d-jlgk7
2026-08-15 11:27:07.415045,0.0,resnet152-inference-68b6845c4d-59p65
2026-08-15 11:27:12.414904,0.0,resnet152-inference-68b6845c4d-8fkrc
2026-08-15 11:27:12.414904,0.0,resnet152-inference-68b6845c4d-47dd4
2026-08-15 11:27:12.414904,0.0,resnet152-inference-68b6845c4d-jlgk7
2026-08-15 11:27:12.414904,0.0,resnet152-inference-68b6845c4d-59p65
2026-08-15 11:27:17.415078,0.0,resnet152-inference-68b6845c4d-8fkrc
2026-08-15 11:27:17.415078,0.0,resnet152-inference-68b6845c4d-47dd4
2026-08-15 11:27:17.415078,0.0,resnet152-inference-68b6845c4d-jlgk7
2026-08-15 11:27:17.415078,0.0,resnet152-inference-68b6845c4d-59p65
2026-08-15 11:27:22.415048,0.0,resnet152-inference-68b6845c4d-8fkrc
2026-08-15 11:27:22.415048,0.0,resnet152-inference-68b6845c4d-47dd4
2026-08-15 11:27:22.415048,0.0,resnet152-inference-68b6845c4d-jlgk7
2026-08-15 11:27:22.415048,0.0,resnet152-inference-68b6845c4d-59p65
2026-08-15 11:27:27.415055,0.0,resnet152-inference-68b6845c4d-8fkrc
2026-08-15 11:27:27.415055,0.0,resnet152-inference-68b6845c4d-47dd4
2026-08-15 11:27:27.415055,0.0,resnet152-inference-68b6845c4d-jlgk7
2026-08-15 11:27:27.415055,0.0,resnet152-inference-68b6845c4d-59p65
2026-08-15 11:27:32.415050,0.0,resnet152-inference-68b6845c4d-8fkrc
2026-08-15 11:27:32.415050,0.0,resnet152-inference-68b6845c4d-47dd4
2026-08-15 11:27:32.415050,0.0,resnet152-inference-68b6845c4d-jlgk7
2026-08-15 11:27:32.415050,0.0,resnet152-inference-68b6845c4d-59p65
2026-08-15 11:27:37.413305,0.0,resnet152-inference-68b6845c4d-8fkrc
2026-08-15 11:27:37.413305,0.0,resnet152-inference-68b6845c4d-47dd4
2026-08-15 11:27:37.413305,0.0,resnet152-inference-68b6845c4d-jlgk7
2026-08-15 11:27:37.413305,0.0,resnet152-inference-68b6845c4d-59p65
2026-08-15 11:27:42.415066,0.0,resnet152-inference-68b6845c4d-8fkrc
2026-08-15 11:27:42.415066,0.0,resnet152-inference-68b6845c4d-47dd4
2026-08-15 11:27:42.415066,0.0,resnet152-inference-68b6845c4d-jlgk7
2026-08-15 11:27:42.415066,0.0,resnet152-inference-68b6845c4d-59p65
2026-08-15 11:27:47.415068,0.0,resnet152-inference-68b6845c4d-8fkrc
2026-08-15 11:27:47.415068,0.0,resnet152-inference-68b6845c4d-47dd4
2026-08-15 11:27:47.415068,0.0,resnet152-inference-68b6845c4d-jlgk7
2026-08-15 11:27:47.415068,0.0,resnet152-inference-68b6845c4d-59p65
2026-08-15 11:27:52.415080,0.0,resnet152-inference-68b6845c4d-8fkrc
2026-08-15 11:27:52.415080,0.0,resnet152-inference-68b6845c4d-47dd4
2026-08-15 11:27:52.415080,0.0,resnet152-inference-68b6845c4d-jlgk7
2026-08-15 11:27:52.415080,0.0,resnet152-inference-68b6845c4d-59p65
2026-08-15 11:27:57.414362,0.0,resnet152-inference-68b6845c4d-8fkrc
2026-08-15 11:27:57.414362,0.0,resnet152-inference-68b6845c4d-47dd4
2026-08-15 11:27:57.414362,0.0,resnet152-inference-68b6845c4d-jlgk7
2026-08-15 11:27:57.414362,0.0,resnet152-inference-68b6845c4d-59p65
2026-08-15 11:28:02.413659,0.0,resnet152-inference-68b6845c4d-8fkrc
2026-08-15 11:28:02.413659,0.0,resnet152-inference-68b6845c4d-47dd4
2026-08-15 11:28:02.413659,0.0,resnet152-inference-68b6845c4d-jlgk7
2026-08-15 11:28:02.413659,0.0,resnet152-inference-68b6845c4d-59p65
2026-08-15 11:28:07.411201,0.0,resnet152-inference-68b6845c4d-8fkrc
2026-08-15 11:28:07.411201,0.0,resnet152-inference-68b6845c4d-47dd4
2026-08-15 11:28:07.411201,0.0,resnet152-inference-68b6845c4d-jlgk7
2026-08-15 11:28:07.411201,0.0,resnet152-inference-68b6845c4d-59p65
2026-08-15 11:28:12.414056,0.0,resnet152-inference-68b6845c4d-8fkrc
2026-08-15 11:28:12.414056,0.0,resnet152-inference-68b6845c4d-47dd4
2026-08-15 11:28:12.414056,0.0,resnet152-inference-68b6845c4d-jlgk7
2026-08-15 11:28:12.414056,0.0,resnet152-inference-68b6845c4d-59p65
2026-08-15 11:28:17.415006,0.0,resnet152-inference-68b6845c4d-8fkrc
2026-08-15 11:28:17.415006,0.0,resnet152-inference-68b6845c4d-47dd4
2026-08-15 11:28:17.415006,0.0,resnet152-inference-68b6845c4d-jlgk7
2026-08-15 11:28:17.415006,0.0,resnet152-inference-68b6845c4d-59p65
2026-08-15 11:28:22.415046,0.0,resnet152-inference-68b6845c4d-8fkrc
2026-08-15 11:28:22.415046,0.0,resnet152-inference-68b6845c4d-47dd4
2026-08-15 11:28:22.415046,0.0,resnet152-inference-68b6845c4d-jlgk7
2026-08-15 11:28:22.415046,0.0,resnet152-inference-68b6845c4d-59p65
2026-08-15 11:28:27.414119,0.0,resnet152-inference-68b6845c4d-8fkrc
2026-08-15 11:28:27.414119,0.0,resnet152-inference-68b6845c4d-47dd4
2026-08-15 11:28:27.414119,0.0,resnet152-inference-68b6845c4d-jlgk7
2026-08-15 11:28:27.414119,0.0,resnet152-inference-68b6845c4d-59p65
2026-08-15 11:28:32.412672,0.0,resnet152-inference-68b6845c4d-8fkrc
2026-08-15 11:28:32.412672,0.0,resnet152-inference-68b6845c4d-47dd4
2026-08-15 11:28:32.412672,0.0,resnet152-inference-68b6845c4d-jlgk7
2026-08-15 11:28:32.412672,0.0,resnet152-inference-68b6845c4d-59p65
2026-08-15 11:28:37.415059,0.0,resnet152-inference-68b6845c4d-8fkrc
2026-08-15 11:28:37.415059,0.0,resnet152-inference-68b6845c4d-47dd4
2026-08-15 11:28:37.415059,0.0,resnet152-inference-68b6845c4d-jlgk7
2026-08-15 11:28:37.415059,0.0,resnet152-inference-68b6845c4d-59p65
2026-08-15 11:28:42.413813,0.0,resnet152-inference-68b6845c4d-8fkrc
2026-08-15 11:28:42.413813,0.0,resnet152-inference-68b6845c4d-47dd4
2026-08-15 11:28:42.413813,0.0,resnet152-inference-68b6845c4d-jlgk7
2026-08-15 11:28:42.413813,0.0,resnet152-inference-68b6845c4d-59p65
2026-08-15 11:28:47.414520,0.0,resnet152-inference-68b6845c4d-8fkrc
2026-08-15 11:28:47.414520,0.0,resnet152-inference-68b6845c4d-47dd4
2026-08-15 11:28:47.414520,0.0,resnet152-inference-68b6845c4d-jlgk7
2026-08-15 11:28:47.414520,0.0,resnet152-inference-68b6845c4d-59p65
2026-08-15 11:28:52.415050,0.0,resnet152-inference-68b6845c4d-8fkrc
2026-08-15 11:28:52.415050,0.0,resnet152-inference-68b6845c4d-47dd4
2026-08-15 11:28:52.415050,0.0,resnet152-inference-68b6845c4d-jlgk7
2026-08-15 11:28:52.415050,0.0,resnet152-inference-68b6845c4d-59p65
2026-08-15 11:28:57.415048,0.0,resnet152-inference-68b6845c4d-8fkrc
2026-08-15 11:28:57.415048,0.0,resnet152-inference-68b6845c4d-47dd4
2026-08-15 11:28:57.415048,0.0,resnet152-inference-68b6845c4d-jlgk7
2026-08-15 11:28:57.415048,0.0,resnet152-inference-68b6845c4d-59p65
2026-08-15 11:29:02.415045,0.0,resnet152-inference-68b6845c4d-8fkrc
2026-08-15 11:29:02.415045,0.0,resnet152-inference-68b6845c4d-47dd4
2026-08-15 11:29:02.415045,0.0,resnet152-inference-68b6845c4d-jlgk7
2026-08-15 11:29:02.415045,0.0,resnet152-inference-68b6845c4d-59p65
2026-08-15 11:29:07.410537,0.0,resnet152-inference-68b6845c4d-8fkrc
2026-08-15 11:29:07.410537,0.0,resnet152-inference-68b6845c4d-47dd4
2026-08-15 11:29:07.410537,0.0,resnet152-inference-68b6845c4d-jlgk7
2026-08-15 11:29:07.410537,0.0,resnet152-inference-68b6845c4d-59p65
2026-08-15 11:29:12.415109,0.0,resnet152-inference-68b6845c4d-8fkrc
2026-08-15 11:29:12.415109,0.0,resnet152-inference-68b6845c4d-47dd4
2026-08-15 11:29:12.415109,0.0,resnet152-inference-68b6845c4d-jlgk7
2026-08-15 11:29:12.415109,0.0,resnet152-inference-68b6845c4d-59p65
2026-08-15 11:29:17.415048,0.0,resnet152-inference-68b6845c4d-8fkrc
2026-08-15 11:29:17.415048,0.0,resnet152-inference-68b6845c4d-47dd4
2026-08-15 11:29:17.415048,0.0,resnet152-inference-68b6845c4d-jlgk7
2026-08-15 11:29:17.415048,0.0,resnet152-inference-68b6845c4d-59p65
2026-08-15 11:29:22.415128,0.0,resnet152-inference-68b6845c4d-8fkrc
2026-08-15 11:29:22.415128,0.0,resnet152-inference-68b6845c4d-47dd4
2026-08-15 11:29:22.415128,0.0,resnet152-inference-68b6845c4d-jlgk7
2026-08-15 11:29:22.415128,0.0,resnet152-inference-68b6845c4d-59p65
2026-08-15 11:29:27.414539,0.0,resnet152-inference-68b6845c4d-8fkrc
2026-08-15 11:29:27.414539,0.0,resnet152-inference-68b6845c4d-47dd4
2026-08-15 11:29:27.414539,0.0,resnet152-inference-68b6845c4d-jlgk7
2026-08-15 11:29:27.414539,0.0,resnet152-inference-68b6845c4d-59p65
2026-08-15 11:29:32.413107,0.0,resnet152-inference-68b6845c4d-8fkrc
2026-08-15 11:29:32.413107,0.0,resnet152-inference-68b6845c4d-47dd4
2026-08-15 11:29:32.413107,0.0,resnet152-inference-68b6845c4d-jlgk7
2026-08-15 11:29:32.413107,0.0,resnet152-inference-68b6845c4d-59p65
2026-08-15 11:29:37.415063,0.0,resnet152-inference-68b6845c4d-8fkrc
2026-08-15 11:29:37.415063,0.0,resnet152-inference-68b6845c4d-47dd4
2026-08-15 11:29:37.415063,0.0,resnet152-inference-68b6845c4d-jlgk7
2026-08-15 11:29:37.415063,0.0,resnet152-inference-68b6845c4d-59p65
2026-08-15 11:29:42.415063,0.0,resnet152-inference-68b6845c4d-8fkrc
2026-08-15 11:29:42.415063,0.0,resnet152-inference-68b6845c4d-47dd4
2026-08-15 11:29:42.415063,0.0,resnet152-inference-68b6845c4d-jlgk7
2026-08-15 11:29:42.415063,0.0,resnet152-inference-68b6845c4d-59p65
2026-08-15 11:29:47.413857,0.0,resnet152-inference-68b6845c4d-8fkrc
2026-08-15 11:29:47.413857,0.0,resnet152-inference-68b6845c4d-47dd4
2026-08-15 11:29:47.413857,0.0,resnet152-inference-68b6845c4d-jlgk7
2026-08-15 11:29:47.413857,0.0,resnet152-inference-68b6845c4d-59p65
2026-08-15 11:29:52.415063,0.0,resnet152-inference-68b6845c4d-8fkrc
2026-08-15 11:29:52.415063,0.0,resnet152-inference-68b6845c4d-47dd4
2026-08-15 11:29:52.415063,0.0,resnet152-inference-68b6845c4d-jlgk7
2026-08-15 11:29:52.415063,0.0,resnet152-inference-68b6845c4d-59p65
2026-08-15 11:29:57.415052,0.0,resnet152-inference-68b6845c4d-8fkrc
2026-08-15 11:29:57.415052,0.0,resnet152-inference-68b6845c4d-47dd4
2026-08-15 11:29:57.415052,0.0,resnet152-inference-68b6845c4d-jlgk7
2026-08-15 11:29:57.415052,0.0,resnet152-inference-68b6845c4d-59p65
2026-08-15 11:30:02.414873,0.0,resnet152-inference-68b6845c4d-8fkrc
2026-08-15 11:30:02.414873,0.0,resnet152-inference-68b6845c4d-47dd4
2026-08-15 11:30:02.414873,0.0,resnet152-inference-68b6845c4d-jlgk7
2026-08-15 11:30:02.414873,0.0,resnet152-inference-68b6845c4d-59p65
2026-08-15 11:30:07.415054,0.0,resnet152-inference-68b6845c4d-8fkrc
2026-08-15 11:30:07.415054,0.0,resnet152-inference-68b6845c4d-47dd4
2026-08-15 11:30:07.415054,0.0,resnet152-inference-68b6845c4d-jlgk7
2026-08-15 11:30:07.415054,0.0,resnet152-inference-68b6845c4d-59p65
2026-08-15 11:30:12.413461,0.0,resnet152-inference-68b6845c4d-8fkrc
2026-08-15 11:30:12.413461,0.0,resnet152-inference-68b6845c4d-47dd4
2026-08-15 11:30:12.413461,0.0,resnet152-inference-68b6845c4d-jlgk7
2026-08-15 11:30:12.413461,0.0,resnet152-inference-68b6845c4d-59p65
2026-08-15 11:30:17.414873,0.0,resnet152-inference-68b6845c4d-8fkrc
2026-08-15 11:30:17.414873,0.0,resnet152-inference-68b6845c4d-47dd4
2026-08-15 11:30:17.414873,0.0,resnet152-inference-68b6845c4d-jlgk7
2026-08-15 11:30:17.414873,0.0,resnet152-inference-68b6845c4d-59p65
2026-08-15 11:30:22.413089,0.0,resnet152-inference-68b6845c4d-8fkrc
2026-08-15 11:30:22.413089,0.0,resnet152-inference-68b6845c4d-47dd4
2026-08-15 11:30:22.413089,0.0,resnet152-inference-68b6845c4d-jlgk7
2026-08-15 11:30:22.413089,0.0,resnet152-inference-68b6845c4d-59p65
2026-08-15 11:30:27.415065,0.0,resnet152-inference-68b6845c4d-8fkrc
2026-08-15 11:30:27.415065,0.0,resnet152-inference-68b6845c4d-47dd4
2026-08-15 11:30:27.415065,0.0,resnet152-inference-68b6845c4d-jlgk7
2026-08-15 11:30:27.415065,0.0,resnet152-inference-68b6845c4d-59p65
2026-08-15 11:30:32.415055,0.0,resnet152-inference-68b6845c4d-8fkrc
2026-08-15 11:30:32.415055,0.0,resnet152-inference-68b6845c4d-47dd4
2026-08-15 11:30:32.415055,0.0,resnet152-inference-68b6845c4d-jlgk7
2026-08-15 11:30:32.415055,0.0,resnet152-inference-68b6845c4d-59p65
2026-08-15 11:30:37.414749,0.0,resnet152-inference-68b6845c4d-8fkrc
2026-08-15 11:30:37.414749,0.0,resnet152-inference-68b6845c4d-47dd4
2026-08-15 11:30:37.414749,0.0,resnet152-inference-68b6845c4d-jlgk7
2026-08-15 11:30:37.414749,0.0,resnet152-inference-68b6845c4d-59p65
2026-08-15 11:30:42.410775,0.0,resnet152-inference-68b6845c4d-8fkrc
2026-08-15 11:30:42.410775,0.0,resnet152-inference-68b6845c4d-47dd4
2026-08-15 11:30:42.410775,0.0,resnet152-inference-68b6845c4d-jlgk7
2026-08-15 11:30:42.410775,0.0,resnet152-inference-68b6845c4d-59p65
2026-08-15 11:30:47.412453,0.0,resnet152-inference-68b6845c4d-8fkrc
2026-08-15 11:30:47.412453,0.0,resnet152-inference-68b6845c4d-47dd4
2026-08-15 11:30:47.412453,0.0,resnet152-inference-68b6845c4d-jlgk7
2026-08-15 11:30:47.412453,0.0,resnet152-inference-68b6845c4d-59p65
2026-08-15 11:30:52.414885,0.0,resnet152-inference-68b6845c4d-8fkrc
2026-08-15 11:30:52.414885,0.0,resnet152-inference-68b6845c4d-47dd4
2026-08-15 11:30:52.414885,0.0,resnet152-inference-68b6845c4d-jlgk7
2026-08-15 11:30:52.414885,0.0,resnet152-inference-68b6845c4d-59p65
2026-08-15 11:30:57.415034,0.0,resnet152-inference-68b6845c4d-8fkrc
2026-08-15 11:30:57.415034,0.0,resnet152-inference-68b6845c4d-47dd4
2026-08-15 11:30:57.415034,0.0,resnet152-inference-68b6845c4d-jlgk7
2026-08-15 11:30:57.415034,0.0,resnet152-inference-68b6845c4d-59p65
2026-08-15 11:31:02.413355,0.0,resnet152-inference-68b6845c4d-8fkrc
2026-08-15 11:31:02.413355,0.0,resnet152-inference-68b6845c4d-47dd4
2026-08-15 11:31:02.413355,0.0,resnet152-inference-68b6845c4d-jlgk7
2026-08-15 11:31:02.413355,0.0,resnet152-inference-68b6845c4d-59p65
2026-08-15 11:31:07.414425,0.0,resnet152-inference-68b6845c4d-8fkrc
2026-08-15 11:31:07.414425,0.0,resnet152-inference-68b6845c4d-47dd4
2026-08-15 11:31:07.414425,0.0,resnet152-inference-68b6845c4d-jlgk7
2026-08-15 11:31:07.414425,0.0,resnet152-inference-68b6845c4d-59p65
2026-08-15 11:31:12.414130,0.0,resnet152-inference-68b6845c4d-8fkrc
2026-08-15 11:31:12.414130,0.0,resnet152-inference-68b6845c4d-47dd4
2026-08-15 11:31:12.414130,0.0,resnet152-inference-68b6845c4d-jlgk7
2026-08-15 11:31:12.414130,0.0,resnet152-inference-68b6845c4d-59p65
2026-08-15 11:31:17.412554,0.0,resnet152-inference-68b6845c4d-8fkrc
2026-08-15 11:31:17.412554,0.0,resnet152-inference-68b6845c4d-47dd4
2026-08-15 11:31:17.412554,0.0,resnet152-inference-68b6845c4d-jlgk7
2026-08-15 11:31:17.412554,0.0,resnet152-inference-68b6845c4d-59p65
2026-08-15 11:31:22.413332,0.0,resnet152-inference-68b6845c4d-8fkrc
2026-08-15 11:31:22.413332,0.0,resnet152-inference-68b6845c4d-47dd4
2026-08-15 11:31:22.413332,0.0,resnet152-inference-68b6845c4d-jlgk7
2026-08-15 11:31:22.413332,0.0,resnet152-inference-68b6845c4d-59p65
2026-08-15 11:31:27.412357,0.0,resnet152-inference-68b6845c4d-8fkrc
2026-08-15 11:31:27.412357,0.0,resnet152-inference-68b6845c4d-47dd4
2026-08-15 11:31:27.412357,0.0,resnet152-inference-68b6845c4d-jlgk7
2026-08-15 11:31:27.412357,0.0,resnet152-inference-68b6845c4d-59p65
2026-08-15 11:31:32.415013,0.0,resnet152-inference-68b6845c4d-8fkrc
2026-08-15 11:31:32.415013,0.0,resnet152-inference-68b6845c4d-47dd4
2026-08-15 11:31:32.415013,0.0,resnet152-inference-68b6845c4d-jlgk7
2026-08-15 11:31:32.415013,0.0,resnet152-inference-68b6845c4d-59p65
2026-08-15 11:31:37.415043,0.0,resnet152-inference-68b6845c4d-8fkrc
2026-08-15 11:31:37.415043,0.0,resnet152-inference-68b6845c4d-47dd4
2026-08-15 11:31:37.415043,0.0,resnet152-inference-68b6845c4d-jlgk7
2026-08-15 11:31:37.415043,0.0,resnet152-inference-68b6845c4d-59p65
2026-08-15 11:31:42.412450,0.0,resnet152-inference-68b6845c4d-8fkrc
2026-08-15 11:31:42.412450,0.0,resnet152-inference-68b6845c4d-47dd4
2026-08-15 11:31:42.412450,0.0,resnet152-inference-68b6845c4d-jlgk7
2026-08-15 11:31:42.412450,0.0,resnet152-inference-68b6845c4d-59p65
2026-08-15 11:31:47.413382,0.0,resnet152-inference-68b6845c4d-8fkrc
2026-08-15 11:31:47.413382,0.0,resnet152-inference-68b6845c4d-47dd4
2026-08-15 11:31:47.413382,0.0,resnet152-inference-68b6845c4d-jlgk7
2026-08-15 11:31:47.413382,0.0,resnet152-inference-68b6845c4d-59p65
2026-08-15 11:31:52.414884,0.0,resnet152-inference-68b6845c4d-8fkrc
2026-08-15 11:31:52.414884,0.0,resnet152-inference-68b6845c4d-47dd4
2026-08-15 11:31:52.414884,0.0,resnet152-inference-68b6845c4d-jlgk7
2026-08-15 11:31:52.414884,0.0,resnet152-inference-68b6845c4d-59p65
2026-08-15 11:31:57.415042,0.0,resnet152-inference-68b6845c4d-8fkrc
2026-08-15 11:31:57.415042,0.0,resnet152-inference-68b6845c4d-47dd4
2026-08-15 11:31:57.415042,0.0,resnet152-inference-68b6845c4d-jlgk7
2026-08-15 11:31:57.415042,0.0,resnet152-inference-68b6845c4d-59p65
2026-08-15 11:32:02.415049,0.0,resnet152-inference-68b6845c4d-8fkrc
2026-08-15 11:32:02.415049,0.0,resnet152-inference-68b6845c4d-47dd4
2026-08-15 11:32:02.415049,0.0,resnet152-inference-68b6845c4d-jlgk7
2026-08-15 11:32:02.415049,0.0,resnet152-inference-68b6845c4d-59p65
2026-08-15 11:32:07.415082,0.0,resnet152-inference-68b6845c4d-8fkrc
2026-08-15 11:32:07.415082,0.0,resnet152-inference-68b6845c4d-47dd4
2026-08-15 11:32:07.415082,0.0,resnet152-inference-68b6845c4d-jlgk7
2026-08-15 11:32:07.415082,0.0,resnet152-inference-68b6845c4d-59p65
2026-08-15 11:32:12.414311,0.0,resnet152-inference-68b6845c4d-8fkrc
2026-08-15 11:32:12.414311,0.0,resnet152-inference-68b6845c4d-47dd4
2026-08-15 11:32:12.414311,0.0,resnet152-inference-68b6845c4d-jlgk7
2026-08-15 11:32:12.414311,0.0,resnet152-inference-68b6845c4d-59p65
2026-08-15 11:32:17.415046,0.0,resnet152-inference-68b6845c4d-8fkrc
2026-08-15 11:32:17.415046,0.0,resnet152-inference-68b6845c4d-47dd4
2026-08-15 11:32:17.415046,0.0,resnet152-inference-68b6845c4d-jlgk7
2026-08-15 11:32:17.415046,0.0,resnet152-inference-68b6845c4d-59p65
2026-08-15 11:32:22.414892,0.0,resnet152-inference-68b6845c4d-8fkrc
2026-08-15 11:32:22.414892,0.0,resnet152-inference-68b6845c4d-47dd4
2026-08-15 11:32:22.414892,0.0,resnet152-inference-68b6845c4d-jlgk7
2026-08-15 11:32:22.414892,0.0,resnet152-inference-68b6845c4d-59p65
2026-08-15 11:32:27.414350,0.0,resnet152-inference-68b6845c4d-8fkrc
2026-08-15 11:32:27.414350,0.0,resnet152-inference-68b6845c4d-47dd4
2026-08-15 11:32:27.414350,0.0,resnet152-inference-68b6845c4d-jlgk7
2026-08-15 11:32:27.414350,0.0,resnet152-inference-68b6845c4d-59p65
2026-08-15 11:32:32.413864,0.0,resnet152-inference-68b6845c4d-8fkrc
2026-08-15 11:32:32.413864,0.0,resnet152-inference-68b6845c4d-47dd4
2026-08-15 11:32:32.413864,0.0,resnet152-inference-68b6845c4d-jlgk7
2026-08-15 11:32:32.413864,0.0,resnet152-inference-68b6845c4d-59p65
2026-08-15 11:32:37.413329,0.0,resnet152-inference-68b6845c4d-8fkrc
2026-08-15 11:32:37.413329,0.0,resnet152-inference-68b6845c4d-47dd4
2026-08-15 11:32:37.413329,0.0,resnet152-inference-68b6845c4d-jlgk7
2026-08-15 11:32:37.413329,0.0,resnet152-inference-68b6845c4d-59p65
2026-08-15 11:32:42.414786,0.0,resnet152-inference-68b6845c4d-8fkrc
2026-08-15 11:32:42.414786,0.0,resnet152-inference-68b6845c4d-47dd4
2026-08-15 11:32:42.414786,0.0,resnet152-inference-68b6845c4d-jlgk7
2026-08-15 11:32:42.414786,0.0,resnet152-inference-68b6845c4d-59p65
2026-08-15 11:32:47.414819,0.0,resnet152-inference-68b6845c4d-8fkrc
2026-08-15 11:32:47.414819,0.0,resnet152-inference-68b6845c4d-47dd4
2026-08-15 11:32:47.414819,0.0,resnet152-inference-68b6845c4d-jlgk7
2026-08-15 11:32:47.414819,0.0,resnet152-inference-68b6845c4d-59p65
2026-08-15 11:32:52.414873,0.0,resnet152-inference-68b6845c4d-8fkrc
2026-08-15 11:32:52.414873,0.0,resnet152-inference-68b6845c4d-47dd4
2026-08-15 11:32:52.414873,0.0,resnet152-inference-68b6845c4d-jlgk7
2026-08-15 11:32:52.414873,0.0,resnet152-inference-68b6845c4d-59p65
2026-08-15 11:32:57.415046,0.0,resnet152-inference-68b6845c4d-8fkrc
2026-08-15 11:32:57.415046,0.0,resnet152-inference-68b6845c4d-47dd4
2026-08-15 11:32:57.415046,0.0,resnet152-inference-68b6845c4d-jlgk7
2026-08-15 11:32:57.415046,0.0,resnet152-inference-68b6845c4d-59p65
2026-08-15 11:33:02.413489,0.0,resnet152-inference-68b6845c4d-8fkrc
2026-08-15 11:33:02.413489,0.0,resnet152-inference-68b6845c4d-47dd4
2026-08-15 11:33:02.413489,0.0,resnet152-inference-68b6845c4d-jlgk7
2026-08-15 11:33:02.413489,0.0,resnet152-inference-68b6845c4d-59p65
2026-08-15 11:33:07.412458,0.0,resnet152-inference-68b6845c4d-8fkrc
2026-08-15 11:33:07.412458,0.0,resnet152-inference-68b6845c4d-47dd4
2026-08-15 11:33:07.412458,0.0,resnet152-inference-68b6845c4d-jlgk7
2026-08-15 11:33:07.412458,0.0,resnet152-inference-68b6845c4d-59p65
2026-08-15 11:33:12.415060,0.0,resnet152-inference-68b6845c4d-8fkrc
2026-08-15 11:33:12.415060,0.0,resnet152-inference-68b6845c4d-47dd4
2026-08-15 11:33:12.415060,0.0,resnet152-inference-68b6845c4d-jlgk7
2026-08-15 11:33:12.415060,0.0,resnet152-inference-68b6845c4d-59p65
2026-08-15 11:33:17.415043,0.0,resnet152-inference-68b6845c4d-8fkrc
2026-08-15 11:33:17.415043,0.0,resnet152-inference-68b6845c4d-47dd4
2026-08-15 11:33:17.415043,0.0,resnet152-inference-68b6845c4d-jlgk7
2026-08-15 11:33:17.415043,0.0,resnet152-inference-68b6845c4d-59p65
2026-08-15 11:33:22.413033,0.0,resnet152-inference-68b6845c4d-8fkrc
2026-08-15 11:33:22.413033,0.0,resnet152-inference-68b6845c4d-47dd4
2026-08-15 11:33:22.413033,0.0,resnet152-inference-68b6845c4d-jlgk7
2026-08-15 11:33:22.413033,0.0,resnet152-inference-68b6845c4d-59p65
2026-08-15 11:33:27.413362,0.0,resnet152-inference-68b6845c4d-8fkrc
2026-08-15 11:33:27.413362,0.0,resnet152-inference-68b6845c4d-47dd4
2026-08-15 11:33:27.413362,0.0,resnet152-inference-68b6845c4d-jlgk7
2026-08-15 11:33:27.413362,0.0,resnet152-inference-68b6845c4d-59p65
2026-08-15 11:33:32.414885,0.0,resnet152-inference-68b6845c4d-8fkrc
2026-08-15 11:33:32.414885,0.0,resnet152-inference-68b6845c4d-47dd4
2026-08-15 11:33:32.414885,0.0,resnet152-inference-68b6845c4d-jlgk7
2026-08-15 11:33:32.414885,0.0,resnet152-inference-68b6845c4d-59p65
2026-08-15 11:33:37.413605,0.0,resnet152-inference-68b6845c4d-8fkrc
2026-08-15 11:33:37.413605,0.0,resnet152-inference-68b6845c4d-47dd4
2026-08-15 11:33:37.413605,0.0,resnet152-inference-68b6845c4d-jlgk7
2026-08-15 11:33:37.413605,0.0,resnet152-inference-68b6845c4d-59p65
2026-08-15 11:33:42.413121,0.0,resnet152-inference-68b6845c4d-8fkrc
2026-08-15 11:33:42.413121,0.0,resnet152-inference-68b6845c4d-47dd4
2026-08-15 11:33:42.413121,0.0,resnet152-inference-68b6845c4d-jlgk7
2026-08-15 11:33:42.413121,0.0,resnet152-inference-68b6845c4d-59p65
2026-08-15 11:33:47.413353,0.0,resnet152-inference-68b6845c4d-8fkrc
2026-08-15 11:33:47.413353,0.0,resnet152-inference-68b6845c4d-47dd4
2026-08-15 11:33:47.413353,0.0,resnet152-inference-68b6845c4d-jlgk7
2026-08-15 11:33:47.413353,0.0,resnet152-inference-68b6845c4d-59p65
2026-08-15 11:33:52.415050,0.0,resnet152-inference-68b6845c4d-8fkrc
2026-08-15 11:33:52.415050,0.0,resnet152-inference-68b6845c4d-47dd4
2026-08-15 11:33:52.415050,0.0,resnet152-inference-68b6845c4d-jlgk7
2026-08-15 11:33:52.415050,0.0,resnet152-inference-68b6845c4d-59p65
2026-08-15 11:33:57.414899,0.0,resnet152-inference-68b6845c4d-8fkrc
2026-08-15 11:33:57.414899,0.0,resnet152-inference-68b6845c4d-47dd4
2026-08-15 11:33:57.414899,0.0,resnet152-inference-68b6845c4d-jlgk7
2026-08-15 11:33:57.414899,0.0,resnet152-inference-68b6845c4d-59p65
2026-08-15 11:34:02.415046,0.0,resnet152-inference-68b6845c4d-8fkrc
2026-08-15 11:34:02.415046,0.0,resnet152-inference-68b6845c4d-47dd4
2026-08-15 11:34:02.415046,0.0,resnet152-inference-68b6845c4d-jlgk7
2026-08-15 11:34:02.415046,0.0,resnet152-inference-68b6845c4d-59p65
2026-08-15 11:34:07.413823,0.0,resnet152-inference-68b6845c4d-8fkrc
2026-08-15 11:34:07.413823,0.0,resnet152-inference-68b6845c4d-47dd4
2026-08-15 11:34:07.413823,0.0,resnet152-inference-68b6845c4d-jlgk7
2026-08-15 11:34:07.413823,0.0,resnet152-inference-68b6845c4d-59p65
2026-08-15 11:34:12.415043,0.0,resnet152-inference-68b6845c4d-8fkrc
2026-08-15 11:34:12.415043,0.0,resnet152-inference-68b6845c4d-47dd4
2026-08-15 11:34:12.415043,0.0,resnet152-inference-68b6845c4d-jlgk7
2026-08-15 11:34:12.415043,0.0,resnet152-inference-68b6845c4d-59p65
2026-08-15 11:34:17.414375,0.0,resnet152-inference-68b6845c4d-8fkrc
2026-08-15 11:34:17.414375,0.0,resnet152-inference-68b6845c4d-47dd4
2026-08-15 11:34:17.414375,0.0,resnet152-inference-68b6845c4d-jlgk7
2026-08-15 11:34:17.414375,0.0,resnet152-inference-68b6845c4d-59p65
2026-08-15 11:34:22.415034,0.0,resnet152-inference-68b6845c4d-8fkrc
2026-08-15 11:34:22.415034,0.0,resnet152-inference-68b6845c4d-47dd4
2026-08-15 11:34:22.415034,0.0,resnet152-inference-68b6845c4d-jlgk7
2026-08-15 11:34:22.415034,0.0,resnet152-inference-68b6845c4d-59p65
2026-08-15 11:34:27.414930,0.0,resnet152-inference-68b6845c4d-8fkrc
2026-08-15 11:34:27.414930,0.0,resnet152-inference-68b6845c4d-47dd4
2026-08-15 11:34:27.414930,0.0,resnet152-inference-68b6845c4d-jlgk7
2026-08-15 11:34:27.414930,0.0,resnet152-inference-68b6845c4d-59p65
2026-08-15 11:34:32.413896,0.0,resnet152-inference-68b6845c4d-8fkrc
2026-08-15 11:34:32.413896,0.0,resnet152-inference-68b6845c4d-47dd4
2026-08-15 11:34:32.413896,0.0,resnet152-inference-68b6845c4d-jlgk7
2026-08-15 11:34:32.413896,0.0,resnet152-inference-68b6845c4d-59p65
2026-08-15 11:34:37.415048,0.0,resnet152-inference-68b6845c4d-8fkrc
2026-08-15 11:34:37.415048,0.0,resnet152-inference-68b6845c4d-47dd4
2026-08-15 11:34:37.415048,0.0,resnet152-inference-68b6845c4d-jlgk7
2026-08-15 11:34:37.415048,0.0,resnet152-inference-68b6845c4d-59p65
2026-08-15 11:34:42.415040,0.0,resnet152-inference-68b6845c4d-8fkrc
2026-08-15 11:34:42.415040,0.0,resnet152-inference-68b6845c4d-47dd4
2026-08-15 11:34:42.415040,0.0,resnet152-inference-68b6845c4d-jlgk7
2026-08-15 11:34:42.415040,0.0,resnet152-inference-68b6845c4d-59p65
2026-08-15 11:34:47.415052,0.0,resnet152-inference-68b6845c4d-8fkrc
2026-08-15 11:34:47.415052,0.0,resnet152-inference-68b6845c4d-47dd4
2026-08-15 11:34:47.415052,0.0,resnet152-inference-68b6845c4d-jlgk7
2026-08-15 11:34:47.415052,0.0,resnet152-inference-68b6845c4d-59p65
2026-08-15 11:34:52.413327,0.0,resnet152-inference-68b6845c4d-8fkrc
2026-08-15 11:34:52.413327,0.0,resnet152-inference-68b6845c4d-47dd4
2026-08-15 11:34:52.413327,0.0,resnet152-inference-68b6845c4d-jlgk7
2026-08-15 11:34:52.413327,0.0,resnet152-inference-68b6845c4d-59p65
2026-08-15 11:34:57.415039,0.0,resnet152-inference-68b6845c4d-8fkrc
2026-08-15 11:34:57.415039,0.0,resnet152-inference-68b6845c4d-47dd4
2026-08-15 11:34:57.415039,0.0,resnet152-inference-68b6845c4d-jlgk7
2026-08-15 11:34:57.415039,0.0,resnet152-inference-68b6845c4d-59p65
2026-08-15 11:35:02.410260,0.0,resnet152-inference-68b6845c4d-8fkrc
2026-08-15 11:35:02.410260,0.0,resnet152-inference-68b6845c4d-47dd4
2026-08-15 11:35:02.410260,0.0,resnet152-inference-68b6845c4d-jlgk7
2026-08-15 11:35:02.410260,0.0,resnet152-inference-68b6845c4d-59p65
2026-08-15 11:35:07.415059,0.0,resnet152-inference-68b6845c4d-8fkrc
2026-08-15 11:35:07.415059,0.0,resnet152-inference-68b6845c4d-47dd4
2026-08-15 11:35:07.415059,0.0,resnet152-inference-68b6845c4d-jlgk7
2026-08-15 11:35:07.415059,0.0,resnet152-inference-68b6845c4d-59p65
2026-08-15 11:35:12.413318,0.0,resnet152-inference-68b6845c4d-8fkrc
2026-08-15 11:35:12.413318,0.0,resnet152-inference-68b6845c4d-47dd4
2026-08-15 11:35:12.413318,0.0,resnet152-inference-68b6845c4d-jlgk7
2026-08-15 11:35:12.413318,0.0,resnet152-inference-68b6845c4d-59p65
2026-08-15 11:35:17.414401,0.0,resnet152-inference-68b6845c4d-8fkrc
2026-08-15 11:35:17.414401,0.0,resnet152-inference-68b6845c4d-47dd4
2026-08-15 11:35:17.414401,0.0,resnet152-inference-68b6845c4d-jlgk7
2026-08-15 11:35:17.414401,0.0,resnet152-inference-68b6845c4d-59p65
2026-08-15 11:35:22.412186,0.0,resnet152-inference-68b6845c4d-8fkrc
2026-08-15 11:35:22.412186,0.0,resnet152-inference-68b6845c4d-47dd4
2026-08-15 11:35:22.412186,0.0,resnet152-inference-68b6845c4d-jlgk7
2026-08-15 11:35:22.412186,0.0,resnet152-inference-68b6845c4d-59p65
2026-08-15 11:35:27.413171,0.0,resnet152-inference-68b6845c4d-8fkrc
2026-08-15 11:35:27.413171,0.0,resnet152-inference-68b6845c4d-47dd4
2026-08-15 11:35:27.413171,0.0,resnet152-inference-68b6845c4d-jlgk7
2026-08-15 11:35:27.413171,0.0,resnet152-inference-68b6845c4d-59p65
2026-08-15 11:35:32.412795,0.0,resnet152-inference-68b6845c4d-8fkrc
2026-08-15 11:35:32.412795,0.0,resnet152-inference-68b6845c4d-47dd4
2026-08-15 11:35:32.412795,0.0,resnet152-inference-68b6845c4d-jlgk7
2026-08-15 11:35:32.412795,0.0,resnet152-inference-68b6845c4d-59p65
2026-08-15 11:35:37.415194,0.0,resnet152-inference-68b6845c4d-8fkrc
2026-08-15 11:35:37.415194,0.0,resnet152-inference-68b6845c4d-47dd4
2026-08-15 11:35:37.415194,0.0,resnet152-inference-68b6845c4d-jlgk7
2026-08-15 11:35:37.415194,0.0,resnet152-inference-68b6845c4d-59p65
2026-08-15 11:35:42.413507,0.0,resnet152-inference-68b6845c4d-8fkrc
2026-08-15 11:35:42.413507,0.0,resnet152-inference-68b6845c4d-47dd4
2026-08-15 11:35:42.413507,0.0,resnet152-inference-68b6845c4d-jlgk7
2026-08-15 11:35:42.413507,0.0,resnet152-inference-68b6845c4d-59p65
2026-08-15 11:35:47.414149,0.0,resnet152-inference-68b6845c4d-8fkrc
2026-08-15 11:35:47.414149,0.0,resnet152-inference-68b6845c4d-47dd4
2026-08-15 11:35:47.414149,0.0,resnet152-inference-68b6845c4d-jlgk7
2026-08-15 11:35:47.414149,0.0,resnet152-inference-68b6845c4d-59p65
2026-08-15 11:35:52.414883,0.0,resnet152-inference-68b6845c4d-8fkrc
2026-08-15 11:35:52.414883,0.0,resnet152-inference-68b6845c4d-47dd4
2026-08-15 11:35:52.414883,0.0,resnet152-inference-68b6845c4d-jlgk7
2026-08-15 11:35:52.414883,0.0,resnet152-inference-68b6845c4d-59p65
2026-08-15 11:35:57.413380,0.0,resnet152-inference-68b6845c4d-8fkrc
2026-08-15 11:35:57.413380,0.0,resnet152-inference-68b6845c4d-47dd4
2026-08-15 11:35:57.413380,0.0,resnet152-inference-68b6845c4d-jlgk7
2026-08-15 11:35:57.413380,0.0,resnet152-inference-68b6845c4d-59p65
2026-08-15 11:36:02.410439,0.0,resnet152-inference-68b6845c4d-8fkrc
2026-08-15 11:36:02.410439,0.0,resnet152-inference-68b6845c4d-47dd4
2026-08-15 11:36:02.410439,0.0,resnet152-inference-68b6845c4d-jlgk7
2026-08-15 11:36:02.410439,0.0,resnet152-inference-68b6845c4d-59p65
2026-08-15 11:36:07.414208,0.0,resnet152-inference-68b6845c4d-8fkrc
2026-08-15 11:36:07.414208,0.0,resnet152-inference-68b6845c4d-47dd4
2026-08-15 11:36:07.414208,0.0,resnet152-inference-68b6845c4d-jlgk7
2026-08-15 11:36:07.414208,0.0,resnet152-inference-68b6845c4d-59p65
2026-08-15 11:36:12.415044,0.0,resnet152-inference-68b6845c4d-8fkrc
2026-08-15 11:36:12.415044,0.0,resnet152-inference-68b6845c4d-47dd4
2026-08-15 11:36:12.415044,0.0,resnet152-inference-68b6845c4d-jlgk7
2026-08-15 11:36:12.415044,0.0,resnet152-inference-68b6845c4d-59p65
2026-08-15 11:36:17.415061,0.0,resnet152-inference-68b6845c4d-8fkrc
2026-08-15 11:36:17.415061,0.0,resnet152-inference-68b6845c4d-47dd4
2026-08-15 11:36:17.415061,0.0,resnet152-inference-68b6845c4d-jlgk7
2026-08-15 11:36:17.415061,0.0,resnet152-inference-68b6845c4d-59p65
2026-08-15 11:36:22.415066,0.0,resnet152-inference-68b6845c4d-8fkrc
2026-08-15 11:36:22.415066,0.0,resnet152-inference-68b6845c4d-47dd4
2026-08-15 11:36:22.415066,0.0,resnet152-inference-68b6845c4d-jlgk7
2026-08-15 11:36:22.415066,0.0,resnet152-inference-68b6845c4d-59p65
2026-08-15 11:36:27.415012,0.0,resnet152-inference-68b6845c4d-8fkrc
2026-08-15 11:36:27.415012,0.0,resnet152-inference-68b6845c4d-47dd4
2026-08-15 11:36:27.415012,0.0,resnet152-inference-68b6845c4d-jlgk7
2026-08-15 11:36:27.415012,0.0,resnet152-inference-68b6845c4d-59p65
2026-08-15 11:36:32.410874,0.0,resnet152-inference-68b6845c4d-8fkrc
2026-08-15 11:36:32.410874,0.0,resnet152-inference-68b6845c4d-47dd4
2026-08-15 11:36:32.410874,0.0,resnet152-inference-68b6845c4d-jlgk7
2026-08-15 11:36:32.410874,0.0,resnet152-inference-68b6845c4d-59p65
2026-08-15 11:36:37.415001,0.0,resnet152-inference-68b6845c4d-8fkrc
2026-08-15 11:36:37.415001,0.0,resnet152-inference-68b6845c4d-47dd4
2026-08-15 11:36:37.415001,0.0,resnet152-inference-68b6845c4d-jlgk7
2026-08-15 11:36:37.415001,0.0,resnet152-inference-68b6845c4d-59p65
2026-08-15 11:36:42.413557,0.0,resnet152-inference-68b6845c4d-8fkrc
2026-08-15 11:36:42.413557,0.0,resnet152-inference-68b6845c4d-47dd4
2026-08-15 11:36:42.413557,0.0,resnet152-inference-68b6845c4d-jlgk7
2026-08-15 11:36:42.413557,0.0,resnet152-inference-68b6845c4d-59p65
2026-08-15 11:36:47.411519,0.0,resnet152-inference-68b6845c4d-8fkrc
2026-08-15 11:36:47.411519,0.0,resnet152-inference-68b6845c4d-47dd4
2026-08-15 11:36:47.411519,0.0,resnet152-inference-68b6845c4d-jlgk7
2026-08-15 11:36:47.411519,0.0,resnet152-inference-68b6845c4d-59p65
2026-08-15 11:36:52.415054,0.0,resnet152-inference-68b6845c4d-8fkrc
2026-08-15 11:36:52.415054,0.0,resnet152-inference-68b6845c4d-47dd4
2026-08-15 11:36:52.415054,0.0,resnet152-inference-68b6845c4d-jlgk7
2026-08-15 11:36:52.415054,0.0,resnet152-inference-68b6845c4d-59p65
2026-08-15 11:36:57.415042,0.0,resnet152-inference-68b6845c4d-8fkrc
2026-08-15 11:36:57.415042,0.0,resnet152-inference-68b6845c4d-47dd4
2026-08-15 11:36:57.415042,0.0,resnet152-inference-68b6845c4d-jlgk7
2026-08-15 11:36:57.415042,0.0,resnet152-inference-68b6845c4d-59p65
2026-08-15 11:37:02.414913,0.0,resnet152-inference-68b6845c4d-8fkrc
2026-08-15 11:37:02.414913,0.0,resnet152-inference-68b6845c4d-47dd4
2026-08-15 11:37:02.414913,0.0,resnet152-inference-68b6845c4d-jlgk7
2026-08-15 11:37:02.414913,0.0,resnet152-inference-68b6845c4d-59p65
2026-08-15 11:37:07.415055,0.0,resnet152-inference-68b6845c4d-8fkrc
2026-08-15 11:37:07.415055,0.0,resnet152-inference-68b6845c4d-47dd4
2026-08-15 11:37:07.415055,0.0,resnet152-inference-68b6845c4d-jlgk7
2026-08-15 11:37:07.415055,0.0,resnet152-inference-68b6845c4d-59p65
2026-08-15 11:37:12.412900,0.0,resnet152-inference-68b6845c4d-8fkrc
2026-08-15 11:37:12.412900,0.0,resnet152-inference-68b6845c4d-47dd4
2026-08-15 11:37:12.412900,0.0,resnet152-inference-68b6845c4d-jlgk7
2026-08-15 11:37:12.412900,0.0,resnet152-inference-68b6845c4d-59p65
2026-08-15 11:37:17.412497,0.0,resnet152-inference-68b6845c4d-8fkrc
2026-08-15 11:37:17.412497,0.0,resnet152-inference-68b6845c4d-47dd4
2026-08-15 11:37:17.412497,0.0,resnet152-inference-68b6845c4d-jlgk7
2026-08-15 11:37:17.412497,0.0,resnet152-inference-68b6845c4d-59p65
2026-08-15 11:37:22.415056,0.0,resnet152-inference-68b6845c4d-8fkrc
2026-08-15 11:37:22.415056,0.0,resnet152-inference-68b6845c4d-47dd4
2026-08-15 11:37:22.415056,0.0,resnet152-inference-68b6845c4d-jlgk7
2026-08-15 11:37:22.415056,0.0,resnet152-inference-68b6845c4d-59p65
2026-08-15 11:37:27.413675,0.0,resnet152-inference-68b6845c4d-8fkrc
2026-08-15 11:37:27.413675,0.0,resnet152-inference-68b6845c4d-47dd4
2026-08-15 11:37:27.413675,0.0,resnet152-inference-68b6845c4d-jlgk7
2026-08-15 11:37:27.413675,0.0,resnet152-inference-68b6845c4d-59p65
2026-08-15 11:37:32.415131,0.0,resnet152-inference-68b6845c4d-8fkrc
2026-08-15 11:37:32.415131,0.0,resnet152-inference-68b6845c4d-47dd4
2026-08-15 11:37:32.415131,0.0,resnet152-inference-68b6845c4d-jlgk7
2026-08-15 11:37:32.415131,0.0,resnet152-inference-68b6845c4d-59p65
2026-08-15 11:37:37.415033,0.0,resnet152-inference-68b6845c4d-8fkrc
2026-08-15 11:37:37.415033,0.0,resnet152-inference-68b6845c4d-47dd4
2026-08-15 11:37:37.415033,0.0,resnet152-inference-68b6845c4d-jlgk7
2026-08-15 11:37:37.415033,0.0,resnet152-inference-68b6845c4d-59p65
2026-08-15 11:37:42.413375,0.0,resnet152-inference-68b6845c4d-8fkrc
2026-08-15 11:37:42.413375,0.0,resnet152-inference-68b6845c4d-47dd4
2026-08-15 11:37:42.413375,0.0,resnet152-inference-68b6845c4d-jlgk7
2026-08-15 11:37:42.413375,0.0,resnet152-inference-68b6845c4d-59p65
2026-08-15 11:37:47.414176,0.0,resnet152-inference-68b6845c4d-8fkrc
2026-08-15 11:37:47.414176,0.0,resnet152-inference-68b6845c4d-47dd4
2026-08-15 11:37:47.414176,0.0,resnet152-inference-68b6845c4d-jlgk7
2026-08-15 11:37:47.414176,0.0,resnet152-inference-68b6845c4d-59p65
2026-08-15 11:37:52.413504,0.0,resnet152-inference-68b6845c4d-8fkrc
2026-08-15 11:37:52.413504,0.0,resnet152-inference-68b6845c4d-47dd4
2026-08-15 11:37:52.413504,0.0,resnet152-inference-68b6845c4d-jlgk7
2026-08-15 11:37:52.413504,0.0,resnet152-inference-68b6845c4d-59p65
2026-08-15 11:37:57.415035,0.0,resnet152-inference-68b6845c4d-8fkrc
2026-08-15 11:37:57.415035,0.0,resnet152-inference-68b6845c4d-47dd4
2026-08-15 11:37:57.415035,0.0,resnet152-inference-68b6845c4d-jlgk7
2026-08-15 11:37:57.415035,0.0,resnet152-inference-68b6845c4d-59p65
2026-08-15 11:38:02.410654,0.0,resnet152-inference-68b6845c4d-8fkrc
2026-08-15 11:38:02.410654,0.0,resnet152-inference-68b6845c4d-47dd4
2026-08-15 11:38:02.410654,0.0,resnet152-inference-68b6845c4d-jlgk7
2026-08-15 11:38:02.410654,0.0,resnet152-inference-68b6845c4d-59p65
2026-08-15 11:38:07.414004,0.0,resnet152-inference-68b6845c4d-8fkrc
2026-08-15 11:38:07.414004,0.0,resnet152-inference-68b6845c4d-47dd4
2026-08-15 11:38:07.414004,0.0,resnet152-inference-68b6845c4d-jlgk7
2026-08-15 11:38:07.414004,0.0,resnet152-inference-68b6845c4d-59p65
2026-08-15 11:38:12.415056,0.0,resnet152-inference-68b6845c4d-8fkrc
2026-08-15 11:38:12.415056,0.0,resnet152-inference-68b6845c4d-47dd4
2026-08-15 11:38:12.415056,0.0,resnet152-inference-68b6845c4d-jlgk7
2026-08-15 11:38:12.415056,0.0,resnet152-inference-68b6845c4d-59p65
2026-08-15 11:38:17.414260,0.0,resnet152-inference-68b6845c4d-8fkrc
2026-08-15 11:38:17.414260,0.0,resnet152-inference-68b6845c4d-47dd4
2026-08-15 11:38:17.414260,0.0,resnet152-inference-68b6845c4d-jlgk7
2026-08-15 11:38:17.414260,0.0,resnet152-inference-68b6845c4d-59p65
2026-08-15 11:38:22.414073,0.0,resnet152-inference-68b6845c4d-8fkrc
2026-08-15 11:38:22.414073,0.0,resnet152-inference-68b6845c4d-47dd4
2026-08-15 11:38:22.414073,0.0,resnet152-inference-68b6845c4d-jlgk7
2026-08-15 11:38:22.414073,0.0,resnet152-inference-68b6845c4d-59p65
2026-08-15 11:38:27.412800,0.0,resnet152-inference-68b6845c4d-8fkrc
2026-08-15 11:38:27.412800,0.0,resnet152-inference-68b6845c4d-47dd4
2026-08-15 11:38:27.412800,0.0,resnet152-inference-68b6845c4d-jlgk7
2026-08-15 11:38:27.412800,0.0,resnet152-inference-68b6845c4d-59p65
2026-08-15 11:38:32.412958,0.0,resnet152-inference-68b6845c4d-8fkrc
2026-08-15 11:38:32.412958,0.0,resnet152-inference-68b6845c4d-47dd4
2026-08-15 11:38:32.412958,0.0,resnet152-inference-68b6845c4d-jlgk7
2026-08-15 11:38:32.412958,0.0,resnet152-inference-68b6845c4d-59p65
2026-08-15 11:38:37.415046,0.0,resnet152-inference-68b6845c4d-8fkrc
2026-08-15 11:38:37.415046,0.0,resnet152-inference-68b6845c4d-47dd4
2026-08-15 11:38:37.415046,0.0,resnet152-inference-68b6845c4d-jlgk7
2026-08-15 11:38:37.415046,0.0,resnet152-inference-68b6845c4d-59p65
2026-08-15 11:38:42.413774,0.0,resnet152-inference-68b6845c4d-8fkrc
2026-08-15 11:38:42.413774,0.0,resnet152-inference-68b6845c4d-47dd4
2026-08-15 11:38:42.413774,0.0,resnet152-inference-68b6845c4d-jlgk7
2026-08-15 11:38:42.413774,0.0,resnet152-inference-68b6845c4d-59p65
2026-08-15 11:38:47.410972,0.0,resnet152-inference-68b6845c4d-8fkrc
2026-08-15 11:38:47.410972,0.0,resnet152-inference-68b6845c4d-47dd4
2026-08-15 11:38:47.410972,0.0,resnet152-inference-68b6845c4d-jlgk7
2026-08-15 11:38:47.410972,0.0,resnet152-inference-68b6845c4d-59p65
2026-08-15 11:38:52.415081,0.0,resnet152-inference-68b6845c4d-8fkrc
2026-08-15 11:38:52.415081,0.0,resnet152-inference-68b6845c4d-47dd4
2026-08-15 11:38:52.415081,0.0,resnet152-inference-68b6845c4d-jlgk7
2026-08-15 11:38:52.415081,0.0,resnet152-inference-68b6845c4d-59p65
2026-08-15 11:38:57.413593,0.0,resnet152-inference-68b6845c4d-8fkrc
2026-08-15 11:38:57.413593,0.0,resnet152-inference-68b6845c4d-47dd4
2026-08-15 11:38:57.413593,0.0,resnet152-inference-68b6845c4d-jlgk7
2026-08-15 11:38:57.413593,0.0,resnet152-inference-68b6845c4d-59p65
2026-08-15 11:39:02.414886,0.0,resnet152-inference-68b6845c4d-8fkrc
2026-08-15 11:39:02.414886,0.0,resnet152-inference-68b6845c4d-47dd4
2026-08-15 11:39:02.414886,0.0,resnet152-inference-68b6845c4d-jlgk7
2026-08-15 11:39:02.414886,0.0,resnet152-inference-68b6845c4d-59p65
2026-08-15 11:39:07.414934,0.0,resnet152-inference-68b6845c4d-8fkrc
2026-08-15 11:39:07.414934,0.0,resnet152-inference-68b6845c4d-47dd4
2026-08-15 11:39:07.414934,0.0,resnet152-inference-68b6845c4d-jlgk7
2026-08-15 11:39:07.414934,0.0,resnet152-inference-68b6845c4d-59p65
2026-08-15 11:39:12.413087,0.0,resnet152-inference-68b6845c4d-8fkrc
2026-08-15 11:39:12.413087,0.0,resnet152-inference-68b6845c4d-47dd4
2026-08-15 11:39:12.413087,0.0,resnet152-inference-68b6845c4d-jlgk7
2026-08-15 11:39:12.413087,0.0,resnet152-inference-68b6845c4d-59p65
2026-08-15 11:39:17.415069,0.0,resnet152-inference-68b6845c4d-8fkrc
2026-08-15 11:39:17.415069,0.0,resnet152-inference-68b6845c4d-47dd4
2026-08-15 11:39:17.415069,0.0,resnet152-inference-68b6845c4d-jlgk7
2026-08-15 11:39:17.415069,0.0,resnet152-inference-68b6845c4d-59p65
2026-08-15 11:39:22.413266,0.0,resnet152-inference-68b6845c4d-8fkrc
2026-08-15 11:39:22.413266,0.0,resnet152-inference-68b6845c4d-47dd4
2026-08-15 11:39:22.413266,0.0,resnet152-inference-68b6845c4d-jlgk7
2026-08-15 11:39:22.413266,0.0,resnet152-inference-68b6845c4d-59p65
2026-08-15 11:39:27.414731,0.0,resnet152-inference-68b6845c4d-8fkrc
2026-08-15 11:39:27.414731,0.0,resnet152-inference-68b6845c4d-47dd4
2026-08-15 11:39:27.414731,0.0,resnet152-inference-68b6845c4d-jlgk7
2026-08-15 11:39:27.414731,0.0,resnet152-inference-68b6845c4d-59p65
2026-08-15 11:39:32.412489,0.0,resnet152-inference-68b6845c4d-8fkrc
2026-08-15 11:39:32.412489,0.0,resnet152-inference-68b6845c4d-47dd4
2026-08-15 11:39:32.412489,0.0,resnet152-inference-68b6845c4d-jlgk7
2026-08-15 11:39:32.412489,0.0,resnet152-inference-68b6845c4d-59p65
2026-08-15 11:39:37.414300,0.0,resnet152-inference-68b6845c4d-8fkrc
2026-08-15 11:39:37.414300,0.0,resnet152-inference-68b6845c4d-47dd4
2026-08-15 11:39:37.414300,0.0,resnet152-inference-68b6845c4d-jlgk7
2026-08-15 11:39:37.414300,0.0,resnet152-inference-68b6845c4d-59p65
2026-08-15 11:39:42.413016,0.0,resnet152-inference-68b6845c4d-8fkrc
2026-08-15 11:39:42.413016,0.0,resnet152-inference-68b6845c4d-47dd4
2026-08-15 11:39:42.413016,0.0,resnet152-inference-68b6845c4d-jlgk7
2026-08-15 11:39:42.413016,0.0,resnet152-inference-68b6845c4d-59p65
2026-08-15 11:39:47.415079,0.0,resnet152-inference-68b6845c4d-8fkrc
2026-08-15 11:39:47.415079,0.0,resnet152-inference-68b6845c4d-47dd4
2026-08-15 11:39:47.415079,0.0,resnet152-inference-68b6845c4d-jlgk7
2026-08-15 11:39:47.415079,0.0,resnet152-inference-68b6845c4d-59p65
2026-08-15 11:39:52.413502,0.0,resnet152-inference-68b6845c4d-8fkrc
2026-08-15 11:39:52.413502,0.0,resnet152-inference-68b6845c4d-47dd4
2026-08-15 11:39:52.413502,0.0,resnet152-inference-68b6845c4d-jlgk7
2026-08-15 11:39:52.413502,0.0,resnet152-inference-68b6845c4d-59p65
2026-08-15 11:39:57.411965,0.0,resnet152-inference-68b6845c4d-8fkrc
2026-08-15 11:39:57.411965,0.0,resnet152-inference-68b6845c4d-47dd4
2026-08-15 11:39:57.411965,0.0,resnet152-inference-68b6845c4d-jlgk7
2026-08-15 11:39:57.411965,0.0,resnet152-inference-68b6845c4d-59p65
2026-08-15 11:40:02.414886,0.0,resnet152-inference-68b6845c4d-8fkrc
2026-08-15 11:40:02.414886,0.0,resnet152-inference-68b6845c4d-47dd4
2026-08-15 11:40:02.414886,0.0,resnet152-inference-68b6845c4d-jlgk7
2026-08-15 11:40:02.414886,0.0,resnet152-inference-68b6845c4d-59p65
2026-08-15 11:40:07.415042,0.0,resnet152-inference-68b6845c4d-8fkrc
2026-08-15 11:40:07.415042,0.0,resnet152-inference-68b6845c4d-47dd4
2026-08-15 11:40:07.415042,0.0,resnet152-inference-68b6845c4d-jlgk7
2026-08-15 11:40:07.415042,0.0,resnet152-inference-68b6845c4d-59p65
2026-08-15 11:40:12.413677,0.0,resnet152-inference-68b6845c4d-8fkrc
2026-08-15 11:40:12.413677,0.0,resnet152-inference-68b6845c4d-47dd4
2026-08-15 11:40:12.413677,0.0,resnet152-inference-68b6845c4d-jlgk7
2026-08-15 11:40:12.413677,0.0,resnet152-inference-68b6845c4d-59p65
2026-08-15 11:40:17.415002,0.0,resnet152-inference-68b6845c4d-8fkrc
2026-08-15 11:40:17.415002,0.0,resnet152-inference-68b6845c4d-47dd4
2026-08-15 11:40:17.415002,0.0,resnet152-inference-68b6845c4d-jlgk7
2026-08-15 11:40:17.415002,0.0,resnet152-inference-68b6845c4d-59p65
2026-08-15 11:40:22.415055,0.0,resnet152-inference-68b6845c4d-8fkrc
2026-08-15 11:40:22.415055,0.0,resnet152-inference-68b6845c4d-47dd4
2026-08-15 11:40:22.415055,0.0,resnet152-inference-68b6845c4d-jlgk7
2026-08-15 11:40:22.415055,0.0,resnet152-inference-68b6845c4d-59p65
2026-08-15 11:40:27.415043,0.0,resnet152-inference-68b6845c4d-8fkrc
2026-08-15 11:40:27.415043,0.0,resnet152-inference-68b6845c4d-47dd4
2026-08-15 11:40:27.415043,0.0,resnet152-inference-68b6845c4d-jlgk7
2026-08-15 11:40:27.415043,0.0,resnet152-inference-68b6845c4d-59p65
2026-08-15 11:40:32.413956,0.0,resnet152-inference-68b6845c4d-8fkrc
2026-08-15 11:40:32.413956,0.0,resnet152-inference-68b6845c4d-47dd4
2026-08-15 11:40:32.413956,0.0,resnet152-inference-68b6845c4d-jlgk7
2026-08-15 11:40:32.413956,0.0,resnet152-inference-68b6845c4d-59p65
2026-08-15 11:40:37.415054,0.0,resnet152-inference-68b6845c4d-8fkrc
2026-08-15 11:40:37.415054,0.0,resnet152-inference-68b6845c4d-47dd4
2026-08-15 11:40:37.415054,0.0,resnet152-inference-68b6845c4d-jlgk7
2026-08-15 11:40:37.415054,0.0,resnet152-inference-68b6845c4d-59p65
2026-08-15 11:40:42.413172,0.0,resnet152-inference-68b6845c4d-8fkrc
2026-08-15 11:40:42.413172,0.0,resnet152-inference-68b6845c4d-47dd4
2026-08-15 11:40:42.413172,0.0,resnet152-inference-68b6845c4d-jlgk7
2026-08-15 11:40:42.413172,0.0,resnet152-inference-68b6845c4d-59p65
2026-08-15 11:40:47.413897,0.0,resnet152-inference-68b6845c4d-8fkrc
2026-08-15 11:40:47.413897,0.0,resnet152-inference-68b6845c4d-47dd4
2026-08-15 11:40:47.413897,0.0,resnet152-inference-68b6845c4d-jlgk7
2026-08-15 11:40:47.413897,0.0,resnet152-inference-68b6845c4d-59p65
2026-08-15 11:40:52.413250,0.0,resnet152-inference-68b6845c4d-8fkrc
2026-08-15 11:40:52.413250,0.0,resnet152-inference-68b6845c4d-47dd4
2026-08-15 11:40:52.413250,0.0,resnet152-inference-68b6845c4d-jlgk7
2026-08-15 11:40:52.413250,0.0,resnet152-inference-68b6845c4d-59p65
2026-08-15 11:40:57.412884,0.0,resnet152-inference-68b6845c4d-8fkrc
2026-08-15 11:40:57.412884,0.0,resnet152-inference-68b6845c4d-47dd4
2026-08-15 11:40:57.412884,0.0,resnet152-inference-68b6845c4d-jlgk7
2026-08-15 11:40:57.412884,0.0,resnet152-inference-68b6845c4d-59p65
2026-08-15 11:41:02.415012,0.0,resnet152-inference-68b6845c4d-8fkrc
2026-08-15 11:41:02.415012,0.0,resnet152-inference-68b6845c4d-47dd4
2026-08-15 11:41:02.415012,0.0,resnet152-inference-68b6845c4d-jlgk7
2026-08-15 11:41:02.415012,0.0,resnet152-inference-68b6845c4d-59p65
2026-08-15 11:41:07.415048,0.0,resnet152-inference-68b6845c4d-8fkrc
2026-08-15 11:41:07.415048,0.0,resnet152-inference-68b6845c4d-47dd4
2026-08-15 11:41:07.415048,0.0,resnet152-inference-68b6845c4d-jlgk7
2026-08-15 11:41:07.415048,0.0,resnet152-inference-68b6845c4d-59p65
2026-08-15 11:41:12.413557,0.0,resnet152-inference-68b6845c4d-8fkrc
2026-08-15 11:41:12.413557,0.0,resnet152-inference-68b6845c4d-47dd4
2026-08-15 11:41:12.413557,0.0,resnet152-inference-68b6845c4d-jlgk7
2026-08-15 11:41:12.413557,0.0,resnet152-inference-68b6845c4d-59p65
2026-08-15 11:41:17.415048,0.0,resnet152-inference-68b6845c4d-8fkrc
2026-08-15 11:41:17.415048,0.0,resnet152-inference-68b6845c4d-47dd4
2026-08-15 11:41:17.415048,0.0,resnet152-inference-68b6845c4d-jlgk7
2026-08-15 11:41:17.415048,0.0,resnet152-inference-68b6845c4d-59p65
2026-08-15 11:41:22.414210,0.0,resnet152-inference-68b6845c4d-8fkrc
2026-08-15 11:41:22.414210,0.0,resnet152-inference-68b6845c4d-47dd4
2026-08-15 11:41:22.414210,0.0,resnet152-inference-68b6845c4d-jlgk7
2026-08-15 11:41:22.414210,0.0,resnet152-inference-68b6845c4d-59p65
2026-08-15 11:41:27.412878,0.0,resnet152-inference-68b6845c4d-8fkrc
2026-08-15 11:41:27.412878,0.0,resnet152-inference-68b6845c4d-47dd4
2026-08-15 11:41:27.412878,0.0,resnet152-inference-68b6845c4d-jlgk7
2026-08-15 11:41:27.412878,0.0,resnet152-inference-68b6845c4d-59p65
2026-08-15 11:41:32.415098,0.0,resnet152-inference-68b6845c4d-8fkrc
2026-08-15 11:41:32.415098,0.0,resnet152-inference-68b6845c4d-47dd4
2026-08-15 11:41:32.415098,0.0,resnet152-inference-68b6845c4d-jlgk7
2026-08-15 11:41:32.415098,0.0,resnet152-inference-68b6845c4d-59p65
2026-08-15 11:41:37.415048,0.0,resnet152-inference-68b6845c4d-8fkrc
2026-08-15 11:41:37.415048,0.0,resnet152-inference-68b6845c4d-47dd4
2026-08-15 11:41:37.415048,0.0,resnet152-inference-68b6845c4d-jlgk7
2026-08-15 11:41:37.415048,0.0,resnet152-inference-68b6845c4d-59p65
2026-08-15 11:41:42.414380,0.0,resnet152-inference-68b6845c4d-8fkrc
2026-08-15 11:41:42.414380,0.0,resnet152-inference-68b6845c4d-47dd4
2026-08-15 11:41:42.414380,0.0,resnet152-inference-68b6845c4d-jlgk7
2026-08-15 11:41:42.414380,0.0,resnet152-inference-68b6845c4d-59p65
2026-08-15 11:41:47.415041,0.0,resnet152-inference-68b6845c4d-8fkrc
2026-08-15 11:41:47.415041,0.0,resnet152-inference-68b6845c4d-47dd4
2026-08-15 11:41:47.415041,0.0,resnet152-inference-68b6845c4d-jlgk7
2026-08-15 11:41:47.415041,0.0,resnet152-inference-68b6845c4d-59p65
2026-08-15 11:41:52.413461,0.0,resnet152-inference-68b6845c4d-8fkrc
2026-08-15 11:41:52.413461,0.0,resnet152-inference-68b6845c4d-47dd4
2026-08-15 11:41:52.413461,0.0,resnet152-inference-68b6845c4d-jlgk7
2026-08-15 11:41:52.413461,0.0,resnet152-inference-68b6845c4d-59p65
2026-08-15 11:41:57.414875,0.0,resnet152-inference-68b6845c4d-8fkrc
2026-08-15 11:41:57.414875,0.0,resnet152-inference-68b6845c4d-47dd4
2026-08-15 11:41:57.414875,0.0,resnet152-inference-68b6845c4d-jlgk7
2026-08-15 11:41:57.414875,0.0,resnet152-inference-68b6845c4d-59p65
2026-08-15 11:42:02.415047,0.0,resnet152-inference-68b6845c4d-8fkrc
2026-08-15 11:42:02.415047,0.0,resnet152-inference-68b6845c4d-47dd4
2026-08-15 11:42:02.415047,0.0,resnet152-inference-68b6845c4d-jlgk7
2026-08-15 11:42:02.415047,0.0,resnet152-inference-68b6845c4d-59p65
2026-08-15 11:42:07.415058,0.0,resnet152-inference-68b6845c4d-8fkrc
2026-08-15 11:42:07.415058,0.0,resnet152-inference-68b6845c4d-47dd4
2026-08-15 11:42:07.415058,0.0,resnet152-inference-68b6845c4d-jlgk7
2026-08-15 11:42:07.415058,0.0,resnet152-inference-68b6845c4d-59p65
2026-08-15 11:42:12.411794,0.0,resnet152-inference-68b6845c4d-8fkrc
2026-08-15 11:42:12.411794,0.0,resnet152-inference-68b6845c4d-47dd4
2026-08-15 11:42:12.411794,0.0,resnet152-inference-68b6845c4d-jlgk7
2026-08-15 11:42:12.411794,0.0,resnet152-inference-68b6845c4d-59p65
2026-08-15 11:42:17.415059,0.0,resnet152-inference-68b6845c4d-8fkrc
2026-08-15 11:42:17.415059,0.0,resnet152-inference-68b6845c4d-47dd4
2026-08-15 11:42:17.415059,0.0,resnet152-inference-68b6845c4d-jlgk7
2026-08-15 11:42:17.415059,0.0,resnet152-inference-68b6845c4d-59p65
2026-08-15 11:42:22.412890,0.0,resnet152-inference-68b6845c4d-8fkrc
2026-08-15 11:42:22.412890,0.0,resnet152-inference-68b6845c4d-47dd4
2026-08-15 11:42:22.412890,0.0,resnet152-inference-68b6845c4d-jlgk7
2026-08-15 11:42:22.412890,0.0,resnet152-inference-68b6845c4d-59p65
2026-08-15 11:42:27.414891,0.0,resnet152-inference-68b6845c4d-8fkrc
2026-08-15 11:42:27.414891,0.0,resnet152-inference-68b6845c4d-47dd4
2026-08-15 11:42:27.414891,0.0,resnet152-inference-68b6845c4d-jlgk7
2026-08-15 11:42:27.414891,0.0,resnet152-inference-68b6845c4d-59p65
2026-08-15 11:42:32.413339,0.0,resnet152-inference-68b6845c4d-8fkrc
2026-08-15 11:42:32.413339,0.0,resnet152-inference-68b6845c4d-47dd4
2026-08-15 11:42:32.413339,0.0,resnet152-inference-68b6845c4d-jlgk7
2026-08-15 11:42:32.413339,0.0,resnet152-inference-68b6845c4d-59p65
2026-08-15 11:42:37.415056,0.0,resnet152-inference-68b6845c4d-8fkrc
2026-08-15 11:42:37.415056,0.0,resnet152-inference-68b6845c4d-47dd4
2026-08-15 11:42:37.415056,0.0,resnet152-inference-68b6845c4d-jlgk7
2026-08-15 11:42:37.415056,0.0,resnet152-inference-68b6845c4d-59p65
2026-08-15 11:42:42.415016,0.0,resnet152-inference-68b6845c4d-8fkrc
2026-08-15 11:42:42.415016,0.0,resnet152-inference-68b6845c4d-47dd4
2026-08-15 11:42:42.415016,0.0,resnet152-inference-68b6845c4d-jlgk7
2026-08-15 11:42:42.415016,0.0,resnet152-inference-68b6845c4d-59p65
2026-08-15 11:42:47.414226,0.0,resnet152-inference-68b6845c4d-8fkrc
2026-08-15 11:42:47.414226,0.0,resnet152-inference-68b6845c4d-47dd4
2026-08-15 11:42:47.414226,0.0,resnet152-inference-68b6845c4d-jlgk7
2026-08-15 11:42:47.414226,0.0,resnet152-inference-68b6845c4d-59p65
2026-08-15 11:42:52.414324,0.0,resnet152-inference-68b6845c4d-8fkrc
2026-08-15 11:42:52.414324,0.0,resnet152-inference-68b6845c4d-47dd4
2026-08-15 11:42:52.414324,0.0,resnet152-inference-68b6845c4d-jlgk7
2026-08-15 11:42:52.414324,0.0,resnet152-inference-68b6845c4d-59p65
2026-08-15 11:42:57.413350,0.0,resnet152-inference-68b6845c4d-8fkrc
2026-08-15 11:42:57.413350,0.0,resnet152-inference-68b6845c4d-47dd4
2026-08-15 11:42:57.413350,0.0,resnet152-inference-68b6845c4d-jlgk7
2026-08-15 11:42:57.413350,0.0,resnet152-inference-68b6845c4d-59p65
2026-08-15 11:43:02.415057,0.0,resnet152-inference-68b6845c4d-8fkrc
2026-08-15 11:43:02.415057,0.0,resnet152-inference-68b6845c4d-47dd4
2026-08-15 11:43:02.415057,0.0,resnet152-inference-68b6845c4d-jlgk7
2026-08-15 11:43:02.415057,0.0,resnet152-inference-68b6845c4d-59p65
2026-08-15 11:43:07.415149,0.0,resnet152-inference-68b6845c4d-8fkrc
2026-08-15 11:43:07.415149,0.0,resnet152-inference-68b6845c4d-47dd4
2026-08-15 11:43:07.415149,0.0,resnet152-inference-68b6845c4d-jlgk7
2026-08-15 11:43:07.415149,0.0,resnet152-inference-68b6845c4d-59p65
2026-08-15 11:43:12.414913,0.0,resnet152-inference-68b6845c4d-8fkrc
2026-08-15 11:43:12.414913,0.0,resnet152-inference-68b6845c4d-47dd4
2026-08-15 11:43:12.414913,0.0,resnet152-inference-68b6845c4d-jlgk7
2026-08-15 11:43:12.414913,0.0,resnet152-inference-68b6845c4d-59p65
2026-08-15 11:43:17.415069,0.0,resnet152-inference-68b6845c4d-8fkrc
2026-08-15 11:43:17.415069,0.0,resnet152-inference-68b6845c4d-47dd4
2026-08-15 11:43:17.415069,0.0,resnet152-inference-68b6845c4d-jlgk7
2026-08-15 11:43:17.415069,0.0,resnet152-inference-68b6845c4d-59p65
2026-08-15 11:43:22.411797,0.0,resnet152-inference-68b6845c4d-8fkrc
2026-08-15 11:43:22.411797,0.0,resnet152-inference-68b6845c4d-47dd4
2026-08-15 11:43:22.411797,0.0,resnet152-inference-68b6845c4d-jlgk7
2026-08-15 11:43:22.411797,0.0,resnet152-inference-68b6845c4d-59p65
2026-08-15 11:43:27.413898,0.0,resnet152-inference-68b6845c4d-8fkrc
2026-08-15 11:43:27.413898,0.0,resnet152-inference-68b6845c4d-47dd4
2026-08-15 11:43:27.413898,0.0,resnet152-inference-68b6845c4d-jlgk7
2026-08-15 11:43:27.413898,0.0,resnet152-inference-68b6845c4d-59p65
2026-08-15 11:43:32.415048,0.0,resnet152-inference-68b6845c4d-8fkrc
2026-08-15 11:43:32.415048,0.0,resnet152-inference-68b6845c4d-47dd4
2026-08-15 11:43:32.415048,0.0,resnet152-inference-68b6845c4d-jlgk7
2026-08-15 11:43:32.415048,0.0,resnet152-inference-68b6845c4d-59p65
2026-08-15 11:43:37.412647,0.0,resnet152-inference-68b6845c4d-8fkrc
2026-08-15 11:43:37.412647,0.0,resnet152-inference-68b6845c4d-47dd4
2026-08-15 11:43:37.412647,0.0,resnet152-inference-68b6845c4d-jlgk7
2026-08-15 11:43:37.412647,0.0,resnet152-inference-68b6845c4d-59p65
2026-08-15 11:43:42.415049,0.0,resnet152-inference-68b6845c4d-8fkrc
2026-08-15 11:43:42.415049,0.0,resnet152-inference-68b6845c4d-47dd4
2026-08-15 11:43:42.415049,0.0,resnet152-inference-68b6845c4d-jlgk7
2026-08-15 11:43:42.415049,0.0,resnet152-inference-68b6845c4d-59p65
2026-08-15 11:43:47.415047,0.0,resnet152-inference-68b6845c4d-8fkrc
2026-08-15 11:43:47.415047,0.0,resnet152-inference-68b6845c4d-47dd4
2026-08-15 11:43:47.415047,0.0,resnet152-inference-68b6845c4d-jlgk7
2026-08-15 11:43:47.415047,0.0,resnet152-inference-68b6845c4d-59p65
2026-08-15 11:43:52.412687,0.0,resnet152-inference-68b6845c4d-8fkrc
2026-08-15 11:43:52.412687,0.0,resnet152-inference-68b6845c4d-47dd4
2026-08-15 11:43:52.412687,0.0,resnet152-inference-68b6845c4d-jlgk7
2026-08-15 11:43:52.412687,0.0,resnet152-inference-68b6845c4d-59p65
2026-08-15 11:43:57.412448,0.0,resnet152-inference-68b6845c4d-8fkrc
2026-08-15 11:43:57.412448,0.0,resnet152-inference-68b6845c4d-47dd4
2026-08-15 11:43:57.412448,0.0,resnet152-inference-68b6845c4d-jlgk7
2026-08-15 11:43:57.412448,0.0,resnet152-inference-68b6845c4d-59p65
2026-08-15 11:44:02.413313,0.0,resnet152-inference-68b6845c4d-8fkrc
2026-08-15 11:44:02.413313,0.0,resnet152-inference-68b6845c4d-47dd4
2026-08-15 11:44:02.413313,0.0,resnet152-inference-68b6845c4d-jlgk7
2026-08-15 11:44:02.413313,0.0,resnet152-inference-68b6845c4d-59p65
2026-08-15 11:44:07.415052,0.0,resnet152-inference-68b6845c4d-8fkrc
2026-08-15 11:44:07.415052,0.0,resnet152-inference-68b6845c4d-47dd4
2026-08-15 11:44:07.415052,0.0,resnet152-inference-68b6845c4d-jlgk7
2026-08-15 11:44:07.415052,0.0,resnet152-inference-68b6845c4d-59p65
2026-08-15 11:44:12.411926,0.0,resnet152-inference-68b6845c4d-8fkrc
2026-08-15 11:44:12.411926,0.0,resnet152-inference-68b6845c4d-47dd4
2026-08-15 11:44:12.411926,0.0,resnet152-inference-68b6845c4d-jlgk7
2026-08-15 11:44:12.411926,0.0,resnet152-inference-68b6845c4d-59p65
2026-08-15 11:44:17.415101,0.0,resnet152-inference-68b6845c4d-8fkrc
2026-08-15 11:44:17.415101,0.0,resnet152-inference-68b6845c4d-47dd4
2026-08-15 11:44:17.415101,0.0,resnet152-inference-68b6845c4d-jlgk7
2026-08-15 11:44:17.415101,0.0,resnet152-inference-68b6845c4d-59p65
2026-08-15 11:44:22.413099,0.0,resnet152-inference-68b6845c4d-8fkrc
2026-08-15 11:44:22.413099,0.0,resnet152-inference-68b6845c4d-47dd4
2026-08-15 11:44:22.413099,0.0,resnet152-inference-68b6845c4d-jlgk7
2026-08-15 11:44:22.413099,0.0,resnet152-inference-68b6845c4d-59p65
2026-08-15 11:44:27.414548,0.0,resnet152-inference-68b6845c4d-8fkrc
2026-08-15 11:44:27.414548,0.0,resnet152-inference-68b6845c4d-47dd4
2026-08-15 11:44:27.414548,0.0,resnet152-inference-68b6845c4d-jlgk7
2026-08-15 11:44:27.414548,0.0,resnet152-inference-68b6845c4d-59p65
2026-08-15 11:44:32.414014,0.0,resnet152-inference-68b6845c4d-8fkrc
2026-08-15 11:44:32.414014,0.0,resnet152-inference-68b6845c4d-47dd4
2026-08-15 11:44:32.414014,0.0,resnet152-inference-68b6845c4d-jlgk7
2026-08-15 11:44:32.414014,0.0,resnet152-inference-68b6845c4d-59p65
2026-08-15 11:44:37.415072,0.0,resnet152-inference-68b6845c4d-8fkrc
2026-08-15 11:44:37.415072,0.0,resnet152-inference-68b6845c4d-47dd4
2026-08-15 11:44:37.415072,0.0,resnet152-inference-68b6845c4d-jlgk7
2026-08-15 11:44:37.415072,0.0,resnet152-inference-68b6845c4d-59p65
2026-08-15 11:44:42.415065,0.0,resnet152-inference-68b6845c4d-8fkrc
2026-08-15 11:44:42.415065,0.0,resnet152-inference-68b6845c4d-47dd4
2026-08-15 11:44:42.415065,0.0,resnet152-inference-68b6845c4d-jlgk7
2026-08-15 11:44:42.415065,0.0,resnet152-inference-68b6845c4d-59p65
2026-08-15 11:44:47.415045,0.0,resnet152-inference-68b6845c4d-8fkrc
2026-08-15 11:44:47.415045,0.0,resnet152-inference-68b6845c4d-47dd4
2026-08-15 11:44:47.415045,0.0,resnet152-inference-68b6845c4d-jlgk7
2026-08-15 11:44:47.415045,0.0,resnet152-inference-68b6845c4d-59p65
2026-08-15 11:44:52.412170,0.0,resnet152-inference-68b6845c4d-8fkrc
2026-08-15 11:44:52.412170,0.0,resnet152-inference-68b6845c4d-47dd4
2026-08-15 11:44:52.412170,0.0,resnet152-inference-68b6845c4d-jlgk7
2026-08-15 11:44:52.412170,0.0,resnet152-inference-68b6845c4d-59p65
2026-08-15 11:44:57.412733,0.0,resnet152-inference-68b6845c4d-8fkrc
2026-08-15 11:44:57.412733,0.0,resnet152-inference-68b6845c4d-47dd4
2026-08-15 11:44:57.412733,0.0,resnet152-inference-68b6845c4d-jlgk7
2026-08-15 11:44:57.412733,0.0,resnet152-inference-68b6845c4d-59p65
2026-08-15 11:45:02.414889,0.0,resnet152-inference-68b6845c4d-8fkrc
2026-08-15 11:45:02.414889,0.0,resnet152-inference-68b6845c4d-47dd4
2026-08-15 11:45:02.414889,0.0,resnet152-inference-68b6845c4d-jlgk7
2026-08-15 11:45:02.414889,0.0,resnet152-inference-68b6845c4d-59p65
2026-08-15 11:45:07.415091,0.0,resnet152-inference-68b6845c4d-8fkrc
2026-08-15 11:45:07.415091,0.0,resnet152-inference-68b6845c4d-47dd4
2026-08-15 11:45:07.415091,0.0,resnet152-inference-68b6845c4d-jlgk7
2026-08-15 11:45:07.415091,0.0,resnet152-inference-68b6845c4d-59p65
2026-08-15 11:45:12.415058,0.0,resnet152-inference-68b6845c4d-8fkrc
2026-08-15 11:45:12.415058,0.0,resnet152-inference-68b6845c4d-47dd4
2026-08-15 11:45:12.415058,0.0,resnet152-inference-68b6845c4d-jlgk7
2026-08-15 11:45:12.415058,0.0,resnet152-inference-68b6845c4d-59p65
2026-08-15 11:45:17.410618,0.0,resnet152-inference-68b6845c4d-8fkrc
2026-08-15 11:45:17.410618,0.0,resnet152-inference-68b6845c4d-47dd4
2026-08-15 11:45:17.410618,0.0,resnet152-inference-68b6845c4d-jlgk7
2026-08-15 11:45:17.410618,0.0,resnet152-inference-68b6845c4d-59p65
2026-08-15 11:45:22.410461,0.0,resnet152-inference-68b6845c4d-8fkrc
2026-08-15 11:45:22.410461,0.0,resnet152-inference-68b6845c4d-47dd4
2026-08-15 11:45:22.410461,0.0,resnet152-inference-68b6845c4d-jlgk7
2026-08-15 11:45:22.410461,0.0,resnet152-inference-68b6845c4d-59p65
2026-08-15 11:45:27.413019,0.0,resnet152-inference-68b6845c4d-8fkrc
2026-08-15 11:45:27.413019,0.0,resnet152-inference-68b6845c4d-47dd4
2026-08-15 11:45:27.413019,0.0,resnet152-inference-68b6845c4d-jlgk7
2026-08-15 11:45:27.413019,0.0,resnet152-inference-68b6845c4d-59p65
2026-08-15 11:45:32.415175,0.0,resnet152-inference-68b6845c4d-8fkrc
2026-08-15 11:45:32.415175,0.0,resnet152-inference-68b6845c4d-47dd4
2026-08-15 11:45:32.415175,0.0,resnet152-inference-68b6845c4d-jlgk7
2026-08-15 11:45:32.415175,0.0,resnet152-inference-68b6845c4d-59p65
2026-08-15 11:45:37.411987,0.0,resnet152-inference-68b6845c4d-8fkrc
2026-08-15 11:45:37.411987,0.0,resnet152-inference-68b6845c4d-47dd4
2026-08-15 11:45:37.411987,0.0,resnet152-inference-68b6845c4d-jlgk7
2026-08-15 11:45:37.411987,0.0,resnet152-inference-68b6845c4d-59p65
2026-08-15 11:45:42.415113,0.0,resnet152-inference-68b6845c4d-8fkrc
2026-08-15 11:45:42.415113,0.0,resnet152-inference-68b6845c4d-47dd4
2026-08-15 11:45:42.415113,0.0,resnet152-inference-68b6845c4d-jlgk7
2026-08-15 11:45:42.415113,0.0,resnet152-inference-68b6845c4d-59p65
2026-08-15 11:45:47.414874,0.0,resnet152-inference-68b6845c4d-8fkrc
2026-08-15 11:45:47.414874,0.0,resnet152-inference-68b6845c4d-47dd4
2026-08-15 11:45:47.414874,0.0,resnet152-inference-68b6845c4d-jlgk7
2026-08-15 11:45:47.414874,0.0,resnet152-inference-68b6845c4d-59p65
2026-08-15 11:45:52.415057,0.0,resnet152-inference-68b6845c4d-8fkrc
2026-08-15 11:45:52.415057,0.0,resnet152-inference-68b6845c4d-47dd4
2026-08-15 11:45:52.415057,0.0,resnet152-inference-68b6845c4d-jlgk7
2026-08-15 11:45:52.415057,0.0,resnet152-inference-68b6845c4d-59p65
2026-08-15 11:45:57.411348,0.0,resnet152-inference-68b6845c4d-8fkrc
2026-08-15 11:45:57.411348,0.0,resnet152-inference-68b6845c4d-47dd4
2026-08-15 11:45:57.411348,0.0,resnet152-inference-68b6845c4d-jlgk7
2026-08-15 11:45:57.411348,0.0,resnet152-inference-68b6845c4d-59p65
2026-08-15 11:46:02.413861,0.0,resnet152-inference-68b6845c4d-8fkrc
2026-08-15 11:46:02.413861,0.0,resnet152-inference-68b6845c4d-47dd4
2026-08-15 11:46:02.413861,0.0,resnet152-inference-68b6845c4d-jlgk7
2026-08-15 11:46:02.413861,0.0,resnet152-inference-68b6845c4d-59p65
2026-08-15 11:46:07.415057,0.0,resnet152-inference-68b6845c4d-8fkrc
2026-08-15 11:46:07.415057,0.0,resnet152-inference-68b6845c4d-47dd4
2026-08-15 11:46:07.415057,0.0,resnet152-inference-68b6845c4d-jlgk7
2026-08-15 11:46:07.415057,0.0,resnet152-inference-68b6845c4d-59p65
2026-08-15 11:46:12.413499,0.0,resnet152-inference-68b6845c4d-8fkrc
2026-08-15 11:46:12.413499,0.0,resnet152-inference-68b6845c4d-47dd4
2026-08-15 11:46:12.413499,0.0,resnet152-inference-68b6845c4d-jlgk7
2026-08-15 11:46:12.413499,0.0,resnet152-inference-68b6845c4d-59p65
2026-08-15 11:46:17.415076,0.0,resnet152-inference-68b6845c4d-8fkrc
2026-08-15 11:46:17.415076,0.0,resnet152-inference-68b6845c4d-47dd4
2026-08-15 11:46:17.415076,0.0,resnet152-inference-68b6845c4d-jlgk7
2026-08-15 11:46:17.415076,0.0,resnet152-inference-68b6845c4d-59p65
2026-08-15 11:46:22.413805,0.0,resnet152-inference-68b6845c4d-8fkrc
2026-08-15 11:46:22.413805,0.0,resnet152-inference-68b6845c4d-47dd4
2026-08-15 11:46:22.413805,0.0,resnet152-inference-68b6845c4d-jlgk7
2026-08-15 11:46:22.413805,0.0,resnet152-inference-68b6845c4d-59p65
2026-08-15 11:46:27.415052,0.0,resnet152-inference-68b6845c4d-8fkrc
2026-08-15 11:46:27.415052,0.0,resnet152-inference-68b6845c4d-47dd4
2026-08-15 11:46:27.415052,0.0,resnet152-inference-68b6845c4d-jlgk7
2026-08-15 11:46:27.415052,0.0,resnet152-inference-68b6845c4d-59p65
2026-08-15 11:46:32.415079,0.0,resnet152-inference-68b6845c4d-8fkrc
2026-08-15 11:46:32.415079,0.0,resnet152-inference-68b6845c4d-47dd4
2026-08-15 11:46:32.415079,0.0,resnet152-inference-68b6845c4d-jlgk7
2026-08-15 11:46:32.415079,0.0,resnet152-inference-68b6845c4d-59p65
2026-08-15 11:46:37.413280,0.0,resnet152-inference-68b6845c4d-8fkrc
2026-08-15 11:46:37.413280,0.0,resnet152-inference-68b6845c4d-47dd4
2026-08-15 11:46:37.413280,0.0,resnet152-inference-68b6845c4d-jlgk7
2026-08-15 11:46:37.413280,0.0,resnet152-inference-68b6845c4d-59p65
