{
  "cpu_psi": {
    "mse": 0.0007216240628622472,
    "mae": 0.012410932220518589,
    "rmse": 0.026863060891628265,
    "mape": 2414.496612548828
  },
  "cpu_usage": {
    "mse": 0.0714268758893013,
    "mae": 0.2335047870874405,
    "rmse": 0.26725807785987854,
    "mape": 17.79187172651291
  },
  "gpu_memory": {
    "mse": 1742087.0,
    "mae": 1139.60693359375,
    "rmse": 1319.8814697265625,
    "mape": 117.29236841201782
  },
  "gpu_power": {
    "mse": 3.1520137786865234,
    "mae": 1.0354670286178589,
    "rmse": 1.7753912210464478,
    "mape": 1.9991083070635796
  },
  "gpu_temperature": {
    "mse": 1.7342326641082764,
    "mae": 0.8898042440414429,
    "rmse": 1.3169026374816895,
    "mape": 1.2565894052386284
  },
  "gpu_utilization": {
    "mse": 481.6632385253906,
    "mae": 13.218588829040527,
    "rmse": 21.946826934814453,
    "mape": 15627286400.0
  },
  "latency_avg": {
    "mse": 0.004908504895865917,
    "mae": 0.034500084817409515,
    "rmse": 0.07006072252988815,
    "mape": 50.941431522369385
  },
  "latency_p50": {
    "mse": 0.007750881370157003,
    "mae": 0.04315069690346718,
    "rmse": 0.0880390927195549,
    "mape": 56.18807673454285
  },
  "latency_p95": {
    "mse": 0.022666625678539276,
    "mae": 0.07973165810108185,
    "rmse": 0.15055438876152039,
    "mape": 58.064764738082886
  },
  "latency_p99": {
    "mse": 0.06132125481963158,
    "mae": 0.12849676609039307,
    "rmse": 0.2476312816143036,
    "mape": 69.67812776565552
  },
  "throughput": {
    "mse": 505.4345703125,
    "mae": 10.4617919921875,
    "rmse": 22.48187255859375,
    "mape": 19.65731531381607
  },
  "total_inferences": {
    "mse": 498.00457763671875,
    "mae": 10.542133331298828,
    "rmse": 22.316015243530273,
    "mape": 18.8594251871109
  },
  "io_psi": {
    "mse": 5.6477831094525754e-05,
    "mae": 0.0019386631902307272,
    "rmse": 0.007515173405408859,
    "mape": 0.0
  },
  "memory_psi": {
    "mse": 5.3790907259099185e-05,
    "mae": 0.001742243068292737,
    "rmse": 0.007334228605031967,
    "mape": 0.0
  },
  "memory_usage": {
    "mse": 3.886031433839411e+16,
    "mae": 109698912.0,
    "rmse": 197130192.0,
    "mape": 10.660771280527115
  },
  "overall": {
    "mse": 2590687622675846.0,
    "mae": 7313339.219346324,
    "rmse": 13142105.50558229
  }
}