timestamp,value,pod
2026-08-15 17:22:35.462422,4.425256147699873e-08,whisper-inference-56d64c7b67-gfcpt
2026-08-15 17:22:35.462422,0.0,whisper-inference-56d64c7b67-sxkj9
2026-08-15 17:22:35.462422,3.649102320832726e-08,whisper-inference-56d64c7b67-mvjl8
2026-08-15 17:22:40.467408,2.4137098720757905e-08,whisper-inference-56d64c7b67-gfcpt
2026-08-15 17:22:40.467408,0.0,whisper-inference-56d64c7b67-sxkj9
2026-08-15 17:22:40.467408,8.851439461085531e-08,whisper-inference-56d64c7b67-mvjl8
2026-08-15 17:22:45.463982,0.0,whisper-inference-56d64c7b67-gfcpt
2026-08-15 17:22:45.463982,0.0,whisper-inference-56d64c7b67-sxkj9
2026-08-15 17:22:45.463982,9.797793191178684e-08,whisper-inference-56d64c7b67-mvjl8
2026-08-15 17:22:50.467404,0.0,whisper-inference-56d64c7b67-gfcpt
2026-08-15 17:22:50.467404,0.0,whisper-inference-56d64c7b67-sxkj9
2026-08-15 17:22:50.467404,8.855707686711147e-08,whisper-inference-56d64c7b67-mvjl8
2026-08-15 17:22:55.466697,0.0,whisper-inference-56d64c7b67-gfcpt
2026-08-15 17:22:55.466697,0.0,whisper-inference-56d64c7b67-sxkj9
2026-08-15 17:22:55.466697,8.855707686711147e-08,whisper-inference-56d64c7b67-mvjl8
2026-08-15 17:23:00.464115,0.0,whisper-inference-56d64c7b67-gfcpt
2026-08-15 17:23:00.464115,0.0,whisper-inference-56d64c7b67-sxkj9
2026-08-15 17:23:00.464115,9.82869756244796e-08,whisper-inference-56d64c7b67-mvjl8
2026-08-15 17:23:05.467410,0.0,whisper-inference-56d64c7b67-gfcpt
2026-08-15 17:23:05.467410,0.0,whisper-inference-56d64c7b67-sxkj9
2026-08-15 17:23:05.467410,8.626748892981304e-08,whisper-inference-56d64c7b67-mvjl8
2026-08-15 17:23:10.464938,0.0,whisper-inference-56d64c7b67-gfcpt
2026-08-15 17:23:10.464938,0.0,whisper-inference-56d64c7b67-sxkj9
2026-08-15 17:23:10.464938,8.626748892981305e-08,whisper-inference-56d64c7b67-mvjl8
2026-08-15 17:23:15.464033,0.0,whisper-inference-56d64c7b67-gfcpt
2026-08-15 17:23:15.464033,0.0,whisper-inference-56d64c7b67-sxkj9
2026-08-15 17:23:15.464033,1.0521119301265966e-07,whisper-inference-56d64c7b67-mvjl8
2026-08-15 17:23:20.463007,0.0,whisper-inference-56d64c7b67-gfcpt
2026-08-15 17:23:20.463007,0.0,whisper-inference-56d64c7b67-sxkj9
2026-08-15 17:23:20.463007,6.274851906044131e-08,whisper-inference-56d64c7b67-mvjl8
2026-08-15 17:23:25.464191,0.0,whisper-inference-56d64c7b67-gfcpt
2026-08-15 17:23:25.464191,0.0,whisper-inference-56d64c7b67-sxkj9
2026-08-15 17:23:25.464191,2.0602414603012074e-08,whisper-inference-56d64c7b67-mvjl8
2026-08-15 17:23:30.464942,0.0,whisper-inference-56d64c7b67-gfcpt
2026-08-15 17:23:30.464942,0.0,whisper-inference-56d64c7b67-sxkj9
2026-08-15 17:23:30.464942,2.0602414603012074e-08,whisper-inference-56d64c7b67-mvjl8
2026-08-15 17:23:35.467416,0.0,whisper-inference-56d64c7b67-gfcpt
2026-08-15 17:23:35.467416,0.0,whisper-inference-56d64c7b67-sxkj9
2026-08-15 17:23:35.467416,2.6899798251540017e-08,whisper-inference-56d64c7b67-mvjl8
2026-08-15 17:23:40.467453,0.0,whisper-inference-56d64c7b67-gfcpt
2026-08-15 17:23:40.467453,0.0,whisper-inference-56d64c7b67-sxkj9
2026-08-15 17:23:40.467453,2.164215796161471e-08,whisper-inference-56d64c7b67-mvjl8
2026-08-15 17:23:45.464388,0.0,whisper-inference-56d64c7b67-gfcpt
2026-08-15 17:23:45.464388,0.0,whisper-inference-56d64c7b67-sxkj9
2026-08-15 17:23:45.464388,2.1506646115110346e-08,whisper-inference-56d64c7b67-mvjl8
2026-08-15 17:23:50.466914,0.0,whisper-inference-56d64c7b67-gfcpt
2026-08-15 17:23:50.466914,0.0,whisper-inference-56d64c7b67-sxkj9
2026-08-15 17:23:50.466914,2.486077963407419e-08,whisper-inference-56d64c7b67-mvjl8
2026-08-15 17:23:55.463724,0.0,whisper-inference-56d64c7b67-gfcpt
2026-08-15 17:23:55.463724,0.0,whisper-inference-56d64c7b67-sxkj9
2026-08-15 17:23:55.463724,2.143247812253536e-08,whisper-inference-56d64c7b67-mvjl8
2026-08-15 17:24:00.467449,0.0,whisper-inference-56d64c7b67-gfcpt
2026-08-15 17:24:00.467449,0.0,whisper-inference-56d64c7b67-sxkj9
2026-08-15 17:24:00.467449,0.0,whisper-inference-56d64c7b67-mvjl8
2026-08-15 17:24:05.467441,0.0,whisper-inference-56d64c7b67-gfcpt
2026-08-15 17:24:05.467441,0.0,whisper-inference-56d64c7b67-sxkj9
2026-08-15 17:24:05.467441,0.0,whisper-inference-56d64c7b67-mvjl8
2026-08-15 17:24:10.467421,0.0,whisper-inference-56d64c7b67-gfcpt
2026-08-15 17:24:10.467421,0.0,whisper-inference-56d64c7b67-sxkj9
2026-08-15 17:24:10.467421,0.0,whisper-inference-56d64c7b67-mvjl8
2026-08-15 17:24:15.465860,0.0,whisper-inference-56d64c7b67-gfcpt
2026-08-15 17:24:15.465860,0.0,whisper-inference-56d64c7b67-sxkj9
2026-08-15 17:24:15.465860,0.0,whisper-inference-56d64c7b67-mvjl8
2026-08-15 17:24:20.467414,0.0,whisper-inference-56d64c7b67-gfcpt
2026-08-15 17:24:20.467414,0.0,whisper-inference-56d64c7b67-sxkj9
2026-08-15 17:24:20.467414,0.0,whisper-inference-56d64c7b67-mvjl8
2026-08-15 17:24:25.463257,0.0,whisper-inference-56d64c7b67-gfcpt
2026-08-15 17:24:25.463257,0.0,whisper-inference-56d64c7b67-sxkj9
2026-08-15 17:24:25.463257,0.0,whisper-inference-56d64c7b67-mvjl8
2026-08-15 17:24:30.463887,0.0,whisper-inference-56d64c7b67-gfcpt
2026-08-15 17:24:30.463887,0.0,whisper-inference-56d64c7b67-sxkj9
2026-08-15 17:24:30.463887,0.0,whisper-inference-56d64c7b67-mvjl8
2026-08-15 17:24:35.464899,0.0,whisper-inference-56d64c7b67-gfcpt
2026-08-15 17:24:35.464899,0.0,whisper-inference-56d64c7b67-sxkj9
2026-08-15 17:24:35.464899,0.0,whisper-inference-56d64c7b67-mvjl8
2026-08-15 17:24:40.465819,0.0,whisper-inference-56d64c7b67-gfcpt
2026-08-15 17:24:40.465819,0.0,whisper-inference-56d64c7b67-sxkj9
2026-08-15 17:24:40.465819,0.0,whisper-inference-56d64c7b67-mvjl8
2026-08-15 17:24:45.463413,0.0,whisper-inference-56d64c7b67-gfcpt
2026-08-15 17:24:45.463413,0.0,whisper-inference-56d64c7b67-sxkj9
2026-08-15 17:24:45.463413,0.0,whisper-inference-56d64c7b67-mvjl8
2026-08-15 17:24:50.467421,0.0,whisper-inference-56d64c7b67-gfcpt
2026-08-15 17:24:50.467421,0.0,whisper-inference-56d64c7b67-sxkj9
2026-08-15 17:24:50.467421,0.0,whisper-inference-56d64c7b67-mvjl8
2026-08-15 17:24:55.467428,0.0,whisper-inference-56d64c7b67-gfcpt
2026-08-15 17:24:55.467428,0.0,whisper-inference-56d64c7b67-sxkj9
2026-08-15 17:24:55.467428,0.0,whisper-inference-56d64c7b67-mvjl8
2026-08-15 17:25:00.467410,0.0,whisper-inference-56d64c7b67-gfcpt
2026-08-15 17:25:00.467410,0.0,whisper-inference-56d64c7b67-sxkj9
2026-08-15 17:25:00.467410,0.0,whisper-inference-56d64c7b67-mvjl8
2026-08-15 17:25:05.463553,0.0,whisper-inference-56d64c7b67-gfcpt
2026-08-15 17:25:05.463553,0.0,whisper-inference-56d64c7b67-sxkj9
2026-08-15 17:25:05.463553,0.0,whisper-inference-56d64c7b67-mvjl8
2026-08-15 17:25:10.467400,3.9445397708261837e-08,whisper-inference-56d64c7b67-gfcpt
2026-08-15 17:25:10.467400,0.0,whisper-inference-56d64c7b67-sxkj9
2026-08-15 17:25:10.467400,0.0,whisper-inference-56d64c7b67-mvjl8
2026-08-15 17:25:15.463513,8.74051356163228e-08,whisper-inference-56d64c7b67-gfcpt
2026-08-15 17:25:15.463513,0.0,whisper-inference-56d64c7b67-sxkj9
2026-08-15 17:25:15.463513,0.0,whisper-inference-56d64c7b67-mvjl8
2026-08-15 17:25:20.467441,9.52569691030652e-08,whisper-inference-56d64c7b67-gfcpt
2026-08-15 17:25:20.467441,0.0,whisper-inference-56d64c7b67-sxkj9
2026-08-15 17:25:20.467441,0.0,whisper-inference-56d64c7b67-mvjl8
2026-08-15 17:25:25.464981,1.072119709662326e-07,whisper-inference-56d64c7b67-gfcpt
2026-08-15 17:25:25.464981,0.0,whisper-inference-56d64c7b67-sxkj9
2026-08-15 17:25:25.464981,0.0,whisper-inference-56d64c7b67-mvjl8
2026-08-15 17:25:30.467076,8.397854534425341e-08,whisper-inference-56d64c7b67-gfcpt
2026-08-15 17:25:30.467076,0.0,whisper-inference-56d64c7b67-sxkj9
2026-08-15 17:25:30.467076,0.0,whisper-inference-56d64c7b67-mvjl8
2026-08-15 17:25:35.463447,1.0142125816735217e-07,whisper-inference-56d64c7b67-gfcpt
2026-08-15 17:25:35.463447,0.0,whisper-inference-56d64c7b67-sxkj9
2026-08-15 17:25:35.463447,0.0,whisper-inference-56d64c7b67-mvjl8
2026-08-15 17:25:40.467416,1.0827812375525852e-07,whisper-inference-56d64c7b67-gfcpt
2026-08-15 17:25:40.467416,0.0,whisper-inference-56d64c7b67-sxkj9
2026-08-15 17:25:40.467416,0.0,whisper-inference-56d64c7b67-mvjl8
2026-08-15 17:25:45.467414,8.76052027486481e-08,whisper-inference-56d64c7b67-gfcpt
2026-08-15 17:25:45.467414,0.0,whisper-inference-56d64c7b67-sxkj9
2026-08-15 17:25:45.467414,0.0,whisper-inference-56d64c7b67-mvjl8
2026-08-15 17:25:50.463047,8.76052027486481e-08,whisper-inference-56d64c7b67-gfcpt
2026-08-15 17:25:50.463047,0.0,whisper-inference-56d64c7b67-sxkj9
2026-08-15 17:25:50.463047,0.0,whisper-inference-56d64c7b67-mvjl8
2026-08-15 17:25:55.464964,0.0,whisper-inference-56d64c7b67-gfcpt
2026-08-15 17:25:55.464964,0.0,whisper-inference-56d64c7b67-sxkj9
2026-08-15 17:25:55.464964,0.0,whisper-inference-56d64c7b67-mvjl8
2026-08-15 17:26:00.466892,0.0,whisper-inference-56d64c7b67-gfcpt
2026-08-15 17:26:00.466892,0.0,whisper-inference-56d64c7b67-sxkj9
2026-08-15 17:26:00.466892,0.0,whisper-inference-56d64c7b67-mvjl8
2026-08-15 17:26:05.466620,0.0,whisper-inference-56d64c7b67-gfcpt
2026-08-15 17:26:05.466620,0.0,whisper-inference-56d64c7b67-sxkj9
2026-08-15 17:26:05.466620,0.0,whisper-inference-56d64c7b67-mvjl8
2026-08-15 17:26:10.465947,0.0,whisper-inference-56d64c7b67-gfcpt
2026-08-15 17:26:10.465947,0.0,whisper-inference-56d64c7b67-sxkj9
2026-08-15 17:26:10.465947,0.0,whisper-inference-56d64c7b67-mvjl8
2026-08-15 17:26:15.467049,0.0,whisper-inference-56d64c7b67-gfcpt
2026-08-15 17:26:15.467049,0.0,whisper-inference-56d64c7b67-sxkj9
2026-08-15 17:26:15.467049,0.0,whisper-inference-56d64c7b67-mvjl8
2026-08-15 17:26:20.467457,0.0,whisper-inference-56d64c7b67-gfcpt
2026-08-15 17:26:20.467457,0.0,whisper-inference-56d64c7b67-sxkj9
2026-08-15 17:26:20.467457,0.0,whisper-inference-56d64c7b67-mvjl8
2026-08-15 17:26:25.467413,0.0,whisper-inference-56d64c7b67-gfcpt
2026-08-15 17:26:25.467413,0.0,whisper-inference-56d64c7b67-sxkj9
2026-08-15 17:26:25.467413,0.0,whisper-inference-56d64c7b67-mvjl8
2026-08-15 17:26:30.467411,0.0,whisper-inference-56d64c7b67-gfcpt
2026-08-15 17:26:30.467411,0.0,whisper-inference-56d64c7b67-sxkj9
2026-08-15 17:26:30.467411,0.0,whisper-inference-56d64c7b67-mvjl8
2026-08-15 17:26:35.463604,0.0,whisper-inference-56d64c7b67-gfcpt
2026-08-15 17:26:35.463604,0.0,whisper-inference-56d64c7b67-sxkj9
2026-08-15 17:26:35.463604,4.2728965803810805e-08,whisper-inference-56d64c7b67-mvjl8
2026-08-15 17:26:40.467426,0.0,whisper-inference-56d64c7b67-gfcpt
2026-08-15 17:26:40.467426,0.0,whisper-inference-56d64c7b67-sxkj9
2026-08-15 17:26:40.467426,4.84575307865632e-08,whisper-inference-56d64c7b67-mvjl8
2026-08-15 17:26:45.467419,2.6975991367709744e-07,whisper-inference-56d64c7b67-gfcpt
2026-08-15 17:26:45.467419,0.0,whisper-inference-56d64c7b67-sxkj9
2026-08-15 17:26:45.467419,1.9007093729766937e-07,whisper-inference-56d64c7b67-mvjl8
2026-08-15 17:26:50.467427,4.902063176453531e-07,whisper-inference-56d64c7b67-gfcpt
2026-08-15 17:26:50.467427,0.0,whisper-inference-56d64c7b67-sxkj9
2026-08-15 17:26:50.467427,2.3226089032264177e-07,whisper-inference-56d64c7b67-mvjl8
2026-08-15 17:26:55.467408,6.067060584519613e-07,whisper-inference-56d64c7b67-gfcpt
2026-08-15 17:26:55.467408,0.0,whisper-inference-56d64c7b67-sxkj9
2026-08-15 17:26:55.467408,2.2050976829281144e-07,whisper-inference-56d64c7b67-mvjl8
2026-08-15 17:27:00.463895,6.36946144775164e-07,whisper-inference-56d64c7b67-gfcpt
2026-08-15 17:27:00.463895,0.0,whisper-inference-56d64c7b67-sxkj9
2026-08-15 17:27:00.463895,1.899976620810492e-07,whisper-inference-56d64c7b67-mvjl8
2026-08-15 17:27:05.464932,6.077225962497381e-07,whisper-inference-56d64c7b67-gfcpt
2026-08-15 17:27:05.464932,0.0,whisper-inference-56d64c7b67-sxkj9
2026-08-15 17:27:05.464932,2.586945841681946e-07,whisper-inference-56d64c7b67-mvjl8
2026-08-15 17:27:10.463708,4.929616428320925e-07,whisper-inference-56d64c7b67-gfcpt
2026-08-15 17:27:10.463708,0.0,whisper-inference-56d64c7b67-sxkj9
2026-08-15 17:27:10.463708,2.4101762819400384e-07,whisper-inference-56d64c7b67-mvjl8
2026-08-15 17:27:15.467486,5.960325906848271e-07,whisper-inference-56d64c7b67-gfcpt
2026-08-15 17:27:15.467486,0.0,whisper-inference-56d64c7b67-sxkj9
2026-08-15 17:27:15.467486,2.4476242365359167e-07,whisper-inference-56d64c7b67-mvjl8
2026-08-15 17:27:20.467413,6.201026466994959e-07,whisper-inference-56d64c7b67-gfcpt
2026-08-15 17:27:20.467413,0.0,whisper-inference-56d64c7b67-sxkj9
2026-08-15 17:27:20.467413,2.8626501285799455e-07,whisper-inference-56d64c7b67-mvjl8
2026-08-15 17:27:25.467484,4.4963381929133187e-07,whisper-inference-56d64c7b67-gfcpt
2026-08-15 17:27:25.467484,0.0,whisper-inference-56d64c7b67-sxkj9
2026-08-15 17:27:25.467484,2.2966657910354972e-07,whisper-inference-56d64c7b67-mvjl8
2026-08-15 17:27:30.465568,0.0,whisper-inference-56d64c7b67-gfcpt
2026-08-15 17:27:30.465568,0.0,whisper-inference-56d64c7b67-sxkj9
2026-08-15 17:27:30.465568,2.0976187080988777e-07,whisper-inference-56d64c7b67-mvjl8
2026-08-15 17:27:35.467449,0.0,whisper-inference-56d64c7b67-gfcpt
2026-08-15 17:27:35.467449,0.0,whisper-inference-56d64c7b67-sxkj9
2026-08-15 17:27:35.467449,7.38540870516214e-08,whisper-inference-56d64c7b67-mvjl8
2026-08-15 17:27:40.465228,0.0,whisper-inference-56d64c7b67-gfcpt
2026-08-15 17:27:40.465228,0.0,whisper-inference-56d64c7b67-sxkj9
2026-08-15 17:27:40.465228,5.4903202883568096e-08,whisper-inference-56d64c7b67-mvjl8
2026-08-15 17:27:45.467449,0.0,whisper-inference-56d64c7b67-gfcpt
2026-08-15 17:27:45.467449,0.0,whisper-inference-56d64c7b67-sxkj9
2026-08-15 17:27:45.467449,7.284437256512582e-08,whisper-inference-56d64c7b67-mvjl8
2026-08-15 17:27:50.464032,0.0,whisper-inference-56d64c7b67-gfcpt
2026-08-15 17:27:50.464032,0.0,whisper-inference-56d64c7b67-sxkj9
2026-08-15 17:27:50.464032,7.284437256512582e-08,whisper-inference-56d64c7b67-mvjl8
2026-08-15 17:27:55.467424,0.0,whisper-inference-56d64c7b67-gfcpt
2026-08-15 17:27:55.467424,0.0,whisper-inference-56d64c7b67-sxkj9
2026-08-15 17:27:55.467424,3.802787443199666e-08,whisper-inference-56d64c7b67-mvjl8
2026-08-15 17:28:00.466449,0.0,whisper-inference-56d64c7b67-gfcpt
2026-08-15 17:28:00.466449,0.0,whisper-inference-56d64c7b67-sxkj9
2026-08-15 17:28:00.466449,0.0,whisper-inference-56d64c7b67-mvjl8
2026-08-15 17:28:05.466885,0.0,whisper-inference-56d64c7b67-gfcpt
2026-08-15 17:28:05.466885,0.0,whisper-inference-56d64c7b67-sxkj9
2026-08-15 17:28:05.466885,0.0,whisper-inference-56d64c7b67-mvjl8
2026-08-15 17:28:10.467405,0.0,whisper-inference-56d64c7b67-gfcpt
2026-08-15 17:28:10.467405,0.0,whisper-inference-56d64c7b67-sxkj9
2026-08-15 17:28:10.467405,1.773521326595726e-08,whisper-inference-56d64c7b67-mvjl8
2026-08-15 17:28:15.467435,0.0,whisper-inference-56d64c7b67-gfcpt
2026-08-15 17:28:15.467435,0.0,whisper-inference-56d64c7b67-sxkj9
2026-08-15 17:28:15.467435,6.776379852150515e-08,whisper-inference-56d64c7b67-mvjl8
2026-08-15 17:28:20.467408,0.0,whisper-inference-56d64c7b67-gfcpt
2026-08-15 17:28:20.467408,0.0,whisper-inference-56d64c7b67-sxkj9
2026-08-15 17:28:20.467408,6.776379852150515e-08,whisper-inference-56d64c7b67-mvjl8
2026-08-15 17:28:25.467404,0.0,whisper-inference-56d64c7b67-gfcpt
2026-08-15 17:28:25.467404,0.0,whisper-inference-56d64c7b67-sxkj9
2026-08-15 17:28:25.467404,9.331312883110915e-08,whisper-inference-56d64c7b67-mvjl8
2026-08-15 17:28:30.463463,0.0,whisper-inference-56d64c7b67-gfcpt
2026-08-15 17:28:30.463463,0.0,whisper-inference-56d64c7b67-sxkj9
2026-08-15 17:28:30.463463,1.2924169652011695e-07,whisper-inference-56d64c7b67-mvjl8
2026-08-15 17:28:35.463216,4.420744072225716e-08,whisper-inference-56d64c7b67-gfcpt
2026-08-15 17:28:35.463216,0.0,whisper-inference-56d64c7b67-sxkj9
2026-08-15 17:28:35.463216,1.2241964784755535e-07,whisper-inference-56d64c7b67-mvjl8
2026-08-15 17:28:40.464967,4.772052863088551e-08,whisper-inference-56d64c7b67-gfcpt
2026-08-15 17:28:40.464967,0.0,whisper-inference-56d64c7b67-sxkj9
2026-08-15 17:28:40.464967,1.7356367798524884e-07,whisper-inference-56d64c7b67-mvjl8
2026-08-15 17:28:45.467422,3.968307276665632e-08,whisper-inference-56d64c7b67-gfcpt
2026-08-15 17:28:45.467422,1.0316936282554566e-07,whisper-inference-56d64c7b67-sxkj9
2026-08-15 17:28:45.467422,1.4636323946152532e-07,whisper-inference-56d64c7b67-mvjl8
2026-08-15 17:28:50.467077,4.79578027049307e-08,whisper-inference-56d64c7b67-gfcpt
2026-08-15 17:28:50.467077,1.0316936282554566e-07,whisper-inference-56d64c7b67-sxkj9
2026-08-15 17:28:50.467077,1.1237548659558389e-07,whisper-inference-56d64c7b67-mvjl8
2026-08-15 17:28:55.464974,4.79578027049307e-08,whisper-inference-56d64c7b67-gfcpt
2026-08-15 17:28:55.464974,1.1233935472223521e-07,whisper-inference-56d64c7b67-sxkj9
2026-08-15 17:28:55.464974,1.1521521523786529e-07,whisper-inference-56d64c7b67-mvjl8
2026-08-15 17:29:00.466894,4.420665467122151e-08,whisper-inference-56d64c7b67-gfcpt
2026-08-15 17:29:00.466894,3.9423368461942437e-07,whisper-inference-56d64c7b67-sxkj9
2026-08-15 17:29:00.466894,1.7433091687344774e-07,whisper-inference-56d64c7b67-mvjl8
2026-08-15 17:29:05.466877,4.474192633921e-08,whisper-inference-56d64c7b67-gfcpt
2026-08-15 17:29:05.466877,3.942336846194243e-07,whisper-inference-56d64c7b67-sxkj9
2026-08-15 17:29:05.466877,1.7433091687344774e-07,whisper-inference-56d64c7b67-mvjl8
2026-08-15 17:29:10.466900,4.379542793892467e-08,whisper-inference-56d64c7b67-gfcpt
2026-08-15 17:29:10.466900,5.790598656011514e-07,whisper-inference-56d64c7b67-sxkj9
2026-08-15 17:29:10.466900,1.3093444776316086e-07,whisper-inference-56d64c7b67-mvjl8
2026-08-15 17:29:15.465672,4.45021700865506e-08,whisper-inference-56d64c7b67-gfcpt
2026-08-15 17:29:15.465672,1.6242930007836438e-06,whisper-inference-56d64c7b67-sxkj9
2026-08-15 17:29:15.465672,1.738261830760241e-07,whisper-inference-56d64c7b67-mvjl8
2026-08-15 17:29:20.467423,1.8717128043891665e-08,whisper-inference-56d64c7b67-gfcpt
2026-08-15 17:29:20.467423,2.693237902390042e-06,whisper-inference-56d64c7b67-sxkj9
2026-08-15 17:29:20.467423,1.7028946230847598e-07,whisper-inference-56d64c7b67-mvjl8
2026-08-15 17:29:25.467454,0.0,whisper-inference-56d64c7b67-gfcpt
2026-08-15 17:29:25.467454,3.401364857791215e-06,whisper-inference-56d64c7b67-sxkj9
2026-08-15 17:29:25.467454,1.9381170302973556e-07,whisper-inference-56d64c7b67-mvjl8
2026-08-15 17:29:30.466903,0.0,whisper-inference-56d64c7b67-gfcpt
2026-08-15 17:29:30.466903,2.796262222389054e-06,whisper-inference-56d64c7b67-sxkj9
2026-08-15 17:29:30.466903,2.1410685955600973e-07,whisper-inference-56d64c7b67-mvjl8
2026-08-15 17:29:35.467432,0.0,whisper-inference-56d64c7b67-gfcpt
2026-08-15 17:29:35.467432,2.3760537827122135e-06,whisper-inference-56d64c7b67-sxkj9
2026-08-15 17:29:35.467432,1.8689188449678295e-07,whisper-inference-56d64c7b67-mvjl8
2026-08-15 17:29:40.467410,0.0,whisper-inference-56d64c7b67-gfcpt
2026-08-15 17:29:40.467410,2.9639857111611957e-06,whisper-inference-56d64c7b67-sxkj9
2026-08-15 17:29:40.467410,1.3643108251962575e-07,whisper-inference-56d64c7b67-mvjl8
2026-08-15 17:29:45.463557,2.0423168041847075e-08,whisper-inference-56d64c7b67-gfcpt
2026-08-15 17:29:45.463557,2.9639857111611957e-06,whisper-inference-56d64c7b67-sxkj9
2026-08-15 17:29:45.463557,1.1283309772171082e-07,whisper-inference-56d64c7b67-mvjl8
2026-08-15 17:29:50.467433,2.0423168041847075e-08,whisper-inference-56d64c7b67-gfcpt
2026-08-15 17:29:50.467433,1.01196702359111e-06,whisper-inference-56d64c7b67-sxkj9
2026-08-15 17:29:50.467433,1.0344777241053877e-07,whisper-inference-56d64c7b67-mvjl8
2026-08-15 17:29:55.467457,5.184830974781827e-08,whisper-inference-56d64c7b67-gfcpt
2026-08-15 17:29:55.467457,1.0119670235911101e-06,whisper-inference-56d64c7b67-sxkj9
2026-08-15 17:29:55.467457,5.880393678560569e-08,whisper-inference-56d64c7b67-mvjl8
2026-08-15 17:30:00.467415,4.6600193666363605e-08,whisper-inference-56d64c7b67-gfcpt
2026-08-15 17:30:00.467415,1.5904396575467884e-07,whisper-inference-56d64c7b67-sxkj9
2026-08-15 17:30:00.467415,8.888100134348536e-08,whisper-inference-56d64c7b67-mvjl8
2026-08-15 17:30:05.463410,4.804971128111534e-08,whisper-inference-56d64c7b67-gfcpt
2026-08-15 17:30:05.463410,4.669348865023442e-07,whisper-inference-56d64c7b67-sxkj9
2026-08-15 17:30:05.463410,8.371640578388894e-08,whisper-inference-56d64c7b67-mvjl8
2026-08-15 17:30:10.467421,9.585452256218517e-08,whisper-inference-56d64c7b67-gfcpt
2026-08-15 17:30:10.467421,5.537424866197581e-07,whisper-inference-56d64c7b67-sxkj9
2026-08-15 17:30:10.467421,6.365777579737731e-08,whisper-inference-56d64c7b67-mvjl8
2026-08-15 17:30:15.466883,2.0012615757876995e-07,whisper-inference-56d64c7b67-gfcpt
2026-08-15 17:30:15.466883,5.593407252775873e-07,whisper-inference-56d64c7b67-sxkj9
2026-08-15 17:30:15.466883,5.5772448410541e-08,whisper-inference-56d64c7b67-mvjl8
2026-08-15 17:30:20.464324,2.0012615757876995e-07,whisper-inference-56d64c7b67-gfcpt
2026-08-15 17:30:20.464324,8.140363208430417e-07,whisper-inference-56d64c7b67-sxkj9
2026-08-15 17:30:20.464324,3.658447354946221e-08,whisper-inference-56d64c7b67-mvjl8
2026-08-15 17:30:25.467428,4.669734975683719e-07,whisper-inference-56d64c7b67-gfcpt
2026-08-15 17:30:25.467428,6.463051293748011e-07,whisper-inference-56d64c7b67-sxkj9
2026-08-15 17:30:25.467428,5.5315853523675195e-08,whisper-inference-56d64c7b67-mvjl8
2026-08-15 17:30:30.464086,9.00882957551267e-07,whisper-inference-56d64c7b67-gfcpt
2026-08-15 17:30:30.464086,8.396889164205411e-07,whisper-inference-56d64c7b67-sxkj9
2026-08-15 17:30:30.464086,5.5315853523675195e-08,whisper-inference-56d64c7b67-mvjl8
2026-08-15 17:30:35.467448,1.1095640846669104e-06,whisper-inference-56d64c7b67-gfcpt
2026-08-15 17:30:35.467448,8.897092902917334e-07,whisper-inference-56d64c7b67-sxkj9
2026-08-15 17:30:35.467448,3.8658548371547314e-08,whisper-inference-56d64c7b67-mvjl8
2026-08-15 17:30:40.467412,9.378007136741576e-07,whisper-inference-56d64c7b67-gfcpt
2026-08-15 17:30:40.467412,6.777113056622563e-07,whisper-inference-56d64c7b67-sxkj9
2026-08-15 17:30:40.467412,5.8370750224514004e-08,whisper-inference-56d64c7b67-mvjl8
2026-08-15 17:30:45.466943,8.961789747414759e-07,whisper-inference-56d64c7b67-gfcpt
2026-08-15 17:30:45.466943,6.777113056622563e-07,whisper-inference-56d64c7b67-sxkj9
2026-08-15 17:30:45.466943,1.971220185296669e-08,whisper-inference-56d64c7b67-mvjl8
2026-08-15 17:30:50.467866,8.961789747414759e-07,whisper-inference-56d64c7b67-gfcpt
2026-08-15 17:30:50.467866,3.494273843685277e-07,whisper-inference-56d64c7b67-sxkj9
2026-08-15 17:30:50.467866,5.2591559673707885e-08,whisper-inference-56d64c7b67-mvjl8
2026-08-15 17:30:55.463545,9.033430124996986e-07,whisper-inference-56d64c7b67-gfcpt
2026-08-15 17:30:55.463545,4.026956287785842e-07,whisper-inference-56d64c7b67-sxkj9
2026-08-15 17:30:55.463545,6.530269581696772e-08,whisper-inference-56d64c7b67-mvjl8
2026-08-15 17:31:00.463362,9.914012567076196e-07,whisper-inference-56d64c7b67-gfcpt
2026-08-15 17:31:00.463362,3.113692895850879e-07,whisper-inference-56d64c7b67-sxkj9
2026-08-15 17:31:00.463362,6.450695374276727e-08,whisper-inference-56d64c7b67-mvjl8
2026-08-15 17:31:05.467420,8.906642783740177e-07,whisper-inference-56d64c7b67-gfcpt
2026-08-15 17:31:05.467420,3.817995829719603e-07,whisper-inference-56d64c7b67-sxkj9
2026-08-15 17:31:05.467420,9.123507478927193e-08,whisper-inference-56d64c7b67-mvjl8
2026-08-15 17:31:10.467414,5.7071357297296e-07,whisper-inference-56d64c7b67-gfcpt
2026-08-15 17:31:10.467414,4.918338492791308e-07,whisper-inference-56d64c7b67-sxkj9
2026-08-15 17:31:10.467414,6.688564374881042e-08,whisper-inference-56d64c7b67-mvjl8
2026-08-15 17:31:15.467425,2.7558424226048854e-07,whisper-inference-56d64c7b67-gfcpt
2026-08-15 17:31:15.467425,5.476817860799761e-07,whisper-inference-56d64c7b67-sxkj9
2026-08-15 17:31:15.467425,6.25071080678213e-08,whisper-inference-56d64c7b67-mvjl8
2026-08-15 17:31:20.466900,2.7558424226048854e-07,whisper-inference-56d64c7b67-gfcpt
2026-08-15 17:31:20.466900,6.521758719829322e-07,whisper-inference-56d64c7b67-sxkj9
2026-08-15 17:31:20.466900,6.48441562480902e-08,whisper-inference-56d64c7b67-mvjl8
2026-08-15 17:31:25.463862,2.91533336763333e-07,whisper-inference-56d64c7b67-gfcpt
2026-08-15 17:31:25.463862,4.6293012681972864e-07,whisper-inference-56d64c7b67-sxkj9
2026-08-15 17:31:25.463862,4.497042228573847e-08,whisper-inference-56d64c7b67-mvjl8
2026-08-15 17:31:30.466896,5.377395758619492e-07,whisper-inference-56d64c7b67-gfcpt
2026-08-15 17:31:30.466896,4.990363240537502e-07,whisper-inference-56d64c7b67-sxkj9
2026-08-15 17:31:30.466896,4.497042228573847e-08,whisper-inference-56d64c7b67-mvjl8
2026-08-15 17:31:35.467337,5.377395758619492e-07,whisper-inference-56d64c7b67-gfcpt
2026-08-15 17:31:35.467337,3.743030845595127e-07,whisper-inference-56d64c7b67-sxkj9
2026-08-15 17:31:35.467337,1.8331133597319988e-08,whisper-inference-56d64c7b67-mvjl8
2026-08-15 17:31:40.466892,6.39991003148466e-07,whisper-inference-56d64c7b67-gfcpt
2026-08-15 17:31:40.466892,2.3523899814813812e-07,whisper-inference-56d64c7b67-sxkj9
2026-08-15 17:31:40.466892,0.0,whisper-inference-56d64c7b67-mvjl8
2026-08-15 17:31:45.467500,8.478612224538611e-07,whisper-inference-56d64c7b67-gfcpt
2026-08-15 17:31:45.467500,2.2478391120859672e-07,whisper-inference-56d64c7b67-sxkj9
2026-08-15 17:31:45.467500,0.0,whisper-inference-56d64c7b67-mvjl8
2026-08-15 17:31:50.467418,9.218035287331313e-07,whisper-inference-56d64c7b67-gfcpt
2026-08-15 17:31:50.467418,2.2478391120859672e-07,whisper-inference-56d64c7b67-sxkj9
2026-08-15 17:31:50.467418,5.758798014756866e-08,whisper-inference-56d64c7b67-mvjl8
2026-08-15 17:31:55.467434,9.031361385906588e-07,whisper-inference-56d64c7b67-gfcpt
2026-08-15 17:31:55.467434,1.1454491305988968e-07,whisper-inference-56d64c7b67-sxkj9
2026-08-15 17:31:55.467434,6.494311285971462e-08,whisper-inference-56d64c7b67-mvjl8
2026-08-15 17:32:00.467395,9.759829013363076e-07,whisper-inference-56d64c7b67-gfcpt
2026-08-15 17:32:00.467395,0.0,whisper-inference-56d64c7b67-sxkj9
2026-08-15 17:32:00.467395,8.047182012436837e-08,whisper-inference-56d64c7b67-mvjl8
2026-08-15 17:32:05.467406,7.929233164555006e-07,whisper-inference-56d64c7b67-gfcpt
2026-08-15 17:32:05.467406,0.0,whisper-inference-56d64c7b67-sxkj9
2026-08-15 17:32:05.467406,7.504575643500686e-08,whisper-inference-56d64c7b67-mvjl8
2026-08-15 17:32:10.467426,8.50890182245247e-07,whisper-inference-56d64c7b67-gfcpt
2026-08-15 17:32:10.467426,4.301260269263194e-08,whisper-inference-56d64c7b67-sxkj9
2026-08-15 17:32:10.467426,1.0542098214804524e-07,whisper-inference-56d64c7b67-mvjl8
2026-08-15 17:32:15.467393,7.810447637468199e-07,whisper-inference-56d64c7b67-gfcpt
2026-08-15 17:32:15.467393,8.304943657984818e-08,whisper-inference-56d64c7b67-sxkj9
2026-08-15 17:32:15.467393,1.0542098214804525e-07,whisper-inference-56d64c7b67-mvjl8
2026-08-15 17:32:20.467368,5.775371138391249e-07,whisper-inference-56d64c7b67-gfcpt
2026-08-15 17:32:20.467368,9.674707625710007e-08,whisper-inference-56d64c7b67-sxkj9
2026-08-15 17:32:20.467368,1.0626660955804062e-07,whisper-inference-56d64c7b67-mvjl8
2026-08-15 17:32:25.465215,3.4845664818234973e-07,whisper-inference-56d64c7b67-gfcpt
2026-08-15 17:32:25.465215,1.4195193420535038e-07,whisper-inference-56d64c7b67-sxkj9
2026-08-15 17:32:25.465215,1.1387594224535881e-07,whisper-inference-56d64c7b67-mvjl8
2026-08-15 17:32:30.467386,1.3708119363407988e-07,whisper-inference-56d64c7b67-gfcpt
2026-08-15 17:32:30.467386,1.4195193420535038e-07,whisper-inference-56d64c7b67-sxkj9
2026-08-15 17:32:30.467386,1.1387594224535881e-07,whisper-inference-56d64c7b67-mvjl8
2026-08-15 17:32:35.467413,1.2661966621517767e-07,whisper-inference-56d64c7b67-gfcpt
2026-08-15 17:32:35.467413,1.3062275468848103e-07,whisper-inference-56d64c7b67-sxkj9
2026-08-15 17:32:35.467413,5.000245388328049e-08,whisper-inference-56d64c7b67-mvjl8
2026-08-15 17:32:40.464026,6.530399007385882e-08,whisper-inference-56d64c7b67-gfcpt
2026-08-15 17:32:40.464026,1.3552674891435344e-07,whisper-inference-56d64c7b67-sxkj9
2026-08-15 17:32:40.464026,4.333015235540715e-08,whisper-inference-56d64c7b67-mvjl8
2026-08-15 17:32:45.467384,0.0,whisper-inference-56d64c7b67-gfcpt
2026-08-15 17:32:45.467384,1.3552674891435344e-07,whisper-inference-56d64c7b67-sxkj9
2026-08-15 17:32:45.467384,3.9351287718173774e-08,whisper-inference-56d64c7b67-mvjl8
2026-08-15 17:32:50.464363,0.0,whisper-inference-56d64c7b67-gfcpt
2026-08-15 17:32:50.464363,9.408303781148869e-08,whisper-inference-56d64c7b67-sxkj9
2026-08-15 17:32:50.464363,0.0,whisper-inference-56d64c7b67-mvjl8
2026-08-15 17:32:55.467448,0.0,whisper-inference-56d64c7b67-gfcpt
2026-08-15 17:32:55.467448,4.8759603491541687e-08,whisper-inference-56d64c7b67-sxkj9
2026-08-15 17:32:55.467448,0.0,whisper-inference-56d64c7b67-mvjl8
2026-08-15 17:33:00.467373,0.0,whisper-inference-56d64c7b67-gfcpt
2026-08-15 17:33:00.467373,4.8759603491541687e-08,whisper-inference-56d64c7b67-sxkj9
2026-08-15 17:33:00.467373,2.0470829068597748e-08,whisper-inference-56d64c7b67-mvjl8
2026-08-15 17:33:05.467475,0.0,whisper-inference-56d64c7b67-gfcpt
2026-08-15 17:33:05.467475,7.956703686418593e-08,whisper-inference-56d64c7b67-sxkj9
2026-08-15 17:33:05.467475,3.941596395797711e-08,whisper-inference-56d64c7b67-mvjl8
2026-08-15 17:33:10.466882,0.0,whisper-inference-56d64c7b67-gfcpt
2026-08-15 17:33:10.466882,9.241201136128338e-08,whisper-inference-56d64c7b67-sxkj9
2026-08-15 17:33:10.466882,5.10526927308563e-08,whisper-inference-56d64c7b67-mvjl8
2026-08-15 17:33:15.466892,0.0,whisper-inference-56d64c7b67-gfcpt
2026-08-15 17:33:15.466892,9.241201136128338e-08,whisper-inference-56d64c7b67-sxkj9
2026-08-15 17:33:15.466892,3.9925330403922664e-08,whisper-inference-56d64c7b67-mvjl8
2026-08-15 17:33:20.466632,0.0,whisper-inference-56d64c7b67-gfcpt
2026-08-15 17:33:20.466632,1.534057143103728e-07,whisper-inference-56d64c7b67-sxkj9
2026-08-15 17:33:20.466632,5.293551944375735e-08,whisper-inference-56d64c7b67-mvjl8
2026-08-15 17:33:25.467413,0.0,whisper-inference-56d64c7b67-gfcpt
2026-08-15 17:33:25.467413,2.3755046530527448e-07,whisper-inference-56d64c7b67-sxkj9
2026-08-15 17:33:25.467413,4.469924309006794e-08,whisper-inference-56d64c7b67-mvjl8
2026-08-15 17:33:30.466884,0.0,whisper-inference-56d64c7b67-gfcpt
2026-08-15 17:33:30.466884,2.0896277004494587e-07,whisper-inference-56d64c7b67-sxkj9
2026-08-15 17:33:30.466884,3.980672461290416e-08,whisper-inference-56d64c7b67-mvjl8
2026-08-15 17:33:35.466885,1.6222354404385444e-07,whisper-inference-56d64c7b67-gfcpt
2026-08-15 17:33:35.466885,2.2854673565406143e-07,whisper-inference-56d64c7b67-sxkj9
2026-08-15 17:33:35.466885,2.2334889330645702e-08,whisper-inference-56d64c7b67-mvjl8
2026-08-15 17:33:40.467895,2.155327250523026e-07,whisper-inference-56d64c7b67-gfcpt
2026-08-15 17:33:40.467895,2.462306446187443e-07,whisper-inference-56d64c7b67-sxkj9
2026-08-15 17:33:40.467895,2.2334889330645702e-08,whisper-inference-56d64c7b67-mvjl8
2026-08-15 17:33:45.467396,3.4050594507670813e-07,whisper-inference-56d64c7b67-gfcpt
2026-08-15 17:33:45.467396,2.200428950296603e-07,whisper-inference-56d64c7b67-sxkj9
2026-08-15 17:33:45.467396,0.0,whisper-inference-56d64c7b67-mvjl8
2026-08-15 17:33:50.467401,3.491507684695218e-07,whisper-inference-56d64c7b67-gfcpt
2026-08-15 17:33:50.467401,1.8572515516990211e-07,whisper-inference-56d64c7b67-sxkj9
2026-08-15 17:33:50.467401,0.0,whisper-inference-56d64c7b67-mvjl8
2026-08-15 17:33:55.467396,3.8560088361159187e-07,whisper-inference-56d64c7b67-gfcpt
2026-08-15 17:33:55.467396,1.3844347381681517e-07,whisper-inference-56d64c7b67-sxkj9
2026-08-15 17:33:55.467396,0.0,whisper-inference-56d64c7b67-mvjl8
2026-08-15 17:34:00.464192,3.46412117980754e-07,whisper-inference-56d64c7b67-gfcpt
2026-08-15 17:34:00.464192,1.2835839351172793e-07,whisper-inference-56d64c7b67-sxkj9
2026-08-15 17:34:00.464192,0.0,whisper-inference-56d64c7b67-mvjl8
2026-08-15 17:34:05.467411,3.2790887678864387e-07,whisper-inference-56d64c7b67-gfcpt
2026-08-15 17:34:05.467411,6.681365671088049e-08,whisper-inference-56d64c7b67-sxkj9
2026-08-15 17:34:05.467411,0.0,whisper-inference-56d64c7b67-mvjl8
2026-08-15 17:34:10.467407,4.2555424974766667e-07,whisper-inference-56d64c7b67-gfcpt
2026-08-15 17:34:10.467407,0.0,whisper-inference-56d64c7b67-sxkj9
2026-08-15 17:34:10.467407,0.0,whisper-inference-56d64c7b67-mvjl8
2026-08-15 17:34:15.467401,4.337695784061643e-07,whisper-inference-56d64c7b67-gfcpt
2026-08-15 17:34:15.467401,0.0,whisper-inference-56d64c7b67-sxkj9
2026-08-15 17:34:15.467401,0.0,whisper-inference-56d64c7b67-mvjl8
2026-08-15 17:34:20.467403,4.3376957840616427e-07,whisper-inference-56d64c7b67-gfcpt
2026-08-15 17:34:20.467403,0.0,whisper-inference-56d64c7b67-sxkj9
2026-08-15 17:34:20.467403,4.229581694374656e-08,whisper-inference-56d64c7b67-mvjl8
2026-08-15 17:34:25.465929,6.95692218860489e-07,whisper-inference-56d64c7b67-gfcpt
2026-08-15 17:34:25.465929,0.0,whisper-inference-56d64c7b67-sxkj9
2026-08-15 17:34:25.465929,8.760927277450081e-08,whisper-inference-56d64c7b67-mvjl8
2026-08-15 17:34:30.467394,6.95692218860489e-07,whisper-inference-56d64c7b67-gfcpt
2026-08-15 17:34:30.467394,0.0,whisper-inference-56d64c7b67-sxkj9
2026-08-15 17:34:30.467394,1.0505343576116049e-07,whisper-inference-56d64c7b67-mvjl8
2026-08-15 17:34:35.467408,7.172451362183676e-07,whisper-inference-56d64c7b67-gfcpt
2026-08-15 17:34:35.467408,0.0,whisper-inference-56d64c7b67-sxkj9
2026-08-15 17:34:35.467408,9.220127671932534e-08,whisper-inference-56d64c7b67-mvjl8
2026-08-15 17:34:40.467422,6.412435669393775e-07,whisper-inference-56d64c7b67-gfcpt
2026-08-15 17:34:40.467422,2.2338381808264213e-08,whisper-inference-56d64c7b67-sxkj9
2026-08-15 17:34:40.467422,1.0390372550748778e-07,whisper-inference-56d64c7b67-mvjl8
2026-08-15 17:34:45.467445,6.830836163702524e-07,whisper-inference-56d64c7b67-gfcpt
2026-08-15 17:34:45.467445,2.2338381808264213e-08,whisper-inference-56d64c7b67-sxkj9
2026-08-15 17:34:45.467445,8.025564053209525e-08,whisper-inference-56d64c7b67-mvjl8
2026-08-15 17:34:50.466883,8.447215695133032e-07,whisper-inference-56d64c7b67-gfcpt
2026-08-15 17:34:50.466883,2.233838180826421e-08,whisper-inference-56d64c7b67-sxkj9
2026-08-15 17:34:50.466883,9.257381373629922e-08,whisper-inference-56d64c7b67-mvjl8
2026-08-15 17:34:55.467396,7.786890812141157e-07,whisper-inference-56d64c7b67-gfcpt
2026-08-15 17:34:55.467396,2.376482330922207e-08,whisper-inference-56d64c7b67-sxkj9
2026-08-15 17:34:55.467396,9.781546109232237e-08,whisper-inference-56d64c7b67-mvjl8
2026-08-15 17:35:00.467418,7.540214614818563e-07,whisper-inference-56d64c7b67-gfcpt
2026-08-15 17:35:00.467418,2.376482330922207e-08,whisper-inference-56d64c7b67-sxkj9
2026-08-15 17:35:00.467418,7.854497114864358e-08,whisper-inference-56d64c7b67-mvjl8
2026-08-15 17:35:05.467375,3.924886120078107e-07,whisper-inference-56d64c7b67-gfcpt
2026-08-15 17:35:05.467375,2.376482330922207e-08,whisper-inference-56d64c7b67-sxkj9
2026-08-15 17:35:05.467375,0.0,whisper-inference-56d64c7b67-mvjl8
2026-08-15 17:35:10.466999,3.924886120078107e-07,whisper-inference-56d64c7b67-gfcpt
2026-08-15 17:35:10.466999,4.6549544662778615e-08,whisper-inference-56d64c7b67-sxkj9
2026-08-15 17:35:10.466999,0.0,whisper-inference-56d64c7b67-mvjl8
2026-08-15 17:35:15.462806,1.7933987908953366e-07,whisper-inference-56d64c7b67-gfcpt
2026-08-15 17:35:15.462806,3.99191793805148e-08,whisper-inference-56d64c7b67-sxkj9
2026-08-15 17:35:15.462806,0.0,whisper-inference-56d64c7b67-mvjl8
2026-08-15 17:35:20.467456,2.2153925327172002e-07,whisper-inference-56d64c7b67-gfcpt
2026-08-15 17:35:20.467456,4.213268563573844e-08,whisper-inference-56d64c7b67-sxkj9
2026-08-15 17:35:20.467456,0.0,whisper-inference-56d64c7b67-mvjl8
2026-08-15 17:35:25.466133,2.0288912439640357e-07,whisper-inference-56d64c7b67-gfcpt
2026-08-15 17:35:25.466133,4.450564121422744e-08,whisper-inference-56d64c7b67-sxkj9
2026-08-15 17:35:25.466133,0.0,whisper-inference-56d64c7b67-mvjl8
2026-08-15 17:35:30.466898,1.9422536543726475e-07,whisper-inference-56d64c7b67-gfcpt
2026-08-15 17:35:30.466898,4.450564121422744e-08,whisper-inference-56d64c7b67-sxkj9
2026-08-15 17:35:30.466898,4.253961501593629e-08,whisper-inference-56d64c7b67-mvjl8
2026-08-15 17:35:35.467036,1.7417133600121894e-07,whisper-inference-56d64c7b67-gfcpt
2026-08-15 17:35:35.467036,4.558258556116946e-08,whisper-inference-56d64c7b67-sxkj9
2026-08-15 17:35:35.467036,4.253961501593629e-08,whisper-inference-56d64c7b67-mvjl8
2026-08-15 17:35:40.467049,1.5432187885399082e-07,whisper-inference-56d64c7b67-gfcpt
2026-08-15 17:35:40.467049,5.071312852282004e-08,whisper-inference-56d64c7b67-sxkj9
2026-08-15 17:35:40.467049,1.6029848345021043e-07,whisper-inference-56d64c7b67-mvjl8
2026-08-15 17:35:45.466122,1.8131253785663684e-07,whisper-inference-56d64c7b67-gfcpt
2026-08-15 17:35:45.466122,4.413947208415786e-08,whisper-inference-56d64c7b67-sxkj9
2026-08-15 17:35:45.466122,2.439360966230013e-07,whisper-inference-56d64c7b67-mvjl8
2026-08-15 17:35:50.467386,1.8131253785663684e-07,whisper-inference-56d64c7b67-gfcpt
2026-08-15 17:35:50.467386,2.059011262736518e-08,whisper-inference-56d64c7b67-sxkj9
2026-08-15 17:35:50.467386,2.190132888927226e-07,whisper-inference-56d64c7b67-mvjl8
2026-08-15 17:35:55.464763,1.8131013977803497e-07,whisper-inference-56d64c7b67-gfcpt
2026-08-15 17:35:55.464763,2.1102382920581e-08,whisper-inference-56d64c7b67-sxkj9
2026-08-15 17:35:55.464763,2.4568039794136857e-07,whisper-inference-56d64c7b67-mvjl8
2026-08-15 17:36:00.467410,1.098176420696603e-07,whisper-inference-56d64c7b67-gfcpt
2026-08-15 17:36:00.467410,2.5057004684989465e-08,whisper-inference-56d64c7b67-sxkj9
2026-08-15 17:36:00.467410,2.93304938251361e-07,whisper-inference-56d64c7b67-mvjl8
2026-08-15 17:36:05.466992,7.075575640824596e-08,whisper-inference-56d64c7b67-gfcpt
2026-08-15 17:36:05.466992,2.5057004684989465e-08,whisper-inference-56d64c7b67-sxkj9
2026-08-15 17:36:05.466992,2.3643095923456173e-07,whisper-inference-56d64c7b67-mvjl8
2026-08-15 17:36:10.467348,7.075575640824596e-08,whisper-inference-56d64c7b67-gfcpt
2026-08-15 17:36:10.467348,1.766066792598846e-08,whisper-inference-56d64c7b67-sxkj9
2026-08-15 17:36:10.467348,2.2145615378867078e-07,whisper-inference-56d64c7b67-mvjl8
2026-08-15 17:36:15.467406,6.362830813600542e-08,whisper-inference-56d64c7b67-gfcpt
2026-08-15 17:36:15.467406,0.0,whisper-inference-56d64c7b67-sxkj9
2026-08-15 17:36:15.467406,2.2145615378867078e-07,whisper-inference-56d64c7b67-mvjl8
2026-08-15 17:36:20.463029,6.510591357470625e-08,whisper-inference-56d64c7b67-gfcpt
2026-08-15 17:36:20.463029,1.6512160026370496e-07,whisper-inference-56d64c7b67-sxkj9
2026-08-15 17:36:20.463029,2.2145615378867078e-07,whisper-inference-56d64c7b67-mvjl8
2026-08-15 17:36:25.467489,7.064203537828883e-08,whisper-inference-56d64c7b67-gfcpt
2026-08-15 17:36:25.467489,1.6512160026370496e-07,whisper-inference-56d64c7b67-sxkj9
2026-08-15 17:36:25.467489,7.237984944998551e-08,whisper-inference-56d64c7b67-mvjl8
2026-08-15 17:36:30.466894,5.120397087544556e-08,whisper-inference-56d64c7b67-gfcpt
2026-08-15 17:36:30.466894,1.6234516395719694e-07,whisper-inference-56d64c7b67-sxkj9
2026-08-15 17:36:30.466894,0.0,whisper-inference-56d64c7b67-mvjl8
2026-08-15 17:36:35.467405,3.8087169062467164e-08,whisper-inference-56d64c7b67-gfcpt
2026-08-15 17:36:35.467405,1.7588854903552583e-07,whisper-inference-56d64c7b67-sxkj9
2026-08-15 17:36:35.467405,0.0,whisper-inference-56d64c7b67-mvjl8
2026-08-15 17:36:40.467415,1.936408349794741e-08,whisper-inference-56d64c7b67-gfcpt
2026-08-15 17:36:40.467415,1.7588854903552583e-07,whisper-inference-56d64c7b67-sxkj9
2026-08-15 17:36:40.467415,1.1363205939180335e-07,whisper-inference-56d64c7b67-mvjl8
2026-08-15 17:36:45.467403,0.0,whisper-inference-56d64c7b67-gfcpt
2026-08-15 17:36:45.467403,1.7767373573063082e-07,whisper-inference-56d64c7b67-sxkj9
2026-08-15 17:36:45.467403,2.707618223879013e-07,whisper-inference-56d64c7b67-mvjl8
2026-08-15 17:36:50.466996,0.0,whisper-inference-56d64c7b67-gfcpt
2026-08-15 17:36:50.466996,2.1756852433689505e-07,whisper-inference-56d64c7b67-sxkj9
2026-08-15 17:36:50.466996,3.3673284019566694e-07,whisper-inference-56d64c7b67-mvjl8
2026-08-15 17:36:55.467355,2.058968868392769e-08,whisper-inference-56d64c7b67-gfcpt
2026-08-15 17:36:55.467355,1.946831283987644e-07,whisper-inference-56d64c7b67-sxkj9
2026-08-15 17:36:55.467355,2.52686439498174e-07,whisper-inference-56d64c7b67-mvjl8
2026-08-15 17:37:00.467029,2.058968868392769e-08,whisper-inference-56d64c7b67-gfcpt
2026-08-15 17:37:00.467029,4.153427616144373e-08,whisper-inference-56d64c7b67-sxkj9
2026-08-15 17:37:00.467029,2.52686439498174e-07,whisper-inference-56d64c7b67-mvjl8
2026-08-15 17:37:05.466952,2.0987239758247984e-08,whisper-inference-56d64c7b67-gfcpt
2026-08-15 17:37:05.466952,4.153427616144373e-08,whisper-inference-56d64c7b67-sxkj9
2026-08-15 17:37:05.466952,3.6877556452407575e-07,whisper-inference-56d64c7b67-mvjl8
2026-08-15 17:37:10.466949,2.0987239758247984e-08,whisper-inference-56d64c7b67-gfcpt
2026-08-15 17:37:10.466949,3.314441019433378e-08,whisper-inference-56d64c7b67-sxkj9
2026-08-15 17:37:10.466949,5.851523398820754e-07,whisper-inference-56d64c7b67-mvjl8
2026-08-15 17:37:15.467403,3.3524422541855247e-08,whisper-inference-56d64c7b67-gfcpt
2026-08-15 17:37:15.467403,4.566001552445094e-08,whisper-inference-56d64c7b67-sxkj9
2026-08-15 17:37:15.467403,8.806426618584335e-07,whisper-inference-56d64c7b67-mvjl8
2026-08-15 17:37:20.463877,2.707055214726634e-08,whisper-inference-56d64c7b67-gfcpt
2026-08-15 17:37:20.463877,9.244911366463107e-08,whisper-inference-56d64c7b67-sxkj9
2026-08-15 17:37:20.463877,9.17861766188488e-07,whisper-inference-56d64c7b67-mvjl8
2026-08-15 17:37:25.467352,1.6717865128639793e-07,whisper-inference-56d64c7b67-gfcpt
2026-08-15 17:37:25.467352,9.244911366463108e-08,whisper-inference-56d64c7b67-sxkj9
2026-08-15 17:37:25.467352,1.0559962601958282e-06,whisper-inference-56d64c7b67-mvjl8
2026-08-15 17:37:30.464277,3.6223590058926335e-07,whisper-inference-56d64c7b67-gfcpt
2026-08-15 17:37:30.464277,7.662595499672072e-08,whisper-inference-56d64c7b67-sxkj9
2026-08-15 17:37:30.464277,1.0734288729001733e-06,whisper-inference-56d64c7b67-mvjl8
2026-08-15 17:37:35.467399,5.620943815273902e-07,whisper-inference-56d64c7b67-gfcpt
2026-08-15 17:37:35.467399,9.103363633105594e-08,whisper-inference-56d64c7b67-sxkj9
2026-08-15 17:37:35.467399,1.0254039334838588e-06,whisper-inference-56d64c7b67-mvjl8
2026-08-15 17:37:40.467367,5.620943815273902e-07,whisper-inference-56d64c7b67-gfcpt
2026-08-15 17:37:40.467367,1.1459809631016497e-07,whisper-inference-56d64c7b67-sxkj9
2026-08-15 17:37:40.467367,1.1610477775801515e-06,whisper-inference-56d64c7b67-mvjl8
2026-08-15 17:37:45.467469,5.297995986592324e-07,whisper-inference-56d64c7b67-gfcpt
2026-08-15 17:37:45.467469,1.1166572748219203e-07,whisper-inference-56d64c7b67-sxkj9
2026-08-15 17:37:45.467469,1.234437514361536e-06,whisper-inference-56d64c7b67-mvjl8
2026-08-15 17:37:50.466867,5.200520727833551e-07,whisper-inference-56d64c7b67-gfcpt
2026-08-15 17:37:50.466867,1.1244038378803868e-07,whisper-inference-56d64c7b67-sxkj9
2026-08-15 17:37:50.466867,8.758014163786563e-07,whisper-inference-56d64c7b67-mvjl8
2026-08-15 17:37:55.467397,5.43776566531682e-07,whisper-inference-56d64c7b67-gfcpt
2026-08-15 17:37:55.467397,1.0279841600108057e-07,whisper-inference-56d64c7b67-sxkj9
2026-08-15 17:37:55.467397,6.772293059195494e-07,whisper-inference-56d64c7b67-mvjl8
2026-08-15 17:38:00.467408,5.43776566531682e-07,whisper-inference-56d64c7b67-gfcpt
2026-08-15 17:38:00.467408,9.045324378083678e-08,whisper-inference-56d64c7b67-sxkj9
2026-08-15 17:38:00.467408,6.772293059195494e-07,whisper-inference-56d64c7b67-mvjl8
2026-08-15 17:38:05.465231,4.887260689252738e-07,whisper-inference-56d64c7b67-gfcpt
2026-08-15 17:38:05.465231,5.154344351074114e-08,whisper-inference-56d64c7b67-sxkj9
2026-08-15 17:38:05.465231,4.4570984686330314e-07,whisper-inference-56d64c7b67-mvjl8
2026-08-15 17:38:10.467399,5.486669253351173e-07,whisper-inference-56d64c7b67-gfcpt
2026-08-15 17:38:10.467399,4.783848667603175e-07,whisper-inference-56d64c7b67-sxkj9
2026-08-15 17:38:10.467399,2.593787749908298e-07,whisper-inference-56d64c7b67-mvjl8
2026-08-15 17:38:15.467393,4.66388948164081e-07,whisper-inference-56d64c7b67-gfcpt
2026-08-15 17:38:15.467393,5.857605897556404e-07,whisper-inference-56d64c7b67-sxkj9
2026-08-15 17:38:15.467393,2.593787749908298e-07,whisper-inference-56d64c7b67-mvjl8
2026-08-15 17:38:20.466947,4.3510341924430313e-07,whisper-inference-56d64c7b67-gfcpt
2026-08-15 17:38:20.466947,5.332470667889993e-07,whisper-inference-56d64c7b67-sxkj9
2026-08-15 17:38:20.466947,1.3365836975964014e-07,whisper-inference-56d64c7b67-mvjl8
2026-08-15 17:38:25.465255,4.7086813556313095e-07,whisper-inference-56d64c7b67-gfcpt
2026-08-15 17:38:25.465255,4.5813982445031527e-07,whisper-inference-56d64c7b67-sxkj9
2026-08-15 17:38:25.465255,1.3365836975964014e-07,whisper-inference-56d64c7b67-mvjl8
2026-08-15 17:38:30.467408,4.7086813556313095e-07,whisper-inference-56d64c7b67-gfcpt
2026-08-15 17:38:30.467408,5.900527400100583e-07,whisper-inference-56d64c7b67-sxkj9
2026-08-15 17:38:30.467408,1.2903787857779275e-07,whisper-inference-56d64c7b67-mvjl8
2026-08-15 17:38:35.467415,4.771973830617328e-07,whisper-inference-56d64c7b67-gfcpt
2026-08-15 17:38:35.467415,8.5822684716207e-07,whisper-inference-56d64c7b67-sxkj9
2026-08-15 17:38:35.467415,9.60615706855439e-08,whisper-inference-56d64c7b67-mvjl8
2026-08-15 17:38:40.467404,5.271117726686906e-07,whisper-inference-56d64c7b67-gfcpt
2026-08-15 17:38:40.467404,9.72208434996958e-07,whisper-inference-56d64c7b67-sxkj9
2026-08-15 17:38:40.467404,9.263619874871816e-08,whisper-inference-56d64c7b67-mvjl8
2026-08-15 17:38:45.466862,4.844154182891785e-07,whisper-inference-56d64c7b67-gfcpt
2026-08-15 17:38:45.466862,9.10988854697479e-07,whisper-inference-56d64c7b67-sxkj9
2026-08-15 17:38:45.466862,9.049312055601949e-08,whisper-inference-56d64c7b67-mvjl8
2026-08-15 17:38:50.467029,2.137393223607905e-07,whisper-inference-56d64c7b67-gfcpt
2026-08-15 17:38:50.467029,5.368684240944724e-07,whisper-inference-56d64c7b67-sxkj9
2026-08-15 17:38:50.467029,2.3007565372164164e-07,whisper-inference-56d64c7b67-mvjl8
2026-08-15 17:38:55.466913,2.0995595629608797e-07,whisper-inference-56d64c7b67-gfcpt
2026-08-15 17:38:55.466913,5.47207409066327e-07,whisper-inference-56d64c7b67-sxkj9
2026-08-15 17:38:55.466913,2.408684391003858e-07,whisper-inference-56d64c7b67-mvjl8
2026-08-15 17:39:00.464007,1.4957580706206584e-07,whisper-inference-56d64c7b67-gfcpt
2026-08-15 17:39:00.464007,5.47207409066327e-07,whisper-inference-56d64c7b67-sxkj9
2026-08-15 17:39:00.464007,2.2831657543751278e-07,whisper-inference-56d64c7b67-mvjl8
2026-08-15 17:39:05.466139,1.1053388044095366e-07,whisper-inference-56d64c7b67-gfcpt
2026-08-15 17:39:05.466139,4.249008453482137e-07,whisper-inference-56d64c7b67-sxkj9
2026-08-15 17:39:05.466139,2.692286478603005e-07,whisper-inference-56d64c7b67-mvjl8
2026-08-15 17:39:10.464941,9.829345119105666e-08,whisper-inference-56d64c7b67-gfcpt
2026-08-15 17:39:10.464941,5.126566858206854e-07,whisper-inference-56d64c7b67-sxkj9
2026-08-15 17:39:10.464941,2.692286478603005e-07,whisper-inference-56d64c7b67-mvjl8
2026-08-15 17:39:15.467387,1.0622032242359788e-07,whisper-inference-56d64c7b67-gfcpt
2026-08-15 17:39:15.467387,5.126566858206854e-07,whisper-inference-56d64c7b67-sxkj9
2026-08-15 17:39:15.467387,2.7085634329886816e-07,whisper-inference-56d64c7b67-mvjl8
2026-08-15 17:39:20.467395,7.562361985177765e-08,whisper-inference-56d64c7b67-gfcpt
2026-08-15 17:39:20.467395,8.571509528261913e-08,whisper-inference-56d64c7b67-sxkj9
2026-08-15 17:39:20.467395,2.5192403017602044e-07,whisper-inference-56d64c7b67-mvjl8
2026-08-15 17:39:25.465636,8.842229581303382e-08,whisper-inference-56d64c7b67-gfcpt
2026-08-15 17:39:25.465636,8.029452935499178e-08,whisper-inference-56d64c7b67-sxkj9
2026-08-15 17:39:25.465636,2.2052668623680765e-07,whisper-inference-56d64c7b67-mvjl8
2026-08-15 17:39:30.467381,7.290832051646408e-08,whisper-inference-56d64c7b67-gfcpt
2026-08-15 17:39:30.467381,6.11396429439807e-08,whisper-inference-56d64c7b67-sxkj9
2026-08-15 17:39:30.467381,1.9587592150737208e-07,whisper-inference-56d64c7b67-mvjl8
2026-08-15 17:39:35.467416,8.725704955195951e-08,whisper-inference-56d64c7b67-gfcpt
2026-08-15 17:39:35.467416,3.070875813699928e-08,whisper-inference-56d64c7b67-sxkj9
2026-08-15 17:39:35.467416,2.503926612189798e-07,whisper-inference-56d64c7b67-mvjl8
2026-08-15 17:39:40.467475,6.406834320486154e-08,whisper-inference-56d64c7b67-gfcpt
2026-08-15 17:39:40.467475,2.205314808629936e-08,whisper-inference-56d64c7b67-sxkj9
2026-08-15 17:39:40.467475,4.4018919933031445e-07,whisper-inference-56d64c7b67-mvjl8
2026-08-15 17:39:45.467484,8.597953794156301e-08,whisper-inference-56d64c7b67-gfcpt
2026-08-15 17:39:45.467484,2.205314808629936e-08,whisper-inference-56d64c7b67-sxkj9
2026-08-15 17:39:45.467484,3.3979653811148473e-07,whisper-inference-56d64c7b67-mvjl8
2026-08-15 17:39:50.465928,6.639190042079997e-08,whisper-inference-56d64c7b67-gfcpt
2026-08-15 17:39:50.465928,2.33934545108018e-08,whisper-inference-56d64c7b67-sxkj9
2026-08-15 17:39:50.465928,4.830273889424522e-07,whisper-inference-56d64c7b67-mvjl8
2026-08-15 17:39:55.467017,4.5263205540261624e-08,whisper-inference-56d64c7b67-gfcpt
2026-08-15 17:39:55.467017,2.33934545108018e-08,whisper-inference-56d64c7b67-sxkj9
2026-08-15 17:39:55.467017,4.347554502691064e-07,whisper-inference-56d64c7b67-mvjl8
2026-08-15 17:40:00.466954,5.5444690662212534e-08,whisper-inference-56d64c7b67-gfcpt
2026-08-15 17:40:00.466954,1.86985789075027e-08,whisper-inference-56d64c7b67-sxkj9
2026-08-15 17:40:00.466954,4.846398249662811e-07,whisper-inference-56d64c7b67-mvjl8
2026-08-15 17:40:05.467376,8.420037356661805e-08,whisper-inference-56d64c7b67-gfcpt
2026-08-15 17:40:05.467376,2.029331262079364e-08,whisper-inference-56d64c7b67-sxkj9
2026-08-15 17:40:05.467376,4.964128350869463e-07,whisper-inference-56d64c7b67-mvjl8
2026-08-15 17:40:10.467402,9.514401250693066e-08,whisper-inference-56d64c7b67-gfcpt
2026-08-15 17:40:10.467402,2.3777820050141616e-08,whisper-inference-56d64c7b67-sxkj9
2026-08-15 17:40:10.467402,4.886865833626436e-07,whisper-inference-56d64c7b67-mvjl8
2026-08-15 17:40:15.463897,1.3042842800838777e-07,whisper-inference-56d64c7b67-gfcpt
2026-08-15 17:40:15.463897,2.3777820050141613e-08,whisper-inference-56d64c7b67-sxkj9
2026-08-15 17:40:15.463897,4.886865833626436e-07,whisper-inference-56d64c7b67-mvjl8
2026-08-15 17:40:20.467342,1.1982071503224313e-07,whisper-inference-56d64c7b67-gfcpt
2026-08-15 17:40:20.467342,3.810006924681009e-07,whisper-inference-56d64c7b67-sxkj9
2026-08-15 17:40:20.467342,3.810194095566055e-07,whisper-inference-56d64c7b67-mvjl8
2026-08-15 17:40:25.467402,1.5802915120786584e-07,whisper-inference-56d64c7b67-gfcpt
2026-08-15 17:40:25.467402,4.986702884162415e-07,whisper-inference-56d64c7b67-sxkj9
2026-08-15 17:40:25.467402,1.5958022509933862e-07,whisper-inference-56d64c7b67-mvjl8
2026-08-15 17:40:30.467411,1.3658250609870942e-07,whisper-inference-56d64c7b67-gfcpt
2026-08-15 17:40:30.467411,4.50907630735305e-07,whisper-inference-56d64c7b67-sxkj9
2026-08-15 17:40:30.467411,1.0274747253637442e-07,whisper-inference-56d64c7b67-mvjl8
2026-08-15 17:40:35.467354,1.42949383101006e-07,whisper-inference-56d64c7b67-gfcpt
2026-08-15 17:40:35.467354,4.305485690042626e-07,whisper-inference-56d64c7b67-sxkj9
2026-08-15 17:40:35.467354,8.566976436173883e-08,whisper-inference-56d64c7b67-mvjl8
2026-08-15 17:40:40.467418,1.9142133395741094e-07,whisper-inference-56d64c7b67-gfcpt
2026-08-15 17:40:40.467418,4.305485690042626e-07,whisper-inference-56d64c7b67-sxkj9
2026-08-15 17:40:40.467418,6.494262416595614e-08,whisper-inference-56d64c7b67-mvjl8
2026-08-15 17:40:45.467402,2.0414822102751016e-07,whisper-inference-56d64c7b67-gfcpt
2026-08-15 17:40:45.467402,4.3054856900426253e-07,whisper-inference-56d64c7b67-sxkj9
2026-08-15 17:40:45.467402,5.517739589737521e-08,whisper-inference-56d64c7b67-mvjl8
2026-08-15 17:40:50.467415,2.764278130453958e-07,whisper-inference-56d64c7b67-gfcpt
2026-08-15 17:40:50.467415,5.192829589728655e-07,whisper-inference-56d64c7b67-sxkj9
2026-08-15 17:40:50.467415,4.0747232922879026e-08,whisper-inference-56d64c7b67-mvjl8
2026-08-15 17:40:55.466945,2.7398312267878565e-07,whisper-inference-56d64c7b67-gfcpt
2026-08-15 17:40:55.466945,5.842594781468794e-07,whisper-inference-56d64c7b67-sxkj9
2026-08-15 17:40:55.466945,4.661743266988165e-08,whisper-inference-56d64c7b67-mvjl8
2026-08-15 17:41:00.466935,2.2303134683211566e-07,whisper-inference-56d64c7b67-gfcpt
2026-08-15 17:41:00.466935,4.08310303095924e-07,whisper-inference-56d64c7b67-sxkj9
2026-08-15 17:41:00.466935,4.6617432669881656e-08,whisper-inference-56d64c7b67-mvjl8
2026-08-15 17:41:05.466935,2.478557289778292e-07,whisper-inference-56d64c7b67-gfcpt
2026-08-15 17:41:05.466935,2.951050873030527e-07,whisper-inference-56d64c7b67-sxkj9
2026-08-15 17:41:05.466935,1.8983617138428537e-08,whisper-inference-56d64c7b67-mvjl8
2026-08-15 17:41:10.466883,2.9095372943695076e-07,whisper-inference-56d64c7b67-gfcpt
2026-08-15 17:41:10.466883,2.535983521880077e-07,whisper-inference-56d64c7b67-sxkj9
2026-08-15 17:41:10.466883,0.0,whisper-inference-56d64c7b67-mvjl8
2026-08-15 17:41:15.467411,3.0736809762372373e-07,whisper-inference-56d64c7b67-gfcpt
2026-08-15 17:41:15.467411,2.842832266844672e-07,whisper-inference-56d64c7b67-sxkj9
2026-08-15 17:41:15.467411,2.15187966689118e-08,whisper-inference-56d64c7b67-mvjl8
2026-08-15 17:41:20.464852,2.3029850737862473e-07,whisper-inference-56d64c7b67-gfcpt
2026-08-15 17:41:20.464852,3.4134073172822415e-07,whisper-inference-56d64c7b67-sxkj9
2026-08-15 17:41:20.464852,2.15187966689118e-08,whisper-inference-56d64c7b67-mvjl8
2026-08-15 17:41:25.467599,2.3029850737862473e-07,whisper-inference-56d64c7b67-gfcpt
2026-08-15 17:41:25.467599,3.0615102884185286e-07,whisper-inference-56d64c7b67-sxkj9
2026-08-15 17:41:25.467599,3.180858804715987e-07,whisper-inference-56d64c7b67-mvjl8
2026-08-15 17:41:30.467416,1.2838219156620457e-07,whisper-inference-56d64c7b67-gfcpt
2026-08-15 17:41:30.467416,3.33585187936317e-07,whisper-inference-56d64c7b67-sxkj9
2026-08-15 17:41:30.467416,6.261442081067955e-07,whisper-inference-56d64c7b67-mvjl8
2026-08-15 17:41:35.467410,1.2812306105142406e-07,whisper-inference-56d64c7b67-gfcpt
2026-08-15 17:41:35.467410,2.0075581501885886e-07,whisper-inference-56d64c7b67-sxkj9
2026-08-15 17:41:35.467410,7.28529435364631e-07,whisper-inference-56d64c7b67-mvjl8
2026-08-15 17:41:40.462635,1.5442561704647204e-07,whisper-inference-56d64c7b67-gfcpt
2026-08-15 17:41:40.462635,1.6512144055975047e-07,whisper-inference-56d64c7b67-sxkj9
2026-08-15 17:41:40.462635,8.314873699861137e-07,whisper-inference-56d64c7b67-mvjl8
2026-08-15 17:41:45.466949,1.4214151936927093e-07,whisper-inference-56d64c7b67-gfcpt
2026-08-15 17:41:45.466949,1.4469626540136447e-07,whisper-inference-56d64c7b67-sxkj9
2026-08-15 17:41:45.466949,9.81849614315343e-07,whisper-inference-56d64c7b67-mvjl8
2026-08-15 17:41:50.466901,2.0989447538542957e-07,whisper-inference-56d64c7b67-gfcpt
2026-08-15 17:41:50.466901,1.0405706552036801e-07,whisper-inference-56d64c7b67-sxkj9
2026-08-15 17:41:50.466901,1.073881820556425e-06,whisper-inference-56d64c7b67-mvjl8
2026-08-15 17:41:55.466889,4.778836739281144e-07,whisper-inference-56d64c7b67-gfcpt
2026-08-15 17:41:55.466889,1.1917396180352406e-07,whisper-inference-56d64c7b67-sxkj9
2026-08-15 17:41:55.466889,9.275596626495189e-07,whisper-inference-56d64c7b67-mvjl8
2026-08-15 17:42:00.467355,4.7136811866031017e-07,whisper-inference-56d64c7b67-gfcpt
2026-08-15 17:42:00.467355,1.4092034972637344e-07,whisper-inference-56d64c7b67-sxkj9
2026-08-15 17:42:00.467355,8.71908361453144e-07,whisper-inference-56d64c7b67-mvjl8
2026-08-15 17:42:05.466171,4.335970726571549e-07,whisper-inference-56d64c7b67-gfcpt
2026-08-15 17:42:05.466171,9.489965107732008e-08,whisper-inference-56d64c7b67-sxkj9
2026-08-15 17:42:05.466171,5.629792421737262e-07,whisper-inference-56d64c7b67-mvjl8
2026-08-15 17:42:10.466940,4.335970726571549e-07,whisper-inference-56d64c7b67-gfcpt
2026-08-15 17:42:10.466940,1.3178077752863114e-07,whisper-inference-56d64c7b67-sxkj9
2026-08-15 17:42:10.466940,5.830505757488883e-07,whisper-inference-56d64c7b67-mvjl8
2026-08-15 17:42:15.467902,5.777179645661162e-07,whisper-inference-56d64c7b67-gfcpt
2026-08-15 17:42:15.467902,6.65335994684133e-08,whisper-inference-56d64c7b67-sxkj9
2026-08-15 17:42:15.467902,4.0301662782767307e-07,whisper-inference-56d64c7b67-mvjl8
2026-08-15 17:42:20.467432,5.754287535735037e-07,whisper-inference-56d64c7b67-gfcpt
2026-08-15 17:42:20.467432,1.8224978623445448e-07,whisper-inference-56d64c7b67-sxkj9
2026-08-15 17:42:20.467432,3.751542169946141e-07,whisper-inference-56d64c7b67-mvjl8
2026-08-15 17:42:25.466887,6.617097367124834e-07,whisper-inference-56d64c7b67-gfcpt
2026-08-15 17:42:25.466887,2.25471014815151e-07,whisper-inference-56d64c7b67-sxkj9
2026-08-15 17:42:25.466887,3.5401453834495346e-07,whisper-inference-56d64c7b67-mvjl8
2026-08-15 17:42:30.466891,5.743833017077818e-07,whisper-inference-56d64c7b67-gfcpt
2026-08-15 17:42:30.466891,2.0444639398944814e-07,whisper-inference-56d64c7b67-sxkj9
2026-08-15 17:42:30.466891,3.0912164421478615e-07,whisper-inference-56d64c7b67-mvjl8
2026-08-15 17:42:35.462996,6.939598649082073e-07,whisper-inference-56d64c7b67-gfcpt
2026-08-15 17:42:35.462996,1.6968779168493775e-07,whisper-inference-56d64c7b67-sxkj9
2026-08-15 17:42:35.462996,2.878426139685793e-07,whisper-inference-56d64c7b67-mvjl8
2026-08-15 17:42:40.467393,8.814788230075083e-07,whisper-inference-56d64c7b67-gfcpt
2026-08-15 17:42:40.467393,1.7932817956860037e-07,whisper-inference-56d64c7b67-sxkj9
2026-08-15 17:42:40.467393,2.981962162924862e-07,whisper-inference-56d64c7b67-mvjl8
2026-08-15 17:42:45.465699,8.814788230075084e-07,whisper-inference-56d64c7b67-gfcpt
2026-08-15 17:42:45.465699,1.881436972275683e-07,whisper-inference-56d64c7b67-sxkj9
2026-08-15 17:42:45.465699,3.737315469552628e-07,whisper-inference-56d64c7b67-mvjl8
2026-08-15 17:42:50.462963,7.640226683072939e-07,whisper-inference-56d64c7b67-gfcpt
2026-08-15 17:42:50.462963,2.3108545632982163e-07,whisper-inference-56d64c7b67-sxkj9
2026-08-15 17:42:50.462963,1.0395949999221001e-06,whisper-inference-56d64c7b67-mvjl8
2026-08-15 17:42:55.468877,8.377539128713992e-07,whisper-inference-56d64c7b67-gfcpt
2026-08-15 17:42:55.468877,2.3588906928208681e-07,whisper-inference-56d64c7b67-sxkj9
2026-08-15 17:42:55.468877,1.0395949999221001e-06,whisper-inference-56d64c7b67-mvjl8
2026-08-15 17:43:00.467406,8.774922605916715e-07,whisper-inference-56d64c7b67-gfcpt
2026-08-15 17:43:00.467406,1.0865875599865365e-07,whisper-inference-56d64c7b67-sxkj9
2026-08-15 17:43:00.467406,1.2455959598324278e-06,whisper-inference-56d64c7b67-mvjl8
2026-08-15 17:43:05.467872,6.206808532075277e-07,whisper-inference-56d64c7b67-gfcpt
2026-08-15 17:43:05.467872,8.151999390384226e-08,whisper-inference-56d64c7b67-sxkj9
2026-08-15 17:43:05.467872,1.2094450997324328e-06,whisper-inference-56d64c7b67-mvjl8
2026-08-15 17:43:10.467385,4.4454430069174737e-07,whisper-inference-56d64c7b67-gfcpt
2026-08-15 17:43:10.467385,9.123880332688797e-08,whisper-inference-56d64c7b67-sxkj9
2026-08-15 17:43:10.467385,1.3665581021827643e-06,whisper-inference-56d64c7b67-mvjl8
2026-08-15 17:43:15.467445,4.2830700380681395e-07,whisper-inference-56d64c7b67-gfcpt
2026-08-15 17:43:15.467445,8.185851279893823e-08,whisper-inference-56d64c7b67-sxkj9
2026-08-15 17:43:15.467445,1.3015724549799377e-06,whisper-inference-56d64c7b67-mvjl8
2026-08-15 17:43:20.467562,3.754132256109412e-07,whisper-inference-56d64c7b67-gfcpt
2026-08-15 17:43:20.467562,1.011038430090954e-07,whisper-inference-56d64c7b67-sxkj9
2026-08-15 17:43:20.467562,1.1904920505959504e-06,whisper-inference-56d64c7b67-mvjl8
2026-08-15 17:43:25.466895,1.812948580302133e-07,whisper-inference-56d64c7b67-gfcpt
2026-08-15 17:43:25.466895,8.509675510458065e-08,whisper-inference-56d64c7b67-sxkj9
2026-08-15 17:43:25.466895,1.2899614747091152e-06,whisper-inference-56d64c7b67-mvjl8
2026-08-15 17:43:30.467446,9.248629816893304e-08,whisper-inference-56d64c7b67-gfcpt
2026-08-15 17:43:30.467446,8.509675510458065e-08,whisper-inference-56d64c7b67-sxkj9
2026-08-15 17:43:30.467446,1.2340251247246234e-06,whisper-inference-56d64c7b67-mvjl8
2026-08-15 17:43:35.462882,1.0673604593121462e-07,whisper-inference-56d64c7b67-gfcpt
2026-08-15 17:43:35.462882,3.511729175449502e-08,whisper-inference-56d64c7b67-sxkj9
2026-08-15 17:43:35.462882,1.3585385763561743e-06,whisper-inference-56d64c7b67-mvjl8
2026-08-15 17:43:40.467359,9.606861852276466e-08,whisper-inference-56d64c7b67-gfcpt
2026-08-15 17:43:40.467359,0.0,whisper-inference-56d64c7b67-sxkj9
2026-08-15 17:43:40.467359,7.460220272329549e-07,whisper-inference-56d64c7b67-mvjl8
2026-08-15 17:43:45.467396,1.603943909735772e-07,whisper-inference-56d64c7b67-gfcpt
2026-08-15 17:43:45.467396,1.9796883969933372e-08,whisper-inference-56d64c7b67-sxkj9
2026-08-15 17:43:45.467396,1.1058674134233739e-06,whisper-inference-56d64c7b67-mvjl8
2026-08-15 17:43:50.467411,3.600788995936935e-07,whisper-inference-56d64c7b67-gfcpt
2026-08-15 17:43:50.467411,4.738951446484804e-08,whisper-inference-56d64c7b67-sxkj9
2026-08-15 17:43:50.467411,1.287340114866555e-06,whisper-inference-56d64c7b67-mvjl8
2026-08-15 17:43:55.467386,7.241552268999489e-07,whisper-inference-56d64c7b67-gfcpt
2026-08-15 17:43:55.467386,4.368314839141023e-08,whisper-inference-56d64c7b67-sxkj9
2026-08-15 17:43:55.467386,1.287340114866555e-06,whisper-inference-56d64c7b67-mvjl8
2026-08-15 17:44:00.467041,7.241552268999489e-07,whisper-inference-56d64c7b67-gfcpt
2026-08-15 17:44:00.467041,4.6009180343227474e-08,whisper-inference-56d64c7b67-sxkj9
2026-08-15 17:44:00.467041,1.3206555351544695e-06,whisper-inference-56d64c7b67-mvjl8
2026-08-15 17:44:05.467394,1.367392276565182e-06,whisper-inference-56d64c7b67-gfcpt
2026-08-15 17:44:05.467394,4.8622791267715425e-08,whisper-inference-56d64c7b67-sxkj9
2026-08-15 17:44:05.467394,1.2283354424117965e-06,whisper-inference-56d64c7b67-mvjl8
2026-08-15 17:44:10.466896,1.2251174365312358e-06,whisper-inference-56d64c7b67-gfcpt
2026-08-15 17:44:10.466896,7.899957558590284e-08,whisper-inference-56d64c7b67-sxkj9
2026-08-15 17:44:10.466896,1.2505653786031551e-06,whisper-inference-56d64c7b67-mvjl8
2026-08-15 17:44:15.467387,1.711883565267571e-06,whisper-inference-56d64c7b67-gfcpt
2026-08-15 17:44:15.467387,8.68998558819874e-08,whisper-inference-56d64c7b67-sxkj9
2026-08-15 17:44:15.467387,1.1125526452901666e-06,whisper-inference-56d64c7b67-mvjl8
2026-08-15 17:44:20.467413,1.454212582849811e-06,whisper-inference-56d64c7b67-gfcpt
2026-08-15 17:44:20.467413,7.85564711823119e-08,whisper-inference-56d64c7b67-sxkj9
2026-08-15 17:44:20.467413,1.008605832471755e-06,whisper-inference-56d64c7b67-mvjl8
2026-08-15 17:44:25.467398,1.6449398580170178e-06,whisper-inference-56d64c7b67-gfcpt
2026-08-15 17:44:25.467398,6.638780366772314e-08,whisper-inference-56d64c7b67-sxkj9
2026-08-15 17:44:25.467398,6.629216558040634e-07,whisper-inference-56d64c7b67-mvjl8
2026-08-15 17:44:30.467399,1.298753954402105e-06,whisper-inference-56d64c7b67-gfcpt
2026-08-15 17:44:30.467399,6.990476803627945e-08,whisper-inference-56d64c7b67-sxkj9
2026-08-15 17:44:30.467399,5.090552765589029e-07,whisper-inference-56d64c7b67-mvjl8
2026-08-15 17:44:35.467036,1.1201916198644419e-06,whisper-inference-56d64c7b67-gfcpt
2026-08-15 17:44:35.467036,1.6290037896348413e-07,whisper-inference-56d64c7b67-sxkj9
2026-08-15 17:44:35.467036,8.019650612899799e-07,whisper-inference-56d64c7b67-mvjl8
2026-08-15 17:44:40.467881,1.1201916198644419e-06,whisper-inference-56d64c7b67-gfcpt
2026-08-15 17:44:40.467881,3.372664016871714e-07,whisper-inference-56d64c7b67-sxkj9
2026-08-15 17:44:40.467881,7.510084712748476e-07,whisper-inference-56d64c7b67-mvjl8
2026-08-15 17:44:45.466899,6.94290241372136e-07,whisper-inference-56d64c7b67-gfcpt
2026-08-15 17:44:45.466899,3.372664016871714e-07,whisper-inference-56d64c7b67-sxkj9
2026-08-15 17:44:45.466899,7.958193944552096e-07,whisper-inference-56d64c7b67-mvjl8
2026-08-15 17:44:50.467324,2.978882648989652e-07,whisper-inference-56d64c7b67-gfcpt
2026-08-15 17:44:50.467324,2.755117399152951e-07,whisper-inference-56d64c7b67-sxkj9
2026-08-15 17:44:50.467324,8.450936351596925e-07,whisper-inference-56d64c7b67-mvjl8
2026-08-15 17:44:55.465744,7.641993438908299e-08,whisper-inference-56d64c7b67-gfcpt
2026-08-15 17:44:55.465744,3.4151874551228214e-07,whisper-inference-56d64c7b67-sxkj9
2026-08-15 17:44:55.465744,6.120518223968692e-07,whisper-inference-56d64c7b67-mvjl8
2026-08-15 17:45:00.465208,6.788675724222676e-08,whisper-inference-56d64c7b67-gfcpt
2026-08-15 17:45:00.465208,3.415187455122822e-07,whisper-inference-56d64c7b67-sxkj9
2026-08-15 17:45:00.465208,6.92791613788411e-07,whisper-inference-56d64c7b67-mvjl8
2026-08-15 17:45:05.466286,4.67128915431471e-08,whisper-inference-56d64c7b67-gfcpt
2026-08-15 17:45:05.466286,3.449809967053911e-07,whisper-inference-56d64c7b67-sxkj9
2026-08-15 17:45:05.466286,6.229382591803016e-07,whisper-inference-56d64c7b67-mvjl8
2026-08-15 17:45:10.465246,5.217839794390947e-08,whisper-inference-56d64c7b67-gfcpt
2026-08-15 17:45:10.465246,4.319136273550254e-07,whisper-inference-56d64c7b67-sxkj9
2026-08-15 17:45:10.465246,5.665080832100687e-07,whisper-inference-56d64c7b67-mvjl8
2026-08-15 17:45:15.467408,2.6720638546620032e-08,whisper-inference-56d64c7b67-gfcpt
2026-08-15 17:45:15.467408,4.319136273550254e-07,whisper-inference-56d64c7b67-sxkj9
2026-08-15 17:45:15.467408,2.4530245793087378e-08,whisper-inference-56d64c7b67-mvjl8
2026-08-15 17:45:20.467404,2.0959087860517272e-08,whisper-inference-56d64c7b67-gfcpt
2026-08-15 17:45:20.467404,1.9634622237513452e-07,whisper-inference-56d64c7b67-sxkj9
2026-08-15 17:45:20.467404,2.1141528615915657e-08,whisper-inference-56d64c7b67-mvjl8
2026-08-15 17:45:25.467411,2.0959087860517272e-08,whisper-inference-56d64c7b67-gfcpt
2026-08-15 17:45:25.467411,1.72820790485367e-07,whisper-inference-56d64c7b67-sxkj9
2026-08-15 17:45:25.467411,3.3695560609923347e-07,whisper-inference-56d64c7b67-mvjl8
2026-08-15 17:45:30.467386,0.0,whisper-inference-56d64c7b67-gfcpt
2026-08-15 17:45:30.467386,1.72820790485367e-07,whisper-inference-56d64c7b67-sxkj9
2026-08-15 17:45:30.467386,6.804644342758255e-07,whisper-inference-56d64c7b67-mvjl8
2026-08-15 17:45:35.465190,0.0,whisper-inference-56d64c7b67-gfcpt
2026-08-15 17:45:35.465190,1.559073501992496e-07,whisper-inference-56d64c7b67-sxkj9
2026-08-15 17:45:35.465190,8.219458895883385e-07,whisper-inference-56d64c7b67-mvjl8
2026-08-15 17:45:40.467416,0.0,whisper-inference-56d64c7b67-gfcpt
2026-08-15 17:45:40.467416,1.3029603732946958e-07,whisper-inference-56d64c7b67-sxkj9
2026-08-15 17:45:40.467416,7.787996248808682e-07,whisper-inference-56d64c7b67-mvjl8
2026-08-15 17:45:45.467392,0.0,whisper-inference-56d64c7b67-gfcpt
2026-08-15 17:45:45.467392,1.3029603732946958e-07,whisper-inference-56d64c7b67-sxkj9
2026-08-15 17:45:45.467392,6.805072767122559e-07,whisper-inference-56d64c7b67-mvjl8
2026-08-15 17:45:50.463976,0.0,whisper-inference-56d64c7b67-gfcpt
2026-08-15 17:45:50.463976,5.2425678920693254e-08,whisper-inference-56d64c7b67-sxkj9
2026-08-15 17:45:50.463976,6.805072767122559e-07,whisper-inference-56d64c7b67-mvjl8
2026-08-15 17:45:55.464183,0.0,whisper-inference-56d64c7b67-gfcpt
2026-08-15 17:45:55.464183,5.2425678920693254e-08,whisper-inference-56d64c7b67-sxkj9
2026-08-15 17:45:55.464183,6.543787986419106e-07,whisper-inference-56d64c7b67-mvjl8
2026-08-15 17:46:00.466930,0.0,whisper-inference-56d64c7b67-gfcpt
2026-08-15 17:46:00.466930,7.260054983216095e-07,whisper-inference-56d64c7b67-sxkj9
2026-08-15 17:46:00.466930,6.543787986419106e-07,whisper-inference-56d64c7b67-mvjl8
2026-08-15 17:46:05.466156,0.0,whisper-inference-56d64c7b67-gfcpt
2026-08-15 17:46:05.466156,9.712016761280975e-07,whisper-inference-56d64c7b67-sxkj9
2026-08-15 17:46:05.466156,0.0,whisper-inference-56d64c7b67-mvjl8
2026-08-15 17:46:10.467433,0.0,whisper-inference-56d64c7b67-gfcpt
2026-08-15 17:46:10.467433,1.7689835932100684e-06,whisper-inference-56d64c7b67-sxkj9
2026-08-15 17:46:10.467433,0.0,whisper-inference-56d64c7b67-mvjl8
2026-08-15 17:46:15.467397,0.0,whisper-inference-56d64c7b67-gfcpt
2026-08-15 17:46:15.467397,1.4925614639280614e-06,whisper-inference-56d64c7b67-sxkj9
2026-08-15 17:46:15.467397,0.0,whisper-inference-56d64c7b67-mvjl8
2026-08-15 17:46:20.468879,0.0,whisper-inference-56d64c7b67-gfcpt
2026-08-15 17:46:20.468879,1.7311555217435572e-06,whisper-inference-56d64c7b67-sxkj9
2026-08-15 17:46:20.468879,0.0,whisper-inference-56d64c7b67-mvjl8
2026-08-15 17:46:25.467400,0.0,whisper-inference-56d64c7b67-gfcpt
2026-08-15 17:46:25.467400,1.5938929016272184e-06,whisper-inference-56d64c7b67-sxkj9
2026-08-15 17:46:25.467400,0.0,whisper-inference-56d64c7b67-mvjl8
2026-08-15 17:46:30.467418,0.0,whisper-inference-56d64c7b67-gfcpt
2026-08-15 17:46:30.467418,1.5938929016272184e-06,whisper-inference-56d64c7b67-sxkj9
2026-08-15 17:46:30.467418,0.0,whisper-inference-56d64c7b67-mvjl8
2026-08-15 17:46:35.467412,0.0,whisper-inference-56d64c7b67-gfcpt
2026-08-15 17:46:35.467412,1.6991315132874076e-06,whisper-inference-56d64c7b67-sxkj9
2026-08-15 17:46:35.467412,1.8437258011007042e-08,whisper-inference-56d64c7b67-mvjl8
2026-08-15 17:46:40.467357,0.0,whisper-inference-56d64c7b67-gfcpt
2026-08-15 17:46:40.467357,7.172278120454774e-07,whisper-inference-56d64c7b67-sxkj9
2026-08-15 17:46:40.467357,9.383542714875403e-08,whisper-inference-56d64c7b67-mvjl8
2026-08-15 17:46:45.467397,0.0,whisper-inference-56d64c7b67-gfcpt
2026-08-15 17:46:45.467397,0.0,whisper-inference-56d64c7b67-sxkj9
2026-08-15 17:46:45.467397,9.383542714875403e-08,whisper-inference-56d64c7b67-mvjl8
2026-08-15 17:46:50.463719,2.0462451401698384e-08,whisper-inference-56d64c7b67-gfcpt
2026-08-15 17:46:50.463719,0.0,whisper-inference-56d64c7b67-sxkj9
2026-08-15 17:46:50.463719,3.2273522815171444e-07,whisper-inference-56d64c7b67-mvjl8
2026-08-15 17:46:55.467402,2.0462451401698384e-08,whisper-inference-56d64c7b67-gfcpt
2026-08-15 17:46:55.467402,0.0,whisper-inference-56d64c7b67-sxkj9
2026-08-15 17:46:55.467402,3.9304943041921094e-07,whisper-inference-56d64c7b67-mvjl8
2026-08-15 17:47:00.466929,3.173998603443789e-08,whisper-inference-56d64c7b67-gfcpt
2026-08-15 17:47:00.466929,0.0,whisper-inference-56d64c7b67-sxkj9
2026-08-15 17:47:00.466929,3.930494304192109e-07,whisper-inference-56d64c7b67-mvjl8
2026-08-15 17:47:05.467397,3.6255103939971854e-07,whisper-inference-56d64c7b67-gfcpt
2026-08-15 17:47:05.467397,0.0,whisper-inference-56d64c7b67-sxkj9
2026-08-15 17:47:05.467397,3.1948411769797903e-07,whisper-inference-56d64c7b67-mvjl8
2026-08-15 17:47:10.467084,3.625510393997185e-07,whisper-inference-56d64c7b67-gfcpt
2026-08-15 17:47:10.467084,0.0,whisper-inference-56d64c7b67-sxkj9
2026-08-15 17:47:10.467084,4.2096211613006914e-07,whisper-inference-56d64c7b67-mvjl8
2026-08-15 17:47:15.463963,3.2634215657417196e-07,whisper-inference-56d64c7b67-gfcpt
2026-08-15 17:47:15.463963,0.0,whisper-inference-56d64c7b67-sxkj9
2026-08-15 17:47:15.463963,4.2096211613006914e-07,whisper-inference-56d64c7b67-mvjl8
2026-08-15 17:47:20.467054,4.3759049086047395e-07,whisper-inference-56d64c7b67-gfcpt
2026-08-15 17:47:20.467054,0.0,whisper-inference-56d64c7b67-sxkj9
2026-08-15 17:47:20.467054,3.047880157667512e-07,whisper-inference-56d64c7b67-mvjl8
2026-08-15 17:47:25.466935,3.6455509146743594e-07,whisper-inference-56d64c7b67-gfcpt
2026-08-15 17:47:25.466935,0.0,whisper-inference-56d64c7b67-sxkj9
2026-08-15 17:47:25.466935,3.2196232795858457e-07,whisper-inference-56d64c7b67-mvjl8
2026-08-15 17:47:30.467403,3.3183879886802334e-07,whisper-inference-56d64c7b67-gfcpt
2026-08-15 17:47:30.467403,0.0,whisper-inference-56d64c7b67-sxkj9
2026-08-15 17:47:30.467403,3.2196232795858457e-07,whisper-inference-56d64c7b67-mvjl8
2026-08-15 17:47:35.462923,4.5565761351358415e-07,whisper-inference-56d64c7b67-gfcpt
2026-08-15 17:47:35.462923,2.2491621870251333e-08,whisper-inference-56d64c7b67-sxkj9
2026-08-15 17:47:35.462923,9.374092078593934e-08,whisper-inference-56d64c7b67-mvjl8
2026-08-15 17:47:40.463638,3.5217180101093877e-07,whisper-inference-56d64c7b67-gfcpt
2026-08-15 17:47:40.463638,2.2491621870251333e-08,whisper-inference-56d64c7b67-sxkj9
2026-08-15 17:47:40.463638,7.918848193048364e-08,whisper-inference-56d64c7b67-mvjl8
2026-08-15 17:47:45.467392,3.3655815105866593e-07,whisper-inference-56d64c7b67-gfcpt
2026-08-15 17:47:45.467392,8.41882799685702e-08,whisper-inference-56d64c7b67-sxkj9
2026-08-15 17:47:45.467392,7.918848193048364e-08,whisper-inference-56d64c7b67-mvjl8
2026-08-15 17:47:50.463425,3.0421027013902415e-08,whisper-inference-56d64c7b67-gfcpt
2026-08-15 17:47:50.463425,1.0797795582595345e-07,whisper-inference-56d64c7b67-sxkj9
2026-08-15 17:47:50.463425,7.557254167401821e-08,whisper-inference-56d64c7b67-mvjl8
2026-08-15 17:47:55.466935,1.9929846938795442e-08,whisper-inference-56d64c7b67-gfcpt
2026-08-15 17:47:55.466935,1.2736457024934475e-07,whisper-inference-56d64c7b67-sxkj9
2026-08-15 17:47:55.466935,8.620072246123698e-08,whisper-inference-56d64c7b67-mvjl8
2026-08-15 17:48:00.466638,1.9929846938795442e-08,whisper-inference-56d64c7b67-gfcpt
2026-08-15 17:48:00.466638,9.285377773089495e-08,whisper-inference-56d64c7b67-sxkj9
2026-08-15 17:48:00.466638,2.603728121036292e-07,whisper-inference-56d64c7b67-mvjl8
2026-08-15 17:48:05.467412,0.0,whisper-inference-56d64c7b67-gfcpt
2026-08-15 17:48:05.467412,1.2479999233782403e-07,whisper-inference-56d64c7b67-sxkj9
2026-08-15 17:48:05.467412,3.2447393072760745e-07,whisper-inference-56d64c7b67-mvjl8
2026-08-15 17:48:10.467390,0.0,whisper-inference-56d64c7b67-gfcpt
2026-08-15 17:48:10.467390,1.2479999233782403e-07,whisper-inference-56d64c7b67-sxkj9
2026-08-15 17:48:10.467390,4.401539165568957e-07,whisper-inference-56d64c7b67-mvjl8
2026-08-15 17:48:15.464931,0.0,whisper-inference-56d64c7b67-gfcpt
2026-08-15 17:48:15.464931,1.2479999233782403e-07,whisper-inference-56d64c7b67-sxkj9
2026-08-15 17:48:15.464931,3.663400943468481e-07,whisper-inference-56d64c7b67-mvjl8
2026-08-15 17:48:20.467414,0.0,whisper-inference-56d64c7b67-gfcpt
2026-08-15 17:48:20.467414,2.5861186723961143e-08,whisper-inference-56d64c7b67-sxkj9
2026-08-15 17:48:20.467414,4.5290783479470513e-07,whisper-inference-56d64c7b67-mvjl8
2026-08-15 17:48:25.464952,1.9729880006476783e-07,whisper-inference-56d64c7b67-gfcpt
2026-08-15 17:48:25.464952,2.0047311656083472e-08,whisper-inference-56d64c7b67-sxkj9
2026-08-15 17:48:25.464952,4.634026482211304e-07,whisper-inference-56d64c7b67-mvjl8
2026-08-15 17:48:30.462964,4.45156584950517e-07,whisper-inference-56d64c7b67-gfcpt
2026-08-15 17:48:30.462964,2.0598170881874527e-08,whisper-inference-56d64c7b67-sxkj9
2026-08-15 17:48:30.462964,3.7447534474210076e-07,whisper-inference-56d64c7b67-mvjl8
2026-08-15 17:48:35.467408,3.8142790986676075e-07,whisper-inference-56d64c7b67-gfcpt
2026-08-15 17:48:35.467408,2.0598170881874527e-08,whisper-inference-56d64c7b67-sxkj9
2026-08-15 17:48:35.467408,3.7447534474210076e-07,whisper-inference-56d64c7b67-mvjl8
2026-08-15 17:48:40.467407,4.5824814416738685e-07,whisper-inference-56d64c7b67-gfcpt
2026-08-15 17:48:40.467407,2.782156225966242e-08,whisper-inference-56d64c7b67-sxkj9
2026-08-15 17:48:40.467407,4.106390946030423e-07,whisper-inference-56d64c7b67-mvjl8
2026-08-15 17:48:45.464978,3.8066275822493343e-07,whisper-inference-56d64c7b67-gfcpt
2026-08-15 17:48:45.464978,2.217196576589163e-08,whisper-inference-56d64c7b67-sxkj9
2026-08-15 17:48:45.464978,6.032716436189218e-07,whisper-inference-56d64c7b67-mvjl8
2026-08-15 17:48:50.467068,4.2955360007349283e-07,whisper-inference-56d64c7b67-gfcpt
2026-08-15 17:48:50.467068,2.2171965765891635e-08,whisper-inference-56d64c7b67-sxkj9
2026-08-15 17:48:50.467068,4.5817293027561475e-07,whisper-inference-56d64c7b67-mvjl8
2026-08-15 17:48:55.465548,5.024418141703958e-07,whisper-inference-56d64c7b67-gfcpt
2026-08-15 17:48:55.465548,2.2171965765891635e-08,whisper-inference-56d64c7b67-sxkj9
2026-08-15 17:48:55.465548,3.2457983274727363e-07,whisper-inference-56d64c7b67-mvjl8
2026-08-15 17:49:00.467365,4.2586689309767507e-07,whisper-inference-56d64c7b67-gfcpt
2026-08-15 17:49:00.467365,2.4999999999331114e-08,whisper-inference-56d64c7b67-sxkj9
2026-08-15 17:49:00.467365,3.7661222990981653e-07,whisper-inference-56d64c7b67-mvjl8
2026-08-15 17:49:05.467410,2.2076527176983096e-07,whisper-inference-56d64c7b67-gfcpt
2026-08-15 17:49:05.467410,5.523397110158023e-07,whisper-inference-56d64c7b67-sxkj9
2026-08-15 17:49:05.467410,3.7661222990981653e-07,whisper-inference-56d64c7b67-mvjl8
2026-08-15 17:49:10.464930,4.963661000181941e-08,whisper-inference-56d64c7b67-gfcpt
2026-08-15 17:49:10.464930,1.001431903227116e-06,whisper-inference-56d64c7b67-sxkj9
2026-08-15 17:49:10.464930,3.505258998629957e-07,whisper-inference-56d64c7b67-mvjl8
2026-08-15 17:49:15.467415,1.560225122946959e-07,whisper-inference-56d64c7b67-gfcpt
2026-08-15 17:49:15.467415,1.001431903227116e-06,whisper-inference-56d64c7b67-sxkj9
2026-08-15 17:49:15.467415,3.725572065696484e-07,whisper-inference-56d64c7b67-mvjl8
2026-08-15 17:49:20.467397,1.5140150547856252e-07,whisper-inference-56d64c7b67-gfcpt
2026-08-15 17:49:20.467397,1.6265884777792718e-06,whisper-inference-56d64c7b67-sxkj9
2026-08-15 17:49:20.467397,3.453415924502629e-07,whisper-inference-56d64c7b67-mvjl8
2026-08-15 17:49:25.463094,3.215276345400103e-07,whisper-inference-56d64c7b67-gfcpt
2026-08-15 17:49:25.463094,1.8768435976749263e-06,whisper-inference-56d64c7b67-sxkj9
2026-08-15 17:49:25.463094,1.9916299937774018e-07,whisper-inference-56d64c7b67-mvjl8
2026-08-15 17:49:30.467448,3.8384514710952275e-07,whisper-inference-56d64c7b67-gfcpt
2026-08-15 17:49:30.467448,1.934198904407251e-06,whisper-inference-56d64c7b67-sxkj9
2026-08-15 17:49:30.467448,5.332526213785086e-08,whisper-inference-56d64c7b67-mvjl8
2026-08-15 17:49:35.465363,4.3109028732917724e-07,whisper-inference-56d64c7b67-gfcpt
2026-08-15 17:49:35.465363,2.3675271063806787e-06,whisper-inference-56d64c7b67-sxkj9
2026-08-15 17:49:35.465363,4.3030959377657084e-08,whisper-inference-56d64c7b67-mvjl8
2026-08-15 17:49:40.467403,3.762225307263643e-07,whisper-inference-56d64c7b67-gfcpt
2026-08-15 17:49:40.467403,2.050576005278787e-06,whisper-inference-56d64c7b67-sxkj9
2026-08-15 17:49:40.467403,1.6357488493218547e-07,whisper-inference-56d64c7b67-mvjl8
2026-08-15 17:49:45.464925,3.645517141726792e-07,whisper-inference-56d64c7b67-gfcpt
2026-08-15 17:49:45.464925,1.5402772776366418e-06,whisper-inference-56d64c7b67-sxkj9
2026-08-15 17:49:45.464925,1.7430333137259516e-07,whisper-inference-56d64c7b67-mvjl8
2026-08-15 17:49:50.467389,3.645517141726792e-07,whisper-inference-56d64c7b67-gfcpt
2026-08-15 17:49:50.467389,9.87653740758826e-07,whisper-inference-56d64c7b67-sxkj9
2026-08-15 17:49:50.467389,2.863795431967476e-07,whisper-inference-56d64c7b67-mvjl8
2026-08-15 17:49:55.466879,2.3924201603766334e-07,whisper-inference-56d64c7b67-gfcpt
2026-08-15 17:49:55.466879,1.0752168751610085e-06,whisper-inference-56d64c7b67-sxkj9
2026-08-15 17:49:55.466879,3.3906794693849815e-07,whisper-inference-56d64c7b67-mvjl8
2026-08-15 17:50:00.462683,2.106578175311567e-07,whisper-inference-56d64c7b67-gfcpt
2026-08-15 17:50:00.462683,9.720959732535134e-07,whisper-inference-56d64c7b67-sxkj9
2026-08-15 17:50:00.462683,3.3906794693849815e-07,whisper-inference-56d64c7b67-mvjl8
2026-08-15 17:50:05.467397,7.537120317571541e-08,whisper-inference-56d64c7b67-gfcpt
2026-08-15 17:50:05.467397,4.3042953010170246e-07,whisper-inference-56d64c7b67-sxkj9
2026-08-15 17:50:05.467397,3.3547005160159837e-07,whisper-inference-56d64c7b67-mvjl8
2026-08-15 17:50:10.467399,5.869692819414989e-08,whisper-inference-56d64c7b67-gfcpt
2026-08-15 17:50:10.467399,2.2902686485783288e-08,whisper-inference-56d64c7b67-sxkj9
2026-08-15 17:50:10.467399,2.8230104041299595e-07,whisper-inference-56d64c7b67-mvjl8
2026-08-15 17:50:15.464393,0.0,whisper-inference-56d64c7b67-gfcpt
2026-08-15 17:50:15.464393,2.3637309129408494e-08,whisper-inference-56d64c7b67-sxkj9
2026-08-15 17:50:15.464393,3.4451347434752164e-07,whisper-inference-56d64c7b67-mvjl8
2026-08-15 17:50:20.465160,0.0,whisper-inference-56d64c7b67-gfcpt
2026-08-15 17:50:20.465160,4.240643017096791e-08,whisper-inference-56d64c7b67-sxkj9
2026-08-15 17:50:20.465160,2.0581526294076396e-07,whisper-inference-56d64c7b67-mvjl8
2026-08-15 17:50:25.466370,0.0,whisper-inference-56d64c7b67-gfcpt
2026-08-15 17:50:25.466370,4.134695510252834e-08,whisper-inference-56d64c7b67-sxkj9
2026-08-15 17:50:25.466370,1.6137477507656869e-07,whisper-inference-56d64c7b67-mvjl8
2026-08-15 17:50:30.466927,0.0,whisper-inference-56d64c7b67-gfcpt
2026-08-15 17:50:30.466927,2.3526090433662175e-08,whisper-inference-56d64c7b67-sxkj9
2026-08-15 17:50:30.466927,5.30011009937105e-08,whisper-inference-56d64c7b67-mvjl8
2026-08-15 17:50:35.467463,0.0,whisper-inference-56d64c7b67-gfcpt
2026-08-15 17:50:35.467463,7.128430557146833e-08,whisper-inference-56d64c7b67-sxkj9
2026-08-15 17:50:35.467463,5.30011009937105e-08,whisper-inference-56d64c7b67-mvjl8
2026-08-15 17:50:40.467464,1.9813393854265285e-07,whisper-inference-56d64c7b67-gfcpt
2026-08-15 17:50:40.467464,1.3308518314341992e-07,whisper-inference-56d64c7b67-sxkj9
2026-08-15 17:50:40.467464,5.1988877806990226e-08,whisper-inference-56d64c7b67-mvjl8
2026-08-15 17:50:45.467366,4.920132636984097e-07,whisper-inference-56d64c7b67-gfcpt
2026-08-15 17:50:45.467366,1.1845703137405623e-07,whisper-inference-56d64c7b67-sxkj9
2026-08-15 17:50:45.467366,4.092322804140112e-08,whisper-inference-56d64c7b67-mvjl8
2026-08-15 17:50:50.467395,4.920132636984097e-07,whisper-inference-56d64c7b67-gfcpt
2026-08-15 17:50:50.467395,1.4816185220477346e-07,whisper-inference-56d64c7b67-sxkj9
2026-08-15 17:50:50.467395,5.056807476503043e-08,whisper-inference-56d64c7b67-mvjl8
2026-08-15 17:50:55.467386,5.069807945619269e-07,whisper-inference-56d64c7b67-gfcpt
2026-08-15 17:50:55.467386,1.2205283887239357e-07,whisper-inference-56d64c7b67-sxkj9
2026-08-15 17:50:55.467386,2.0369502780457504e-08,whisper-inference-56d64c7b67-mvjl8
2026-08-15 17:51:00.466959,5.069807945619269e-07,whisper-inference-56d64c7b67-gfcpt
2026-08-15 17:51:00.466959,1.294897101304075e-07,whisper-inference-56d64c7b67-sxkj9
2026-08-15 17:51:00.466959,2.03695027804575e-08,whisper-inference-56d64c7b67-mvjl8
2026-08-15 17:51:05.464939,5.469994615104246e-07,whisper-inference-56d64c7b67-gfcpt
2026-08-15 17:51:05.464939,1.1367465841489329e-07,whisper-inference-56d64c7b67-sxkj9
2026-08-15 17:51:05.464939,0.0,whisper-inference-56d64c7b67-mvjl8
2026-08-15 17:51:10.464578,5.50664648410852e-07,whisper-inference-56d64c7b67-gfcpt
2026-08-15 17:51:10.464578,1.2923467814438204e-07,whisper-inference-56d64c7b67-sxkj9
2026-08-15 17:51:10.464578,2.219805101114342e-08,whisper-inference-56d64c7b67-mvjl8
2026-08-15 17:51:15.467363,4.808539681610087e-07,whisper-inference-56d64c7b67-gfcpt
2026-08-15 17:51:15.467363,1.0658503345702311e-07,whisper-inference-56d64c7b67-sxkj9
2026-08-15 17:51:15.467363,4.203420438430114e-08,whisper-inference-56d64c7b67-mvjl8
2026-08-15 17:51:20.467400,4.808539681610087e-07,whisper-inference-56d64c7b67-gfcpt
2026-08-15 17:51:20.467400,6.05815831982077e-08,whisper-inference-56d64c7b67-sxkj9
2026-08-15 17:51:20.467400,4.132499724363868e-08,whisper-inference-56d64c7b67-mvjl8
2026-08-15 17:51:25.467405,0.0,whisper-inference-56d64c7b67-gfcpt
2026-08-15 17:51:25.467405,0.0,whisper-inference-56d64c7b67-sxkj9
2026-08-15 17:51:25.467405,5.538991606897924e-08,whisper-inference-56d64c7b67-mvjl8
2026-08-15 17:51:30.466929,0.0,whisper-inference-56d64c7b67-gfcpt
2026-08-15 17:51:30.466929,4.067795432734195e-08,whisper-inference-56d64c7b67-sxkj9
2026-08-15 17:51:30.466929,5.18935316115885e-08,whisper-inference-56d64c7b67-mvjl8
2026-08-15 17:51:35.465465,0.0,whisper-inference-56d64c7b67-gfcpt
2026-08-15 17:51:35.465465,4.7178536026066234e-08,whisper-inference-56d64c7b67-sxkj9
2026-08-15 17:51:35.465465,3.809771913031991e-08,whisper-inference-56d64c7b67-mvjl8
2026-08-15 17:51:40.463085,0.0,whisper-inference-56d64c7b67-gfcpt
2026-08-15 17:51:40.463085,5.2690767952939826e-08,whisper-inference-56d64c7b67-sxkj9
2026-08-15 17:51:40.463085,5.152109236950407e-08,whisper-inference-56d64c7b67-mvjl8
2026-08-15 17:51:45.467040,0.0,whisper-inference-56d64c7b67-gfcpt
2026-08-15 17:51:45.467040,4.969172718648576e-08,whisper-inference-56d64c7b67-sxkj9
2026-08-15 17:51:45.467040,6.266043215528507e-07,whisper-inference-56d64c7b67-mvjl8
2026-08-15 17:51:50.467377,0.0,whisper-inference-56d64c7b67-gfcpt
2026-08-15 17:51:50.467377,4.139433418169991e-08,whisper-inference-56d64c7b67-sxkj9
2026-08-15 17:51:50.467377,6.220542654637603e-07,whisper-inference-56d64c7b67-mvjl8
2026-08-15 17:51:55.464932,0.0,whisper-inference-56d64c7b67-gfcpt
2026-08-15 17:51:55.464932,4.892323648106148e-08,whisper-inference-56d64c7b67-sxkj9
2026-08-15 17:51:55.464932,9.72912584237329e-07,whisper-inference-56d64c7b67-mvjl8
2026-08-15 17:52:00.467391,0.0,whisper-inference-56d64c7b67-gfcpt
2026-08-15 17:52:00.467391,5.752044292989123e-08,whisper-inference-56d64c7b67-sxkj9
2026-08-15 17:52:00.467391,1.1296164869683793e-06,whisper-inference-56d64c7b67-mvjl8
2026-08-15 17:52:05.465934,0.0,whisper-inference-56d64c7b67-gfcpt
2026-08-15 17:52:05.465934,4.212854674199836e-08,whisper-inference-56d64c7b67-sxkj9
2026-08-15 17:52:05.465934,1.2769815448298189e-06,whisper-inference-56d64c7b67-mvjl8
2026-08-15 17:52:10.467421,0.0,whisper-inference-56d64c7b67-gfcpt
2026-08-15 17:52:10.467421,4.212854674199836e-08,whisper-inference-56d64c7b67-sxkj9
2026-08-15 17:52:10.467421,1.09045808889306e-06,whisper-inference-56d64c7b67-mvjl8
2026-08-15 17:52:15.467419,1.883629377085649e-08,whisper-inference-56d64c7b67-gfcpt
2026-08-15 17:52:15.467419,2.1301523058328778e-08,whisper-inference-56d64c7b67-sxkj9
2026-08-15 17:52:15.467419,1.2379817760161798e-06,whisper-inference-56d64c7b67-mvjl8
2026-08-15 17:52:20.467437,4.522556303205107e-08,whisper-inference-56d64c7b67-gfcpt
2026-08-15 17:52:20.467437,2.1301523058328778e-08,whisper-inference-56d64c7b67-sxkj9
2026-08-15 17:52:20.467437,1.4855962134034303e-06,whisper-inference-56d64c7b67-mvjl8
2026-08-15 17:52:25.464770,5.278428127449796e-08,whisper-inference-56d64c7b67-gfcpt
2026-08-15 17:52:25.464770,4.836738796027518e-08,whisper-inference-56d64c7b67-sxkj9
2026-08-15 17:52:25.464770,1.0983450281917598e-06,whisper-inference-56d64c7b67-mvjl8
2026-08-15 17:52:30.465958,4.6205616784622945e-08,whisper-inference-56d64c7b67-gfcpt
2026-08-15 17:52:30.465958,5.9292583354998334e-08,whisper-inference-56d64c7b67-sxkj9
2026-08-15 17:52:30.465958,6.081382515594089e-07,whisper-inference-56d64c7b67-mvjl8
2026-08-15 17:52:35.467390,4.432091085441294e-08,whisper-inference-56d64c7b67-gfcpt
2026-08-15 17:52:35.467390,1.7246583252977231e-07,whisper-inference-56d64c7b67-sxkj9
2026-08-15 17:52:35.467390,7.35766822300421e-07,whisper-inference-56d64c7b67-mvjl8
2026-08-15 17:52:40.466894,5.303663690638403e-08,whisper-inference-56d64c7b67-gfcpt
2026-08-15 17:52:40.466894,1.724658325297723e-07,whisper-inference-56d64c7b67-sxkj9
2026-08-15 17:52:40.466894,1.7042079084642956e-06,whisper-inference-56d64c7b67-mvjl8
2026-08-15 17:52:45.467413,4.7778692701862374e-08,whisper-inference-56d64c7b67-gfcpt
2026-08-15 17:52:45.467413,2.216067508284974e-07,whisper-inference-56d64c7b67-sxkj9
2026-08-15 17:52:45.467413,1.8118520794719666e-06,whisper-inference-56d64c7b67-mvjl8
2026-08-15 17:52:50.467394,4.901305035627807e-08,whisper-inference-56d64c7b67-gfcpt
2026-08-15 17:52:50.467394,1.7321491805665398e-07,whisper-inference-56d64c7b67-sxkj9
2026-08-15 17:52:50.467394,1.8649507395345469e-06,whisper-inference-56d64c7b67-mvjl8
2026-08-15 17:52:55.467404,2.1836921867515402e-08,whisper-inference-56d64c7b67-gfcpt
2026-08-15 17:52:55.467404,1.73214918056654e-07,whisper-inference-56d64c7b67-sxkj9
2026-08-15 17:52:55.467404,2.0298657105019405e-06,whisper-inference-56d64c7b67-mvjl8
2026-08-15 17:53:00.465571,0.0,whisper-inference-56d64c7b67-gfcpt
2026-08-15 17:53:00.465571,1.728166545740788e-07,whisper-inference-56d64c7b67-sxkj9
2026-08-15 17:53:00.465571,1.7621713509394924e-06,whisper-inference-56d64c7b67-mvjl8
2026-08-15 17:53:05.466911,0.0,whisper-inference-56d64c7b67-gfcpt
2026-08-15 17:53:05.466911,1.7343835444707877e-07,whisper-inference-56d64c7b67-sxkj9
2026-08-15 17:53:05.466911,2.0825779887141754e-06,whisper-inference-56d64c7b67-mvjl8
2026-08-15 17:53:10.464321,0.0,whisper-inference-56d64c7b67-gfcpt
2026-08-15 17:53:10.464321,1.222067522251608e-07,whisper-inference-56d64c7b67-sxkj9
2026-08-15 17:53:10.464321,2.2548623271469183e-06,whisper-inference-56d64c7b67-mvjl8
2026-08-15 17:53:15.467403,0.0,whisper-inference-56d64c7b67-gfcpt
2026-08-15 17:53:15.467403,6.605746999957626e-08,whisper-inference-56d64c7b67-sxkj9
2026-08-15 17:53:15.467403,2.020838912293502e-06,whisper-inference-56d64c7b67-mvjl8
2026-08-15 17:53:20.467404,0.0,whisper-inference-56d64c7b67-gfcpt
2026-08-15 17:53:20.467404,0.0,whisper-inference-56d64c7b67-sxkj9
2026-08-15 17:53:20.467404,5.114570848332713e-07,whisper-inference-56d64c7b67-mvjl8
2026-08-15 17:53:25.462493,4.167936635657862e-07,whisper-inference-56d64c7b67-gfcpt
2026-08-15 17:53:25.462493,0.0,whisper-inference-56d64c7b67-sxkj9
2026-08-15 17:53:25.462493,5.114570848332713e-07,whisper-inference-56d64c7b67-mvjl8
2026-08-15 17:53:30.466931,5.036707654869585e-07,whisper-inference-56d64c7b67-gfcpt
2026-08-15 17:53:30.466931,1.8589088204726173e-08,whisper-inference-56d64c7b67-sxkj9
2026-08-15 17:53:30.466931,4.2945358258294787e-07,whisper-inference-56d64c7b67-mvjl8
2026-08-15 17:53:35.464938,6.065090657771223e-07,whisper-inference-56d64c7b67-gfcpt
2026-08-15 17:53:35.464938,5.046426969240645e-08,whisper-inference-56d64c7b67-sxkj9
2026-08-15 17:53:35.464938,1.3672556584589457e-07,whisper-inference-56d64c7b67-mvjl8
2026-08-15 17:53:40.466897,5.223777475256849e-07,whisper-inference-56d64c7b67-gfcpt
2026-08-15 17:53:40.466897,4.3586893672077406e-08,whisper-inference-56d64c7b67-sxkj9
2026-08-15 17:53:40.466897,1.3898188866487953e-07,whisper-inference-56d64c7b67-mvjl8
2026-08-15 17:53:45.467391,6.015997336057392e-07,whisper-inference-56d64c7b67-gfcpt
2026-08-15 17:53:45.467391,3.745890928669667e-08,whisper-inference-56d64c7b67-sxkj9
2026-08-15 17:53:45.467391,1.734282292240434e-07,whisper-inference-56d64c7b67-mvjl8
2026-08-15 17:53:50.466044,5.509440973371312e-07,whisper-inference-56d64c7b67-gfcpt
2026-08-15 17:53:50.466044,4.594684131542762e-08,whisper-inference-56d64c7b67-sxkj9
2026-08-15 17:53:50.466044,1.7342822922404346e-07,whisper-inference-56d64c7b67-mvjl8
2026-08-15 17:53:55.467404,5.663095449621713e-07,whisper-inference-56d64c7b67-gfcpt
2026-08-15 17:53:55.467404,4.9345049532822014e-08,whisper-inference-56d64c7b67-sxkj9
2026-08-15 17:53:55.467404,1.8800235858287746e-07,whisper-inference-56d64c7b67-mvjl8
2026-08-15 17:54:00.462686,5.663095449621712e-07,whisper-inference-56d64c7b67-gfcpt
2026-08-15 17:54:00.462686,4.3663643182685586e-08,whisper-inference-56d64c7b67-sxkj9
2026-08-15 17:54:00.462686,1.1202869366741364e-07,whisper-inference-56d64c7b67-mvjl8
2026-08-15 17:54:05.463626,2.7148287891977106e-07,whisper-inference-56d64c7b67-gfcpt
2026-08-15 17:54:05.463626,2.5807783626851566e-08,whisper-inference-56d64c7b67-sxkj9
2026-08-15 17:54:05.463626,6.864604196416242e-08,whisper-inference-56d64c7b67-mvjl8
2026-08-15 17:54:10.467412,4.8399634640970265e-08,whisper-inference-56d64c7b67-gfcpt
2026-08-15 17:54:10.467412,1.9655633303979177e-08,whisper-inference-56d64c7b67-sxkj9
2026-08-15 17:54:10.467412,6.86460419641624e-08,whisper-inference-56d64c7b67-mvjl8
2026-08-15 17:54:15.464933,4.8399634640970265e-08,whisper-inference-56d64c7b67-gfcpt
2026-08-15 17:54:15.464933,1.9655633303979177e-08,whisper-inference-56d64c7b67-sxkj9
2026-08-15 17:54:15.464933,4.8469397229871354e-08,whisper-inference-56d64c7b67-mvjl8
2026-08-15 17:54:20.462944,4.299320257789452e-08,whisper-inference-56d64c7b67-gfcpt
2026-08-15 17:54:20.462944,0.0,whisper-inference-56d64c7b67-sxkj9
2026-08-15 17:54:20.462944,4.1738594748359515e-08,whisper-inference-56d64c7b67-mvjl8
2026-08-15 17:54:25.466892,1.5829583229703085e-07,whisper-inference-56d64c7b67-gfcpt
2026-08-15 17:54:25.466892,0.0,whisper-inference-56d64c7b67-sxkj9
2026-08-15 17:54:25.466892,4.1738594748359515e-08,whisper-inference-56d64c7b67-mvjl8
2026-08-15 17:54:30.463638,2.7279090900831713e-07,whisper-inference-56d64c7b67-gfcpt
2026-08-15 17:54:30.463638,0.0,whisper-inference-56d64c7b67-sxkj9
2026-08-15 17:54:30.463638,0.0,whisper-inference-56d64c7b67-mvjl8
2026-08-15 17:54:35.466893,3.1286728294953474e-07,whisper-inference-56d64c7b67-gfcpt
2026-08-15 17:54:35.466893,0.0,whisper-inference-56d64c7b67-sxkj9
2026-08-15 17:54:35.466893,1.6790848987318713e-07,whisper-inference-56d64c7b67-mvjl8
2026-08-15 17:54:40.466893,3.1527671719382814e-07,whisper-inference-56d64c7b67-gfcpt
2026-08-15 17:54:40.466893,0.0,whisper-inference-56d64c7b67-sxkj9
2026-08-15 17:54:40.466893,3.359819940191683e-07,whisper-inference-56d64c7b67-mvjl8
2026-08-15 17:54:45.467421,3.1527671719382814e-07,whisper-inference-56d64c7b67-gfcpt
2026-08-15 17:54:45.467421,8.029995759359e-08,whisper-inference-56d64c7b67-sxkj9
2026-08-15 17:54:45.467421,4.978856091143107e-07,whisper-inference-56d64c7b67-mvjl8
2026-08-15 17:54:50.467403,3.478865112087633e-07,whisper-inference-56d64c7b67-gfcpt
2026-08-15 17:54:50.467403,9.891544308322112e-08,whisper-inference-56d64c7b67-sxkj9
2026-08-15 17:54:50.467403,3.95360545547674e-07,whisper-inference-56d64c7b67-mvjl8
2026-08-15 17:54:55.467869,3.917147283755927e-07,whisper-inference-56d64c7b67-gfcpt
2026-08-15 17:54:55.467869,1.146219909665968e-07,whisper-inference-56d64c7b67-sxkj9
2026-08-15 17:54:55.467869,3.268418131725518e-07,whisper-inference-56d64c7b67-mvjl8
2026-08-15 17:55:00.466943,3.3217082924368146e-07,whisper-inference-56d64c7b67-gfcpt
2026-08-15 17:55:00.466943,2.3716472226556864e-07,whisper-inference-56d64c7b67-sxkj9
2026-08-15 17:55:00.466943,4.9981568488373e-07,whisper-inference-56d64c7b67-mvjl8
2026-08-15 17:55:05.466907,2.2962803748297977e-07,whisper-inference-56d64c7b67-gfcpt
2026-08-15 17:55:05.466907,4.3796893557263705e-07,whisper-inference-56d64c7b67-sxkj9
2026-08-15 17:55:05.466907,4.2178357084960125e-07,whisper-inference-56d64c7b67-mvjl8
2026-08-15 17:55:10.467081,1.3730713639844704e-07,whisper-inference-56d64c7b67-gfcpt
2026-08-15 17:55:10.467081,7.023779199319551e-07,whisper-inference-56d64c7b67-sxkj9
2026-08-15 17:55:10.467081,4.2178357084960125e-07,whisper-inference-56d64c7b67-mvjl8
2026-08-15 17:55:15.467398,1.0206092571758458e-07,whisper-inference-56d64c7b67-gfcpt
2026-08-15 17:55:15.467398,7.02377919931955e-07,whisper-inference-56d64c7b67-sxkj9
2026-08-15 17:55:15.467398,3.6437184115949777e-07,whisper-inference-56d64c7b67-mvjl8
2026-08-15 17:55:20.467414,1.2378944693452457e-07,whisper-inference-56d64c7b67-gfcpt
2026-08-15 17:55:20.467414,6.127373297616774e-07,whisper-inference-56d64c7b67-sxkj9
2026-08-15 17:55:20.467414,7.564667305173065e-08,whisper-inference-56d64c7b67-mvjl8
2026-08-15 17:55:25.467408,1.237894469345246e-07,whisper-inference-56d64c7b67-gfcpt
2026-08-15 17:55:25.467408,5.744250947138604e-07,whisper-inference-56d64c7b67-sxkj9
2026-08-15 17:55:25.467408,6.740140542964185e-08,whisper-inference-56d64c7b67-mvjl8
2026-08-15 17:55:30.466913,8.522487763377189e-08,whisper-inference-56d64c7b67-gfcpt
2026-08-15 17:55:30.466913,7.173001216563108e-07,whisper-inference-56d64c7b67-sxkj9
2026-08-15 17:55:30.466913,1.0679289819610313e-07,whisper-inference-56d64c7b67-mvjl8
2026-08-15 17:55:35.463445,6.929376531300987e-08,whisper-inference-56d64c7b67-gfcpt
2026-08-15 17:55:35.463445,5.655568366160285e-07,whisper-inference-56d64c7b67-sxkj9
2026-08-15 17:55:35.463445,1.254863557438051e-07,whisper-inference-56d64c7b67-mvjl8
2026-08-15 17:55:40.467401,6.509825692968004e-08,whisper-inference-56d64c7b67-gfcpt
2026-08-15 17:55:40.467401,5.655568366160285e-07,whisper-inference-56d64c7b67-sxkj9
2026-08-15 17:55:40.467401,1.310065987697191e-07,whisper-inference-56d64c7b67-mvjl8
2026-08-15 17:55:45.463668,5.5673810967346584e-08,whisper-inference-56d64c7b67-gfcpt
2026-08-15 17:55:45.463668,2.4814017009871823e-07,whisper-inference-56d64c7b67-sxkj9
2026-08-15 17:55:45.463668,1.3548004360543227e-07,whisper-inference-56d64c7b67-mvjl8
2026-08-15 17:55:50.466544,4.38034958340661e-08,whisper-inference-56d64c7b67-gfcpt
2026-08-15 17:55:50.466544,1.9634895398007625e-07,whisper-inference-56d64c7b67-sxkj9
2026-08-15 17:55:50.466544,1.6086556261953597e-07,whisper-inference-56d64c7b67-mvjl8
2026-08-15 17:55:55.467871,4.38034958340661e-08,whisper-inference-56d64c7b67-gfcpt
2026-08-15 17:55:55.467871,1.767500982449773e-07,whisper-inference-56d64c7b67-sxkj9
2026-08-15 17:55:55.467871,1.6185689714407762e-07,whisper-inference-56d64c7b67-mvjl8
2026-08-15 17:56:00.467364,5.403570416425317e-08,whisper-inference-56d64c7b67-gfcpt
2026-08-15 17:56:00.467364,1.1114095207325722e-07,whisper-inference-56d64c7b67-sxkj9
2026-08-15 17:56:00.467364,1.2211736052411687e-07,whisper-inference-56d64c7b67-mvjl8
2026-08-15 17:56:05.466883,4.290685849652703e-07,whisper-inference-56d64c7b67-gfcpt
2026-08-15 17:56:05.466883,1.2368339482075492e-07,whisper-inference-56d64c7b67-sxkj9
2026-08-15 17:56:05.466883,8.390565122443487e-08,whisper-inference-56d64c7b67-mvjl8
2026-08-15 17:56:10.467053,5.086870583047287e-07,whisper-inference-56d64c7b67-gfcpt
2026-08-15 17:56:10.467053,1.1563124274559361e-07,whisper-inference-56d64c7b67-sxkj9
2026-08-15 17:56:10.467053,9.59835377100728e-08,whisper-inference-56d64c7b67-mvjl8
2026-08-15 17:56:15.467376,5.760015340717819e-07,whisper-inference-56d64c7b67-gfcpt
2026-08-15 17:56:15.467376,7.149412654936235e-08,whisper-inference-56d64c7b67-sxkj9
2026-08-15 17:56:15.467376,5.1213766259711276e-08,whisper-inference-56d64c7b67-mvjl8
2026-08-15 17:56:20.464185,5.251188491003136e-07,whisper-inference-56d64c7b67-gfcpt
2026-08-15 17:56:20.464185,5.86687883959921e-07,whisper-inference-56d64c7b67-sxkj9
2026-08-15 17:56:20.464185,3.63127984453446e-08,whisper-inference-56d64c7b67-mvjl8
2026-08-15 17:56:25.467441,4.947778516901084e-07,whisper-inference-56d64c7b67-gfcpt
2026-08-15 17:56:25.467441,5.86687883959921e-07,whisper-inference-56d64c7b67-sxkj9
2026-08-15 17:56:25.467441,0.0,whisper-inference-56d64c7b67-mvjl8
2026-08-15 17:56:30.467379,5.187730485903939e-07,whisper-inference-56d64c7b67-gfcpt
2026-08-15 17:56:30.467379,7.054855823255418e-07,whisper-inference-56d64c7b67-sxkj9
2026-08-15 17:56:30.467379,2.376595289590513e-08,whisper-inference-56d64c7b67-mvjl8
2026-08-15 17:56:35.466367,5.773639373211157e-07,whisper-inference-56d64c7b67-gfcpt
2026-08-15 17:56:35.466367,1.011464001456339e-06,whisper-inference-56d64c7b67-sxkj9
2026-08-15 17:56:35.466367,4.333044725156808e-08,whisper-inference-56d64c7b67-mvjl8
2026-08-15 17:56:40.467399,4.806436009768311e-07,whisper-inference-56d64c7b67-gfcpt
2026-08-15 17:56:40.467399,1.194620755304793e-06,whisper-inference-56d64c7b67-sxkj9
2026-08-15 17:56:40.467399,4.9556389757018914e-08,whisper-inference-56d64c7b67-mvjl8
2026-08-15 17:56:45.467387,2.95762752592084e-07,whisper-inference-56d64c7b67-gfcpt
2026-08-15 17:56:45.467387,1.194620755304793e-06,whisper-inference-56d64c7b67-sxkj9
2026-08-15 17:56:45.467387,5.4490264308303044e-08,whisper-inference-56d64c7b67-mvjl8
2026-08-15 17:56:50.467038,3.1280222161973706e-07,whisper-inference-56d64c7b67-gfcpt
2026-08-15 17:56:50.467038,1.3536487801924626e-06,whisper-inference-56d64c7b67-sxkj9
2026-08-15 17:56:50.467038,4.835857640680941e-08,whisper-inference-56d64c7b67-mvjl8
2026-08-15 17:56:55.466901,3.1280222161973706e-07,whisper-inference-56d64c7b67-gfcpt
2026-08-15 17:56:55.466901,1.2659469487744779e-06,whisper-inference-56d64c7b67-sxkj9
2026-08-15 17:56:55.466901,4.287032037862051e-08,whisper-inference-56d64c7b67-mvjl8
2026-08-15 17:57:00.466943,2.6141510214166413e-07,whisper-inference-56d64c7b67-gfcpt
2026-08-15 17:57:00.466943,1.006004620537291e-06,whisper-inference-56d64c7b67-sxkj9
2026-08-15 17:57:00.466943,7.428678586906937e-08,whisper-inference-56d64c7b67-mvjl8
2026-08-15 17:57:05.466902,2.0966135456789935e-07,whisper-inference-56d64c7b67-gfcpt
2026-08-15 17:57:05.466902,1.006004620537291e-06,whisper-inference-56d64c7b67-sxkj9
2026-08-15 17:57:05.466902,3.022545929746501e-07,whisper-inference-56d64c7b67-mvjl8
2026-08-15 17:57:10.467414,2.0966135456789935e-07,whisper-inference-56d64c7b67-gfcpt
2026-08-15 17:57:10.467414,9.452595359263814e-07,whisper-inference-56d64c7b67-sxkj9
2026-08-15 17:57:10.467414,2.91522384577385e-07,whisper-inference-56d64c7b67-mvjl8
2026-08-15 17:57:15.467386,2.61930046304104e-07,whisper-inference-56d64c7b67-gfcpt
2026-08-15 17:57:15.467386,9.452595359263814e-07,whisper-inference-56d64c7b67-sxkj9
2026-08-15 17:57:15.467386,6.472882762694254e-07,whisper-inference-56d64c7b67-mvjl8
2026-08-15 17:57:20.466894,3.571603787959212e-07,whisper-inference-56d64c7b67-gfcpt
2026-08-15 17:57:20.466894,4.804116608334764e-07,whisper-inference-56d64c7b67-sxkj9
2026-08-15 17:57:20.466894,6.804901848922688e-07,whisper-inference-56d64c7b67-mvjl8
2026-08-15 17:57:25.466898,4.006920151077968e-07,whisper-inference-56d64c7b67-gfcpt
2026-08-15 17:57:25.466898,3.9086599833234417e-07,whisper-inference-56d64c7b67-sxkj9
2026-08-15 17:57:25.466898,9.108327082494293e-07,whisper-inference-56d64c7b67-mvjl8
2026-08-15 17:57:30.466903,3.274575929356637e-07,whisper-inference-56d64c7b67-gfcpt
2026-08-15 17:57:30.466903,4.486370312542846e-07,whisper-inference-56d64c7b67-sxkj9
2026-08-15 17:57:30.466903,8.088177110954968e-07,whisper-inference-56d64c7b67-mvjl8
2026-08-15 17:57:35.464001,5.457713983086257e-07,whisper-inference-56d64c7b67-gfcpt
2026-08-15 17:57:35.464001,4.2757711893681097e-07,whisper-inference-56d64c7b67-sxkj9
2026-08-15 17:57:35.464001,8.72670548194196e-07,whisper-inference-56d64c7b67-mvjl8
2026-08-15 17:57:40.467358,5.457713983086257e-07,whisper-inference-56d64c7b67-gfcpt
2026-08-15 17:57:40.467358,4.034127860595564e-07,whisper-inference-56d64c7b67-sxkj9
2026-08-15 17:57:40.467358,9.218280013522002e-07,whisper-inference-56d64c7b67-mvjl8
2026-08-15 17:57:45.463524,6.827259530981734e-07,whisper-inference-56d64c7b67-gfcpt
2026-08-15 17:57:45.463524,7.590839580701061e-07,whisper-inference-56d64c7b67-sxkj9
2026-08-15 17:57:45.463524,1.0365203123885575e-06,whisper-inference-56d64c7b67-mvjl8
2026-08-15 17:57:50.467425,5.53363990911212e-07,whisper-inference-56d64c7b67-gfcpt
2026-08-15 17:57:50.467425,7.781155079506597e-07,whisper-inference-56d64c7b67-sxkj9
2026-08-15 17:57:50.467425,8.293987752323928e-07,whisper-inference-56d64c7b67-mvjl8
2026-08-15 17:57:55.466902,5.53363990911212e-07,whisper-inference-56d64c7b67-gfcpt
2026-08-15 17:57:55.466902,7.953650688796435e-07,whisper-inference-56d64c7b67-sxkj9
2026-08-15 17:57:55.466902,7.206932863816379e-07,whisper-inference-56d64c7b67-mvjl8
2026-08-15 17:58:00.466913,7.249978302464499e-07,whisper-inference-56d64c7b67-gfcpt
2026-08-15 17:58:00.466913,9.610264067464311e-07,whisper-inference-56d64c7b67-sxkj9
2026-08-15 17:58:00.466913,7.758502779843658e-07,whisper-inference-56d64c7b67-mvjl8
2026-08-15 17:58:05.466261,9.776173444146665e-07,whisper-inference-56d64c7b67-gfcpt
2026-08-15 17:58:05.466261,1.5037320501604658e-06,whisper-inference-56d64c7b67-sxkj9
2026-08-15 17:58:05.466261,7.916085046573745e-07,whisper-inference-56d64c7b67-mvjl8
2026-08-15 17:58:10.467424,9.776173444146665e-07,whisper-inference-56d64c7b67-gfcpt
2026-08-15 17:58:10.467424,1.5037320501604658e-06,whisper-inference-56d64c7b67-sxkj9
2026-08-15 17:58:10.467424,8.135977887517256e-07,whisper-inference-56d64c7b67-mvjl8
2026-08-15 17:58:15.463175,8.501610635114356e-07,whisper-inference-56d64c7b67-gfcpt
2026-08-15 17:58:15.463175,1.4252163535374948e-06,whisper-inference-56d64c7b67-sxkj9
2026-08-15 17:58:15.463175,9.65349931027475e-07,whisper-inference-56d64c7b67-mvjl8
2026-08-15 17:58:20.467396,7.579363892443956e-07,whisper-inference-56d64c7b67-gfcpt
2026-08-15 17:58:20.467396,1.5495513705424246e-06,whisper-inference-56d64c7b67-sxkj9
2026-08-15 17:58:20.467396,1.0468050771052686e-06,whisper-inference-56d64c7b67-mvjl8
2026-08-15 17:58:25.466249,6.595145572654796e-07,whisper-inference-56d64c7b67-gfcpt
2026-08-15 17:58:25.466249,1.5539231768858479e-06,whisper-inference-56d64c7b67-sxkj9
2026-08-15 17:58:25.466249,8.963888490218193e-07,whisper-inference-56d64c7b67-mvjl8
2026-08-15 17:58:30.467358,7.980209622606816e-07,whisper-inference-56d64c7b67-gfcpt
2026-08-15 17:58:30.467358,1.7628736571892455e-06,whisper-inference-56d64c7b67-sxkj9
2026-08-15 17:58:30.467358,8.308998843336742e-07,whisper-inference-56d64c7b67-mvjl8
2026-08-15 17:58:35.466888,8.510806215418564e-07,whisper-inference-56d64c7b67-gfcpt
2026-08-15 17:58:35.466888,1.5759124202566025e-06,whisper-inference-56d64c7b67-sxkj9
2026-08-15 17:58:35.466888,6.666557943835246e-07,whisper-inference-56d64c7b67-mvjl8
2026-08-15 17:58:40.466905,7.668688142709973e-07,whisper-inference-56d64c7b67-gfcpt
2026-08-15 17:58:40.466905,1.3948223156279266e-06,whisper-inference-56d64c7b67-sxkj9
2026-08-15 17:58:40.466905,5.476338204303956e-07,whisper-inference-56d64c7b67-mvjl8
2026-08-15 17:58:45.463469,7.024717060512918e-07,whisper-inference-56d64c7b67-gfcpt
2026-08-15 17:58:45.463469,1.3513847821740144e-06,whisper-inference-56d64c7b67-sxkj9
2026-08-15 17:58:45.463469,5.476338204303956e-07,whisper-inference-56d64c7b67-mvjl8
2026-08-15 17:58:50.466935,2.9645655542998743e-07,whisper-inference-56d64c7b67-gfcpt
2026-08-15 17:58:50.466935,1.2370971914212473e-06,whisper-inference-56d64c7b67-sxkj9
2026-08-15 17:58:50.466935,4.933516095267382e-07,whisper-inference-56d64c7b67-mvjl8
2026-08-15 17:58:55.467385,2.616216058107111e-07,whisper-inference-56d64c7b67-gfcpt
2026-08-15 17:58:55.467385,1.1545728929692372e-06,whisper-inference-56d64c7b67-sxkj9
2026-08-15 17:58:55.467385,3.1192444864449984e-07,whisper-inference-56d64c7b67-mvjl8
2026-08-15 17:59:00.466902,2.2675074466015777e-07,whisper-inference-56d64c7b67-gfcpt
2026-08-15 17:59:00.466902,1.1104016587732287e-06,whisper-inference-56d64c7b67-sxkj9
2026-08-15 17:59:00.466902,3.1192444864449984e-07,whisper-inference-56d64c7b67-mvjl8
2026-08-15 17:59:05.467403,2.2369547019272769e-07,whisper-inference-56d64c7b67-gfcpt
2026-08-15 17:59:05.467403,8.397587980060546e-07,whisper-inference-56d64c7b67-sxkj9
2026-08-15 17:59:05.467403,1.691484575430889e-07,whisper-inference-56d64c7b67-mvjl8
2026-08-15 17:59:10.467396,2.227867848877129e-07,whisper-inference-56d64c7b67-gfcpt
2026-08-15 17:59:10.467396,5.368432059451785e-07,whisper-inference-56d64c7b67-sxkj9
2026-08-15 17:59:10.467396,2.227233966769026e-07,whisper-inference-56d64c7b67-mvjl8
2026-08-15 17:59:15.467393,2.3921798217779685e-07,whisper-inference-56d64c7b67-gfcpt
2026-08-15 17:59:15.467393,5.368432059451785e-07,whisper-inference-56d64c7b67-sxkj9
2026-08-15 17:59:15.467393,2.227233966769026e-07,whisper-inference-56d64c7b67-mvjl8
2026-08-15 17:59:20.463296,1.1623148337152552e-07,whisper-inference-56d64c7b67-gfcpt
2026-08-15 17:59:20.463296,4.786873964677679e-07,whisper-inference-56d64c7b67-sxkj9
2026-08-15 17:59:20.463296,2.4101831243739197e-07,whisper-inference-56d64c7b67-mvjl8
2026-08-15 17:59:25.467429,1.2088372548861593e-07,whisper-inference-56d64c7b67-gfcpt
2026-08-15 17:59:25.467429,7.250450873577999e-07,whisper-inference-56d64c7b67-sxkj9
2026-08-15 17:59:25.467429,1.9147706085610308e-07,whisper-inference-56d64c7b67-mvjl8
2026-08-15 17:59:30.463027,1.6299513750952645e-07,whisper-inference-56d64c7b67-gfcpt
2026-08-15 17:59:30.463027,7.250450873577999e-07,whisper-inference-56d64c7b67-sxkj9
2026-08-15 17:59:30.463027,1.665448265613651e-07,whisper-inference-56d64c7b67-mvjl8
2026-08-15 17:59:35.466943,1.654800002335825e-07,whisper-inference-56d64c7b67-gfcpt
2026-08-15 17:59:35.466943,6.566954474685822e-07,whisper-inference-56d64c7b67-sxkj9
2026-08-15 17:59:35.466943,1.1801770768724414e-07,whisper-inference-56d64c7b67-mvjl8
2026-08-15 17:59:40.466933,1.9310986828374618e-07,whisper-inference-56d64c7b67-gfcpt
2026-08-15 17:59:40.466933,8.152495900576433e-07,whisper-inference-56d64c7b67-sxkj9
2026-08-15 17:59:40.466933,2.668293785549391e-07,whisper-inference-56d64c7b67-mvjl8
2026-08-15 17:59:45.464148,2.0571509991823014e-07,whisper-inference-56d64c7b67-gfcpt
2026-08-15 17:59:45.464148,8.763671501425129e-07,whisper-inference-56d64c7b67-sxkj9
2026-08-15 17:59:45.464148,3.0562083788666316e-07,whisper-inference-56d64c7b67-mvjl8
2026-08-15 17:59:50.467415,3.9702036028445476e-07,whisper-inference-56d64c7b67-gfcpt
2026-08-15 17:59:50.467415,6.862192068753263e-07,whisper-inference-56d64c7b67-sxkj9
2026-08-15 17:59:50.467415,3.0562083788666316e-07,whisper-inference-56d64c7b67-mvjl8
2026-08-15 17:59:55.467357,3.9702036028445476e-07,whisper-inference-56d64c7b67-gfcpt
2026-08-15 17:59:55.467357,7.58423261800019e-07,whisper-inference-56d64c7b67-sxkj9
2026-08-15 17:59:55.467357,2.322818580536114e-07,whisper-inference-56d64c7b67-mvjl8
2026-08-15 18:00:00.466939,3.9702036028445476e-07,whisper-inference-56d64c7b67-gfcpt
2026-08-15 18:00:00.466939,8.314008664741605e-07,whisper-inference-56d64c7b67-sxkj9
2026-08-15 18:00:00.466939,2.4995616481643235e-07,whisper-inference-56d64c7b67-mvjl8
2026-08-15 18:00:05.467056,3.720949801138655e-07,whisper-inference-56d64c7b67-gfcpt
2026-08-15 18:00:05.467056,8.367332832288438e-07,whisper-inference-56d64c7b67-sxkj9
2026-08-15 18:00:05.467056,3.4244577958494765e-07,whisper-inference-56d64c7b67-mvjl8
2026-08-15 18:00:10.466900,3.1924122979941996e-07,whisper-inference-56d64c7b67-gfcpt
2026-08-15 18:00:10.466900,8.756770797045441e-07,whisper-inference-56d64c7b67-sxkj9
2026-08-15 18:00:10.466900,3.3119196525047767e-07,whisper-inference-56d64c7b67-mvjl8
2026-08-15 18:00:15.466891,3.8241765805945846e-07,whisper-inference-56d64c7b67-gfcpt
2026-08-15 18:00:15.466891,8.268809137893888e-07,whisper-inference-56d64c7b67-sxkj9
2026-08-15 18:00:15.466891,7.453966808402901e-07,whisper-inference-56d64c7b67-mvjl8
2026-08-15 18:00:20.466912,3.171386456053537e-07,whisper-inference-56d64c7b67-gfcpt
2026-08-15 18:00:20.466912,5.020566897307159e-07,whisper-inference-56d64c7b67-sxkj9
2026-08-15 18:00:20.466912,7.484619971895154e-07,whisper-inference-56d64c7b67-mvjl8
2026-08-15 18:00:25.467393,2.718031671261627e-07,whisper-inference-56d64c7b67-gfcpt
2026-08-15 18:00:25.467393,4.5189759471624335e-07,whisper-inference-56d64c7b67-sxkj9
2026-08-15 18:00:25.467393,7.893890444526149e-07,whisper-inference-56d64c7b67-mvjl8
2026-08-15 18:00:30.467898,1.9880603311706236e-07,whisper-inference-56d64c7b67-gfcpt
2026-08-15 18:00:30.467898,4.5189759471624335e-07,whisper-inference-56d64c7b67-sxkj9
2026-08-15 18:00:30.467898,8.607747616722796e-07,whisper-inference-56d64c7b67-mvjl8
2026-08-15 18:00:35.465444,1.2043699528373967e-07,whisper-inference-56d64c7b67-gfcpt
2026-08-15 18:00:35.465444,4.534000033530034e-07,whisper-inference-56d64c7b67-sxkj9
2026-08-15 18:00:35.465444,1.0574321297430215e-06,whisper-inference-56d64c7b67-mvjl8
2026-08-15 18:00:40.467411,1.0462765515570519e-07,whisper-inference-56d64c7b67-gfcpt
2026-08-15 18:00:40.467411,4.534000033530034e-07,whisper-inference-56d64c7b67-sxkj9
2026-08-15 18:00:40.467411,1.248194132131113e-06,whisper-inference-56d64c7b67-mvjl8
2026-08-15 18:00:45.466907,9.79737812466769e-08,whisper-inference-56d64c7b67-gfcpt
2026-08-15 18:00:45.466907,4.534000033530034e-07,whisper-inference-56d64c7b67-sxkj9
2026-08-15 18:00:45.466907,1.4185129397052785e-06,whisper-inference-56d64c7b67-mvjl8
2026-08-15 18:00:50.467378,1.1824473255010792e-07,whisper-inference-56d64c7b67-gfcpt
2026-08-15 18:00:50.467378,5.690290574195148e-08,whisper-inference-56d64c7b67-sxkj9
2026-08-15 18:00:50.467378,8.45806301333368e-07,whisper-inference-56d64c7b67-mvjl8
2026-08-15 18:00:55.464934,8.526945643089787e-08,whisper-inference-56d64c7b67-gfcpt
2026-08-15 18:00:55.464934,5.994750678684497e-08,whisper-inference-56d64c7b67-sxkj9
2026-08-15 18:00:55.464934,9.140550445662282e-07,whisper-inference-56d64c7b67-mvjl8
2026-08-15 18:01:00.466551,8.526945643089787e-08,whisper-inference-56d64c7b67-gfcpt
2026-08-15 18:01:00.466551,8.29846251528717e-08,whisper-inference-56d64c7b67-sxkj9
2026-08-15 18:01:00.466551,8.078541851613093e-07,whisper-inference-56d64c7b67-mvjl8
2026-08-15 18:01:05.467417,1.0951883895787355e-07,whisper-inference-56d64c7b67-gfcpt
2026-08-15 18:01:05.467417,9.560406275509847e-08,whisper-inference-56d64c7b67-sxkj9
2026-08-15 18:01:05.467417,5.589718135739802e-07,whisper-inference-56d64c7b67-mvjl8
2026-08-15 18:01:10.467100,4.3551161727282624e-08,whisper-inference-56d64c7b67-gfcpt
2026-08-15 18:01:10.467100,1.1301529551097905e-07,whisper-inference-56d64c7b67-sxkj9
2026-08-15 18:01:10.467100,3.6581914858530803e-07,whisper-inference-56d64c7b67-mvjl8
2026-08-15 18:01:15.467386,4.3551161727282624e-08,whisper-inference-56d64c7b67-gfcpt
2026-08-15 18:01:15.467386,1.2222208296098032e-07,whisper-inference-56d64c7b67-sxkj9
2026-08-15 18:01:15.467386,8.613110671564769e-08,whisper-inference-56d64c7b67-mvjl8
2026-08-15 18:01:20.466085,0.0,whisper-inference-56d64c7b67-gfcpt
2026-08-15 18:01:20.466085,1.1124314598246651e-07,whisper-inference-56d64c7b67-sxkj9
2026-08-15 18:01:20.466085,8.946756534284496e-08,whisper-inference-56d64c7b67-mvjl8
2026-08-15 18:01:25.467363,0.0,whisper-inference-56d64c7b67-gfcpt
2026-08-15 18:01:25.467363,9.281964241698117e-08,whisper-inference-56d64c7b67-sxkj9
2026-08-15 18:01:25.467363,8.598300097561669e-08,whisper-inference-56d64c7b67-mvjl8
2026-08-15 18:01:30.467410,0.0,whisper-inference-56d64c7b67-gfcpt
2026-08-15 18:01:30.467410,9.353629998212675e-08,whisper-inference-56d64c7b67-sxkj9
2026-08-15 18:01:30.467410,1.706269912287088e-07,whisper-inference-56d64c7b67-mvjl8
2026-08-15 18:01:35.467382,0.0,whisper-inference-56d64c7b67-gfcpt
2026-08-15 18:01:35.467382,1.1308046038892956e-07,whisper-inference-56d64c7b67-sxkj9
2026-08-15 18:01:35.467382,1.7062699122870883e-07,whisper-inference-56d64c7b67-mvjl8
2026-08-15 18:01:40.464369,2.201818702250259e-08,whisper-inference-56d64c7b67-gfcpt
2026-08-15 18:01:40.464369,1.5598220805726812e-07,whisper-inference-56d64c7b67-sxkj9
2026-08-15 18:01:40.464369,1.3974242307038755e-07,whisper-inference-56d64c7b67-mvjl8
2026-08-15 18:01:45.467397,2.201818702250259e-08,whisper-inference-56d64c7b67-gfcpt
2026-08-15 18:01:45.467397,1.9735251850256318e-07,whisper-inference-56d64c7b67-sxkj9
2026-08-15 18:01:45.467397,1.4321870104235068e-07,whisper-inference-56d64c7b67-mvjl8
2026-08-15 18:01:50.464557,7.903010936737422e-07,whisper-inference-56d64c7b67-gfcpt
2026-08-15 18:01:50.464557,1.9396861256671438e-07,whisper-inference-56d64c7b67-sxkj9
2026-08-15 18:01:50.464557,1.8418553272206698e-07,whisper-inference-56d64c7b67-mvjl8
2026-08-15 18:01:55.467065,9.61654265676696e-07,whisper-inference-56d64c7b67-gfcpt
2026-08-15 18:01:55.467065,5.894760220926823e-07,whisper-inference-56d64c7b67-sxkj9
2026-08-15 18:01:55.467065,2.3830240805485704e-07,whisper-inference-56d64c7b67-mvjl8
2026-08-15 18:02:00.467415,7.764436036113187e-07,whisper-inference-56d64c7b67-gfcpt
2026-08-15 18:02:00.467415,9.723719177986672e-07,whisper-inference-56d64c7b67-sxkj9
2026-08-15 18:02:00.467415,4.0342178203635915e-07,whisper-inference-56d64c7b67-mvjl8
2026-08-15 18:02:05.467974,8.532654967803201e-07,whisper-inference-56d64c7b67-gfcpt
2026-08-15 18:02:05.467974,9.723719177986672e-07,whisper-inference-56d64c7b67-sxkj9
2026-08-15 18:02:05.467974,4.199083933370455e-07,whisper-inference-56d64c7b67-mvjl8
2026-08-15 18:02:10.467414,9.680095360718832e-07,whisper-inference-56d64c7b67-gfcpt
2026-08-15 18:02:10.467414,1.3670978599948463e-06,whisper-inference-56d64c7b67-sxkj9
2026-08-15 18:02:10.467414,3.463418926686676e-07,whisper-inference-56d64c7b67-mvjl8
2026-08-15 18:02:15.467367,9.961569703435727e-07,whisper-inference-56d64c7b67-gfcpt
2026-08-15 18:02:15.467367,1.2597330598125623e-06,whisper-inference-56d64c7b67-sxkj9
2026-08-15 18:02:15.467367,3.64135243326932e-07,whisper-inference-56d64c7b67-mvjl8
2026-08-15 18:02:20.464180,1.3981187915108238e-06,whisper-inference-56d64c7b67-gfcpt
2026-08-15 18:02:20.464180,1.0186997230809285e-06,whisper-inference-56d64c7b67-sxkj9
2026-08-15 18:02:20.464180,4.863875996639929e-07,whisper-inference-56d64c7b67-mvjl8
2026-08-15 18:02:25.467341,1.5130309122106673e-06,whisper-inference-56d64c7b67-gfcpt
2026-08-15 18:02:25.467341,1.1568241087814481e-06,whisper-inference-56d64c7b67-sxkj9
2026-08-15 18:02:25.467341,6.749012822425306e-07,whisper-inference-56d64c7b67-mvjl8
2026-08-15 18:02:30.463331,1.3513659954186747e-06,whisper-inference-56d64c7b67-gfcpt
2026-08-15 18:02:30.463331,1.139448939633654e-06,whisper-inference-56d64c7b67-sxkj9
2026-08-15 18:02:30.463331,7.53486536378097e-07,whisper-inference-56d64c7b67-mvjl8
2026-08-15 18:02:35.466894,7.034841316925206e-07,whisper-inference-56d64c7b67-gfcpt
2026-08-15 18:02:35.466894,1.0223923255217898e-06,whisper-inference-56d64c7b67-sxkj9
2026-08-15 18:02:35.466894,6.713278857398357e-07,whisper-inference-56d64c7b67-mvjl8
2026-08-15 18:02:40.467418,6.484846984887465e-07,whisper-inference-56d64c7b67-gfcpt
2026-08-15 18:02:40.467418,7.311209835714799e-07,whisper-inference-56d64c7b67-sxkj9
2026-08-15 18:02:40.467418,4.984549793670773e-07,whisper-inference-56d64c7b67-mvjl8
2026-08-15 18:02:45.467032,7.816968133390015e-07,whisper-inference-56d64c7b67-gfcpt
2026-08-15 18:02:45.467032,2.4294948439951576e-07,whisper-inference-56d64c7b67-sxkj9
2026-08-15 18:02:45.467032,5.386600713048828e-07,whisper-inference-56d64c7b67-mvjl8
2026-08-15 18:02:50.467359,7.964848404555217e-07,whisper-inference-56d64c7b67-gfcpt
2026-08-15 18:02:50.467359,2.963602508531277e-07,whisper-inference-56d64c7b67-sxkj9
2026-08-15 18:02:50.467359,5.062538394118953e-07,whisper-inference-56d64c7b67-mvjl8
2026-08-15 18:02:55.467425,7.363362173834127e-07,whisper-inference-56d64c7b67-gfcpt
2026-08-15 18:02:55.467425,2.814944415386923e-07,whisper-inference-56d64c7b67-sxkj9
2026-08-15 18:02:55.467425,5.184454170067737e-07,whisper-inference-56d64c7b67-mvjl8
2026-08-15 18:03:00.467339,3.348666954062501e-07,whisper-inference-56d64c7b67-gfcpt
2026-08-15 18:03:00.467339,2.855622083922291e-07,whisper-inference-56d64c7b67-sxkj9
2026-08-15 18:03:00.467339,5.04939293103226e-07,whisper-inference-56d64c7b67-mvjl8
2026-08-15 18:03:05.466349,3.6835585265843353e-07,whisper-inference-56d64c7b67-gfcpt
2026-08-15 18:03:05.466349,1.013978368577954e-06,whisper-inference-56d64c7b67-sxkj9
2026-08-15 18:03:05.466349,3.4643406501963305e-07,whisper-inference-56d64c7b67-mvjl8
2026-08-15 18:03:10.467423,7.555758579197253e-07,whisper-inference-56d64c7b67-gfcpt
2026-08-15 18:03:10.467423,1.0139783685779537e-06,whisper-inference-56d64c7b67-sxkj9
2026-08-15 18:03:10.467423,2.1611273315580725e-07,whisper-inference-56d64c7b67-mvjl8
2026-08-15 18:03:15.466889,8.748232344425457e-07,whisper-inference-56d64c7b67-gfcpt
2026-08-15 18:03:15.466889,9.54952622533899e-07,whisper-inference-56d64c7b67-sxkj9
2026-08-15 18:03:15.466889,3.674204181242459e-07,whisper-inference-56d64c7b67-mvjl8
2026-08-15 18:03:20.467347,9.081910674734832e-07,whisper-inference-56d64c7b67-gfcpt
2026-08-15 18:03:20.467347,1.059997367189559e-06,whisper-inference-56d64c7b67-sxkj9
2026-08-15 18:03:20.467347,3.5631317042371225e-07,whisper-inference-56d64c7b67-mvjl8
2026-08-15 18:03:25.466918,7.523803029055126e-07,whisper-inference-56d64c7b67-gfcpt
2026-08-15 18:03:25.466918,1.059997367189559e-06,whisper-inference-56d64c7b67-sxkj9
2026-08-15 18:03:25.466918,6.777688362275555e-07,whisper-inference-56d64c7b67-mvjl8
2026-08-15 18:03:30.467405,8.236673466598076e-07,whisper-inference-56d64c7b67-gfcpt
2026-08-15 18:03:30.467405,8.924413710100988e-07,whisper-inference-56d64c7b67-sxkj9
2026-08-15 18:03:30.467405,7.897095381447984e-07,whisper-inference-56d64c7b67-mvjl8
2026-08-15 18:03:35.466924,7.670135142626881e-07,whisper-inference-56d64c7b67-gfcpt
2026-08-15 18:03:35.466924,9.87136526804193e-07,whisper-inference-56d64c7b67-sxkj9
2026-08-15 18:03:35.466924,8.847012257433166e-07,whisper-inference-56d64c7b67-mvjl8
2026-08-15 18:03:40.466909,1.244126781704653e-06,whisper-inference-56d64c7b67-gfcpt
2026-08-15 18:03:40.466909,1.22859725078483e-06,whisper-inference-56d64c7b67-sxkj9
2026-08-15 18:03:40.466909,7.595807033262547e-07,whisper-inference-56d64c7b67-mvjl8
2026-08-15 18:03:45.467387,1.5631904855793377e-06,whisper-inference-56d64c7b67-gfcpt
2026-08-15 18:03:45.467387,6.897476297474496e-07,whisper-inference-56d64c7b67-sxkj9
2026-08-15 18:03:45.467387,7.912324036841189e-07,whisper-inference-56d64c7b67-mvjl8
2026-08-15 18:03:50.468886,1.4876768997536161e-06,whisper-inference-56d64c7b67-gfcpt
2026-08-15 18:03:50.468886,8.08579408157729e-07,whisper-inference-56d64c7b67-sxkj9
2026-08-15 18:03:50.468886,7.962904610487594e-07,whisper-inference-56d64c7b67-mvjl8
2026-08-15 18:03:55.467408,1.4596297424993883e-06,whisper-inference-56d64c7b67-gfcpt
2026-08-15 18:03:55.467408,6.515728557404772e-07,whisper-inference-56d64c7b67-sxkj9
2026-08-15 18:03:55.467408,6.829510770807477e-07,whisper-inference-56d64c7b67-mvjl8
2026-08-15 18:04:00.467089,1.1310534005685423e-06,whisper-inference-56d64c7b67-gfcpt
2026-08-15 18:04:00.467089,6.213591710539736e-07,whisper-inference-56d64c7b67-sxkj9
2026-08-15 18:04:00.467089,2.830647776263222e-07,whisper-inference-56d64c7b67-mvjl8
2026-08-15 18:04:05.466330,1.3454883326156656e-06,whisper-inference-56d64c7b67-gfcpt
2026-08-15 18:04:05.466330,5.903869327278692e-07,whisper-inference-56d64c7b67-sxkj9
2026-08-15 18:04:05.466330,2.03228853192308e-07,whisper-inference-56d64c7b67-mvjl8
2026-08-15 18:04:10.467402,1.521586449126643e-06,whisper-inference-56d64c7b67-gfcpt
2026-08-15 18:04:10.467402,5.798791164540848e-07,whisper-inference-56d64c7b67-sxkj9
2026-08-15 18:04:10.467402,5.4695618880982345e-08,whisper-inference-56d64c7b67-mvjl8
2026-08-15 18:04:15.463531,1.1419049729974953e-06,whisper-inference-56d64c7b67-gfcpt
2026-08-15 18:04:15.463531,7.116185422908405e-07,whisper-inference-56d64c7b67-sxkj9
2026-08-15 18:04:15.463531,3.9269585705910075e-08,whisper-inference-56d64c7b67-mvjl8
2026-08-15 18:04:20.467350,5.871682628586372e-07,whisper-inference-56d64c7b67-gfcpt
2026-08-15 18:04:20.467350,7.227984094288883e-07,whisper-inference-56d64c7b67-sxkj9
2026-08-15 18:04:20.467350,1.924890762451156e-08,whisper-inference-56d64c7b67-mvjl8
2026-08-15 18:04:25.467396,1.636536437124576e-07,whisper-inference-56d64c7b67-gfcpt
2026-08-15 18:04:25.467396,4.5879266964923343e-07,whisper-inference-56d64c7b67-sxkj9
2026-08-15 18:04:25.467396,2.5353957809599414e-08,whisper-inference-56d64c7b67-mvjl8
2026-08-15 18:04:30.466901,1.636536437124576e-07,whisper-inference-56d64c7b67-gfcpt
2026-08-15 18:04:30.466901,1.825335347610619e-07,whisper-inference-56d64c7b67-sxkj9
2026-08-15 18:04:30.466901,3.103758651730345e-08,whisper-inference-56d64c7b67-mvjl8
2026-08-15 18:04:35.467384,1.7592074051167636e-07,whisper-inference-56d64c7b67-gfcpt
2026-08-15 18:04:35.467384,1.825335347610619e-07,whisper-inference-56d64c7b67-sxkj9
2026-08-15 18:04:35.467384,2.1789340654573585e-08,whisper-inference-56d64c7b67-mvjl8
2026-08-15 18:04:40.466885,1.6128025272422938e-07,whisper-inference-56d64c7b67-gfcpt
2026-08-15 18:04:40.466885,1.9323292628893222e-07,whisper-inference-56d64c7b67-sxkj9
2026-08-15 18:04:40.466885,2.1789340654573585e-08,whisper-inference-56d64c7b67-mvjl8
2026-08-15 18:04:45.466930,1.3822972679405797e-07,whisper-inference-56d64c7b67-gfcpt
2026-08-15 18:04:45.466930,1.9109767571673897e-07,whisper-inference-56d64c7b67-sxkj9
2026-08-15 18:04:45.466930,2.5000000000025003e-08,whisper-inference-56d64c7b67-mvjl8
2026-08-15 18:04:50.467881,1.3822972679405797e-07,whisper-inference-56d64c7b67-gfcpt
2026-08-15 18:04:50.467881,2.124855075519989e-07,whisper-inference-56d64c7b67-sxkj9
2026-08-15 18:04:50.467881,4.5982296815771935e-08,whisper-inference-56d64c7b67-mvjl8
2026-08-15 18:04:55.466930,1.3256327959535863e-07,whisper-inference-56d64c7b67-gfcpt
2026-08-15 18:04:55.466930,1.87876076786815e-07,whisper-inference-56d64c7b67-sxkj9
2026-08-15 18:04:55.466930,8.191474381544855e-08,whisper-inference-56d64c7b67-mvjl8
2026-08-15 18:05:00.463015,6.984554492804624e-07,whisper-inference-56d64c7b67-gfcpt
2026-08-15 18:05:00.463015,6.494396618654073e-08,whisper-inference-56d64c7b67-sxkj9
2026-08-15 18:05:00.463015,9.441313757521595e-08,whisper-inference-56d64c7b67-mvjl8
2026-08-15 18:05:05.466923,6.984554492804624e-07,whisper-inference-56d64c7b67-gfcpt
2026-08-15 18:05:05.466923,6.490126111227999e-08,whisper-inference-56d64c7b67-sxkj9
2026-08-15 18:05:05.466923,9.324374687645052e-08,whisper-inference-56d64c7b67-mvjl8
2026-08-15 18:05:10.467345,6.418531079474027e-07,whisper-inference-56d64c7b67-gfcpt
2026-08-15 18:05:10.467345,6.776298049508982e-08,whisper-inference-56d64c7b67-sxkj9
2026-08-15 18:05:10.467345,7.95260884480314e-08,whisper-inference-56d64c7b67-mvjl8
2026-08-15 18:05:15.466909,7.382463742946656e-07,whisper-inference-56d64c7b67-gfcpt
2026-08-15 18:05:15.466909,4.779772004880147e-08,whisper-inference-56d64c7b67-sxkj9
2026-08-15 18:05:15.466909,9.241721906780745e-08,whisper-inference-56d64c7b67-mvjl8
2026-08-15 18:05:20.467353,8.730650143575378e-07,whisper-inference-56d64c7b67-gfcpt
2026-08-15 18:05:20.467353,1.3166043678159393e-07,whisper-inference-56d64c7b67-sxkj9
2026-08-15 18:05:20.467353,1.4835856865637913e-07,whisper-inference-56d64c7b67-mvjl8
2026-08-15 18:05:25.464425,6.868511590270731e-07,whisper-inference-56d64c7b67-gfcpt
2026-08-15 18:05:25.464425,8.386271673279243e-08,whisper-inference-56d64c7b67-sxkj9
2026-08-15 18:05:25.464425,1.7722811995840477e-07,whisper-inference-56d64c7b67-mvjl8
2026-08-15 18:05:30.467356,7.39198033987576e-07,whisper-inference-56d64c7b67-gfcpt
2026-08-15 18:05:30.467356,2.0841829592016362e-07,whisper-inference-56d64c7b67-sxkj9
2026-08-15 18:05:30.467356,2.139166032768757e-07,whisper-inference-56d64c7b67-mvjl8
2026-08-15 18:05:35.467375,7.39198033987576e-07,whisper-inference-56d64c7b67-gfcpt
2026-08-15 18:05:35.467375,1.994278465784001e-07,whisper-inference-56d64c7b67-sxkj9
2026-08-15 18:05:35.467375,1.6567689079969522e-07,whisper-inference-56d64c7b67-mvjl8
2026-08-15 18:05:40.467426,4.895935240890612e-07,whisper-inference-56d64c7b67-gfcpt
2026-08-15 18:05:40.467426,2.2827758597122675e-07,whisper-inference-56d64c7b67-sxkj9
2026-08-15 18:05:40.467426,1.5670072651817622e-07,whisper-inference-56d64c7b67-mvjl8
2026-08-15 18:05:45.466895,3.569216275409751e-07,whisper-inference-56d64c7b67-gfcpt
2026-08-15 18:05:45.466895,2.4932477246317526e-07,whisper-inference-56d64c7b67-sxkj9
2026-08-15 18:05:45.466895,1.5670072651817622e-07,whisper-inference-56d64c7b67-mvjl8
2026-08-15 18:05:50.466366,3.736205834127815e-07,whisper-inference-56d64c7b67-gfcpt
2026-08-15 18:05:50.466366,2.155680565656322e-07,whisper-inference-56d64c7b67-sxkj9
2026-08-15 18:05:50.466366,1.5469154838073842e-07,whisper-inference-56d64c7b67-mvjl8
2026-08-15 18:05:55.463813,3.1700869071605684e-07,whisper-inference-56d64c7b67-gfcpt
2026-08-15 18:05:55.463813,2.0875365896460831e-07,whisper-inference-56d64c7b67-sxkj9
2026-08-15 18:05:55.463813,5.071433389556011e-07,whisper-inference-56d64c7b67-mvjl8
2026-08-15 18:06:00.466894,4.770724237076805e-07,whisper-inference-56d64c7b67-gfcpt
2026-08-15 18:06:00.466894,2.3631257115551015e-07,whisper-inference-56d64c7b67-sxkj9
2026-08-15 18:06:00.466894,5.07143338955601e-07,whisper-inference-56d64c7b67-mvjl8
2026-08-15 18:06:05.467385,4.770724237076805e-07,whisper-inference-56d64c7b67-gfcpt
2026-08-15 18:06:05.467385,1.4066860929642435e-07,whisper-inference-56d64c7b67-sxkj9
2026-08-15 18:06:05.467385,5.382434623732658e-07,whisper-inference-56d64c7b67-mvjl8
2026-08-15 18:06:10.467386,6.729465671444878e-07,whisper-inference-56d64c7b67-gfcpt
2026-08-15 18:06:10.467386,5.740848440391423e-08,whisper-inference-56d64c7b67-sxkj9
2026-08-15 18:06:10.467386,5.344602116976947e-07,whisper-inference-56d64c7b67-mvjl8
2026-08-15 18:06:15.467366,6.729465671444878e-07,whisper-inference-56d64c7b67-gfcpt
2026-08-15 18:06:15.467366,2.3143301054137072e-07,whisper-inference-56d64c7b67-sxkj9
2026-08-15 18:06:15.467366,5.344602116976947e-07,whisper-inference-56d64c7b67-mvjl8
2026-08-15 18:06:20.467400,5.529415741669236e-07,whisper-inference-56d64c7b67-gfcpt
2026-08-15 18:06:20.467400,5.635796334647127e-07,whisper-inference-56d64c7b67-sxkj9
2026-08-15 18:06:20.467400,5.427376171357504e-07,whisper-inference-56d64c7b67-mvjl8
2026-08-15 18:06:25.467441,5.060753851770511e-07,whisper-inference-56d64c7b67-gfcpt
2026-08-15 18:06:25.467441,5.16131237382768e-07,whisper-inference-56d64c7b67-sxkj9
2026-08-15 18:06:25.467441,5.504507937445048e-07,whisper-inference-56d64c7b67-mvjl8
2026-08-15 18:06:30.467404,4.785272664557828e-07,whisper-inference-56d64c7b67-gfcpt
2026-08-15 18:06:30.467404,6.851805083572855e-07,whisper-inference-56d64c7b67-sxkj9
2026-08-15 18:06:30.467404,5.504507937445048e-07,whisper-inference-56d64c7b67-mvjl8
2026-08-15 18:06:35.467427,3.5829528567762776e-07,whisper-inference-56d64c7b67-gfcpt
2026-08-15 18:06:35.467427,5.976927704431812e-07,whisper-inference-56d64c7b67-sxkj9
2026-08-15 18:06:35.467427,2.542585239167494e-07,whisper-inference-56d64c7b67-mvjl8
2026-08-15 18:06:40.467914,1.3087430306208762e-07,whisper-inference-56d64c7b67-gfcpt
2026-08-15 18:06:40.467914,6.833266399372911e-07,whisper-inference-56d64c7b67-sxkj9
2026-08-15 18:06:40.467914,2.578784983205462e-07,whisper-inference-56d64c7b67-mvjl8
2026-08-15 18:06:45.467335,1.3087430306208762e-07,whisper-inference-56d64c7b67-gfcpt
2026-08-15 18:06:45.467335,6.833266399372911e-07,whisper-inference-56d64c7b67-sxkj9
2026-08-15 18:06:45.467335,2.578784983205462e-07,whisper-inference-56d64c7b67-mvjl8
2026-08-15 18:06:50.467448,4.5566575554461805e-08,whisper-inference-56d64c7b67-gfcpt
2026-08-15 18:06:50.467448,6.699599973282627e-07,whisper-inference-56d64c7b67-sxkj9
2026-08-15 18:06:50.467448,2.3986287947279457e-07,whisper-inference-56d64c7b67-mvjl8
2026-08-15 18:06:55.462973,4.556657555446181e-08,whisper-inference-56d64c7b67-gfcpt
2026-08-15 18:06:55.462973,4.6873120219965457e-07,whisper-inference-56d64c7b67-sxkj9
2026-08-15 18:06:55.462973,1.9909758490160712e-07,whisper-inference-56d64c7b67-mvjl8
2026-08-15 18:07:00.466892,1.8728345350707e-08,whisper-inference-56d64c7b67-gfcpt
2026-08-15 18:07:00.466892,1.9265094960538606e-07,whisper-inference-56d64c7b67-sxkj9
2026-08-15 18:07:00.466892,2.3040636217918505e-07,whisper-inference-56d64c7b67-mvjl8
2026-08-15 18:07:05.466917,2.285727144388934e-08,whisper-inference-56d64c7b67-gfcpt
2026-08-15 18:07:05.466917,1.8952438214171918e-07,whisper-inference-56d64c7b67-sxkj9
2026-08-15 18:07:05.466917,2.612276767626268e-07,whisper-inference-56d64c7b67-mvjl8
2026-08-15 18:07:10.466884,2.8424433643188092e-08,whisper-inference-56d64c7b67-gfcpt
2026-08-15 18:07:10.466884,2.1417581894048837e-07,whisper-inference-56d64c7b67-sxkj9
2026-08-15 18:07:10.466884,2.612276767626268e-07,whisper-inference-56d64c7b67-mvjl8
2026-08-15 18:07:15.467210,8.397421039380624e-08,whisper-inference-56d64c7b67-gfcpt
2026-08-15 18:07:15.467210,2.1417581894048837e-07,whisper-inference-56d64c7b67-sxkj9
2026-08-15 18:07:15.467210,2.0051769005174946e-07,whisper-inference-56d64c7b67-mvjl8
2026-08-15 18:07:20.467045,2.2149205460329445e-07,whisper-inference-56d64c7b67-gfcpt
2026-08-15 18:07:20.467045,1.5902664630084768e-07,whisper-inference-56d64c7b67-sxkj9
2026-08-15 18:07:20.467045,1.9507538928476763e-07,whisper-inference-56d64c7b67-mvjl8
2026-08-15 18:07:25.466900,2.6283568330869766e-07,whisper-inference-56d64c7b67-gfcpt
2026-08-15 18:07:25.466900,9.983178945403975e-08,whisper-inference-56d64c7b67-sxkj9
2026-08-15 18:07:25.466900,1.8424559871577131e-07,whisper-inference-56d64c7b67-mvjl8
2026-08-15 18:07:30.464698,3.8528877708582094e-07,whisper-inference-56d64c7b67-gfcpt
2026-08-15 18:07:30.464698,1.7044493458594337e-07,whisper-inference-56d64c7b67-sxkj9
2026-08-15 18:07:30.464698,2.2286525389770182e-07,whisper-inference-56d64c7b67-mvjl8
2026-08-15 18:07:35.466933,1.2150588316038048e-06,whisper-inference-56d64c7b67-gfcpt
2026-08-15 18:07:35.466933,1.795005674858157e-07,whisper-inference-56d64c7b67-sxkj9
2026-08-15 18:07:35.466933,2.2286525389770184e-07,whisper-inference-56d64c7b67-mvjl8
2026-08-15 18:07:40.464206,1.888525746995039e-06,whisper-inference-56d64c7b67-gfcpt
2026-08-15 18:07:40.464206,3.0261660537957607e-07,whisper-inference-56d64c7b67-sxkj9
2026-08-15 18:07:40.464206,1.8701630151339386e-07,whisper-inference-56d64c7b67-mvjl8
2026-08-15 18:07:45.467378,2.1160866778027753e-06,whisper-inference-56d64c7b67-gfcpt
2026-08-15 18:07:45.467378,3.2913754181753563e-07,whisper-inference-56d64c7b67-sxkj9
2026-08-15 18:07:45.467378,3.176220237868056e-07,whisper-inference-56d64c7b67-mvjl8
2026-08-15 18:07:50.467384,2.361273520029937e-06,whisper-inference-56d64c7b67-gfcpt
2026-08-15 18:07:50.467384,3.132431836599679e-07,whisper-inference-56d64c7b67-sxkj9
2026-08-15 18:07:50.467384,4.152616919124643e-07,whisper-inference-56d64c7b67-mvjl8
2026-08-15 18:07:55.467267,2.1527946289736817e-06,whisper-inference-56d64c7b67-gfcpt
2026-08-15 18:07:55.467267,3.5752709496897254e-07,whisper-inference-56d64c7b67-sxkj9
2026-08-15 18:07:55.467267,5.094753928256837e-07,whisper-inference-56d64c7b67-mvjl8
2026-08-15 18:08:00.466898,2.560843835690601e-06,whisper-inference-56d64c7b67-gfcpt
2026-08-15 18:08:00.466898,3.6358541798715415e-07,whisper-inference-56d64c7b67-sxkj9
2026-08-15 18:08:00.466898,5.094753928256837e-07,whisper-inference-56d64c7b67-mvjl8
2026-08-15 18:08:05.467051,2.6107606192365704e-06,whisper-inference-56d64c7b67-gfcpt
2026-08-15 18:08:05.467051,3.673799931505238e-07,whisper-inference-56d64c7b67-sxkj9
2026-08-15 18:08:05.467051,4.6140161911564005e-07,whisper-inference-56d64c7b67-mvjl8
2026-08-15 18:08:10.467391,2.1920388080910252e-06,whisper-inference-56d64c7b67-gfcpt
2026-08-15 18:08:10.467391,3.855926228660349e-07,whisper-inference-56d64c7b67-sxkj9
2026-08-15 18:08:10.467391,4.6422414071149465e-07,whisper-inference-56d64c7b67-mvjl8
2026-08-15 18:08:15.467370,2.0508435268284626e-06,whisper-inference-56d64c7b67-gfcpt
2026-08-15 18:08:15.467370,3.28804246565361e-07,whisper-inference-56d64c7b67-sxkj9
2026-08-15 18:08:15.467370,4.0301462801135936e-07,whisper-inference-56d64c7b67-mvjl8
2026-08-15 18:08:20.467388,1.1638647532562903e-06,whisper-inference-56d64c7b67-gfcpt
2026-08-15 18:08:20.467388,1.6639805956018064e-07,whisper-inference-56d64c7b67-sxkj9
2026-08-15 18:08:20.467388,3.5402730486514163e-07,whisper-inference-56d64c7b67-mvjl8
2026-08-15 18:08:25.467394,4.16211878475675e-07,whisper-inference-56d64c7b67-gfcpt
2026-08-15 18:08:25.467394,1.844894190421345e-07,whisper-inference-56d64c7b67-sxkj9
2026-08-15 18:08:25.467394,2.0506198557964589e-07,whisper-inference-56d64c7b67-mvjl8
2026-08-15 18:08:30.466909,4.16211878475675e-07,whisper-inference-56d64c7b67-gfcpt
2026-08-15 18:08:30.466909,1.5779434185920072e-07,whisper-inference-56d64c7b67-sxkj9
2026-08-15 18:08:30.466909,4.3629239858565e-08,whisper-inference-56d64c7b67-mvjl8
2026-08-15 18:08:35.467428,5.85469153611911e-08,whisper-inference-56d64c7b67-gfcpt
2026-08-15 18:08:35.467428,7.972275309234425e-07,whisper-inference-56d64c7b67-sxkj9
2026-08-15 18:08:35.467428,4.8660844639896736e-08,whisper-inference-56d64c7b67-mvjl8
2026-08-15 18:08:40.466885,2.0220156324615042e-07,whisper-inference-56d64c7b67-gfcpt
2026-08-15 18:08:40.466885,9.127915503053071e-07,whisper-inference-56d64c7b67-sxkj9
2026-08-15 18:08:40.466885,4.210156582962278e-08,whisper-inference-56d64c7b67-mvjl8
2026-08-15 18:08:45.467384,2.0220156324615042e-07,whisper-inference-56d64c7b67-gfcpt
2026-08-15 18:08:45.467384,9.127915503053071e-07,whisper-inference-56d64c7b67-sxkj9
2026-08-15 18:08:45.467384,2.1505230193437596e-07,whisper-inference-56d64c7b67-mvjl8
2026-08-15 18:08:50.463043,1.998294026835602e-07,whisper-inference-56d64c7b67-gfcpt
2026-08-15 18:08:50.463043,1.0244935362419024e-06,whisper-inference-56d64c7b67-sxkj9
2026-08-15 18:08:50.463043,2.2779864977376712e-07,whisper-inference-56d64c7b67-mvjl8
2026-08-15 18:08:55.467356,2.0515762306707926e-07,whisper-inference-56d64c7b67-gfcpt
2026-08-15 18:08:55.467356,9.921260394724247e-07,whisper-inference-56d64c7b67-sxkj9
2026-08-15 18:08:55.467356,2.5750590226204e-07,whisper-inference-56d64c7b67-mvjl8
2026-08-15 18:09:00.466893,2.0515762306707926e-07,whisper-inference-56d64c7b67-gfcpt
2026-08-15 18:09:00.466893,9.921260394724247e-07,whisper-inference-56d64c7b67-sxkj9
2026-08-15 18:09:00.466893,2.0804630282124264e-07,whisper-inference-56d64c7b67-mvjl8
2026-08-15 18:09:05.467398,2.180668709651042e-07,whisper-inference-56d64c7b67-gfcpt
2026-08-15 18:09:05.467398,1.2394775300164377e-06,whisper-inference-56d64c7b67-sxkj9
2026-08-15 18:09:05.467398,2.654035788349116e-07,whisper-inference-56d64c7b67-mvjl8
2026-08-15 18:09:10.466880,1.8758390836950635e-07,whisper-inference-56d64c7b67-gfcpt
2026-08-15 18:09:10.466880,9.263517248566579e-07,whisper-inference-56d64c7b67-sxkj9
2026-08-15 18:09:10.466880,2.4093049467574157e-07,whisper-inference-56d64c7b67-mvjl8
2026-08-15 18:09:15.466699,1.6525978661429543e-07,whisper-inference-56d64c7b67-gfcpt
2026-08-15 18:09:15.466699,6.393418123099086e-07,whisper-inference-56d64c7b67-sxkj9
2026-08-15 18:09:15.466699,2.725179753348846e-07,whisper-inference-56d64c7b67-mvjl8
2026-08-15 18:09:20.464017,1.1741841404050831e-07,whisper-inference-56d64c7b67-gfcpt
2026-08-15 18:09:20.464017,2.6080433886870573e-07,whisper-inference-56d64c7b67-sxkj9
2026-08-15 18:09:20.464017,4.3646076379626703e-07,whisper-inference-56d64c7b67-mvjl8
2026-08-15 18:09:25.466883,2.6624289069222037e-08,whisper-inference-56d64c7b67-gfcpt
2026-08-15 18:09:25.466883,2.3200544781133996e-07,whisper-inference-56d64c7b67-sxkj9
2026-08-15 18:09:25.466883,4.3646076379626703e-07,whisper-inference-56d64c7b67-mvjl8
2026-08-15 18:09:30.465369,1.0166610856345947e-07,whisper-inference-56d64c7b67-gfcpt
2026-08-15 18:09:30.465369,2.2225347348695789e-07,whisper-inference-56d64c7b67-sxkj9
2026-08-15 18:09:30.465369,3.372091021791042e-07,whisper-inference-56d64c7b67-mvjl8
2026-08-15 18:09:35.467410,1.0166610856345947e-07,whisper-inference-56d64c7b67-gfcpt
2026-08-15 18:09:35.467410,5.0640679181954016e-08,whisper-inference-56d64c7b67-sxkj9
2026-08-15 18:09:35.467410,3.0250519618439925e-07,whisper-inference-56d64c7b67-mvjl8
2026-08-15 18:09:40.467409,1.0055732628007136e-07,whisper-inference-56d64c7b67-gfcpt
2026-08-15 18:09:40.467409,4.1314429272924805e-08,whisper-inference-56d64c7b67-sxkj9
2026-08-15 18:09:40.467409,3.025051961843993e-07,whisper-inference-56d64c7b67-mvjl8
2026-08-15 18:09:45.467369,1.0423937369269492e-07,whisper-inference-56d64c7b67-gfcpt
2026-08-15 18:09:45.467369,4.1314429272924805e-08,whisper-inference-56d64c7b67-sxkj9
2026-08-15 18:09:45.467369,3.704225278816863e-07,whisper-inference-56d64c7b67-mvjl8
2026-08-15 18:09:50.467412,1.7933747034968146e-07,whisper-inference-56d64c7b67-gfcpt
2026-08-15 18:09:50.467412,5.3221341017015466e-08,whisper-inference-56d64c7b67-sxkj9
2026-08-15 18:09:50.467412,3.0449974397030406e-07,whisper-inference-56d64c7b67-mvjl8
2026-08-15 18:09:55.464941,2.1569859119879639e-07,whisper-inference-56d64c7b67-gfcpt
2026-08-15 18:09:55.464941,4.567045584716845e-08,whisper-inference-56d64c7b67-sxkj9
2026-08-15 18:09:55.464941,2.4393164706743275e-07,whisper-inference-56d64c7b67-mvjl8
2026-08-15 18:10:00.467409,1.8626577628235162e-07,whisper-inference-56d64c7b67-gfcpt
2026-08-15 18:10:00.467409,4.1496031230257486e-08,whisper-inference-56d64c7b67-sxkj9
2026-08-15 18:10:00.467409,1.3325629333824134e-07,whisper-inference-56d64c7b67-mvjl8
2026-08-15 18:10:05.467082,1.701144226220157e-07,whisper-inference-56d64c7b67-gfcpt
2026-08-15 18:10:05.467082,4.6313434422825366e-08,whisper-inference-56d64c7b67-sxkj9
2026-08-15 18:10:05.467082,1.3325629333824134e-07,whisper-inference-56d64c7b67-mvjl8
2026-08-15 18:10:10.465154,1.21014789041902e-07,whisper-inference-56d64c7b67-gfcpt
2026-08-15 18:10:10.465154,2.1027266730795958e-08,whisper-inference-56d64c7b67-sxkj9
2026-08-15 18:10:10.465154,1.1268100573474136e-07,whisper-inference-56d64c7b67-mvjl8
2026-08-15 18:10:15.467421,1.24271073374968e-07,whisper-inference-56d64c7b67-gfcpt
2026-08-15 18:10:15.467421,0.0,whisper-inference-56d64c7b67-sxkj9
2026-08-15 18:10:15.467421,1.1627906976691267e-07,whisper-inference-56d64c7b67-mvjl8
2026-08-15 18:10:20.467394,9.76068047745601e-08,whisper-inference-56d64c7b67-gfcpt
2026-08-15 18:10:20.467394,4.297193932366465e-08,whisper-inference-56d64c7b67-sxkj9
2026-08-15 18:10:20.467394,1.1627906976691267e-07,whisper-inference-56d64c7b67-mvjl8
2026-08-15 18:10:25.467876,9.897804180044696e-08,whisper-inference-56d64c7b67-gfcpt
2026-08-15 18:10:25.467876,1.2977749487930702e-07,whisper-inference-56d64c7b67-sxkj9
2026-08-15 18:10:25.467876,2.020239786630327e-07,whisper-inference-56d64c7b67-mvjl8
2026-08-15 18:10:30.467364,9.626599251595235e-08,whisper-inference-56d64c7b67-gfcpt
2026-08-15 18:10:30.467364,1.426745985189923e-07,whisper-inference-56d64c7b67-sxkj9
2026-08-15 18:10:30.467364,1.806846221776221e-07,whisper-inference-56d64c7b67-mvjl8
2026-08-15 18:10:35.465457,7.385018914058432e-08,whisper-inference-56d64c7b67-gfcpt
2026-08-15 18:10:35.465457,1.243226727403954e-07,whisper-inference-56d64c7b67-sxkj9
2026-08-15 18:10:35.465457,2.1882474796943568e-07,whisper-inference-56d64c7b67-mvjl8
2026-08-15 18:10:40.466884,0.0,whisper-inference-56d64c7b67-gfcpt
2026-08-15 18:10:40.466884,1.493807864132843e-07,whisper-inference-56d64c7b67-sxkj9
2026-08-15 18:10:40.466884,1.8098897648477194e-07,whisper-inference-56d64c7b67-mvjl8
2026-08-15 18:10:45.466926,0.0,whisper-inference-56d64c7b67-gfcpt
2026-08-15 18:10:45.466926,1.493807864132843e-07,whisper-inference-56d64c7b67-sxkj9
2026-08-15 18:10:45.466926,1.9131739922833648e-07,whisper-inference-56d64c7b67-mvjl8
2026-08-15 18:10:50.467452,0.0,whisper-inference-56d64c7b67-gfcpt
2026-08-15 18:10:50.467452,1.1740198041074138e-07,whisper-inference-56d64c7b67-sxkj9
2026-08-15 18:10:50.467452,2.1620153297974542e-07,whisper-inference-56d64c7b67-mvjl8
2026-08-15 18:10:55.467411,0.0,whisper-inference-56d64c7b67-gfcpt
2026-08-15 18:10:55.467411,8.348813424900336e-08,whisper-inference-56d64c7b67-sxkj9
2026-08-15 18:10:55.467411,8.259684480061123e-08,whisper-inference-56d64c7b67-mvjl8
2026-08-15 18:11:00.467452,0.0,whisper-inference-56d64c7b67-gfcpt
2026-08-15 18:11:00.467452,8.348813424900336e-08,whisper-inference-56d64c7b67-sxkj9
2026-08-15 18:11:00.467452,8.259684480061121e-08,whisper-inference-56d64c7b67-mvjl8
2026-08-15 18:11:05.466889,0.0,whisper-inference-56d64c7b67-gfcpt
2026-08-15 18:11:05.466889,0.0,whisper-inference-56d64c7b67-sxkj9
2026-08-15 18:11:05.466889,0.0,whisper-inference-56d64c7b67-mvjl8
2026-08-15 18:11:10.467396,0.0,whisper-inference-56d64c7b67-gfcpt
2026-08-15 18:11:10.467396,0.0,whisper-inference-56d64c7b67-sxkj9
2026-08-15 18:11:10.467396,0.0,whisper-inference-56d64c7b67-mvjl8
2026-08-15 18:11:15.467406,0.0,whisper-inference-56d64c7b67-gfcpt
2026-08-15 18:11:15.467406,0.0,whisper-inference-56d64c7b67-sxkj9
2026-08-15 18:11:15.467406,0.0,whisper-inference-56d64c7b67-mvjl8
2026-08-15 18:11:20.467423,0.0,whisper-inference-56d64c7b67-gfcpt
2026-08-15 18:11:20.467423,0.0,whisper-inference-56d64c7b67-sxkj9
2026-08-15 18:11:20.467423,0.0,whisper-inference-56d64c7b67-mvjl8
2026-08-15 18:11:25.464253,0.0,whisper-inference-56d64c7b67-gfcpt
2026-08-15 18:11:25.464253,0.0,whisper-inference-56d64c7b67-sxkj9
2026-08-15 18:11:25.464253,0.0,whisper-inference-56d64c7b67-mvjl8
2026-08-15 18:11:30.465287,0.0,whisper-inference-56d64c7b67-gfcpt
2026-08-15 18:11:30.465287,0.0,whisper-inference-56d64c7b67-sxkj9
2026-08-15 18:11:30.465287,6.388352100918814e-08,whisper-inference-56d64c7b67-mvjl8
2026-08-15 18:11:35.464760,0.0,whisper-inference-56d64c7b67-gfcpt
2026-08-15 18:11:35.464760,0.0,whisper-inference-56d64c7b67-sxkj9
2026-08-15 18:11:35.464760,7.695110284321639e-08,whisper-inference-56d64c7b67-mvjl8
2026-08-15 18:11:40.467413,0.0,whisper-inference-56d64c7b67-gfcpt
2026-08-15 18:11:40.467413,8.990948413407527e-08,whisper-inference-56d64c7b67-sxkj9
2026-08-15 18:11:40.467413,8.19259418276563e-08,whisper-inference-56d64c7b67-mvjl8
2026-08-15 18:11:45.467406,0.0,whisper-inference-56d64c7b67-gfcpt
2026-08-15 18:11:45.467406,8.990948413407525e-08,whisper-inference-56d64c7b67-sxkj9
2026-08-15 18:11:45.467406,6.947864688412956e-08,whisper-inference-56d64c7b67-mvjl8
2026-08-15 18:11:50.467413,0.0,whisper-inference-56d64c7b67-gfcpt
2026-08-15 18:11:50.467413,1.1272873288652833e-07,whisper-inference-56d64c7b67-sxkj9
2026-08-15 18:11:50.467413,6.600064626776404e-08,whisper-inference-56d64c7b67-mvjl8
2026-08-15 18:11:55.467384,0.0,whisper-inference-56d64c7b67-gfcpt
2026-08-15 18:11:55.467384,9.925888006508415e-08,whisper-inference-56d64c7b67-sxkj9
2026-08-15 18:11:55.467384,8.148925515384701e-08,whisper-inference-56d64c7b67-mvjl8
2026-08-15 18:12:00.467389,0.0,whisper-inference-56d64c7b67-gfcpt
2026-08-15 18:12:00.467389,8.64424489562238e-08,whisper-inference-56d64c7b67-sxkj9
2026-08-15 18:12:00.467389,7.244037642268987e-08,whisper-inference-56d64c7b67-mvjl8
2026-08-15 18:12:05.466889,0.0,whisper-inference-56d64c7b67-gfcpt
2026-08-15 18:12:05.466889,1.0274466470179696e-07,whisper-inference-56d64c7b67-sxkj9
2026-08-15 18:12:05.466889,6.227849895635965e-08,whisper-inference-56d64c7b67-mvjl8
2026-08-15 18:12:10.467409,0.0,whisper-inference-56d64c7b67-gfcpt
2026-08-15 18:12:10.467409,9.454636764656631e-08,whisper-inference-56d64c7b67-sxkj9
2026-08-15 18:12:10.467409,1.9545374587123512e-08,whisper-inference-56d64c7b67-mvjl8
2026-08-15 18:12:15.467434,0.0,whisper-inference-56d64c7b67-gfcpt
2026-08-15 18:12:15.467434,9.389323734467162e-08,whisper-inference-56d64c7b67-sxkj9
2026-08-15 18:12:15.467434,1.4818578263277449e-07,whisper-inference-56d64c7b67-mvjl8
2026-08-15 18:12:20.467451,0.0,whisper-inference-56d64c7b67-gfcpt
2026-08-15 18:12:20.467451,2.605591599502969e-08,whisper-inference-56d64c7b67-sxkj9
2026-08-15 18:12:20.467451,1.4818578263277449e-07,whisper-inference-56d64c7b67-mvjl8
2026-08-15 18:12:25.467393,0.0,whisper-inference-56d64c7b67-gfcpt
2026-08-15 18:12:25.467393,4.874914887237832e-08,whisper-inference-56d64c7b67-sxkj9
2026-08-15 18:12:25.467393,2.160827288163914e-07,whisper-inference-56d64c7b67-mvjl8
2026-08-15 18:12:30.467401,1.9232618521030872e-08,whisper-inference-56d64c7b67-gfcpt
2026-08-15 18:12:30.467401,4.874914887237832e-08,whisper-inference-56d64c7b67-sxkj9
2026-08-15 18:12:30.467401,3.7043345807622535e-07,whisper-inference-56d64c7b67-mvjl8
2026-08-15 18:12:35.466895,2.972121500329906e-08,whisper-inference-56d64c7b67-gfcpt
2026-08-15 18:12:35.466895,4.92504407651557e-08,whisper-inference-56d64c7b67-sxkj9
2026-08-15 18:12:35.466895,3.7043345807622535e-07,whisper-inference-56d64c7b67-mvjl8
2026-08-15 18:12:40.467435,2.972121500329906e-08,whisper-inference-56d64c7b67-gfcpt
2026-08-15 18:12:40.467435,4.92504407651557e-08,whisper-inference-56d64c7b67-sxkj9
2026-08-15 18:12:40.467435,5.60563400527488e-07,whisper-inference-56d64c7b67-mvjl8
2026-08-15 18:12:45.467397,2.1322416256231478e-08,whisper-inference-56d64c7b67-gfcpt
2026-08-15 18:12:45.467397,4.92504407651557e-08,whisper-inference-56d64c7b67-sxkj9
2026-08-15 18:12:45.467397,3.9669857027837076e-07,whisper-inference-56d64c7b67-mvjl8
2026-08-15 18:12:50.467409,2.1322416256231478e-08,whisper-inference-56d64c7b67-gfcpt
2026-08-15 18:12:50.467409,4.8099014304306986e-08,whisper-inference-56d64c7b67-sxkj9
2026-08-15 18:12:50.467409,3.966985702783707e-07,whisper-inference-56d64c7b67-mvjl8
2026-08-15 18:12:55.467424,2.2590701667216377e-08,whisper-inference-56d64c7b67-gfcpt
2026-08-15 18:12:55.467424,2.568251277636296e-08,whisper-inference-56d64c7b67-sxkj9
2026-08-15 18:12:55.467424,3.9669857027837076e-07,whisper-inference-56d64c7b67-mvjl8
2026-08-15 18:13:00.467468,2.2590701667216377e-08,whisper-inference-56d64c7b67-gfcpt
2026-08-15 18:13:00.467468,2.1945921188341953e-08,whisper-inference-56d64c7b67-sxkj9
2026-08-15 18:13:00.467468,3.1057995895592663e-07,whisper-inference-56d64c7b67-mvjl8
2026-08-15 18:13:05.465747,2.2590701667216377e-08,whisper-inference-56d64c7b67-gfcpt
2026-08-15 18:13:05.465747,1.891288724086024e-08,whisper-inference-56d64c7b67-sxkj9
2026-08-15 18:13:05.465747,2.046341983412253e-07,whisper-inference-56d64c7b67-mvjl8
2026-08-15 18:13:10.466728,0.0,whisper-inference-56d64c7b67-gfcpt
2026-08-15 18:13:10.466728,0.0,whisper-inference-56d64c7b67-sxkj9
2026-08-15 18:13:10.466728,3.9326726443330186e-08,whisper-inference-56d64c7b67-mvjl8
2026-08-15 18:13:15.467453,0.0,whisper-inference-56d64c7b67-gfcpt
2026-08-15 18:13:15.467453,0.0,whisper-inference-56d64c7b67-sxkj9
2026-08-15 18:13:15.467453,0.0,whisper-inference-56d64c7b67-mvjl8
2026-08-15 18:13:20.467352,0.0,whisper-inference-56d64c7b67-gfcpt
2026-08-15 18:13:20.467352,0.0,whisper-inference-56d64c7b67-sxkj9
2026-08-15 18:13:20.467352,2.0884238665100352e-08,whisper-inference-56d64c7b67-mvjl8
2026-08-15 18:13:25.467402,0.0,whisper-inference-56d64c7b67-gfcpt
2026-08-15 18:13:25.467402,0.0,whisper-inference-56d64c7b67-sxkj9
2026-08-15 18:13:25.467402,2.0884238665100352e-08,whisper-inference-56d64c7b67-mvjl8
2026-08-15 18:13:30.467408,0.0,whisper-inference-56d64c7b67-gfcpt
2026-08-15 18:13:30.467408,0.0,whisper-inference-56d64c7b67-sxkj9
2026-08-15 18:13:30.467408,3.1580609505795045e-08,whisper-inference-56d64c7b67-mvjl8
2026-08-15 18:13:35.467391,0.0,whisper-inference-56d64c7b67-gfcpt
2026-08-15 18:13:35.467391,0.0,whisper-inference-56d64c7b67-sxkj9
2026-08-15 18:13:35.467391,2.5207247749906784e-08,whisper-inference-56d64c7b67-mvjl8
2026-08-15 18:13:40.467414,0.0,whisper-inference-56d64c7b67-gfcpt
2026-08-15 18:13:40.467414,0.0,whisper-inference-56d64c7b67-sxkj9
2026-08-15 18:13:40.467414,3.990980384335403e-08,whisper-inference-56d64c7b67-mvjl8
2026-08-15 18:13:45.463269,0.0,whisper-inference-56d64c7b67-gfcpt
2026-08-15 18:13:45.463269,0.0,whisper-inference-56d64c7b67-sxkj9
2026-08-15 18:13:45.463269,7.527864066560311e-08,whisper-inference-56d64c7b67-mvjl8
2026-08-15 18:13:50.466881,0.0,whisper-inference-56d64c7b67-gfcpt
2026-08-15 18:13:50.466881,0.0,whisper-inference-56d64c7b67-sxkj9
2026-08-15 18:13:50.466881,7.017132007699863e-08,whisper-inference-56d64c7b67-mvjl8
2026-08-15 18:13:55.467430,0.0,whisper-inference-56d64c7b67-gfcpt
2026-08-15 18:13:55.467430,0.0,whisper-inference-56d64c7b67-sxkj9
2026-08-15 18:13:55.467430,7.017132007699863e-08,whisper-inference-56d64c7b67-mvjl8
2026-08-15 18:14:00.467423,0.0,whisper-inference-56d64c7b67-gfcpt
2026-08-15 18:14:00.467423,0.0,whisper-inference-56d64c7b67-sxkj9
2026-08-15 18:14:00.467423,6.511598263381939e-08,whisper-inference-56d64c7b67-mvjl8
2026-08-15 18:14:05.467407,2.061048249141574e-08,whisper-inference-56d64c7b67-gfcpt
2026-08-15 18:14:05.467407,0.0,whisper-inference-56d64c7b67-sxkj9
2026-08-15 18:14:05.467407,4.18668382172211e-08,whisper-inference-56d64c7b67-mvjl8
2026-08-15 18:14:10.466886,2.061048249141574e-08,whisper-inference-56d64c7b67-gfcpt
2026-08-15 18:14:10.466886,0.0,whisper-inference-56d64c7b67-sxkj9
2026-08-15 18:14:10.466886,4.1866838217221105e-08,whisper-inference-56d64c7b67-mvjl8
2026-08-15 18:14:15.466888,2.7772856517963033e-08,whisper-inference-56d64c7b67-gfcpt
2026-08-15 18:14:15.466888,7.151370679321203e-08,whisper-inference-56d64c7b67-sxkj9
2026-08-15 18:14:15.466888,2.073785280274155e-08,whisper-inference-56d64c7b67-mvjl8
2026-08-15 18:14:20.467446,2.3971042980104037e-08,whisper-inference-56d64c7b67-gfcpt
2026-08-15 18:14:20.467446,1.271919607237396e-07,whisper-inference-56d64c7b67-sxkj9
2026-08-15 18:14:20.467446,2.0737852802741544e-08,whisper-inference-56d64c7b67-mvjl8
2026-08-15 18:14:25.467611,2.3971042980104037e-08,whisper-inference-56d64c7b67-gfcpt
2026-08-15 18:14:25.467611,1.551327384856823e-07,whisper-inference-56d64c7b67-sxkj9
2026-08-15 18:14:25.467611,0.0,whisper-inference-56d64c7b67-mvjl8
2026-08-15 18:14:30.464283,1.773930320018804e-08,whisper-inference-56d64c7b67-gfcpt
2026-08-15 18:14:30.464283,1.5048821269239188e-07,whisper-inference-56d64c7b67-sxkj9
2026-08-15 18:14:30.464283,0.0,whisper-inference-56d64c7b67-mvjl8
2026-08-15 18:14:35.467421,2.291580732391494e-08,whisper-inference-56d64c7b67-gfcpt
2026-08-15 18:14:35.467421,1.3834411850263082e-07,whisper-inference-56d64c7b67-sxkj9
2026-08-15 18:14:35.467421,0.0,whisper-inference-56d64c7b67-mvjl8
2026-08-15 18:14:40.464241,2.291580732391494e-08,whisper-inference-56d64c7b67-gfcpt
2026-08-15 18:14:40.464241,1.1858603066906836e-07,whisper-inference-56d64c7b67-sxkj9
2026-08-15 18:14:40.464241,0.0,whisper-inference-56d64c7b67-mvjl8
2026-08-15 18:14:45.463240,0.0,whisper-inference-56d64c7b67-gfcpt
2026-08-15 18:14:45.463240,1.5737542777491162e-07,whisper-inference-56d64c7b67-sxkj9
2026-08-15 18:14:45.463240,0.0,whisper-inference-56d64c7b67-mvjl8
2026-08-15 18:14:50.466899,0.0,whisper-inference-56d64c7b67-gfcpt
2026-08-15 18:14:50.466899,1.7290485587097566e-07,whisper-inference-56d64c7b67-sxkj9
2026-08-15 18:14:50.466899,2.214005800697412e-08,whisper-inference-56d64c7b67-mvjl8
2026-08-15 18:14:55.467404,0.0,whisper-inference-56d64c7b67-gfcpt
2026-08-15 18:14:55.467404,1.7290485587097566e-07,whisper-inference-56d64c7b67-sxkj9
2026-08-15 18:14:55.467404,6.267265634923138e-08,whisper-inference-56d64c7b67-mvjl8
2026-08-15 18:15:00.464933,0.0,whisper-inference-56d64c7b67-gfcpt
2026-08-15 18:15:00.464933,1.1517403241928249e-07,whisper-inference-56d64c7b67-sxkj9
2026-08-15 18:15:00.464933,6.121726066516553e-08,whisper-inference-56d64c7b67-mvjl8
2026-08-15 18:15:05.463253,0.0,whisper-inference-56d64c7b67-gfcpt
2026-08-15 18:15:05.463253,8.573736165989577e-08,whisper-inference-56d64c7b67-sxkj9
2026-08-15 18:15:05.463253,8.305602139488481e-08,whisper-inference-56d64c7b67-mvjl8
2026-08-15 18:15:10.467411,0.0,whisper-inference-56d64c7b67-gfcpt
2026-08-15 18:15:10.467411,8.573736165989577e-08,whisper-inference-56d64c7b67-sxkj9
2026-08-15 18:15:10.467411,7.043296869468517e-08,whisper-inference-56d64c7b67-mvjl8
2026-08-15 18:15:15.463827,0.0,whisper-inference-56d64c7b67-gfcpt
2026-08-15 18:15:15.463827,7.76882315622174e-08,whisper-inference-56d64c7b67-sxkj9
2026-08-15 18:15:15.463827,6.540124394875749e-08,whisper-inference-56d64c7b67-mvjl8
2026-08-15 18:15:20.467416,0.0,whisper-inference-56d64c7b67-gfcpt
2026-08-15 18:15:20.467416,9.059220388735181e-08,whisper-inference-56d64c7b67-sxkj9
2026-08-15 18:15:20.467416,8.11187636611039e-08,whisper-inference-56d64c7b67-mvjl8
2026-08-15 18:15:25.467417,0.0,whisper-inference-56d64c7b67-gfcpt
2026-08-15 18:15:25.467417,9.845435987740487e-08,whisper-inference-56d64c7b67-sxkj9
2026-08-15 18:15:25.467417,6.658345205144585e-08,whisper-inference-56d64c7b67-mvjl8
2026-08-15 18:15:30.467411,0.0,whisper-inference-56d64c7b67-gfcpt
2026-08-15 18:15:30.467411,7.881781011435679e-08,whisper-inference-56d64c7b67-sxkj9
2026-08-15 18:15:30.467411,6.658345205144585e-08,whisper-inference-56d64c7b67-mvjl8
2026-08-15 18:15:35.462761,0.0,whisper-inference-56d64c7b67-gfcpt
2026-08-15 18:15:35.462761,6.673155652137792e-08,whisper-inference-56d64c7b67-sxkj9
2026-08-15 18:15:35.462761,0.0,whisper-inference-56d64c7b67-mvjl8
2026-08-15 18:15:40.467412,0.0,whisper-inference-56d64c7b67-gfcpt
2026-08-15 18:15:40.467412,4.4666948252010164e-08,whisper-inference-56d64c7b67-sxkj9
2026-08-15 18:15:40.467412,6.090082121116726e-08,whisper-inference-56d64c7b67-mvjl8
2026-08-15 18:15:45.466908,0.0,whisper-inference-56d64c7b67-gfcpt
2026-08-15 18:15:45.466908,3.946575542431712e-08,whisper-inference-56d64c7b67-sxkj9
2026-08-15 18:15:45.466908,7.379655663472349e-08,whisper-inference-56d64c7b67-mvjl8
2026-08-15 18:15:50.466923,0.0,whisper-inference-56d64c7b67-gfcpt
2026-08-15 18:15:50.466923,0.0,whisper-inference-56d64c7b67-sxkj9
2026-08-15 18:15:50.466923,6.893180217440396e-08,whisper-inference-56d64c7b67-mvjl8
2026-08-15 18:15:55.464275,0.0,whisper-inference-56d64c7b67-gfcpt
2026-08-15 18:15:55.464275,0.0,whisper-inference-56d64c7b67-sxkj9
2026-08-15 18:15:55.464275,7.55458917679871e-08,whisper-inference-56d64c7b67-mvjl8
2026-08-15 18:16:00.467429,0.0,whisper-inference-56d64c7b67-gfcpt
2026-08-15 18:16:00.467429,6.717989686979674e-07,whisper-inference-56d64c7b67-sxkj9
2026-08-15 18:16:00.467429,7.791620495710397e-08,whisper-inference-56d64c7b67-mvjl8
2026-08-15 18:16:05.466584,0.0,whisper-inference-56d64c7b67-gfcpt
2026-08-15 18:16:05.466584,1.5595001033153712e-06,whisper-inference-56d64c7b67-sxkj9
2026-08-15 18:16:05.466584,7.183811113887901e-08,whisper-inference-56d64c7b67-mvjl8
2026-08-15 18:16:10.466893,0.0,whisper-inference-56d64c7b67-gfcpt
2026-08-15 18:16:10.466893,1.5595001033153712e-06,whisper-inference-56d64c7b67-sxkj9
2026-08-15 18:16:10.466893,7.850384142251208e-08,whisper-inference-56d64c7b67-mvjl8
2026-08-15 18:16:15.467311,0.0,whisper-inference-56d64c7b67-gfcpt
2026-08-15 18:16:15.467311,1.7364096099018593e-06,whisper-inference-56d64c7b67-sxkj9
2026-08-15 18:16:15.467311,7.498571417966052e-08,whisper-inference-56d64c7b67-mvjl8
2026-08-15 18:16:20.467410,2.1648542415495092e-08,whisper-inference-56d64c7b67-gfcpt
2026-08-15 18:16:20.467410,1.5041986564261627e-06,whisper-inference-56d64c7b67-sxkj9
2026-08-15 18:16:20.467410,1.9538350605378896e-08,whisper-inference-56d64c7b67-mvjl8
2026-08-15 18:16:25.467420,2.501813815018389e-08,whisper-inference-56d64c7b67-gfcpt
2026-08-15 18:16:25.467420,1.7383377994171832e-06,whisper-inference-56d64c7b67-sxkj9
2026-08-15 18:16:25.467420,2.27019909646303e-08,whisper-inference-56d64c7b67-mvjl8
2026-08-15 18:16:30.464953,2.1426297954927625e-08,whisper-inference-56d64c7b67-gfcpt
2026-08-15 18:16:30.464953,1.8083595375570588e-06,whisper-inference-56d64c7b67-sxkj9
2026-08-15 18:16:30.464953,2.27019909646303e-08,whisper-inference-56d64c7b67-mvjl8
2026-08-15 18:16:35.467415,2.2074080614564482e-08,whisper-inference-56d64c7b67-gfcpt
2026-08-15 18:16:35.467415,1.5743971269266202e-06,whisper-inference-56d64c7b67-sxkj9
2026-08-15 18:16:35.467415,5.013091112162442e-08,whisper-inference-56d64c7b67-mvjl8
2026-08-15 18:16:40.467404,2.2074080614564482e-08,whisper-inference-56d64c7b67-gfcpt
2026-08-15 18:16:40.467404,8.930217312713268e-07,whisper-inference-56d64c7b67-sxkj9
2026-08-15 18:16:40.467404,7.04942149815249e-08,whisper-inference-56d64c7b67-mvjl8
2026-08-15 18:16:45.467438,2.2074080614564482e-08,whisper-inference-56d64c7b67-gfcpt
2026-08-15 18:16:45.467438,7.138712671329306e-07,whisper-inference-56d64c7b67-sxkj9
2026-08-15 18:16:45.467438,7.04942149815249e-08,whisper-inference-56d64c7b67-mvjl8
2026-08-15 18:16:50.467410,2.9017726340491956e-08,whisper-inference-56d64c7b67-gfcpt
2026-08-15 18:16:50.467410,5.048274241586106e-08,whisper-inference-56d64c7b67-sxkj9
2026-08-15 18:16:50.467410,7.849823719410261e-08,whisper-inference-56d64c7b67-mvjl8
2026-08-15 18:16:55.464971,2.2241992882584524e-08,whisper-inference-56d64c7b67-gfcpt
2026-08-15 18:16:55.464971,3.873824992924753e-08,whisper-inference-56d64c7b67-sxkj9
2026-08-15 18:16:55.464971,5.9375798513906956e-08,whisper-inference-56d64c7b67-mvjl8
2026-08-15 18:17:00.467410,2.2241992882584524e-08,whisper-inference-56d64c7b67-gfcpt
2026-08-15 18:17:00.467410,5.031485513945016e-08,whisper-inference-56d64c7b67-sxkj9
2026-08-15 18:17:00.467410,5.379860867532804e-08,whisper-inference-56d64c7b67-mvjl8
2026-08-15 18:17:05.467421,1.9791006966454243e-08,whisper-inference-56d64c7b67-gfcpt
2026-08-15 18:17:05.467421,3.069085105818236e-08,whisper-inference-56d64c7b67-sxkj9
2026-08-15 18:17:05.467421,5.255080930655904e-08,whisper-inference-56d64c7b67-mvjl8
2026-08-15 18:17:10.467367,1.9791006966454243e-08,whisper-inference-56d64c7b67-gfcpt
2026-08-15 18:17:10.467367,3.9937693302965734e-08,whisper-inference-56d64c7b67-sxkj9
2026-08-15 18:17:10.467367,8.914214051275213e-07,whisper-inference-56d64c7b67-mvjl8
2026-08-15 18:17:15.463421,3.1411967959824096e-08,whisper-inference-56d64c7b67-gfcpt
2026-08-15 18:17:15.463421,4.790929715604106e-08,whisper-inference-56d64c7b67-sxkj9
2026-08-15 18:17:15.463421,8.692592669244053e-07,whisper-inference-56d64c7b67-mvjl8
2026-08-15 18:17:20.466896,2.6406863515025624e-08,whisper-inference-56d64c7b67-gfcpt
2026-08-15 18:17:20.466896,2.3087982371941993e-08,whisper-inference-56d64c7b67-sxkj9
2026-08-15 18:17:20.466896,2.0929150696365197e-06,whisper-inference-56d64c7b67-mvjl8
2026-08-15 18:17:25.466892,2.0958209330615755e-08,whisper-inference-56d64c7b67-gfcpt
2026-08-15 18:17:25.466892,1.9735933214169525e-08,whisper-inference-56d64c7b67-sxkj9
2026-08-15 18:17:25.466892,1.7585487136939739e-06,whisper-inference-56d64c7b67-mvjl8
2026-08-15 18:17:30.467408,2.0958209330615755e-08,whisper-inference-56d64c7b67-gfcpt
2026-08-15 18:17:30.467408,4.285107758599607e-08,whisper-inference-56d64c7b67-sxkj9
2026-08-15 18:17:30.467408,2.1120616638057494e-06,whisper-inference-56d64c7b67-mvjl8
2026-08-15 18:17:35.464929,2.8882534731276904e-08,whisper-inference-56d64c7b67-gfcpt
2026-08-15 18:17:35.464929,4.70299130901579e-08,whisper-inference-56d64c7b67-sxkj9
2026-08-15 18:17:35.464929,1.9861811187356007e-06,whisper-inference-56d64c7b67-mvjl8
2026-08-15 18:17:40.466893,1.981964126451293e-08,whisper-inference-56d64c7b67-gfcpt
2026-08-15 18:17:40.466893,4.782254667394489e-08,whisper-inference-56d64c7b67-sxkj9
2026-08-15 18:17:40.466893,1.8853623831967423e-06,whisper-inference-56d64c7b67-mvjl8
2026-08-15 18:17:45.466558,0.0,whisper-inference-56d64c7b67-gfcpt
2026-08-15 18:17:45.466558,6.056275201847968e-08,whisper-inference-56d64c7b67-sxkj9
2026-08-15 18:17:45.466558,2.233415837199617e-06,whisper-inference-56d64c7b67-mvjl8
2026-08-15 18:17:50.463516,0.0,whisper-inference-56d64c7b67-gfcpt
2026-08-15 18:17:50.463516,6.941432591437269e-08,whisper-inference-56d64c7b67-sxkj9
2026-08-15 18:17:50.463516,2.0630639163280975e-06,whisper-inference-56d64c7b67-mvjl8
2026-08-15 18:17:55.467397,2.1718356354812788e-08,whisper-inference-56d64c7b67-gfcpt
2026-08-15 18:17:55.467397,6.973117827480551e-08,whisper-inference-56d64c7b67-sxkj9
2026-08-15 18:17:55.467397,1.2740338620483264e-06,whisper-inference-56d64c7b67-mvjl8
2026-08-15 18:18:00.464388,2.171835635481279e-08,whisper-inference-56d64c7b67-gfcpt
2026-08-15 18:18:00.464388,6.028502284024778e-08,whisper-inference-56d64c7b67-sxkj9
2026-08-15 18:18:00.464388,2.427587694956542e-07,whisper-inference-56d64c7b67-mvjl8
2026-08-15 18:18:05.466885,4.5277538594022004e-08,whisper-inference-56d64c7b67-gfcpt
2026-08-15 18:18:05.466885,6.759324424993358e-08,whisper-inference-56d64c7b67-sxkj9
2026-08-15 18:18:05.466885,2.427587694956542e-07,whisper-inference-56d64c7b67-mvjl8
2026-08-15 18:18:10.467426,4.5277538594022004e-08,whisper-inference-56d64c7b67-gfcpt
2026-08-15 18:18:10.467426,7.390260443648521e-08,whisper-inference-56d64c7b67-sxkj9
2026-08-15 18:18:10.467426,2.0488487127646214e-07,whisper-inference-56d64c7b67-mvjl8
2026-08-15 18:18:15.466935,4.6383813715267136e-08,whisper-inference-56d64c7b67-gfcpt
2026-08-15 18:18:15.466935,5.963058061638114e-08,whisper-inference-56d64c7b67-sxkj9
2026-08-15 18:18:15.466935,2.0488487127646214e-07,whisper-inference-56d64c7b67-mvjl8
2026-08-15 18:18:20.463952,4.713459310544022e-08,whisper-inference-56d64c7b67-gfcpt
2026-08-15 18:18:20.463952,4.5656701273615316e-08,whisper-inference-56d64c7b67-sxkj9
2026-08-15 18:18:20.463952,5.156381539945577e-08,whisper-inference-56d64c7b67-mvjl8
2026-08-15 18:18:25.462910,4.713459310544022e-08,whisper-inference-56d64c7b67-gfcpt
2026-08-15 18:18:25.462910,4.317428390509974e-08,whisper-inference-56d64c7b67-sxkj9
2026-08-15 18:18:25.462910,5.0000220576173835e-08,whisper-inference-56d64c7b67-mvjl8
2026-08-15 18:18:30.467415,5.2652073787439985e-08,whisper-inference-56d64c7b67-gfcpt
2026-08-15 18:18:30.467415,2.1556834593831393e-08,whisper-inference-56d64c7b67-sxkj9
2026-08-15 18:18:30.467415,3.820653675741549e-08,whisper-inference-56d64c7b67-mvjl8
2026-08-15 18:18:35.467415,4.460203831319552e-08,whisper-inference-56d64c7b67-gfcpt
2026-08-15 18:18:35.467415,2.1556834593831396e-08,whisper-inference-56d64c7b67-sxkj9
2026-08-15 18:18:35.467415,1.929794090972423e-08,whisper-inference-56d64c7b67-mvjl8
2026-08-15 18:18:40.464665,4.460203831319552e-08,whisper-inference-56d64c7b67-gfcpt
2026-08-15 18:18:40.464665,0.0,whisper-inference-56d64c7b67-sxkj9
2026-08-15 18:18:40.464665,0.0,whisper-inference-56d64c7b67-mvjl8
2026-08-15 18:18:45.467447,1.015330527122416e-07,whisper-inference-56d64c7b67-gfcpt
2026-08-15 18:18:45.467447,0.0,whisper-inference-56d64c7b67-sxkj9
2026-08-15 18:18:45.467447,0.0,whisper-inference-56d64c7b67-mvjl8
2026-08-15 18:18:50.467439,1.9222912661340316e-07,whisper-inference-56d64c7b67-gfcpt
2026-08-15 18:18:50.467439,0.0,whisper-inference-56d64c7b67-sxkj9
2026-08-15 18:18:50.467439,0.0,whisper-inference-56d64c7b67-mvjl8
2026-08-15 18:18:55.467008,1.9222912661340313e-07,whisper-inference-56d64c7b67-gfcpt
2026-08-15 18:18:55.467008,0.0,whisper-inference-56d64c7b67-sxkj9
2026-08-15 18:18:55.467008,0.0,whisper-inference-56d64c7b67-mvjl8
2026-08-15 18:19:00.467405,1.4508320018943364e-07,whisper-inference-56d64c7b67-gfcpt
2026-08-15 18:19:00.467405,0.0,whisper-inference-56d64c7b67-sxkj9
2026-08-15 18:19:00.467405,0.0,whisper-inference-56d64c7b67-mvjl8
2026-08-15 18:19:05.467193,1.9361902466879563e-07,whisper-inference-56d64c7b67-gfcpt
2026-08-15 18:19:05.467193,0.0,whisper-inference-56d64c7b67-sxkj9
2026-08-15 18:19:05.467193,0.0,whisper-inference-56d64c7b67-mvjl8
2026-08-15 18:19:10.467394,1.6756115266560778e-07,whisper-inference-56d64c7b67-gfcpt
2026-08-15 18:19:10.467394,0.0,whisper-inference-56d64c7b67-sxkj9
2026-08-15 18:19:10.467394,0.0,whisper-inference-56d64c7b67-mvjl8
2026-08-15 18:19:15.466889,1.6376572487135917e-07,whisper-inference-56d64c7b67-gfcpt
2026-08-15 18:19:15.466889,0.0,whisper-inference-56d64c7b67-sxkj9
2026-08-15 18:19:15.466889,6.427274326490778e-08,whisper-inference-56d64c7b67-mvjl8
2026-08-15 18:19:20.463927,1.7120951402184243e-07,whisper-inference-56d64c7b67-gfcpt
2026-08-15 18:19:20.463927,0.0,whisper-inference-56d64c7b67-sxkj9
2026-08-15 18:19:20.463927,6.935227918728743e-08,whisper-inference-56d64c7b67-mvjl8
2026-08-15 18:19:25.467413,1.4101869961348333e-07,whisper-inference-56d64c7b67-gfcpt
2026-08-15 18:19:25.467413,0.0,whisper-inference-56d64c7b67-sxkj9
2026-08-15 18:19:25.467413,6.935227918728743e-08,whisper-inference-56d64c7b67-mvjl8
2026-08-15 18:19:30.464929,0.0,whisper-inference-56d64c7b67-gfcpt
2026-08-15 18:19:30.464929,0.0,whisper-inference-56d64c7b67-sxkj9
2026-08-15 18:19:30.464929,6.646467271607978e-08,whisper-inference-56d64c7b67-mvjl8
2026-08-15 18:19:35.467415,0.0,whisper-inference-56d64c7b67-gfcpt
2026-08-15 18:19:35.467415,0.0,whisper-inference-56d64c7b67-sxkj9
2026-08-15 18:19:35.467415,6.105223777308808e-08,whisper-inference-56d64c7b67-mvjl8
2026-08-15 18:19:40.467192,0.0,whisper-inference-56d64c7b67-gfcpt
2026-08-15 18:19:40.467192,0.0,whisper-inference-56d64c7b67-sxkj9
2026-08-15 18:19:40.467192,8.899902257966392e-08,whisper-inference-56d64c7b67-mvjl8
2026-08-15 18:19:45.467404,0.0,whisper-inference-56d64c7b67-gfcpt
2026-08-15 18:19:45.467404,0.0,whisper-inference-56d64c7b67-sxkj9
2026-08-15 18:19:45.467404,2.3298067605746296e-07,whisper-inference-56d64c7b67-mvjl8
2026-08-15 18:19:50.467881,2.2021096210191365e-08,whisper-inference-56d64c7b67-gfcpt
2026-08-15 18:19:50.467881,0.0,whisper-inference-56d64c7b67-sxkj9
2026-08-15 18:19:50.467881,3.659202223929998e-07,whisper-inference-56d64c7b67-mvjl8
2026-08-15 18:19:55.464312,4.464757824478726e-08,whisper-inference-56d64c7b67-gfcpt
2026-08-15 18:19:55.464312,0.0,whisper-inference-56d64c7b67-sxkj9
2026-08-15 18:19:55.464312,3.7323082432610905e-07,whisper-inference-56d64c7b67-mvjl8
2026-08-15 18:20:00.467415,4.511456335152043e-08,whisper-inference-56d64c7b67-gfcpt
2026-08-15 18:20:00.467415,0.0,whisper-inference-56d64c7b67-sxkj9
2026-08-15 18:20:00.467415,3.2740992092412535e-07,whisper-inference-56d64c7b67-mvjl8
2026-08-15 18:20:05.465994,4.511456335152043e-08,whisper-inference-56d64c7b67-gfcpt
2026-08-15 18:20:05.465994,0.0,whisper-inference-56d64c7b67-sxkj9
2026-08-15 18:20:05.465994,3.2740992092412535e-07,whisper-inference-56d64c7b67-mvjl8
2026-08-15 18:20:10.467403,9.142032092545835e-08,whisper-inference-56d64c7b67-gfcpt
2026-08-15 18:20:10.467403,0.0,whisper-inference-56d64c7b67-sxkj9
2026-08-15 18:20:10.467403,3.609905800450099e-07,whisper-inference-56d64c7b67-mvjl8
2026-08-15 18:20:15.467141,1.3751150581045404e-07,whisper-inference-56d64c7b67-gfcpt
2026-08-15 18:20:15.467141,0.0,whisper-inference-56d64c7b67-sxkj9
2026-08-15 18:20:15.467141,4.3262706063521977e-07,whisper-inference-56d64c7b67-mvjl8
2026-08-15 18:20:20.467506,1.2264111295465936e-07,whisper-inference-56d64c7b67-gfcpt
2026-08-15 18:20:20.467506,0.0,whisper-inference-56d64c7b67-sxkj9
2026-08-15 18:20:20.467506,3.80818581925206e-07,whisper-inference-56d64c7b67-mvjl8
2026-08-15 18:20:25.467475,1.4250366618228098e-07,whisper-inference-56d64c7b67-gfcpt
2026-08-15 18:20:25.467475,0.0,whisper-inference-56d64c7b67-sxkj9
2026-08-15 18:20:25.467475,3.80818581925206e-07,whisper-inference-56d64c7b67-mvjl8
2026-08-15 18:20:30.467369,1.2388692808433278e-07,whisper-inference-56d64c7b67-gfcpt
2026-08-15 18:20:30.467369,0.0,whisper-inference-56d64c7b67-sxkj9
2026-08-15 18:20:30.467369,7.582938388633175e-08,whisper-inference-56d64c7b67-mvjl8
2026-08-15 18:20:35.464629,1.0710538524688631e-07,whisper-inference-56d64c7b67-gfcpt
2026-08-15 18:20:35.464629,0.0,whisper-inference-56d64c7b67-sxkj9
2026-08-15 18:20:35.464629,1.895253296422073e-06,whisper-inference-56d64c7b67-mvjl8
2026-08-15 18:20:40.466892,9.34665918347232e-08,whisper-inference-56d64c7b67-gfcpt
2026-08-15 18:20:40.466892,0.0,whisper-inference-56d64c7b67-sxkj9
2026-08-15 18:20:40.466892,2.2818594329224192e-06,whisper-inference-56d64c7b67-mvjl8
2026-08-15 18:20:45.467061,8.762154893057341e-08,whisper-inference-56d64c7b67-gfcpt
2026-08-15 18:20:45.467061,0.0,whisper-inference-56d64c7b67-sxkj9
2026-08-15 18:20:45.467061,2.0744964461282537e-06,whisper-inference-56d64c7b67-mvjl8
2026-08-15 18:20:50.467432,8.762154893057341e-08,whisper-inference-56d64c7b67-gfcpt
2026-08-15 18:20:50.467432,0.0,whisper-inference-56d64c7b67-sxkj9
2026-08-15 18:20:50.467432,1.8037266009521651e-06,whisper-inference-56d64c7b67-mvjl8
2026-08-15 18:20:55.464957,4.1277660204213924e-08,whisper-inference-56d64c7b67-gfcpt
2026-08-15 18:20:55.464957,0.0,whisper-inference-56d64c7b67-sxkj9
2026-08-15 18:20:55.464957,2.1396303143450637e-06,whisper-inference-56d64c7b67-mvjl8
2026-08-15 18:21:00.465405,0.0,whisper-inference-56d64c7b67-gfcpt
2026-08-15 18:21:00.465405,0.0,whisper-inference-56d64c7b67-sxkj9
2026-08-15 18:21:00.465405,2.383915654421802e-06,whisper-inference-56d64c7b67-mvjl8
2026-08-15 18:21:05.464950,0.0,whisper-inference-56d64c7b67-gfcpt
2026-08-15 18:21:05.464950,0.0,whisper-inference-56d64c7b67-sxkj9
2026-08-15 18:21:05.464950,2.0961770334901474e-06,whisper-inference-56d64c7b67-mvjl8
2026-08-15 18:21:10.467412,0.0,whisper-inference-56d64c7b67-gfcpt
2026-08-15 18:21:10.467412,0.0,whisper-inference-56d64c7b67-sxkj9
2026-08-15 18:21:10.467412,1.6877543571806061e-06,whisper-inference-56d64c7b67-mvjl8
2026-08-15 18:21:15.467412,0.0,whisper-inference-56d64c7b67-gfcpt
2026-08-15 18:21:15.467412,0.0,whisper-inference-56d64c7b67-sxkj9
2026-08-15 18:21:15.467412,0.0,whisper-inference-56d64c7b67-mvjl8
2026-08-15 18:21:20.466702,0.0,whisper-inference-56d64c7b67-gfcpt
2026-08-15 18:21:20.466702,0.0,whisper-inference-56d64c7b67-sxkj9
2026-08-15 18:21:20.466702,0.0,whisper-inference-56d64c7b67-mvjl8
2026-08-15 18:21:25.466509,0.0,whisper-inference-56d64c7b67-gfcpt
2026-08-15 18:21:25.466509,0.0,whisper-inference-56d64c7b67-sxkj9
2026-08-15 18:21:25.466509,0.0,whisper-inference-56d64c7b67-mvjl8
2026-08-15 18:21:30.467446,0.0,whisper-inference-56d64c7b67-gfcpt
2026-08-15 18:21:30.467446,4.214356592039731e-08,whisper-inference-56d64c7b67-sxkj9
2026-08-15 18:21:30.467446,0.0,whisper-inference-56d64c7b67-mvjl8
2026-08-15 18:21:35.466519,0.0,whisper-inference-56d64c7b67-gfcpt
2026-08-15 18:21:35.466519,4.214356592039731e-08,whisper-inference-56d64c7b67-sxkj9
2026-08-15 18:21:35.466519,0.0,whisper-inference-56d64c7b67-mvjl8
2026-08-15 18:21:40.466889,0.0,whisper-inference-56d64c7b67-gfcpt
2026-08-15 18:21:40.466889,4.997947055015932e-08,whisper-inference-56d64c7b67-sxkj9
2026-08-15 18:21:40.466889,0.0,whisper-inference-56d64c7b67-mvjl8
2026-08-15 18:21:45.467413,0.0,whisper-inference-56d64c7b67-gfcpt
2026-08-15 18:21:45.467413,4.529042684504025e-08,whisper-inference-56d64c7b67-sxkj9
2026-08-15 18:21:45.467413,0.0,whisper-inference-56d64c7b67-mvjl8
2026-08-15 18:21:50.464944,0.0,whisper-inference-56d64c7b67-gfcpt
2026-08-15 18:21:50.464944,4.529042684504025e-08,whisper-inference-56d64c7b67-sxkj9
2026-08-15 18:21:50.464944,0.0,whisper-inference-56d64c7b67-mvjl8
2026-08-15 18:21:55.467396,0.0,whisper-inference-56d64c7b67-gfcpt
2026-08-15 18:21:55.467396,4.021770175897483e-08,whisper-inference-56d64c7b67-sxkj9
2026-08-15 18:21:55.467396,0.0,whisper-inference-56d64c7b67-mvjl8
2026-08-15 18:22:00.467428,0.0,whisper-inference-56d64c7b67-gfcpt
2026-08-15 18:22:00.467428,5.0588536335755855e-08,whisper-inference-56d64c7b67-sxkj9
2026-08-15 18:22:00.467428,6.225698238371197e-08,whisper-inference-56d64c7b67-mvjl8
2026-08-15 18:22:05.467387,0.0,whisper-inference-56d64c7b67-gfcpt
2026-08-15 18:22:05.467387,4.8053883537623975e-08,whisper-inference-56d64c7b67-sxkj9
2026-08-15 18:22:05.467387,6.225698238371197e-08,whisper-inference-56d64c7b67-mvjl8
2026-08-15 18:22:10.465064,0.0,whisper-inference-56d64c7b67-gfcpt
2026-08-15 18:22:10.465064,4.351035459426778e-08,whisper-inference-56d64c7b67-sxkj9
2026-08-15 18:22:10.465064,7.991513781648561e-08,whisper-inference-56d64c7b67-mvjl8
2026-08-15 18:22:15.463448,0.0,whisper-inference-56d64c7b67-gfcpt
2026-08-15 18:22:15.463448,5.747477414822029e-08,whisper-inference-56d64c7b67-sxkj9
2026-08-15 18:22:15.463448,7.21450647387574e-08,whisper-inference-56d64c7b67-mvjl8
2026-08-15 18:22:20.467432,0.0,whisper-inference-56d64c7b67-gfcpt
2026-08-15 18:22:20.467432,4.4501429367571605e-08,whisper-inference-56d64c7b67-sxkj9
2026-08-15 18:22:20.467432,6.013878665059978e-08,whisper-inference-56d64c7b67-mvjl8
2026-08-15 18:22:25.466933,0.0,whisper-inference-56d64c7b67-gfcpt
2026-08-15 18:22:25.466933,4.4501429367571605e-08,whisper-inference-56d64c7b67-sxkj9
2026-08-15 18:22:25.466933,3.846779843334218e-07,whisper-inference-56d64c7b67-mvjl8
2026-08-15 18:22:30.467401,0.0,whisper-inference-56d64c7b67-gfcpt
2026-08-15 18:22:30.467401,4.9006637504312515e-08,whisper-inference-56d64c7b67-sxkj9
2026-08-15 18:22:30.467401,3.846779843334218e-07,whisper-inference-56d64c7b67-mvjl8
