timestamp,value,GPU_I_ID,GPU_I_PROFILE,pod,namespace,container,DCGM_FI_DRIVER_VERSION,UUID
2026-10-09 01:34:41.259168,11007.0,10,1g.11gb,,,,580.178.04,GPU-d59cb1c4-ad97-d91a-6731-e7b5f38951a6
2026-10-09 01:34:41.259168,11008.0,11,1g.11gb,gpt2-inference-5d8458fb46-zdp9n,default,gpt2,580.178.04,GPU-d59cb1c4-ad97-d91a-6731-e7b5f38951a6
2026-10-09 01:34:41.259168,11007.0,12,1g.11gb,,,,580.178.04,GPU-d59cb1c4-ad97-d91a-6731-e7b5f38951a6
2026-10-09 01:34:41.259168,11008.0,13,1g.11gb,gpt2-inference-5d8458fb46-8g29c,default,gpt2,580.178.04,GPU-d59cb1c4-ad97-d91a-6731-e7b5f38951a6
2026-10-09 01:34:41.259168,11007.0,7,1g.11gb,,,,580.178.04,GPU-d59cb1c4-ad97-d91a-6731-e7b5f38951a6
2026-10-09 01:34:41.259168,11007.0,8,1g.11gb,,,,580.178.04,GPU-d59cb1c4-ad97-d91a-6731-e7b5f38951a6
2026-10-09 01:34:41.259168,11007.0,9,1g.11gb,,,,580.178.04,GPU-d59cb1c4-ad97-d91a-6731-e7b5f38951a6
2026-10-09 01:34:46.264189,11007.0,10,1g.11gb,,,,580.178.04,GPU-d59cb1c4-ad97-d91a-6731-e7b5f38951a6
2026-10-09 01:34:46.264189,11008.0,11,1g.11gb,gpt2-inference-5d8458fb46-zdp9n,default,gpt2,580.178.04,GPU-d59cb1c4-ad97-d91a-6731-e7b5f38951a6
2026-10-09 01:34:46.264189,11007.0,12,1g.11gb,,,,580.178.04,GPU-d59cb1c4-ad97-d91a-6731-e7b5f38951a6
2026-10-09 01:34:46.264189,11008.0,13,1g.11gb,gpt2-inference-5d8458fb46-8g29c,default,gpt2,580.178.04,GPU-d59cb1c4-ad97-d91a-6731-e7b5f38951a6
2026-10-09 01:34:46.264189,11007.0,7,1g.11gb,,,,580.178.04,GPU-d59cb1c4-ad97-d91a-6731-e7b5f38951a6
2026-10-09 01:34:46.264189,11007.0,8,1g.11gb,,,,580.178.04,GPU-d59cb1c4-ad97-d91a-6731-e7b5f38951a6
2026-10-09 01:34:46.264189,11007.0,9,1g.11gb,,,,580.178.04,GPU-d59cb1c4-ad97-d91a-6731-e7b5f38951a6
2026-10-09 01:34:51.264145,11007.0,10,1g.11gb,,,,580.178.04,GPU-d59cb1c4-ad97-d91a-6731-e7b5f38951a6
2026-10-09 01:34:51.264145,11008.0,11,1g.11gb,gpt2-inference-5d8458fb46-zdp9n,default,gpt2,580.178.04,GPU-d59cb1c4-ad97-d91a-6731-e7b5f38951a6
2026-10-09 01:34:51.264145,11007.0,12,1g.11gb,,,,580.178.04,GPU-d59cb1c4-ad97-d91a-6731-e7b5f38951a6
2026-10-09 01:34:51.264145,11008.0,13,1g.11gb,gpt2-inference-5d8458fb46-8g29c,default,gpt2,580.178.04,GPU-d59cb1c4-ad97-d91a-6731-e7b5f38951a6
2026-10-09 01:34:51.264145,11007.0,7,1g.11gb,,,,580.178.04,GPU-d59cb1c4-ad97-d91a-6731-e7b5f38951a6
2026-10-09 01:34:51.264145,11007.0,8,1g.11gb,,,,580.178.04,GPU-d59cb1c4-ad97-d91a-6731-e7b5f38951a6
2026-10-09 01:34:51.264145,11007.0,9,1g.11gb,,,,580.178.04,GPU-d59cb1c4-ad97-d91a-6731-e7b5f38951a6
2026-10-09 01:34:56.264208,11007.0,10,1g.11gb,,,,580.178.04,GPU-d59cb1c4-ad97-d91a-6731-e7b5f38951a6
2026-10-09 01:34:56.264208,11008.0,11,1g.11gb,gpt2-inference-5d8458fb46-zdp9n,default,gpt2,580.178.04,GPU-d59cb1c4-ad97-d91a-6731-e7b5f38951a6
2026-10-09 01:34:56.264208,11007.0,12,1g.11gb,,,,580.178.04,GPU-d59cb1c4-ad97-d91a-6731-e7b5f38951a6
2026-10-09 01:34:56.264208,11008.0,13,1g.11gb,gpt2-inference-5d8458fb46-8g29c,default,gpt2,580.178.04,GPU-d59cb1c4-ad97-d91a-6731-e7b5f38951a6
2026-10-09 01:34:56.264208,11007.0,7,1g.11gb,,,,580.178.04,GPU-d59cb1c4-ad97-d91a-6731-e7b5f38951a6
2026-10-09 01:34:56.264208,11007.0,8,1g.11gb,,,,580.178.04,GPU-d59cb1c4-ad97-d91a-6731-e7b5f38951a6
2026-10-09 01:34:56.264208,11007.0,9,1g.11gb,,,,580.178.04,GPU-d59cb1c4-ad97-d91a-6731-e7b5f38951a6
2026-10-09 01:35:01.262926,11007.0,10,1g.11gb,,,,580.178.04,GPU-d59cb1c4-ad97-d91a-6731-e7b5f38951a6
2026-10-09 01:35:01.262926,11008.0,11,1g.11gb,gpt2-inference-5d8458fb46-zdp9n,default,gpt2,580.178.04,GPU-d59cb1c4-ad97-d91a-6731-e7b5f38951a6
2026-10-09 01:35:01.262926,11007.0,12,1g.11gb,,,,580.178.04,GPU-d59cb1c4-ad97-d91a-6731-e7b5f38951a6
2026-10-09 01:35:01.262926,11008.0,13,1g.11gb,gpt2-inference-5d8458fb46-8g29c,default,gpt2,580.178.04,GPU-d59cb1c4-ad97-d91a-6731-e7b5f38951a6
2026-10-09 01:35:01.262926,11007.0,7,1g.11gb,,,,580.178.04,GPU-d59cb1c4-ad97-d91a-6731-e7b5f38951a6
2026-10-09 01:35:01.262926,11007.0,8,1g.11gb,,,,580.178.04,GPU-d59cb1c4-ad97-d91a-6731-e7b5f38951a6
2026-10-09 01:35:01.262926,11007.0,9,1g.11gb,,,,580.178.04,GPU-d59cb1c4-ad97-d91a-6731-e7b5f38951a6
2026-10-09 01:35:06.264113,11007.0,10,1g.11gb,,,,580.178.04,GPU-d59cb1c4-ad97-d91a-6731-e7b5f38951a6
2026-10-09 01:35:06.264113,11008.0,11,1g.11gb,gpt2-inference-5d8458fb46-zdp9n,default,gpt2,580.178.04,GPU-d59cb1c4-ad97-d91a-6731-e7b5f38951a6
2026-10-09 01:35:06.264113,11007.0,12,1g.11gb,,,,580.178.04,GPU-d59cb1c4-ad97-d91a-6731-e7b5f38951a6
2026-10-09 01:35:06.264113,11008.0,13,1g.11gb,gpt2-inference-5d8458fb46-8g29c,default,gpt2,580.178.04,GPU-d59cb1c4-ad97-d91a-6731-e7b5f38951a6
2026-10-09 01:35:06.264113,11007.0,7,1g.11gb,,,,580.178.04,GPU-d59cb1c4-ad97-d91a-6731-e7b5f38951a6
2026-10-09 01:35:06.264113,11007.0,8,1g.11gb,,,,580.178.04,GPU-d59cb1c4-ad97-d91a-6731-e7b5f38951a6
2026-10-09 01:35:06.264113,11007.0,9,1g.11gb,,,,580.178.04,GPU-d59cb1c4-ad97-d91a-6731-e7b5f38951a6
2026-10-09 01:35:11.264138,11007.0,10,1g.11gb,,,,580.178.04,GPU-d59cb1c4-ad97-d91a-6731-e7b5f38951a6
2026-10-09 01:35:11.264138,11008.0,11,1g.11gb,gpt2-inference-5d8458fb46-zdp9n,default,gpt2,580.178.04,GPU-d59cb1c4-ad97-d91a-6731-e7b5f38951a6
2026-10-09 01:35:11.264138,11007.0,12,1g.11gb,,,,580.178.04,GPU-d59cb1c4-ad97-d91a-6731-e7b5f38951a6
2026-10-09 01:35:11.264138,11008.0,13,1g.11gb,gpt2-inference-5d8458fb46-8g29c,default,gpt2,580.178.04,GPU-d59cb1c4-ad97-d91a-6731-e7b5f38951a6
2026-10-09 01:35:11.264138,11007.0,7,1g.11gb,,,,580.178.04,GPU-d59cb1c4-ad97-d91a-6731-e7b5f38951a6
2026-10-09 01:35:11.264138,11007.0,8,1g.11gb,,,,580.178.04,GPU-d59cb1c4-ad97-d91a-6731-e7b5f38951a6
2026-10-09 01:35:11.264138,11007.0,9,1g.11gb,,,,580.178.04,GPU-d59cb1c4-ad97-d91a-6731-e7b5f38951a6
2026-10-09 01:35:16.259474,11007.0,10,1g.11gb,,,,580.178.04,GPU-d59cb1c4-ad97-d91a-6731-e7b5f38951a6
2026-10-09 01:35:16.259474,11008.0,11,1g.11gb,gpt2-inference-5d8458fb46-zdp9n,default,gpt2,580.178.04,GPU-d59cb1c4-ad97-d91a-6731-e7b5f38951a6
2026-10-09 01:35:16.259474,11007.0,12,1g.11gb,,,,580.178.04,GPU-d59cb1c4-ad97-d91a-6731-e7b5f38951a6
2026-10-09 01:35:16.259474,11008.0,13,1g.11gb,gpt2-inference-5d8458fb46-8g29c,default,gpt2,580.178.04,GPU-d59cb1c4-ad97-d91a-6731-e7b5f38951a6
2026-10-09 01:35:16.259474,11007.0,7,1g.11gb,,,,580.178.04,GPU-d59cb1c4-ad97-d91a-6731-e7b5f38951a6
2026-10-09 01:35:16.259474,11007.0,8,1g.11gb,,,,580.178.04,GPU-d59cb1c4-ad97-d91a-6731-e7b5f38951a6
2026-10-09 01:35:16.259474,11007.0,9,1g.11gb,,,,580.178.04,GPU-d59cb1c4-ad97-d91a-6731-e7b5f38951a6
2026-10-09 01:35:21.264152,11007.0,10,1g.11gb,,,,580.178.04,GPU-d59cb1c4-ad97-d91a-6731-e7b5f38951a6
2026-10-09 01:35:21.264152,11008.0,11,1g.11gb,gpt2-inference-5d8458fb46-zdp9n,default,gpt2,580.178.04,GPU-d59cb1c4-ad97-d91a-6731-e7b5f38951a6
2026-10-09 01:35:21.264152,11007.0,12,1g.11gb,,,,580.178.04,GPU-d59cb1c4-ad97-d91a-6731-e7b5f38951a6
2026-10-09 01:35:21.264152,11008.0,13,1g.11gb,gpt2-inference-5d8458fb46-8g29c,default,gpt2,580.178.04,GPU-d59cb1c4-ad97-d91a-6731-e7b5f38951a6
2026-10-09 01:35:21.264152,11007.0,7,1g.11gb,,,,580.178.04,GPU-d59cb1c4-ad97-d91a-6731-e7b5f38951a6
2026-10-09 01:35:21.264152,11007.0,8,1g.11gb,,,,580.178.04,GPU-d59cb1c4-ad97-d91a-6731-e7b5f38951a6
2026-10-09 01:35:21.264152,11007.0,9,1g.11gb,,,,580.178.04,GPU-d59cb1c4-ad97-d91a-6731-e7b5f38951a6
2026-10-09 01:35:26.264175,11007.0,10,1g.11gb,,,,580.178.04,GPU-d59cb1c4-ad97-d91a-6731-e7b5f38951a6
2026-10-09 01:35:26.264175,11008.0,11,1g.11gb,gpt2-inference-5d8458fb46-zdp9n,default,gpt2,580.178.04,GPU-d59cb1c4-ad97-d91a-6731-e7b5f38951a6
2026-10-09 01:35:26.264175,11007.0,12,1g.11gb,,,,580.178.04,GPU-d59cb1c4-ad97-d91a-6731-e7b5f38951a6
2026-10-09 01:35:26.264175,11008.0,13,1g.11gb,gpt2-inference-5d8458fb46-8g29c,default,gpt2,580.178.04,GPU-d59cb1c4-ad97-d91a-6731-e7b5f38951a6
2026-10-09 01:35:26.264175,11007.0,7,1g.11gb,,,,580.178.04,GPU-d59cb1c4-ad97-d91a-6731-e7b5f38951a6
2026-10-09 01:35:26.264175,11007.0,8,1g.11gb,,,,580.178.04,GPU-d59cb1c4-ad97-d91a-6731-e7b5f38951a6
2026-10-09 01:35:26.264175,11007.0,9,1g.11gb,,,,580.178.04,GPU-d59cb1c4-ad97-d91a-6731-e7b5f38951a6
2026-10-09 01:35:31.260999,11007.0,10,1g.11gb,,,,580.178.04,GPU-d59cb1c4-ad97-d91a-6731-e7b5f38951a6
2026-10-09 01:35:31.260999,11008.0,11,1g.11gb,gpt2-inference-5d8458fb46-zdp9n,default,gpt2,580.178.04,GPU-d59cb1c4-ad97-d91a-6731-e7b5f38951a6
2026-10-09 01:35:31.260999,11007.0,12,1g.11gb,,,,580.178.04,GPU-d59cb1c4-ad97-d91a-6731-e7b5f38951a6
2026-10-09 01:35:31.260999,11008.0,13,1g.11gb,gpt2-inference-5d8458fb46-8g29c,default,gpt2,580.178.04,GPU-d59cb1c4-ad97-d91a-6731-e7b5f38951a6
2026-10-09 01:35:31.260999,11007.0,7,1g.11gb,,,,580.178.04,GPU-d59cb1c4-ad97-d91a-6731-e7b5f38951a6
2026-10-09 01:35:31.260999,11007.0,8,1g.11gb,,,,580.178.04,GPU-d59cb1c4-ad97-d91a-6731-e7b5f38951a6
2026-10-09 01:35:31.260999,11007.0,9,1g.11gb,,,,580.178.04,GPU-d59cb1c4-ad97-d91a-6731-e7b5f38951a6
2026-10-09 01:35:36.262470,11007.0,10,1g.11gb,,,,580.178.04,GPU-d59cb1c4-ad97-d91a-6731-e7b5f38951a6
2026-10-09 01:35:36.262470,11008.0,11,1g.11gb,gpt2-inference-5d8458fb46-zdp9n,default,gpt2,580.178.04,GPU-d59cb1c4-ad97-d91a-6731-e7b5f38951a6
2026-10-09 01:35:36.262470,11007.0,12,1g.11gb,,,,580.178.04,GPU-d59cb1c4-ad97-d91a-6731-e7b5f38951a6
2026-10-09 01:35:36.262470,11008.0,13,1g.11gb,gpt2-inference-5d8458fb46-8g29c,default,gpt2,580.178.04,GPU-d59cb1c4-ad97-d91a-6731-e7b5f38951a6
2026-10-09 01:35:36.262470,11007.0,7,1g.11gb,,,,580.178.04,GPU-d59cb1c4-ad97-d91a-6731-e7b5f38951a6
2026-10-09 01:35:36.262470,11007.0,8,1g.11gb,,,,580.178.04,GPU-d59cb1c4-ad97-d91a-6731-e7b5f38951a6
2026-10-09 01:35:36.262470,11007.0,9,1g.11gb,,,,580.178.04,GPU-d59cb1c4-ad97-d91a-6731-e7b5f38951a6
2026-10-09 01:35:41.260043,11007.0,10,1g.11gb,,,,580.178.04,GPU-d59cb1c4-ad97-d91a-6731-e7b5f38951a6
2026-10-09 01:35:41.260043,11008.0,11,1g.11gb,gpt2-inference-5d8458fb46-zdp9n,default,gpt2,580.178.04,GPU-d59cb1c4-ad97-d91a-6731-e7b5f38951a6
2026-10-09 01:35:41.260043,11007.0,12,1g.11gb,,,,580.178.04,GPU-d59cb1c4-ad97-d91a-6731-e7b5f38951a6
2026-10-09 01:35:41.260043,11008.0,13,1g.11gb,gpt2-inference-5d8458fb46-8g29c,default,gpt2,580.178.04,GPU-d59cb1c4-ad97-d91a-6731-e7b5f38951a6
2026-10-09 01:35:41.260043,11007.0,7,1g.11gb,,,,580.178.04,GPU-d59cb1c4-ad97-d91a-6731-e7b5f38951a6
2026-10-09 01:35:41.260043,11007.0,8,1g.11gb,,,,580.178.04,GPU-d59cb1c4-ad97-d91a-6731-e7b5f38951a6
2026-10-09 01:35:41.260043,11007.0,9,1g.11gb,,,,580.178.04,GPU-d59cb1c4-ad97-d91a-6731-e7b5f38951a6
2026-10-09 01:35:46.259885,11007.0,10,1g.11gb,,,,580.178.04,GPU-d59cb1c4-ad97-d91a-6731-e7b5f38951a6
2026-10-09 01:35:46.259885,11008.0,11,1g.11gb,gpt2-inference-5d8458fb46-zdp9n,default,gpt2,580.178.04,GPU-d59cb1c4-ad97-d91a-6731-e7b5f38951a6
2026-10-09 01:35:46.259885,11007.0,12,1g.11gb,,,,580.178.04,GPU-d59cb1c4-ad97-d91a-6731-e7b5f38951a6
2026-10-09 01:35:46.259885,11008.0,13,1g.11gb,gpt2-inference-5d8458fb46-8g29c,default,gpt2,580.178.04,GPU-d59cb1c4-ad97-d91a-6731-e7b5f38951a6
2026-10-09 01:35:46.259885,11007.0,7,1g.11gb,,,,580.178.04,GPU-d59cb1c4-ad97-d91a-6731-e7b5f38951a6
2026-10-09 01:35:46.259885,11007.0,8,1g.11gb,,,,580.178.04,GPU-d59cb1c4-ad97-d91a-6731-e7b5f38951a6
2026-10-09 01:35:46.259885,11007.0,9,1g.11gb,,,,580.178.04,GPU-d59cb1c4-ad97-d91a-6731-e7b5f38951a6
2026-10-09 01:35:51.264146,11007.0,10,1g.11gb,,,,580.178.04,GPU-d59cb1c4-ad97-d91a-6731-e7b5f38951a6
2026-10-09 01:35:51.264146,11008.0,11,1g.11gb,gpt2-inference-5d8458fb46-zdp9n,default,gpt2,580.178.04,GPU-d59cb1c4-ad97-d91a-6731-e7b5f38951a6
2026-10-09 01:35:51.264146,11007.0,12,1g.11gb,,,,580.178.04,GPU-d59cb1c4-ad97-d91a-6731-e7b5f38951a6
2026-10-09 01:35:51.264146,11008.0,13,1g.11gb,gpt2-inference-5d8458fb46-8g29c,default,gpt2,580.178.04,GPU-d59cb1c4-ad97-d91a-6731-e7b5f38951a6
2026-10-09 01:35:51.264146,11007.0,7,1g.11gb,,,,580.178.04,GPU-d59cb1c4-ad97-d91a-6731-e7b5f38951a6
2026-10-09 01:35:51.264146,11007.0,8,1g.11gb,,,,580.178.04,GPU-d59cb1c4-ad97-d91a-6731-e7b5f38951a6
2026-10-09 01:35:51.264146,11007.0,9,1g.11gb,,,,580.178.04,GPU-d59cb1c4-ad97-d91a-6731-e7b5f38951a6
2026-10-09 01:35:56.261489,11007.0,10,1g.11gb,,,,580.178.04,GPU-d59cb1c4-ad97-d91a-6731-e7b5f38951a6
2026-10-09 01:35:56.261489,11008.0,11,1g.11gb,gpt2-inference-5d8458fb46-zdp9n,default,gpt2,580.178.04,GPU-d59cb1c4-ad97-d91a-6731-e7b5f38951a6
2026-10-09 01:35:56.261489,11007.0,12,1g.11gb,,,,580.178.04,GPU-d59cb1c4-ad97-d91a-6731-e7b5f38951a6
2026-10-09 01:35:56.261489,11008.0,13,1g.11gb,gpt2-inference-5d8458fb46-8g29c,default,gpt2,580.178.04,GPU-d59cb1c4-ad97-d91a-6731-e7b5f38951a6
2026-10-09 01:35:56.261489,11007.0,7,1g.11gb,,,,580.178.04,GPU-d59cb1c4-ad97-d91a-6731-e7b5f38951a6
2026-10-09 01:35:56.261489,11007.0,8,1g.11gb,,,,580.178.04,GPU-d59cb1c4-ad97-d91a-6731-e7b5f38951a6
2026-10-09 01:35:56.261489,11007.0,9,1g.11gb,,,,580.178.04,GPU-d59cb1c4-ad97-d91a-6731-e7b5f38951a6
2026-10-09 01:36:01.261607,11007.0,10,1g.11gb,,,,580.178.04,GPU-d59cb1c4-ad97-d91a-6731-e7b5f38951a6
2026-10-09 01:36:01.261607,11008.0,11,1g.11gb,gpt2-inference-5d8458fb46-zdp9n,default,gpt2,580.178.04,GPU-d59cb1c4-ad97-d91a-6731-e7b5f38951a6
2026-10-09 01:36:01.261607,11007.0,12,1g.11gb,,,,580.178.04,GPU-d59cb1c4-ad97-d91a-6731-e7b5f38951a6
2026-10-09 01:36:01.261607,11008.0,13,1g.11gb,gpt2-inference-5d8458fb46-8g29c,default,gpt2,580.178.04,GPU-d59cb1c4-ad97-d91a-6731-e7b5f38951a6
2026-10-09 01:36:01.261607,11007.0,7,1g.11gb,,,,580.178.04,GPU-d59cb1c4-ad97-d91a-6731-e7b5f38951a6
2026-10-09 01:36:01.261607,11007.0,8,1g.11gb,,,,580.178.04,GPU-d59cb1c4-ad97-d91a-6731-e7b5f38951a6
2026-10-09 01:36:01.261607,11007.0,9,1g.11gb,,,,580.178.04,GPU-d59cb1c4-ad97-d91a-6731-e7b5f38951a6
2026-10-09 01:36:06.264158,11007.0,10,1g.11gb,,,,580.178.04,GPU-d59cb1c4-ad97-d91a-6731-e7b5f38951a6
2026-10-09 01:36:06.264158,11008.0,11,1g.11gb,gpt2-inference-5d8458fb46-zdp9n,default,gpt2,580.178.04,GPU-d59cb1c4-ad97-d91a-6731-e7b5f38951a6
2026-10-09 01:36:06.264158,11007.0,12,1g.11gb,,,,580.178.04,GPU-d59cb1c4-ad97-d91a-6731-e7b5f38951a6
2026-10-09 01:36:06.264158,11008.0,13,1g.11gb,gpt2-inference-5d8458fb46-8g29c,default,gpt2,580.178.04,GPU-d59cb1c4-ad97-d91a-6731-e7b5f38951a6
2026-10-09 01:36:06.264158,11007.0,7,1g.11gb,,,,580.178.04,GPU-d59cb1c4-ad97-d91a-6731-e7b5f38951a6
2026-10-09 01:36:06.264158,11007.0,8,1g.11gb,,,,580.178.04,GPU-d59cb1c4-ad97-d91a-6731-e7b5f38951a6
2026-10-09 01:36:06.264158,11007.0,9,1g.11gb,,,,580.178.04,GPU-d59cb1c4-ad97-d91a-6731-e7b5f38951a6
2026-10-09 01:36:11.264200,11007.0,10,1g.11gb,,,,580.178.04,GPU-d59cb1c4-ad97-d91a-6731-e7b5f38951a6
2026-10-09 01:36:11.264200,11008.0,11,1g.11gb,gpt2-inference-5d8458fb46-zdp9n,default,gpt2,580.178.04,GPU-d59cb1c4-ad97-d91a-6731-e7b5f38951a6
2026-10-09 01:36:11.264200,11007.0,12,1g.11gb,,,,580.178.04,GPU-d59cb1c4-ad97-d91a-6731-e7b5f38951a6
2026-10-09 01:36:11.264200,11008.0,13,1g.11gb,gpt2-inference-5d8458fb46-8g29c,default,gpt2,580.178.04,GPU-d59cb1c4-ad97-d91a-6731-e7b5f38951a6
2026-10-09 01:36:11.264200,11007.0,7,1g.11gb,,,,580.178.04,GPU-d59cb1c4-ad97-d91a-6731-e7b5f38951a6
2026-10-09 01:36:11.264200,11007.0,8,1g.11gb,,,,580.178.04,GPU-d59cb1c4-ad97-d91a-6731-e7b5f38951a6
2026-10-09 01:36:11.264200,11007.0,9,1g.11gb,,,,580.178.04,GPU-d59cb1c4-ad97-d91a-6731-e7b5f38951a6
2026-10-09 01:36:16.264274,11007.0,10,1g.11gb,,,,580.178.04,GPU-d59cb1c4-ad97-d91a-6731-e7b5f38951a6
2026-10-09 01:36:16.264274,11008.0,11,1g.11gb,gpt2-inference-5d8458fb46-zdp9n,default,gpt2,580.178.04,GPU-d59cb1c4-ad97-d91a-6731-e7b5f38951a6
2026-10-09 01:36:16.264274,11007.0,12,1g.11gb,,,,580.178.04,GPU-d59cb1c4-ad97-d91a-6731-e7b5f38951a6
2026-10-09 01:36:16.264274,11008.0,13,1g.11gb,gpt2-inference-5d8458fb46-8g29c,default,gpt2,580.178.04,GPU-d59cb1c4-ad97-d91a-6731-e7b5f38951a6
2026-10-09 01:36:16.264274,11007.0,7,1g.11gb,,,,580.178.04,GPU-d59cb1c4-ad97-d91a-6731-e7b5f38951a6
2026-10-09 01:36:16.264274,11007.0,8,1g.11gb,,,,580.178.04,GPU-d59cb1c4-ad97-d91a-6731-e7b5f38951a6
2026-10-09 01:36:16.264274,11007.0,9,1g.11gb,,,,580.178.04,GPU-d59cb1c4-ad97-d91a-6731-e7b5f38951a6
2026-10-09 01:36:21.259980,11007.0,10,1g.11gb,,,,580.178.04,GPU-d59cb1c4-ad97-d91a-6731-e7b5f38951a6
2026-10-09 01:36:21.259980,11008.0,11,1g.11gb,gpt2-inference-5d8458fb46-zdp9n,default,gpt2,580.178.04,GPU-d59cb1c4-ad97-d91a-6731-e7b5f38951a6
2026-10-09 01:36:21.259980,11007.0,12,1g.11gb,,,,580.178.04,GPU-d59cb1c4-ad97-d91a-6731-e7b5f38951a6
2026-10-09 01:36:21.259980,11008.0,13,1g.11gb,gpt2-inference-5d8458fb46-8g29c,default,gpt2,580.178.04,GPU-d59cb1c4-ad97-d91a-6731-e7b5f38951a6
2026-10-09 01:36:21.259980,11007.0,7,1g.11gb,,,,580.178.04,GPU-d59cb1c4-ad97-d91a-6731-e7b5f38951a6
2026-10-09 01:36:21.259980,11007.0,8,1g.11gb,,,,580.178.04,GPU-d59cb1c4-ad97-d91a-6731-e7b5f38951a6
2026-10-09 01:36:21.259980,11007.0,9,1g.11gb,,,,580.178.04,GPU-d59cb1c4-ad97-d91a-6731-e7b5f38951a6
2026-10-09 01:36:26.264163,11007.0,10,1g.11gb,,,,580.178.04,GPU-d59cb1c4-ad97-d91a-6731-e7b5f38951a6
2026-10-09 01:36:26.264163,11008.0,11,1g.11gb,gpt2-inference-5d8458fb46-zdp9n,default,gpt2,580.178.04,GPU-d59cb1c4-ad97-d91a-6731-e7b5f38951a6
2026-10-09 01:36:26.264163,11007.0,12,1g.11gb,,,,580.178.04,GPU-d59cb1c4-ad97-d91a-6731-e7b5f38951a6
2026-10-09 01:36:26.264163,11008.0,13,1g.11gb,gpt2-inference-5d8458fb46-8g29c,default,gpt2,580.178.04,GPU-d59cb1c4-ad97-d91a-6731-e7b5f38951a6
2026-10-09 01:36:26.264163,11007.0,7,1g.11gb,,,,580.178.04,GPU-d59cb1c4-ad97-d91a-6731-e7b5f38951a6
2026-10-09 01:36:26.264163,11007.0,8,1g.11gb,,,,580.178.04,GPU-d59cb1c4-ad97-d91a-6731-e7b5f38951a6
2026-10-09 01:36:26.264163,11007.0,9,1g.11gb,,,,580.178.04,GPU-d59cb1c4-ad97-d91a-6731-e7b5f38951a6
2026-10-09 01:36:31.264161,11007.0,10,1g.11gb,,,,580.178.04,GPU-d59cb1c4-ad97-d91a-6731-e7b5f38951a6
2026-10-09 01:36:31.264161,11008.0,11,1g.11gb,gpt2-inference-5d8458fb46-zdp9n,default,gpt2,580.178.04,GPU-d59cb1c4-ad97-d91a-6731-e7b5f38951a6
2026-10-09 01:36:31.264161,11007.0,12,1g.11gb,,,,580.178.04,GPU-d59cb1c4-ad97-d91a-6731-e7b5f38951a6
2026-10-09 01:36:31.264161,11008.0,13,1g.11gb,gpt2-inference-5d8458fb46-8g29c,default,gpt2,580.178.04,GPU-d59cb1c4-ad97-d91a-6731-e7b5f38951a6
2026-10-09 01:36:31.264161,11007.0,7,1g.11gb,,,,580.178.04,GPU-d59cb1c4-ad97-d91a-6731-e7b5f38951a6
2026-10-09 01:36:31.264161,11007.0,8,1g.11gb,,,,580.178.04,GPU-d59cb1c4-ad97-d91a-6731-e7b5f38951a6
2026-10-09 01:36:31.264161,11007.0,9,1g.11gb,,,,580.178.04,GPU-d59cb1c4-ad97-d91a-6731-e7b5f38951a6
2026-10-09 01:36:36.264155,11007.0,10,1g.11gb,,,,580.178.04,GPU-d59cb1c4-ad97-d91a-6731-e7b5f38951a6
2026-10-09 01:36:36.264155,11008.0,11,1g.11gb,gpt2-inference-5d8458fb46-zdp9n,default,gpt2,580.178.04,GPU-d59cb1c4-ad97-d91a-6731-e7b5f38951a6
2026-10-09 01:36:36.264155,11007.0,12,1g.11gb,,,,580.178.04,GPU-d59cb1c4-ad97-d91a-6731-e7b5f38951a6
2026-10-09 01:36:36.264155,11008.0,13,1g.11gb,gpt2-inference-5d8458fb46-8g29c,default,gpt2,580.178.04,GPU-d59cb1c4-ad97-d91a-6731-e7b5f38951a6
2026-10-09 01:36:36.264155,11007.0,7,1g.11gb,,,,580.178.04,GPU-d59cb1c4-ad97-d91a-6731-e7b5f38951a6
2026-10-09 01:36:36.264155,11007.0,8,1g.11gb,,,,580.178.04,GPU-d59cb1c4-ad97-d91a-6731-e7b5f38951a6
2026-10-09 01:36:36.264155,11007.0,9,1g.11gb,,,,580.178.04,GPU-d59cb1c4-ad97-d91a-6731-e7b5f38951a6
2026-10-09 01:36:41.260367,11007.0,10,1g.11gb,,,,580.178.04,GPU-d59cb1c4-ad97-d91a-6731-e7b5f38951a6
2026-10-09 01:36:41.260367,11008.0,11,1g.11gb,gpt2-inference-5d8458fb46-zdp9n,default,gpt2,580.178.04,GPU-d59cb1c4-ad97-d91a-6731-e7b5f38951a6
2026-10-09 01:36:41.260367,11007.0,12,1g.11gb,,,,580.178.04,GPU-d59cb1c4-ad97-d91a-6731-e7b5f38951a6
2026-10-09 01:36:41.260367,11008.0,13,1g.11gb,gpt2-inference-5d8458fb46-8g29c,default,gpt2,580.178.04,GPU-d59cb1c4-ad97-d91a-6731-e7b5f38951a6
2026-10-09 01:36:41.260367,11007.0,7,1g.11gb,,,,580.178.04,GPU-d59cb1c4-ad97-d91a-6731-e7b5f38951a6
2026-10-09 01:36:41.260367,11007.0,8,1g.11gb,,,,580.178.04,GPU-d59cb1c4-ad97-d91a-6731-e7b5f38951a6
2026-10-09 01:36:41.260367,11007.0,9,1g.11gb,,,,580.178.04,GPU-d59cb1c4-ad97-d91a-6731-e7b5f38951a6
2026-10-09 01:36:46.264207,11007.0,10,1g.11gb,,,,580.178.04,GPU-d59cb1c4-ad97-d91a-6731-e7b5f38951a6
2026-10-09 01:36:46.264207,11008.0,11,1g.11gb,gpt2-inference-5d8458fb46-zdp9n,default,gpt2,580.178.04,GPU-d59cb1c4-ad97-d91a-6731-e7b5f38951a6
2026-10-09 01:36:46.264207,11007.0,12,1g.11gb,,,,580.178.04,GPU-d59cb1c4-ad97-d91a-6731-e7b5f38951a6
2026-10-09 01:36:46.264207,11008.0,13,1g.11gb,gpt2-inference-5d8458fb46-8g29c,default,gpt2,580.178.04,GPU-d59cb1c4-ad97-d91a-6731-e7b5f38951a6
2026-10-09 01:36:46.264207,11007.0,7,1g.11gb,,,,580.178.04,GPU-d59cb1c4-ad97-d91a-6731-e7b5f38951a6
2026-10-09 01:36:46.264207,11007.0,8,1g.11gb,,,,580.178.04,GPU-d59cb1c4-ad97-d91a-6731-e7b5f38951a6
2026-10-09 01:36:46.264207,11007.0,9,1g.11gb,,,,580.178.04,GPU-d59cb1c4-ad97-d91a-6731-e7b5f38951a6
2026-10-09 01:36:51.263657,11007.0,10,1g.11gb,,,,580.178.04,GPU-d59cb1c4-ad97-d91a-6731-e7b5f38951a6
2026-10-09 01:36:51.263657,11008.0,11,1g.11gb,gpt2-inference-5d8458fb46-zdp9n,default,gpt2,580.178.04,GPU-d59cb1c4-ad97-d91a-6731-e7b5f38951a6
2026-10-09 01:36:51.263657,11007.0,12,1g.11gb,,,,580.178.04,GPU-d59cb1c4-ad97-d91a-6731-e7b5f38951a6
2026-10-09 01:36:51.263657,11008.0,13,1g.11gb,gpt2-inference-5d8458fb46-8g29c,default,gpt2,580.178.04,GPU-d59cb1c4-ad97-d91a-6731-e7b5f38951a6
2026-10-09 01:36:51.263657,11007.0,7,1g.11gb,,,,580.178.04,GPU-d59cb1c4-ad97-d91a-6731-e7b5f38951a6
2026-10-09 01:36:51.263657,11007.0,8,1g.11gb,,,,580.178.04,GPU-d59cb1c4-ad97-d91a-6731-e7b5f38951a6
2026-10-09 01:36:51.263657,11007.0,9,1g.11gb,,,,580.178.04,GPU-d59cb1c4-ad97-d91a-6731-e7b5f38951a6
2026-10-09 01:36:56.259416,11007.0,10,1g.11gb,,,,580.178.04,GPU-d59cb1c4-ad97-d91a-6731-e7b5f38951a6
2026-10-09 01:36:56.259416,11008.0,11,1g.11gb,gpt2-inference-5d8458fb46-zdp9n,default,gpt2,580.178.04,GPU-d59cb1c4-ad97-d91a-6731-e7b5f38951a6
2026-10-09 01:36:56.259416,11007.0,12,1g.11gb,,,,580.178.04,GPU-d59cb1c4-ad97-d91a-6731-e7b5f38951a6
2026-10-09 01:36:56.259416,11008.0,13,1g.11gb,gpt2-inference-5d8458fb46-8g29c,default,gpt2,580.178.04,GPU-d59cb1c4-ad97-d91a-6731-e7b5f38951a6
2026-10-09 01:36:56.259416,11007.0,7,1g.11gb,,,,580.178.04,GPU-d59cb1c4-ad97-d91a-6731-e7b5f38951a6
2026-10-09 01:36:56.259416,11007.0,8,1g.11gb,,,,580.178.04,GPU-d59cb1c4-ad97-d91a-6731-e7b5f38951a6
2026-10-09 01:36:56.259416,11007.0,9,1g.11gb,,,,580.178.04,GPU-d59cb1c4-ad97-d91a-6731-e7b5f38951a6
2026-10-09 01:37:01.259494,11007.0,10,1g.11gb,,,,580.178.04,GPU-d59cb1c4-ad97-d91a-6731-e7b5f38951a6
2026-10-09 01:37:01.259494,11008.0,11,1g.11gb,gpt2-inference-5d8458fb46-zdp9n,default,gpt2,580.178.04,GPU-d59cb1c4-ad97-d91a-6731-e7b5f38951a6
2026-10-09 01:37:01.259494,11007.0,12,1g.11gb,,,,580.178.04,GPU-d59cb1c4-ad97-d91a-6731-e7b5f38951a6
2026-10-09 01:37:01.259494,11008.0,13,1g.11gb,gpt2-inference-5d8458fb46-8g29c,default,gpt2,580.178.04,GPU-d59cb1c4-ad97-d91a-6731-e7b5f38951a6
2026-10-09 01:37:01.259494,11007.0,7,1g.11gb,,,,580.178.04,GPU-d59cb1c4-ad97-d91a-6731-e7b5f38951a6
2026-10-09 01:37:01.259494,11007.0,8,1g.11gb,,,,580.178.04,GPU-d59cb1c4-ad97-d91a-6731-e7b5f38951a6
2026-10-09 01:37:01.259494,11007.0,9,1g.11gb,,,,580.178.04,GPU-d59cb1c4-ad97-d91a-6731-e7b5f38951a6
2026-10-09 01:37:06.264242,11007.0,10,1g.11gb,,,,580.178.04,GPU-d59cb1c4-ad97-d91a-6731-e7b5f38951a6
2026-10-09 01:37:06.264242,11008.0,11,1g.11gb,gpt2-inference-5d8458fb46-zdp9n,default,gpt2,580.178.04,GPU-d59cb1c4-ad97-d91a-6731-e7b5f38951a6
2026-10-09 01:37:06.264242,11007.0,12,1g.11gb,,,,580.178.04,GPU-d59cb1c4-ad97-d91a-6731-e7b5f38951a6
2026-10-09 01:37:06.264242,11008.0,13,1g.11gb,gpt2-inference-5d8458fb46-8g29c,default,gpt2,580.178.04,GPU-d59cb1c4-ad97-d91a-6731-e7b5f38951a6
2026-10-09 01:37:06.264242,11007.0,7,1g.11gb,,,,580.178.04,GPU-d59cb1c4-ad97-d91a-6731-e7b5f38951a6
2026-10-09 01:37:06.264242,11007.0,8,1g.11gb,,,,580.178.04,GPU-d59cb1c4-ad97-d91a-6731-e7b5f38951a6
2026-10-09 01:37:06.264242,11007.0,9,1g.11gb,,,,580.178.04,GPU-d59cb1c4-ad97-d91a-6731-e7b5f38951a6
2026-10-09 01:37:11.260732,11007.0,10,1g.11gb,,,,580.178.04,GPU-d59cb1c4-ad97-d91a-6731-e7b5f38951a6
2026-10-09 01:37:11.260732,11008.0,11,1g.11gb,gpt2-inference-5d8458fb46-zdp9n,default,gpt2,580.178.04,GPU-d59cb1c4-ad97-d91a-6731-e7b5f38951a6
2026-10-09 01:37:11.260732,11007.0,12,1g.11gb,,,,580.178.04,GPU-d59cb1c4-ad97-d91a-6731-e7b5f38951a6
2026-10-09 01:37:11.260732,11008.0,13,1g.11gb,gpt2-inference-5d8458fb46-8g29c,default,gpt2,580.178.04,GPU-d59cb1c4-ad97-d91a-6731-e7b5f38951a6
2026-10-09 01:37:11.260732,11007.0,7,1g.11gb,,,,580.178.04,GPU-d59cb1c4-ad97-d91a-6731-e7b5f38951a6
2026-10-09 01:37:11.260732,11007.0,8,1g.11gb,,,,580.178.04,GPU-d59cb1c4-ad97-d91a-6731-e7b5f38951a6
2026-10-09 01:37:11.260732,11007.0,9,1g.11gb,,,,580.178.04,GPU-d59cb1c4-ad97-d91a-6731-e7b5f38951a6
2026-10-09 01:37:16.259362,11007.0,10,1g.11gb,,,,580.178.04,GPU-d59cb1c4-ad97-d91a-6731-e7b5f38951a6
2026-10-09 01:37:16.259362,11008.0,11,1g.11gb,gpt2-inference-5d8458fb46-zdp9n,default,gpt2,580.178.04,GPU-d59cb1c4-ad97-d91a-6731-e7b5f38951a6
2026-10-09 01:37:16.259362,11007.0,12,1g.11gb,,,,580.178.04,GPU-d59cb1c4-ad97-d91a-6731-e7b5f38951a6
2026-10-09 01:37:16.259362,11008.0,13,1g.11gb,gpt2-inference-5d8458fb46-8g29c,default,gpt2,580.178.04,GPU-d59cb1c4-ad97-d91a-6731-e7b5f38951a6
2026-10-09 01:37:16.259362,11007.0,7,1g.11gb,,,,580.178.04,GPU-d59cb1c4-ad97-d91a-6731-e7b5f38951a6
2026-10-09 01:37:16.259362,11007.0,8,1g.11gb,,,,580.178.04,GPU-d59cb1c4-ad97-d91a-6731-e7b5f38951a6
2026-10-09 01:37:16.259362,11007.0,9,1g.11gb,,,,580.178.04,GPU-d59cb1c4-ad97-d91a-6731-e7b5f38951a6
2026-10-09 01:37:21.260188,11007.0,10,1g.11gb,,,,580.178.04,GPU-d59cb1c4-ad97-d91a-6731-e7b5f38951a6
2026-10-09 01:37:21.260188,11008.0,11,1g.11gb,gpt2-inference-5d8458fb46-zdp9n,default,gpt2,580.178.04,GPU-d59cb1c4-ad97-d91a-6731-e7b5f38951a6
2026-10-09 01:37:21.260188,11007.0,12,1g.11gb,,,,580.178.04,GPU-d59cb1c4-ad97-d91a-6731-e7b5f38951a6
2026-10-09 01:37:21.260188,11008.0,13,1g.11gb,gpt2-inference-5d8458fb46-8g29c,default,gpt2,580.178.04,GPU-d59cb1c4-ad97-d91a-6731-e7b5f38951a6
2026-10-09 01:37:21.260188,11007.0,7,1g.11gb,,,,580.178.04,GPU-d59cb1c4-ad97-d91a-6731-e7b5f38951a6
2026-10-09 01:37:21.260188,11007.0,8,1g.11gb,,,,580.178.04,GPU-d59cb1c4-ad97-d91a-6731-e7b5f38951a6
2026-10-09 01:37:21.260188,11007.0,9,1g.11gb,,,,580.178.04,GPU-d59cb1c4-ad97-d91a-6731-e7b5f38951a6
2026-10-09 01:37:26.263957,11007.0,10,1g.11gb,,,,580.178.04,GPU-d59cb1c4-ad97-d91a-6731-e7b5f38951a6
2026-10-09 01:37:26.263957,11008.0,11,1g.11gb,gpt2-inference-5d8458fb46-zdp9n,default,gpt2,580.178.04,GPU-d59cb1c4-ad97-d91a-6731-e7b5f38951a6
2026-10-09 01:37:26.263957,11007.0,12,1g.11gb,,,,580.178.04,GPU-d59cb1c4-ad97-d91a-6731-e7b5f38951a6
2026-10-09 01:37:26.263957,11008.0,13,1g.11gb,gpt2-inference-5d8458fb46-8g29c,default,gpt2,580.178.04,GPU-d59cb1c4-ad97-d91a-6731-e7b5f38951a6
2026-10-09 01:37:26.263957,11007.0,7,1g.11gb,,,,580.178.04,GPU-d59cb1c4-ad97-d91a-6731-e7b5f38951a6
2026-10-09 01:37:26.263957,11007.0,8,1g.11gb,,,,580.178.04,GPU-d59cb1c4-ad97-d91a-6731-e7b5f38951a6
2026-10-09 01:37:26.263957,11007.0,9,1g.11gb,,,,580.178.04,GPU-d59cb1c4-ad97-d91a-6731-e7b5f38951a6
2026-10-09 01:37:31.264123,11007.0,10,1g.11gb,,,,580.178.04,GPU-d59cb1c4-ad97-d91a-6731-e7b5f38951a6
2026-10-09 01:37:31.264123,11008.0,11,1g.11gb,gpt2-inference-5d8458fb46-zdp9n,default,gpt2,580.178.04,GPU-d59cb1c4-ad97-d91a-6731-e7b5f38951a6
2026-10-09 01:37:31.264123,11007.0,12,1g.11gb,,,,580.178.04,GPU-d59cb1c4-ad97-d91a-6731-e7b5f38951a6
2026-10-09 01:37:31.264123,11008.0,13,1g.11gb,gpt2-inference-5d8458fb46-8g29c,default,gpt2,580.178.04,GPU-d59cb1c4-ad97-d91a-6731-e7b5f38951a6
2026-10-09 01:37:31.264123,11007.0,7,1g.11gb,,,,580.178.04,GPU-d59cb1c4-ad97-d91a-6731-e7b5f38951a6
2026-10-09 01:37:31.264123,11007.0,8,1g.11gb,,,,580.178.04,GPU-d59cb1c4-ad97-d91a-6731-e7b5f38951a6
2026-10-09 01:37:31.264123,11007.0,9,1g.11gb,,,,580.178.04,GPU-d59cb1c4-ad97-d91a-6731-e7b5f38951a6
2026-10-09 01:37:36.259518,11007.0,10,1g.11gb,,,,580.178.04,GPU-d59cb1c4-ad97-d91a-6731-e7b5f38951a6
2026-10-09 01:37:36.259518,11008.0,11,1g.11gb,gpt2-inference-5d8458fb46-zdp9n,default,gpt2,580.178.04,GPU-d59cb1c4-ad97-d91a-6731-e7b5f38951a6
2026-10-09 01:37:36.259518,11007.0,12,1g.11gb,,,,580.178.04,GPU-d59cb1c4-ad97-d91a-6731-e7b5f38951a6
2026-10-09 01:37:36.259518,11008.0,13,1g.11gb,gpt2-inference-5d8458fb46-8g29c,default,gpt2,580.178.04,GPU-d59cb1c4-ad97-d91a-6731-e7b5f38951a6
2026-10-09 01:37:36.259518,11007.0,7,1g.11gb,,,,580.178.04,GPU-d59cb1c4-ad97-d91a-6731-e7b5f38951a6
2026-10-09 01:37:36.259518,11007.0,8,1g.11gb,,,,580.178.04,GPU-d59cb1c4-ad97-d91a-6731-e7b5f38951a6
2026-10-09 01:37:36.259518,11007.0,9,1g.11gb,,,,580.178.04,GPU-d59cb1c4-ad97-d91a-6731-e7b5f38951a6
2026-10-09 01:37:41.264191,11007.0,10,1g.11gb,,,,580.178.04,GPU-d59cb1c4-ad97-d91a-6731-e7b5f38951a6
2026-10-09 01:37:41.264191,11008.0,11,1g.11gb,gpt2-inference-5d8458fb46-zdp9n,default,gpt2,580.178.04,GPU-d59cb1c4-ad97-d91a-6731-e7b5f38951a6
2026-10-09 01:37:41.264191,11007.0,12,1g.11gb,,,,580.178.04,GPU-d59cb1c4-ad97-d91a-6731-e7b5f38951a6
2026-10-09 01:37:41.264191,11008.0,13,1g.11gb,gpt2-inference-5d8458fb46-8g29c,default,gpt2,580.178.04,GPU-d59cb1c4-ad97-d91a-6731-e7b5f38951a6
2026-10-09 01:37:41.264191,11007.0,7,1g.11gb,,,,580.178.04,GPU-d59cb1c4-ad97-d91a-6731-e7b5f38951a6
2026-10-09 01:37:41.264191,11007.0,8,1g.11gb,,,,580.178.04,GPU-d59cb1c4-ad97-d91a-6731-e7b5f38951a6
2026-10-09 01:37:41.264191,11007.0,9,1g.11gb,,,,580.178.04,GPU-d59cb1c4-ad97-d91a-6731-e7b5f38951a6
2026-10-09 01:37:46.260429,11007.0,10,1g.11gb,,,,580.178.04,GPU-d59cb1c4-ad97-d91a-6731-e7b5f38951a6
2026-10-09 01:37:46.260429,11008.0,11,1g.11gb,gpt2-inference-5d8458fb46-zdp9n,default,gpt2,580.178.04,GPU-d59cb1c4-ad97-d91a-6731-e7b5f38951a6
2026-10-09 01:37:46.260429,11007.0,12,1g.11gb,,,,580.178.04,GPU-d59cb1c4-ad97-d91a-6731-e7b5f38951a6
2026-10-09 01:37:46.260429,11008.0,13,1g.11gb,gpt2-inference-5d8458fb46-8g29c,default,gpt2,580.178.04,GPU-d59cb1c4-ad97-d91a-6731-e7b5f38951a6
2026-10-09 01:37:46.260429,11007.0,7,1g.11gb,,,,580.178.04,GPU-d59cb1c4-ad97-d91a-6731-e7b5f38951a6
2026-10-09 01:37:46.260429,11007.0,8,1g.11gb,,,,580.178.04,GPU-d59cb1c4-ad97-d91a-6731-e7b5f38951a6
2026-10-09 01:37:46.260429,11007.0,9,1g.11gb,,,,580.178.04,GPU-d59cb1c4-ad97-d91a-6731-e7b5f38951a6
2026-10-09 01:37:51.264232,11007.0,10,1g.11gb,,,,580.178.04,GPU-d59cb1c4-ad97-d91a-6731-e7b5f38951a6
2026-10-09 01:37:51.264232,11008.0,11,1g.11gb,gpt2-inference-5d8458fb46-zdp9n,default,gpt2,580.178.04,GPU-d59cb1c4-ad97-d91a-6731-e7b5f38951a6
2026-10-09 01:37:51.264232,11007.0,12,1g.11gb,,,,580.178.04,GPU-d59cb1c4-ad97-d91a-6731-e7b5f38951a6
2026-10-09 01:37:51.264232,11008.0,13,1g.11gb,gpt2-inference-5d8458fb46-8g29c,default,gpt2,580.178.04,GPU-d59cb1c4-ad97-d91a-6731-e7b5f38951a6
2026-10-09 01:37:51.264232,11007.0,7,1g.11gb,,,,580.178.04,GPU-d59cb1c4-ad97-d91a-6731-e7b5f38951a6
2026-10-09 01:37:51.264232,11007.0,8,1g.11gb,,,,580.178.04,GPU-d59cb1c4-ad97-d91a-6731-e7b5f38951a6
2026-10-09 01:37:51.264232,11007.0,9,1g.11gb,,,,580.178.04,GPU-d59cb1c4-ad97-d91a-6731-e7b5f38951a6
2026-10-09 01:37:56.259683,11007.0,10,1g.11gb,,,,580.178.04,GPU-d59cb1c4-ad97-d91a-6731-e7b5f38951a6
2026-10-09 01:37:56.259683,11008.0,11,1g.11gb,gpt2-inference-5d8458fb46-zdp9n,default,gpt2,580.178.04,GPU-d59cb1c4-ad97-d91a-6731-e7b5f38951a6
2026-10-09 01:37:56.259683,11007.0,12,1g.11gb,,,,580.178.04,GPU-d59cb1c4-ad97-d91a-6731-e7b5f38951a6
2026-10-09 01:37:56.259683,11008.0,13,1g.11gb,gpt2-inference-5d8458fb46-8g29c,default,gpt2,580.178.04,GPU-d59cb1c4-ad97-d91a-6731-e7b5f38951a6
2026-10-09 01:37:56.259683,11007.0,7,1g.11gb,,,,580.178.04,GPU-d59cb1c4-ad97-d91a-6731-e7b5f38951a6
2026-10-09 01:37:56.259683,11007.0,8,1g.11gb,,,,580.178.04,GPU-d59cb1c4-ad97-d91a-6731-e7b5f38951a6
2026-10-09 01:37:56.259683,11007.0,9,1g.11gb,,,,580.178.04,GPU-d59cb1c4-ad97-d91a-6731-e7b5f38951a6
2026-10-09 01:38:01.259813,11007.0,10,1g.11gb,,,,580.178.04,GPU-d59cb1c4-ad97-d91a-6731-e7b5f38951a6
2026-10-09 01:38:01.259813,11008.0,11,1g.11gb,gpt2-inference-5d8458fb46-zdp9n,default,gpt2,580.178.04,GPU-d59cb1c4-ad97-d91a-6731-e7b5f38951a6
2026-10-09 01:38:01.259813,11007.0,12,1g.11gb,,,,580.178.04,GPU-d59cb1c4-ad97-d91a-6731-e7b5f38951a6
2026-10-09 01:38:01.259813,11008.0,13,1g.11gb,gpt2-inference-5d8458fb46-8g29c,default,gpt2,580.178.04,GPU-d59cb1c4-ad97-d91a-6731-e7b5f38951a6
2026-10-09 01:38:01.259813,11007.0,7,1g.11gb,,,,580.178.04,GPU-d59cb1c4-ad97-d91a-6731-e7b5f38951a6
2026-10-09 01:38:01.259813,11007.0,8,1g.11gb,,,,580.178.04,GPU-d59cb1c4-ad97-d91a-6731-e7b5f38951a6
2026-10-09 01:38:01.259813,11007.0,9,1g.11gb,,,,580.178.04,GPU-d59cb1c4-ad97-d91a-6731-e7b5f38951a6
2026-10-09 01:38:06.262737,11007.0,10,1g.11gb,,,,580.178.04,GPU-d59cb1c4-ad97-d91a-6731-e7b5f38951a6
2026-10-09 01:38:06.262737,11008.0,11,1g.11gb,gpt2-inference-5d8458fb46-zdp9n,default,gpt2,580.178.04,GPU-d59cb1c4-ad97-d91a-6731-e7b5f38951a6
2026-10-09 01:38:06.262737,11007.0,12,1g.11gb,,,,580.178.04,GPU-d59cb1c4-ad97-d91a-6731-e7b5f38951a6
2026-10-09 01:38:06.262737,11008.0,13,1g.11gb,gpt2-inference-5d8458fb46-8g29c,default,gpt2,580.178.04,GPU-d59cb1c4-ad97-d91a-6731-e7b5f38951a6
2026-10-09 01:38:06.262737,11007.0,7,1g.11gb,,,,580.178.04,GPU-d59cb1c4-ad97-d91a-6731-e7b5f38951a6
2026-10-09 01:38:06.262737,11007.0,8,1g.11gb,,,,580.178.04,GPU-d59cb1c4-ad97-d91a-6731-e7b5f38951a6
2026-10-09 01:38:06.262737,11007.0,9,1g.11gb,,,,580.178.04,GPU-d59cb1c4-ad97-d91a-6731-e7b5f38951a6
2026-10-09 01:38:11.264199,11007.0,10,1g.11gb,,,,580.178.04,GPU-d59cb1c4-ad97-d91a-6731-e7b5f38951a6
2026-10-09 01:38:11.264199,11008.0,11,1g.11gb,gpt2-inference-5d8458fb46-zdp9n,default,gpt2,580.178.04,GPU-d59cb1c4-ad97-d91a-6731-e7b5f38951a6
2026-10-09 01:38:11.264199,11007.0,12,1g.11gb,,,,580.178.04,GPU-d59cb1c4-ad97-d91a-6731-e7b5f38951a6
2026-10-09 01:38:11.264199,11008.0,13,1g.11gb,gpt2-inference-5d8458fb46-8g29c,default,gpt2,580.178.04,GPU-d59cb1c4-ad97-d91a-6731-e7b5f38951a6
2026-10-09 01:38:11.264199,11007.0,7,1g.11gb,,,,580.178.04,GPU-d59cb1c4-ad97-d91a-6731-e7b5f38951a6
2026-10-09 01:38:11.264199,11007.0,8,1g.11gb,,,,580.178.04,GPU-d59cb1c4-ad97-d91a-6731-e7b5f38951a6
2026-10-09 01:38:11.264199,11007.0,9,1g.11gb,,,,580.178.04,GPU-d59cb1c4-ad97-d91a-6731-e7b5f38951a6
2026-10-09 01:38:16.264163,11007.0,10,1g.11gb,,,,580.178.04,GPU-d59cb1c4-ad97-d91a-6731-e7b5f38951a6
2026-10-09 01:38:16.264163,11008.0,11,1g.11gb,gpt2-inference-5d8458fb46-zdp9n,default,gpt2,580.178.04,GPU-d59cb1c4-ad97-d91a-6731-e7b5f38951a6
2026-10-09 01:38:16.264163,11007.0,12,1g.11gb,,,,580.178.04,GPU-d59cb1c4-ad97-d91a-6731-e7b5f38951a6
2026-10-09 01:38:16.264163,11008.0,13,1g.11gb,gpt2-inference-5d8458fb46-8g29c,default,gpt2,580.178.04,GPU-d59cb1c4-ad97-d91a-6731-e7b5f38951a6
2026-10-09 01:38:16.264163,11007.0,7,1g.11gb,,,,580.178.04,GPU-d59cb1c4-ad97-d91a-6731-e7b5f38951a6
2026-10-09 01:38:16.264163,11007.0,8,1g.11gb,,,,580.178.04,GPU-d59cb1c4-ad97-d91a-6731-e7b5f38951a6
2026-10-09 01:38:16.264163,11007.0,9,1g.11gb,,,,580.178.04,GPU-d59cb1c4-ad97-d91a-6731-e7b5f38951a6
2026-10-09 01:38:21.263800,11007.0,10,1g.11gb,,,,580.178.04,GPU-d59cb1c4-ad97-d91a-6731-e7b5f38951a6
2026-10-09 01:38:21.263800,11008.0,11,1g.11gb,gpt2-inference-5d8458fb46-zdp9n,default,gpt2,580.178.04,GPU-d59cb1c4-ad97-d91a-6731-e7b5f38951a6
2026-10-09 01:38:21.263800,11007.0,12,1g.11gb,,,,580.178.04,GPU-d59cb1c4-ad97-d91a-6731-e7b5f38951a6
2026-10-09 01:38:21.263800,11008.0,13,1g.11gb,gpt2-inference-5d8458fb46-8g29c,default,gpt2,580.178.04,GPU-d59cb1c4-ad97-d91a-6731-e7b5f38951a6
2026-10-09 01:38:21.263800,11007.0,7,1g.11gb,,,,580.178.04,GPU-d59cb1c4-ad97-d91a-6731-e7b5f38951a6
2026-10-09 01:38:21.263800,11007.0,8,1g.11gb,,,,580.178.04,GPU-d59cb1c4-ad97-d91a-6731-e7b5f38951a6
2026-10-09 01:38:21.263800,11007.0,9,1g.11gb,,,,580.178.04,GPU-d59cb1c4-ad97-d91a-6731-e7b5f38951a6
2026-10-09 01:38:26.264156,11007.0,10,1g.11gb,,,,580.178.04,GPU-d59cb1c4-ad97-d91a-6731-e7b5f38951a6
2026-10-09 01:38:26.264156,11008.0,11,1g.11gb,gpt2-inference-5d8458fb46-zdp9n,default,gpt2,580.178.04,GPU-d59cb1c4-ad97-d91a-6731-e7b5f38951a6
2026-10-09 01:38:26.264156,11007.0,12,1g.11gb,,,,580.178.04,GPU-d59cb1c4-ad97-d91a-6731-e7b5f38951a6
2026-10-09 01:38:26.264156,11008.0,13,1g.11gb,gpt2-inference-5d8458fb46-8g29c,default,gpt2,580.178.04,GPU-d59cb1c4-ad97-d91a-6731-e7b5f38951a6
2026-10-09 01:38:26.264156,11007.0,7,1g.11gb,,,,580.178.04,GPU-d59cb1c4-ad97-d91a-6731-e7b5f38951a6
2026-10-09 01:38:26.264156,11007.0,8,1g.11gb,,,,580.178.04,GPU-d59cb1c4-ad97-d91a-6731-e7b5f38951a6
2026-10-09 01:38:26.264156,11007.0,9,1g.11gb,,,,580.178.04,GPU-d59cb1c4-ad97-d91a-6731-e7b5f38951a6
2026-10-09 01:38:31.260296,11007.0,10,1g.11gb,,,,580.178.04,GPU-d59cb1c4-ad97-d91a-6731-e7b5f38951a6
2026-10-09 01:38:31.260296,11008.0,11,1g.11gb,gpt2-inference-5d8458fb46-zdp9n,default,gpt2,580.178.04,GPU-d59cb1c4-ad97-d91a-6731-e7b5f38951a6
2026-10-09 01:38:31.260296,11007.0,12,1g.11gb,,,,580.178.04,GPU-d59cb1c4-ad97-d91a-6731-e7b5f38951a6
2026-10-09 01:38:31.260296,11008.0,13,1g.11gb,gpt2-inference-5d8458fb46-8g29c,default,gpt2,580.178.04,GPU-d59cb1c4-ad97-d91a-6731-e7b5f38951a6
2026-10-09 01:38:31.260296,11007.0,7,1g.11gb,,,,580.178.04,GPU-d59cb1c4-ad97-d91a-6731-e7b5f38951a6
2026-10-09 01:38:31.260296,11007.0,8,1g.11gb,,,,580.178.04,GPU-d59cb1c4-ad97-d91a-6731-e7b5f38951a6
2026-10-09 01:38:31.260296,11007.0,9,1g.11gb,,,,580.178.04,GPU-d59cb1c4-ad97-d91a-6731-e7b5f38951a6
2026-10-09 01:38:36.264167,11007.0,10,1g.11gb,,,,580.178.04,GPU-d59cb1c4-ad97-d91a-6731-e7b5f38951a6
2026-10-09 01:38:36.264167,11008.0,11,1g.11gb,gpt2-inference-5d8458fb46-zdp9n,default,gpt2,580.178.04,GPU-d59cb1c4-ad97-d91a-6731-e7b5f38951a6
2026-10-09 01:38:36.264167,11007.0,12,1g.11gb,,,,580.178.04,GPU-d59cb1c4-ad97-d91a-6731-e7b5f38951a6
2026-10-09 01:38:36.264167,11008.0,13,1g.11gb,gpt2-inference-5d8458fb46-8g29c,default,gpt2,580.178.04,GPU-d59cb1c4-ad97-d91a-6731-e7b5f38951a6
2026-10-09 01:38:36.264167,11007.0,7,1g.11gb,,,,580.178.04,GPU-d59cb1c4-ad97-d91a-6731-e7b5f38951a6
2026-10-09 01:38:36.264167,11007.0,8,1g.11gb,,,,580.178.04,GPU-d59cb1c4-ad97-d91a-6731-e7b5f38951a6
2026-10-09 01:38:36.264167,11007.0,9,1g.11gb,,,,580.178.04,GPU-d59cb1c4-ad97-d91a-6731-e7b5f38951a6
2026-10-09 01:38:41.264153,11007.0,10,1g.11gb,,,,580.178.04,GPU-d59cb1c4-ad97-d91a-6731-e7b5f38951a6
2026-10-09 01:38:41.264153,11008.0,11,1g.11gb,gpt2-inference-5d8458fb46-zdp9n,default,gpt2,580.178.04,GPU-d59cb1c4-ad97-d91a-6731-e7b5f38951a6
2026-10-09 01:38:41.264153,11007.0,12,1g.11gb,,,,580.178.04,GPU-d59cb1c4-ad97-d91a-6731-e7b5f38951a6
2026-10-09 01:38:41.264153,11008.0,13,1g.11gb,gpt2-inference-5d8458fb46-8g29c,default,gpt2,580.178.04,GPU-d59cb1c4-ad97-d91a-6731-e7b5f38951a6
2026-10-09 01:38:41.264153,11007.0,7,1g.11gb,,,,580.178.04,GPU-d59cb1c4-ad97-d91a-6731-e7b5f38951a6
2026-10-09 01:38:41.264153,11007.0,8,1g.11gb,,,,580.178.04,GPU-d59cb1c4-ad97-d91a-6731-e7b5f38951a6
2026-10-09 01:38:41.264153,11007.0,9,1g.11gb,,,,580.178.04,GPU-d59cb1c4-ad97-d91a-6731-e7b5f38951a6
2026-10-09 01:38:46.261805,11007.0,10,1g.11gb,,,,580.178.04,GPU-d59cb1c4-ad97-d91a-6731-e7b5f38951a6
2026-10-09 01:38:46.261805,11008.0,11,1g.11gb,gpt2-inference-5d8458fb46-zdp9n,default,gpt2,580.178.04,GPU-d59cb1c4-ad97-d91a-6731-e7b5f38951a6
2026-10-09 01:38:46.261805,11007.0,12,1g.11gb,,,,580.178.04,GPU-d59cb1c4-ad97-d91a-6731-e7b5f38951a6
2026-10-09 01:38:46.261805,11008.0,13,1g.11gb,gpt2-inference-5d8458fb46-8g29c,default,gpt2,580.178.04,GPU-d59cb1c4-ad97-d91a-6731-e7b5f38951a6
2026-10-09 01:38:46.261805,11007.0,7,1g.11gb,,,,580.178.04,GPU-d59cb1c4-ad97-d91a-6731-e7b5f38951a6
2026-10-09 01:38:46.261805,11007.0,8,1g.11gb,,,,580.178.04,GPU-d59cb1c4-ad97-d91a-6731-e7b5f38951a6
2026-10-09 01:38:46.261805,11007.0,9,1g.11gb,,,,580.178.04,GPU-d59cb1c4-ad97-d91a-6731-e7b5f38951a6
2026-10-09 01:38:51.264159,11007.0,10,1g.11gb,,,,580.178.04,GPU-d59cb1c4-ad97-d91a-6731-e7b5f38951a6
2026-10-09 01:38:51.264159,11008.0,11,1g.11gb,gpt2-inference-5d8458fb46-zdp9n,default,gpt2,580.178.04,GPU-d59cb1c4-ad97-d91a-6731-e7b5f38951a6
2026-10-09 01:38:51.264159,11007.0,12,1g.11gb,,,,580.178.04,GPU-d59cb1c4-ad97-d91a-6731-e7b5f38951a6
2026-10-09 01:38:51.264159,11008.0,13,1g.11gb,gpt2-inference-5d8458fb46-8g29c,default,gpt2,580.178.04,GPU-d59cb1c4-ad97-d91a-6731-e7b5f38951a6
2026-10-09 01:38:51.264159,11007.0,7,1g.11gb,,,,580.178.04,GPU-d59cb1c4-ad97-d91a-6731-e7b5f38951a6
2026-10-09 01:38:51.264159,11007.0,8,1g.11gb,,,,580.178.04,GPU-d59cb1c4-ad97-d91a-6731-e7b5f38951a6
2026-10-09 01:38:51.264159,11007.0,9,1g.11gb,,,,580.178.04,GPU-d59cb1c4-ad97-d91a-6731-e7b5f38951a6
2026-10-09 01:38:56.259797,11007.0,10,1g.11gb,,,,580.178.04,GPU-d59cb1c4-ad97-d91a-6731-e7b5f38951a6
2026-10-09 01:38:56.259797,11008.0,11,1g.11gb,gpt2-inference-5d8458fb46-zdp9n,default,gpt2,580.178.04,GPU-d59cb1c4-ad97-d91a-6731-e7b5f38951a6
2026-10-09 01:38:56.259797,11007.0,12,1g.11gb,,,,580.178.04,GPU-d59cb1c4-ad97-d91a-6731-e7b5f38951a6
2026-10-09 01:38:56.259797,11008.0,13,1g.11gb,gpt2-inference-5d8458fb46-8g29c,default,gpt2,580.178.04,GPU-d59cb1c4-ad97-d91a-6731-e7b5f38951a6
2026-10-09 01:38:56.259797,11007.0,7,1g.11gb,,,,580.178.04,GPU-d59cb1c4-ad97-d91a-6731-e7b5f38951a6
2026-10-09 01:38:56.259797,11007.0,8,1g.11gb,,,,580.178.04,GPU-d59cb1c4-ad97-d91a-6731-e7b5f38951a6
2026-10-09 01:38:56.259797,11007.0,9,1g.11gb,,,,580.178.04,GPU-d59cb1c4-ad97-d91a-6731-e7b5f38951a6
2026-10-09 01:39:01.259787,11007.0,10,1g.11gb,,,,580.178.04,GPU-d59cb1c4-ad97-d91a-6731-e7b5f38951a6
2026-10-09 01:39:01.259787,11008.0,11,1g.11gb,gpt2-inference-5d8458fb46-zdp9n,default,gpt2,580.178.04,GPU-d59cb1c4-ad97-d91a-6731-e7b5f38951a6
2026-10-09 01:39:01.259787,11007.0,12,1g.11gb,,,,580.178.04,GPU-d59cb1c4-ad97-d91a-6731-e7b5f38951a6
2026-10-09 01:39:01.259787,11008.0,13,1g.11gb,gpt2-inference-5d8458fb46-8g29c,default,gpt2,580.178.04,GPU-d59cb1c4-ad97-d91a-6731-e7b5f38951a6
2026-10-09 01:39:01.259787,11007.0,7,1g.11gb,,,,580.178.04,GPU-d59cb1c4-ad97-d91a-6731-e7b5f38951a6
2026-10-09 01:39:01.259787,11007.0,8,1g.11gb,,,,580.178.04,GPU-d59cb1c4-ad97-d91a-6731-e7b5f38951a6
2026-10-09 01:39:01.259787,11007.0,9,1g.11gb,,,,580.178.04,GPU-d59cb1c4-ad97-d91a-6731-e7b5f38951a6
2026-10-09 01:39:06.264162,11007.0,10,1g.11gb,,,,580.178.04,GPU-d59cb1c4-ad97-d91a-6731-e7b5f38951a6
2026-10-09 01:39:06.264162,11008.0,11,1g.11gb,gpt2-inference-5d8458fb46-zdp9n,default,gpt2,580.178.04,GPU-d59cb1c4-ad97-d91a-6731-e7b5f38951a6
2026-10-09 01:39:06.264162,11007.0,12,1g.11gb,,,,580.178.04,GPU-d59cb1c4-ad97-d91a-6731-e7b5f38951a6
2026-10-09 01:39:06.264162,11008.0,13,1g.11gb,gpt2-inference-5d8458fb46-8g29c,default,gpt2,580.178.04,GPU-d59cb1c4-ad97-d91a-6731-e7b5f38951a6
2026-10-09 01:39:06.264162,11007.0,7,1g.11gb,,,,580.178.04,GPU-d59cb1c4-ad97-d91a-6731-e7b5f38951a6
2026-10-09 01:39:06.264162,11007.0,8,1g.11gb,,,,580.178.04,GPU-d59cb1c4-ad97-d91a-6731-e7b5f38951a6
2026-10-09 01:39:06.264162,11007.0,9,1g.11gb,,,,580.178.04,GPU-d59cb1c4-ad97-d91a-6731-e7b5f38951a6
2026-10-09 01:39:11.264164,11007.0,10,1g.11gb,,,,580.178.04,GPU-d59cb1c4-ad97-d91a-6731-e7b5f38951a6
2026-10-09 01:39:11.264164,11008.0,11,1g.11gb,gpt2-inference-5d8458fb46-zdp9n,default,gpt2,580.178.04,GPU-d59cb1c4-ad97-d91a-6731-e7b5f38951a6
2026-10-09 01:39:11.264164,11007.0,12,1g.11gb,,,,580.178.04,GPU-d59cb1c4-ad97-d91a-6731-e7b5f38951a6
2026-10-09 01:39:11.264164,11008.0,13,1g.11gb,gpt2-inference-5d8458fb46-8g29c,default,gpt2,580.178.04,GPU-d59cb1c4-ad97-d91a-6731-e7b5f38951a6
2026-10-09 01:39:11.264164,11007.0,7,1g.11gb,,,,580.178.04,GPU-d59cb1c4-ad97-d91a-6731-e7b5f38951a6
2026-10-09 01:39:11.264164,11007.0,8,1g.11gb,,,,580.178.04,GPU-d59cb1c4-ad97-d91a-6731-e7b5f38951a6
2026-10-09 01:39:11.264164,11007.0,9,1g.11gb,,,,580.178.04,GPU-d59cb1c4-ad97-d91a-6731-e7b5f38951a6
2026-10-09 01:39:16.264161,11007.0,10,1g.11gb,,,,580.178.04,GPU-d59cb1c4-ad97-d91a-6731-e7b5f38951a6
2026-10-09 01:39:16.264161,11008.0,11,1g.11gb,gpt2-inference-5d8458fb46-zdp9n,default,gpt2,580.178.04,GPU-d59cb1c4-ad97-d91a-6731-e7b5f38951a6
2026-10-09 01:39:16.264161,11007.0,12,1g.11gb,,,,580.178.04,GPU-d59cb1c4-ad97-d91a-6731-e7b5f38951a6
2026-10-09 01:39:16.264161,11008.0,13,1g.11gb,gpt2-inference-5d8458fb46-8g29c,default,gpt2,580.178.04,GPU-d59cb1c4-ad97-d91a-6731-e7b5f38951a6
2026-10-09 01:39:16.264161,11007.0,7,1g.11gb,,,,580.178.04,GPU-d59cb1c4-ad97-d91a-6731-e7b5f38951a6
2026-10-09 01:39:16.264161,11007.0,8,1g.11gb,,,,580.178.04,GPU-d59cb1c4-ad97-d91a-6731-e7b5f38951a6
2026-10-09 01:39:16.264161,11007.0,9,1g.11gb,,,,580.178.04,GPU-d59cb1c4-ad97-d91a-6731-e7b5f38951a6
2026-10-09 01:39:21.259742,11007.0,10,1g.11gb,,,,580.178.04,GPU-d59cb1c4-ad97-d91a-6731-e7b5f38951a6
2026-10-09 01:39:21.259742,11008.0,11,1g.11gb,gpt2-inference-5d8458fb46-zdp9n,default,gpt2,580.178.04,GPU-d59cb1c4-ad97-d91a-6731-e7b5f38951a6
2026-10-09 01:39:21.259742,11007.0,12,1g.11gb,,,,580.178.04,GPU-d59cb1c4-ad97-d91a-6731-e7b5f38951a6
2026-10-09 01:39:21.259742,11008.0,13,1g.11gb,gpt2-inference-5d8458fb46-8g29c,default,gpt2,580.178.04,GPU-d59cb1c4-ad97-d91a-6731-e7b5f38951a6
2026-10-09 01:39:21.259742,11007.0,7,1g.11gb,,,,580.178.04,GPU-d59cb1c4-ad97-d91a-6731-e7b5f38951a6
2026-10-09 01:39:21.259742,11007.0,8,1g.11gb,,,,580.178.04,GPU-d59cb1c4-ad97-d91a-6731-e7b5f38951a6
2026-10-09 01:39:21.259742,11007.0,9,1g.11gb,,,,580.178.04,GPU-d59cb1c4-ad97-d91a-6731-e7b5f38951a6
2026-10-09 01:39:26.264160,11007.0,10,1g.11gb,,,,580.178.04,GPU-d59cb1c4-ad97-d91a-6731-e7b5f38951a6
2026-10-09 01:39:26.264160,11008.0,11,1g.11gb,gpt2-inference-5d8458fb46-zdp9n,default,gpt2,580.178.04,GPU-d59cb1c4-ad97-d91a-6731-e7b5f38951a6
2026-10-09 01:39:26.264160,11007.0,12,1g.11gb,,,,580.178.04,GPU-d59cb1c4-ad97-d91a-6731-e7b5f38951a6
2026-10-09 01:39:26.264160,11008.0,13,1g.11gb,gpt2-inference-5d8458fb46-8g29c,default,gpt2,580.178.04,GPU-d59cb1c4-ad97-d91a-6731-e7b5f38951a6
2026-10-09 01:39:26.264160,11007.0,7,1g.11gb,,,,580.178.04,GPU-d59cb1c4-ad97-d91a-6731-e7b5f38951a6
2026-10-09 01:39:26.264160,11007.0,8,1g.11gb,,,,580.178.04,GPU-d59cb1c4-ad97-d91a-6731-e7b5f38951a6
2026-10-09 01:39:26.264160,11007.0,9,1g.11gb,,,,580.178.04,GPU-d59cb1c4-ad97-d91a-6731-e7b5f38951a6
2026-10-09 01:39:31.260370,11007.0,10,1g.11gb,,,,580.178.04,GPU-d59cb1c4-ad97-d91a-6731-e7b5f38951a6
2026-10-09 01:39:31.260370,11008.0,11,1g.11gb,gpt2-inference-5d8458fb46-zdp9n,default,gpt2,580.178.04,GPU-d59cb1c4-ad97-d91a-6731-e7b5f38951a6
2026-10-09 01:39:31.260370,11007.0,12,1g.11gb,,,,580.178.04,GPU-d59cb1c4-ad97-d91a-6731-e7b5f38951a6
2026-10-09 01:39:31.260370,11008.0,13,1g.11gb,gpt2-inference-5d8458fb46-8g29c,default,gpt2,580.178.04,GPU-d59cb1c4-ad97-d91a-6731-e7b5f38951a6
2026-10-09 01:39:31.260370,11007.0,7,1g.11gb,,,,580.178.04,GPU-d59cb1c4-ad97-d91a-6731-e7b5f38951a6
2026-10-09 01:39:31.260370,11007.0,8,1g.11gb,,,,580.178.04,GPU-d59cb1c4-ad97-d91a-6731-e7b5f38951a6
2026-10-09 01:39:31.260370,11007.0,9,1g.11gb,,,,580.178.04,GPU-d59cb1c4-ad97-d91a-6731-e7b5f38951a6
2026-10-09 01:39:36.263279,11007.0,10,1g.11gb,,,,580.178.04,GPU-d59cb1c4-ad97-d91a-6731-e7b5f38951a6
2026-10-09 01:39:36.263279,11008.0,11,1g.11gb,gpt2-inference-5d8458fb46-zdp9n,default,gpt2,580.178.04,GPU-d59cb1c4-ad97-d91a-6731-e7b5f38951a6
2026-10-09 01:39:36.263279,11007.0,12,1g.11gb,,,,580.178.04,GPU-d59cb1c4-ad97-d91a-6731-e7b5f38951a6
2026-10-09 01:39:36.263279,11008.0,13,1g.11gb,gpt2-inference-5d8458fb46-8g29c,default,gpt2,580.178.04,GPU-d59cb1c4-ad97-d91a-6731-e7b5f38951a6
2026-10-09 01:39:36.263279,11007.0,7,1g.11gb,,,,580.178.04,GPU-d59cb1c4-ad97-d91a-6731-e7b5f38951a6
2026-10-09 01:39:36.263279,11007.0,8,1g.11gb,,,,580.178.04,GPU-d59cb1c4-ad97-d91a-6731-e7b5f38951a6
2026-10-09 01:39:36.263279,11007.0,9,1g.11gb,,,,580.178.04,GPU-d59cb1c4-ad97-d91a-6731-e7b5f38951a6
2026-10-09 01:39:41.264152,11007.0,10,1g.11gb,,,,580.178.04,GPU-d59cb1c4-ad97-d91a-6731-e7b5f38951a6
2026-10-09 01:39:41.264152,11008.0,11,1g.11gb,gpt2-inference-5d8458fb46-zdp9n,default,gpt2,580.178.04,GPU-d59cb1c4-ad97-d91a-6731-e7b5f38951a6
2026-10-09 01:39:41.264152,11007.0,12,1g.11gb,,,,580.178.04,GPU-d59cb1c4-ad97-d91a-6731-e7b5f38951a6
2026-10-09 01:39:41.264152,11008.0,13,1g.11gb,gpt2-inference-5d8458fb46-8g29c,default,gpt2,580.178.04,GPU-d59cb1c4-ad97-d91a-6731-e7b5f38951a6
2026-10-09 01:39:41.264152,11007.0,7,1g.11gb,,,,580.178.04,GPU-d59cb1c4-ad97-d91a-6731-e7b5f38951a6
2026-10-09 01:39:41.264152,11007.0,8,1g.11gb,,,,580.178.04,GPU-d59cb1c4-ad97-d91a-6731-e7b5f38951a6
2026-10-09 01:39:41.264152,11007.0,9,1g.11gb,,,,580.178.04,GPU-d59cb1c4-ad97-d91a-6731-e7b5f38951a6
2026-10-09 01:39:46.264140,11007.0,10,1g.11gb,,,,580.178.04,GPU-d59cb1c4-ad97-d91a-6731-e7b5f38951a6
2026-10-09 01:39:46.264140,11008.0,11,1g.11gb,gpt2-inference-5d8458fb46-zdp9n,default,gpt2,580.178.04,GPU-d59cb1c4-ad97-d91a-6731-e7b5f38951a6
2026-10-09 01:39:46.264140,11007.0,12,1g.11gb,,,,580.178.04,GPU-d59cb1c4-ad97-d91a-6731-e7b5f38951a6
2026-10-09 01:39:46.264140,11008.0,13,1g.11gb,gpt2-inference-5d8458fb46-8g29c,default,gpt2,580.178.04,GPU-d59cb1c4-ad97-d91a-6731-e7b5f38951a6
2026-10-09 01:39:46.264140,11007.0,7,1g.11gb,,,,580.178.04,GPU-d59cb1c4-ad97-d91a-6731-e7b5f38951a6
2026-10-09 01:39:46.264140,11007.0,8,1g.11gb,,,,580.178.04,GPU-d59cb1c4-ad97-d91a-6731-e7b5f38951a6
2026-10-09 01:39:46.264140,11007.0,9,1g.11gb,,,,580.178.04,GPU-d59cb1c4-ad97-d91a-6731-e7b5f38951a6
2026-10-09 01:39:51.263814,11007.0,10,1g.11gb,,,,580.178.04,GPU-d59cb1c4-ad97-d91a-6731-e7b5f38951a6
2026-10-09 01:39:51.263814,11008.0,11,1g.11gb,gpt2-inference-5d8458fb46-zdp9n,default,gpt2,580.178.04,GPU-d59cb1c4-ad97-d91a-6731-e7b5f38951a6
2026-10-09 01:39:51.263814,11007.0,12,1g.11gb,,,,580.178.04,GPU-d59cb1c4-ad97-d91a-6731-e7b5f38951a6
2026-10-09 01:39:51.263814,11008.0,13,1g.11gb,gpt2-inference-5d8458fb46-8g29c,default,gpt2,580.178.04,GPU-d59cb1c4-ad97-d91a-6731-e7b5f38951a6
2026-10-09 01:39:51.263814,11007.0,7,1g.11gb,,,,580.178.04,GPU-d59cb1c4-ad97-d91a-6731-e7b5f38951a6
2026-10-09 01:39:51.263814,11007.0,8,1g.11gb,,,,580.178.04,GPU-d59cb1c4-ad97-d91a-6731-e7b5f38951a6
2026-10-09 01:39:51.263814,11007.0,9,1g.11gb,,,,580.178.04,GPU-d59cb1c4-ad97-d91a-6731-e7b5f38951a6
2026-10-09 01:39:56.260434,11007.0,10,1g.11gb,,,,580.178.04,GPU-d59cb1c4-ad97-d91a-6731-e7b5f38951a6
2026-10-09 01:39:56.260434,11008.0,11,1g.11gb,gpt2-inference-5d8458fb46-zdp9n,default,gpt2,580.178.04,GPU-d59cb1c4-ad97-d91a-6731-e7b5f38951a6
2026-10-09 01:39:56.260434,11007.0,12,1g.11gb,,,,580.178.04,GPU-d59cb1c4-ad97-d91a-6731-e7b5f38951a6
2026-10-09 01:39:56.260434,11008.0,13,1g.11gb,gpt2-inference-5d8458fb46-8g29c,default,gpt2,580.178.04,GPU-d59cb1c4-ad97-d91a-6731-e7b5f38951a6
2026-10-09 01:39:56.260434,11007.0,7,1g.11gb,,,,580.178.04,GPU-d59cb1c4-ad97-d91a-6731-e7b5f38951a6
2026-10-09 01:39:56.260434,11007.0,8,1g.11gb,,,,580.178.04,GPU-d59cb1c4-ad97-d91a-6731-e7b5f38951a6
2026-10-09 01:39:56.260434,11007.0,9,1g.11gb,,,,580.178.04,GPU-d59cb1c4-ad97-d91a-6731-e7b5f38951a6
2026-10-09 01:40:01.263650,11007.0,10,1g.11gb,,,,580.178.04,GPU-d59cb1c4-ad97-d91a-6731-e7b5f38951a6
2026-10-09 01:40:01.263650,11008.0,11,1g.11gb,gpt2-inference-5d8458fb46-zdp9n,default,gpt2,580.178.04,GPU-d59cb1c4-ad97-d91a-6731-e7b5f38951a6
2026-10-09 01:40:01.263650,11007.0,12,1g.11gb,,,,580.178.04,GPU-d59cb1c4-ad97-d91a-6731-e7b5f38951a6
2026-10-09 01:40:01.263650,11008.0,13,1g.11gb,gpt2-inference-5d8458fb46-8g29c,default,gpt2,580.178.04,GPU-d59cb1c4-ad97-d91a-6731-e7b5f38951a6
2026-10-09 01:40:01.263650,11007.0,7,1g.11gb,,,,580.178.04,GPU-d59cb1c4-ad97-d91a-6731-e7b5f38951a6
2026-10-09 01:40:01.263650,11007.0,8,1g.11gb,,,,580.178.04,GPU-d59cb1c4-ad97-d91a-6731-e7b5f38951a6
2026-10-09 01:40:01.263650,11007.0,9,1g.11gb,,,,580.178.04,GPU-d59cb1c4-ad97-d91a-6731-e7b5f38951a6
2026-10-09 01:40:06.264157,11007.0,10,1g.11gb,,,,580.178.04,GPU-d59cb1c4-ad97-d91a-6731-e7b5f38951a6
2026-10-09 01:40:06.264157,11008.0,11,1g.11gb,gpt2-inference-5d8458fb46-zdp9n,default,gpt2,580.178.04,GPU-d59cb1c4-ad97-d91a-6731-e7b5f38951a6
2026-10-09 01:40:06.264157,11007.0,12,1g.11gb,,,,580.178.04,GPU-d59cb1c4-ad97-d91a-6731-e7b5f38951a6
2026-10-09 01:40:06.264157,11008.0,13,1g.11gb,gpt2-inference-5d8458fb46-8g29c,default,gpt2,580.178.04,GPU-d59cb1c4-ad97-d91a-6731-e7b5f38951a6
2026-10-09 01:40:06.264157,11007.0,7,1g.11gb,,,,580.178.04,GPU-d59cb1c4-ad97-d91a-6731-e7b5f38951a6
2026-10-09 01:40:06.264157,11007.0,8,1g.11gb,,,,580.178.04,GPU-d59cb1c4-ad97-d91a-6731-e7b5f38951a6
2026-10-09 01:40:06.264157,11007.0,9,1g.11gb,,,,580.178.04,GPU-d59cb1c4-ad97-d91a-6731-e7b5f38951a6
2026-10-09 01:40:11.264159,11007.0,10,1g.11gb,,,,580.178.04,GPU-d59cb1c4-ad97-d91a-6731-e7b5f38951a6
2026-10-09 01:40:11.264159,11008.0,11,1g.11gb,gpt2-inference-5d8458fb46-zdp9n,default,gpt2,580.178.04,GPU-d59cb1c4-ad97-d91a-6731-e7b5f38951a6
2026-10-09 01:40:11.264159,11007.0,12,1g.11gb,,,,580.178.04,GPU-d59cb1c4-ad97-d91a-6731-e7b5f38951a6
2026-10-09 01:40:11.264159,11008.0,13,1g.11gb,gpt2-inference-5d8458fb46-8g29c,default,gpt2,580.178.04,GPU-d59cb1c4-ad97-d91a-6731-e7b5f38951a6
2026-10-09 01:40:11.264159,11007.0,7,1g.11gb,,,,580.178.04,GPU-d59cb1c4-ad97-d91a-6731-e7b5f38951a6
2026-10-09 01:40:11.264159,11007.0,8,1g.11gb,,,,580.178.04,GPU-d59cb1c4-ad97-d91a-6731-e7b5f38951a6
2026-10-09 01:40:11.264159,11007.0,9,1g.11gb,,,,580.178.04,GPU-d59cb1c4-ad97-d91a-6731-e7b5f38951a6
2026-10-09 01:40:16.261909,11007.0,10,1g.11gb,,,,580.178.04,GPU-d59cb1c4-ad97-d91a-6731-e7b5f38951a6
2026-10-09 01:40:16.261909,11008.0,11,1g.11gb,gpt2-inference-5d8458fb46-zdp9n,default,gpt2,580.178.04,GPU-d59cb1c4-ad97-d91a-6731-e7b5f38951a6
2026-10-09 01:40:16.261909,11007.0,12,1g.11gb,,,,580.178.04,GPU-d59cb1c4-ad97-d91a-6731-e7b5f38951a6
2026-10-09 01:40:16.261909,11008.0,13,1g.11gb,gpt2-inference-5d8458fb46-8g29c,default,gpt2,580.178.04,GPU-d59cb1c4-ad97-d91a-6731-e7b5f38951a6
2026-10-09 01:40:16.261909,11007.0,7,1g.11gb,,,,580.178.04,GPU-d59cb1c4-ad97-d91a-6731-e7b5f38951a6
2026-10-09 01:40:16.261909,11007.0,8,1g.11gb,,,,580.178.04,GPU-d59cb1c4-ad97-d91a-6731-e7b5f38951a6
2026-10-09 01:40:16.261909,11007.0,9,1g.11gb,,,,580.178.04,GPU-d59cb1c4-ad97-d91a-6731-e7b5f38951a6
2026-10-09 01:40:21.259947,11007.0,10,1g.11gb,,,,580.178.04,GPU-d59cb1c4-ad97-d91a-6731-e7b5f38951a6
2026-10-09 01:40:21.259947,11008.0,11,1g.11gb,gpt2-inference-5d8458fb46-zdp9n,default,gpt2,580.178.04,GPU-d59cb1c4-ad97-d91a-6731-e7b5f38951a6
2026-10-09 01:40:21.259947,11007.0,12,1g.11gb,,,,580.178.04,GPU-d59cb1c4-ad97-d91a-6731-e7b5f38951a6
2026-10-09 01:40:21.259947,11008.0,13,1g.11gb,gpt2-inference-5d8458fb46-8g29c,default,gpt2,580.178.04,GPU-d59cb1c4-ad97-d91a-6731-e7b5f38951a6
2026-10-09 01:40:21.259947,11007.0,7,1g.11gb,,,,580.178.04,GPU-d59cb1c4-ad97-d91a-6731-e7b5f38951a6
2026-10-09 01:40:21.259947,11007.0,8,1g.11gb,,,,580.178.04,GPU-d59cb1c4-ad97-d91a-6731-e7b5f38951a6
2026-10-09 01:40:21.259947,11007.0,9,1g.11gb,,,,580.178.04,GPU-d59cb1c4-ad97-d91a-6731-e7b5f38951a6
2026-10-09 01:40:26.264116,11007.0,10,1g.11gb,,,,580.178.04,GPU-d59cb1c4-ad97-d91a-6731-e7b5f38951a6
2026-10-09 01:40:26.264116,11008.0,11,1g.11gb,gpt2-inference-5d8458fb46-zdp9n,default,gpt2,580.178.04,GPU-d59cb1c4-ad97-d91a-6731-e7b5f38951a6
2026-10-09 01:40:26.264116,11007.0,12,1g.11gb,,,,580.178.04,GPU-d59cb1c4-ad97-d91a-6731-e7b5f38951a6
2026-10-09 01:40:26.264116,11008.0,13,1g.11gb,gpt2-inference-5d8458fb46-8g29c,default,gpt2,580.178.04,GPU-d59cb1c4-ad97-d91a-6731-e7b5f38951a6
2026-10-09 01:40:26.264116,11007.0,7,1g.11gb,,,,580.178.04,GPU-d59cb1c4-ad97-d91a-6731-e7b5f38951a6
2026-10-09 01:40:26.264116,11007.0,8,1g.11gb,,,,580.178.04,GPU-d59cb1c4-ad97-d91a-6731-e7b5f38951a6
2026-10-09 01:40:26.264116,11007.0,9,1g.11gb,,,,580.178.04,GPU-d59cb1c4-ad97-d91a-6731-e7b5f38951a6
2026-10-09 01:40:31.264160,11007.0,10,1g.11gb,,,,580.178.04,GPU-d59cb1c4-ad97-d91a-6731-e7b5f38951a6
2026-10-09 01:40:31.264160,11008.0,11,1g.11gb,gpt2-inference-5d8458fb46-zdp9n,default,gpt2,580.178.04,GPU-d59cb1c4-ad97-d91a-6731-e7b5f38951a6
2026-10-09 01:40:31.264160,11007.0,12,1g.11gb,,,,580.178.04,GPU-d59cb1c4-ad97-d91a-6731-e7b5f38951a6
2026-10-09 01:40:31.264160,11008.0,13,1g.11gb,gpt2-inference-5d8458fb46-8g29c,default,gpt2,580.178.04,GPU-d59cb1c4-ad97-d91a-6731-e7b5f38951a6
2026-10-09 01:40:31.264160,11007.0,7,1g.11gb,,,,580.178.04,GPU-d59cb1c4-ad97-d91a-6731-e7b5f38951a6
2026-10-09 01:40:31.264160,11007.0,8,1g.11gb,,,,580.178.04,GPU-d59cb1c4-ad97-d91a-6731-e7b5f38951a6
2026-10-09 01:40:31.264160,11007.0,9,1g.11gb,,,,580.178.04,GPU-d59cb1c4-ad97-d91a-6731-e7b5f38951a6
2026-10-09 01:40:36.260492,11007.0,10,1g.11gb,,,,580.178.04,GPU-d59cb1c4-ad97-d91a-6731-e7b5f38951a6
2026-10-09 01:40:36.260492,11008.0,11,1g.11gb,gpt2-inference-5d8458fb46-zdp9n,default,gpt2,580.178.04,GPU-d59cb1c4-ad97-d91a-6731-e7b5f38951a6
2026-10-09 01:40:36.260492,11007.0,12,1g.11gb,,,,580.178.04,GPU-d59cb1c4-ad97-d91a-6731-e7b5f38951a6
2026-10-09 01:40:36.260492,11008.0,13,1g.11gb,gpt2-inference-5d8458fb46-8g29c,default,gpt2,580.178.04,GPU-d59cb1c4-ad97-d91a-6731-e7b5f38951a6
2026-10-09 01:40:36.260492,11007.0,7,1g.11gb,,,,580.178.04,GPU-d59cb1c4-ad97-d91a-6731-e7b5f38951a6
2026-10-09 01:40:36.260492,11007.0,8,1g.11gb,,,,580.178.04,GPU-d59cb1c4-ad97-d91a-6731-e7b5f38951a6
2026-10-09 01:40:36.260492,11007.0,9,1g.11gb,,,,580.178.04,GPU-d59cb1c4-ad97-d91a-6731-e7b5f38951a6
2026-10-09 01:40:41.262321,11007.0,10,1g.11gb,,,,580.178.04,GPU-d59cb1c4-ad97-d91a-6731-e7b5f38951a6
2026-10-09 01:40:41.262321,11008.0,11,1g.11gb,gpt2-inference-5d8458fb46-zdp9n,default,gpt2,580.178.04,GPU-d59cb1c4-ad97-d91a-6731-e7b5f38951a6
2026-10-09 01:40:41.262321,11007.0,12,1g.11gb,,,,580.178.04,GPU-d59cb1c4-ad97-d91a-6731-e7b5f38951a6
2026-10-09 01:40:41.262321,11008.0,13,1g.11gb,gpt2-inference-5d8458fb46-8g29c,default,gpt2,580.178.04,GPU-d59cb1c4-ad97-d91a-6731-e7b5f38951a6
2026-10-09 01:40:41.262321,11007.0,7,1g.11gb,,,,580.178.04,GPU-d59cb1c4-ad97-d91a-6731-e7b5f38951a6
2026-10-09 01:40:41.262321,11007.0,8,1g.11gb,,,,580.178.04,GPU-d59cb1c4-ad97-d91a-6731-e7b5f38951a6
2026-10-09 01:40:41.262321,11007.0,9,1g.11gb,,,,580.178.04,GPU-d59cb1c4-ad97-d91a-6731-e7b5f38951a6
2026-10-09 01:40:46.263045,11007.0,10,1g.11gb,,,,580.178.04,GPU-d59cb1c4-ad97-d91a-6731-e7b5f38951a6
2026-10-09 01:40:46.263045,11008.0,11,1g.11gb,gpt2-inference-5d8458fb46-zdp9n,default,gpt2,580.178.04,GPU-d59cb1c4-ad97-d91a-6731-e7b5f38951a6
2026-10-09 01:40:46.263045,11007.0,12,1g.11gb,,,,580.178.04,GPU-d59cb1c4-ad97-d91a-6731-e7b5f38951a6
2026-10-09 01:40:46.263045,11008.0,13,1g.11gb,gpt2-inference-5d8458fb46-8g29c,default,gpt2,580.178.04,GPU-d59cb1c4-ad97-d91a-6731-e7b5f38951a6
2026-10-09 01:40:46.263045,11007.0,7,1g.11gb,,,,580.178.04,GPU-d59cb1c4-ad97-d91a-6731-e7b5f38951a6
2026-10-09 01:40:46.263045,11007.0,8,1g.11gb,,,,580.178.04,GPU-d59cb1c4-ad97-d91a-6731-e7b5f38951a6
2026-10-09 01:40:46.263045,11007.0,9,1g.11gb,,,,580.178.04,GPU-d59cb1c4-ad97-d91a-6731-e7b5f38951a6
2026-10-09 01:40:51.264168,11007.0,10,1g.11gb,,,,580.178.04,GPU-d59cb1c4-ad97-d91a-6731-e7b5f38951a6
2026-10-09 01:40:51.264168,11008.0,11,1g.11gb,gpt2-inference-5d8458fb46-zdp9n,default,gpt2,580.178.04,GPU-d59cb1c4-ad97-d91a-6731-e7b5f38951a6
2026-10-09 01:40:51.264168,11007.0,12,1g.11gb,,,,580.178.04,GPU-d59cb1c4-ad97-d91a-6731-e7b5f38951a6
2026-10-09 01:40:51.264168,11008.0,13,1g.11gb,gpt2-inference-5d8458fb46-8g29c,default,gpt2,580.178.04,GPU-d59cb1c4-ad97-d91a-6731-e7b5f38951a6
2026-10-09 01:40:51.264168,11007.0,7,1g.11gb,,,,580.178.04,GPU-d59cb1c4-ad97-d91a-6731-e7b5f38951a6
2026-10-09 01:40:51.264168,11007.0,8,1g.11gb,,,,580.178.04,GPU-d59cb1c4-ad97-d91a-6731-e7b5f38951a6
2026-10-09 01:40:51.264168,11007.0,9,1g.11gb,,,,580.178.04,GPU-d59cb1c4-ad97-d91a-6731-e7b5f38951a6
2026-10-09 01:40:56.260706,11007.0,10,1g.11gb,,,,580.178.04,GPU-d59cb1c4-ad97-d91a-6731-e7b5f38951a6
2026-10-09 01:40:56.260706,11008.0,11,1g.11gb,gpt2-inference-5d8458fb46-zdp9n,default,gpt2,580.178.04,GPU-d59cb1c4-ad97-d91a-6731-e7b5f38951a6
2026-10-09 01:40:56.260706,11007.0,12,1g.11gb,,,,580.178.04,GPU-d59cb1c4-ad97-d91a-6731-e7b5f38951a6
2026-10-09 01:40:56.260706,11008.0,13,1g.11gb,gpt2-inference-5d8458fb46-8g29c,default,gpt2,580.178.04,GPU-d59cb1c4-ad97-d91a-6731-e7b5f38951a6
2026-10-09 01:40:56.260706,11007.0,7,1g.11gb,,,,580.178.04,GPU-d59cb1c4-ad97-d91a-6731-e7b5f38951a6
2026-10-09 01:40:56.260706,11007.0,8,1g.11gb,,,,580.178.04,GPU-d59cb1c4-ad97-d91a-6731-e7b5f38951a6
2026-10-09 01:40:56.260706,11007.0,9,1g.11gb,,,,580.178.04,GPU-d59cb1c4-ad97-d91a-6731-e7b5f38951a6
2026-10-09 01:41:01.264160,11007.0,10,1g.11gb,,,,580.178.04,GPU-d59cb1c4-ad97-d91a-6731-e7b5f38951a6
2026-10-09 01:41:01.264160,11008.0,11,1g.11gb,gpt2-inference-5d8458fb46-zdp9n,default,gpt2,580.178.04,GPU-d59cb1c4-ad97-d91a-6731-e7b5f38951a6
2026-10-09 01:41:01.264160,11007.0,12,1g.11gb,,,,580.178.04,GPU-d59cb1c4-ad97-d91a-6731-e7b5f38951a6
2026-10-09 01:41:01.264160,11008.0,13,1g.11gb,gpt2-inference-5d8458fb46-8g29c,default,gpt2,580.178.04,GPU-d59cb1c4-ad97-d91a-6731-e7b5f38951a6
2026-10-09 01:41:01.264160,11007.0,7,1g.11gb,,,,580.178.04,GPU-d59cb1c4-ad97-d91a-6731-e7b5f38951a6
2026-10-09 01:41:01.264160,11007.0,8,1g.11gb,,,,580.178.04,GPU-d59cb1c4-ad97-d91a-6731-e7b5f38951a6
2026-10-09 01:41:01.264160,11007.0,9,1g.11gb,,,,580.178.04,GPU-d59cb1c4-ad97-d91a-6731-e7b5f38951a6
2026-10-09 01:41:06.264162,11007.0,10,1g.11gb,,,,580.178.04,GPU-d59cb1c4-ad97-d91a-6731-e7b5f38951a6
2026-10-09 01:41:06.264162,11008.0,11,1g.11gb,gpt2-inference-5d8458fb46-zdp9n,default,gpt2,580.178.04,GPU-d59cb1c4-ad97-d91a-6731-e7b5f38951a6
2026-10-09 01:41:06.264162,11007.0,12,1g.11gb,,,,580.178.04,GPU-d59cb1c4-ad97-d91a-6731-e7b5f38951a6
2026-10-09 01:41:06.264162,11008.0,13,1g.11gb,gpt2-inference-5d8458fb46-8g29c,default,gpt2,580.178.04,GPU-d59cb1c4-ad97-d91a-6731-e7b5f38951a6
2026-10-09 01:41:06.264162,11007.0,7,1g.11gb,,,,580.178.04,GPU-d59cb1c4-ad97-d91a-6731-e7b5f38951a6
2026-10-09 01:41:06.264162,11007.0,8,1g.11gb,,,,580.178.04,GPU-d59cb1c4-ad97-d91a-6731-e7b5f38951a6
2026-10-09 01:41:06.264162,11007.0,9,1g.11gb,,,,580.178.04,GPU-d59cb1c4-ad97-d91a-6731-e7b5f38951a6
2026-10-09 01:41:11.264158,11007.0,10,1g.11gb,,,,580.178.04,GPU-d59cb1c4-ad97-d91a-6731-e7b5f38951a6
2026-10-09 01:41:11.264158,11008.0,11,1g.11gb,gpt2-inference-5d8458fb46-zdp9n,default,gpt2,580.178.04,GPU-d59cb1c4-ad97-d91a-6731-e7b5f38951a6
2026-10-09 01:41:11.264158,11007.0,12,1g.11gb,,,,580.178.04,GPU-d59cb1c4-ad97-d91a-6731-e7b5f38951a6
2026-10-09 01:41:11.264158,11008.0,13,1g.11gb,gpt2-inference-5d8458fb46-8g29c,default,gpt2,580.178.04,GPU-d59cb1c4-ad97-d91a-6731-e7b5f38951a6
2026-10-09 01:41:11.264158,11007.0,7,1g.11gb,,,,580.178.04,GPU-d59cb1c4-ad97-d91a-6731-e7b5f38951a6
2026-10-09 01:41:11.264158,11007.0,8,1g.11gb,,,,580.178.04,GPU-d59cb1c4-ad97-d91a-6731-e7b5f38951a6
2026-10-09 01:41:11.264158,11007.0,9,1g.11gb,,,,580.178.04,GPU-d59cb1c4-ad97-d91a-6731-e7b5f38951a6
2026-10-09 01:41:16.260726,11007.0,10,1g.11gb,,,,580.178.04,GPU-d59cb1c4-ad97-d91a-6731-e7b5f38951a6
2026-10-09 01:41:16.260726,11008.0,11,1g.11gb,gpt2-inference-5d8458fb46-zdp9n,default,gpt2,580.178.04,GPU-d59cb1c4-ad97-d91a-6731-e7b5f38951a6
2026-10-09 01:41:16.260726,11007.0,12,1g.11gb,,,,580.178.04,GPU-d59cb1c4-ad97-d91a-6731-e7b5f38951a6
2026-10-09 01:41:16.260726,11008.0,13,1g.11gb,gpt2-inference-5d8458fb46-8g29c,default,gpt2,580.178.04,GPU-d59cb1c4-ad97-d91a-6731-e7b5f38951a6
2026-10-09 01:41:16.260726,11007.0,7,1g.11gb,,,,580.178.04,GPU-d59cb1c4-ad97-d91a-6731-e7b5f38951a6
2026-10-09 01:41:16.260726,11007.0,8,1g.11gb,,,,580.178.04,GPU-d59cb1c4-ad97-d91a-6731-e7b5f38951a6
2026-10-09 01:41:16.260726,11007.0,9,1g.11gb,,,,580.178.04,GPU-d59cb1c4-ad97-d91a-6731-e7b5f38951a6
2026-10-09 01:41:21.259847,11007.0,10,1g.11gb,,,,580.178.04,GPU-d59cb1c4-ad97-d91a-6731-e7b5f38951a6
2026-10-09 01:41:21.259847,11008.0,11,1g.11gb,gpt2-inference-5d8458fb46-zdp9n,default,gpt2,580.178.04,GPU-d59cb1c4-ad97-d91a-6731-e7b5f38951a6
2026-10-09 01:41:21.259847,11007.0,12,1g.11gb,,,,580.178.04,GPU-d59cb1c4-ad97-d91a-6731-e7b5f38951a6
2026-10-09 01:41:21.259847,11008.0,13,1g.11gb,gpt2-inference-5d8458fb46-8g29c,default,gpt2,580.178.04,GPU-d59cb1c4-ad97-d91a-6731-e7b5f38951a6
2026-10-09 01:41:21.259847,11007.0,7,1g.11gb,,,,580.178.04,GPU-d59cb1c4-ad97-d91a-6731-e7b5f38951a6
2026-10-09 01:41:21.259847,11007.0,8,1g.11gb,,,,580.178.04,GPU-d59cb1c4-ad97-d91a-6731-e7b5f38951a6
2026-10-09 01:41:21.259847,11007.0,9,1g.11gb,,,,580.178.04,GPU-d59cb1c4-ad97-d91a-6731-e7b5f38951a6
2026-10-09 01:41:26.264167,11007.0,10,1g.11gb,,,,580.178.04,GPU-d59cb1c4-ad97-d91a-6731-e7b5f38951a6
2026-10-09 01:41:26.264167,11008.0,11,1g.11gb,gpt2-inference-5d8458fb46-zdp9n,default,gpt2,580.178.04,GPU-d59cb1c4-ad97-d91a-6731-e7b5f38951a6
2026-10-09 01:41:26.264167,11007.0,12,1g.11gb,,,,580.178.04,GPU-d59cb1c4-ad97-d91a-6731-e7b5f38951a6
2026-10-09 01:41:26.264167,11008.0,13,1g.11gb,gpt2-inference-5d8458fb46-8g29c,default,gpt2,580.178.04,GPU-d59cb1c4-ad97-d91a-6731-e7b5f38951a6
2026-10-09 01:41:26.264167,11007.0,7,1g.11gb,,,,580.178.04,GPU-d59cb1c4-ad97-d91a-6731-e7b5f38951a6
2026-10-09 01:41:26.264167,11007.0,8,1g.11gb,,,,580.178.04,GPU-d59cb1c4-ad97-d91a-6731-e7b5f38951a6
2026-10-09 01:41:26.264167,11007.0,9,1g.11gb,,,,580.178.04,GPU-d59cb1c4-ad97-d91a-6731-e7b5f38951a6
2026-10-09 01:41:31.259694,11007.0,10,1g.11gb,,,,580.178.04,GPU-d59cb1c4-ad97-d91a-6731-e7b5f38951a6
2026-10-09 01:41:31.259694,11008.0,11,1g.11gb,gpt2-inference-5d8458fb46-zdp9n,default,gpt2,580.178.04,GPU-d59cb1c4-ad97-d91a-6731-e7b5f38951a6
2026-10-09 01:41:31.259694,11007.0,12,1g.11gb,,,,580.178.04,GPU-d59cb1c4-ad97-d91a-6731-e7b5f38951a6
2026-10-09 01:41:31.259694,11008.0,13,1g.11gb,gpt2-inference-5d8458fb46-8g29c,default,gpt2,580.178.04,GPU-d59cb1c4-ad97-d91a-6731-e7b5f38951a6
2026-10-09 01:41:31.259694,11007.0,7,1g.11gb,,,,580.178.04,GPU-d59cb1c4-ad97-d91a-6731-e7b5f38951a6
2026-10-09 01:41:31.259694,11007.0,8,1g.11gb,,,,580.178.04,GPU-d59cb1c4-ad97-d91a-6731-e7b5f38951a6
2026-10-09 01:41:31.259694,11007.0,9,1g.11gb,,,,580.178.04,GPU-d59cb1c4-ad97-d91a-6731-e7b5f38951a6
2026-10-09 01:41:36.259800,11007.0,10,1g.11gb,,,,580.178.04,GPU-d59cb1c4-ad97-d91a-6731-e7b5f38951a6
2026-10-09 01:41:36.259800,11008.0,11,1g.11gb,gpt2-inference-5d8458fb46-zdp9n,default,gpt2,580.178.04,GPU-d59cb1c4-ad97-d91a-6731-e7b5f38951a6
2026-10-09 01:41:36.259800,11007.0,12,1g.11gb,,,,580.178.04,GPU-d59cb1c4-ad97-d91a-6731-e7b5f38951a6
2026-10-09 01:41:36.259800,11008.0,13,1g.11gb,gpt2-inference-5d8458fb46-8g29c,default,gpt2,580.178.04,GPU-d59cb1c4-ad97-d91a-6731-e7b5f38951a6
2026-10-09 01:41:36.259800,11007.0,7,1g.11gb,,,,580.178.04,GPU-d59cb1c4-ad97-d91a-6731-e7b5f38951a6
2026-10-09 01:41:36.259800,11007.0,8,1g.11gb,,,,580.178.04,GPU-d59cb1c4-ad97-d91a-6731-e7b5f38951a6
2026-10-09 01:41:36.259800,11007.0,9,1g.11gb,,,,580.178.04,GPU-d59cb1c4-ad97-d91a-6731-e7b5f38951a6
2026-10-09 01:41:41.260627,11007.0,10,1g.11gb,,,,580.178.04,GPU-d59cb1c4-ad97-d91a-6731-e7b5f38951a6
2026-10-09 01:41:41.260627,11008.0,11,1g.11gb,gpt2-inference-5d8458fb46-zdp9n,default,gpt2,580.178.04,GPU-d59cb1c4-ad97-d91a-6731-e7b5f38951a6
2026-10-09 01:41:41.260627,11007.0,12,1g.11gb,,,,580.178.04,GPU-d59cb1c4-ad97-d91a-6731-e7b5f38951a6
2026-10-09 01:41:41.260627,11008.0,13,1g.11gb,gpt2-inference-5d8458fb46-8g29c,default,gpt2,580.178.04,GPU-d59cb1c4-ad97-d91a-6731-e7b5f38951a6
2026-10-09 01:41:41.260627,11007.0,7,1g.11gb,,,,580.178.04,GPU-d59cb1c4-ad97-d91a-6731-e7b5f38951a6
2026-10-09 01:41:41.260627,11007.0,8,1g.11gb,,,,580.178.04,GPU-d59cb1c4-ad97-d91a-6731-e7b5f38951a6
2026-10-09 01:41:41.260627,11007.0,9,1g.11gb,,,,580.178.04,GPU-d59cb1c4-ad97-d91a-6731-e7b5f38951a6
2026-10-09 01:41:46.264198,11007.0,10,1g.11gb,,,,580.178.04,GPU-d59cb1c4-ad97-d91a-6731-e7b5f38951a6
2026-10-09 01:41:46.264198,11008.0,11,1g.11gb,gpt2-inference-5d8458fb46-zdp9n,default,gpt2,580.178.04,GPU-d59cb1c4-ad97-d91a-6731-e7b5f38951a6
2026-10-09 01:41:46.264198,11007.0,12,1g.11gb,,,,580.178.04,GPU-d59cb1c4-ad97-d91a-6731-e7b5f38951a6
2026-10-09 01:41:46.264198,11008.0,13,1g.11gb,gpt2-inference-5d8458fb46-8g29c,default,gpt2,580.178.04,GPU-d59cb1c4-ad97-d91a-6731-e7b5f38951a6
2026-10-09 01:41:46.264198,11007.0,7,1g.11gb,,,,580.178.04,GPU-d59cb1c4-ad97-d91a-6731-e7b5f38951a6
2026-10-09 01:41:46.264198,11007.0,8,1g.11gb,,,,580.178.04,GPU-d59cb1c4-ad97-d91a-6731-e7b5f38951a6
2026-10-09 01:41:46.264198,11007.0,9,1g.11gb,,,,580.178.04,GPU-d59cb1c4-ad97-d91a-6731-e7b5f38951a6
2026-10-09 01:41:51.260914,11007.0,10,1g.11gb,,,,580.178.04,GPU-d59cb1c4-ad97-d91a-6731-e7b5f38951a6
2026-10-09 01:41:51.260914,11008.0,11,1g.11gb,gpt2-inference-5d8458fb46-zdp9n,default,gpt2,580.178.04,GPU-d59cb1c4-ad97-d91a-6731-e7b5f38951a6
2026-10-09 01:41:51.260914,11007.0,12,1g.11gb,,,,580.178.04,GPU-d59cb1c4-ad97-d91a-6731-e7b5f38951a6
2026-10-09 01:41:51.260914,11008.0,13,1g.11gb,gpt2-inference-5d8458fb46-8g29c,default,gpt2,580.178.04,GPU-d59cb1c4-ad97-d91a-6731-e7b5f38951a6
2026-10-09 01:41:51.260914,11007.0,7,1g.11gb,,,,580.178.04,GPU-d59cb1c4-ad97-d91a-6731-e7b5f38951a6
2026-10-09 01:41:51.260914,11007.0,8,1g.11gb,,,,580.178.04,GPU-d59cb1c4-ad97-d91a-6731-e7b5f38951a6
2026-10-09 01:41:51.260914,11007.0,9,1g.11gb,,,,580.178.04,GPU-d59cb1c4-ad97-d91a-6731-e7b5f38951a6
2026-10-09 01:41:56.264137,11007.0,10,1g.11gb,,,,580.178.04,GPU-d59cb1c4-ad97-d91a-6731-e7b5f38951a6
2026-10-09 01:41:56.264137,11008.0,11,1g.11gb,gpt2-inference-5d8458fb46-zdp9n,default,gpt2,580.178.04,GPU-d59cb1c4-ad97-d91a-6731-e7b5f38951a6
2026-10-09 01:41:56.264137,11007.0,12,1g.11gb,,,,580.178.04,GPU-d59cb1c4-ad97-d91a-6731-e7b5f38951a6
2026-10-09 01:41:56.264137,11008.0,13,1g.11gb,gpt2-inference-5d8458fb46-8g29c,default,gpt2,580.178.04,GPU-d59cb1c4-ad97-d91a-6731-e7b5f38951a6
2026-10-09 01:41:56.264137,11007.0,7,1g.11gb,,,,580.178.04,GPU-d59cb1c4-ad97-d91a-6731-e7b5f38951a6
2026-10-09 01:41:56.264137,11007.0,8,1g.11gb,,,,580.178.04,GPU-d59cb1c4-ad97-d91a-6731-e7b5f38951a6
2026-10-09 01:41:56.264137,11007.0,9,1g.11gb,,,,580.178.04,GPU-d59cb1c4-ad97-d91a-6731-e7b5f38951a6
2026-10-09 01:42:01.260164,11007.0,10,1g.11gb,,,,580.178.04,GPU-d59cb1c4-ad97-d91a-6731-e7b5f38951a6
2026-10-09 01:42:01.260164,11008.0,11,1g.11gb,gpt2-inference-5d8458fb46-zdp9n,default,gpt2,580.178.04,GPU-d59cb1c4-ad97-d91a-6731-e7b5f38951a6
2026-10-09 01:42:01.260164,11007.0,12,1g.11gb,,,,580.178.04,GPU-d59cb1c4-ad97-d91a-6731-e7b5f38951a6
2026-10-09 01:42:01.260164,11008.0,13,1g.11gb,gpt2-inference-5d8458fb46-8g29c,default,gpt2,580.178.04,GPU-d59cb1c4-ad97-d91a-6731-e7b5f38951a6
2026-10-09 01:42:01.260164,11007.0,7,1g.11gb,,,,580.178.04,GPU-d59cb1c4-ad97-d91a-6731-e7b5f38951a6
2026-10-09 01:42:01.260164,11007.0,8,1g.11gb,,,,580.178.04,GPU-d59cb1c4-ad97-d91a-6731-e7b5f38951a6
2026-10-09 01:42:01.260164,11007.0,9,1g.11gb,,,,580.178.04,GPU-d59cb1c4-ad97-d91a-6731-e7b5f38951a6
2026-10-09 01:42:06.263533,11007.0,10,1g.11gb,,,,580.178.04,GPU-d59cb1c4-ad97-d91a-6731-e7b5f38951a6
2026-10-09 01:42:06.263533,11008.0,11,1g.11gb,gpt2-inference-5d8458fb46-zdp9n,default,gpt2,580.178.04,GPU-d59cb1c4-ad97-d91a-6731-e7b5f38951a6
2026-10-09 01:42:06.263533,11007.0,12,1g.11gb,,,,580.178.04,GPU-d59cb1c4-ad97-d91a-6731-e7b5f38951a6
2026-10-09 01:42:06.263533,11008.0,13,1g.11gb,gpt2-inference-5d8458fb46-8g29c,default,gpt2,580.178.04,GPU-d59cb1c4-ad97-d91a-6731-e7b5f38951a6
2026-10-09 01:42:06.263533,11007.0,7,1g.11gb,,,,580.178.04,GPU-d59cb1c4-ad97-d91a-6731-e7b5f38951a6
2026-10-09 01:42:06.263533,11007.0,8,1g.11gb,,,,580.178.04,GPU-d59cb1c4-ad97-d91a-6731-e7b5f38951a6
2026-10-09 01:42:06.263533,11007.0,9,1g.11gb,,,,580.178.04,GPU-d59cb1c4-ad97-d91a-6731-e7b5f38951a6
2026-10-09 01:42:11.259951,11007.0,10,1g.11gb,,,,580.178.04,GPU-d59cb1c4-ad97-d91a-6731-e7b5f38951a6
2026-10-09 01:42:11.259951,11008.0,11,1g.11gb,gpt2-inference-5d8458fb46-zdp9n,default,gpt2,580.178.04,GPU-d59cb1c4-ad97-d91a-6731-e7b5f38951a6
2026-10-09 01:42:11.259951,11007.0,12,1g.11gb,,,,580.178.04,GPU-d59cb1c4-ad97-d91a-6731-e7b5f38951a6
2026-10-09 01:42:11.259951,11008.0,13,1g.11gb,gpt2-inference-5d8458fb46-8g29c,default,gpt2,580.178.04,GPU-d59cb1c4-ad97-d91a-6731-e7b5f38951a6
2026-10-09 01:42:11.259951,11007.0,7,1g.11gb,,,,580.178.04,GPU-d59cb1c4-ad97-d91a-6731-e7b5f38951a6
2026-10-09 01:42:11.259951,11007.0,8,1g.11gb,,,,580.178.04,GPU-d59cb1c4-ad97-d91a-6731-e7b5f38951a6
2026-10-09 01:42:11.259951,11007.0,9,1g.11gb,,,,580.178.04,GPU-d59cb1c4-ad97-d91a-6731-e7b5f38951a6
2026-10-09 01:42:16.264192,11007.0,10,1g.11gb,,,,580.178.04,GPU-d59cb1c4-ad97-d91a-6731-e7b5f38951a6
2026-10-09 01:42:16.264192,11008.0,11,1g.11gb,gpt2-inference-5d8458fb46-zdp9n,default,gpt2,580.178.04,GPU-d59cb1c4-ad97-d91a-6731-e7b5f38951a6
2026-10-09 01:42:16.264192,11007.0,12,1g.11gb,,,,580.178.04,GPU-d59cb1c4-ad97-d91a-6731-e7b5f38951a6
2026-10-09 01:42:16.264192,11008.0,13,1g.11gb,gpt2-inference-5d8458fb46-8g29c,default,gpt2,580.178.04,GPU-d59cb1c4-ad97-d91a-6731-e7b5f38951a6
2026-10-09 01:42:16.264192,11007.0,7,1g.11gb,,,,580.178.04,GPU-d59cb1c4-ad97-d91a-6731-e7b5f38951a6
2026-10-09 01:42:16.264192,11007.0,8,1g.11gb,,,,580.178.04,GPU-d59cb1c4-ad97-d91a-6731-e7b5f38951a6
2026-10-09 01:42:16.264192,11007.0,9,1g.11gb,,,,580.178.04,GPU-d59cb1c4-ad97-d91a-6731-e7b5f38951a6
2026-10-09 01:42:21.264162,11007.0,10,1g.11gb,,,,580.178.04,GPU-d59cb1c4-ad97-d91a-6731-e7b5f38951a6
2026-10-09 01:42:21.264162,11008.0,11,1g.11gb,gpt2-inference-5d8458fb46-zdp9n,default,gpt2,580.178.04,GPU-d59cb1c4-ad97-d91a-6731-e7b5f38951a6
2026-10-09 01:42:21.264162,11007.0,12,1g.11gb,,,,580.178.04,GPU-d59cb1c4-ad97-d91a-6731-e7b5f38951a6
2026-10-09 01:42:21.264162,11008.0,13,1g.11gb,gpt2-inference-5d8458fb46-8g29c,default,gpt2,580.178.04,GPU-d59cb1c4-ad97-d91a-6731-e7b5f38951a6
2026-10-09 01:42:21.264162,11007.0,7,1g.11gb,,,,580.178.04,GPU-d59cb1c4-ad97-d91a-6731-e7b5f38951a6
2026-10-09 01:42:21.264162,11007.0,8,1g.11gb,,,,580.178.04,GPU-d59cb1c4-ad97-d91a-6731-e7b5f38951a6
2026-10-09 01:42:21.264162,11007.0,9,1g.11gb,,,,580.178.04,GPU-d59cb1c4-ad97-d91a-6731-e7b5f38951a6
2026-10-09 01:42:26.264165,11007.0,10,1g.11gb,,,,580.178.04,GPU-d59cb1c4-ad97-d91a-6731-e7b5f38951a6
2026-10-09 01:42:26.264165,11008.0,11,1g.11gb,gpt2-inference-5d8458fb46-zdp9n,default,gpt2,580.178.04,GPU-d59cb1c4-ad97-d91a-6731-e7b5f38951a6
2026-10-09 01:42:26.264165,11007.0,12,1g.11gb,,,,580.178.04,GPU-d59cb1c4-ad97-d91a-6731-e7b5f38951a6
2026-10-09 01:42:26.264165,11008.0,13,1g.11gb,gpt2-inference-5d8458fb46-8g29c,default,gpt2,580.178.04,GPU-d59cb1c4-ad97-d91a-6731-e7b5f38951a6
2026-10-09 01:42:26.264165,11007.0,7,1g.11gb,,,,580.178.04,GPU-d59cb1c4-ad97-d91a-6731-e7b5f38951a6
2026-10-09 01:42:26.264165,11007.0,8,1g.11gb,,,,580.178.04,GPU-d59cb1c4-ad97-d91a-6731-e7b5f38951a6
2026-10-09 01:42:26.264165,11007.0,9,1g.11gb,,,,580.178.04,GPU-d59cb1c4-ad97-d91a-6731-e7b5f38951a6
2026-10-09 01:42:31.264163,11007.0,10,1g.11gb,,,,580.178.04,GPU-d59cb1c4-ad97-d91a-6731-e7b5f38951a6
2026-10-09 01:42:31.264163,11008.0,11,1g.11gb,gpt2-inference-5d8458fb46-zdp9n,default,gpt2,580.178.04,GPU-d59cb1c4-ad97-d91a-6731-e7b5f38951a6
2026-10-09 01:42:31.264163,11007.0,12,1g.11gb,,,,580.178.04,GPU-d59cb1c4-ad97-d91a-6731-e7b5f38951a6
2026-10-09 01:42:31.264163,11008.0,13,1g.11gb,gpt2-inference-5d8458fb46-8g29c,default,gpt2,580.178.04,GPU-d59cb1c4-ad97-d91a-6731-e7b5f38951a6
2026-10-09 01:42:31.264163,11007.0,7,1g.11gb,,,,580.178.04,GPU-d59cb1c4-ad97-d91a-6731-e7b5f38951a6
2026-10-09 01:42:31.264163,11007.0,8,1g.11gb,,,,580.178.04,GPU-d59cb1c4-ad97-d91a-6731-e7b5f38951a6
2026-10-09 01:42:31.264163,11007.0,9,1g.11gb,,,,580.178.04,GPU-d59cb1c4-ad97-d91a-6731-e7b5f38951a6
2026-10-09 01:42:36.264179,11007.0,10,1g.11gb,,,,580.178.04,GPU-d59cb1c4-ad97-d91a-6731-e7b5f38951a6
2026-10-09 01:42:36.264179,11008.0,11,1g.11gb,gpt2-inference-5d8458fb46-zdp9n,default,gpt2,580.178.04,GPU-d59cb1c4-ad97-d91a-6731-e7b5f38951a6
2026-10-09 01:42:36.264179,11007.0,12,1g.11gb,,,,580.178.04,GPU-d59cb1c4-ad97-d91a-6731-e7b5f38951a6
2026-10-09 01:42:36.264179,11008.0,13,1g.11gb,gpt2-inference-5d8458fb46-8g29c,default,gpt2,580.178.04,GPU-d59cb1c4-ad97-d91a-6731-e7b5f38951a6
2026-10-09 01:42:36.264179,11007.0,7,1g.11gb,,,,580.178.04,GPU-d59cb1c4-ad97-d91a-6731-e7b5f38951a6
2026-10-09 01:42:36.264179,11007.0,8,1g.11gb,,,,580.178.04,GPU-d59cb1c4-ad97-d91a-6731-e7b5f38951a6
2026-10-09 01:42:36.264179,11007.0,9,1g.11gb,,,,580.178.04,GPU-d59cb1c4-ad97-d91a-6731-e7b5f38951a6
2026-10-09 01:42:41.264155,11007.0,10,1g.11gb,,,,580.178.04,GPU-d59cb1c4-ad97-d91a-6731-e7b5f38951a6
2026-10-09 01:42:41.264155,11008.0,11,1g.11gb,gpt2-inference-5d8458fb46-zdp9n,default,gpt2,580.178.04,GPU-d59cb1c4-ad97-d91a-6731-e7b5f38951a6
2026-10-09 01:42:41.264155,11007.0,12,1g.11gb,,,,580.178.04,GPU-d59cb1c4-ad97-d91a-6731-e7b5f38951a6
2026-10-09 01:42:41.264155,11008.0,13,1g.11gb,gpt2-inference-5d8458fb46-8g29c,default,gpt2,580.178.04,GPU-d59cb1c4-ad97-d91a-6731-e7b5f38951a6
2026-10-09 01:42:41.264155,11007.0,7,1g.11gb,,,,580.178.04,GPU-d59cb1c4-ad97-d91a-6731-e7b5f38951a6
2026-10-09 01:42:41.264155,11007.0,8,1g.11gb,,,,580.178.04,GPU-d59cb1c4-ad97-d91a-6731-e7b5f38951a6
2026-10-09 01:42:41.264155,11007.0,9,1g.11gb,,,,580.178.04,GPU-d59cb1c4-ad97-d91a-6731-e7b5f38951a6
2026-10-09 01:42:46.264204,11007.0,10,1g.11gb,,,,580.178.04,GPU-d59cb1c4-ad97-d91a-6731-e7b5f38951a6
2026-10-09 01:42:46.264204,11008.0,11,1g.11gb,gpt2-inference-5d8458fb46-zdp9n,default,gpt2,580.178.04,GPU-d59cb1c4-ad97-d91a-6731-e7b5f38951a6
2026-10-09 01:42:46.264204,11007.0,12,1g.11gb,,,,580.178.04,GPU-d59cb1c4-ad97-d91a-6731-e7b5f38951a6
2026-10-09 01:42:46.264204,11008.0,13,1g.11gb,gpt2-inference-5d8458fb46-8g29c,default,gpt2,580.178.04,GPU-d59cb1c4-ad97-d91a-6731-e7b5f38951a6
2026-10-09 01:42:46.264204,11007.0,7,1g.11gb,,,,580.178.04,GPU-d59cb1c4-ad97-d91a-6731-e7b5f38951a6
2026-10-09 01:42:46.264204,11007.0,8,1g.11gb,,,,580.178.04,GPU-d59cb1c4-ad97-d91a-6731-e7b5f38951a6
2026-10-09 01:42:46.264204,11007.0,9,1g.11gb,,,,580.178.04,GPU-d59cb1c4-ad97-d91a-6731-e7b5f38951a6
2026-10-09 01:42:51.264185,11007.0,10,1g.11gb,,,,580.178.04,GPU-d59cb1c4-ad97-d91a-6731-e7b5f38951a6
2026-10-09 01:42:51.264185,11008.0,11,1g.11gb,gpt2-inference-5d8458fb46-zdp9n,default,gpt2,580.178.04,GPU-d59cb1c4-ad97-d91a-6731-e7b5f38951a6
2026-10-09 01:42:51.264185,11007.0,12,1g.11gb,,,,580.178.04,GPU-d59cb1c4-ad97-d91a-6731-e7b5f38951a6
2026-10-09 01:42:51.264185,11008.0,13,1g.11gb,gpt2-inference-5d8458fb46-8g29c,default,gpt2,580.178.04,GPU-d59cb1c4-ad97-d91a-6731-e7b5f38951a6
2026-10-09 01:42:51.264185,11007.0,7,1g.11gb,,,,580.178.04,GPU-d59cb1c4-ad97-d91a-6731-e7b5f38951a6
2026-10-09 01:42:51.264185,11007.0,8,1g.11gb,,,,580.178.04,GPU-d59cb1c4-ad97-d91a-6731-e7b5f38951a6
2026-10-09 01:42:51.264185,11007.0,9,1g.11gb,,,,580.178.04,GPU-d59cb1c4-ad97-d91a-6731-e7b5f38951a6
2026-10-09 01:42:56.264166,11007.0,10,1g.11gb,,,,580.178.04,GPU-d59cb1c4-ad97-d91a-6731-e7b5f38951a6
2026-10-09 01:42:56.264166,11008.0,11,1g.11gb,gpt2-inference-5d8458fb46-zdp9n,default,gpt2,580.178.04,GPU-d59cb1c4-ad97-d91a-6731-e7b5f38951a6
2026-10-09 01:42:56.264166,11007.0,12,1g.11gb,,,,580.178.04,GPU-d59cb1c4-ad97-d91a-6731-e7b5f38951a6
2026-10-09 01:42:56.264166,11008.0,13,1g.11gb,gpt2-inference-5d8458fb46-8g29c,default,gpt2,580.178.04,GPU-d59cb1c4-ad97-d91a-6731-e7b5f38951a6
2026-10-09 01:42:56.264166,11007.0,7,1g.11gb,,,,580.178.04,GPU-d59cb1c4-ad97-d91a-6731-e7b5f38951a6
2026-10-09 01:42:56.264166,11007.0,8,1g.11gb,,,,580.178.04,GPU-d59cb1c4-ad97-d91a-6731-e7b5f38951a6
2026-10-09 01:42:56.264166,11007.0,9,1g.11gb,,,,580.178.04,GPU-d59cb1c4-ad97-d91a-6731-e7b5f38951a6
2026-10-09 01:43:01.263798,11007.0,10,1g.11gb,,,,580.178.04,GPU-d59cb1c4-ad97-d91a-6731-e7b5f38951a6
2026-10-09 01:43:01.263798,11008.0,11,1g.11gb,gpt2-inference-5d8458fb46-zdp9n,default,gpt2,580.178.04,GPU-d59cb1c4-ad97-d91a-6731-e7b5f38951a6
2026-10-09 01:43:01.263798,11007.0,12,1g.11gb,,,,580.178.04,GPU-d59cb1c4-ad97-d91a-6731-e7b5f38951a6
2026-10-09 01:43:01.263798,11008.0,13,1g.11gb,gpt2-inference-5d8458fb46-8g29c,default,gpt2,580.178.04,GPU-d59cb1c4-ad97-d91a-6731-e7b5f38951a6
2026-10-09 01:43:01.263798,11007.0,7,1g.11gb,,,,580.178.04,GPU-d59cb1c4-ad97-d91a-6731-e7b5f38951a6
2026-10-09 01:43:01.263798,11007.0,8,1g.11gb,,,,580.178.04,GPU-d59cb1c4-ad97-d91a-6731-e7b5f38951a6
2026-10-09 01:43:01.263798,11007.0,9,1g.11gb,,,,580.178.04,GPU-d59cb1c4-ad97-d91a-6731-e7b5f38951a6
2026-10-09 01:43:06.264175,11007.0,10,1g.11gb,,,,580.178.04,GPU-d59cb1c4-ad97-d91a-6731-e7b5f38951a6
2026-10-09 01:43:06.264175,11008.0,11,1g.11gb,gpt2-inference-5d8458fb46-zdp9n,default,gpt2,580.178.04,GPU-d59cb1c4-ad97-d91a-6731-e7b5f38951a6
2026-10-09 01:43:06.264175,11007.0,12,1g.11gb,,,,580.178.04,GPU-d59cb1c4-ad97-d91a-6731-e7b5f38951a6
2026-10-09 01:43:06.264175,11008.0,13,1g.11gb,gpt2-inference-5d8458fb46-8g29c,default,gpt2,580.178.04,GPU-d59cb1c4-ad97-d91a-6731-e7b5f38951a6
2026-10-09 01:43:06.264175,11007.0,7,1g.11gb,,,,580.178.04,GPU-d59cb1c4-ad97-d91a-6731-e7b5f38951a6
2026-10-09 01:43:06.264175,11007.0,8,1g.11gb,,,,580.178.04,GPU-d59cb1c4-ad97-d91a-6731-e7b5f38951a6
2026-10-09 01:43:06.264175,11007.0,9,1g.11gb,,,,580.178.04,GPU-d59cb1c4-ad97-d91a-6731-e7b5f38951a6
2026-10-09 01:43:11.264168,11007.0,10,1g.11gb,,,,580.178.04,GPU-d59cb1c4-ad97-d91a-6731-e7b5f38951a6
2026-10-09 01:43:11.264168,11008.0,11,1g.11gb,gpt2-inference-5d8458fb46-zdp9n,default,gpt2,580.178.04,GPU-d59cb1c4-ad97-d91a-6731-e7b5f38951a6
2026-10-09 01:43:11.264168,11007.0,12,1g.11gb,,,,580.178.04,GPU-d59cb1c4-ad97-d91a-6731-e7b5f38951a6
2026-10-09 01:43:11.264168,11008.0,13,1g.11gb,gpt2-inference-5d8458fb46-8g29c,default,gpt2,580.178.04,GPU-d59cb1c4-ad97-d91a-6731-e7b5f38951a6
2026-10-09 01:43:11.264168,11007.0,7,1g.11gb,,,,580.178.04,GPU-d59cb1c4-ad97-d91a-6731-e7b5f38951a6
2026-10-09 01:43:11.264168,11007.0,8,1g.11gb,,,,580.178.04,GPU-d59cb1c4-ad97-d91a-6731-e7b5f38951a6
2026-10-09 01:43:11.264168,11007.0,9,1g.11gb,,,,580.178.04,GPU-d59cb1c4-ad97-d91a-6731-e7b5f38951a6
2026-10-09 01:43:16.262824,11007.0,10,1g.11gb,,,,580.178.04,GPU-d59cb1c4-ad97-d91a-6731-e7b5f38951a6
2026-10-09 01:43:16.262824,11008.0,11,1g.11gb,gpt2-inference-5d8458fb46-zdp9n,default,gpt2,580.178.04,GPU-d59cb1c4-ad97-d91a-6731-e7b5f38951a6
2026-10-09 01:43:16.262824,11007.0,12,1g.11gb,,,,580.178.04,GPU-d59cb1c4-ad97-d91a-6731-e7b5f38951a6
2026-10-09 01:43:16.262824,11008.0,13,1g.11gb,gpt2-inference-5d8458fb46-8g29c,default,gpt2,580.178.04,GPU-d59cb1c4-ad97-d91a-6731-e7b5f38951a6
2026-10-09 01:43:16.262824,11007.0,7,1g.11gb,,,,580.178.04,GPU-d59cb1c4-ad97-d91a-6731-e7b5f38951a6
2026-10-09 01:43:16.262824,11007.0,8,1g.11gb,,,,580.178.04,GPU-d59cb1c4-ad97-d91a-6731-e7b5f38951a6
2026-10-09 01:43:16.262824,11007.0,9,1g.11gb,,,,580.178.04,GPU-d59cb1c4-ad97-d91a-6731-e7b5f38951a6
2026-10-09 01:43:21.263779,11007.0,10,1g.11gb,,,,580.178.04,GPU-d59cb1c4-ad97-d91a-6731-e7b5f38951a6
2026-10-09 01:43:21.263779,11008.0,11,1g.11gb,gpt2-inference-5d8458fb46-zdp9n,default,gpt2,580.178.04,GPU-d59cb1c4-ad97-d91a-6731-e7b5f38951a6
2026-10-09 01:43:21.263779,11007.0,12,1g.11gb,,,,580.178.04,GPU-d59cb1c4-ad97-d91a-6731-e7b5f38951a6
2026-10-09 01:43:21.263779,11008.0,13,1g.11gb,gpt2-inference-5d8458fb46-8g29c,default,gpt2,580.178.04,GPU-d59cb1c4-ad97-d91a-6731-e7b5f38951a6
2026-10-09 01:43:21.263779,11007.0,7,1g.11gb,,,,580.178.04,GPU-d59cb1c4-ad97-d91a-6731-e7b5f38951a6
2026-10-09 01:43:21.263779,11007.0,8,1g.11gb,,,,580.178.04,GPU-d59cb1c4-ad97-d91a-6731-e7b5f38951a6
2026-10-09 01:43:21.263779,11007.0,9,1g.11gb,,,,580.178.04,GPU-d59cb1c4-ad97-d91a-6731-e7b5f38951a6
2026-10-09 01:43:26.259825,11007.0,10,1g.11gb,,,,580.178.04,GPU-d59cb1c4-ad97-d91a-6731-e7b5f38951a6
2026-10-09 01:43:26.259825,11008.0,11,1g.11gb,gpt2-inference-5d8458fb46-zdp9n,default,gpt2,580.178.04,GPU-d59cb1c4-ad97-d91a-6731-e7b5f38951a6
2026-10-09 01:43:26.259825,11007.0,12,1g.11gb,,,,580.178.04,GPU-d59cb1c4-ad97-d91a-6731-e7b5f38951a6
2026-10-09 01:43:26.259825,11008.0,13,1g.11gb,gpt2-inference-5d8458fb46-8g29c,default,gpt2,580.178.04,GPU-d59cb1c4-ad97-d91a-6731-e7b5f38951a6
2026-10-09 01:43:26.259825,11007.0,7,1g.11gb,,,,580.178.04,GPU-d59cb1c4-ad97-d91a-6731-e7b5f38951a6
2026-10-09 01:43:26.259825,11007.0,8,1g.11gb,,,,580.178.04,GPU-d59cb1c4-ad97-d91a-6731-e7b5f38951a6
2026-10-09 01:43:26.259825,11007.0,9,1g.11gb,,,,580.178.04,GPU-d59cb1c4-ad97-d91a-6731-e7b5f38951a6
2026-10-09 01:43:31.259555,11007.0,10,1g.11gb,,,,580.178.04,GPU-d59cb1c4-ad97-d91a-6731-e7b5f38951a6
2026-10-09 01:43:31.259555,11008.0,11,1g.11gb,gpt2-inference-5d8458fb46-zdp9n,default,gpt2,580.178.04,GPU-d59cb1c4-ad97-d91a-6731-e7b5f38951a6
2026-10-09 01:43:31.259555,11007.0,12,1g.11gb,,,,580.178.04,GPU-d59cb1c4-ad97-d91a-6731-e7b5f38951a6
2026-10-09 01:43:31.259555,11008.0,13,1g.11gb,gpt2-inference-5d8458fb46-8g29c,default,gpt2,580.178.04,GPU-d59cb1c4-ad97-d91a-6731-e7b5f38951a6
2026-10-09 01:43:31.259555,11007.0,7,1g.11gb,,,,580.178.04,GPU-d59cb1c4-ad97-d91a-6731-e7b5f38951a6
2026-10-09 01:43:31.259555,11007.0,8,1g.11gb,,,,580.178.04,GPU-d59cb1c4-ad97-d91a-6731-e7b5f38951a6
2026-10-09 01:43:31.259555,11007.0,9,1g.11gb,,,,580.178.04,GPU-d59cb1c4-ad97-d91a-6731-e7b5f38951a6
2026-10-09 01:43:36.264131,11007.0,10,1g.11gb,,,,580.178.04,GPU-d59cb1c4-ad97-d91a-6731-e7b5f38951a6
2026-10-09 01:43:36.264131,11008.0,11,1g.11gb,gpt2-inference-5d8458fb46-zdp9n,default,gpt2,580.178.04,GPU-d59cb1c4-ad97-d91a-6731-e7b5f38951a6
2026-10-09 01:43:36.264131,11007.0,12,1g.11gb,,,,580.178.04,GPU-d59cb1c4-ad97-d91a-6731-e7b5f38951a6
2026-10-09 01:43:36.264131,11008.0,13,1g.11gb,gpt2-inference-5d8458fb46-8g29c,default,gpt2,580.178.04,GPU-d59cb1c4-ad97-d91a-6731-e7b5f38951a6
2026-10-09 01:43:36.264131,11007.0,7,1g.11gb,,,,580.178.04,GPU-d59cb1c4-ad97-d91a-6731-e7b5f38951a6
2026-10-09 01:43:36.264131,11007.0,8,1g.11gb,,,,580.178.04,GPU-d59cb1c4-ad97-d91a-6731-e7b5f38951a6
2026-10-09 01:43:36.264131,11007.0,9,1g.11gb,,,,580.178.04,GPU-d59cb1c4-ad97-d91a-6731-e7b5f38951a6
2026-10-09 01:43:41.264117,11007.0,10,1g.11gb,,,,580.178.04,GPU-d59cb1c4-ad97-d91a-6731-e7b5f38951a6
2026-10-09 01:43:41.264117,11008.0,11,1g.11gb,gpt2-inference-5d8458fb46-zdp9n,default,gpt2,580.178.04,GPU-d59cb1c4-ad97-d91a-6731-e7b5f38951a6
2026-10-09 01:43:41.264117,11007.0,12,1g.11gb,,,,580.178.04,GPU-d59cb1c4-ad97-d91a-6731-e7b5f38951a6
2026-10-09 01:43:41.264117,11008.0,13,1g.11gb,gpt2-inference-5d8458fb46-8g29c,default,gpt2,580.178.04,GPU-d59cb1c4-ad97-d91a-6731-e7b5f38951a6
2026-10-09 01:43:41.264117,11007.0,7,1g.11gb,,,,580.178.04,GPU-d59cb1c4-ad97-d91a-6731-e7b5f38951a6
2026-10-09 01:43:41.264117,11007.0,8,1g.11gb,,,,580.178.04,GPU-d59cb1c4-ad97-d91a-6731-e7b5f38951a6
2026-10-09 01:43:41.264117,11007.0,9,1g.11gb,,,,580.178.04,GPU-d59cb1c4-ad97-d91a-6731-e7b5f38951a6
2026-10-09 01:43:46.260006,11007.0,10,1g.11gb,,,,580.178.04,GPU-d59cb1c4-ad97-d91a-6731-e7b5f38951a6
2026-10-09 01:43:46.260006,11008.0,11,1g.11gb,gpt2-inference-5d8458fb46-zdp9n,default,gpt2,580.178.04,GPU-d59cb1c4-ad97-d91a-6731-e7b5f38951a6
2026-10-09 01:43:46.260006,11007.0,12,1g.11gb,,,,580.178.04,GPU-d59cb1c4-ad97-d91a-6731-e7b5f38951a6
2026-10-09 01:43:46.260006,11008.0,13,1g.11gb,gpt2-inference-5d8458fb46-8g29c,default,gpt2,580.178.04,GPU-d59cb1c4-ad97-d91a-6731-e7b5f38951a6
2026-10-09 01:43:46.260006,11007.0,7,1g.11gb,,,,580.178.04,GPU-d59cb1c4-ad97-d91a-6731-e7b5f38951a6
2026-10-09 01:43:46.260006,11007.0,8,1g.11gb,,,,580.178.04,GPU-d59cb1c4-ad97-d91a-6731-e7b5f38951a6
2026-10-09 01:43:46.260006,11007.0,9,1g.11gb,,,,580.178.04,GPU-d59cb1c4-ad97-d91a-6731-e7b5f38951a6
2026-10-09 01:43:51.264145,11007.0,10,1g.11gb,,,,580.178.04,GPU-d59cb1c4-ad97-d91a-6731-e7b5f38951a6
2026-10-09 01:43:51.264145,11008.0,11,1g.11gb,gpt2-inference-5d8458fb46-zdp9n,default,gpt2,580.178.04,GPU-d59cb1c4-ad97-d91a-6731-e7b5f38951a6
2026-10-09 01:43:51.264145,11007.0,12,1g.11gb,,,,580.178.04,GPU-d59cb1c4-ad97-d91a-6731-e7b5f38951a6
2026-10-09 01:43:51.264145,11008.0,13,1g.11gb,gpt2-inference-5d8458fb46-8g29c,default,gpt2,580.178.04,GPU-d59cb1c4-ad97-d91a-6731-e7b5f38951a6
2026-10-09 01:43:51.264145,11007.0,7,1g.11gb,,,,580.178.04,GPU-d59cb1c4-ad97-d91a-6731-e7b5f38951a6
2026-10-09 01:43:51.264145,11007.0,8,1g.11gb,,,,580.178.04,GPU-d59cb1c4-ad97-d91a-6731-e7b5f38951a6
2026-10-09 01:43:51.264145,11007.0,9,1g.11gb,,,,580.178.04,GPU-d59cb1c4-ad97-d91a-6731-e7b5f38951a6
2026-10-09 01:43:56.264140,11007.0,10,1g.11gb,,,,580.178.04,GPU-d59cb1c4-ad97-d91a-6731-e7b5f38951a6
2026-10-09 01:43:56.264140,11008.0,11,1g.11gb,gpt2-inference-5d8458fb46-zdp9n,default,gpt2,580.178.04,GPU-d59cb1c4-ad97-d91a-6731-e7b5f38951a6
2026-10-09 01:43:56.264140,11007.0,12,1g.11gb,,,,580.178.04,GPU-d59cb1c4-ad97-d91a-6731-e7b5f38951a6
2026-10-09 01:43:56.264140,11008.0,13,1g.11gb,gpt2-inference-5d8458fb46-8g29c,default,gpt2,580.178.04,GPU-d59cb1c4-ad97-d91a-6731-e7b5f38951a6
2026-10-09 01:43:56.264140,11007.0,7,1g.11gb,,,,580.178.04,GPU-d59cb1c4-ad97-d91a-6731-e7b5f38951a6
2026-10-09 01:43:56.264140,11007.0,8,1g.11gb,,,,580.178.04,GPU-d59cb1c4-ad97-d91a-6731-e7b5f38951a6
2026-10-09 01:43:56.264140,11007.0,9,1g.11gb,,,,580.178.04,GPU-d59cb1c4-ad97-d91a-6731-e7b5f38951a6
2026-10-09 01:44:01.263094,11007.0,10,1g.11gb,,,,580.178.04,GPU-d59cb1c4-ad97-d91a-6731-e7b5f38951a6
2026-10-09 01:44:01.263094,11008.0,11,1g.11gb,gpt2-inference-5d8458fb46-zdp9n,default,gpt2,580.178.04,GPU-d59cb1c4-ad97-d91a-6731-e7b5f38951a6
2026-10-09 01:44:01.263094,11007.0,12,1g.11gb,,,,580.178.04,GPU-d59cb1c4-ad97-d91a-6731-e7b5f38951a6
2026-10-09 01:44:01.263094,11008.0,13,1g.11gb,gpt2-inference-5d8458fb46-8g29c,default,gpt2,580.178.04,GPU-d59cb1c4-ad97-d91a-6731-e7b5f38951a6
2026-10-09 01:44:01.263094,11007.0,7,1g.11gb,,,,580.178.04,GPU-d59cb1c4-ad97-d91a-6731-e7b5f38951a6
2026-10-09 01:44:01.263094,11007.0,8,1g.11gb,,,,580.178.04,GPU-d59cb1c4-ad97-d91a-6731-e7b5f38951a6
2026-10-09 01:44:01.263094,11007.0,9,1g.11gb,,,,580.178.04,GPU-d59cb1c4-ad97-d91a-6731-e7b5f38951a6
2026-10-09 01:44:06.264124,11007.0,10,1g.11gb,,,,580.178.04,GPU-d59cb1c4-ad97-d91a-6731-e7b5f38951a6
2026-10-09 01:44:06.264124,11008.0,11,1g.11gb,gpt2-inference-5d8458fb46-zdp9n,default,gpt2,580.178.04,GPU-d59cb1c4-ad97-d91a-6731-e7b5f38951a6
2026-10-09 01:44:06.264124,11007.0,12,1g.11gb,,,,580.178.04,GPU-d59cb1c4-ad97-d91a-6731-e7b5f38951a6
2026-10-09 01:44:06.264124,11008.0,13,1g.11gb,gpt2-inference-5d8458fb46-8g29c,default,gpt2,580.178.04,GPU-d59cb1c4-ad97-d91a-6731-e7b5f38951a6
2026-10-09 01:44:06.264124,11007.0,7,1g.11gb,,,,580.178.04,GPU-d59cb1c4-ad97-d91a-6731-e7b5f38951a6
2026-10-09 01:44:06.264124,11007.0,8,1g.11gb,,,,580.178.04,GPU-d59cb1c4-ad97-d91a-6731-e7b5f38951a6
2026-10-09 01:44:06.264124,11007.0,9,1g.11gb,,,,580.178.04,GPU-d59cb1c4-ad97-d91a-6731-e7b5f38951a6
2026-10-09 01:44:11.264167,11007.0,10,1g.11gb,,,,580.178.04,GPU-d59cb1c4-ad97-d91a-6731-e7b5f38951a6
2026-10-09 01:44:11.264167,11008.0,11,1g.11gb,gpt2-inference-5d8458fb46-zdp9n,default,gpt2,580.178.04,GPU-d59cb1c4-ad97-d91a-6731-e7b5f38951a6
2026-10-09 01:44:11.264167,11007.0,12,1g.11gb,,,,580.178.04,GPU-d59cb1c4-ad97-d91a-6731-e7b5f38951a6
2026-10-09 01:44:11.264167,11008.0,13,1g.11gb,gpt2-inference-5d8458fb46-8g29c,default,gpt2,580.178.04,GPU-d59cb1c4-ad97-d91a-6731-e7b5f38951a6
2026-10-09 01:44:11.264167,11007.0,7,1g.11gb,,,,580.178.04,GPU-d59cb1c4-ad97-d91a-6731-e7b5f38951a6
2026-10-09 01:44:11.264167,11007.0,8,1g.11gb,,,,580.178.04,GPU-d59cb1c4-ad97-d91a-6731-e7b5f38951a6
2026-10-09 01:44:11.264167,11007.0,9,1g.11gb,,,,580.178.04,GPU-d59cb1c4-ad97-d91a-6731-e7b5f38951a6
2026-10-09 01:44:16.261245,11007.0,10,1g.11gb,,,,580.178.04,GPU-d59cb1c4-ad97-d91a-6731-e7b5f38951a6
2026-10-09 01:44:16.261245,11008.0,11,1g.11gb,gpt2-inference-5d8458fb46-zdp9n,default,gpt2,580.178.04,GPU-d59cb1c4-ad97-d91a-6731-e7b5f38951a6
2026-10-09 01:44:16.261245,11007.0,12,1g.11gb,,,,580.178.04,GPU-d59cb1c4-ad97-d91a-6731-e7b5f38951a6
2026-10-09 01:44:16.261245,11008.0,13,1g.11gb,gpt2-inference-5d8458fb46-8g29c,default,gpt2,580.178.04,GPU-d59cb1c4-ad97-d91a-6731-e7b5f38951a6
2026-10-09 01:44:16.261245,11007.0,7,1g.11gb,,,,580.178.04,GPU-d59cb1c4-ad97-d91a-6731-e7b5f38951a6
2026-10-09 01:44:16.261245,11007.0,8,1g.11gb,,,,580.178.04,GPU-d59cb1c4-ad97-d91a-6731-e7b5f38951a6
2026-10-09 01:44:16.261245,11007.0,9,1g.11gb,,,,580.178.04,GPU-d59cb1c4-ad97-d91a-6731-e7b5f38951a6
2026-10-09 01:44:21.264124,11007.0,10,1g.11gb,,,,580.178.04,GPU-d59cb1c4-ad97-d91a-6731-e7b5f38951a6
2026-10-09 01:44:21.264124,11008.0,11,1g.11gb,gpt2-inference-5d8458fb46-zdp9n,default,gpt2,580.178.04,GPU-d59cb1c4-ad97-d91a-6731-e7b5f38951a6
2026-10-09 01:44:21.264124,11007.0,12,1g.11gb,,,,580.178.04,GPU-d59cb1c4-ad97-d91a-6731-e7b5f38951a6
2026-10-09 01:44:21.264124,11008.0,13,1g.11gb,gpt2-inference-5d8458fb46-8g29c,default,gpt2,580.178.04,GPU-d59cb1c4-ad97-d91a-6731-e7b5f38951a6
2026-10-09 01:44:21.264124,11007.0,7,1g.11gb,,,,580.178.04,GPU-d59cb1c4-ad97-d91a-6731-e7b5f38951a6
2026-10-09 01:44:21.264124,11007.0,8,1g.11gb,,,,580.178.04,GPU-d59cb1c4-ad97-d91a-6731-e7b5f38951a6
2026-10-09 01:44:21.264124,11007.0,9,1g.11gb,,,,580.178.04,GPU-d59cb1c4-ad97-d91a-6731-e7b5f38951a6
2026-10-09 01:44:26.264162,11007.0,10,1g.11gb,,,,580.178.04,GPU-d59cb1c4-ad97-d91a-6731-e7b5f38951a6
2026-10-09 01:44:26.264162,11008.0,11,1g.11gb,gpt2-inference-5d8458fb46-zdp9n,default,gpt2,580.178.04,GPU-d59cb1c4-ad97-d91a-6731-e7b5f38951a6
2026-10-09 01:44:26.264162,11007.0,12,1g.11gb,,,,580.178.04,GPU-d59cb1c4-ad97-d91a-6731-e7b5f38951a6
2026-10-09 01:44:26.264162,11008.0,13,1g.11gb,gpt2-inference-5d8458fb46-8g29c,default,gpt2,580.178.04,GPU-d59cb1c4-ad97-d91a-6731-e7b5f38951a6
2026-10-09 01:44:26.264162,11007.0,7,1g.11gb,,,,580.178.04,GPU-d59cb1c4-ad97-d91a-6731-e7b5f38951a6
2026-10-09 01:44:26.264162,11007.0,8,1g.11gb,,,,580.178.04,GPU-d59cb1c4-ad97-d91a-6731-e7b5f38951a6
2026-10-09 01:44:26.264162,11007.0,9,1g.11gb,,,,580.178.04,GPU-d59cb1c4-ad97-d91a-6731-e7b5f38951a6
2026-10-09 01:44:31.264169,11007.0,10,1g.11gb,,,,580.178.04,GPU-d59cb1c4-ad97-d91a-6731-e7b5f38951a6
2026-10-09 01:44:31.264169,11008.0,11,1g.11gb,gpt2-inference-5d8458fb46-zdp9n,default,gpt2,580.178.04,GPU-d59cb1c4-ad97-d91a-6731-e7b5f38951a6
2026-10-09 01:44:31.264169,11007.0,12,1g.11gb,,,,580.178.04,GPU-d59cb1c4-ad97-d91a-6731-e7b5f38951a6
2026-10-09 01:44:31.264169,11008.0,13,1g.11gb,gpt2-inference-5d8458fb46-8g29c,default,gpt2,580.178.04,GPU-d59cb1c4-ad97-d91a-6731-e7b5f38951a6
2026-10-09 01:44:31.264169,11007.0,7,1g.11gb,,,,580.178.04,GPU-d59cb1c4-ad97-d91a-6731-e7b5f38951a6
2026-10-09 01:44:31.264169,11007.0,8,1g.11gb,,,,580.178.04,GPU-d59cb1c4-ad97-d91a-6731-e7b5f38951a6
2026-10-09 01:44:31.264169,11007.0,9,1g.11gb,,,,580.178.04,GPU-d59cb1c4-ad97-d91a-6731-e7b5f38951a6
2026-10-09 01:44:36.262250,11007.0,10,1g.11gb,,,,580.178.04,GPU-d59cb1c4-ad97-d91a-6731-e7b5f38951a6
2026-10-09 01:44:36.262250,11008.0,11,1g.11gb,gpt2-inference-5d8458fb46-zdp9n,default,gpt2,580.178.04,GPU-d59cb1c4-ad97-d91a-6731-e7b5f38951a6
2026-10-09 01:44:36.262250,11007.0,12,1g.11gb,,,,580.178.04,GPU-d59cb1c4-ad97-d91a-6731-e7b5f38951a6
2026-10-09 01:44:36.262250,11008.0,13,1g.11gb,gpt2-inference-5d8458fb46-8g29c,default,gpt2,580.178.04,GPU-d59cb1c4-ad97-d91a-6731-e7b5f38951a6
2026-10-09 01:44:36.262250,11007.0,7,1g.11gb,,,,580.178.04,GPU-d59cb1c4-ad97-d91a-6731-e7b5f38951a6
2026-10-09 01:44:36.262250,11007.0,8,1g.11gb,,,,580.178.04,GPU-d59cb1c4-ad97-d91a-6731-e7b5f38951a6
2026-10-09 01:44:36.262250,11007.0,9,1g.11gb,,,,580.178.04,GPU-d59cb1c4-ad97-d91a-6731-e7b5f38951a6
2026-10-09 01:44:41.264187,11007.0,10,1g.11gb,,,,580.178.04,GPU-d59cb1c4-ad97-d91a-6731-e7b5f38951a6
2026-10-09 01:44:41.264187,11008.0,11,1g.11gb,gpt2-inference-5d8458fb46-zdp9n,default,gpt2,580.178.04,GPU-d59cb1c4-ad97-d91a-6731-e7b5f38951a6
2026-10-09 01:44:41.264187,11007.0,12,1g.11gb,,,,580.178.04,GPU-d59cb1c4-ad97-d91a-6731-e7b5f38951a6
2026-10-09 01:44:41.264187,11008.0,13,1g.11gb,gpt2-inference-5d8458fb46-8g29c,default,gpt2,580.178.04,GPU-d59cb1c4-ad97-d91a-6731-e7b5f38951a6
2026-10-09 01:44:41.264187,11007.0,7,1g.11gb,,,,580.178.04,GPU-d59cb1c4-ad97-d91a-6731-e7b5f38951a6
2026-10-09 01:44:41.264187,11007.0,8,1g.11gb,,,,580.178.04,GPU-d59cb1c4-ad97-d91a-6731-e7b5f38951a6
2026-10-09 01:44:41.264187,11007.0,9,1g.11gb,,,,580.178.04,GPU-d59cb1c4-ad97-d91a-6731-e7b5f38951a6
2026-10-09 01:44:46.264217,11007.0,10,1g.11gb,,,,580.178.04,GPU-d59cb1c4-ad97-d91a-6731-e7b5f38951a6
2026-10-09 01:44:46.264217,11008.0,11,1g.11gb,gpt2-inference-5d8458fb46-zdp9n,default,gpt2,580.178.04,GPU-d59cb1c4-ad97-d91a-6731-e7b5f38951a6
2026-10-09 01:44:46.264217,11007.0,12,1g.11gb,,,,580.178.04,GPU-d59cb1c4-ad97-d91a-6731-e7b5f38951a6
2026-10-09 01:44:46.264217,11008.0,13,1g.11gb,gpt2-inference-5d8458fb46-8g29c,default,gpt2,580.178.04,GPU-d59cb1c4-ad97-d91a-6731-e7b5f38951a6
2026-10-09 01:44:46.264217,11007.0,7,1g.11gb,,,,580.178.04,GPU-d59cb1c4-ad97-d91a-6731-e7b5f38951a6
2026-10-09 01:44:46.264217,11007.0,8,1g.11gb,,,,580.178.04,GPU-d59cb1c4-ad97-d91a-6731-e7b5f38951a6
2026-10-09 01:44:46.264217,11007.0,9,1g.11gb,,,,580.178.04,GPU-d59cb1c4-ad97-d91a-6731-e7b5f38951a6
2026-10-09 01:44:51.264168,11007.0,10,1g.11gb,,,,580.178.04,GPU-d59cb1c4-ad97-d91a-6731-e7b5f38951a6
2026-10-09 01:44:51.264168,11008.0,11,1g.11gb,gpt2-inference-5d8458fb46-zdp9n,default,gpt2,580.178.04,GPU-d59cb1c4-ad97-d91a-6731-e7b5f38951a6
2026-10-09 01:44:51.264168,11007.0,12,1g.11gb,,,,580.178.04,GPU-d59cb1c4-ad97-d91a-6731-e7b5f38951a6
2026-10-09 01:44:51.264168,11008.0,13,1g.11gb,gpt2-inference-5d8458fb46-8g29c,default,gpt2,580.178.04,GPU-d59cb1c4-ad97-d91a-6731-e7b5f38951a6
2026-10-09 01:44:51.264168,11007.0,7,1g.11gb,,,,580.178.04,GPU-d59cb1c4-ad97-d91a-6731-e7b5f38951a6
2026-10-09 01:44:51.264168,11007.0,8,1g.11gb,,,,580.178.04,GPU-d59cb1c4-ad97-d91a-6731-e7b5f38951a6
2026-10-09 01:44:51.264168,11007.0,9,1g.11gb,,,,580.178.04,GPU-d59cb1c4-ad97-d91a-6731-e7b5f38951a6
2026-10-09 01:44:56.264143,11007.0,10,1g.11gb,,,,580.178.04,GPU-d59cb1c4-ad97-d91a-6731-e7b5f38951a6
2026-10-09 01:44:56.264143,11008.0,11,1g.11gb,gpt2-inference-5d8458fb46-zdp9n,default,gpt2,580.178.04,GPU-d59cb1c4-ad97-d91a-6731-e7b5f38951a6
2026-10-09 01:44:56.264143,11007.0,12,1g.11gb,,,,580.178.04,GPU-d59cb1c4-ad97-d91a-6731-e7b5f38951a6
2026-10-09 01:44:56.264143,11008.0,13,1g.11gb,gpt2-inference-5d8458fb46-8g29c,default,gpt2,580.178.04,GPU-d59cb1c4-ad97-d91a-6731-e7b5f38951a6
2026-10-09 01:44:56.264143,11007.0,7,1g.11gb,,,,580.178.04,GPU-d59cb1c4-ad97-d91a-6731-e7b5f38951a6
2026-10-09 01:44:56.264143,11007.0,8,1g.11gb,,,,580.178.04,GPU-d59cb1c4-ad97-d91a-6731-e7b5f38951a6
2026-10-09 01:44:56.264143,11007.0,9,1g.11gb,,,,580.178.04,GPU-d59cb1c4-ad97-d91a-6731-e7b5f38951a6
2026-10-09 01:45:01.264161,11007.0,10,1g.11gb,,,,580.178.04,GPU-d59cb1c4-ad97-d91a-6731-e7b5f38951a6
2026-10-09 01:45:01.264161,11008.0,11,1g.11gb,gpt2-inference-5d8458fb46-zdp9n,default,gpt2,580.178.04,GPU-d59cb1c4-ad97-d91a-6731-e7b5f38951a6
2026-10-09 01:45:01.264161,11007.0,12,1g.11gb,,,,580.178.04,GPU-d59cb1c4-ad97-d91a-6731-e7b5f38951a6
2026-10-09 01:45:01.264161,11008.0,13,1g.11gb,gpt2-inference-5d8458fb46-8g29c,default,gpt2,580.178.04,GPU-d59cb1c4-ad97-d91a-6731-e7b5f38951a6
2026-10-09 01:45:01.264161,11007.0,7,1g.11gb,,,,580.178.04,GPU-d59cb1c4-ad97-d91a-6731-e7b5f38951a6
2026-10-09 01:45:01.264161,11007.0,8,1g.11gb,,,,580.178.04,GPU-d59cb1c4-ad97-d91a-6731-e7b5f38951a6
2026-10-09 01:45:01.264161,11007.0,9,1g.11gb,,,,580.178.04,GPU-d59cb1c4-ad97-d91a-6731-e7b5f38951a6
2026-10-09 01:45:06.264035,11007.0,10,1g.11gb,,,,580.178.04,GPU-d59cb1c4-ad97-d91a-6731-e7b5f38951a6
2026-10-09 01:45:06.264035,11008.0,11,1g.11gb,gpt2-inference-5d8458fb46-zdp9n,default,gpt2,580.178.04,GPU-d59cb1c4-ad97-d91a-6731-e7b5f38951a6
2026-10-09 01:45:06.264035,11007.0,12,1g.11gb,,,,580.178.04,GPU-d59cb1c4-ad97-d91a-6731-e7b5f38951a6
2026-10-09 01:45:06.264035,11008.0,13,1g.11gb,gpt2-inference-5d8458fb46-8g29c,default,gpt2,580.178.04,GPU-d59cb1c4-ad97-d91a-6731-e7b5f38951a6
2026-10-09 01:45:06.264035,11007.0,7,1g.11gb,,,,580.178.04,GPU-d59cb1c4-ad97-d91a-6731-e7b5f38951a6
2026-10-09 01:45:06.264035,11007.0,8,1g.11gb,,,,580.178.04,GPU-d59cb1c4-ad97-d91a-6731-e7b5f38951a6
2026-10-09 01:45:06.264035,11007.0,9,1g.11gb,,,,580.178.04,GPU-d59cb1c4-ad97-d91a-6731-e7b5f38951a6
2026-10-09 01:45:11.259785,11007.0,10,1g.11gb,,,,580.178.04,GPU-d59cb1c4-ad97-d91a-6731-e7b5f38951a6
2026-10-09 01:45:11.259785,11008.0,11,1g.11gb,gpt2-inference-5d8458fb46-zdp9n,default,gpt2,580.178.04,GPU-d59cb1c4-ad97-d91a-6731-e7b5f38951a6
2026-10-09 01:45:11.259785,11007.0,12,1g.11gb,,,,580.178.04,GPU-d59cb1c4-ad97-d91a-6731-e7b5f38951a6
2026-10-09 01:45:11.259785,11008.0,13,1g.11gb,gpt2-inference-5d8458fb46-8g29c,default,gpt2,580.178.04,GPU-d59cb1c4-ad97-d91a-6731-e7b5f38951a6
2026-10-09 01:45:11.259785,11007.0,7,1g.11gb,,,,580.178.04,GPU-d59cb1c4-ad97-d91a-6731-e7b5f38951a6
2026-10-09 01:45:11.259785,11007.0,8,1g.11gb,,,,580.178.04,GPU-d59cb1c4-ad97-d91a-6731-e7b5f38951a6
2026-10-09 01:45:11.259785,11007.0,9,1g.11gb,,,,580.178.04,GPU-d59cb1c4-ad97-d91a-6731-e7b5f38951a6
2026-10-09 01:45:16.261103,11007.0,10,1g.11gb,,,,580.178.04,GPU-d59cb1c4-ad97-d91a-6731-e7b5f38951a6
2026-10-09 01:45:16.261103,11008.0,11,1g.11gb,gpt2-inference-5d8458fb46-zdp9n,default,gpt2,580.178.04,GPU-d59cb1c4-ad97-d91a-6731-e7b5f38951a6
2026-10-09 01:45:16.261103,11007.0,12,1g.11gb,,,,580.178.04,GPU-d59cb1c4-ad97-d91a-6731-e7b5f38951a6
2026-10-09 01:45:16.261103,11008.0,13,1g.11gb,gpt2-inference-5d8458fb46-8g29c,default,gpt2,580.178.04,GPU-d59cb1c4-ad97-d91a-6731-e7b5f38951a6
2026-10-09 01:45:16.261103,11007.0,7,1g.11gb,,,,580.178.04,GPU-d59cb1c4-ad97-d91a-6731-e7b5f38951a6
2026-10-09 01:45:16.261103,11007.0,8,1g.11gb,,,,580.178.04,GPU-d59cb1c4-ad97-d91a-6731-e7b5f38951a6
2026-10-09 01:45:16.261103,11007.0,9,1g.11gb,,,,580.178.04,GPU-d59cb1c4-ad97-d91a-6731-e7b5f38951a6
2026-10-09 01:45:21.263886,11007.0,10,1g.11gb,,,,580.178.04,GPU-d59cb1c4-ad97-d91a-6731-e7b5f38951a6
2026-10-09 01:45:21.263886,11008.0,11,1g.11gb,gpt2-inference-5d8458fb46-zdp9n,default,gpt2,580.178.04,GPU-d59cb1c4-ad97-d91a-6731-e7b5f38951a6
2026-10-09 01:45:21.263886,11007.0,12,1g.11gb,,,,580.178.04,GPU-d59cb1c4-ad97-d91a-6731-e7b5f38951a6
2026-10-09 01:45:21.263886,11008.0,13,1g.11gb,gpt2-inference-5d8458fb46-8g29c,default,gpt2,580.178.04,GPU-d59cb1c4-ad97-d91a-6731-e7b5f38951a6
2026-10-09 01:45:21.263886,11007.0,7,1g.11gb,,,,580.178.04,GPU-d59cb1c4-ad97-d91a-6731-e7b5f38951a6
2026-10-09 01:45:21.263886,11007.0,8,1g.11gb,,,,580.178.04,GPU-d59cb1c4-ad97-d91a-6731-e7b5f38951a6
2026-10-09 01:45:21.263886,11007.0,9,1g.11gb,,,,580.178.04,GPU-d59cb1c4-ad97-d91a-6731-e7b5f38951a6
2026-10-09 01:45:26.264208,11007.0,10,1g.11gb,,,,580.178.04,GPU-d59cb1c4-ad97-d91a-6731-e7b5f38951a6
2026-10-09 01:45:26.264208,11008.0,11,1g.11gb,gpt2-inference-5d8458fb46-zdp9n,default,gpt2,580.178.04,GPU-d59cb1c4-ad97-d91a-6731-e7b5f38951a6
2026-10-09 01:45:26.264208,11007.0,12,1g.11gb,,,,580.178.04,GPU-d59cb1c4-ad97-d91a-6731-e7b5f38951a6
2026-10-09 01:45:26.264208,11008.0,13,1g.11gb,gpt2-inference-5d8458fb46-8g29c,default,gpt2,580.178.04,GPU-d59cb1c4-ad97-d91a-6731-e7b5f38951a6
2026-10-09 01:45:26.264208,11007.0,7,1g.11gb,,,,580.178.04,GPU-d59cb1c4-ad97-d91a-6731-e7b5f38951a6
2026-10-09 01:45:26.264208,11007.0,8,1g.11gb,,,,580.178.04,GPU-d59cb1c4-ad97-d91a-6731-e7b5f38951a6
2026-10-09 01:45:26.264208,11007.0,9,1g.11gb,,,,580.178.04,GPU-d59cb1c4-ad97-d91a-6731-e7b5f38951a6
2026-10-09 01:45:31.264162,11007.0,10,1g.11gb,,,,580.178.04,GPU-d59cb1c4-ad97-d91a-6731-e7b5f38951a6
2026-10-09 01:45:31.264162,11008.0,11,1g.11gb,gpt2-inference-5d8458fb46-zdp9n,default,gpt2,580.178.04,GPU-d59cb1c4-ad97-d91a-6731-e7b5f38951a6
2026-10-09 01:45:31.264162,11007.0,12,1g.11gb,,,,580.178.04,GPU-d59cb1c4-ad97-d91a-6731-e7b5f38951a6
2026-10-09 01:45:31.264162,11008.0,13,1g.11gb,gpt2-inference-5d8458fb46-8g29c,default,gpt2,580.178.04,GPU-d59cb1c4-ad97-d91a-6731-e7b5f38951a6
2026-10-09 01:45:31.264162,11007.0,7,1g.11gb,,,,580.178.04,GPU-d59cb1c4-ad97-d91a-6731-e7b5f38951a6
2026-10-09 01:45:31.264162,11007.0,8,1g.11gb,,,,580.178.04,GPU-d59cb1c4-ad97-d91a-6731-e7b5f38951a6
2026-10-09 01:45:31.264162,11007.0,9,1g.11gb,,,,580.178.04,GPU-d59cb1c4-ad97-d91a-6731-e7b5f38951a6
2026-10-09 01:45:36.263667,11007.0,10,1g.11gb,,,,580.178.04,GPU-d59cb1c4-ad97-d91a-6731-e7b5f38951a6
2026-10-09 01:45:36.263667,11008.0,11,1g.11gb,gpt2-inference-5d8458fb46-zdp9n,default,gpt2,580.178.04,GPU-d59cb1c4-ad97-d91a-6731-e7b5f38951a6
2026-10-09 01:45:36.263667,11007.0,12,1g.11gb,,,,580.178.04,GPU-d59cb1c4-ad97-d91a-6731-e7b5f38951a6
2026-10-09 01:45:36.263667,11008.0,13,1g.11gb,gpt2-inference-5d8458fb46-8g29c,default,gpt2,580.178.04,GPU-d59cb1c4-ad97-d91a-6731-e7b5f38951a6
2026-10-09 01:45:36.263667,11007.0,7,1g.11gb,,,,580.178.04,GPU-d59cb1c4-ad97-d91a-6731-e7b5f38951a6
2026-10-09 01:45:36.263667,11007.0,8,1g.11gb,,,,580.178.04,GPU-d59cb1c4-ad97-d91a-6731-e7b5f38951a6
2026-10-09 01:45:36.263667,11007.0,9,1g.11gb,,,,580.178.04,GPU-d59cb1c4-ad97-d91a-6731-e7b5f38951a6
2026-10-09 01:45:41.263795,11007.0,10,1g.11gb,,,,580.178.04,GPU-d59cb1c4-ad97-d91a-6731-e7b5f38951a6
2026-10-09 01:45:41.263795,11008.0,11,1g.11gb,gpt2-inference-5d8458fb46-zdp9n,default,gpt2,580.178.04,GPU-d59cb1c4-ad97-d91a-6731-e7b5f38951a6
2026-10-09 01:45:41.263795,11007.0,12,1g.11gb,,,,580.178.04,GPU-d59cb1c4-ad97-d91a-6731-e7b5f38951a6
2026-10-09 01:45:41.263795,11008.0,13,1g.11gb,gpt2-inference-5d8458fb46-8g29c,default,gpt2,580.178.04,GPU-d59cb1c4-ad97-d91a-6731-e7b5f38951a6
2026-10-09 01:45:41.263795,11007.0,7,1g.11gb,,,,580.178.04,GPU-d59cb1c4-ad97-d91a-6731-e7b5f38951a6
2026-10-09 01:45:41.263795,11007.0,8,1g.11gb,,,,580.178.04,GPU-d59cb1c4-ad97-d91a-6731-e7b5f38951a6
2026-10-09 01:45:41.263795,11007.0,9,1g.11gb,,,,580.178.04,GPU-d59cb1c4-ad97-d91a-6731-e7b5f38951a6
2026-10-09 01:45:46.264167,11007.0,10,1g.11gb,,,,580.178.04,GPU-d59cb1c4-ad97-d91a-6731-e7b5f38951a6
2026-10-09 01:45:46.264167,11008.0,11,1g.11gb,gpt2-inference-5d8458fb46-zdp9n,default,gpt2,580.178.04,GPU-d59cb1c4-ad97-d91a-6731-e7b5f38951a6
2026-10-09 01:45:46.264167,11007.0,12,1g.11gb,,,,580.178.04,GPU-d59cb1c4-ad97-d91a-6731-e7b5f38951a6
2026-10-09 01:45:46.264167,11008.0,13,1g.11gb,gpt2-inference-5d8458fb46-8g29c,default,gpt2,580.178.04,GPU-d59cb1c4-ad97-d91a-6731-e7b5f38951a6
2026-10-09 01:45:46.264167,11007.0,7,1g.11gb,,,,580.178.04,GPU-d59cb1c4-ad97-d91a-6731-e7b5f38951a6
2026-10-09 01:45:46.264167,11007.0,8,1g.11gb,,,,580.178.04,GPU-d59cb1c4-ad97-d91a-6731-e7b5f38951a6
2026-10-09 01:45:46.264167,11007.0,9,1g.11gb,,,,580.178.04,GPU-d59cb1c4-ad97-d91a-6731-e7b5f38951a6
2026-10-09 01:45:51.264154,11007.0,10,1g.11gb,,,,580.178.04,GPU-d59cb1c4-ad97-d91a-6731-e7b5f38951a6
2026-10-09 01:45:51.264154,11008.0,11,1g.11gb,gpt2-inference-5d8458fb46-zdp9n,default,gpt2,580.178.04,GPU-d59cb1c4-ad97-d91a-6731-e7b5f38951a6
2026-10-09 01:45:51.264154,11007.0,12,1g.11gb,,,,580.178.04,GPU-d59cb1c4-ad97-d91a-6731-e7b5f38951a6
2026-10-09 01:45:51.264154,11008.0,13,1g.11gb,gpt2-inference-5d8458fb46-8g29c,default,gpt2,580.178.04,GPU-d59cb1c4-ad97-d91a-6731-e7b5f38951a6
2026-10-09 01:45:51.264154,11007.0,7,1g.11gb,,,,580.178.04,GPU-d59cb1c4-ad97-d91a-6731-e7b5f38951a6
2026-10-09 01:45:51.264154,11007.0,8,1g.11gb,,,,580.178.04,GPU-d59cb1c4-ad97-d91a-6731-e7b5f38951a6
2026-10-09 01:45:51.264154,11007.0,9,1g.11gb,,,,580.178.04,GPU-d59cb1c4-ad97-d91a-6731-e7b5f38951a6
2026-10-09 01:45:56.260059,11007.0,10,1g.11gb,,,,580.178.04,GPU-d59cb1c4-ad97-d91a-6731-e7b5f38951a6
2026-10-09 01:45:56.260059,11008.0,11,1g.11gb,gpt2-inference-5d8458fb46-zdp9n,default,gpt2,580.178.04,GPU-d59cb1c4-ad97-d91a-6731-e7b5f38951a6
2026-10-09 01:45:56.260059,11007.0,12,1g.11gb,,,,580.178.04,GPU-d59cb1c4-ad97-d91a-6731-e7b5f38951a6
2026-10-09 01:45:56.260059,11008.0,13,1g.11gb,gpt2-inference-5d8458fb46-8g29c,default,gpt2,580.178.04,GPU-d59cb1c4-ad97-d91a-6731-e7b5f38951a6
2026-10-09 01:45:56.260059,11007.0,7,1g.11gb,,,,580.178.04,GPU-d59cb1c4-ad97-d91a-6731-e7b5f38951a6
2026-10-09 01:45:56.260059,11007.0,8,1g.11gb,,,,580.178.04,GPU-d59cb1c4-ad97-d91a-6731-e7b5f38951a6
2026-10-09 01:45:56.260059,11007.0,9,1g.11gb,,,,580.178.04,GPU-d59cb1c4-ad97-d91a-6731-e7b5f38951a6
2026-10-09 01:46:01.264157,11007.0,10,1g.11gb,,,,580.178.04,GPU-d59cb1c4-ad97-d91a-6731-e7b5f38951a6
2026-10-09 01:46:01.264157,11008.0,11,1g.11gb,gpt2-inference-5d8458fb46-zdp9n,default,gpt2,580.178.04,GPU-d59cb1c4-ad97-d91a-6731-e7b5f38951a6
2026-10-09 01:46:01.264157,11007.0,12,1g.11gb,,,,580.178.04,GPU-d59cb1c4-ad97-d91a-6731-e7b5f38951a6
2026-10-09 01:46:01.264157,11008.0,13,1g.11gb,gpt2-inference-5d8458fb46-8g29c,default,gpt2,580.178.04,GPU-d59cb1c4-ad97-d91a-6731-e7b5f38951a6
2026-10-09 01:46:01.264157,11007.0,7,1g.11gb,,,,580.178.04,GPU-d59cb1c4-ad97-d91a-6731-e7b5f38951a6
2026-10-09 01:46:01.264157,11007.0,8,1g.11gb,,,,580.178.04,GPU-d59cb1c4-ad97-d91a-6731-e7b5f38951a6
2026-10-09 01:46:01.264157,11007.0,9,1g.11gb,,,,580.178.04,GPU-d59cb1c4-ad97-d91a-6731-e7b5f38951a6
2026-10-09 01:46:06.260463,11007.0,10,1g.11gb,,,,580.178.04,GPU-d59cb1c4-ad97-d91a-6731-e7b5f38951a6
2026-10-09 01:46:06.260463,11008.0,11,1g.11gb,gpt2-inference-5d8458fb46-zdp9n,default,gpt2,580.178.04,GPU-d59cb1c4-ad97-d91a-6731-e7b5f38951a6
2026-10-09 01:46:06.260463,11007.0,12,1g.11gb,,,,580.178.04,GPU-d59cb1c4-ad97-d91a-6731-e7b5f38951a6
2026-10-09 01:46:06.260463,11008.0,13,1g.11gb,gpt2-inference-5d8458fb46-8g29c,default,gpt2,580.178.04,GPU-d59cb1c4-ad97-d91a-6731-e7b5f38951a6
2026-10-09 01:46:06.260463,11007.0,7,1g.11gb,,,,580.178.04,GPU-d59cb1c4-ad97-d91a-6731-e7b5f38951a6
2026-10-09 01:46:06.260463,11007.0,8,1g.11gb,,,,580.178.04,GPU-d59cb1c4-ad97-d91a-6731-e7b5f38951a6
2026-10-09 01:46:06.260463,11007.0,9,1g.11gb,,,,580.178.04,GPU-d59cb1c4-ad97-d91a-6731-e7b5f38951a6
2026-10-09 01:46:11.264172,11007.0,10,1g.11gb,,,,580.178.04,GPU-d59cb1c4-ad97-d91a-6731-e7b5f38951a6
2026-10-09 01:46:11.264172,11008.0,11,1g.11gb,gpt2-inference-5d8458fb46-zdp9n,default,gpt2,580.178.04,GPU-d59cb1c4-ad97-d91a-6731-e7b5f38951a6
2026-10-09 01:46:11.264172,11007.0,12,1g.11gb,,,,580.178.04,GPU-d59cb1c4-ad97-d91a-6731-e7b5f38951a6
2026-10-09 01:46:11.264172,11008.0,13,1g.11gb,gpt2-inference-5d8458fb46-8g29c,default,gpt2,580.178.04,GPU-d59cb1c4-ad97-d91a-6731-e7b5f38951a6
2026-10-09 01:46:11.264172,11007.0,7,1g.11gb,,,,580.178.04,GPU-d59cb1c4-ad97-d91a-6731-e7b5f38951a6
2026-10-09 01:46:11.264172,11007.0,8,1g.11gb,,,,580.178.04,GPU-d59cb1c4-ad97-d91a-6731-e7b5f38951a6
2026-10-09 01:46:11.264172,11007.0,9,1g.11gb,,,,580.178.04,GPU-d59cb1c4-ad97-d91a-6731-e7b5f38951a6
2026-10-09 01:46:16.261193,11007.0,10,1g.11gb,,,,580.178.04,GPU-d59cb1c4-ad97-d91a-6731-e7b5f38951a6
2026-10-09 01:46:16.261193,11008.0,11,1g.11gb,gpt2-inference-5d8458fb46-zdp9n,default,gpt2,580.178.04,GPU-d59cb1c4-ad97-d91a-6731-e7b5f38951a6
2026-10-09 01:46:16.261193,11007.0,12,1g.11gb,,,,580.178.04,GPU-d59cb1c4-ad97-d91a-6731-e7b5f38951a6
2026-10-09 01:46:16.261193,11008.0,13,1g.11gb,gpt2-inference-5d8458fb46-8g29c,default,gpt2,580.178.04,GPU-d59cb1c4-ad97-d91a-6731-e7b5f38951a6
2026-10-09 01:46:16.261193,11007.0,7,1g.11gb,,,,580.178.04,GPU-d59cb1c4-ad97-d91a-6731-e7b5f38951a6
2026-10-09 01:46:16.261193,11007.0,8,1g.11gb,,,,580.178.04,GPU-d59cb1c4-ad97-d91a-6731-e7b5f38951a6
2026-10-09 01:46:16.261193,11007.0,9,1g.11gb,,,,580.178.04,GPU-d59cb1c4-ad97-d91a-6731-e7b5f38951a6
2026-10-09 01:46:21.263672,11007.0,10,1g.11gb,,,,580.178.04,GPU-d59cb1c4-ad97-d91a-6731-e7b5f38951a6
2026-10-09 01:46:21.263672,11008.0,11,1g.11gb,gpt2-inference-5d8458fb46-zdp9n,default,gpt2,580.178.04,GPU-d59cb1c4-ad97-d91a-6731-e7b5f38951a6
2026-10-09 01:46:21.263672,11007.0,12,1g.11gb,,,,580.178.04,GPU-d59cb1c4-ad97-d91a-6731-e7b5f38951a6
2026-10-09 01:46:21.263672,11008.0,13,1g.11gb,gpt2-inference-5d8458fb46-8g29c,default,gpt2,580.178.04,GPU-d59cb1c4-ad97-d91a-6731-e7b5f38951a6
2026-10-09 01:46:21.263672,11007.0,7,1g.11gb,,,,580.178.04,GPU-d59cb1c4-ad97-d91a-6731-e7b5f38951a6
2026-10-09 01:46:21.263672,11007.0,8,1g.11gb,,,,580.178.04,GPU-d59cb1c4-ad97-d91a-6731-e7b5f38951a6
2026-10-09 01:46:21.263672,11007.0,9,1g.11gb,,,,580.178.04,GPU-d59cb1c4-ad97-d91a-6731-e7b5f38951a6
2026-10-09 01:46:26.264134,11007.0,10,1g.11gb,,,,580.178.04,GPU-d59cb1c4-ad97-d91a-6731-e7b5f38951a6
2026-10-09 01:46:26.264134,11008.0,11,1g.11gb,gpt2-inference-5d8458fb46-zdp9n,default,gpt2,580.178.04,GPU-d59cb1c4-ad97-d91a-6731-e7b5f38951a6
2026-10-09 01:46:26.264134,11007.0,12,1g.11gb,,,,580.178.04,GPU-d59cb1c4-ad97-d91a-6731-e7b5f38951a6
2026-10-09 01:46:26.264134,11008.0,13,1g.11gb,gpt2-inference-5d8458fb46-8g29c,default,gpt2,580.178.04,GPU-d59cb1c4-ad97-d91a-6731-e7b5f38951a6
2026-10-09 01:46:26.264134,11007.0,7,1g.11gb,,,,580.178.04,GPU-d59cb1c4-ad97-d91a-6731-e7b5f38951a6
2026-10-09 01:46:26.264134,11007.0,8,1g.11gb,,,,580.178.04,GPU-d59cb1c4-ad97-d91a-6731-e7b5f38951a6
2026-10-09 01:46:26.264134,11007.0,9,1g.11gb,,,,580.178.04,GPU-d59cb1c4-ad97-d91a-6731-e7b5f38951a6
2026-10-09 01:46:31.264195,11007.0,10,1g.11gb,,,,580.178.04,GPU-d59cb1c4-ad97-d91a-6731-e7b5f38951a6
2026-10-09 01:46:31.264195,11008.0,11,1g.11gb,gpt2-inference-5d8458fb46-zdp9n,default,gpt2,580.178.04,GPU-d59cb1c4-ad97-d91a-6731-e7b5f38951a6
2026-10-09 01:46:31.264195,11007.0,12,1g.11gb,,,,580.178.04,GPU-d59cb1c4-ad97-d91a-6731-e7b5f38951a6
2026-10-09 01:46:31.264195,11008.0,13,1g.11gb,gpt2-inference-5d8458fb46-8g29c,default,gpt2,580.178.04,GPU-d59cb1c4-ad97-d91a-6731-e7b5f38951a6
2026-10-09 01:46:31.264195,11007.0,7,1g.11gb,,,,580.178.04,GPU-d59cb1c4-ad97-d91a-6731-e7b5f38951a6
2026-10-09 01:46:31.264195,11007.0,8,1g.11gb,,,,580.178.04,GPU-d59cb1c4-ad97-d91a-6731-e7b5f38951a6
2026-10-09 01:46:31.264195,11007.0,9,1g.11gb,,,,580.178.04,GPU-d59cb1c4-ad97-d91a-6731-e7b5f38951a6
2026-10-09 01:46:36.259652,11007.0,10,1g.11gb,,,,580.178.04,GPU-d59cb1c4-ad97-d91a-6731-e7b5f38951a6
2026-10-09 01:46:36.259652,11008.0,11,1g.11gb,gpt2-inference-5d8458fb46-zdp9n,default,gpt2,580.178.04,GPU-d59cb1c4-ad97-d91a-6731-e7b5f38951a6
2026-10-09 01:46:36.259652,11007.0,12,1g.11gb,,,,580.178.04,GPU-d59cb1c4-ad97-d91a-6731-e7b5f38951a6
2026-10-09 01:46:36.259652,11008.0,13,1g.11gb,gpt2-inference-5d8458fb46-8g29c,default,gpt2,580.178.04,GPU-d59cb1c4-ad97-d91a-6731-e7b5f38951a6
2026-10-09 01:46:36.259652,11007.0,7,1g.11gb,,,,580.178.04,GPU-d59cb1c4-ad97-d91a-6731-e7b5f38951a6
2026-10-09 01:46:36.259652,11007.0,8,1g.11gb,,,,580.178.04,GPU-d59cb1c4-ad97-d91a-6731-e7b5f38951a6
2026-10-09 01:46:36.259652,11007.0,9,1g.11gb,,,,580.178.04,GPU-d59cb1c4-ad97-d91a-6731-e7b5f38951a6
2026-10-09 01:46:41.264168,11007.0,10,1g.11gb,,,,580.178.04,GPU-d59cb1c4-ad97-d91a-6731-e7b5f38951a6
2026-10-09 01:46:41.264168,11008.0,11,1g.11gb,gpt2-inference-5d8458fb46-zdp9n,default,gpt2,580.178.04,GPU-d59cb1c4-ad97-d91a-6731-e7b5f38951a6
2026-10-09 01:46:41.264168,11007.0,12,1g.11gb,,,,580.178.04,GPU-d59cb1c4-ad97-d91a-6731-e7b5f38951a6
2026-10-09 01:46:41.264168,11008.0,13,1g.11gb,gpt2-inference-5d8458fb46-8g29c,default,gpt2,580.178.04,GPU-d59cb1c4-ad97-d91a-6731-e7b5f38951a6
2026-10-09 01:46:41.264168,11007.0,7,1g.11gb,,,,580.178.04,GPU-d59cb1c4-ad97-d91a-6731-e7b5f38951a6
2026-10-09 01:46:41.264168,11007.0,8,1g.11gb,,,,580.178.04,GPU-d59cb1c4-ad97-d91a-6731-e7b5f38951a6
2026-10-09 01:46:41.264168,11007.0,9,1g.11gb,,,,580.178.04,GPU-d59cb1c4-ad97-d91a-6731-e7b5f38951a6
2026-10-09 01:46:46.259938,11007.0,10,1g.11gb,,,,580.178.04,GPU-d59cb1c4-ad97-d91a-6731-e7b5f38951a6
2026-10-09 01:46:46.259938,11008.0,11,1g.11gb,gpt2-inference-5d8458fb46-zdp9n,default,gpt2,580.178.04,GPU-d59cb1c4-ad97-d91a-6731-e7b5f38951a6
2026-10-09 01:46:46.259938,11007.0,12,1g.11gb,,,,580.178.04,GPU-d59cb1c4-ad97-d91a-6731-e7b5f38951a6
2026-10-09 01:46:46.259938,11008.0,13,1g.11gb,gpt2-inference-5d8458fb46-8g29c,default,gpt2,580.178.04,GPU-d59cb1c4-ad97-d91a-6731-e7b5f38951a6
2026-10-09 01:46:46.259938,11007.0,7,1g.11gb,,,,580.178.04,GPU-d59cb1c4-ad97-d91a-6731-e7b5f38951a6
2026-10-09 01:46:46.259938,11007.0,8,1g.11gb,,,,580.178.04,GPU-d59cb1c4-ad97-d91a-6731-e7b5f38951a6
2026-10-09 01:46:46.259938,11007.0,9,1g.11gb,,,,580.178.04,GPU-d59cb1c4-ad97-d91a-6731-e7b5f38951a6
2026-10-09 01:46:51.261416,11007.0,10,1g.11gb,,,,580.178.04,GPU-d59cb1c4-ad97-d91a-6731-e7b5f38951a6
2026-10-09 01:46:51.261416,11008.0,11,1g.11gb,gpt2-inference-5d8458fb46-zdp9n,default,gpt2,580.178.04,GPU-d59cb1c4-ad97-d91a-6731-e7b5f38951a6
2026-10-09 01:46:51.261416,11007.0,12,1g.11gb,,,,580.178.04,GPU-d59cb1c4-ad97-d91a-6731-e7b5f38951a6
2026-10-09 01:46:51.261416,11008.0,13,1g.11gb,gpt2-inference-5d8458fb46-8g29c,default,gpt2,580.178.04,GPU-d59cb1c4-ad97-d91a-6731-e7b5f38951a6
2026-10-09 01:46:51.261416,11007.0,7,1g.11gb,,,,580.178.04,GPU-d59cb1c4-ad97-d91a-6731-e7b5f38951a6
2026-10-09 01:46:51.261416,11007.0,8,1g.11gb,,,,580.178.04,GPU-d59cb1c4-ad97-d91a-6731-e7b5f38951a6
2026-10-09 01:46:51.261416,11007.0,9,1g.11gb,,,,580.178.04,GPU-d59cb1c4-ad97-d91a-6731-e7b5f38951a6
2026-10-09 01:46:56.264214,11007.0,10,1g.11gb,,,,580.178.04,GPU-d59cb1c4-ad97-d91a-6731-e7b5f38951a6
2026-10-09 01:46:56.264214,11008.0,11,1g.11gb,gpt2-inference-5d8458fb46-zdp9n,default,gpt2,580.178.04,GPU-d59cb1c4-ad97-d91a-6731-e7b5f38951a6
2026-10-09 01:46:56.264214,11007.0,12,1g.11gb,,,,580.178.04,GPU-d59cb1c4-ad97-d91a-6731-e7b5f38951a6
2026-10-09 01:46:56.264214,11008.0,13,1g.11gb,gpt2-inference-5d8458fb46-8g29c,default,gpt2,580.178.04,GPU-d59cb1c4-ad97-d91a-6731-e7b5f38951a6
2026-10-09 01:46:56.264214,11007.0,7,1g.11gb,,,,580.178.04,GPU-d59cb1c4-ad97-d91a-6731-e7b5f38951a6
2026-10-09 01:46:56.264214,11007.0,8,1g.11gb,,,,580.178.04,GPU-d59cb1c4-ad97-d91a-6731-e7b5f38951a6
2026-10-09 01:46:56.264214,11007.0,9,1g.11gb,,,,580.178.04,GPU-d59cb1c4-ad97-d91a-6731-e7b5f38951a6
2026-10-09 01:47:01.260866,11007.0,10,1g.11gb,,,,580.178.04,GPU-d59cb1c4-ad97-d91a-6731-e7b5f38951a6
2026-10-09 01:47:01.260866,11008.0,11,1g.11gb,gpt2-inference-5d8458fb46-zdp9n,default,gpt2,580.178.04,GPU-d59cb1c4-ad97-d91a-6731-e7b5f38951a6
2026-10-09 01:47:01.260866,11007.0,12,1g.11gb,,,,580.178.04,GPU-d59cb1c4-ad97-d91a-6731-e7b5f38951a6
2026-10-09 01:47:01.260866,11008.0,13,1g.11gb,gpt2-inference-5d8458fb46-8g29c,default,gpt2,580.178.04,GPU-d59cb1c4-ad97-d91a-6731-e7b5f38951a6
2026-10-09 01:47:01.260866,11007.0,7,1g.11gb,,,,580.178.04,GPU-d59cb1c4-ad97-d91a-6731-e7b5f38951a6
2026-10-09 01:47:01.260866,11007.0,8,1g.11gb,,,,580.178.04,GPU-d59cb1c4-ad97-d91a-6731-e7b5f38951a6
2026-10-09 01:47:01.260866,11007.0,9,1g.11gb,,,,580.178.04,GPU-d59cb1c4-ad97-d91a-6731-e7b5f38951a6
2026-10-09 01:47:06.263658,11007.0,10,1g.11gb,,,,580.178.04,GPU-d59cb1c4-ad97-d91a-6731-e7b5f38951a6
2026-10-09 01:47:06.263658,11008.0,11,1g.11gb,gpt2-inference-5d8458fb46-zdp9n,default,gpt2,580.178.04,GPU-d59cb1c4-ad97-d91a-6731-e7b5f38951a6
2026-10-09 01:47:06.263658,11007.0,12,1g.11gb,,,,580.178.04,GPU-d59cb1c4-ad97-d91a-6731-e7b5f38951a6
2026-10-09 01:47:06.263658,11008.0,13,1g.11gb,gpt2-inference-5d8458fb46-8g29c,default,gpt2,580.178.04,GPU-d59cb1c4-ad97-d91a-6731-e7b5f38951a6
2026-10-09 01:47:06.263658,11007.0,7,1g.11gb,,,,580.178.04,GPU-d59cb1c4-ad97-d91a-6731-e7b5f38951a6
2026-10-09 01:47:06.263658,11007.0,8,1g.11gb,,,,580.178.04,GPU-d59cb1c4-ad97-d91a-6731-e7b5f38951a6
2026-10-09 01:47:06.263658,11007.0,9,1g.11gb,,,,580.178.04,GPU-d59cb1c4-ad97-d91a-6731-e7b5f38951a6
2026-10-09 01:47:11.261628,11007.0,10,1g.11gb,,,,580.178.04,GPU-d59cb1c4-ad97-d91a-6731-e7b5f38951a6
2026-10-09 01:47:11.261628,11008.0,11,1g.11gb,gpt2-inference-5d8458fb46-zdp9n,default,gpt2,580.178.04,GPU-d59cb1c4-ad97-d91a-6731-e7b5f38951a6
2026-10-09 01:47:11.261628,11007.0,12,1g.11gb,,,,580.178.04,GPU-d59cb1c4-ad97-d91a-6731-e7b5f38951a6
2026-10-09 01:47:11.261628,11008.0,13,1g.11gb,gpt2-inference-5d8458fb46-8g29c,default,gpt2,580.178.04,GPU-d59cb1c4-ad97-d91a-6731-e7b5f38951a6
2026-10-09 01:47:11.261628,11007.0,7,1g.11gb,,,,580.178.04,GPU-d59cb1c4-ad97-d91a-6731-e7b5f38951a6
2026-10-09 01:47:11.261628,11007.0,8,1g.11gb,,,,580.178.04,GPU-d59cb1c4-ad97-d91a-6731-e7b5f38951a6
2026-10-09 01:47:11.261628,11007.0,9,1g.11gb,,,,580.178.04,GPU-d59cb1c4-ad97-d91a-6731-e7b5f38951a6
2026-10-09 01:47:16.264162,11007.0,10,1g.11gb,,,,580.178.04,GPU-d59cb1c4-ad97-d91a-6731-e7b5f38951a6
2026-10-09 01:47:16.264162,11008.0,11,1g.11gb,gpt2-inference-5d8458fb46-zdp9n,default,gpt2,580.178.04,GPU-d59cb1c4-ad97-d91a-6731-e7b5f38951a6
2026-10-09 01:47:16.264162,11007.0,12,1g.11gb,,,,580.178.04,GPU-d59cb1c4-ad97-d91a-6731-e7b5f38951a6
2026-10-09 01:47:16.264162,11008.0,13,1g.11gb,gpt2-inference-5d8458fb46-8g29c,default,gpt2,580.178.04,GPU-d59cb1c4-ad97-d91a-6731-e7b5f38951a6
2026-10-09 01:47:16.264162,11007.0,7,1g.11gb,,,,580.178.04,GPU-d59cb1c4-ad97-d91a-6731-e7b5f38951a6
2026-10-09 01:47:16.264162,11007.0,8,1g.11gb,,,,580.178.04,GPU-d59cb1c4-ad97-d91a-6731-e7b5f38951a6
2026-10-09 01:47:16.264162,11007.0,9,1g.11gb,,,,580.178.04,GPU-d59cb1c4-ad97-d91a-6731-e7b5f38951a6
2026-10-09 01:47:21.259980,11007.0,10,1g.11gb,,,,580.178.04,GPU-d59cb1c4-ad97-d91a-6731-e7b5f38951a6
2026-10-09 01:47:21.259980,11008.0,11,1g.11gb,gpt2-inference-5d8458fb46-zdp9n,default,gpt2,580.178.04,GPU-d59cb1c4-ad97-d91a-6731-e7b5f38951a6
2026-10-09 01:47:21.259980,11007.0,12,1g.11gb,,,,580.178.04,GPU-d59cb1c4-ad97-d91a-6731-e7b5f38951a6
2026-10-09 01:47:21.259980,11008.0,13,1g.11gb,gpt2-inference-5d8458fb46-8g29c,default,gpt2,580.178.04,GPU-d59cb1c4-ad97-d91a-6731-e7b5f38951a6
2026-10-09 01:47:21.259980,11007.0,7,1g.11gb,,,,580.178.04,GPU-d59cb1c4-ad97-d91a-6731-e7b5f38951a6
2026-10-09 01:47:21.259980,11007.0,8,1g.11gb,,,,580.178.04,GPU-d59cb1c4-ad97-d91a-6731-e7b5f38951a6
2026-10-09 01:47:21.259980,11007.0,9,1g.11gb,,,,580.178.04,GPU-d59cb1c4-ad97-d91a-6731-e7b5f38951a6
2026-10-09 01:47:26.264156,11007.0,10,1g.11gb,,,,580.178.04,GPU-d59cb1c4-ad97-d91a-6731-e7b5f38951a6
2026-10-09 01:47:26.264156,11008.0,11,1g.11gb,gpt2-inference-5d8458fb46-zdp9n,default,gpt2,580.178.04,GPU-d59cb1c4-ad97-d91a-6731-e7b5f38951a6
2026-10-09 01:47:26.264156,11007.0,12,1g.11gb,,,,580.178.04,GPU-d59cb1c4-ad97-d91a-6731-e7b5f38951a6
2026-10-09 01:47:26.264156,11008.0,13,1g.11gb,gpt2-inference-5d8458fb46-8g29c,default,gpt2,580.178.04,GPU-d59cb1c4-ad97-d91a-6731-e7b5f38951a6
2026-10-09 01:47:26.264156,11007.0,7,1g.11gb,,,,580.178.04,GPU-d59cb1c4-ad97-d91a-6731-e7b5f38951a6
2026-10-09 01:47:26.264156,11007.0,8,1g.11gb,,,,580.178.04,GPU-d59cb1c4-ad97-d91a-6731-e7b5f38951a6
2026-10-09 01:47:26.264156,11007.0,9,1g.11gb,,,,580.178.04,GPU-d59cb1c4-ad97-d91a-6731-e7b5f38951a6
2026-10-09 01:47:31.264161,11007.0,10,1g.11gb,,,,580.178.04,GPU-d59cb1c4-ad97-d91a-6731-e7b5f38951a6
2026-10-09 01:47:31.264161,11008.0,11,1g.11gb,gpt2-inference-5d8458fb46-zdp9n,default,gpt2,580.178.04,GPU-d59cb1c4-ad97-d91a-6731-e7b5f38951a6
2026-10-09 01:47:31.264161,11007.0,12,1g.11gb,,,,580.178.04,GPU-d59cb1c4-ad97-d91a-6731-e7b5f38951a6
2026-10-09 01:47:31.264161,11008.0,13,1g.11gb,gpt2-inference-5d8458fb46-8g29c,default,gpt2,580.178.04,GPU-d59cb1c4-ad97-d91a-6731-e7b5f38951a6
2026-10-09 01:47:31.264161,11007.0,7,1g.11gb,,,,580.178.04,GPU-d59cb1c4-ad97-d91a-6731-e7b5f38951a6
2026-10-09 01:47:31.264161,11007.0,8,1g.11gb,,,,580.178.04,GPU-d59cb1c4-ad97-d91a-6731-e7b5f38951a6
2026-10-09 01:47:31.264161,11007.0,9,1g.11gb,,,,580.178.04,GPU-d59cb1c4-ad97-d91a-6731-e7b5f38951a6
2026-10-09 01:47:36.259633,11007.0,10,1g.11gb,,,,580.178.04,GPU-d59cb1c4-ad97-d91a-6731-e7b5f38951a6
2026-10-09 01:47:36.259633,11008.0,11,1g.11gb,gpt2-inference-5d8458fb46-zdp9n,default,gpt2,580.178.04,GPU-d59cb1c4-ad97-d91a-6731-e7b5f38951a6
2026-10-09 01:47:36.259633,11007.0,12,1g.11gb,,,,580.178.04,GPU-d59cb1c4-ad97-d91a-6731-e7b5f38951a6
2026-10-09 01:47:36.259633,11008.0,13,1g.11gb,gpt2-inference-5d8458fb46-8g29c,default,gpt2,580.178.04,GPU-d59cb1c4-ad97-d91a-6731-e7b5f38951a6
2026-10-09 01:47:36.259633,11007.0,7,1g.11gb,,,,580.178.04,GPU-d59cb1c4-ad97-d91a-6731-e7b5f38951a6
2026-10-09 01:47:36.259633,11007.0,8,1g.11gb,,,,580.178.04,GPU-d59cb1c4-ad97-d91a-6731-e7b5f38951a6
2026-10-09 01:47:36.259633,11007.0,9,1g.11gb,,,,580.178.04,GPU-d59cb1c4-ad97-d91a-6731-e7b5f38951a6
2026-10-09 01:47:41.263321,11007.0,10,1g.11gb,,,,580.178.04,GPU-d59cb1c4-ad97-d91a-6731-e7b5f38951a6
2026-10-09 01:47:41.263321,11008.0,11,1g.11gb,gpt2-inference-5d8458fb46-zdp9n,default,gpt2,580.178.04,GPU-d59cb1c4-ad97-d91a-6731-e7b5f38951a6
2026-10-09 01:47:41.263321,11007.0,12,1g.11gb,,,,580.178.04,GPU-d59cb1c4-ad97-d91a-6731-e7b5f38951a6
2026-10-09 01:47:41.263321,11008.0,13,1g.11gb,gpt2-inference-5d8458fb46-8g29c,default,gpt2,580.178.04,GPU-d59cb1c4-ad97-d91a-6731-e7b5f38951a6
2026-10-09 01:47:41.263321,11007.0,7,1g.11gb,,,,580.178.04,GPU-d59cb1c4-ad97-d91a-6731-e7b5f38951a6
2026-10-09 01:47:41.263321,11007.0,8,1g.11gb,,,,580.178.04,GPU-d59cb1c4-ad97-d91a-6731-e7b5f38951a6
2026-10-09 01:47:41.263321,11007.0,9,1g.11gb,,,,580.178.04,GPU-d59cb1c4-ad97-d91a-6731-e7b5f38951a6
2026-10-09 01:47:46.264166,11007.0,10,1g.11gb,,,,580.178.04,GPU-d59cb1c4-ad97-d91a-6731-e7b5f38951a6
2026-10-09 01:47:46.264166,11008.0,11,1g.11gb,gpt2-inference-5d8458fb46-zdp9n,default,gpt2,580.178.04,GPU-d59cb1c4-ad97-d91a-6731-e7b5f38951a6
2026-10-09 01:47:46.264166,11007.0,12,1g.11gb,,,,580.178.04,GPU-d59cb1c4-ad97-d91a-6731-e7b5f38951a6
2026-10-09 01:47:46.264166,11008.0,13,1g.11gb,gpt2-inference-5d8458fb46-8g29c,default,gpt2,580.178.04,GPU-d59cb1c4-ad97-d91a-6731-e7b5f38951a6
2026-10-09 01:47:46.264166,11007.0,7,1g.11gb,,,,580.178.04,GPU-d59cb1c4-ad97-d91a-6731-e7b5f38951a6
2026-10-09 01:47:46.264166,11007.0,8,1g.11gb,,,,580.178.04,GPU-d59cb1c4-ad97-d91a-6731-e7b5f38951a6
2026-10-09 01:47:46.264166,11007.0,9,1g.11gb,,,,580.178.04,GPU-d59cb1c4-ad97-d91a-6731-e7b5f38951a6
2026-10-09 01:47:51.263345,11007.0,10,1g.11gb,,,,580.178.04,GPU-d59cb1c4-ad97-d91a-6731-e7b5f38951a6
2026-10-09 01:47:51.263345,11008.0,11,1g.11gb,gpt2-inference-5d8458fb46-zdp9n,default,gpt2,580.178.04,GPU-d59cb1c4-ad97-d91a-6731-e7b5f38951a6
2026-10-09 01:47:51.263345,11007.0,12,1g.11gb,,,,580.178.04,GPU-d59cb1c4-ad97-d91a-6731-e7b5f38951a6
2026-10-09 01:47:51.263345,11008.0,13,1g.11gb,gpt2-inference-5d8458fb46-8g29c,default,gpt2,580.178.04,GPU-d59cb1c4-ad97-d91a-6731-e7b5f38951a6
2026-10-09 01:47:51.263345,11007.0,7,1g.11gb,,,,580.178.04,GPU-d59cb1c4-ad97-d91a-6731-e7b5f38951a6
2026-10-09 01:47:51.263345,11007.0,8,1g.11gb,,,,580.178.04,GPU-d59cb1c4-ad97-d91a-6731-e7b5f38951a6
2026-10-09 01:47:51.263345,11007.0,9,1g.11gb,,,,580.178.04,GPU-d59cb1c4-ad97-d91a-6731-e7b5f38951a6
2026-10-09 01:47:56.259395,11007.0,10,1g.11gb,,,,580.178.04,GPU-d59cb1c4-ad97-d91a-6731-e7b5f38951a6
2026-10-09 01:47:56.259395,11008.0,11,1g.11gb,gpt2-inference-5d8458fb46-zdp9n,default,gpt2,580.178.04,GPU-d59cb1c4-ad97-d91a-6731-e7b5f38951a6
2026-10-09 01:47:56.259395,11007.0,12,1g.11gb,,,,580.178.04,GPU-d59cb1c4-ad97-d91a-6731-e7b5f38951a6
2026-10-09 01:47:56.259395,11008.0,13,1g.11gb,gpt2-inference-5d8458fb46-8g29c,default,gpt2,580.178.04,GPU-d59cb1c4-ad97-d91a-6731-e7b5f38951a6
2026-10-09 01:47:56.259395,11007.0,7,1g.11gb,,,,580.178.04,GPU-d59cb1c4-ad97-d91a-6731-e7b5f38951a6
2026-10-09 01:47:56.259395,11007.0,8,1g.11gb,,,,580.178.04,GPU-d59cb1c4-ad97-d91a-6731-e7b5f38951a6
2026-10-09 01:47:56.259395,11007.0,9,1g.11gb,,,,580.178.04,GPU-d59cb1c4-ad97-d91a-6731-e7b5f38951a6
2026-10-09 01:48:01.264170,11007.0,10,1g.11gb,,,,580.178.04,GPU-d59cb1c4-ad97-d91a-6731-e7b5f38951a6
2026-10-09 01:48:01.264170,11008.0,11,1g.11gb,gpt2-inference-5d8458fb46-zdp9n,default,gpt2,580.178.04,GPU-d59cb1c4-ad97-d91a-6731-e7b5f38951a6
2026-10-09 01:48:01.264170,11007.0,12,1g.11gb,,,,580.178.04,GPU-d59cb1c4-ad97-d91a-6731-e7b5f38951a6
2026-10-09 01:48:01.264170,11008.0,13,1g.11gb,gpt2-inference-5d8458fb46-8g29c,default,gpt2,580.178.04,GPU-d59cb1c4-ad97-d91a-6731-e7b5f38951a6
2026-10-09 01:48:01.264170,11007.0,7,1g.11gb,,,,580.178.04,GPU-d59cb1c4-ad97-d91a-6731-e7b5f38951a6
2026-10-09 01:48:01.264170,11007.0,8,1g.11gb,,,,580.178.04,GPU-d59cb1c4-ad97-d91a-6731-e7b5f38951a6
2026-10-09 01:48:01.264170,11007.0,9,1g.11gb,,,,580.178.04,GPU-d59cb1c4-ad97-d91a-6731-e7b5f38951a6
2026-10-09 01:48:06.260451,11007.0,10,1g.11gb,,,,580.178.04,GPU-d59cb1c4-ad97-d91a-6731-e7b5f38951a6
2026-10-09 01:48:06.260451,11008.0,11,1g.11gb,gpt2-inference-5d8458fb46-zdp9n,default,gpt2,580.178.04,GPU-d59cb1c4-ad97-d91a-6731-e7b5f38951a6
2026-10-09 01:48:06.260451,11007.0,12,1g.11gb,,,,580.178.04,GPU-d59cb1c4-ad97-d91a-6731-e7b5f38951a6
2026-10-09 01:48:06.260451,11008.0,13,1g.11gb,gpt2-inference-5d8458fb46-8g29c,default,gpt2,580.178.04,GPU-d59cb1c4-ad97-d91a-6731-e7b5f38951a6
2026-10-09 01:48:06.260451,11007.0,7,1g.11gb,,,,580.178.04,GPU-d59cb1c4-ad97-d91a-6731-e7b5f38951a6
2026-10-09 01:48:06.260451,11007.0,8,1g.11gb,,,,580.178.04,GPU-d59cb1c4-ad97-d91a-6731-e7b5f38951a6
2026-10-09 01:48:06.260451,11007.0,9,1g.11gb,,,,580.178.04,GPU-d59cb1c4-ad97-d91a-6731-e7b5f38951a6
2026-10-09 01:48:11.264136,11007.0,10,1g.11gb,,,,580.178.04,GPU-d59cb1c4-ad97-d91a-6731-e7b5f38951a6
2026-10-09 01:48:11.264136,11008.0,11,1g.11gb,gpt2-inference-5d8458fb46-zdp9n,default,gpt2,580.178.04,GPU-d59cb1c4-ad97-d91a-6731-e7b5f38951a6
2026-10-09 01:48:11.264136,11007.0,12,1g.11gb,,,,580.178.04,GPU-d59cb1c4-ad97-d91a-6731-e7b5f38951a6
2026-10-09 01:48:11.264136,11008.0,13,1g.11gb,gpt2-inference-5d8458fb46-8g29c,default,gpt2,580.178.04,GPU-d59cb1c4-ad97-d91a-6731-e7b5f38951a6
2026-10-09 01:48:11.264136,11007.0,7,1g.11gb,,,,580.178.04,GPU-d59cb1c4-ad97-d91a-6731-e7b5f38951a6
2026-10-09 01:48:11.264136,11007.0,8,1g.11gb,,,,580.178.04,GPU-d59cb1c4-ad97-d91a-6731-e7b5f38951a6
2026-10-09 01:48:11.264136,11007.0,9,1g.11gb,,,,580.178.04,GPU-d59cb1c4-ad97-d91a-6731-e7b5f38951a6
2026-10-09 01:48:16.260394,11007.0,10,1g.11gb,,,,580.178.04,GPU-d59cb1c4-ad97-d91a-6731-e7b5f38951a6
2026-10-09 01:48:16.260394,11008.0,11,1g.11gb,gpt2-inference-5d8458fb46-zdp9n,default,gpt2,580.178.04,GPU-d59cb1c4-ad97-d91a-6731-e7b5f38951a6
2026-10-09 01:48:16.260394,11007.0,12,1g.11gb,,,,580.178.04,GPU-d59cb1c4-ad97-d91a-6731-e7b5f38951a6
2026-10-09 01:48:16.260394,11008.0,13,1g.11gb,gpt2-inference-5d8458fb46-8g29c,default,gpt2,580.178.04,GPU-d59cb1c4-ad97-d91a-6731-e7b5f38951a6
2026-10-09 01:48:16.260394,11007.0,7,1g.11gb,,,,580.178.04,GPU-d59cb1c4-ad97-d91a-6731-e7b5f38951a6
2026-10-09 01:48:16.260394,11007.0,8,1g.11gb,,,,580.178.04,GPU-d59cb1c4-ad97-d91a-6731-e7b5f38951a6
2026-10-09 01:48:16.260394,11007.0,9,1g.11gb,,,,580.178.04,GPU-d59cb1c4-ad97-d91a-6731-e7b5f38951a6
2026-10-09 01:48:21.263661,11007.0,10,1g.11gb,,,,580.178.04,GPU-d59cb1c4-ad97-d91a-6731-e7b5f38951a6
2026-10-09 01:48:21.263661,11008.0,11,1g.11gb,gpt2-inference-5d8458fb46-zdp9n,default,gpt2,580.178.04,GPU-d59cb1c4-ad97-d91a-6731-e7b5f38951a6
2026-10-09 01:48:21.263661,11007.0,12,1g.11gb,,,,580.178.04,GPU-d59cb1c4-ad97-d91a-6731-e7b5f38951a6
2026-10-09 01:48:21.263661,11008.0,13,1g.11gb,gpt2-inference-5d8458fb46-8g29c,default,gpt2,580.178.04,GPU-d59cb1c4-ad97-d91a-6731-e7b5f38951a6
2026-10-09 01:48:21.263661,11007.0,7,1g.11gb,,,,580.178.04,GPU-d59cb1c4-ad97-d91a-6731-e7b5f38951a6
2026-10-09 01:48:21.263661,11007.0,8,1g.11gb,,,,580.178.04,GPU-d59cb1c4-ad97-d91a-6731-e7b5f38951a6
2026-10-09 01:48:21.263661,11007.0,9,1g.11gb,,,,580.178.04,GPU-d59cb1c4-ad97-d91a-6731-e7b5f38951a6
2026-10-09 01:48:26.259404,11007.0,10,1g.11gb,,,,580.178.04,GPU-d59cb1c4-ad97-d91a-6731-e7b5f38951a6
2026-10-09 01:48:26.259404,11008.0,11,1g.11gb,gpt2-inference-5d8458fb46-zdp9n,default,gpt2,580.178.04,GPU-d59cb1c4-ad97-d91a-6731-e7b5f38951a6
2026-10-09 01:48:26.259404,11007.0,12,1g.11gb,,,,580.178.04,GPU-d59cb1c4-ad97-d91a-6731-e7b5f38951a6
2026-10-09 01:48:26.259404,11008.0,13,1g.11gb,gpt2-inference-5d8458fb46-8g29c,default,gpt2,580.178.04,GPU-d59cb1c4-ad97-d91a-6731-e7b5f38951a6
2026-10-09 01:48:26.259404,11007.0,7,1g.11gb,,,,580.178.04,GPU-d59cb1c4-ad97-d91a-6731-e7b5f38951a6
2026-10-09 01:48:26.259404,11007.0,8,1g.11gb,,,,580.178.04,GPU-d59cb1c4-ad97-d91a-6731-e7b5f38951a6
2026-10-09 01:48:26.259404,11007.0,9,1g.11gb,,,,580.178.04,GPU-d59cb1c4-ad97-d91a-6731-e7b5f38951a6
2026-10-09 01:48:31.261629,11007.0,10,1g.11gb,,,,580.178.04,GPU-d59cb1c4-ad97-d91a-6731-e7b5f38951a6
2026-10-09 01:48:31.261629,11008.0,11,1g.11gb,gpt2-inference-5d8458fb46-zdp9n,default,gpt2,580.178.04,GPU-d59cb1c4-ad97-d91a-6731-e7b5f38951a6
2026-10-09 01:48:31.261629,11007.0,12,1g.11gb,,,,580.178.04,GPU-d59cb1c4-ad97-d91a-6731-e7b5f38951a6
2026-10-09 01:48:31.261629,11008.0,13,1g.11gb,gpt2-inference-5d8458fb46-8g29c,default,gpt2,580.178.04,GPU-d59cb1c4-ad97-d91a-6731-e7b5f38951a6
2026-10-09 01:48:31.261629,11007.0,7,1g.11gb,,,,580.178.04,GPU-d59cb1c4-ad97-d91a-6731-e7b5f38951a6
2026-10-09 01:48:31.261629,11007.0,8,1g.11gb,,,,580.178.04,GPU-d59cb1c4-ad97-d91a-6731-e7b5f38951a6
2026-10-09 01:48:31.261629,11007.0,9,1g.11gb,,,,580.178.04,GPU-d59cb1c4-ad97-d91a-6731-e7b5f38951a6
2026-10-09 01:48:36.264159,11007.0,10,1g.11gb,,,,580.178.04,GPU-d59cb1c4-ad97-d91a-6731-e7b5f38951a6
2026-10-09 01:48:36.264159,11008.0,11,1g.11gb,gpt2-inference-5d8458fb46-zdp9n,default,gpt2,580.178.04,GPU-d59cb1c4-ad97-d91a-6731-e7b5f38951a6
2026-10-09 01:48:36.264159,11007.0,12,1g.11gb,,,,580.178.04,GPU-d59cb1c4-ad97-d91a-6731-e7b5f38951a6
2026-10-09 01:48:36.264159,11008.0,13,1g.11gb,gpt2-inference-5d8458fb46-8g29c,default,gpt2,580.178.04,GPU-d59cb1c4-ad97-d91a-6731-e7b5f38951a6
2026-10-09 01:48:36.264159,11007.0,7,1g.11gb,,,,580.178.04,GPU-d59cb1c4-ad97-d91a-6731-e7b5f38951a6
2026-10-09 01:48:36.264159,11007.0,8,1g.11gb,,,,580.178.04,GPU-d59cb1c4-ad97-d91a-6731-e7b5f38951a6
2026-10-09 01:48:36.264159,11007.0,9,1g.11gb,,,,580.178.04,GPU-d59cb1c4-ad97-d91a-6731-e7b5f38951a6
2026-10-09 01:48:41.260427,11007.0,10,1g.11gb,,,,580.178.04,GPU-d59cb1c4-ad97-d91a-6731-e7b5f38951a6
2026-10-09 01:48:41.260427,11008.0,11,1g.11gb,gpt2-inference-5d8458fb46-zdp9n,default,gpt2,580.178.04,GPU-d59cb1c4-ad97-d91a-6731-e7b5f38951a6
2026-10-09 01:48:41.260427,11007.0,12,1g.11gb,,,,580.178.04,GPU-d59cb1c4-ad97-d91a-6731-e7b5f38951a6
2026-10-09 01:48:41.260427,11008.0,13,1g.11gb,gpt2-inference-5d8458fb46-8g29c,default,gpt2,580.178.04,GPU-d59cb1c4-ad97-d91a-6731-e7b5f38951a6
2026-10-09 01:48:41.260427,11007.0,7,1g.11gb,,,,580.178.04,GPU-d59cb1c4-ad97-d91a-6731-e7b5f38951a6
2026-10-09 01:48:41.260427,11007.0,8,1g.11gb,,,,580.178.04,GPU-d59cb1c4-ad97-d91a-6731-e7b5f38951a6
2026-10-09 01:48:41.260427,11007.0,9,1g.11gb,,,,580.178.04,GPU-d59cb1c4-ad97-d91a-6731-e7b5f38951a6
2026-10-09 01:48:46.264118,11007.0,10,1g.11gb,,,,580.178.04,GPU-d59cb1c4-ad97-d91a-6731-e7b5f38951a6
2026-10-09 01:48:46.264118,11008.0,11,1g.11gb,gpt2-inference-5d8458fb46-zdp9n,default,gpt2,580.178.04,GPU-d59cb1c4-ad97-d91a-6731-e7b5f38951a6
2026-10-09 01:48:46.264118,11007.0,12,1g.11gb,,,,580.178.04,GPU-d59cb1c4-ad97-d91a-6731-e7b5f38951a6
2026-10-09 01:48:46.264118,11008.0,13,1g.11gb,gpt2-inference-5d8458fb46-8g29c,default,gpt2,580.178.04,GPU-d59cb1c4-ad97-d91a-6731-e7b5f38951a6
2026-10-09 01:48:46.264118,11007.0,7,1g.11gb,,,,580.178.04,GPU-d59cb1c4-ad97-d91a-6731-e7b5f38951a6
2026-10-09 01:48:46.264118,11007.0,8,1g.11gb,,,,580.178.04,GPU-d59cb1c4-ad97-d91a-6731-e7b5f38951a6
2026-10-09 01:48:46.264118,11007.0,9,1g.11gb,,,,580.178.04,GPU-d59cb1c4-ad97-d91a-6731-e7b5f38951a6
2026-10-09 01:48:51.264124,11007.0,10,1g.11gb,,,,580.178.04,GPU-d59cb1c4-ad97-d91a-6731-e7b5f38951a6
2026-10-09 01:48:51.264124,11008.0,11,1g.11gb,gpt2-inference-5d8458fb46-zdp9n,default,gpt2,580.178.04,GPU-d59cb1c4-ad97-d91a-6731-e7b5f38951a6
2026-10-09 01:48:51.264124,11007.0,12,1g.11gb,,,,580.178.04,GPU-d59cb1c4-ad97-d91a-6731-e7b5f38951a6
2026-10-09 01:48:51.264124,11008.0,13,1g.11gb,gpt2-inference-5d8458fb46-8g29c,default,gpt2,580.178.04,GPU-d59cb1c4-ad97-d91a-6731-e7b5f38951a6
2026-10-09 01:48:51.264124,11007.0,7,1g.11gb,,,,580.178.04,GPU-d59cb1c4-ad97-d91a-6731-e7b5f38951a6
2026-10-09 01:48:51.264124,11007.0,8,1g.11gb,,,,580.178.04,GPU-d59cb1c4-ad97-d91a-6731-e7b5f38951a6
2026-10-09 01:48:51.264124,11007.0,9,1g.11gb,,,,580.178.04,GPU-d59cb1c4-ad97-d91a-6731-e7b5f38951a6
2026-10-09 01:48:56.264145,11007.0,10,1g.11gb,,,,580.178.04,GPU-d59cb1c4-ad97-d91a-6731-e7b5f38951a6
2026-10-09 01:48:56.264145,11008.0,11,1g.11gb,gpt2-inference-5d8458fb46-zdp9n,default,gpt2,580.178.04,GPU-d59cb1c4-ad97-d91a-6731-e7b5f38951a6
2026-10-09 01:48:56.264145,11007.0,12,1g.11gb,,,,580.178.04,GPU-d59cb1c4-ad97-d91a-6731-e7b5f38951a6
2026-10-09 01:48:56.264145,11008.0,13,1g.11gb,gpt2-inference-5d8458fb46-8g29c,default,gpt2,580.178.04,GPU-d59cb1c4-ad97-d91a-6731-e7b5f38951a6
2026-10-09 01:48:56.264145,11007.0,7,1g.11gb,,,,580.178.04,GPU-d59cb1c4-ad97-d91a-6731-e7b5f38951a6
2026-10-09 01:48:56.264145,11007.0,8,1g.11gb,,,,580.178.04,GPU-d59cb1c4-ad97-d91a-6731-e7b5f38951a6
2026-10-09 01:48:56.264145,11007.0,9,1g.11gb,,,,580.178.04,GPU-d59cb1c4-ad97-d91a-6731-e7b5f38951a6
2026-10-09 01:49:01.264253,11007.0,10,1g.11gb,,,,580.178.04,GPU-d59cb1c4-ad97-d91a-6731-e7b5f38951a6
2026-10-09 01:49:01.264253,11008.0,11,1g.11gb,gpt2-inference-5d8458fb46-zdp9n,default,gpt2,580.178.04,GPU-d59cb1c4-ad97-d91a-6731-e7b5f38951a6
2026-10-09 01:49:01.264253,11007.0,12,1g.11gb,,,,580.178.04,GPU-d59cb1c4-ad97-d91a-6731-e7b5f38951a6
2026-10-09 01:49:01.264253,11008.0,13,1g.11gb,gpt2-inference-5d8458fb46-8g29c,default,gpt2,580.178.04,GPU-d59cb1c4-ad97-d91a-6731-e7b5f38951a6
2026-10-09 01:49:01.264253,11007.0,7,1g.11gb,,,,580.178.04,GPU-d59cb1c4-ad97-d91a-6731-e7b5f38951a6
2026-10-09 01:49:01.264253,11007.0,8,1g.11gb,,,,580.178.04,GPU-d59cb1c4-ad97-d91a-6731-e7b5f38951a6
2026-10-09 01:49:01.264253,11007.0,9,1g.11gb,,,,580.178.04,GPU-d59cb1c4-ad97-d91a-6731-e7b5f38951a6
2026-10-09 01:49:06.262825,11007.0,10,1g.11gb,,,,580.178.04,GPU-d59cb1c4-ad97-d91a-6731-e7b5f38951a6
2026-10-09 01:49:06.262825,11008.0,11,1g.11gb,gpt2-inference-5d8458fb46-zdp9n,default,gpt2,580.178.04,GPU-d59cb1c4-ad97-d91a-6731-e7b5f38951a6
2026-10-09 01:49:06.262825,11007.0,12,1g.11gb,,,,580.178.04,GPU-d59cb1c4-ad97-d91a-6731-e7b5f38951a6
2026-10-09 01:49:06.262825,11008.0,13,1g.11gb,gpt2-inference-5d8458fb46-8g29c,default,gpt2,580.178.04,GPU-d59cb1c4-ad97-d91a-6731-e7b5f38951a6
2026-10-09 01:49:06.262825,11007.0,7,1g.11gb,,,,580.178.04,GPU-d59cb1c4-ad97-d91a-6731-e7b5f38951a6
2026-10-09 01:49:06.262825,11007.0,8,1g.11gb,,,,580.178.04,GPU-d59cb1c4-ad97-d91a-6731-e7b5f38951a6
2026-10-09 01:49:06.262825,11007.0,9,1g.11gb,,,,580.178.04,GPU-d59cb1c4-ad97-d91a-6731-e7b5f38951a6
2026-10-09 01:49:11.259839,11007.0,10,1g.11gb,,,,580.178.04,GPU-d59cb1c4-ad97-d91a-6731-e7b5f38951a6
2026-10-09 01:49:11.259839,11008.0,11,1g.11gb,gpt2-inference-5d8458fb46-zdp9n,default,gpt2,580.178.04,GPU-d59cb1c4-ad97-d91a-6731-e7b5f38951a6
2026-10-09 01:49:11.259839,11007.0,12,1g.11gb,,,,580.178.04,GPU-d59cb1c4-ad97-d91a-6731-e7b5f38951a6
2026-10-09 01:49:11.259839,11008.0,13,1g.11gb,gpt2-inference-5d8458fb46-8g29c,default,gpt2,580.178.04,GPU-d59cb1c4-ad97-d91a-6731-e7b5f38951a6
2026-10-09 01:49:11.259839,11007.0,7,1g.11gb,,,,580.178.04,GPU-d59cb1c4-ad97-d91a-6731-e7b5f38951a6
2026-10-09 01:49:11.259839,11007.0,8,1g.11gb,,,,580.178.04,GPU-d59cb1c4-ad97-d91a-6731-e7b5f38951a6
2026-10-09 01:49:11.259839,11007.0,9,1g.11gb,,,,580.178.04,GPU-d59cb1c4-ad97-d91a-6731-e7b5f38951a6
2026-10-09 01:49:16.264128,11007.0,10,1g.11gb,,,,580.178.04,GPU-d59cb1c4-ad97-d91a-6731-e7b5f38951a6
2026-10-09 01:49:16.264128,11008.0,11,1g.11gb,gpt2-inference-5d8458fb46-zdp9n,default,gpt2,580.178.04,GPU-d59cb1c4-ad97-d91a-6731-e7b5f38951a6
2026-10-09 01:49:16.264128,11007.0,12,1g.11gb,,,,580.178.04,GPU-d59cb1c4-ad97-d91a-6731-e7b5f38951a6
2026-10-09 01:49:16.264128,11008.0,13,1g.11gb,gpt2-inference-5d8458fb46-8g29c,default,gpt2,580.178.04,GPU-d59cb1c4-ad97-d91a-6731-e7b5f38951a6
2026-10-09 01:49:16.264128,11007.0,7,1g.11gb,,,,580.178.04,GPU-d59cb1c4-ad97-d91a-6731-e7b5f38951a6
2026-10-09 01:49:16.264128,11007.0,8,1g.11gb,,,,580.178.04,GPU-d59cb1c4-ad97-d91a-6731-e7b5f38951a6
2026-10-09 01:49:16.264128,11007.0,9,1g.11gb,,,,580.178.04,GPU-d59cb1c4-ad97-d91a-6731-e7b5f38951a6
2026-10-09 01:49:21.262265,11007.0,10,1g.11gb,,,,580.178.04,GPU-d59cb1c4-ad97-d91a-6731-e7b5f38951a6
2026-10-09 01:49:21.262265,11008.0,11,1g.11gb,gpt2-inference-5d8458fb46-zdp9n,default,gpt2,580.178.04,GPU-d59cb1c4-ad97-d91a-6731-e7b5f38951a6
2026-10-09 01:49:21.262265,11007.0,12,1g.11gb,,,,580.178.04,GPU-d59cb1c4-ad97-d91a-6731-e7b5f38951a6
2026-10-09 01:49:21.262265,11008.0,13,1g.11gb,gpt2-inference-5d8458fb46-8g29c,default,gpt2,580.178.04,GPU-d59cb1c4-ad97-d91a-6731-e7b5f38951a6
2026-10-09 01:49:21.262265,11007.0,7,1g.11gb,,,,580.178.04,GPU-d59cb1c4-ad97-d91a-6731-e7b5f38951a6
2026-10-09 01:49:21.262265,11007.0,8,1g.11gb,,,,580.178.04,GPU-d59cb1c4-ad97-d91a-6731-e7b5f38951a6
2026-10-09 01:49:21.262265,11007.0,9,1g.11gb,,,,580.178.04,GPU-d59cb1c4-ad97-d91a-6731-e7b5f38951a6
2026-10-09 01:49:26.264213,11007.0,10,1g.11gb,,,,580.178.04,GPU-d59cb1c4-ad97-d91a-6731-e7b5f38951a6
2026-10-09 01:49:26.264213,11008.0,11,1g.11gb,gpt2-inference-5d8458fb46-zdp9n,default,gpt2,580.178.04,GPU-d59cb1c4-ad97-d91a-6731-e7b5f38951a6
2026-10-09 01:49:26.264213,11007.0,12,1g.11gb,,,,580.178.04,GPU-d59cb1c4-ad97-d91a-6731-e7b5f38951a6
2026-10-09 01:49:26.264213,11008.0,13,1g.11gb,gpt2-inference-5d8458fb46-8g29c,default,gpt2,580.178.04,GPU-d59cb1c4-ad97-d91a-6731-e7b5f38951a6
2026-10-09 01:49:26.264213,11007.0,7,1g.11gb,,,,580.178.04,GPU-d59cb1c4-ad97-d91a-6731-e7b5f38951a6
2026-10-09 01:49:26.264213,11007.0,8,1g.11gb,,,,580.178.04,GPU-d59cb1c4-ad97-d91a-6731-e7b5f38951a6
2026-10-09 01:49:26.264213,11007.0,9,1g.11gb,,,,580.178.04,GPU-d59cb1c4-ad97-d91a-6731-e7b5f38951a6
2026-10-09 01:49:31.264152,11007.0,10,1g.11gb,,,,580.178.04,GPU-d59cb1c4-ad97-d91a-6731-e7b5f38951a6
2026-10-09 01:49:31.264152,11008.0,11,1g.11gb,gpt2-inference-5d8458fb46-zdp9n,default,gpt2,580.178.04,GPU-d59cb1c4-ad97-d91a-6731-e7b5f38951a6
2026-10-09 01:49:31.264152,11007.0,12,1g.11gb,,,,580.178.04,GPU-d59cb1c4-ad97-d91a-6731-e7b5f38951a6
2026-10-09 01:49:31.264152,11008.0,13,1g.11gb,gpt2-inference-5d8458fb46-8g29c,default,gpt2,580.178.04,GPU-d59cb1c4-ad97-d91a-6731-e7b5f38951a6
2026-10-09 01:49:31.264152,11007.0,7,1g.11gb,,,,580.178.04,GPU-d59cb1c4-ad97-d91a-6731-e7b5f38951a6
2026-10-09 01:49:31.264152,11007.0,8,1g.11gb,,,,580.178.04,GPU-d59cb1c4-ad97-d91a-6731-e7b5f38951a6
2026-10-09 01:49:31.264152,11007.0,9,1g.11gb,,,,580.178.04,GPU-d59cb1c4-ad97-d91a-6731-e7b5f38951a6
2026-10-09 01:49:36.260276,11007.0,10,1g.11gb,,,,580.178.04,GPU-d59cb1c4-ad97-d91a-6731-e7b5f38951a6
2026-10-09 01:49:36.260276,11008.0,11,1g.11gb,gpt2-inference-5d8458fb46-zdp9n,default,gpt2,580.178.04,GPU-d59cb1c4-ad97-d91a-6731-e7b5f38951a6
2026-10-09 01:49:36.260276,11007.0,12,1g.11gb,,,,580.178.04,GPU-d59cb1c4-ad97-d91a-6731-e7b5f38951a6
2026-10-09 01:49:36.260276,11008.0,13,1g.11gb,gpt2-inference-5d8458fb46-8g29c,default,gpt2,580.178.04,GPU-d59cb1c4-ad97-d91a-6731-e7b5f38951a6
2026-10-09 01:49:36.260276,11007.0,7,1g.11gb,,,,580.178.04,GPU-d59cb1c4-ad97-d91a-6731-e7b5f38951a6
2026-10-09 01:49:36.260276,11007.0,8,1g.11gb,,,,580.178.04,GPU-d59cb1c4-ad97-d91a-6731-e7b5f38951a6
2026-10-09 01:49:36.260276,11007.0,9,1g.11gb,,,,580.178.04,GPU-d59cb1c4-ad97-d91a-6731-e7b5f38951a6
2026-10-09 01:49:41.259609,11007.0,10,1g.11gb,,,,580.178.04,GPU-d59cb1c4-ad97-d91a-6731-e7b5f38951a6
2026-10-09 01:49:41.259609,11008.0,11,1g.11gb,gpt2-inference-5d8458fb46-zdp9n,default,gpt2,580.178.04,GPU-d59cb1c4-ad97-d91a-6731-e7b5f38951a6
2026-10-09 01:49:41.259609,11007.0,12,1g.11gb,,,,580.178.04,GPU-d59cb1c4-ad97-d91a-6731-e7b5f38951a6
2026-10-09 01:49:41.259609,11008.0,13,1g.11gb,gpt2-inference-5d8458fb46-8g29c,default,gpt2,580.178.04,GPU-d59cb1c4-ad97-d91a-6731-e7b5f38951a6
2026-10-09 01:49:41.259609,11007.0,7,1g.11gb,,,,580.178.04,GPU-d59cb1c4-ad97-d91a-6731-e7b5f38951a6
2026-10-09 01:49:41.259609,11007.0,8,1g.11gb,,,,580.178.04,GPU-d59cb1c4-ad97-d91a-6731-e7b5f38951a6
2026-10-09 01:49:41.259609,11007.0,9,1g.11gb,,,,580.178.04,GPU-d59cb1c4-ad97-d91a-6731-e7b5f38951a6
2026-10-09 01:49:46.264169,11007.0,10,1g.11gb,,,,580.178.04,GPU-d59cb1c4-ad97-d91a-6731-e7b5f38951a6
2026-10-09 01:49:46.264169,11008.0,11,1g.11gb,gpt2-inference-5d8458fb46-zdp9n,default,gpt2,580.178.04,GPU-d59cb1c4-ad97-d91a-6731-e7b5f38951a6
2026-10-09 01:49:46.264169,11007.0,12,1g.11gb,,,,580.178.04,GPU-d59cb1c4-ad97-d91a-6731-e7b5f38951a6
2026-10-09 01:49:46.264169,11008.0,13,1g.11gb,gpt2-inference-5d8458fb46-8g29c,default,gpt2,580.178.04,GPU-d59cb1c4-ad97-d91a-6731-e7b5f38951a6
2026-10-09 01:49:46.264169,11007.0,7,1g.11gb,,,,580.178.04,GPU-d59cb1c4-ad97-d91a-6731-e7b5f38951a6
2026-10-09 01:49:46.264169,11007.0,8,1g.11gb,,,,580.178.04,GPU-d59cb1c4-ad97-d91a-6731-e7b5f38951a6
2026-10-09 01:49:46.264169,11007.0,9,1g.11gb,,,,580.178.04,GPU-d59cb1c4-ad97-d91a-6731-e7b5f38951a6
2026-10-09 01:49:51.264165,11007.0,10,1g.11gb,,,,580.178.04,GPU-d59cb1c4-ad97-d91a-6731-e7b5f38951a6
2026-10-09 01:49:51.264165,11008.0,11,1g.11gb,gpt2-inference-5d8458fb46-zdp9n,default,gpt2,580.178.04,GPU-d59cb1c4-ad97-d91a-6731-e7b5f38951a6
2026-10-09 01:49:51.264165,11007.0,12,1g.11gb,,,,580.178.04,GPU-d59cb1c4-ad97-d91a-6731-e7b5f38951a6
2026-10-09 01:49:51.264165,11008.0,13,1g.11gb,gpt2-inference-5d8458fb46-8g29c,default,gpt2,580.178.04,GPU-d59cb1c4-ad97-d91a-6731-e7b5f38951a6
2026-10-09 01:49:51.264165,11007.0,7,1g.11gb,,,,580.178.04,GPU-d59cb1c4-ad97-d91a-6731-e7b5f38951a6
2026-10-09 01:49:51.264165,11007.0,8,1g.11gb,,,,580.178.04,GPU-d59cb1c4-ad97-d91a-6731-e7b5f38951a6
2026-10-09 01:49:51.264165,11007.0,9,1g.11gb,,,,580.178.04,GPU-d59cb1c4-ad97-d91a-6731-e7b5f38951a6
2026-10-09 01:49:56.259330,11007.0,10,1g.11gb,,,,580.178.04,GPU-d59cb1c4-ad97-d91a-6731-e7b5f38951a6
2026-10-09 01:49:56.259330,11008.0,11,1g.11gb,gpt2-inference-5d8458fb46-zdp9n,default,gpt2,580.178.04,GPU-d59cb1c4-ad97-d91a-6731-e7b5f38951a6
2026-10-09 01:49:56.259330,11007.0,12,1g.11gb,,,,580.178.04,GPU-d59cb1c4-ad97-d91a-6731-e7b5f38951a6
2026-10-09 01:49:56.259330,11008.0,13,1g.11gb,gpt2-inference-5d8458fb46-8g29c,default,gpt2,580.178.04,GPU-d59cb1c4-ad97-d91a-6731-e7b5f38951a6
2026-10-09 01:49:56.259330,11007.0,7,1g.11gb,,,,580.178.04,GPU-d59cb1c4-ad97-d91a-6731-e7b5f38951a6
2026-10-09 01:49:56.259330,11007.0,8,1g.11gb,,,,580.178.04,GPU-d59cb1c4-ad97-d91a-6731-e7b5f38951a6
2026-10-09 01:49:56.259330,11007.0,9,1g.11gb,,,,580.178.04,GPU-d59cb1c4-ad97-d91a-6731-e7b5f38951a6
2026-10-09 01:50:01.259751,11007.0,10,1g.11gb,,,,580.178.04,GPU-d59cb1c4-ad97-d91a-6731-e7b5f38951a6
2026-10-09 01:50:01.259751,11008.0,11,1g.11gb,gpt2-inference-5d8458fb46-zdp9n,default,gpt2,580.178.04,GPU-d59cb1c4-ad97-d91a-6731-e7b5f38951a6
2026-10-09 01:50:01.259751,11007.0,12,1g.11gb,,,,580.178.04,GPU-d59cb1c4-ad97-d91a-6731-e7b5f38951a6
2026-10-09 01:50:01.259751,11008.0,13,1g.11gb,gpt2-inference-5d8458fb46-8g29c,default,gpt2,580.178.04,GPU-d59cb1c4-ad97-d91a-6731-e7b5f38951a6
2026-10-09 01:50:01.259751,11007.0,7,1g.11gb,,,,580.178.04,GPU-d59cb1c4-ad97-d91a-6731-e7b5f38951a6
2026-10-09 01:50:01.259751,11007.0,8,1g.11gb,,,,580.178.04,GPU-d59cb1c4-ad97-d91a-6731-e7b5f38951a6
2026-10-09 01:50:01.259751,11007.0,9,1g.11gb,,,,580.178.04,GPU-d59cb1c4-ad97-d91a-6731-e7b5f38951a6
2026-10-09 01:50:06.259632,11007.0,10,1g.11gb,,,,580.178.04,GPU-d59cb1c4-ad97-d91a-6731-e7b5f38951a6
2026-10-09 01:50:06.259632,11008.0,11,1g.11gb,gpt2-inference-5d8458fb46-zdp9n,default,gpt2,580.178.04,GPU-d59cb1c4-ad97-d91a-6731-e7b5f38951a6
2026-10-09 01:50:06.259632,11007.0,12,1g.11gb,,,,580.178.04,GPU-d59cb1c4-ad97-d91a-6731-e7b5f38951a6
2026-10-09 01:50:06.259632,11008.0,13,1g.11gb,gpt2-inference-5d8458fb46-8g29c,default,gpt2,580.178.04,GPU-d59cb1c4-ad97-d91a-6731-e7b5f38951a6
2026-10-09 01:50:06.259632,11007.0,7,1g.11gb,,,,580.178.04,GPU-d59cb1c4-ad97-d91a-6731-e7b5f38951a6
2026-10-09 01:50:06.259632,11007.0,8,1g.11gb,,,,580.178.04,GPU-d59cb1c4-ad97-d91a-6731-e7b5f38951a6
2026-10-09 01:50:06.259632,11007.0,9,1g.11gb,,,,580.178.04,GPU-d59cb1c4-ad97-d91a-6731-e7b5f38951a6
2026-10-09 01:50:11.264177,11007.0,10,1g.11gb,,,,580.178.04,GPU-d59cb1c4-ad97-d91a-6731-e7b5f38951a6
2026-10-09 01:50:11.264177,11008.0,11,1g.11gb,gpt2-inference-5d8458fb46-zdp9n,default,gpt2,580.178.04,GPU-d59cb1c4-ad97-d91a-6731-e7b5f38951a6
2026-10-09 01:50:11.264177,11007.0,12,1g.11gb,,,,580.178.04,GPU-d59cb1c4-ad97-d91a-6731-e7b5f38951a6
2026-10-09 01:50:11.264177,11008.0,13,1g.11gb,gpt2-inference-5d8458fb46-8g29c,default,gpt2,580.178.04,GPU-d59cb1c4-ad97-d91a-6731-e7b5f38951a6
2026-10-09 01:50:11.264177,11007.0,7,1g.11gb,,,,580.178.04,GPU-d59cb1c4-ad97-d91a-6731-e7b5f38951a6
2026-10-09 01:50:11.264177,11007.0,8,1g.11gb,,,,580.178.04,GPU-d59cb1c4-ad97-d91a-6731-e7b5f38951a6
2026-10-09 01:50:11.264177,11007.0,9,1g.11gb,,,,580.178.04,GPU-d59cb1c4-ad97-d91a-6731-e7b5f38951a6
2026-10-09 01:50:16.264166,11007.0,10,1g.11gb,,,,580.178.04,GPU-d59cb1c4-ad97-d91a-6731-e7b5f38951a6
2026-10-09 01:50:16.264166,11008.0,11,1g.11gb,gpt2-inference-5d8458fb46-zdp9n,default,gpt2,580.178.04,GPU-d59cb1c4-ad97-d91a-6731-e7b5f38951a6
2026-10-09 01:50:16.264166,11007.0,12,1g.11gb,,,,580.178.04,GPU-d59cb1c4-ad97-d91a-6731-e7b5f38951a6
2026-10-09 01:50:16.264166,11008.0,13,1g.11gb,gpt2-inference-5d8458fb46-8g29c,default,gpt2,580.178.04,GPU-d59cb1c4-ad97-d91a-6731-e7b5f38951a6
2026-10-09 01:50:16.264166,11007.0,7,1g.11gb,,,,580.178.04,GPU-d59cb1c4-ad97-d91a-6731-e7b5f38951a6
2026-10-09 01:50:16.264166,11007.0,8,1g.11gb,,,,580.178.04,GPU-d59cb1c4-ad97-d91a-6731-e7b5f38951a6
2026-10-09 01:50:16.264166,11007.0,9,1g.11gb,,,,580.178.04,GPU-d59cb1c4-ad97-d91a-6731-e7b5f38951a6
2026-10-09 01:50:21.264166,11007.0,10,1g.11gb,,,,580.178.04,GPU-d59cb1c4-ad97-d91a-6731-e7b5f38951a6
2026-10-09 01:50:21.264166,11008.0,11,1g.11gb,gpt2-inference-5d8458fb46-zdp9n,default,gpt2,580.178.04,GPU-d59cb1c4-ad97-d91a-6731-e7b5f38951a6
2026-10-09 01:50:21.264166,11007.0,12,1g.11gb,,,,580.178.04,GPU-d59cb1c4-ad97-d91a-6731-e7b5f38951a6
2026-10-09 01:50:21.264166,11008.0,13,1g.11gb,gpt2-inference-5d8458fb46-8g29c,default,gpt2,580.178.04,GPU-d59cb1c4-ad97-d91a-6731-e7b5f38951a6
2026-10-09 01:50:21.264166,11007.0,7,1g.11gb,,,,580.178.04,GPU-d59cb1c4-ad97-d91a-6731-e7b5f38951a6
2026-10-09 01:50:21.264166,11007.0,8,1g.11gb,,,,580.178.04,GPU-d59cb1c4-ad97-d91a-6731-e7b5f38951a6
2026-10-09 01:50:21.264166,11007.0,9,1g.11gb,,,,580.178.04,GPU-d59cb1c4-ad97-d91a-6731-e7b5f38951a6
2026-10-09 01:50:26.264160,11007.0,10,1g.11gb,,,,580.178.04,GPU-d59cb1c4-ad97-d91a-6731-e7b5f38951a6
2026-10-09 01:50:26.264160,11008.0,11,1g.11gb,gpt2-inference-5d8458fb46-zdp9n,default,gpt2,580.178.04,GPU-d59cb1c4-ad97-d91a-6731-e7b5f38951a6
2026-10-09 01:50:26.264160,11007.0,12,1g.11gb,,,,580.178.04,GPU-d59cb1c4-ad97-d91a-6731-e7b5f38951a6
2026-10-09 01:50:26.264160,11008.0,13,1g.11gb,gpt2-inference-5d8458fb46-8g29c,default,gpt2,580.178.04,GPU-d59cb1c4-ad97-d91a-6731-e7b5f38951a6
2026-10-09 01:50:26.264160,11007.0,7,1g.11gb,,,,580.178.04,GPU-d59cb1c4-ad97-d91a-6731-e7b5f38951a6
2026-10-09 01:50:26.264160,11007.0,8,1g.11gb,,,,580.178.04,GPU-d59cb1c4-ad97-d91a-6731-e7b5f38951a6
2026-10-09 01:50:26.264160,11007.0,9,1g.11gb,,,,580.178.04,GPU-d59cb1c4-ad97-d91a-6731-e7b5f38951a6
2026-10-09 01:50:31.264127,11007.0,10,1g.11gb,,,,580.178.04,GPU-d59cb1c4-ad97-d91a-6731-e7b5f38951a6
2026-10-09 01:50:31.264127,11008.0,11,1g.11gb,gpt2-inference-5d8458fb46-zdp9n,default,gpt2,580.178.04,GPU-d59cb1c4-ad97-d91a-6731-e7b5f38951a6
2026-10-09 01:50:31.264127,11007.0,12,1g.11gb,,,,580.178.04,GPU-d59cb1c4-ad97-d91a-6731-e7b5f38951a6
2026-10-09 01:50:31.264127,11008.0,13,1g.11gb,gpt2-inference-5d8458fb46-8g29c,default,gpt2,580.178.04,GPU-d59cb1c4-ad97-d91a-6731-e7b5f38951a6
2026-10-09 01:50:31.264127,11007.0,7,1g.11gb,,,,580.178.04,GPU-d59cb1c4-ad97-d91a-6731-e7b5f38951a6
2026-10-09 01:50:31.264127,11007.0,8,1g.11gb,,,,580.178.04,GPU-d59cb1c4-ad97-d91a-6731-e7b5f38951a6
2026-10-09 01:50:31.264127,11007.0,9,1g.11gb,,,,580.178.04,GPU-d59cb1c4-ad97-d91a-6731-e7b5f38951a6
2026-10-09 01:50:36.264146,11007.0,10,1g.11gb,,,,580.178.04,GPU-d59cb1c4-ad97-d91a-6731-e7b5f38951a6
2026-10-09 01:50:36.264146,11008.0,11,1g.11gb,gpt2-inference-5d8458fb46-zdp9n,default,gpt2,580.178.04,GPU-d59cb1c4-ad97-d91a-6731-e7b5f38951a6
2026-10-09 01:50:36.264146,11007.0,12,1g.11gb,,,,580.178.04,GPU-d59cb1c4-ad97-d91a-6731-e7b5f38951a6
2026-10-09 01:50:36.264146,11008.0,13,1g.11gb,gpt2-inference-5d8458fb46-8g29c,default,gpt2,580.178.04,GPU-d59cb1c4-ad97-d91a-6731-e7b5f38951a6
2026-10-09 01:50:36.264146,11007.0,7,1g.11gb,,,,580.178.04,GPU-d59cb1c4-ad97-d91a-6731-e7b5f38951a6
2026-10-09 01:50:36.264146,11007.0,8,1g.11gb,,,,580.178.04,GPU-d59cb1c4-ad97-d91a-6731-e7b5f38951a6
2026-10-09 01:50:36.264146,11007.0,9,1g.11gb,,,,580.178.04,GPU-d59cb1c4-ad97-d91a-6731-e7b5f38951a6
2026-10-09 01:50:41.259914,11007.0,10,1g.11gb,,,,580.178.04,GPU-d59cb1c4-ad97-d91a-6731-e7b5f38951a6
2026-10-09 01:50:41.259914,11008.0,11,1g.11gb,gpt2-inference-5d8458fb46-zdp9n,default,gpt2,580.178.04,GPU-d59cb1c4-ad97-d91a-6731-e7b5f38951a6
2026-10-09 01:50:41.259914,11007.0,12,1g.11gb,,,,580.178.04,GPU-d59cb1c4-ad97-d91a-6731-e7b5f38951a6
2026-10-09 01:50:41.259914,11008.0,13,1g.11gb,gpt2-inference-5d8458fb46-8g29c,default,gpt2,580.178.04,GPU-d59cb1c4-ad97-d91a-6731-e7b5f38951a6
2026-10-09 01:50:41.259914,11007.0,7,1g.11gb,,,,580.178.04,GPU-d59cb1c4-ad97-d91a-6731-e7b5f38951a6
2026-10-09 01:50:41.259914,11007.0,8,1g.11gb,,,,580.178.04,GPU-d59cb1c4-ad97-d91a-6731-e7b5f38951a6
2026-10-09 01:50:41.259914,11007.0,9,1g.11gb,,,,580.178.04,GPU-d59cb1c4-ad97-d91a-6731-e7b5f38951a6
2026-10-09 01:50:46.260918,11007.0,10,1g.11gb,,,,580.178.04,GPU-d59cb1c4-ad97-d91a-6731-e7b5f38951a6
2026-10-09 01:50:46.260918,11008.0,11,1g.11gb,gpt2-inference-5d8458fb46-zdp9n,default,gpt2,580.178.04,GPU-d59cb1c4-ad97-d91a-6731-e7b5f38951a6
2026-10-09 01:50:46.260918,11007.0,12,1g.11gb,,,,580.178.04,GPU-d59cb1c4-ad97-d91a-6731-e7b5f38951a6
2026-10-09 01:50:46.260918,11008.0,13,1g.11gb,gpt2-inference-5d8458fb46-8g29c,default,gpt2,580.178.04,GPU-d59cb1c4-ad97-d91a-6731-e7b5f38951a6
2026-10-09 01:50:46.260918,11007.0,7,1g.11gb,,,,580.178.04,GPU-d59cb1c4-ad97-d91a-6731-e7b5f38951a6
2026-10-09 01:50:46.260918,11007.0,8,1g.11gb,,,,580.178.04,GPU-d59cb1c4-ad97-d91a-6731-e7b5f38951a6
2026-10-09 01:50:46.260918,11007.0,9,1g.11gb,,,,580.178.04,GPU-d59cb1c4-ad97-d91a-6731-e7b5f38951a6
2026-10-09 01:50:51.259620,11007.0,10,1g.11gb,,,,580.178.04,GPU-d59cb1c4-ad97-d91a-6731-e7b5f38951a6
2026-10-09 01:50:51.259620,11008.0,11,1g.11gb,gpt2-inference-5d8458fb46-zdp9n,default,gpt2,580.178.04,GPU-d59cb1c4-ad97-d91a-6731-e7b5f38951a6
2026-10-09 01:50:51.259620,11007.0,12,1g.11gb,,,,580.178.04,GPU-d59cb1c4-ad97-d91a-6731-e7b5f38951a6
2026-10-09 01:50:51.259620,11008.0,13,1g.11gb,gpt2-inference-5d8458fb46-8g29c,default,gpt2,580.178.04,GPU-d59cb1c4-ad97-d91a-6731-e7b5f38951a6
2026-10-09 01:50:51.259620,11007.0,7,1g.11gb,,,,580.178.04,GPU-d59cb1c4-ad97-d91a-6731-e7b5f38951a6
2026-10-09 01:50:51.259620,11007.0,8,1g.11gb,,,,580.178.04,GPU-d59cb1c4-ad97-d91a-6731-e7b5f38951a6
2026-10-09 01:50:51.259620,11007.0,9,1g.11gb,,,,580.178.04,GPU-d59cb1c4-ad97-d91a-6731-e7b5f38951a6
2026-10-09 01:50:56.263767,11007.0,10,1g.11gb,,,,580.178.04,GPU-d59cb1c4-ad97-d91a-6731-e7b5f38951a6
2026-10-09 01:50:56.263767,11008.0,11,1g.11gb,gpt2-inference-5d8458fb46-zdp9n,default,gpt2,580.178.04,GPU-d59cb1c4-ad97-d91a-6731-e7b5f38951a6
2026-10-09 01:50:56.263767,11007.0,12,1g.11gb,,,,580.178.04,GPU-d59cb1c4-ad97-d91a-6731-e7b5f38951a6
2026-10-09 01:50:56.263767,11008.0,13,1g.11gb,gpt2-inference-5d8458fb46-8g29c,default,gpt2,580.178.04,GPU-d59cb1c4-ad97-d91a-6731-e7b5f38951a6
2026-10-09 01:50:56.263767,11007.0,7,1g.11gb,,,,580.178.04,GPU-d59cb1c4-ad97-d91a-6731-e7b5f38951a6
2026-10-09 01:50:56.263767,11007.0,8,1g.11gb,,,,580.178.04,GPU-d59cb1c4-ad97-d91a-6731-e7b5f38951a6
2026-10-09 01:50:56.263767,11007.0,9,1g.11gb,,,,580.178.04,GPU-d59cb1c4-ad97-d91a-6731-e7b5f38951a6
2026-10-09 01:51:01.262806,11007.0,10,1g.11gb,,,,580.178.04,GPU-d59cb1c4-ad97-d91a-6731-e7b5f38951a6
2026-10-09 01:51:01.262806,11008.0,11,1g.11gb,gpt2-inference-5d8458fb46-zdp9n,default,gpt2,580.178.04,GPU-d59cb1c4-ad97-d91a-6731-e7b5f38951a6
2026-10-09 01:51:01.262806,11007.0,12,1g.11gb,,,,580.178.04,GPU-d59cb1c4-ad97-d91a-6731-e7b5f38951a6
2026-10-09 01:51:01.262806,11008.0,13,1g.11gb,gpt2-inference-5d8458fb46-8g29c,default,gpt2,580.178.04,GPU-d59cb1c4-ad97-d91a-6731-e7b5f38951a6
2026-10-09 01:51:01.262806,11007.0,7,1g.11gb,,,,580.178.04,GPU-d59cb1c4-ad97-d91a-6731-e7b5f38951a6
2026-10-09 01:51:01.262806,11007.0,8,1g.11gb,,,,580.178.04,GPU-d59cb1c4-ad97-d91a-6731-e7b5f38951a6
2026-10-09 01:51:01.262806,11007.0,9,1g.11gb,,,,580.178.04,GPU-d59cb1c4-ad97-d91a-6731-e7b5f38951a6
2026-10-09 01:51:06.264174,11007.0,10,1g.11gb,,,,580.178.04,GPU-d59cb1c4-ad97-d91a-6731-e7b5f38951a6
2026-10-09 01:51:06.264174,11008.0,11,1g.11gb,gpt2-inference-5d8458fb46-zdp9n,default,gpt2,580.178.04,GPU-d59cb1c4-ad97-d91a-6731-e7b5f38951a6
2026-10-09 01:51:06.264174,11007.0,12,1g.11gb,,,,580.178.04,GPU-d59cb1c4-ad97-d91a-6731-e7b5f38951a6
2026-10-09 01:51:06.264174,11008.0,13,1g.11gb,gpt2-inference-5d8458fb46-8g29c,default,gpt2,580.178.04,GPU-d59cb1c4-ad97-d91a-6731-e7b5f38951a6
2026-10-09 01:51:06.264174,11007.0,7,1g.11gb,,,,580.178.04,GPU-d59cb1c4-ad97-d91a-6731-e7b5f38951a6
2026-10-09 01:51:06.264174,11007.0,8,1g.11gb,,,,580.178.04,GPU-d59cb1c4-ad97-d91a-6731-e7b5f38951a6
2026-10-09 01:51:06.264174,11007.0,9,1g.11gb,,,,580.178.04,GPU-d59cb1c4-ad97-d91a-6731-e7b5f38951a6
2026-10-09 01:51:11.264161,11007.0,10,1g.11gb,,,,580.178.04,GPU-d59cb1c4-ad97-d91a-6731-e7b5f38951a6
2026-10-09 01:51:11.264161,11008.0,11,1g.11gb,gpt2-inference-5d8458fb46-zdp9n,default,gpt2,580.178.04,GPU-d59cb1c4-ad97-d91a-6731-e7b5f38951a6
2026-10-09 01:51:11.264161,11007.0,12,1g.11gb,,,,580.178.04,GPU-d59cb1c4-ad97-d91a-6731-e7b5f38951a6
2026-10-09 01:51:11.264161,11008.0,13,1g.11gb,gpt2-inference-5d8458fb46-8g29c,default,gpt2,580.178.04,GPU-d59cb1c4-ad97-d91a-6731-e7b5f38951a6
2026-10-09 01:51:11.264161,11007.0,7,1g.11gb,,,,580.178.04,GPU-d59cb1c4-ad97-d91a-6731-e7b5f38951a6
2026-10-09 01:51:11.264161,11007.0,8,1g.11gb,,,,580.178.04,GPU-d59cb1c4-ad97-d91a-6731-e7b5f38951a6
2026-10-09 01:51:11.264161,11007.0,9,1g.11gb,,,,580.178.04,GPU-d59cb1c4-ad97-d91a-6731-e7b5f38951a6
2026-10-09 01:51:16.264136,11007.0,10,1g.11gb,,,,580.178.04,GPU-d59cb1c4-ad97-d91a-6731-e7b5f38951a6
2026-10-09 01:51:16.264136,11008.0,11,1g.11gb,gpt2-inference-5d8458fb46-zdp9n,default,gpt2,580.178.04,GPU-d59cb1c4-ad97-d91a-6731-e7b5f38951a6
2026-10-09 01:51:16.264136,11007.0,12,1g.11gb,,,,580.178.04,GPU-d59cb1c4-ad97-d91a-6731-e7b5f38951a6
2026-10-09 01:51:16.264136,11008.0,13,1g.11gb,gpt2-inference-5d8458fb46-8g29c,default,gpt2,580.178.04,GPU-d59cb1c4-ad97-d91a-6731-e7b5f38951a6
2026-10-09 01:51:16.264136,11007.0,7,1g.11gb,,,,580.178.04,GPU-d59cb1c4-ad97-d91a-6731-e7b5f38951a6
2026-10-09 01:51:16.264136,11007.0,8,1g.11gb,,,,580.178.04,GPU-d59cb1c4-ad97-d91a-6731-e7b5f38951a6
2026-10-09 01:51:16.264136,11007.0,9,1g.11gb,,,,580.178.04,GPU-d59cb1c4-ad97-d91a-6731-e7b5f38951a6
2026-10-09 01:51:21.259928,11007.0,10,1g.11gb,,,,580.178.04,GPU-d59cb1c4-ad97-d91a-6731-e7b5f38951a6
2026-10-09 01:51:21.259928,11008.0,11,1g.11gb,gpt2-inference-5d8458fb46-zdp9n,default,gpt2,580.178.04,GPU-d59cb1c4-ad97-d91a-6731-e7b5f38951a6
2026-10-09 01:51:21.259928,11007.0,12,1g.11gb,,,,580.178.04,GPU-d59cb1c4-ad97-d91a-6731-e7b5f38951a6
2026-10-09 01:51:21.259928,11008.0,13,1g.11gb,gpt2-inference-5d8458fb46-8g29c,default,gpt2,580.178.04,GPU-d59cb1c4-ad97-d91a-6731-e7b5f38951a6
2026-10-09 01:51:21.259928,11007.0,7,1g.11gb,,,,580.178.04,GPU-d59cb1c4-ad97-d91a-6731-e7b5f38951a6
2026-10-09 01:51:21.259928,11007.0,8,1g.11gb,,,,580.178.04,GPU-d59cb1c4-ad97-d91a-6731-e7b5f38951a6
2026-10-09 01:51:21.259928,11007.0,9,1g.11gb,,,,580.178.04,GPU-d59cb1c4-ad97-d91a-6731-e7b5f38951a6
2026-10-09 01:51:26.264171,11007.0,10,1g.11gb,,,,580.178.04,GPU-d59cb1c4-ad97-d91a-6731-e7b5f38951a6
2026-10-09 01:51:26.264171,11008.0,11,1g.11gb,gpt2-inference-5d8458fb46-zdp9n,default,gpt2,580.178.04,GPU-d59cb1c4-ad97-d91a-6731-e7b5f38951a6
2026-10-09 01:51:26.264171,11007.0,12,1g.11gb,,,,580.178.04,GPU-d59cb1c4-ad97-d91a-6731-e7b5f38951a6
2026-10-09 01:51:26.264171,11008.0,13,1g.11gb,gpt2-inference-5d8458fb46-8g29c,default,gpt2,580.178.04,GPU-d59cb1c4-ad97-d91a-6731-e7b5f38951a6
2026-10-09 01:51:26.264171,11007.0,7,1g.11gb,,,,580.178.04,GPU-d59cb1c4-ad97-d91a-6731-e7b5f38951a6
2026-10-09 01:51:26.264171,11007.0,8,1g.11gb,,,,580.178.04,GPU-d59cb1c4-ad97-d91a-6731-e7b5f38951a6
2026-10-09 01:51:26.264171,11007.0,9,1g.11gb,,,,580.178.04,GPU-d59cb1c4-ad97-d91a-6731-e7b5f38951a6
2026-10-09 01:51:31.264144,11007.0,10,1g.11gb,,,,580.178.04,GPU-d59cb1c4-ad97-d91a-6731-e7b5f38951a6
2026-10-09 01:51:31.264144,11008.0,11,1g.11gb,gpt2-inference-5d8458fb46-zdp9n,default,gpt2,580.178.04,GPU-d59cb1c4-ad97-d91a-6731-e7b5f38951a6
2026-10-09 01:51:31.264144,11007.0,12,1g.11gb,,,,580.178.04,GPU-d59cb1c4-ad97-d91a-6731-e7b5f38951a6
2026-10-09 01:51:31.264144,11008.0,13,1g.11gb,gpt2-inference-5d8458fb46-8g29c,default,gpt2,580.178.04,GPU-d59cb1c4-ad97-d91a-6731-e7b5f38951a6
2026-10-09 01:51:31.264144,11007.0,7,1g.11gb,,,,580.178.04,GPU-d59cb1c4-ad97-d91a-6731-e7b5f38951a6
2026-10-09 01:51:31.264144,11007.0,8,1g.11gb,,,,580.178.04,GPU-d59cb1c4-ad97-d91a-6731-e7b5f38951a6
2026-10-09 01:51:31.264144,11007.0,9,1g.11gb,,,,580.178.04,GPU-d59cb1c4-ad97-d91a-6731-e7b5f38951a6
2026-10-09 01:51:36.264120,11007.0,10,1g.11gb,,,,580.178.04,GPU-d59cb1c4-ad97-d91a-6731-e7b5f38951a6
2026-10-09 01:51:36.264120,11008.0,11,1g.11gb,gpt2-inference-5d8458fb46-zdp9n,default,gpt2,580.178.04,GPU-d59cb1c4-ad97-d91a-6731-e7b5f38951a6
2026-10-09 01:51:36.264120,11007.0,12,1g.11gb,,,,580.178.04,GPU-d59cb1c4-ad97-d91a-6731-e7b5f38951a6
2026-10-09 01:51:36.264120,11008.0,13,1g.11gb,gpt2-inference-5d8458fb46-8g29c,default,gpt2,580.178.04,GPU-d59cb1c4-ad97-d91a-6731-e7b5f38951a6
2026-10-09 01:51:36.264120,11007.0,7,1g.11gb,,,,580.178.04,GPU-d59cb1c4-ad97-d91a-6731-e7b5f38951a6
2026-10-09 01:51:36.264120,11007.0,8,1g.11gb,,,,580.178.04,GPU-d59cb1c4-ad97-d91a-6731-e7b5f38951a6
2026-10-09 01:51:36.264120,11007.0,9,1g.11gb,,,,580.178.04,GPU-d59cb1c4-ad97-d91a-6731-e7b5f38951a6
2026-10-09 01:51:41.263169,11007.0,10,1g.11gb,,,,580.178.04,GPU-d59cb1c4-ad97-d91a-6731-e7b5f38951a6
2026-10-09 01:51:41.263169,11008.0,11,1g.11gb,gpt2-inference-5d8458fb46-zdp9n,default,gpt2,580.178.04,GPU-d59cb1c4-ad97-d91a-6731-e7b5f38951a6
2026-10-09 01:51:41.263169,11007.0,12,1g.11gb,,,,580.178.04,GPU-d59cb1c4-ad97-d91a-6731-e7b5f38951a6
2026-10-09 01:51:41.263169,11008.0,13,1g.11gb,gpt2-inference-5d8458fb46-8g29c,default,gpt2,580.178.04,GPU-d59cb1c4-ad97-d91a-6731-e7b5f38951a6
2026-10-09 01:51:41.263169,11007.0,7,1g.11gb,,,,580.178.04,GPU-d59cb1c4-ad97-d91a-6731-e7b5f38951a6
2026-10-09 01:51:41.263169,11007.0,8,1g.11gb,,,,580.178.04,GPU-d59cb1c4-ad97-d91a-6731-e7b5f38951a6
2026-10-09 01:51:41.263169,11007.0,9,1g.11gb,,,,580.178.04,GPU-d59cb1c4-ad97-d91a-6731-e7b5f38951a6
2026-10-09 01:51:46.261153,11007.0,10,1g.11gb,,,,580.178.04,GPU-d59cb1c4-ad97-d91a-6731-e7b5f38951a6
2026-10-09 01:51:46.261153,11008.0,11,1g.11gb,gpt2-inference-5d8458fb46-zdp9n,default,gpt2,580.178.04,GPU-d59cb1c4-ad97-d91a-6731-e7b5f38951a6
2026-10-09 01:51:46.261153,11007.0,12,1g.11gb,,,,580.178.04,GPU-d59cb1c4-ad97-d91a-6731-e7b5f38951a6
2026-10-09 01:51:46.261153,11008.0,13,1g.11gb,gpt2-inference-5d8458fb46-8g29c,default,gpt2,580.178.04,GPU-d59cb1c4-ad97-d91a-6731-e7b5f38951a6
2026-10-09 01:51:46.261153,11007.0,7,1g.11gb,,,,580.178.04,GPU-d59cb1c4-ad97-d91a-6731-e7b5f38951a6
2026-10-09 01:51:46.261153,11007.0,8,1g.11gb,,,,580.178.04,GPU-d59cb1c4-ad97-d91a-6731-e7b5f38951a6
2026-10-09 01:51:46.261153,11007.0,9,1g.11gb,,,,580.178.04,GPU-d59cb1c4-ad97-d91a-6731-e7b5f38951a6
2026-10-09 01:51:51.263770,11007.0,10,1g.11gb,,,,580.178.04,GPU-d59cb1c4-ad97-d91a-6731-e7b5f38951a6
2026-10-09 01:51:51.263770,11008.0,11,1g.11gb,gpt2-inference-5d8458fb46-zdp9n,default,gpt2,580.178.04,GPU-d59cb1c4-ad97-d91a-6731-e7b5f38951a6
2026-10-09 01:51:51.263770,11007.0,12,1g.11gb,,,,580.178.04,GPU-d59cb1c4-ad97-d91a-6731-e7b5f38951a6
2026-10-09 01:51:51.263770,11008.0,13,1g.11gb,gpt2-inference-5d8458fb46-8g29c,default,gpt2,580.178.04,GPU-d59cb1c4-ad97-d91a-6731-e7b5f38951a6
2026-10-09 01:51:51.263770,11007.0,7,1g.11gb,,,,580.178.04,GPU-d59cb1c4-ad97-d91a-6731-e7b5f38951a6
2026-10-09 01:51:51.263770,11007.0,8,1g.11gb,,,,580.178.04,GPU-d59cb1c4-ad97-d91a-6731-e7b5f38951a6
2026-10-09 01:51:51.263770,11007.0,9,1g.11gb,,,,580.178.04,GPU-d59cb1c4-ad97-d91a-6731-e7b5f38951a6
2026-10-09 01:51:56.259592,11007.0,10,1g.11gb,,,,580.178.04,GPU-d59cb1c4-ad97-d91a-6731-e7b5f38951a6
2026-10-09 01:51:56.259592,11008.0,11,1g.11gb,gpt2-inference-5d8458fb46-zdp9n,default,gpt2,580.178.04,GPU-d59cb1c4-ad97-d91a-6731-e7b5f38951a6
2026-10-09 01:51:56.259592,11007.0,12,1g.11gb,,,,580.178.04,GPU-d59cb1c4-ad97-d91a-6731-e7b5f38951a6
2026-10-09 01:51:56.259592,11008.0,13,1g.11gb,gpt2-inference-5d8458fb46-8g29c,default,gpt2,580.178.04,GPU-d59cb1c4-ad97-d91a-6731-e7b5f38951a6
2026-10-09 01:51:56.259592,11007.0,7,1g.11gb,,,,580.178.04,GPU-d59cb1c4-ad97-d91a-6731-e7b5f38951a6
2026-10-09 01:51:56.259592,11007.0,8,1g.11gb,,,,580.178.04,GPU-d59cb1c4-ad97-d91a-6731-e7b5f38951a6
2026-10-09 01:51:56.259592,11007.0,9,1g.11gb,,,,580.178.04,GPU-d59cb1c4-ad97-d91a-6731-e7b5f38951a6
2026-10-09 01:52:01.260167,11007.0,10,1g.11gb,,,,580.178.04,GPU-d59cb1c4-ad97-d91a-6731-e7b5f38951a6
2026-10-09 01:52:01.260167,11008.0,11,1g.11gb,gpt2-inference-5d8458fb46-zdp9n,default,gpt2,580.178.04,GPU-d59cb1c4-ad97-d91a-6731-e7b5f38951a6
2026-10-09 01:52:01.260167,11007.0,12,1g.11gb,,,,580.178.04,GPU-d59cb1c4-ad97-d91a-6731-e7b5f38951a6
2026-10-09 01:52:01.260167,11008.0,13,1g.11gb,gpt2-inference-5d8458fb46-8g29c,default,gpt2,580.178.04,GPU-d59cb1c4-ad97-d91a-6731-e7b5f38951a6
2026-10-09 01:52:01.260167,11007.0,7,1g.11gb,,,,580.178.04,GPU-d59cb1c4-ad97-d91a-6731-e7b5f38951a6
2026-10-09 01:52:01.260167,11007.0,8,1g.11gb,,,,580.178.04,GPU-d59cb1c4-ad97-d91a-6731-e7b5f38951a6
2026-10-09 01:52:01.260167,11007.0,9,1g.11gb,,,,580.178.04,GPU-d59cb1c4-ad97-d91a-6731-e7b5f38951a6
2026-10-09 01:52:06.264198,11007.0,10,1g.11gb,,,,580.178.04,GPU-d59cb1c4-ad97-d91a-6731-e7b5f38951a6
2026-10-09 01:52:06.264198,11008.0,11,1g.11gb,gpt2-inference-5d8458fb46-zdp9n,default,gpt2,580.178.04,GPU-d59cb1c4-ad97-d91a-6731-e7b5f38951a6
2026-10-09 01:52:06.264198,11007.0,12,1g.11gb,,,,580.178.04,GPU-d59cb1c4-ad97-d91a-6731-e7b5f38951a6
2026-10-09 01:52:06.264198,11008.0,13,1g.11gb,gpt2-inference-5d8458fb46-8g29c,default,gpt2,580.178.04,GPU-d59cb1c4-ad97-d91a-6731-e7b5f38951a6
2026-10-09 01:52:06.264198,11007.0,7,1g.11gb,,,,580.178.04,GPU-d59cb1c4-ad97-d91a-6731-e7b5f38951a6
2026-10-09 01:52:06.264198,11007.0,8,1g.11gb,,,,580.178.04,GPU-d59cb1c4-ad97-d91a-6731-e7b5f38951a6
2026-10-09 01:52:06.264198,11007.0,9,1g.11gb,,,,580.178.04,GPU-d59cb1c4-ad97-d91a-6731-e7b5f38951a6
2026-10-09 01:52:11.259887,11007.0,10,1g.11gb,,,,580.178.04,GPU-d59cb1c4-ad97-d91a-6731-e7b5f38951a6
2026-10-09 01:52:11.259887,11008.0,11,1g.11gb,gpt2-inference-5d8458fb46-zdp9n,default,gpt2,580.178.04,GPU-d59cb1c4-ad97-d91a-6731-e7b5f38951a6
2026-10-09 01:52:11.259887,11007.0,12,1g.11gb,,,,580.178.04,GPU-d59cb1c4-ad97-d91a-6731-e7b5f38951a6
2026-10-09 01:52:11.259887,11008.0,13,1g.11gb,gpt2-inference-5d8458fb46-8g29c,default,gpt2,580.178.04,GPU-d59cb1c4-ad97-d91a-6731-e7b5f38951a6
2026-10-09 01:52:11.259887,11007.0,7,1g.11gb,,,,580.178.04,GPU-d59cb1c4-ad97-d91a-6731-e7b5f38951a6
2026-10-09 01:52:11.259887,11007.0,8,1g.11gb,,,,580.178.04,GPU-d59cb1c4-ad97-d91a-6731-e7b5f38951a6
2026-10-09 01:52:11.259887,11007.0,9,1g.11gb,,,,580.178.04,GPU-d59cb1c4-ad97-d91a-6731-e7b5f38951a6
2026-10-09 01:52:16.264194,11007.0,10,1g.11gb,,,,580.178.04,GPU-d59cb1c4-ad97-d91a-6731-e7b5f38951a6
2026-10-09 01:52:16.264194,11008.0,11,1g.11gb,gpt2-inference-5d8458fb46-zdp9n,default,gpt2,580.178.04,GPU-d59cb1c4-ad97-d91a-6731-e7b5f38951a6
2026-10-09 01:52:16.264194,11007.0,12,1g.11gb,,,,580.178.04,GPU-d59cb1c4-ad97-d91a-6731-e7b5f38951a6
2026-10-09 01:52:16.264194,11008.0,13,1g.11gb,gpt2-inference-5d8458fb46-8g29c,default,gpt2,580.178.04,GPU-d59cb1c4-ad97-d91a-6731-e7b5f38951a6
2026-10-09 01:52:16.264194,11007.0,7,1g.11gb,,,,580.178.04,GPU-d59cb1c4-ad97-d91a-6731-e7b5f38951a6
2026-10-09 01:52:16.264194,11007.0,8,1g.11gb,,,,580.178.04,GPU-d59cb1c4-ad97-d91a-6731-e7b5f38951a6
2026-10-09 01:52:16.264194,11007.0,9,1g.11gb,,,,580.178.04,GPU-d59cb1c4-ad97-d91a-6731-e7b5f38951a6
2026-10-09 01:52:21.261532,11007.0,10,1g.11gb,,,,580.178.04,GPU-d59cb1c4-ad97-d91a-6731-e7b5f38951a6
2026-10-09 01:52:21.261532,11008.0,11,1g.11gb,gpt2-inference-5d8458fb46-zdp9n,default,gpt2,580.178.04,GPU-d59cb1c4-ad97-d91a-6731-e7b5f38951a6
2026-10-09 01:52:21.261532,11007.0,12,1g.11gb,,,,580.178.04,GPU-d59cb1c4-ad97-d91a-6731-e7b5f38951a6
2026-10-09 01:52:21.261532,11008.0,13,1g.11gb,gpt2-inference-5d8458fb46-8g29c,default,gpt2,580.178.04,GPU-d59cb1c4-ad97-d91a-6731-e7b5f38951a6
2026-10-09 01:52:21.261532,11007.0,7,1g.11gb,,,,580.178.04,GPU-d59cb1c4-ad97-d91a-6731-e7b5f38951a6
2026-10-09 01:52:21.261532,11007.0,8,1g.11gb,,,,580.178.04,GPU-d59cb1c4-ad97-d91a-6731-e7b5f38951a6
2026-10-09 01:52:21.261532,11007.0,9,1g.11gb,,,,580.178.04,GPU-d59cb1c4-ad97-d91a-6731-e7b5f38951a6
2026-10-09 01:52:26.264163,11007.0,10,1g.11gb,,,,580.178.04,GPU-d59cb1c4-ad97-d91a-6731-e7b5f38951a6
2026-10-09 01:52:26.264163,11008.0,11,1g.11gb,gpt2-inference-5d8458fb46-zdp9n,default,gpt2,580.178.04,GPU-d59cb1c4-ad97-d91a-6731-e7b5f38951a6
2026-10-09 01:52:26.264163,11007.0,12,1g.11gb,,,,580.178.04,GPU-d59cb1c4-ad97-d91a-6731-e7b5f38951a6
2026-10-09 01:52:26.264163,11008.0,13,1g.11gb,gpt2-inference-5d8458fb46-8g29c,default,gpt2,580.178.04,GPU-d59cb1c4-ad97-d91a-6731-e7b5f38951a6
2026-10-09 01:52:26.264163,11007.0,7,1g.11gb,,,,580.178.04,GPU-d59cb1c4-ad97-d91a-6731-e7b5f38951a6
2026-10-09 01:52:26.264163,11007.0,8,1g.11gb,,,,580.178.04,GPU-d59cb1c4-ad97-d91a-6731-e7b5f38951a6
2026-10-09 01:52:26.264163,11007.0,9,1g.11gb,,,,580.178.04,GPU-d59cb1c4-ad97-d91a-6731-e7b5f38951a6
2026-10-09 01:52:31.262441,11007.0,10,1g.11gb,,,,580.178.04,GPU-d59cb1c4-ad97-d91a-6731-e7b5f38951a6
2026-10-09 01:52:31.262441,11008.0,11,1g.11gb,gpt2-inference-5d8458fb46-zdp9n,default,gpt2,580.178.04,GPU-d59cb1c4-ad97-d91a-6731-e7b5f38951a6
2026-10-09 01:52:31.262441,11007.0,12,1g.11gb,,,,580.178.04,GPU-d59cb1c4-ad97-d91a-6731-e7b5f38951a6
2026-10-09 01:52:31.262441,11008.0,13,1g.11gb,gpt2-inference-5d8458fb46-8g29c,default,gpt2,580.178.04,GPU-d59cb1c4-ad97-d91a-6731-e7b5f38951a6
2026-10-09 01:52:31.262441,11007.0,7,1g.11gb,,,,580.178.04,GPU-d59cb1c4-ad97-d91a-6731-e7b5f38951a6
2026-10-09 01:52:31.262441,11007.0,8,1g.11gb,,,,580.178.04,GPU-d59cb1c4-ad97-d91a-6731-e7b5f38951a6
2026-10-09 01:52:31.262441,11007.0,9,1g.11gb,,,,580.178.04,GPU-d59cb1c4-ad97-d91a-6731-e7b5f38951a6
2026-10-09 01:52:36.260568,11007.0,10,1g.11gb,,,,580.178.04,GPU-d59cb1c4-ad97-d91a-6731-e7b5f38951a6
2026-10-09 01:52:36.260568,11008.0,11,1g.11gb,gpt2-inference-5d8458fb46-zdp9n,default,gpt2,580.178.04,GPU-d59cb1c4-ad97-d91a-6731-e7b5f38951a6
2026-10-09 01:52:36.260568,11007.0,12,1g.11gb,,,,580.178.04,GPU-d59cb1c4-ad97-d91a-6731-e7b5f38951a6
2026-10-09 01:52:36.260568,11008.0,13,1g.11gb,gpt2-inference-5d8458fb46-8g29c,default,gpt2,580.178.04,GPU-d59cb1c4-ad97-d91a-6731-e7b5f38951a6
2026-10-09 01:52:36.260568,11007.0,7,1g.11gb,,,,580.178.04,GPU-d59cb1c4-ad97-d91a-6731-e7b5f38951a6
2026-10-09 01:52:36.260568,11007.0,8,1g.11gb,,,,580.178.04,GPU-d59cb1c4-ad97-d91a-6731-e7b5f38951a6
2026-10-09 01:52:36.260568,11007.0,9,1g.11gb,,,,580.178.04,GPU-d59cb1c4-ad97-d91a-6731-e7b5f38951a6
2026-10-09 01:52:41.264157,11007.0,10,1g.11gb,,,,580.178.04,GPU-d59cb1c4-ad97-d91a-6731-e7b5f38951a6
2026-10-09 01:52:41.264157,11008.0,11,1g.11gb,gpt2-inference-5d8458fb46-zdp9n,default,gpt2,580.178.04,GPU-d59cb1c4-ad97-d91a-6731-e7b5f38951a6
2026-10-09 01:52:41.264157,11007.0,12,1g.11gb,,,,580.178.04,GPU-d59cb1c4-ad97-d91a-6731-e7b5f38951a6
2026-10-09 01:52:41.264157,11008.0,13,1g.11gb,gpt2-inference-5d8458fb46-8g29c,default,gpt2,580.178.04,GPU-d59cb1c4-ad97-d91a-6731-e7b5f38951a6
2026-10-09 01:52:41.264157,11007.0,7,1g.11gb,,,,580.178.04,GPU-d59cb1c4-ad97-d91a-6731-e7b5f38951a6
2026-10-09 01:52:41.264157,11007.0,8,1g.11gb,,,,580.178.04,GPU-d59cb1c4-ad97-d91a-6731-e7b5f38951a6
2026-10-09 01:52:41.264157,11007.0,9,1g.11gb,,,,580.178.04,GPU-d59cb1c4-ad97-d91a-6731-e7b5f38951a6
2026-10-09 01:52:46.264031,11007.0,10,1g.11gb,,,,580.178.04,GPU-d59cb1c4-ad97-d91a-6731-e7b5f38951a6
2026-10-09 01:52:46.264031,11008.0,11,1g.11gb,gpt2-inference-5d8458fb46-zdp9n,default,gpt2,580.178.04,GPU-d59cb1c4-ad97-d91a-6731-e7b5f38951a6
2026-10-09 01:52:46.264031,11007.0,12,1g.11gb,,,,580.178.04,GPU-d59cb1c4-ad97-d91a-6731-e7b5f38951a6
2026-10-09 01:52:46.264031,11008.0,13,1g.11gb,gpt2-inference-5d8458fb46-8g29c,default,gpt2,580.178.04,GPU-d59cb1c4-ad97-d91a-6731-e7b5f38951a6
2026-10-09 01:52:46.264031,11007.0,7,1g.11gb,,,,580.178.04,GPU-d59cb1c4-ad97-d91a-6731-e7b5f38951a6
2026-10-09 01:52:46.264031,11007.0,8,1g.11gb,,,,580.178.04,GPU-d59cb1c4-ad97-d91a-6731-e7b5f38951a6
2026-10-09 01:52:46.264031,11007.0,9,1g.11gb,,,,580.178.04,GPU-d59cb1c4-ad97-d91a-6731-e7b5f38951a6
2026-10-09 01:52:51.263645,11007.0,10,1g.11gb,,,,580.178.04,GPU-d59cb1c4-ad97-d91a-6731-e7b5f38951a6
2026-10-09 01:52:51.263645,11008.0,11,1g.11gb,gpt2-inference-5d8458fb46-zdp9n,default,gpt2,580.178.04,GPU-d59cb1c4-ad97-d91a-6731-e7b5f38951a6
2026-10-09 01:52:51.263645,11007.0,12,1g.11gb,,,,580.178.04,GPU-d59cb1c4-ad97-d91a-6731-e7b5f38951a6
2026-10-09 01:52:51.263645,11008.0,13,1g.11gb,gpt2-inference-5d8458fb46-8g29c,default,gpt2,580.178.04,GPU-d59cb1c4-ad97-d91a-6731-e7b5f38951a6
2026-10-09 01:52:51.263645,11007.0,7,1g.11gb,,,,580.178.04,GPU-d59cb1c4-ad97-d91a-6731-e7b5f38951a6
2026-10-09 01:52:51.263645,11007.0,8,1g.11gb,,,,580.178.04,GPU-d59cb1c4-ad97-d91a-6731-e7b5f38951a6
2026-10-09 01:52:51.263645,11007.0,9,1g.11gb,,,,580.178.04,GPU-d59cb1c4-ad97-d91a-6731-e7b5f38951a6
2026-10-09 01:52:56.261164,11007.0,10,1g.11gb,,,,580.178.04,GPU-d59cb1c4-ad97-d91a-6731-e7b5f38951a6
2026-10-09 01:52:56.261164,11008.0,11,1g.11gb,gpt2-inference-5d8458fb46-zdp9n,default,gpt2,580.178.04,GPU-d59cb1c4-ad97-d91a-6731-e7b5f38951a6
2026-10-09 01:52:56.261164,11007.0,12,1g.11gb,,,,580.178.04,GPU-d59cb1c4-ad97-d91a-6731-e7b5f38951a6
2026-10-09 01:52:56.261164,11008.0,13,1g.11gb,gpt2-inference-5d8458fb46-8g29c,default,gpt2,580.178.04,GPU-d59cb1c4-ad97-d91a-6731-e7b5f38951a6
2026-10-09 01:52:56.261164,11007.0,7,1g.11gb,,,,580.178.04,GPU-d59cb1c4-ad97-d91a-6731-e7b5f38951a6
2026-10-09 01:52:56.261164,11007.0,8,1g.11gb,,,,580.178.04,GPU-d59cb1c4-ad97-d91a-6731-e7b5f38951a6
2026-10-09 01:52:56.261164,11007.0,9,1g.11gb,,,,580.178.04,GPU-d59cb1c4-ad97-d91a-6731-e7b5f38951a6
2026-10-09 01:53:01.264155,11007.0,10,1g.11gb,,,,580.178.04,GPU-d59cb1c4-ad97-d91a-6731-e7b5f38951a6
2026-10-09 01:53:01.264155,11008.0,11,1g.11gb,gpt2-inference-5d8458fb46-zdp9n,default,gpt2,580.178.04,GPU-d59cb1c4-ad97-d91a-6731-e7b5f38951a6
2026-10-09 01:53:01.264155,11007.0,12,1g.11gb,,,,580.178.04,GPU-d59cb1c4-ad97-d91a-6731-e7b5f38951a6
2026-10-09 01:53:01.264155,11008.0,13,1g.11gb,gpt2-inference-5d8458fb46-8g29c,default,gpt2,580.178.04,GPU-d59cb1c4-ad97-d91a-6731-e7b5f38951a6
2026-10-09 01:53:01.264155,11007.0,7,1g.11gb,,,,580.178.04,GPU-d59cb1c4-ad97-d91a-6731-e7b5f38951a6
2026-10-09 01:53:01.264155,11007.0,8,1g.11gb,,,,580.178.04,GPU-d59cb1c4-ad97-d91a-6731-e7b5f38951a6
2026-10-09 01:53:01.264155,11007.0,9,1g.11gb,,,,580.178.04,GPU-d59cb1c4-ad97-d91a-6731-e7b5f38951a6
2026-10-09 01:53:06.263037,11007.0,10,1g.11gb,,,,580.178.04,GPU-d59cb1c4-ad97-d91a-6731-e7b5f38951a6
2026-10-09 01:53:06.263037,11008.0,11,1g.11gb,gpt2-inference-5d8458fb46-zdp9n,default,gpt2,580.178.04,GPU-d59cb1c4-ad97-d91a-6731-e7b5f38951a6
2026-10-09 01:53:06.263037,11007.0,12,1g.11gb,,,,580.178.04,GPU-d59cb1c4-ad97-d91a-6731-e7b5f38951a6
2026-10-09 01:53:06.263037,11008.0,13,1g.11gb,gpt2-inference-5d8458fb46-8g29c,default,gpt2,580.178.04,GPU-d59cb1c4-ad97-d91a-6731-e7b5f38951a6
2026-10-09 01:53:06.263037,11007.0,7,1g.11gb,,,,580.178.04,GPU-d59cb1c4-ad97-d91a-6731-e7b5f38951a6
2026-10-09 01:53:06.263037,11007.0,8,1g.11gb,,,,580.178.04,GPU-d59cb1c4-ad97-d91a-6731-e7b5f38951a6
2026-10-09 01:53:06.263037,11007.0,9,1g.11gb,,,,580.178.04,GPU-d59cb1c4-ad97-d91a-6731-e7b5f38951a6
2026-10-09 01:53:11.264157,11007.0,10,1g.11gb,,,,580.178.04,GPU-d59cb1c4-ad97-d91a-6731-e7b5f38951a6
2026-10-09 01:53:11.264157,11008.0,11,1g.11gb,gpt2-inference-5d8458fb46-zdp9n,default,gpt2,580.178.04,GPU-d59cb1c4-ad97-d91a-6731-e7b5f38951a6
2026-10-09 01:53:11.264157,11007.0,12,1g.11gb,,,,580.178.04,GPU-d59cb1c4-ad97-d91a-6731-e7b5f38951a6
2026-10-09 01:53:11.264157,11008.0,13,1g.11gb,gpt2-inference-5d8458fb46-8g29c,default,gpt2,580.178.04,GPU-d59cb1c4-ad97-d91a-6731-e7b5f38951a6
2026-10-09 01:53:11.264157,11007.0,7,1g.11gb,,,,580.178.04,GPU-d59cb1c4-ad97-d91a-6731-e7b5f38951a6
2026-10-09 01:53:11.264157,11007.0,8,1g.11gb,,,,580.178.04,GPU-d59cb1c4-ad97-d91a-6731-e7b5f38951a6
2026-10-09 01:53:11.264157,11007.0,9,1g.11gb,,,,580.178.04,GPU-d59cb1c4-ad97-d91a-6731-e7b5f38951a6
2026-10-09 01:53:16.260110,11007.0,10,1g.11gb,,,,580.178.04,GPU-d59cb1c4-ad97-d91a-6731-e7b5f38951a6
2026-10-09 01:53:16.260110,11008.0,11,1g.11gb,gpt2-inference-5d8458fb46-zdp9n,default,gpt2,580.178.04,GPU-d59cb1c4-ad97-d91a-6731-e7b5f38951a6
2026-10-09 01:53:16.260110,11007.0,12,1g.11gb,,,,580.178.04,GPU-d59cb1c4-ad97-d91a-6731-e7b5f38951a6
2026-10-09 01:53:16.260110,11008.0,13,1g.11gb,gpt2-inference-5d8458fb46-8g29c,default,gpt2,580.178.04,GPU-d59cb1c4-ad97-d91a-6731-e7b5f38951a6
2026-10-09 01:53:16.260110,11007.0,7,1g.11gb,,,,580.178.04,GPU-d59cb1c4-ad97-d91a-6731-e7b5f38951a6
2026-10-09 01:53:16.260110,11007.0,8,1g.11gb,,,,580.178.04,GPU-d59cb1c4-ad97-d91a-6731-e7b5f38951a6
2026-10-09 01:53:16.260110,11007.0,9,1g.11gb,,,,580.178.04,GPU-d59cb1c4-ad97-d91a-6731-e7b5f38951a6
2026-10-09 01:53:21.259832,11007.0,10,1g.11gb,,,,580.178.04,GPU-d59cb1c4-ad97-d91a-6731-e7b5f38951a6
2026-10-09 01:53:21.259832,11008.0,11,1g.11gb,gpt2-inference-5d8458fb46-zdp9n,default,gpt2,580.178.04,GPU-d59cb1c4-ad97-d91a-6731-e7b5f38951a6
2026-10-09 01:53:21.259832,11007.0,12,1g.11gb,,,,580.178.04,GPU-d59cb1c4-ad97-d91a-6731-e7b5f38951a6
2026-10-09 01:53:21.259832,11008.0,13,1g.11gb,gpt2-inference-5d8458fb46-8g29c,default,gpt2,580.178.04,GPU-d59cb1c4-ad97-d91a-6731-e7b5f38951a6
2026-10-09 01:53:21.259832,11007.0,7,1g.11gb,,,,580.178.04,GPU-d59cb1c4-ad97-d91a-6731-e7b5f38951a6
2026-10-09 01:53:21.259832,11007.0,8,1g.11gb,,,,580.178.04,GPU-d59cb1c4-ad97-d91a-6731-e7b5f38951a6
2026-10-09 01:53:21.259832,11007.0,9,1g.11gb,,,,580.178.04,GPU-d59cb1c4-ad97-d91a-6731-e7b5f38951a6
2026-10-09 01:53:26.260775,11007.0,10,1g.11gb,,,,580.178.04,GPU-d59cb1c4-ad97-d91a-6731-e7b5f38951a6
2026-10-09 01:53:26.260775,11008.0,11,1g.11gb,gpt2-inference-5d8458fb46-zdp9n,default,gpt2,580.178.04,GPU-d59cb1c4-ad97-d91a-6731-e7b5f38951a6
2026-10-09 01:53:26.260775,11007.0,12,1g.11gb,,,,580.178.04,GPU-d59cb1c4-ad97-d91a-6731-e7b5f38951a6
2026-10-09 01:53:26.260775,11008.0,13,1g.11gb,gpt2-inference-5d8458fb46-8g29c,default,gpt2,580.178.04,GPU-d59cb1c4-ad97-d91a-6731-e7b5f38951a6
2026-10-09 01:53:26.260775,11007.0,7,1g.11gb,,,,580.178.04,GPU-d59cb1c4-ad97-d91a-6731-e7b5f38951a6
2026-10-09 01:53:26.260775,11007.0,8,1g.11gb,,,,580.178.04,GPU-d59cb1c4-ad97-d91a-6731-e7b5f38951a6
2026-10-09 01:53:26.260775,11007.0,9,1g.11gb,,,,580.178.04,GPU-d59cb1c4-ad97-d91a-6731-e7b5f38951a6
2026-10-09 01:53:31.264160,11007.0,10,1g.11gb,,,,580.178.04,GPU-d59cb1c4-ad97-d91a-6731-e7b5f38951a6
2026-10-09 01:53:31.264160,11008.0,11,1g.11gb,gpt2-inference-5d8458fb46-zdp9n,default,gpt2,580.178.04,GPU-d59cb1c4-ad97-d91a-6731-e7b5f38951a6
2026-10-09 01:53:31.264160,11007.0,12,1g.11gb,,,,580.178.04,GPU-d59cb1c4-ad97-d91a-6731-e7b5f38951a6
2026-10-09 01:53:31.264160,11008.0,13,1g.11gb,gpt2-inference-5d8458fb46-8g29c,default,gpt2,580.178.04,GPU-d59cb1c4-ad97-d91a-6731-e7b5f38951a6
2026-10-09 01:53:31.264160,11007.0,7,1g.11gb,,,,580.178.04,GPU-d59cb1c4-ad97-d91a-6731-e7b5f38951a6
2026-10-09 01:53:31.264160,11007.0,8,1g.11gb,,,,580.178.04,GPU-d59cb1c4-ad97-d91a-6731-e7b5f38951a6
2026-10-09 01:53:31.264160,11007.0,9,1g.11gb,,,,580.178.04,GPU-d59cb1c4-ad97-d91a-6731-e7b5f38951a6
2026-10-09 01:53:36.264112,11007.0,10,1g.11gb,,,,580.178.04,GPU-d59cb1c4-ad97-d91a-6731-e7b5f38951a6
2026-10-09 01:53:36.264112,11008.0,11,1g.11gb,gpt2-inference-5d8458fb46-zdp9n,default,gpt2,580.178.04,GPU-d59cb1c4-ad97-d91a-6731-e7b5f38951a6
2026-10-09 01:53:36.264112,11007.0,12,1g.11gb,,,,580.178.04,GPU-d59cb1c4-ad97-d91a-6731-e7b5f38951a6
2026-10-09 01:53:36.264112,11008.0,13,1g.11gb,gpt2-inference-5d8458fb46-8g29c,default,gpt2,580.178.04,GPU-d59cb1c4-ad97-d91a-6731-e7b5f38951a6
2026-10-09 01:53:36.264112,11007.0,7,1g.11gb,,,,580.178.04,GPU-d59cb1c4-ad97-d91a-6731-e7b5f38951a6
2026-10-09 01:53:36.264112,11007.0,8,1g.11gb,,,,580.178.04,GPU-d59cb1c4-ad97-d91a-6731-e7b5f38951a6
2026-10-09 01:53:36.264112,11007.0,9,1g.11gb,,,,580.178.04,GPU-d59cb1c4-ad97-d91a-6731-e7b5f38951a6
2026-10-09 01:53:41.264288,11007.0,10,1g.11gb,,,,580.178.04,GPU-d59cb1c4-ad97-d91a-6731-e7b5f38951a6
2026-10-09 01:53:41.264288,11008.0,11,1g.11gb,gpt2-inference-5d8458fb46-zdp9n,default,gpt2,580.178.04,GPU-d59cb1c4-ad97-d91a-6731-e7b5f38951a6
2026-10-09 01:53:41.264288,11007.0,12,1g.11gb,,,,580.178.04,GPU-d59cb1c4-ad97-d91a-6731-e7b5f38951a6
2026-10-09 01:53:41.264288,11008.0,13,1g.11gb,gpt2-inference-5d8458fb46-8g29c,default,gpt2,580.178.04,GPU-d59cb1c4-ad97-d91a-6731-e7b5f38951a6
2026-10-09 01:53:41.264288,11007.0,7,1g.11gb,,,,580.178.04,GPU-d59cb1c4-ad97-d91a-6731-e7b5f38951a6
2026-10-09 01:53:41.264288,11007.0,8,1g.11gb,,,,580.178.04,GPU-d59cb1c4-ad97-d91a-6731-e7b5f38951a6
2026-10-09 01:53:41.264288,11007.0,9,1g.11gb,,,,580.178.04,GPU-d59cb1c4-ad97-d91a-6731-e7b5f38951a6
2026-10-09 01:53:46.264161,11007.0,10,1g.11gb,,,,580.178.04,GPU-d59cb1c4-ad97-d91a-6731-e7b5f38951a6
2026-10-09 01:53:46.264161,11008.0,11,1g.11gb,gpt2-inference-5d8458fb46-zdp9n,default,gpt2,580.178.04,GPU-d59cb1c4-ad97-d91a-6731-e7b5f38951a6
2026-10-09 01:53:46.264161,11007.0,12,1g.11gb,,,,580.178.04,GPU-d59cb1c4-ad97-d91a-6731-e7b5f38951a6
2026-10-09 01:53:46.264161,11008.0,13,1g.11gb,gpt2-inference-5d8458fb46-8g29c,default,gpt2,580.178.04,GPU-d59cb1c4-ad97-d91a-6731-e7b5f38951a6
2026-10-09 01:53:46.264161,11007.0,7,1g.11gb,,,,580.178.04,GPU-d59cb1c4-ad97-d91a-6731-e7b5f38951a6
2026-10-09 01:53:46.264161,11007.0,8,1g.11gb,,,,580.178.04,GPU-d59cb1c4-ad97-d91a-6731-e7b5f38951a6
2026-10-09 01:53:46.264161,11007.0,9,1g.11gb,,,,580.178.04,GPU-d59cb1c4-ad97-d91a-6731-e7b5f38951a6
2026-10-09 01:53:51.264141,11007.0,10,1g.11gb,,,,580.178.04,GPU-d59cb1c4-ad97-d91a-6731-e7b5f38951a6
2026-10-09 01:53:51.264141,11008.0,11,1g.11gb,gpt2-inference-5d8458fb46-zdp9n,default,gpt2,580.178.04,GPU-d59cb1c4-ad97-d91a-6731-e7b5f38951a6
2026-10-09 01:53:51.264141,11007.0,12,1g.11gb,,,,580.178.04,GPU-d59cb1c4-ad97-d91a-6731-e7b5f38951a6
2026-10-09 01:53:51.264141,11008.0,13,1g.11gb,gpt2-inference-5d8458fb46-8g29c,default,gpt2,580.178.04,GPU-d59cb1c4-ad97-d91a-6731-e7b5f38951a6
2026-10-09 01:53:51.264141,11007.0,7,1g.11gb,,,,580.178.04,GPU-d59cb1c4-ad97-d91a-6731-e7b5f38951a6
2026-10-09 01:53:51.264141,11007.0,8,1g.11gb,,,,580.178.04,GPU-d59cb1c4-ad97-d91a-6731-e7b5f38951a6
2026-10-09 01:53:51.264141,11007.0,9,1g.11gb,,,,580.178.04,GPU-d59cb1c4-ad97-d91a-6731-e7b5f38951a6
2026-10-09 01:53:56.259637,11007.0,10,1g.11gb,,,,580.178.04,GPU-d59cb1c4-ad97-d91a-6731-e7b5f38951a6
2026-10-09 01:53:56.259637,11008.0,11,1g.11gb,gpt2-inference-5d8458fb46-zdp9n,default,gpt2,580.178.04,GPU-d59cb1c4-ad97-d91a-6731-e7b5f38951a6
2026-10-09 01:53:56.259637,11007.0,12,1g.11gb,,,,580.178.04,GPU-d59cb1c4-ad97-d91a-6731-e7b5f38951a6
2026-10-09 01:53:56.259637,11008.0,13,1g.11gb,gpt2-inference-5d8458fb46-8g29c,default,gpt2,580.178.04,GPU-d59cb1c4-ad97-d91a-6731-e7b5f38951a6
2026-10-09 01:53:56.259637,11007.0,7,1g.11gb,,,,580.178.04,GPU-d59cb1c4-ad97-d91a-6731-e7b5f38951a6
2026-10-09 01:53:56.259637,11007.0,8,1g.11gb,,,,580.178.04,GPU-d59cb1c4-ad97-d91a-6731-e7b5f38951a6
2026-10-09 01:53:56.259637,11007.0,9,1g.11gb,,,,580.178.04,GPU-d59cb1c4-ad97-d91a-6731-e7b5f38951a6
2026-10-09 01:54:01.262246,11007.0,10,1g.11gb,,,,580.178.04,GPU-d59cb1c4-ad97-d91a-6731-e7b5f38951a6
2026-10-09 01:54:01.262246,11008.0,11,1g.11gb,gpt2-inference-5d8458fb46-zdp9n,default,gpt2,580.178.04,GPU-d59cb1c4-ad97-d91a-6731-e7b5f38951a6
2026-10-09 01:54:01.262246,11007.0,12,1g.11gb,,,,580.178.04,GPU-d59cb1c4-ad97-d91a-6731-e7b5f38951a6
2026-10-09 01:54:01.262246,11008.0,13,1g.11gb,gpt2-inference-5d8458fb46-8g29c,default,gpt2,580.178.04,GPU-d59cb1c4-ad97-d91a-6731-e7b5f38951a6
2026-10-09 01:54:01.262246,11007.0,7,1g.11gb,,,,580.178.04,GPU-d59cb1c4-ad97-d91a-6731-e7b5f38951a6
2026-10-09 01:54:01.262246,11007.0,8,1g.11gb,,,,580.178.04,GPU-d59cb1c4-ad97-d91a-6731-e7b5f38951a6
2026-10-09 01:54:01.262246,11007.0,9,1g.11gb,,,,580.178.04,GPU-d59cb1c4-ad97-d91a-6731-e7b5f38951a6
2026-10-09 01:54:06.264178,11007.0,10,1g.11gb,,,,580.178.04,GPU-d59cb1c4-ad97-d91a-6731-e7b5f38951a6
2026-10-09 01:54:06.264178,11008.0,11,1g.11gb,gpt2-inference-5d8458fb46-zdp9n,default,gpt2,580.178.04,GPU-d59cb1c4-ad97-d91a-6731-e7b5f38951a6
2026-10-09 01:54:06.264178,11007.0,12,1g.11gb,,,,580.178.04,GPU-d59cb1c4-ad97-d91a-6731-e7b5f38951a6
2026-10-09 01:54:06.264178,11008.0,13,1g.11gb,gpt2-inference-5d8458fb46-8g29c,default,gpt2,580.178.04,GPU-d59cb1c4-ad97-d91a-6731-e7b5f38951a6
2026-10-09 01:54:06.264178,11007.0,7,1g.11gb,,,,580.178.04,GPU-d59cb1c4-ad97-d91a-6731-e7b5f38951a6
2026-10-09 01:54:06.264178,11007.0,8,1g.11gb,,,,580.178.04,GPU-d59cb1c4-ad97-d91a-6731-e7b5f38951a6
2026-10-09 01:54:06.264178,11007.0,9,1g.11gb,,,,580.178.04,GPU-d59cb1c4-ad97-d91a-6731-e7b5f38951a6
2026-10-09 01:54:11.263544,11007.0,10,1g.11gb,,,,580.178.04,GPU-d59cb1c4-ad97-d91a-6731-e7b5f38951a6
2026-10-09 01:54:11.263544,11008.0,11,1g.11gb,gpt2-inference-5d8458fb46-zdp9n,default,gpt2,580.178.04,GPU-d59cb1c4-ad97-d91a-6731-e7b5f38951a6
2026-10-09 01:54:11.263544,11007.0,12,1g.11gb,,,,580.178.04,GPU-d59cb1c4-ad97-d91a-6731-e7b5f38951a6
2026-10-09 01:54:11.263544,11008.0,13,1g.11gb,gpt2-inference-5d8458fb46-8g29c,default,gpt2,580.178.04,GPU-d59cb1c4-ad97-d91a-6731-e7b5f38951a6
2026-10-09 01:54:11.263544,11007.0,7,1g.11gb,,,,580.178.04,GPU-d59cb1c4-ad97-d91a-6731-e7b5f38951a6
2026-10-09 01:54:11.263544,11007.0,8,1g.11gb,,,,580.178.04,GPU-d59cb1c4-ad97-d91a-6731-e7b5f38951a6
2026-10-09 01:54:11.263544,11007.0,9,1g.11gb,,,,580.178.04,GPU-d59cb1c4-ad97-d91a-6731-e7b5f38951a6
2026-10-09 01:54:16.263667,11007.0,10,1g.11gb,,,,580.178.04,GPU-d59cb1c4-ad97-d91a-6731-e7b5f38951a6
2026-10-09 01:54:16.263667,11008.0,11,1g.11gb,gpt2-inference-5d8458fb46-zdp9n,default,gpt2,580.178.04,GPU-d59cb1c4-ad97-d91a-6731-e7b5f38951a6
2026-10-09 01:54:16.263667,11007.0,12,1g.11gb,,,,580.178.04,GPU-d59cb1c4-ad97-d91a-6731-e7b5f38951a6
2026-10-09 01:54:16.263667,11008.0,13,1g.11gb,gpt2-inference-5d8458fb46-8g29c,default,gpt2,580.178.04,GPU-d59cb1c4-ad97-d91a-6731-e7b5f38951a6
2026-10-09 01:54:16.263667,11007.0,7,1g.11gb,,,,580.178.04,GPU-d59cb1c4-ad97-d91a-6731-e7b5f38951a6
2026-10-09 01:54:16.263667,11007.0,8,1g.11gb,,,,580.178.04,GPU-d59cb1c4-ad97-d91a-6731-e7b5f38951a6
2026-10-09 01:54:16.263667,11007.0,9,1g.11gb,,,,580.178.04,GPU-d59cb1c4-ad97-d91a-6731-e7b5f38951a6
2026-10-09 01:54:21.259715,11007.0,10,1g.11gb,,,,580.178.04,GPU-d59cb1c4-ad97-d91a-6731-e7b5f38951a6
2026-10-09 01:54:21.259715,11008.0,11,1g.11gb,gpt2-inference-5d8458fb46-zdp9n,default,gpt2,580.178.04,GPU-d59cb1c4-ad97-d91a-6731-e7b5f38951a6
2026-10-09 01:54:21.259715,11007.0,12,1g.11gb,,,,580.178.04,GPU-d59cb1c4-ad97-d91a-6731-e7b5f38951a6
2026-10-09 01:54:21.259715,11008.0,13,1g.11gb,gpt2-inference-5d8458fb46-8g29c,default,gpt2,580.178.04,GPU-d59cb1c4-ad97-d91a-6731-e7b5f38951a6
2026-10-09 01:54:21.259715,11007.0,7,1g.11gb,,,,580.178.04,GPU-d59cb1c4-ad97-d91a-6731-e7b5f38951a6
2026-10-09 01:54:21.259715,11007.0,8,1g.11gb,,,,580.178.04,GPU-d59cb1c4-ad97-d91a-6731-e7b5f38951a6
2026-10-09 01:54:21.259715,11007.0,9,1g.11gb,,,,580.178.04,GPU-d59cb1c4-ad97-d91a-6731-e7b5f38951a6
2026-10-09 01:54:26.264144,11007.0,10,1g.11gb,,,,580.178.04,GPU-d59cb1c4-ad97-d91a-6731-e7b5f38951a6
2026-10-09 01:54:26.264144,11008.0,11,1g.11gb,gpt2-inference-5d8458fb46-zdp9n,default,gpt2,580.178.04,GPU-d59cb1c4-ad97-d91a-6731-e7b5f38951a6
2026-10-09 01:54:26.264144,11007.0,12,1g.11gb,,,,580.178.04,GPU-d59cb1c4-ad97-d91a-6731-e7b5f38951a6
2026-10-09 01:54:26.264144,11008.0,13,1g.11gb,gpt2-inference-5d8458fb46-8g29c,default,gpt2,580.178.04,GPU-d59cb1c4-ad97-d91a-6731-e7b5f38951a6
2026-10-09 01:54:26.264144,11007.0,7,1g.11gb,,,,580.178.04,GPU-d59cb1c4-ad97-d91a-6731-e7b5f38951a6
2026-10-09 01:54:26.264144,11007.0,8,1g.11gb,,,,580.178.04,GPU-d59cb1c4-ad97-d91a-6731-e7b5f38951a6
2026-10-09 01:54:26.264144,11007.0,9,1g.11gb,,,,580.178.04,GPU-d59cb1c4-ad97-d91a-6731-e7b5f38951a6
2026-10-09 01:54:31.263772,11007.0,10,1g.11gb,,,,580.178.04,GPU-d59cb1c4-ad97-d91a-6731-e7b5f38951a6
2026-10-09 01:54:31.263772,11008.0,11,1g.11gb,gpt2-inference-5d8458fb46-zdp9n,default,gpt2,580.178.04,GPU-d59cb1c4-ad97-d91a-6731-e7b5f38951a6
2026-10-09 01:54:31.263772,11007.0,12,1g.11gb,,,,580.178.04,GPU-d59cb1c4-ad97-d91a-6731-e7b5f38951a6
2026-10-09 01:54:31.263772,11008.0,13,1g.11gb,gpt2-inference-5d8458fb46-8g29c,default,gpt2,580.178.04,GPU-d59cb1c4-ad97-d91a-6731-e7b5f38951a6
2026-10-09 01:54:31.263772,11007.0,7,1g.11gb,,,,580.178.04,GPU-d59cb1c4-ad97-d91a-6731-e7b5f38951a6
2026-10-09 01:54:31.263772,11007.0,8,1g.11gb,,,,580.178.04,GPU-d59cb1c4-ad97-d91a-6731-e7b5f38951a6
2026-10-09 01:54:31.263772,11007.0,9,1g.11gb,,,,580.178.04,GPU-d59cb1c4-ad97-d91a-6731-e7b5f38951a6
2026-10-09 01:54:36.261036,11007.0,10,1g.11gb,,,,580.178.04,GPU-d59cb1c4-ad97-d91a-6731-e7b5f38951a6
2026-10-09 01:54:36.261036,11008.0,11,1g.11gb,gpt2-inference-5d8458fb46-zdp9n,default,gpt2,580.178.04,GPU-d59cb1c4-ad97-d91a-6731-e7b5f38951a6
2026-10-09 01:54:36.261036,11007.0,12,1g.11gb,,,,580.178.04,GPU-d59cb1c4-ad97-d91a-6731-e7b5f38951a6
2026-10-09 01:54:36.261036,11008.0,13,1g.11gb,gpt2-inference-5d8458fb46-8g29c,default,gpt2,580.178.04,GPU-d59cb1c4-ad97-d91a-6731-e7b5f38951a6
2026-10-09 01:54:36.261036,11007.0,7,1g.11gb,,,,580.178.04,GPU-d59cb1c4-ad97-d91a-6731-e7b5f38951a6
2026-10-09 01:54:36.261036,11007.0,8,1g.11gb,,,,580.178.04,GPU-d59cb1c4-ad97-d91a-6731-e7b5f38951a6
2026-10-09 01:54:36.261036,11007.0,9,1g.11gb,,,,580.178.04,GPU-d59cb1c4-ad97-d91a-6731-e7b5f38951a6
2026-10-09 01:54:41.263674,11007.0,10,1g.11gb,,,,580.178.04,GPU-d59cb1c4-ad97-d91a-6731-e7b5f38951a6
2026-10-09 01:54:41.263674,11008.0,11,1g.11gb,gpt2-inference-5d8458fb46-zdp9n,default,gpt2,580.178.04,GPU-d59cb1c4-ad97-d91a-6731-e7b5f38951a6
2026-10-09 01:54:41.263674,11007.0,12,1g.11gb,,,,580.178.04,GPU-d59cb1c4-ad97-d91a-6731-e7b5f38951a6
2026-10-09 01:54:41.263674,11008.0,13,1g.11gb,gpt2-inference-5d8458fb46-8g29c,default,gpt2,580.178.04,GPU-d59cb1c4-ad97-d91a-6731-e7b5f38951a6
2026-10-09 01:54:41.263674,11007.0,7,1g.11gb,,,,580.178.04,GPU-d59cb1c4-ad97-d91a-6731-e7b5f38951a6
2026-10-09 01:54:41.263674,11007.0,8,1g.11gb,,,,580.178.04,GPU-d59cb1c4-ad97-d91a-6731-e7b5f38951a6
2026-10-09 01:54:41.263674,11007.0,9,1g.11gb,,,,580.178.04,GPU-d59cb1c4-ad97-d91a-6731-e7b5f38951a6
2026-10-09 01:54:46.263793,11007.0,10,1g.11gb,,,,580.178.04,GPU-d59cb1c4-ad97-d91a-6731-e7b5f38951a6
2026-10-09 01:54:46.263793,11008.0,11,1g.11gb,gpt2-inference-5d8458fb46-zdp9n,default,gpt2,580.178.04,GPU-d59cb1c4-ad97-d91a-6731-e7b5f38951a6
2026-10-09 01:54:46.263793,11007.0,12,1g.11gb,,,,580.178.04,GPU-d59cb1c4-ad97-d91a-6731-e7b5f38951a6
2026-10-09 01:54:46.263793,11008.0,13,1g.11gb,gpt2-inference-5d8458fb46-8g29c,default,gpt2,580.178.04,GPU-d59cb1c4-ad97-d91a-6731-e7b5f38951a6
2026-10-09 01:54:46.263793,11007.0,7,1g.11gb,,,,580.178.04,GPU-d59cb1c4-ad97-d91a-6731-e7b5f38951a6
2026-10-09 01:54:46.263793,11007.0,8,1g.11gb,,,,580.178.04,GPU-d59cb1c4-ad97-d91a-6731-e7b5f38951a6
2026-10-09 01:54:46.263793,11007.0,9,1g.11gb,,,,580.178.04,GPU-d59cb1c4-ad97-d91a-6731-e7b5f38951a6
2026-10-09 01:54:51.264186,11007.0,10,1g.11gb,,,,580.178.04,GPU-d59cb1c4-ad97-d91a-6731-e7b5f38951a6
2026-10-09 01:54:51.264186,11008.0,11,1g.11gb,gpt2-inference-5d8458fb46-zdp9n,default,gpt2,580.178.04,GPU-d59cb1c4-ad97-d91a-6731-e7b5f38951a6
2026-10-09 01:54:51.264186,11007.0,12,1g.11gb,,,,580.178.04,GPU-d59cb1c4-ad97-d91a-6731-e7b5f38951a6
2026-10-09 01:54:51.264186,11008.0,13,1g.11gb,gpt2-inference-5d8458fb46-8g29c,default,gpt2,580.178.04,GPU-d59cb1c4-ad97-d91a-6731-e7b5f38951a6
2026-10-09 01:54:51.264186,11007.0,7,1g.11gb,,,,580.178.04,GPU-d59cb1c4-ad97-d91a-6731-e7b5f38951a6
2026-10-09 01:54:51.264186,11007.0,8,1g.11gb,,,,580.178.04,GPU-d59cb1c4-ad97-d91a-6731-e7b5f38951a6
2026-10-09 01:54:51.264186,11007.0,9,1g.11gb,,,,580.178.04,GPU-d59cb1c4-ad97-d91a-6731-e7b5f38951a6
2026-10-09 01:54:56.264168,11007.0,10,1g.11gb,,,,580.178.04,GPU-d59cb1c4-ad97-d91a-6731-e7b5f38951a6
2026-10-09 01:54:56.264168,11008.0,11,1g.11gb,gpt2-inference-5d8458fb46-zdp9n,default,gpt2,580.178.04,GPU-d59cb1c4-ad97-d91a-6731-e7b5f38951a6
2026-10-09 01:54:56.264168,11007.0,12,1g.11gb,,,,580.178.04,GPU-d59cb1c4-ad97-d91a-6731-e7b5f38951a6
2026-10-09 01:54:56.264168,11008.0,13,1g.11gb,gpt2-inference-5d8458fb46-8g29c,default,gpt2,580.178.04,GPU-d59cb1c4-ad97-d91a-6731-e7b5f38951a6
2026-10-09 01:54:56.264168,11007.0,7,1g.11gb,,,,580.178.04,GPU-d59cb1c4-ad97-d91a-6731-e7b5f38951a6
2026-10-09 01:54:56.264168,11007.0,8,1g.11gb,,,,580.178.04,GPU-d59cb1c4-ad97-d91a-6731-e7b5f38951a6
2026-10-09 01:54:56.264168,11007.0,9,1g.11gb,,,,580.178.04,GPU-d59cb1c4-ad97-d91a-6731-e7b5f38951a6
2026-10-09 01:55:01.260836,11007.0,10,1g.11gb,,,,580.178.04,GPU-d59cb1c4-ad97-d91a-6731-e7b5f38951a6
2026-10-09 01:55:01.260836,11008.0,11,1g.11gb,gpt2-inference-5d8458fb46-zdp9n,default,gpt2,580.178.04,GPU-d59cb1c4-ad97-d91a-6731-e7b5f38951a6
2026-10-09 01:55:01.260836,11007.0,12,1g.11gb,,,,580.178.04,GPU-d59cb1c4-ad97-d91a-6731-e7b5f38951a6
2026-10-09 01:55:01.260836,11008.0,13,1g.11gb,gpt2-inference-5d8458fb46-8g29c,default,gpt2,580.178.04,GPU-d59cb1c4-ad97-d91a-6731-e7b5f38951a6
2026-10-09 01:55:01.260836,11007.0,7,1g.11gb,,,,580.178.04,GPU-d59cb1c4-ad97-d91a-6731-e7b5f38951a6
2026-10-09 01:55:01.260836,11007.0,8,1g.11gb,,,,580.178.04,GPU-d59cb1c4-ad97-d91a-6731-e7b5f38951a6
2026-10-09 01:55:01.260836,11007.0,9,1g.11gb,,,,580.178.04,GPU-d59cb1c4-ad97-d91a-6731-e7b5f38951a6
2026-10-09 01:55:06.264171,11007.0,10,1g.11gb,,,,580.178.04,GPU-d59cb1c4-ad97-d91a-6731-e7b5f38951a6
2026-10-09 01:55:06.264171,11008.0,11,1g.11gb,gpt2-inference-5d8458fb46-zdp9n,default,gpt2,580.178.04,GPU-d59cb1c4-ad97-d91a-6731-e7b5f38951a6
2026-10-09 01:55:06.264171,11007.0,12,1g.11gb,,,,580.178.04,GPU-d59cb1c4-ad97-d91a-6731-e7b5f38951a6
2026-10-09 01:55:06.264171,11008.0,13,1g.11gb,gpt2-inference-5d8458fb46-8g29c,default,gpt2,580.178.04,GPU-d59cb1c4-ad97-d91a-6731-e7b5f38951a6
2026-10-09 01:55:06.264171,11007.0,7,1g.11gb,,,,580.178.04,GPU-d59cb1c4-ad97-d91a-6731-e7b5f38951a6
2026-10-09 01:55:06.264171,11007.0,8,1g.11gb,,,,580.178.04,GPU-d59cb1c4-ad97-d91a-6731-e7b5f38951a6
2026-10-09 01:55:06.264171,11007.0,9,1g.11gb,,,,580.178.04,GPU-d59cb1c4-ad97-d91a-6731-e7b5f38951a6
2026-10-09 01:55:11.259791,11007.0,10,1g.11gb,,,,580.178.04,GPU-d59cb1c4-ad97-d91a-6731-e7b5f38951a6
2026-10-09 01:55:11.259791,11008.0,11,1g.11gb,gpt2-inference-5d8458fb46-zdp9n,default,gpt2,580.178.04,GPU-d59cb1c4-ad97-d91a-6731-e7b5f38951a6
2026-10-09 01:55:11.259791,11007.0,12,1g.11gb,,,,580.178.04,GPU-d59cb1c4-ad97-d91a-6731-e7b5f38951a6
2026-10-09 01:55:11.259791,11008.0,13,1g.11gb,gpt2-inference-5d8458fb46-8g29c,default,gpt2,580.178.04,GPU-d59cb1c4-ad97-d91a-6731-e7b5f38951a6
2026-10-09 01:55:11.259791,11007.0,7,1g.11gb,,,,580.178.04,GPU-d59cb1c4-ad97-d91a-6731-e7b5f38951a6
2026-10-09 01:55:11.259791,11007.0,8,1g.11gb,,,,580.178.04,GPU-d59cb1c4-ad97-d91a-6731-e7b5f38951a6
2026-10-09 01:55:11.259791,11007.0,9,1g.11gb,,,,580.178.04,GPU-d59cb1c4-ad97-d91a-6731-e7b5f38951a6
2026-10-09 01:55:16.264167,11007.0,10,1g.11gb,,,,580.178.04,GPU-d59cb1c4-ad97-d91a-6731-e7b5f38951a6
2026-10-09 01:55:16.264167,11008.0,11,1g.11gb,gpt2-inference-5d8458fb46-zdp9n,default,gpt2,580.178.04,GPU-d59cb1c4-ad97-d91a-6731-e7b5f38951a6
2026-10-09 01:55:16.264167,11007.0,12,1g.11gb,,,,580.178.04,GPU-d59cb1c4-ad97-d91a-6731-e7b5f38951a6
2026-10-09 01:55:16.264167,11008.0,13,1g.11gb,gpt2-inference-5d8458fb46-8g29c,default,gpt2,580.178.04,GPU-d59cb1c4-ad97-d91a-6731-e7b5f38951a6
2026-10-09 01:55:16.264167,11007.0,7,1g.11gb,,,,580.178.04,GPU-d59cb1c4-ad97-d91a-6731-e7b5f38951a6
2026-10-09 01:55:16.264167,11007.0,8,1g.11gb,,,,580.178.04,GPU-d59cb1c4-ad97-d91a-6731-e7b5f38951a6
2026-10-09 01:55:16.264167,11007.0,9,1g.11gb,,,,580.178.04,GPU-d59cb1c4-ad97-d91a-6731-e7b5f38951a6
2026-10-09 01:55:21.264159,11007.0,10,1g.11gb,,,,580.178.04,GPU-d59cb1c4-ad97-d91a-6731-e7b5f38951a6
2026-10-09 01:55:21.264159,11008.0,11,1g.11gb,gpt2-inference-5d8458fb46-zdp9n,default,gpt2,580.178.04,GPU-d59cb1c4-ad97-d91a-6731-e7b5f38951a6
2026-10-09 01:55:21.264159,11007.0,12,1g.11gb,,,,580.178.04,GPU-d59cb1c4-ad97-d91a-6731-e7b5f38951a6
2026-10-09 01:55:21.264159,11008.0,13,1g.11gb,gpt2-inference-5d8458fb46-8g29c,default,gpt2,580.178.04,GPU-d59cb1c4-ad97-d91a-6731-e7b5f38951a6
2026-10-09 01:55:21.264159,11007.0,7,1g.11gb,,,,580.178.04,GPU-d59cb1c4-ad97-d91a-6731-e7b5f38951a6
2026-10-09 01:55:21.264159,11007.0,8,1g.11gb,,,,580.178.04,GPU-d59cb1c4-ad97-d91a-6731-e7b5f38951a6
2026-10-09 01:55:21.264159,11007.0,9,1g.11gb,,,,580.178.04,GPU-d59cb1c4-ad97-d91a-6731-e7b5f38951a6
2026-10-09 01:55:26.259845,11007.0,10,1g.11gb,,,,580.178.04,GPU-d59cb1c4-ad97-d91a-6731-e7b5f38951a6
2026-10-09 01:55:26.259845,11008.0,11,1g.11gb,gpt2-inference-5d8458fb46-zdp9n,default,gpt2,580.178.04,GPU-d59cb1c4-ad97-d91a-6731-e7b5f38951a6
2026-10-09 01:55:26.259845,11007.0,12,1g.11gb,,,,580.178.04,GPU-d59cb1c4-ad97-d91a-6731-e7b5f38951a6
2026-10-09 01:55:26.259845,11008.0,13,1g.11gb,gpt2-inference-5d8458fb46-8g29c,default,gpt2,580.178.04,GPU-d59cb1c4-ad97-d91a-6731-e7b5f38951a6
2026-10-09 01:55:26.259845,11007.0,7,1g.11gb,,,,580.178.04,GPU-d59cb1c4-ad97-d91a-6731-e7b5f38951a6
2026-10-09 01:55:26.259845,11007.0,8,1g.11gb,,,,580.178.04,GPU-d59cb1c4-ad97-d91a-6731-e7b5f38951a6
2026-10-09 01:55:26.259845,11007.0,9,1g.11gb,,,,580.178.04,GPU-d59cb1c4-ad97-d91a-6731-e7b5f38951a6
2026-10-09 01:55:31.263581,11007.0,10,1g.11gb,,,,580.178.04,GPU-d59cb1c4-ad97-d91a-6731-e7b5f38951a6
2026-10-09 01:55:31.263581,11008.0,11,1g.11gb,gpt2-inference-5d8458fb46-zdp9n,default,gpt2,580.178.04,GPU-d59cb1c4-ad97-d91a-6731-e7b5f38951a6
2026-10-09 01:55:31.263581,11007.0,12,1g.11gb,,,,580.178.04,GPU-d59cb1c4-ad97-d91a-6731-e7b5f38951a6
2026-10-09 01:55:31.263581,11008.0,13,1g.11gb,gpt2-inference-5d8458fb46-8g29c,default,gpt2,580.178.04,GPU-d59cb1c4-ad97-d91a-6731-e7b5f38951a6
2026-10-09 01:55:31.263581,11007.0,7,1g.11gb,,,,580.178.04,GPU-d59cb1c4-ad97-d91a-6731-e7b5f38951a6
2026-10-09 01:55:31.263581,11007.0,8,1g.11gb,,,,580.178.04,GPU-d59cb1c4-ad97-d91a-6731-e7b5f38951a6
2026-10-09 01:55:31.263581,11007.0,9,1g.11gb,,,,580.178.04,GPU-d59cb1c4-ad97-d91a-6731-e7b5f38951a6
2026-10-09 01:55:36.264170,11007.0,10,1g.11gb,,,,580.178.04,GPU-d59cb1c4-ad97-d91a-6731-e7b5f38951a6
2026-10-09 01:55:36.264170,11008.0,11,1g.11gb,gpt2-inference-5d8458fb46-zdp9n,default,gpt2,580.178.04,GPU-d59cb1c4-ad97-d91a-6731-e7b5f38951a6
2026-10-09 01:55:36.264170,11007.0,12,1g.11gb,,,,580.178.04,GPU-d59cb1c4-ad97-d91a-6731-e7b5f38951a6
2026-10-09 01:55:36.264170,11008.0,13,1g.11gb,gpt2-inference-5d8458fb46-8g29c,default,gpt2,580.178.04,GPU-d59cb1c4-ad97-d91a-6731-e7b5f38951a6
2026-10-09 01:55:36.264170,11007.0,7,1g.11gb,,,,580.178.04,GPU-d59cb1c4-ad97-d91a-6731-e7b5f38951a6
2026-10-09 01:55:36.264170,11007.0,8,1g.11gb,,,,580.178.04,GPU-d59cb1c4-ad97-d91a-6731-e7b5f38951a6
2026-10-09 01:55:36.264170,11007.0,9,1g.11gb,,,,580.178.04,GPU-d59cb1c4-ad97-d91a-6731-e7b5f38951a6
2026-10-09 01:55:41.259927,11007.0,10,1g.11gb,,,,580.178.04,GPU-d59cb1c4-ad97-d91a-6731-e7b5f38951a6
2026-10-09 01:55:41.259927,11008.0,11,1g.11gb,gpt2-inference-5d8458fb46-zdp9n,default,gpt2,580.178.04,GPU-d59cb1c4-ad97-d91a-6731-e7b5f38951a6
2026-10-09 01:55:41.259927,11007.0,12,1g.11gb,,,,580.178.04,GPU-d59cb1c4-ad97-d91a-6731-e7b5f38951a6
2026-10-09 01:55:41.259927,11008.0,13,1g.11gb,gpt2-inference-5d8458fb46-8g29c,default,gpt2,580.178.04,GPU-d59cb1c4-ad97-d91a-6731-e7b5f38951a6
2026-10-09 01:55:41.259927,11007.0,7,1g.11gb,,,,580.178.04,GPU-d59cb1c4-ad97-d91a-6731-e7b5f38951a6
2026-10-09 01:55:41.259927,11007.0,8,1g.11gb,,,,580.178.04,GPU-d59cb1c4-ad97-d91a-6731-e7b5f38951a6
2026-10-09 01:55:41.259927,11007.0,9,1g.11gb,,,,580.178.04,GPU-d59cb1c4-ad97-d91a-6731-e7b5f38951a6
2026-10-09 01:55:46.264165,11007.0,10,1g.11gb,,,,580.178.04,GPU-d59cb1c4-ad97-d91a-6731-e7b5f38951a6
2026-10-09 01:55:46.264165,11008.0,11,1g.11gb,gpt2-inference-5d8458fb46-zdp9n,default,gpt2,580.178.04,GPU-d59cb1c4-ad97-d91a-6731-e7b5f38951a6
2026-10-09 01:55:46.264165,11007.0,12,1g.11gb,,,,580.178.04,GPU-d59cb1c4-ad97-d91a-6731-e7b5f38951a6
2026-10-09 01:55:46.264165,11008.0,13,1g.11gb,gpt2-inference-5d8458fb46-8g29c,default,gpt2,580.178.04,GPU-d59cb1c4-ad97-d91a-6731-e7b5f38951a6
2026-10-09 01:55:46.264165,11007.0,7,1g.11gb,,,,580.178.04,GPU-d59cb1c4-ad97-d91a-6731-e7b5f38951a6
2026-10-09 01:55:46.264165,11007.0,8,1g.11gb,,,,580.178.04,GPU-d59cb1c4-ad97-d91a-6731-e7b5f38951a6
2026-10-09 01:55:46.264165,11007.0,9,1g.11gb,,,,580.178.04,GPU-d59cb1c4-ad97-d91a-6731-e7b5f38951a6
2026-10-09 01:55:51.259895,11007.0,10,1g.11gb,,,,580.178.04,GPU-d59cb1c4-ad97-d91a-6731-e7b5f38951a6
2026-10-09 01:55:51.259895,11008.0,11,1g.11gb,gpt2-inference-5d8458fb46-zdp9n,default,gpt2,580.178.04,GPU-d59cb1c4-ad97-d91a-6731-e7b5f38951a6
2026-10-09 01:55:51.259895,11007.0,12,1g.11gb,,,,580.178.04,GPU-d59cb1c4-ad97-d91a-6731-e7b5f38951a6
2026-10-09 01:55:51.259895,11008.0,13,1g.11gb,gpt2-inference-5d8458fb46-8g29c,default,gpt2,580.178.04,GPU-d59cb1c4-ad97-d91a-6731-e7b5f38951a6
2026-10-09 01:55:51.259895,11007.0,7,1g.11gb,,,,580.178.04,GPU-d59cb1c4-ad97-d91a-6731-e7b5f38951a6
2026-10-09 01:55:51.259895,11007.0,8,1g.11gb,,,,580.178.04,GPU-d59cb1c4-ad97-d91a-6731-e7b5f38951a6
2026-10-09 01:55:51.259895,11007.0,9,1g.11gb,,,,580.178.04,GPU-d59cb1c4-ad97-d91a-6731-e7b5f38951a6
2026-10-09 01:55:56.264196,11007.0,10,1g.11gb,,,,580.178.04,GPU-d59cb1c4-ad97-d91a-6731-e7b5f38951a6
2026-10-09 01:55:56.264196,11008.0,11,1g.11gb,gpt2-inference-5d8458fb46-zdp9n,default,gpt2,580.178.04,GPU-d59cb1c4-ad97-d91a-6731-e7b5f38951a6
2026-10-09 01:55:56.264196,11007.0,12,1g.11gb,,,,580.178.04,GPU-d59cb1c4-ad97-d91a-6731-e7b5f38951a6
2026-10-09 01:55:56.264196,11008.0,13,1g.11gb,gpt2-inference-5d8458fb46-8g29c,default,gpt2,580.178.04,GPU-d59cb1c4-ad97-d91a-6731-e7b5f38951a6
2026-10-09 01:55:56.264196,11007.0,7,1g.11gb,,,,580.178.04,GPU-d59cb1c4-ad97-d91a-6731-e7b5f38951a6
2026-10-09 01:55:56.264196,11007.0,8,1g.11gb,,,,580.178.04,GPU-d59cb1c4-ad97-d91a-6731-e7b5f38951a6
2026-10-09 01:55:56.264196,11007.0,9,1g.11gb,,,,580.178.04,GPU-d59cb1c4-ad97-d91a-6731-e7b5f38951a6
2026-10-09 01:56:01.264161,11007.0,10,1g.11gb,,,,580.178.04,GPU-d59cb1c4-ad97-d91a-6731-e7b5f38951a6
2026-10-09 01:56:01.264161,11008.0,11,1g.11gb,gpt2-inference-5d8458fb46-zdp9n,default,gpt2,580.178.04,GPU-d59cb1c4-ad97-d91a-6731-e7b5f38951a6
2026-10-09 01:56:01.264161,11007.0,12,1g.11gb,,,,580.178.04,GPU-d59cb1c4-ad97-d91a-6731-e7b5f38951a6
2026-10-09 01:56:01.264161,11008.0,13,1g.11gb,gpt2-inference-5d8458fb46-8g29c,default,gpt2,580.178.04,GPU-d59cb1c4-ad97-d91a-6731-e7b5f38951a6
2026-10-09 01:56:01.264161,11007.0,7,1g.11gb,,,,580.178.04,GPU-d59cb1c4-ad97-d91a-6731-e7b5f38951a6
2026-10-09 01:56:01.264161,11007.0,8,1g.11gb,,,,580.178.04,GPU-d59cb1c4-ad97-d91a-6731-e7b5f38951a6
2026-10-09 01:56:01.264161,11007.0,9,1g.11gb,,,,580.178.04,GPU-d59cb1c4-ad97-d91a-6731-e7b5f38951a6
2026-10-09 01:56:06.264157,11007.0,10,1g.11gb,,,,580.178.04,GPU-d59cb1c4-ad97-d91a-6731-e7b5f38951a6
2026-10-09 01:56:06.264157,11008.0,11,1g.11gb,gpt2-inference-5d8458fb46-zdp9n,default,gpt2,580.178.04,GPU-d59cb1c4-ad97-d91a-6731-e7b5f38951a6
2026-10-09 01:56:06.264157,11007.0,12,1g.11gb,,,,580.178.04,GPU-d59cb1c4-ad97-d91a-6731-e7b5f38951a6
2026-10-09 01:56:06.264157,11008.0,13,1g.11gb,gpt2-inference-5d8458fb46-8g29c,default,gpt2,580.178.04,GPU-d59cb1c4-ad97-d91a-6731-e7b5f38951a6
2026-10-09 01:56:06.264157,11007.0,7,1g.11gb,,,,580.178.04,GPU-d59cb1c4-ad97-d91a-6731-e7b5f38951a6
2026-10-09 01:56:06.264157,11007.0,8,1g.11gb,,,,580.178.04,GPU-d59cb1c4-ad97-d91a-6731-e7b5f38951a6
2026-10-09 01:56:06.264157,11007.0,9,1g.11gb,,,,580.178.04,GPU-d59cb1c4-ad97-d91a-6731-e7b5f38951a6
2026-10-09 01:56:11.263544,11007.0,10,1g.11gb,,,,580.178.04,GPU-d59cb1c4-ad97-d91a-6731-e7b5f38951a6
2026-10-09 01:56:11.263544,11008.0,11,1g.11gb,gpt2-inference-5d8458fb46-zdp9n,default,gpt2,580.178.04,GPU-d59cb1c4-ad97-d91a-6731-e7b5f38951a6
2026-10-09 01:56:11.263544,11007.0,12,1g.11gb,,,,580.178.04,GPU-d59cb1c4-ad97-d91a-6731-e7b5f38951a6
2026-10-09 01:56:11.263544,11008.0,13,1g.11gb,gpt2-inference-5d8458fb46-8g29c,default,gpt2,580.178.04,GPU-d59cb1c4-ad97-d91a-6731-e7b5f38951a6
2026-10-09 01:56:11.263544,11007.0,7,1g.11gb,,,,580.178.04,GPU-d59cb1c4-ad97-d91a-6731-e7b5f38951a6
2026-10-09 01:56:11.263544,11007.0,8,1g.11gb,,,,580.178.04,GPU-d59cb1c4-ad97-d91a-6731-e7b5f38951a6
2026-10-09 01:56:11.263544,11007.0,9,1g.11gb,,,,580.178.04,GPU-d59cb1c4-ad97-d91a-6731-e7b5f38951a6
2026-10-09 01:56:16.264194,11007.0,10,1g.11gb,,,,580.178.04,GPU-d59cb1c4-ad97-d91a-6731-e7b5f38951a6
2026-10-09 01:56:16.264194,11008.0,11,1g.11gb,gpt2-inference-5d8458fb46-zdp9n,default,gpt2,580.178.04,GPU-d59cb1c4-ad97-d91a-6731-e7b5f38951a6
2026-10-09 01:56:16.264194,11007.0,12,1g.11gb,,,,580.178.04,GPU-d59cb1c4-ad97-d91a-6731-e7b5f38951a6
2026-10-09 01:56:16.264194,11008.0,13,1g.11gb,gpt2-inference-5d8458fb46-8g29c,default,gpt2,580.178.04,GPU-d59cb1c4-ad97-d91a-6731-e7b5f38951a6
2026-10-09 01:56:16.264194,11007.0,7,1g.11gb,,,,580.178.04,GPU-d59cb1c4-ad97-d91a-6731-e7b5f38951a6
2026-10-09 01:56:16.264194,11007.0,8,1g.11gb,,,,580.178.04,GPU-d59cb1c4-ad97-d91a-6731-e7b5f38951a6
2026-10-09 01:56:16.264194,11007.0,9,1g.11gb,,,,580.178.04,GPU-d59cb1c4-ad97-d91a-6731-e7b5f38951a6
2026-10-09 01:56:21.259398,11007.0,10,1g.11gb,,,,580.178.04,GPU-d59cb1c4-ad97-d91a-6731-e7b5f38951a6
2026-10-09 01:56:21.259398,11008.0,11,1g.11gb,gpt2-inference-5d8458fb46-zdp9n,default,gpt2,580.178.04,GPU-d59cb1c4-ad97-d91a-6731-e7b5f38951a6
2026-10-09 01:56:21.259398,11007.0,12,1g.11gb,,,,580.178.04,GPU-d59cb1c4-ad97-d91a-6731-e7b5f38951a6
2026-10-09 01:56:21.259398,11008.0,13,1g.11gb,gpt2-inference-5d8458fb46-8g29c,default,gpt2,580.178.04,GPU-d59cb1c4-ad97-d91a-6731-e7b5f38951a6
2026-10-09 01:56:21.259398,11007.0,7,1g.11gb,,,,580.178.04,GPU-d59cb1c4-ad97-d91a-6731-e7b5f38951a6
2026-10-09 01:56:21.259398,11007.0,8,1g.11gb,,,,580.178.04,GPU-d59cb1c4-ad97-d91a-6731-e7b5f38951a6
2026-10-09 01:56:21.259398,11007.0,9,1g.11gb,,,,580.178.04,GPU-d59cb1c4-ad97-d91a-6731-e7b5f38951a6
2026-10-09 01:56:26.263927,11007.0,10,1g.11gb,,,,580.178.04,GPU-d59cb1c4-ad97-d91a-6731-e7b5f38951a6
2026-10-09 01:56:26.263927,11008.0,11,1g.11gb,gpt2-inference-5d8458fb46-zdp9n,default,gpt2,580.178.04,GPU-d59cb1c4-ad97-d91a-6731-e7b5f38951a6
2026-10-09 01:56:26.263927,11007.0,12,1g.11gb,,,,580.178.04,GPU-d59cb1c4-ad97-d91a-6731-e7b5f38951a6
2026-10-09 01:56:26.263927,11008.0,13,1g.11gb,gpt2-inference-5d8458fb46-8g29c,default,gpt2,580.178.04,GPU-d59cb1c4-ad97-d91a-6731-e7b5f38951a6
2026-10-09 01:56:26.263927,11007.0,7,1g.11gb,,,,580.178.04,GPU-d59cb1c4-ad97-d91a-6731-e7b5f38951a6
2026-10-09 01:56:26.263927,11007.0,8,1g.11gb,,,,580.178.04,GPU-d59cb1c4-ad97-d91a-6731-e7b5f38951a6
2026-10-09 01:56:26.263927,11007.0,9,1g.11gb,,,,580.178.04,GPU-d59cb1c4-ad97-d91a-6731-e7b5f38951a6
2026-10-09 01:56:31.264158,11007.0,10,1g.11gb,,,,580.178.04,GPU-d59cb1c4-ad97-d91a-6731-e7b5f38951a6
2026-10-09 01:56:31.264158,11008.0,11,1g.11gb,gpt2-inference-5d8458fb46-zdp9n,default,gpt2,580.178.04,GPU-d59cb1c4-ad97-d91a-6731-e7b5f38951a6
2026-10-09 01:56:31.264158,11007.0,12,1g.11gb,,,,580.178.04,GPU-d59cb1c4-ad97-d91a-6731-e7b5f38951a6
2026-10-09 01:56:31.264158,11008.0,13,1g.11gb,gpt2-inference-5d8458fb46-8g29c,default,gpt2,580.178.04,GPU-d59cb1c4-ad97-d91a-6731-e7b5f38951a6
2026-10-09 01:56:31.264158,11007.0,7,1g.11gb,,,,580.178.04,GPU-d59cb1c4-ad97-d91a-6731-e7b5f38951a6
2026-10-09 01:56:31.264158,11007.0,8,1g.11gb,,,,580.178.04,GPU-d59cb1c4-ad97-d91a-6731-e7b5f38951a6
2026-10-09 01:56:31.264158,11007.0,9,1g.11gb,,,,580.178.04,GPU-d59cb1c4-ad97-d91a-6731-e7b5f38951a6
2026-10-09 01:56:36.265644,11007.0,10,1g.11gb,,,,580.178.04,GPU-d59cb1c4-ad97-d91a-6731-e7b5f38951a6
2026-10-09 01:56:36.265644,11008.0,11,1g.11gb,gpt2-inference-5d8458fb46-zdp9n,default,gpt2,580.178.04,GPU-d59cb1c4-ad97-d91a-6731-e7b5f38951a6
2026-10-09 01:56:36.265644,11007.0,12,1g.11gb,,,,580.178.04,GPU-d59cb1c4-ad97-d91a-6731-e7b5f38951a6
2026-10-09 01:56:36.265644,11008.0,13,1g.11gb,gpt2-inference-5d8458fb46-8g29c,default,gpt2,580.178.04,GPU-d59cb1c4-ad97-d91a-6731-e7b5f38951a6
2026-10-09 01:56:36.265644,11007.0,7,1g.11gb,,,,580.178.04,GPU-d59cb1c4-ad97-d91a-6731-e7b5f38951a6
2026-10-09 01:56:36.265644,11007.0,8,1g.11gb,,,,580.178.04,GPU-d59cb1c4-ad97-d91a-6731-e7b5f38951a6
2026-10-09 01:56:36.265644,11007.0,9,1g.11gb,,,,580.178.04,GPU-d59cb1c4-ad97-d91a-6731-e7b5f38951a6
2026-10-09 01:56:41.263036,11007.0,10,1g.11gb,,,,580.178.04,GPU-d59cb1c4-ad97-d91a-6731-e7b5f38951a6
2026-10-09 01:56:41.263036,11008.0,11,1g.11gb,gpt2-inference-5d8458fb46-zdp9n,default,gpt2,580.178.04,GPU-d59cb1c4-ad97-d91a-6731-e7b5f38951a6
2026-10-09 01:56:41.263036,11007.0,12,1g.11gb,,,,580.178.04,GPU-d59cb1c4-ad97-d91a-6731-e7b5f38951a6
2026-10-09 01:56:41.263036,11008.0,13,1g.11gb,gpt2-inference-5d8458fb46-8g29c,default,gpt2,580.178.04,GPU-d59cb1c4-ad97-d91a-6731-e7b5f38951a6
2026-10-09 01:56:41.263036,11007.0,7,1g.11gb,,,,580.178.04,GPU-d59cb1c4-ad97-d91a-6731-e7b5f38951a6
2026-10-09 01:56:41.263036,11007.0,8,1g.11gb,,,,580.178.04,GPU-d59cb1c4-ad97-d91a-6731-e7b5f38951a6
2026-10-09 01:56:41.263036,11007.0,9,1g.11gb,,,,580.178.04,GPU-d59cb1c4-ad97-d91a-6731-e7b5f38951a6
2026-10-09 01:56:46.263987,11007.0,10,1g.11gb,,,,580.178.04,GPU-d59cb1c4-ad97-d91a-6731-e7b5f38951a6
2026-10-09 01:56:46.263987,11008.0,11,1g.11gb,gpt2-inference-5d8458fb46-zdp9n,default,gpt2,580.178.04,GPU-d59cb1c4-ad97-d91a-6731-e7b5f38951a6
2026-10-09 01:56:46.263987,11007.0,12,1g.11gb,,,,580.178.04,GPU-d59cb1c4-ad97-d91a-6731-e7b5f38951a6
2026-10-09 01:56:46.263987,11008.0,13,1g.11gb,gpt2-inference-5d8458fb46-8g29c,default,gpt2,580.178.04,GPU-d59cb1c4-ad97-d91a-6731-e7b5f38951a6
2026-10-09 01:56:46.263987,11007.0,7,1g.11gb,,,,580.178.04,GPU-d59cb1c4-ad97-d91a-6731-e7b5f38951a6
2026-10-09 01:56:46.263987,11007.0,8,1g.11gb,,,,580.178.04,GPU-d59cb1c4-ad97-d91a-6731-e7b5f38951a6
2026-10-09 01:56:46.263987,11007.0,9,1g.11gb,,,,580.178.04,GPU-d59cb1c4-ad97-d91a-6731-e7b5f38951a6
2026-10-09 01:56:51.264161,11007.0,10,1g.11gb,,,,580.178.04,GPU-d59cb1c4-ad97-d91a-6731-e7b5f38951a6
2026-10-09 01:56:51.264161,11008.0,11,1g.11gb,gpt2-inference-5d8458fb46-zdp9n,default,gpt2,580.178.04,GPU-d59cb1c4-ad97-d91a-6731-e7b5f38951a6
2026-10-09 01:56:51.264161,11007.0,12,1g.11gb,,,,580.178.04,GPU-d59cb1c4-ad97-d91a-6731-e7b5f38951a6
2026-10-09 01:56:51.264161,11008.0,13,1g.11gb,gpt2-inference-5d8458fb46-8g29c,default,gpt2,580.178.04,GPU-d59cb1c4-ad97-d91a-6731-e7b5f38951a6
2026-10-09 01:56:51.264161,11007.0,7,1g.11gb,,,,580.178.04,GPU-d59cb1c4-ad97-d91a-6731-e7b5f38951a6
2026-10-09 01:56:51.264161,11007.0,8,1g.11gb,,,,580.178.04,GPU-d59cb1c4-ad97-d91a-6731-e7b5f38951a6
2026-10-09 01:56:51.264161,11007.0,9,1g.11gb,,,,580.178.04,GPU-d59cb1c4-ad97-d91a-6731-e7b5f38951a6
2026-10-09 01:56:56.259429,11007.0,10,1g.11gb,,,,580.178.04,GPU-d59cb1c4-ad97-d91a-6731-e7b5f38951a6
2026-10-09 01:56:56.259429,11008.0,11,1g.11gb,gpt2-inference-5d8458fb46-zdp9n,default,gpt2,580.178.04,GPU-d59cb1c4-ad97-d91a-6731-e7b5f38951a6
2026-10-09 01:56:56.259429,11007.0,12,1g.11gb,,,,580.178.04,GPU-d59cb1c4-ad97-d91a-6731-e7b5f38951a6
2026-10-09 01:56:56.259429,11008.0,13,1g.11gb,gpt2-inference-5d8458fb46-8g29c,default,gpt2,580.178.04,GPU-d59cb1c4-ad97-d91a-6731-e7b5f38951a6
2026-10-09 01:56:56.259429,11007.0,7,1g.11gb,,,,580.178.04,GPU-d59cb1c4-ad97-d91a-6731-e7b5f38951a6
2026-10-09 01:56:56.259429,11007.0,8,1g.11gb,,,,580.178.04,GPU-d59cb1c4-ad97-d91a-6731-e7b5f38951a6
2026-10-09 01:56:56.259429,11007.0,9,1g.11gb,,,,580.178.04,GPU-d59cb1c4-ad97-d91a-6731-e7b5f38951a6
2026-10-09 01:57:01.259518,11007.0,10,1g.11gb,,,,580.178.04,GPU-d59cb1c4-ad97-d91a-6731-e7b5f38951a6
2026-10-09 01:57:01.259518,11008.0,11,1g.11gb,gpt2-inference-5d8458fb46-zdp9n,default,gpt2,580.178.04,GPU-d59cb1c4-ad97-d91a-6731-e7b5f38951a6
2026-10-09 01:57:01.259518,11007.0,12,1g.11gb,,,,580.178.04,GPU-d59cb1c4-ad97-d91a-6731-e7b5f38951a6
2026-10-09 01:57:01.259518,11008.0,13,1g.11gb,gpt2-inference-5d8458fb46-8g29c,default,gpt2,580.178.04,GPU-d59cb1c4-ad97-d91a-6731-e7b5f38951a6
2026-10-09 01:57:01.259518,11007.0,7,1g.11gb,,,,580.178.04,GPU-d59cb1c4-ad97-d91a-6731-e7b5f38951a6
2026-10-09 01:57:01.259518,11007.0,8,1g.11gb,,,,580.178.04,GPU-d59cb1c4-ad97-d91a-6731-e7b5f38951a6
2026-10-09 01:57:01.259518,11007.0,9,1g.11gb,,,,580.178.04,GPU-d59cb1c4-ad97-d91a-6731-e7b5f38951a6
2026-10-09 01:57:06.260746,11007.0,10,1g.11gb,,,,580.178.04,GPU-d59cb1c4-ad97-d91a-6731-e7b5f38951a6
2026-10-09 01:57:06.260746,11008.0,11,1g.11gb,gpt2-inference-5d8458fb46-zdp9n,default,gpt2,580.178.04,GPU-d59cb1c4-ad97-d91a-6731-e7b5f38951a6
2026-10-09 01:57:06.260746,11007.0,12,1g.11gb,,,,580.178.04,GPU-d59cb1c4-ad97-d91a-6731-e7b5f38951a6
2026-10-09 01:57:06.260746,11008.0,13,1g.11gb,gpt2-inference-5d8458fb46-8g29c,default,gpt2,580.178.04,GPU-d59cb1c4-ad97-d91a-6731-e7b5f38951a6
2026-10-09 01:57:06.260746,11007.0,7,1g.11gb,,,,580.178.04,GPU-d59cb1c4-ad97-d91a-6731-e7b5f38951a6
2026-10-09 01:57:06.260746,11007.0,8,1g.11gb,,,,580.178.04,GPU-d59cb1c4-ad97-d91a-6731-e7b5f38951a6
2026-10-09 01:57:06.260746,11007.0,9,1g.11gb,,,,580.178.04,GPU-d59cb1c4-ad97-d91a-6731-e7b5f38951a6
2026-10-09 01:57:11.259370,11007.0,10,1g.11gb,,,,580.178.04,GPU-d59cb1c4-ad97-d91a-6731-e7b5f38951a6
2026-10-09 01:57:11.259370,11008.0,11,1g.11gb,gpt2-inference-5d8458fb46-zdp9n,default,gpt2,580.178.04,GPU-d59cb1c4-ad97-d91a-6731-e7b5f38951a6
2026-10-09 01:57:11.259370,11007.0,12,1g.11gb,,,,580.178.04,GPU-d59cb1c4-ad97-d91a-6731-e7b5f38951a6
2026-10-09 01:57:11.259370,11008.0,13,1g.11gb,gpt2-inference-5d8458fb46-8g29c,default,gpt2,580.178.04,GPU-d59cb1c4-ad97-d91a-6731-e7b5f38951a6
2026-10-09 01:57:11.259370,11007.0,7,1g.11gb,,,,580.178.04,GPU-d59cb1c4-ad97-d91a-6731-e7b5f38951a6
2026-10-09 01:57:11.259370,11007.0,8,1g.11gb,,,,580.178.04,GPU-d59cb1c4-ad97-d91a-6731-e7b5f38951a6
2026-10-09 01:57:11.259370,11007.0,9,1g.11gb,,,,580.178.04,GPU-d59cb1c4-ad97-d91a-6731-e7b5f38951a6
2026-10-09 01:57:16.259882,11007.0,10,1g.11gb,,,,580.178.04,GPU-d59cb1c4-ad97-d91a-6731-e7b5f38951a6
2026-10-09 01:57:16.259882,11008.0,11,1g.11gb,gpt2-inference-5d8458fb46-zdp9n,default,gpt2,580.178.04,GPU-d59cb1c4-ad97-d91a-6731-e7b5f38951a6
2026-10-09 01:57:16.259882,11007.0,12,1g.11gb,,,,580.178.04,GPU-d59cb1c4-ad97-d91a-6731-e7b5f38951a6
2026-10-09 01:57:16.259882,11008.0,13,1g.11gb,gpt2-inference-5d8458fb46-8g29c,default,gpt2,580.178.04,GPU-d59cb1c4-ad97-d91a-6731-e7b5f38951a6
2026-10-09 01:57:16.259882,11007.0,7,1g.11gb,,,,580.178.04,GPU-d59cb1c4-ad97-d91a-6731-e7b5f38951a6
2026-10-09 01:57:16.259882,11007.0,8,1g.11gb,,,,580.178.04,GPU-d59cb1c4-ad97-d91a-6731-e7b5f38951a6
2026-10-09 01:57:16.259882,11007.0,9,1g.11gb,,,,580.178.04,GPU-d59cb1c4-ad97-d91a-6731-e7b5f38951a6
2026-10-09 01:57:21.263836,11007.0,10,1g.11gb,,,,580.178.04,GPU-d59cb1c4-ad97-d91a-6731-e7b5f38951a6
2026-10-09 01:57:21.263836,11008.0,11,1g.11gb,gpt2-inference-5d8458fb46-zdp9n,default,gpt2,580.178.04,GPU-d59cb1c4-ad97-d91a-6731-e7b5f38951a6
2026-10-09 01:57:21.263836,11007.0,12,1g.11gb,,,,580.178.04,GPU-d59cb1c4-ad97-d91a-6731-e7b5f38951a6
2026-10-09 01:57:21.263836,11008.0,13,1g.11gb,gpt2-inference-5d8458fb46-8g29c,default,gpt2,580.178.04,GPU-d59cb1c4-ad97-d91a-6731-e7b5f38951a6
2026-10-09 01:57:21.263836,11007.0,7,1g.11gb,,,,580.178.04,GPU-d59cb1c4-ad97-d91a-6731-e7b5f38951a6
2026-10-09 01:57:21.263836,11007.0,8,1g.11gb,,,,580.178.04,GPU-d59cb1c4-ad97-d91a-6731-e7b5f38951a6
2026-10-09 01:57:21.263836,11007.0,9,1g.11gb,,,,580.178.04,GPU-d59cb1c4-ad97-d91a-6731-e7b5f38951a6
2026-10-09 01:57:26.264116,11007.0,10,1g.11gb,,,,580.178.04,GPU-d59cb1c4-ad97-d91a-6731-e7b5f38951a6
2026-10-09 01:57:26.264116,11008.0,11,1g.11gb,gpt2-inference-5d8458fb46-zdp9n,default,gpt2,580.178.04,GPU-d59cb1c4-ad97-d91a-6731-e7b5f38951a6
2026-10-09 01:57:26.264116,11007.0,12,1g.11gb,,,,580.178.04,GPU-d59cb1c4-ad97-d91a-6731-e7b5f38951a6
2026-10-09 01:57:26.264116,11008.0,13,1g.11gb,gpt2-inference-5d8458fb46-8g29c,default,gpt2,580.178.04,GPU-d59cb1c4-ad97-d91a-6731-e7b5f38951a6
2026-10-09 01:57:26.264116,11007.0,7,1g.11gb,,,,580.178.04,GPU-d59cb1c4-ad97-d91a-6731-e7b5f38951a6
2026-10-09 01:57:26.264116,11007.0,8,1g.11gb,,,,580.178.04,GPU-d59cb1c4-ad97-d91a-6731-e7b5f38951a6
2026-10-09 01:57:26.264116,11007.0,9,1g.11gb,,,,580.178.04,GPU-d59cb1c4-ad97-d91a-6731-e7b5f38951a6
2026-10-09 01:57:31.264177,11007.0,10,1g.11gb,,,,580.178.04,GPU-d59cb1c4-ad97-d91a-6731-e7b5f38951a6
2026-10-09 01:57:31.264177,11008.0,11,1g.11gb,gpt2-inference-5d8458fb46-zdp9n,default,gpt2,580.178.04,GPU-d59cb1c4-ad97-d91a-6731-e7b5f38951a6
2026-10-09 01:57:31.264177,11007.0,12,1g.11gb,,,,580.178.04,GPU-d59cb1c4-ad97-d91a-6731-e7b5f38951a6
2026-10-09 01:57:31.264177,11008.0,13,1g.11gb,gpt2-inference-5d8458fb46-8g29c,default,gpt2,580.178.04,GPU-d59cb1c4-ad97-d91a-6731-e7b5f38951a6
2026-10-09 01:57:31.264177,11007.0,7,1g.11gb,,,,580.178.04,GPU-d59cb1c4-ad97-d91a-6731-e7b5f38951a6
2026-10-09 01:57:31.264177,11007.0,8,1g.11gb,,,,580.178.04,GPU-d59cb1c4-ad97-d91a-6731-e7b5f38951a6
2026-10-09 01:57:31.264177,11007.0,9,1g.11gb,,,,580.178.04,GPU-d59cb1c4-ad97-d91a-6731-e7b5f38951a6
2026-10-09 01:57:36.263850,11007.0,10,1g.11gb,,,,580.178.04,GPU-d59cb1c4-ad97-d91a-6731-e7b5f38951a6
2026-10-09 01:57:36.263850,11008.0,11,1g.11gb,gpt2-inference-5d8458fb46-zdp9n,default,gpt2,580.178.04,GPU-d59cb1c4-ad97-d91a-6731-e7b5f38951a6
2026-10-09 01:57:36.263850,11007.0,12,1g.11gb,,,,580.178.04,GPU-d59cb1c4-ad97-d91a-6731-e7b5f38951a6
2026-10-09 01:57:36.263850,11008.0,13,1g.11gb,gpt2-inference-5d8458fb46-8g29c,default,gpt2,580.178.04,GPU-d59cb1c4-ad97-d91a-6731-e7b5f38951a6
2026-10-09 01:57:36.263850,11007.0,7,1g.11gb,,,,580.178.04,GPU-d59cb1c4-ad97-d91a-6731-e7b5f38951a6
2026-10-09 01:57:36.263850,11007.0,8,1g.11gb,,,,580.178.04,GPU-d59cb1c4-ad97-d91a-6731-e7b5f38951a6
2026-10-09 01:57:36.263850,11007.0,9,1g.11gb,,,,580.178.04,GPU-d59cb1c4-ad97-d91a-6731-e7b5f38951a6
2026-10-09 01:57:41.263654,11007.0,10,1g.11gb,,,,580.178.04,GPU-d59cb1c4-ad97-d91a-6731-e7b5f38951a6
2026-10-09 01:57:41.263654,11008.0,11,1g.11gb,gpt2-inference-5d8458fb46-zdp9n,default,gpt2,580.178.04,GPU-d59cb1c4-ad97-d91a-6731-e7b5f38951a6
2026-10-09 01:57:41.263654,11007.0,12,1g.11gb,,,,580.178.04,GPU-d59cb1c4-ad97-d91a-6731-e7b5f38951a6
2026-10-09 01:57:41.263654,11008.0,13,1g.11gb,gpt2-inference-5d8458fb46-8g29c,default,gpt2,580.178.04,GPU-d59cb1c4-ad97-d91a-6731-e7b5f38951a6
2026-10-09 01:57:41.263654,11007.0,7,1g.11gb,,,,580.178.04,GPU-d59cb1c4-ad97-d91a-6731-e7b5f38951a6
2026-10-09 01:57:41.263654,11007.0,8,1g.11gb,,,,580.178.04,GPU-d59cb1c4-ad97-d91a-6731-e7b5f38951a6
2026-10-09 01:57:41.263654,11007.0,9,1g.11gb,,,,580.178.04,GPU-d59cb1c4-ad97-d91a-6731-e7b5f38951a6
2026-10-09 01:57:46.263668,11007.0,10,1g.11gb,,,,580.178.04,GPU-d59cb1c4-ad97-d91a-6731-e7b5f38951a6
2026-10-09 01:57:46.263668,11008.0,11,1g.11gb,gpt2-inference-5d8458fb46-zdp9n,default,gpt2,580.178.04,GPU-d59cb1c4-ad97-d91a-6731-e7b5f38951a6
2026-10-09 01:57:46.263668,11007.0,12,1g.11gb,,,,580.178.04,GPU-d59cb1c4-ad97-d91a-6731-e7b5f38951a6
2026-10-09 01:57:46.263668,11008.0,13,1g.11gb,gpt2-inference-5d8458fb46-8g29c,default,gpt2,580.178.04,GPU-d59cb1c4-ad97-d91a-6731-e7b5f38951a6
2026-10-09 01:57:46.263668,11007.0,7,1g.11gb,,,,580.178.04,GPU-d59cb1c4-ad97-d91a-6731-e7b5f38951a6
2026-10-09 01:57:46.263668,11007.0,8,1g.11gb,,,,580.178.04,GPU-d59cb1c4-ad97-d91a-6731-e7b5f38951a6
2026-10-09 01:57:46.263668,11007.0,9,1g.11gb,,,,580.178.04,GPU-d59cb1c4-ad97-d91a-6731-e7b5f38951a6
2026-10-09 01:57:51.264165,11007.0,10,1g.11gb,,,,580.178.04,GPU-d59cb1c4-ad97-d91a-6731-e7b5f38951a6
2026-10-09 01:57:51.264165,11008.0,11,1g.11gb,gpt2-inference-5d8458fb46-zdp9n,default,gpt2,580.178.04,GPU-d59cb1c4-ad97-d91a-6731-e7b5f38951a6
2026-10-09 01:57:51.264165,11007.0,12,1g.11gb,,,,580.178.04,GPU-d59cb1c4-ad97-d91a-6731-e7b5f38951a6
2026-10-09 01:57:51.264165,11008.0,13,1g.11gb,gpt2-inference-5d8458fb46-8g29c,default,gpt2,580.178.04,GPU-d59cb1c4-ad97-d91a-6731-e7b5f38951a6
2026-10-09 01:57:51.264165,11007.0,7,1g.11gb,,,,580.178.04,GPU-d59cb1c4-ad97-d91a-6731-e7b5f38951a6
2026-10-09 01:57:51.264165,11007.0,8,1g.11gb,,,,580.178.04,GPU-d59cb1c4-ad97-d91a-6731-e7b5f38951a6
2026-10-09 01:57:51.264165,11007.0,9,1g.11gb,,,,580.178.04,GPU-d59cb1c4-ad97-d91a-6731-e7b5f38951a6
2026-10-09 01:57:56.264160,11007.0,10,1g.11gb,,,,580.178.04,GPU-d59cb1c4-ad97-d91a-6731-e7b5f38951a6
2026-10-09 01:57:56.264160,11008.0,11,1g.11gb,gpt2-inference-5d8458fb46-zdp9n,default,gpt2,580.178.04,GPU-d59cb1c4-ad97-d91a-6731-e7b5f38951a6
2026-10-09 01:57:56.264160,11007.0,12,1g.11gb,,,,580.178.04,GPU-d59cb1c4-ad97-d91a-6731-e7b5f38951a6
2026-10-09 01:57:56.264160,11008.0,13,1g.11gb,gpt2-inference-5d8458fb46-8g29c,default,gpt2,580.178.04,GPU-d59cb1c4-ad97-d91a-6731-e7b5f38951a6
2026-10-09 01:57:56.264160,11007.0,7,1g.11gb,,,,580.178.04,GPU-d59cb1c4-ad97-d91a-6731-e7b5f38951a6
2026-10-09 01:57:56.264160,11007.0,8,1g.11gb,,,,580.178.04,GPU-d59cb1c4-ad97-d91a-6731-e7b5f38951a6
2026-10-09 01:57:56.264160,11007.0,9,1g.11gb,,,,580.178.04,GPU-d59cb1c4-ad97-d91a-6731-e7b5f38951a6
2026-10-09 01:58:01.264165,11007.0,10,1g.11gb,,,,580.178.04,GPU-d59cb1c4-ad97-d91a-6731-e7b5f38951a6
2026-10-09 01:58:01.264165,11008.0,11,1g.11gb,gpt2-inference-5d8458fb46-zdp9n,default,gpt2,580.178.04,GPU-d59cb1c4-ad97-d91a-6731-e7b5f38951a6
2026-10-09 01:58:01.264165,11007.0,12,1g.11gb,,,,580.178.04,GPU-d59cb1c4-ad97-d91a-6731-e7b5f38951a6
2026-10-09 01:58:01.264165,11008.0,13,1g.11gb,gpt2-inference-5d8458fb46-8g29c,default,gpt2,580.178.04,GPU-d59cb1c4-ad97-d91a-6731-e7b5f38951a6
2026-10-09 01:58:01.264165,11007.0,7,1g.11gb,,,,580.178.04,GPU-d59cb1c4-ad97-d91a-6731-e7b5f38951a6
2026-10-09 01:58:01.264165,11007.0,8,1g.11gb,,,,580.178.04,GPU-d59cb1c4-ad97-d91a-6731-e7b5f38951a6
2026-10-09 01:58:01.264165,11007.0,9,1g.11gb,,,,580.178.04,GPU-d59cb1c4-ad97-d91a-6731-e7b5f38951a6
2026-10-09 01:58:06.260222,11007.0,10,1g.11gb,,,,580.178.04,GPU-d59cb1c4-ad97-d91a-6731-e7b5f38951a6
2026-10-09 01:58:06.260222,11008.0,11,1g.11gb,gpt2-inference-5d8458fb46-zdp9n,default,gpt2,580.178.04,GPU-d59cb1c4-ad97-d91a-6731-e7b5f38951a6
2026-10-09 01:58:06.260222,11007.0,12,1g.11gb,,,,580.178.04,GPU-d59cb1c4-ad97-d91a-6731-e7b5f38951a6
2026-10-09 01:58:06.260222,11008.0,13,1g.11gb,gpt2-inference-5d8458fb46-8g29c,default,gpt2,580.178.04,GPU-d59cb1c4-ad97-d91a-6731-e7b5f38951a6
2026-10-09 01:58:06.260222,11007.0,7,1g.11gb,,,,580.178.04,GPU-d59cb1c4-ad97-d91a-6731-e7b5f38951a6
2026-10-09 01:58:06.260222,11007.0,8,1g.11gb,,,,580.178.04,GPU-d59cb1c4-ad97-d91a-6731-e7b5f38951a6
2026-10-09 01:58:06.260222,11007.0,9,1g.11gb,,,,580.178.04,GPU-d59cb1c4-ad97-d91a-6731-e7b5f38951a6
2026-10-09 01:58:11.262057,11007.0,10,1g.11gb,,,,580.178.04,GPU-d59cb1c4-ad97-d91a-6731-e7b5f38951a6
2026-10-09 01:58:11.262057,11008.0,11,1g.11gb,gpt2-inference-5d8458fb46-zdp9n,default,gpt2,580.178.04,GPU-d59cb1c4-ad97-d91a-6731-e7b5f38951a6
2026-10-09 01:58:11.262057,11007.0,12,1g.11gb,,,,580.178.04,GPU-d59cb1c4-ad97-d91a-6731-e7b5f38951a6
2026-10-09 01:58:11.262057,11008.0,13,1g.11gb,gpt2-inference-5d8458fb46-8g29c,default,gpt2,580.178.04,GPU-d59cb1c4-ad97-d91a-6731-e7b5f38951a6
2026-10-09 01:58:11.262057,11007.0,7,1g.11gb,,,,580.178.04,GPU-d59cb1c4-ad97-d91a-6731-e7b5f38951a6
2026-10-09 01:58:11.262057,11007.0,8,1g.11gb,,,,580.178.04,GPU-d59cb1c4-ad97-d91a-6731-e7b5f38951a6
2026-10-09 01:58:11.262057,11007.0,9,1g.11gb,,,,580.178.04,GPU-d59cb1c4-ad97-d91a-6731-e7b5f38951a6
2026-10-09 01:58:16.264161,11007.0,10,1g.11gb,,,,580.178.04,GPU-d59cb1c4-ad97-d91a-6731-e7b5f38951a6
2026-10-09 01:58:16.264161,11008.0,11,1g.11gb,gpt2-inference-5d8458fb46-zdp9n,default,gpt2,580.178.04,GPU-d59cb1c4-ad97-d91a-6731-e7b5f38951a6
2026-10-09 01:58:16.264161,11007.0,12,1g.11gb,,,,580.178.04,GPU-d59cb1c4-ad97-d91a-6731-e7b5f38951a6
2026-10-09 01:58:16.264161,11008.0,13,1g.11gb,gpt2-inference-5d8458fb46-8g29c,default,gpt2,580.178.04,GPU-d59cb1c4-ad97-d91a-6731-e7b5f38951a6
2026-10-09 01:58:16.264161,11007.0,7,1g.11gb,,,,580.178.04,GPU-d59cb1c4-ad97-d91a-6731-e7b5f38951a6
2026-10-09 01:58:16.264161,11007.0,8,1g.11gb,,,,580.178.04,GPU-d59cb1c4-ad97-d91a-6731-e7b5f38951a6
2026-10-09 01:58:16.264161,11007.0,9,1g.11gb,,,,580.178.04,GPU-d59cb1c4-ad97-d91a-6731-e7b5f38951a6
2026-10-09 01:58:21.264168,11007.0,10,1g.11gb,,,,580.178.04,GPU-d59cb1c4-ad97-d91a-6731-e7b5f38951a6
2026-10-09 01:58:21.264168,11008.0,11,1g.11gb,gpt2-inference-5d8458fb46-zdp9n,default,gpt2,580.178.04,GPU-d59cb1c4-ad97-d91a-6731-e7b5f38951a6
2026-10-09 01:58:21.264168,11007.0,12,1g.11gb,,,,580.178.04,GPU-d59cb1c4-ad97-d91a-6731-e7b5f38951a6
2026-10-09 01:58:21.264168,11008.0,13,1g.11gb,gpt2-inference-5d8458fb46-8g29c,default,gpt2,580.178.04,GPU-d59cb1c4-ad97-d91a-6731-e7b5f38951a6
2026-10-09 01:58:21.264168,11007.0,7,1g.11gb,,,,580.178.04,GPU-d59cb1c4-ad97-d91a-6731-e7b5f38951a6
2026-10-09 01:58:21.264168,11007.0,8,1g.11gb,,,,580.178.04,GPU-d59cb1c4-ad97-d91a-6731-e7b5f38951a6
2026-10-09 01:58:21.264168,11007.0,9,1g.11gb,,,,580.178.04,GPU-d59cb1c4-ad97-d91a-6731-e7b5f38951a6
2026-10-09 01:58:26.264156,11007.0,10,1g.11gb,,,,580.178.04,GPU-d59cb1c4-ad97-d91a-6731-e7b5f38951a6
2026-10-09 01:58:26.264156,11008.0,11,1g.11gb,gpt2-inference-5d8458fb46-zdp9n,default,gpt2,580.178.04,GPU-d59cb1c4-ad97-d91a-6731-e7b5f38951a6
2026-10-09 01:58:26.264156,11007.0,12,1g.11gb,,,,580.178.04,GPU-d59cb1c4-ad97-d91a-6731-e7b5f38951a6
2026-10-09 01:58:26.264156,11008.0,13,1g.11gb,gpt2-inference-5d8458fb46-8g29c,default,gpt2,580.178.04,GPU-d59cb1c4-ad97-d91a-6731-e7b5f38951a6
2026-10-09 01:58:26.264156,11007.0,7,1g.11gb,,,,580.178.04,GPU-d59cb1c4-ad97-d91a-6731-e7b5f38951a6
2026-10-09 01:58:26.264156,11007.0,8,1g.11gb,,,,580.178.04,GPU-d59cb1c4-ad97-d91a-6731-e7b5f38951a6
2026-10-09 01:58:26.264156,11007.0,9,1g.11gb,,,,580.178.04,GPU-d59cb1c4-ad97-d91a-6731-e7b5f38951a6
2026-10-09 01:58:31.262048,11007.0,10,1g.11gb,,,,580.178.04,GPU-d59cb1c4-ad97-d91a-6731-e7b5f38951a6
2026-10-09 01:58:31.262048,11008.0,11,1g.11gb,gpt2-inference-5d8458fb46-zdp9n,default,gpt2,580.178.04,GPU-d59cb1c4-ad97-d91a-6731-e7b5f38951a6
2026-10-09 01:58:31.262048,11007.0,12,1g.11gb,,,,580.178.04,GPU-d59cb1c4-ad97-d91a-6731-e7b5f38951a6
2026-10-09 01:58:31.262048,11008.0,13,1g.11gb,gpt2-inference-5d8458fb46-8g29c,default,gpt2,580.178.04,GPU-d59cb1c4-ad97-d91a-6731-e7b5f38951a6
2026-10-09 01:58:31.262048,11007.0,7,1g.11gb,,,,580.178.04,GPU-d59cb1c4-ad97-d91a-6731-e7b5f38951a6
2026-10-09 01:58:31.262048,11007.0,8,1g.11gb,,,,580.178.04,GPU-d59cb1c4-ad97-d91a-6731-e7b5f38951a6
2026-10-09 01:58:31.262048,11007.0,9,1g.11gb,,,,580.178.04,GPU-d59cb1c4-ad97-d91a-6731-e7b5f38951a6
2026-10-09 01:58:36.264149,11007.0,10,1g.11gb,,,,580.178.04,GPU-d59cb1c4-ad97-d91a-6731-e7b5f38951a6
2026-10-09 01:58:36.264149,11008.0,11,1g.11gb,gpt2-inference-5d8458fb46-zdp9n,default,gpt2,580.178.04,GPU-d59cb1c4-ad97-d91a-6731-e7b5f38951a6
2026-10-09 01:58:36.264149,11007.0,12,1g.11gb,,,,580.178.04,GPU-d59cb1c4-ad97-d91a-6731-e7b5f38951a6
2026-10-09 01:58:36.264149,11008.0,13,1g.11gb,gpt2-inference-5d8458fb46-8g29c,default,gpt2,580.178.04,GPU-d59cb1c4-ad97-d91a-6731-e7b5f38951a6
2026-10-09 01:58:36.264149,11007.0,7,1g.11gb,,,,580.178.04,GPU-d59cb1c4-ad97-d91a-6731-e7b5f38951a6
2026-10-09 01:58:36.264149,11007.0,8,1g.11gb,,,,580.178.04,GPU-d59cb1c4-ad97-d91a-6731-e7b5f38951a6
2026-10-09 01:58:36.264149,11007.0,9,1g.11gb,,,,580.178.04,GPU-d59cb1c4-ad97-d91a-6731-e7b5f38951a6
2026-10-09 01:58:41.264151,11007.0,10,1g.11gb,,,,580.178.04,GPU-d59cb1c4-ad97-d91a-6731-e7b5f38951a6
2026-10-09 01:58:41.264151,11008.0,11,1g.11gb,gpt2-inference-5d8458fb46-zdp9n,default,gpt2,580.178.04,GPU-d59cb1c4-ad97-d91a-6731-e7b5f38951a6
2026-10-09 01:58:41.264151,11007.0,12,1g.11gb,,,,580.178.04,GPU-d59cb1c4-ad97-d91a-6731-e7b5f38951a6
2026-10-09 01:58:41.264151,11008.0,13,1g.11gb,gpt2-inference-5d8458fb46-8g29c,default,gpt2,580.178.04,GPU-d59cb1c4-ad97-d91a-6731-e7b5f38951a6
2026-10-09 01:58:41.264151,11007.0,7,1g.11gb,,,,580.178.04,GPU-d59cb1c4-ad97-d91a-6731-e7b5f38951a6
2026-10-09 01:58:41.264151,11007.0,8,1g.11gb,,,,580.178.04,GPU-d59cb1c4-ad97-d91a-6731-e7b5f38951a6
2026-10-09 01:58:41.264151,11007.0,9,1g.11gb,,,,580.178.04,GPU-d59cb1c4-ad97-d91a-6731-e7b5f38951a6
2026-10-09 01:58:46.264162,11007.0,10,1g.11gb,,,,580.178.04,GPU-d59cb1c4-ad97-d91a-6731-e7b5f38951a6
2026-10-09 01:58:46.264162,11008.0,11,1g.11gb,gpt2-inference-5d8458fb46-zdp9n,default,gpt2,580.178.04,GPU-d59cb1c4-ad97-d91a-6731-e7b5f38951a6
2026-10-09 01:58:46.264162,11007.0,12,1g.11gb,,,,580.178.04,GPU-d59cb1c4-ad97-d91a-6731-e7b5f38951a6
2026-10-09 01:58:46.264162,11008.0,13,1g.11gb,gpt2-inference-5d8458fb46-8g29c,default,gpt2,580.178.04,GPU-d59cb1c4-ad97-d91a-6731-e7b5f38951a6
2026-10-09 01:58:46.264162,11007.0,7,1g.11gb,,,,580.178.04,GPU-d59cb1c4-ad97-d91a-6731-e7b5f38951a6
2026-10-09 01:58:46.264162,11007.0,8,1g.11gb,,,,580.178.04,GPU-d59cb1c4-ad97-d91a-6731-e7b5f38951a6
2026-10-09 01:58:46.264162,11007.0,9,1g.11gb,,,,580.178.04,GPU-d59cb1c4-ad97-d91a-6731-e7b5f38951a6
2026-10-09 01:58:51.262530,11007.0,10,1g.11gb,,,,580.178.04,GPU-d59cb1c4-ad97-d91a-6731-e7b5f38951a6
2026-10-09 01:58:51.262530,11008.0,11,1g.11gb,gpt2-inference-5d8458fb46-zdp9n,default,gpt2,580.178.04,GPU-d59cb1c4-ad97-d91a-6731-e7b5f38951a6
2026-10-09 01:58:51.262530,11007.0,12,1g.11gb,,,,580.178.04,GPU-d59cb1c4-ad97-d91a-6731-e7b5f38951a6
2026-10-09 01:58:51.262530,11008.0,13,1g.11gb,gpt2-inference-5d8458fb46-8g29c,default,gpt2,580.178.04,GPU-d59cb1c4-ad97-d91a-6731-e7b5f38951a6
2026-10-09 01:58:51.262530,11007.0,7,1g.11gb,,,,580.178.04,GPU-d59cb1c4-ad97-d91a-6731-e7b5f38951a6
2026-10-09 01:58:51.262530,11007.0,8,1g.11gb,,,,580.178.04,GPU-d59cb1c4-ad97-d91a-6731-e7b5f38951a6
2026-10-09 01:58:51.262530,11007.0,9,1g.11gb,,,,580.178.04,GPU-d59cb1c4-ad97-d91a-6731-e7b5f38951a6
2026-10-09 01:58:56.263473,11007.0,10,1g.11gb,,,,580.178.04,GPU-d59cb1c4-ad97-d91a-6731-e7b5f38951a6
2026-10-09 01:58:56.263473,11008.0,11,1g.11gb,gpt2-inference-5d8458fb46-zdp9n,default,gpt2,580.178.04,GPU-d59cb1c4-ad97-d91a-6731-e7b5f38951a6
2026-10-09 01:58:56.263473,11007.0,12,1g.11gb,,,,580.178.04,GPU-d59cb1c4-ad97-d91a-6731-e7b5f38951a6
2026-10-09 01:58:56.263473,11008.0,13,1g.11gb,gpt2-inference-5d8458fb46-8g29c,default,gpt2,580.178.04,GPU-d59cb1c4-ad97-d91a-6731-e7b5f38951a6
2026-10-09 01:58:56.263473,11007.0,7,1g.11gb,,,,580.178.04,GPU-d59cb1c4-ad97-d91a-6731-e7b5f38951a6
2026-10-09 01:58:56.263473,11007.0,8,1g.11gb,,,,580.178.04,GPU-d59cb1c4-ad97-d91a-6731-e7b5f38951a6
2026-10-09 01:58:56.263473,11007.0,9,1g.11gb,,,,580.178.04,GPU-d59cb1c4-ad97-d91a-6731-e7b5f38951a6
2026-10-09 01:59:01.264158,11007.0,10,1g.11gb,,,,580.178.04,GPU-d59cb1c4-ad97-d91a-6731-e7b5f38951a6
2026-10-09 01:59:01.264158,11008.0,11,1g.11gb,gpt2-inference-5d8458fb46-zdp9n,default,gpt2,580.178.04,GPU-d59cb1c4-ad97-d91a-6731-e7b5f38951a6
2026-10-09 01:59:01.264158,11007.0,12,1g.11gb,,,,580.178.04,GPU-d59cb1c4-ad97-d91a-6731-e7b5f38951a6
2026-10-09 01:59:01.264158,11008.0,13,1g.11gb,gpt2-inference-5d8458fb46-8g29c,default,gpt2,580.178.04,GPU-d59cb1c4-ad97-d91a-6731-e7b5f38951a6
2026-10-09 01:59:01.264158,11007.0,7,1g.11gb,,,,580.178.04,GPU-d59cb1c4-ad97-d91a-6731-e7b5f38951a6
2026-10-09 01:59:01.264158,11007.0,8,1g.11gb,,,,580.178.04,GPU-d59cb1c4-ad97-d91a-6731-e7b5f38951a6
2026-10-09 01:59:01.264158,11007.0,9,1g.11gb,,,,580.178.04,GPU-d59cb1c4-ad97-d91a-6731-e7b5f38951a6
2026-10-09 01:59:06.263654,11007.0,10,1g.11gb,,,,580.178.04,GPU-d59cb1c4-ad97-d91a-6731-e7b5f38951a6
2026-10-09 01:59:06.263654,11008.0,11,1g.11gb,gpt2-inference-5d8458fb46-zdp9n,default,gpt2,580.178.04,GPU-d59cb1c4-ad97-d91a-6731-e7b5f38951a6
2026-10-09 01:59:06.263654,11007.0,12,1g.11gb,,,,580.178.04,GPU-d59cb1c4-ad97-d91a-6731-e7b5f38951a6
2026-10-09 01:59:06.263654,11008.0,13,1g.11gb,gpt2-inference-5d8458fb46-8g29c,default,gpt2,580.178.04,GPU-d59cb1c4-ad97-d91a-6731-e7b5f38951a6
2026-10-09 01:59:06.263654,11007.0,7,1g.11gb,,,,580.178.04,GPU-d59cb1c4-ad97-d91a-6731-e7b5f38951a6
2026-10-09 01:59:06.263654,11007.0,8,1g.11gb,,,,580.178.04,GPU-d59cb1c4-ad97-d91a-6731-e7b5f38951a6
2026-10-09 01:59:06.263654,11007.0,9,1g.11gb,,,,580.178.04,GPU-d59cb1c4-ad97-d91a-6731-e7b5f38951a6
2026-10-09 01:59:11.264175,11007.0,10,1g.11gb,,,,580.178.04,GPU-d59cb1c4-ad97-d91a-6731-e7b5f38951a6
2026-10-09 01:59:11.264175,11008.0,11,1g.11gb,gpt2-inference-5d8458fb46-zdp9n,default,gpt2,580.178.04,GPU-d59cb1c4-ad97-d91a-6731-e7b5f38951a6
2026-10-09 01:59:11.264175,11007.0,12,1g.11gb,,,,580.178.04,GPU-d59cb1c4-ad97-d91a-6731-e7b5f38951a6
2026-10-09 01:59:11.264175,11008.0,13,1g.11gb,gpt2-inference-5d8458fb46-8g29c,default,gpt2,580.178.04,GPU-d59cb1c4-ad97-d91a-6731-e7b5f38951a6
2026-10-09 01:59:11.264175,11007.0,7,1g.11gb,,,,580.178.04,GPU-d59cb1c4-ad97-d91a-6731-e7b5f38951a6
2026-10-09 01:59:11.264175,11007.0,8,1g.11gb,,,,580.178.04,GPU-d59cb1c4-ad97-d91a-6731-e7b5f38951a6
2026-10-09 01:59:11.264175,11007.0,9,1g.11gb,,,,580.178.04,GPU-d59cb1c4-ad97-d91a-6731-e7b5f38951a6
2026-10-09 01:59:16.264171,11007.0,10,1g.11gb,,,,580.178.04,GPU-d59cb1c4-ad97-d91a-6731-e7b5f38951a6
2026-10-09 01:59:16.264171,11008.0,11,1g.11gb,gpt2-inference-5d8458fb46-zdp9n,default,gpt2,580.178.04,GPU-d59cb1c4-ad97-d91a-6731-e7b5f38951a6
2026-10-09 01:59:16.264171,11007.0,12,1g.11gb,,,,580.178.04,GPU-d59cb1c4-ad97-d91a-6731-e7b5f38951a6
2026-10-09 01:59:16.264171,11008.0,13,1g.11gb,gpt2-inference-5d8458fb46-8g29c,default,gpt2,580.178.04,GPU-d59cb1c4-ad97-d91a-6731-e7b5f38951a6
2026-10-09 01:59:16.264171,11007.0,7,1g.11gb,,,,580.178.04,GPU-d59cb1c4-ad97-d91a-6731-e7b5f38951a6
2026-10-09 01:59:16.264171,11007.0,8,1g.11gb,,,,580.178.04,GPU-d59cb1c4-ad97-d91a-6731-e7b5f38951a6
2026-10-09 01:59:16.264171,11007.0,9,1g.11gb,,,,580.178.04,GPU-d59cb1c4-ad97-d91a-6731-e7b5f38951a6
2026-10-09 01:59:21.259462,11007.0,10,1g.11gb,,,,580.178.04,GPU-d59cb1c4-ad97-d91a-6731-e7b5f38951a6
2026-10-09 01:59:21.259462,11008.0,11,1g.11gb,gpt2-inference-5d8458fb46-zdp9n,default,gpt2,580.178.04,GPU-d59cb1c4-ad97-d91a-6731-e7b5f38951a6
2026-10-09 01:59:21.259462,11007.0,12,1g.11gb,,,,580.178.04,GPU-d59cb1c4-ad97-d91a-6731-e7b5f38951a6
2026-10-09 01:59:21.259462,11008.0,13,1g.11gb,gpt2-inference-5d8458fb46-8g29c,default,gpt2,580.178.04,GPU-d59cb1c4-ad97-d91a-6731-e7b5f38951a6
2026-10-09 01:59:21.259462,11007.0,7,1g.11gb,,,,580.178.04,GPU-d59cb1c4-ad97-d91a-6731-e7b5f38951a6
2026-10-09 01:59:21.259462,11007.0,8,1g.11gb,,,,580.178.04,GPU-d59cb1c4-ad97-d91a-6731-e7b5f38951a6
2026-10-09 01:59:21.259462,11007.0,9,1g.11gb,,,,580.178.04,GPU-d59cb1c4-ad97-d91a-6731-e7b5f38951a6
2026-10-09 01:59:26.264166,11007.0,10,1g.11gb,,,,580.178.04,GPU-d59cb1c4-ad97-d91a-6731-e7b5f38951a6
2026-10-09 01:59:26.264166,11008.0,11,1g.11gb,gpt2-inference-5d8458fb46-zdp9n,default,gpt2,580.178.04,GPU-d59cb1c4-ad97-d91a-6731-e7b5f38951a6
2026-10-09 01:59:26.264166,11007.0,12,1g.11gb,,,,580.178.04,GPU-d59cb1c4-ad97-d91a-6731-e7b5f38951a6
2026-10-09 01:59:26.264166,11008.0,13,1g.11gb,gpt2-inference-5d8458fb46-8g29c,default,gpt2,580.178.04,GPU-d59cb1c4-ad97-d91a-6731-e7b5f38951a6
2026-10-09 01:59:26.264166,11007.0,7,1g.11gb,,,,580.178.04,GPU-d59cb1c4-ad97-d91a-6731-e7b5f38951a6
2026-10-09 01:59:26.264166,11007.0,8,1g.11gb,,,,580.178.04,GPU-d59cb1c4-ad97-d91a-6731-e7b5f38951a6
2026-10-09 01:59:26.264166,11007.0,9,1g.11gb,,,,580.178.04,GPU-d59cb1c4-ad97-d91a-6731-e7b5f38951a6
2026-10-09 01:59:31.264162,11007.0,10,1g.11gb,,,,580.178.04,GPU-d59cb1c4-ad97-d91a-6731-e7b5f38951a6
2026-10-09 01:59:31.264162,11008.0,11,1g.11gb,gpt2-inference-5d8458fb46-zdp9n,default,gpt2,580.178.04,GPU-d59cb1c4-ad97-d91a-6731-e7b5f38951a6
2026-10-09 01:59:31.264162,11007.0,12,1g.11gb,,,,580.178.04,GPU-d59cb1c4-ad97-d91a-6731-e7b5f38951a6
2026-10-09 01:59:31.264162,11008.0,13,1g.11gb,gpt2-inference-5d8458fb46-8g29c,default,gpt2,580.178.04,GPU-d59cb1c4-ad97-d91a-6731-e7b5f38951a6
2026-10-09 01:59:31.264162,11007.0,7,1g.11gb,,,,580.178.04,GPU-d59cb1c4-ad97-d91a-6731-e7b5f38951a6
2026-10-09 01:59:31.264162,11007.0,8,1g.11gb,,,,580.178.04,GPU-d59cb1c4-ad97-d91a-6731-e7b5f38951a6
2026-10-09 01:59:31.264162,11007.0,9,1g.11gb,,,,580.178.04,GPU-d59cb1c4-ad97-d91a-6731-e7b5f38951a6
2026-10-09 01:59:36.264158,11007.0,10,1g.11gb,,,,580.178.04,GPU-d59cb1c4-ad97-d91a-6731-e7b5f38951a6
2026-10-09 01:59:36.264158,11008.0,11,1g.11gb,gpt2-inference-5d8458fb46-zdp9n,default,gpt2,580.178.04,GPU-d59cb1c4-ad97-d91a-6731-e7b5f38951a6
2026-10-09 01:59:36.264158,11007.0,12,1g.11gb,,,,580.178.04,GPU-d59cb1c4-ad97-d91a-6731-e7b5f38951a6
2026-10-09 01:59:36.264158,11008.0,13,1g.11gb,gpt2-inference-5d8458fb46-8g29c,default,gpt2,580.178.04,GPU-d59cb1c4-ad97-d91a-6731-e7b5f38951a6
2026-10-09 01:59:36.264158,11007.0,7,1g.11gb,,,,580.178.04,GPU-d59cb1c4-ad97-d91a-6731-e7b5f38951a6
2026-10-09 01:59:36.264158,11007.0,8,1g.11gb,,,,580.178.04,GPU-d59cb1c4-ad97-d91a-6731-e7b5f38951a6
2026-10-09 01:59:36.264158,11007.0,9,1g.11gb,,,,580.178.04,GPU-d59cb1c4-ad97-d91a-6731-e7b5f38951a6
2026-10-09 01:59:41.259720,11007.0,10,1g.11gb,,,,580.178.04,GPU-d59cb1c4-ad97-d91a-6731-e7b5f38951a6
2026-10-09 01:59:41.259720,11008.0,11,1g.11gb,gpt2-inference-5d8458fb46-zdp9n,default,gpt2,580.178.04,GPU-d59cb1c4-ad97-d91a-6731-e7b5f38951a6
2026-10-09 01:59:41.259720,11007.0,12,1g.11gb,,,,580.178.04,GPU-d59cb1c4-ad97-d91a-6731-e7b5f38951a6
2026-10-09 01:59:41.259720,11008.0,13,1g.11gb,gpt2-inference-5d8458fb46-8g29c,default,gpt2,580.178.04,GPU-d59cb1c4-ad97-d91a-6731-e7b5f38951a6
2026-10-09 01:59:41.259720,11007.0,7,1g.11gb,,,,580.178.04,GPU-d59cb1c4-ad97-d91a-6731-e7b5f38951a6
2026-10-09 01:59:41.259720,11007.0,8,1g.11gb,,,,580.178.04,GPU-d59cb1c4-ad97-d91a-6731-e7b5f38951a6
2026-10-09 01:59:41.259720,11007.0,9,1g.11gb,,,,580.178.04,GPU-d59cb1c4-ad97-d91a-6731-e7b5f38951a6
2026-10-09 01:59:46.264172,11007.0,10,1g.11gb,,,,580.178.04,GPU-d59cb1c4-ad97-d91a-6731-e7b5f38951a6
2026-10-09 01:59:46.264172,11008.0,11,1g.11gb,gpt2-inference-5d8458fb46-zdp9n,default,gpt2,580.178.04,GPU-d59cb1c4-ad97-d91a-6731-e7b5f38951a6
2026-10-09 01:59:46.264172,11007.0,12,1g.11gb,,,,580.178.04,GPU-d59cb1c4-ad97-d91a-6731-e7b5f38951a6
2026-10-09 01:59:46.264172,11008.0,13,1g.11gb,gpt2-inference-5d8458fb46-8g29c,default,gpt2,580.178.04,GPU-d59cb1c4-ad97-d91a-6731-e7b5f38951a6
2026-10-09 01:59:46.264172,11007.0,7,1g.11gb,,,,580.178.04,GPU-d59cb1c4-ad97-d91a-6731-e7b5f38951a6
2026-10-09 01:59:46.264172,11007.0,8,1g.11gb,,,,580.178.04,GPU-d59cb1c4-ad97-d91a-6731-e7b5f38951a6
2026-10-09 01:59:46.264172,11007.0,9,1g.11gb,,,,580.178.04,GPU-d59cb1c4-ad97-d91a-6731-e7b5f38951a6
2026-10-09 01:59:51.264164,11007.0,10,1g.11gb,,,,580.178.04,GPU-d59cb1c4-ad97-d91a-6731-e7b5f38951a6
2026-10-09 01:59:51.264164,11008.0,11,1g.11gb,gpt2-inference-5d8458fb46-zdp9n,default,gpt2,580.178.04,GPU-d59cb1c4-ad97-d91a-6731-e7b5f38951a6
2026-10-09 01:59:51.264164,11007.0,12,1g.11gb,,,,580.178.04,GPU-d59cb1c4-ad97-d91a-6731-e7b5f38951a6
2026-10-09 01:59:51.264164,11008.0,13,1g.11gb,gpt2-inference-5d8458fb46-8g29c,default,gpt2,580.178.04,GPU-d59cb1c4-ad97-d91a-6731-e7b5f38951a6
2026-10-09 01:59:51.264164,11007.0,7,1g.11gb,,,,580.178.04,GPU-d59cb1c4-ad97-d91a-6731-e7b5f38951a6
2026-10-09 01:59:51.264164,11007.0,8,1g.11gb,,,,580.178.04,GPU-d59cb1c4-ad97-d91a-6731-e7b5f38951a6
2026-10-09 01:59:51.264164,11007.0,9,1g.11gb,,,,580.178.04,GPU-d59cb1c4-ad97-d91a-6731-e7b5f38951a6
2026-10-09 01:59:56.259665,11007.0,10,1g.11gb,,,,580.178.04,GPU-d59cb1c4-ad97-d91a-6731-e7b5f38951a6
2026-10-09 01:59:56.259665,11008.0,11,1g.11gb,gpt2-inference-5d8458fb46-zdp9n,default,gpt2,580.178.04,GPU-d59cb1c4-ad97-d91a-6731-e7b5f38951a6
2026-10-09 01:59:56.259665,11007.0,12,1g.11gb,,,,580.178.04,GPU-d59cb1c4-ad97-d91a-6731-e7b5f38951a6
2026-10-09 01:59:56.259665,11008.0,13,1g.11gb,gpt2-inference-5d8458fb46-8g29c,default,gpt2,580.178.04,GPU-d59cb1c4-ad97-d91a-6731-e7b5f38951a6
2026-10-09 01:59:56.259665,11007.0,7,1g.11gb,,,,580.178.04,GPU-d59cb1c4-ad97-d91a-6731-e7b5f38951a6
2026-10-09 01:59:56.259665,11007.0,8,1g.11gb,,,,580.178.04,GPU-d59cb1c4-ad97-d91a-6731-e7b5f38951a6
2026-10-09 01:59:56.259665,11007.0,9,1g.11gb,,,,580.178.04,GPU-d59cb1c4-ad97-d91a-6731-e7b5f38951a6
2026-10-09 02:00:01.264168,11007.0,10,1g.11gb,,,,580.178.04,GPU-d59cb1c4-ad97-d91a-6731-e7b5f38951a6
2026-10-09 02:00:01.264168,11008.0,11,1g.11gb,gpt2-inference-5d8458fb46-zdp9n,default,gpt2,580.178.04,GPU-d59cb1c4-ad97-d91a-6731-e7b5f38951a6
2026-10-09 02:00:01.264168,11007.0,12,1g.11gb,,,,580.178.04,GPU-d59cb1c4-ad97-d91a-6731-e7b5f38951a6
2026-10-09 02:00:01.264168,11008.0,13,1g.11gb,gpt2-inference-5d8458fb46-8g29c,default,gpt2,580.178.04,GPU-d59cb1c4-ad97-d91a-6731-e7b5f38951a6
2026-10-09 02:00:01.264168,11007.0,7,1g.11gb,,,,580.178.04,GPU-d59cb1c4-ad97-d91a-6731-e7b5f38951a6
2026-10-09 02:00:01.264168,11007.0,8,1g.11gb,,,,580.178.04,GPU-d59cb1c4-ad97-d91a-6731-e7b5f38951a6
2026-10-09 02:00:01.264168,11007.0,9,1g.11gb,,,,580.178.04,GPU-d59cb1c4-ad97-d91a-6731-e7b5f38951a6
2026-10-09 02:00:06.261298,11007.0,10,1g.11gb,,,,580.178.04,GPU-d59cb1c4-ad97-d91a-6731-e7b5f38951a6
2026-10-09 02:00:06.261298,11008.0,11,1g.11gb,gpt2-inference-5d8458fb46-zdp9n,default,gpt2,580.178.04,GPU-d59cb1c4-ad97-d91a-6731-e7b5f38951a6
2026-10-09 02:00:06.261298,11007.0,12,1g.11gb,,,,580.178.04,GPU-d59cb1c4-ad97-d91a-6731-e7b5f38951a6
2026-10-09 02:00:06.261298,11008.0,13,1g.11gb,gpt2-inference-5d8458fb46-8g29c,default,gpt2,580.178.04,GPU-d59cb1c4-ad97-d91a-6731-e7b5f38951a6
2026-10-09 02:00:06.261298,11007.0,7,1g.11gb,,,,580.178.04,GPU-d59cb1c4-ad97-d91a-6731-e7b5f38951a6
2026-10-09 02:00:06.261298,11007.0,8,1g.11gb,,,,580.178.04,GPU-d59cb1c4-ad97-d91a-6731-e7b5f38951a6
2026-10-09 02:00:06.261298,11007.0,9,1g.11gb,,,,580.178.04,GPU-d59cb1c4-ad97-d91a-6731-e7b5f38951a6
2026-10-09 02:00:11.264163,11007.0,10,1g.11gb,,,,580.178.04,GPU-d59cb1c4-ad97-d91a-6731-e7b5f38951a6
2026-10-09 02:00:11.264163,11008.0,11,1g.11gb,gpt2-inference-5d8458fb46-zdp9n,default,gpt2,580.178.04,GPU-d59cb1c4-ad97-d91a-6731-e7b5f38951a6
2026-10-09 02:00:11.264163,11007.0,12,1g.11gb,,,,580.178.04,GPU-d59cb1c4-ad97-d91a-6731-e7b5f38951a6
2026-10-09 02:00:11.264163,11008.0,13,1g.11gb,gpt2-inference-5d8458fb46-8g29c,default,gpt2,580.178.04,GPU-d59cb1c4-ad97-d91a-6731-e7b5f38951a6
2026-10-09 02:00:11.264163,11007.0,7,1g.11gb,,,,580.178.04,GPU-d59cb1c4-ad97-d91a-6731-e7b5f38951a6
2026-10-09 02:00:11.264163,11007.0,8,1g.11gb,,,,580.178.04,GPU-d59cb1c4-ad97-d91a-6731-e7b5f38951a6
2026-10-09 02:00:11.264163,11007.0,9,1g.11gb,,,,580.178.04,GPU-d59cb1c4-ad97-d91a-6731-e7b5f38951a6
2026-10-09 02:00:16.263406,11007.0,10,1g.11gb,,,,580.178.04,GPU-d59cb1c4-ad97-d91a-6731-e7b5f38951a6
2026-10-09 02:00:16.263406,11008.0,11,1g.11gb,gpt2-inference-5d8458fb46-zdp9n,default,gpt2,580.178.04,GPU-d59cb1c4-ad97-d91a-6731-e7b5f38951a6
2026-10-09 02:00:16.263406,11007.0,12,1g.11gb,,,,580.178.04,GPU-d59cb1c4-ad97-d91a-6731-e7b5f38951a6
2026-10-09 02:00:16.263406,11008.0,13,1g.11gb,gpt2-inference-5d8458fb46-8g29c,default,gpt2,580.178.04,GPU-d59cb1c4-ad97-d91a-6731-e7b5f38951a6
2026-10-09 02:00:16.263406,11007.0,7,1g.11gb,,,,580.178.04,GPU-d59cb1c4-ad97-d91a-6731-e7b5f38951a6
2026-10-09 02:00:16.263406,11007.0,8,1g.11gb,,,,580.178.04,GPU-d59cb1c4-ad97-d91a-6731-e7b5f38951a6
2026-10-09 02:00:16.263406,11007.0,9,1g.11gb,,,,580.178.04,GPU-d59cb1c4-ad97-d91a-6731-e7b5f38951a6
2026-10-09 02:00:21.263629,11007.0,10,1g.11gb,,,,580.178.04,GPU-d59cb1c4-ad97-d91a-6731-e7b5f38951a6
2026-10-09 02:00:21.263629,11008.0,11,1g.11gb,gpt2-inference-5d8458fb46-zdp9n,default,gpt2,580.178.04,GPU-d59cb1c4-ad97-d91a-6731-e7b5f38951a6
2026-10-09 02:00:21.263629,11007.0,12,1g.11gb,,,,580.178.04,GPU-d59cb1c4-ad97-d91a-6731-e7b5f38951a6
2026-10-09 02:00:21.263629,11008.0,13,1g.11gb,gpt2-inference-5d8458fb46-8g29c,default,gpt2,580.178.04,GPU-d59cb1c4-ad97-d91a-6731-e7b5f38951a6
2026-10-09 02:00:21.263629,11007.0,7,1g.11gb,,,,580.178.04,GPU-d59cb1c4-ad97-d91a-6731-e7b5f38951a6
2026-10-09 02:00:21.263629,11007.0,8,1g.11gb,,,,580.178.04,GPU-d59cb1c4-ad97-d91a-6731-e7b5f38951a6
2026-10-09 02:00:21.263629,11007.0,9,1g.11gb,,,,580.178.04,GPU-d59cb1c4-ad97-d91a-6731-e7b5f38951a6
2026-10-09 02:00:26.259950,11007.0,10,1g.11gb,,,,580.178.04,GPU-d59cb1c4-ad97-d91a-6731-e7b5f38951a6
2026-10-09 02:00:26.259950,11008.0,11,1g.11gb,gpt2-inference-5d8458fb46-zdp9n,default,gpt2,580.178.04,GPU-d59cb1c4-ad97-d91a-6731-e7b5f38951a6
2026-10-09 02:00:26.259950,11007.0,12,1g.11gb,,,,580.178.04,GPU-d59cb1c4-ad97-d91a-6731-e7b5f38951a6
2026-10-09 02:00:26.259950,11008.0,13,1g.11gb,gpt2-inference-5d8458fb46-8g29c,default,gpt2,580.178.04,GPU-d59cb1c4-ad97-d91a-6731-e7b5f38951a6
2026-10-09 02:00:26.259950,11007.0,7,1g.11gb,,,,580.178.04,GPU-d59cb1c4-ad97-d91a-6731-e7b5f38951a6
2026-10-09 02:00:26.259950,11007.0,8,1g.11gb,,,,580.178.04,GPU-d59cb1c4-ad97-d91a-6731-e7b5f38951a6
2026-10-09 02:00:26.259950,11007.0,9,1g.11gb,,,,580.178.04,GPU-d59cb1c4-ad97-d91a-6731-e7b5f38951a6
2026-10-09 02:00:31.264212,11007.0,10,1g.11gb,,,,580.178.04,GPU-d59cb1c4-ad97-d91a-6731-e7b5f38951a6
2026-10-09 02:00:31.264212,11008.0,11,1g.11gb,gpt2-inference-5d8458fb46-zdp9n,default,gpt2,580.178.04,GPU-d59cb1c4-ad97-d91a-6731-e7b5f38951a6
2026-10-09 02:00:31.264212,11007.0,12,1g.11gb,,,,580.178.04,GPU-d59cb1c4-ad97-d91a-6731-e7b5f38951a6
2026-10-09 02:00:31.264212,11008.0,13,1g.11gb,gpt2-inference-5d8458fb46-8g29c,default,gpt2,580.178.04,GPU-d59cb1c4-ad97-d91a-6731-e7b5f38951a6
2026-10-09 02:00:31.264212,11007.0,7,1g.11gb,,,,580.178.04,GPU-d59cb1c4-ad97-d91a-6731-e7b5f38951a6
2026-10-09 02:00:31.264212,11007.0,8,1g.11gb,,,,580.178.04,GPU-d59cb1c4-ad97-d91a-6731-e7b5f38951a6
2026-10-09 02:00:31.264212,11007.0,9,1g.11gb,,,,580.178.04,GPU-d59cb1c4-ad97-d91a-6731-e7b5f38951a6
2026-10-09 02:00:36.262647,11007.0,10,1g.11gb,,,,580.178.04,GPU-d59cb1c4-ad97-d91a-6731-e7b5f38951a6
2026-10-09 02:00:36.262647,11008.0,11,1g.11gb,gpt2-inference-5d8458fb46-zdp9n,default,gpt2,580.178.04,GPU-d59cb1c4-ad97-d91a-6731-e7b5f38951a6
2026-10-09 02:00:36.262647,11007.0,12,1g.11gb,,,,580.178.04,GPU-d59cb1c4-ad97-d91a-6731-e7b5f38951a6
2026-10-09 02:00:36.262647,11008.0,13,1g.11gb,gpt2-inference-5d8458fb46-8g29c,default,gpt2,580.178.04,GPU-d59cb1c4-ad97-d91a-6731-e7b5f38951a6
2026-10-09 02:00:36.262647,11007.0,7,1g.11gb,,,,580.178.04,GPU-d59cb1c4-ad97-d91a-6731-e7b5f38951a6
2026-10-09 02:00:36.262647,11007.0,8,1g.11gb,,,,580.178.04,GPU-d59cb1c4-ad97-d91a-6731-e7b5f38951a6
2026-10-09 02:00:36.262647,11007.0,9,1g.11gb,,,,580.178.04,GPU-d59cb1c4-ad97-d91a-6731-e7b5f38951a6
2026-10-09 02:00:41.264189,11007.0,10,1g.11gb,,,,580.178.04,GPU-d59cb1c4-ad97-d91a-6731-e7b5f38951a6
2026-10-09 02:00:41.264189,11008.0,11,1g.11gb,gpt2-inference-5d8458fb46-zdp9n,default,gpt2,580.178.04,GPU-d59cb1c4-ad97-d91a-6731-e7b5f38951a6
2026-10-09 02:00:41.264189,11007.0,12,1g.11gb,,,,580.178.04,GPU-d59cb1c4-ad97-d91a-6731-e7b5f38951a6
2026-10-09 02:00:41.264189,11008.0,13,1g.11gb,gpt2-inference-5d8458fb46-8g29c,default,gpt2,580.178.04,GPU-d59cb1c4-ad97-d91a-6731-e7b5f38951a6
2026-10-09 02:00:41.264189,11007.0,7,1g.11gb,,,,580.178.04,GPU-d59cb1c4-ad97-d91a-6731-e7b5f38951a6
2026-10-09 02:00:41.264189,11007.0,8,1g.11gb,,,,580.178.04,GPU-d59cb1c4-ad97-d91a-6731-e7b5f38951a6
2026-10-09 02:00:41.264189,11007.0,9,1g.11gb,,,,580.178.04,GPU-d59cb1c4-ad97-d91a-6731-e7b5f38951a6
2026-10-09 02:00:46.263644,11007.0,10,1g.11gb,,,,580.178.04,GPU-d59cb1c4-ad97-d91a-6731-e7b5f38951a6
2026-10-09 02:00:46.263644,11008.0,11,1g.11gb,gpt2-inference-5d8458fb46-zdp9n,default,gpt2,580.178.04,GPU-d59cb1c4-ad97-d91a-6731-e7b5f38951a6
2026-10-09 02:00:46.263644,11007.0,12,1g.11gb,,,,580.178.04,GPU-d59cb1c4-ad97-d91a-6731-e7b5f38951a6
2026-10-09 02:00:46.263644,11008.0,13,1g.11gb,gpt2-inference-5d8458fb46-8g29c,default,gpt2,580.178.04,GPU-d59cb1c4-ad97-d91a-6731-e7b5f38951a6
2026-10-09 02:00:46.263644,11007.0,7,1g.11gb,,,,580.178.04,GPU-d59cb1c4-ad97-d91a-6731-e7b5f38951a6
2026-10-09 02:00:46.263644,11007.0,8,1g.11gb,,,,580.178.04,GPU-d59cb1c4-ad97-d91a-6731-e7b5f38951a6
2026-10-09 02:00:46.263644,11007.0,9,1g.11gb,,,,580.178.04,GPU-d59cb1c4-ad97-d91a-6731-e7b5f38951a6
2026-10-09 02:00:51.264166,11007.0,10,1g.11gb,,,,580.178.04,GPU-d59cb1c4-ad97-d91a-6731-e7b5f38951a6
2026-10-09 02:00:51.264166,11008.0,11,1g.11gb,gpt2-inference-5d8458fb46-zdp9n,default,gpt2,580.178.04,GPU-d59cb1c4-ad97-d91a-6731-e7b5f38951a6
2026-10-09 02:00:51.264166,11007.0,12,1g.11gb,,,,580.178.04,GPU-d59cb1c4-ad97-d91a-6731-e7b5f38951a6
2026-10-09 02:00:51.264166,11008.0,13,1g.11gb,gpt2-inference-5d8458fb46-8g29c,default,gpt2,580.178.04,GPU-d59cb1c4-ad97-d91a-6731-e7b5f38951a6
2026-10-09 02:00:51.264166,11007.0,7,1g.11gb,,,,580.178.04,GPU-d59cb1c4-ad97-d91a-6731-e7b5f38951a6
2026-10-09 02:00:51.264166,11007.0,8,1g.11gb,,,,580.178.04,GPU-d59cb1c4-ad97-d91a-6731-e7b5f38951a6
2026-10-09 02:00:51.264166,11007.0,9,1g.11gb,,,,580.178.04,GPU-d59cb1c4-ad97-d91a-6731-e7b5f38951a6
2026-10-09 02:00:56.260309,11007.0,10,1g.11gb,,,,580.178.04,GPU-d59cb1c4-ad97-d91a-6731-e7b5f38951a6
2026-10-09 02:00:56.260309,11008.0,11,1g.11gb,gpt2-inference-5d8458fb46-zdp9n,default,gpt2,580.178.04,GPU-d59cb1c4-ad97-d91a-6731-e7b5f38951a6
2026-10-09 02:00:56.260309,11007.0,12,1g.11gb,,,,580.178.04,GPU-d59cb1c4-ad97-d91a-6731-e7b5f38951a6
2026-10-09 02:00:56.260309,11008.0,13,1g.11gb,gpt2-inference-5d8458fb46-8g29c,default,gpt2,580.178.04,GPU-d59cb1c4-ad97-d91a-6731-e7b5f38951a6
2026-10-09 02:00:56.260309,11007.0,7,1g.11gb,,,,580.178.04,GPU-d59cb1c4-ad97-d91a-6731-e7b5f38951a6
2026-10-09 02:00:56.260309,11007.0,8,1g.11gb,,,,580.178.04,GPU-d59cb1c4-ad97-d91a-6731-e7b5f38951a6
2026-10-09 02:00:56.260309,11007.0,9,1g.11gb,,,,580.178.04,GPU-d59cb1c4-ad97-d91a-6731-e7b5f38951a6
2026-10-09 02:01:01.260402,11007.0,10,1g.11gb,,,,580.178.04,GPU-d59cb1c4-ad97-d91a-6731-e7b5f38951a6
2026-10-09 02:01:01.260402,11008.0,11,1g.11gb,gpt2-inference-5d8458fb46-zdp9n,default,gpt2,580.178.04,GPU-d59cb1c4-ad97-d91a-6731-e7b5f38951a6
2026-10-09 02:01:01.260402,11007.0,12,1g.11gb,,,,580.178.04,GPU-d59cb1c4-ad97-d91a-6731-e7b5f38951a6
2026-10-09 02:01:01.260402,11008.0,13,1g.11gb,gpt2-inference-5d8458fb46-8g29c,default,gpt2,580.178.04,GPU-d59cb1c4-ad97-d91a-6731-e7b5f38951a6
2026-10-09 02:01:01.260402,11007.0,7,1g.11gb,,,,580.178.04,GPU-d59cb1c4-ad97-d91a-6731-e7b5f38951a6
2026-10-09 02:01:01.260402,11007.0,8,1g.11gb,,,,580.178.04,GPU-d59cb1c4-ad97-d91a-6731-e7b5f38951a6
2026-10-09 02:01:01.260402,11007.0,9,1g.11gb,,,,580.178.04,GPU-d59cb1c4-ad97-d91a-6731-e7b5f38951a6
2026-10-09 02:01:06.259844,11007.0,10,1g.11gb,,,,580.178.04,GPU-d59cb1c4-ad97-d91a-6731-e7b5f38951a6
2026-10-09 02:01:06.259844,11008.0,11,1g.11gb,gpt2-inference-5d8458fb46-zdp9n,default,gpt2,580.178.04,GPU-d59cb1c4-ad97-d91a-6731-e7b5f38951a6
2026-10-09 02:01:06.259844,11007.0,12,1g.11gb,,,,580.178.04,GPU-d59cb1c4-ad97-d91a-6731-e7b5f38951a6
2026-10-09 02:01:06.259844,11008.0,13,1g.11gb,gpt2-inference-5d8458fb46-8g29c,default,gpt2,580.178.04,GPU-d59cb1c4-ad97-d91a-6731-e7b5f38951a6
2026-10-09 02:01:06.259844,11007.0,7,1g.11gb,,,,580.178.04,GPU-d59cb1c4-ad97-d91a-6731-e7b5f38951a6
2026-10-09 02:01:06.259844,11007.0,8,1g.11gb,,,,580.178.04,GPU-d59cb1c4-ad97-d91a-6731-e7b5f38951a6
2026-10-09 02:01:06.259844,11007.0,9,1g.11gb,,,,580.178.04,GPU-d59cb1c4-ad97-d91a-6731-e7b5f38951a6
2026-10-09 02:01:11.264203,11007.0,10,1g.11gb,,,,580.178.04,GPU-d59cb1c4-ad97-d91a-6731-e7b5f38951a6
2026-10-09 02:01:11.264203,11008.0,11,1g.11gb,gpt2-inference-5d8458fb46-zdp9n,default,gpt2,580.178.04,GPU-d59cb1c4-ad97-d91a-6731-e7b5f38951a6
2026-10-09 02:01:11.264203,11007.0,12,1g.11gb,,,,580.178.04,GPU-d59cb1c4-ad97-d91a-6731-e7b5f38951a6
2026-10-09 02:01:11.264203,11008.0,13,1g.11gb,gpt2-inference-5d8458fb46-8g29c,default,gpt2,580.178.04,GPU-d59cb1c4-ad97-d91a-6731-e7b5f38951a6
2026-10-09 02:01:11.264203,11007.0,7,1g.11gb,,,,580.178.04,GPU-d59cb1c4-ad97-d91a-6731-e7b5f38951a6
2026-10-09 02:01:11.264203,11007.0,8,1g.11gb,,,,580.178.04,GPU-d59cb1c4-ad97-d91a-6731-e7b5f38951a6
2026-10-09 02:01:11.264203,11007.0,9,1g.11gb,,,,580.178.04,GPU-d59cb1c4-ad97-d91a-6731-e7b5f38951a6
2026-10-09 02:01:16.264170,11007.0,10,1g.11gb,,,,580.178.04,GPU-d59cb1c4-ad97-d91a-6731-e7b5f38951a6
2026-10-09 02:01:16.264170,11008.0,11,1g.11gb,gpt2-inference-5d8458fb46-zdp9n,default,gpt2,580.178.04,GPU-d59cb1c4-ad97-d91a-6731-e7b5f38951a6
2026-10-09 02:01:16.264170,11007.0,12,1g.11gb,,,,580.178.04,GPU-d59cb1c4-ad97-d91a-6731-e7b5f38951a6
2026-10-09 02:01:16.264170,11008.0,13,1g.11gb,gpt2-inference-5d8458fb46-8g29c,default,gpt2,580.178.04,GPU-d59cb1c4-ad97-d91a-6731-e7b5f38951a6
2026-10-09 02:01:16.264170,11007.0,7,1g.11gb,,,,580.178.04,GPU-d59cb1c4-ad97-d91a-6731-e7b5f38951a6
2026-10-09 02:01:16.264170,11007.0,8,1g.11gb,,,,580.178.04,GPU-d59cb1c4-ad97-d91a-6731-e7b5f38951a6
2026-10-09 02:01:16.264170,11007.0,9,1g.11gb,,,,580.178.04,GPU-d59cb1c4-ad97-d91a-6731-e7b5f38951a6
2026-10-09 02:01:21.264170,11007.0,10,1g.11gb,,,,580.178.04,GPU-d59cb1c4-ad97-d91a-6731-e7b5f38951a6
2026-10-09 02:01:21.264170,11008.0,11,1g.11gb,gpt2-inference-5d8458fb46-zdp9n,default,gpt2,580.178.04,GPU-d59cb1c4-ad97-d91a-6731-e7b5f38951a6
2026-10-09 02:01:21.264170,11007.0,12,1g.11gb,,,,580.178.04,GPU-d59cb1c4-ad97-d91a-6731-e7b5f38951a6
2026-10-09 02:01:21.264170,11008.0,13,1g.11gb,gpt2-inference-5d8458fb46-8g29c,default,gpt2,580.178.04,GPU-d59cb1c4-ad97-d91a-6731-e7b5f38951a6
2026-10-09 02:01:21.264170,11007.0,7,1g.11gb,,,,580.178.04,GPU-d59cb1c4-ad97-d91a-6731-e7b5f38951a6
2026-10-09 02:01:21.264170,11007.0,8,1g.11gb,,,,580.178.04,GPU-d59cb1c4-ad97-d91a-6731-e7b5f38951a6
2026-10-09 02:01:21.264170,11007.0,9,1g.11gb,,,,580.178.04,GPU-d59cb1c4-ad97-d91a-6731-e7b5f38951a6
2026-10-09 02:01:26.260992,11007.0,10,1g.11gb,,,,580.178.04,GPU-d59cb1c4-ad97-d91a-6731-e7b5f38951a6
2026-10-09 02:01:26.260992,11008.0,11,1g.11gb,gpt2-inference-5d8458fb46-zdp9n,default,gpt2,580.178.04,GPU-d59cb1c4-ad97-d91a-6731-e7b5f38951a6
2026-10-09 02:01:26.260992,11007.0,12,1g.11gb,,,,580.178.04,GPU-d59cb1c4-ad97-d91a-6731-e7b5f38951a6
2026-10-09 02:01:26.260992,11008.0,13,1g.11gb,gpt2-inference-5d8458fb46-8g29c,default,gpt2,580.178.04,GPU-d59cb1c4-ad97-d91a-6731-e7b5f38951a6
2026-10-09 02:01:26.260992,11007.0,7,1g.11gb,,,,580.178.04,GPU-d59cb1c4-ad97-d91a-6731-e7b5f38951a6
2026-10-09 02:01:26.260992,11007.0,8,1g.11gb,,,,580.178.04,GPU-d59cb1c4-ad97-d91a-6731-e7b5f38951a6
2026-10-09 02:01:26.260992,11007.0,9,1g.11gb,,,,580.178.04,GPU-d59cb1c4-ad97-d91a-6731-e7b5f38951a6
2026-10-09 02:01:31.264171,11007.0,10,1g.11gb,,,,580.178.04,GPU-d59cb1c4-ad97-d91a-6731-e7b5f38951a6
2026-10-09 02:01:31.264171,11008.0,11,1g.11gb,gpt2-inference-5d8458fb46-zdp9n,default,gpt2,580.178.04,GPU-d59cb1c4-ad97-d91a-6731-e7b5f38951a6
2026-10-09 02:01:31.264171,11007.0,12,1g.11gb,,,,580.178.04,GPU-d59cb1c4-ad97-d91a-6731-e7b5f38951a6
2026-10-09 02:01:31.264171,11008.0,13,1g.11gb,gpt2-inference-5d8458fb46-8g29c,default,gpt2,580.178.04,GPU-d59cb1c4-ad97-d91a-6731-e7b5f38951a6
2026-10-09 02:01:31.264171,11007.0,7,1g.11gb,,,,580.178.04,GPU-d59cb1c4-ad97-d91a-6731-e7b5f38951a6
2026-10-09 02:01:31.264171,11007.0,8,1g.11gb,,,,580.178.04,GPU-d59cb1c4-ad97-d91a-6731-e7b5f38951a6
2026-10-09 02:01:31.264171,11007.0,9,1g.11gb,,,,580.178.04,GPU-d59cb1c4-ad97-d91a-6731-e7b5f38951a6
2026-10-09 02:01:36.264223,11007.0,10,1g.11gb,,,,580.178.04,GPU-d59cb1c4-ad97-d91a-6731-e7b5f38951a6
2026-10-09 02:01:36.264223,11008.0,11,1g.11gb,gpt2-inference-5d8458fb46-zdp9n,default,gpt2,580.178.04,GPU-d59cb1c4-ad97-d91a-6731-e7b5f38951a6
2026-10-09 02:01:36.264223,11007.0,12,1g.11gb,,,,580.178.04,GPU-d59cb1c4-ad97-d91a-6731-e7b5f38951a6
2026-10-09 02:01:36.264223,11008.0,13,1g.11gb,gpt2-inference-5d8458fb46-8g29c,default,gpt2,580.178.04,GPU-d59cb1c4-ad97-d91a-6731-e7b5f38951a6
2026-10-09 02:01:36.264223,11007.0,7,1g.11gb,,,,580.178.04,GPU-d59cb1c4-ad97-d91a-6731-e7b5f38951a6
2026-10-09 02:01:36.264223,11007.0,8,1g.11gb,,,,580.178.04,GPU-d59cb1c4-ad97-d91a-6731-e7b5f38951a6
2026-10-09 02:01:36.264223,11007.0,9,1g.11gb,,,,580.178.04,GPU-d59cb1c4-ad97-d91a-6731-e7b5f38951a6
2026-10-09 02:01:41.263648,11007.0,10,1g.11gb,,,,580.178.04,GPU-d59cb1c4-ad97-d91a-6731-e7b5f38951a6
2026-10-09 02:01:41.263648,11008.0,11,1g.11gb,gpt2-inference-5d8458fb46-zdp9n,default,gpt2,580.178.04,GPU-d59cb1c4-ad97-d91a-6731-e7b5f38951a6
2026-10-09 02:01:41.263648,11007.0,12,1g.11gb,,,,580.178.04,GPU-d59cb1c4-ad97-d91a-6731-e7b5f38951a6
2026-10-09 02:01:41.263648,11008.0,13,1g.11gb,gpt2-inference-5d8458fb46-8g29c,default,gpt2,580.178.04,GPU-d59cb1c4-ad97-d91a-6731-e7b5f38951a6
2026-10-09 02:01:41.263648,11007.0,7,1g.11gb,,,,580.178.04,GPU-d59cb1c4-ad97-d91a-6731-e7b5f38951a6
2026-10-09 02:01:41.263648,11007.0,8,1g.11gb,,,,580.178.04,GPU-d59cb1c4-ad97-d91a-6731-e7b5f38951a6
2026-10-09 02:01:41.263648,11007.0,9,1g.11gb,,,,580.178.04,GPU-d59cb1c4-ad97-d91a-6731-e7b5f38951a6
2026-10-09 02:01:46.264166,11007.0,10,1g.11gb,,,,580.178.04,GPU-d59cb1c4-ad97-d91a-6731-e7b5f38951a6
2026-10-09 02:01:46.264166,11008.0,11,1g.11gb,gpt2-inference-5d8458fb46-zdp9n,default,gpt2,580.178.04,GPU-d59cb1c4-ad97-d91a-6731-e7b5f38951a6
2026-10-09 02:01:46.264166,11007.0,12,1g.11gb,,,,580.178.04,GPU-d59cb1c4-ad97-d91a-6731-e7b5f38951a6
2026-10-09 02:01:46.264166,11008.0,13,1g.11gb,gpt2-inference-5d8458fb46-8g29c,default,gpt2,580.178.04,GPU-d59cb1c4-ad97-d91a-6731-e7b5f38951a6
2026-10-09 02:01:46.264166,11007.0,7,1g.11gb,,,,580.178.04,GPU-d59cb1c4-ad97-d91a-6731-e7b5f38951a6
2026-10-09 02:01:46.264166,11007.0,8,1g.11gb,,,,580.178.04,GPU-d59cb1c4-ad97-d91a-6731-e7b5f38951a6
2026-10-09 02:01:46.264166,11007.0,9,1g.11gb,,,,580.178.04,GPU-d59cb1c4-ad97-d91a-6731-e7b5f38951a6
2026-10-09 02:01:51.262995,11007.0,10,1g.11gb,,,,580.178.04,GPU-d59cb1c4-ad97-d91a-6731-e7b5f38951a6
2026-10-09 02:01:51.262995,11008.0,11,1g.11gb,gpt2-inference-5d8458fb46-zdp9n,default,gpt2,580.178.04,GPU-d59cb1c4-ad97-d91a-6731-e7b5f38951a6
2026-10-09 02:01:51.262995,11007.0,12,1g.11gb,,,,580.178.04,GPU-d59cb1c4-ad97-d91a-6731-e7b5f38951a6
2026-10-09 02:01:51.262995,11008.0,13,1g.11gb,gpt2-inference-5d8458fb46-8g29c,default,gpt2,580.178.04,GPU-d59cb1c4-ad97-d91a-6731-e7b5f38951a6
2026-10-09 02:01:51.262995,11007.0,7,1g.11gb,,,,580.178.04,GPU-d59cb1c4-ad97-d91a-6731-e7b5f38951a6
2026-10-09 02:01:51.262995,11007.0,8,1g.11gb,,,,580.178.04,GPU-d59cb1c4-ad97-d91a-6731-e7b5f38951a6
2026-10-09 02:01:51.262995,11007.0,9,1g.11gb,,,,580.178.04,GPU-d59cb1c4-ad97-d91a-6731-e7b5f38951a6
2026-10-09 02:01:56.263649,11007.0,10,1g.11gb,,,,580.178.04,GPU-d59cb1c4-ad97-d91a-6731-e7b5f38951a6
2026-10-09 02:01:56.263649,11008.0,11,1g.11gb,gpt2-inference-5d8458fb46-zdp9n,default,gpt2,580.178.04,GPU-d59cb1c4-ad97-d91a-6731-e7b5f38951a6
2026-10-09 02:01:56.263649,11007.0,12,1g.11gb,,,,580.178.04,GPU-d59cb1c4-ad97-d91a-6731-e7b5f38951a6
2026-10-09 02:01:56.263649,11008.0,13,1g.11gb,gpt2-inference-5d8458fb46-8g29c,default,gpt2,580.178.04,GPU-d59cb1c4-ad97-d91a-6731-e7b5f38951a6
2026-10-09 02:01:56.263649,11007.0,7,1g.11gb,,,,580.178.04,GPU-d59cb1c4-ad97-d91a-6731-e7b5f38951a6
2026-10-09 02:01:56.263649,11007.0,8,1g.11gb,,,,580.178.04,GPU-d59cb1c4-ad97-d91a-6731-e7b5f38951a6
2026-10-09 02:01:56.263649,11007.0,9,1g.11gb,,,,580.178.04,GPU-d59cb1c4-ad97-d91a-6731-e7b5f38951a6
2026-10-09 02:02:01.260411,11007.0,10,1g.11gb,,,,580.178.04,GPU-d59cb1c4-ad97-d91a-6731-e7b5f38951a6
2026-10-09 02:02:01.260411,11008.0,11,1g.11gb,gpt2-inference-5d8458fb46-zdp9n,default,gpt2,580.178.04,GPU-d59cb1c4-ad97-d91a-6731-e7b5f38951a6
2026-10-09 02:02:01.260411,11007.0,12,1g.11gb,,,,580.178.04,GPU-d59cb1c4-ad97-d91a-6731-e7b5f38951a6
2026-10-09 02:02:01.260411,11008.0,13,1g.11gb,gpt2-inference-5d8458fb46-8g29c,default,gpt2,580.178.04,GPU-d59cb1c4-ad97-d91a-6731-e7b5f38951a6
2026-10-09 02:02:01.260411,11007.0,7,1g.11gb,,,,580.178.04,GPU-d59cb1c4-ad97-d91a-6731-e7b5f38951a6
2026-10-09 02:02:01.260411,11007.0,8,1g.11gb,,,,580.178.04,GPU-d59cb1c4-ad97-d91a-6731-e7b5f38951a6
2026-10-09 02:02:01.260411,11007.0,9,1g.11gb,,,,580.178.04,GPU-d59cb1c4-ad97-d91a-6731-e7b5f38951a6
2026-10-09 02:02:06.264167,11007.0,10,1g.11gb,,,,580.178.04,GPU-d59cb1c4-ad97-d91a-6731-e7b5f38951a6
2026-10-09 02:02:06.264167,11008.0,11,1g.11gb,gpt2-inference-5d8458fb46-zdp9n,default,gpt2,580.178.04,GPU-d59cb1c4-ad97-d91a-6731-e7b5f38951a6
2026-10-09 02:02:06.264167,11007.0,12,1g.11gb,,,,580.178.04,GPU-d59cb1c4-ad97-d91a-6731-e7b5f38951a6
2026-10-09 02:02:06.264167,11008.0,13,1g.11gb,gpt2-inference-5d8458fb46-8g29c,default,gpt2,580.178.04,GPU-d59cb1c4-ad97-d91a-6731-e7b5f38951a6
2026-10-09 02:02:06.264167,11007.0,7,1g.11gb,,,,580.178.04,GPU-d59cb1c4-ad97-d91a-6731-e7b5f38951a6
2026-10-09 02:02:06.264167,11007.0,8,1g.11gb,,,,580.178.04,GPU-d59cb1c4-ad97-d91a-6731-e7b5f38951a6
2026-10-09 02:02:06.264167,11007.0,9,1g.11gb,,,,580.178.04,GPU-d59cb1c4-ad97-d91a-6731-e7b5f38951a6
2026-10-09 02:02:11.259739,11007.0,10,1g.11gb,,,,580.178.04,GPU-d59cb1c4-ad97-d91a-6731-e7b5f38951a6
2026-10-09 02:02:11.259739,11008.0,11,1g.11gb,gpt2-inference-5d8458fb46-zdp9n,default,gpt2,580.178.04,GPU-d59cb1c4-ad97-d91a-6731-e7b5f38951a6
2026-10-09 02:02:11.259739,11007.0,12,1g.11gb,,,,580.178.04,GPU-d59cb1c4-ad97-d91a-6731-e7b5f38951a6
2026-10-09 02:02:11.259739,11008.0,13,1g.11gb,gpt2-inference-5d8458fb46-8g29c,default,gpt2,580.178.04,GPU-d59cb1c4-ad97-d91a-6731-e7b5f38951a6
2026-10-09 02:02:11.259739,11007.0,7,1g.11gb,,,,580.178.04,GPU-d59cb1c4-ad97-d91a-6731-e7b5f38951a6
2026-10-09 02:02:11.259739,11007.0,8,1g.11gb,,,,580.178.04,GPU-d59cb1c4-ad97-d91a-6731-e7b5f38951a6
2026-10-09 02:02:11.259739,11007.0,9,1g.11gb,,,,580.178.04,GPU-d59cb1c4-ad97-d91a-6731-e7b5f38951a6
2026-10-09 02:02:16.264195,11007.0,10,1g.11gb,,,,580.178.04,GPU-d59cb1c4-ad97-d91a-6731-e7b5f38951a6
2026-10-09 02:02:16.264195,11008.0,11,1g.11gb,gpt2-inference-5d8458fb46-zdp9n,default,gpt2,580.178.04,GPU-d59cb1c4-ad97-d91a-6731-e7b5f38951a6
2026-10-09 02:02:16.264195,11007.0,12,1g.11gb,,,,580.178.04,GPU-d59cb1c4-ad97-d91a-6731-e7b5f38951a6
2026-10-09 02:02:16.264195,11008.0,13,1g.11gb,gpt2-inference-5d8458fb46-8g29c,default,gpt2,580.178.04,GPU-d59cb1c4-ad97-d91a-6731-e7b5f38951a6
2026-10-09 02:02:16.264195,11007.0,7,1g.11gb,,,,580.178.04,GPU-d59cb1c4-ad97-d91a-6731-e7b5f38951a6
2026-10-09 02:02:16.264195,11007.0,8,1g.11gb,,,,580.178.04,GPU-d59cb1c4-ad97-d91a-6731-e7b5f38951a6
2026-10-09 02:02:16.264195,11007.0,9,1g.11gb,,,,580.178.04,GPU-d59cb1c4-ad97-d91a-6731-e7b5f38951a6
2026-10-09 02:02:21.264181,11007.0,10,1g.11gb,,,,580.178.04,GPU-d59cb1c4-ad97-d91a-6731-e7b5f38951a6
2026-10-09 02:02:21.264181,11008.0,11,1g.11gb,gpt2-inference-5d8458fb46-zdp9n,default,gpt2,580.178.04,GPU-d59cb1c4-ad97-d91a-6731-e7b5f38951a6
2026-10-09 02:02:21.264181,11007.0,12,1g.11gb,,,,580.178.04,GPU-d59cb1c4-ad97-d91a-6731-e7b5f38951a6
2026-10-09 02:02:21.264181,11008.0,13,1g.11gb,gpt2-inference-5d8458fb46-8g29c,default,gpt2,580.178.04,GPU-d59cb1c4-ad97-d91a-6731-e7b5f38951a6
2026-10-09 02:02:21.264181,11007.0,7,1g.11gb,,,,580.178.04,GPU-d59cb1c4-ad97-d91a-6731-e7b5f38951a6
2026-10-09 02:02:21.264181,11007.0,8,1g.11gb,,,,580.178.04,GPU-d59cb1c4-ad97-d91a-6731-e7b5f38951a6
2026-10-09 02:02:21.264181,11007.0,9,1g.11gb,,,,580.178.04,GPU-d59cb1c4-ad97-d91a-6731-e7b5f38951a6
2026-10-09 02:02:26.259978,11007.0,10,1g.11gb,,,,580.178.04,GPU-d59cb1c4-ad97-d91a-6731-e7b5f38951a6
2026-10-09 02:02:26.259978,11008.0,11,1g.11gb,gpt2-inference-5d8458fb46-zdp9n,default,gpt2,580.178.04,GPU-d59cb1c4-ad97-d91a-6731-e7b5f38951a6
2026-10-09 02:02:26.259978,11007.0,12,1g.11gb,,,,580.178.04,GPU-d59cb1c4-ad97-d91a-6731-e7b5f38951a6
2026-10-09 02:02:26.259978,11008.0,13,1g.11gb,gpt2-inference-5d8458fb46-8g29c,default,gpt2,580.178.04,GPU-d59cb1c4-ad97-d91a-6731-e7b5f38951a6
2026-10-09 02:02:26.259978,11007.0,7,1g.11gb,,,,580.178.04,GPU-d59cb1c4-ad97-d91a-6731-e7b5f38951a6
2026-10-09 02:02:26.259978,11007.0,8,1g.11gb,,,,580.178.04,GPU-d59cb1c4-ad97-d91a-6731-e7b5f38951a6
2026-10-09 02:02:26.259978,11007.0,9,1g.11gb,,,,580.178.04,GPU-d59cb1c4-ad97-d91a-6731-e7b5f38951a6
2026-10-09 02:02:31.264161,11007.0,10,1g.11gb,,,,580.178.04,GPU-d59cb1c4-ad97-d91a-6731-e7b5f38951a6
2026-10-09 02:02:31.264161,11008.0,11,1g.11gb,gpt2-inference-5d8458fb46-zdp9n,default,gpt2,580.178.04,GPU-d59cb1c4-ad97-d91a-6731-e7b5f38951a6
2026-10-09 02:02:31.264161,11007.0,12,1g.11gb,,,,580.178.04,GPU-d59cb1c4-ad97-d91a-6731-e7b5f38951a6
2026-10-09 02:02:31.264161,11008.0,13,1g.11gb,gpt2-inference-5d8458fb46-8g29c,default,gpt2,580.178.04,GPU-d59cb1c4-ad97-d91a-6731-e7b5f38951a6
2026-10-09 02:02:31.264161,11007.0,7,1g.11gb,,,,580.178.04,GPU-d59cb1c4-ad97-d91a-6731-e7b5f38951a6
2026-10-09 02:02:31.264161,11007.0,8,1g.11gb,,,,580.178.04,GPU-d59cb1c4-ad97-d91a-6731-e7b5f38951a6
2026-10-09 02:02:31.264161,11007.0,9,1g.11gb,,,,580.178.04,GPU-d59cb1c4-ad97-d91a-6731-e7b5f38951a6
2026-10-09 02:02:36.264165,11007.0,10,1g.11gb,,,,580.178.04,GPU-d59cb1c4-ad97-d91a-6731-e7b5f38951a6
2026-10-09 02:02:36.264165,11008.0,11,1g.11gb,gpt2-inference-5d8458fb46-zdp9n,default,gpt2,580.178.04,GPU-d59cb1c4-ad97-d91a-6731-e7b5f38951a6
2026-10-09 02:02:36.264165,11007.0,12,1g.11gb,,,,580.178.04,GPU-d59cb1c4-ad97-d91a-6731-e7b5f38951a6
2026-10-09 02:02:36.264165,11008.0,13,1g.11gb,gpt2-inference-5d8458fb46-8g29c,default,gpt2,580.178.04,GPU-d59cb1c4-ad97-d91a-6731-e7b5f38951a6
2026-10-09 02:02:36.264165,11007.0,7,1g.11gb,,,,580.178.04,GPU-d59cb1c4-ad97-d91a-6731-e7b5f38951a6
2026-10-09 02:02:36.264165,11007.0,8,1g.11gb,,,,580.178.04,GPU-d59cb1c4-ad97-d91a-6731-e7b5f38951a6
2026-10-09 02:02:36.264165,11007.0,9,1g.11gb,,,,580.178.04,GPU-d59cb1c4-ad97-d91a-6731-e7b5f38951a6
2026-10-09 02:02:41.264208,11007.0,10,1g.11gb,,,,580.178.04,GPU-d59cb1c4-ad97-d91a-6731-e7b5f38951a6
2026-10-09 02:02:41.264208,11008.0,11,1g.11gb,gpt2-inference-5d8458fb46-zdp9n,default,gpt2,580.178.04,GPU-d59cb1c4-ad97-d91a-6731-e7b5f38951a6
2026-10-09 02:02:41.264208,11007.0,12,1g.11gb,,,,580.178.04,GPU-d59cb1c4-ad97-d91a-6731-e7b5f38951a6
2026-10-09 02:02:41.264208,11008.0,13,1g.11gb,gpt2-inference-5d8458fb46-8g29c,default,gpt2,580.178.04,GPU-d59cb1c4-ad97-d91a-6731-e7b5f38951a6
2026-10-09 02:02:41.264208,11007.0,7,1g.11gb,,,,580.178.04,GPU-d59cb1c4-ad97-d91a-6731-e7b5f38951a6
2026-10-09 02:02:41.264208,11007.0,8,1g.11gb,,,,580.178.04,GPU-d59cb1c4-ad97-d91a-6731-e7b5f38951a6
2026-10-09 02:02:41.264208,11007.0,9,1g.11gb,,,,580.178.04,GPU-d59cb1c4-ad97-d91a-6731-e7b5f38951a6
2026-10-09 02:02:46.264164,11007.0,10,1g.11gb,,,,580.178.04,GPU-d59cb1c4-ad97-d91a-6731-e7b5f38951a6
2026-10-09 02:02:46.264164,11008.0,11,1g.11gb,gpt2-inference-5d8458fb46-zdp9n,default,gpt2,580.178.04,GPU-d59cb1c4-ad97-d91a-6731-e7b5f38951a6
2026-10-09 02:02:46.264164,11007.0,12,1g.11gb,,,,580.178.04,GPU-d59cb1c4-ad97-d91a-6731-e7b5f38951a6
2026-10-09 02:02:46.264164,11008.0,13,1g.11gb,gpt2-inference-5d8458fb46-8g29c,default,gpt2,580.178.04,GPU-d59cb1c4-ad97-d91a-6731-e7b5f38951a6
2026-10-09 02:02:46.264164,11007.0,7,1g.11gb,,,,580.178.04,GPU-d59cb1c4-ad97-d91a-6731-e7b5f38951a6
2026-10-09 02:02:46.264164,11007.0,8,1g.11gb,,,,580.178.04,GPU-d59cb1c4-ad97-d91a-6731-e7b5f38951a6
2026-10-09 02:02:46.264164,11007.0,9,1g.11gb,,,,580.178.04,GPU-d59cb1c4-ad97-d91a-6731-e7b5f38951a6
2026-10-09 02:02:51.262190,11007.0,10,1g.11gb,,,,580.178.04,GPU-d59cb1c4-ad97-d91a-6731-e7b5f38951a6
2026-10-09 02:02:51.262190,11008.0,11,1g.11gb,gpt2-inference-5d8458fb46-zdp9n,default,gpt2,580.178.04,GPU-d59cb1c4-ad97-d91a-6731-e7b5f38951a6
2026-10-09 02:02:51.262190,11007.0,12,1g.11gb,,,,580.178.04,GPU-d59cb1c4-ad97-d91a-6731-e7b5f38951a6
2026-10-09 02:02:51.262190,11008.0,13,1g.11gb,gpt2-inference-5d8458fb46-8g29c,default,gpt2,580.178.04,GPU-d59cb1c4-ad97-d91a-6731-e7b5f38951a6
2026-10-09 02:02:51.262190,11007.0,7,1g.11gb,,,,580.178.04,GPU-d59cb1c4-ad97-d91a-6731-e7b5f38951a6
2026-10-09 02:02:51.262190,11007.0,8,1g.11gb,,,,580.178.04,GPU-d59cb1c4-ad97-d91a-6731-e7b5f38951a6
2026-10-09 02:02:51.262190,11007.0,9,1g.11gb,,,,580.178.04,GPU-d59cb1c4-ad97-d91a-6731-e7b5f38951a6
2026-10-09 02:02:56.262422,11007.0,10,1g.11gb,,,,580.178.04,GPU-d59cb1c4-ad97-d91a-6731-e7b5f38951a6
2026-10-09 02:02:56.262422,11008.0,11,1g.11gb,gpt2-inference-5d8458fb46-zdp9n,default,gpt2,580.178.04,GPU-d59cb1c4-ad97-d91a-6731-e7b5f38951a6
2026-10-09 02:02:56.262422,11007.0,12,1g.11gb,,,,580.178.04,GPU-d59cb1c4-ad97-d91a-6731-e7b5f38951a6
2026-10-09 02:02:56.262422,11008.0,13,1g.11gb,gpt2-inference-5d8458fb46-8g29c,default,gpt2,580.178.04,GPU-d59cb1c4-ad97-d91a-6731-e7b5f38951a6
2026-10-09 02:02:56.262422,11007.0,7,1g.11gb,,,,580.178.04,GPU-d59cb1c4-ad97-d91a-6731-e7b5f38951a6
2026-10-09 02:02:56.262422,11007.0,8,1g.11gb,,,,580.178.04,GPU-d59cb1c4-ad97-d91a-6731-e7b5f38951a6
2026-10-09 02:02:56.262422,11007.0,9,1g.11gb,,,,580.178.04,GPU-d59cb1c4-ad97-d91a-6731-e7b5f38951a6
2026-10-09 02:03:01.259442,11007.0,10,1g.11gb,,,,580.178.04,GPU-d59cb1c4-ad97-d91a-6731-e7b5f38951a6
2026-10-09 02:03:01.259442,11008.0,11,1g.11gb,gpt2-inference-5d8458fb46-zdp9n,default,gpt2,580.178.04,GPU-d59cb1c4-ad97-d91a-6731-e7b5f38951a6
2026-10-09 02:03:01.259442,11007.0,12,1g.11gb,,,,580.178.04,GPU-d59cb1c4-ad97-d91a-6731-e7b5f38951a6
2026-10-09 02:03:01.259442,11008.0,13,1g.11gb,gpt2-inference-5d8458fb46-8g29c,default,gpt2,580.178.04,GPU-d59cb1c4-ad97-d91a-6731-e7b5f38951a6
2026-10-09 02:03:01.259442,11007.0,7,1g.11gb,,,,580.178.04,GPU-d59cb1c4-ad97-d91a-6731-e7b5f38951a6
2026-10-09 02:03:01.259442,11007.0,8,1g.11gb,,,,580.178.04,GPU-d59cb1c4-ad97-d91a-6731-e7b5f38951a6
2026-10-09 02:03:01.259442,11007.0,9,1g.11gb,,,,580.178.04,GPU-d59cb1c4-ad97-d91a-6731-e7b5f38951a6
2026-10-09 02:03:06.264164,11007.0,10,1g.11gb,,,,580.178.04,GPU-d59cb1c4-ad97-d91a-6731-e7b5f38951a6
2026-10-09 02:03:06.264164,11008.0,11,1g.11gb,gpt2-inference-5d8458fb46-zdp9n,default,gpt2,580.178.04,GPU-d59cb1c4-ad97-d91a-6731-e7b5f38951a6
2026-10-09 02:03:06.264164,11007.0,12,1g.11gb,,,,580.178.04,GPU-d59cb1c4-ad97-d91a-6731-e7b5f38951a6
2026-10-09 02:03:06.264164,11008.0,13,1g.11gb,gpt2-inference-5d8458fb46-8g29c,default,gpt2,580.178.04,GPU-d59cb1c4-ad97-d91a-6731-e7b5f38951a6
2026-10-09 02:03:06.264164,11007.0,7,1g.11gb,,,,580.178.04,GPU-d59cb1c4-ad97-d91a-6731-e7b5f38951a6
2026-10-09 02:03:06.264164,11007.0,8,1g.11gb,,,,580.178.04,GPU-d59cb1c4-ad97-d91a-6731-e7b5f38951a6
2026-10-09 02:03:06.264164,11007.0,9,1g.11gb,,,,580.178.04,GPU-d59cb1c4-ad97-d91a-6731-e7b5f38951a6
2026-10-09 02:03:11.260564,11007.0,10,1g.11gb,,,,580.178.04,GPU-d59cb1c4-ad97-d91a-6731-e7b5f38951a6
2026-10-09 02:03:11.260564,11008.0,11,1g.11gb,gpt2-inference-5d8458fb46-zdp9n,default,gpt2,580.178.04,GPU-d59cb1c4-ad97-d91a-6731-e7b5f38951a6
2026-10-09 02:03:11.260564,11007.0,12,1g.11gb,,,,580.178.04,GPU-d59cb1c4-ad97-d91a-6731-e7b5f38951a6
2026-10-09 02:03:11.260564,11008.0,13,1g.11gb,gpt2-inference-5d8458fb46-8g29c,default,gpt2,580.178.04,GPU-d59cb1c4-ad97-d91a-6731-e7b5f38951a6
2026-10-09 02:03:11.260564,11007.0,7,1g.11gb,,,,580.178.04,GPU-d59cb1c4-ad97-d91a-6731-e7b5f38951a6
2026-10-09 02:03:11.260564,11007.0,8,1g.11gb,,,,580.178.04,GPU-d59cb1c4-ad97-d91a-6731-e7b5f38951a6
2026-10-09 02:03:11.260564,11007.0,9,1g.11gb,,,,580.178.04,GPU-d59cb1c4-ad97-d91a-6731-e7b5f38951a6
2026-10-09 02:03:16.259408,11007.0,10,1g.11gb,,,,580.178.04,GPU-d59cb1c4-ad97-d91a-6731-e7b5f38951a6
2026-10-09 02:03:16.259408,11008.0,11,1g.11gb,gpt2-inference-5d8458fb46-zdp9n,default,gpt2,580.178.04,GPU-d59cb1c4-ad97-d91a-6731-e7b5f38951a6
2026-10-09 02:03:16.259408,11007.0,12,1g.11gb,,,,580.178.04,GPU-d59cb1c4-ad97-d91a-6731-e7b5f38951a6
2026-10-09 02:03:16.259408,11008.0,13,1g.11gb,gpt2-inference-5d8458fb46-8g29c,default,gpt2,580.178.04,GPU-d59cb1c4-ad97-d91a-6731-e7b5f38951a6
2026-10-09 02:03:16.259408,11007.0,7,1g.11gb,,,,580.178.04,GPU-d59cb1c4-ad97-d91a-6731-e7b5f38951a6
2026-10-09 02:03:16.259408,11007.0,8,1g.11gb,,,,580.178.04,GPU-d59cb1c4-ad97-d91a-6731-e7b5f38951a6
2026-10-09 02:03:16.259408,11007.0,9,1g.11gb,,,,580.178.04,GPU-d59cb1c4-ad97-d91a-6731-e7b5f38951a6
2026-10-09 02:03:21.259696,11007.0,10,1g.11gb,,,,580.178.04,GPU-d59cb1c4-ad97-d91a-6731-e7b5f38951a6
2026-10-09 02:03:21.259696,11008.0,11,1g.11gb,gpt2-inference-5d8458fb46-zdp9n,default,gpt2,580.178.04,GPU-d59cb1c4-ad97-d91a-6731-e7b5f38951a6
2026-10-09 02:03:21.259696,11007.0,12,1g.11gb,,,,580.178.04,GPU-d59cb1c4-ad97-d91a-6731-e7b5f38951a6
2026-10-09 02:03:21.259696,11008.0,13,1g.11gb,gpt2-inference-5d8458fb46-8g29c,default,gpt2,580.178.04,GPU-d59cb1c4-ad97-d91a-6731-e7b5f38951a6
2026-10-09 02:03:21.259696,11007.0,7,1g.11gb,,,,580.178.04,GPU-d59cb1c4-ad97-d91a-6731-e7b5f38951a6
2026-10-09 02:03:21.259696,11007.0,8,1g.11gb,,,,580.178.04,GPU-d59cb1c4-ad97-d91a-6731-e7b5f38951a6
2026-10-09 02:03:21.259696,11007.0,9,1g.11gb,,,,580.178.04,GPU-d59cb1c4-ad97-d91a-6731-e7b5f38951a6
2026-10-09 02:03:26.259728,11007.0,10,1g.11gb,,,,580.178.04,GPU-d59cb1c4-ad97-d91a-6731-e7b5f38951a6
2026-10-09 02:03:26.259728,11008.0,11,1g.11gb,gpt2-inference-5d8458fb46-zdp9n,default,gpt2,580.178.04,GPU-d59cb1c4-ad97-d91a-6731-e7b5f38951a6
2026-10-09 02:03:26.259728,11007.0,12,1g.11gb,,,,580.178.04,GPU-d59cb1c4-ad97-d91a-6731-e7b5f38951a6
2026-10-09 02:03:26.259728,11008.0,13,1g.11gb,gpt2-inference-5d8458fb46-8g29c,default,gpt2,580.178.04,GPU-d59cb1c4-ad97-d91a-6731-e7b5f38951a6
2026-10-09 02:03:26.259728,11007.0,7,1g.11gb,,,,580.178.04,GPU-d59cb1c4-ad97-d91a-6731-e7b5f38951a6
2026-10-09 02:03:26.259728,11007.0,8,1g.11gb,,,,580.178.04,GPU-d59cb1c4-ad97-d91a-6731-e7b5f38951a6
2026-10-09 02:03:26.259728,11007.0,9,1g.11gb,,,,580.178.04,GPU-d59cb1c4-ad97-d91a-6731-e7b5f38951a6
2026-10-09 02:03:31.264150,11007.0,10,1g.11gb,,,,580.178.04,GPU-d59cb1c4-ad97-d91a-6731-e7b5f38951a6
2026-10-09 02:03:31.264150,11008.0,11,1g.11gb,gpt2-inference-5d8458fb46-zdp9n,default,gpt2,580.178.04,GPU-d59cb1c4-ad97-d91a-6731-e7b5f38951a6
2026-10-09 02:03:31.264150,11007.0,12,1g.11gb,,,,580.178.04,GPU-d59cb1c4-ad97-d91a-6731-e7b5f38951a6
2026-10-09 02:03:31.264150,11008.0,13,1g.11gb,gpt2-inference-5d8458fb46-8g29c,default,gpt2,580.178.04,GPU-d59cb1c4-ad97-d91a-6731-e7b5f38951a6
2026-10-09 02:03:31.264150,11007.0,7,1g.11gb,,,,580.178.04,GPU-d59cb1c4-ad97-d91a-6731-e7b5f38951a6
2026-10-09 02:03:31.264150,11007.0,8,1g.11gb,,,,580.178.04,GPU-d59cb1c4-ad97-d91a-6731-e7b5f38951a6
2026-10-09 02:03:31.264150,11007.0,9,1g.11gb,,,,580.178.04,GPU-d59cb1c4-ad97-d91a-6731-e7b5f38951a6
2026-10-09 02:03:36.262790,11007.0,10,1g.11gb,,,,580.178.04,GPU-d59cb1c4-ad97-d91a-6731-e7b5f38951a6
2026-10-09 02:03:36.262790,11008.0,11,1g.11gb,gpt2-inference-5d8458fb46-zdp9n,default,gpt2,580.178.04,GPU-d59cb1c4-ad97-d91a-6731-e7b5f38951a6
2026-10-09 02:03:36.262790,11007.0,12,1g.11gb,,,,580.178.04,GPU-d59cb1c4-ad97-d91a-6731-e7b5f38951a6
2026-10-09 02:03:36.262790,11008.0,13,1g.11gb,gpt2-inference-5d8458fb46-8g29c,default,gpt2,580.178.04,GPU-d59cb1c4-ad97-d91a-6731-e7b5f38951a6
2026-10-09 02:03:36.262790,11007.0,7,1g.11gb,,,,580.178.04,GPU-d59cb1c4-ad97-d91a-6731-e7b5f38951a6
2026-10-09 02:03:36.262790,11007.0,8,1g.11gb,,,,580.178.04,GPU-d59cb1c4-ad97-d91a-6731-e7b5f38951a6
2026-10-09 02:03:36.262790,11007.0,9,1g.11gb,,,,580.178.04,GPU-d59cb1c4-ad97-d91a-6731-e7b5f38951a6
2026-10-09 02:03:41.264157,11007.0,10,1g.11gb,,,,580.178.04,GPU-d59cb1c4-ad97-d91a-6731-e7b5f38951a6
2026-10-09 02:03:41.264157,11008.0,11,1g.11gb,gpt2-inference-5d8458fb46-zdp9n,default,gpt2,580.178.04,GPU-d59cb1c4-ad97-d91a-6731-e7b5f38951a6
2026-10-09 02:03:41.264157,11007.0,12,1g.11gb,,,,580.178.04,GPU-d59cb1c4-ad97-d91a-6731-e7b5f38951a6
2026-10-09 02:03:41.264157,11008.0,13,1g.11gb,gpt2-inference-5d8458fb46-8g29c,default,gpt2,580.178.04,GPU-d59cb1c4-ad97-d91a-6731-e7b5f38951a6
2026-10-09 02:03:41.264157,11007.0,7,1g.11gb,,,,580.178.04,GPU-d59cb1c4-ad97-d91a-6731-e7b5f38951a6
2026-10-09 02:03:41.264157,11007.0,8,1g.11gb,,,,580.178.04,GPU-d59cb1c4-ad97-d91a-6731-e7b5f38951a6
2026-10-09 02:03:41.264157,11007.0,9,1g.11gb,,,,580.178.04,GPU-d59cb1c4-ad97-d91a-6731-e7b5f38951a6
2026-10-09 02:03:46.263395,11007.0,10,1g.11gb,,,,580.178.04,GPU-d59cb1c4-ad97-d91a-6731-e7b5f38951a6
2026-10-09 02:03:46.263395,11008.0,11,1g.11gb,gpt2-inference-5d8458fb46-zdp9n,default,gpt2,580.178.04,GPU-d59cb1c4-ad97-d91a-6731-e7b5f38951a6
2026-10-09 02:03:46.263395,11007.0,12,1g.11gb,,,,580.178.04,GPU-d59cb1c4-ad97-d91a-6731-e7b5f38951a6
2026-10-09 02:03:46.263395,11008.0,13,1g.11gb,gpt2-inference-5d8458fb46-8g29c,default,gpt2,580.178.04,GPU-d59cb1c4-ad97-d91a-6731-e7b5f38951a6
2026-10-09 02:03:46.263395,11007.0,7,1g.11gb,,,,580.178.04,GPU-d59cb1c4-ad97-d91a-6731-e7b5f38951a6
2026-10-09 02:03:46.263395,11007.0,8,1g.11gb,,,,580.178.04,GPU-d59cb1c4-ad97-d91a-6731-e7b5f38951a6
2026-10-09 02:03:46.263395,11007.0,9,1g.11gb,,,,580.178.04,GPU-d59cb1c4-ad97-d91a-6731-e7b5f38951a6
2026-10-09 02:03:51.262524,11007.0,10,1g.11gb,,,,580.178.04,GPU-d59cb1c4-ad97-d91a-6731-e7b5f38951a6
2026-10-09 02:03:51.262524,11008.0,11,1g.11gb,gpt2-inference-5d8458fb46-zdp9n,default,gpt2,580.178.04,GPU-d59cb1c4-ad97-d91a-6731-e7b5f38951a6
2026-10-09 02:03:51.262524,11007.0,12,1g.11gb,,,,580.178.04,GPU-d59cb1c4-ad97-d91a-6731-e7b5f38951a6
2026-10-09 02:03:51.262524,11008.0,13,1g.11gb,gpt2-inference-5d8458fb46-8g29c,default,gpt2,580.178.04,GPU-d59cb1c4-ad97-d91a-6731-e7b5f38951a6
2026-10-09 02:03:51.262524,11007.0,7,1g.11gb,,,,580.178.04,GPU-d59cb1c4-ad97-d91a-6731-e7b5f38951a6
2026-10-09 02:03:51.262524,11007.0,8,1g.11gb,,,,580.178.04,GPU-d59cb1c4-ad97-d91a-6731-e7b5f38951a6
2026-10-09 02:03:51.262524,11007.0,9,1g.11gb,,,,580.178.04,GPU-d59cb1c4-ad97-d91a-6731-e7b5f38951a6
2026-10-09 02:03:56.264194,11007.0,10,1g.11gb,,,,580.178.04,GPU-d59cb1c4-ad97-d91a-6731-e7b5f38951a6
2026-10-09 02:03:56.264194,11008.0,11,1g.11gb,gpt2-inference-5d8458fb46-zdp9n,default,gpt2,580.178.04,GPU-d59cb1c4-ad97-d91a-6731-e7b5f38951a6
2026-10-09 02:03:56.264194,11007.0,12,1g.11gb,,,,580.178.04,GPU-d59cb1c4-ad97-d91a-6731-e7b5f38951a6
2026-10-09 02:03:56.264194,11008.0,13,1g.11gb,gpt2-inference-5d8458fb46-8g29c,default,gpt2,580.178.04,GPU-d59cb1c4-ad97-d91a-6731-e7b5f38951a6
2026-10-09 02:03:56.264194,11007.0,7,1g.11gb,,,,580.178.04,GPU-d59cb1c4-ad97-d91a-6731-e7b5f38951a6
2026-10-09 02:03:56.264194,11007.0,8,1g.11gb,,,,580.178.04,GPU-d59cb1c4-ad97-d91a-6731-e7b5f38951a6
2026-10-09 02:03:56.264194,11007.0,9,1g.11gb,,,,580.178.04,GPU-d59cb1c4-ad97-d91a-6731-e7b5f38951a6
2026-10-09 02:04:01.264124,11007.0,10,1g.11gb,,,,580.178.04,GPU-d59cb1c4-ad97-d91a-6731-e7b5f38951a6
2026-10-09 02:04:01.264124,11008.0,11,1g.11gb,gpt2-inference-5d8458fb46-zdp9n,default,gpt2,580.178.04,GPU-d59cb1c4-ad97-d91a-6731-e7b5f38951a6
2026-10-09 02:04:01.264124,11007.0,12,1g.11gb,,,,580.178.04,GPU-d59cb1c4-ad97-d91a-6731-e7b5f38951a6
2026-10-09 02:04:01.264124,11008.0,13,1g.11gb,gpt2-inference-5d8458fb46-8g29c,default,gpt2,580.178.04,GPU-d59cb1c4-ad97-d91a-6731-e7b5f38951a6
2026-10-09 02:04:01.264124,11007.0,7,1g.11gb,,,,580.178.04,GPU-d59cb1c4-ad97-d91a-6731-e7b5f38951a6
2026-10-09 02:04:01.264124,11007.0,8,1g.11gb,,,,580.178.04,GPU-d59cb1c4-ad97-d91a-6731-e7b5f38951a6
2026-10-09 02:04:01.264124,11007.0,9,1g.11gb,,,,580.178.04,GPU-d59cb1c4-ad97-d91a-6731-e7b5f38951a6
2026-10-09 02:04:06.264169,11007.0,10,1g.11gb,,,,580.178.04,GPU-d59cb1c4-ad97-d91a-6731-e7b5f38951a6
2026-10-09 02:04:06.264169,11008.0,11,1g.11gb,gpt2-inference-5d8458fb46-zdp9n,default,gpt2,580.178.04,GPU-d59cb1c4-ad97-d91a-6731-e7b5f38951a6
2026-10-09 02:04:06.264169,11007.0,12,1g.11gb,,,,580.178.04,GPU-d59cb1c4-ad97-d91a-6731-e7b5f38951a6
2026-10-09 02:04:06.264169,11008.0,13,1g.11gb,gpt2-inference-5d8458fb46-8g29c,default,gpt2,580.178.04,GPU-d59cb1c4-ad97-d91a-6731-e7b5f38951a6
2026-10-09 02:04:06.264169,11007.0,7,1g.11gb,,,,580.178.04,GPU-d59cb1c4-ad97-d91a-6731-e7b5f38951a6
2026-10-09 02:04:06.264169,11007.0,8,1g.11gb,,,,580.178.04,GPU-d59cb1c4-ad97-d91a-6731-e7b5f38951a6
2026-10-09 02:04:06.264169,11007.0,9,1g.11gb,,,,580.178.04,GPU-d59cb1c4-ad97-d91a-6731-e7b5f38951a6
2026-10-09 02:04:11.264163,11007.0,10,1g.11gb,,,,580.178.04,GPU-d59cb1c4-ad97-d91a-6731-e7b5f38951a6
2026-10-09 02:04:11.264163,11008.0,11,1g.11gb,gpt2-inference-5d8458fb46-zdp9n,default,gpt2,580.178.04,GPU-d59cb1c4-ad97-d91a-6731-e7b5f38951a6
2026-10-09 02:04:11.264163,11007.0,12,1g.11gb,,,,580.178.04,GPU-d59cb1c4-ad97-d91a-6731-e7b5f38951a6
2026-10-09 02:04:11.264163,11008.0,13,1g.11gb,gpt2-inference-5d8458fb46-8g29c,default,gpt2,580.178.04,GPU-d59cb1c4-ad97-d91a-6731-e7b5f38951a6
2026-10-09 02:04:11.264163,11007.0,7,1g.11gb,,,,580.178.04,GPU-d59cb1c4-ad97-d91a-6731-e7b5f38951a6
2026-10-09 02:04:11.264163,11007.0,8,1g.11gb,,,,580.178.04,GPU-d59cb1c4-ad97-d91a-6731-e7b5f38951a6
2026-10-09 02:04:11.264163,11007.0,9,1g.11gb,,,,580.178.04,GPU-d59cb1c4-ad97-d91a-6731-e7b5f38951a6
2026-10-09 02:04:16.264123,11007.0,10,1g.11gb,,,,580.178.04,GPU-d59cb1c4-ad97-d91a-6731-e7b5f38951a6
2026-10-09 02:04:16.264123,11008.0,11,1g.11gb,gpt2-inference-5d8458fb46-zdp9n,default,gpt2,580.178.04,GPU-d59cb1c4-ad97-d91a-6731-e7b5f38951a6
2026-10-09 02:04:16.264123,11007.0,12,1g.11gb,,,,580.178.04,GPU-d59cb1c4-ad97-d91a-6731-e7b5f38951a6
2026-10-09 02:04:16.264123,11008.0,13,1g.11gb,gpt2-inference-5d8458fb46-8g29c,default,gpt2,580.178.04,GPU-d59cb1c4-ad97-d91a-6731-e7b5f38951a6
2026-10-09 02:04:16.264123,11007.0,7,1g.11gb,,,,580.178.04,GPU-d59cb1c4-ad97-d91a-6731-e7b5f38951a6
2026-10-09 02:04:16.264123,11007.0,8,1g.11gb,,,,580.178.04,GPU-d59cb1c4-ad97-d91a-6731-e7b5f38951a6
2026-10-09 02:04:16.264123,11007.0,9,1g.11gb,,,,580.178.04,GPU-d59cb1c4-ad97-d91a-6731-e7b5f38951a6
2026-10-09 02:04:21.264170,11007.0,10,1g.11gb,,,,580.178.04,GPU-d59cb1c4-ad97-d91a-6731-e7b5f38951a6
2026-10-09 02:04:21.264170,11008.0,11,1g.11gb,gpt2-inference-5d8458fb46-zdp9n,default,gpt2,580.178.04,GPU-d59cb1c4-ad97-d91a-6731-e7b5f38951a6
2026-10-09 02:04:21.264170,11007.0,12,1g.11gb,,,,580.178.04,GPU-d59cb1c4-ad97-d91a-6731-e7b5f38951a6
2026-10-09 02:04:21.264170,11008.0,13,1g.11gb,gpt2-inference-5d8458fb46-8g29c,default,gpt2,580.178.04,GPU-d59cb1c4-ad97-d91a-6731-e7b5f38951a6
2026-10-09 02:04:21.264170,11007.0,7,1g.11gb,,,,580.178.04,GPU-d59cb1c4-ad97-d91a-6731-e7b5f38951a6
2026-10-09 02:04:21.264170,11007.0,8,1g.11gb,,,,580.178.04,GPU-d59cb1c4-ad97-d91a-6731-e7b5f38951a6
2026-10-09 02:04:21.264170,11007.0,9,1g.11gb,,,,580.178.04,GPU-d59cb1c4-ad97-d91a-6731-e7b5f38951a6
2026-10-09 02:04:26.263663,11007.0,10,1g.11gb,,,,580.178.04,GPU-d59cb1c4-ad97-d91a-6731-e7b5f38951a6
2026-10-09 02:04:26.263663,11008.0,11,1g.11gb,gpt2-inference-5d8458fb46-zdp9n,default,gpt2,580.178.04,GPU-d59cb1c4-ad97-d91a-6731-e7b5f38951a6
2026-10-09 02:04:26.263663,11007.0,12,1g.11gb,,,,580.178.04,GPU-d59cb1c4-ad97-d91a-6731-e7b5f38951a6
2026-10-09 02:04:26.263663,11008.0,13,1g.11gb,gpt2-inference-5d8458fb46-8g29c,default,gpt2,580.178.04,GPU-d59cb1c4-ad97-d91a-6731-e7b5f38951a6
2026-10-09 02:04:26.263663,11007.0,7,1g.11gb,,,,580.178.04,GPU-d59cb1c4-ad97-d91a-6731-e7b5f38951a6
2026-10-09 02:04:26.263663,11007.0,8,1g.11gb,,,,580.178.04,GPU-d59cb1c4-ad97-d91a-6731-e7b5f38951a6
2026-10-09 02:04:26.263663,11007.0,9,1g.11gb,,,,580.178.04,GPU-d59cb1c4-ad97-d91a-6731-e7b5f38951a6
2026-10-09 02:04:31.264157,11007.0,10,1g.11gb,,,,580.178.04,GPU-d59cb1c4-ad97-d91a-6731-e7b5f38951a6
2026-10-09 02:04:31.264157,11008.0,11,1g.11gb,gpt2-inference-5d8458fb46-zdp9n,default,gpt2,580.178.04,GPU-d59cb1c4-ad97-d91a-6731-e7b5f38951a6
2026-10-09 02:04:31.264157,11007.0,12,1g.11gb,,,,580.178.04,GPU-d59cb1c4-ad97-d91a-6731-e7b5f38951a6
2026-10-09 02:04:31.264157,11008.0,13,1g.11gb,gpt2-inference-5d8458fb46-8g29c,default,gpt2,580.178.04,GPU-d59cb1c4-ad97-d91a-6731-e7b5f38951a6
2026-10-09 02:04:31.264157,11007.0,7,1g.11gb,,,,580.178.04,GPU-d59cb1c4-ad97-d91a-6731-e7b5f38951a6
2026-10-09 02:04:31.264157,11007.0,8,1g.11gb,,,,580.178.04,GPU-d59cb1c4-ad97-d91a-6731-e7b5f38951a6
2026-10-09 02:04:31.264157,11007.0,9,1g.11gb,,,,580.178.04,GPU-d59cb1c4-ad97-d91a-6731-e7b5f38951a6
2026-10-09 02:04:36.263282,11007.0,10,1g.11gb,,,,580.178.04,GPU-d59cb1c4-ad97-d91a-6731-e7b5f38951a6
2026-10-09 02:04:36.263282,11008.0,11,1g.11gb,gpt2-inference-5d8458fb46-zdp9n,default,gpt2,580.178.04,GPU-d59cb1c4-ad97-d91a-6731-e7b5f38951a6
2026-10-09 02:04:36.263282,11007.0,12,1g.11gb,,,,580.178.04,GPU-d59cb1c4-ad97-d91a-6731-e7b5f38951a6
2026-10-09 02:04:36.263282,11008.0,13,1g.11gb,gpt2-inference-5d8458fb46-8g29c,default,gpt2,580.178.04,GPU-d59cb1c4-ad97-d91a-6731-e7b5f38951a6
2026-10-09 02:04:36.263282,11007.0,7,1g.11gb,,,,580.178.04,GPU-d59cb1c4-ad97-d91a-6731-e7b5f38951a6
2026-10-09 02:04:36.263282,11007.0,8,1g.11gb,,,,580.178.04,GPU-d59cb1c4-ad97-d91a-6731-e7b5f38951a6
2026-10-09 02:04:36.263282,11007.0,9,1g.11gb,,,,580.178.04,GPU-d59cb1c4-ad97-d91a-6731-e7b5f38951a6
2026-10-09 02:04:41.264192,11007.0,10,1g.11gb,,,,580.178.04,GPU-d59cb1c4-ad97-d91a-6731-e7b5f38951a6
2026-10-09 02:04:41.264192,11008.0,11,1g.11gb,gpt2-inference-5d8458fb46-zdp9n,default,gpt2,580.178.04,GPU-d59cb1c4-ad97-d91a-6731-e7b5f38951a6
2026-10-09 02:04:41.264192,11007.0,12,1g.11gb,,,,580.178.04,GPU-d59cb1c4-ad97-d91a-6731-e7b5f38951a6
2026-10-09 02:04:41.264192,11008.0,13,1g.11gb,gpt2-inference-5d8458fb46-8g29c,default,gpt2,580.178.04,GPU-d59cb1c4-ad97-d91a-6731-e7b5f38951a6
2026-10-09 02:04:41.264192,11007.0,7,1g.11gb,,,,580.178.04,GPU-d59cb1c4-ad97-d91a-6731-e7b5f38951a6
2026-10-09 02:04:41.264192,11007.0,8,1g.11gb,,,,580.178.04,GPU-d59cb1c4-ad97-d91a-6731-e7b5f38951a6
2026-10-09 02:04:41.264192,11007.0,9,1g.11gb,,,,580.178.04,GPU-d59cb1c4-ad97-d91a-6731-e7b5f38951a6
2026-10-09 02:04:46.264201,11007.0,10,1g.11gb,,,,580.178.04,GPU-d59cb1c4-ad97-d91a-6731-e7b5f38951a6
2026-10-09 02:04:46.264201,11008.0,11,1g.11gb,gpt2-inference-5d8458fb46-zdp9n,default,gpt2,580.178.04,GPU-d59cb1c4-ad97-d91a-6731-e7b5f38951a6
2026-10-09 02:04:46.264201,11007.0,12,1g.11gb,,,,580.178.04,GPU-d59cb1c4-ad97-d91a-6731-e7b5f38951a6
2026-10-09 02:04:46.264201,11008.0,13,1g.11gb,gpt2-inference-5d8458fb46-8g29c,default,gpt2,580.178.04,GPU-d59cb1c4-ad97-d91a-6731-e7b5f38951a6
2026-10-09 02:04:46.264201,11007.0,7,1g.11gb,,,,580.178.04,GPU-d59cb1c4-ad97-d91a-6731-e7b5f38951a6
2026-10-09 02:04:46.264201,11007.0,8,1g.11gb,,,,580.178.04,GPU-d59cb1c4-ad97-d91a-6731-e7b5f38951a6
2026-10-09 02:04:46.264201,11007.0,9,1g.11gb,,,,580.178.04,GPU-d59cb1c4-ad97-d91a-6731-e7b5f38951a6
2026-10-09 02:04:51.263498,11007.0,10,1g.11gb,,,,580.178.04,GPU-d59cb1c4-ad97-d91a-6731-e7b5f38951a6
2026-10-09 02:04:51.263498,11008.0,11,1g.11gb,gpt2-inference-5d8458fb46-zdp9n,default,gpt2,580.178.04,GPU-d59cb1c4-ad97-d91a-6731-e7b5f38951a6
2026-10-09 02:04:51.263498,11007.0,12,1g.11gb,,,,580.178.04,GPU-d59cb1c4-ad97-d91a-6731-e7b5f38951a6
2026-10-09 02:04:51.263498,11008.0,13,1g.11gb,gpt2-inference-5d8458fb46-8g29c,default,gpt2,580.178.04,GPU-d59cb1c4-ad97-d91a-6731-e7b5f38951a6
2026-10-09 02:04:51.263498,11007.0,7,1g.11gb,,,,580.178.04,GPU-d59cb1c4-ad97-d91a-6731-e7b5f38951a6
2026-10-09 02:04:51.263498,11007.0,8,1g.11gb,,,,580.178.04,GPU-d59cb1c4-ad97-d91a-6731-e7b5f38951a6
2026-10-09 02:04:51.263498,11007.0,9,1g.11gb,,,,580.178.04,GPU-d59cb1c4-ad97-d91a-6731-e7b5f38951a6
2026-10-09 02:04:56.260044,11007.0,10,1g.11gb,,,,580.178.04,GPU-d59cb1c4-ad97-d91a-6731-e7b5f38951a6
2026-10-09 02:04:56.260044,11008.0,11,1g.11gb,gpt2-inference-5d8458fb46-zdp9n,default,gpt2,580.178.04,GPU-d59cb1c4-ad97-d91a-6731-e7b5f38951a6
2026-10-09 02:04:56.260044,11007.0,12,1g.11gb,,,,580.178.04,GPU-d59cb1c4-ad97-d91a-6731-e7b5f38951a6
2026-10-09 02:04:56.260044,11008.0,13,1g.11gb,gpt2-inference-5d8458fb46-8g29c,default,gpt2,580.178.04,GPU-d59cb1c4-ad97-d91a-6731-e7b5f38951a6
2026-10-09 02:04:56.260044,11007.0,7,1g.11gb,,,,580.178.04,GPU-d59cb1c4-ad97-d91a-6731-e7b5f38951a6
2026-10-09 02:04:56.260044,11007.0,8,1g.11gb,,,,580.178.04,GPU-d59cb1c4-ad97-d91a-6731-e7b5f38951a6
2026-10-09 02:04:56.260044,11007.0,9,1g.11gb,,,,580.178.04,GPU-d59cb1c4-ad97-d91a-6731-e7b5f38951a6
2026-10-09 02:05:01.259397,11007.0,10,1g.11gb,,,,580.178.04,GPU-d59cb1c4-ad97-d91a-6731-e7b5f38951a6
2026-10-09 02:05:01.259397,11008.0,11,1g.11gb,gpt2-inference-5d8458fb46-zdp9n,default,gpt2,580.178.04,GPU-d59cb1c4-ad97-d91a-6731-e7b5f38951a6
2026-10-09 02:05:01.259397,11007.0,12,1g.11gb,,,,580.178.04,GPU-d59cb1c4-ad97-d91a-6731-e7b5f38951a6
2026-10-09 02:05:01.259397,11008.0,13,1g.11gb,gpt2-inference-5d8458fb46-8g29c,default,gpt2,580.178.04,GPU-d59cb1c4-ad97-d91a-6731-e7b5f38951a6
2026-10-09 02:05:01.259397,11007.0,7,1g.11gb,,,,580.178.04,GPU-d59cb1c4-ad97-d91a-6731-e7b5f38951a6
2026-10-09 02:05:01.259397,11007.0,8,1g.11gb,,,,580.178.04,GPU-d59cb1c4-ad97-d91a-6731-e7b5f38951a6
2026-10-09 02:05:01.259397,11007.0,9,1g.11gb,,,,580.178.04,GPU-d59cb1c4-ad97-d91a-6731-e7b5f38951a6
2026-10-09 02:05:06.264165,11007.0,10,1g.11gb,,,,580.178.04,GPU-d59cb1c4-ad97-d91a-6731-e7b5f38951a6
2026-10-09 02:05:06.264165,11008.0,11,1g.11gb,gpt2-inference-5d8458fb46-zdp9n,default,gpt2,580.178.04,GPU-d59cb1c4-ad97-d91a-6731-e7b5f38951a6
2026-10-09 02:05:06.264165,11007.0,12,1g.11gb,,,,580.178.04,GPU-d59cb1c4-ad97-d91a-6731-e7b5f38951a6
2026-10-09 02:05:06.264165,11008.0,13,1g.11gb,gpt2-inference-5d8458fb46-8g29c,default,gpt2,580.178.04,GPU-d59cb1c4-ad97-d91a-6731-e7b5f38951a6
2026-10-09 02:05:06.264165,11007.0,7,1g.11gb,,,,580.178.04,GPU-d59cb1c4-ad97-d91a-6731-e7b5f38951a6
2026-10-09 02:05:06.264165,11007.0,8,1g.11gb,,,,580.178.04,GPU-d59cb1c4-ad97-d91a-6731-e7b5f38951a6
2026-10-09 02:05:06.264165,11007.0,9,1g.11gb,,,,580.178.04,GPU-d59cb1c4-ad97-d91a-6731-e7b5f38951a6
2026-10-09 02:05:11.259561,11007.0,10,1g.11gb,,,,580.178.04,GPU-d59cb1c4-ad97-d91a-6731-e7b5f38951a6
2026-10-09 02:05:11.259561,11008.0,11,1g.11gb,gpt2-inference-5d8458fb46-zdp9n,default,gpt2,580.178.04,GPU-d59cb1c4-ad97-d91a-6731-e7b5f38951a6
2026-10-09 02:05:11.259561,11007.0,12,1g.11gb,,,,580.178.04,GPU-d59cb1c4-ad97-d91a-6731-e7b5f38951a6
2026-10-09 02:05:11.259561,11008.0,13,1g.11gb,gpt2-inference-5d8458fb46-8g29c,default,gpt2,580.178.04,GPU-d59cb1c4-ad97-d91a-6731-e7b5f38951a6
2026-10-09 02:05:11.259561,11007.0,7,1g.11gb,,,,580.178.04,GPU-d59cb1c4-ad97-d91a-6731-e7b5f38951a6
2026-10-09 02:05:11.259561,11007.0,8,1g.11gb,,,,580.178.04,GPU-d59cb1c4-ad97-d91a-6731-e7b5f38951a6
2026-10-09 02:05:11.259561,11007.0,9,1g.11gb,,,,580.178.04,GPU-d59cb1c4-ad97-d91a-6731-e7b5f38951a6
2026-10-09 02:05:16.264220,11007.0,10,1g.11gb,,,,580.178.04,GPU-d59cb1c4-ad97-d91a-6731-e7b5f38951a6
2026-10-09 02:05:16.264220,11008.0,11,1g.11gb,gpt2-inference-5d8458fb46-zdp9n,default,gpt2,580.178.04,GPU-d59cb1c4-ad97-d91a-6731-e7b5f38951a6
2026-10-09 02:05:16.264220,11007.0,12,1g.11gb,,,,580.178.04,GPU-d59cb1c4-ad97-d91a-6731-e7b5f38951a6
2026-10-09 02:05:16.264220,11008.0,13,1g.11gb,gpt2-inference-5d8458fb46-8g29c,default,gpt2,580.178.04,GPU-d59cb1c4-ad97-d91a-6731-e7b5f38951a6
2026-10-09 02:05:16.264220,11007.0,7,1g.11gb,,,,580.178.04,GPU-d59cb1c4-ad97-d91a-6731-e7b5f38951a6
2026-10-09 02:05:16.264220,11007.0,8,1g.11gb,,,,580.178.04,GPU-d59cb1c4-ad97-d91a-6731-e7b5f38951a6
2026-10-09 02:05:16.264220,11007.0,9,1g.11gb,,,,580.178.04,GPU-d59cb1c4-ad97-d91a-6731-e7b5f38951a6
2026-10-09 02:05:21.264181,11007.0,10,1g.11gb,,,,580.178.04,GPU-d59cb1c4-ad97-d91a-6731-e7b5f38951a6
2026-10-09 02:05:21.264181,11008.0,11,1g.11gb,gpt2-inference-5d8458fb46-zdp9n,default,gpt2,580.178.04,GPU-d59cb1c4-ad97-d91a-6731-e7b5f38951a6
2026-10-09 02:05:21.264181,11007.0,12,1g.11gb,,,,580.178.04,GPU-d59cb1c4-ad97-d91a-6731-e7b5f38951a6
2026-10-09 02:05:21.264181,11008.0,13,1g.11gb,gpt2-inference-5d8458fb46-8g29c,default,gpt2,580.178.04,GPU-d59cb1c4-ad97-d91a-6731-e7b5f38951a6
2026-10-09 02:05:21.264181,11007.0,7,1g.11gb,,,,580.178.04,GPU-d59cb1c4-ad97-d91a-6731-e7b5f38951a6
2026-10-09 02:05:21.264181,11007.0,8,1g.11gb,,,,580.178.04,GPU-d59cb1c4-ad97-d91a-6731-e7b5f38951a6
2026-10-09 02:05:21.264181,11007.0,9,1g.11gb,,,,580.178.04,GPU-d59cb1c4-ad97-d91a-6731-e7b5f38951a6
2026-10-09 02:05:26.259877,11007.0,10,1g.11gb,,,,580.178.04,GPU-d59cb1c4-ad97-d91a-6731-e7b5f38951a6
2026-10-09 02:05:26.259877,11008.0,11,1g.11gb,gpt2-inference-5d8458fb46-zdp9n,default,gpt2,580.178.04,GPU-d59cb1c4-ad97-d91a-6731-e7b5f38951a6
2026-10-09 02:05:26.259877,11007.0,12,1g.11gb,,,,580.178.04,GPU-d59cb1c4-ad97-d91a-6731-e7b5f38951a6
2026-10-09 02:05:26.259877,11008.0,13,1g.11gb,gpt2-inference-5d8458fb46-8g29c,default,gpt2,580.178.04,GPU-d59cb1c4-ad97-d91a-6731-e7b5f38951a6
2026-10-09 02:05:26.259877,11007.0,7,1g.11gb,,,,580.178.04,GPU-d59cb1c4-ad97-d91a-6731-e7b5f38951a6
2026-10-09 02:05:26.259877,11007.0,8,1g.11gb,,,,580.178.04,GPU-d59cb1c4-ad97-d91a-6731-e7b5f38951a6
2026-10-09 02:05:26.259877,11007.0,9,1g.11gb,,,,580.178.04,GPU-d59cb1c4-ad97-d91a-6731-e7b5f38951a6
2026-10-09 02:05:31.262800,11007.0,10,1g.11gb,,,,580.178.04,GPU-d59cb1c4-ad97-d91a-6731-e7b5f38951a6
2026-10-09 02:05:31.262800,11008.0,11,1g.11gb,gpt2-inference-5d8458fb46-zdp9n,default,gpt2,580.178.04,GPU-d59cb1c4-ad97-d91a-6731-e7b5f38951a6
2026-10-09 02:05:31.262800,11007.0,12,1g.11gb,,,,580.178.04,GPU-d59cb1c4-ad97-d91a-6731-e7b5f38951a6
2026-10-09 02:05:31.262800,11008.0,13,1g.11gb,gpt2-inference-5d8458fb46-8g29c,default,gpt2,580.178.04,GPU-d59cb1c4-ad97-d91a-6731-e7b5f38951a6
2026-10-09 02:05:31.262800,11007.0,7,1g.11gb,,,,580.178.04,GPU-d59cb1c4-ad97-d91a-6731-e7b5f38951a6
2026-10-09 02:05:31.262800,11007.0,8,1g.11gb,,,,580.178.04,GPU-d59cb1c4-ad97-d91a-6731-e7b5f38951a6
2026-10-09 02:05:31.262800,11007.0,9,1g.11gb,,,,580.178.04,GPU-d59cb1c4-ad97-d91a-6731-e7b5f38951a6
2026-10-09 02:05:36.264165,11007.0,10,1g.11gb,,,,580.178.04,GPU-d59cb1c4-ad97-d91a-6731-e7b5f38951a6
2026-10-09 02:05:36.264165,11008.0,11,1g.11gb,gpt2-inference-5d8458fb46-zdp9n,default,gpt2,580.178.04,GPU-d59cb1c4-ad97-d91a-6731-e7b5f38951a6
2026-10-09 02:05:36.264165,11007.0,12,1g.11gb,,,,580.178.04,GPU-d59cb1c4-ad97-d91a-6731-e7b5f38951a6
2026-10-09 02:05:36.264165,11008.0,13,1g.11gb,gpt2-inference-5d8458fb46-8g29c,default,gpt2,580.178.04,GPU-d59cb1c4-ad97-d91a-6731-e7b5f38951a6
2026-10-09 02:05:36.264165,11007.0,7,1g.11gb,,,,580.178.04,GPU-d59cb1c4-ad97-d91a-6731-e7b5f38951a6
2026-10-09 02:05:36.264165,11007.0,8,1g.11gb,,,,580.178.04,GPU-d59cb1c4-ad97-d91a-6731-e7b5f38951a6
2026-10-09 02:05:36.264165,11007.0,9,1g.11gb,,,,580.178.04,GPU-d59cb1c4-ad97-d91a-6731-e7b5f38951a6
2026-10-09 02:05:41.264175,11007.0,10,1g.11gb,,,,580.178.04,GPU-d59cb1c4-ad97-d91a-6731-e7b5f38951a6
2026-10-09 02:05:41.264175,11008.0,11,1g.11gb,gpt2-inference-5d8458fb46-zdp9n,default,gpt2,580.178.04,GPU-d59cb1c4-ad97-d91a-6731-e7b5f38951a6
2026-10-09 02:05:41.264175,11007.0,12,1g.11gb,,,,580.178.04,GPU-d59cb1c4-ad97-d91a-6731-e7b5f38951a6
2026-10-09 02:05:41.264175,11008.0,13,1g.11gb,gpt2-inference-5d8458fb46-8g29c,default,gpt2,580.178.04,GPU-d59cb1c4-ad97-d91a-6731-e7b5f38951a6
2026-10-09 02:05:41.264175,11007.0,7,1g.11gb,,,,580.178.04,GPU-d59cb1c4-ad97-d91a-6731-e7b5f38951a6
2026-10-09 02:05:41.264175,11007.0,8,1g.11gb,,,,580.178.04,GPU-d59cb1c4-ad97-d91a-6731-e7b5f38951a6
2026-10-09 02:05:41.264175,11007.0,9,1g.11gb,,,,580.178.04,GPU-d59cb1c4-ad97-d91a-6731-e7b5f38951a6
2026-10-09 02:05:46.264167,11007.0,10,1g.11gb,,,,580.178.04,GPU-d59cb1c4-ad97-d91a-6731-e7b5f38951a6
2026-10-09 02:05:46.264167,11008.0,11,1g.11gb,gpt2-inference-5d8458fb46-zdp9n,default,gpt2,580.178.04,GPU-d59cb1c4-ad97-d91a-6731-e7b5f38951a6
2026-10-09 02:05:46.264167,11007.0,12,1g.11gb,,,,580.178.04,GPU-d59cb1c4-ad97-d91a-6731-e7b5f38951a6
2026-10-09 02:05:46.264167,11008.0,13,1g.11gb,gpt2-inference-5d8458fb46-8g29c,default,gpt2,580.178.04,GPU-d59cb1c4-ad97-d91a-6731-e7b5f38951a6
2026-10-09 02:05:46.264167,11007.0,7,1g.11gb,,,,580.178.04,GPU-d59cb1c4-ad97-d91a-6731-e7b5f38951a6
2026-10-09 02:05:46.264167,11007.0,8,1g.11gb,,,,580.178.04,GPU-d59cb1c4-ad97-d91a-6731-e7b5f38951a6
2026-10-09 02:05:46.264167,11007.0,9,1g.11gb,,,,580.178.04,GPU-d59cb1c4-ad97-d91a-6731-e7b5f38951a6
2026-10-09 02:05:51.264190,11007.0,10,1g.11gb,,,,580.178.04,GPU-d59cb1c4-ad97-d91a-6731-e7b5f38951a6
2026-10-09 02:05:51.264190,11008.0,11,1g.11gb,gpt2-inference-5d8458fb46-zdp9n,default,gpt2,580.178.04,GPU-d59cb1c4-ad97-d91a-6731-e7b5f38951a6
2026-10-09 02:05:51.264190,11007.0,12,1g.11gb,,,,580.178.04,GPU-d59cb1c4-ad97-d91a-6731-e7b5f38951a6
2026-10-09 02:05:51.264190,11008.0,13,1g.11gb,gpt2-inference-5d8458fb46-8g29c,default,gpt2,580.178.04,GPU-d59cb1c4-ad97-d91a-6731-e7b5f38951a6
2026-10-09 02:05:51.264190,11007.0,7,1g.11gb,,,,580.178.04,GPU-d59cb1c4-ad97-d91a-6731-e7b5f38951a6
2026-10-09 02:05:51.264190,11007.0,8,1g.11gb,,,,580.178.04,GPU-d59cb1c4-ad97-d91a-6731-e7b5f38951a6
2026-10-09 02:05:51.264190,11007.0,9,1g.11gb,,,,580.178.04,GPU-d59cb1c4-ad97-d91a-6731-e7b5f38951a6
2026-10-09 02:05:56.264183,11007.0,10,1g.11gb,,,,580.178.04,GPU-d59cb1c4-ad97-d91a-6731-e7b5f38951a6
2026-10-09 02:05:56.264183,11008.0,11,1g.11gb,gpt2-inference-5d8458fb46-zdp9n,default,gpt2,580.178.04,GPU-d59cb1c4-ad97-d91a-6731-e7b5f38951a6
2026-10-09 02:05:56.264183,11007.0,12,1g.11gb,,,,580.178.04,GPU-d59cb1c4-ad97-d91a-6731-e7b5f38951a6
2026-10-09 02:05:56.264183,11008.0,13,1g.11gb,gpt2-inference-5d8458fb46-8g29c,default,gpt2,580.178.04,GPU-d59cb1c4-ad97-d91a-6731-e7b5f38951a6
2026-10-09 02:05:56.264183,11007.0,7,1g.11gb,,,,580.178.04,GPU-d59cb1c4-ad97-d91a-6731-e7b5f38951a6
2026-10-09 02:05:56.264183,11007.0,8,1g.11gb,,,,580.178.04,GPU-d59cb1c4-ad97-d91a-6731-e7b5f38951a6
2026-10-09 02:05:56.264183,11007.0,9,1g.11gb,,,,580.178.04,GPU-d59cb1c4-ad97-d91a-6731-e7b5f38951a6
2026-10-09 02:06:01.261330,11007.0,10,1g.11gb,,,,580.178.04,GPU-d59cb1c4-ad97-d91a-6731-e7b5f38951a6
2026-10-09 02:06:01.261330,11008.0,11,1g.11gb,gpt2-inference-5d8458fb46-zdp9n,default,gpt2,580.178.04,GPU-d59cb1c4-ad97-d91a-6731-e7b5f38951a6
2026-10-09 02:06:01.261330,11007.0,12,1g.11gb,,,,580.178.04,GPU-d59cb1c4-ad97-d91a-6731-e7b5f38951a6
2026-10-09 02:06:01.261330,11008.0,13,1g.11gb,gpt2-inference-5d8458fb46-8g29c,default,gpt2,580.178.04,GPU-d59cb1c4-ad97-d91a-6731-e7b5f38951a6
2026-10-09 02:06:01.261330,11007.0,7,1g.11gb,,,,580.178.04,GPU-d59cb1c4-ad97-d91a-6731-e7b5f38951a6
2026-10-09 02:06:01.261330,11007.0,8,1g.11gb,,,,580.178.04,GPU-d59cb1c4-ad97-d91a-6731-e7b5f38951a6
2026-10-09 02:06:01.261330,11007.0,9,1g.11gb,,,,580.178.04,GPU-d59cb1c4-ad97-d91a-6731-e7b5f38951a6
2026-10-09 02:06:06.259945,11007.0,10,1g.11gb,,,,580.178.04,GPU-d59cb1c4-ad97-d91a-6731-e7b5f38951a6
2026-10-09 02:06:06.259945,11008.0,11,1g.11gb,gpt2-inference-5d8458fb46-zdp9n,default,gpt2,580.178.04,GPU-d59cb1c4-ad97-d91a-6731-e7b5f38951a6
2026-10-09 02:06:06.259945,11007.0,12,1g.11gb,,,,580.178.04,GPU-d59cb1c4-ad97-d91a-6731-e7b5f38951a6
2026-10-09 02:06:06.259945,11008.0,13,1g.11gb,gpt2-inference-5d8458fb46-8g29c,default,gpt2,580.178.04,GPU-d59cb1c4-ad97-d91a-6731-e7b5f38951a6
2026-10-09 02:06:06.259945,11007.0,7,1g.11gb,,,,580.178.04,GPU-d59cb1c4-ad97-d91a-6731-e7b5f38951a6
2026-10-09 02:06:06.259945,11007.0,8,1g.11gb,,,,580.178.04,GPU-d59cb1c4-ad97-d91a-6731-e7b5f38951a6
2026-10-09 02:06:06.259945,11007.0,9,1g.11gb,,,,580.178.04,GPU-d59cb1c4-ad97-d91a-6731-e7b5f38951a6
2026-10-09 02:06:11.264179,11007.0,10,1g.11gb,,,,580.178.04,GPU-d59cb1c4-ad97-d91a-6731-e7b5f38951a6
2026-10-09 02:06:11.264179,11008.0,11,1g.11gb,gpt2-inference-5d8458fb46-zdp9n,default,gpt2,580.178.04,GPU-d59cb1c4-ad97-d91a-6731-e7b5f38951a6
2026-10-09 02:06:11.264179,11007.0,12,1g.11gb,,,,580.178.04,GPU-d59cb1c4-ad97-d91a-6731-e7b5f38951a6
2026-10-09 02:06:11.264179,11008.0,13,1g.11gb,gpt2-inference-5d8458fb46-8g29c,default,gpt2,580.178.04,GPU-d59cb1c4-ad97-d91a-6731-e7b5f38951a6
2026-10-09 02:06:11.264179,11007.0,7,1g.11gb,,,,580.178.04,GPU-d59cb1c4-ad97-d91a-6731-e7b5f38951a6
2026-10-09 02:06:11.264179,11007.0,8,1g.11gb,,,,580.178.04,GPU-d59cb1c4-ad97-d91a-6731-e7b5f38951a6
2026-10-09 02:06:11.264179,11007.0,9,1g.11gb,,,,580.178.04,GPU-d59cb1c4-ad97-d91a-6731-e7b5f38951a6
2026-10-09 02:06:16.264166,11007.0,10,1g.11gb,,,,580.178.04,GPU-d59cb1c4-ad97-d91a-6731-e7b5f38951a6
2026-10-09 02:06:16.264166,11008.0,11,1g.11gb,gpt2-inference-5d8458fb46-zdp9n,default,gpt2,580.178.04,GPU-d59cb1c4-ad97-d91a-6731-e7b5f38951a6
2026-10-09 02:06:16.264166,11007.0,12,1g.11gb,,,,580.178.04,GPU-d59cb1c4-ad97-d91a-6731-e7b5f38951a6
2026-10-09 02:06:16.264166,11008.0,13,1g.11gb,gpt2-inference-5d8458fb46-8g29c,default,gpt2,580.178.04,GPU-d59cb1c4-ad97-d91a-6731-e7b5f38951a6
2026-10-09 02:06:16.264166,11007.0,7,1g.11gb,,,,580.178.04,GPU-d59cb1c4-ad97-d91a-6731-e7b5f38951a6
2026-10-09 02:06:16.264166,11007.0,8,1g.11gb,,,,580.178.04,GPU-d59cb1c4-ad97-d91a-6731-e7b5f38951a6
2026-10-09 02:06:16.264166,11007.0,9,1g.11gb,,,,580.178.04,GPU-d59cb1c4-ad97-d91a-6731-e7b5f38951a6
2026-10-09 02:06:21.263672,11007.0,10,1g.11gb,,,,580.178.04,GPU-d59cb1c4-ad97-d91a-6731-e7b5f38951a6
2026-10-09 02:06:21.263672,11008.0,11,1g.11gb,gpt2-inference-5d8458fb46-zdp9n,default,gpt2,580.178.04,GPU-d59cb1c4-ad97-d91a-6731-e7b5f38951a6
2026-10-09 02:06:21.263672,11007.0,12,1g.11gb,,,,580.178.04,GPU-d59cb1c4-ad97-d91a-6731-e7b5f38951a6
2026-10-09 02:06:21.263672,11008.0,13,1g.11gb,gpt2-inference-5d8458fb46-8g29c,default,gpt2,580.178.04,GPU-d59cb1c4-ad97-d91a-6731-e7b5f38951a6
2026-10-09 02:06:21.263672,11007.0,7,1g.11gb,,,,580.178.04,GPU-d59cb1c4-ad97-d91a-6731-e7b5f38951a6
2026-10-09 02:06:21.263672,11007.0,8,1g.11gb,,,,580.178.04,GPU-d59cb1c4-ad97-d91a-6731-e7b5f38951a6
2026-10-09 02:06:21.263672,11007.0,9,1g.11gb,,,,580.178.04,GPU-d59cb1c4-ad97-d91a-6731-e7b5f38951a6
2026-10-09 02:06:26.264189,11007.0,10,1g.11gb,,,,580.178.04,GPU-d59cb1c4-ad97-d91a-6731-e7b5f38951a6
2026-10-09 02:06:26.264189,11008.0,11,1g.11gb,gpt2-inference-5d8458fb46-zdp9n,default,gpt2,580.178.04,GPU-d59cb1c4-ad97-d91a-6731-e7b5f38951a6
2026-10-09 02:06:26.264189,11007.0,12,1g.11gb,,,,580.178.04,GPU-d59cb1c4-ad97-d91a-6731-e7b5f38951a6
2026-10-09 02:06:26.264189,11008.0,13,1g.11gb,gpt2-inference-5d8458fb46-8g29c,default,gpt2,580.178.04,GPU-d59cb1c4-ad97-d91a-6731-e7b5f38951a6
2026-10-09 02:06:26.264189,11007.0,7,1g.11gb,,,,580.178.04,GPU-d59cb1c4-ad97-d91a-6731-e7b5f38951a6
2026-10-09 02:06:26.264189,11007.0,8,1g.11gb,,,,580.178.04,GPU-d59cb1c4-ad97-d91a-6731-e7b5f38951a6
2026-10-09 02:06:26.264189,11007.0,9,1g.11gb,,,,580.178.04,GPU-d59cb1c4-ad97-d91a-6731-e7b5f38951a6
2026-10-09 02:06:31.264162,11007.0,10,1g.11gb,,,,580.178.04,GPU-d59cb1c4-ad97-d91a-6731-e7b5f38951a6
2026-10-09 02:06:31.264162,11008.0,11,1g.11gb,gpt2-inference-5d8458fb46-zdp9n,default,gpt2,580.178.04,GPU-d59cb1c4-ad97-d91a-6731-e7b5f38951a6
2026-10-09 02:06:31.264162,11007.0,12,1g.11gb,,,,580.178.04,GPU-d59cb1c4-ad97-d91a-6731-e7b5f38951a6
2026-10-09 02:06:31.264162,11008.0,13,1g.11gb,gpt2-inference-5d8458fb46-8g29c,default,gpt2,580.178.04,GPU-d59cb1c4-ad97-d91a-6731-e7b5f38951a6
2026-10-09 02:06:31.264162,11007.0,7,1g.11gb,,,,580.178.04,GPU-d59cb1c4-ad97-d91a-6731-e7b5f38951a6
2026-10-09 02:06:31.264162,11007.0,8,1g.11gb,,,,580.178.04,GPU-d59cb1c4-ad97-d91a-6731-e7b5f38951a6
2026-10-09 02:06:31.264162,11007.0,9,1g.11gb,,,,580.178.04,GPU-d59cb1c4-ad97-d91a-6731-e7b5f38951a6
2026-10-09 02:06:36.260224,11007.0,10,1g.11gb,,,,580.178.04,GPU-d59cb1c4-ad97-d91a-6731-e7b5f38951a6
2026-10-09 02:06:36.260224,11008.0,11,1g.11gb,gpt2-inference-5d8458fb46-zdp9n,default,gpt2,580.178.04,GPU-d59cb1c4-ad97-d91a-6731-e7b5f38951a6
2026-10-09 02:06:36.260224,11007.0,12,1g.11gb,,,,580.178.04,GPU-d59cb1c4-ad97-d91a-6731-e7b5f38951a6
2026-10-09 02:06:36.260224,11008.0,13,1g.11gb,gpt2-inference-5d8458fb46-8g29c,default,gpt2,580.178.04,GPU-d59cb1c4-ad97-d91a-6731-e7b5f38951a6
2026-10-09 02:06:36.260224,11007.0,7,1g.11gb,,,,580.178.04,GPU-d59cb1c4-ad97-d91a-6731-e7b5f38951a6
2026-10-09 02:06:36.260224,11007.0,8,1g.11gb,,,,580.178.04,GPU-d59cb1c4-ad97-d91a-6731-e7b5f38951a6
2026-10-09 02:06:36.260224,11007.0,9,1g.11gb,,,,580.178.04,GPU-d59cb1c4-ad97-d91a-6731-e7b5f38951a6
2026-10-09 02:06:41.264163,11007.0,10,1g.11gb,,,,580.178.04,GPU-d59cb1c4-ad97-d91a-6731-e7b5f38951a6
2026-10-09 02:06:41.264163,11008.0,11,1g.11gb,gpt2-inference-5d8458fb46-zdp9n,default,gpt2,580.178.04,GPU-d59cb1c4-ad97-d91a-6731-e7b5f38951a6
2026-10-09 02:06:41.264163,11007.0,12,1g.11gb,,,,580.178.04,GPU-d59cb1c4-ad97-d91a-6731-e7b5f38951a6
2026-10-09 02:06:41.264163,11008.0,13,1g.11gb,gpt2-inference-5d8458fb46-8g29c,default,gpt2,580.178.04,GPU-d59cb1c4-ad97-d91a-6731-e7b5f38951a6
2026-10-09 02:06:41.264163,11007.0,7,1g.11gb,,,,580.178.04,GPU-d59cb1c4-ad97-d91a-6731-e7b5f38951a6
2026-10-09 02:06:41.264163,11007.0,8,1g.11gb,,,,580.178.04,GPU-d59cb1c4-ad97-d91a-6731-e7b5f38951a6
2026-10-09 02:06:41.264163,11007.0,9,1g.11gb,,,,580.178.04,GPU-d59cb1c4-ad97-d91a-6731-e7b5f38951a6
2026-10-09 02:06:46.261627,11007.0,10,1g.11gb,,,,580.178.04,GPU-d59cb1c4-ad97-d91a-6731-e7b5f38951a6
2026-10-09 02:06:46.261627,11008.0,11,1g.11gb,gpt2-inference-5d8458fb46-zdp9n,default,gpt2,580.178.04,GPU-d59cb1c4-ad97-d91a-6731-e7b5f38951a6
2026-10-09 02:06:46.261627,11007.0,12,1g.11gb,,,,580.178.04,GPU-d59cb1c4-ad97-d91a-6731-e7b5f38951a6
2026-10-09 02:06:46.261627,11008.0,13,1g.11gb,gpt2-inference-5d8458fb46-8g29c,default,gpt2,580.178.04,GPU-d59cb1c4-ad97-d91a-6731-e7b5f38951a6
2026-10-09 02:06:46.261627,11007.0,7,1g.11gb,,,,580.178.04,GPU-d59cb1c4-ad97-d91a-6731-e7b5f38951a6
2026-10-09 02:06:46.261627,11007.0,8,1g.11gb,,,,580.178.04,GPU-d59cb1c4-ad97-d91a-6731-e7b5f38951a6
2026-10-09 02:06:46.261627,11007.0,9,1g.11gb,,,,580.178.04,GPU-d59cb1c4-ad97-d91a-6731-e7b5f38951a6
2026-10-09 02:06:51.263662,11007.0,10,1g.11gb,,,,580.178.04,GPU-d59cb1c4-ad97-d91a-6731-e7b5f38951a6
2026-10-09 02:06:51.263662,11008.0,11,1g.11gb,gpt2-inference-5d8458fb46-zdp9n,default,gpt2,580.178.04,GPU-d59cb1c4-ad97-d91a-6731-e7b5f38951a6
2026-10-09 02:06:51.263662,11007.0,12,1g.11gb,,,,580.178.04,GPU-d59cb1c4-ad97-d91a-6731-e7b5f38951a6
2026-10-09 02:06:51.263662,11008.0,13,1g.11gb,gpt2-inference-5d8458fb46-8g29c,default,gpt2,580.178.04,GPU-d59cb1c4-ad97-d91a-6731-e7b5f38951a6
2026-10-09 02:06:51.263662,11007.0,7,1g.11gb,,,,580.178.04,GPU-d59cb1c4-ad97-d91a-6731-e7b5f38951a6
2026-10-09 02:06:51.263662,11007.0,8,1g.11gb,,,,580.178.04,GPU-d59cb1c4-ad97-d91a-6731-e7b5f38951a6
2026-10-09 02:06:51.263662,11007.0,9,1g.11gb,,,,580.178.04,GPU-d59cb1c4-ad97-d91a-6731-e7b5f38951a6
2026-10-09 02:06:56.263757,11007.0,10,1g.11gb,,,,580.178.04,GPU-d59cb1c4-ad97-d91a-6731-e7b5f38951a6
2026-10-09 02:06:56.263757,11008.0,11,1g.11gb,gpt2-inference-5d8458fb46-zdp9n,default,gpt2,580.178.04,GPU-d59cb1c4-ad97-d91a-6731-e7b5f38951a6
2026-10-09 02:06:56.263757,11007.0,12,1g.11gb,,,,580.178.04,GPU-d59cb1c4-ad97-d91a-6731-e7b5f38951a6
2026-10-09 02:06:56.263757,11008.0,13,1g.11gb,gpt2-inference-5d8458fb46-8g29c,default,gpt2,580.178.04,GPU-d59cb1c4-ad97-d91a-6731-e7b5f38951a6
2026-10-09 02:06:56.263757,11007.0,7,1g.11gb,,,,580.178.04,GPU-d59cb1c4-ad97-d91a-6731-e7b5f38951a6
2026-10-09 02:06:56.263757,11007.0,8,1g.11gb,,,,580.178.04,GPU-d59cb1c4-ad97-d91a-6731-e7b5f38951a6
2026-10-09 02:06:56.263757,11007.0,9,1g.11gb,,,,580.178.04,GPU-d59cb1c4-ad97-d91a-6731-e7b5f38951a6
2026-10-09 02:07:01.259822,11007.0,10,1g.11gb,,,,580.178.04,GPU-d59cb1c4-ad97-d91a-6731-e7b5f38951a6
2026-10-09 02:07:01.259822,11008.0,11,1g.11gb,gpt2-inference-5d8458fb46-zdp9n,default,gpt2,580.178.04,GPU-d59cb1c4-ad97-d91a-6731-e7b5f38951a6
2026-10-09 02:07:01.259822,11007.0,12,1g.11gb,,,,580.178.04,GPU-d59cb1c4-ad97-d91a-6731-e7b5f38951a6
2026-10-09 02:07:01.259822,11008.0,13,1g.11gb,gpt2-inference-5d8458fb46-8g29c,default,gpt2,580.178.04,GPU-d59cb1c4-ad97-d91a-6731-e7b5f38951a6
2026-10-09 02:07:01.259822,11007.0,7,1g.11gb,,,,580.178.04,GPU-d59cb1c4-ad97-d91a-6731-e7b5f38951a6
2026-10-09 02:07:01.259822,11007.0,8,1g.11gb,,,,580.178.04,GPU-d59cb1c4-ad97-d91a-6731-e7b5f38951a6
2026-10-09 02:07:01.259822,11007.0,9,1g.11gb,,,,580.178.04,GPU-d59cb1c4-ad97-d91a-6731-e7b5f38951a6
2026-10-09 02:07:06.263870,11007.0,10,1g.11gb,,,,580.178.04,GPU-d59cb1c4-ad97-d91a-6731-e7b5f38951a6
2026-10-09 02:07:06.263870,11008.0,11,1g.11gb,gpt2-inference-5d8458fb46-zdp9n,default,gpt2,580.178.04,GPU-d59cb1c4-ad97-d91a-6731-e7b5f38951a6
2026-10-09 02:07:06.263870,11007.0,12,1g.11gb,,,,580.178.04,GPU-d59cb1c4-ad97-d91a-6731-e7b5f38951a6
2026-10-09 02:07:06.263870,11008.0,13,1g.11gb,gpt2-inference-5d8458fb46-8g29c,default,gpt2,580.178.04,GPU-d59cb1c4-ad97-d91a-6731-e7b5f38951a6
2026-10-09 02:07:06.263870,11007.0,7,1g.11gb,,,,580.178.04,GPU-d59cb1c4-ad97-d91a-6731-e7b5f38951a6
2026-10-09 02:07:06.263870,11007.0,8,1g.11gb,,,,580.178.04,GPU-d59cb1c4-ad97-d91a-6731-e7b5f38951a6
2026-10-09 02:07:06.263870,11007.0,9,1g.11gb,,,,580.178.04,GPU-d59cb1c4-ad97-d91a-6731-e7b5f38951a6
2026-10-09 02:07:11.264161,11007.0,10,1g.11gb,,,,580.178.04,GPU-d59cb1c4-ad97-d91a-6731-e7b5f38951a6
2026-10-09 02:07:11.264161,11008.0,11,1g.11gb,gpt2-inference-5d8458fb46-zdp9n,default,gpt2,580.178.04,GPU-d59cb1c4-ad97-d91a-6731-e7b5f38951a6
2026-10-09 02:07:11.264161,11007.0,12,1g.11gb,,,,580.178.04,GPU-d59cb1c4-ad97-d91a-6731-e7b5f38951a6
2026-10-09 02:07:11.264161,11008.0,13,1g.11gb,gpt2-inference-5d8458fb46-8g29c,default,gpt2,580.178.04,GPU-d59cb1c4-ad97-d91a-6731-e7b5f38951a6
2026-10-09 02:07:11.264161,11007.0,7,1g.11gb,,,,580.178.04,GPU-d59cb1c4-ad97-d91a-6731-e7b5f38951a6
2026-10-09 02:07:11.264161,11007.0,8,1g.11gb,,,,580.178.04,GPU-d59cb1c4-ad97-d91a-6731-e7b5f38951a6
2026-10-09 02:07:11.264161,11007.0,9,1g.11gb,,,,580.178.04,GPU-d59cb1c4-ad97-d91a-6731-e7b5f38951a6
2026-10-09 02:07:16.264162,11007.0,10,1g.11gb,,,,580.178.04,GPU-d59cb1c4-ad97-d91a-6731-e7b5f38951a6
2026-10-09 02:07:16.264162,11008.0,11,1g.11gb,gpt2-inference-5d8458fb46-zdp9n,default,gpt2,580.178.04,GPU-d59cb1c4-ad97-d91a-6731-e7b5f38951a6
2026-10-09 02:07:16.264162,11007.0,12,1g.11gb,,,,580.178.04,GPU-d59cb1c4-ad97-d91a-6731-e7b5f38951a6
2026-10-09 02:07:16.264162,11008.0,13,1g.11gb,gpt2-inference-5d8458fb46-8g29c,default,gpt2,580.178.04,GPU-d59cb1c4-ad97-d91a-6731-e7b5f38951a6
2026-10-09 02:07:16.264162,11007.0,7,1g.11gb,,,,580.178.04,GPU-d59cb1c4-ad97-d91a-6731-e7b5f38951a6
2026-10-09 02:07:16.264162,11007.0,8,1g.11gb,,,,580.178.04,GPU-d59cb1c4-ad97-d91a-6731-e7b5f38951a6
2026-10-09 02:07:16.264162,11007.0,9,1g.11gb,,,,580.178.04,GPU-d59cb1c4-ad97-d91a-6731-e7b5f38951a6
2026-10-09 02:07:21.260763,11007.0,10,1g.11gb,,,,580.178.04,GPU-d59cb1c4-ad97-d91a-6731-e7b5f38951a6
2026-10-09 02:07:21.260763,11008.0,11,1g.11gb,gpt2-inference-5d8458fb46-zdp9n,default,gpt2,580.178.04,GPU-d59cb1c4-ad97-d91a-6731-e7b5f38951a6
2026-10-09 02:07:21.260763,11007.0,12,1g.11gb,,,,580.178.04,GPU-d59cb1c4-ad97-d91a-6731-e7b5f38951a6
2026-10-09 02:07:21.260763,11008.0,13,1g.11gb,gpt2-inference-5d8458fb46-8g29c,default,gpt2,580.178.04,GPU-d59cb1c4-ad97-d91a-6731-e7b5f38951a6
2026-10-09 02:07:21.260763,11007.0,7,1g.11gb,,,,580.178.04,GPU-d59cb1c4-ad97-d91a-6731-e7b5f38951a6
2026-10-09 02:07:21.260763,11007.0,8,1g.11gb,,,,580.178.04,GPU-d59cb1c4-ad97-d91a-6731-e7b5f38951a6
2026-10-09 02:07:21.260763,11007.0,9,1g.11gb,,,,580.178.04,GPU-d59cb1c4-ad97-d91a-6731-e7b5f38951a6
2026-10-09 02:07:26.259844,11007.0,10,1g.11gb,,,,580.178.04,GPU-d59cb1c4-ad97-d91a-6731-e7b5f38951a6
2026-10-09 02:07:26.259844,11008.0,11,1g.11gb,gpt2-inference-5d8458fb46-zdp9n,default,gpt2,580.178.04,GPU-d59cb1c4-ad97-d91a-6731-e7b5f38951a6
2026-10-09 02:07:26.259844,11007.0,12,1g.11gb,,,,580.178.04,GPU-d59cb1c4-ad97-d91a-6731-e7b5f38951a6
2026-10-09 02:07:26.259844,11008.0,13,1g.11gb,gpt2-inference-5d8458fb46-8g29c,default,gpt2,580.178.04,GPU-d59cb1c4-ad97-d91a-6731-e7b5f38951a6
2026-10-09 02:07:26.259844,11007.0,7,1g.11gb,,,,580.178.04,GPU-d59cb1c4-ad97-d91a-6731-e7b5f38951a6
2026-10-09 02:07:26.259844,11007.0,8,1g.11gb,,,,580.178.04,GPU-d59cb1c4-ad97-d91a-6731-e7b5f38951a6
2026-10-09 02:07:26.259844,11007.0,9,1g.11gb,,,,580.178.04,GPU-d59cb1c4-ad97-d91a-6731-e7b5f38951a6
2026-10-09 02:07:31.259780,11007.0,10,1g.11gb,,,,580.178.04,GPU-d59cb1c4-ad97-d91a-6731-e7b5f38951a6
2026-10-09 02:07:31.259780,11008.0,11,1g.11gb,gpt2-inference-5d8458fb46-zdp9n,default,gpt2,580.178.04,GPU-d59cb1c4-ad97-d91a-6731-e7b5f38951a6
2026-10-09 02:07:31.259780,11007.0,12,1g.11gb,,,,580.178.04,GPU-d59cb1c4-ad97-d91a-6731-e7b5f38951a6
2026-10-09 02:07:31.259780,11008.0,13,1g.11gb,gpt2-inference-5d8458fb46-8g29c,default,gpt2,580.178.04,GPU-d59cb1c4-ad97-d91a-6731-e7b5f38951a6
2026-10-09 02:07:31.259780,11007.0,7,1g.11gb,,,,580.178.04,GPU-d59cb1c4-ad97-d91a-6731-e7b5f38951a6
2026-10-09 02:07:31.259780,11007.0,8,1g.11gb,,,,580.178.04,GPU-d59cb1c4-ad97-d91a-6731-e7b5f38951a6
2026-10-09 02:07:31.259780,11007.0,9,1g.11gb,,,,580.178.04,GPU-d59cb1c4-ad97-d91a-6731-e7b5f38951a6
2026-10-09 02:07:36.259930,11007.0,10,1g.11gb,,,,580.178.04,GPU-d59cb1c4-ad97-d91a-6731-e7b5f38951a6
2026-10-09 02:07:36.259930,11008.0,11,1g.11gb,gpt2-inference-5d8458fb46-zdp9n,default,gpt2,580.178.04,GPU-d59cb1c4-ad97-d91a-6731-e7b5f38951a6
2026-10-09 02:07:36.259930,11007.0,12,1g.11gb,,,,580.178.04,GPU-d59cb1c4-ad97-d91a-6731-e7b5f38951a6
2026-10-09 02:07:36.259930,11008.0,13,1g.11gb,gpt2-inference-5d8458fb46-8g29c,default,gpt2,580.178.04,GPU-d59cb1c4-ad97-d91a-6731-e7b5f38951a6
2026-10-09 02:07:36.259930,11007.0,7,1g.11gb,,,,580.178.04,GPU-d59cb1c4-ad97-d91a-6731-e7b5f38951a6
2026-10-09 02:07:36.259930,11007.0,8,1g.11gb,,,,580.178.04,GPU-d59cb1c4-ad97-d91a-6731-e7b5f38951a6
2026-10-09 02:07:36.259930,11007.0,9,1g.11gb,,,,580.178.04,GPU-d59cb1c4-ad97-d91a-6731-e7b5f38951a6
2026-10-09 02:07:41.264169,11007.0,10,1g.11gb,,,,580.178.04,GPU-d59cb1c4-ad97-d91a-6731-e7b5f38951a6
2026-10-09 02:07:41.264169,11008.0,11,1g.11gb,gpt2-inference-5d8458fb46-zdp9n,default,gpt2,580.178.04,GPU-d59cb1c4-ad97-d91a-6731-e7b5f38951a6
2026-10-09 02:07:41.264169,11007.0,12,1g.11gb,,,,580.178.04,GPU-d59cb1c4-ad97-d91a-6731-e7b5f38951a6
2026-10-09 02:07:41.264169,11008.0,13,1g.11gb,gpt2-inference-5d8458fb46-8g29c,default,gpt2,580.178.04,GPU-d59cb1c4-ad97-d91a-6731-e7b5f38951a6
2026-10-09 02:07:41.264169,11007.0,7,1g.11gb,,,,580.178.04,GPU-d59cb1c4-ad97-d91a-6731-e7b5f38951a6
2026-10-09 02:07:41.264169,11007.0,8,1g.11gb,,,,580.178.04,GPU-d59cb1c4-ad97-d91a-6731-e7b5f38951a6
2026-10-09 02:07:41.264169,11007.0,9,1g.11gb,,,,580.178.04,GPU-d59cb1c4-ad97-d91a-6731-e7b5f38951a6
2026-10-09 02:07:46.262516,11007.0,10,1g.11gb,,,,580.178.04,GPU-d59cb1c4-ad97-d91a-6731-e7b5f38951a6
2026-10-09 02:07:46.262516,11008.0,11,1g.11gb,gpt2-inference-5d8458fb46-zdp9n,default,gpt2,580.178.04,GPU-d59cb1c4-ad97-d91a-6731-e7b5f38951a6
2026-10-09 02:07:46.262516,11007.0,12,1g.11gb,,,,580.178.04,GPU-d59cb1c4-ad97-d91a-6731-e7b5f38951a6
2026-10-09 02:07:46.262516,11008.0,13,1g.11gb,gpt2-inference-5d8458fb46-8g29c,default,gpt2,580.178.04,GPU-d59cb1c4-ad97-d91a-6731-e7b5f38951a6
2026-10-09 02:07:46.262516,11007.0,7,1g.11gb,,,,580.178.04,GPU-d59cb1c4-ad97-d91a-6731-e7b5f38951a6
2026-10-09 02:07:46.262516,11007.0,8,1g.11gb,,,,580.178.04,GPU-d59cb1c4-ad97-d91a-6731-e7b5f38951a6
2026-10-09 02:07:46.262516,11007.0,9,1g.11gb,,,,580.178.04,GPU-d59cb1c4-ad97-d91a-6731-e7b5f38951a6
2026-10-09 02:07:51.263787,11007.0,10,1g.11gb,,,,580.178.04,GPU-d59cb1c4-ad97-d91a-6731-e7b5f38951a6
2026-10-09 02:07:51.263787,11008.0,11,1g.11gb,gpt2-inference-5d8458fb46-zdp9n,default,gpt2,580.178.04,GPU-d59cb1c4-ad97-d91a-6731-e7b5f38951a6
2026-10-09 02:07:51.263787,11007.0,12,1g.11gb,,,,580.178.04,GPU-d59cb1c4-ad97-d91a-6731-e7b5f38951a6
2026-10-09 02:07:51.263787,11008.0,13,1g.11gb,gpt2-inference-5d8458fb46-8g29c,default,gpt2,580.178.04,GPU-d59cb1c4-ad97-d91a-6731-e7b5f38951a6
2026-10-09 02:07:51.263787,11007.0,7,1g.11gb,,,,580.178.04,GPU-d59cb1c4-ad97-d91a-6731-e7b5f38951a6
2026-10-09 02:07:51.263787,11007.0,8,1g.11gb,,,,580.178.04,GPU-d59cb1c4-ad97-d91a-6731-e7b5f38951a6
2026-10-09 02:07:51.263787,11007.0,9,1g.11gb,,,,580.178.04,GPU-d59cb1c4-ad97-d91a-6731-e7b5f38951a6
2026-10-09 02:07:56.260037,11007.0,10,1g.11gb,,,,580.178.04,GPU-d59cb1c4-ad97-d91a-6731-e7b5f38951a6
2026-10-09 02:07:56.260037,11008.0,11,1g.11gb,gpt2-inference-5d8458fb46-zdp9n,default,gpt2,580.178.04,GPU-d59cb1c4-ad97-d91a-6731-e7b5f38951a6
2026-10-09 02:07:56.260037,11007.0,12,1g.11gb,,,,580.178.04,GPU-d59cb1c4-ad97-d91a-6731-e7b5f38951a6
2026-10-09 02:07:56.260037,11008.0,13,1g.11gb,gpt2-inference-5d8458fb46-8g29c,default,gpt2,580.178.04,GPU-d59cb1c4-ad97-d91a-6731-e7b5f38951a6
2026-10-09 02:07:56.260037,11007.0,7,1g.11gb,,,,580.178.04,GPU-d59cb1c4-ad97-d91a-6731-e7b5f38951a6
2026-10-09 02:07:56.260037,11007.0,8,1g.11gb,,,,580.178.04,GPU-d59cb1c4-ad97-d91a-6731-e7b5f38951a6
2026-10-09 02:07:56.260037,11007.0,9,1g.11gb,,,,580.178.04,GPU-d59cb1c4-ad97-d91a-6731-e7b5f38951a6
2026-10-09 02:08:01.259750,11007.0,10,1g.11gb,,,,580.178.04,GPU-d59cb1c4-ad97-d91a-6731-e7b5f38951a6
2026-10-09 02:08:01.259750,11008.0,11,1g.11gb,gpt2-inference-5d8458fb46-zdp9n,default,gpt2,580.178.04,GPU-d59cb1c4-ad97-d91a-6731-e7b5f38951a6
2026-10-09 02:08:01.259750,11007.0,12,1g.11gb,,,,580.178.04,GPU-d59cb1c4-ad97-d91a-6731-e7b5f38951a6
2026-10-09 02:08:01.259750,11008.0,13,1g.11gb,gpt2-inference-5d8458fb46-8g29c,default,gpt2,580.178.04,GPU-d59cb1c4-ad97-d91a-6731-e7b5f38951a6
2026-10-09 02:08:01.259750,11007.0,7,1g.11gb,,,,580.178.04,GPU-d59cb1c4-ad97-d91a-6731-e7b5f38951a6
2026-10-09 02:08:01.259750,11007.0,8,1g.11gb,,,,580.178.04,GPU-d59cb1c4-ad97-d91a-6731-e7b5f38951a6
2026-10-09 02:08:01.259750,11007.0,9,1g.11gb,,,,580.178.04,GPU-d59cb1c4-ad97-d91a-6731-e7b5f38951a6
2026-10-09 02:08:06.264181,11007.0,10,1g.11gb,,,,580.178.04,GPU-d59cb1c4-ad97-d91a-6731-e7b5f38951a6
2026-10-09 02:08:06.264181,11008.0,11,1g.11gb,gpt2-inference-5d8458fb46-zdp9n,default,gpt2,580.178.04,GPU-d59cb1c4-ad97-d91a-6731-e7b5f38951a6
2026-10-09 02:08:06.264181,11007.0,12,1g.11gb,,,,580.178.04,GPU-d59cb1c4-ad97-d91a-6731-e7b5f38951a6
2026-10-09 02:08:06.264181,11008.0,13,1g.11gb,gpt2-inference-5d8458fb46-8g29c,default,gpt2,580.178.04,GPU-d59cb1c4-ad97-d91a-6731-e7b5f38951a6
2026-10-09 02:08:06.264181,11007.0,7,1g.11gb,,,,580.178.04,GPU-d59cb1c4-ad97-d91a-6731-e7b5f38951a6
2026-10-09 02:08:06.264181,11007.0,8,1g.11gb,,,,580.178.04,GPU-d59cb1c4-ad97-d91a-6731-e7b5f38951a6
2026-10-09 02:08:06.264181,11007.0,9,1g.11gb,,,,580.178.04,GPU-d59cb1c4-ad97-d91a-6731-e7b5f38951a6
2026-10-09 02:08:11.264158,11007.0,10,1g.11gb,,,,580.178.04,GPU-d59cb1c4-ad97-d91a-6731-e7b5f38951a6
2026-10-09 02:08:11.264158,11008.0,11,1g.11gb,gpt2-inference-5d8458fb46-zdp9n,default,gpt2,580.178.04,GPU-d59cb1c4-ad97-d91a-6731-e7b5f38951a6
2026-10-09 02:08:11.264158,11007.0,12,1g.11gb,,,,580.178.04,GPU-d59cb1c4-ad97-d91a-6731-e7b5f38951a6
2026-10-09 02:08:11.264158,11008.0,13,1g.11gb,gpt2-inference-5d8458fb46-8g29c,default,gpt2,580.178.04,GPU-d59cb1c4-ad97-d91a-6731-e7b5f38951a6
2026-10-09 02:08:11.264158,11007.0,7,1g.11gb,,,,580.178.04,GPU-d59cb1c4-ad97-d91a-6731-e7b5f38951a6
2026-10-09 02:08:11.264158,11007.0,8,1g.11gb,,,,580.178.04,GPU-d59cb1c4-ad97-d91a-6731-e7b5f38951a6
2026-10-09 02:08:11.264158,11007.0,9,1g.11gb,,,,580.178.04,GPU-d59cb1c4-ad97-d91a-6731-e7b5f38951a6
2026-10-09 02:08:16.264130,11007.0,10,1g.11gb,,,,580.178.04,GPU-d59cb1c4-ad97-d91a-6731-e7b5f38951a6
2026-10-09 02:08:16.264130,11008.0,11,1g.11gb,gpt2-inference-5d8458fb46-zdp9n,default,gpt2,580.178.04,GPU-d59cb1c4-ad97-d91a-6731-e7b5f38951a6
2026-10-09 02:08:16.264130,11007.0,12,1g.11gb,,,,580.178.04,GPU-d59cb1c4-ad97-d91a-6731-e7b5f38951a6
2026-10-09 02:08:16.264130,11008.0,13,1g.11gb,gpt2-inference-5d8458fb46-8g29c,default,gpt2,580.178.04,GPU-d59cb1c4-ad97-d91a-6731-e7b5f38951a6
2026-10-09 02:08:16.264130,11007.0,7,1g.11gb,,,,580.178.04,GPU-d59cb1c4-ad97-d91a-6731-e7b5f38951a6
2026-10-09 02:08:16.264130,11007.0,8,1g.11gb,,,,580.178.04,GPU-d59cb1c4-ad97-d91a-6731-e7b5f38951a6
2026-10-09 02:08:16.264130,11007.0,9,1g.11gb,,,,580.178.04,GPU-d59cb1c4-ad97-d91a-6731-e7b5f38951a6
2026-10-09 02:08:21.261786,11007.0,10,1g.11gb,,,,580.178.04,GPU-d59cb1c4-ad97-d91a-6731-e7b5f38951a6
2026-10-09 02:08:21.261786,11008.0,11,1g.11gb,gpt2-inference-5d8458fb46-zdp9n,default,gpt2,580.178.04,GPU-d59cb1c4-ad97-d91a-6731-e7b5f38951a6
2026-10-09 02:08:21.261786,11007.0,12,1g.11gb,,,,580.178.04,GPU-d59cb1c4-ad97-d91a-6731-e7b5f38951a6
2026-10-09 02:08:21.261786,11008.0,13,1g.11gb,gpt2-inference-5d8458fb46-8g29c,default,gpt2,580.178.04,GPU-d59cb1c4-ad97-d91a-6731-e7b5f38951a6
2026-10-09 02:08:21.261786,11007.0,7,1g.11gb,,,,580.178.04,GPU-d59cb1c4-ad97-d91a-6731-e7b5f38951a6
2026-10-09 02:08:21.261786,11007.0,8,1g.11gb,,,,580.178.04,GPU-d59cb1c4-ad97-d91a-6731-e7b5f38951a6
2026-10-09 02:08:21.261786,11007.0,9,1g.11gb,,,,580.178.04,GPU-d59cb1c4-ad97-d91a-6731-e7b5f38951a6
2026-10-09 02:08:26.264195,11007.0,10,1g.11gb,,,,580.178.04,GPU-d59cb1c4-ad97-d91a-6731-e7b5f38951a6
2026-10-09 02:08:26.264195,11008.0,11,1g.11gb,gpt2-inference-5d8458fb46-zdp9n,default,gpt2,580.178.04,GPU-d59cb1c4-ad97-d91a-6731-e7b5f38951a6
2026-10-09 02:08:26.264195,11007.0,12,1g.11gb,,,,580.178.04,GPU-d59cb1c4-ad97-d91a-6731-e7b5f38951a6
2026-10-09 02:08:26.264195,11008.0,13,1g.11gb,gpt2-inference-5d8458fb46-8g29c,default,gpt2,580.178.04,GPU-d59cb1c4-ad97-d91a-6731-e7b5f38951a6
2026-10-09 02:08:26.264195,11007.0,7,1g.11gb,,,,580.178.04,GPU-d59cb1c4-ad97-d91a-6731-e7b5f38951a6
2026-10-09 02:08:26.264195,11007.0,8,1g.11gb,,,,580.178.04,GPU-d59cb1c4-ad97-d91a-6731-e7b5f38951a6
2026-10-09 02:08:26.264195,11007.0,9,1g.11gb,,,,580.178.04,GPU-d59cb1c4-ad97-d91a-6731-e7b5f38951a6
2026-10-09 02:08:31.262222,11007.0,10,1g.11gb,,,,580.178.04,GPU-d59cb1c4-ad97-d91a-6731-e7b5f38951a6
2026-10-09 02:08:31.262222,11008.0,11,1g.11gb,gpt2-inference-5d8458fb46-zdp9n,default,gpt2,580.178.04,GPU-d59cb1c4-ad97-d91a-6731-e7b5f38951a6
2026-10-09 02:08:31.262222,11007.0,12,1g.11gb,,,,580.178.04,GPU-d59cb1c4-ad97-d91a-6731-e7b5f38951a6
2026-10-09 02:08:31.262222,11008.0,13,1g.11gb,gpt2-inference-5d8458fb46-8g29c,default,gpt2,580.178.04,GPU-d59cb1c4-ad97-d91a-6731-e7b5f38951a6
2026-10-09 02:08:31.262222,11007.0,7,1g.11gb,,,,580.178.04,GPU-d59cb1c4-ad97-d91a-6731-e7b5f38951a6
2026-10-09 02:08:31.262222,11007.0,8,1g.11gb,,,,580.178.04,GPU-d59cb1c4-ad97-d91a-6731-e7b5f38951a6
2026-10-09 02:08:31.262222,11007.0,9,1g.11gb,,,,580.178.04,GPU-d59cb1c4-ad97-d91a-6731-e7b5f38951a6
2026-10-09 02:08:36.259628,11007.0,10,1g.11gb,,,,580.178.04,GPU-d59cb1c4-ad97-d91a-6731-e7b5f38951a6
2026-10-09 02:08:36.259628,11008.0,11,1g.11gb,gpt2-inference-5d8458fb46-zdp9n,default,gpt2,580.178.04,GPU-d59cb1c4-ad97-d91a-6731-e7b5f38951a6
2026-10-09 02:08:36.259628,11007.0,12,1g.11gb,,,,580.178.04,GPU-d59cb1c4-ad97-d91a-6731-e7b5f38951a6
2026-10-09 02:08:36.259628,11008.0,13,1g.11gb,gpt2-inference-5d8458fb46-8g29c,default,gpt2,580.178.04,GPU-d59cb1c4-ad97-d91a-6731-e7b5f38951a6
2026-10-09 02:08:36.259628,11007.0,7,1g.11gb,,,,580.178.04,GPU-d59cb1c4-ad97-d91a-6731-e7b5f38951a6
2026-10-09 02:08:36.259628,11007.0,8,1g.11gb,,,,580.178.04,GPU-d59cb1c4-ad97-d91a-6731-e7b5f38951a6
2026-10-09 02:08:36.259628,11007.0,9,1g.11gb,,,,580.178.04,GPU-d59cb1c4-ad97-d91a-6731-e7b5f38951a6
2026-10-09 02:08:41.264159,11007.0,10,1g.11gb,,,,580.178.04,GPU-d59cb1c4-ad97-d91a-6731-e7b5f38951a6
2026-10-09 02:08:41.264159,11008.0,11,1g.11gb,gpt2-inference-5d8458fb46-zdp9n,default,gpt2,580.178.04,GPU-d59cb1c4-ad97-d91a-6731-e7b5f38951a6
2026-10-09 02:08:41.264159,11007.0,12,1g.11gb,,,,580.178.04,GPU-d59cb1c4-ad97-d91a-6731-e7b5f38951a6
2026-10-09 02:08:41.264159,11008.0,13,1g.11gb,gpt2-inference-5d8458fb46-8g29c,default,gpt2,580.178.04,GPU-d59cb1c4-ad97-d91a-6731-e7b5f38951a6
2026-10-09 02:08:41.264159,11007.0,7,1g.11gb,,,,580.178.04,GPU-d59cb1c4-ad97-d91a-6731-e7b5f38951a6
2026-10-09 02:08:41.264159,11007.0,8,1g.11gb,,,,580.178.04,GPU-d59cb1c4-ad97-d91a-6731-e7b5f38951a6
2026-10-09 02:08:41.264159,11007.0,9,1g.11gb,,,,580.178.04,GPU-d59cb1c4-ad97-d91a-6731-e7b5f38951a6
2026-10-09 02:08:46.259632,11007.0,10,1g.11gb,,,,580.178.04,GPU-d59cb1c4-ad97-d91a-6731-e7b5f38951a6
2026-10-09 02:08:46.259632,11008.0,11,1g.11gb,gpt2-inference-5d8458fb46-zdp9n,default,gpt2,580.178.04,GPU-d59cb1c4-ad97-d91a-6731-e7b5f38951a6
2026-10-09 02:08:46.259632,11007.0,12,1g.11gb,,,,580.178.04,GPU-d59cb1c4-ad97-d91a-6731-e7b5f38951a6
2026-10-09 02:08:46.259632,11008.0,13,1g.11gb,gpt2-inference-5d8458fb46-8g29c,default,gpt2,580.178.04,GPU-d59cb1c4-ad97-d91a-6731-e7b5f38951a6
2026-10-09 02:08:46.259632,11007.0,7,1g.11gb,,,,580.178.04,GPU-d59cb1c4-ad97-d91a-6731-e7b5f38951a6
2026-10-09 02:08:46.259632,11007.0,8,1g.11gb,,,,580.178.04,GPU-d59cb1c4-ad97-d91a-6731-e7b5f38951a6
2026-10-09 02:08:46.259632,11007.0,9,1g.11gb,,,,580.178.04,GPU-d59cb1c4-ad97-d91a-6731-e7b5f38951a6
2026-10-09 02:08:51.262638,11007.0,10,1g.11gb,,,,580.178.04,GPU-d59cb1c4-ad97-d91a-6731-e7b5f38951a6
2026-10-09 02:08:51.262638,11008.0,11,1g.11gb,gpt2-inference-5d8458fb46-zdp9n,default,gpt2,580.178.04,GPU-d59cb1c4-ad97-d91a-6731-e7b5f38951a6
2026-10-09 02:08:51.262638,11007.0,12,1g.11gb,,,,580.178.04,GPU-d59cb1c4-ad97-d91a-6731-e7b5f38951a6
2026-10-09 02:08:51.262638,11008.0,13,1g.11gb,gpt2-inference-5d8458fb46-8g29c,default,gpt2,580.178.04,GPU-d59cb1c4-ad97-d91a-6731-e7b5f38951a6
2026-10-09 02:08:51.262638,11007.0,7,1g.11gb,,,,580.178.04,GPU-d59cb1c4-ad97-d91a-6731-e7b5f38951a6
2026-10-09 02:08:51.262638,11007.0,8,1g.11gb,,,,580.178.04,GPU-d59cb1c4-ad97-d91a-6731-e7b5f38951a6
2026-10-09 02:08:51.262638,11007.0,9,1g.11gb,,,,580.178.04,GPU-d59cb1c4-ad97-d91a-6731-e7b5f38951a6
2026-10-09 02:08:56.259424,11007.0,10,1g.11gb,,,,580.178.04,GPU-d59cb1c4-ad97-d91a-6731-e7b5f38951a6
2026-10-09 02:08:56.259424,11008.0,11,1g.11gb,gpt2-inference-5d8458fb46-zdp9n,default,gpt2,580.178.04,GPU-d59cb1c4-ad97-d91a-6731-e7b5f38951a6
2026-10-09 02:08:56.259424,11007.0,12,1g.11gb,,,,580.178.04,GPU-d59cb1c4-ad97-d91a-6731-e7b5f38951a6
2026-10-09 02:08:56.259424,11008.0,13,1g.11gb,gpt2-inference-5d8458fb46-8g29c,default,gpt2,580.178.04,GPU-d59cb1c4-ad97-d91a-6731-e7b5f38951a6
2026-10-09 02:08:56.259424,11007.0,7,1g.11gb,,,,580.178.04,GPU-d59cb1c4-ad97-d91a-6731-e7b5f38951a6
2026-10-09 02:08:56.259424,11007.0,8,1g.11gb,,,,580.178.04,GPU-d59cb1c4-ad97-d91a-6731-e7b5f38951a6
2026-10-09 02:08:56.259424,11007.0,9,1g.11gb,,,,580.178.04,GPU-d59cb1c4-ad97-d91a-6731-e7b5f38951a6
2026-10-09 02:09:01.264163,11007.0,10,1g.11gb,,,,580.178.04,GPU-d59cb1c4-ad97-d91a-6731-e7b5f38951a6
2026-10-09 02:09:01.264163,11008.0,11,1g.11gb,gpt2-inference-5d8458fb46-zdp9n,default,gpt2,580.178.04,GPU-d59cb1c4-ad97-d91a-6731-e7b5f38951a6
2026-10-09 02:09:01.264163,11007.0,12,1g.11gb,,,,580.178.04,GPU-d59cb1c4-ad97-d91a-6731-e7b5f38951a6
2026-10-09 02:09:01.264163,11008.0,13,1g.11gb,gpt2-inference-5d8458fb46-8g29c,default,gpt2,580.178.04,GPU-d59cb1c4-ad97-d91a-6731-e7b5f38951a6
2026-10-09 02:09:01.264163,11007.0,7,1g.11gb,,,,580.178.04,GPU-d59cb1c4-ad97-d91a-6731-e7b5f38951a6
2026-10-09 02:09:01.264163,11007.0,8,1g.11gb,,,,580.178.04,GPU-d59cb1c4-ad97-d91a-6731-e7b5f38951a6
2026-10-09 02:09:01.264163,11007.0,9,1g.11gb,,,,580.178.04,GPU-d59cb1c4-ad97-d91a-6731-e7b5f38951a6
2026-10-09 02:09:06.263815,11007.0,10,1g.11gb,,,,580.178.04,GPU-d59cb1c4-ad97-d91a-6731-e7b5f38951a6
2026-10-09 02:09:06.263815,11008.0,11,1g.11gb,gpt2-inference-5d8458fb46-zdp9n,default,gpt2,580.178.04,GPU-d59cb1c4-ad97-d91a-6731-e7b5f38951a6
2026-10-09 02:09:06.263815,11007.0,12,1g.11gb,,,,580.178.04,GPU-d59cb1c4-ad97-d91a-6731-e7b5f38951a6
2026-10-09 02:09:06.263815,11008.0,13,1g.11gb,gpt2-inference-5d8458fb46-8g29c,default,gpt2,580.178.04,GPU-d59cb1c4-ad97-d91a-6731-e7b5f38951a6
2026-10-09 02:09:06.263815,11007.0,7,1g.11gb,,,,580.178.04,GPU-d59cb1c4-ad97-d91a-6731-e7b5f38951a6
2026-10-09 02:09:06.263815,11007.0,8,1g.11gb,,,,580.178.04,GPU-d59cb1c4-ad97-d91a-6731-e7b5f38951a6
2026-10-09 02:09:06.263815,11007.0,9,1g.11gb,,,,580.178.04,GPU-d59cb1c4-ad97-d91a-6731-e7b5f38951a6
2026-10-09 02:09:11.260853,11007.0,10,1g.11gb,,,,580.178.04,GPU-d59cb1c4-ad97-d91a-6731-e7b5f38951a6
2026-10-09 02:09:11.260853,11008.0,11,1g.11gb,gpt2-inference-5d8458fb46-zdp9n,default,gpt2,580.178.04,GPU-d59cb1c4-ad97-d91a-6731-e7b5f38951a6
2026-10-09 02:09:11.260853,11007.0,12,1g.11gb,,,,580.178.04,GPU-d59cb1c4-ad97-d91a-6731-e7b5f38951a6
2026-10-09 02:09:11.260853,11008.0,13,1g.11gb,gpt2-inference-5d8458fb46-8g29c,default,gpt2,580.178.04,GPU-d59cb1c4-ad97-d91a-6731-e7b5f38951a6
2026-10-09 02:09:11.260853,11007.0,7,1g.11gb,,,,580.178.04,GPU-d59cb1c4-ad97-d91a-6731-e7b5f38951a6
2026-10-09 02:09:11.260853,11007.0,8,1g.11gb,,,,580.178.04,GPU-d59cb1c4-ad97-d91a-6731-e7b5f38951a6
2026-10-09 02:09:11.260853,11007.0,9,1g.11gb,,,,580.178.04,GPU-d59cb1c4-ad97-d91a-6731-e7b5f38951a6
2026-10-09 02:09:16.264166,11007.0,10,1g.11gb,,,,580.178.04,GPU-d59cb1c4-ad97-d91a-6731-e7b5f38951a6
2026-10-09 02:09:16.264166,11008.0,11,1g.11gb,gpt2-inference-5d8458fb46-zdp9n,default,gpt2,580.178.04,GPU-d59cb1c4-ad97-d91a-6731-e7b5f38951a6
2026-10-09 02:09:16.264166,11007.0,12,1g.11gb,,,,580.178.04,GPU-d59cb1c4-ad97-d91a-6731-e7b5f38951a6
2026-10-09 02:09:16.264166,11008.0,13,1g.11gb,gpt2-inference-5d8458fb46-8g29c,default,gpt2,580.178.04,GPU-d59cb1c4-ad97-d91a-6731-e7b5f38951a6
2026-10-09 02:09:16.264166,11007.0,7,1g.11gb,,,,580.178.04,GPU-d59cb1c4-ad97-d91a-6731-e7b5f38951a6
2026-10-09 02:09:16.264166,11007.0,8,1g.11gb,,,,580.178.04,GPU-d59cb1c4-ad97-d91a-6731-e7b5f38951a6
2026-10-09 02:09:16.264166,11007.0,9,1g.11gb,,,,580.178.04,GPU-d59cb1c4-ad97-d91a-6731-e7b5f38951a6
2026-10-09 02:09:21.264163,11007.0,10,1g.11gb,,,,580.178.04,GPU-d59cb1c4-ad97-d91a-6731-e7b5f38951a6
2026-10-09 02:09:21.264163,11008.0,11,1g.11gb,gpt2-inference-5d8458fb46-zdp9n,default,gpt2,580.178.04,GPU-d59cb1c4-ad97-d91a-6731-e7b5f38951a6
2026-10-09 02:09:21.264163,11007.0,12,1g.11gb,,,,580.178.04,GPU-d59cb1c4-ad97-d91a-6731-e7b5f38951a6
2026-10-09 02:09:21.264163,11008.0,13,1g.11gb,gpt2-inference-5d8458fb46-8g29c,default,gpt2,580.178.04,GPU-d59cb1c4-ad97-d91a-6731-e7b5f38951a6
2026-10-09 02:09:21.264163,11007.0,7,1g.11gb,,,,580.178.04,GPU-d59cb1c4-ad97-d91a-6731-e7b5f38951a6
2026-10-09 02:09:21.264163,11007.0,8,1g.11gb,,,,580.178.04,GPU-d59cb1c4-ad97-d91a-6731-e7b5f38951a6
2026-10-09 02:09:21.264163,11007.0,9,1g.11gb,,,,580.178.04,GPU-d59cb1c4-ad97-d91a-6731-e7b5f38951a6
2026-10-09 02:09:26.264117,11007.0,10,1g.11gb,,,,580.178.04,GPU-d59cb1c4-ad97-d91a-6731-e7b5f38951a6
2026-10-09 02:09:26.264117,11008.0,11,1g.11gb,gpt2-inference-5d8458fb46-zdp9n,default,gpt2,580.178.04,GPU-d59cb1c4-ad97-d91a-6731-e7b5f38951a6
2026-10-09 02:09:26.264117,11007.0,12,1g.11gb,,,,580.178.04,GPU-d59cb1c4-ad97-d91a-6731-e7b5f38951a6
2026-10-09 02:09:26.264117,11008.0,13,1g.11gb,gpt2-inference-5d8458fb46-8g29c,default,gpt2,580.178.04,GPU-d59cb1c4-ad97-d91a-6731-e7b5f38951a6
2026-10-09 02:09:26.264117,11007.0,7,1g.11gb,,,,580.178.04,GPU-d59cb1c4-ad97-d91a-6731-e7b5f38951a6
2026-10-09 02:09:26.264117,11007.0,8,1g.11gb,,,,580.178.04,GPU-d59cb1c4-ad97-d91a-6731-e7b5f38951a6
2026-10-09 02:09:26.264117,11007.0,9,1g.11gb,,,,580.178.04,GPU-d59cb1c4-ad97-d91a-6731-e7b5f38951a6
2026-10-09 02:09:31.263484,11007.0,10,1g.11gb,,,,580.178.04,GPU-d59cb1c4-ad97-d91a-6731-e7b5f38951a6
2026-10-09 02:09:31.263484,11008.0,11,1g.11gb,gpt2-inference-5d8458fb46-zdp9n,default,gpt2,580.178.04,GPU-d59cb1c4-ad97-d91a-6731-e7b5f38951a6
2026-10-09 02:09:31.263484,11007.0,12,1g.11gb,,,,580.178.04,GPU-d59cb1c4-ad97-d91a-6731-e7b5f38951a6
2026-10-09 02:09:31.263484,11008.0,13,1g.11gb,gpt2-inference-5d8458fb46-8g29c,default,gpt2,580.178.04,GPU-d59cb1c4-ad97-d91a-6731-e7b5f38951a6
2026-10-09 02:09:31.263484,11007.0,7,1g.11gb,,,,580.178.04,GPU-d59cb1c4-ad97-d91a-6731-e7b5f38951a6
2026-10-09 02:09:31.263484,11007.0,8,1g.11gb,,,,580.178.04,GPU-d59cb1c4-ad97-d91a-6731-e7b5f38951a6
2026-10-09 02:09:31.263484,11007.0,9,1g.11gb,,,,580.178.04,GPU-d59cb1c4-ad97-d91a-6731-e7b5f38951a6
2026-10-09 02:09:36.260395,11007.0,10,1g.11gb,,,,580.178.04,GPU-d59cb1c4-ad97-d91a-6731-e7b5f38951a6
2026-10-09 02:09:36.260395,11008.0,11,1g.11gb,gpt2-inference-5d8458fb46-zdp9n,default,gpt2,580.178.04,GPU-d59cb1c4-ad97-d91a-6731-e7b5f38951a6
2026-10-09 02:09:36.260395,11007.0,12,1g.11gb,,,,580.178.04,GPU-d59cb1c4-ad97-d91a-6731-e7b5f38951a6
2026-10-09 02:09:36.260395,11008.0,13,1g.11gb,gpt2-inference-5d8458fb46-8g29c,default,gpt2,580.178.04,GPU-d59cb1c4-ad97-d91a-6731-e7b5f38951a6
2026-10-09 02:09:36.260395,11007.0,7,1g.11gb,,,,580.178.04,GPU-d59cb1c4-ad97-d91a-6731-e7b5f38951a6
2026-10-09 02:09:36.260395,11007.0,8,1g.11gb,,,,580.178.04,GPU-d59cb1c4-ad97-d91a-6731-e7b5f38951a6
2026-10-09 02:09:36.260395,11007.0,9,1g.11gb,,,,580.178.04,GPU-d59cb1c4-ad97-d91a-6731-e7b5f38951a6
2026-10-09 02:09:41.264167,11007.0,10,1g.11gb,,,,580.178.04,GPU-d59cb1c4-ad97-d91a-6731-e7b5f38951a6
2026-10-09 02:09:41.264167,11008.0,11,1g.11gb,gpt2-inference-5d8458fb46-zdp9n,default,gpt2,580.178.04,GPU-d59cb1c4-ad97-d91a-6731-e7b5f38951a6
2026-10-09 02:09:41.264167,11007.0,12,1g.11gb,,,,580.178.04,GPU-d59cb1c4-ad97-d91a-6731-e7b5f38951a6
2026-10-09 02:09:41.264167,11008.0,13,1g.11gb,gpt2-inference-5d8458fb46-8g29c,default,gpt2,580.178.04,GPU-d59cb1c4-ad97-d91a-6731-e7b5f38951a6
2026-10-09 02:09:41.264167,11007.0,7,1g.11gb,,,,580.178.04,GPU-d59cb1c4-ad97-d91a-6731-e7b5f38951a6
2026-10-09 02:09:41.264167,11007.0,8,1g.11gb,,,,580.178.04,GPU-d59cb1c4-ad97-d91a-6731-e7b5f38951a6
2026-10-09 02:09:41.264167,11007.0,9,1g.11gb,,,,580.178.04,GPU-d59cb1c4-ad97-d91a-6731-e7b5f38951a6
2026-10-09 02:09:46.264178,11007.0,10,1g.11gb,,,,580.178.04,GPU-d59cb1c4-ad97-d91a-6731-e7b5f38951a6
2026-10-09 02:09:46.264178,11008.0,11,1g.11gb,gpt2-inference-5d8458fb46-zdp9n,default,gpt2,580.178.04,GPU-d59cb1c4-ad97-d91a-6731-e7b5f38951a6
2026-10-09 02:09:46.264178,11007.0,12,1g.11gb,,,,580.178.04,GPU-d59cb1c4-ad97-d91a-6731-e7b5f38951a6
2026-10-09 02:09:46.264178,11008.0,13,1g.11gb,gpt2-inference-5d8458fb46-8g29c,default,gpt2,580.178.04,GPU-d59cb1c4-ad97-d91a-6731-e7b5f38951a6
2026-10-09 02:09:46.264178,11007.0,7,1g.11gb,,,,580.178.04,GPU-d59cb1c4-ad97-d91a-6731-e7b5f38951a6
2026-10-09 02:09:46.264178,11007.0,8,1g.11gb,,,,580.178.04,GPU-d59cb1c4-ad97-d91a-6731-e7b5f38951a6
2026-10-09 02:09:46.264178,11007.0,9,1g.11gb,,,,580.178.04,GPU-d59cb1c4-ad97-d91a-6731-e7b5f38951a6
2026-10-09 02:09:51.264167,11007.0,10,1g.11gb,,,,580.178.04,GPU-d59cb1c4-ad97-d91a-6731-e7b5f38951a6
2026-10-09 02:09:51.264167,11008.0,11,1g.11gb,gpt2-inference-5d8458fb46-zdp9n,default,gpt2,580.178.04,GPU-d59cb1c4-ad97-d91a-6731-e7b5f38951a6
2026-10-09 02:09:51.264167,11007.0,12,1g.11gb,,,,580.178.04,GPU-d59cb1c4-ad97-d91a-6731-e7b5f38951a6
2026-10-09 02:09:51.264167,11008.0,13,1g.11gb,gpt2-inference-5d8458fb46-8g29c,default,gpt2,580.178.04,GPU-d59cb1c4-ad97-d91a-6731-e7b5f38951a6
2026-10-09 02:09:51.264167,11007.0,7,1g.11gb,,,,580.178.04,GPU-d59cb1c4-ad97-d91a-6731-e7b5f38951a6
2026-10-09 02:09:51.264167,11007.0,8,1g.11gb,,,,580.178.04,GPU-d59cb1c4-ad97-d91a-6731-e7b5f38951a6
2026-10-09 02:09:51.264167,11007.0,9,1g.11gb,,,,580.178.04,GPU-d59cb1c4-ad97-d91a-6731-e7b5f38951a6
2026-10-09 02:09:56.263842,11007.0,10,1g.11gb,,,,580.178.04,GPU-d59cb1c4-ad97-d91a-6731-e7b5f38951a6
2026-10-09 02:09:56.263842,11008.0,11,1g.11gb,gpt2-inference-5d8458fb46-zdp9n,default,gpt2,580.178.04,GPU-d59cb1c4-ad97-d91a-6731-e7b5f38951a6
2026-10-09 02:09:56.263842,11007.0,12,1g.11gb,,,,580.178.04,GPU-d59cb1c4-ad97-d91a-6731-e7b5f38951a6
2026-10-09 02:09:56.263842,11008.0,13,1g.11gb,gpt2-inference-5d8458fb46-8g29c,default,gpt2,580.178.04,GPU-d59cb1c4-ad97-d91a-6731-e7b5f38951a6
2026-10-09 02:09:56.263842,11007.0,7,1g.11gb,,,,580.178.04,GPU-d59cb1c4-ad97-d91a-6731-e7b5f38951a6
2026-10-09 02:09:56.263842,11007.0,8,1g.11gb,,,,580.178.04,GPU-d59cb1c4-ad97-d91a-6731-e7b5f38951a6
2026-10-09 02:09:56.263842,11007.0,9,1g.11gb,,,,580.178.04,GPU-d59cb1c4-ad97-d91a-6731-e7b5f38951a6
2026-10-09 02:10:01.264185,11007.0,10,1g.11gb,,,,580.178.04,GPU-d59cb1c4-ad97-d91a-6731-e7b5f38951a6
2026-10-09 02:10:01.264185,11008.0,11,1g.11gb,gpt2-inference-5d8458fb46-zdp9n,default,gpt2,580.178.04,GPU-d59cb1c4-ad97-d91a-6731-e7b5f38951a6
2026-10-09 02:10:01.264185,11007.0,12,1g.11gb,,,,580.178.04,GPU-d59cb1c4-ad97-d91a-6731-e7b5f38951a6
2026-10-09 02:10:01.264185,11008.0,13,1g.11gb,gpt2-inference-5d8458fb46-8g29c,default,gpt2,580.178.04,GPU-d59cb1c4-ad97-d91a-6731-e7b5f38951a6
2026-10-09 02:10:01.264185,11007.0,7,1g.11gb,,,,580.178.04,GPU-d59cb1c4-ad97-d91a-6731-e7b5f38951a6
2026-10-09 02:10:01.264185,11007.0,8,1g.11gb,,,,580.178.04,GPU-d59cb1c4-ad97-d91a-6731-e7b5f38951a6
2026-10-09 02:10:01.264185,11007.0,9,1g.11gb,,,,580.178.04,GPU-d59cb1c4-ad97-d91a-6731-e7b5f38951a6
2026-10-09 02:10:06.263667,11007.0,10,1g.11gb,,,,580.178.04,GPU-d59cb1c4-ad97-d91a-6731-e7b5f38951a6
2026-10-09 02:10:06.263667,11008.0,11,1g.11gb,gpt2-inference-5d8458fb46-zdp9n,default,gpt2,580.178.04,GPU-d59cb1c4-ad97-d91a-6731-e7b5f38951a6
2026-10-09 02:10:06.263667,11007.0,12,1g.11gb,,,,580.178.04,GPU-d59cb1c4-ad97-d91a-6731-e7b5f38951a6
2026-10-09 02:10:06.263667,11008.0,13,1g.11gb,gpt2-inference-5d8458fb46-8g29c,default,gpt2,580.178.04,GPU-d59cb1c4-ad97-d91a-6731-e7b5f38951a6
2026-10-09 02:10:06.263667,11007.0,7,1g.11gb,,,,580.178.04,GPU-d59cb1c4-ad97-d91a-6731-e7b5f38951a6
2026-10-09 02:10:06.263667,11007.0,8,1g.11gb,,,,580.178.04,GPU-d59cb1c4-ad97-d91a-6731-e7b5f38951a6
2026-10-09 02:10:06.263667,11007.0,9,1g.11gb,,,,580.178.04,GPU-d59cb1c4-ad97-d91a-6731-e7b5f38951a6
2026-10-09 02:10:11.264168,11007.0,10,1g.11gb,,,,580.178.04,GPU-d59cb1c4-ad97-d91a-6731-e7b5f38951a6
2026-10-09 02:10:11.264168,11008.0,11,1g.11gb,gpt2-inference-5d8458fb46-zdp9n,default,gpt2,580.178.04,GPU-d59cb1c4-ad97-d91a-6731-e7b5f38951a6
2026-10-09 02:10:11.264168,11007.0,12,1g.11gb,,,,580.178.04,GPU-d59cb1c4-ad97-d91a-6731-e7b5f38951a6
2026-10-09 02:10:11.264168,11008.0,13,1g.11gb,gpt2-inference-5d8458fb46-8g29c,default,gpt2,580.178.04,GPU-d59cb1c4-ad97-d91a-6731-e7b5f38951a6
2026-10-09 02:10:11.264168,11007.0,7,1g.11gb,,,,580.178.04,GPU-d59cb1c4-ad97-d91a-6731-e7b5f38951a6
2026-10-09 02:10:11.264168,11007.0,8,1g.11gb,,,,580.178.04,GPU-d59cb1c4-ad97-d91a-6731-e7b5f38951a6
2026-10-09 02:10:11.264168,11007.0,9,1g.11gb,,,,580.178.04,GPU-d59cb1c4-ad97-d91a-6731-e7b5f38951a6
2026-10-09 02:10:16.263800,11007.0,10,1g.11gb,,,,580.178.04,GPU-d59cb1c4-ad97-d91a-6731-e7b5f38951a6
2026-10-09 02:10:16.263800,11008.0,11,1g.11gb,gpt2-inference-5d8458fb46-zdp9n,default,gpt2,580.178.04,GPU-d59cb1c4-ad97-d91a-6731-e7b5f38951a6
2026-10-09 02:10:16.263800,11007.0,12,1g.11gb,,,,580.178.04,GPU-d59cb1c4-ad97-d91a-6731-e7b5f38951a6
2026-10-09 02:10:16.263800,11008.0,13,1g.11gb,gpt2-inference-5d8458fb46-8g29c,default,gpt2,580.178.04,GPU-d59cb1c4-ad97-d91a-6731-e7b5f38951a6
2026-10-09 02:10:16.263800,11007.0,7,1g.11gb,,,,580.178.04,GPU-d59cb1c4-ad97-d91a-6731-e7b5f38951a6
2026-10-09 02:10:16.263800,11007.0,8,1g.11gb,,,,580.178.04,GPU-d59cb1c4-ad97-d91a-6731-e7b5f38951a6
2026-10-09 02:10:16.263800,11007.0,9,1g.11gb,,,,580.178.04,GPU-d59cb1c4-ad97-d91a-6731-e7b5f38951a6
2026-10-09 02:10:21.263846,11007.0,10,1g.11gb,,,,580.178.04,GPU-d59cb1c4-ad97-d91a-6731-e7b5f38951a6
2026-10-09 02:10:21.263846,11008.0,11,1g.11gb,gpt2-inference-5d8458fb46-zdp9n,default,gpt2,580.178.04,GPU-d59cb1c4-ad97-d91a-6731-e7b5f38951a6
2026-10-09 02:10:21.263846,11007.0,12,1g.11gb,,,,580.178.04,GPU-d59cb1c4-ad97-d91a-6731-e7b5f38951a6
2026-10-09 02:10:21.263846,11008.0,13,1g.11gb,gpt2-inference-5d8458fb46-8g29c,default,gpt2,580.178.04,GPU-d59cb1c4-ad97-d91a-6731-e7b5f38951a6
2026-10-09 02:10:21.263846,11007.0,7,1g.11gb,,,,580.178.04,GPU-d59cb1c4-ad97-d91a-6731-e7b5f38951a6
2026-10-09 02:10:21.263846,11007.0,8,1g.11gb,,,,580.178.04,GPU-d59cb1c4-ad97-d91a-6731-e7b5f38951a6
2026-10-09 02:10:21.263846,11007.0,9,1g.11gb,,,,580.178.04,GPU-d59cb1c4-ad97-d91a-6731-e7b5f38951a6
2026-10-09 02:10:26.264160,11007.0,10,1g.11gb,,,,580.178.04,GPU-d59cb1c4-ad97-d91a-6731-e7b5f38951a6
2026-10-09 02:10:26.264160,11008.0,11,1g.11gb,gpt2-inference-5d8458fb46-zdp9n,default,gpt2,580.178.04,GPU-d59cb1c4-ad97-d91a-6731-e7b5f38951a6
2026-10-09 02:10:26.264160,11007.0,12,1g.11gb,,,,580.178.04,GPU-d59cb1c4-ad97-d91a-6731-e7b5f38951a6
2026-10-09 02:10:26.264160,11008.0,13,1g.11gb,gpt2-inference-5d8458fb46-8g29c,default,gpt2,580.178.04,GPU-d59cb1c4-ad97-d91a-6731-e7b5f38951a6
2026-10-09 02:10:26.264160,11007.0,7,1g.11gb,,,,580.178.04,GPU-d59cb1c4-ad97-d91a-6731-e7b5f38951a6
2026-10-09 02:10:26.264160,11007.0,8,1g.11gb,,,,580.178.04,GPU-d59cb1c4-ad97-d91a-6731-e7b5f38951a6
2026-10-09 02:10:26.264160,11007.0,9,1g.11gb,,,,580.178.04,GPU-d59cb1c4-ad97-d91a-6731-e7b5f38951a6
2026-10-09 02:10:31.260017,11007.0,10,1g.11gb,,,,580.178.04,GPU-d59cb1c4-ad97-d91a-6731-e7b5f38951a6
2026-10-09 02:10:31.260017,11008.0,11,1g.11gb,gpt2-inference-5d8458fb46-zdp9n,default,gpt2,580.178.04,GPU-d59cb1c4-ad97-d91a-6731-e7b5f38951a6
2026-10-09 02:10:31.260017,11007.0,12,1g.11gb,,,,580.178.04,GPU-d59cb1c4-ad97-d91a-6731-e7b5f38951a6
2026-10-09 02:10:31.260017,11008.0,13,1g.11gb,gpt2-inference-5d8458fb46-8g29c,default,gpt2,580.178.04,GPU-d59cb1c4-ad97-d91a-6731-e7b5f38951a6
2026-10-09 02:10:31.260017,11007.0,7,1g.11gb,,,,580.178.04,GPU-d59cb1c4-ad97-d91a-6731-e7b5f38951a6
2026-10-09 02:10:31.260017,11007.0,8,1g.11gb,,,,580.178.04,GPU-d59cb1c4-ad97-d91a-6731-e7b5f38951a6
2026-10-09 02:10:31.260017,11007.0,9,1g.11gb,,,,580.178.04,GPU-d59cb1c4-ad97-d91a-6731-e7b5f38951a6
2026-10-09 02:10:36.260124,11007.0,10,1g.11gb,,,,580.178.04,GPU-d59cb1c4-ad97-d91a-6731-e7b5f38951a6
2026-10-09 02:10:36.260124,11008.0,11,1g.11gb,gpt2-inference-5d8458fb46-zdp9n,default,gpt2,580.178.04,GPU-d59cb1c4-ad97-d91a-6731-e7b5f38951a6
2026-10-09 02:10:36.260124,11007.0,12,1g.11gb,,,,580.178.04,GPU-d59cb1c4-ad97-d91a-6731-e7b5f38951a6
2026-10-09 02:10:36.260124,11008.0,13,1g.11gb,gpt2-inference-5d8458fb46-8g29c,default,gpt2,580.178.04,GPU-d59cb1c4-ad97-d91a-6731-e7b5f38951a6
2026-10-09 02:10:36.260124,11007.0,7,1g.11gb,,,,580.178.04,GPU-d59cb1c4-ad97-d91a-6731-e7b5f38951a6
2026-10-09 02:10:36.260124,11007.0,8,1g.11gb,,,,580.178.04,GPU-d59cb1c4-ad97-d91a-6731-e7b5f38951a6
2026-10-09 02:10:36.260124,11007.0,9,1g.11gb,,,,580.178.04,GPU-d59cb1c4-ad97-d91a-6731-e7b5f38951a6
2026-10-09 02:10:41.259627,11007.0,10,1g.11gb,,,,580.178.04,GPU-d59cb1c4-ad97-d91a-6731-e7b5f38951a6
2026-10-09 02:10:41.259627,11008.0,11,1g.11gb,gpt2-inference-5d8458fb46-zdp9n,default,gpt2,580.178.04,GPU-d59cb1c4-ad97-d91a-6731-e7b5f38951a6
2026-10-09 02:10:41.259627,11007.0,12,1g.11gb,,,,580.178.04,GPU-d59cb1c4-ad97-d91a-6731-e7b5f38951a6
2026-10-09 02:10:41.259627,11008.0,13,1g.11gb,gpt2-inference-5d8458fb46-8g29c,default,gpt2,580.178.04,GPU-d59cb1c4-ad97-d91a-6731-e7b5f38951a6
2026-10-09 02:10:41.259627,11007.0,7,1g.11gb,,,,580.178.04,GPU-d59cb1c4-ad97-d91a-6731-e7b5f38951a6
2026-10-09 02:10:41.259627,11007.0,8,1g.11gb,,,,580.178.04,GPU-d59cb1c4-ad97-d91a-6731-e7b5f38951a6
2026-10-09 02:10:41.259627,11007.0,9,1g.11gb,,,,580.178.04,GPU-d59cb1c4-ad97-d91a-6731-e7b5f38951a6
2026-10-09 02:10:46.264167,11007.0,10,1g.11gb,,,,580.178.04,GPU-d59cb1c4-ad97-d91a-6731-e7b5f38951a6
2026-10-09 02:10:46.264167,11008.0,11,1g.11gb,gpt2-inference-5d8458fb46-zdp9n,default,gpt2,580.178.04,GPU-d59cb1c4-ad97-d91a-6731-e7b5f38951a6
2026-10-09 02:10:46.264167,11007.0,12,1g.11gb,,,,580.178.04,GPU-d59cb1c4-ad97-d91a-6731-e7b5f38951a6
2026-10-09 02:10:46.264167,11008.0,13,1g.11gb,gpt2-inference-5d8458fb46-8g29c,default,gpt2,580.178.04,GPU-d59cb1c4-ad97-d91a-6731-e7b5f38951a6
2026-10-09 02:10:46.264167,11007.0,7,1g.11gb,,,,580.178.04,GPU-d59cb1c4-ad97-d91a-6731-e7b5f38951a6
2026-10-09 02:10:46.264167,11007.0,8,1g.11gb,,,,580.178.04,GPU-d59cb1c4-ad97-d91a-6731-e7b5f38951a6
2026-10-09 02:10:46.264167,11007.0,9,1g.11gb,,,,580.178.04,GPU-d59cb1c4-ad97-d91a-6731-e7b5f38951a6
2026-10-09 02:10:51.264161,11007.0,10,1g.11gb,,,,580.178.04,GPU-d59cb1c4-ad97-d91a-6731-e7b5f38951a6
2026-10-09 02:10:51.264161,11008.0,11,1g.11gb,gpt2-inference-5d8458fb46-zdp9n,default,gpt2,580.178.04,GPU-d59cb1c4-ad97-d91a-6731-e7b5f38951a6
2026-10-09 02:10:51.264161,11007.0,12,1g.11gb,,,,580.178.04,GPU-d59cb1c4-ad97-d91a-6731-e7b5f38951a6
2026-10-09 02:10:51.264161,11008.0,13,1g.11gb,gpt2-inference-5d8458fb46-8g29c,default,gpt2,580.178.04,GPU-d59cb1c4-ad97-d91a-6731-e7b5f38951a6
2026-10-09 02:10:51.264161,11007.0,7,1g.11gb,,,,580.178.04,GPU-d59cb1c4-ad97-d91a-6731-e7b5f38951a6
2026-10-09 02:10:51.264161,11007.0,8,1g.11gb,,,,580.178.04,GPU-d59cb1c4-ad97-d91a-6731-e7b5f38951a6
2026-10-09 02:10:51.264161,11007.0,9,1g.11gb,,,,580.178.04,GPU-d59cb1c4-ad97-d91a-6731-e7b5f38951a6
2026-10-09 02:10:56.264167,11007.0,10,1g.11gb,,,,580.178.04,GPU-d59cb1c4-ad97-d91a-6731-e7b5f38951a6
2026-10-09 02:10:56.264167,11008.0,11,1g.11gb,gpt2-inference-5d8458fb46-zdp9n,default,gpt2,580.178.04,GPU-d59cb1c4-ad97-d91a-6731-e7b5f38951a6
2026-10-09 02:10:56.264167,11007.0,12,1g.11gb,,,,580.178.04,GPU-d59cb1c4-ad97-d91a-6731-e7b5f38951a6
2026-10-09 02:10:56.264167,11008.0,13,1g.11gb,gpt2-inference-5d8458fb46-8g29c,default,gpt2,580.178.04,GPU-d59cb1c4-ad97-d91a-6731-e7b5f38951a6
2026-10-09 02:10:56.264167,11007.0,7,1g.11gb,,,,580.178.04,GPU-d59cb1c4-ad97-d91a-6731-e7b5f38951a6
2026-10-09 02:10:56.264167,11007.0,8,1g.11gb,,,,580.178.04,GPU-d59cb1c4-ad97-d91a-6731-e7b5f38951a6
2026-10-09 02:10:56.264167,11007.0,9,1g.11gb,,,,580.178.04,GPU-d59cb1c4-ad97-d91a-6731-e7b5f38951a6
2026-10-09 02:11:01.259790,11007.0,10,1g.11gb,,,,580.178.04,GPU-d59cb1c4-ad97-d91a-6731-e7b5f38951a6
2026-10-09 02:11:01.259790,11008.0,11,1g.11gb,gpt2-inference-5d8458fb46-zdp9n,default,gpt2,580.178.04,GPU-d59cb1c4-ad97-d91a-6731-e7b5f38951a6
2026-10-09 02:11:01.259790,11007.0,12,1g.11gb,,,,580.178.04,GPU-d59cb1c4-ad97-d91a-6731-e7b5f38951a6
2026-10-09 02:11:01.259790,11008.0,13,1g.11gb,gpt2-inference-5d8458fb46-8g29c,default,gpt2,580.178.04,GPU-d59cb1c4-ad97-d91a-6731-e7b5f38951a6
2026-10-09 02:11:01.259790,11007.0,7,1g.11gb,,,,580.178.04,GPU-d59cb1c4-ad97-d91a-6731-e7b5f38951a6
2026-10-09 02:11:01.259790,11007.0,8,1g.11gb,,,,580.178.04,GPU-d59cb1c4-ad97-d91a-6731-e7b5f38951a6
2026-10-09 02:11:01.259790,11007.0,9,1g.11gb,,,,580.178.04,GPU-d59cb1c4-ad97-d91a-6731-e7b5f38951a6
2026-10-09 02:11:06.259790,11007.0,10,1g.11gb,,,,580.178.04,GPU-d59cb1c4-ad97-d91a-6731-e7b5f38951a6
2026-10-09 02:11:06.259790,11008.0,11,1g.11gb,gpt2-inference-5d8458fb46-zdp9n,default,gpt2,580.178.04,GPU-d59cb1c4-ad97-d91a-6731-e7b5f38951a6
2026-10-09 02:11:06.259790,11007.0,12,1g.11gb,,,,580.178.04,GPU-d59cb1c4-ad97-d91a-6731-e7b5f38951a6
2026-10-09 02:11:06.259790,11008.0,13,1g.11gb,gpt2-inference-5d8458fb46-8g29c,default,gpt2,580.178.04,GPU-d59cb1c4-ad97-d91a-6731-e7b5f38951a6
2026-10-09 02:11:06.259790,11007.0,7,1g.11gb,,,,580.178.04,GPU-d59cb1c4-ad97-d91a-6731-e7b5f38951a6
2026-10-09 02:11:06.259790,11007.0,8,1g.11gb,,,,580.178.04,GPU-d59cb1c4-ad97-d91a-6731-e7b5f38951a6
2026-10-09 02:11:06.259790,11007.0,9,1g.11gb,,,,580.178.04,GPU-d59cb1c4-ad97-d91a-6731-e7b5f38951a6
2026-10-09 02:11:11.264152,11007.0,10,1g.11gb,,,,580.178.04,GPU-d59cb1c4-ad97-d91a-6731-e7b5f38951a6
2026-10-09 02:11:11.264152,11008.0,11,1g.11gb,gpt2-inference-5d8458fb46-zdp9n,default,gpt2,580.178.04,GPU-d59cb1c4-ad97-d91a-6731-e7b5f38951a6
2026-10-09 02:11:11.264152,11007.0,12,1g.11gb,,,,580.178.04,GPU-d59cb1c4-ad97-d91a-6731-e7b5f38951a6
2026-10-09 02:11:11.264152,11008.0,13,1g.11gb,gpt2-inference-5d8458fb46-8g29c,default,gpt2,580.178.04,GPU-d59cb1c4-ad97-d91a-6731-e7b5f38951a6
2026-10-09 02:11:11.264152,11007.0,7,1g.11gb,,,,580.178.04,GPU-d59cb1c4-ad97-d91a-6731-e7b5f38951a6
2026-10-09 02:11:11.264152,11007.0,8,1g.11gb,,,,580.178.04,GPU-d59cb1c4-ad97-d91a-6731-e7b5f38951a6
2026-10-09 02:11:11.264152,11007.0,9,1g.11gb,,,,580.178.04,GPU-d59cb1c4-ad97-d91a-6731-e7b5f38951a6
2026-10-09 02:11:16.260910,11007.0,10,1g.11gb,,,,580.178.04,GPU-d59cb1c4-ad97-d91a-6731-e7b5f38951a6
2026-10-09 02:11:16.260910,11008.0,11,1g.11gb,gpt2-inference-5d8458fb46-zdp9n,default,gpt2,580.178.04,GPU-d59cb1c4-ad97-d91a-6731-e7b5f38951a6
2026-10-09 02:11:16.260910,11007.0,12,1g.11gb,,,,580.178.04,GPU-d59cb1c4-ad97-d91a-6731-e7b5f38951a6
2026-10-09 02:11:16.260910,11008.0,13,1g.11gb,gpt2-inference-5d8458fb46-8g29c,default,gpt2,580.178.04,GPU-d59cb1c4-ad97-d91a-6731-e7b5f38951a6
2026-10-09 02:11:16.260910,11007.0,7,1g.11gb,,,,580.178.04,GPU-d59cb1c4-ad97-d91a-6731-e7b5f38951a6
2026-10-09 02:11:16.260910,11007.0,8,1g.11gb,,,,580.178.04,GPU-d59cb1c4-ad97-d91a-6731-e7b5f38951a6
2026-10-09 02:11:16.260910,11007.0,9,1g.11gb,,,,580.178.04,GPU-d59cb1c4-ad97-d91a-6731-e7b5f38951a6
2026-10-09 02:11:21.263787,11007.0,10,1g.11gb,,,,580.178.04,GPU-d59cb1c4-ad97-d91a-6731-e7b5f38951a6
2026-10-09 02:11:21.263787,11008.0,11,1g.11gb,gpt2-inference-5d8458fb46-zdp9n,default,gpt2,580.178.04,GPU-d59cb1c4-ad97-d91a-6731-e7b5f38951a6
2026-10-09 02:11:21.263787,11007.0,12,1g.11gb,,,,580.178.04,GPU-d59cb1c4-ad97-d91a-6731-e7b5f38951a6
2026-10-09 02:11:21.263787,11008.0,13,1g.11gb,gpt2-inference-5d8458fb46-8g29c,default,gpt2,580.178.04,GPU-d59cb1c4-ad97-d91a-6731-e7b5f38951a6
2026-10-09 02:11:21.263787,11007.0,7,1g.11gb,,,,580.178.04,GPU-d59cb1c4-ad97-d91a-6731-e7b5f38951a6
2026-10-09 02:11:21.263787,11007.0,8,1g.11gb,,,,580.178.04,GPU-d59cb1c4-ad97-d91a-6731-e7b5f38951a6
2026-10-09 02:11:21.263787,11007.0,9,1g.11gb,,,,580.178.04,GPU-d59cb1c4-ad97-d91a-6731-e7b5f38951a6
2026-10-09 02:11:26.264156,11007.0,10,1g.11gb,,,,580.178.04,GPU-d59cb1c4-ad97-d91a-6731-e7b5f38951a6
2026-10-09 02:11:26.264156,11008.0,11,1g.11gb,gpt2-inference-5d8458fb46-zdp9n,default,gpt2,580.178.04,GPU-d59cb1c4-ad97-d91a-6731-e7b5f38951a6
2026-10-09 02:11:26.264156,11007.0,12,1g.11gb,,,,580.178.04,GPU-d59cb1c4-ad97-d91a-6731-e7b5f38951a6
2026-10-09 02:11:26.264156,11008.0,13,1g.11gb,gpt2-inference-5d8458fb46-8g29c,default,gpt2,580.178.04,GPU-d59cb1c4-ad97-d91a-6731-e7b5f38951a6
2026-10-09 02:11:26.264156,11007.0,7,1g.11gb,,,,580.178.04,GPU-d59cb1c4-ad97-d91a-6731-e7b5f38951a6
2026-10-09 02:11:26.264156,11007.0,8,1g.11gb,,,,580.178.04,GPU-d59cb1c4-ad97-d91a-6731-e7b5f38951a6
2026-10-09 02:11:26.264156,11007.0,9,1g.11gb,,,,580.178.04,GPU-d59cb1c4-ad97-d91a-6731-e7b5f38951a6
2026-10-09 02:11:31.264166,11007.0,10,1g.11gb,,,,580.178.04,GPU-d59cb1c4-ad97-d91a-6731-e7b5f38951a6
2026-10-09 02:11:31.264166,11008.0,11,1g.11gb,gpt2-inference-5d8458fb46-zdp9n,default,gpt2,580.178.04,GPU-d59cb1c4-ad97-d91a-6731-e7b5f38951a6
2026-10-09 02:11:31.264166,11007.0,12,1g.11gb,,,,580.178.04,GPU-d59cb1c4-ad97-d91a-6731-e7b5f38951a6
2026-10-09 02:11:31.264166,11008.0,13,1g.11gb,gpt2-inference-5d8458fb46-8g29c,default,gpt2,580.178.04,GPU-d59cb1c4-ad97-d91a-6731-e7b5f38951a6
2026-10-09 02:11:31.264166,11007.0,7,1g.11gb,,,,580.178.04,GPU-d59cb1c4-ad97-d91a-6731-e7b5f38951a6
2026-10-09 02:11:31.264166,11007.0,8,1g.11gb,,,,580.178.04,GPU-d59cb1c4-ad97-d91a-6731-e7b5f38951a6
2026-10-09 02:11:31.264166,11007.0,9,1g.11gb,,,,580.178.04,GPU-d59cb1c4-ad97-d91a-6731-e7b5f38951a6
2026-10-09 02:11:36.260157,11007.0,10,1g.11gb,,,,580.178.04,GPU-d59cb1c4-ad97-d91a-6731-e7b5f38951a6
2026-10-09 02:11:36.260157,11008.0,11,1g.11gb,gpt2-inference-5d8458fb46-zdp9n,default,gpt2,580.178.04,GPU-d59cb1c4-ad97-d91a-6731-e7b5f38951a6
2026-10-09 02:11:36.260157,11007.0,12,1g.11gb,,,,580.178.04,GPU-d59cb1c4-ad97-d91a-6731-e7b5f38951a6
2026-10-09 02:11:36.260157,11008.0,13,1g.11gb,gpt2-inference-5d8458fb46-8g29c,default,gpt2,580.178.04,GPU-d59cb1c4-ad97-d91a-6731-e7b5f38951a6
2026-10-09 02:11:36.260157,11007.0,7,1g.11gb,,,,580.178.04,GPU-d59cb1c4-ad97-d91a-6731-e7b5f38951a6
2026-10-09 02:11:36.260157,11007.0,8,1g.11gb,,,,580.178.04,GPU-d59cb1c4-ad97-d91a-6731-e7b5f38951a6
2026-10-09 02:11:36.260157,11007.0,9,1g.11gb,,,,580.178.04,GPU-d59cb1c4-ad97-d91a-6731-e7b5f38951a6
2026-10-09 02:11:41.264071,11007.0,10,1g.11gb,,,,580.178.04,GPU-d59cb1c4-ad97-d91a-6731-e7b5f38951a6
2026-10-09 02:11:41.264071,11008.0,11,1g.11gb,gpt2-inference-5d8458fb46-zdp9n,default,gpt2,580.178.04,GPU-d59cb1c4-ad97-d91a-6731-e7b5f38951a6
2026-10-09 02:11:41.264071,11007.0,12,1g.11gb,,,,580.178.04,GPU-d59cb1c4-ad97-d91a-6731-e7b5f38951a6
2026-10-09 02:11:41.264071,11008.0,13,1g.11gb,gpt2-inference-5d8458fb46-8g29c,default,gpt2,580.178.04,GPU-d59cb1c4-ad97-d91a-6731-e7b5f38951a6
2026-10-09 02:11:41.264071,11007.0,7,1g.11gb,,,,580.178.04,GPU-d59cb1c4-ad97-d91a-6731-e7b5f38951a6
2026-10-09 02:11:41.264071,11007.0,8,1g.11gb,,,,580.178.04,GPU-d59cb1c4-ad97-d91a-6731-e7b5f38951a6
2026-10-09 02:11:41.264071,11007.0,9,1g.11gb,,,,580.178.04,GPU-d59cb1c4-ad97-d91a-6731-e7b5f38951a6
2026-10-09 02:11:46.264158,11007.0,10,1g.11gb,,,,580.178.04,GPU-d59cb1c4-ad97-d91a-6731-e7b5f38951a6
2026-10-09 02:11:46.264158,11008.0,11,1g.11gb,gpt2-inference-5d8458fb46-zdp9n,default,gpt2,580.178.04,GPU-d59cb1c4-ad97-d91a-6731-e7b5f38951a6
2026-10-09 02:11:46.264158,11007.0,12,1g.11gb,,,,580.178.04,GPU-d59cb1c4-ad97-d91a-6731-e7b5f38951a6
2026-10-09 02:11:46.264158,11008.0,13,1g.11gb,gpt2-inference-5d8458fb46-8g29c,default,gpt2,580.178.04,GPU-d59cb1c4-ad97-d91a-6731-e7b5f38951a6
2026-10-09 02:11:46.264158,11007.0,7,1g.11gb,,,,580.178.04,GPU-d59cb1c4-ad97-d91a-6731-e7b5f38951a6
2026-10-09 02:11:46.264158,11007.0,8,1g.11gb,,,,580.178.04,GPU-d59cb1c4-ad97-d91a-6731-e7b5f38951a6
2026-10-09 02:11:46.264158,11007.0,9,1g.11gb,,,,580.178.04,GPU-d59cb1c4-ad97-d91a-6731-e7b5f38951a6
2026-10-09 02:11:51.264157,11007.0,10,1g.11gb,,,,580.178.04,GPU-d59cb1c4-ad97-d91a-6731-e7b5f38951a6
2026-10-09 02:11:51.264157,11008.0,11,1g.11gb,gpt2-inference-5d8458fb46-zdp9n,default,gpt2,580.178.04,GPU-d59cb1c4-ad97-d91a-6731-e7b5f38951a6
2026-10-09 02:11:51.264157,11007.0,12,1g.11gb,,,,580.178.04,GPU-d59cb1c4-ad97-d91a-6731-e7b5f38951a6
2026-10-09 02:11:51.264157,11008.0,13,1g.11gb,gpt2-inference-5d8458fb46-8g29c,default,gpt2,580.178.04,GPU-d59cb1c4-ad97-d91a-6731-e7b5f38951a6
2026-10-09 02:11:51.264157,11007.0,7,1g.11gb,,,,580.178.04,GPU-d59cb1c4-ad97-d91a-6731-e7b5f38951a6
2026-10-09 02:11:51.264157,11007.0,8,1g.11gb,,,,580.178.04,GPU-d59cb1c4-ad97-d91a-6731-e7b5f38951a6
2026-10-09 02:11:51.264157,11007.0,9,1g.11gb,,,,580.178.04,GPU-d59cb1c4-ad97-d91a-6731-e7b5f38951a6
2026-10-09 02:11:56.259817,11007.0,10,1g.11gb,,,,580.178.04,GPU-d59cb1c4-ad97-d91a-6731-e7b5f38951a6
2026-10-09 02:11:56.259817,11008.0,11,1g.11gb,gpt2-inference-5d8458fb46-zdp9n,default,gpt2,580.178.04,GPU-d59cb1c4-ad97-d91a-6731-e7b5f38951a6
2026-10-09 02:11:56.259817,11007.0,12,1g.11gb,,,,580.178.04,GPU-d59cb1c4-ad97-d91a-6731-e7b5f38951a6
2026-10-09 02:11:56.259817,11008.0,13,1g.11gb,gpt2-inference-5d8458fb46-8g29c,default,gpt2,580.178.04,GPU-d59cb1c4-ad97-d91a-6731-e7b5f38951a6
2026-10-09 02:11:56.259817,11007.0,7,1g.11gb,,,,580.178.04,GPU-d59cb1c4-ad97-d91a-6731-e7b5f38951a6
2026-10-09 02:11:56.259817,11007.0,8,1g.11gb,,,,580.178.04,GPU-d59cb1c4-ad97-d91a-6731-e7b5f38951a6
2026-10-09 02:11:56.259817,11007.0,9,1g.11gb,,,,580.178.04,GPU-d59cb1c4-ad97-d91a-6731-e7b5f38951a6
2026-10-09 02:12:01.259963,11007.0,10,1g.11gb,,,,580.178.04,GPU-d59cb1c4-ad97-d91a-6731-e7b5f38951a6
2026-10-09 02:12:01.259963,11008.0,11,1g.11gb,gpt2-inference-5d8458fb46-zdp9n,default,gpt2,580.178.04,GPU-d59cb1c4-ad97-d91a-6731-e7b5f38951a6
2026-10-09 02:12:01.259963,11007.0,12,1g.11gb,,,,580.178.04,GPU-d59cb1c4-ad97-d91a-6731-e7b5f38951a6
2026-10-09 02:12:01.259963,11008.0,13,1g.11gb,gpt2-inference-5d8458fb46-8g29c,default,gpt2,580.178.04,GPU-d59cb1c4-ad97-d91a-6731-e7b5f38951a6
2026-10-09 02:12:01.259963,11007.0,7,1g.11gb,,,,580.178.04,GPU-d59cb1c4-ad97-d91a-6731-e7b5f38951a6
2026-10-09 02:12:01.259963,11007.0,8,1g.11gb,,,,580.178.04,GPU-d59cb1c4-ad97-d91a-6731-e7b5f38951a6
2026-10-09 02:12:01.259963,11007.0,9,1g.11gb,,,,580.178.04,GPU-d59cb1c4-ad97-d91a-6731-e7b5f38951a6
2026-10-09 02:12:06.259762,11007.0,10,1g.11gb,,,,580.178.04,GPU-d59cb1c4-ad97-d91a-6731-e7b5f38951a6
2026-10-09 02:12:06.259762,11008.0,11,1g.11gb,gpt2-inference-5d8458fb46-zdp9n,default,gpt2,580.178.04,GPU-d59cb1c4-ad97-d91a-6731-e7b5f38951a6
2026-10-09 02:12:06.259762,11007.0,12,1g.11gb,,,,580.178.04,GPU-d59cb1c4-ad97-d91a-6731-e7b5f38951a6
2026-10-09 02:12:06.259762,11008.0,13,1g.11gb,gpt2-inference-5d8458fb46-8g29c,default,gpt2,580.178.04,GPU-d59cb1c4-ad97-d91a-6731-e7b5f38951a6
2026-10-09 02:12:06.259762,11007.0,7,1g.11gb,,,,580.178.04,GPU-d59cb1c4-ad97-d91a-6731-e7b5f38951a6
2026-10-09 02:12:06.259762,11007.0,8,1g.11gb,,,,580.178.04,GPU-d59cb1c4-ad97-d91a-6731-e7b5f38951a6
2026-10-09 02:12:06.259762,11007.0,9,1g.11gb,,,,580.178.04,GPU-d59cb1c4-ad97-d91a-6731-e7b5f38951a6
2026-10-09 02:12:11.261640,11007.0,10,1g.11gb,,,,580.178.04,GPU-d59cb1c4-ad97-d91a-6731-e7b5f38951a6
2026-10-09 02:12:11.261640,11008.0,11,1g.11gb,gpt2-inference-5d8458fb46-zdp9n,default,gpt2,580.178.04,GPU-d59cb1c4-ad97-d91a-6731-e7b5f38951a6
2026-10-09 02:12:11.261640,11007.0,12,1g.11gb,,,,580.178.04,GPU-d59cb1c4-ad97-d91a-6731-e7b5f38951a6
2026-10-09 02:12:11.261640,11008.0,13,1g.11gb,gpt2-inference-5d8458fb46-8g29c,default,gpt2,580.178.04,GPU-d59cb1c4-ad97-d91a-6731-e7b5f38951a6
2026-10-09 02:12:11.261640,11007.0,7,1g.11gb,,,,580.178.04,GPU-d59cb1c4-ad97-d91a-6731-e7b5f38951a6
2026-10-09 02:12:11.261640,11007.0,8,1g.11gb,,,,580.178.04,GPU-d59cb1c4-ad97-d91a-6731-e7b5f38951a6
2026-10-09 02:12:11.261640,11007.0,9,1g.11gb,,,,580.178.04,GPU-d59cb1c4-ad97-d91a-6731-e7b5f38951a6
2026-10-09 02:12:16.262622,11007.0,10,1g.11gb,,,,580.178.04,GPU-d59cb1c4-ad97-d91a-6731-e7b5f38951a6
2026-10-09 02:12:16.262622,11008.0,11,1g.11gb,gpt2-inference-5d8458fb46-zdp9n,default,gpt2,580.178.04,GPU-d59cb1c4-ad97-d91a-6731-e7b5f38951a6
2026-10-09 02:12:16.262622,11007.0,12,1g.11gb,,,,580.178.04,GPU-d59cb1c4-ad97-d91a-6731-e7b5f38951a6
2026-10-09 02:12:16.262622,11008.0,13,1g.11gb,gpt2-inference-5d8458fb46-8g29c,default,gpt2,580.178.04,GPU-d59cb1c4-ad97-d91a-6731-e7b5f38951a6
2026-10-09 02:12:16.262622,11007.0,7,1g.11gb,,,,580.178.04,GPU-d59cb1c4-ad97-d91a-6731-e7b5f38951a6
2026-10-09 02:12:16.262622,11007.0,8,1g.11gb,,,,580.178.04,GPU-d59cb1c4-ad97-d91a-6731-e7b5f38951a6
2026-10-09 02:12:16.262622,11007.0,9,1g.11gb,,,,580.178.04,GPU-d59cb1c4-ad97-d91a-6731-e7b5f38951a6
2026-10-09 02:12:21.260068,11007.0,10,1g.11gb,,,,580.178.04,GPU-d59cb1c4-ad97-d91a-6731-e7b5f38951a6
2026-10-09 02:12:21.260068,11008.0,11,1g.11gb,gpt2-inference-5d8458fb46-zdp9n,default,gpt2,580.178.04,GPU-d59cb1c4-ad97-d91a-6731-e7b5f38951a6
2026-10-09 02:12:21.260068,11007.0,12,1g.11gb,,,,580.178.04,GPU-d59cb1c4-ad97-d91a-6731-e7b5f38951a6
2026-10-09 02:12:21.260068,11008.0,13,1g.11gb,gpt2-inference-5d8458fb46-8g29c,default,gpt2,580.178.04,GPU-d59cb1c4-ad97-d91a-6731-e7b5f38951a6
2026-10-09 02:12:21.260068,11007.0,7,1g.11gb,,,,580.178.04,GPU-d59cb1c4-ad97-d91a-6731-e7b5f38951a6
2026-10-09 02:12:21.260068,11007.0,8,1g.11gb,,,,580.178.04,GPU-d59cb1c4-ad97-d91a-6731-e7b5f38951a6
2026-10-09 02:12:21.260068,11007.0,9,1g.11gb,,,,580.178.04,GPU-d59cb1c4-ad97-d91a-6731-e7b5f38951a6
2026-10-09 02:12:26.264170,11007.0,10,1g.11gb,,,,580.178.04,GPU-d59cb1c4-ad97-d91a-6731-e7b5f38951a6
2026-10-09 02:12:26.264170,11008.0,11,1g.11gb,gpt2-inference-5d8458fb46-zdp9n,default,gpt2,580.178.04,GPU-d59cb1c4-ad97-d91a-6731-e7b5f38951a6
2026-10-09 02:12:26.264170,11007.0,12,1g.11gb,,,,580.178.04,GPU-d59cb1c4-ad97-d91a-6731-e7b5f38951a6
2026-10-09 02:12:26.264170,11008.0,13,1g.11gb,gpt2-inference-5d8458fb46-8g29c,default,gpt2,580.178.04,GPU-d59cb1c4-ad97-d91a-6731-e7b5f38951a6
2026-10-09 02:12:26.264170,11007.0,7,1g.11gb,,,,580.178.04,GPU-d59cb1c4-ad97-d91a-6731-e7b5f38951a6
2026-10-09 02:12:26.264170,11007.0,8,1g.11gb,,,,580.178.04,GPU-d59cb1c4-ad97-d91a-6731-e7b5f38951a6
2026-10-09 02:12:26.264170,11007.0,9,1g.11gb,,,,580.178.04,GPU-d59cb1c4-ad97-d91a-6731-e7b5f38951a6
2026-10-09 02:12:31.259856,11007.0,10,1g.11gb,,,,580.178.04,GPU-d59cb1c4-ad97-d91a-6731-e7b5f38951a6
2026-10-09 02:12:31.259856,11008.0,11,1g.11gb,gpt2-inference-5d8458fb46-zdp9n,default,gpt2,580.178.04,GPU-d59cb1c4-ad97-d91a-6731-e7b5f38951a6
2026-10-09 02:12:31.259856,11007.0,12,1g.11gb,,,,580.178.04,GPU-d59cb1c4-ad97-d91a-6731-e7b5f38951a6
2026-10-09 02:12:31.259856,11008.0,13,1g.11gb,gpt2-inference-5d8458fb46-8g29c,default,gpt2,580.178.04,GPU-d59cb1c4-ad97-d91a-6731-e7b5f38951a6
2026-10-09 02:12:31.259856,11007.0,7,1g.11gb,,,,580.178.04,GPU-d59cb1c4-ad97-d91a-6731-e7b5f38951a6
2026-10-09 02:12:31.259856,11007.0,8,1g.11gb,,,,580.178.04,GPU-d59cb1c4-ad97-d91a-6731-e7b5f38951a6
2026-10-09 02:12:31.259856,11007.0,9,1g.11gb,,,,580.178.04,GPU-d59cb1c4-ad97-d91a-6731-e7b5f38951a6
2026-10-09 02:12:36.264139,11007.0,10,1g.11gb,,,,580.178.04,GPU-d59cb1c4-ad97-d91a-6731-e7b5f38951a6
2026-10-09 02:12:36.264139,11008.0,11,1g.11gb,gpt2-inference-5d8458fb46-zdp9n,default,gpt2,580.178.04,GPU-d59cb1c4-ad97-d91a-6731-e7b5f38951a6
2026-10-09 02:12:36.264139,11007.0,12,1g.11gb,,,,580.178.04,GPU-d59cb1c4-ad97-d91a-6731-e7b5f38951a6
2026-10-09 02:12:36.264139,11008.0,13,1g.11gb,gpt2-inference-5d8458fb46-8g29c,default,gpt2,580.178.04,GPU-d59cb1c4-ad97-d91a-6731-e7b5f38951a6
2026-10-09 02:12:36.264139,11007.0,7,1g.11gb,,,,580.178.04,GPU-d59cb1c4-ad97-d91a-6731-e7b5f38951a6
2026-10-09 02:12:36.264139,11007.0,8,1g.11gb,,,,580.178.04,GPU-d59cb1c4-ad97-d91a-6731-e7b5f38951a6
2026-10-09 02:12:36.264139,11007.0,9,1g.11gb,,,,580.178.04,GPU-d59cb1c4-ad97-d91a-6731-e7b5f38951a6
2026-10-09 02:12:41.264163,11007.0,10,1g.11gb,,,,580.178.04,GPU-d59cb1c4-ad97-d91a-6731-e7b5f38951a6
2026-10-09 02:12:41.264163,11008.0,11,1g.11gb,gpt2-inference-5d8458fb46-zdp9n,default,gpt2,580.178.04,GPU-d59cb1c4-ad97-d91a-6731-e7b5f38951a6
2026-10-09 02:12:41.264163,11007.0,12,1g.11gb,,,,580.178.04,GPU-d59cb1c4-ad97-d91a-6731-e7b5f38951a6
2026-10-09 02:12:41.264163,11008.0,13,1g.11gb,gpt2-inference-5d8458fb46-8g29c,default,gpt2,580.178.04,GPU-d59cb1c4-ad97-d91a-6731-e7b5f38951a6
2026-10-09 02:12:41.264163,11007.0,7,1g.11gb,,,,580.178.04,GPU-d59cb1c4-ad97-d91a-6731-e7b5f38951a6
2026-10-09 02:12:41.264163,11007.0,8,1g.11gb,,,,580.178.04,GPU-d59cb1c4-ad97-d91a-6731-e7b5f38951a6
2026-10-09 02:12:41.264163,11007.0,9,1g.11gb,,,,580.178.04,GPU-d59cb1c4-ad97-d91a-6731-e7b5f38951a6
2026-10-09 02:12:46.262229,11007.0,10,1g.11gb,,,,580.178.04,GPU-d59cb1c4-ad97-d91a-6731-e7b5f38951a6
2026-10-09 02:12:46.262229,11008.0,11,1g.11gb,gpt2-inference-5d8458fb46-zdp9n,default,gpt2,580.178.04,GPU-d59cb1c4-ad97-d91a-6731-e7b5f38951a6
2026-10-09 02:12:46.262229,11007.0,12,1g.11gb,,,,580.178.04,GPU-d59cb1c4-ad97-d91a-6731-e7b5f38951a6
2026-10-09 02:12:46.262229,11008.0,13,1g.11gb,gpt2-inference-5d8458fb46-8g29c,default,gpt2,580.178.04,GPU-d59cb1c4-ad97-d91a-6731-e7b5f38951a6
2026-10-09 02:12:46.262229,11007.0,7,1g.11gb,,,,580.178.04,GPU-d59cb1c4-ad97-d91a-6731-e7b5f38951a6
2026-10-09 02:12:46.262229,11007.0,8,1g.11gb,,,,580.178.04,GPU-d59cb1c4-ad97-d91a-6731-e7b5f38951a6
2026-10-09 02:12:46.262229,11007.0,9,1g.11gb,,,,580.178.04,GPU-d59cb1c4-ad97-d91a-6731-e7b5f38951a6
2026-10-09 02:12:51.264168,11007.0,10,1g.11gb,,,,580.178.04,GPU-d59cb1c4-ad97-d91a-6731-e7b5f38951a6
2026-10-09 02:12:51.264168,11008.0,11,1g.11gb,gpt2-inference-5d8458fb46-zdp9n,default,gpt2,580.178.04,GPU-d59cb1c4-ad97-d91a-6731-e7b5f38951a6
2026-10-09 02:12:51.264168,11007.0,12,1g.11gb,,,,580.178.04,GPU-d59cb1c4-ad97-d91a-6731-e7b5f38951a6
2026-10-09 02:12:51.264168,11008.0,13,1g.11gb,gpt2-inference-5d8458fb46-8g29c,default,gpt2,580.178.04,GPU-d59cb1c4-ad97-d91a-6731-e7b5f38951a6
2026-10-09 02:12:51.264168,11007.0,7,1g.11gb,,,,580.178.04,GPU-d59cb1c4-ad97-d91a-6731-e7b5f38951a6
2026-10-09 02:12:51.264168,11007.0,8,1g.11gb,,,,580.178.04,GPU-d59cb1c4-ad97-d91a-6731-e7b5f38951a6
2026-10-09 02:12:51.264168,11007.0,9,1g.11gb,,,,580.178.04,GPU-d59cb1c4-ad97-d91a-6731-e7b5f38951a6
2026-10-09 02:12:56.264162,11007.0,10,1g.11gb,,,,580.178.04,GPU-d59cb1c4-ad97-d91a-6731-e7b5f38951a6
2026-10-09 02:12:56.264162,11008.0,11,1g.11gb,gpt2-inference-5d8458fb46-zdp9n,default,gpt2,580.178.04,GPU-d59cb1c4-ad97-d91a-6731-e7b5f38951a6
2026-10-09 02:12:56.264162,11007.0,12,1g.11gb,,,,580.178.04,GPU-d59cb1c4-ad97-d91a-6731-e7b5f38951a6
2026-10-09 02:12:56.264162,11008.0,13,1g.11gb,gpt2-inference-5d8458fb46-8g29c,default,gpt2,580.178.04,GPU-d59cb1c4-ad97-d91a-6731-e7b5f38951a6
2026-10-09 02:12:56.264162,11007.0,7,1g.11gb,,,,580.178.04,GPU-d59cb1c4-ad97-d91a-6731-e7b5f38951a6
2026-10-09 02:12:56.264162,11007.0,8,1g.11gb,,,,580.178.04,GPU-d59cb1c4-ad97-d91a-6731-e7b5f38951a6
2026-10-09 02:12:56.264162,11007.0,9,1g.11gb,,,,580.178.04,GPU-d59cb1c4-ad97-d91a-6731-e7b5f38951a6
2026-10-09 02:13:01.260086,11007.0,10,1g.11gb,,,,580.178.04,GPU-d59cb1c4-ad97-d91a-6731-e7b5f38951a6
2026-10-09 02:13:01.260086,11008.0,11,1g.11gb,gpt2-inference-5d8458fb46-zdp9n,default,gpt2,580.178.04,GPU-d59cb1c4-ad97-d91a-6731-e7b5f38951a6
2026-10-09 02:13:01.260086,11007.0,12,1g.11gb,,,,580.178.04,GPU-d59cb1c4-ad97-d91a-6731-e7b5f38951a6
2026-10-09 02:13:01.260086,11008.0,13,1g.11gb,gpt2-inference-5d8458fb46-8g29c,default,gpt2,580.178.04,GPU-d59cb1c4-ad97-d91a-6731-e7b5f38951a6
2026-10-09 02:13:01.260086,11007.0,7,1g.11gb,,,,580.178.04,GPU-d59cb1c4-ad97-d91a-6731-e7b5f38951a6
2026-10-09 02:13:01.260086,11007.0,8,1g.11gb,,,,580.178.04,GPU-d59cb1c4-ad97-d91a-6731-e7b5f38951a6
2026-10-09 02:13:01.260086,11007.0,9,1g.11gb,,,,580.178.04,GPU-d59cb1c4-ad97-d91a-6731-e7b5f38951a6
2026-10-09 02:13:06.259717,11007.0,10,1g.11gb,,,,580.178.04,GPU-d59cb1c4-ad97-d91a-6731-e7b5f38951a6
2026-10-09 02:13:06.259717,11008.0,11,1g.11gb,gpt2-inference-5d8458fb46-zdp9n,default,gpt2,580.178.04,GPU-d59cb1c4-ad97-d91a-6731-e7b5f38951a6
2026-10-09 02:13:06.259717,11007.0,12,1g.11gb,,,,580.178.04,GPU-d59cb1c4-ad97-d91a-6731-e7b5f38951a6
2026-10-09 02:13:06.259717,11008.0,13,1g.11gb,gpt2-inference-5d8458fb46-8g29c,default,gpt2,580.178.04,GPU-d59cb1c4-ad97-d91a-6731-e7b5f38951a6
2026-10-09 02:13:06.259717,11007.0,7,1g.11gb,,,,580.178.04,GPU-d59cb1c4-ad97-d91a-6731-e7b5f38951a6
2026-10-09 02:13:06.259717,11007.0,8,1g.11gb,,,,580.178.04,GPU-d59cb1c4-ad97-d91a-6731-e7b5f38951a6
2026-10-09 02:13:06.259717,11007.0,9,1g.11gb,,,,580.178.04,GPU-d59cb1c4-ad97-d91a-6731-e7b5f38951a6
2026-10-09 02:13:11.264165,11007.0,10,1g.11gb,,,,580.178.04,GPU-d59cb1c4-ad97-d91a-6731-e7b5f38951a6
2026-10-09 02:13:11.264165,11008.0,11,1g.11gb,gpt2-inference-5d8458fb46-zdp9n,default,gpt2,580.178.04,GPU-d59cb1c4-ad97-d91a-6731-e7b5f38951a6
2026-10-09 02:13:11.264165,11007.0,12,1g.11gb,,,,580.178.04,GPU-d59cb1c4-ad97-d91a-6731-e7b5f38951a6
2026-10-09 02:13:11.264165,11008.0,13,1g.11gb,gpt2-inference-5d8458fb46-8g29c,default,gpt2,580.178.04,GPU-d59cb1c4-ad97-d91a-6731-e7b5f38951a6
2026-10-09 02:13:11.264165,11007.0,7,1g.11gb,,,,580.178.04,GPU-d59cb1c4-ad97-d91a-6731-e7b5f38951a6
2026-10-09 02:13:11.264165,11007.0,8,1g.11gb,,,,580.178.04,GPU-d59cb1c4-ad97-d91a-6731-e7b5f38951a6
2026-10-09 02:13:11.264165,11007.0,9,1g.11gb,,,,580.178.04,GPU-d59cb1c4-ad97-d91a-6731-e7b5f38951a6
2026-10-09 02:13:16.264167,11007.0,10,1g.11gb,,,,580.178.04,GPU-d59cb1c4-ad97-d91a-6731-e7b5f38951a6
2026-10-09 02:13:16.264167,11008.0,11,1g.11gb,gpt2-inference-5d8458fb46-zdp9n,default,gpt2,580.178.04,GPU-d59cb1c4-ad97-d91a-6731-e7b5f38951a6
2026-10-09 02:13:16.264167,11007.0,12,1g.11gb,,,,580.178.04,GPU-d59cb1c4-ad97-d91a-6731-e7b5f38951a6
2026-10-09 02:13:16.264167,11008.0,13,1g.11gb,gpt2-inference-5d8458fb46-8g29c,default,gpt2,580.178.04,GPU-d59cb1c4-ad97-d91a-6731-e7b5f38951a6
2026-10-09 02:13:16.264167,11007.0,7,1g.11gb,,,,580.178.04,GPU-d59cb1c4-ad97-d91a-6731-e7b5f38951a6
2026-10-09 02:13:16.264167,11007.0,8,1g.11gb,,,,580.178.04,GPU-d59cb1c4-ad97-d91a-6731-e7b5f38951a6
2026-10-09 02:13:16.264167,11007.0,9,1g.11gb,,,,580.178.04,GPU-d59cb1c4-ad97-d91a-6731-e7b5f38951a6
2026-10-09 02:13:21.263665,11007.0,10,1g.11gb,,,,580.178.04,GPU-d59cb1c4-ad97-d91a-6731-e7b5f38951a6
2026-10-09 02:13:21.263665,11008.0,11,1g.11gb,gpt2-inference-5d8458fb46-zdp9n,default,gpt2,580.178.04,GPU-d59cb1c4-ad97-d91a-6731-e7b5f38951a6
2026-10-09 02:13:21.263665,11007.0,12,1g.11gb,,,,580.178.04,GPU-d59cb1c4-ad97-d91a-6731-e7b5f38951a6
2026-10-09 02:13:21.263665,11008.0,13,1g.11gb,gpt2-inference-5d8458fb46-8g29c,default,gpt2,580.178.04,GPU-d59cb1c4-ad97-d91a-6731-e7b5f38951a6
2026-10-09 02:13:21.263665,11007.0,7,1g.11gb,,,,580.178.04,GPU-d59cb1c4-ad97-d91a-6731-e7b5f38951a6
2026-10-09 02:13:21.263665,11007.0,8,1g.11gb,,,,580.178.04,GPU-d59cb1c4-ad97-d91a-6731-e7b5f38951a6
2026-10-09 02:13:21.263665,11007.0,9,1g.11gb,,,,580.178.04,GPU-d59cb1c4-ad97-d91a-6731-e7b5f38951a6
2026-10-09 02:13:26.261772,11007.0,10,1g.11gb,,,,580.178.04,GPU-d59cb1c4-ad97-d91a-6731-e7b5f38951a6
2026-10-09 02:13:26.261772,11008.0,11,1g.11gb,gpt2-inference-5d8458fb46-zdp9n,default,gpt2,580.178.04,GPU-d59cb1c4-ad97-d91a-6731-e7b5f38951a6
2026-10-09 02:13:26.261772,11007.0,12,1g.11gb,,,,580.178.04,GPU-d59cb1c4-ad97-d91a-6731-e7b5f38951a6
2026-10-09 02:13:26.261772,11008.0,13,1g.11gb,gpt2-inference-5d8458fb46-8g29c,default,gpt2,580.178.04,GPU-d59cb1c4-ad97-d91a-6731-e7b5f38951a6
2026-10-09 02:13:26.261772,11007.0,7,1g.11gb,,,,580.178.04,GPU-d59cb1c4-ad97-d91a-6731-e7b5f38951a6
2026-10-09 02:13:26.261772,11007.0,8,1g.11gb,,,,580.178.04,GPU-d59cb1c4-ad97-d91a-6731-e7b5f38951a6
2026-10-09 02:13:26.261772,11007.0,9,1g.11gb,,,,580.178.04,GPU-d59cb1c4-ad97-d91a-6731-e7b5f38951a6
2026-10-09 02:13:31.263653,11007.0,10,1g.11gb,,,,580.178.04,GPU-d59cb1c4-ad97-d91a-6731-e7b5f38951a6
2026-10-09 02:13:31.263653,11008.0,11,1g.11gb,gpt2-inference-5d8458fb46-zdp9n,default,gpt2,580.178.04,GPU-d59cb1c4-ad97-d91a-6731-e7b5f38951a6
2026-10-09 02:13:31.263653,11007.0,12,1g.11gb,,,,580.178.04,GPU-d59cb1c4-ad97-d91a-6731-e7b5f38951a6
2026-10-09 02:13:31.263653,11008.0,13,1g.11gb,gpt2-inference-5d8458fb46-8g29c,default,gpt2,580.178.04,GPU-d59cb1c4-ad97-d91a-6731-e7b5f38951a6
2026-10-09 02:13:31.263653,11007.0,7,1g.11gb,,,,580.178.04,GPU-d59cb1c4-ad97-d91a-6731-e7b5f38951a6
2026-10-09 02:13:31.263653,11007.0,8,1g.11gb,,,,580.178.04,GPU-d59cb1c4-ad97-d91a-6731-e7b5f38951a6
2026-10-09 02:13:31.263653,11007.0,9,1g.11gb,,,,580.178.04,GPU-d59cb1c4-ad97-d91a-6731-e7b5f38951a6
2026-10-09 02:13:36.264170,11007.0,10,1g.11gb,,,,580.178.04,GPU-d59cb1c4-ad97-d91a-6731-e7b5f38951a6
2026-10-09 02:13:36.264170,11008.0,11,1g.11gb,gpt2-inference-5d8458fb46-zdp9n,default,gpt2,580.178.04,GPU-d59cb1c4-ad97-d91a-6731-e7b5f38951a6
2026-10-09 02:13:36.264170,11007.0,12,1g.11gb,,,,580.178.04,GPU-d59cb1c4-ad97-d91a-6731-e7b5f38951a6
2026-10-09 02:13:36.264170,11008.0,13,1g.11gb,gpt2-inference-5d8458fb46-8g29c,default,gpt2,580.178.04,GPU-d59cb1c4-ad97-d91a-6731-e7b5f38951a6
2026-10-09 02:13:36.264170,11007.0,7,1g.11gb,,,,580.178.04,GPU-d59cb1c4-ad97-d91a-6731-e7b5f38951a6
2026-10-09 02:13:36.264170,11007.0,8,1g.11gb,,,,580.178.04,GPU-d59cb1c4-ad97-d91a-6731-e7b5f38951a6
2026-10-09 02:13:36.264170,11007.0,9,1g.11gb,,,,580.178.04,GPU-d59cb1c4-ad97-d91a-6731-e7b5f38951a6
2026-10-09 02:13:41.263780,11007.0,10,1g.11gb,,,,580.178.04,GPU-d59cb1c4-ad97-d91a-6731-e7b5f38951a6
2026-10-09 02:13:41.263780,11008.0,11,1g.11gb,gpt2-inference-5d8458fb46-zdp9n,default,gpt2,580.178.04,GPU-d59cb1c4-ad97-d91a-6731-e7b5f38951a6
2026-10-09 02:13:41.263780,11007.0,12,1g.11gb,,,,580.178.04,GPU-d59cb1c4-ad97-d91a-6731-e7b5f38951a6
2026-10-09 02:13:41.263780,11008.0,13,1g.11gb,gpt2-inference-5d8458fb46-8g29c,default,gpt2,580.178.04,GPU-d59cb1c4-ad97-d91a-6731-e7b5f38951a6
2026-10-09 02:13:41.263780,11007.0,7,1g.11gb,,,,580.178.04,GPU-d59cb1c4-ad97-d91a-6731-e7b5f38951a6
2026-10-09 02:13:41.263780,11007.0,8,1g.11gb,,,,580.178.04,GPU-d59cb1c4-ad97-d91a-6731-e7b5f38951a6
2026-10-09 02:13:41.263780,11007.0,9,1g.11gb,,,,580.178.04,GPU-d59cb1c4-ad97-d91a-6731-e7b5f38951a6
2026-10-09 02:13:46.264157,11007.0,10,1g.11gb,,,,580.178.04,GPU-d59cb1c4-ad97-d91a-6731-e7b5f38951a6
2026-10-09 02:13:46.264157,11008.0,11,1g.11gb,gpt2-inference-5d8458fb46-zdp9n,default,gpt2,580.178.04,GPU-d59cb1c4-ad97-d91a-6731-e7b5f38951a6
2026-10-09 02:13:46.264157,11007.0,12,1g.11gb,,,,580.178.04,GPU-d59cb1c4-ad97-d91a-6731-e7b5f38951a6
2026-10-09 02:13:46.264157,11008.0,13,1g.11gb,gpt2-inference-5d8458fb46-8g29c,default,gpt2,580.178.04,GPU-d59cb1c4-ad97-d91a-6731-e7b5f38951a6
2026-10-09 02:13:46.264157,11007.0,7,1g.11gb,,,,580.178.04,GPU-d59cb1c4-ad97-d91a-6731-e7b5f38951a6
2026-10-09 02:13:46.264157,11007.0,8,1g.11gb,,,,580.178.04,GPU-d59cb1c4-ad97-d91a-6731-e7b5f38951a6
2026-10-09 02:13:46.264157,11007.0,9,1g.11gb,,,,580.178.04,GPU-d59cb1c4-ad97-d91a-6731-e7b5f38951a6
2026-10-09 02:13:51.262638,11007.0,10,1g.11gb,,,,580.178.04,GPU-d59cb1c4-ad97-d91a-6731-e7b5f38951a6
2026-10-09 02:13:51.262638,11008.0,11,1g.11gb,gpt2-inference-5d8458fb46-zdp9n,default,gpt2,580.178.04,GPU-d59cb1c4-ad97-d91a-6731-e7b5f38951a6
2026-10-09 02:13:51.262638,11007.0,12,1g.11gb,,,,580.178.04,GPU-d59cb1c4-ad97-d91a-6731-e7b5f38951a6
2026-10-09 02:13:51.262638,11008.0,13,1g.11gb,gpt2-inference-5d8458fb46-8g29c,default,gpt2,580.178.04,GPU-d59cb1c4-ad97-d91a-6731-e7b5f38951a6
2026-10-09 02:13:51.262638,11007.0,7,1g.11gb,,,,580.178.04,GPU-d59cb1c4-ad97-d91a-6731-e7b5f38951a6
2026-10-09 02:13:51.262638,11007.0,8,1g.11gb,,,,580.178.04,GPU-d59cb1c4-ad97-d91a-6731-e7b5f38951a6
2026-10-09 02:13:51.262638,11007.0,9,1g.11gb,,,,580.178.04,GPU-d59cb1c4-ad97-d91a-6731-e7b5f38951a6
2026-10-09 02:13:56.259997,11007.0,10,1g.11gb,,,,580.178.04,GPU-d59cb1c4-ad97-d91a-6731-e7b5f38951a6
2026-10-09 02:13:56.259997,11008.0,11,1g.11gb,gpt2-inference-5d8458fb46-zdp9n,default,gpt2,580.178.04,GPU-d59cb1c4-ad97-d91a-6731-e7b5f38951a6
2026-10-09 02:13:56.259997,11007.0,12,1g.11gb,,,,580.178.04,GPU-d59cb1c4-ad97-d91a-6731-e7b5f38951a6
2026-10-09 02:13:56.259997,11008.0,13,1g.11gb,gpt2-inference-5d8458fb46-8g29c,default,gpt2,580.178.04,GPU-d59cb1c4-ad97-d91a-6731-e7b5f38951a6
2026-10-09 02:13:56.259997,11007.0,7,1g.11gb,,,,580.178.04,GPU-d59cb1c4-ad97-d91a-6731-e7b5f38951a6
2026-10-09 02:13:56.259997,11007.0,8,1g.11gb,,,,580.178.04,GPU-d59cb1c4-ad97-d91a-6731-e7b5f38951a6
2026-10-09 02:13:56.259997,11007.0,9,1g.11gb,,,,580.178.04,GPU-d59cb1c4-ad97-d91a-6731-e7b5f38951a6
2026-10-09 02:14:01.260039,11007.0,10,1g.11gb,,,,580.178.04,GPU-d59cb1c4-ad97-d91a-6731-e7b5f38951a6
2026-10-09 02:14:01.260039,11008.0,11,1g.11gb,gpt2-inference-5d8458fb46-zdp9n,default,gpt2,580.178.04,GPU-d59cb1c4-ad97-d91a-6731-e7b5f38951a6
2026-10-09 02:14:01.260039,11007.0,12,1g.11gb,,,,580.178.04,GPU-d59cb1c4-ad97-d91a-6731-e7b5f38951a6
2026-10-09 02:14:01.260039,11008.0,13,1g.11gb,gpt2-inference-5d8458fb46-8g29c,default,gpt2,580.178.04,GPU-d59cb1c4-ad97-d91a-6731-e7b5f38951a6
2026-10-09 02:14:01.260039,11007.0,7,1g.11gb,,,,580.178.04,GPU-d59cb1c4-ad97-d91a-6731-e7b5f38951a6
2026-10-09 02:14:01.260039,11007.0,8,1g.11gb,,,,580.178.04,GPU-d59cb1c4-ad97-d91a-6731-e7b5f38951a6
2026-10-09 02:14:01.260039,11007.0,9,1g.11gb,,,,580.178.04,GPU-d59cb1c4-ad97-d91a-6731-e7b5f38951a6
2026-10-09 02:14:06.261198,11007.0,10,1g.11gb,,,,580.178.04,GPU-d59cb1c4-ad97-d91a-6731-e7b5f38951a6
2026-10-09 02:14:06.261198,11008.0,11,1g.11gb,gpt2-inference-5d8458fb46-zdp9n,default,gpt2,580.178.04,GPU-d59cb1c4-ad97-d91a-6731-e7b5f38951a6
2026-10-09 02:14:06.261198,11007.0,12,1g.11gb,,,,580.178.04,GPU-d59cb1c4-ad97-d91a-6731-e7b5f38951a6
2026-10-09 02:14:06.261198,11008.0,13,1g.11gb,gpt2-inference-5d8458fb46-8g29c,default,gpt2,580.178.04,GPU-d59cb1c4-ad97-d91a-6731-e7b5f38951a6
2026-10-09 02:14:06.261198,11007.0,7,1g.11gb,,,,580.178.04,GPU-d59cb1c4-ad97-d91a-6731-e7b5f38951a6
2026-10-09 02:14:06.261198,11007.0,8,1g.11gb,,,,580.178.04,GPU-d59cb1c4-ad97-d91a-6731-e7b5f38951a6
2026-10-09 02:14:06.261198,11007.0,9,1g.11gb,,,,580.178.04,GPU-d59cb1c4-ad97-d91a-6731-e7b5f38951a6
2026-10-09 02:14:11.259529,11007.0,10,1g.11gb,,,,580.178.04,GPU-d59cb1c4-ad97-d91a-6731-e7b5f38951a6
2026-10-09 02:14:11.259529,11008.0,11,1g.11gb,gpt2-inference-5d8458fb46-zdp9n,default,gpt2,580.178.04,GPU-d59cb1c4-ad97-d91a-6731-e7b5f38951a6
2026-10-09 02:14:11.259529,11007.0,12,1g.11gb,,,,580.178.04,GPU-d59cb1c4-ad97-d91a-6731-e7b5f38951a6
2026-10-09 02:14:11.259529,11008.0,13,1g.11gb,gpt2-inference-5d8458fb46-8g29c,default,gpt2,580.178.04,GPU-d59cb1c4-ad97-d91a-6731-e7b5f38951a6
2026-10-09 02:14:11.259529,11007.0,7,1g.11gb,,,,580.178.04,GPU-d59cb1c4-ad97-d91a-6731-e7b5f38951a6
2026-10-09 02:14:11.259529,11007.0,8,1g.11gb,,,,580.178.04,GPU-d59cb1c4-ad97-d91a-6731-e7b5f38951a6
2026-10-09 02:14:11.259529,11007.0,9,1g.11gb,,,,580.178.04,GPU-d59cb1c4-ad97-d91a-6731-e7b5f38951a6
2026-10-09 02:14:16.264169,11007.0,10,1g.11gb,,,,580.178.04,GPU-d59cb1c4-ad97-d91a-6731-e7b5f38951a6
2026-10-09 02:14:16.264169,11008.0,11,1g.11gb,gpt2-inference-5d8458fb46-zdp9n,default,gpt2,580.178.04,GPU-d59cb1c4-ad97-d91a-6731-e7b5f38951a6
2026-10-09 02:14:16.264169,11007.0,12,1g.11gb,,,,580.178.04,GPU-d59cb1c4-ad97-d91a-6731-e7b5f38951a6
2026-10-09 02:14:16.264169,11008.0,13,1g.11gb,gpt2-inference-5d8458fb46-8g29c,default,gpt2,580.178.04,GPU-d59cb1c4-ad97-d91a-6731-e7b5f38951a6
2026-10-09 02:14:16.264169,11007.0,7,1g.11gb,,,,580.178.04,GPU-d59cb1c4-ad97-d91a-6731-e7b5f38951a6
2026-10-09 02:14:16.264169,11007.0,8,1g.11gb,,,,580.178.04,GPU-d59cb1c4-ad97-d91a-6731-e7b5f38951a6
2026-10-09 02:14:16.264169,11007.0,9,1g.11gb,,,,580.178.04,GPU-d59cb1c4-ad97-d91a-6731-e7b5f38951a6
2026-10-09 02:14:21.264163,11007.0,10,1g.11gb,,,,580.178.04,GPU-d59cb1c4-ad97-d91a-6731-e7b5f38951a6
2026-10-09 02:14:21.264163,11008.0,11,1g.11gb,gpt2-inference-5d8458fb46-zdp9n,default,gpt2,580.178.04,GPU-d59cb1c4-ad97-d91a-6731-e7b5f38951a6
2026-10-09 02:14:21.264163,11007.0,12,1g.11gb,,,,580.178.04,GPU-d59cb1c4-ad97-d91a-6731-e7b5f38951a6
2026-10-09 02:14:21.264163,11008.0,13,1g.11gb,gpt2-inference-5d8458fb46-8g29c,default,gpt2,580.178.04,GPU-d59cb1c4-ad97-d91a-6731-e7b5f38951a6
2026-10-09 02:14:21.264163,11007.0,7,1g.11gb,,,,580.178.04,GPU-d59cb1c4-ad97-d91a-6731-e7b5f38951a6
2026-10-09 02:14:21.264163,11007.0,8,1g.11gb,,,,580.178.04,GPU-d59cb1c4-ad97-d91a-6731-e7b5f38951a6
2026-10-09 02:14:21.264163,11007.0,9,1g.11gb,,,,580.178.04,GPU-d59cb1c4-ad97-d91a-6731-e7b5f38951a6
2026-10-09 02:14:26.264164,11007.0,10,1g.11gb,,,,580.178.04,GPU-d59cb1c4-ad97-d91a-6731-e7b5f38951a6
2026-10-09 02:14:26.264164,11008.0,11,1g.11gb,gpt2-inference-5d8458fb46-zdp9n,default,gpt2,580.178.04,GPU-d59cb1c4-ad97-d91a-6731-e7b5f38951a6
2026-10-09 02:14:26.264164,11007.0,12,1g.11gb,,,,580.178.04,GPU-d59cb1c4-ad97-d91a-6731-e7b5f38951a6
2026-10-09 02:14:26.264164,11008.0,13,1g.11gb,gpt2-inference-5d8458fb46-8g29c,default,gpt2,580.178.04,GPU-d59cb1c4-ad97-d91a-6731-e7b5f38951a6
2026-10-09 02:14:26.264164,11007.0,7,1g.11gb,,,,580.178.04,GPU-d59cb1c4-ad97-d91a-6731-e7b5f38951a6
2026-10-09 02:14:26.264164,11007.0,8,1g.11gb,,,,580.178.04,GPU-d59cb1c4-ad97-d91a-6731-e7b5f38951a6
2026-10-09 02:14:26.264164,11007.0,9,1g.11gb,,,,580.178.04,GPU-d59cb1c4-ad97-d91a-6731-e7b5f38951a6
2026-10-09 02:14:31.263645,11007.0,10,1g.11gb,,,,580.178.04,GPU-d59cb1c4-ad97-d91a-6731-e7b5f38951a6
2026-10-09 02:14:31.263645,11008.0,11,1g.11gb,gpt2-inference-5d8458fb46-zdp9n,default,gpt2,580.178.04,GPU-d59cb1c4-ad97-d91a-6731-e7b5f38951a6
2026-10-09 02:14:31.263645,11007.0,12,1g.11gb,,,,580.178.04,GPU-d59cb1c4-ad97-d91a-6731-e7b5f38951a6
2026-10-09 02:14:31.263645,11008.0,13,1g.11gb,gpt2-inference-5d8458fb46-8g29c,default,gpt2,580.178.04,GPU-d59cb1c4-ad97-d91a-6731-e7b5f38951a6
2026-10-09 02:14:31.263645,11007.0,7,1g.11gb,,,,580.178.04,GPU-d59cb1c4-ad97-d91a-6731-e7b5f38951a6
2026-10-09 02:14:31.263645,11007.0,8,1g.11gb,,,,580.178.04,GPU-d59cb1c4-ad97-d91a-6731-e7b5f38951a6
2026-10-09 02:14:31.263645,11007.0,9,1g.11gb,,,,580.178.04,GPU-d59cb1c4-ad97-d91a-6731-e7b5f38951a6
2026-10-09 02:14:36.264171,11007.0,10,1g.11gb,,,,580.178.04,GPU-d59cb1c4-ad97-d91a-6731-e7b5f38951a6
2026-10-09 02:14:36.264171,11008.0,11,1g.11gb,gpt2-inference-5d8458fb46-zdp9n,default,gpt2,580.178.04,GPU-d59cb1c4-ad97-d91a-6731-e7b5f38951a6
2026-10-09 02:14:36.264171,11007.0,12,1g.11gb,,,,580.178.04,GPU-d59cb1c4-ad97-d91a-6731-e7b5f38951a6
2026-10-09 02:14:36.264171,11008.0,13,1g.11gb,gpt2-inference-5d8458fb46-8g29c,default,gpt2,580.178.04,GPU-d59cb1c4-ad97-d91a-6731-e7b5f38951a6
2026-10-09 02:14:36.264171,11007.0,7,1g.11gb,,,,580.178.04,GPU-d59cb1c4-ad97-d91a-6731-e7b5f38951a6
2026-10-09 02:14:36.264171,11007.0,8,1g.11gb,,,,580.178.04,GPU-d59cb1c4-ad97-d91a-6731-e7b5f38951a6
2026-10-09 02:14:36.264171,11007.0,9,1g.11gb,,,,580.178.04,GPU-d59cb1c4-ad97-d91a-6731-e7b5f38951a6
2026-10-09 02:14:41.263921,11007.0,10,1g.11gb,,,,580.178.04,GPU-d59cb1c4-ad97-d91a-6731-e7b5f38951a6
2026-10-09 02:14:41.263921,11008.0,11,1g.11gb,gpt2-inference-5d8458fb46-zdp9n,default,gpt2,580.178.04,GPU-d59cb1c4-ad97-d91a-6731-e7b5f38951a6
2026-10-09 02:14:41.263921,11007.0,12,1g.11gb,,,,580.178.04,GPU-d59cb1c4-ad97-d91a-6731-e7b5f38951a6
2026-10-09 02:14:41.263921,11008.0,13,1g.11gb,gpt2-inference-5d8458fb46-8g29c,default,gpt2,580.178.04,GPU-d59cb1c4-ad97-d91a-6731-e7b5f38951a6
2026-10-09 02:14:41.263921,11007.0,7,1g.11gb,,,,580.178.04,GPU-d59cb1c4-ad97-d91a-6731-e7b5f38951a6
2026-10-09 02:14:41.263921,11007.0,8,1g.11gb,,,,580.178.04,GPU-d59cb1c4-ad97-d91a-6731-e7b5f38951a6
2026-10-09 02:14:41.263921,11007.0,9,1g.11gb,,,,580.178.04,GPU-d59cb1c4-ad97-d91a-6731-e7b5f38951a6
2026-10-09 02:14:46.264186,11007.0,10,1g.11gb,,,,580.178.04,GPU-d59cb1c4-ad97-d91a-6731-e7b5f38951a6
2026-10-09 02:14:46.264186,11008.0,11,1g.11gb,gpt2-inference-5d8458fb46-zdp9n,default,gpt2,580.178.04,GPU-d59cb1c4-ad97-d91a-6731-e7b5f38951a6
2026-10-09 02:14:46.264186,11007.0,12,1g.11gb,,,,580.178.04,GPU-d59cb1c4-ad97-d91a-6731-e7b5f38951a6
2026-10-09 02:14:46.264186,11008.0,13,1g.11gb,gpt2-inference-5d8458fb46-8g29c,default,gpt2,580.178.04,GPU-d59cb1c4-ad97-d91a-6731-e7b5f38951a6
2026-10-09 02:14:46.264186,11007.0,7,1g.11gb,,,,580.178.04,GPU-d59cb1c4-ad97-d91a-6731-e7b5f38951a6
2026-10-09 02:14:46.264186,11007.0,8,1g.11gb,,,,580.178.04,GPU-d59cb1c4-ad97-d91a-6731-e7b5f38951a6
2026-10-09 02:14:46.264186,11007.0,9,1g.11gb,,,,580.178.04,GPU-d59cb1c4-ad97-d91a-6731-e7b5f38951a6
2026-10-09 02:14:51.262337,11007.0,10,1g.11gb,,,,580.178.04,GPU-d59cb1c4-ad97-d91a-6731-e7b5f38951a6
2026-10-09 02:14:51.262337,11008.0,11,1g.11gb,gpt2-inference-5d8458fb46-zdp9n,default,gpt2,580.178.04,GPU-d59cb1c4-ad97-d91a-6731-e7b5f38951a6
2026-10-09 02:14:51.262337,11007.0,12,1g.11gb,,,,580.178.04,GPU-d59cb1c4-ad97-d91a-6731-e7b5f38951a6
2026-10-09 02:14:51.262337,11008.0,13,1g.11gb,gpt2-inference-5d8458fb46-8g29c,default,gpt2,580.178.04,GPU-d59cb1c4-ad97-d91a-6731-e7b5f38951a6
2026-10-09 02:14:51.262337,11007.0,7,1g.11gb,,,,580.178.04,GPU-d59cb1c4-ad97-d91a-6731-e7b5f38951a6
2026-10-09 02:14:51.262337,11007.0,8,1g.11gb,,,,580.178.04,GPU-d59cb1c4-ad97-d91a-6731-e7b5f38951a6
2026-10-09 02:14:51.262337,11007.0,9,1g.11gb,,,,580.178.04,GPU-d59cb1c4-ad97-d91a-6731-e7b5f38951a6
2026-10-09 02:14:56.259490,11007.0,10,1g.11gb,,,,580.178.04,GPU-d59cb1c4-ad97-d91a-6731-e7b5f38951a6
2026-10-09 02:14:56.259490,11008.0,11,1g.11gb,gpt2-inference-5d8458fb46-zdp9n,default,gpt2,580.178.04,GPU-d59cb1c4-ad97-d91a-6731-e7b5f38951a6
2026-10-09 02:14:56.259490,11007.0,12,1g.11gb,,,,580.178.04,GPU-d59cb1c4-ad97-d91a-6731-e7b5f38951a6
2026-10-09 02:14:56.259490,11008.0,13,1g.11gb,gpt2-inference-5d8458fb46-8g29c,default,gpt2,580.178.04,GPU-d59cb1c4-ad97-d91a-6731-e7b5f38951a6
2026-10-09 02:14:56.259490,11007.0,7,1g.11gb,,,,580.178.04,GPU-d59cb1c4-ad97-d91a-6731-e7b5f38951a6
2026-10-09 02:14:56.259490,11007.0,8,1g.11gb,,,,580.178.04,GPU-d59cb1c4-ad97-d91a-6731-e7b5f38951a6
2026-10-09 02:14:56.259490,11007.0,9,1g.11gb,,,,580.178.04,GPU-d59cb1c4-ad97-d91a-6731-e7b5f38951a6
2026-10-09 02:15:01.263793,11007.0,10,1g.11gb,,,,580.178.04,GPU-d59cb1c4-ad97-d91a-6731-e7b5f38951a6
2026-10-09 02:15:01.263793,11008.0,11,1g.11gb,gpt2-inference-5d8458fb46-zdp9n,default,gpt2,580.178.04,GPU-d59cb1c4-ad97-d91a-6731-e7b5f38951a6
2026-10-09 02:15:01.263793,11007.0,12,1g.11gb,,,,580.178.04,GPU-d59cb1c4-ad97-d91a-6731-e7b5f38951a6
2026-10-09 02:15:01.263793,11008.0,13,1g.11gb,gpt2-inference-5d8458fb46-8g29c,default,gpt2,580.178.04,GPU-d59cb1c4-ad97-d91a-6731-e7b5f38951a6
2026-10-09 02:15:01.263793,11007.0,7,1g.11gb,,,,580.178.04,GPU-d59cb1c4-ad97-d91a-6731-e7b5f38951a6
2026-10-09 02:15:01.263793,11007.0,8,1g.11gb,,,,580.178.04,GPU-d59cb1c4-ad97-d91a-6731-e7b5f38951a6
2026-10-09 02:15:01.263793,11007.0,9,1g.11gb,,,,580.178.04,GPU-d59cb1c4-ad97-d91a-6731-e7b5f38951a6
2026-10-09 02:15:06.261584,11007.0,10,1g.11gb,,,,580.178.04,GPU-d59cb1c4-ad97-d91a-6731-e7b5f38951a6
2026-10-09 02:15:06.261584,11008.0,11,1g.11gb,gpt2-inference-5d8458fb46-zdp9n,default,gpt2,580.178.04,GPU-d59cb1c4-ad97-d91a-6731-e7b5f38951a6
2026-10-09 02:15:06.261584,11007.0,12,1g.11gb,,,,580.178.04,GPU-d59cb1c4-ad97-d91a-6731-e7b5f38951a6
2026-10-09 02:15:06.261584,11008.0,13,1g.11gb,gpt2-inference-5d8458fb46-8g29c,default,gpt2,580.178.04,GPU-d59cb1c4-ad97-d91a-6731-e7b5f38951a6
2026-10-09 02:15:06.261584,11007.0,7,1g.11gb,,,,580.178.04,GPU-d59cb1c4-ad97-d91a-6731-e7b5f38951a6
2026-10-09 02:15:06.261584,11007.0,8,1g.11gb,,,,580.178.04,GPU-d59cb1c4-ad97-d91a-6731-e7b5f38951a6
2026-10-09 02:15:06.261584,11007.0,9,1g.11gb,,,,580.178.04,GPU-d59cb1c4-ad97-d91a-6731-e7b5f38951a6
2026-10-09 02:15:11.260271,11007.0,10,1g.11gb,,,,580.178.04,GPU-d59cb1c4-ad97-d91a-6731-e7b5f38951a6
2026-10-09 02:15:11.260271,11008.0,11,1g.11gb,gpt2-inference-5d8458fb46-zdp9n,default,gpt2,580.178.04,GPU-d59cb1c4-ad97-d91a-6731-e7b5f38951a6
2026-10-09 02:15:11.260271,11007.0,12,1g.11gb,,,,580.178.04,GPU-d59cb1c4-ad97-d91a-6731-e7b5f38951a6
2026-10-09 02:15:11.260271,11008.0,13,1g.11gb,gpt2-inference-5d8458fb46-8g29c,default,gpt2,580.178.04,GPU-d59cb1c4-ad97-d91a-6731-e7b5f38951a6
2026-10-09 02:15:11.260271,11007.0,7,1g.11gb,,,,580.178.04,GPU-d59cb1c4-ad97-d91a-6731-e7b5f38951a6
2026-10-09 02:15:11.260271,11007.0,8,1g.11gb,,,,580.178.04,GPU-d59cb1c4-ad97-d91a-6731-e7b5f38951a6
2026-10-09 02:15:11.260271,11007.0,9,1g.11gb,,,,580.178.04,GPU-d59cb1c4-ad97-d91a-6731-e7b5f38951a6
2026-10-09 02:15:16.261358,11007.0,10,1g.11gb,,,,580.178.04,GPU-d59cb1c4-ad97-d91a-6731-e7b5f38951a6
2026-10-09 02:15:16.261358,11008.0,11,1g.11gb,gpt2-inference-5d8458fb46-zdp9n,default,gpt2,580.178.04,GPU-d59cb1c4-ad97-d91a-6731-e7b5f38951a6
2026-10-09 02:15:16.261358,11007.0,12,1g.11gb,,,,580.178.04,GPU-d59cb1c4-ad97-d91a-6731-e7b5f38951a6
2026-10-09 02:15:16.261358,11008.0,13,1g.11gb,gpt2-inference-5d8458fb46-8g29c,default,gpt2,580.178.04,GPU-d59cb1c4-ad97-d91a-6731-e7b5f38951a6
2026-10-09 02:15:16.261358,11007.0,7,1g.11gb,,,,580.178.04,GPU-d59cb1c4-ad97-d91a-6731-e7b5f38951a6
2026-10-09 02:15:16.261358,11007.0,8,1g.11gb,,,,580.178.04,GPU-d59cb1c4-ad97-d91a-6731-e7b5f38951a6
2026-10-09 02:15:16.261358,11007.0,9,1g.11gb,,,,580.178.04,GPU-d59cb1c4-ad97-d91a-6731-e7b5f38951a6
2026-10-09 02:15:21.264163,11007.0,10,1g.11gb,,,,580.178.04,GPU-d59cb1c4-ad97-d91a-6731-e7b5f38951a6
2026-10-09 02:15:21.264163,11008.0,11,1g.11gb,gpt2-inference-5d8458fb46-zdp9n,default,gpt2,580.178.04,GPU-d59cb1c4-ad97-d91a-6731-e7b5f38951a6
2026-10-09 02:15:21.264163,11007.0,12,1g.11gb,,,,580.178.04,GPU-d59cb1c4-ad97-d91a-6731-e7b5f38951a6
2026-10-09 02:15:21.264163,11008.0,13,1g.11gb,gpt2-inference-5d8458fb46-8g29c,default,gpt2,580.178.04,GPU-d59cb1c4-ad97-d91a-6731-e7b5f38951a6
2026-10-09 02:15:21.264163,11007.0,7,1g.11gb,,,,580.178.04,GPU-d59cb1c4-ad97-d91a-6731-e7b5f38951a6
2026-10-09 02:15:21.264163,11007.0,8,1g.11gb,,,,580.178.04,GPU-d59cb1c4-ad97-d91a-6731-e7b5f38951a6
2026-10-09 02:15:21.264163,11007.0,9,1g.11gb,,,,580.178.04,GPU-d59cb1c4-ad97-d91a-6731-e7b5f38951a6
2026-10-09 02:15:26.261002,11007.0,10,1g.11gb,,,,580.178.04,GPU-d59cb1c4-ad97-d91a-6731-e7b5f38951a6
2026-10-09 02:15:26.261002,11008.0,11,1g.11gb,gpt2-inference-5d8458fb46-zdp9n,default,gpt2,580.178.04,GPU-d59cb1c4-ad97-d91a-6731-e7b5f38951a6
2026-10-09 02:15:26.261002,11007.0,12,1g.11gb,,,,580.178.04,GPU-d59cb1c4-ad97-d91a-6731-e7b5f38951a6
2026-10-09 02:15:26.261002,11008.0,13,1g.11gb,gpt2-inference-5d8458fb46-8g29c,default,gpt2,580.178.04,GPU-d59cb1c4-ad97-d91a-6731-e7b5f38951a6
2026-10-09 02:15:26.261002,11007.0,7,1g.11gb,,,,580.178.04,GPU-d59cb1c4-ad97-d91a-6731-e7b5f38951a6
2026-10-09 02:15:26.261002,11007.0,8,1g.11gb,,,,580.178.04,GPU-d59cb1c4-ad97-d91a-6731-e7b5f38951a6
2026-10-09 02:15:26.261002,11007.0,9,1g.11gb,,,,580.178.04,GPU-d59cb1c4-ad97-d91a-6731-e7b5f38951a6
2026-10-09 02:15:31.264163,11007.0,10,1g.11gb,,,,580.178.04,GPU-d59cb1c4-ad97-d91a-6731-e7b5f38951a6
2026-10-09 02:15:31.264163,11008.0,11,1g.11gb,gpt2-inference-5d8458fb46-zdp9n,default,gpt2,580.178.04,GPU-d59cb1c4-ad97-d91a-6731-e7b5f38951a6
2026-10-09 02:15:31.264163,11007.0,12,1g.11gb,,,,580.178.04,GPU-d59cb1c4-ad97-d91a-6731-e7b5f38951a6
2026-10-09 02:15:31.264163,11008.0,13,1g.11gb,gpt2-inference-5d8458fb46-8g29c,default,gpt2,580.178.04,GPU-d59cb1c4-ad97-d91a-6731-e7b5f38951a6
2026-10-09 02:15:31.264163,11007.0,7,1g.11gb,,,,580.178.04,GPU-d59cb1c4-ad97-d91a-6731-e7b5f38951a6
2026-10-09 02:15:31.264163,11007.0,8,1g.11gb,,,,580.178.04,GPU-d59cb1c4-ad97-d91a-6731-e7b5f38951a6
2026-10-09 02:15:31.264163,11007.0,9,1g.11gb,,,,580.178.04,GPU-d59cb1c4-ad97-d91a-6731-e7b5f38951a6
2026-10-09 02:15:36.263644,11007.0,10,1g.11gb,,,,580.178.04,GPU-d59cb1c4-ad97-d91a-6731-e7b5f38951a6
2026-10-09 02:15:36.263644,11008.0,11,1g.11gb,gpt2-inference-5d8458fb46-zdp9n,default,gpt2,580.178.04,GPU-d59cb1c4-ad97-d91a-6731-e7b5f38951a6
2026-10-09 02:15:36.263644,11007.0,12,1g.11gb,,,,580.178.04,GPU-d59cb1c4-ad97-d91a-6731-e7b5f38951a6
2026-10-09 02:15:36.263644,11008.0,13,1g.11gb,gpt2-inference-5d8458fb46-8g29c,default,gpt2,580.178.04,GPU-d59cb1c4-ad97-d91a-6731-e7b5f38951a6
2026-10-09 02:15:36.263644,11007.0,7,1g.11gb,,,,580.178.04,GPU-d59cb1c4-ad97-d91a-6731-e7b5f38951a6
2026-10-09 02:15:36.263644,11007.0,8,1g.11gb,,,,580.178.04,GPU-d59cb1c4-ad97-d91a-6731-e7b5f38951a6
2026-10-09 02:15:36.263644,11007.0,9,1g.11gb,,,,580.178.04,GPU-d59cb1c4-ad97-d91a-6731-e7b5f38951a6
2026-10-09 02:15:41.262742,11007.0,10,1g.11gb,,,,580.178.04,GPU-d59cb1c4-ad97-d91a-6731-e7b5f38951a6
2026-10-09 02:15:41.262742,11008.0,11,1g.11gb,gpt2-inference-5d8458fb46-zdp9n,default,gpt2,580.178.04,GPU-d59cb1c4-ad97-d91a-6731-e7b5f38951a6
2026-10-09 02:15:41.262742,11007.0,12,1g.11gb,,,,580.178.04,GPU-d59cb1c4-ad97-d91a-6731-e7b5f38951a6
2026-10-09 02:15:41.262742,11008.0,13,1g.11gb,gpt2-inference-5d8458fb46-8g29c,default,gpt2,580.178.04,GPU-d59cb1c4-ad97-d91a-6731-e7b5f38951a6
2026-10-09 02:15:41.262742,11007.0,7,1g.11gb,,,,580.178.04,GPU-d59cb1c4-ad97-d91a-6731-e7b5f38951a6
2026-10-09 02:15:41.262742,11007.0,8,1g.11gb,,,,580.178.04,GPU-d59cb1c4-ad97-d91a-6731-e7b5f38951a6
2026-10-09 02:15:41.262742,11007.0,9,1g.11gb,,,,580.178.04,GPU-d59cb1c4-ad97-d91a-6731-e7b5f38951a6
2026-10-09 02:15:46.260220,11007.0,10,1g.11gb,,,,580.178.04,GPU-d59cb1c4-ad97-d91a-6731-e7b5f38951a6
2026-10-09 02:15:46.260220,11008.0,11,1g.11gb,gpt2-inference-5d8458fb46-zdp9n,default,gpt2,580.178.04,GPU-d59cb1c4-ad97-d91a-6731-e7b5f38951a6
2026-10-09 02:15:46.260220,11007.0,12,1g.11gb,,,,580.178.04,GPU-d59cb1c4-ad97-d91a-6731-e7b5f38951a6
2026-10-09 02:15:46.260220,11008.0,13,1g.11gb,gpt2-inference-5d8458fb46-8g29c,default,gpt2,580.178.04,GPU-d59cb1c4-ad97-d91a-6731-e7b5f38951a6
2026-10-09 02:15:46.260220,11007.0,7,1g.11gb,,,,580.178.04,GPU-d59cb1c4-ad97-d91a-6731-e7b5f38951a6
2026-10-09 02:15:46.260220,11007.0,8,1g.11gb,,,,580.178.04,GPU-d59cb1c4-ad97-d91a-6731-e7b5f38951a6
2026-10-09 02:15:46.260220,11007.0,9,1g.11gb,,,,580.178.04,GPU-d59cb1c4-ad97-d91a-6731-e7b5f38951a6
2026-10-09 02:15:51.263335,11007.0,10,1g.11gb,,,,580.178.04,GPU-d59cb1c4-ad97-d91a-6731-e7b5f38951a6
2026-10-09 02:15:51.263335,11008.0,11,1g.11gb,gpt2-inference-5d8458fb46-zdp9n,default,gpt2,580.178.04,GPU-d59cb1c4-ad97-d91a-6731-e7b5f38951a6
2026-10-09 02:15:51.263335,11007.0,12,1g.11gb,,,,580.178.04,GPU-d59cb1c4-ad97-d91a-6731-e7b5f38951a6
2026-10-09 02:15:51.263335,11008.0,13,1g.11gb,gpt2-inference-5d8458fb46-8g29c,default,gpt2,580.178.04,GPU-d59cb1c4-ad97-d91a-6731-e7b5f38951a6
2026-10-09 02:15:51.263335,11007.0,7,1g.11gb,,,,580.178.04,GPU-d59cb1c4-ad97-d91a-6731-e7b5f38951a6
2026-10-09 02:15:51.263335,11007.0,8,1g.11gb,,,,580.178.04,GPU-d59cb1c4-ad97-d91a-6731-e7b5f38951a6
2026-10-09 02:15:51.263335,11007.0,9,1g.11gb,,,,580.178.04,GPU-d59cb1c4-ad97-d91a-6731-e7b5f38951a6
2026-10-09 02:15:56.259461,11007.0,10,1g.11gb,,,,580.178.04,GPU-d59cb1c4-ad97-d91a-6731-e7b5f38951a6
2026-10-09 02:15:56.259461,11008.0,11,1g.11gb,gpt2-inference-5d8458fb46-zdp9n,default,gpt2,580.178.04,GPU-d59cb1c4-ad97-d91a-6731-e7b5f38951a6
2026-10-09 02:15:56.259461,11007.0,12,1g.11gb,,,,580.178.04,GPU-d59cb1c4-ad97-d91a-6731-e7b5f38951a6
2026-10-09 02:15:56.259461,11008.0,13,1g.11gb,gpt2-inference-5d8458fb46-8g29c,default,gpt2,580.178.04,GPU-d59cb1c4-ad97-d91a-6731-e7b5f38951a6
2026-10-09 02:15:56.259461,11007.0,7,1g.11gb,,,,580.178.04,GPU-d59cb1c4-ad97-d91a-6731-e7b5f38951a6
2026-10-09 02:15:56.259461,11007.0,8,1g.11gb,,,,580.178.04,GPU-d59cb1c4-ad97-d91a-6731-e7b5f38951a6
2026-10-09 02:15:56.259461,11007.0,9,1g.11gb,,,,580.178.04,GPU-d59cb1c4-ad97-d91a-6731-e7b5f38951a6
2026-10-09 02:16:01.264161,11007.0,10,1g.11gb,,,,580.178.04,GPU-d59cb1c4-ad97-d91a-6731-e7b5f38951a6
2026-10-09 02:16:01.264161,11008.0,11,1g.11gb,gpt2-inference-5d8458fb46-zdp9n,default,gpt2,580.178.04,GPU-d59cb1c4-ad97-d91a-6731-e7b5f38951a6
2026-10-09 02:16:01.264161,11007.0,12,1g.11gb,,,,580.178.04,GPU-d59cb1c4-ad97-d91a-6731-e7b5f38951a6
2026-10-09 02:16:01.264161,11008.0,13,1g.11gb,gpt2-inference-5d8458fb46-8g29c,default,gpt2,580.178.04,GPU-d59cb1c4-ad97-d91a-6731-e7b5f38951a6
2026-10-09 02:16:01.264161,11007.0,7,1g.11gb,,,,580.178.04,GPU-d59cb1c4-ad97-d91a-6731-e7b5f38951a6
2026-10-09 02:16:01.264161,11007.0,8,1g.11gb,,,,580.178.04,GPU-d59cb1c4-ad97-d91a-6731-e7b5f38951a6
2026-10-09 02:16:01.264161,11007.0,9,1g.11gb,,,,580.178.04,GPU-d59cb1c4-ad97-d91a-6731-e7b5f38951a6
2026-10-09 02:16:06.264172,11007.0,10,1g.11gb,,,,580.178.04,GPU-d59cb1c4-ad97-d91a-6731-e7b5f38951a6
2026-10-09 02:16:06.264172,11008.0,11,1g.11gb,gpt2-inference-5d8458fb46-zdp9n,default,gpt2,580.178.04,GPU-d59cb1c4-ad97-d91a-6731-e7b5f38951a6
2026-10-09 02:16:06.264172,11007.0,12,1g.11gb,,,,580.178.04,GPU-d59cb1c4-ad97-d91a-6731-e7b5f38951a6
2026-10-09 02:16:06.264172,11008.0,13,1g.11gb,gpt2-inference-5d8458fb46-8g29c,default,gpt2,580.178.04,GPU-d59cb1c4-ad97-d91a-6731-e7b5f38951a6
2026-10-09 02:16:06.264172,11007.0,7,1g.11gb,,,,580.178.04,GPU-d59cb1c4-ad97-d91a-6731-e7b5f38951a6
2026-10-09 02:16:06.264172,11007.0,8,1g.11gb,,,,580.178.04,GPU-d59cb1c4-ad97-d91a-6731-e7b5f38951a6
2026-10-09 02:16:06.264172,11007.0,9,1g.11gb,,,,580.178.04,GPU-d59cb1c4-ad97-d91a-6731-e7b5f38951a6
2026-10-09 02:16:11.259411,11007.0,10,1g.11gb,,,,580.178.04,GPU-d59cb1c4-ad97-d91a-6731-e7b5f38951a6
2026-10-09 02:16:11.259411,11008.0,11,1g.11gb,gpt2-inference-5d8458fb46-zdp9n,default,gpt2,580.178.04,GPU-d59cb1c4-ad97-d91a-6731-e7b5f38951a6
2026-10-09 02:16:11.259411,11007.0,12,1g.11gb,,,,580.178.04,GPU-d59cb1c4-ad97-d91a-6731-e7b5f38951a6
2026-10-09 02:16:11.259411,11008.0,13,1g.11gb,gpt2-inference-5d8458fb46-8g29c,default,gpt2,580.178.04,GPU-d59cb1c4-ad97-d91a-6731-e7b5f38951a6
2026-10-09 02:16:11.259411,11007.0,7,1g.11gb,,,,580.178.04,GPU-d59cb1c4-ad97-d91a-6731-e7b5f38951a6
2026-10-09 02:16:11.259411,11007.0,8,1g.11gb,,,,580.178.04,GPU-d59cb1c4-ad97-d91a-6731-e7b5f38951a6
2026-10-09 02:16:11.259411,11007.0,9,1g.11gb,,,,580.178.04,GPU-d59cb1c4-ad97-d91a-6731-e7b5f38951a6
2026-10-09 02:16:16.263681,11007.0,10,1g.11gb,,,,580.178.04,GPU-d59cb1c4-ad97-d91a-6731-e7b5f38951a6
2026-10-09 02:16:16.263681,11008.0,11,1g.11gb,gpt2-inference-5d8458fb46-zdp9n,default,gpt2,580.178.04,GPU-d59cb1c4-ad97-d91a-6731-e7b5f38951a6
2026-10-09 02:16:16.263681,11007.0,12,1g.11gb,,,,580.178.04,GPU-d59cb1c4-ad97-d91a-6731-e7b5f38951a6
2026-10-09 02:16:16.263681,11008.0,13,1g.11gb,gpt2-inference-5d8458fb46-8g29c,default,gpt2,580.178.04,GPU-d59cb1c4-ad97-d91a-6731-e7b5f38951a6
2026-10-09 02:16:16.263681,11007.0,7,1g.11gb,,,,580.178.04,GPU-d59cb1c4-ad97-d91a-6731-e7b5f38951a6
2026-10-09 02:16:16.263681,11007.0,8,1g.11gb,,,,580.178.04,GPU-d59cb1c4-ad97-d91a-6731-e7b5f38951a6
2026-10-09 02:16:16.263681,11007.0,9,1g.11gb,,,,580.178.04,GPU-d59cb1c4-ad97-d91a-6731-e7b5f38951a6
2026-10-09 02:16:21.263794,11007.0,10,1g.11gb,,,,580.178.04,GPU-d59cb1c4-ad97-d91a-6731-e7b5f38951a6
2026-10-09 02:16:21.263794,11008.0,11,1g.11gb,gpt2-inference-5d8458fb46-zdp9n,default,gpt2,580.178.04,GPU-d59cb1c4-ad97-d91a-6731-e7b5f38951a6
2026-10-09 02:16:21.263794,11007.0,12,1g.11gb,,,,580.178.04,GPU-d59cb1c4-ad97-d91a-6731-e7b5f38951a6
2026-10-09 02:16:21.263794,11008.0,13,1g.11gb,gpt2-inference-5d8458fb46-8g29c,default,gpt2,580.178.04,GPU-d59cb1c4-ad97-d91a-6731-e7b5f38951a6
2026-10-09 02:16:21.263794,11007.0,7,1g.11gb,,,,580.178.04,GPU-d59cb1c4-ad97-d91a-6731-e7b5f38951a6
2026-10-09 02:16:21.263794,11007.0,8,1g.11gb,,,,580.178.04,GPU-d59cb1c4-ad97-d91a-6731-e7b5f38951a6
2026-10-09 02:16:21.263794,11007.0,9,1g.11gb,,,,580.178.04,GPU-d59cb1c4-ad97-d91a-6731-e7b5f38951a6
2026-10-09 02:16:26.259300,11007.0,10,1g.11gb,,,,580.178.04,GPU-d59cb1c4-ad97-d91a-6731-e7b5f38951a6
2026-10-09 02:16:26.259300,11008.0,11,1g.11gb,gpt2-inference-5d8458fb46-zdp9n,default,gpt2,580.178.04,GPU-d59cb1c4-ad97-d91a-6731-e7b5f38951a6
2026-10-09 02:16:26.259300,11007.0,12,1g.11gb,,,,580.178.04,GPU-d59cb1c4-ad97-d91a-6731-e7b5f38951a6
2026-10-09 02:16:26.259300,11008.0,13,1g.11gb,gpt2-inference-5d8458fb46-8g29c,default,gpt2,580.178.04,GPU-d59cb1c4-ad97-d91a-6731-e7b5f38951a6
2026-10-09 02:16:26.259300,11007.0,7,1g.11gb,,,,580.178.04,GPU-d59cb1c4-ad97-d91a-6731-e7b5f38951a6
2026-10-09 02:16:26.259300,11007.0,8,1g.11gb,,,,580.178.04,GPU-d59cb1c4-ad97-d91a-6731-e7b5f38951a6
2026-10-09 02:16:26.259300,11007.0,9,1g.11gb,,,,580.178.04,GPU-d59cb1c4-ad97-d91a-6731-e7b5f38951a6
2026-10-09 02:16:31.264164,11007.0,10,1g.11gb,,,,580.178.04,GPU-d59cb1c4-ad97-d91a-6731-e7b5f38951a6
2026-10-09 02:16:31.264164,11008.0,11,1g.11gb,gpt2-inference-5d8458fb46-zdp9n,default,gpt2,580.178.04,GPU-d59cb1c4-ad97-d91a-6731-e7b5f38951a6
2026-10-09 02:16:31.264164,11007.0,12,1g.11gb,,,,580.178.04,GPU-d59cb1c4-ad97-d91a-6731-e7b5f38951a6
2026-10-09 02:16:31.264164,11008.0,13,1g.11gb,gpt2-inference-5d8458fb46-8g29c,default,gpt2,580.178.04,GPU-d59cb1c4-ad97-d91a-6731-e7b5f38951a6
2026-10-09 02:16:31.264164,11007.0,7,1g.11gb,,,,580.178.04,GPU-d59cb1c4-ad97-d91a-6731-e7b5f38951a6
2026-10-09 02:16:31.264164,11007.0,8,1g.11gb,,,,580.178.04,GPU-d59cb1c4-ad97-d91a-6731-e7b5f38951a6
2026-10-09 02:16:31.264164,11007.0,9,1g.11gb,,,,580.178.04,GPU-d59cb1c4-ad97-d91a-6731-e7b5f38951a6
2026-10-09 02:16:36.264159,11007.0,10,1g.11gb,,,,580.178.04,GPU-d59cb1c4-ad97-d91a-6731-e7b5f38951a6
2026-10-09 02:16:36.264159,11008.0,11,1g.11gb,gpt2-inference-5d8458fb46-zdp9n,default,gpt2,580.178.04,GPU-d59cb1c4-ad97-d91a-6731-e7b5f38951a6
2026-10-09 02:16:36.264159,11007.0,12,1g.11gb,,,,580.178.04,GPU-d59cb1c4-ad97-d91a-6731-e7b5f38951a6
2026-10-09 02:16:36.264159,11008.0,13,1g.11gb,gpt2-inference-5d8458fb46-8g29c,default,gpt2,580.178.04,GPU-d59cb1c4-ad97-d91a-6731-e7b5f38951a6
2026-10-09 02:16:36.264159,11007.0,7,1g.11gb,,,,580.178.04,GPU-d59cb1c4-ad97-d91a-6731-e7b5f38951a6
2026-10-09 02:16:36.264159,11007.0,8,1g.11gb,,,,580.178.04,GPU-d59cb1c4-ad97-d91a-6731-e7b5f38951a6
2026-10-09 02:16:36.264159,11007.0,9,1g.11gb,,,,580.178.04,GPU-d59cb1c4-ad97-d91a-6731-e7b5f38951a6
2026-10-09 02:16:41.263411,11007.0,10,1g.11gb,,,,580.178.04,GPU-d59cb1c4-ad97-d91a-6731-e7b5f38951a6
2026-10-09 02:16:41.263411,11008.0,11,1g.11gb,gpt2-inference-5d8458fb46-zdp9n,default,gpt2,580.178.04,GPU-d59cb1c4-ad97-d91a-6731-e7b5f38951a6
2026-10-09 02:16:41.263411,11007.0,12,1g.11gb,,,,580.178.04,GPU-d59cb1c4-ad97-d91a-6731-e7b5f38951a6
2026-10-09 02:16:41.263411,11008.0,13,1g.11gb,gpt2-inference-5d8458fb46-8g29c,default,gpt2,580.178.04,GPU-d59cb1c4-ad97-d91a-6731-e7b5f38951a6
2026-10-09 02:16:41.263411,11007.0,7,1g.11gb,,,,580.178.04,GPU-d59cb1c4-ad97-d91a-6731-e7b5f38951a6
2026-10-09 02:16:41.263411,11007.0,8,1g.11gb,,,,580.178.04,GPU-d59cb1c4-ad97-d91a-6731-e7b5f38951a6
2026-10-09 02:16:41.263411,11007.0,9,1g.11gb,,,,580.178.04,GPU-d59cb1c4-ad97-d91a-6731-e7b5f38951a6
2026-10-09 02:16:46.260001,11007.0,10,1g.11gb,,,,580.178.04,GPU-d59cb1c4-ad97-d91a-6731-e7b5f38951a6
2026-10-09 02:16:46.260001,11008.0,11,1g.11gb,gpt2-inference-5d8458fb46-zdp9n,default,gpt2,580.178.04,GPU-d59cb1c4-ad97-d91a-6731-e7b5f38951a6
2026-10-09 02:16:46.260001,11007.0,12,1g.11gb,,,,580.178.04,GPU-d59cb1c4-ad97-d91a-6731-e7b5f38951a6
2026-10-09 02:16:46.260001,11008.0,13,1g.11gb,gpt2-inference-5d8458fb46-8g29c,default,gpt2,580.178.04,GPU-d59cb1c4-ad97-d91a-6731-e7b5f38951a6
2026-10-09 02:16:46.260001,11007.0,7,1g.11gb,,,,580.178.04,GPU-d59cb1c4-ad97-d91a-6731-e7b5f38951a6
2026-10-09 02:16:46.260001,11007.0,8,1g.11gb,,,,580.178.04,GPU-d59cb1c4-ad97-d91a-6731-e7b5f38951a6
2026-10-09 02:16:46.260001,11007.0,9,1g.11gb,,,,580.178.04,GPU-d59cb1c4-ad97-d91a-6731-e7b5f38951a6
2026-10-09 02:16:51.264192,11007.0,10,1g.11gb,,,,580.178.04,GPU-d59cb1c4-ad97-d91a-6731-e7b5f38951a6
2026-10-09 02:16:51.264192,11008.0,11,1g.11gb,gpt2-inference-5d8458fb46-zdp9n,default,gpt2,580.178.04,GPU-d59cb1c4-ad97-d91a-6731-e7b5f38951a6
2026-10-09 02:16:51.264192,11007.0,12,1g.11gb,,,,580.178.04,GPU-d59cb1c4-ad97-d91a-6731-e7b5f38951a6
2026-10-09 02:16:51.264192,11008.0,13,1g.11gb,gpt2-inference-5d8458fb46-8g29c,default,gpt2,580.178.04,GPU-d59cb1c4-ad97-d91a-6731-e7b5f38951a6
2026-10-09 02:16:51.264192,11007.0,7,1g.11gb,,,,580.178.04,GPU-d59cb1c4-ad97-d91a-6731-e7b5f38951a6
2026-10-09 02:16:51.264192,11007.0,8,1g.11gb,,,,580.178.04,GPU-d59cb1c4-ad97-d91a-6731-e7b5f38951a6
2026-10-09 02:16:51.264192,11007.0,9,1g.11gb,,,,580.178.04,GPU-d59cb1c4-ad97-d91a-6731-e7b5f38951a6
2026-10-09 02:16:56.264174,11007.0,10,1g.11gb,,,,580.178.04,GPU-d59cb1c4-ad97-d91a-6731-e7b5f38951a6
2026-10-09 02:16:56.264174,11008.0,11,1g.11gb,gpt2-inference-5d8458fb46-zdp9n,default,gpt2,580.178.04,GPU-d59cb1c4-ad97-d91a-6731-e7b5f38951a6
2026-10-09 02:16:56.264174,11007.0,12,1g.11gb,,,,580.178.04,GPU-d59cb1c4-ad97-d91a-6731-e7b5f38951a6
2026-10-09 02:16:56.264174,11008.0,13,1g.11gb,gpt2-inference-5d8458fb46-8g29c,default,gpt2,580.178.04,GPU-d59cb1c4-ad97-d91a-6731-e7b5f38951a6
2026-10-09 02:16:56.264174,11007.0,7,1g.11gb,,,,580.178.04,GPU-d59cb1c4-ad97-d91a-6731-e7b5f38951a6
2026-10-09 02:16:56.264174,11007.0,8,1g.11gb,,,,580.178.04,GPU-d59cb1c4-ad97-d91a-6731-e7b5f38951a6
2026-10-09 02:16:56.264174,11007.0,9,1g.11gb,,,,580.178.04,GPU-d59cb1c4-ad97-d91a-6731-e7b5f38951a6
2026-10-09 02:17:01.264165,11007.0,10,1g.11gb,,,,580.178.04,GPU-d59cb1c4-ad97-d91a-6731-e7b5f38951a6
2026-10-09 02:17:01.264165,11008.0,11,1g.11gb,gpt2-inference-5d8458fb46-zdp9n,default,gpt2,580.178.04,GPU-d59cb1c4-ad97-d91a-6731-e7b5f38951a6
2026-10-09 02:17:01.264165,11007.0,12,1g.11gb,,,,580.178.04,GPU-d59cb1c4-ad97-d91a-6731-e7b5f38951a6
2026-10-09 02:17:01.264165,11008.0,13,1g.11gb,gpt2-inference-5d8458fb46-8g29c,default,gpt2,580.178.04,GPU-d59cb1c4-ad97-d91a-6731-e7b5f38951a6
2026-10-09 02:17:01.264165,11007.0,7,1g.11gb,,,,580.178.04,GPU-d59cb1c4-ad97-d91a-6731-e7b5f38951a6
2026-10-09 02:17:01.264165,11007.0,8,1g.11gb,,,,580.178.04,GPU-d59cb1c4-ad97-d91a-6731-e7b5f38951a6
2026-10-09 02:17:01.264165,11007.0,9,1g.11gb,,,,580.178.04,GPU-d59cb1c4-ad97-d91a-6731-e7b5f38951a6
2026-10-09 02:17:06.260025,11007.0,10,1g.11gb,,,,580.178.04,GPU-d59cb1c4-ad97-d91a-6731-e7b5f38951a6
2026-10-09 02:17:06.260025,11008.0,11,1g.11gb,gpt2-inference-5d8458fb46-zdp9n,default,gpt2,580.178.04,GPU-d59cb1c4-ad97-d91a-6731-e7b5f38951a6
2026-10-09 02:17:06.260025,11007.0,12,1g.11gb,,,,580.178.04,GPU-d59cb1c4-ad97-d91a-6731-e7b5f38951a6
2026-10-09 02:17:06.260025,11008.0,13,1g.11gb,gpt2-inference-5d8458fb46-8g29c,default,gpt2,580.178.04,GPU-d59cb1c4-ad97-d91a-6731-e7b5f38951a6
2026-10-09 02:17:06.260025,11007.0,7,1g.11gb,,,,580.178.04,GPU-d59cb1c4-ad97-d91a-6731-e7b5f38951a6
2026-10-09 02:17:06.260025,11007.0,8,1g.11gb,,,,580.178.04,GPU-d59cb1c4-ad97-d91a-6731-e7b5f38951a6
2026-10-09 02:17:06.260025,11007.0,9,1g.11gb,,,,580.178.04,GPU-d59cb1c4-ad97-d91a-6731-e7b5f38951a6
2026-10-09 02:17:11.264167,11007.0,10,1g.11gb,,,,580.178.04,GPU-d59cb1c4-ad97-d91a-6731-e7b5f38951a6
2026-10-09 02:17:11.264167,11008.0,11,1g.11gb,gpt2-inference-5d8458fb46-zdp9n,default,gpt2,580.178.04,GPU-d59cb1c4-ad97-d91a-6731-e7b5f38951a6
2026-10-09 02:17:11.264167,11007.0,12,1g.11gb,,,,580.178.04,GPU-d59cb1c4-ad97-d91a-6731-e7b5f38951a6
2026-10-09 02:17:11.264167,11008.0,13,1g.11gb,gpt2-inference-5d8458fb46-8g29c,default,gpt2,580.178.04,GPU-d59cb1c4-ad97-d91a-6731-e7b5f38951a6
2026-10-09 02:17:11.264167,11007.0,7,1g.11gb,,,,580.178.04,GPU-d59cb1c4-ad97-d91a-6731-e7b5f38951a6
2026-10-09 02:17:11.264167,11007.0,8,1g.11gb,,,,580.178.04,GPU-d59cb1c4-ad97-d91a-6731-e7b5f38951a6
2026-10-09 02:17:11.264167,11007.0,9,1g.11gb,,,,580.178.04,GPU-d59cb1c4-ad97-d91a-6731-e7b5f38951a6
2026-10-09 02:17:16.259431,11007.0,10,1g.11gb,,,,580.178.04,GPU-d59cb1c4-ad97-d91a-6731-e7b5f38951a6
2026-10-09 02:17:16.259431,11008.0,11,1g.11gb,gpt2-inference-5d8458fb46-zdp9n,default,gpt2,580.178.04,GPU-d59cb1c4-ad97-d91a-6731-e7b5f38951a6
2026-10-09 02:17:16.259431,11007.0,12,1g.11gb,,,,580.178.04,GPU-d59cb1c4-ad97-d91a-6731-e7b5f38951a6
2026-10-09 02:17:16.259431,11008.0,13,1g.11gb,gpt2-inference-5d8458fb46-8g29c,default,gpt2,580.178.04,GPU-d59cb1c4-ad97-d91a-6731-e7b5f38951a6
2026-10-09 02:17:16.259431,11007.0,7,1g.11gb,,,,580.178.04,GPU-d59cb1c4-ad97-d91a-6731-e7b5f38951a6
2026-10-09 02:17:16.259431,11007.0,8,1g.11gb,,,,580.178.04,GPU-d59cb1c4-ad97-d91a-6731-e7b5f38951a6
2026-10-09 02:17:16.259431,11007.0,9,1g.11gb,,,,580.178.04,GPU-d59cb1c4-ad97-d91a-6731-e7b5f38951a6
2026-10-09 02:17:21.264170,11007.0,10,1g.11gb,,,,580.178.04,GPU-d59cb1c4-ad97-d91a-6731-e7b5f38951a6
2026-10-09 02:17:21.264170,11008.0,11,1g.11gb,gpt2-inference-5d8458fb46-zdp9n,default,gpt2,580.178.04,GPU-d59cb1c4-ad97-d91a-6731-e7b5f38951a6
2026-10-09 02:17:21.264170,11007.0,12,1g.11gb,,,,580.178.04,GPU-d59cb1c4-ad97-d91a-6731-e7b5f38951a6
2026-10-09 02:17:21.264170,11008.0,13,1g.11gb,gpt2-inference-5d8458fb46-8g29c,default,gpt2,580.178.04,GPU-d59cb1c4-ad97-d91a-6731-e7b5f38951a6
2026-10-09 02:17:21.264170,11007.0,7,1g.11gb,,,,580.178.04,GPU-d59cb1c4-ad97-d91a-6731-e7b5f38951a6
2026-10-09 02:17:21.264170,11007.0,8,1g.11gb,,,,580.178.04,GPU-d59cb1c4-ad97-d91a-6731-e7b5f38951a6
2026-10-09 02:17:21.264170,11007.0,9,1g.11gb,,,,580.178.04,GPU-d59cb1c4-ad97-d91a-6731-e7b5f38951a6
2026-10-09 02:17:26.261430,11007.0,10,1g.11gb,,,,580.178.04,GPU-d59cb1c4-ad97-d91a-6731-e7b5f38951a6
2026-10-09 02:17:26.261430,11008.0,11,1g.11gb,gpt2-inference-5d8458fb46-zdp9n,default,gpt2,580.178.04,GPU-d59cb1c4-ad97-d91a-6731-e7b5f38951a6
2026-10-09 02:17:26.261430,11007.0,12,1g.11gb,,,,580.178.04,GPU-d59cb1c4-ad97-d91a-6731-e7b5f38951a6
2026-10-09 02:17:26.261430,11008.0,13,1g.11gb,gpt2-inference-5d8458fb46-8g29c,default,gpt2,580.178.04,GPU-d59cb1c4-ad97-d91a-6731-e7b5f38951a6
2026-10-09 02:17:26.261430,11007.0,7,1g.11gb,,,,580.178.04,GPU-d59cb1c4-ad97-d91a-6731-e7b5f38951a6
2026-10-09 02:17:26.261430,11007.0,8,1g.11gb,,,,580.178.04,GPU-d59cb1c4-ad97-d91a-6731-e7b5f38951a6
2026-10-09 02:17:26.261430,11007.0,9,1g.11gb,,,,580.178.04,GPU-d59cb1c4-ad97-d91a-6731-e7b5f38951a6
2026-10-09 02:17:31.263809,11007.0,10,1g.11gb,,,,580.178.04,GPU-d59cb1c4-ad97-d91a-6731-e7b5f38951a6
2026-10-09 02:17:31.263809,11008.0,11,1g.11gb,gpt2-inference-5d8458fb46-zdp9n,default,gpt2,580.178.04,GPU-d59cb1c4-ad97-d91a-6731-e7b5f38951a6
2026-10-09 02:17:31.263809,11007.0,12,1g.11gb,,,,580.178.04,GPU-d59cb1c4-ad97-d91a-6731-e7b5f38951a6
2026-10-09 02:17:31.263809,11008.0,13,1g.11gb,gpt2-inference-5d8458fb46-8g29c,default,gpt2,580.178.04,GPU-d59cb1c4-ad97-d91a-6731-e7b5f38951a6
2026-10-09 02:17:31.263809,11007.0,7,1g.11gb,,,,580.178.04,GPU-d59cb1c4-ad97-d91a-6731-e7b5f38951a6
2026-10-09 02:17:31.263809,11007.0,8,1g.11gb,,,,580.178.04,GPU-d59cb1c4-ad97-d91a-6731-e7b5f38951a6
2026-10-09 02:17:31.263809,11007.0,9,1g.11gb,,,,580.178.04,GPU-d59cb1c4-ad97-d91a-6731-e7b5f38951a6
2026-10-09 02:17:36.264171,11007.0,10,1g.11gb,,,,580.178.04,GPU-d59cb1c4-ad97-d91a-6731-e7b5f38951a6
2026-10-09 02:17:36.264171,11008.0,11,1g.11gb,gpt2-inference-5d8458fb46-zdp9n,default,gpt2,580.178.04,GPU-d59cb1c4-ad97-d91a-6731-e7b5f38951a6
2026-10-09 02:17:36.264171,11007.0,12,1g.11gb,,,,580.178.04,GPU-d59cb1c4-ad97-d91a-6731-e7b5f38951a6
2026-10-09 02:17:36.264171,11008.0,13,1g.11gb,gpt2-inference-5d8458fb46-8g29c,default,gpt2,580.178.04,GPU-d59cb1c4-ad97-d91a-6731-e7b5f38951a6
2026-10-09 02:17:36.264171,11007.0,7,1g.11gb,,,,580.178.04,GPU-d59cb1c4-ad97-d91a-6731-e7b5f38951a6
2026-10-09 02:17:36.264171,11007.0,8,1g.11gb,,,,580.178.04,GPU-d59cb1c4-ad97-d91a-6731-e7b5f38951a6
2026-10-09 02:17:36.264171,11007.0,9,1g.11gb,,,,580.178.04,GPU-d59cb1c4-ad97-d91a-6731-e7b5f38951a6
2026-10-09 02:17:41.262288,11007.0,10,1g.11gb,,,,580.178.04,GPU-d59cb1c4-ad97-d91a-6731-e7b5f38951a6
2026-10-09 02:17:41.262288,11008.0,11,1g.11gb,gpt2-inference-5d8458fb46-zdp9n,default,gpt2,580.178.04,GPU-d59cb1c4-ad97-d91a-6731-e7b5f38951a6
2026-10-09 02:17:41.262288,11007.0,12,1g.11gb,,,,580.178.04,GPU-d59cb1c4-ad97-d91a-6731-e7b5f38951a6
2026-10-09 02:17:41.262288,11008.0,13,1g.11gb,gpt2-inference-5d8458fb46-8g29c,default,gpt2,580.178.04,GPU-d59cb1c4-ad97-d91a-6731-e7b5f38951a6
2026-10-09 02:17:41.262288,11007.0,7,1g.11gb,,,,580.178.04,GPU-d59cb1c4-ad97-d91a-6731-e7b5f38951a6
2026-10-09 02:17:41.262288,11007.0,8,1g.11gb,,,,580.178.04,GPU-d59cb1c4-ad97-d91a-6731-e7b5f38951a6
2026-10-09 02:17:41.262288,11007.0,9,1g.11gb,,,,580.178.04,GPU-d59cb1c4-ad97-d91a-6731-e7b5f38951a6
2026-10-09 02:17:46.260430,11007.0,10,1g.11gb,,,,580.178.04,GPU-d59cb1c4-ad97-d91a-6731-e7b5f38951a6
2026-10-09 02:17:46.260430,11008.0,11,1g.11gb,gpt2-inference-5d8458fb46-zdp9n,default,gpt2,580.178.04,GPU-d59cb1c4-ad97-d91a-6731-e7b5f38951a6
2026-10-09 02:17:46.260430,11007.0,12,1g.11gb,,,,580.178.04,GPU-d59cb1c4-ad97-d91a-6731-e7b5f38951a6
2026-10-09 02:17:46.260430,11008.0,13,1g.11gb,gpt2-inference-5d8458fb46-8g29c,default,gpt2,580.178.04,GPU-d59cb1c4-ad97-d91a-6731-e7b5f38951a6
2026-10-09 02:17:46.260430,11007.0,7,1g.11gb,,,,580.178.04,GPU-d59cb1c4-ad97-d91a-6731-e7b5f38951a6
2026-10-09 02:17:46.260430,11007.0,8,1g.11gb,,,,580.178.04,GPU-d59cb1c4-ad97-d91a-6731-e7b5f38951a6
2026-10-09 02:17:46.260430,11007.0,9,1g.11gb,,,,580.178.04,GPU-d59cb1c4-ad97-d91a-6731-e7b5f38951a6
2026-10-09 02:17:51.264167,11007.0,10,1g.11gb,,,,580.178.04,GPU-d59cb1c4-ad97-d91a-6731-e7b5f38951a6
2026-10-09 02:17:51.264167,11008.0,11,1g.11gb,gpt2-inference-5d8458fb46-zdp9n,default,gpt2,580.178.04,GPU-d59cb1c4-ad97-d91a-6731-e7b5f38951a6
2026-10-09 02:17:51.264167,11007.0,12,1g.11gb,,,,580.178.04,GPU-d59cb1c4-ad97-d91a-6731-e7b5f38951a6
2026-10-09 02:17:51.264167,11008.0,13,1g.11gb,gpt2-inference-5d8458fb46-8g29c,default,gpt2,580.178.04,GPU-d59cb1c4-ad97-d91a-6731-e7b5f38951a6
2026-10-09 02:17:51.264167,11007.0,7,1g.11gb,,,,580.178.04,GPU-d59cb1c4-ad97-d91a-6731-e7b5f38951a6
2026-10-09 02:17:51.264167,11007.0,8,1g.11gb,,,,580.178.04,GPU-d59cb1c4-ad97-d91a-6731-e7b5f38951a6
2026-10-09 02:17:51.264167,11007.0,9,1g.11gb,,,,580.178.04,GPU-d59cb1c4-ad97-d91a-6731-e7b5f38951a6
2026-10-09 02:17:56.263954,11007.0,10,1g.11gb,,,,580.178.04,GPU-d59cb1c4-ad97-d91a-6731-e7b5f38951a6
2026-10-09 02:17:56.263954,11008.0,11,1g.11gb,gpt2-inference-5d8458fb46-zdp9n,default,gpt2,580.178.04,GPU-d59cb1c4-ad97-d91a-6731-e7b5f38951a6
2026-10-09 02:17:56.263954,11007.0,12,1g.11gb,,,,580.178.04,GPU-d59cb1c4-ad97-d91a-6731-e7b5f38951a6
2026-10-09 02:17:56.263954,11008.0,13,1g.11gb,gpt2-inference-5d8458fb46-8g29c,default,gpt2,580.178.04,GPU-d59cb1c4-ad97-d91a-6731-e7b5f38951a6
2026-10-09 02:17:56.263954,11007.0,7,1g.11gb,,,,580.178.04,GPU-d59cb1c4-ad97-d91a-6731-e7b5f38951a6
2026-10-09 02:17:56.263954,11007.0,8,1g.11gb,,,,580.178.04,GPU-d59cb1c4-ad97-d91a-6731-e7b5f38951a6
2026-10-09 02:17:56.263954,11007.0,9,1g.11gb,,,,580.178.04,GPU-d59cb1c4-ad97-d91a-6731-e7b5f38951a6
2026-10-09 02:18:01.263486,11007.0,10,1g.11gb,,,,580.178.04,GPU-d59cb1c4-ad97-d91a-6731-e7b5f38951a6
2026-10-09 02:18:01.263486,11008.0,11,1g.11gb,gpt2-inference-5d8458fb46-zdp9n,default,gpt2,580.178.04,GPU-d59cb1c4-ad97-d91a-6731-e7b5f38951a6
2026-10-09 02:18:01.263486,11007.0,12,1g.11gb,,,,580.178.04,GPU-d59cb1c4-ad97-d91a-6731-e7b5f38951a6
2026-10-09 02:18:01.263486,11008.0,13,1g.11gb,gpt2-inference-5d8458fb46-8g29c,default,gpt2,580.178.04,GPU-d59cb1c4-ad97-d91a-6731-e7b5f38951a6
2026-10-09 02:18:01.263486,11007.0,7,1g.11gb,,,,580.178.04,GPU-d59cb1c4-ad97-d91a-6731-e7b5f38951a6
2026-10-09 02:18:01.263486,11007.0,8,1g.11gb,,,,580.178.04,GPU-d59cb1c4-ad97-d91a-6731-e7b5f38951a6
2026-10-09 02:18:01.263486,11007.0,9,1g.11gb,,,,580.178.04,GPU-d59cb1c4-ad97-d91a-6731-e7b5f38951a6
2026-10-09 02:18:06.264138,11007.0,10,1g.11gb,,,,580.178.04,GPU-d59cb1c4-ad97-d91a-6731-e7b5f38951a6
2026-10-09 02:18:06.264138,11008.0,11,1g.11gb,gpt2-inference-5d8458fb46-zdp9n,default,gpt2,580.178.04,GPU-d59cb1c4-ad97-d91a-6731-e7b5f38951a6
2026-10-09 02:18:06.264138,11007.0,12,1g.11gb,,,,580.178.04,GPU-d59cb1c4-ad97-d91a-6731-e7b5f38951a6
2026-10-09 02:18:06.264138,11008.0,13,1g.11gb,gpt2-inference-5d8458fb46-8g29c,default,gpt2,580.178.04,GPU-d59cb1c4-ad97-d91a-6731-e7b5f38951a6
2026-10-09 02:18:06.264138,11007.0,7,1g.11gb,,,,580.178.04,GPU-d59cb1c4-ad97-d91a-6731-e7b5f38951a6
2026-10-09 02:18:06.264138,11007.0,8,1g.11gb,,,,580.178.04,GPU-d59cb1c4-ad97-d91a-6731-e7b5f38951a6
2026-10-09 02:18:06.264138,11007.0,9,1g.11gb,,,,580.178.04,GPU-d59cb1c4-ad97-d91a-6731-e7b5f38951a6
2026-10-09 02:18:11.264166,11007.0,10,1g.11gb,,,,580.178.04,GPU-d59cb1c4-ad97-d91a-6731-e7b5f38951a6
2026-10-09 02:18:11.264166,11008.0,11,1g.11gb,gpt2-inference-5d8458fb46-zdp9n,default,gpt2,580.178.04,GPU-d59cb1c4-ad97-d91a-6731-e7b5f38951a6
2026-10-09 02:18:11.264166,11007.0,12,1g.11gb,,,,580.178.04,GPU-d59cb1c4-ad97-d91a-6731-e7b5f38951a6
2026-10-09 02:18:11.264166,11008.0,13,1g.11gb,gpt2-inference-5d8458fb46-8g29c,default,gpt2,580.178.04,GPU-d59cb1c4-ad97-d91a-6731-e7b5f38951a6
2026-10-09 02:18:11.264166,11007.0,7,1g.11gb,,,,580.178.04,GPU-d59cb1c4-ad97-d91a-6731-e7b5f38951a6
2026-10-09 02:18:11.264166,11007.0,8,1g.11gb,,,,580.178.04,GPU-d59cb1c4-ad97-d91a-6731-e7b5f38951a6
2026-10-09 02:18:11.264166,11007.0,9,1g.11gb,,,,580.178.04,GPU-d59cb1c4-ad97-d91a-6731-e7b5f38951a6
2026-10-09 02:18:16.264162,11007.0,10,1g.11gb,,,,580.178.04,GPU-d59cb1c4-ad97-d91a-6731-e7b5f38951a6
2026-10-09 02:18:16.264162,11008.0,11,1g.11gb,gpt2-inference-5d8458fb46-zdp9n,default,gpt2,580.178.04,GPU-d59cb1c4-ad97-d91a-6731-e7b5f38951a6
2026-10-09 02:18:16.264162,11007.0,12,1g.11gb,,,,580.178.04,GPU-d59cb1c4-ad97-d91a-6731-e7b5f38951a6
2026-10-09 02:18:16.264162,11008.0,13,1g.11gb,gpt2-inference-5d8458fb46-8g29c,default,gpt2,580.178.04,GPU-d59cb1c4-ad97-d91a-6731-e7b5f38951a6
2026-10-09 02:18:16.264162,11007.0,7,1g.11gb,,,,580.178.04,GPU-d59cb1c4-ad97-d91a-6731-e7b5f38951a6
2026-10-09 02:18:16.264162,11007.0,8,1g.11gb,,,,580.178.04,GPU-d59cb1c4-ad97-d91a-6731-e7b5f38951a6
2026-10-09 02:18:16.264162,11007.0,9,1g.11gb,,,,580.178.04,GPU-d59cb1c4-ad97-d91a-6731-e7b5f38951a6
2026-10-09 02:18:21.264167,11007.0,10,1g.11gb,,,,580.178.04,GPU-d59cb1c4-ad97-d91a-6731-e7b5f38951a6
2026-10-09 02:18:21.264167,11008.0,11,1g.11gb,gpt2-inference-5d8458fb46-zdp9n,default,gpt2,580.178.04,GPU-d59cb1c4-ad97-d91a-6731-e7b5f38951a6
2026-10-09 02:18:21.264167,11007.0,12,1g.11gb,,,,580.178.04,GPU-d59cb1c4-ad97-d91a-6731-e7b5f38951a6
2026-10-09 02:18:21.264167,11008.0,13,1g.11gb,gpt2-inference-5d8458fb46-8g29c,default,gpt2,580.178.04,GPU-d59cb1c4-ad97-d91a-6731-e7b5f38951a6
2026-10-09 02:18:21.264167,11007.0,7,1g.11gb,,,,580.178.04,GPU-d59cb1c4-ad97-d91a-6731-e7b5f38951a6
2026-10-09 02:18:21.264167,11007.0,8,1g.11gb,,,,580.178.04,GPU-d59cb1c4-ad97-d91a-6731-e7b5f38951a6
2026-10-09 02:18:21.264167,11007.0,9,1g.11gb,,,,580.178.04,GPU-d59cb1c4-ad97-d91a-6731-e7b5f38951a6
2026-10-09 02:18:26.259693,11007.0,10,1g.11gb,,,,580.178.04,GPU-d59cb1c4-ad97-d91a-6731-e7b5f38951a6
2026-10-09 02:18:26.259693,11008.0,11,1g.11gb,gpt2-inference-5d8458fb46-zdp9n,default,gpt2,580.178.04,GPU-d59cb1c4-ad97-d91a-6731-e7b5f38951a6
2026-10-09 02:18:26.259693,11007.0,12,1g.11gb,,,,580.178.04,GPU-d59cb1c4-ad97-d91a-6731-e7b5f38951a6
2026-10-09 02:18:26.259693,11008.0,13,1g.11gb,gpt2-inference-5d8458fb46-8g29c,default,gpt2,580.178.04,GPU-d59cb1c4-ad97-d91a-6731-e7b5f38951a6
2026-10-09 02:18:26.259693,11007.0,7,1g.11gb,,,,580.178.04,GPU-d59cb1c4-ad97-d91a-6731-e7b5f38951a6
2026-10-09 02:18:26.259693,11007.0,8,1g.11gb,,,,580.178.04,GPU-d59cb1c4-ad97-d91a-6731-e7b5f38951a6
2026-10-09 02:18:26.259693,11007.0,9,1g.11gb,,,,580.178.04,GPU-d59cb1c4-ad97-d91a-6731-e7b5f38951a6
2026-10-09 02:18:31.264160,11007.0,10,1g.11gb,,,,580.178.04,GPU-d59cb1c4-ad97-d91a-6731-e7b5f38951a6
2026-10-09 02:18:31.264160,11008.0,11,1g.11gb,gpt2-inference-5d8458fb46-zdp9n,default,gpt2,580.178.04,GPU-d59cb1c4-ad97-d91a-6731-e7b5f38951a6
2026-10-09 02:18:31.264160,11007.0,12,1g.11gb,,,,580.178.04,GPU-d59cb1c4-ad97-d91a-6731-e7b5f38951a6
2026-10-09 02:18:31.264160,11008.0,13,1g.11gb,gpt2-inference-5d8458fb46-8g29c,default,gpt2,580.178.04,GPU-d59cb1c4-ad97-d91a-6731-e7b5f38951a6
2026-10-09 02:18:31.264160,11007.0,7,1g.11gb,,,,580.178.04,GPU-d59cb1c4-ad97-d91a-6731-e7b5f38951a6
2026-10-09 02:18:31.264160,11007.0,8,1g.11gb,,,,580.178.04,GPU-d59cb1c4-ad97-d91a-6731-e7b5f38951a6
2026-10-09 02:18:31.264160,11007.0,9,1g.11gb,,,,580.178.04,GPU-d59cb1c4-ad97-d91a-6731-e7b5f38951a6
2026-10-09 02:18:36.261641,11007.0,10,1g.11gb,,,,580.178.04,GPU-d59cb1c4-ad97-d91a-6731-e7b5f38951a6
2026-10-09 02:18:36.261641,11008.0,11,1g.11gb,gpt2-inference-5d8458fb46-zdp9n,default,gpt2,580.178.04,GPU-d59cb1c4-ad97-d91a-6731-e7b5f38951a6
2026-10-09 02:18:36.261641,11007.0,12,1g.11gb,,,,580.178.04,GPU-d59cb1c4-ad97-d91a-6731-e7b5f38951a6
2026-10-09 02:18:36.261641,11008.0,13,1g.11gb,gpt2-inference-5d8458fb46-8g29c,default,gpt2,580.178.04,GPU-d59cb1c4-ad97-d91a-6731-e7b5f38951a6
2026-10-09 02:18:36.261641,11007.0,7,1g.11gb,,,,580.178.04,GPU-d59cb1c4-ad97-d91a-6731-e7b5f38951a6
2026-10-09 02:18:36.261641,11007.0,8,1g.11gb,,,,580.178.04,GPU-d59cb1c4-ad97-d91a-6731-e7b5f38951a6
2026-10-09 02:18:36.261641,11007.0,9,1g.11gb,,,,580.178.04,GPU-d59cb1c4-ad97-d91a-6731-e7b5f38951a6
2026-10-09 02:18:41.262920,11007.0,10,1g.11gb,,,,580.178.04,GPU-d59cb1c4-ad97-d91a-6731-e7b5f38951a6
2026-10-09 02:18:41.262920,11008.0,11,1g.11gb,gpt2-inference-5d8458fb46-zdp9n,default,gpt2,580.178.04,GPU-d59cb1c4-ad97-d91a-6731-e7b5f38951a6
2026-10-09 02:18:41.262920,11007.0,12,1g.11gb,,,,580.178.04,GPU-d59cb1c4-ad97-d91a-6731-e7b5f38951a6
2026-10-09 02:18:41.262920,11008.0,13,1g.11gb,gpt2-inference-5d8458fb46-8g29c,default,gpt2,580.178.04,GPU-d59cb1c4-ad97-d91a-6731-e7b5f38951a6
2026-10-09 02:18:41.262920,11007.0,7,1g.11gb,,,,580.178.04,GPU-d59cb1c4-ad97-d91a-6731-e7b5f38951a6
2026-10-09 02:18:41.262920,11007.0,8,1g.11gb,,,,580.178.04,GPU-d59cb1c4-ad97-d91a-6731-e7b5f38951a6
2026-10-09 02:18:41.262920,11007.0,9,1g.11gb,,,,580.178.04,GPU-d59cb1c4-ad97-d91a-6731-e7b5f38951a6
2026-10-09 02:18:46.264117,11007.0,10,1g.11gb,,,,580.178.04,GPU-d59cb1c4-ad97-d91a-6731-e7b5f38951a6
2026-10-09 02:18:46.264117,11008.0,11,1g.11gb,gpt2-inference-5d8458fb46-zdp9n,default,gpt2,580.178.04,GPU-d59cb1c4-ad97-d91a-6731-e7b5f38951a6
2026-10-09 02:18:46.264117,11007.0,12,1g.11gb,,,,580.178.04,GPU-d59cb1c4-ad97-d91a-6731-e7b5f38951a6
2026-10-09 02:18:46.264117,11008.0,13,1g.11gb,gpt2-inference-5d8458fb46-8g29c,default,gpt2,580.178.04,GPU-d59cb1c4-ad97-d91a-6731-e7b5f38951a6
2026-10-09 02:18:46.264117,11007.0,7,1g.11gb,,,,580.178.04,GPU-d59cb1c4-ad97-d91a-6731-e7b5f38951a6
2026-10-09 02:18:46.264117,11007.0,8,1g.11gb,,,,580.178.04,GPU-d59cb1c4-ad97-d91a-6731-e7b5f38951a6
2026-10-09 02:18:46.264117,11007.0,9,1g.11gb,,,,580.178.04,GPU-d59cb1c4-ad97-d91a-6731-e7b5f38951a6
2026-10-09 02:18:51.263653,11007.0,10,1g.11gb,,,,580.178.04,GPU-d59cb1c4-ad97-d91a-6731-e7b5f38951a6
2026-10-09 02:18:51.263653,11008.0,11,1g.11gb,gpt2-inference-5d8458fb46-zdp9n,default,gpt2,580.178.04,GPU-d59cb1c4-ad97-d91a-6731-e7b5f38951a6
2026-10-09 02:18:51.263653,11007.0,12,1g.11gb,,,,580.178.04,GPU-d59cb1c4-ad97-d91a-6731-e7b5f38951a6
2026-10-09 02:18:51.263653,11008.0,13,1g.11gb,gpt2-inference-5d8458fb46-8g29c,default,gpt2,580.178.04,GPU-d59cb1c4-ad97-d91a-6731-e7b5f38951a6
2026-10-09 02:18:51.263653,11007.0,7,1g.11gb,,,,580.178.04,GPU-d59cb1c4-ad97-d91a-6731-e7b5f38951a6
2026-10-09 02:18:51.263653,11007.0,8,1g.11gb,,,,580.178.04,GPU-d59cb1c4-ad97-d91a-6731-e7b5f38951a6
2026-10-09 02:18:51.263653,11007.0,9,1g.11gb,,,,580.178.04,GPU-d59cb1c4-ad97-d91a-6731-e7b5f38951a6
2026-10-09 02:18:56.260152,11007.0,10,1g.11gb,,,,580.178.04,GPU-d59cb1c4-ad97-d91a-6731-e7b5f38951a6
2026-10-09 02:18:56.260152,11008.0,11,1g.11gb,gpt2-inference-5d8458fb46-zdp9n,default,gpt2,580.178.04,GPU-d59cb1c4-ad97-d91a-6731-e7b5f38951a6
2026-10-09 02:18:56.260152,11007.0,12,1g.11gb,,,,580.178.04,GPU-d59cb1c4-ad97-d91a-6731-e7b5f38951a6
2026-10-09 02:18:56.260152,11008.0,13,1g.11gb,gpt2-inference-5d8458fb46-8g29c,default,gpt2,580.178.04,GPU-d59cb1c4-ad97-d91a-6731-e7b5f38951a6
2026-10-09 02:18:56.260152,11007.0,7,1g.11gb,,,,580.178.04,GPU-d59cb1c4-ad97-d91a-6731-e7b5f38951a6
2026-10-09 02:18:56.260152,11007.0,8,1g.11gb,,,,580.178.04,GPU-d59cb1c4-ad97-d91a-6731-e7b5f38951a6
2026-10-09 02:18:56.260152,11007.0,9,1g.11gb,,,,580.178.04,GPU-d59cb1c4-ad97-d91a-6731-e7b5f38951a6
2026-10-09 02:19:01.263182,11007.0,10,1g.11gb,,,,580.178.04,GPU-d59cb1c4-ad97-d91a-6731-e7b5f38951a6
2026-10-09 02:19:01.263182,11008.0,11,1g.11gb,gpt2-inference-5d8458fb46-zdp9n,default,gpt2,580.178.04,GPU-d59cb1c4-ad97-d91a-6731-e7b5f38951a6
2026-10-09 02:19:01.263182,11007.0,12,1g.11gb,,,,580.178.04,GPU-d59cb1c4-ad97-d91a-6731-e7b5f38951a6
2026-10-09 02:19:01.263182,11008.0,13,1g.11gb,gpt2-inference-5d8458fb46-8g29c,default,gpt2,580.178.04,GPU-d59cb1c4-ad97-d91a-6731-e7b5f38951a6
2026-10-09 02:19:01.263182,11007.0,7,1g.11gb,,,,580.178.04,GPU-d59cb1c4-ad97-d91a-6731-e7b5f38951a6
2026-10-09 02:19:01.263182,11007.0,8,1g.11gb,,,,580.178.04,GPU-d59cb1c4-ad97-d91a-6731-e7b5f38951a6
2026-10-09 02:19:01.263182,11007.0,9,1g.11gb,,,,580.178.04,GPU-d59cb1c4-ad97-d91a-6731-e7b5f38951a6
2026-10-09 02:19:06.259383,11007.0,10,1g.11gb,,,,580.178.04,GPU-d59cb1c4-ad97-d91a-6731-e7b5f38951a6
2026-10-09 02:19:06.259383,11008.0,11,1g.11gb,gpt2-inference-5d8458fb46-zdp9n,default,gpt2,580.178.04,GPU-d59cb1c4-ad97-d91a-6731-e7b5f38951a6
2026-10-09 02:19:06.259383,11007.0,12,1g.11gb,,,,580.178.04,GPU-d59cb1c4-ad97-d91a-6731-e7b5f38951a6
2026-10-09 02:19:06.259383,11008.0,13,1g.11gb,gpt2-inference-5d8458fb46-8g29c,default,gpt2,580.178.04,GPU-d59cb1c4-ad97-d91a-6731-e7b5f38951a6
2026-10-09 02:19:06.259383,11007.0,7,1g.11gb,,,,580.178.04,GPU-d59cb1c4-ad97-d91a-6731-e7b5f38951a6
2026-10-09 02:19:06.259383,11007.0,8,1g.11gb,,,,580.178.04,GPU-d59cb1c4-ad97-d91a-6731-e7b5f38951a6
2026-10-09 02:19:06.259383,11007.0,9,1g.11gb,,,,580.178.04,GPU-d59cb1c4-ad97-d91a-6731-e7b5f38951a6
2026-10-09 02:19:11.264151,11007.0,10,1g.11gb,,,,580.178.04,GPU-d59cb1c4-ad97-d91a-6731-e7b5f38951a6
2026-10-09 02:19:11.264151,11008.0,11,1g.11gb,gpt2-inference-5d8458fb46-zdp9n,default,gpt2,580.178.04,GPU-d59cb1c4-ad97-d91a-6731-e7b5f38951a6
2026-10-09 02:19:11.264151,11007.0,12,1g.11gb,,,,580.178.04,GPU-d59cb1c4-ad97-d91a-6731-e7b5f38951a6
2026-10-09 02:19:11.264151,11008.0,13,1g.11gb,gpt2-inference-5d8458fb46-8g29c,default,gpt2,580.178.04,GPU-d59cb1c4-ad97-d91a-6731-e7b5f38951a6
2026-10-09 02:19:11.264151,11007.0,7,1g.11gb,,,,580.178.04,GPU-d59cb1c4-ad97-d91a-6731-e7b5f38951a6
2026-10-09 02:19:11.264151,11007.0,8,1g.11gb,,,,580.178.04,GPU-d59cb1c4-ad97-d91a-6731-e7b5f38951a6
2026-10-09 02:19:11.264151,11007.0,9,1g.11gb,,,,580.178.04,GPU-d59cb1c4-ad97-d91a-6731-e7b5f38951a6
2026-10-09 02:19:16.262570,11007.0,10,1g.11gb,,,,580.178.04,GPU-d59cb1c4-ad97-d91a-6731-e7b5f38951a6
2026-10-09 02:19:16.262570,11008.0,11,1g.11gb,gpt2-inference-5d8458fb46-zdp9n,default,gpt2,580.178.04,GPU-d59cb1c4-ad97-d91a-6731-e7b5f38951a6
2026-10-09 02:19:16.262570,11007.0,12,1g.11gb,,,,580.178.04,GPU-d59cb1c4-ad97-d91a-6731-e7b5f38951a6
2026-10-09 02:19:16.262570,11008.0,13,1g.11gb,gpt2-inference-5d8458fb46-8g29c,default,gpt2,580.178.04,GPU-d59cb1c4-ad97-d91a-6731-e7b5f38951a6
2026-10-09 02:19:16.262570,11007.0,7,1g.11gb,,,,580.178.04,GPU-d59cb1c4-ad97-d91a-6731-e7b5f38951a6
2026-10-09 02:19:16.262570,11007.0,8,1g.11gb,,,,580.178.04,GPU-d59cb1c4-ad97-d91a-6731-e7b5f38951a6
2026-10-09 02:19:16.262570,11007.0,9,1g.11gb,,,,580.178.04,GPU-d59cb1c4-ad97-d91a-6731-e7b5f38951a6
2026-10-09 02:19:21.263886,11007.0,10,1g.11gb,,,,580.178.04,GPU-d59cb1c4-ad97-d91a-6731-e7b5f38951a6
2026-10-09 02:19:21.263886,11008.0,11,1g.11gb,gpt2-inference-5d8458fb46-zdp9n,default,gpt2,580.178.04,GPU-d59cb1c4-ad97-d91a-6731-e7b5f38951a6
2026-10-09 02:19:21.263886,11007.0,12,1g.11gb,,,,580.178.04,GPU-d59cb1c4-ad97-d91a-6731-e7b5f38951a6
2026-10-09 02:19:21.263886,11008.0,13,1g.11gb,gpt2-inference-5d8458fb46-8g29c,default,gpt2,580.178.04,GPU-d59cb1c4-ad97-d91a-6731-e7b5f38951a6
2026-10-09 02:19:21.263886,11007.0,7,1g.11gb,,,,580.178.04,GPU-d59cb1c4-ad97-d91a-6731-e7b5f38951a6
2026-10-09 02:19:21.263886,11007.0,8,1g.11gb,,,,580.178.04,GPU-d59cb1c4-ad97-d91a-6731-e7b5f38951a6
2026-10-09 02:19:21.263886,11007.0,9,1g.11gb,,,,580.178.04,GPU-d59cb1c4-ad97-d91a-6731-e7b5f38951a6
2026-10-09 02:19:26.259966,11007.0,10,1g.11gb,,,,580.178.04,GPU-d59cb1c4-ad97-d91a-6731-e7b5f38951a6
2026-10-09 02:19:26.259966,11008.0,11,1g.11gb,gpt2-inference-5d8458fb46-zdp9n,default,gpt2,580.178.04,GPU-d59cb1c4-ad97-d91a-6731-e7b5f38951a6
2026-10-09 02:19:26.259966,11007.0,12,1g.11gb,,,,580.178.04,GPU-d59cb1c4-ad97-d91a-6731-e7b5f38951a6
2026-10-09 02:19:26.259966,11008.0,13,1g.11gb,gpt2-inference-5d8458fb46-8g29c,default,gpt2,580.178.04,GPU-d59cb1c4-ad97-d91a-6731-e7b5f38951a6
2026-10-09 02:19:26.259966,11007.0,7,1g.11gb,,,,580.178.04,GPU-d59cb1c4-ad97-d91a-6731-e7b5f38951a6
2026-10-09 02:19:26.259966,11007.0,8,1g.11gb,,,,580.178.04,GPU-d59cb1c4-ad97-d91a-6731-e7b5f38951a6
2026-10-09 02:19:26.259966,11007.0,9,1g.11gb,,,,580.178.04,GPU-d59cb1c4-ad97-d91a-6731-e7b5f38951a6
2026-10-09 02:19:31.259375,11007.0,10,1g.11gb,,,,580.178.04,GPU-d59cb1c4-ad97-d91a-6731-e7b5f38951a6
2026-10-09 02:19:31.259375,11008.0,11,1g.11gb,gpt2-inference-5d8458fb46-zdp9n,default,gpt2,580.178.04,GPU-d59cb1c4-ad97-d91a-6731-e7b5f38951a6
2026-10-09 02:19:31.259375,11007.0,12,1g.11gb,,,,580.178.04,GPU-d59cb1c4-ad97-d91a-6731-e7b5f38951a6
2026-10-09 02:19:31.259375,11008.0,13,1g.11gb,gpt2-inference-5d8458fb46-8g29c,default,gpt2,580.178.04,GPU-d59cb1c4-ad97-d91a-6731-e7b5f38951a6
2026-10-09 02:19:31.259375,11007.0,7,1g.11gb,,,,580.178.04,GPU-d59cb1c4-ad97-d91a-6731-e7b5f38951a6
2026-10-09 02:19:31.259375,11007.0,8,1g.11gb,,,,580.178.04,GPU-d59cb1c4-ad97-d91a-6731-e7b5f38951a6
2026-10-09 02:19:31.259375,11007.0,9,1g.11gb,,,,580.178.04,GPU-d59cb1c4-ad97-d91a-6731-e7b5f38951a6
2026-10-09 02:19:36.264164,11007.0,10,1g.11gb,,,,580.178.04,GPU-d59cb1c4-ad97-d91a-6731-e7b5f38951a6
2026-10-09 02:19:36.264164,11008.0,11,1g.11gb,gpt2-inference-5d8458fb46-zdp9n,default,gpt2,580.178.04,GPU-d59cb1c4-ad97-d91a-6731-e7b5f38951a6
2026-10-09 02:19:36.264164,11007.0,12,1g.11gb,,,,580.178.04,GPU-d59cb1c4-ad97-d91a-6731-e7b5f38951a6
2026-10-09 02:19:36.264164,11008.0,13,1g.11gb,gpt2-inference-5d8458fb46-8g29c,default,gpt2,580.178.04,GPU-d59cb1c4-ad97-d91a-6731-e7b5f38951a6
2026-10-09 02:19:36.264164,11007.0,7,1g.11gb,,,,580.178.04,GPU-d59cb1c4-ad97-d91a-6731-e7b5f38951a6
2026-10-09 02:19:36.264164,11007.0,8,1g.11gb,,,,580.178.04,GPU-d59cb1c4-ad97-d91a-6731-e7b5f38951a6
2026-10-09 02:19:36.264164,11007.0,9,1g.11gb,,,,580.178.04,GPU-d59cb1c4-ad97-d91a-6731-e7b5f38951a6
2026-10-09 02:19:41.262191,11007.0,10,1g.11gb,,,,580.178.04,GPU-d59cb1c4-ad97-d91a-6731-e7b5f38951a6
2026-10-09 02:19:41.262191,11008.0,11,1g.11gb,gpt2-inference-5d8458fb46-zdp9n,default,gpt2,580.178.04,GPU-d59cb1c4-ad97-d91a-6731-e7b5f38951a6
2026-10-09 02:19:41.262191,11007.0,12,1g.11gb,,,,580.178.04,GPU-d59cb1c4-ad97-d91a-6731-e7b5f38951a6
2026-10-09 02:19:41.262191,11008.0,13,1g.11gb,gpt2-inference-5d8458fb46-8g29c,default,gpt2,580.178.04,GPU-d59cb1c4-ad97-d91a-6731-e7b5f38951a6
2026-10-09 02:19:41.262191,11007.0,7,1g.11gb,,,,580.178.04,GPU-d59cb1c4-ad97-d91a-6731-e7b5f38951a6
2026-10-09 02:19:41.262191,11007.0,8,1g.11gb,,,,580.178.04,GPU-d59cb1c4-ad97-d91a-6731-e7b5f38951a6
2026-10-09 02:19:41.262191,11007.0,9,1g.11gb,,,,580.178.04,GPU-d59cb1c4-ad97-d91a-6731-e7b5f38951a6
2026-10-09 02:19:46.259638,11007.0,10,1g.11gb,,,,580.178.04,GPU-d59cb1c4-ad97-d91a-6731-e7b5f38951a6
2026-10-09 02:19:46.259638,11008.0,11,1g.11gb,gpt2-inference-5d8458fb46-zdp9n,default,gpt2,580.178.04,GPU-d59cb1c4-ad97-d91a-6731-e7b5f38951a6
2026-10-09 02:19:46.259638,11007.0,12,1g.11gb,,,,580.178.04,GPU-d59cb1c4-ad97-d91a-6731-e7b5f38951a6
2026-10-09 02:19:46.259638,11008.0,13,1g.11gb,gpt2-inference-5d8458fb46-8g29c,default,gpt2,580.178.04,GPU-d59cb1c4-ad97-d91a-6731-e7b5f38951a6
2026-10-09 02:19:46.259638,11007.0,7,1g.11gb,,,,580.178.04,GPU-d59cb1c4-ad97-d91a-6731-e7b5f38951a6
2026-10-09 02:19:46.259638,11007.0,8,1g.11gb,,,,580.178.04,GPU-d59cb1c4-ad97-d91a-6731-e7b5f38951a6
2026-10-09 02:19:46.259638,11007.0,9,1g.11gb,,,,580.178.04,GPU-d59cb1c4-ad97-d91a-6731-e7b5f38951a6
2026-10-09 02:19:51.262210,11007.0,10,1g.11gb,,,,580.178.04,GPU-d59cb1c4-ad97-d91a-6731-e7b5f38951a6
2026-10-09 02:19:51.262210,11008.0,11,1g.11gb,gpt2-inference-5d8458fb46-zdp9n,default,gpt2,580.178.04,GPU-d59cb1c4-ad97-d91a-6731-e7b5f38951a6
2026-10-09 02:19:51.262210,11007.0,12,1g.11gb,,,,580.178.04,GPU-d59cb1c4-ad97-d91a-6731-e7b5f38951a6
2026-10-09 02:19:51.262210,11008.0,13,1g.11gb,gpt2-inference-5d8458fb46-8g29c,default,gpt2,580.178.04,GPU-d59cb1c4-ad97-d91a-6731-e7b5f38951a6
2026-10-09 02:19:51.262210,11007.0,7,1g.11gb,,,,580.178.04,GPU-d59cb1c4-ad97-d91a-6731-e7b5f38951a6
2026-10-09 02:19:51.262210,11007.0,8,1g.11gb,,,,580.178.04,GPU-d59cb1c4-ad97-d91a-6731-e7b5f38951a6
2026-10-09 02:19:51.262210,11007.0,9,1g.11gb,,,,580.178.04,GPU-d59cb1c4-ad97-d91a-6731-e7b5f38951a6
2026-10-09 02:19:56.259577,11007.0,10,1g.11gb,,,,580.178.04,GPU-d59cb1c4-ad97-d91a-6731-e7b5f38951a6
2026-10-09 02:19:56.259577,11008.0,11,1g.11gb,gpt2-inference-5d8458fb46-zdp9n,default,gpt2,580.178.04,GPU-d59cb1c4-ad97-d91a-6731-e7b5f38951a6
2026-10-09 02:19:56.259577,11007.0,12,1g.11gb,,,,580.178.04,GPU-d59cb1c4-ad97-d91a-6731-e7b5f38951a6
2026-10-09 02:19:56.259577,11008.0,13,1g.11gb,gpt2-inference-5d8458fb46-8g29c,default,gpt2,580.178.04,GPU-d59cb1c4-ad97-d91a-6731-e7b5f38951a6
2026-10-09 02:19:56.259577,11007.0,7,1g.11gb,,,,580.178.04,GPU-d59cb1c4-ad97-d91a-6731-e7b5f38951a6
2026-10-09 02:19:56.259577,11007.0,8,1g.11gb,,,,580.178.04,GPU-d59cb1c4-ad97-d91a-6731-e7b5f38951a6
2026-10-09 02:19:56.259577,11007.0,9,1g.11gb,,,,580.178.04,GPU-d59cb1c4-ad97-d91a-6731-e7b5f38951a6
2026-10-09 02:20:01.264158,11007.0,10,1g.11gb,,,,580.178.04,GPU-d59cb1c4-ad97-d91a-6731-e7b5f38951a6
2026-10-09 02:20:01.264158,11008.0,11,1g.11gb,gpt2-inference-5d8458fb46-zdp9n,default,gpt2,580.178.04,GPU-d59cb1c4-ad97-d91a-6731-e7b5f38951a6
2026-10-09 02:20:01.264158,11007.0,12,1g.11gb,,,,580.178.04,GPU-d59cb1c4-ad97-d91a-6731-e7b5f38951a6
2026-10-09 02:20:01.264158,11008.0,13,1g.11gb,gpt2-inference-5d8458fb46-8g29c,default,gpt2,580.178.04,GPU-d59cb1c4-ad97-d91a-6731-e7b5f38951a6
2026-10-09 02:20:01.264158,11007.0,7,1g.11gb,,,,580.178.04,GPU-d59cb1c4-ad97-d91a-6731-e7b5f38951a6
2026-10-09 02:20:01.264158,11007.0,8,1g.11gb,,,,580.178.04,GPU-d59cb1c4-ad97-d91a-6731-e7b5f38951a6
2026-10-09 02:20:01.264158,11007.0,9,1g.11gb,,,,580.178.04,GPU-d59cb1c4-ad97-d91a-6731-e7b5f38951a6
2026-10-09 02:20:06.264281,11007.0,10,1g.11gb,,,,580.178.04,GPU-d59cb1c4-ad97-d91a-6731-e7b5f38951a6
2026-10-09 02:20:06.264281,11008.0,11,1g.11gb,gpt2-inference-5d8458fb46-zdp9n,default,gpt2,580.178.04,GPU-d59cb1c4-ad97-d91a-6731-e7b5f38951a6
2026-10-09 02:20:06.264281,11007.0,12,1g.11gb,,,,580.178.04,GPU-d59cb1c4-ad97-d91a-6731-e7b5f38951a6
2026-10-09 02:20:06.264281,11008.0,13,1g.11gb,gpt2-inference-5d8458fb46-8g29c,default,gpt2,580.178.04,GPU-d59cb1c4-ad97-d91a-6731-e7b5f38951a6
2026-10-09 02:20:06.264281,11007.0,7,1g.11gb,,,,580.178.04,GPU-d59cb1c4-ad97-d91a-6731-e7b5f38951a6
2026-10-09 02:20:06.264281,11007.0,8,1g.11gb,,,,580.178.04,GPU-d59cb1c4-ad97-d91a-6731-e7b5f38951a6
2026-10-09 02:20:06.264281,11007.0,9,1g.11gb,,,,580.178.04,GPU-d59cb1c4-ad97-d91a-6731-e7b5f38951a6
2026-10-09 02:20:11.260100,11007.0,10,1g.11gb,,,,580.178.04,GPU-d59cb1c4-ad97-d91a-6731-e7b5f38951a6
2026-10-09 02:20:11.260100,11008.0,11,1g.11gb,gpt2-inference-5d8458fb46-zdp9n,default,gpt2,580.178.04,GPU-d59cb1c4-ad97-d91a-6731-e7b5f38951a6
2026-10-09 02:20:11.260100,11007.0,12,1g.11gb,,,,580.178.04,GPU-d59cb1c4-ad97-d91a-6731-e7b5f38951a6
2026-10-09 02:20:11.260100,11008.0,13,1g.11gb,gpt2-inference-5d8458fb46-8g29c,default,gpt2,580.178.04,GPU-d59cb1c4-ad97-d91a-6731-e7b5f38951a6
2026-10-09 02:20:11.260100,11007.0,7,1g.11gb,,,,580.178.04,GPU-d59cb1c4-ad97-d91a-6731-e7b5f38951a6
2026-10-09 02:20:11.260100,11007.0,8,1g.11gb,,,,580.178.04,GPU-d59cb1c4-ad97-d91a-6731-e7b5f38951a6
2026-10-09 02:20:11.260100,11007.0,9,1g.11gb,,,,580.178.04,GPU-d59cb1c4-ad97-d91a-6731-e7b5f38951a6
2026-10-09 02:20:16.259779,11007.0,10,1g.11gb,,,,580.178.04,GPU-d59cb1c4-ad97-d91a-6731-e7b5f38951a6
2026-10-09 02:20:16.259779,11008.0,11,1g.11gb,gpt2-inference-5d8458fb46-zdp9n,default,gpt2,580.178.04,GPU-d59cb1c4-ad97-d91a-6731-e7b5f38951a6
2026-10-09 02:20:16.259779,11007.0,12,1g.11gb,,,,580.178.04,GPU-d59cb1c4-ad97-d91a-6731-e7b5f38951a6
2026-10-09 02:20:16.259779,11008.0,13,1g.11gb,gpt2-inference-5d8458fb46-8g29c,default,gpt2,580.178.04,GPU-d59cb1c4-ad97-d91a-6731-e7b5f38951a6
2026-10-09 02:20:16.259779,11007.0,7,1g.11gb,,,,580.178.04,GPU-d59cb1c4-ad97-d91a-6731-e7b5f38951a6
2026-10-09 02:20:16.259779,11007.0,8,1g.11gb,,,,580.178.04,GPU-d59cb1c4-ad97-d91a-6731-e7b5f38951a6
2026-10-09 02:20:16.259779,11007.0,9,1g.11gb,,,,580.178.04,GPU-d59cb1c4-ad97-d91a-6731-e7b5f38951a6
2026-10-09 02:20:21.261078,11007.0,10,1g.11gb,,,,580.178.04,GPU-d59cb1c4-ad97-d91a-6731-e7b5f38951a6
2026-10-09 02:20:21.261078,11008.0,11,1g.11gb,gpt2-inference-5d8458fb46-zdp9n,default,gpt2,580.178.04,GPU-d59cb1c4-ad97-d91a-6731-e7b5f38951a6
2026-10-09 02:20:21.261078,11007.0,12,1g.11gb,,,,580.178.04,GPU-d59cb1c4-ad97-d91a-6731-e7b5f38951a6
2026-10-09 02:20:21.261078,11008.0,13,1g.11gb,gpt2-inference-5d8458fb46-8g29c,default,gpt2,580.178.04,GPU-d59cb1c4-ad97-d91a-6731-e7b5f38951a6
2026-10-09 02:20:21.261078,11007.0,7,1g.11gb,,,,580.178.04,GPU-d59cb1c4-ad97-d91a-6731-e7b5f38951a6
2026-10-09 02:20:21.261078,11007.0,8,1g.11gb,,,,580.178.04,GPU-d59cb1c4-ad97-d91a-6731-e7b5f38951a6
2026-10-09 02:20:21.261078,11007.0,9,1g.11gb,,,,580.178.04,GPU-d59cb1c4-ad97-d91a-6731-e7b5f38951a6
2026-10-09 02:20:26.264129,11007.0,10,1g.11gb,,,,580.178.04,GPU-d59cb1c4-ad97-d91a-6731-e7b5f38951a6
2026-10-09 02:20:26.264129,11008.0,11,1g.11gb,gpt2-inference-5d8458fb46-zdp9n,default,gpt2,580.178.04,GPU-d59cb1c4-ad97-d91a-6731-e7b5f38951a6
2026-10-09 02:20:26.264129,11007.0,12,1g.11gb,,,,580.178.04,GPU-d59cb1c4-ad97-d91a-6731-e7b5f38951a6
2026-10-09 02:20:26.264129,11008.0,13,1g.11gb,gpt2-inference-5d8458fb46-8g29c,default,gpt2,580.178.04,GPU-d59cb1c4-ad97-d91a-6731-e7b5f38951a6
2026-10-09 02:20:26.264129,11007.0,7,1g.11gb,,,,580.178.04,GPU-d59cb1c4-ad97-d91a-6731-e7b5f38951a6
2026-10-09 02:20:26.264129,11007.0,8,1g.11gb,,,,580.178.04,GPU-d59cb1c4-ad97-d91a-6731-e7b5f38951a6
2026-10-09 02:20:26.264129,11007.0,9,1g.11gb,,,,580.178.04,GPU-d59cb1c4-ad97-d91a-6731-e7b5f38951a6
2026-10-09 02:20:31.262406,11007.0,10,1g.11gb,,,,580.178.04,GPU-d59cb1c4-ad97-d91a-6731-e7b5f38951a6
2026-10-09 02:20:31.262406,11008.0,11,1g.11gb,gpt2-inference-5d8458fb46-zdp9n,default,gpt2,580.178.04,GPU-d59cb1c4-ad97-d91a-6731-e7b5f38951a6
2026-10-09 02:20:31.262406,11007.0,12,1g.11gb,,,,580.178.04,GPU-d59cb1c4-ad97-d91a-6731-e7b5f38951a6
2026-10-09 02:20:31.262406,11008.0,13,1g.11gb,gpt2-inference-5d8458fb46-8g29c,default,gpt2,580.178.04,GPU-d59cb1c4-ad97-d91a-6731-e7b5f38951a6
2026-10-09 02:20:31.262406,11007.0,7,1g.11gb,,,,580.178.04,GPU-d59cb1c4-ad97-d91a-6731-e7b5f38951a6
2026-10-09 02:20:31.262406,11007.0,8,1g.11gb,,,,580.178.04,GPU-d59cb1c4-ad97-d91a-6731-e7b5f38951a6
2026-10-09 02:20:31.262406,11007.0,9,1g.11gb,,,,580.178.04,GPU-d59cb1c4-ad97-d91a-6731-e7b5f38951a6
2026-10-09 02:20:36.263936,11007.0,10,1g.11gb,,,,580.178.04,GPU-d59cb1c4-ad97-d91a-6731-e7b5f38951a6
2026-10-09 02:20:36.263936,11008.0,11,1g.11gb,gpt2-inference-5d8458fb46-zdp9n,default,gpt2,580.178.04,GPU-d59cb1c4-ad97-d91a-6731-e7b5f38951a6
2026-10-09 02:20:36.263936,11007.0,12,1g.11gb,,,,580.178.04,GPU-d59cb1c4-ad97-d91a-6731-e7b5f38951a6
2026-10-09 02:20:36.263936,11008.0,13,1g.11gb,gpt2-inference-5d8458fb46-8g29c,default,gpt2,580.178.04,GPU-d59cb1c4-ad97-d91a-6731-e7b5f38951a6
2026-10-09 02:20:36.263936,11007.0,7,1g.11gb,,,,580.178.04,GPU-d59cb1c4-ad97-d91a-6731-e7b5f38951a6
2026-10-09 02:20:36.263936,11007.0,8,1g.11gb,,,,580.178.04,GPU-d59cb1c4-ad97-d91a-6731-e7b5f38951a6
2026-10-09 02:20:36.263936,11007.0,9,1g.11gb,,,,580.178.04,GPU-d59cb1c4-ad97-d91a-6731-e7b5f38951a6
2026-10-09 02:20:41.262237,11007.0,10,1g.11gb,,,,580.178.04,GPU-d59cb1c4-ad97-d91a-6731-e7b5f38951a6
2026-10-09 02:20:41.262237,11008.0,11,1g.11gb,gpt2-inference-5d8458fb46-zdp9n,default,gpt2,580.178.04,GPU-d59cb1c4-ad97-d91a-6731-e7b5f38951a6
2026-10-09 02:20:41.262237,11007.0,12,1g.11gb,,,,580.178.04,GPU-d59cb1c4-ad97-d91a-6731-e7b5f38951a6
2026-10-09 02:20:41.262237,11008.0,13,1g.11gb,gpt2-inference-5d8458fb46-8g29c,default,gpt2,580.178.04,GPU-d59cb1c4-ad97-d91a-6731-e7b5f38951a6
2026-10-09 02:20:41.262237,11007.0,7,1g.11gb,,,,580.178.04,GPU-d59cb1c4-ad97-d91a-6731-e7b5f38951a6
2026-10-09 02:20:41.262237,11007.0,8,1g.11gb,,,,580.178.04,GPU-d59cb1c4-ad97-d91a-6731-e7b5f38951a6
2026-10-09 02:20:41.262237,11007.0,9,1g.11gb,,,,580.178.04,GPU-d59cb1c4-ad97-d91a-6731-e7b5f38951a6
2026-10-09 02:20:46.264171,11007.0,10,1g.11gb,,,,580.178.04,GPU-d59cb1c4-ad97-d91a-6731-e7b5f38951a6
2026-10-09 02:20:46.264171,11008.0,11,1g.11gb,gpt2-inference-5d8458fb46-zdp9n,default,gpt2,580.178.04,GPU-d59cb1c4-ad97-d91a-6731-e7b5f38951a6
2026-10-09 02:20:46.264171,11007.0,12,1g.11gb,,,,580.178.04,GPU-d59cb1c4-ad97-d91a-6731-e7b5f38951a6
2026-10-09 02:20:46.264171,11008.0,13,1g.11gb,gpt2-inference-5d8458fb46-8g29c,default,gpt2,580.178.04,GPU-d59cb1c4-ad97-d91a-6731-e7b5f38951a6
2026-10-09 02:20:46.264171,11007.0,7,1g.11gb,,,,580.178.04,GPU-d59cb1c4-ad97-d91a-6731-e7b5f38951a6
2026-10-09 02:20:46.264171,11007.0,8,1g.11gb,,,,580.178.04,GPU-d59cb1c4-ad97-d91a-6731-e7b5f38951a6
2026-10-09 02:20:46.264171,11007.0,9,1g.11gb,,,,580.178.04,GPU-d59cb1c4-ad97-d91a-6731-e7b5f38951a6
2026-10-09 02:20:51.261755,11007.0,10,1g.11gb,,,,580.178.04,GPU-d59cb1c4-ad97-d91a-6731-e7b5f38951a6
2026-10-09 02:20:51.261755,11008.0,11,1g.11gb,gpt2-inference-5d8458fb46-zdp9n,default,gpt2,580.178.04,GPU-d59cb1c4-ad97-d91a-6731-e7b5f38951a6
2026-10-09 02:20:51.261755,11007.0,12,1g.11gb,,,,580.178.04,GPU-d59cb1c4-ad97-d91a-6731-e7b5f38951a6
2026-10-09 02:20:51.261755,11008.0,13,1g.11gb,gpt2-inference-5d8458fb46-8g29c,default,gpt2,580.178.04,GPU-d59cb1c4-ad97-d91a-6731-e7b5f38951a6
2026-10-09 02:20:51.261755,11007.0,7,1g.11gb,,,,580.178.04,GPU-d59cb1c4-ad97-d91a-6731-e7b5f38951a6
2026-10-09 02:20:51.261755,11007.0,8,1g.11gb,,,,580.178.04,GPU-d59cb1c4-ad97-d91a-6731-e7b5f38951a6
2026-10-09 02:20:51.261755,11007.0,9,1g.11gb,,,,580.178.04,GPU-d59cb1c4-ad97-d91a-6731-e7b5f38951a6
2026-10-09 02:20:56.264250,11007.0,10,1g.11gb,,,,580.178.04,GPU-d59cb1c4-ad97-d91a-6731-e7b5f38951a6
2026-10-09 02:20:56.264250,11008.0,11,1g.11gb,gpt2-inference-5d8458fb46-zdp9n,default,gpt2,580.178.04,GPU-d59cb1c4-ad97-d91a-6731-e7b5f38951a6
2026-10-09 02:20:56.264250,11007.0,12,1g.11gb,,,,580.178.04,GPU-d59cb1c4-ad97-d91a-6731-e7b5f38951a6
2026-10-09 02:20:56.264250,11008.0,13,1g.11gb,gpt2-inference-5d8458fb46-8g29c,default,gpt2,580.178.04,GPU-d59cb1c4-ad97-d91a-6731-e7b5f38951a6
2026-10-09 02:20:56.264250,11007.0,7,1g.11gb,,,,580.178.04,GPU-d59cb1c4-ad97-d91a-6731-e7b5f38951a6
2026-10-09 02:20:56.264250,11007.0,8,1g.11gb,,,,580.178.04,GPU-d59cb1c4-ad97-d91a-6731-e7b5f38951a6
2026-10-09 02:20:56.264250,11007.0,9,1g.11gb,,,,580.178.04,GPU-d59cb1c4-ad97-d91a-6731-e7b5f38951a6
2026-10-09 02:21:01.259672,11007.0,10,1g.11gb,,,,580.178.04,GPU-d59cb1c4-ad97-d91a-6731-e7b5f38951a6
2026-10-09 02:21:01.259672,11008.0,11,1g.11gb,gpt2-inference-5d8458fb46-zdp9n,default,gpt2,580.178.04,GPU-d59cb1c4-ad97-d91a-6731-e7b5f38951a6
2026-10-09 02:21:01.259672,11007.0,12,1g.11gb,,,,580.178.04,GPU-d59cb1c4-ad97-d91a-6731-e7b5f38951a6
2026-10-09 02:21:01.259672,11008.0,13,1g.11gb,gpt2-inference-5d8458fb46-8g29c,default,gpt2,580.178.04,GPU-d59cb1c4-ad97-d91a-6731-e7b5f38951a6
2026-10-09 02:21:01.259672,11007.0,7,1g.11gb,,,,580.178.04,GPU-d59cb1c4-ad97-d91a-6731-e7b5f38951a6
2026-10-09 02:21:01.259672,11007.0,8,1g.11gb,,,,580.178.04,GPU-d59cb1c4-ad97-d91a-6731-e7b5f38951a6
2026-10-09 02:21:01.259672,11007.0,9,1g.11gb,,,,580.178.04,GPU-d59cb1c4-ad97-d91a-6731-e7b5f38951a6
2026-10-09 02:21:06.261244,11007.0,10,1g.11gb,,,,580.178.04,GPU-d59cb1c4-ad97-d91a-6731-e7b5f38951a6
2026-10-09 02:21:06.261244,11008.0,11,1g.11gb,gpt2-inference-5d8458fb46-zdp9n,default,gpt2,580.178.04,GPU-d59cb1c4-ad97-d91a-6731-e7b5f38951a6
2026-10-09 02:21:06.261244,11007.0,12,1g.11gb,,,,580.178.04,GPU-d59cb1c4-ad97-d91a-6731-e7b5f38951a6
2026-10-09 02:21:06.261244,11008.0,13,1g.11gb,gpt2-inference-5d8458fb46-8g29c,default,gpt2,580.178.04,GPU-d59cb1c4-ad97-d91a-6731-e7b5f38951a6
2026-10-09 02:21:06.261244,11007.0,7,1g.11gb,,,,580.178.04,GPU-d59cb1c4-ad97-d91a-6731-e7b5f38951a6
2026-10-09 02:21:06.261244,11007.0,8,1g.11gb,,,,580.178.04,GPU-d59cb1c4-ad97-d91a-6731-e7b5f38951a6
2026-10-09 02:21:06.261244,11007.0,9,1g.11gb,,,,580.178.04,GPU-d59cb1c4-ad97-d91a-6731-e7b5f38951a6
2026-10-09 02:21:11.260405,11007.0,10,1g.11gb,,,,580.178.04,GPU-d59cb1c4-ad97-d91a-6731-e7b5f38951a6
2026-10-09 02:21:11.260405,11008.0,11,1g.11gb,gpt2-inference-5d8458fb46-zdp9n,default,gpt2,580.178.04,GPU-d59cb1c4-ad97-d91a-6731-e7b5f38951a6
2026-10-09 02:21:11.260405,11007.0,12,1g.11gb,,,,580.178.04,GPU-d59cb1c4-ad97-d91a-6731-e7b5f38951a6
2026-10-09 02:21:11.260405,11008.0,13,1g.11gb,gpt2-inference-5d8458fb46-8g29c,default,gpt2,580.178.04,GPU-d59cb1c4-ad97-d91a-6731-e7b5f38951a6
2026-10-09 02:21:11.260405,11007.0,7,1g.11gb,,,,580.178.04,GPU-d59cb1c4-ad97-d91a-6731-e7b5f38951a6
2026-10-09 02:21:11.260405,11007.0,8,1g.11gb,,,,580.178.04,GPU-d59cb1c4-ad97-d91a-6731-e7b5f38951a6
2026-10-09 02:21:11.260405,11007.0,9,1g.11gb,,,,580.178.04,GPU-d59cb1c4-ad97-d91a-6731-e7b5f38951a6
2026-10-09 02:21:16.264296,11007.0,10,1g.11gb,,,,580.178.04,GPU-d59cb1c4-ad97-d91a-6731-e7b5f38951a6
2026-10-09 02:21:16.264296,11008.0,11,1g.11gb,gpt2-inference-5d8458fb46-zdp9n,default,gpt2,580.178.04,GPU-d59cb1c4-ad97-d91a-6731-e7b5f38951a6
2026-10-09 02:21:16.264296,11007.0,12,1g.11gb,,,,580.178.04,GPU-d59cb1c4-ad97-d91a-6731-e7b5f38951a6
2026-10-09 02:21:16.264296,11008.0,13,1g.11gb,gpt2-inference-5d8458fb46-8g29c,default,gpt2,580.178.04,GPU-d59cb1c4-ad97-d91a-6731-e7b5f38951a6
2026-10-09 02:21:16.264296,11007.0,7,1g.11gb,,,,580.178.04,GPU-d59cb1c4-ad97-d91a-6731-e7b5f38951a6
2026-10-09 02:21:16.264296,11007.0,8,1g.11gb,,,,580.178.04,GPU-d59cb1c4-ad97-d91a-6731-e7b5f38951a6
2026-10-09 02:21:16.264296,11007.0,9,1g.11gb,,,,580.178.04,GPU-d59cb1c4-ad97-d91a-6731-e7b5f38951a6
2026-10-09 02:21:21.260943,11007.0,10,1g.11gb,,,,580.178.04,GPU-d59cb1c4-ad97-d91a-6731-e7b5f38951a6
2026-10-09 02:21:21.260943,11008.0,11,1g.11gb,gpt2-inference-5d8458fb46-zdp9n,default,gpt2,580.178.04,GPU-d59cb1c4-ad97-d91a-6731-e7b5f38951a6
2026-10-09 02:21:21.260943,11007.0,12,1g.11gb,,,,580.178.04,GPU-d59cb1c4-ad97-d91a-6731-e7b5f38951a6
2026-10-09 02:21:21.260943,11008.0,13,1g.11gb,gpt2-inference-5d8458fb46-8g29c,default,gpt2,580.178.04,GPU-d59cb1c4-ad97-d91a-6731-e7b5f38951a6
2026-10-09 02:21:21.260943,11007.0,7,1g.11gb,,,,580.178.04,GPU-d59cb1c4-ad97-d91a-6731-e7b5f38951a6
2026-10-09 02:21:21.260943,11007.0,8,1g.11gb,,,,580.178.04,GPU-d59cb1c4-ad97-d91a-6731-e7b5f38951a6
2026-10-09 02:21:21.260943,11007.0,9,1g.11gb,,,,580.178.04,GPU-d59cb1c4-ad97-d91a-6731-e7b5f38951a6
2026-10-09 02:21:26.264148,11007.0,10,1g.11gb,,,,580.178.04,GPU-d59cb1c4-ad97-d91a-6731-e7b5f38951a6
2026-10-09 02:21:26.264148,11008.0,11,1g.11gb,gpt2-inference-5d8458fb46-zdp9n,default,gpt2,580.178.04,GPU-d59cb1c4-ad97-d91a-6731-e7b5f38951a6
2026-10-09 02:21:26.264148,11007.0,12,1g.11gb,,,,580.178.04,GPU-d59cb1c4-ad97-d91a-6731-e7b5f38951a6
2026-10-09 02:21:26.264148,11008.0,13,1g.11gb,gpt2-inference-5d8458fb46-8g29c,default,gpt2,580.178.04,GPU-d59cb1c4-ad97-d91a-6731-e7b5f38951a6
2026-10-09 02:21:26.264148,11007.0,7,1g.11gb,,,,580.178.04,GPU-d59cb1c4-ad97-d91a-6731-e7b5f38951a6
2026-10-09 02:21:26.264148,11007.0,8,1g.11gb,,,,580.178.04,GPU-d59cb1c4-ad97-d91a-6731-e7b5f38951a6
2026-10-09 02:21:26.264148,11007.0,9,1g.11gb,,,,580.178.04,GPU-d59cb1c4-ad97-d91a-6731-e7b5f38951a6
2026-10-09 02:21:31.260700,11007.0,10,1g.11gb,,,,580.178.04,GPU-d59cb1c4-ad97-d91a-6731-e7b5f38951a6
2026-10-09 02:21:31.260700,11008.0,11,1g.11gb,gpt2-inference-5d8458fb46-zdp9n,default,gpt2,580.178.04,GPU-d59cb1c4-ad97-d91a-6731-e7b5f38951a6
2026-10-09 02:21:31.260700,11007.0,12,1g.11gb,,,,580.178.04,GPU-d59cb1c4-ad97-d91a-6731-e7b5f38951a6
2026-10-09 02:21:31.260700,11008.0,13,1g.11gb,gpt2-inference-5d8458fb46-8g29c,default,gpt2,580.178.04,GPU-d59cb1c4-ad97-d91a-6731-e7b5f38951a6
2026-10-09 02:21:31.260700,11007.0,7,1g.11gb,,,,580.178.04,GPU-d59cb1c4-ad97-d91a-6731-e7b5f38951a6
2026-10-09 02:21:31.260700,11007.0,8,1g.11gb,,,,580.178.04,GPU-d59cb1c4-ad97-d91a-6731-e7b5f38951a6
2026-10-09 02:21:31.260700,11007.0,9,1g.11gb,,,,580.178.04,GPU-d59cb1c4-ad97-d91a-6731-e7b5f38951a6
2026-10-09 02:21:36.264160,11007.0,10,1g.11gb,,,,580.178.04,GPU-d59cb1c4-ad97-d91a-6731-e7b5f38951a6
2026-10-09 02:21:36.264160,11008.0,11,1g.11gb,gpt2-inference-5d8458fb46-zdp9n,default,gpt2,580.178.04,GPU-d59cb1c4-ad97-d91a-6731-e7b5f38951a6
2026-10-09 02:21:36.264160,11007.0,12,1g.11gb,,,,580.178.04,GPU-d59cb1c4-ad97-d91a-6731-e7b5f38951a6
2026-10-09 02:21:36.264160,11008.0,13,1g.11gb,gpt2-inference-5d8458fb46-8g29c,default,gpt2,580.178.04,GPU-d59cb1c4-ad97-d91a-6731-e7b5f38951a6
2026-10-09 02:21:36.264160,11007.0,7,1g.11gb,,,,580.178.04,GPU-d59cb1c4-ad97-d91a-6731-e7b5f38951a6
2026-10-09 02:21:36.264160,11007.0,8,1g.11gb,,,,580.178.04,GPU-d59cb1c4-ad97-d91a-6731-e7b5f38951a6
2026-10-09 02:21:36.264160,11007.0,9,1g.11gb,,,,580.178.04,GPU-d59cb1c4-ad97-d91a-6731-e7b5f38951a6
2026-10-09 02:21:41.264162,11007.0,10,1g.11gb,,,,580.178.04,GPU-d59cb1c4-ad97-d91a-6731-e7b5f38951a6
2026-10-09 02:21:41.264162,11008.0,11,1g.11gb,gpt2-inference-5d8458fb46-zdp9n,default,gpt2,580.178.04,GPU-d59cb1c4-ad97-d91a-6731-e7b5f38951a6
2026-10-09 02:21:41.264162,11007.0,12,1g.11gb,,,,580.178.04,GPU-d59cb1c4-ad97-d91a-6731-e7b5f38951a6
2026-10-09 02:21:41.264162,11008.0,13,1g.11gb,gpt2-inference-5d8458fb46-8g29c,default,gpt2,580.178.04,GPU-d59cb1c4-ad97-d91a-6731-e7b5f38951a6
2026-10-09 02:21:41.264162,11007.0,7,1g.11gb,,,,580.178.04,GPU-d59cb1c4-ad97-d91a-6731-e7b5f38951a6
2026-10-09 02:21:41.264162,11007.0,8,1g.11gb,,,,580.178.04,GPU-d59cb1c4-ad97-d91a-6731-e7b5f38951a6
2026-10-09 02:21:41.264162,11007.0,9,1g.11gb,,,,580.178.04,GPU-d59cb1c4-ad97-d91a-6731-e7b5f38951a6
2026-10-09 02:21:46.264199,11007.0,10,1g.11gb,,,,580.178.04,GPU-d59cb1c4-ad97-d91a-6731-e7b5f38951a6
2026-10-09 02:21:46.264199,11008.0,11,1g.11gb,gpt2-inference-5d8458fb46-zdp9n,default,gpt2,580.178.04,GPU-d59cb1c4-ad97-d91a-6731-e7b5f38951a6
2026-10-09 02:21:46.264199,11007.0,12,1g.11gb,,,,580.178.04,GPU-d59cb1c4-ad97-d91a-6731-e7b5f38951a6
2026-10-09 02:21:46.264199,11008.0,13,1g.11gb,gpt2-inference-5d8458fb46-8g29c,default,gpt2,580.178.04,GPU-d59cb1c4-ad97-d91a-6731-e7b5f38951a6
2026-10-09 02:21:46.264199,11007.0,7,1g.11gb,,,,580.178.04,GPU-d59cb1c4-ad97-d91a-6731-e7b5f38951a6
2026-10-09 02:21:46.264199,11007.0,8,1g.11gb,,,,580.178.04,GPU-d59cb1c4-ad97-d91a-6731-e7b5f38951a6
2026-10-09 02:21:46.264199,11007.0,9,1g.11gb,,,,580.178.04,GPU-d59cb1c4-ad97-d91a-6731-e7b5f38951a6
2026-10-09 02:21:51.264161,11007.0,10,1g.11gb,,,,580.178.04,GPU-d59cb1c4-ad97-d91a-6731-e7b5f38951a6
2026-10-09 02:21:51.264161,11008.0,11,1g.11gb,gpt2-inference-5d8458fb46-zdp9n,default,gpt2,580.178.04,GPU-d59cb1c4-ad97-d91a-6731-e7b5f38951a6
2026-10-09 02:21:51.264161,11007.0,12,1g.11gb,,,,580.178.04,GPU-d59cb1c4-ad97-d91a-6731-e7b5f38951a6
2026-10-09 02:21:51.264161,11008.0,13,1g.11gb,gpt2-inference-5d8458fb46-8g29c,default,gpt2,580.178.04,GPU-d59cb1c4-ad97-d91a-6731-e7b5f38951a6
2026-10-09 02:21:51.264161,11007.0,7,1g.11gb,,,,580.178.04,GPU-d59cb1c4-ad97-d91a-6731-e7b5f38951a6
2026-10-09 02:21:51.264161,11007.0,8,1g.11gb,,,,580.178.04,GPU-d59cb1c4-ad97-d91a-6731-e7b5f38951a6
2026-10-09 02:21:51.264161,11007.0,9,1g.11gb,,,,580.178.04,GPU-d59cb1c4-ad97-d91a-6731-e7b5f38951a6
2026-10-09 02:21:56.264160,11007.0,10,1g.11gb,,,,580.178.04,GPU-d59cb1c4-ad97-d91a-6731-e7b5f38951a6
2026-10-09 02:21:56.264160,11008.0,11,1g.11gb,gpt2-inference-5d8458fb46-zdp9n,default,gpt2,580.178.04,GPU-d59cb1c4-ad97-d91a-6731-e7b5f38951a6
2026-10-09 02:21:56.264160,11007.0,12,1g.11gb,,,,580.178.04,GPU-d59cb1c4-ad97-d91a-6731-e7b5f38951a6
2026-10-09 02:21:56.264160,11008.0,13,1g.11gb,gpt2-inference-5d8458fb46-8g29c,default,gpt2,580.178.04,GPU-d59cb1c4-ad97-d91a-6731-e7b5f38951a6
2026-10-09 02:21:56.264160,11007.0,7,1g.11gb,,,,580.178.04,GPU-d59cb1c4-ad97-d91a-6731-e7b5f38951a6
2026-10-09 02:21:56.264160,11007.0,8,1g.11gb,,,,580.178.04,GPU-d59cb1c4-ad97-d91a-6731-e7b5f38951a6
2026-10-09 02:21:56.264160,11007.0,9,1g.11gb,,,,580.178.04,GPU-d59cb1c4-ad97-d91a-6731-e7b5f38951a6
2026-10-09 02:22:01.259564,11007.0,10,1g.11gb,,,,580.178.04,GPU-d59cb1c4-ad97-d91a-6731-e7b5f38951a6
2026-10-09 02:22:01.259564,11008.0,11,1g.11gb,gpt2-inference-5d8458fb46-zdp9n,default,gpt2,580.178.04,GPU-d59cb1c4-ad97-d91a-6731-e7b5f38951a6
2026-10-09 02:22:01.259564,11007.0,12,1g.11gb,,,,580.178.04,GPU-d59cb1c4-ad97-d91a-6731-e7b5f38951a6
2026-10-09 02:22:01.259564,11008.0,13,1g.11gb,gpt2-inference-5d8458fb46-8g29c,default,gpt2,580.178.04,GPU-d59cb1c4-ad97-d91a-6731-e7b5f38951a6
2026-10-09 02:22:01.259564,11007.0,7,1g.11gb,,,,580.178.04,GPU-d59cb1c4-ad97-d91a-6731-e7b5f38951a6
2026-10-09 02:22:01.259564,11007.0,8,1g.11gb,,,,580.178.04,GPU-d59cb1c4-ad97-d91a-6731-e7b5f38951a6
2026-10-09 02:22:01.259564,11007.0,9,1g.11gb,,,,580.178.04,GPU-d59cb1c4-ad97-d91a-6731-e7b5f38951a6
2026-10-09 02:22:06.264181,11007.0,10,1g.11gb,,,,580.178.04,GPU-d59cb1c4-ad97-d91a-6731-e7b5f38951a6
2026-10-09 02:22:06.264181,11008.0,11,1g.11gb,gpt2-inference-5d8458fb46-zdp9n,default,gpt2,580.178.04,GPU-d59cb1c4-ad97-d91a-6731-e7b5f38951a6
2026-10-09 02:22:06.264181,11007.0,12,1g.11gb,,,,580.178.04,GPU-d59cb1c4-ad97-d91a-6731-e7b5f38951a6
2026-10-09 02:22:06.264181,11008.0,13,1g.11gb,gpt2-inference-5d8458fb46-8g29c,default,gpt2,580.178.04,GPU-d59cb1c4-ad97-d91a-6731-e7b5f38951a6
2026-10-09 02:22:06.264181,11007.0,7,1g.11gb,,,,580.178.04,GPU-d59cb1c4-ad97-d91a-6731-e7b5f38951a6
2026-10-09 02:22:06.264181,11007.0,8,1g.11gb,,,,580.178.04,GPU-d59cb1c4-ad97-d91a-6731-e7b5f38951a6
2026-10-09 02:22:06.264181,11007.0,9,1g.11gb,,,,580.178.04,GPU-d59cb1c4-ad97-d91a-6731-e7b5f38951a6
2026-10-09 02:22:11.263828,11007.0,10,1g.11gb,,,,580.178.04,GPU-d59cb1c4-ad97-d91a-6731-e7b5f38951a6
2026-10-09 02:22:11.263828,11008.0,11,1g.11gb,gpt2-inference-5d8458fb46-zdp9n,default,gpt2,580.178.04,GPU-d59cb1c4-ad97-d91a-6731-e7b5f38951a6
2026-10-09 02:22:11.263828,11007.0,12,1g.11gb,,,,580.178.04,GPU-d59cb1c4-ad97-d91a-6731-e7b5f38951a6
2026-10-09 02:22:11.263828,11008.0,13,1g.11gb,gpt2-inference-5d8458fb46-8g29c,default,gpt2,580.178.04,GPU-d59cb1c4-ad97-d91a-6731-e7b5f38951a6
2026-10-09 02:22:11.263828,11007.0,7,1g.11gb,,,,580.178.04,GPU-d59cb1c4-ad97-d91a-6731-e7b5f38951a6
2026-10-09 02:22:11.263828,11007.0,8,1g.11gb,,,,580.178.04,GPU-d59cb1c4-ad97-d91a-6731-e7b5f38951a6
2026-10-09 02:22:11.263828,11007.0,9,1g.11gb,,,,580.178.04,GPU-d59cb1c4-ad97-d91a-6731-e7b5f38951a6
2026-10-09 02:22:16.259766,11007.0,10,1g.11gb,,,,580.178.04,GPU-d59cb1c4-ad97-d91a-6731-e7b5f38951a6
2026-10-09 02:22:16.259766,11008.0,11,1g.11gb,gpt2-inference-5d8458fb46-zdp9n,default,gpt2,580.178.04,GPU-d59cb1c4-ad97-d91a-6731-e7b5f38951a6
2026-10-09 02:22:16.259766,11007.0,12,1g.11gb,,,,580.178.04,GPU-d59cb1c4-ad97-d91a-6731-e7b5f38951a6
2026-10-09 02:22:16.259766,11008.0,13,1g.11gb,gpt2-inference-5d8458fb46-8g29c,default,gpt2,580.178.04,GPU-d59cb1c4-ad97-d91a-6731-e7b5f38951a6
2026-10-09 02:22:16.259766,11007.0,7,1g.11gb,,,,580.178.04,GPU-d59cb1c4-ad97-d91a-6731-e7b5f38951a6
2026-10-09 02:22:16.259766,11007.0,8,1g.11gb,,,,580.178.04,GPU-d59cb1c4-ad97-d91a-6731-e7b5f38951a6
2026-10-09 02:22:16.259766,11007.0,9,1g.11gb,,,,580.178.04,GPU-d59cb1c4-ad97-d91a-6731-e7b5f38951a6
2026-10-09 02:22:21.260057,11007.0,10,1g.11gb,,,,580.178.04,GPU-d59cb1c4-ad97-d91a-6731-e7b5f38951a6
2026-10-09 02:22:21.260057,11008.0,11,1g.11gb,gpt2-inference-5d8458fb46-zdp9n,default,gpt2,580.178.04,GPU-d59cb1c4-ad97-d91a-6731-e7b5f38951a6
2026-10-09 02:22:21.260057,11007.0,12,1g.11gb,,,,580.178.04,GPU-d59cb1c4-ad97-d91a-6731-e7b5f38951a6
2026-10-09 02:22:21.260057,11008.0,13,1g.11gb,gpt2-inference-5d8458fb46-8g29c,default,gpt2,580.178.04,GPU-d59cb1c4-ad97-d91a-6731-e7b5f38951a6
2026-10-09 02:22:21.260057,11007.0,7,1g.11gb,,,,580.178.04,GPU-d59cb1c4-ad97-d91a-6731-e7b5f38951a6
2026-10-09 02:22:21.260057,11007.0,8,1g.11gb,,,,580.178.04,GPU-d59cb1c4-ad97-d91a-6731-e7b5f38951a6
2026-10-09 02:22:21.260057,11007.0,9,1g.11gb,,,,580.178.04,GPU-d59cb1c4-ad97-d91a-6731-e7b5f38951a6
2026-10-09 02:22:26.264161,11007.0,10,1g.11gb,,,,580.178.04,GPU-d59cb1c4-ad97-d91a-6731-e7b5f38951a6
2026-10-09 02:22:26.264161,11008.0,11,1g.11gb,gpt2-inference-5d8458fb46-zdp9n,default,gpt2,580.178.04,GPU-d59cb1c4-ad97-d91a-6731-e7b5f38951a6
2026-10-09 02:22:26.264161,11007.0,12,1g.11gb,,,,580.178.04,GPU-d59cb1c4-ad97-d91a-6731-e7b5f38951a6
2026-10-09 02:22:26.264161,11008.0,13,1g.11gb,gpt2-inference-5d8458fb46-8g29c,default,gpt2,580.178.04,GPU-d59cb1c4-ad97-d91a-6731-e7b5f38951a6
2026-10-09 02:22:26.264161,11007.0,7,1g.11gb,,,,580.178.04,GPU-d59cb1c4-ad97-d91a-6731-e7b5f38951a6
2026-10-09 02:22:26.264161,11007.0,8,1g.11gb,,,,580.178.04,GPU-d59cb1c4-ad97-d91a-6731-e7b5f38951a6
2026-10-09 02:22:26.264161,11007.0,9,1g.11gb,,,,580.178.04,GPU-d59cb1c4-ad97-d91a-6731-e7b5f38951a6
2026-10-09 02:22:31.264200,11007.0,10,1g.11gb,,,,580.178.04,GPU-d59cb1c4-ad97-d91a-6731-e7b5f38951a6
2026-10-09 02:22:31.264200,11008.0,11,1g.11gb,gpt2-inference-5d8458fb46-zdp9n,default,gpt2,580.178.04,GPU-d59cb1c4-ad97-d91a-6731-e7b5f38951a6
2026-10-09 02:22:31.264200,11007.0,12,1g.11gb,,,,580.178.04,GPU-d59cb1c4-ad97-d91a-6731-e7b5f38951a6
2026-10-09 02:22:31.264200,11008.0,13,1g.11gb,gpt2-inference-5d8458fb46-8g29c,default,gpt2,580.178.04,GPU-d59cb1c4-ad97-d91a-6731-e7b5f38951a6
2026-10-09 02:22:31.264200,11007.0,7,1g.11gb,,,,580.178.04,GPU-d59cb1c4-ad97-d91a-6731-e7b5f38951a6
2026-10-09 02:22:31.264200,11007.0,8,1g.11gb,,,,580.178.04,GPU-d59cb1c4-ad97-d91a-6731-e7b5f38951a6
2026-10-09 02:22:31.264200,11007.0,9,1g.11gb,,,,580.178.04,GPU-d59cb1c4-ad97-d91a-6731-e7b5f38951a6
2026-10-09 02:22:36.263102,11007.0,10,1g.11gb,,,,580.178.04,GPU-d59cb1c4-ad97-d91a-6731-e7b5f38951a6
2026-10-09 02:22:36.263102,11008.0,11,1g.11gb,gpt2-inference-5d8458fb46-zdp9n,default,gpt2,580.178.04,GPU-d59cb1c4-ad97-d91a-6731-e7b5f38951a6
2026-10-09 02:22:36.263102,11007.0,12,1g.11gb,,,,580.178.04,GPU-d59cb1c4-ad97-d91a-6731-e7b5f38951a6
2026-10-09 02:22:36.263102,11008.0,13,1g.11gb,gpt2-inference-5d8458fb46-8g29c,default,gpt2,580.178.04,GPU-d59cb1c4-ad97-d91a-6731-e7b5f38951a6
2026-10-09 02:22:36.263102,11007.0,7,1g.11gb,,,,580.178.04,GPU-d59cb1c4-ad97-d91a-6731-e7b5f38951a6
2026-10-09 02:22:36.263102,11007.0,8,1g.11gb,,,,580.178.04,GPU-d59cb1c4-ad97-d91a-6731-e7b5f38951a6
2026-10-09 02:22:36.263102,11007.0,9,1g.11gb,,,,580.178.04,GPU-d59cb1c4-ad97-d91a-6731-e7b5f38951a6
2026-10-09 02:22:41.259504,11007.0,10,1g.11gb,,,,580.178.04,GPU-d59cb1c4-ad97-d91a-6731-e7b5f38951a6
2026-10-09 02:22:41.259504,11008.0,11,1g.11gb,gpt2-inference-5d8458fb46-zdp9n,default,gpt2,580.178.04,GPU-d59cb1c4-ad97-d91a-6731-e7b5f38951a6
2026-10-09 02:22:41.259504,11007.0,12,1g.11gb,,,,580.178.04,GPU-d59cb1c4-ad97-d91a-6731-e7b5f38951a6
2026-10-09 02:22:41.259504,11008.0,13,1g.11gb,gpt2-inference-5d8458fb46-8g29c,default,gpt2,580.178.04,GPU-d59cb1c4-ad97-d91a-6731-e7b5f38951a6
2026-10-09 02:22:41.259504,11007.0,7,1g.11gb,,,,580.178.04,GPU-d59cb1c4-ad97-d91a-6731-e7b5f38951a6
2026-10-09 02:22:41.259504,11007.0,8,1g.11gb,,,,580.178.04,GPU-d59cb1c4-ad97-d91a-6731-e7b5f38951a6
2026-10-09 02:22:41.259504,11007.0,9,1g.11gb,,,,580.178.04,GPU-d59cb1c4-ad97-d91a-6731-e7b5f38951a6
2026-10-09 02:22:46.264167,11007.0,10,1g.11gb,,,,580.178.04,GPU-d59cb1c4-ad97-d91a-6731-e7b5f38951a6
2026-10-09 02:22:46.264167,11008.0,11,1g.11gb,gpt2-inference-5d8458fb46-zdp9n,default,gpt2,580.178.04,GPU-d59cb1c4-ad97-d91a-6731-e7b5f38951a6
2026-10-09 02:22:46.264167,11007.0,12,1g.11gb,,,,580.178.04,GPU-d59cb1c4-ad97-d91a-6731-e7b5f38951a6
2026-10-09 02:22:46.264167,11008.0,13,1g.11gb,gpt2-inference-5d8458fb46-8g29c,default,gpt2,580.178.04,GPU-d59cb1c4-ad97-d91a-6731-e7b5f38951a6
2026-10-09 02:22:46.264167,11007.0,7,1g.11gb,,,,580.178.04,GPU-d59cb1c4-ad97-d91a-6731-e7b5f38951a6
2026-10-09 02:22:46.264167,11007.0,8,1g.11gb,,,,580.178.04,GPU-d59cb1c4-ad97-d91a-6731-e7b5f38951a6
2026-10-09 02:22:46.264167,11007.0,9,1g.11gb,,,,580.178.04,GPU-d59cb1c4-ad97-d91a-6731-e7b5f38951a6
2026-10-09 02:22:51.260700,11007.0,10,1g.11gb,,,,580.178.04,GPU-d59cb1c4-ad97-d91a-6731-e7b5f38951a6
2026-10-09 02:22:51.260700,11008.0,11,1g.11gb,gpt2-inference-5d8458fb46-zdp9n,default,gpt2,580.178.04,GPU-d59cb1c4-ad97-d91a-6731-e7b5f38951a6
2026-10-09 02:22:51.260700,11007.0,12,1g.11gb,,,,580.178.04,GPU-d59cb1c4-ad97-d91a-6731-e7b5f38951a6
2026-10-09 02:22:51.260700,11008.0,13,1g.11gb,gpt2-inference-5d8458fb46-8g29c,default,gpt2,580.178.04,GPU-d59cb1c4-ad97-d91a-6731-e7b5f38951a6
2026-10-09 02:22:51.260700,11007.0,7,1g.11gb,,,,580.178.04,GPU-d59cb1c4-ad97-d91a-6731-e7b5f38951a6
2026-10-09 02:22:51.260700,11007.0,8,1g.11gb,,,,580.178.04,GPU-d59cb1c4-ad97-d91a-6731-e7b5f38951a6
2026-10-09 02:22:51.260700,11007.0,9,1g.11gb,,,,580.178.04,GPU-d59cb1c4-ad97-d91a-6731-e7b5f38951a6
2026-10-09 02:22:56.264169,11007.0,10,1g.11gb,,,,580.178.04,GPU-d59cb1c4-ad97-d91a-6731-e7b5f38951a6
2026-10-09 02:22:56.264169,11008.0,11,1g.11gb,gpt2-inference-5d8458fb46-zdp9n,default,gpt2,580.178.04,GPU-d59cb1c4-ad97-d91a-6731-e7b5f38951a6
2026-10-09 02:22:56.264169,11007.0,12,1g.11gb,,,,580.178.04,GPU-d59cb1c4-ad97-d91a-6731-e7b5f38951a6
2026-10-09 02:22:56.264169,11008.0,13,1g.11gb,gpt2-inference-5d8458fb46-8g29c,default,gpt2,580.178.04,GPU-d59cb1c4-ad97-d91a-6731-e7b5f38951a6
2026-10-09 02:22:56.264169,11007.0,7,1g.11gb,,,,580.178.04,GPU-d59cb1c4-ad97-d91a-6731-e7b5f38951a6
2026-10-09 02:22:56.264169,11007.0,8,1g.11gb,,,,580.178.04,GPU-d59cb1c4-ad97-d91a-6731-e7b5f38951a6
2026-10-09 02:22:56.264169,11007.0,9,1g.11gb,,,,580.178.04,GPU-d59cb1c4-ad97-d91a-6731-e7b5f38951a6
2026-10-09 02:23:01.263357,11007.0,10,1g.11gb,,,,580.178.04,GPU-d59cb1c4-ad97-d91a-6731-e7b5f38951a6
2026-10-09 02:23:01.263357,11008.0,11,1g.11gb,gpt2-inference-5d8458fb46-zdp9n,default,gpt2,580.178.04,GPU-d59cb1c4-ad97-d91a-6731-e7b5f38951a6
2026-10-09 02:23:01.263357,11007.0,12,1g.11gb,,,,580.178.04,GPU-d59cb1c4-ad97-d91a-6731-e7b5f38951a6
2026-10-09 02:23:01.263357,11008.0,13,1g.11gb,gpt2-inference-5d8458fb46-8g29c,default,gpt2,580.178.04,GPU-d59cb1c4-ad97-d91a-6731-e7b5f38951a6
2026-10-09 02:23:01.263357,11007.0,7,1g.11gb,,,,580.178.04,GPU-d59cb1c4-ad97-d91a-6731-e7b5f38951a6
2026-10-09 02:23:01.263357,11007.0,8,1g.11gb,,,,580.178.04,GPU-d59cb1c4-ad97-d91a-6731-e7b5f38951a6
2026-10-09 02:23:01.263357,11007.0,9,1g.11gb,,,,580.178.04,GPU-d59cb1c4-ad97-d91a-6731-e7b5f38951a6
2026-10-09 02:23:06.259636,11007.0,10,1g.11gb,,,,580.178.04,GPU-d59cb1c4-ad97-d91a-6731-e7b5f38951a6
2026-10-09 02:23:06.259636,11008.0,11,1g.11gb,gpt2-inference-5d8458fb46-zdp9n,default,gpt2,580.178.04,GPU-d59cb1c4-ad97-d91a-6731-e7b5f38951a6
2026-10-09 02:23:06.259636,11007.0,12,1g.11gb,,,,580.178.04,GPU-d59cb1c4-ad97-d91a-6731-e7b5f38951a6
2026-10-09 02:23:06.259636,11008.0,13,1g.11gb,gpt2-inference-5d8458fb46-8g29c,default,gpt2,580.178.04,GPU-d59cb1c4-ad97-d91a-6731-e7b5f38951a6
2026-10-09 02:23:06.259636,11007.0,7,1g.11gb,,,,580.178.04,GPU-d59cb1c4-ad97-d91a-6731-e7b5f38951a6
2026-10-09 02:23:06.259636,11007.0,8,1g.11gb,,,,580.178.04,GPU-d59cb1c4-ad97-d91a-6731-e7b5f38951a6
2026-10-09 02:23:06.259636,11007.0,9,1g.11gb,,,,580.178.04,GPU-d59cb1c4-ad97-d91a-6731-e7b5f38951a6
2026-10-09 02:23:11.263824,11007.0,10,1g.11gb,,,,580.178.04,GPU-d59cb1c4-ad97-d91a-6731-e7b5f38951a6
2026-10-09 02:23:11.263824,11008.0,11,1g.11gb,gpt2-inference-5d8458fb46-zdp9n,default,gpt2,580.178.04,GPU-d59cb1c4-ad97-d91a-6731-e7b5f38951a6
2026-10-09 02:23:11.263824,11007.0,12,1g.11gb,,,,580.178.04,GPU-d59cb1c4-ad97-d91a-6731-e7b5f38951a6
2026-10-09 02:23:11.263824,11008.0,13,1g.11gb,gpt2-inference-5d8458fb46-8g29c,default,gpt2,580.178.04,GPU-d59cb1c4-ad97-d91a-6731-e7b5f38951a6
2026-10-09 02:23:11.263824,11007.0,7,1g.11gb,,,,580.178.04,GPU-d59cb1c4-ad97-d91a-6731-e7b5f38951a6
2026-10-09 02:23:11.263824,11007.0,8,1g.11gb,,,,580.178.04,GPU-d59cb1c4-ad97-d91a-6731-e7b5f38951a6
2026-10-09 02:23:11.263824,11007.0,9,1g.11gb,,,,580.178.04,GPU-d59cb1c4-ad97-d91a-6731-e7b5f38951a6
2026-10-09 02:23:16.264189,11007.0,10,1g.11gb,,,,580.178.04,GPU-d59cb1c4-ad97-d91a-6731-e7b5f38951a6
2026-10-09 02:23:16.264189,11008.0,11,1g.11gb,gpt2-inference-5d8458fb46-zdp9n,default,gpt2,580.178.04,GPU-d59cb1c4-ad97-d91a-6731-e7b5f38951a6
2026-10-09 02:23:16.264189,11007.0,12,1g.11gb,,,,580.178.04,GPU-d59cb1c4-ad97-d91a-6731-e7b5f38951a6
2026-10-09 02:23:16.264189,11008.0,13,1g.11gb,gpt2-inference-5d8458fb46-8g29c,default,gpt2,580.178.04,GPU-d59cb1c4-ad97-d91a-6731-e7b5f38951a6
2026-10-09 02:23:16.264189,11007.0,7,1g.11gb,,,,580.178.04,GPU-d59cb1c4-ad97-d91a-6731-e7b5f38951a6
2026-10-09 02:23:16.264189,11007.0,8,1g.11gb,,,,580.178.04,GPU-d59cb1c4-ad97-d91a-6731-e7b5f38951a6
2026-10-09 02:23:16.264189,11007.0,9,1g.11gb,,,,580.178.04,GPU-d59cb1c4-ad97-d91a-6731-e7b5f38951a6
2026-10-09 02:23:21.261775,11007.0,10,1g.11gb,,,,580.178.04,GPU-d59cb1c4-ad97-d91a-6731-e7b5f38951a6
2026-10-09 02:23:21.261775,11008.0,11,1g.11gb,gpt2-inference-5d8458fb46-zdp9n,default,gpt2,580.178.04,GPU-d59cb1c4-ad97-d91a-6731-e7b5f38951a6
2026-10-09 02:23:21.261775,11007.0,12,1g.11gb,,,,580.178.04,GPU-d59cb1c4-ad97-d91a-6731-e7b5f38951a6
2026-10-09 02:23:21.261775,11008.0,13,1g.11gb,gpt2-inference-5d8458fb46-8g29c,default,gpt2,580.178.04,GPU-d59cb1c4-ad97-d91a-6731-e7b5f38951a6
2026-10-09 02:23:21.261775,11007.0,7,1g.11gb,,,,580.178.04,GPU-d59cb1c4-ad97-d91a-6731-e7b5f38951a6
2026-10-09 02:23:21.261775,11007.0,8,1g.11gb,,,,580.178.04,GPU-d59cb1c4-ad97-d91a-6731-e7b5f38951a6
2026-10-09 02:23:21.261775,11007.0,9,1g.11gb,,,,580.178.04,GPU-d59cb1c4-ad97-d91a-6731-e7b5f38951a6
2026-10-09 02:23:26.263951,11007.0,10,1g.11gb,,,,580.178.04,GPU-d59cb1c4-ad97-d91a-6731-e7b5f38951a6
2026-10-09 02:23:26.263951,11008.0,11,1g.11gb,gpt2-inference-5d8458fb46-zdp9n,default,gpt2,580.178.04,GPU-d59cb1c4-ad97-d91a-6731-e7b5f38951a6
2026-10-09 02:23:26.263951,11007.0,12,1g.11gb,,,,580.178.04,GPU-d59cb1c4-ad97-d91a-6731-e7b5f38951a6
2026-10-09 02:23:26.263951,11008.0,13,1g.11gb,gpt2-inference-5d8458fb46-8g29c,default,gpt2,580.178.04,GPU-d59cb1c4-ad97-d91a-6731-e7b5f38951a6
2026-10-09 02:23:26.263951,11007.0,7,1g.11gb,,,,580.178.04,GPU-d59cb1c4-ad97-d91a-6731-e7b5f38951a6
2026-10-09 02:23:26.263951,11007.0,8,1g.11gb,,,,580.178.04,GPU-d59cb1c4-ad97-d91a-6731-e7b5f38951a6
2026-10-09 02:23:26.263951,11007.0,9,1g.11gb,,,,580.178.04,GPU-d59cb1c4-ad97-d91a-6731-e7b5f38951a6
2026-10-09 02:23:31.261458,11007.0,10,1g.11gb,,,,580.178.04,GPU-d59cb1c4-ad97-d91a-6731-e7b5f38951a6
2026-10-09 02:23:31.261458,11008.0,11,1g.11gb,gpt2-inference-5d8458fb46-zdp9n,default,gpt2,580.178.04,GPU-d59cb1c4-ad97-d91a-6731-e7b5f38951a6
2026-10-09 02:23:31.261458,11007.0,12,1g.11gb,,,,580.178.04,GPU-d59cb1c4-ad97-d91a-6731-e7b5f38951a6
2026-10-09 02:23:31.261458,11008.0,13,1g.11gb,gpt2-inference-5d8458fb46-8g29c,default,gpt2,580.178.04,GPU-d59cb1c4-ad97-d91a-6731-e7b5f38951a6
2026-10-09 02:23:31.261458,11007.0,7,1g.11gb,,,,580.178.04,GPU-d59cb1c4-ad97-d91a-6731-e7b5f38951a6
2026-10-09 02:23:31.261458,11007.0,8,1g.11gb,,,,580.178.04,GPU-d59cb1c4-ad97-d91a-6731-e7b5f38951a6
2026-10-09 02:23:31.261458,11007.0,9,1g.11gb,,,,580.178.04,GPU-d59cb1c4-ad97-d91a-6731-e7b5f38951a6
2026-10-09 02:23:36.263878,11007.0,10,1g.11gb,,,,580.178.04,GPU-d59cb1c4-ad97-d91a-6731-e7b5f38951a6
2026-10-09 02:23:36.263878,11008.0,11,1g.11gb,gpt2-inference-5d8458fb46-zdp9n,default,gpt2,580.178.04,GPU-d59cb1c4-ad97-d91a-6731-e7b5f38951a6
2026-10-09 02:23:36.263878,11007.0,12,1g.11gb,,,,580.178.04,GPU-d59cb1c4-ad97-d91a-6731-e7b5f38951a6
2026-10-09 02:23:36.263878,11008.0,13,1g.11gb,gpt2-inference-5d8458fb46-8g29c,default,gpt2,580.178.04,GPU-d59cb1c4-ad97-d91a-6731-e7b5f38951a6
2026-10-09 02:23:36.263878,11007.0,7,1g.11gb,,,,580.178.04,GPU-d59cb1c4-ad97-d91a-6731-e7b5f38951a6
2026-10-09 02:23:36.263878,11007.0,8,1g.11gb,,,,580.178.04,GPU-d59cb1c4-ad97-d91a-6731-e7b5f38951a6
2026-10-09 02:23:36.263878,11007.0,9,1g.11gb,,,,580.178.04,GPU-d59cb1c4-ad97-d91a-6731-e7b5f38951a6
2026-10-09 02:23:41.260116,11007.0,10,1g.11gb,,,,580.178.04,GPU-d59cb1c4-ad97-d91a-6731-e7b5f38951a6
2026-10-09 02:23:41.260116,11008.0,11,1g.11gb,gpt2-inference-5d8458fb46-zdp9n,default,gpt2,580.178.04,GPU-d59cb1c4-ad97-d91a-6731-e7b5f38951a6
2026-10-09 02:23:41.260116,11007.0,12,1g.11gb,,,,580.178.04,GPU-d59cb1c4-ad97-d91a-6731-e7b5f38951a6
2026-10-09 02:23:41.260116,11008.0,13,1g.11gb,gpt2-inference-5d8458fb46-8g29c,default,gpt2,580.178.04,GPU-d59cb1c4-ad97-d91a-6731-e7b5f38951a6
2026-10-09 02:23:41.260116,11007.0,7,1g.11gb,,,,580.178.04,GPU-d59cb1c4-ad97-d91a-6731-e7b5f38951a6
2026-10-09 02:23:41.260116,11007.0,8,1g.11gb,,,,580.178.04,GPU-d59cb1c4-ad97-d91a-6731-e7b5f38951a6
2026-10-09 02:23:41.260116,11007.0,9,1g.11gb,,,,580.178.04,GPU-d59cb1c4-ad97-d91a-6731-e7b5f38951a6
2026-10-09 02:23:46.263670,11007.0,10,1g.11gb,,,,580.178.04,GPU-d59cb1c4-ad97-d91a-6731-e7b5f38951a6
2026-10-09 02:23:46.263670,11008.0,11,1g.11gb,gpt2-inference-5d8458fb46-zdp9n,default,gpt2,580.178.04,GPU-d59cb1c4-ad97-d91a-6731-e7b5f38951a6
2026-10-09 02:23:46.263670,11007.0,12,1g.11gb,,,,580.178.04,GPU-d59cb1c4-ad97-d91a-6731-e7b5f38951a6
2026-10-09 02:23:46.263670,11008.0,13,1g.11gb,gpt2-inference-5d8458fb46-8g29c,default,gpt2,580.178.04,GPU-d59cb1c4-ad97-d91a-6731-e7b5f38951a6
2026-10-09 02:23:46.263670,11007.0,7,1g.11gb,,,,580.178.04,GPU-d59cb1c4-ad97-d91a-6731-e7b5f38951a6
2026-10-09 02:23:46.263670,11007.0,8,1g.11gb,,,,580.178.04,GPU-d59cb1c4-ad97-d91a-6731-e7b5f38951a6
2026-10-09 02:23:46.263670,11007.0,9,1g.11gb,,,,580.178.04,GPU-d59cb1c4-ad97-d91a-6731-e7b5f38951a6
2026-10-09 02:23:51.264230,11007.0,10,1g.11gb,,,,580.178.04,GPU-d59cb1c4-ad97-d91a-6731-e7b5f38951a6
2026-10-09 02:23:51.264230,11008.0,11,1g.11gb,gpt2-inference-5d8458fb46-zdp9n,default,gpt2,580.178.04,GPU-d59cb1c4-ad97-d91a-6731-e7b5f38951a6
2026-10-09 02:23:51.264230,11007.0,12,1g.11gb,,,,580.178.04,GPU-d59cb1c4-ad97-d91a-6731-e7b5f38951a6
2026-10-09 02:23:51.264230,11008.0,13,1g.11gb,gpt2-inference-5d8458fb46-8g29c,default,gpt2,580.178.04,GPU-d59cb1c4-ad97-d91a-6731-e7b5f38951a6
2026-10-09 02:23:51.264230,11007.0,7,1g.11gb,,,,580.178.04,GPU-d59cb1c4-ad97-d91a-6731-e7b5f38951a6
2026-10-09 02:23:51.264230,11007.0,8,1g.11gb,,,,580.178.04,GPU-d59cb1c4-ad97-d91a-6731-e7b5f38951a6
2026-10-09 02:23:51.264230,11007.0,9,1g.11gb,,,,580.178.04,GPU-d59cb1c4-ad97-d91a-6731-e7b5f38951a6
2026-10-09 02:23:56.264199,11007.0,10,1g.11gb,,,,580.178.04,GPU-d59cb1c4-ad97-d91a-6731-e7b5f38951a6
2026-10-09 02:23:56.264199,11008.0,11,1g.11gb,gpt2-inference-5d8458fb46-zdp9n,default,gpt2,580.178.04,GPU-d59cb1c4-ad97-d91a-6731-e7b5f38951a6
2026-10-09 02:23:56.264199,11007.0,12,1g.11gb,,,,580.178.04,GPU-d59cb1c4-ad97-d91a-6731-e7b5f38951a6
2026-10-09 02:23:56.264199,11008.0,13,1g.11gb,gpt2-inference-5d8458fb46-8g29c,default,gpt2,580.178.04,GPU-d59cb1c4-ad97-d91a-6731-e7b5f38951a6
2026-10-09 02:23:56.264199,11007.0,7,1g.11gb,,,,580.178.04,GPU-d59cb1c4-ad97-d91a-6731-e7b5f38951a6
2026-10-09 02:23:56.264199,11007.0,8,1g.11gb,,,,580.178.04,GPU-d59cb1c4-ad97-d91a-6731-e7b5f38951a6
2026-10-09 02:23:56.264199,11007.0,9,1g.11gb,,,,580.178.04,GPU-d59cb1c4-ad97-d91a-6731-e7b5f38951a6
2026-10-09 02:24:01.264157,11007.0,10,1g.11gb,,,,580.178.04,GPU-d59cb1c4-ad97-d91a-6731-e7b5f38951a6
2026-10-09 02:24:01.264157,11008.0,11,1g.11gb,gpt2-inference-5d8458fb46-zdp9n,default,gpt2,580.178.04,GPU-d59cb1c4-ad97-d91a-6731-e7b5f38951a6
2026-10-09 02:24:01.264157,11007.0,12,1g.11gb,,,,580.178.04,GPU-d59cb1c4-ad97-d91a-6731-e7b5f38951a6
2026-10-09 02:24:01.264157,11008.0,13,1g.11gb,gpt2-inference-5d8458fb46-8g29c,default,gpt2,580.178.04,GPU-d59cb1c4-ad97-d91a-6731-e7b5f38951a6
2026-10-09 02:24:01.264157,11007.0,7,1g.11gb,,,,580.178.04,GPU-d59cb1c4-ad97-d91a-6731-e7b5f38951a6
2026-10-09 02:24:01.264157,11007.0,8,1g.11gb,,,,580.178.04,GPU-d59cb1c4-ad97-d91a-6731-e7b5f38951a6
2026-10-09 02:24:01.264157,11007.0,9,1g.11gb,,,,580.178.04,GPU-d59cb1c4-ad97-d91a-6731-e7b5f38951a6
2026-10-09 02:24:06.263991,11007.0,10,1g.11gb,,,,580.178.04,GPU-d59cb1c4-ad97-d91a-6731-e7b5f38951a6
2026-10-09 02:24:06.263991,11008.0,11,1g.11gb,gpt2-inference-5d8458fb46-zdp9n,default,gpt2,580.178.04,GPU-d59cb1c4-ad97-d91a-6731-e7b5f38951a6
2026-10-09 02:24:06.263991,11007.0,12,1g.11gb,,,,580.178.04,GPU-d59cb1c4-ad97-d91a-6731-e7b5f38951a6
2026-10-09 02:24:06.263991,11008.0,13,1g.11gb,gpt2-inference-5d8458fb46-8g29c,default,gpt2,580.178.04,GPU-d59cb1c4-ad97-d91a-6731-e7b5f38951a6
2026-10-09 02:24:06.263991,11007.0,7,1g.11gb,,,,580.178.04,GPU-d59cb1c4-ad97-d91a-6731-e7b5f38951a6
2026-10-09 02:24:06.263991,11007.0,8,1g.11gb,,,,580.178.04,GPU-d59cb1c4-ad97-d91a-6731-e7b5f38951a6
2026-10-09 02:24:06.263991,11007.0,9,1g.11gb,,,,580.178.04,GPU-d59cb1c4-ad97-d91a-6731-e7b5f38951a6
2026-10-09 02:24:11.260078,11007.0,10,1g.11gb,,,,580.178.04,GPU-d59cb1c4-ad97-d91a-6731-e7b5f38951a6
2026-10-09 02:24:11.260078,11008.0,11,1g.11gb,gpt2-inference-5d8458fb46-zdp9n,default,gpt2,580.178.04,GPU-d59cb1c4-ad97-d91a-6731-e7b5f38951a6
2026-10-09 02:24:11.260078,11007.0,12,1g.11gb,,,,580.178.04,GPU-d59cb1c4-ad97-d91a-6731-e7b5f38951a6
2026-10-09 02:24:11.260078,11008.0,13,1g.11gb,gpt2-inference-5d8458fb46-8g29c,default,gpt2,580.178.04,GPU-d59cb1c4-ad97-d91a-6731-e7b5f38951a6
2026-10-09 02:24:11.260078,11007.0,7,1g.11gb,,,,580.178.04,GPU-d59cb1c4-ad97-d91a-6731-e7b5f38951a6
2026-10-09 02:24:11.260078,11007.0,8,1g.11gb,,,,580.178.04,GPU-d59cb1c4-ad97-d91a-6731-e7b5f38951a6
2026-10-09 02:24:11.260078,11007.0,9,1g.11gb,,,,580.178.04,GPU-d59cb1c4-ad97-d91a-6731-e7b5f38951a6
2026-10-09 02:24:16.264158,11007.0,10,1g.11gb,,,,580.178.04,GPU-d59cb1c4-ad97-d91a-6731-e7b5f38951a6
2026-10-09 02:24:16.264158,11008.0,11,1g.11gb,gpt2-inference-5d8458fb46-zdp9n,default,gpt2,580.178.04,GPU-d59cb1c4-ad97-d91a-6731-e7b5f38951a6
2026-10-09 02:24:16.264158,11007.0,12,1g.11gb,,,,580.178.04,GPU-d59cb1c4-ad97-d91a-6731-e7b5f38951a6
2026-10-09 02:24:16.264158,11008.0,13,1g.11gb,gpt2-inference-5d8458fb46-8g29c,default,gpt2,580.178.04,GPU-d59cb1c4-ad97-d91a-6731-e7b5f38951a6
2026-10-09 02:24:16.264158,11007.0,7,1g.11gb,,,,580.178.04,GPU-d59cb1c4-ad97-d91a-6731-e7b5f38951a6
2026-10-09 02:24:16.264158,11007.0,8,1g.11gb,,,,580.178.04,GPU-d59cb1c4-ad97-d91a-6731-e7b5f38951a6
2026-10-09 02:24:16.264158,11007.0,9,1g.11gb,,,,580.178.04,GPU-d59cb1c4-ad97-d91a-6731-e7b5f38951a6
2026-10-09 02:24:21.260418,11007.0,10,1g.11gb,,,,580.178.04,GPU-d59cb1c4-ad97-d91a-6731-e7b5f38951a6
2026-10-09 02:24:21.260418,11008.0,11,1g.11gb,gpt2-inference-5d8458fb46-zdp9n,default,gpt2,580.178.04,GPU-d59cb1c4-ad97-d91a-6731-e7b5f38951a6
2026-10-09 02:24:21.260418,11007.0,12,1g.11gb,,,,580.178.04,GPU-d59cb1c4-ad97-d91a-6731-e7b5f38951a6
2026-10-09 02:24:21.260418,11008.0,13,1g.11gb,gpt2-inference-5d8458fb46-8g29c,default,gpt2,580.178.04,GPU-d59cb1c4-ad97-d91a-6731-e7b5f38951a6
2026-10-09 02:24:21.260418,11007.0,7,1g.11gb,,,,580.178.04,GPU-d59cb1c4-ad97-d91a-6731-e7b5f38951a6
2026-10-09 02:24:21.260418,11007.0,8,1g.11gb,,,,580.178.04,GPU-d59cb1c4-ad97-d91a-6731-e7b5f38951a6
2026-10-09 02:24:21.260418,11007.0,9,1g.11gb,,,,580.178.04,GPU-d59cb1c4-ad97-d91a-6731-e7b5f38951a6
2026-10-09 02:24:26.264261,11007.0,10,1g.11gb,,,,580.178.04,GPU-d59cb1c4-ad97-d91a-6731-e7b5f38951a6
2026-10-09 02:24:26.264261,11008.0,11,1g.11gb,gpt2-inference-5d8458fb46-zdp9n,default,gpt2,580.178.04,GPU-d59cb1c4-ad97-d91a-6731-e7b5f38951a6
2026-10-09 02:24:26.264261,11007.0,12,1g.11gb,,,,580.178.04,GPU-d59cb1c4-ad97-d91a-6731-e7b5f38951a6
2026-10-09 02:24:26.264261,11008.0,13,1g.11gb,gpt2-inference-5d8458fb46-8g29c,default,gpt2,580.178.04,GPU-d59cb1c4-ad97-d91a-6731-e7b5f38951a6
2026-10-09 02:24:26.264261,11007.0,7,1g.11gb,,,,580.178.04,GPU-d59cb1c4-ad97-d91a-6731-e7b5f38951a6
2026-10-09 02:24:26.264261,11007.0,8,1g.11gb,,,,580.178.04,GPU-d59cb1c4-ad97-d91a-6731-e7b5f38951a6
2026-10-09 02:24:26.264261,11007.0,9,1g.11gb,,,,580.178.04,GPU-d59cb1c4-ad97-d91a-6731-e7b5f38951a6
2026-10-09 02:24:31.262537,11007.0,10,1g.11gb,,,,580.178.04,GPU-d59cb1c4-ad97-d91a-6731-e7b5f38951a6
2026-10-09 02:24:31.262537,11008.0,11,1g.11gb,gpt2-inference-5d8458fb46-zdp9n,default,gpt2,580.178.04,GPU-d59cb1c4-ad97-d91a-6731-e7b5f38951a6
2026-10-09 02:24:31.262537,11007.0,12,1g.11gb,,,,580.178.04,GPU-d59cb1c4-ad97-d91a-6731-e7b5f38951a6
2026-10-09 02:24:31.262537,11008.0,13,1g.11gb,gpt2-inference-5d8458fb46-8g29c,default,gpt2,580.178.04,GPU-d59cb1c4-ad97-d91a-6731-e7b5f38951a6
2026-10-09 02:24:31.262537,11007.0,7,1g.11gb,,,,580.178.04,GPU-d59cb1c4-ad97-d91a-6731-e7b5f38951a6
2026-10-09 02:24:31.262537,11007.0,8,1g.11gb,,,,580.178.04,GPU-d59cb1c4-ad97-d91a-6731-e7b5f38951a6
2026-10-09 02:24:31.262537,11007.0,9,1g.11gb,,,,580.178.04,GPU-d59cb1c4-ad97-d91a-6731-e7b5f38951a6
2026-10-09 02:24:36.262228,11007.0,10,1g.11gb,,,,580.178.04,GPU-d59cb1c4-ad97-d91a-6731-e7b5f38951a6
2026-10-09 02:24:36.262228,11008.0,11,1g.11gb,gpt2-inference-5d8458fb46-zdp9n,default,gpt2,580.178.04,GPU-d59cb1c4-ad97-d91a-6731-e7b5f38951a6
2026-10-09 02:24:36.262228,11007.0,12,1g.11gb,,,,580.178.04,GPU-d59cb1c4-ad97-d91a-6731-e7b5f38951a6
2026-10-09 02:24:36.262228,11008.0,13,1g.11gb,gpt2-inference-5d8458fb46-8g29c,default,gpt2,580.178.04,GPU-d59cb1c4-ad97-d91a-6731-e7b5f38951a6
2026-10-09 02:24:36.262228,11007.0,7,1g.11gb,,,,580.178.04,GPU-d59cb1c4-ad97-d91a-6731-e7b5f38951a6
2026-10-09 02:24:36.262228,11007.0,8,1g.11gb,,,,580.178.04,GPU-d59cb1c4-ad97-d91a-6731-e7b5f38951a6
2026-10-09 02:24:36.262228,11007.0,9,1g.11gb,,,,580.178.04,GPU-d59cb1c4-ad97-d91a-6731-e7b5f38951a6
2026-10-09 02:24:41.264288,11007.0,10,1g.11gb,,,,580.178.04,GPU-d59cb1c4-ad97-d91a-6731-e7b5f38951a6
2026-10-09 02:24:41.264288,11008.0,11,1g.11gb,gpt2-inference-5d8458fb46-zdp9n,default,gpt2,580.178.04,GPU-d59cb1c4-ad97-d91a-6731-e7b5f38951a6
2026-10-09 02:24:41.264288,11007.0,12,1g.11gb,,,,580.178.04,GPU-d59cb1c4-ad97-d91a-6731-e7b5f38951a6
2026-10-09 02:24:41.264288,11008.0,13,1g.11gb,gpt2-inference-5d8458fb46-8g29c,default,gpt2,580.178.04,GPU-d59cb1c4-ad97-d91a-6731-e7b5f38951a6
2026-10-09 02:24:41.264288,11007.0,7,1g.11gb,,,,580.178.04,GPU-d59cb1c4-ad97-d91a-6731-e7b5f38951a6
2026-10-09 02:24:41.264288,11007.0,8,1g.11gb,,,,580.178.04,GPU-d59cb1c4-ad97-d91a-6731-e7b5f38951a6
2026-10-09 02:24:41.264288,11007.0,9,1g.11gb,,,,580.178.04,GPU-d59cb1c4-ad97-d91a-6731-e7b5f38951a6
2026-10-09 02:24:46.259950,11007.0,10,1g.11gb,,,,580.178.04,GPU-d59cb1c4-ad97-d91a-6731-e7b5f38951a6
2026-10-09 02:24:46.259950,11008.0,11,1g.11gb,gpt2-inference-5d8458fb46-zdp9n,default,gpt2,580.178.04,GPU-d59cb1c4-ad97-d91a-6731-e7b5f38951a6
2026-10-09 02:24:46.259950,11007.0,12,1g.11gb,,,,580.178.04,GPU-d59cb1c4-ad97-d91a-6731-e7b5f38951a6
2026-10-09 02:24:46.259950,11008.0,13,1g.11gb,gpt2-inference-5d8458fb46-8g29c,default,gpt2,580.178.04,GPU-d59cb1c4-ad97-d91a-6731-e7b5f38951a6
2026-10-09 02:24:46.259950,11007.0,7,1g.11gb,,,,580.178.04,GPU-d59cb1c4-ad97-d91a-6731-e7b5f38951a6
2026-10-09 02:24:46.259950,11007.0,8,1g.11gb,,,,580.178.04,GPU-d59cb1c4-ad97-d91a-6731-e7b5f38951a6
2026-10-09 02:24:46.259950,11007.0,9,1g.11gb,,,,580.178.04,GPU-d59cb1c4-ad97-d91a-6731-e7b5f38951a6
2026-10-09 02:24:51.264159,11007.0,10,1g.11gb,,,,580.178.04,GPU-d59cb1c4-ad97-d91a-6731-e7b5f38951a6
2026-10-09 02:24:51.264159,11008.0,11,1g.11gb,gpt2-inference-5d8458fb46-zdp9n,default,gpt2,580.178.04,GPU-d59cb1c4-ad97-d91a-6731-e7b5f38951a6
2026-10-09 02:24:51.264159,11007.0,12,1g.11gb,,,,580.178.04,GPU-d59cb1c4-ad97-d91a-6731-e7b5f38951a6
2026-10-09 02:24:51.264159,11008.0,13,1g.11gb,gpt2-inference-5d8458fb46-8g29c,default,gpt2,580.178.04,GPU-d59cb1c4-ad97-d91a-6731-e7b5f38951a6
2026-10-09 02:24:51.264159,11007.0,7,1g.11gb,,,,580.178.04,GPU-d59cb1c4-ad97-d91a-6731-e7b5f38951a6
2026-10-09 02:24:51.264159,11007.0,8,1g.11gb,,,,580.178.04,GPU-d59cb1c4-ad97-d91a-6731-e7b5f38951a6
2026-10-09 02:24:51.264159,11007.0,9,1g.11gb,,,,580.178.04,GPU-d59cb1c4-ad97-d91a-6731-e7b5f38951a6
2026-10-09 02:24:56.260339,11007.0,10,1g.11gb,,,,580.178.04,GPU-d59cb1c4-ad97-d91a-6731-e7b5f38951a6
2026-10-09 02:24:56.260339,11008.0,11,1g.11gb,gpt2-inference-5d8458fb46-zdp9n,default,gpt2,580.178.04,GPU-d59cb1c4-ad97-d91a-6731-e7b5f38951a6
2026-10-09 02:24:56.260339,11007.0,12,1g.11gb,,,,580.178.04,GPU-d59cb1c4-ad97-d91a-6731-e7b5f38951a6
2026-10-09 02:24:56.260339,11008.0,13,1g.11gb,gpt2-inference-5d8458fb46-8g29c,default,gpt2,580.178.04,GPU-d59cb1c4-ad97-d91a-6731-e7b5f38951a6
2026-10-09 02:24:56.260339,11007.0,7,1g.11gb,,,,580.178.04,GPU-d59cb1c4-ad97-d91a-6731-e7b5f38951a6
2026-10-09 02:24:56.260339,11007.0,8,1g.11gb,,,,580.178.04,GPU-d59cb1c4-ad97-d91a-6731-e7b5f38951a6
2026-10-09 02:24:56.260339,11007.0,9,1g.11gb,,,,580.178.04,GPU-d59cb1c4-ad97-d91a-6731-e7b5f38951a6
2026-10-09 02:25:01.259644,11007.0,10,1g.11gb,,,,580.178.04,GPU-d59cb1c4-ad97-d91a-6731-e7b5f38951a6
2026-10-09 02:25:01.259644,11008.0,11,1g.11gb,gpt2-inference-5d8458fb46-zdp9n,default,gpt2,580.178.04,GPU-d59cb1c4-ad97-d91a-6731-e7b5f38951a6
2026-10-09 02:25:01.259644,11007.0,12,1g.11gb,,,,580.178.04,GPU-d59cb1c4-ad97-d91a-6731-e7b5f38951a6
2026-10-09 02:25:01.259644,11008.0,13,1g.11gb,gpt2-inference-5d8458fb46-8g29c,default,gpt2,580.178.04,GPU-d59cb1c4-ad97-d91a-6731-e7b5f38951a6
2026-10-09 02:25:01.259644,11007.0,7,1g.11gb,,,,580.178.04,GPU-d59cb1c4-ad97-d91a-6731-e7b5f38951a6
2026-10-09 02:25:01.259644,11007.0,8,1g.11gb,,,,580.178.04,GPU-d59cb1c4-ad97-d91a-6731-e7b5f38951a6
2026-10-09 02:25:01.259644,11007.0,9,1g.11gb,,,,580.178.04,GPU-d59cb1c4-ad97-d91a-6731-e7b5f38951a6
2026-10-09 02:25:06.263817,11007.0,10,1g.11gb,,,,580.178.04,GPU-d59cb1c4-ad97-d91a-6731-e7b5f38951a6
2026-10-09 02:25:06.263817,11008.0,11,1g.11gb,gpt2-inference-5d8458fb46-zdp9n,default,gpt2,580.178.04,GPU-d59cb1c4-ad97-d91a-6731-e7b5f38951a6
2026-10-09 02:25:06.263817,11007.0,12,1g.11gb,,,,580.178.04,GPU-d59cb1c4-ad97-d91a-6731-e7b5f38951a6
2026-10-09 02:25:06.263817,11008.0,13,1g.11gb,gpt2-inference-5d8458fb46-8g29c,default,gpt2,580.178.04,GPU-d59cb1c4-ad97-d91a-6731-e7b5f38951a6
2026-10-09 02:25:06.263817,11007.0,7,1g.11gb,,,,580.178.04,GPU-d59cb1c4-ad97-d91a-6731-e7b5f38951a6
2026-10-09 02:25:06.263817,11007.0,8,1g.11gb,,,,580.178.04,GPU-d59cb1c4-ad97-d91a-6731-e7b5f38951a6
2026-10-09 02:25:06.263817,11007.0,9,1g.11gb,,,,580.178.04,GPU-d59cb1c4-ad97-d91a-6731-e7b5f38951a6
2026-10-09 02:25:11.264173,11007.0,10,1g.11gb,,,,580.178.04,GPU-d59cb1c4-ad97-d91a-6731-e7b5f38951a6
2026-10-09 02:25:11.264173,11008.0,11,1g.11gb,gpt2-inference-5d8458fb46-zdp9n,default,gpt2,580.178.04,GPU-d59cb1c4-ad97-d91a-6731-e7b5f38951a6
2026-10-09 02:25:11.264173,11007.0,12,1g.11gb,,,,580.178.04,GPU-d59cb1c4-ad97-d91a-6731-e7b5f38951a6
2026-10-09 02:25:11.264173,11008.0,13,1g.11gb,gpt2-inference-5d8458fb46-8g29c,default,gpt2,580.178.04,GPU-d59cb1c4-ad97-d91a-6731-e7b5f38951a6
2026-10-09 02:25:11.264173,11007.0,7,1g.11gb,,,,580.178.04,GPU-d59cb1c4-ad97-d91a-6731-e7b5f38951a6
2026-10-09 02:25:11.264173,11007.0,8,1g.11gb,,,,580.178.04,GPU-d59cb1c4-ad97-d91a-6731-e7b5f38951a6
2026-10-09 02:25:11.264173,11007.0,9,1g.11gb,,,,580.178.04,GPU-d59cb1c4-ad97-d91a-6731-e7b5f38951a6
2026-10-09 02:25:16.263664,11007.0,10,1g.11gb,,,,580.178.04,GPU-d59cb1c4-ad97-d91a-6731-e7b5f38951a6
2026-10-09 02:25:16.263664,11008.0,11,1g.11gb,gpt2-inference-5d8458fb46-zdp9n,default,gpt2,580.178.04,GPU-d59cb1c4-ad97-d91a-6731-e7b5f38951a6
2026-10-09 02:25:16.263664,11007.0,12,1g.11gb,,,,580.178.04,GPU-d59cb1c4-ad97-d91a-6731-e7b5f38951a6
2026-10-09 02:25:16.263664,11008.0,13,1g.11gb,gpt2-inference-5d8458fb46-8g29c,default,gpt2,580.178.04,GPU-d59cb1c4-ad97-d91a-6731-e7b5f38951a6
2026-10-09 02:25:16.263664,11007.0,7,1g.11gb,,,,580.178.04,GPU-d59cb1c4-ad97-d91a-6731-e7b5f38951a6
2026-10-09 02:25:16.263664,11007.0,8,1g.11gb,,,,580.178.04,GPU-d59cb1c4-ad97-d91a-6731-e7b5f38951a6
2026-10-09 02:25:16.263664,11007.0,9,1g.11gb,,,,580.178.04,GPU-d59cb1c4-ad97-d91a-6731-e7b5f38951a6
2026-10-09 02:25:21.263798,11007.0,10,1g.11gb,,,,580.178.04,GPU-d59cb1c4-ad97-d91a-6731-e7b5f38951a6
2026-10-09 02:25:21.263798,11008.0,11,1g.11gb,gpt2-inference-5d8458fb46-zdp9n,default,gpt2,580.178.04,GPU-d59cb1c4-ad97-d91a-6731-e7b5f38951a6
2026-10-09 02:25:21.263798,11007.0,12,1g.11gb,,,,580.178.04,GPU-d59cb1c4-ad97-d91a-6731-e7b5f38951a6
2026-10-09 02:25:21.263798,11008.0,13,1g.11gb,gpt2-inference-5d8458fb46-8g29c,default,gpt2,580.178.04,GPU-d59cb1c4-ad97-d91a-6731-e7b5f38951a6
2026-10-09 02:25:21.263798,11007.0,7,1g.11gb,,,,580.178.04,GPU-d59cb1c4-ad97-d91a-6731-e7b5f38951a6
2026-10-09 02:25:21.263798,11007.0,8,1g.11gb,,,,580.178.04,GPU-d59cb1c4-ad97-d91a-6731-e7b5f38951a6
2026-10-09 02:25:21.263798,11007.0,9,1g.11gb,,,,580.178.04,GPU-d59cb1c4-ad97-d91a-6731-e7b5f38951a6
2026-10-09 02:25:26.264196,11007.0,10,1g.11gb,,,,580.178.04,GPU-d59cb1c4-ad97-d91a-6731-e7b5f38951a6
2026-10-09 02:25:26.264196,11008.0,11,1g.11gb,gpt2-inference-5d8458fb46-zdp9n,default,gpt2,580.178.04,GPU-d59cb1c4-ad97-d91a-6731-e7b5f38951a6
2026-10-09 02:25:26.264196,11007.0,12,1g.11gb,,,,580.178.04,GPU-d59cb1c4-ad97-d91a-6731-e7b5f38951a6
2026-10-09 02:25:26.264196,11008.0,13,1g.11gb,gpt2-inference-5d8458fb46-8g29c,default,gpt2,580.178.04,GPU-d59cb1c4-ad97-d91a-6731-e7b5f38951a6
2026-10-09 02:25:26.264196,11007.0,7,1g.11gb,,,,580.178.04,GPU-d59cb1c4-ad97-d91a-6731-e7b5f38951a6
2026-10-09 02:25:26.264196,11007.0,8,1g.11gb,,,,580.178.04,GPU-d59cb1c4-ad97-d91a-6731-e7b5f38951a6
2026-10-09 02:25:26.264196,11007.0,9,1g.11gb,,,,580.178.04,GPU-d59cb1c4-ad97-d91a-6731-e7b5f38951a6
2026-10-09 02:25:31.263308,11007.0,10,1g.11gb,,,,580.178.04,GPU-d59cb1c4-ad97-d91a-6731-e7b5f38951a6
2026-10-09 02:25:31.263308,11008.0,11,1g.11gb,gpt2-inference-5d8458fb46-zdp9n,default,gpt2,580.178.04,GPU-d59cb1c4-ad97-d91a-6731-e7b5f38951a6
2026-10-09 02:25:31.263308,11007.0,12,1g.11gb,,,,580.178.04,GPU-d59cb1c4-ad97-d91a-6731-e7b5f38951a6
2026-10-09 02:25:31.263308,11008.0,13,1g.11gb,gpt2-inference-5d8458fb46-8g29c,default,gpt2,580.178.04,GPU-d59cb1c4-ad97-d91a-6731-e7b5f38951a6
2026-10-09 02:25:31.263308,11007.0,7,1g.11gb,,,,580.178.04,GPU-d59cb1c4-ad97-d91a-6731-e7b5f38951a6
2026-10-09 02:25:31.263308,11007.0,8,1g.11gb,,,,580.178.04,GPU-d59cb1c4-ad97-d91a-6731-e7b5f38951a6
2026-10-09 02:25:31.263308,11007.0,9,1g.11gb,,,,580.178.04,GPU-d59cb1c4-ad97-d91a-6731-e7b5f38951a6
2026-10-09 02:25:36.262997,11007.0,10,1g.11gb,,,,580.178.04,GPU-d59cb1c4-ad97-d91a-6731-e7b5f38951a6
2026-10-09 02:25:36.262997,11008.0,11,1g.11gb,gpt2-inference-5d8458fb46-zdp9n,default,gpt2,580.178.04,GPU-d59cb1c4-ad97-d91a-6731-e7b5f38951a6
2026-10-09 02:25:36.262997,11007.0,12,1g.11gb,,,,580.178.04,GPU-d59cb1c4-ad97-d91a-6731-e7b5f38951a6
2026-10-09 02:25:36.262997,11008.0,13,1g.11gb,gpt2-inference-5d8458fb46-8g29c,default,gpt2,580.178.04,GPU-d59cb1c4-ad97-d91a-6731-e7b5f38951a6
2026-10-09 02:25:36.262997,11007.0,7,1g.11gb,,,,580.178.04,GPU-d59cb1c4-ad97-d91a-6731-e7b5f38951a6
2026-10-09 02:25:36.262997,11007.0,8,1g.11gb,,,,580.178.04,GPU-d59cb1c4-ad97-d91a-6731-e7b5f38951a6
2026-10-09 02:25:36.262997,11007.0,9,1g.11gb,,,,580.178.04,GPU-d59cb1c4-ad97-d91a-6731-e7b5f38951a6
2026-10-09 02:25:41.264168,11007.0,10,1g.11gb,,,,580.178.04,GPU-d59cb1c4-ad97-d91a-6731-e7b5f38951a6
2026-10-09 02:25:41.264168,11008.0,11,1g.11gb,gpt2-inference-5d8458fb46-zdp9n,default,gpt2,580.178.04,GPU-d59cb1c4-ad97-d91a-6731-e7b5f38951a6
2026-10-09 02:25:41.264168,11007.0,12,1g.11gb,,,,580.178.04,GPU-d59cb1c4-ad97-d91a-6731-e7b5f38951a6
2026-10-09 02:25:41.264168,11008.0,13,1g.11gb,gpt2-inference-5d8458fb46-8g29c,default,gpt2,580.178.04,GPU-d59cb1c4-ad97-d91a-6731-e7b5f38951a6
2026-10-09 02:25:41.264168,11007.0,7,1g.11gb,,,,580.178.04,GPU-d59cb1c4-ad97-d91a-6731-e7b5f38951a6
2026-10-09 02:25:41.264168,11007.0,8,1g.11gb,,,,580.178.04,GPU-d59cb1c4-ad97-d91a-6731-e7b5f38951a6
2026-10-09 02:25:41.264168,11007.0,9,1g.11gb,,,,580.178.04,GPU-d59cb1c4-ad97-d91a-6731-e7b5f38951a6
2026-10-09 02:25:46.259984,11007.0,10,1g.11gb,,,,580.178.04,GPU-d59cb1c4-ad97-d91a-6731-e7b5f38951a6
2026-10-09 02:25:46.259984,11008.0,11,1g.11gb,gpt2-inference-5d8458fb46-zdp9n,default,gpt2,580.178.04,GPU-d59cb1c4-ad97-d91a-6731-e7b5f38951a6
2026-10-09 02:25:46.259984,11007.0,12,1g.11gb,,,,580.178.04,GPU-d59cb1c4-ad97-d91a-6731-e7b5f38951a6
2026-10-09 02:25:46.259984,11008.0,13,1g.11gb,gpt2-inference-5d8458fb46-8g29c,default,gpt2,580.178.04,GPU-d59cb1c4-ad97-d91a-6731-e7b5f38951a6
2026-10-09 02:25:46.259984,11007.0,7,1g.11gb,,,,580.178.04,GPU-d59cb1c4-ad97-d91a-6731-e7b5f38951a6
2026-10-09 02:25:46.259984,11007.0,8,1g.11gb,,,,580.178.04,GPU-d59cb1c4-ad97-d91a-6731-e7b5f38951a6
2026-10-09 02:25:46.259984,11007.0,9,1g.11gb,,,,580.178.04,GPU-d59cb1c4-ad97-d91a-6731-e7b5f38951a6
2026-10-09 02:25:51.264260,11007.0,10,1g.11gb,,,,580.178.04,GPU-d59cb1c4-ad97-d91a-6731-e7b5f38951a6
2026-10-09 02:25:51.264260,11008.0,11,1g.11gb,gpt2-inference-5d8458fb46-zdp9n,default,gpt2,580.178.04,GPU-d59cb1c4-ad97-d91a-6731-e7b5f38951a6
2026-10-09 02:25:51.264260,11007.0,12,1g.11gb,,,,580.178.04,GPU-d59cb1c4-ad97-d91a-6731-e7b5f38951a6
2026-10-09 02:25:51.264260,11008.0,13,1g.11gb,gpt2-inference-5d8458fb46-8g29c,default,gpt2,580.178.04,GPU-d59cb1c4-ad97-d91a-6731-e7b5f38951a6
2026-10-09 02:25:51.264260,11007.0,7,1g.11gb,,,,580.178.04,GPU-d59cb1c4-ad97-d91a-6731-e7b5f38951a6
2026-10-09 02:25:51.264260,11007.0,8,1g.11gb,,,,580.178.04,GPU-d59cb1c4-ad97-d91a-6731-e7b5f38951a6
2026-10-09 02:25:51.264260,11007.0,9,1g.11gb,,,,580.178.04,GPU-d59cb1c4-ad97-d91a-6731-e7b5f38951a6
2026-10-09 02:25:56.262465,11007.0,10,1g.11gb,,,,580.178.04,GPU-d59cb1c4-ad97-d91a-6731-e7b5f38951a6
2026-10-09 02:25:56.262465,11008.0,11,1g.11gb,gpt2-inference-5d8458fb46-zdp9n,default,gpt2,580.178.04,GPU-d59cb1c4-ad97-d91a-6731-e7b5f38951a6
2026-10-09 02:25:56.262465,11007.0,12,1g.11gb,,,,580.178.04,GPU-d59cb1c4-ad97-d91a-6731-e7b5f38951a6
2026-10-09 02:25:56.262465,11008.0,13,1g.11gb,gpt2-inference-5d8458fb46-8g29c,default,gpt2,580.178.04,GPU-d59cb1c4-ad97-d91a-6731-e7b5f38951a6
2026-10-09 02:25:56.262465,11007.0,7,1g.11gb,,,,580.178.04,GPU-d59cb1c4-ad97-d91a-6731-e7b5f38951a6
2026-10-09 02:25:56.262465,11007.0,8,1g.11gb,,,,580.178.04,GPU-d59cb1c4-ad97-d91a-6731-e7b5f38951a6
2026-10-09 02:25:56.262465,11007.0,9,1g.11gb,,,,580.178.04,GPU-d59cb1c4-ad97-d91a-6731-e7b5f38951a6
2026-10-09 02:26:01.263877,11007.0,10,1g.11gb,,,,580.178.04,GPU-d59cb1c4-ad97-d91a-6731-e7b5f38951a6
2026-10-09 02:26:01.263877,11008.0,11,1g.11gb,gpt2-inference-5d8458fb46-zdp9n,default,gpt2,580.178.04,GPU-d59cb1c4-ad97-d91a-6731-e7b5f38951a6
2026-10-09 02:26:01.263877,11007.0,12,1g.11gb,,,,580.178.04,GPU-d59cb1c4-ad97-d91a-6731-e7b5f38951a6
2026-10-09 02:26:01.263877,11008.0,13,1g.11gb,gpt2-inference-5d8458fb46-8g29c,default,gpt2,580.178.04,GPU-d59cb1c4-ad97-d91a-6731-e7b5f38951a6
2026-10-09 02:26:01.263877,11007.0,7,1g.11gb,,,,580.178.04,GPU-d59cb1c4-ad97-d91a-6731-e7b5f38951a6
2026-10-09 02:26:01.263877,11007.0,8,1g.11gb,,,,580.178.04,GPU-d59cb1c4-ad97-d91a-6731-e7b5f38951a6
2026-10-09 02:26:01.263877,11007.0,9,1g.11gb,,,,580.178.04,GPU-d59cb1c4-ad97-d91a-6731-e7b5f38951a6
2026-10-09 02:26:06.259654,11007.0,10,1g.11gb,,,,580.178.04,GPU-d59cb1c4-ad97-d91a-6731-e7b5f38951a6
2026-10-09 02:26:06.259654,11008.0,11,1g.11gb,gpt2-inference-5d8458fb46-zdp9n,default,gpt2,580.178.04,GPU-d59cb1c4-ad97-d91a-6731-e7b5f38951a6
2026-10-09 02:26:06.259654,11007.0,12,1g.11gb,,,,580.178.04,GPU-d59cb1c4-ad97-d91a-6731-e7b5f38951a6
2026-10-09 02:26:06.259654,11008.0,13,1g.11gb,gpt2-inference-5d8458fb46-8g29c,default,gpt2,580.178.04,GPU-d59cb1c4-ad97-d91a-6731-e7b5f38951a6
2026-10-09 02:26:06.259654,11007.0,7,1g.11gb,,,,580.178.04,GPU-d59cb1c4-ad97-d91a-6731-e7b5f38951a6
2026-10-09 02:26:06.259654,11007.0,8,1g.11gb,,,,580.178.04,GPU-d59cb1c4-ad97-d91a-6731-e7b5f38951a6
2026-10-09 02:26:06.259654,11007.0,9,1g.11gb,,,,580.178.04,GPU-d59cb1c4-ad97-d91a-6731-e7b5f38951a6
2026-10-09 02:26:11.262556,11007.0,10,1g.11gb,,,,580.178.04,GPU-d59cb1c4-ad97-d91a-6731-e7b5f38951a6
2026-10-09 02:26:11.262556,11008.0,11,1g.11gb,gpt2-inference-5d8458fb46-zdp9n,default,gpt2,580.178.04,GPU-d59cb1c4-ad97-d91a-6731-e7b5f38951a6
2026-10-09 02:26:11.262556,11007.0,12,1g.11gb,,,,580.178.04,GPU-d59cb1c4-ad97-d91a-6731-e7b5f38951a6
2026-10-09 02:26:11.262556,11008.0,13,1g.11gb,gpt2-inference-5d8458fb46-8g29c,default,gpt2,580.178.04,GPU-d59cb1c4-ad97-d91a-6731-e7b5f38951a6
2026-10-09 02:26:11.262556,11007.0,7,1g.11gb,,,,580.178.04,GPU-d59cb1c4-ad97-d91a-6731-e7b5f38951a6
2026-10-09 02:26:11.262556,11007.0,8,1g.11gb,,,,580.178.04,GPU-d59cb1c4-ad97-d91a-6731-e7b5f38951a6
2026-10-09 02:26:11.262556,11007.0,9,1g.11gb,,,,580.178.04,GPU-d59cb1c4-ad97-d91a-6731-e7b5f38951a6
2026-10-09 02:26:16.264166,11007.0,10,1g.11gb,,,,580.178.04,GPU-d59cb1c4-ad97-d91a-6731-e7b5f38951a6
2026-10-09 02:26:16.264166,11008.0,11,1g.11gb,gpt2-inference-5d8458fb46-zdp9n,default,gpt2,580.178.04,GPU-d59cb1c4-ad97-d91a-6731-e7b5f38951a6
2026-10-09 02:26:16.264166,11007.0,12,1g.11gb,,,,580.178.04,GPU-d59cb1c4-ad97-d91a-6731-e7b5f38951a6
2026-10-09 02:26:16.264166,11008.0,13,1g.11gb,gpt2-inference-5d8458fb46-8g29c,default,gpt2,580.178.04,GPU-d59cb1c4-ad97-d91a-6731-e7b5f38951a6
2026-10-09 02:26:16.264166,11007.0,7,1g.11gb,,,,580.178.04,GPU-d59cb1c4-ad97-d91a-6731-e7b5f38951a6
2026-10-09 02:26:16.264166,11007.0,8,1g.11gb,,,,580.178.04,GPU-d59cb1c4-ad97-d91a-6731-e7b5f38951a6
2026-10-09 02:26:16.264166,11007.0,9,1g.11gb,,,,580.178.04,GPU-d59cb1c4-ad97-d91a-6731-e7b5f38951a6
2026-10-09 02:26:21.260247,11007.0,10,1g.11gb,,,,580.178.04,GPU-d59cb1c4-ad97-d91a-6731-e7b5f38951a6
2026-10-09 02:26:21.260247,11008.0,11,1g.11gb,gpt2-inference-5d8458fb46-zdp9n,default,gpt2,580.178.04,GPU-d59cb1c4-ad97-d91a-6731-e7b5f38951a6
2026-10-09 02:26:21.260247,11007.0,12,1g.11gb,,,,580.178.04,GPU-d59cb1c4-ad97-d91a-6731-e7b5f38951a6
2026-10-09 02:26:21.260247,11008.0,13,1g.11gb,gpt2-inference-5d8458fb46-8g29c,default,gpt2,580.178.04,GPU-d59cb1c4-ad97-d91a-6731-e7b5f38951a6
2026-10-09 02:26:21.260247,11007.0,7,1g.11gb,,,,580.178.04,GPU-d59cb1c4-ad97-d91a-6731-e7b5f38951a6
2026-10-09 02:26:21.260247,11007.0,8,1g.11gb,,,,580.178.04,GPU-d59cb1c4-ad97-d91a-6731-e7b5f38951a6
2026-10-09 02:26:21.260247,11007.0,9,1g.11gb,,,,580.178.04,GPU-d59cb1c4-ad97-d91a-6731-e7b5f38951a6
2026-10-09 02:26:26.262733,11007.0,10,1g.11gb,,,,580.178.04,GPU-d59cb1c4-ad97-d91a-6731-e7b5f38951a6
2026-10-09 02:26:26.262733,11008.0,11,1g.11gb,gpt2-inference-5d8458fb46-zdp9n,default,gpt2,580.178.04,GPU-d59cb1c4-ad97-d91a-6731-e7b5f38951a6
2026-10-09 02:26:26.262733,11007.0,12,1g.11gb,,,,580.178.04,GPU-d59cb1c4-ad97-d91a-6731-e7b5f38951a6
2026-10-09 02:26:26.262733,11008.0,13,1g.11gb,gpt2-inference-5d8458fb46-8g29c,default,gpt2,580.178.04,GPU-d59cb1c4-ad97-d91a-6731-e7b5f38951a6
2026-10-09 02:26:26.262733,11007.0,7,1g.11gb,,,,580.178.04,GPU-d59cb1c4-ad97-d91a-6731-e7b5f38951a6
2026-10-09 02:26:26.262733,11007.0,8,1g.11gb,,,,580.178.04,GPU-d59cb1c4-ad97-d91a-6731-e7b5f38951a6
2026-10-09 02:26:26.262733,11007.0,9,1g.11gb,,,,580.178.04,GPU-d59cb1c4-ad97-d91a-6731-e7b5f38951a6
2026-10-09 02:26:31.264153,11007.0,10,1g.11gb,,,,580.178.04,GPU-d59cb1c4-ad97-d91a-6731-e7b5f38951a6
2026-10-09 02:26:31.264153,11008.0,11,1g.11gb,gpt2-inference-5d8458fb46-zdp9n,default,gpt2,580.178.04,GPU-d59cb1c4-ad97-d91a-6731-e7b5f38951a6
2026-10-09 02:26:31.264153,11007.0,12,1g.11gb,,,,580.178.04,GPU-d59cb1c4-ad97-d91a-6731-e7b5f38951a6
2026-10-09 02:26:31.264153,11008.0,13,1g.11gb,gpt2-inference-5d8458fb46-8g29c,default,gpt2,580.178.04,GPU-d59cb1c4-ad97-d91a-6731-e7b5f38951a6
2026-10-09 02:26:31.264153,11007.0,7,1g.11gb,,,,580.178.04,GPU-d59cb1c4-ad97-d91a-6731-e7b5f38951a6
2026-10-09 02:26:31.264153,11007.0,8,1g.11gb,,,,580.178.04,GPU-d59cb1c4-ad97-d91a-6731-e7b5f38951a6
2026-10-09 02:26:31.264153,11007.0,9,1g.11gb,,,,580.178.04,GPU-d59cb1c4-ad97-d91a-6731-e7b5f38951a6
2026-10-09 02:26:36.264168,11007.0,10,1g.11gb,,,,580.178.04,GPU-d59cb1c4-ad97-d91a-6731-e7b5f38951a6
2026-10-09 02:26:36.264168,11008.0,11,1g.11gb,gpt2-inference-5d8458fb46-zdp9n,default,gpt2,580.178.04,GPU-d59cb1c4-ad97-d91a-6731-e7b5f38951a6
2026-10-09 02:26:36.264168,11007.0,12,1g.11gb,,,,580.178.04,GPU-d59cb1c4-ad97-d91a-6731-e7b5f38951a6
2026-10-09 02:26:36.264168,11008.0,13,1g.11gb,gpt2-inference-5d8458fb46-8g29c,default,gpt2,580.178.04,GPU-d59cb1c4-ad97-d91a-6731-e7b5f38951a6
2026-10-09 02:26:36.264168,11007.0,7,1g.11gb,,,,580.178.04,GPU-d59cb1c4-ad97-d91a-6731-e7b5f38951a6
2026-10-09 02:26:36.264168,11007.0,8,1g.11gb,,,,580.178.04,GPU-d59cb1c4-ad97-d91a-6731-e7b5f38951a6
2026-10-09 02:26:36.264168,11007.0,9,1g.11gb,,,,580.178.04,GPU-d59cb1c4-ad97-d91a-6731-e7b5f38951a6
2026-10-09 02:26:41.259782,11007.0,10,1g.11gb,,,,580.178.04,GPU-d59cb1c4-ad97-d91a-6731-e7b5f38951a6
2026-10-09 02:26:41.259782,11008.0,11,1g.11gb,gpt2-inference-5d8458fb46-zdp9n,default,gpt2,580.178.04,GPU-d59cb1c4-ad97-d91a-6731-e7b5f38951a6
2026-10-09 02:26:41.259782,11007.0,12,1g.11gb,,,,580.178.04,GPU-d59cb1c4-ad97-d91a-6731-e7b5f38951a6
2026-10-09 02:26:41.259782,11008.0,13,1g.11gb,gpt2-inference-5d8458fb46-8g29c,default,gpt2,580.178.04,GPU-d59cb1c4-ad97-d91a-6731-e7b5f38951a6
2026-10-09 02:26:41.259782,11007.0,7,1g.11gb,,,,580.178.04,GPU-d59cb1c4-ad97-d91a-6731-e7b5f38951a6
2026-10-09 02:26:41.259782,11007.0,8,1g.11gb,,,,580.178.04,GPU-d59cb1c4-ad97-d91a-6731-e7b5f38951a6
2026-10-09 02:26:41.259782,11007.0,9,1g.11gb,,,,580.178.04,GPU-d59cb1c4-ad97-d91a-6731-e7b5f38951a6
2026-10-09 02:26:46.264253,11007.0,10,1g.11gb,,,,580.178.04,GPU-d59cb1c4-ad97-d91a-6731-e7b5f38951a6
2026-10-09 02:26:46.264253,11008.0,11,1g.11gb,gpt2-inference-5d8458fb46-zdp9n,default,gpt2,580.178.04,GPU-d59cb1c4-ad97-d91a-6731-e7b5f38951a6
2026-10-09 02:26:46.264253,11007.0,12,1g.11gb,,,,580.178.04,GPU-d59cb1c4-ad97-d91a-6731-e7b5f38951a6
2026-10-09 02:26:46.264253,11008.0,13,1g.11gb,gpt2-inference-5d8458fb46-8g29c,default,gpt2,580.178.04,GPU-d59cb1c4-ad97-d91a-6731-e7b5f38951a6
2026-10-09 02:26:46.264253,11007.0,7,1g.11gb,,,,580.178.04,GPU-d59cb1c4-ad97-d91a-6731-e7b5f38951a6
2026-10-09 02:26:46.264253,11007.0,8,1g.11gb,,,,580.178.04,GPU-d59cb1c4-ad97-d91a-6731-e7b5f38951a6
2026-10-09 02:26:46.264253,11007.0,9,1g.11gb,,,,580.178.04,GPU-d59cb1c4-ad97-d91a-6731-e7b5f38951a6
2026-10-09 02:26:51.264158,11007.0,10,1g.11gb,,,,580.178.04,GPU-d59cb1c4-ad97-d91a-6731-e7b5f38951a6
2026-10-09 02:26:51.264158,11008.0,11,1g.11gb,gpt2-inference-5d8458fb46-zdp9n,default,gpt2,580.178.04,GPU-d59cb1c4-ad97-d91a-6731-e7b5f38951a6
2026-10-09 02:26:51.264158,11007.0,12,1g.11gb,,,,580.178.04,GPU-d59cb1c4-ad97-d91a-6731-e7b5f38951a6
2026-10-09 02:26:51.264158,11008.0,13,1g.11gb,gpt2-inference-5d8458fb46-8g29c,default,gpt2,580.178.04,GPU-d59cb1c4-ad97-d91a-6731-e7b5f38951a6
2026-10-09 02:26:51.264158,11007.0,7,1g.11gb,,,,580.178.04,GPU-d59cb1c4-ad97-d91a-6731-e7b5f38951a6
2026-10-09 02:26:51.264158,11007.0,8,1g.11gb,,,,580.178.04,GPU-d59cb1c4-ad97-d91a-6731-e7b5f38951a6
2026-10-09 02:26:51.264158,11007.0,9,1g.11gb,,,,580.178.04,GPU-d59cb1c4-ad97-d91a-6731-e7b5f38951a6
2026-10-09 02:26:56.264163,11007.0,10,1g.11gb,,,,580.178.04,GPU-d59cb1c4-ad97-d91a-6731-e7b5f38951a6
2026-10-09 02:26:56.264163,11008.0,11,1g.11gb,gpt2-inference-5d8458fb46-zdp9n,default,gpt2,580.178.04,GPU-d59cb1c4-ad97-d91a-6731-e7b5f38951a6
2026-10-09 02:26:56.264163,11007.0,12,1g.11gb,,,,580.178.04,GPU-d59cb1c4-ad97-d91a-6731-e7b5f38951a6
2026-10-09 02:26:56.264163,11008.0,13,1g.11gb,gpt2-inference-5d8458fb46-8g29c,default,gpt2,580.178.04,GPU-d59cb1c4-ad97-d91a-6731-e7b5f38951a6
2026-10-09 02:26:56.264163,11007.0,7,1g.11gb,,,,580.178.04,GPU-d59cb1c4-ad97-d91a-6731-e7b5f38951a6
2026-10-09 02:26:56.264163,11007.0,8,1g.11gb,,,,580.178.04,GPU-d59cb1c4-ad97-d91a-6731-e7b5f38951a6
2026-10-09 02:26:56.264163,11007.0,9,1g.11gb,,,,580.178.04,GPU-d59cb1c4-ad97-d91a-6731-e7b5f38951a6
2026-10-09 02:27:01.262336,11007.0,10,1g.11gb,,,,580.178.04,GPU-d59cb1c4-ad97-d91a-6731-e7b5f38951a6
2026-10-09 02:27:01.262336,11008.0,11,1g.11gb,gpt2-inference-5d8458fb46-zdp9n,default,gpt2,580.178.04,GPU-d59cb1c4-ad97-d91a-6731-e7b5f38951a6
2026-10-09 02:27:01.262336,11007.0,12,1g.11gb,,,,580.178.04,GPU-d59cb1c4-ad97-d91a-6731-e7b5f38951a6
2026-10-09 02:27:01.262336,11008.0,13,1g.11gb,gpt2-inference-5d8458fb46-8g29c,default,gpt2,580.178.04,GPU-d59cb1c4-ad97-d91a-6731-e7b5f38951a6
2026-10-09 02:27:01.262336,11007.0,7,1g.11gb,,,,580.178.04,GPU-d59cb1c4-ad97-d91a-6731-e7b5f38951a6
2026-10-09 02:27:01.262336,11007.0,8,1g.11gb,,,,580.178.04,GPU-d59cb1c4-ad97-d91a-6731-e7b5f38951a6
2026-10-09 02:27:01.262336,11007.0,9,1g.11gb,,,,580.178.04,GPU-d59cb1c4-ad97-d91a-6731-e7b5f38951a6
2026-10-09 02:27:06.263176,11007.0,10,1g.11gb,,,,580.178.04,GPU-d59cb1c4-ad97-d91a-6731-e7b5f38951a6
2026-10-09 02:27:06.263176,11008.0,11,1g.11gb,gpt2-inference-5d8458fb46-zdp9n,default,gpt2,580.178.04,GPU-d59cb1c4-ad97-d91a-6731-e7b5f38951a6
2026-10-09 02:27:06.263176,11007.0,12,1g.11gb,,,,580.178.04,GPU-d59cb1c4-ad97-d91a-6731-e7b5f38951a6
2026-10-09 02:27:06.263176,11008.0,13,1g.11gb,gpt2-inference-5d8458fb46-8g29c,default,gpt2,580.178.04,GPU-d59cb1c4-ad97-d91a-6731-e7b5f38951a6
2026-10-09 02:27:06.263176,11007.0,7,1g.11gb,,,,580.178.04,GPU-d59cb1c4-ad97-d91a-6731-e7b5f38951a6
2026-10-09 02:27:06.263176,11007.0,8,1g.11gb,,,,580.178.04,GPU-d59cb1c4-ad97-d91a-6731-e7b5f38951a6
2026-10-09 02:27:06.263176,11007.0,9,1g.11gb,,,,580.178.04,GPU-d59cb1c4-ad97-d91a-6731-e7b5f38951a6
2026-10-09 02:27:11.263665,11007.0,10,1g.11gb,,,,580.178.04,GPU-d59cb1c4-ad97-d91a-6731-e7b5f38951a6
2026-10-09 02:27:11.263665,11008.0,11,1g.11gb,gpt2-inference-5d8458fb46-zdp9n,default,gpt2,580.178.04,GPU-d59cb1c4-ad97-d91a-6731-e7b5f38951a6
2026-10-09 02:27:11.263665,11007.0,12,1g.11gb,,,,580.178.04,GPU-d59cb1c4-ad97-d91a-6731-e7b5f38951a6
2026-10-09 02:27:11.263665,11008.0,13,1g.11gb,gpt2-inference-5d8458fb46-8g29c,default,gpt2,580.178.04,GPU-d59cb1c4-ad97-d91a-6731-e7b5f38951a6
2026-10-09 02:27:11.263665,11007.0,7,1g.11gb,,,,580.178.04,GPU-d59cb1c4-ad97-d91a-6731-e7b5f38951a6
2026-10-09 02:27:11.263665,11007.0,8,1g.11gb,,,,580.178.04,GPU-d59cb1c4-ad97-d91a-6731-e7b5f38951a6
2026-10-09 02:27:11.263665,11007.0,9,1g.11gb,,,,580.178.04,GPU-d59cb1c4-ad97-d91a-6731-e7b5f38951a6
2026-10-09 02:27:16.262810,11007.0,10,1g.11gb,,,,580.178.04,GPU-d59cb1c4-ad97-d91a-6731-e7b5f38951a6
2026-10-09 02:27:16.262810,11008.0,11,1g.11gb,gpt2-inference-5d8458fb46-zdp9n,default,gpt2,580.178.04,GPU-d59cb1c4-ad97-d91a-6731-e7b5f38951a6
2026-10-09 02:27:16.262810,11007.0,12,1g.11gb,,,,580.178.04,GPU-d59cb1c4-ad97-d91a-6731-e7b5f38951a6
2026-10-09 02:27:16.262810,11008.0,13,1g.11gb,gpt2-inference-5d8458fb46-8g29c,default,gpt2,580.178.04,GPU-d59cb1c4-ad97-d91a-6731-e7b5f38951a6
2026-10-09 02:27:16.262810,11007.0,7,1g.11gb,,,,580.178.04,GPU-d59cb1c4-ad97-d91a-6731-e7b5f38951a6
2026-10-09 02:27:16.262810,11007.0,8,1g.11gb,,,,580.178.04,GPU-d59cb1c4-ad97-d91a-6731-e7b5f38951a6
2026-10-09 02:27:16.262810,11007.0,9,1g.11gb,,,,580.178.04,GPU-d59cb1c4-ad97-d91a-6731-e7b5f38951a6
2026-10-09 02:27:21.264153,11007.0,10,1g.11gb,,,,580.178.04,GPU-d59cb1c4-ad97-d91a-6731-e7b5f38951a6
2026-10-09 02:27:21.264153,11008.0,11,1g.11gb,gpt2-inference-5d8458fb46-zdp9n,default,gpt2,580.178.04,GPU-d59cb1c4-ad97-d91a-6731-e7b5f38951a6
2026-10-09 02:27:21.264153,11007.0,12,1g.11gb,,,,580.178.04,GPU-d59cb1c4-ad97-d91a-6731-e7b5f38951a6
2026-10-09 02:27:21.264153,11008.0,13,1g.11gb,gpt2-inference-5d8458fb46-8g29c,default,gpt2,580.178.04,GPU-d59cb1c4-ad97-d91a-6731-e7b5f38951a6
2026-10-09 02:27:21.264153,11007.0,7,1g.11gb,,,,580.178.04,GPU-d59cb1c4-ad97-d91a-6731-e7b5f38951a6
2026-10-09 02:27:21.264153,11007.0,8,1g.11gb,,,,580.178.04,GPU-d59cb1c4-ad97-d91a-6731-e7b5f38951a6
2026-10-09 02:27:21.264153,11007.0,9,1g.11gb,,,,580.178.04,GPU-d59cb1c4-ad97-d91a-6731-e7b5f38951a6
2026-10-09 02:27:26.263664,11007.0,10,1g.11gb,,,,580.178.04,GPU-d59cb1c4-ad97-d91a-6731-e7b5f38951a6
2026-10-09 02:27:26.263664,11008.0,11,1g.11gb,gpt2-inference-5d8458fb46-zdp9n,default,gpt2,580.178.04,GPU-d59cb1c4-ad97-d91a-6731-e7b5f38951a6
2026-10-09 02:27:26.263664,11007.0,12,1g.11gb,,,,580.178.04,GPU-d59cb1c4-ad97-d91a-6731-e7b5f38951a6
2026-10-09 02:27:26.263664,11008.0,13,1g.11gb,gpt2-inference-5d8458fb46-8g29c,default,gpt2,580.178.04,GPU-d59cb1c4-ad97-d91a-6731-e7b5f38951a6
2026-10-09 02:27:26.263664,11007.0,7,1g.11gb,,,,580.178.04,GPU-d59cb1c4-ad97-d91a-6731-e7b5f38951a6
2026-10-09 02:27:26.263664,11007.0,8,1g.11gb,,,,580.178.04,GPU-d59cb1c4-ad97-d91a-6731-e7b5f38951a6
2026-10-09 02:27:26.263664,11007.0,9,1g.11gb,,,,580.178.04,GPU-d59cb1c4-ad97-d91a-6731-e7b5f38951a6
2026-10-09 02:27:31.264158,11007.0,10,1g.11gb,,,,580.178.04,GPU-d59cb1c4-ad97-d91a-6731-e7b5f38951a6
2026-10-09 02:27:31.264158,11008.0,11,1g.11gb,gpt2-inference-5d8458fb46-zdp9n,default,gpt2,580.178.04,GPU-d59cb1c4-ad97-d91a-6731-e7b5f38951a6
2026-10-09 02:27:31.264158,11007.0,12,1g.11gb,,,,580.178.04,GPU-d59cb1c4-ad97-d91a-6731-e7b5f38951a6
2026-10-09 02:27:31.264158,11008.0,13,1g.11gb,gpt2-inference-5d8458fb46-8g29c,default,gpt2,580.178.04,GPU-d59cb1c4-ad97-d91a-6731-e7b5f38951a6
2026-10-09 02:27:31.264158,11007.0,7,1g.11gb,,,,580.178.04,GPU-d59cb1c4-ad97-d91a-6731-e7b5f38951a6
2026-10-09 02:27:31.264158,11007.0,8,1g.11gb,,,,580.178.04,GPU-d59cb1c4-ad97-d91a-6731-e7b5f38951a6
2026-10-09 02:27:31.264158,11007.0,9,1g.11gb,,,,580.178.04,GPU-d59cb1c4-ad97-d91a-6731-e7b5f38951a6
2026-10-09 02:27:36.263784,11007.0,10,1g.11gb,,,,580.178.04,GPU-d59cb1c4-ad97-d91a-6731-e7b5f38951a6
2026-10-09 02:27:36.263784,11008.0,11,1g.11gb,gpt2-inference-5d8458fb46-zdp9n,default,gpt2,580.178.04,GPU-d59cb1c4-ad97-d91a-6731-e7b5f38951a6
2026-10-09 02:27:36.263784,11007.0,12,1g.11gb,,,,580.178.04,GPU-d59cb1c4-ad97-d91a-6731-e7b5f38951a6
2026-10-09 02:27:36.263784,11008.0,13,1g.11gb,gpt2-inference-5d8458fb46-8g29c,default,gpt2,580.178.04,GPU-d59cb1c4-ad97-d91a-6731-e7b5f38951a6
2026-10-09 02:27:36.263784,11007.0,7,1g.11gb,,,,580.178.04,GPU-d59cb1c4-ad97-d91a-6731-e7b5f38951a6
2026-10-09 02:27:36.263784,11007.0,8,1g.11gb,,,,580.178.04,GPU-d59cb1c4-ad97-d91a-6731-e7b5f38951a6
2026-10-09 02:27:36.263784,11007.0,9,1g.11gb,,,,580.178.04,GPU-d59cb1c4-ad97-d91a-6731-e7b5f38951a6
2026-10-09 02:27:41.264164,11007.0,10,1g.11gb,,,,580.178.04,GPU-d59cb1c4-ad97-d91a-6731-e7b5f38951a6
2026-10-09 02:27:41.264164,11008.0,11,1g.11gb,gpt2-inference-5d8458fb46-zdp9n,default,gpt2,580.178.04,GPU-d59cb1c4-ad97-d91a-6731-e7b5f38951a6
2026-10-09 02:27:41.264164,11007.0,12,1g.11gb,,,,580.178.04,GPU-d59cb1c4-ad97-d91a-6731-e7b5f38951a6
2026-10-09 02:27:41.264164,11008.0,13,1g.11gb,gpt2-inference-5d8458fb46-8g29c,default,gpt2,580.178.04,GPU-d59cb1c4-ad97-d91a-6731-e7b5f38951a6
2026-10-09 02:27:41.264164,11007.0,7,1g.11gb,,,,580.178.04,GPU-d59cb1c4-ad97-d91a-6731-e7b5f38951a6
2026-10-09 02:27:41.264164,11007.0,8,1g.11gb,,,,580.178.04,GPU-d59cb1c4-ad97-d91a-6731-e7b5f38951a6
2026-10-09 02:27:41.264164,11007.0,9,1g.11gb,,,,580.178.04,GPU-d59cb1c4-ad97-d91a-6731-e7b5f38951a6
2026-10-09 02:27:46.263650,11007.0,10,1g.11gb,,,,580.178.04,GPU-d59cb1c4-ad97-d91a-6731-e7b5f38951a6
2026-10-09 02:27:46.263650,11008.0,11,1g.11gb,gpt2-inference-5d8458fb46-zdp9n,default,gpt2,580.178.04,GPU-d59cb1c4-ad97-d91a-6731-e7b5f38951a6
2026-10-09 02:27:46.263650,11007.0,12,1g.11gb,,,,580.178.04,GPU-d59cb1c4-ad97-d91a-6731-e7b5f38951a6
2026-10-09 02:27:46.263650,11008.0,13,1g.11gb,gpt2-inference-5d8458fb46-8g29c,default,gpt2,580.178.04,GPU-d59cb1c4-ad97-d91a-6731-e7b5f38951a6
2026-10-09 02:27:46.263650,11007.0,7,1g.11gb,,,,580.178.04,GPU-d59cb1c4-ad97-d91a-6731-e7b5f38951a6
2026-10-09 02:27:46.263650,11007.0,8,1g.11gb,,,,580.178.04,GPU-d59cb1c4-ad97-d91a-6731-e7b5f38951a6
2026-10-09 02:27:46.263650,11007.0,9,1g.11gb,,,,580.178.04,GPU-d59cb1c4-ad97-d91a-6731-e7b5f38951a6
2026-10-09 02:27:51.263653,11007.0,10,1g.11gb,,,,580.178.04,GPU-d59cb1c4-ad97-d91a-6731-e7b5f38951a6
2026-10-09 02:27:51.263653,11008.0,11,1g.11gb,gpt2-inference-5d8458fb46-zdp9n,default,gpt2,580.178.04,GPU-d59cb1c4-ad97-d91a-6731-e7b5f38951a6
2026-10-09 02:27:51.263653,11007.0,12,1g.11gb,,,,580.178.04,GPU-d59cb1c4-ad97-d91a-6731-e7b5f38951a6
2026-10-09 02:27:51.263653,11008.0,13,1g.11gb,gpt2-inference-5d8458fb46-8g29c,default,gpt2,580.178.04,GPU-d59cb1c4-ad97-d91a-6731-e7b5f38951a6
2026-10-09 02:27:51.263653,11007.0,7,1g.11gb,,,,580.178.04,GPU-d59cb1c4-ad97-d91a-6731-e7b5f38951a6
2026-10-09 02:27:51.263653,11007.0,8,1g.11gb,,,,580.178.04,GPU-d59cb1c4-ad97-d91a-6731-e7b5f38951a6
2026-10-09 02:27:51.263653,11007.0,9,1g.11gb,,,,580.178.04,GPU-d59cb1c4-ad97-d91a-6731-e7b5f38951a6
2026-10-09 02:27:56.261356,11007.0,10,1g.11gb,,,,580.178.04,GPU-d59cb1c4-ad97-d91a-6731-e7b5f38951a6
2026-10-09 02:27:56.261356,11008.0,11,1g.11gb,gpt2-inference-5d8458fb46-zdp9n,default,gpt2,580.178.04,GPU-d59cb1c4-ad97-d91a-6731-e7b5f38951a6
2026-10-09 02:27:56.261356,11007.0,12,1g.11gb,,,,580.178.04,GPU-d59cb1c4-ad97-d91a-6731-e7b5f38951a6
2026-10-09 02:27:56.261356,11008.0,13,1g.11gb,gpt2-inference-5d8458fb46-8g29c,default,gpt2,580.178.04,GPU-d59cb1c4-ad97-d91a-6731-e7b5f38951a6
2026-10-09 02:27:56.261356,11007.0,7,1g.11gb,,,,580.178.04,GPU-d59cb1c4-ad97-d91a-6731-e7b5f38951a6
2026-10-09 02:27:56.261356,11007.0,8,1g.11gb,,,,580.178.04,GPU-d59cb1c4-ad97-d91a-6731-e7b5f38951a6
2026-10-09 02:27:56.261356,11007.0,9,1g.11gb,,,,580.178.04,GPU-d59cb1c4-ad97-d91a-6731-e7b5f38951a6
2026-10-09 02:28:01.262638,11007.0,10,1g.11gb,,,,580.178.04,GPU-d59cb1c4-ad97-d91a-6731-e7b5f38951a6
2026-10-09 02:28:01.262638,11008.0,11,1g.11gb,gpt2-inference-5d8458fb46-zdp9n,default,gpt2,580.178.04,GPU-d59cb1c4-ad97-d91a-6731-e7b5f38951a6
2026-10-09 02:28:01.262638,11007.0,12,1g.11gb,,,,580.178.04,GPU-d59cb1c4-ad97-d91a-6731-e7b5f38951a6
2026-10-09 02:28:01.262638,11008.0,13,1g.11gb,gpt2-inference-5d8458fb46-8g29c,default,gpt2,580.178.04,GPU-d59cb1c4-ad97-d91a-6731-e7b5f38951a6
2026-10-09 02:28:01.262638,11007.0,7,1g.11gb,,,,580.178.04,GPU-d59cb1c4-ad97-d91a-6731-e7b5f38951a6
2026-10-09 02:28:01.262638,11007.0,8,1g.11gb,,,,580.178.04,GPU-d59cb1c4-ad97-d91a-6731-e7b5f38951a6
2026-10-09 02:28:01.262638,11007.0,9,1g.11gb,,,,580.178.04,GPU-d59cb1c4-ad97-d91a-6731-e7b5f38951a6
2026-10-09 02:28:06.264164,11007.0,10,1g.11gb,,,,580.178.04,GPU-d59cb1c4-ad97-d91a-6731-e7b5f38951a6
2026-10-09 02:28:06.264164,11008.0,11,1g.11gb,gpt2-inference-5d8458fb46-zdp9n,default,gpt2,580.178.04,GPU-d59cb1c4-ad97-d91a-6731-e7b5f38951a6
2026-10-09 02:28:06.264164,11007.0,12,1g.11gb,,,,580.178.04,GPU-d59cb1c4-ad97-d91a-6731-e7b5f38951a6
2026-10-09 02:28:06.264164,11008.0,13,1g.11gb,gpt2-inference-5d8458fb46-8g29c,default,gpt2,580.178.04,GPU-d59cb1c4-ad97-d91a-6731-e7b5f38951a6
2026-10-09 02:28:06.264164,11007.0,7,1g.11gb,,,,580.178.04,GPU-d59cb1c4-ad97-d91a-6731-e7b5f38951a6
2026-10-09 02:28:06.264164,11007.0,8,1g.11gb,,,,580.178.04,GPU-d59cb1c4-ad97-d91a-6731-e7b5f38951a6
2026-10-09 02:28:06.264164,11007.0,9,1g.11gb,,,,580.178.04,GPU-d59cb1c4-ad97-d91a-6731-e7b5f38951a6
2026-10-09 02:28:11.264227,11007.0,10,1g.11gb,,,,580.178.04,GPU-d59cb1c4-ad97-d91a-6731-e7b5f38951a6
2026-10-09 02:28:11.264227,11008.0,11,1g.11gb,gpt2-inference-5d8458fb46-zdp9n,default,gpt2,580.178.04,GPU-d59cb1c4-ad97-d91a-6731-e7b5f38951a6
2026-10-09 02:28:11.264227,11007.0,12,1g.11gb,,,,580.178.04,GPU-d59cb1c4-ad97-d91a-6731-e7b5f38951a6
2026-10-09 02:28:11.264227,11008.0,13,1g.11gb,gpt2-inference-5d8458fb46-8g29c,default,gpt2,580.178.04,GPU-d59cb1c4-ad97-d91a-6731-e7b5f38951a6
2026-10-09 02:28:11.264227,11007.0,7,1g.11gb,,,,580.178.04,GPU-d59cb1c4-ad97-d91a-6731-e7b5f38951a6
2026-10-09 02:28:11.264227,11007.0,8,1g.11gb,,,,580.178.04,GPU-d59cb1c4-ad97-d91a-6731-e7b5f38951a6
2026-10-09 02:28:11.264227,11007.0,9,1g.11gb,,,,580.178.04,GPU-d59cb1c4-ad97-d91a-6731-e7b5f38951a6
2026-10-09 02:28:16.264275,11007.0,10,1g.11gb,,,,580.178.04,GPU-d59cb1c4-ad97-d91a-6731-e7b5f38951a6
2026-10-09 02:28:16.264275,11008.0,11,1g.11gb,gpt2-inference-5d8458fb46-zdp9n,default,gpt2,580.178.04,GPU-d59cb1c4-ad97-d91a-6731-e7b5f38951a6
2026-10-09 02:28:16.264275,11007.0,12,1g.11gb,,,,580.178.04,GPU-d59cb1c4-ad97-d91a-6731-e7b5f38951a6
2026-10-09 02:28:16.264275,11008.0,13,1g.11gb,gpt2-inference-5d8458fb46-8g29c,default,gpt2,580.178.04,GPU-d59cb1c4-ad97-d91a-6731-e7b5f38951a6
2026-10-09 02:28:16.264275,11007.0,7,1g.11gb,,,,580.178.04,GPU-d59cb1c4-ad97-d91a-6731-e7b5f38951a6
2026-10-09 02:28:16.264275,11007.0,8,1g.11gb,,,,580.178.04,GPU-d59cb1c4-ad97-d91a-6731-e7b5f38951a6
2026-10-09 02:28:16.264275,11007.0,9,1g.11gb,,,,580.178.04,GPU-d59cb1c4-ad97-d91a-6731-e7b5f38951a6
2026-10-09 02:28:21.259790,11007.0,10,1g.11gb,,,,580.178.04,GPU-d59cb1c4-ad97-d91a-6731-e7b5f38951a6
2026-10-09 02:28:21.259790,11008.0,11,1g.11gb,gpt2-inference-5d8458fb46-zdp9n,default,gpt2,580.178.04,GPU-d59cb1c4-ad97-d91a-6731-e7b5f38951a6
2026-10-09 02:28:21.259790,11007.0,12,1g.11gb,,,,580.178.04,GPU-d59cb1c4-ad97-d91a-6731-e7b5f38951a6
2026-10-09 02:28:21.259790,11008.0,13,1g.11gb,gpt2-inference-5d8458fb46-8g29c,default,gpt2,580.178.04,GPU-d59cb1c4-ad97-d91a-6731-e7b5f38951a6
2026-10-09 02:28:21.259790,11007.0,7,1g.11gb,,,,580.178.04,GPU-d59cb1c4-ad97-d91a-6731-e7b5f38951a6
2026-10-09 02:28:21.259790,11007.0,8,1g.11gb,,,,580.178.04,GPU-d59cb1c4-ad97-d91a-6731-e7b5f38951a6
2026-10-09 02:28:21.259790,11007.0,9,1g.11gb,,,,580.178.04,GPU-d59cb1c4-ad97-d91a-6731-e7b5f38951a6
2026-10-09 02:28:26.264191,11007.0,10,1g.11gb,,,,580.178.04,GPU-d59cb1c4-ad97-d91a-6731-e7b5f38951a6
2026-10-09 02:28:26.264191,11008.0,11,1g.11gb,gpt2-inference-5d8458fb46-zdp9n,default,gpt2,580.178.04,GPU-d59cb1c4-ad97-d91a-6731-e7b5f38951a6
2026-10-09 02:28:26.264191,11007.0,12,1g.11gb,,,,580.178.04,GPU-d59cb1c4-ad97-d91a-6731-e7b5f38951a6
2026-10-09 02:28:26.264191,11008.0,13,1g.11gb,gpt2-inference-5d8458fb46-8g29c,default,gpt2,580.178.04,GPU-d59cb1c4-ad97-d91a-6731-e7b5f38951a6
2026-10-09 02:28:26.264191,11007.0,7,1g.11gb,,,,580.178.04,GPU-d59cb1c4-ad97-d91a-6731-e7b5f38951a6
2026-10-09 02:28:26.264191,11007.0,8,1g.11gb,,,,580.178.04,GPU-d59cb1c4-ad97-d91a-6731-e7b5f38951a6
2026-10-09 02:28:26.264191,11007.0,9,1g.11gb,,,,580.178.04,GPU-d59cb1c4-ad97-d91a-6731-e7b5f38951a6
2026-10-09 02:28:31.264131,11007.0,10,1g.11gb,,,,580.178.04,GPU-d59cb1c4-ad97-d91a-6731-e7b5f38951a6
2026-10-09 02:28:31.264131,11008.0,11,1g.11gb,gpt2-inference-5d8458fb46-zdp9n,default,gpt2,580.178.04,GPU-d59cb1c4-ad97-d91a-6731-e7b5f38951a6
2026-10-09 02:28:31.264131,11007.0,12,1g.11gb,,,,580.178.04,GPU-d59cb1c4-ad97-d91a-6731-e7b5f38951a6
2026-10-09 02:28:31.264131,11008.0,13,1g.11gb,gpt2-inference-5d8458fb46-8g29c,default,gpt2,580.178.04,GPU-d59cb1c4-ad97-d91a-6731-e7b5f38951a6
2026-10-09 02:28:31.264131,11007.0,7,1g.11gb,,,,580.178.04,GPU-d59cb1c4-ad97-d91a-6731-e7b5f38951a6
2026-10-09 02:28:31.264131,11007.0,8,1g.11gb,,,,580.178.04,GPU-d59cb1c4-ad97-d91a-6731-e7b5f38951a6
2026-10-09 02:28:31.264131,11007.0,9,1g.11gb,,,,580.178.04,GPU-d59cb1c4-ad97-d91a-6731-e7b5f38951a6
2026-10-09 02:28:36.259617,11007.0,10,1g.11gb,,,,580.178.04,GPU-d59cb1c4-ad97-d91a-6731-e7b5f38951a6
2026-10-09 02:28:36.259617,11008.0,11,1g.11gb,gpt2-inference-5d8458fb46-zdp9n,default,gpt2,580.178.04,GPU-d59cb1c4-ad97-d91a-6731-e7b5f38951a6
2026-10-09 02:28:36.259617,11007.0,12,1g.11gb,,,,580.178.04,GPU-d59cb1c4-ad97-d91a-6731-e7b5f38951a6
2026-10-09 02:28:36.259617,11008.0,13,1g.11gb,gpt2-inference-5d8458fb46-8g29c,default,gpt2,580.178.04,GPU-d59cb1c4-ad97-d91a-6731-e7b5f38951a6
2026-10-09 02:28:36.259617,11007.0,7,1g.11gb,,,,580.178.04,GPU-d59cb1c4-ad97-d91a-6731-e7b5f38951a6
2026-10-09 02:28:36.259617,11007.0,8,1g.11gb,,,,580.178.04,GPU-d59cb1c4-ad97-d91a-6731-e7b5f38951a6
2026-10-09 02:28:36.259617,11007.0,9,1g.11gb,,,,580.178.04,GPU-d59cb1c4-ad97-d91a-6731-e7b5f38951a6
2026-10-09 02:28:41.264191,11007.0,10,1g.11gb,,,,580.178.04,GPU-d59cb1c4-ad97-d91a-6731-e7b5f38951a6
2026-10-09 02:28:41.264191,11008.0,11,1g.11gb,gpt2-inference-5d8458fb46-zdp9n,default,gpt2,580.178.04,GPU-d59cb1c4-ad97-d91a-6731-e7b5f38951a6
2026-10-09 02:28:41.264191,11007.0,12,1g.11gb,,,,580.178.04,GPU-d59cb1c4-ad97-d91a-6731-e7b5f38951a6
2026-10-09 02:28:41.264191,11008.0,13,1g.11gb,gpt2-inference-5d8458fb46-8g29c,default,gpt2,580.178.04,GPU-d59cb1c4-ad97-d91a-6731-e7b5f38951a6
2026-10-09 02:28:41.264191,11007.0,7,1g.11gb,,,,580.178.04,GPU-d59cb1c4-ad97-d91a-6731-e7b5f38951a6
2026-10-09 02:28:41.264191,11007.0,8,1g.11gb,,,,580.178.04,GPU-d59cb1c4-ad97-d91a-6731-e7b5f38951a6
2026-10-09 02:28:41.264191,11007.0,9,1g.11gb,,,,580.178.04,GPU-d59cb1c4-ad97-d91a-6731-e7b5f38951a6
2026-10-09 02:28:46.264167,11007.0,10,1g.11gb,,,,580.178.04,GPU-d59cb1c4-ad97-d91a-6731-e7b5f38951a6
2026-10-09 02:28:46.264167,11008.0,11,1g.11gb,gpt2-inference-5d8458fb46-zdp9n,default,gpt2,580.178.04,GPU-d59cb1c4-ad97-d91a-6731-e7b5f38951a6
2026-10-09 02:28:46.264167,11007.0,12,1g.11gb,,,,580.178.04,GPU-d59cb1c4-ad97-d91a-6731-e7b5f38951a6
2026-10-09 02:28:46.264167,11008.0,13,1g.11gb,gpt2-inference-5d8458fb46-8g29c,default,gpt2,580.178.04,GPU-d59cb1c4-ad97-d91a-6731-e7b5f38951a6
2026-10-09 02:28:46.264167,11007.0,7,1g.11gb,,,,580.178.04,GPU-d59cb1c4-ad97-d91a-6731-e7b5f38951a6
2026-10-09 02:28:46.264167,11007.0,8,1g.11gb,,,,580.178.04,GPU-d59cb1c4-ad97-d91a-6731-e7b5f38951a6
2026-10-09 02:28:46.264167,11007.0,9,1g.11gb,,,,580.178.04,GPU-d59cb1c4-ad97-d91a-6731-e7b5f38951a6
2026-10-09 02:28:51.261135,11007.0,10,1g.11gb,,,,580.178.04,GPU-d59cb1c4-ad97-d91a-6731-e7b5f38951a6
2026-10-09 02:28:51.261135,11008.0,11,1g.11gb,gpt2-inference-5d8458fb46-zdp9n,default,gpt2,580.178.04,GPU-d59cb1c4-ad97-d91a-6731-e7b5f38951a6
2026-10-09 02:28:51.261135,11007.0,12,1g.11gb,,,,580.178.04,GPU-d59cb1c4-ad97-d91a-6731-e7b5f38951a6
2026-10-09 02:28:51.261135,11008.0,13,1g.11gb,gpt2-inference-5d8458fb46-8g29c,default,gpt2,580.178.04,GPU-d59cb1c4-ad97-d91a-6731-e7b5f38951a6
2026-10-09 02:28:51.261135,11007.0,7,1g.11gb,,,,580.178.04,GPU-d59cb1c4-ad97-d91a-6731-e7b5f38951a6
2026-10-09 02:28:51.261135,11007.0,8,1g.11gb,,,,580.178.04,GPU-d59cb1c4-ad97-d91a-6731-e7b5f38951a6
2026-10-09 02:28:51.261135,11007.0,9,1g.11gb,,,,580.178.04,GPU-d59cb1c4-ad97-d91a-6731-e7b5f38951a6
2026-10-09 02:28:56.264188,11007.0,10,1g.11gb,,,,580.178.04,GPU-d59cb1c4-ad97-d91a-6731-e7b5f38951a6
2026-10-09 02:28:56.264188,11008.0,11,1g.11gb,gpt2-inference-5d8458fb46-zdp9n,default,gpt2,580.178.04,GPU-d59cb1c4-ad97-d91a-6731-e7b5f38951a6
2026-10-09 02:28:56.264188,11007.0,12,1g.11gb,,,,580.178.04,GPU-d59cb1c4-ad97-d91a-6731-e7b5f38951a6
2026-10-09 02:28:56.264188,11008.0,13,1g.11gb,gpt2-inference-5d8458fb46-8g29c,default,gpt2,580.178.04,GPU-d59cb1c4-ad97-d91a-6731-e7b5f38951a6
2026-10-09 02:28:56.264188,11007.0,7,1g.11gb,,,,580.178.04,GPU-d59cb1c4-ad97-d91a-6731-e7b5f38951a6
2026-10-09 02:28:56.264188,11007.0,8,1g.11gb,,,,580.178.04,GPU-d59cb1c4-ad97-d91a-6731-e7b5f38951a6
2026-10-09 02:28:56.264188,11007.0,9,1g.11gb,,,,580.178.04,GPU-d59cb1c4-ad97-d91a-6731-e7b5f38951a6
2026-10-09 02:29:01.264165,11007.0,10,1g.11gb,,,,580.178.04,GPU-d59cb1c4-ad97-d91a-6731-e7b5f38951a6
2026-10-09 02:29:01.264165,11008.0,11,1g.11gb,gpt2-inference-5d8458fb46-zdp9n,default,gpt2,580.178.04,GPU-d59cb1c4-ad97-d91a-6731-e7b5f38951a6
2026-10-09 02:29:01.264165,11007.0,12,1g.11gb,,,,580.178.04,GPU-d59cb1c4-ad97-d91a-6731-e7b5f38951a6
2026-10-09 02:29:01.264165,11008.0,13,1g.11gb,gpt2-inference-5d8458fb46-8g29c,default,gpt2,580.178.04,GPU-d59cb1c4-ad97-d91a-6731-e7b5f38951a6
2026-10-09 02:29:01.264165,11007.0,7,1g.11gb,,,,580.178.04,GPU-d59cb1c4-ad97-d91a-6731-e7b5f38951a6
2026-10-09 02:29:01.264165,11007.0,8,1g.11gb,,,,580.178.04,GPU-d59cb1c4-ad97-d91a-6731-e7b5f38951a6
2026-10-09 02:29:01.264165,11007.0,9,1g.11gb,,,,580.178.04,GPU-d59cb1c4-ad97-d91a-6731-e7b5f38951a6
2026-10-09 02:29:06.261362,11007.0,10,1g.11gb,,,,580.178.04,GPU-d59cb1c4-ad97-d91a-6731-e7b5f38951a6
2026-10-09 02:29:06.261362,11008.0,11,1g.11gb,gpt2-inference-5d8458fb46-zdp9n,default,gpt2,580.178.04,GPU-d59cb1c4-ad97-d91a-6731-e7b5f38951a6
2026-10-09 02:29:06.261362,11007.0,12,1g.11gb,,,,580.178.04,GPU-d59cb1c4-ad97-d91a-6731-e7b5f38951a6
2026-10-09 02:29:06.261362,11008.0,13,1g.11gb,gpt2-inference-5d8458fb46-8g29c,default,gpt2,580.178.04,GPU-d59cb1c4-ad97-d91a-6731-e7b5f38951a6
2026-10-09 02:29:06.261362,11007.0,7,1g.11gb,,,,580.178.04,GPU-d59cb1c4-ad97-d91a-6731-e7b5f38951a6
2026-10-09 02:29:06.261362,11007.0,8,1g.11gb,,,,580.178.04,GPU-d59cb1c4-ad97-d91a-6731-e7b5f38951a6
2026-10-09 02:29:06.261362,11007.0,9,1g.11gb,,,,580.178.04,GPU-d59cb1c4-ad97-d91a-6731-e7b5f38951a6
2026-10-09 02:29:11.259541,11007.0,10,1g.11gb,,,,580.178.04,GPU-d59cb1c4-ad97-d91a-6731-e7b5f38951a6
2026-10-09 02:29:11.259541,11008.0,11,1g.11gb,gpt2-inference-5d8458fb46-zdp9n,default,gpt2,580.178.04,GPU-d59cb1c4-ad97-d91a-6731-e7b5f38951a6
2026-10-09 02:29:11.259541,11007.0,12,1g.11gb,,,,580.178.04,GPU-d59cb1c4-ad97-d91a-6731-e7b5f38951a6
2026-10-09 02:29:11.259541,11008.0,13,1g.11gb,gpt2-inference-5d8458fb46-8g29c,default,gpt2,580.178.04,GPU-d59cb1c4-ad97-d91a-6731-e7b5f38951a6
2026-10-09 02:29:11.259541,11007.0,7,1g.11gb,,,,580.178.04,GPU-d59cb1c4-ad97-d91a-6731-e7b5f38951a6
2026-10-09 02:29:11.259541,11007.0,8,1g.11gb,,,,580.178.04,GPU-d59cb1c4-ad97-d91a-6731-e7b5f38951a6
2026-10-09 02:29:11.259541,11007.0,9,1g.11gb,,,,580.178.04,GPU-d59cb1c4-ad97-d91a-6731-e7b5f38951a6
2026-10-09 02:29:16.264170,11007.0,10,1g.11gb,,,,580.178.04,GPU-d59cb1c4-ad97-d91a-6731-e7b5f38951a6
2026-10-09 02:29:16.264170,11008.0,11,1g.11gb,gpt2-inference-5d8458fb46-zdp9n,default,gpt2,580.178.04,GPU-d59cb1c4-ad97-d91a-6731-e7b5f38951a6
2026-10-09 02:29:16.264170,11007.0,12,1g.11gb,,,,580.178.04,GPU-d59cb1c4-ad97-d91a-6731-e7b5f38951a6
2026-10-09 02:29:16.264170,11008.0,13,1g.11gb,gpt2-inference-5d8458fb46-8g29c,default,gpt2,580.178.04,GPU-d59cb1c4-ad97-d91a-6731-e7b5f38951a6
2026-10-09 02:29:16.264170,11007.0,7,1g.11gb,,,,580.178.04,GPU-d59cb1c4-ad97-d91a-6731-e7b5f38951a6
2026-10-09 02:29:16.264170,11007.0,8,1g.11gb,,,,580.178.04,GPU-d59cb1c4-ad97-d91a-6731-e7b5f38951a6
2026-10-09 02:29:16.264170,11007.0,9,1g.11gb,,,,580.178.04,GPU-d59cb1c4-ad97-d91a-6731-e7b5f38951a6
2026-10-09 02:29:21.264163,11007.0,10,1g.11gb,,,,580.178.04,GPU-d59cb1c4-ad97-d91a-6731-e7b5f38951a6
2026-10-09 02:29:21.264163,11008.0,11,1g.11gb,gpt2-inference-5d8458fb46-zdp9n,default,gpt2,580.178.04,GPU-d59cb1c4-ad97-d91a-6731-e7b5f38951a6
2026-10-09 02:29:21.264163,11007.0,12,1g.11gb,,,,580.178.04,GPU-d59cb1c4-ad97-d91a-6731-e7b5f38951a6
2026-10-09 02:29:21.264163,11008.0,13,1g.11gb,gpt2-inference-5d8458fb46-8g29c,default,gpt2,580.178.04,GPU-d59cb1c4-ad97-d91a-6731-e7b5f38951a6
2026-10-09 02:29:21.264163,11007.0,7,1g.11gb,,,,580.178.04,GPU-d59cb1c4-ad97-d91a-6731-e7b5f38951a6
2026-10-09 02:29:21.264163,11007.0,8,1g.11gb,,,,580.178.04,GPU-d59cb1c4-ad97-d91a-6731-e7b5f38951a6
2026-10-09 02:29:21.264163,11007.0,9,1g.11gb,,,,580.178.04,GPU-d59cb1c4-ad97-d91a-6731-e7b5f38951a6
2026-10-09 02:29:26.259989,11007.0,10,1g.11gb,,,,580.178.04,GPU-d59cb1c4-ad97-d91a-6731-e7b5f38951a6
2026-10-09 02:29:26.259989,11008.0,11,1g.11gb,gpt2-inference-5d8458fb46-zdp9n,default,gpt2,580.178.04,GPU-d59cb1c4-ad97-d91a-6731-e7b5f38951a6
2026-10-09 02:29:26.259989,11007.0,12,1g.11gb,,,,580.178.04,GPU-d59cb1c4-ad97-d91a-6731-e7b5f38951a6
2026-10-09 02:29:26.259989,11008.0,13,1g.11gb,gpt2-inference-5d8458fb46-8g29c,default,gpt2,580.178.04,GPU-d59cb1c4-ad97-d91a-6731-e7b5f38951a6
2026-10-09 02:29:26.259989,11007.0,7,1g.11gb,,,,580.178.04,GPU-d59cb1c4-ad97-d91a-6731-e7b5f38951a6
2026-10-09 02:29:26.259989,11007.0,8,1g.11gb,,,,580.178.04,GPU-d59cb1c4-ad97-d91a-6731-e7b5f38951a6
2026-10-09 02:29:26.259989,11007.0,9,1g.11gb,,,,580.178.04,GPU-d59cb1c4-ad97-d91a-6731-e7b5f38951a6
2026-10-09 02:29:31.260062,11007.0,10,1g.11gb,,,,580.178.04,GPU-d59cb1c4-ad97-d91a-6731-e7b5f38951a6
2026-10-09 02:29:31.260062,11008.0,11,1g.11gb,gpt2-inference-5d8458fb46-zdp9n,default,gpt2,580.178.04,GPU-d59cb1c4-ad97-d91a-6731-e7b5f38951a6
2026-10-09 02:29:31.260062,11007.0,12,1g.11gb,,,,580.178.04,GPU-d59cb1c4-ad97-d91a-6731-e7b5f38951a6
2026-10-09 02:29:31.260062,11008.0,13,1g.11gb,gpt2-inference-5d8458fb46-8g29c,default,gpt2,580.178.04,GPU-d59cb1c4-ad97-d91a-6731-e7b5f38951a6
2026-10-09 02:29:31.260062,11007.0,7,1g.11gb,,,,580.178.04,GPU-d59cb1c4-ad97-d91a-6731-e7b5f38951a6
2026-10-09 02:29:31.260062,11007.0,8,1g.11gb,,,,580.178.04,GPU-d59cb1c4-ad97-d91a-6731-e7b5f38951a6
2026-10-09 02:29:31.260062,11007.0,9,1g.11gb,,,,580.178.04,GPU-d59cb1c4-ad97-d91a-6731-e7b5f38951a6
2026-10-09 02:29:36.263497,11007.0,10,1g.11gb,,,,580.178.04,GPU-d59cb1c4-ad97-d91a-6731-e7b5f38951a6
2026-10-09 02:29:36.263497,11008.0,11,1g.11gb,gpt2-inference-5d8458fb46-zdp9n,default,gpt2,580.178.04,GPU-d59cb1c4-ad97-d91a-6731-e7b5f38951a6
2026-10-09 02:29:36.263497,11007.0,12,1g.11gb,,,,580.178.04,GPU-d59cb1c4-ad97-d91a-6731-e7b5f38951a6
2026-10-09 02:29:36.263497,11008.0,13,1g.11gb,gpt2-inference-5d8458fb46-8g29c,default,gpt2,580.178.04,GPU-d59cb1c4-ad97-d91a-6731-e7b5f38951a6
2026-10-09 02:29:36.263497,11007.0,7,1g.11gb,,,,580.178.04,GPU-d59cb1c4-ad97-d91a-6731-e7b5f38951a6
2026-10-09 02:29:36.263497,11007.0,8,1g.11gb,,,,580.178.04,GPU-d59cb1c4-ad97-d91a-6731-e7b5f38951a6
2026-10-09 02:29:36.263497,11007.0,9,1g.11gb,,,,580.178.04,GPU-d59cb1c4-ad97-d91a-6731-e7b5f38951a6
2026-10-09 02:29:41.263659,11007.0,10,1g.11gb,,,,580.178.04,GPU-d59cb1c4-ad97-d91a-6731-e7b5f38951a6
2026-10-09 02:29:41.263659,11008.0,11,1g.11gb,gpt2-inference-5d8458fb46-zdp9n,default,gpt2,580.178.04,GPU-d59cb1c4-ad97-d91a-6731-e7b5f38951a6
2026-10-09 02:29:41.263659,11007.0,12,1g.11gb,,,,580.178.04,GPU-d59cb1c4-ad97-d91a-6731-e7b5f38951a6
2026-10-09 02:29:41.263659,11008.0,13,1g.11gb,gpt2-inference-5d8458fb46-8g29c,default,gpt2,580.178.04,GPU-d59cb1c4-ad97-d91a-6731-e7b5f38951a6
2026-10-09 02:29:41.263659,11007.0,7,1g.11gb,,,,580.178.04,GPU-d59cb1c4-ad97-d91a-6731-e7b5f38951a6
2026-10-09 02:29:41.263659,11007.0,8,1g.11gb,,,,580.178.04,GPU-d59cb1c4-ad97-d91a-6731-e7b5f38951a6
2026-10-09 02:29:41.263659,11007.0,9,1g.11gb,,,,580.178.04,GPU-d59cb1c4-ad97-d91a-6731-e7b5f38951a6
2026-10-09 02:29:46.259800,11007.0,10,1g.11gb,,,,580.178.04,GPU-d59cb1c4-ad97-d91a-6731-e7b5f38951a6
2026-10-09 02:29:46.259800,11008.0,11,1g.11gb,gpt2-inference-5d8458fb46-zdp9n,default,gpt2,580.178.04,GPU-d59cb1c4-ad97-d91a-6731-e7b5f38951a6
2026-10-09 02:29:46.259800,11007.0,12,1g.11gb,,,,580.178.04,GPU-d59cb1c4-ad97-d91a-6731-e7b5f38951a6
2026-10-09 02:29:46.259800,11008.0,13,1g.11gb,gpt2-inference-5d8458fb46-8g29c,default,gpt2,580.178.04,GPU-d59cb1c4-ad97-d91a-6731-e7b5f38951a6
2026-10-09 02:29:46.259800,11007.0,7,1g.11gb,,,,580.178.04,GPU-d59cb1c4-ad97-d91a-6731-e7b5f38951a6
2026-10-09 02:29:46.259800,11007.0,8,1g.11gb,,,,580.178.04,GPU-d59cb1c4-ad97-d91a-6731-e7b5f38951a6
2026-10-09 02:29:46.259800,11007.0,9,1g.11gb,,,,580.178.04,GPU-d59cb1c4-ad97-d91a-6731-e7b5f38951a6
2026-10-09 02:29:51.264168,11007.0,10,1g.11gb,,,,580.178.04,GPU-d59cb1c4-ad97-d91a-6731-e7b5f38951a6
2026-10-09 02:29:51.264168,11008.0,11,1g.11gb,gpt2-inference-5d8458fb46-zdp9n,default,gpt2,580.178.04,GPU-d59cb1c4-ad97-d91a-6731-e7b5f38951a6
2026-10-09 02:29:51.264168,11007.0,12,1g.11gb,,,,580.178.04,GPU-d59cb1c4-ad97-d91a-6731-e7b5f38951a6
2026-10-09 02:29:51.264168,11008.0,13,1g.11gb,gpt2-inference-5d8458fb46-8g29c,default,gpt2,580.178.04,GPU-d59cb1c4-ad97-d91a-6731-e7b5f38951a6
2026-10-09 02:29:51.264168,11007.0,7,1g.11gb,,,,580.178.04,GPU-d59cb1c4-ad97-d91a-6731-e7b5f38951a6
2026-10-09 02:29:51.264168,11007.0,8,1g.11gb,,,,580.178.04,GPU-d59cb1c4-ad97-d91a-6731-e7b5f38951a6
2026-10-09 02:29:51.264168,11007.0,9,1g.11gb,,,,580.178.04,GPU-d59cb1c4-ad97-d91a-6731-e7b5f38951a6
2026-10-09 02:29:56.264169,11007.0,10,1g.11gb,,,,580.178.04,GPU-d59cb1c4-ad97-d91a-6731-e7b5f38951a6
2026-10-09 02:29:56.264169,11008.0,11,1g.11gb,gpt2-inference-5d8458fb46-zdp9n,default,gpt2,580.178.04,GPU-d59cb1c4-ad97-d91a-6731-e7b5f38951a6
2026-10-09 02:29:56.264169,11007.0,12,1g.11gb,,,,580.178.04,GPU-d59cb1c4-ad97-d91a-6731-e7b5f38951a6
2026-10-09 02:29:56.264169,11008.0,13,1g.11gb,gpt2-inference-5d8458fb46-8g29c,default,gpt2,580.178.04,GPU-d59cb1c4-ad97-d91a-6731-e7b5f38951a6
2026-10-09 02:29:56.264169,11007.0,7,1g.11gb,,,,580.178.04,GPU-d59cb1c4-ad97-d91a-6731-e7b5f38951a6
2026-10-09 02:29:56.264169,11007.0,8,1g.11gb,,,,580.178.04,GPU-d59cb1c4-ad97-d91a-6731-e7b5f38951a6
2026-10-09 02:29:56.264169,11007.0,9,1g.11gb,,,,580.178.04,GPU-d59cb1c4-ad97-d91a-6731-e7b5f38951a6
2026-10-09 02:30:01.260302,11007.0,10,1g.11gb,,,,580.178.04,GPU-d59cb1c4-ad97-d91a-6731-e7b5f38951a6
2026-10-09 02:30:01.260302,11008.0,11,1g.11gb,gpt2-inference-5d8458fb46-zdp9n,default,gpt2,580.178.04,GPU-d59cb1c4-ad97-d91a-6731-e7b5f38951a6
2026-10-09 02:30:01.260302,11007.0,12,1g.11gb,,,,580.178.04,GPU-d59cb1c4-ad97-d91a-6731-e7b5f38951a6
2026-10-09 02:30:01.260302,11008.0,13,1g.11gb,gpt2-inference-5d8458fb46-8g29c,default,gpt2,580.178.04,GPU-d59cb1c4-ad97-d91a-6731-e7b5f38951a6
2026-10-09 02:30:01.260302,11007.0,7,1g.11gb,,,,580.178.04,GPU-d59cb1c4-ad97-d91a-6731-e7b5f38951a6
2026-10-09 02:30:01.260302,11007.0,8,1g.11gb,,,,580.178.04,GPU-d59cb1c4-ad97-d91a-6731-e7b5f38951a6
2026-10-09 02:30:01.260302,11007.0,9,1g.11gb,,,,580.178.04,GPU-d59cb1c4-ad97-d91a-6731-e7b5f38951a6
2026-10-09 02:30:06.260112,11007.0,10,1g.11gb,,,,580.178.04,GPU-d59cb1c4-ad97-d91a-6731-e7b5f38951a6
2026-10-09 02:30:06.260112,11008.0,11,1g.11gb,gpt2-inference-5d8458fb46-zdp9n,default,gpt2,580.178.04,GPU-d59cb1c4-ad97-d91a-6731-e7b5f38951a6
2026-10-09 02:30:06.260112,11007.0,12,1g.11gb,,,,580.178.04,GPU-d59cb1c4-ad97-d91a-6731-e7b5f38951a6
2026-10-09 02:30:06.260112,11008.0,13,1g.11gb,gpt2-inference-5d8458fb46-8g29c,default,gpt2,580.178.04,GPU-d59cb1c4-ad97-d91a-6731-e7b5f38951a6
2026-10-09 02:30:06.260112,11007.0,7,1g.11gb,,,,580.178.04,GPU-d59cb1c4-ad97-d91a-6731-e7b5f38951a6
2026-10-09 02:30:06.260112,11007.0,8,1g.11gb,,,,580.178.04,GPU-d59cb1c4-ad97-d91a-6731-e7b5f38951a6
2026-10-09 02:30:06.260112,11007.0,9,1g.11gb,,,,580.178.04,GPU-d59cb1c4-ad97-d91a-6731-e7b5f38951a6
2026-10-09 02:30:11.264201,11007.0,10,1g.11gb,,,,580.178.04,GPU-d59cb1c4-ad97-d91a-6731-e7b5f38951a6
2026-10-09 02:30:11.264201,11008.0,11,1g.11gb,gpt2-inference-5d8458fb46-zdp9n,default,gpt2,580.178.04,GPU-d59cb1c4-ad97-d91a-6731-e7b5f38951a6
2026-10-09 02:30:11.264201,11007.0,12,1g.11gb,,,,580.178.04,GPU-d59cb1c4-ad97-d91a-6731-e7b5f38951a6
2026-10-09 02:30:11.264201,11008.0,13,1g.11gb,gpt2-inference-5d8458fb46-8g29c,default,gpt2,580.178.04,GPU-d59cb1c4-ad97-d91a-6731-e7b5f38951a6
2026-10-09 02:30:11.264201,11007.0,7,1g.11gb,,,,580.178.04,GPU-d59cb1c4-ad97-d91a-6731-e7b5f38951a6
2026-10-09 02:30:11.264201,11007.0,8,1g.11gb,,,,580.178.04,GPU-d59cb1c4-ad97-d91a-6731-e7b5f38951a6
2026-10-09 02:30:11.264201,11007.0,9,1g.11gb,,,,580.178.04,GPU-d59cb1c4-ad97-d91a-6731-e7b5f38951a6
2026-10-09 02:30:16.261323,11007.0,10,1g.11gb,,,,580.178.04,GPU-d59cb1c4-ad97-d91a-6731-e7b5f38951a6
2026-10-09 02:30:16.261323,11008.0,11,1g.11gb,gpt2-inference-5d8458fb46-zdp9n,default,gpt2,580.178.04,GPU-d59cb1c4-ad97-d91a-6731-e7b5f38951a6
2026-10-09 02:30:16.261323,11007.0,12,1g.11gb,,,,580.178.04,GPU-d59cb1c4-ad97-d91a-6731-e7b5f38951a6
2026-10-09 02:30:16.261323,11008.0,13,1g.11gb,gpt2-inference-5d8458fb46-8g29c,default,gpt2,580.178.04,GPU-d59cb1c4-ad97-d91a-6731-e7b5f38951a6
2026-10-09 02:30:16.261323,11007.0,7,1g.11gb,,,,580.178.04,GPU-d59cb1c4-ad97-d91a-6731-e7b5f38951a6
2026-10-09 02:30:16.261323,11007.0,8,1g.11gb,,,,580.178.04,GPU-d59cb1c4-ad97-d91a-6731-e7b5f38951a6
2026-10-09 02:30:16.261323,11007.0,9,1g.11gb,,,,580.178.04,GPU-d59cb1c4-ad97-d91a-6731-e7b5f38951a6
2026-10-09 02:30:21.264066,11007.0,10,1g.11gb,,,,580.178.04,GPU-d59cb1c4-ad97-d91a-6731-e7b5f38951a6
2026-10-09 02:30:21.264066,11008.0,11,1g.11gb,gpt2-inference-5d8458fb46-zdp9n,default,gpt2,580.178.04,GPU-d59cb1c4-ad97-d91a-6731-e7b5f38951a6
2026-10-09 02:30:21.264066,11007.0,12,1g.11gb,,,,580.178.04,GPU-d59cb1c4-ad97-d91a-6731-e7b5f38951a6
2026-10-09 02:30:21.264066,11008.0,13,1g.11gb,gpt2-inference-5d8458fb46-8g29c,default,gpt2,580.178.04,GPU-d59cb1c4-ad97-d91a-6731-e7b5f38951a6
2026-10-09 02:30:21.264066,11007.0,7,1g.11gb,,,,580.178.04,GPU-d59cb1c4-ad97-d91a-6731-e7b5f38951a6
2026-10-09 02:30:21.264066,11007.0,8,1g.11gb,,,,580.178.04,GPU-d59cb1c4-ad97-d91a-6731-e7b5f38951a6
2026-10-09 02:30:21.264066,11007.0,9,1g.11gb,,,,580.178.04,GPU-d59cb1c4-ad97-d91a-6731-e7b5f38951a6
2026-10-09 02:30:26.259971,11007.0,10,1g.11gb,,,,580.178.04,GPU-d59cb1c4-ad97-d91a-6731-e7b5f38951a6
2026-10-09 02:30:26.259971,11008.0,11,1g.11gb,gpt2-inference-5d8458fb46-zdp9n,default,gpt2,580.178.04,GPU-d59cb1c4-ad97-d91a-6731-e7b5f38951a6
2026-10-09 02:30:26.259971,11007.0,12,1g.11gb,,,,580.178.04,GPU-d59cb1c4-ad97-d91a-6731-e7b5f38951a6
2026-10-09 02:30:26.259971,11008.0,13,1g.11gb,gpt2-inference-5d8458fb46-8g29c,default,gpt2,580.178.04,GPU-d59cb1c4-ad97-d91a-6731-e7b5f38951a6
2026-10-09 02:30:26.259971,11007.0,7,1g.11gb,,,,580.178.04,GPU-d59cb1c4-ad97-d91a-6731-e7b5f38951a6
2026-10-09 02:30:26.259971,11007.0,8,1g.11gb,,,,580.178.04,GPU-d59cb1c4-ad97-d91a-6731-e7b5f38951a6
2026-10-09 02:30:26.259971,11007.0,9,1g.11gb,,,,580.178.04,GPU-d59cb1c4-ad97-d91a-6731-e7b5f38951a6
2026-10-09 02:30:31.261576,11007.0,10,1g.11gb,,,,580.178.04,GPU-d59cb1c4-ad97-d91a-6731-e7b5f38951a6
2026-10-09 02:30:31.261576,11008.0,11,1g.11gb,gpt2-inference-5d8458fb46-zdp9n,default,gpt2,580.178.04,GPU-d59cb1c4-ad97-d91a-6731-e7b5f38951a6
2026-10-09 02:30:31.261576,11007.0,12,1g.11gb,,,,580.178.04,GPU-d59cb1c4-ad97-d91a-6731-e7b5f38951a6
2026-10-09 02:30:31.261576,11008.0,13,1g.11gb,gpt2-inference-5d8458fb46-8g29c,default,gpt2,580.178.04,GPU-d59cb1c4-ad97-d91a-6731-e7b5f38951a6
2026-10-09 02:30:31.261576,11007.0,7,1g.11gb,,,,580.178.04,GPU-d59cb1c4-ad97-d91a-6731-e7b5f38951a6
2026-10-09 02:30:31.261576,11007.0,8,1g.11gb,,,,580.178.04,GPU-d59cb1c4-ad97-d91a-6731-e7b5f38951a6
2026-10-09 02:30:31.261576,11007.0,9,1g.11gb,,,,580.178.04,GPU-d59cb1c4-ad97-d91a-6731-e7b5f38951a6
2026-10-09 02:30:36.264164,11007.0,10,1g.11gb,,,,580.178.04,GPU-d59cb1c4-ad97-d91a-6731-e7b5f38951a6
2026-10-09 02:30:36.264164,11008.0,11,1g.11gb,gpt2-inference-5d8458fb46-zdp9n,default,gpt2,580.178.04,GPU-d59cb1c4-ad97-d91a-6731-e7b5f38951a6
2026-10-09 02:30:36.264164,11007.0,12,1g.11gb,,,,580.178.04,GPU-d59cb1c4-ad97-d91a-6731-e7b5f38951a6
2026-10-09 02:30:36.264164,11008.0,13,1g.11gb,gpt2-inference-5d8458fb46-8g29c,default,gpt2,580.178.04,GPU-d59cb1c4-ad97-d91a-6731-e7b5f38951a6
2026-10-09 02:30:36.264164,11007.0,7,1g.11gb,,,,580.178.04,GPU-d59cb1c4-ad97-d91a-6731-e7b5f38951a6
2026-10-09 02:30:36.264164,11007.0,8,1g.11gb,,,,580.178.04,GPU-d59cb1c4-ad97-d91a-6731-e7b5f38951a6
2026-10-09 02:30:36.264164,11007.0,9,1g.11gb,,,,580.178.04,GPU-d59cb1c4-ad97-d91a-6731-e7b5f38951a6
2026-10-09 02:30:41.263197,11007.0,10,1g.11gb,,,,580.178.04,GPU-d59cb1c4-ad97-d91a-6731-e7b5f38951a6
2026-10-09 02:30:41.263197,11008.0,11,1g.11gb,gpt2-inference-5d8458fb46-zdp9n,default,gpt2,580.178.04,GPU-d59cb1c4-ad97-d91a-6731-e7b5f38951a6
2026-10-09 02:30:41.263197,11007.0,12,1g.11gb,,,,580.178.04,GPU-d59cb1c4-ad97-d91a-6731-e7b5f38951a6
2026-10-09 02:30:41.263197,11008.0,13,1g.11gb,gpt2-inference-5d8458fb46-8g29c,default,gpt2,580.178.04,GPU-d59cb1c4-ad97-d91a-6731-e7b5f38951a6
2026-10-09 02:30:41.263197,11007.0,7,1g.11gb,,,,580.178.04,GPU-d59cb1c4-ad97-d91a-6731-e7b5f38951a6
2026-10-09 02:30:41.263197,11007.0,8,1g.11gb,,,,580.178.04,GPU-d59cb1c4-ad97-d91a-6731-e7b5f38951a6
2026-10-09 02:30:41.263197,11007.0,9,1g.11gb,,,,580.178.04,GPU-d59cb1c4-ad97-d91a-6731-e7b5f38951a6
2026-10-09 02:30:46.260021,11007.0,10,1g.11gb,,,,580.178.04,GPU-d59cb1c4-ad97-d91a-6731-e7b5f38951a6
2026-10-09 02:30:46.260021,11008.0,11,1g.11gb,gpt2-inference-5d8458fb46-zdp9n,default,gpt2,580.178.04,GPU-d59cb1c4-ad97-d91a-6731-e7b5f38951a6
2026-10-09 02:30:46.260021,11007.0,12,1g.11gb,,,,580.178.04,GPU-d59cb1c4-ad97-d91a-6731-e7b5f38951a6
2026-10-09 02:30:46.260021,11008.0,13,1g.11gb,gpt2-inference-5d8458fb46-8g29c,default,gpt2,580.178.04,GPU-d59cb1c4-ad97-d91a-6731-e7b5f38951a6
2026-10-09 02:30:46.260021,11007.0,7,1g.11gb,,,,580.178.04,GPU-d59cb1c4-ad97-d91a-6731-e7b5f38951a6
2026-10-09 02:30:46.260021,11007.0,8,1g.11gb,,,,580.178.04,GPU-d59cb1c4-ad97-d91a-6731-e7b5f38951a6
2026-10-09 02:30:46.260021,11007.0,9,1g.11gb,,,,580.178.04,GPU-d59cb1c4-ad97-d91a-6731-e7b5f38951a6
2026-10-09 02:30:51.264168,11007.0,10,1g.11gb,,,,580.178.04,GPU-d59cb1c4-ad97-d91a-6731-e7b5f38951a6
2026-10-09 02:30:51.264168,11008.0,11,1g.11gb,gpt2-inference-5d8458fb46-zdp9n,default,gpt2,580.178.04,GPU-d59cb1c4-ad97-d91a-6731-e7b5f38951a6
2026-10-09 02:30:51.264168,11007.0,12,1g.11gb,,,,580.178.04,GPU-d59cb1c4-ad97-d91a-6731-e7b5f38951a6
2026-10-09 02:30:51.264168,11008.0,13,1g.11gb,gpt2-inference-5d8458fb46-8g29c,default,gpt2,580.178.04,GPU-d59cb1c4-ad97-d91a-6731-e7b5f38951a6
2026-10-09 02:30:51.264168,11007.0,7,1g.11gb,,,,580.178.04,GPU-d59cb1c4-ad97-d91a-6731-e7b5f38951a6
2026-10-09 02:30:51.264168,11007.0,8,1g.11gb,,,,580.178.04,GPU-d59cb1c4-ad97-d91a-6731-e7b5f38951a6
2026-10-09 02:30:51.264168,11007.0,9,1g.11gb,,,,580.178.04,GPU-d59cb1c4-ad97-d91a-6731-e7b5f38951a6
2026-10-09 02:30:56.261806,11007.0,10,1g.11gb,,,,580.178.04,GPU-d59cb1c4-ad97-d91a-6731-e7b5f38951a6
2026-10-09 02:30:56.261806,11008.0,11,1g.11gb,gpt2-inference-5d8458fb46-zdp9n,default,gpt2,580.178.04,GPU-d59cb1c4-ad97-d91a-6731-e7b5f38951a6
2026-10-09 02:30:56.261806,11007.0,12,1g.11gb,,,,580.178.04,GPU-d59cb1c4-ad97-d91a-6731-e7b5f38951a6
2026-10-09 02:30:56.261806,11008.0,13,1g.11gb,gpt2-inference-5d8458fb46-8g29c,default,gpt2,580.178.04,GPU-d59cb1c4-ad97-d91a-6731-e7b5f38951a6
2026-10-09 02:30:56.261806,11007.0,7,1g.11gb,,,,580.178.04,GPU-d59cb1c4-ad97-d91a-6731-e7b5f38951a6
2026-10-09 02:30:56.261806,11007.0,8,1g.11gb,,,,580.178.04,GPU-d59cb1c4-ad97-d91a-6731-e7b5f38951a6
2026-10-09 02:30:56.261806,11007.0,9,1g.11gb,,,,580.178.04,GPU-d59cb1c4-ad97-d91a-6731-e7b5f38951a6
2026-10-09 02:31:01.264163,11007.0,10,1g.11gb,,,,580.178.04,GPU-d59cb1c4-ad97-d91a-6731-e7b5f38951a6
2026-10-09 02:31:01.264163,11008.0,11,1g.11gb,gpt2-inference-5d8458fb46-zdp9n,default,gpt2,580.178.04,GPU-d59cb1c4-ad97-d91a-6731-e7b5f38951a6
2026-10-09 02:31:01.264163,11007.0,12,1g.11gb,,,,580.178.04,GPU-d59cb1c4-ad97-d91a-6731-e7b5f38951a6
2026-10-09 02:31:01.264163,11008.0,13,1g.11gb,gpt2-inference-5d8458fb46-8g29c,default,gpt2,580.178.04,GPU-d59cb1c4-ad97-d91a-6731-e7b5f38951a6
2026-10-09 02:31:01.264163,11007.0,7,1g.11gb,,,,580.178.04,GPU-d59cb1c4-ad97-d91a-6731-e7b5f38951a6
2026-10-09 02:31:01.264163,11007.0,8,1g.11gb,,,,580.178.04,GPU-d59cb1c4-ad97-d91a-6731-e7b5f38951a6
2026-10-09 02:31:01.264163,11007.0,9,1g.11gb,,,,580.178.04,GPU-d59cb1c4-ad97-d91a-6731-e7b5f38951a6
2026-10-09 02:31:06.259552,11007.0,10,1g.11gb,,,,580.178.04,GPU-d59cb1c4-ad97-d91a-6731-e7b5f38951a6
2026-10-09 02:31:06.259552,11008.0,11,1g.11gb,gpt2-inference-5d8458fb46-zdp9n,default,gpt2,580.178.04,GPU-d59cb1c4-ad97-d91a-6731-e7b5f38951a6
2026-10-09 02:31:06.259552,11007.0,12,1g.11gb,,,,580.178.04,GPU-d59cb1c4-ad97-d91a-6731-e7b5f38951a6
2026-10-09 02:31:06.259552,11008.0,13,1g.11gb,gpt2-inference-5d8458fb46-8g29c,default,gpt2,580.178.04,GPU-d59cb1c4-ad97-d91a-6731-e7b5f38951a6
2026-10-09 02:31:06.259552,11007.0,7,1g.11gb,,,,580.178.04,GPU-d59cb1c4-ad97-d91a-6731-e7b5f38951a6
2026-10-09 02:31:06.259552,11007.0,8,1g.11gb,,,,580.178.04,GPU-d59cb1c4-ad97-d91a-6731-e7b5f38951a6
2026-10-09 02:31:06.259552,11007.0,9,1g.11gb,,,,580.178.04,GPU-d59cb1c4-ad97-d91a-6731-e7b5f38951a6
2026-10-09 02:31:11.264166,11007.0,10,1g.11gb,,,,580.178.04,GPU-d59cb1c4-ad97-d91a-6731-e7b5f38951a6
2026-10-09 02:31:11.264166,11008.0,11,1g.11gb,gpt2-inference-5d8458fb46-zdp9n,default,gpt2,580.178.04,GPU-d59cb1c4-ad97-d91a-6731-e7b5f38951a6
2026-10-09 02:31:11.264166,11007.0,12,1g.11gb,,,,580.178.04,GPU-d59cb1c4-ad97-d91a-6731-e7b5f38951a6
2026-10-09 02:31:11.264166,11008.0,13,1g.11gb,gpt2-inference-5d8458fb46-8g29c,default,gpt2,580.178.04,GPU-d59cb1c4-ad97-d91a-6731-e7b5f38951a6
2026-10-09 02:31:11.264166,11007.0,7,1g.11gb,,,,580.178.04,GPU-d59cb1c4-ad97-d91a-6731-e7b5f38951a6
2026-10-09 02:31:11.264166,11007.0,8,1g.11gb,,,,580.178.04,GPU-d59cb1c4-ad97-d91a-6731-e7b5f38951a6
2026-10-09 02:31:11.264166,11007.0,9,1g.11gb,,,,580.178.04,GPU-d59cb1c4-ad97-d91a-6731-e7b5f38951a6
2026-10-09 02:31:16.264208,11007.0,10,1g.11gb,,,,580.178.04,GPU-d59cb1c4-ad97-d91a-6731-e7b5f38951a6
2026-10-09 02:31:16.264208,11008.0,11,1g.11gb,gpt2-inference-5d8458fb46-zdp9n,default,gpt2,580.178.04,GPU-d59cb1c4-ad97-d91a-6731-e7b5f38951a6
2026-10-09 02:31:16.264208,11007.0,12,1g.11gb,,,,580.178.04,GPU-d59cb1c4-ad97-d91a-6731-e7b5f38951a6
2026-10-09 02:31:16.264208,11008.0,13,1g.11gb,gpt2-inference-5d8458fb46-8g29c,default,gpt2,580.178.04,GPU-d59cb1c4-ad97-d91a-6731-e7b5f38951a6
2026-10-09 02:31:16.264208,11007.0,7,1g.11gb,,,,580.178.04,GPU-d59cb1c4-ad97-d91a-6731-e7b5f38951a6
2026-10-09 02:31:16.264208,11007.0,8,1g.11gb,,,,580.178.04,GPU-d59cb1c4-ad97-d91a-6731-e7b5f38951a6
2026-10-09 02:31:16.264208,11007.0,9,1g.11gb,,,,580.178.04,GPU-d59cb1c4-ad97-d91a-6731-e7b5f38951a6
2026-10-09 02:31:21.264157,11007.0,10,1g.11gb,,,,580.178.04,GPU-d59cb1c4-ad97-d91a-6731-e7b5f38951a6
2026-10-09 02:31:21.264157,11008.0,11,1g.11gb,gpt2-inference-5d8458fb46-zdp9n,default,gpt2,580.178.04,GPU-d59cb1c4-ad97-d91a-6731-e7b5f38951a6
2026-10-09 02:31:21.264157,11007.0,12,1g.11gb,,,,580.178.04,GPU-d59cb1c4-ad97-d91a-6731-e7b5f38951a6
2026-10-09 02:31:21.264157,11008.0,13,1g.11gb,gpt2-inference-5d8458fb46-8g29c,default,gpt2,580.178.04,GPU-d59cb1c4-ad97-d91a-6731-e7b5f38951a6
2026-10-09 02:31:21.264157,11007.0,7,1g.11gb,,,,580.178.04,GPU-d59cb1c4-ad97-d91a-6731-e7b5f38951a6
2026-10-09 02:31:21.264157,11007.0,8,1g.11gb,,,,580.178.04,GPU-d59cb1c4-ad97-d91a-6731-e7b5f38951a6
2026-10-09 02:31:21.264157,11007.0,9,1g.11gb,,,,580.178.04,GPU-d59cb1c4-ad97-d91a-6731-e7b5f38951a6
2026-10-09 02:31:26.264163,11007.0,10,1g.11gb,,,,580.178.04,GPU-d59cb1c4-ad97-d91a-6731-e7b5f38951a6
2026-10-09 02:31:26.264163,11008.0,11,1g.11gb,gpt2-inference-5d8458fb46-zdp9n,default,gpt2,580.178.04,GPU-d59cb1c4-ad97-d91a-6731-e7b5f38951a6
2026-10-09 02:31:26.264163,11007.0,12,1g.11gb,,,,580.178.04,GPU-d59cb1c4-ad97-d91a-6731-e7b5f38951a6
2026-10-09 02:31:26.264163,11008.0,13,1g.11gb,gpt2-inference-5d8458fb46-8g29c,default,gpt2,580.178.04,GPU-d59cb1c4-ad97-d91a-6731-e7b5f38951a6
2026-10-09 02:31:26.264163,11007.0,7,1g.11gb,,,,580.178.04,GPU-d59cb1c4-ad97-d91a-6731-e7b5f38951a6
2026-10-09 02:31:26.264163,11007.0,8,1g.11gb,,,,580.178.04,GPU-d59cb1c4-ad97-d91a-6731-e7b5f38951a6
2026-10-09 02:31:26.264163,11007.0,9,1g.11gb,,,,580.178.04,GPU-d59cb1c4-ad97-d91a-6731-e7b5f38951a6
2026-10-09 02:31:31.259752,11007.0,10,1g.11gb,,,,580.178.04,GPU-d59cb1c4-ad97-d91a-6731-e7b5f38951a6
2026-10-09 02:31:31.259752,11008.0,11,1g.11gb,gpt2-inference-5d8458fb46-zdp9n,default,gpt2,580.178.04,GPU-d59cb1c4-ad97-d91a-6731-e7b5f38951a6
2026-10-09 02:31:31.259752,11007.0,12,1g.11gb,,,,580.178.04,GPU-d59cb1c4-ad97-d91a-6731-e7b5f38951a6
2026-10-09 02:31:31.259752,11008.0,13,1g.11gb,gpt2-inference-5d8458fb46-8g29c,default,gpt2,580.178.04,GPU-d59cb1c4-ad97-d91a-6731-e7b5f38951a6
2026-10-09 02:31:31.259752,11007.0,7,1g.11gb,,,,580.178.04,GPU-d59cb1c4-ad97-d91a-6731-e7b5f38951a6
2026-10-09 02:31:31.259752,11007.0,8,1g.11gb,,,,580.178.04,GPU-d59cb1c4-ad97-d91a-6731-e7b5f38951a6
2026-10-09 02:31:31.259752,11007.0,9,1g.11gb,,,,580.178.04,GPU-d59cb1c4-ad97-d91a-6731-e7b5f38951a6
2026-10-09 02:31:36.264196,11007.0,10,1g.11gb,,,,580.178.04,GPU-d59cb1c4-ad97-d91a-6731-e7b5f38951a6
2026-10-09 02:31:36.264196,11008.0,11,1g.11gb,gpt2-inference-5d8458fb46-zdp9n,default,gpt2,580.178.04,GPU-d59cb1c4-ad97-d91a-6731-e7b5f38951a6
2026-10-09 02:31:36.264196,11007.0,12,1g.11gb,,,,580.178.04,GPU-d59cb1c4-ad97-d91a-6731-e7b5f38951a6
2026-10-09 02:31:36.264196,11008.0,13,1g.11gb,gpt2-inference-5d8458fb46-8g29c,default,gpt2,580.178.04,GPU-d59cb1c4-ad97-d91a-6731-e7b5f38951a6
2026-10-09 02:31:36.264196,11007.0,7,1g.11gb,,,,580.178.04,GPU-d59cb1c4-ad97-d91a-6731-e7b5f38951a6
2026-10-09 02:31:36.264196,11007.0,8,1g.11gb,,,,580.178.04,GPU-d59cb1c4-ad97-d91a-6731-e7b5f38951a6
2026-10-09 02:31:36.264196,11007.0,9,1g.11gb,,,,580.178.04,GPU-d59cb1c4-ad97-d91a-6731-e7b5f38951a6
2026-10-09 02:31:41.264125,11007.0,10,1g.11gb,,,,580.178.04,GPU-d59cb1c4-ad97-d91a-6731-e7b5f38951a6
2026-10-09 02:31:41.264125,11008.0,11,1g.11gb,gpt2-inference-5d8458fb46-zdp9n,default,gpt2,580.178.04,GPU-d59cb1c4-ad97-d91a-6731-e7b5f38951a6
2026-10-09 02:31:41.264125,11007.0,12,1g.11gb,,,,580.178.04,GPU-d59cb1c4-ad97-d91a-6731-e7b5f38951a6
2026-10-09 02:31:41.264125,11008.0,13,1g.11gb,gpt2-inference-5d8458fb46-8g29c,default,gpt2,580.178.04,GPU-d59cb1c4-ad97-d91a-6731-e7b5f38951a6
2026-10-09 02:31:41.264125,11007.0,7,1g.11gb,,,,580.178.04,GPU-d59cb1c4-ad97-d91a-6731-e7b5f38951a6
2026-10-09 02:31:41.264125,11007.0,8,1g.11gb,,,,580.178.04,GPU-d59cb1c4-ad97-d91a-6731-e7b5f38951a6
2026-10-09 02:31:41.264125,11007.0,9,1g.11gb,,,,580.178.04,GPU-d59cb1c4-ad97-d91a-6731-e7b5f38951a6
2026-10-09 02:31:46.259706,11007.0,10,1g.11gb,,,,580.178.04,GPU-d59cb1c4-ad97-d91a-6731-e7b5f38951a6
2026-10-09 02:31:46.259706,11008.0,11,1g.11gb,gpt2-inference-5d8458fb46-zdp9n,default,gpt2,580.178.04,GPU-d59cb1c4-ad97-d91a-6731-e7b5f38951a6
2026-10-09 02:31:46.259706,11007.0,12,1g.11gb,,,,580.178.04,GPU-d59cb1c4-ad97-d91a-6731-e7b5f38951a6
2026-10-09 02:31:46.259706,11008.0,13,1g.11gb,gpt2-inference-5d8458fb46-8g29c,default,gpt2,580.178.04,GPU-d59cb1c4-ad97-d91a-6731-e7b5f38951a6
2026-10-09 02:31:46.259706,11007.0,7,1g.11gb,,,,580.178.04,GPU-d59cb1c4-ad97-d91a-6731-e7b5f38951a6
2026-10-09 02:31:46.259706,11007.0,8,1g.11gb,,,,580.178.04,GPU-d59cb1c4-ad97-d91a-6731-e7b5f38951a6
2026-10-09 02:31:46.259706,11007.0,9,1g.11gb,,,,580.178.04,GPU-d59cb1c4-ad97-d91a-6731-e7b5f38951a6
2026-10-09 02:31:51.261895,11007.0,10,1g.11gb,,,,580.178.04,GPU-d59cb1c4-ad97-d91a-6731-e7b5f38951a6
2026-10-09 02:31:51.261895,11008.0,11,1g.11gb,gpt2-inference-5d8458fb46-zdp9n,default,gpt2,580.178.04,GPU-d59cb1c4-ad97-d91a-6731-e7b5f38951a6
2026-10-09 02:31:51.261895,11007.0,12,1g.11gb,,,,580.178.04,GPU-d59cb1c4-ad97-d91a-6731-e7b5f38951a6
2026-10-09 02:31:51.261895,11008.0,13,1g.11gb,gpt2-inference-5d8458fb46-8g29c,default,gpt2,580.178.04,GPU-d59cb1c4-ad97-d91a-6731-e7b5f38951a6
2026-10-09 02:31:51.261895,11007.0,7,1g.11gb,,,,580.178.04,GPU-d59cb1c4-ad97-d91a-6731-e7b5f38951a6
2026-10-09 02:31:51.261895,11007.0,8,1g.11gb,,,,580.178.04,GPU-d59cb1c4-ad97-d91a-6731-e7b5f38951a6
2026-10-09 02:31:51.261895,11007.0,9,1g.11gb,,,,580.178.04,GPU-d59cb1c4-ad97-d91a-6731-e7b5f38951a6
2026-10-09 02:31:56.261937,11007.0,10,1g.11gb,,,,580.178.04,GPU-d59cb1c4-ad97-d91a-6731-e7b5f38951a6
2026-10-09 02:31:56.261937,11008.0,11,1g.11gb,gpt2-inference-5d8458fb46-zdp9n,default,gpt2,580.178.04,GPU-d59cb1c4-ad97-d91a-6731-e7b5f38951a6
2026-10-09 02:31:56.261937,11007.0,12,1g.11gb,,,,580.178.04,GPU-d59cb1c4-ad97-d91a-6731-e7b5f38951a6
2026-10-09 02:31:56.261937,11008.0,13,1g.11gb,gpt2-inference-5d8458fb46-8g29c,default,gpt2,580.178.04,GPU-d59cb1c4-ad97-d91a-6731-e7b5f38951a6
2026-10-09 02:31:56.261937,11007.0,7,1g.11gb,,,,580.178.04,GPU-d59cb1c4-ad97-d91a-6731-e7b5f38951a6
2026-10-09 02:31:56.261937,11007.0,8,1g.11gb,,,,580.178.04,GPU-d59cb1c4-ad97-d91a-6731-e7b5f38951a6
2026-10-09 02:31:56.261937,11007.0,9,1g.11gb,,,,580.178.04,GPU-d59cb1c4-ad97-d91a-6731-e7b5f38951a6
2026-10-09 02:32:01.263931,11007.0,10,1g.11gb,,,,580.178.04,GPU-d59cb1c4-ad97-d91a-6731-e7b5f38951a6
2026-10-09 02:32:01.263931,11008.0,11,1g.11gb,gpt2-inference-5d8458fb46-zdp9n,default,gpt2,580.178.04,GPU-d59cb1c4-ad97-d91a-6731-e7b5f38951a6
2026-10-09 02:32:01.263931,11007.0,12,1g.11gb,,,,580.178.04,GPU-d59cb1c4-ad97-d91a-6731-e7b5f38951a6
2026-10-09 02:32:01.263931,11008.0,13,1g.11gb,gpt2-inference-5d8458fb46-8g29c,default,gpt2,580.178.04,GPU-d59cb1c4-ad97-d91a-6731-e7b5f38951a6
2026-10-09 02:32:01.263931,11007.0,7,1g.11gb,,,,580.178.04,GPU-d59cb1c4-ad97-d91a-6731-e7b5f38951a6
2026-10-09 02:32:01.263931,11007.0,8,1g.11gb,,,,580.178.04,GPU-d59cb1c4-ad97-d91a-6731-e7b5f38951a6
2026-10-09 02:32:01.263931,11007.0,9,1g.11gb,,,,580.178.04,GPU-d59cb1c4-ad97-d91a-6731-e7b5f38951a6
2026-10-09 02:32:06.264147,11007.0,10,1g.11gb,,,,580.178.04,GPU-d59cb1c4-ad97-d91a-6731-e7b5f38951a6
2026-10-09 02:32:06.264147,11008.0,11,1g.11gb,gpt2-inference-5d8458fb46-zdp9n,default,gpt2,580.178.04,GPU-d59cb1c4-ad97-d91a-6731-e7b5f38951a6
2026-10-09 02:32:06.264147,11007.0,12,1g.11gb,,,,580.178.04,GPU-d59cb1c4-ad97-d91a-6731-e7b5f38951a6
2026-10-09 02:32:06.264147,11008.0,13,1g.11gb,gpt2-inference-5d8458fb46-8g29c,default,gpt2,580.178.04,GPU-d59cb1c4-ad97-d91a-6731-e7b5f38951a6
2026-10-09 02:32:06.264147,11007.0,7,1g.11gb,,,,580.178.04,GPU-d59cb1c4-ad97-d91a-6731-e7b5f38951a6
2026-10-09 02:32:06.264147,11007.0,8,1g.11gb,,,,580.178.04,GPU-d59cb1c4-ad97-d91a-6731-e7b5f38951a6
2026-10-09 02:32:06.264147,11007.0,9,1g.11gb,,,,580.178.04,GPU-d59cb1c4-ad97-d91a-6731-e7b5f38951a6
2026-10-09 02:32:11.264159,11007.0,10,1g.11gb,,,,580.178.04,GPU-d59cb1c4-ad97-d91a-6731-e7b5f38951a6
2026-10-09 02:32:11.264159,11008.0,11,1g.11gb,gpt2-inference-5d8458fb46-zdp9n,default,gpt2,580.178.04,GPU-d59cb1c4-ad97-d91a-6731-e7b5f38951a6
2026-10-09 02:32:11.264159,11007.0,12,1g.11gb,,,,580.178.04,GPU-d59cb1c4-ad97-d91a-6731-e7b5f38951a6
2026-10-09 02:32:11.264159,11008.0,13,1g.11gb,gpt2-inference-5d8458fb46-8g29c,default,gpt2,580.178.04,GPU-d59cb1c4-ad97-d91a-6731-e7b5f38951a6
2026-10-09 02:32:11.264159,11007.0,7,1g.11gb,,,,580.178.04,GPU-d59cb1c4-ad97-d91a-6731-e7b5f38951a6
2026-10-09 02:32:11.264159,11007.0,8,1g.11gb,,,,580.178.04,GPU-d59cb1c4-ad97-d91a-6731-e7b5f38951a6
2026-10-09 02:32:11.264159,11007.0,9,1g.11gb,,,,580.178.04,GPU-d59cb1c4-ad97-d91a-6731-e7b5f38951a6
2026-10-09 02:32:16.263790,11007.0,10,1g.11gb,,,,580.178.04,GPU-d59cb1c4-ad97-d91a-6731-e7b5f38951a6
2026-10-09 02:32:16.263790,11008.0,11,1g.11gb,gpt2-inference-5d8458fb46-zdp9n,default,gpt2,580.178.04,GPU-d59cb1c4-ad97-d91a-6731-e7b5f38951a6
2026-10-09 02:32:16.263790,11007.0,12,1g.11gb,,,,580.178.04,GPU-d59cb1c4-ad97-d91a-6731-e7b5f38951a6
2026-10-09 02:32:16.263790,11008.0,13,1g.11gb,gpt2-inference-5d8458fb46-8g29c,default,gpt2,580.178.04,GPU-d59cb1c4-ad97-d91a-6731-e7b5f38951a6
2026-10-09 02:32:16.263790,11007.0,7,1g.11gb,,,,580.178.04,GPU-d59cb1c4-ad97-d91a-6731-e7b5f38951a6
2026-10-09 02:32:16.263790,11007.0,8,1g.11gb,,,,580.178.04,GPU-d59cb1c4-ad97-d91a-6731-e7b5f38951a6
2026-10-09 02:32:16.263790,11007.0,9,1g.11gb,,,,580.178.04,GPU-d59cb1c4-ad97-d91a-6731-e7b5f38951a6
2026-10-09 02:32:21.263654,11007.0,10,1g.11gb,,,,580.178.04,GPU-d59cb1c4-ad97-d91a-6731-e7b5f38951a6
2026-10-09 02:32:21.263654,11008.0,11,1g.11gb,gpt2-inference-5d8458fb46-zdp9n,default,gpt2,580.178.04,GPU-d59cb1c4-ad97-d91a-6731-e7b5f38951a6
2026-10-09 02:32:21.263654,11007.0,12,1g.11gb,,,,580.178.04,GPU-d59cb1c4-ad97-d91a-6731-e7b5f38951a6
2026-10-09 02:32:21.263654,11008.0,13,1g.11gb,gpt2-inference-5d8458fb46-8g29c,default,gpt2,580.178.04,GPU-d59cb1c4-ad97-d91a-6731-e7b5f38951a6
2026-10-09 02:32:21.263654,11007.0,7,1g.11gb,,,,580.178.04,GPU-d59cb1c4-ad97-d91a-6731-e7b5f38951a6
2026-10-09 02:32:21.263654,11007.0,8,1g.11gb,,,,580.178.04,GPU-d59cb1c4-ad97-d91a-6731-e7b5f38951a6
2026-10-09 02:32:21.263654,11007.0,9,1g.11gb,,,,580.178.04,GPU-d59cb1c4-ad97-d91a-6731-e7b5f38951a6
2026-10-09 02:32:26.260694,11007.0,10,1g.11gb,,,,580.178.04,GPU-d59cb1c4-ad97-d91a-6731-e7b5f38951a6
2026-10-09 02:32:26.260694,11008.0,11,1g.11gb,gpt2-inference-5d8458fb46-zdp9n,default,gpt2,580.178.04,GPU-d59cb1c4-ad97-d91a-6731-e7b5f38951a6
2026-10-09 02:32:26.260694,11007.0,12,1g.11gb,,,,580.178.04,GPU-d59cb1c4-ad97-d91a-6731-e7b5f38951a6
2026-10-09 02:32:26.260694,11008.0,13,1g.11gb,gpt2-inference-5d8458fb46-8g29c,default,gpt2,580.178.04,GPU-d59cb1c4-ad97-d91a-6731-e7b5f38951a6
2026-10-09 02:32:26.260694,11007.0,7,1g.11gb,,,,580.178.04,GPU-d59cb1c4-ad97-d91a-6731-e7b5f38951a6
2026-10-09 02:32:26.260694,11007.0,8,1g.11gb,,,,580.178.04,GPU-d59cb1c4-ad97-d91a-6731-e7b5f38951a6
2026-10-09 02:32:26.260694,11007.0,9,1g.11gb,,,,580.178.04,GPU-d59cb1c4-ad97-d91a-6731-e7b5f38951a6
2026-10-09 02:32:31.261652,11007.0,10,1g.11gb,,,,580.178.04,GPU-d59cb1c4-ad97-d91a-6731-e7b5f38951a6
2026-10-09 02:32:31.261652,11008.0,11,1g.11gb,gpt2-inference-5d8458fb46-zdp9n,default,gpt2,580.178.04,GPU-d59cb1c4-ad97-d91a-6731-e7b5f38951a6
2026-10-09 02:32:31.261652,11007.0,12,1g.11gb,,,,580.178.04,GPU-d59cb1c4-ad97-d91a-6731-e7b5f38951a6
2026-10-09 02:32:31.261652,11008.0,13,1g.11gb,gpt2-inference-5d8458fb46-8g29c,default,gpt2,580.178.04,GPU-d59cb1c4-ad97-d91a-6731-e7b5f38951a6
2026-10-09 02:32:31.261652,11007.0,7,1g.11gb,,,,580.178.04,GPU-d59cb1c4-ad97-d91a-6731-e7b5f38951a6
2026-10-09 02:32:31.261652,11007.0,8,1g.11gb,,,,580.178.04,GPU-d59cb1c4-ad97-d91a-6731-e7b5f38951a6
2026-10-09 02:32:31.261652,11007.0,9,1g.11gb,,,,580.178.04,GPU-d59cb1c4-ad97-d91a-6731-e7b5f38951a6
2026-10-09 02:32:36.264163,11007.0,10,1g.11gb,,,,580.178.04,GPU-d59cb1c4-ad97-d91a-6731-e7b5f38951a6
2026-10-09 02:32:36.264163,11008.0,11,1g.11gb,gpt2-inference-5d8458fb46-zdp9n,default,gpt2,580.178.04,GPU-d59cb1c4-ad97-d91a-6731-e7b5f38951a6
2026-10-09 02:32:36.264163,11007.0,12,1g.11gb,,,,580.178.04,GPU-d59cb1c4-ad97-d91a-6731-e7b5f38951a6
2026-10-09 02:32:36.264163,11008.0,13,1g.11gb,gpt2-inference-5d8458fb46-8g29c,default,gpt2,580.178.04,GPU-d59cb1c4-ad97-d91a-6731-e7b5f38951a6
2026-10-09 02:32:36.264163,11007.0,7,1g.11gb,,,,580.178.04,GPU-d59cb1c4-ad97-d91a-6731-e7b5f38951a6
2026-10-09 02:32:36.264163,11007.0,8,1g.11gb,,,,580.178.04,GPU-d59cb1c4-ad97-d91a-6731-e7b5f38951a6
2026-10-09 02:32:36.264163,11007.0,9,1g.11gb,,,,580.178.04,GPU-d59cb1c4-ad97-d91a-6731-e7b5f38951a6
2026-10-09 02:32:41.261448,11007.0,10,1g.11gb,,,,580.178.04,GPU-d59cb1c4-ad97-d91a-6731-e7b5f38951a6
2026-10-09 02:32:41.261448,11008.0,11,1g.11gb,gpt2-inference-5d8458fb46-zdp9n,default,gpt2,580.178.04,GPU-d59cb1c4-ad97-d91a-6731-e7b5f38951a6
2026-10-09 02:32:41.261448,11007.0,12,1g.11gb,,,,580.178.04,GPU-d59cb1c4-ad97-d91a-6731-e7b5f38951a6
2026-10-09 02:32:41.261448,11008.0,13,1g.11gb,gpt2-inference-5d8458fb46-8g29c,default,gpt2,580.178.04,GPU-d59cb1c4-ad97-d91a-6731-e7b5f38951a6
2026-10-09 02:32:41.261448,11007.0,7,1g.11gb,,,,580.178.04,GPU-d59cb1c4-ad97-d91a-6731-e7b5f38951a6
2026-10-09 02:32:41.261448,11007.0,8,1g.11gb,,,,580.178.04,GPU-d59cb1c4-ad97-d91a-6731-e7b5f38951a6
2026-10-09 02:32:41.261448,11007.0,9,1g.11gb,,,,580.178.04,GPU-d59cb1c4-ad97-d91a-6731-e7b5f38951a6
2026-10-09 02:32:46.264169,11007.0,10,1g.11gb,,,,580.178.04,GPU-d59cb1c4-ad97-d91a-6731-e7b5f38951a6
2026-10-09 02:32:46.264169,11008.0,11,1g.11gb,gpt2-inference-5d8458fb46-zdp9n,default,gpt2,580.178.04,GPU-d59cb1c4-ad97-d91a-6731-e7b5f38951a6
2026-10-09 02:32:46.264169,11007.0,12,1g.11gb,,,,580.178.04,GPU-d59cb1c4-ad97-d91a-6731-e7b5f38951a6
2026-10-09 02:32:46.264169,11008.0,13,1g.11gb,gpt2-inference-5d8458fb46-8g29c,default,gpt2,580.178.04,GPU-d59cb1c4-ad97-d91a-6731-e7b5f38951a6
2026-10-09 02:32:46.264169,11007.0,7,1g.11gb,,,,580.178.04,GPU-d59cb1c4-ad97-d91a-6731-e7b5f38951a6
2026-10-09 02:32:46.264169,11007.0,8,1g.11gb,,,,580.178.04,GPU-d59cb1c4-ad97-d91a-6731-e7b5f38951a6
2026-10-09 02:32:46.264169,11007.0,9,1g.11gb,,,,580.178.04,GPU-d59cb1c4-ad97-d91a-6731-e7b5f38951a6
2026-10-09 02:32:51.263661,11007.0,10,1g.11gb,,,,580.178.04,GPU-d59cb1c4-ad97-d91a-6731-e7b5f38951a6
2026-10-09 02:32:51.263661,11008.0,11,1g.11gb,gpt2-inference-5d8458fb46-zdp9n,default,gpt2,580.178.04,GPU-d59cb1c4-ad97-d91a-6731-e7b5f38951a6
2026-10-09 02:32:51.263661,11007.0,12,1g.11gb,,,,580.178.04,GPU-d59cb1c4-ad97-d91a-6731-e7b5f38951a6
2026-10-09 02:32:51.263661,11008.0,13,1g.11gb,gpt2-inference-5d8458fb46-8g29c,default,gpt2,580.178.04,GPU-d59cb1c4-ad97-d91a-6731-e7b5f38951a6
2026-10-09 02:32:51.263661,11007.0,7,1g.11gb,,,,580.178.04,GPU-d59cb1c4-ad97-d91a-6731-e7b5f38951a6
2026-10-09 02:32:51.263661,11007.0,8,1g.11gb,,,,580.178.04,GPU-d59cb1c4-ad97-d91a-6731-e7b5f38951a6
2026-10-09 02:32:51.263661,11007.0,9,1g.11gb,,,,580.178.04,GPU-d59cb1c4-ad97-d91a-6731-e7b5f38951a6
2026-10-09 02:32:56.264156,11007.0,10,1g.11gb,,,,580.178.04,GPU-d59cb1c4-ad97-d91a-6731-e7b5f38951a6
2026-10-09 02:32:56.264156,11008.0,11,1g.11gb,gpt2-inference-5d8458fb46-zdp9n,default,gpt2,580.178.04,GPU-d59cb1c4-ad97-d91a-6731-e7b5f38951a6
2026-10-09 02:32:56.264156,11007.0,12,1g.11gb,,,,580.178.04,GPU-d59cb1c4-ad97-d91a-6731-e7b5f38951a6
2026-10-09 02:32:56.264156,11008.0,13,1g.11gb,gpt2-inference-5d8458fb46-8g29c,default,gpt2,580.178.04,GPU-d59cb1c4-ad97-d91a-6731-e7b5f38951a6
2026-10-09 02:32:56.264156,11007.0,7,1g.11gb,,,,580.178.04,GPU-d59cb1c4-ad97-d91a-6731-e7b5f38951a6
2026-10-09 02:32:56.264156,11007.0,8,1g.11gb,,,,580.178.04,GPU-d59cb1c4-ad97-d91a-6731-e7b5f38951a6
2026-10-09 02:32:56.264156,11007.0,9,1g.11gb,,,,580.178.04,GPU-d59cb1c4-ad97-d91a-6731-e7b5f38951a6
2026-10-09 02:33:01.264164,11007.0,10,1g.11gb,,,,580.178.04,GPU-d59cb1c4-ad97-d91a-6731-e7b5f38951a6
2026-10-09 02:33:01.264164,11008.0,11,1g.11gb,gpt2-inference-5d8458fb46-zdp9n,default,gpt2,580.178.04,GPU-d59cb1c4-ad97-d91a-6731-e7b5f38951a6
2026-10-09 02:33:01.264164,11007.0,12,1g.11gb,,,,580.178.04,GPU-d59cb1c4-ad97-d91a-6731-e7b5f38951a6
2026-10-09 02:33:01.264164,11008.0,13,1g.11gb,gpt2-inference-5d8458fb46-8g29c,default,gpt2,580.178.04,GPU-d59cb1c4-ad97-d91a-6731-e7b5f38951a6
2026-10-09 02:33:01.264164,11007.0,7,1g.11gb,,,,580.178.04,GPU-d59cb1c4-ad97-d91a-6731-e7b5f38951a6
2026-10-09 02:33:01.264164,11007.0,8,1g.11gb,,,,580.178.04,GPU-d59cb1c4-ad97-d91a-6731-e7b5f38951a6
2026-10-09 02:33:01.264164,11007.0,9,1g.11gb,,,,580.178.04,GPU-d59cb1c4-ad97-d91a-6731-e7b5f38951a6
2026-10-09 02:33:06.260507,11007.0,10,1g.11gb,,,,580.178.04,GPU-d59cb1c4-ad97-d91a-6731-e7b5f38951a6
2026-10-09 02:33:06.260507,11008.0,11,1g.11gb,gpt2-inference-5d8458fb46-zdp9n,default,gpt2,580.178.04,GPU-d59cb1c4-ad97-d91a-6731-e7b5f38951a6
2026-10-09 02:33:06.260507,11007.0,12,1g.11gb,,,,580.178.04,GPU-d59cb1c4-ad97-d91a-6731-e7b5f38951a6
2026-10-09 02:33:06.260507,11008.0,13,1g.11gb,gpt2-inference-5d8458fb46-8g29c,default,gpt2,580.178.04,GPU-d59cb1c4-ad97-d91a-6731-e7b5f38951a6
2026-10-09 02:33:06.260507,11007.0,7,1g.11gb,,,,580.178.04,GPU-d59cb1c4-ad97-d91a-6731-e7b5f38951a6
2026-10-09 02:33:06.260507,11007.0,8,1g.11gb,,,,580.178.04,GPU-d59cb1c4-ad97-d91a-6731-e7b5f38951a6
2026-10-09 02:33:06.260507,11007.0,9,1g.11gb,,,,580.178.04,GPU-d59cb1c4-ad97-d91a-6731-e7b5f38951a6
2026-10-09 02:33:11.264166,11007.0,10,1g.11gb,,,,580.178.04,GPU-d59cb1c4-ad97-d91a-6731-e7b5f38951a6
2026-10-09 02:33:11.264166,11008.0,11,1g.11gb,gpt2-inference-5d8458fb46-zdp9n,default,gpt2,580.178.04,GPU-d59cb1c4-ad97-d91a-6731-e7b5f38951a6
2026-10-09 02:33:11.264166,11007.0,12,1g.11gb,,,,580.178.04,GPU-d59cb1c4-ad97-d91a-6731-e7b5f38951a6
2026-10-09 02:33:11.264166,11008.0,13,1g.11gb,gpt2-inference-5d8458fb46-8g29c,default,gpt2,580.178.04,GPU-d59cb1c4-ad97-d91a-6731-e7b5f38951a6
2026-10-09 02:33:11.264166,11007.0,7,1g.11gb,,,,580.178.04,GPU-d59cb1c4-ad97-d91a-6731-e7b5f38951a6
2026-10-09 02:33:11.264166,11007.0,8,1g.11gb,,,,580.178.04,GPU-d59cb1c4-ad97-d91a-6731-e7b5f38951a6
2026-10-09 02:33:11.264166,11007.0,9,1g.11gb,,,,580.178.04,GPU-d59cb1c4-ad97-d91a-6731-e7b5f38951a6
2026-10-09 02:33:16.264159,11007.0,10,1g.11gb,,,,580.178.04,GPU-d59cb1c4-ad97-d91a-6731-e7b5f38951a6
2026-10-09 02:33:16.264159,11008.0,11,1g.11gb,gpt2-inference-5d8458fb46-zdp9n,default,gpt2,580.178.04,GPU-d59cb1c4-ad97-d91a-6731-e7b5f38951a6
2026-10-09 02:33:16.264159,11007.0,12,1g.11gb,,,,580.178.04,GPU-d59cb1c4-ad97-d91a-6731-e7b5f38951a6
2026-10-09 02:33:16.264159,11008.0,13,1g.11gb,gpt2-inference-5d8458fb46-8g29c,default,gpt2,580.178.04,GPU-d59cb1c4-ad97-d91a-6731-e7b5f38951a6
2026-10-09 02:33:16.264159,11007.0,7,1g.11gb,,,,580.178.04,GPU-d59cb1c4-ad97-d91a-6731-e7b5f38951a6
2026-10-09 02:33:16.264159,11007.0,8,1g.11gb,,,,580.178.04,GPU-d59cb1c4-ad97-d91a-6731-e7b5f38951a6
2026-10-09 02:33:16.264159,11007.0,9,1g.11gb,,,,580.178.04,GPU-d59cb1c4-ad97-d91a-6731-e7b5f38951a6
2026-10-09 02:33:21.263974,11007.0,10,1g.11gb,,,,580.178.04,GPU-d59cb1c4-ad97-d91a-6731-e7b5f38951a6
2026-10-09 02:33:21.263974,11008.0,11,1g.11gb,gpt2-inference-5d8458fb46-zdp9n,default,gpt2,580.178.04,GPU-d59cb1c4-ad97-d91a-6731-e7b5f38951a6
2026-10-09 02:33:21.263974,11007.0,12,1g.11gb,,,,580.178.04,GPU-d59cb1c4-ad97-d91a-6731-e7b5f38951a6
2026-10-09 02:33:21.263974,11008.0,13,1g.11gb,gpt2-inference-5d8458fb46-8g29c,default,gpt2,580.178.04,GPU-d59cb1c4-ad97-d91a-6731-e7b5f38951a6
2026-10-09 02:33:21.263974,11007.0,7,1g.11gb,,,,580.178.04,GPU-d59cb1c4-ad97-d91a-6731-e7b5f38951a6
2026-10-09 02:33:21.263974,11007.0,8,1g.11gb,,,,580.178.04,GPU-d59cb1c4-ad97-d91a-6731-e7b5f38951a6
2026-10-09 02:33:21.263974,11007.0,9,1g.11gb,,,,580.178.04,GPU-d59cb1c4-ad97-d91a-6731-e7b5f38951a6
2026-10-09 02:33:26.259987,11007.0,10,1g.11gb,,,,580.178.04,GPU-d59cb1c4-ad97-d91a-6731-e7b5f38951a6
2026-10-09 02:33:26.259987,11008.0,11,1g.11gb,gpt2-inference-5d8458fb46-zdp9n,default,gpt2,580.178.04,GPU-d59cb1c4-ad97-d91a-6731-e7b5f38951a6
2026-10-09 02:33:26.259987,11007.0,12,1g.11gb,,,,580.178.04,GPU-d59cb1c4-ad97-d91a-6731-e7b5f38951a6
2026-10-09 02:33:26.259987,11008.0,13,1g.11gb,gpt2-inference-5d8458fb46-8g29c,default,gpt2,580.178.04,GPU-d59cb1c4-ad97-d91a-6731-e7b5f38951a6
2026-10-09 02:33:26.259987,11007.0,7,1g.11gb,,,,580.178.04,GPU-d59cb1c4-ad97-d91a-6731-e7b5f38951a6
2026-10-09 02:33:26.259987,11007.0,8,1g.11gb,,,,580.178.04,GPU-d59cb1c4-ad97-d91a-6731-e7b5f38951a6
2026-10-09 02:33:26.259987,11007.0,9,1g.11gb,,,,580.178.04,GPU-d59cb1c4-ad97-d91a-6731-e7b5f38951a6
2026-10-09 02:33:31.264184,11007.0,10,1g.11gb,,,,580.178.04,GPU-d59cb1c4-ad97-d91a-6731-e7b5f38951a6
2026-10-09 02:33:31.264184,11008.0,11,1g.11gb,gpt2-inference-5d8458fb46-zdp9n,default,gpt2,580.178.04,GPU-d59cb1c4-ad97-d91a-6731-e7b5f38951a6
2026-10-09 02:33:31.264184,11007.0,12,1g.11gb,,,,580.178.04,GPU-d59cb1c4-ad97-d91a-6731-e7b5f38951a6
2026-10-09 02:33:31.264184,11008.0,13,1g.11gb,gpt2-inference-5d8458fb46-8g29c,default,gpt2,580.178.04,GPU-d59cb1c4-ad97-d91a-6731-e7b5f38951a6
2026-10-09 02:33:31.264184,11007.0,7,1g.11gb,,,,580.178.04,GPU-d59cb1c4-ad97-d91a-6731-e7b5f38951a6
2026-10-09 02:33:31.264184,11007.0,8,1g.11gb,,,,580.178.04,GPU-d59cb1c4-ad97-d91a-6731-e7b5f38951a6
2026-10-09 02:33:31.264184,11007.0,9,1g.11gb,,,,580.178.04,GPU-d59cb1c4-ad97-d91a-6731-e7b5f38951a6
2026-10-09 02:33:36.264151,11007.0,10,1g.11gb,,,,580.178.04,GPU-d59cb1c4-ad97-d91a-6731-e7b5f38951a6
2026-10-09 02:33:36.264151,11008.0,11,1g.11gb,gpt2-inference-5d8458fb46-zdp9n,default,gpt2,580.178.04,GPU-d59cb1c4-ad97-d91a-6731-e7b5f38951a6
2026-10-09 02:33:36.264151,11007.0,12,1g.11gb,,,,580.178.04,GPU-d59cb1c4-ad97-d91a-6731-e7b5f38951a6
2026-10-09 02:33:36.264151,11008.0,13,1g.11gb,gpt2-inference-5d8458fb46-8g29c,default,gpt2,580.178.04,GPU-d59cb1c4-ad97-d91a-6731-e7b5f38951a6
2026-10-09 02:33:36.264151,11007.0,7,1g.11gb,,,,580.178.04,GPU-d59cb1c4-ad97-d91a-6731-e7b5f38951a6
2026-10-09 02:33:36.264151,11007.0,8,1g.11gb,,,,580.178.04,GPU-d59cb1c4-ad97-d91a-6731-e7b5f38951a6
2026-10-09 02:33:36.264151,11007.0,9,1g.11gb,,,,580.178.04,GPU-d59cb1c4-ad97-d91a-6731-e7b5f38951a6
2026-10-09 02:33:41.263635,11007.0,10,1g.11gb,,,,580.178.04,GPU-d59cb1c4-ad97-d91a-6731-e7b5f38951a6
2026-10-09 02:33:41.263635,11008.0,11,1g.11gb,gpt2-inference-5d8458fb46-zdp9n,default,gpt2,580.178.04,GPU-d59cb1c4-ad97-d91a-6731-e7b5f38951a6
2026-10-09 02:33:41.263635,11007.0,12,1g.11gb,,,,580.178.04,GPU-d59cb1c4-ad97-d91a-6731-e7b5f38951a6
2026-10-09 02:33:41.263635,11008.0,13,1g.11gb,gpt2-inference-5d8458fb46-8g29c,default,gpt2,580.178.04,GPU-d59cb1c4-ad97-d91a-6731-e7b5f38951a6
2026-10-09 02:33:41.263635,11007.0,7,1g.11gb,,,,580.178.04,GPU-d59cb1c4-ad97-d91a-6731-e7b5f38951a6
2026-10-09 02:33:41.263635,11007.0,8,1g.11gb,,,,580.178.04,GPU-d59cb1c4-ad97-d91a-6731-e7b5f38951a6
2026-10-09 02:33:41.263635,11007.0,9,1g.11gb,,,,580.178.04,GPU-d59cb1c4-ad97-d91a-6731-e7b5f38951a6
2026-10-09 02:33:46.259657,11007.0,10,1g.11gb,,,,580.178.04,GPU-d59cb1c4-ad97-d91a-6731-e7b5f38951a6
2026-10-09 02:33:46.259657,11008.0,11,1g.11gb,gpt2-inference-5d8458fb46-zdp9n,default,gpt2,580.178.04,GPU-d59cb1c4-ad97-d91a-6731-e7b5f38951a6
2026-10-09 02:33:46.259657,11007.0,12,1g.11gb,,,,580.178.04,GPU-d59cb1c4-ad97-d91a-6731-e7b5f38951a6
2026-10-09 02:33:46.259657,11008.0,13,1g.11gb,gpt2-inference-5d8458fb46-8g29c,default,gpt2,580.178.04,GPU-d59cb1c4-ad97-d91a-6731-e7b5f38951a6
2026-10-09 02:33:46.259657,11007.0,7,1g.11gb,,,,580.178.04,GPU-d59cb1c4-ad97-d91a-6731-e7b5f38951a6
2026-10-09 02:33:46.259657,11007.0,8,1g.11gb,,,,580.178.04,GPU-d59cb1c4-ad97-d91a-6731-e7b5f38951a6
2026-10-09 02:33:46.259657,11007.0,9,1g.11gb,,,,580.178.04,GPU-d59cb1c4-ad97-d91a-6731-e7b5f38951a6
2026-10-09 02:33:51.263285,11007.0,10,1g.11gb,,,,580.178.04,GPU-d59cb1c4-ad97-d91a-6731-e7b5f38951a6
2026-10-09 02:33:51.263285,11008.0,11,1g.11gb,gpt2-inference-5d8458fb46-zdp9n,default,gpt2,580.178.04,GPU-d59cb1c4-ad97-d91a-6731-e7b5f38951a6
2026-10-09 02:33:51.263285,11007.0,12,1g.11gb,,,,580.178.04,GPU-d59cb1c4-ad97-d91a-6731-e7b5f38951a6
2026-10-09 02:33:51.263285,11008.0,13,1g.11gb,gpt2-inference-5d8458fb46-8g29c,default,gpt2,580.178.04,GPU-d59cb1c4-ad97-d91a-6731-e7b5f38951a6
2026-10-09 02:33:51.263285,11007.0,7,1g.11gb,,,,580.178.04,GPU-d59cb1c4-ad97-d91a-6731-e7b5f38951a6
2026-10-09 02:33:51.263285,11007.0,8,1g.11gb,,,,580.178.04,GPU-d59cb1c4-ad97-d91a-6731-e7b5f38951a6
2026-10-09 02:33:51.263285,11007.0,9,1g.11gb,,,,580.178.04,GPU-d59cb1c4-ad97-d91a-6731-e7b5f38951a6
2026-10-09 02:33:56.260521,11007.0,10,1g.11gb,,,,580.178.04,GPU-d59cb1c4-ad97-d91a-6731-e7b5f38951a6
2026-10-09 02:33:56.260521,11008.0,11,1g.11gb,gpt2-inference-5d8458fb46-zdp9n,default,gpt2,580.178.04,GPU-d59cb1c4-ad97-d91a-6731-e7b5f38951a6
2026-10-09 02:33:56.260521,11007.0,12,1g.11gb,,,,580.178.04,GPU-d59cb1c4-ad97-d91a-6731-e7b5f38951a6
2026-10-09 02:33:56.260521,11008.0,13,1g.11gb,gpt2-inference-5d8458fb46-8g29c,default,gpt2,580.178.04,GPU-d59cb1c4-ad97-d91a-6731-e7b5f38951a6
2026-10-09 02:33:56.260521,11007.0,7,1g.11gb,,,,580.178.04,GPU-d59cb1c4-ad97-d91a-6731-e7b5f38951a6
2026-10-09 02:33:56.260521,11007.0,8,1g.11gb,,,,580.178.04,GPU-d59cb1c4-ad97-d91a-6731-e7b5f38951a6
2026-10-09 02:33:56.260521,11007.0,9,1g.11gb,,,,580.178.04,GPU-d59cb1c4-ad97-d91a-6731-e7b5f38951a6
2026-10-09 02:34:01.264155,11007.0,10,1g.11gb,,,,580.178.04,GPU-d59cb1c4-ad97-d91a-6731-e7b5f38951a6
2026-10-09 02:34:01.264155,11008.0,11,1g.11gb,gpt2-inference-5d8458fb46-zdp9n,default,gpt2,580.178.04,GPU-d59cb1c4-ad97-d91a-6731-e7b5f38951a6
2026-10-09 02:34:01.264155,11007.0,12,1g.11gb,,,,580.178.04,GPU-d59cb1c4-ad97-d91a-6731-e7b5f38951a6
2026-10-09 02:34:01.264155,11008.0,13,1g.11gb,gpt2-inference-5d8458fb46-8g29c,default,gpt2,580.178.04,GPU-d59cb1c4-ad97-d91a-6731-e7b5f38951a6
2026-10-09 02:34:01.264155,11007.0,7,1g.11gb,,,,580.178.04,GPU-d59cb1c4-ad97-d91a-6731-e7b5f38951a6
2026-10-09 02:34:01.264155,11007.0,8,1g.11gb,,,,580.178.04,GPU-d59cb1c4-ad97-d91a-6731-e7b5f38951a6
2026-10-09 02:34:01.264155,11007.0,9,1g.11gb,,,,580.178.04,GPU-d59cb1c4-ad97-d91a-6731-e7b5f38951a6
2026-10-09 02:34:06.261445,11007.0,10,1g.11gb,,,,580.178.04,GPU-d59cb1c4-ad97-d91a-6731-e7b5f38951a6
2026-10-09 02:34:06.261445,11008.0,11,1g.11gb,gpt2-inference-5d8458fb46-zdp9n,default,gpt2,580.178.04,GPU-d59cb1c4-ad97-d91a-6731-e7b5f38951a6
2026-10-09 02:34:06.261445,11007.0,12,1g.11gb,,,,580.178.04,GPU-d59cb1c4-ad97-d91a-6731-e7b5f38951a6
2026-10-09 02:34:06.261445,11008.0,13,1g.11gb,gpt2-inference-5d8458fb46-8g29c,default,gpt2,580.178.04,GPU-d59cb1c4-ad97-d91a-6731-e7b5f38951a6
2026-10-09 02:34:06.261445,11007.0,7,1g.11gb,,,,580.178.04,GPU-d59cb1c4-ad97-d91a-6731-e7b5f38951a6
2026-10-09 02:34:06.261445,11007.0,8,1g.11gb,,,,580.178.04,GPU-d59cb1c4-ad97-d91a-6731-e7b5f38951a6
2026-10-09 02:34:06.261445,11007.0,9,1g.11gb,,,,580.178.04,GPU-d59cb1c4-ad97-d91a-6731-e7b5f38951a6
2026-10-09 02:34:11.264156,11007.0,10,1g.11gb,,,,580.178.04,GPU-d59cb1c4-ad97-d91a-6731-e7b5f38951a6
2026-10-09 02:34:11.264156,11008.0,11,1g.11gb,gpt2-inference-5d8458fb46-zdp9n,default,gpt2,580.178.04,GPU-d59cb1c4-ad97-d91a-6731-e7b5f38951a6
2026-10-09 02:34:11.264156,11007.0,12,1g.11gb,,,,580.178.04,GPU-d59cb1c4-ad97-d91a-6731-e7b5f38951a6
2026-10-09 02:34:11.264156,11008.0,13,1g.11gb,gpt2-inference-5d8458fb46-8g29c,default,gpt2,580.178.04,GPU-d59cb1c4-ad97-d91a-6731-e7b5f38951a6
2026-10-09 02:34:11.264156,11007.0,7,1g.11gb,,,,580.178.04,GPU-d59cb1c4-ad97-d91a-6731-e7b5f38951a6
2026-10-09 02:34:11.264156,11007.0,8,1g.11gb,,,,580.178.04,GPU-d59cb1c4-ad97-d91a-6731-e7b5f38951a6
2026-10-09 02:34:11.264156,11007.0,9,1g.11gb,,,,580.178.04,GPU-d59cb1c4-ad97-d91a-6731-e7b5f38951a6
2026-10-09 02:34:16.261604,11007.0,10,1g.11gb,,,,580.178.04,GPU-d59cb1c4-ad97-d91a-6731-e7b5f38951a6
2026-10-09 02:34:16.261604,11008.0,11,1g.11gb,gpt2-inference-5d8458fb46-zdp9n,default,gpt2,580.178.04,GPU-d59cb1c4-ad97-d91a-6731-e7b5f38951a6
2026-10-09 02:34:16.261604,11007.0,12,1g.11gb,,,,580.178.04,GPU-d59cb1c4-ad97-d91a-6731-e7b5f38951a6
2026-10-09 02:34:16.261604,11008.0,13,1g.11gb,gpt2-inference-5d8458fb46-8g29c,default,gpt2,580.178.04,GPU-d59cb1c4-ad97-d91a-6731-e7b5f38951a6
2026-10-09 02:34:16.261604,11007.0,7,1g.11gb,,,,580.178.04,GPU-d59cb1c4-ad97-d91a-6731-e7b5f38951a6
2026-10-09 02:34:16.261604,11007.0,8,1g.11gb,,,,580.178.04,GPU-d59cb1c4-ad97-d91a-6731-e7b5f38951a6
2026-10-09 02:34:16.261604,11007.0,9,1g.11gb,,,,580.178.04,GPU-d59cb1c4-ad97-d91a-6731-e7b5f38951a6
2026-10-09 02:34:21.264200,11007.0,10,1g.11gb,,,,580.178.04,GPU-d59cb1c4-ad97-d91a-6731-e7b5f38951a6
2026-10-09 02:34:21.264200,11008.0,11,1g.11gb,gpt2-inference-5d8458fb46-zdp9n,default,gpt2,580.178.04,GPU-d59cb1c4-ad97-d91a-6731-e7b5f38951a6
2026-10-09 02:34:21.264200,11007.0,12,1g.11gb,,,,580.178.04,GPU-d59cb1c4-ad97-d91a-6731-e7b5f38951a6
2026-10-09 02:34:21.264200,11008.0,13,1g.11gb,gpt2-inference-5d8458fb46-8g29c,default,gpt2,580.178.04,GPU-d59cb1c4-ad97-d91a-6731-e7b5f38951a6
2026-10-09 02:34:21.264200,11007.0,7,1g.11gb,,,,580.178.04,GPU-d59cb1c4-ad97-d91a-6731-e7b5f38951a6
2026-10-09 02:34:21.264200,11007.0,8,1g.11gb,,,,580.178.04,GPU-d59cb1c4-ad97-d91a-6731-e7b5f38951a6
2026-10-09 02:34:21.264200,11007.0,9,1g.11gb,,,,580.178.04,GPU-d59cb1c4-ad97-d91a-6731-e7b5f38951a6
2026-10-09 02:34:26.264151,11007.0,10,1g.11gb,,,,580.178.04,GPU-d59cb1c4-ad97-d91a-6731-e7b5f38951a6
2026-10-09 02:34:26.264151,11008.0,11,1g.11gb,gpt2-inference-5d8458fb46-zdp9n,default,gpt2,580.178.04,GPU-d59cb1c4-ad97-d91a-6731-e7b5f38951a6
2026-10-09 02:34:26.264151,11007.0,12,1g.11gb,,,,580.178.04,GPU-d59cb1c4-ad97-d91a-6731-e7b5f38951a6
2026-10-09 02:34:26.264151,11008.0,13,1g.11gb,gpt2-inference-5d8458fb46-8g29c,default,gpt2,580.178.04,GPU-d59cb1c4-ad97-d91a-6731-e7b5f38951a6
2026-10-09 02:34:26.264151,11007.0,7,1g.11gb,,,,580.178.04,GPU-d59cb1c4-ad97-d91a-6731-e7b5f38951a6
2026-10-09 02:34:26.264151,11007.0,8,1g.11gb,,,,580.178.04,GPU-d59cb1c4-ad97-d91a-6731-e7b5f38951a6
2026-10-09 02:34:26.264151,11007.0,9,1g.11gb,,,,580.178.04,GPU-d59cb1c4-ad97-d91a-6731-e7b5f38951a6
2026-10-09 02:34:31.259800,11007.0,10,1g.11gb,,,,580.178.04,GPU-d59cb1c4-ad97-d91a-6731-e7b5f38951a6
2026-10-09 02:34:31.259800,11008.0,11,1g.11gb,gpt2-inference-5d8458fb46-zdp9n,default,gpt2,580.178.04,GPU-d59cb1c4-ad97-d91a-6731-e7b5f38951a6
2026-10-09 02:34:31.259800,11007.0,12,1g.11gb,,,,580.178.04,GPU-d59cb1c4-ad97-d91a-6731-e7b5f38951a6
2026-10-09 02:34:31.259800,11008.0,13,1g.11gb,gpt2-inference-5d8458fb46-8g29c,default,gpt2,580.178.04,GPU-d59cb1c4-ad97-d91a-6731-e7b5f38951a6
2026-10-09 02:34:31.259800,11007.0,7,1g.11gb,,,,580.178.04,GPU-d59cb1c4-ad97-d91a-6731-e7b5f38951a6
2026-10-09 02:34:31.259800,11007.0,8,1g.11gb,,,,580.178.04,GPU-d59cb1c4-ad97-d91a-6731-e7b5f38951a6
2026-10-09 02:34:31.259800,11007.0,9,1g.11gb,,,,580.178.04,GPU-d59cb1c4-ad97-d91a-6731-e7b5f38951a6
2026-10-09 02:34:36.264143,11007.0,10,1g.11gb,,,,580.178.04,GPU-d59cb1c4-ad97-d91a-6731-e7b5f38951a6
2026-10-09 02:34:36.264143,11008.0,11,1g.11gb,gpt2-inference-5d8458fb46-zdp9n,default,gpt2,580.178.04,GPU-d59cb1c4-ad97-d91a-6731-e7b5f38951a6
2026-10-09 02:34:36.264143,11007.0,12,1g.11gb,,,,580.178.04,GPU-d59cb1c4-ad97-d91a-6731-e7b5f38951a6
2026-10-09 02:34:36.264143,11008.0,13,1g.11gb,gpt2-inference-5d8458fb46-8g29c,default,gpt2,580.178.04,GPU-d59cb1c4-ad97-d91a-6731-e7b5f38951a6
2026-10-09 02:34:36.264143,11007.0,7,1g.11gb,,,,580.178.04,GPU-d59cb1c4-ad97-d91a-6731-e7b5f38951a6
2026-10-09 02:34:36.264143,11007.0,8,1g.11gb,,,,580.178.04,GPU-d59cb1c4-ad97-d91a-6731-e7b5f38951a6
2026-10-09 02:34:36.264143,11007.0,9,1g.11gb,,,,580.178.04,GPU-d59cb1c4-ad97-d91a-6731-e7b5f38951a6
