timestamp,value,GPU_I_ID,GPU_I_PROFILE,pod,namespace,container,DCGM_FI_DRIVER_VERSION,UUID
2026-08-16 04:22:29.083043,49.0,10,1g.11gb,yolo-inference-755b67b9bb-sf8hz,default,yolo,580.173.02,GPU-d59cb1c4-ad97-d91a-6731-e7b5f38951a6
2026-08-16 04:22:29.083043,49.0,11,1g.11gb,yolo-inference-755b67b9bb-mdq5n,default,yolo,580.173.02,GPU-d59cb1c4-ad97-d91a-6731-e7b5f38951a6
2026-08-16 04:22:29.083043,49.0,12,1g.11gb,yolo-inference-755b67b9bb-l2sjx,default,yolo,580.173.02,GPU-d59cb1c4-ad97-d91a-6731-e7b5f38951a6
2026-08-16 04:22:29.083043,49.0,13,1g.11gb,yolo-inference-755b67b9bb-vgskt,default,yolo,580.173.02,GPU-d59cb1c4-ad97-d91a-6731-e7b5f38951a6
2026-08-16 04:22:29.083043,49.0,7,1g.11gb,,,,580.173.02,GPU-d59cb1c4-ad97-d91a-6731-e7b5f38951a6
2026-08-16 04:22:29.083043,49.0,8,1g.11gb,yolo-inference-755b67b9bb-ttrzf,default,yolo,580.173.02,GPU-d59cb1c4-ad97-d91a-6731-e7b5f38951a6
2026-08-16 04:22:29.083043,49.0,9,1g.11gb,yolo-inference-755b67b9bb-pwhtx,default,yolo,580.173.02,GPU-d59cb1c4-ad97-d91a-6731-e7b5f38951a6
2026-08-16 04:22:34.086935,49.0,10,1g.11gb,yolo-inference-755b67b9bb-sf8hz,default,yolo,580.173.02,GPU-d59cb1c4-ad97-d91a-6731-e7b5f38951a6
2026-08-16 04:22:34.086935,49.0,11,1g.11gb,yolo-inference-755b67b9bb-mdq5n,default,yolo,580.173.02,GPU-d59cb1c4-ad97-d91a-6731-e7b5f38951a6
2026-08-16 04:22:34.086935,49.0,12,1g.11gb,yolo-inference-755b67b9bb-l2sjx,default,yolo,580.173.02,GPU-d59cb1c4-ad97-d91a-6731-e7b5f38951a6
2026-08-16 04:22:34.086935,49.0,13,1g.11gb,yolo-inference-755b67b9bb-vgskt,default,yolo,580.173.02,GPU-d59cb1c4-ad97-d91a-6731-e7b5f38951a6
2026-08-16 04:22:34.086935,49.0,7,1g.11gb,,,,580.173.02,GPU-d59cb1c4-ad97-d91a-6731-e7b5f38951a6
2026-08-16 04:22:34.086935,49.0,8,1g.11gb,yolo-inference-755b67b9bb-ttrzf,default,yolo,580.173.02,GPU-d59cb1c4-ad97-d91a-6731-e7b5f38951a6
2026-08-16 04:22:34.086935,49.0,9,1g.11gb,yolo-inference-755b67b9bb-pwhtx,default,yolo,580.173.02,GPU-d59cb1c4-ad97-d91a-6731-e7b5f38951a6
2026-08-16 04:22:39.083381,49.0,10,1g.11gb,yolo-inference-755b67b9bb-sf8hz,default,yolo,580.173.02,GPU-d59cb1c4-ad97-d91a-6731-e7b5f38951a6
2026-08-16 04:22:39.083381,49.0,11,1g.11gb,yolo-inference-755b67b9bb-mdq5n,default,yolo,580.173.02,GPU-d59cb1c4-ad97-d91a-6731-e7b5f38951a6
2026-08-16 04:22:39.083381,49.0,12,1g.11gb,yolo-inference-755b67b9bb-l2sjx,default,yolo,580.173.02,GPU-d59cb1c4-ad97-d91a-6731-e7b5f38951a6
2026-08-16 04:22:39.083381,49.0,13,1g.11gb,yolo-inference-755b67b9bb-vgskt,default,yolo,580.173.02,GPU-d59cb1c4-ad97-d91a-6731-e7b5f38951a6
2026-08-16 04:22:39.083381,49.0,7,1g.11gb,,,,580.173.02,GPU-d59cb1c4-ad97-d91a-6731-e7b5f38951a6
2026-08-16 04:22:39.083381,49.0,8,1g.11gb,yolo-inference-755b67b9bb-ttrzf,default,yolo,580.173.02,GPU-d59cb1c4-ad97-d91a-6731-e7b5f38951a6
2026-08-16 04:22:39.083381,49.0,9,1g.11gb,yolo-inference-755b67b9bb-pwhtx,default,yolo,580.173.02,GPU-d59cb1c4-ad97-d91a-6731-e7b5f38951a6
2026-08-16 04:22:44.088017,49.0,10,1g.11gb,yolo-inference-755b67b9bb-sf8hz,default,yolo,580.173.02,GPU-d59cb1c4-ad97-d91a-6731-e7b5f38951a6
2026-08-16 04:22:44.088017,49.0,11,1g.11gb,yolo-inference-755b67b9bb-mdq5n,default,yolo,580.173.02,GPU-d59cb1c4-ad97-d91a-6731-e7b5f38951a6
2026-08-16 04:22:44.088017,49.0,12,1g.11gb,yolo-inference-755b67b9bb-l2sjx,default,yolo,580.173.02,GPU-d59cb1c4-ad97-d91a-6731-e7b5f38951a6
2026-08-16 04:22:44.088017,49.0,13,1g.11gb,yolo-inference-755b67b9bb-vgskt,default,yolo,580.173.02,GPU-d59cb1c4-ad97-d91a-6731-e7b5f38951a6
2026-08-16 04:22:44.088017,49.0,7,1g.11gb,,,,580.173.02,GPU-d59cb1c4-ad97-d91a-6731-e7b5f38951a6
2026-08-16 04:22:44.088017,49.0,8,1g.11gb,yolo-inference-755b67b9bb-ttrzf,default,yolo,580.173.02,GPU-d59cb1c4-ad97-d91a-6731-e7b5f38951a6
2026-08-16 04:22:44.088017,49.0,9,1g.11gb,yolo-inference-755b67b9bb-pwhtx,default,yolo,580.173.02,GPU-d59cb1c4-ad97-d91a-6731-e7b5f38951a6
2026-08-16 04:22:49.088014,49.0,10,1g.11gb,yolo-inference-755b67b9bb-sf8hz,default,yolo,580.173.02,GPU-d59cb1c4-ad97-d91a-6731-e7b5f38951a6
2026-08-16 04:22:49.088014,49.0,11,1g.11gb,yolo-inference-755b67b9bb-mdq5n,default,yolo,580.173.02,GPU-d59cb1c4-ad97-d91a-6731-e7b5f38951a6
2026-08-16 04:22:49.088014,49.0,12,1g.11gb,yolo-inference-755b67b9bb-l2sjx,default,yolo,580.173.02,GPU-d59cb1c4-ad97-d91a-6731-e7b5f38951a6
2026-08-16 04:22:49.088014,49.0,13,1g.11gb,yolo-inference-755b67b9bb-vgskt,default,yolo,580.173.02,GPU-d59cb1c4-ad97-d91a-6731-e7b5f38951a6
2026-08-16 04:22:49.088014,49.0,7,1g.11gb,,,,580.173.02,GPU-d59cb1c4-ad97-d91a-6731-e7b5f38951a6
2026-08-16 04:22:49.088014,49.0,8,1g.11gb,yolo-inference-755b67b9bb-ttrzf,default,yolo,580.173.02,GPU-d59cb1c4-ad97-d91a-6731-e7b5f38951a6
2026-08-16 04:22:49.088014,49.0,9,1g.11gb,yolo-inference-755b67b9bb-pwhtx,default,yolo,580.173.02,GPU-d59cb1c4-ad97-d91a-6731-e7b5f38951a6
2026-08-16 04:22:54.088013,49.0,10,1g.11gb,yolo-inference-755b67b9bb-sf8hz,default,yolo,580.173.02,GPU-d59cb1c4-ad97-d91a-6731-e7b5f38951a6
2026-08-16 04:22:54.088013,49.0,11,1g.11gb,yolo-inference-755b67b9bb-mdq5n,default,yolo,580.173.02,GPU-d59cb1c4-ad97-d91a-6731-e7b5f38951a6
2026-08-16 04:22:54.088013,49.0,12,1g.11gb,yolo-inference-755b67b9bb-l2sjx,default,yolo,580.173.02,GPU-d59cb1c4-ad97-d91a-6731-e7b5f38951a6
2026-08-16 04:22:54.088013,49.0,13,1g.11gb,yolo-inference-755b67b9bb-vgskt,default,yolo,580.173.02,GPU-d59cb1c4-ad97-d91a-6731-e7b5f38951a6
2026-08-16 04:22:54.088013,49.0,7,1g.11gb,,,,580.173.02,GPU-d59cb1c4-ad97-d91a-6731-e7b5f38951a6
2026-08-16 04:22:54.088013,49.0,8,1g.11gb,yolo-inference-755b67b9bb-ttrzf,default,yolo,580.173.02,GPU-d59cb1c4-ad97-d91a-6731-e7b5f38951a6
2026-08-16 04:22:54.088013,49.0,9,1g.11gb,yolo-inference-755b67b9bb-pwhtx,default,yolo,580.173.02,GPU-d59cb1c4-ad97-d91a-6731-e7b5f38951a6
2026-08-16 04:22:59.085745,49.0,10,1g.11gb,yolo-inference-755b67b9bb-sf8hz,default,yolo,580.173.02,GPU-d59cb1c4-ad97-d91a-6731-e7b5f38951a6
2026-08-16 04:22:59.085745,49.0,11,1g.11gb,yolo-inference-755b67b9bb-mdq5n,default,yolo,580.173.02,GPU-d59cb1c4-ad97-d91a-6731-e7b5f38951a6
2026-08-16 04:22:59.085745,49.0,12,1g.11gb,yolo-inference-755b67b9bb-l2sjx,default,yolo,580.173.02,GPU-d59cb1c4-ad97-d91a-6731-e7b5f38951a6
2026-08-16 04:22:59.085745,49.0,13,1g.11gb,yolo-inference-755b67b9bb-vgskt,default,yolo,580.173.02,GPU-d59cb1c4-ad97-d91a-6731-e7b5f38951a6
2026-08-16 04:22:59.085745,49.0,7,1g.11gb,,,,580.173.02,GPU-d59cb1c4-ad97-d91a-6731-e7b5f38951a6
2026-08-16 04:22:59.085745,49.0,8,1g.11gb,yolo-inference-755b67b9bb-ttrzf,default,yolo,580.173.02,GPU-d59cb1c4-ad97-d91a-6731-e7b5f38951a6
2026-08-16 04:22:59.085745,49.0,9,1g.11gb,yolo-inference-755b67b9bb-pwhtx,default,yolo,580.173.02,GPU-d59cb1c4-ad97-d91a-6731-e7b5f38951a6
2026-08-16 04:23:04.087982,49.0,10,1g.11gb,yolo-inference-755b67b9bb-sf8hz,default,yolo,580.173.02,GPU-d59cb1c4-ad97-d91a-6731-e7b5f38951a6
2026-08-16 04:23:04.087982,49.0,11,1g.11gb,yolo-inference-755b67b9bb-mdq5n,default,yolo,580.173.02,GPU-d59cb1c4-ad97-d91a-6731-e7b5f38951a6
2026-08-16 04:23:04.087982,49.0,12,1g.11gb,yolo-inference-755b67b9bb-l2sjx,default,yolo,580.173.02,GPU-d59cb1c4-ad97-d91a-6731-e7b5f38951a6
2026-08-16 04:23:04.087982,49.0,13,1g.11gb,yolo-inference-755b67b9bb-vgskt,default,yolo,580.173.02,GPU-d59cb1c4-ad97-d91a-6731-e7b5f38951a6
2026-08-16 04:23:04.087982,49.0,7,1g.11gb,,,,580.173.02,GPU-d59cb1c4-ad97-d91a-6731-e7b5f38951a6
2026-08-16 04:23:04.087982,49.0,8,1g.11gb,yolo-inference-755b67b9bb-ttrzf,default,yolo,580.173.02,GPU-d59cb1c4-ad97-d91a-6731-e7b5f38951a6
2026-08-16 04:23:04.087982,49.0,9,1g.11gb,yolo-inference-755b67b9bb-pwhtx,default,yolo,580.173.02,GPU-d59cb1c4-ad97-d91a-6731-e7b5f38951a6
2026-08-16 04:23:09.088022,49.0,10,1g.11gb,yolo-inference-755b67b9bb-sf8hz,default,yolo,580.173.02,GPU-d59cb1c4-ad97-d91a-6731-e7b5f38951a6
2026-08-16 04:23:09.088022,49.0,11,1g.11gb,yolo-inference-755b67b9bb-mdq5n,default,yolo,580.173.02,GPU-d59cb1c4-ad97-d91a-6731-e7b5f38951a6
2026-08-16 04:23:09.088022,49.0,12,1g.11gb,yolo-inference-755b67b9bb-l2sjx,default,yolo,580.173.02,GPU-d59cb1c4-ad97-d91a-6731-e7b5f38951a6
2026-08-16 04:23:09.088022,49.0,13,1g.11gb,yolo-inference-755b67b9bb-vgskt,default,yolo,580.173.02,GPU-d59cb1c4-ad97-d91a-6731-e7b5f38951a6
2026-08-16 04:23:09.088022,49.0,7,1g.11gb,,,,580.173.02,GPU-d59cb1c4-ad97-d91a-6731-e7b5f38951a6
2026-08-16 04:23:09.088022,49.0,8,1g.11gb,yolo-inference-755b67b9bb-ttrzf,default,yolo,580.173.02,GPU-d59cb1c4-ad97-d91a-6731-e7b5f38951a6
2026-08-16 04:23:09.088022,49.0,9,1g.11gb,yolo-inference-755b67b9bb-pwhtx,default,yolo,580.173.02,GPU-d59cb1c4-ad97-d91a-6731-e7b5f38951a6
2026-08-16 04:23:14.083750,49.0,10,1g.11gb,yolo-inference-755b67b9bb-sf8hz,default,yolo,580.173.02,GPU-d59cb1c4-ad97-d91a-6731-e7b5f38951a6
2026-08-16 04:23:14.083750,49.0,11,1g.11gb,yolo-inference-755b67b9bb-mdq5n,default,yolo,580.173.02,GPU-d59cb1c4-ad97-d91a-6731-e7b5f38951a6
2026-08-16 04:23:14.083750,49.0,12,1g.11gb,yolo-inference-755b67b9bb-l2sjx,default,yolo,580.173.02,GPU-d59cb1c4-ad97-d91a-6731-e7b5f38951a6
2026-08-16 04:23:14.083750,49.0,13,1g.11gb,yolo-inference-755b67b9bb-vgskt,default,yolo,580.173.02,GPU-d59cb1c4-ad97-d91a-6731-e7b5f38951a6
2026-08-16 04:23:14.083750,49.0,7,1g.11gb,,,,580.173.02,GPU-d59cb1c4-ad97-d91a-6731-e7b5f38951a6
2026-08-16 04:23:14.083750,49.0,8,1g.11gb,yolo-inference-755b67b9bb-ttrzf,default,yolo,580.173.02,GPU-d59cb1c4-ad97-d91a-6731-e7b5f38951a6
2026-08-16 04:23:14.083750,49.0,9,1g.11gb,yolo-inference-755b67b9bb-pwhtx,default,yolo,580.173.02,GPU-d59cb1c4-ad97-d91a-6731-e7b5f38951a6
2026-08-16 04:23:19.085416,49.0,10,1g.11gb,yolo-inference-755b67b9bb-sf8hz,default,yolo,580.173.02,GPU-d59cb1c4-ad97-d91a-6731-e7b5f38951a6
2026-08-16 04:23:19.085416,49.0,11,1g.11gb,yolo-inference-755b67b9bb-mdq5n,default,yolo,580.173.02,GPU-d59cb1c4-ad97-d91a-6731-e7b5f38951a6
2026-08-16 04:23:19.085416,49.0,12,1g.11gb,yolo-inference-755b67b9bb-l2sjx,default,yolo,580.173.02,GPU-d59cb1c4-ad97-d91a-6731-e7b5f38951a6
2026-08-16 04:23:19.085416,49.0,13,1g.11gb,yolo-inference-755b67b9bb-vgskt,default,yolo,580.173.02,GPU-d59cb1c4-ad97-d91a-6731-e7b5f38951a6
2026-08-16 04:23:19.085416,49.0,7,1g.11gb,,,,580.173.02,GPU-d59cb1c4-ad97-d91a-6731-e7b5f38951a6
2026-08-16 04:23:19.085416,49.0,8,1g.11gb,yolo-inference-755b67b9bb-ttrzf,default,yolo,580.173.02,GPU-d59cb1c4-ad97-d91a-6731-e7b5f38951a6
2026-08-16 04:23:19.085416,49.0,9,1g.11gb,yolo-inference-755b67b9bb-pwhtx,default,yolo,580.173.02,GPU-d59cb1c4-ad97-d91a-6731-e7b5f38951a6
2026-08-16 04:23:24.088022,49.0,10,1g.11gb,yolo-inference-755b67b9bb-sf8hz,default,yolo,580.173.02,GPU-d59cb1c4-ad97-d91a-6731-e7b5f38951a6
2026-08-16 04:23:24.088022,49.0,11,1g.11gb,yolo-inference-755b67b9bb-mdq5n,default,yolo,580.173.02,GPU-d59cb1c4-ad97-d91a-6731-e7b5f38951a6
2026-08-16 04:23:24.088022,49.0,12,1g.11gb,yolo-inference-755b67b9bb-l2sjx,default,yolo,580.173.02,GPU-d59cb1c4-ad97-d91a-6731-e7b5f38951a6
2026-08-16 04:23:24.088022,49.0,13,1g.11gb,yolo-inference-755b67b9bb-vgskt,default,yolo,580.173.02,GPU-d59cb1c4-ad97-d91a-6731-e7b5f38951a6
2026-08-16 04:23:24.088022,49.0,7,1g.11gb,,,,580.173.02,GPU-d59cb1c4-ad97-d91a-6731-e7b5f38951a6
2026-08-16 04:23:24.088022,49.0,8,1g.11gb,yolo-inference-755b67b9bb-ttrzf,default,yolo,580.173.02,GPU-d59cb1c4-ad97-d91a-6731-e7b5f38951a6
2026-08-16 04:23:24.088022,49.0,9,1g.11gb,yolo-inference-755b67b9bb-pwhtx,default,yolo,580.173.02,GPU-d59cb1c4-ad97-d91a-6731-e7b5f38951a6
2026-08-16 04:23:29.088019,49.0,10,1g.11gb,yolo-inference-755b67b9bb-sf8hz,default,yolo,580.173.02,GPU-d59cb1c4-ad97-d91a-6731-e7b5f38951a6
2026-08-16 04:23:29.088019,49.0,11,1g.11gb,yolo-inference-755b67b9bb-mdq5n,default,yolo,580.173.02,GPU-d59cb1c4-ad97-d91a-6731-e7b5f38951a6
2026-08-16 04:23:29.088019,49.0,12,1g.11gb,yolo-inference-755b67b9bb-l2sjx,default,yolo,580.173.02,GPU-d59cb1c4-ad97-d91a-6731-e7b5f38951a6
2026-08-16 04:23:29.088019,49.0,13,1g.11gb,yolo-inference-755b67b9bb-vgskt,default,yolo,580.173.02,GPU-d59cb1c4-ad97-d91a-6731-e7b5f38951a6
2026-08-16 04:23:29.088019,49.0,7,1g.11gb,,,,580.173.02,GPU-d59cb1c4-ad97-d91a-6731-e7b5f38951a6
2026-08-16 04:23:29.088019,49.0,8,1g.11gb,yolo-inference-755b67b9bb-ttrzf,default,yolo,580.173.02,GPU-d59cb1c4-ad97-d91a-6731-e7b5f38951a6
2026-08-16 04:23:29.088019,49.0,9,1g.11gb,yolo-inference-755b67b9bb-pwhtx,default,yolo,580.173.02,GPU-d59cb1c4-ad97-d91a-6731-e7b5f38951a6
2026-08-16 04:23:34.088028,49.0,10,1g.11gb,yolo-inference-755b67b9bb-sf8hz,default,yolo,580.173.02,GPU-d59cb1c4-ad97-d91a-6731-e7b5f38951a6
2026-08-16 04:23:34.088028,49.0,11,1g.11gb,yolo-inference-755b67b9bb-mdq5n,default,yolo,580.173.02,GPU-d59cb1c4-ad97-d91a-6731-e7b5f38951a6
2026-08-16 04:23:34.088028,49.0,12,1g.11gb,yolo-inference-755b67b9bb-l2sjx,default,yolo,580.173.02,GPU-d59cb1c4-ad97-d91a-6731-e7b5f38951a6
2026-08-16 04:23:34.088028,49.0,13,1g.11gb,yolo-inference-755b67b9bb-vgskt,default,yolo,580.173.02,GPU-d59cb1c4-ad97-d91a-6731-e7b5f38951a6
2026-08-16 04:23:34.088028,49.0,7,1g.11gb,,,,580.173.02,GPU-d59cb1c4-ad97-d91a-6731-e7b5f38951a6
2026-08-16 04:23:34.088028,49.0,8,1g.11gb,yolo-inference-755b67b9bb-ttrzf,default,yolo,580.173.02,GPU-d59cb1c4-ad97-d91a-6731-e7b5f38951a6
2026-08-16 04:23:34.088028,49.0,9,1g.11gb,yolo-inference-755b67b9bb-pwhtx,default,yolo,580.173.02,GPU-d59cb1c4-ad97-d91a-6731-e7b5f38951a6
2026-08-16 04:23:39.087921,49.0,10,1g.11gb,yolo-inference-755b67b9bb-sf8hz,default,yolo,580.173.02,GPU-d59cb1c4-ad97-d91a-6731-e7b5f38951a6
2026-08-16 04:23:39.087921,49.0,11,1g.11gb,yolo-inference-755b67b9bb-mdq5n,default,yolo,580.173.02,GPU-d59cb1c4-ad97-d91a-6731-e7b5f38951a6
2026-08-16 04:23:39.087921,49.0,12,1g.11gb,yolo-inference-755b67b9bb-l2sjx,default,yolo,580.173.02,GPU-d59cb1c4-ad97-d91a-6731-e7b5f38951a6
2026-08-16 04:23:39.087921,49.0,13,1g.11gb,yolo-inference-755b67b9bb-vgskt,default,yolo,580.173.02,GPU-d59cb1c4-ad97-d91a-6731-e7b5f38951a6
2026-08-16 04:23:39.087921,49.0,7,1g.11gb,,,,580.173.02,GPU-d59cb1c4-ad97-d91a-6731-e7b5f38951a6
2026-08-16 04:23:39.087921,49.0,8,1g.11gb,yolo-inference-755b67b9bb-ttrzf,default,yolo,580.173.02,GPU-d59cb1c4-ad97-d91a-6731-e7b5f38951a6
2026-08-16 04:23:39.087921,49.0,9,1g.11gb,yolo-inference-755b67b9bb-pwhtx,default,yolo,580.173.02,GPU-d59cb1c4-ad97-d91a-6731-e7b5f38951a6
2026-08-16 04:23:44.087903,49.0,10,1g.11gb,yolo-inference-755b67b9bb-sf8hz,default,yolo,580.173.02,GPU-d59cb1c4-ad97-d91a-6731-e7b5f38951a6
2026-08-16 04:23:44.087903,49.0,11,1g.11gb,yolo-inference-755b67b9bb-mdq5n,default,yolo,580.173.02,GPU-d59cb1c4-ad97-d91a-6731-e7b5f38951a6
2026-08-16 04:23:44.087903,49.0,12,1g.11gb,yolo-inference-755b67b9bb-l2sjx,default,yolo,580.173.02,GPU-d59cb1c4-ad97-d91a-6731-e7b5f38951a6
2026-08-16 04:23:44.087903,49.0,13,1g.11gb,yolo-inference-755b67b9bb-vgskt,default,yolo,580.173.02,GPU-d59cb1c4-ad97-d91a-6731-e7b5f38951a6
2026-08-16 04:23:44.087903,49.0,7,1g.11gb,,,,580.173.02,GPU-d59cb1c4-ad97-d91a-6731-e7b5f38951a6
2026-08-16 04:23:44.087903,49.0,8,1g.11gb,yolo-inference-755b67b9bb-ttrzf,default,yolo,580.173.02,GPU-d59cb1c4-ad97-d91a-6731-e7b5f38951a6
2026-08-16 04:23:44.087903,49.0,9,1g.11gb,yolo-inference-755b67b9bb-pwhtx,default,yolo,580.173.02,GPU-d59cb1c4-ad97-d91a-6731-e7b5f38951a6
2026-08-16 04:23:49.088020,49.0,10,1g.11gb,yolo-inference-755b67b9bb-sf8hz,default,yolo,580.173.02,GPU-d59cb1c4-ad97-d91a-6731-e7b5f38951a6
2026-08-16 04:23:49.088020,49.0,11,1g.11gb,yolo-inference-755b67b9bb-mdq5n,default,yolo,580.173.02,GPU-d59cb1c4-ad97-d91a-6731-e7b5f38951a6
2026-08-16 04:23:49.088020,49.0,12,1g.11gb,yolo-inference-755b67b9bb-l2sjx,default,yolo,580.173.02,GPU-d59cb1c4-ad97-d91a-6731-e7b5f38951a6
2026-08-16 04:23:49.088020,49.0,13,1g.11gb,yolo-inference-755b67b9bb-vgskt,default,yolo,580.173.02,GPU-d59cb1c4-ad97-d91a-6731-e7b5f38951a6
2026-08-16 04:23:49.088020,49.0,7,1g.11gb,,,,580.173.02,GPU-d59cb1c4-ad97-d91a-6731-e7b5f38951a6
2026-08-16 04:23:49.088020,49.0,8,1g.11gb,yolo-inference-755b67b9bb-ttrzf,default,yolo,580.173.02,GPU-d59cb1c4-ad97-d91a-6731-e7b5f38951a6
2026-08-16 04:23:49.088020,49.0,9,1g.11gb,yolo-inference-755b67b9bb-pwhtx,default,yolo,580.173.02,GPU-d59cb1c4-ad97-d91a-6731-e7b5f38951a6
2026-08-16 04:23:54.083742,49.0,10,1g.11gb,yolo-inference-755b67b9bb-sf8hz,default,yolo,580.173.02,GPU-d59cb1c4-ad97-d91a-6731-e7b5f38951a6
2026-08-16 04:23:54.083742,49.0,11,1g.11gb,yolo-inference-755b67b9bb-mdq5n,default,yolo,580.173.02,GPU-d59cb1c4-ad97-d91a-6731-e7b5f38951a6
2026-08-16 04:23:54.083742,49.0,12,1g.11gb,yolo-inference-755b67b9bb-l2sjx,default,yolo,580.173.02,GPU-d59cb1c4-ad97-d91a-6731-e7b5f38951a6
2026-08-16 04:23:54.083742,49.0,13,1g.11gb,yolo-inference-755b67b9bb-vgskt,default,yolo,580.173.02,GPU-d59cb1c4-ad97-d91a-6731-e7b5f38951a6
2026-08-16 04:23:54.083742,49.0,7,1g.11gb,,,,580.173.02,GPU-d59cb1c4-ad97-d91a-6731-e7b5f38951a6
2026-08-16 04:23:54.083742,49.0,8,1g.11gb,yolo-inference-755b67b9bb-ttrzf,default,yolo,580.173.02,GPU-d59cb1c4-ad97-d91a-6731-e7b5f38951a6
2026-08-16 04:23:54.083742,49.0,9,1g.11gb,yolo-inference-755b67b9bb-pwhtx,default,yolo,580.173.02,GPU-d59cb1c4-ad97-d91a-6731-e7b5f38951a6
2026-08-16 04:23:59.083874,49.0,10,1g.11gb,yolo-inference-755b67b9bb-sf8hz,default,yolo,580.173.02,GPU-d59cb1c4-ad97-d91a-6731-e7b5f38951a6
2026-08-16 04:23:59.083874,49.0,11,1g.11gb,yolo-inference-755b67b9bb-mdq5n,default,yolo,580.173.02,GPU-d59cb1c4-ad97-d91a-6731-e7b5f38951a6
2026-08-16 04:23:59.083874,49.0,12,1g.11gb,yolo-inference-755b67b9bb-l2sjx,default,yolo,580.173.02,GPU-d59cb1c4-ad97-d91a-6731-e7b5f38951a6
2026-08-16 04:23:59.083874,49.0,13,1g.11gb,yolo-inference-755b67b9bb-vgskt,default,yolo,580.173.02,GPU-d59cb1c4-ad97-d91a-6731-e7b5f38951a6
2026-08-16 04:23:59.083874,49.0,7,1g.11gb,,,,580.173.02,GPU-d59cb1c4-ad97-d91a-6731-e7b5f38951a6
2026-08-16 04:23:59.083874,49.0,8,1g.11gb,yolo-inference-755b67b9bb-ttrzf,default,yolo,580.173.02,GPU-d59cb1c4-ad97-d91a-6731-e7b5f38951a6
2026-08-16 04:23:59.083874,49.0,9,1g.11gb,yolo-inference-755b67b9bb-pwhtx,default,yolo,580.173.02,GPU-d59cb1c4-ad97-d91a-6731-e7b5f38951a6
2026-08-16 04:24:04.088027,49.0,10,1g.11gb,yolo-inference-755b67b9bb-sf8hz,default,yolo,580.173.02,GPU-d59cb1c4-ad97-d91a-6731-e7b5f38951a6
2026-08-16 04:24:04.088027,49.0,11,1g.11gb,yolo-inference-755b67b9bb-mdq5n,default,yolo,580.173.02,GPU-d59cb1c4-ad97-d91a-6731-e7b5f38951a6
2026-08-16 04:24:04.088027,49.0,12,1g.11gb,yolo-inference-755b67b9bb-l2sjx,default,yolo,580.173.02,GPU-d59cb1c4-ad97-d91a-6731-e7b5f38951a6
2026-08-16 04:24:04.088027,49.0,13,1g.11gb,yolo-inference-755b67b9bb-vgskt,default,yolo,580.173.02,GPU-d59cb1c4-ad97-d91a-6731-e7b5f38951a6
2026-08-16 04:24:04.088027,49.0,7,1g.11gb,,,,580.173.02,GPU-d59cb1c4-ad97-d91a-6731-e7b5f38951a6
2026-08-16 04:24:04.088027,49.0,8,1g.11gb,yolo-inference-755b67b9bb-ttrzf,default,yolo,580.173.02,GPU-d59cb1c4-ad97-d91a-6731-e7b5f38951a6
2026-08-16 04:24:04.088027,49.0,9,1g.11gb,yolo-inference-755b67b9bb-pwhtx,default,yolo,580.173.02,GPU-d59cb1c4-ad97-d91a-6731-e7b5f38951a6
2026-08-16 04:24:09.088010,49.0,10,1g.11gb,yolo-inference-755b67b9bb-sf8hz,default,yolo,580.173.02,GPU-d59cb1c4-ad97-d91a-6731-e7b5f38951a6
2026-08-16 04:24:09.088010,49.0,11,1g.11gb,yolo-inference-755b67b9bb-mdq5n,default,yolo,580.173.02,GPU-d59cb1c4-ad97-d91a-6731-e7b5f38951a6
2026-08-16 04:24:09.088010,49.0,12,1g.11gb,yolo-inference-755b67b9bb-l2sjx,default,yolo,580.173.02,GPU-d59cb1c4-ad97-d91a-6731-e7b5f38951a6
2026-08-16 04:24:09.088010,49.0,13,1g.11gb,yolo-inference-755b67b9bb-vgskt,default,yolo,580.173.02,GPU-d59cb1c4-ad97-d91a-6731-e7b5f38951a6
2026-08-16 04:24:09.088010,49.0,7,1g.11gb,,,,580.173.02,GPU-d59cb1c4-ad97-d91a-6731-e7b5f38951a6
2026-08-16 04:24:09.088010,49.0,8,1g.11gb,yolo-inference-755b67b9bb-ttrzf,default,yolo,580.173.02,GPU-d59cb1c4-ad97-d91a-6731-e7b5f38951a6
2026-08-16 04:24:09.088010,49.0,9,1g.11gb,yolo-inference-755b67b9bb-pwhtx,default,yolo,580.173.02,GPU-d59cb1c4-ad97-d91a-6731-e7b5f38951a6
2026-08-16 04:24:14.085017,49.0,10,1g.11gb,yolo-inference-755b67b9bb-sf8hz,default,yolo,580.173.02,GPU-d59cb1c4-ad97-d91a-6731-e7b5f38951a6
2026-08-16 04:24:14.085017,49.0,11,1g.11gb,yolo-inference-755b67b9bb-mdq5n,default,yolo,580.173.02,GPU-d59cb1c4-ad97-d91a-6731-e7b5f38951a6
2026-08-16 04:24:14.085017,49.0,12,1g.11gb,yolo-inference-755b67b9bb-l2sjx,default,yolo,580.173.02,GPU-d59cb1c4-ad97-d91a-6731-e7b5f38951a6
2026-08-16 04:24:14.085017,49.0,13,1g.11gb,yolo-inference-755b67b9bb-vgskt,default,yolo,580.173.02,GPU-d59cb1c4-ad97-d91a-6731-e7b5f38951a6
2026-08-16 04:24:14.085017,49.0,7,1g.11gb,,,,580.173.02,GPU-d59cb1c4-ad97-d91a-6731-e7b5f38951a6
2026-08-16 04:24:14.085017,49.0,8,1g.11gb,yolo-inference-755b67b9bb-ttrzf,default,yolo,580.173.02,GPU-d59cb1c4-ad97-d91a-6731-e7b5f38951a6
2026-08-16 04:24:14.085017,49.0,9,1g.11gb,yolo-inference-755b67b9bb-pwhtx,default,yolo,580.173.02,GPU-d59cb1c4-ad97-d91a-6731-e7b5f38951a6
2026-08-16 04:24:19.088032,49.0,10,1g.11gb,yolo-inference-755b67b9bb-sf8hz,default,yolo,580.173.02,GPU-d59cb1c4-ad97-d91a-6731-e7b5f38951a6
2026-08-16 04:24:19.088032,49.0,11,1g.11gb,yolo-inference-755b67b9bb-mdq5n,default,yolo,580.173.02,GPU-d59cb1c4-ad97-d91a-6731-e7b5f38951a6
2026-08-16 04:24:19.088032,49.0,12,1g.11gb,yolo-inference-755b67b9bb-l2sjx,default,yolo,580.173.02,GPU-d59cb1c4-ad97-d91a-6731-e7b5f38951a6
2026-08-16 04:24:19.088032,49.0,13,1g.11gb,yolo-inference-755b67b9bb-vgskt,default,yolo,580.173.02,GPU-d59cb1c4-ad97-d91a-6731-e7b5f38951a6
2026-08-16 04:24:19.088032,49.0,7,1g.11gb,,,,580.173.02,GPU-d59cb1c4-ad97-d91a-6731-e7b5f38951a6
2026-08-16 04:24:19.088032,49.0,8,1g.11gb,yolo-inference-755b67b9bb-ttrzf,default,yolo,580.173.02,GPU-d59cb1c4-ad97-d91a-6731-e7b5f38951a6
2026-08-16 04:24:19.088032,49.0,9,1g.11gb,yolo-inference-755b67b9bb-pwhtx,default,yolo,580.173.02,GPU-d59cb1c4-ad97-d91a-6731-e7b5f38951a6
2026-08-16 04:24:24.088061,49.0,10,1g.11gb,yolo-inference-755b67b9bb-sf8hz,default,yolo,580.173.02,GPU-d59cb1c4-ad97-d91a-6731-e7b5f38951a6
2026-08-16 04:24:24.088061,49.0,11,1g.11gb,yolo-inference-755b67b9bb-mdq5n,default,yolo,580.173.02,GPU-d59cb1c4-ad97-d91a-6731-e7b5f38951a6
2026-08-16 04:24:24.088061,49.0,12,1g.11gb,yolo-inference-755b67b9bb-l2sjx,default,yolo,580.173.02,GPU-d59cb1c4-ad97-d91a-6731-e7b5f38951a6
2026-08-16 04:24:24.088061,49.0,13,1g.11gb,yolo-inference-755b67b9bb-vgskt,default,yolo,580.173.02,GPU-d59cb1c4-ad97-d91a-6731-e7b5f38951a6
2026-08-16 04:24:24.088061,49.0,7,1g.11gb,,,,580.173.02,GPU-d59cb1c4-ad97-d91a-6731-e7b5f38951a6
2026-08-16 04:24:24.088061,49.0,8,1g.11gb,yolo-inference-755b67b9bb-ttrzf,default,yolo,580.173.02,GPU-d59cb1c4-ad97-d91a-6731-e7b5f38951a6
2026-08-16 04:24:24.088061,49.0,9,1g.11gb,yolo-inference-755b67b9bb-pwhtx,default,yolo,580.173.02,GPU-d59cb1c4-ad97-d91a-6731-e7b5f38951a6
2026-08-16 04:24:29.088071,49.0,10,1g.11gb,yolo-inference-755b67b9bb-sf8hz,default,yolo,580.173.02,GPU-d59cb1c4-ad97-d91a-6731-e7b5f38951a6
2026-08-16 04:24:29.088071,49.0,11,1g.11gb,yolo-inference-755b67b9bb-mdq5n,default,yolo,580.173.02,GPU-d59cb1c4-ad97-d91a-6731-e7b5f38951a6
2026-08-16 04:24:29.088071,49.0,12,1g.11gb,yolo-inference-755b67b9bb-l2sjx,default,yolo,580.173.02,GPU-d59cb1c4-ad97-d91a-6731-e7b5f38951a6
2026-08-16 04:24:29.088071,49.0,13,1g.11gb,yolo-inference-755b67b9bb-vgskt,default,yolo,580.173.02,GPU-d59cb1c4-ad97-d91a-6731-e7b5f38951a6
2026-08-16 04:24:29.088071,49.0,7,1g.11gb,,,,580.173.02,GPU-d59cb1c4-ad97-d91a-6731-e7b5f38951a6
2026-08-16 04:24:29.088071,49.0,8,1g.11gb,yolo-inference-755b67b9bb-ttrzf,default,yolo,580.173.02,GPU-d59cb1c4-ad97-d91a-6731-e7b5f38951a6
2026-08-16 04:24:29.088071,49.0,9,1g.11gb,yolo-inference-755b67b9bb-pwhtx,default,yolo,580.173.02,GPU-d59cb1c4-ad97-d91a-6731-e7b5f38951a6
2026-08-16 04:24:34.088059,49.0,10,1g.11gb,yolo-inference-755b67b9bb-sf8hz,default,yolo,580.173.02,GPU-d59cb1c4-ad97-d91a-6731-e7b5f38951a6
2026-08-16 04:24:34.088059,49.0,11,1g.11gb,yolo-inference-755b67b9bb-mdq5n,default,yolo,580.173.02,GPU-d59cb1c4-ad97-d91a-6731-e7b5f38951a6
2026-08-16 04:24:34.088059,49.0,12,1g.11gb,yolo-inference-755b67b9bb-l2sjx,default,yolo,580.173.02,GPU-d59cb1c4-ad97-d91a-6731-e7b5f38951a6
2026-08-16 04:24:34.088059,49.0,13,1g.11gb,yolo-inference-755b67b9bb-vgskt,default,yolo,580.173.02,GPU-d59cb1c4-ad97-d91a-6731-e7b5f38951a6
2026-08-16 04:24:34.088059,49.0,7,1g.11gb,,,,580.173.02,GPU-d59cb1c4-ad97-d91a-6731-e7b5f38951a6
2026-08-16 04:24:34.088059,49.0,8,1g.11gb,yolo-inference-755b67b9bb-ttrzf,default,yolo,580.173.02,GPU-d59cb1c4-ad97-d91a-6731-e7b5f38951a6
2026-08-16 04:24:34.088059,49.0,9,1g.11gb,yolo-inference-755b67b9bb-pwhtx,default,yolo,580.173.02,GPU-d59cb1c4-ad97-d91a-6731-e7b5f38951a6
2026-08-16 04:24:39.087047,49.0,10,1g.11gb,yolo-inference-755b67b9bb-sf8hz,default,yolo,580.173.02,GPU-d59cb1c4-ad97-d91a-6731-e7b5f38951a6
2026-08-16 04:24:39.087047,49.0,11,1g.11gb,yolo-inference-755b67b9bb-mdq5n,default,yolo,580.173.02,GPU-d59cb1c4-ad97-d91a-6731-e7b5f38951a6
2026-08-16 04:24:39.087047,49.0,12,1g.11gb,yolo-inference-755b67b9bb-l2sjx,default,yolo,580.173.02,GPU-d59cb1c4-ad97-d91a-6731-e7b5f38951a6
2026-08-16 04:24:39.087047,49.0,13,1g.11gb,yolo-inference-755b67b9bb-vgskt,default,yolo,580.173.02,GPU-d59cb1c4-ad97-d91a-6731-e7b5f38951a6
2026-08-16 04:24:39.087047,49.0,7,1g.11gb,,,,580.173.02,GPU-d59cb1c4-ad97-d91a-6731-e7b5f38951a6
2026-08-16 04:24:39.087047,49.0,8,1g.11gb,yolo-inference-755b67b9bb-ttrzf,default,yolo,580.173.02,GPU-d59cb1c4-ad97-d91a-6731-e7b5f38951a6
2026-08-16 04:24:39.087047,49.0,9,1g.11gb,yolo-inference-755b67b9bb-pwhtx,default,yolo,580.173.02,GPU-d59cb1c4-ad97-d91a-6731-e7b5f38951a6
2026-08-16 04:24:44.084171,49.0,10,1g.11gb,yolo-inference-755b67b9bb-sf8hz,default,yolo,580.173.02,GPU-d59cb1c4-ad97-d91a-6731-e7b5f38951a6
2026-08-16 04:24:44.084171,49.0,11,1g.11gb,yolo-inference-755b67b9bb-mdq5n,default,yolo,580.173.02,GPU-d59cb1c4-ad97-d91a-6731-e7b5f38951a6
2026-08-16 04:24:44.084171,49.0,12,1g.11gb,yolo-inference-755b67b9bb-l2sjx,default,yolo,580.173.02,GPU-d59cb1c4-ad97-d91a-6731-e7b5f38951a6
2026-08-16 04:24:44.084171,49.0,13,1g.11gb,yolo-inference-755b67b9bb-vgskt,default,yolo,580.173.02,GPU-d59cb1c4-ad97-d91a-6731-e7b5f38951a6
2026-08-16 04:24:44.084171,49.0,7,1g.11gb,,,,580.173.02,GPU-d59cb1c4-ad97-d91a-6731-e7b5f38951a6
2026-08-16 04:24:44.084171,49.0,8,1g.11gb,yolo-inference-755b67b9bb-ttrzf,default,yolo,580.173.02,GPU-d59cb1c4-ad97-d91a-6731-e7b5f38951a6
2026-08-16 04:24:44.084171,49.0,9,1g.11gb,yolo-inference-755b67b9bb-pwhtx,default,yolo,580.173.02,GPU-d59cb1c4-ad97-d91a-6731-e7b5f38951a6
2026-08-16 04:24:49.088048,49.0,10,1g.11gb,yolo-inference-755b67b9bb-sf8hz,default,yolo,580.173.02,GPU-d59cb1c4-ad97-d91a-6731-e7b5f38951a6
2026-08-16 04:24:49.088048,49.0,11,1g.11gb,yolo-inference-755b67b9bb-mdq5n,default,yolo,580.173.02,GPU-d59cb1c4-ad97-d91a-6731-e7b5f38951a6
2026-08-16 04:24:49.088048,49.0,12,1g.11gb,yolo-inference-755b67b9bb-l2sjx,default,yolo,580.173.02,GPU-d59cb1c4-ad97-d91a-6731-e7b5f38951a6
2026-08-16 04:24:49.088048,49.0,13,1g.11gb,yolo-inference-755b67b9bb-vgskt,default,yolo,580.173.02,GPU-d59cb1c4-ad97-d91a-6731-e7b5f38951a6
2026-08-16 04:24:49.088048,49.0,7,1g.11gb,,,,580.173.02,GPU-d59cb1c4-ad97-d91a-6731-e7b5f38951a6
2026-08-16 04:24:49.088048,49.0,8,1g.11gb,yolo-inference-755b67b9bb-ttrzf,default,yolo,580.173.02,GPU-d59cb1c4-ad97-d91a-6731-e7b5f38951a6
2026-08-16 04:24:49.088048,49.0,9,1g.11gb,yolo-inference-755b67b9bb-pwhtx,default,yolo,580.173.02,GPU-d59cb1c4-ad97-d91a-6731-e7b5f38951a6
2026-08-16 04:24:54.084253,49.0,10,1g.11gb,yolo-inference-755b67b9bb-sf8hz,default,yolo,580.173.02,GPU-d59cb1c4-ad97-d91a-6731-e7b5f38951a6
2026-08-16 04:24:54.084253,49.0,11,1g.11gb,yolo-inference-755b67b9bb-mdq5n,default,yolo,580.173.02,GPU-d59cb1c4-ad97-d91a-6731-e7b5f38951a6
2026-08-16 04:24:54.084253,49.0,12,1g.11gb,yolo-inference-755b67b9bb-l2sjx,default,yolo,580.173.02,GPU-d59cb1c4-ad97-d91a-6731-e7b5f38951a6
2026-08-16 04:24:54.084253,49.0,13,1g.11gb,yolo-inference-755b67b9bb-vgskt,default,yolo,580.173.02,GPU-d59cb1c4-ad97-d91a-6731-e7b5f38951a6
2026-08-16 04:24:54.084253,49.0,7,1g.11gb,,,,580.173.02,GPU-d59cb1c4-ad97-d91a-6731-e7b5f38951a6
2026-08-16 04:24:54.084253,49.0,8,1g.11gb,yolo-inference-755b67b9bb-ttrzf,default,yolo,580.173.02,GPU-d59cb1c4-ad97-d91a-6731-e7b5f38951a6
2026-08-16 04:24:54.084253,49.0,9,1g.11gb,yolo-inference-755b67b9bb-pwhtx,default,yolo,580.173.02,GPU-d59cb1c4-ad97-d91a-6731-e7b5f38951a6
2026-08-16 04:24:59.084720,49.0,10,1g.11gb,yolo-inference-755b67b9bb-sf8hz,default,yolo,580.173.02,GPU-d59cb1c4-ad97-d91a-6731-e7b5f38951a6
2026-08-16 04:24:59.084720,49.0,11,1g.11gb,yolo-inference-755b67b9bb-mdq5n,default,yolo,580.173.02,GPU-d59cb1c4-ad97-d91a-6731-e7b5f38951a6
2026-08-16 04:24:59.084720,49.0,12,1g.11gb,yolo-inference-755b67b9bb-l2sjx,default,yolo,580.173.02,GPU-d59cb1c4-ad97-d91a-6731-e7b5f38951a6
2026-08-16 04:24:59.084720,49.0,13,1g.11gb,yolo-inference-755b67b9bb-vgskt,default,yolo,580.173.02,GPU-d59cb1c4-ad97-d91a-6731-e7b5f38951a6
2026-08-16 04:24:59.084720,49.0,7,1g.11gb,,,,580.173.02,GPU-d59cb1c4-ad97-d91a-6731-e7b5f38951a6
2026-08-16 04:24:59.084720,49.0,8,1g.11gb,yolo-inference-755b67b9bb-ttrzf,default,yolo,580.173.02,GPU-d59cb1c4-ad97-d91a-6731-e7b5f38951a6
2026-08-16 04:24:59.084720,49.0,9,1g.11gb,yolo-inference-755b67b9bb-pwhtx,default,yolo,580.173.02,GPU-d59cb1c4-ad97-d91a-6731-e7b5f38951a6
2026-08-16 04:25:04.084225,49.0,10,1g.11gb,yolo-inference-755b67b9bb-sf8hz,default,yolo,580.173.02,GPU-d59cb1c4-ad97-d91a-6731-e7b5f38951a6
2026-08-16 04:25:04.084225,49.0,11,1g.11gb,yolo-inference-755b67b9bb-mdq5n,default,yolo,580.173.02,GPU-d59cb1c4-ad97-d91a-6731-e7b5f38951a6
2026-08-16 04:25:04.084225,49.0,12,1g.11gb,yolo-inference-755b67b9bb-l2sjx,default,yolo,580.173.02,GPU-d59cb1c4-ad97-d91a-6731-e7b5f38951a6
2026-08-16 04:25:04.084225,49.0,13,1g.11gb,yolo-inference-755b67b9bb-vgskt,default,yolo,580.173.02,GPU-d59cb1c4-ad97-d91a-6731-e7b5f38951a6
2026-08-16 04:25:04.084225,49.0,7,1g.11gb,,,,580.173.02,GPU-d59cb1c4-ad97-d91a-6731-e7b5f38951a6
2026-08-16 04:25:04.084225,49.0,8,1g.11gb,yolo-inference-755b67b9bb-ttrzf,default,yolo,580.173.02,GPU-d59cb1c4-ad97-d91a-6731-e7b5f38951a6
2026-08-16 04:25:04.084225,49.0,9,1g.11gb,yolo-inference-755b67b9bb-pwhtx,default,yolo,580.173.02,GPU-d59cb1c4-ad97-d91a-6731-e7b5f38951a6
2026-08-16 04:25:09.088029,49.0,10,1g.11gb,yolo-inference-755b67b9bb-sf8hz,default,yolo,580.173.02,GPU-d59cb1c4-ad97-d91a-6731-e7b5f38951a6
2026-08-16 04:25:09.088029,49.0,11,1g.11gb,yolo-inference-755b67b9bb-mdq5n,default,yolo,580.173.02,GPU-d59cb1c4-ad97-d91a-6731-e7b5f38951a6
2026-08-16 04:25:09.088029,49.0,12,1g.11gb,yolo-inference-755b67b9bb-l2sjx,default,yolo,580.173.02,GPU-d59cb1c4-ad97-d91a-6731-e7b5f38951a6
2026-08-16 04:25:09.088029,49.0,13,1g.11gb,yolo-inference-755b67b9bb-vgskt,default,yolo,580.173.02,GPU-d59cb1c4-ad97-d91a-6731-e7b5f38951a6
2026-08-16 04:25:09.088029,49.0,7,1g.11gb,,,,580.173.02,GPU-d59cb1c4-ad97-d91a-6731-e7b5f38951a6
2026-08-16 04:25:09.088029,49.0,8,1g.11gb,yolo-inference-755b67b9bb-ttrzf,default,yolo,580.173.02,GPU-d59cb1c4-ad97-d91a-6731-e7b5f38951a6
2026-08-16 04:25:09.088029,49.0,9,1g.11gb,yolo-inference-755b67b9bb-pwhtx,default,yolo,580.173.02,GPU-d59cb1c4-ad97-d91a-6731-e7b5f38951a6
2026-08-16 04:25:14.088041,49.0,10,1g.11gb,yolo-inference-755b67b9bb-sf8hz,default,yolo,580.173.02,GPU-d59cb1c4-ad97-d91a-6731-e7b5f38951a6
2026-08-16 04:25:14.088041,49.0,11,1g.11gb,yolo-inference-755b67b9bb-mdq5n,default,yolo,580.173.02,GPU-d59cb1c4-ad97-d91a-6731-e7b5f38951a6
2026-08-16 04:25:14.088041,49.0,12,1g.11gb,yolo-inference-755b67b9bb-l2sjx,default,yolo,580.173.02,GPU-d59cb1c4-ad97-d91a-6731-e7b5f38951a6
2026-08-16 04:25:14.088041,49.0,13,1g.11gb,yolo-inference-755b67b9bb-vgskt,default,yolo,580.173.02,GPU-d59cb1c4-ad97-d91a-6731-e7b5f38951a6
2026-08-16 04:25:14.088041,49.0,7,1g.11gb,,,,580.173.02,GPU-d59cb1c4-ad97-d91a-6731-e7b5f38951a6
2026-08-16 04:25:14.088041,49.0,8,1g.11gb,yolo-inference-755b67b9bb-ttrzf,default,yolo,580.173.02,GPU-d59cb1c4-ad97-d91a-6731-e7b5f38951a6
2026-08-16 04:25:14.088041,49.0,9,1g.11gb,yolo-inference-755b67b9bb-pwhtx,default,yolo,580.173.02,GPU-d59cb1c4-ad97-d91a-6731-e7b5f38951a6
2026-08-16 04:25:19.088047,49.0,10,1g.11gb,yolo-inference-755b67b9bb-sf8hz,default,yolo,580.173.02,GPU-d59cb1c4-ad97-d91a-6731-e7b5f38951a6
2026-08-16 04:25:19.088047,49.0,11,1g.11gb,yolo-inference-755b67b9bb-mdq5n,default,yolo,580.173.02,GPU-d59cb1c4-ad97-d91a-6731-e7b5f38951a6
2026-08-16 04:25:19.088047,49.0,12,1g.11gb,yolo-inference-755b67b9bb-l2sjx,default,yolo,580.173.02,GPU-d59cb1c4-ad97-d91a-6731-e7b5f38951a6
2026-08-16 04:25:19.088047,49.0,13,1g.11gb,yolo-inference-755b67b9bb-vgskt,default,yolo,580.173.02,GPU-d59cb1c4-ad97-d91a-6731-e7b5f38951a6
2026-08-16 04:25:19.088047,49.0,7,1g.11gb,,,,580.173.02,GPU-d59cb1c4-ad97-d91a-6731-e7b5f38951a6
2026-08-16 04:25:19.088047,49.0,8,1g.11gb,yolo-inference-755b67b9bb-ttrzf,default,yolo,580.173.02,GPU-d59cb1c4-ad97-d91a-6731-e7b5f38951a6
2026-08-16 04:25:19.088047,49.0,9,1g.11gb,yolo-inference-755b67b9bb-pwhtx,default,yolo,580.173.02,GPU-d59cb1c4-ad97-d91a-6731-e7b5f38951a6
2026-08-16 04:25:24.088016,49.0,10,1g.11gb,yolo-inference-755b67b9bb-sf8hz,default,yolo,580.173.02,GPU-d59cb1c4-ad97-d91a-6731-e7b5f38951a6
2026-08-16 04:25:24.088016,49.0,11,1g.11gb,yolo-inference-755b67b9bb-mdq5n,default,yolo,580.173.02,GPU-d59cb1c4-ad97-d91a-6731-e7b5f38951a6
2026-08-16 04:25:24.088016,49.0,12,1g.11gb,yolo-inference-755b67b9bb-l2sjx,default,yolo,580.173.02,GPU-d59cb1c4-ad97-d91a-6731-e7b5f38951a6
2026-08-16 04:25:24.088016,49.0,13,1g.11gb,yolo-inference-755b67b9bb-vgskt,default,yolo,580.173.02,GPU-d59cb1c4-ad97-d91a-6731-e7b5f38951a6
2026-08-16 04:25:24.088016,49.0,7,1g.11gb,,,,580.173.02,GPU-d59cb1c4-ad97-d91a-6731-e7b5f38951a6
2026-08-16 04:25:24.088016,49.0,8,1g.11gb,yolo-inference-755b67b9bb-ttrzf,default,yolo,580.173.02,GPU-d59cb1c4-ad97-d91a-6731-e7b5f38951a6
2026-08-16 04:25:24.088016,49.0,9,1g.11gb,yolo-inference-755b67b9bb-pwhtx,default,yolo,580.173.02,GPU-d59cb1c4-ad97-d91a-6731-e7b5f38951a6
2026-08-16 04:25:29.086282,49.0,10,1g.11gb,yolo-inference-755b67b9bb-sf8hz,default,yolo,580.173.02,GPU-d59cb1c4-ad97-d91a-6731-e7b5f38951a6
2026-08-16 04:25:29.086282,49.0,11,1g.11gb,yolo-inference-755b67b9bb-mdq5n,default,yolo,580.173.02,GPU-d59cb1c4-ad97-d91a-6731-e7b5f38951a6
2026-08-16 04:25:29.086282,49.0,12,1g.11gb,yolo-inference-755b67b9bb-l2sjx,default,yolo,580.173.02,GPU-d59cb1c4-ad97-d91a-6731-e7b5f38951a6
2026-08-16 04:25:29.086282,49.0,13,1g.11gb,yolo-inference-755b67b9bb-vgskt,default,yolo,580.173.02,GPU-d59cb1c4-ad97-d91a-6731-e7b5f38951a6
2026-08-16 04:25:29.086282,49.0,7,1g.11gb,,,,580.173.02,GPU-d59cb1c4-ad97-d91a-6731-e7b5f38951a6
2026-08-16 04:25:29.086282,49.0,8,1g.11gb,yolo-inference-755b67b9bb-ttrzf,default,yolo,580.173.02,GPU-d59cb1c4-ad97-d91a-6731-e7b5f38951a6
2026-08-16 04:25:29.086282,49.0,9,1g.11gb,yolo-inference-755b67b9bb-pwhtx,default,yolo,580.173.02,GPU-d59cb1c4-ad97-d91a-6731-e7b5f38951a6
2026-08-16 04:25:34.086002,49.0,10,1g.11gb,yolo-inference-755b67b9bb-sf8hz,default,yolo,580.173.02,GPU-d59cb1c4-ad97-d91a-6731-e7b5f38951a6
2026-08-16 04:25:34.086002,49.0,11,1g.11gb,yolo-inference-755b67b9bb-mdq5n,default,yolo,580.173.02,GPU-d59cb1c4-ad97-d91a-6731-e7b5f38951a6
2026-08-16 04:25:34.086002,49.0,12,1g.11gb,yolo-inference-755b67b9bb-l2sjx,default,yolo,580.173.02,GPU-d59cb1c4-ad97-d91a-6731-e7b5f38951a6
2026-08-16 04:25:34.086002,49.0,13,1g.11gb,yolo-inference-755b67b9bb-vgskt,default,yolo,580.173.02,GPU-d59cb1c4-ad97-d91a-6731-e7b5f38951a6
2026-08-16 04:25:34.086002,49.0,7,1g.11gb,,,,580.173.02,GPU-d59cb1c4-ad97-d91a-6731-e7b5f38951a6
2026-08-16 04:25:34.086002,49.0,8,1g.11gb,yolo-inference-755b67b9bb-ttrzf,default,yolo,580.173.02,GPU-d59cb1c4-ad97-d91a-6731-e7b5f38951a6
2026-08-16 04:25:34.086002,49.0,9,1g.11gb,yolo-inference-755b67b9bb-pwhtx,default,yolo,580.173.02,GPU-d59cb1c4-ad97-d91a-6731-e7b5f38951a6
2026-08-16 04:25:39.088023,49.0,10,1g.11gb,yolo-inference-755b67b9bb-sf8hz,default,yolo,580.173.02,GPU-d59cb1c4-ad97-d91a-6731-e7b5f38951a6
2026-08-16 04:25:39.088023,49.0,11,1g.11gb,yolo-inference-755b67b9bb-mdq5n,default,yolo,580.173.02,GPU-d59cb1c4-ad97-d91a-6731-e7b5f38951a6
2026-08-16 04:25:39.088023,49.0,12,1g.11gb,yolo-inference-755b67b9bb-l2sjx,default,yolo,580.173.02,GPU-d59cb1c4-ad97-d91a-6731-e7b5f38951a6
2026-08-16 04:25:39.088023,49.0,13,1g.11gb,yolo-inference-755b67b9bb-vgskt,default,yolo,580.173.02,GPU-d59cb1c4-ad97-d91a-6731-e7b5f38951a6
2026-08-16 04:25:39.088023,49.0,7,1g.11gb,,,,580.173.02,GPU-d59cb1c4-ad97-d91a-6731-e7b5f38951a6
2026-08-16 04:25:39.088023,49.0,8,1g.11gb,yolo-inference-755b67b9bb-ttrzf,default,yolo,580.173.02,GPU-d59cb1c4-ad97-d91a-6731-e7b5f38951a6
2026-08-16 04:25:39.088023,49.0,9,1g.11gb,yolo-inference-755b67b9bb-pwhtx,default,yolo,580.173.02,GPU-d59cb1c4-ad97-d91a-6731-e7b5f38951a6
2026-08-16 04:25:44.084119,49.0,10,1g.11gb,yolo-inference-755b67b9bb-sf8hz,default,yolo,580.173.02,GPU-d59cb1c4-ad97-d91a-6731-e7b5f38951a6
2026-08-16 04:25:44.084119,49.0,11,1g.11gb,yolo-inference-755b67b9bb-mdq5n,default,yolo,580.173.02,GPU-d59cb1c4-ad97-d91a-6731-e7b5f38951a6
2026-08-16 04:25:44.084119,49.0,12,1g.11gb,yolo-inference-755b67b9bb-l2sjx,default,yolo,580.173.02,GPU-d59cb1c4-ad97-d91a-6731-e7b5f38951a6
2026-08-16 04:25:44.084119,49.0,13,1g.11gb,yolo-inference-755b67b9bb-vgskt,default,yolo,580.173.02,GPU-d59cb1c4-ad97-d91a-6731-e7b5f38951a6
2026-08-16 04:25:44.084119,49.0,7,1g.11gb,,,,580.173.02,GPU-d59cb1c4-ad97-d91a-6731-e7b5f38951a6
2026-08-16 04:25:44.084119,49.0,8,1g.11gb,yolo-inference-755b67b9bb-ttrzf,default,yolo,580.173.02,GPU-d59cb1c4-ad97-d91a-6731-e7b5f38951a6
2026-08-16 04:25:44.084119,49.0,9,1g.11gb,yolo-inference-755b67b9bb-pwhtx,default,yolo,580.173.02,GPU-d59cb1c4-ad97-d91a-6731-e7b5f38951a6
2026-08-16 04:25:49.083243,49.0,10,1g.11gb,yolo-inference-755b67b9bb-sf8hz,default,yolo,580.173.02,GPU-d59cb1c4-ad97-d91a-6731-e7b5f38951a6
2026-08-16 04:25:49.083243,49.0,11,1g.11gb,yolo-inference-755b67b9bb-mdq5n,default,yolo,580.173.02,GPU-d59cb1c4-ad97-d91a-6731-e7b5f38951a6
2026-08-16 04:25:49.083243,49.0,12,1g.11gb,yolo-inference-755b67b9bb-l2sjx,default,yolo,580.173.02,GPU-d59cb1c4-ad97-d91a-6731-e7b5f38951a6
2026-08-16 04:25:49.083243,49.0,13,1g.11gb,yolo-inference-755b67b9bb-vgskt,default,yolo,580.173.02,GPU-d59cb1c4-ad97-d91a-6731-e7b5f38951a6
2026-08-16 04:25:49.083243,49.0,7,1g.11gb,,,,580.173.02,GPU-d59cb1c4-ad97-d91a-6731-e7b5f38951a6
2026-08-16 04:25:49.083243,49.0,8,1g.11gb,yolo-inference-755b67b9bb-ttrzf,default,yolo,580.173.02,GPU-d59cb1c4-ad97-d91a-6731-e7b5f38951a6
2026-08-16 04:25:49.083243,49.0,9,1g.11gb,yolo-inference-755b67b9bb-pwhtx,default,yolo,580.173.02,GPU-d59cb1c4-ad97-d91a-6731-e7b5f38951a6
2026-08-16 04:25:54.088026,49.0,10,1g.11gb,yolo-inference-755b67b9bb-sf8hz,default,yolo,580.173.02,GPU-d59cb1c4-ad97-d91a-6731-e7b5f38951a6
2026-08-16 04:25:54.088026,49.0,11,1g.11gb,yolo-inference-755b67b9bb-mdq5n,default,yolo,580.173.02,GPU-d59cb1c4-ad97-d91a-6731-e7b5f38951a6
2026-08-16 04:25:54.088026,49.0,12,1g.11gb,yolo-inference-755b67b9bb-l2sjx,default,yolo,580.173.02,GPU-d59cb1c4-ad97-d91a-6731-e7b5f38951a6
2026-08-16 04:25:54.088026,49.0,13,1g.11gb,yolo-inference-755b67b9bb-vgskt,default,yolo,580.173.02,GPU-d59cb1c4-ad97-d91a-6731-e7b5f38951a6
2026-08-16 04:25:54.088026,49.0,7,1g.11gb,,,,580.173.02,GPU-d59cb1c4-ad97-d91a-6731-e7b5f38951a6
2026-08-16 04:25:54.088026,49.0,8,1g.11gb,yolo-inference-755b67b9bb-ttrzf,default,yolo,580.173.02,GPU-d59cb1c4-ad97-d91a-6731-e7b5f38951a6
2026-08-16 04:25:54.088026,49.0,9,1g.11gb,yolo-inference-755b67b9bb-pwhtx,default,yolo,580.173.02,GPU-d59cb1c4-ad97-d91a-6731-e7b5f38951a6
2026-08-16 04:25:59.084334,49.0,10,1g.11gb,yolo-inference-755b67b9bb-sf8hz,default,yolo,580.173.02,GPU-d59cb1c4-ad97-d91a-6731-e7b5f38951a6
2026-08-16 04:25:59.084334,49.0,11,1g.11gb,yolo-inference-755b67b9bb-mdq5n,default,yolo,580.173.02,GPU-d59cb1c4-ad97-d91a-6731-e7b5f38951a6
2026-08-16 04:25:59.084334,49.0,12,1g.11gb,yolo-inference-755b67b9bb-l2sjx,default,yolo,580.173.02,GPU-d59cb1c4-ad97-d91a-6731-e7b5f38951a6
2026-08-16 04:25:59.084334,49.0,13,1g.11gb,yolo-inference-755b67b9bb-vgskt,default,yolo,580.173.02,GPU-d59cb1c4-ad97-d91a-6731-e7b5f38951a6
2026-08-16 04:25:59.084334,49.0,7,1g.11gb,,,,580.173.02,GPU-d59cb1c4-ad97-d91a-6731-e7b5f38951a6
2026-08-16 04:25:59.084334,49.0,8,1g.11gb,yolo-inference-755b67b9bb-ttrzf,default,yolo,580.173.02,GPU-d59cb1c4-ad97-d91a-6731-e7b5f38951a6
2026-08-16 04:25:59.084334,49.0,9,1g.11gb,yolo-inference-755b67b9bb-pwhtx,default,yolo,580.173.02,GPU-d59cb1c4-ad97-d91a-6731-e7b5f38951a6
2026-08-16 04:26:04.086946,49.0,10,1g.11gb,yolo-inference-755b67b9bb-sf8hz,default,yolo,580.173.02,GPU-d59cb1c4-ad97-d91a-6731-e7b5f38951a6
2026-08-16 04:26:04.086946,49.0,11,1g.11gb,yolo-inference-755b67b9bb-mdq5n,default,yolo,580.173.02,GPU-d59cb1c4-ad97-d91a-6731-e7b5f38951a6
2026-08-16 04:26:04.086946,49.0,12,1g.11gb,yolo-inference-755b67b9bb-l2sjx,default,yolo,580.173.02,GPU-d59cb1c4-ad97-d91a-6731-e7b5f38951a6
2026-08-16 04:26:04.086946,49.0,13,1g.11gb,yolo-inference-755b67b9bb-vgskt,default,yolo,580.173.02,GPU-d59cb1c4-ad97-d91a-6731-e7b5f38951a6
2026-08-16 04:26:04.086946,49.0,7,1g.11gb,,,,580.173.02,GPU-d59cb1c4-ad97-d91a-6731-e7b5f38951a6
2026-08-16 04:26:04.086946,49.0,8,1g.11gb,yolo-inference-755b67b9bb-ttrzf,default,yolo,580.173.02,GPU-d59cb1c4-ad97-d91a-6731-e7b5f38951a6
2026-08-16 04:26:04.086946,49.0,9,1g.11gb,yolo-inference-755b67b9bb-pwhtx,default,yolo,580.173.02,GPU-d59cb1c4-ad97-d91a-6731-e7b5f38951a6
2026-08-16 04:26:09.086123,49.0,10,1g.11gb,yolo-inference-755b67b9bb-sf8hz,default,yolo,580.173.02,GPU-d59cb1c4-ad97-d91a-6731-e7b5f38951a6
2026-08-16 04:26:09.086123,49.0,11,1g.11gb,yolo-inference-755b67b9bb-mdq5n,default,yolo,580.173.02,GPU-d59cb1c4-ad97-d91a-6731-e7b5f38951a6
2026-08-16 04:26:09.086123,49.0,12,1g.11gb,yolo-inference-755b67b9bb-l2sjx,default,yolo,580.173.02,GPU-d59cb1c4-ad97-d91a-6731-e7b5f38951a6
2026-08-16 04:26:09.086123,49.0,13,1g.11gb,yolo-inference-755b67b9bb-vgskt,default,yolo,580.173.02,GPU-d59cb1c4-ad97-d91a-6731-e7b5f38951a6
2026-08-16 04:26:09.086123,49.0,7,1g.11gb,,,,580.173.02,GPU-d59cb1c4-ad97-d91a-6731-e7b5f38951a6
2026-08-16 04:26:09.086123,49.0,8,1g.11gb,yolo-inference-755b67b9bb-ttrzf,default,yolo,580.173.02,GPU-d59cb1c4-ad97-d91a-6731-e7b5f38951a6
2026-08-16 04:26:09.086123,49.0,9,1g.11gb,yolo-inference-755b67b9bb-pwhtx,default,yolo,580.173.02,GPU-d59cb1c4-ad97-d91a-6731-e7b5f38951a6
2026-08-16 04:26:14.087168,49.0,10,1g.11gb,yolo-inference-755b67b9bb-sf8hz,default,yolo,580.173.02,GPU-d59cb1c4-ad97-d91a-6731-e7b5f38951a6
2026-08-16 04:26:14.087168,49.0,11,1g.11gb,yolo-inference-755b67b9bb-mdq5n,default,yolo,580.173.02,GPU-d59cb1c4-ad97-d91a-6731-e7b5f38951a6
2026-08-16 04:26:14.087168,49.0,12,1g.11gb,yolo-inference-755b67b9bb-l2sjx,default,yolo,580.173.02,GPU-d59cb1c4-ad97-d91a-6731-e7b5f38951a6
2026-08-16 04:26:14.087168,49.0,13,1g.11gb,yolo-inference-755b67b9bb-vgskt,default,yolo,580.173.02,GPU-d59cb1c4-ad97-d91a-6731-e7b5f38951a6
2026-08-16 04:26:14.087168,49.0,7,1g.11gb,,,,580.173.02,GPU-d59cb1c4-ad97-d91a-6731-e7b5f38951a6
2026-08-16 04:26:14.087168,49.0,8,1g.11gb,yolo-inference-755b67b9bb-ttrzf,default,yolo,580.173.02,GPU-d59cb1c4-ad97-d91a-6731-e7b5f38951a6
2026-08-16 04:26:14.087168,49.0,9,1g.11gb,yolo-inference-755b67b9bb-pwhtx,default,yolo,580.173.02,GPU-d59cb1c4-ad97-d91a-6731-e7b5f38951a6
2026-08-16 04:26:19.087097,49.0,10,1g.11gb,yolo-inference-755b67b9bb-sf8hz,default,yolo,580.173.02,GPU-d59cb1c4-ad97-d91a-6731-e7b5f38951a6
2026-08-16 04:26:19.087097,49.0,11,1g.11gb,yolo-inference-755b67b9bb-mdq5n,default,yolo,580.173.02,GPU-d59cb1c4-ad97-d91a-6731-e7b5f38951a6
2026-08-16 04:26:19.087097,49.0,12,1g.11gb,yolo-inference-755b67b9bb-l2sjx,default,yolo,580.173.02,GPU-d59cb1c4-ad97-d91a-6731-e7b5f38951a6
2026-08-16 04:26:19.087097,49.0,13,1g.11gb,yolo-inference-755b67b9bb-vgskt,default,yolo,580.173.02,GPU-d59cb1c4-ad97-d91a-6731-e7b5f38951a6
2026-08-16 04:26:19.087097,49.0,7,1g.11gb,,,,580.173.02,GPU-d59cb1c4-ad97-d91a-6731-e7b5f38951a6
2026-08-16 04:26:19.087097,49.0,8,1g.11gb,yolo-inference-755b67b9bb-ttrzf,default,yolo,580.173.02,GPU-d59cb1c4-ad97-d91a-6731-e7b5f38951a6
2026-08-16 04:26:19.087097,49.0,9,1g.11gb,yolo-inference-755b67b9bb-pwhtx,default,yolo,580.173.02,GPU-d59cb1c4-ad97-d91a-6731-e7b5f38951a6
2026-08-16 04:26:24.085604,49.0,10,1g.11gb,yolo-inference-755b67b9bb-sf8hz,default,yolo,580.173.02,GPU-d59cb1c4-ad97-d91a-6731-e7b5f38951a6
2026-08-16 04:26:24.085604,49.0,11,1g.11gb,yolo-inference-755b67b9bb-mdq5n,default,yolo,580.173.02,GPU-d59cb1c4-ad97-d91a-6731-e7b5f38951a6
2026-08-16 04:26:24.085604,49.0,12,1g.11gb,yolo-inference-755b67b9bb-l2sjx,default,yolo,580.173.02,GPU-d59cb1c4-ad97-d91a-6731-e7b5f38951a6
2026-08-16 04:26:24.085604,49.0,13,1g.11gb,yolo-inference-755b67b9bb-vgskt,default,yolo,580.173.02,GPU-d59cb1c4-ad97-d91a-6731-e7b5f38951a6
2026-08-16 04:26:24.085604,49.0,7,1g.11gb,,,,580.173.02,GPU-d59cb1c4-ad97-d91a-6731-e7b5f38951a6
2026-08-16 04:26:24.085604,49.0,8,1g.11gb,yolo-inference-755b67b9bb-ttrzf,default,yolo,580.173.02,GPU-d59cb1c4-ad97-d91a-6731-e7b5f38951a6
2026-08-16 04:26:24.085604,49.0,9,1g.11gb,yolo-inference-755b67b9bb-pwhtx,default,yolo,580.173.02,GPU-d59cb1c4-ad97-d91a-6731-e7b5f38951a6
2026-08-16 04:26:29.087052,49.0,10,1g.11gb,yolo-inference-755b67b9bb-sf8hz,default,yolo,580.173.02,GPU-d59cb1c4-ad97-d91a-6731-e7b5f38951a6
2026-08-16 04:26:29.087052,49.0,11,1g.11gb,yolo-inference-755b67b9bb-mdq5n,default,yolo,580.173.02,GPU-d59cb1c4-ad97-d91a-6731-e7b5f38951a6
2026-08-16 04:26:29.087052,49.0,12,1g.11gb,yolo-inference-755b67b9bb-l2sjx,default,yolo,580.173.02,GPU-d59cb1c4-ad97-d91a-6731-e7b5f38951a6
2026-08-16 04:26:29.087052,49.0,13,1g.11gb,yolo-inference-755b67b9bb-vgskt,default,yolo,580.173.02,GPU-d59cb1c4-ad97-d91a-6731-e7b5f38951a6
2026-08-16 04:26:29.087052,49.0,7,1g.11gb,,,,580.173.02,GPU-d59cb1c4-ad97-d91a-6731-e7b5f38951a6
2026-08-16 04:26:29.087052,49.0,8,1g.11gb,yolo-inference-755b67b9bb-ttrzf,default,yolo,580.173.02,GPU-d59cb1c4-ad97-d91a-6731-e7b5f38951a6
2026-08-16 04:26:29.087052,49.0,9,1g.11gb,yolo-inference-755b67b9bb-pwhtx,default,yolo,580.173.02,GPU-d59cb1c4-ad97-d91a-6731-e7b5f38951a6
2026-08-16 04:26:34.085867,49.0,10,1g.11gb,yolo-inference-755b67b9bb-sf8hz,default,yolo,580.173.02,GPU-d59cb1c4-ad97-d91a-6731-e7b5f38951a6
2026-08-16 04:26:34.085867,49.0,11,1g.11gb,yolo-inference-755b67b9bb-mdq5n,default,yolo,580.173.02,GPU-d59cb1c4-ad97-d91a-6731-e7b5f38951a6
2026-08-16 04:26:34.085867,49.0,12,1g.11gb,yolo-inference-755b67b9bb-l2sjx,default,yolo,580.173.02,GPU-d59cb1c4-ad97-d91a-6731-e7b5f38951a6
2026-08-16 04:26:34.085867,49.0,13,1g.11gb,yolo-inference-755b67b9bb-vgskt,default,yolo,580.173.02,GPU-d59cb1c4-ad97-d91a-6731-e7b5f38951a6
2026-08-16 04:26:34.085867,49.0,7,1g.11gb,,,,580.173.02,GPU-d59cb1c4-ad97-d91a-6731-e7b5f38951a6
2026-08-16 04:26:34.085867,49.0,8,1g.11gb,yolo-inference-755b67b9bb-ttrzf,default,yolo,580.173.02,GPU-d59cb1c4-ad97-d91a-6731-e7b5f38951a6
2026-08-16 04:26:34.085867,49.0,9,1g.11gb,yolo-inference-755b67b9bb-pwhtx,default,yolo,580.173.02,GPU-d59cb1c4-ad97-d91a-6731-e7b5f38951a6
2026-08-16 04:26:39.088053,49.0,10,1g.11gb,yolo-inference-755b67b9bb-sf8hz,default,yolo,580.173.02,GPU-d59cb1c4-ad97-d91a-6731-e7b5f38951a6
2026-08-16 04:26:39.088053,49.0,11,1g.11gb,yolo-inference-755b67b9bb-mdq5n,default,yolo,580.173.02,GPU-d59cb1c4-ad97-d91a-6731-e7b5f38951a6
2026-08-16 04:26:39.088053,49.0,12,1g.11gb,yolo-inference-755b67b9bb-l2sjx,default,yolo,580.173.02,GPU-d59cb1c4-ad97-d91a-6731-e7b5f38951a6
2026-08-16 04:26:39.088053,49.0,13,1g.11gb,yolo-inference-755b67b9bb-vgskt,default,yolo,580.173.02,GPU-d59cb1c4-ad97-d91a-6731-e7b5f38951a6
2026-08-16 04:26:39.088053,49.0,7,1g.11gb,,,,580.173.02,GPU-d59cb1c4-ad97-d91a-6731-e7b5f38951a6
2026-08-16 04:26:39.088053,49.0,8,1g.11gb,yolo-inference-755b67b9bb-ttrzf,default,yolo,580.173.02,GPU-d59cb1c4-ad97-d91a-6731-e7b5f38951a6
2026-08-16 04:26:39.088053,49.0,9,1g.11gb,yolo-inference-755b67b9bb-pwhtx,default,yolo,580.173.02,GPU-d59cb1c4-ad97-d91a-6731-e7b5f38951a6
2026-08-16 04:26:44.088024,49.0,10,1g.11gb,yolo-inference-755b67b9bb-sf8hz,default,yolo,580.173.02,GPU-d59cb1c4-ad97-d91a-6731-e7b5f38951a6
2026-08-16 04:26:44.088024,49.0,11,1g.11gb,yolo-inference-755b67b9bb-mdq5n,default,yolo,580.173.02,GPU-d59cb1c4-ad97-d91a-6731-e7b5f38951a6
2026-08-16 04:26:44.088024,49.0,12,1g.11gb,yolo-inference-755b67b9bb-l2sjx,default,yolo,580.173.02,GPU-d59cb1c4-ad97-d91a-6731-e7b5f38951a6
2026-08-16 04:26:44.088024,49.0,13,1g.11gb,yolo-inference-755b67b9bb-vgskt,default,yolo,580.173.02,GPU-d59cb1c4-ad97-d91a-6731-e7b5f38951a6
2026-08-16 04:26:44.088024,49.0,7,1g.11gb,,,,580.173.02,GPU-d59cb1c4-ad97-d91a-6731-e7b5f38951a6
2026-08-16 04:26:44.088024,49.0,8,1g.11gb,yolo-inference-755b67b9bb-ttrzf,default,yolo,580.173.02,GPU-d59cb1c4-ad97-d91a-6731-e7b5f38951a6
2026-08-16 04:26:44.088024,49.0,9,1g.11gb,yolo-inference-755b67b9bb-pwhtx,default,yolo,580.173.02,GPU-d59cb1c4-ad97-d91a-6731-e7b5f38951a6
2026-08-16 04:26:49.088019,49.0,10,1g.11gb,yolo-inference-755b67b9bb-sf8hz,default,yolo,580.173.02,GPU-d59cb1c4-ad97-d91a-6731-e7b5f38951a6
2026-08-16 04:26:49.088019,49.0,11,1g.11gb,yolo-inference-755b67b9bb-mdq5n,default,yolo,580.173.02,GPU-d59cb1c4-ad97-d91a-6731-e7b5f38951a6
2026-08-16 04:26:49.088019,49.0,12,1g.11gb,yolo-inference-755b67b9bb-l2sjx,default,yolo,580.173.02,GPU-d59cb1c4-ad97-d91a-6731-e7b5f38951a6
2026-08-16 04:26:49.088019,49.0,13,1g.11gb,yolo-inference-755b67b9bb-vgskt,default,yolo,580.173.02,GPU-d59cb1c4-ad97-d91a-6731-e7b5f38951a6
2026-08-16 04:26:49.088019,49.0,7,1g.11gb,,,,580.173.02,GPU-d59cb1c4-ad97-d91a-6731-e7b5f38951a6
2026-08-16 04:26:49.088019,49.0,8,1g.11gb,yolo-inference-755b67b9bb-ttrzf,default,yolo,580.173.02,GPU-d59cb1c4-ad97-d91a-6731-e7b5f38951a6
2026-08-16 04:26:49.088019,49.0,9,1g.11gb,yolo-inference-755b67b9bb-pwhtx,default,yolo,580.173.02,GPU-d59cb1c4-ad97-d91a-6731-e7b5f38951a6
2026-08-16 04:26:54.083561,49.0,10,1g.11gb,yolo-inference-755b67b9bb-sf8hz,default,yolo,580.173.02,GPU-d59cb1c4-ad97-d91a-6731-e7b5f38951a6
2026-08-16 04:26:54.083561,49.0,11,1g.11gb,yolo-inference-755b67b9bb-mdq5n,default,yolo,580.173.02,GPU-d59cb1c4-ad97-d91a-6731-e7b5f38951a6
2026-08-16 04:26:54.083561,49.0,12,1g.11gb,yolo-inference-755b67b9bb-l2sjx,default,yolo,580.173.02,GPU-d59cb1c4-ad97-d91a-6731-e7b5f38951a6
2026-08-16 04:26:54.083561,49.0,13,1g.11gb,yolo-inference-755b67b9bb-vgskt,default,yolo,580.173.02,GPU-d59cb1c4-ad97-d91a-6731-e7b5f38951a6
2026-08-16 04:26:54.083561,49.0,7,1g.11gb,,,,580.173.02,GPU-d59cb1c4-ad97-d91a-6731-e7b5f38951a6
2026-08-16 04:26:54.083561,49.0,8,1g.11gb,yolo-inference-755b67b9bb-ttrzf,default,yolo,580.173.02,GPU-d59cb1c4-ad97-d91a-6731-e7b5f38951a6
2026-08-16 04:26:54.083561,49.0,9,1g.11gb,yolo-inference-755b67b9bb-pwhtx,default,yolo,580.173.02,GPU-d59cb1c4-ad97-d91a-6731-e7b5f38951a6
2026-08-16 04:26:59.087911,49.0,10,1g.11gb,yolo-inference-755b67b9bb-sf8hz,default,yolo,580.173.02,GPU-d59cb1c4-ad97-d91a-6731-e7b5f38951a6
2026-08-16 04:26:59.087911,49.0,11,1g.11gb,yolo-inference-755b67b9bb-mdq5n,default,yolo,580.173.02,GPU-d59cb1c4-ad97-d91a-6731-e7b5f38951a6
2026-08-16 04:26:59.087911,49.0,12,1g.11gb,yolo-inference-755b67b9bb-l2sjx,default,yolo,580.173.02,GPU-d59cb1c4-ad97-d91a-6731-e7b5f38951a6
2026-08-16 04:26:59.087911,49.0,13,1g.11gb,yolo-inference-755b67b9bb-vgskt,default,yolo,580.173.02,GPU-d59cb1c4-ad97-d91a-6731-e7b5f38951a6
2026-08-16 04:26:59.087911,49.0,7,1g.11gb,,,,580.173.02,GPU-d59cb1c4-ad97-d91a-6731-e7b5f38951a6
2026-08-16 04:26:59.087911,49.0,8,1g.11gb,yolo-inference-755b67b9bb-ttrzf,default,yolo,580.173.02,GPU-d59cb1c4-ad97-d91a-6731-e7b5f38951a6
2026-08-16 04:26:59.087911,49.0,9,1g.11gb,yolo-inference-755b67b9bb-pwhtx,default,yolo,580.173.02,GPU-d59cb1c4-ad97-d91a-6731-e7b5f38951a6
2026-08-16 04:27:04.088023,49.0,10,1g.11gb,yolo-inference-755b67b9bb-sf8hz,default,yolo,580.173.02,GPU-d59cb1c4-ad97-d91a-6731-e7b5f38951a6
2026-08-16 04:27:04.088023,49.0,11,1g.11gb,yolo-inference-755b67b9bb-mdq5n,default,yolo,580.173.02,GPU-d59cb1c4-ad97-d91a-6731-e7b5f38951a6
2026-08-16 04:27:04.088023,49.0,12,1g.11gb,yolo-inference-755b67b9bb-l2sjx,default,yolo,580.173.02,GPU-d59cb1c4-ad97-d91a-6731-e7b5f38951a6
2026-08-16 04:27:04.088023,49.0,13,1g.11gb,yolo-inference-755b67b9bb-vgskt,default,yolo,580.173.02,GPU-d59cb1c4-ad97-d91a-6731-e7b5f38951a6
2026-08-16 04:27:04.088023,49.0,7,1g.11gb,,,,580.173.02,GPU-d59cb1c4-ad97-d91a-6731-e7b5f38951a6
2026-08-16 04:27:04.088023,49.0,8,1g.11gb,yolo-inference-755b67b9bb-ttrzf,default,yolo,580.173.02,GPU-d59cb1c4-ad97-d91a-6731-e7b5f38951a6
2026-08-16 04:27:04.088023,49.0,9,1g.11gb,yolo-inference-755b67b9bb-pwhtx,default,yolo,580.173.02,GPU-d59cb1c4-ad97-d91a-6731-e7b5f38951a6
2026-08-16 04:27:09.088003,49.0,10,1g.11gb,yolo-inference-755b67b9bb-sf8hz,default,yolo,580.173.02,GPU-d59cb1c4-ad97-d91a-6731-e7b5f38951a6
2026-08-16 04:27:09.088003,49.0,11,1g.11gb,yolo-inference-755b67b9bb-mdq5n,default,yolo,580.173.02,GPU-d59cb1c4-ad97-d91a-6731-e7b5f38951a6
2026-08-16 04:27:09.088003,49.0,12,1g.11gb,yolo-inference-755b67b9bb-l2sjx,default,yolo,580.173.02,GPU-d59cb1c4-ad97-d91a-6731-e7b5f38951a6
2026-08-16 04:27:09.088003,49.0,13,1g.11gb,yolo-inference-755b67b9bb-vgskt,default,yolo,580.173.02,GPU-d59cb1c4-ad97-d91a-6731-e7b5f38951a6
2026-08-16 04:27:09.088003,49.0,7,1g.11gb,,,,580.173.02,GPU-d59cb1c4-ad97-d91a-6731-e7b5f38951a6
2026-08-16 04:27:09.088003,49.0,8,1g.11gb,yolo-inference-755b67b9bb-ttrzf,default,yolo,580.173.02,GPU-d59cb1c4-ad97-d91a-6731-e7b5f38951a6
2026-08-16 04:27:09.088003,49.0,9,1g.11gb,yolo-inference-755b67b9bb-pwhtx,default,yolo,580.173.02,GPU-d59cb1c4-ad97-d91a-6731-e7b5f38951a6
2026-08-16 04:27:14.087973,49.0,10,1g.11gb,yolo-inference-755b67b9bb-sf8hz,default,yolo,580.173.02,GPU-d59cb1c4-ad97-d91a-6731-e7b5f38951a6
2026-08-16 04:27:14.087973,49.0,11,1g.11gb,yolo-inference-755b67b9bb-mdq5n,default,yolo,580.173.02,GPU-d59cb1c4-ad97-d91a-6731-e7b5f38951a6
2026-08-16 04:27:14.087973,49.0,12,1g.11gb,yolo-inference-755b67b9bb-l2sjx,default,yolo,580.173.02,GPU-d59cb1c4-ad97-d91a-6731-e7b5f38951a6
2026-08-16 04:27:14.087973,49.0,13,1g.11gb,yolo-inference-755b67b9bb-vgskt,default,yolo,580.173.02,GPU-d59cb1c4-ad97-d91a-6731-e7b5f38951a6
2026-08-16 04:27:14.087973,49.0,7,1g.11gb,,,,580.173.02,GPU-d59cb1c4-ad97-d91a-6731-e7b5f38951a6
2026-08-16 04:27:14.087973,49.0,8,1g.11gb,yolo-inference-755b67b9bb-ttrzf,default,yolo,580.173.02,GPU-d59cb1c4-ad97-d91a-6731-e7b5f38951a6
2026-08-16 04:27:14.087973,49.0,9,1g.11gb,yolo-inference-755b67b9bb-pwhtx,default,yolo,580.173.02,GPU-d59cb1c4-ad97-d91a-6731-e7b5f38951a6
2026-08-16 04:27:19.088098,49.0,10,1g.11gb,yolo-inference-755b67b9bb-sf8hz,default,yolo,580.173.02,GPU-d59cb1c4-ad97-d91a-6731-e7b5f38951a6
2026-08-16 04:27:19.088098,49.0,11,1g.11gb,yolo-inference-755b67b9bb-mdq5n,default,yolo,580.173.02,GPU-d59cb1c4-ad97-d91a-6731-e7b5f38951a6
2026-08-16 04:27:19.088098,49.0,12,1g.11gb,yolo-inference-755b67b9bb-l2sjx,default,yolo,580.173.02,GPU-d59cb1c4-ad97-d91a-6731-e7b5f38951a6
2026-08-16 04:27:19.088098,49.0,13,1g.11gb,yolo-inference-755b67b9bb-vgskt,default,yolo,580.173.02,GPU-d59cb1c4-ad97-d91a-6731-e7b5f38951a6
2026-08-16 04:27:19.088098,49.0,7,1g.11gb,,,,580.173.02,GPU-d59cb1c4-ad97-d91a-6731-e7b5f38951a6
2026-08-16 04:27:19.088098,49.0,8,1g.11gb,yolo-inference-755b67b9bb-ttrzf,default,yolo,580.173.02,GPU-d59cb1c4-ad97-d91a-6731-e7b5f38951a6
2026-08-16 04:27:19.088098,49.0,9,1g.11gb,yolo-inference-755b67b9bb-pwhtx,default,yolo,580.173.02,GPU-d59cb1c4-ad97-d91a-6731-e7b5f38951a6
2026-08-16 04:27:24.088059,49.0,10,1g.11gb,yolo-inference-755b67b9bb-sf8hz,default,yolo,580.173.02,GPU-d59cb1c4-ad97-d91a-6731-e7b5f38951a6
2026-08-16 04:27:24.088059,49.0,11,1g.11gb,yolo-inference-755b67b9bb-mdq5n,default,yolo,580.173.02,GPU-d59cb1c4-ad97-d91a-6731-e7b5f38951a6
2026-08-16 04:27:24.088059,49.0,12,1g.11gb,yolo-inference-755b67b9bb-l2sjx,default,yolo,580.173.02,GPU-d59cb1c4-ad97-d91a-6731-e7b5f38951a6
2026-08-16 04:27:24.088059,49.0,13,1g.11gb,yolo-inference-755b67b9bb-vgskt,default,yolo,580.173.02,GPU-d59cb1c4-ad97-d91a-6731-e7b5f38951a6
2026-08-16 04:27:24.088059,49.0,7,1g.11gb,,,,580.173.02,GPU-d59cb1c4-ad97-d91a-6731-e7b5f38951a6
2026-08-16 04:27:24.088059,49.0,8,1g.11gb,yolo-inference-755b67b9bb-ttrzf,default,yolo,580.173.02,GPU-d59cb1c4-ad97-d91a-6731-e7b5f38951a6
2026-08-16 04:27:24.088059,49.0,9,1g.11gb,yolo-inference-755b67b9bb-pwhtx,default,yolo,580.173.02,GPU-d59cb1c4-ad97-d91a-6731-e7b5f38951a6
2026-08-16 04:27:29.088021,49.0,10,1g.11gb,yolo-inference-755b67b9bb-sf8hz,default,yolo,580.173.02,GPU-d59cb1c4-ad97-d91a-6731-e7b5f38951a6
2026-08-16 04:27:29.088021,49.0,11,1g.11gb,yolo-inference-755b67b9bb-mdq5n,default,yolo,580.173.02,GPU-d59cb1c4-ad97-d91a-6731-e7b5f38951a6
2026-08-16 04:27:29.088021,49.0,12,1g.11gb,yolo-inference-755b67b9bb-l2sjx,default,yolo,580.173.02,GPU-d59cb1c4-ad97-d91a-6731-e7b5f38951a6
2026-08-16 04:27:29.088021,49.0,13,1g.11gb,yolo-inference-755b67b9bb-vgskt,default,yolo,580.173.02,GPU-d59cb1c4-ad97-d91a-6731-e7b5f38951a6
2026-08-16 04:27:29.088021,49.0,7,1g.11gb,,,,580.173.02,GPU-d59cb1c4-ad97-d91a-6731-e7b5f38951a6
2026-08-16 04:27:29.088021,49.0,8,1g.11gb,yolo-inference-755b67b9bb-ttrzf,default,yolo,580.173.02,GPU-d59cb1c4-ad97-d91a-6731-e7b5f38951a6
2026-08-16 04:27:29.088021,49.0,9,1g.11gb,yolo-inference-755b67b9bb-pwhtx,default,yolo,580.173.02,GPU-d59cb1c4-ad97-d91a-6731-e7b5f38951a6
2026-08-16 04:27:34.086520,49.0,10,1g.11gb,yolo-inference-755b67b9bb-sf8hz,default,yolo,580.173.02,GPU-d59cb1c4-ad97-d91a-6731-e7b5f38951a6
2026-08-16 04:27:34.086520,49.0,11,1g.11gb,yolo-inference-755b67b9bb-mdq5n,default,yolo,580.173.02,GPU-d59cb1c4-ad97-d91a-6731-e7b5f38951a6
2026-08-16 04:27:34.086520,49.0,12,1g.11gb,yolo-inference-755b67b9bb-l2sjx,default,yolo,580.173.02,GPU-d59cb1c4-ad97-d91a-6731-e7b5f38951a6
2026-08-16 04:27:34.086520,49.0,13,1g.11gb,yolo-inference-755b67b9bb-vgskt,default,yolo,580.173.02,GPU-d59cb1c4-ad97-d91a-6731-e7b5f38951a6
2026-08-16 04:27:34.086520,49.0,7,1g.11gb,,,,580.173.02,GPU-d59cb1c4-ad97-d91a-6731-e7b5f38951a6
2026-08-16 04:27:34.086520,49.0,8,1g.11gb,yolo-inference-755b67b9bb-ttrzf,default,yolo,580.173.02,GPU-d59cb1c4-ad97-d91a-6731-e7b5f38951a6
2026-08-16 04:27:34.086520,49.0,9,1g.11gb,yolo-inference-755b67b9bb-pwhtx,default,yolo,580.173.02,GPU-d59cb1c4-ad97-d91a-6731-e7b5f38951a6
2026-08-16 04:27:39.088082,49.0,10,1g.11gb,yolo-inference-755b67b9bb-sf8hz,default,yolo,580.173.02,GPU-d59cb1c4-ad97-d91a-6731-e7b5f38951a6
2026-08-16 04:27:39.088082,49.0,11,1g.11gb,yolo-inference-755b67b9bb-mdq5n,default,yolo,580.173.02,GPU-d59cb1c4-ad97-d91a-6731-e7b5f38951a6
2026-08-16 04:27:39.088082,49.0,12,1g.11gb,yolo-inference-755b67b9bb-l2sjx,default,yolo,580.173.02,GPU-d59cb1c4-ad97-d91a-6731-e7b5f38951a6
2026-08-16 04:27:39.088082,49.0,13,1g.11gb,yolo-inference-755b67b9bb-vgskt,default,yolo,580.173.02,GPU-d59cb1c4-ad97-d91a-6731-e7b5f38951a6
2026-08-16 04:27:39.088082,49.0,7,1g.11gb,,,,580.173.02,GPU-d59cb1c4-ad97-d91a-6731-e7b5f38951a6
2026-08-16 04:27:39.088082,49.0,8,1g.11gb,yolo-inference-755b67b9bb-ttrzf,default,yolo,580.173.02,GPU-d59cb1c4-ad97-d91a-6731-e7b5f38951a6
2026-08-16 04:27:39.088082,49.0,9,1g.11gb,yolo-inference-755b67b9bb-pwhtx,default,yolo,580.173.02,GPU-d59cb1c4-ad97-d91a-6731-e7b5f38951a6
2026-08-16 04:27:44.088021,49.0,10,1g.11gb,yolo-inference-755b67b9bb-sf8hz,default,yolo,580.173.02,GPU-d59cb1c4-ad97-d91a-6731-e7b5f38951a6
2026-08-16 04:27:44.088021,49.0,11,1g.11gb,yolo-inference-755b67b9bb-mdq5n,default,yolo,580.173.02,GPU-d59cb1c4-ad97-d91a-6731-e7b5f38951a6
2026-08-16 04:27:44.088021,49.0,12,1g.11gb,yolo-inference-755b67b9bb-l2sjx,default,yolo,580.173.02,GPU-d59cb1c4-ad97-d91a-6731-e7b5f38951a6
2026-08-16 04:27:44.088021,49.0,13,1g.11gb,yolo-inference-755b67b9bb-vgskt,default,yolo,580.173.02,GPU-d59cb1c4-ad97-d91a-6731-e7b5f38951a6
2026-08-16 04:27:44.088021,49.0,7,1g.11gb,,,,580.173.02,GPU-d59cb1c4-ad97-d91a-6731-e7b5f38951a6
2026-08-16 04:27:44.088021,49.0,8,1g.11gb,yolo-inference-755b67b9bb-ttrzf,default,yolo,580.173.02,GPU-d59cb1c4-ad97-d91a-6731-e7b5f38951a6
2026-08-16 04:27:44.088021,49.0,9,1g.11gb,yolo-inference-755b67b9bb-pwhtx,default,yolo,580.173.02,GPU-d59cb1c4-ad97-d91a-6731-e7b5f38951a6
2026-08-16 04:27:49.087283,49.0,10,1g.11gb,yolo-inference-755b67b9bb-sf8hz,default,yolo,580.173.02,GPU-d59cb1c4-ad97-d91a-6731-e7b5f38951a6
2026-08-16 04:27:49.087283,49.0,11,1g.11gb,yolo-inference-755b67b9bb-mdq5n,default,yolo,580.173.02,GPU-d59cb1c4-ad97-d91a-6731-e7b5f38951a6
2026-08-16 04:27:49.087283,49.0,12,1g.11gb,yolo-inference-755b67b9bb-l2sjx,default,yolo,580.173.02,GPU-d59cb1c4-ad97-d91a-6731-e7b5f38951a6
2026-08-16 04:27:49.087283,49.0,13,1g.11gb,yolo-inference-755b67b9bb-vgskt,default,yolo,580.173.02,GPU-d59cb1c4-ad97-d91a-6731-e7b5f38951a6
2026-08-16 04:27:49.087283,49.0,7,1g.11gb,,,,580.173.02,GPU-d59cb1c4-ad97-d91a-6731-e7b5f38951a6
2026-08-16 04:27:49.087283,49.0,8,1g.11gb,yolo-inference-755b67b9bb-ttrzf,default,yolo,580.173.02,GPU-d59cb1c4-ad97-d91a-6731-e7b5f38951a6
2026-08-16 04:27:49.087283,49.0,9,1g.11gb,yolo-inference-755b67b9bb-pwhtx,default,yolo,580.173.02,GPU-d59cb1c4-ad97-d91a-6731-e7b5f38951a6
2026-08-16 04:27:54.085203,49.0,10,1g.11gb,yolo-inference-755b67b9bb-sf8hz,default,yolo,580.173.02,GPU-d59cb1c4-ad97-d91a-6731-e7b5f38951a6
2026-08-16 04:27:54.085203,49.0,11,1g.11gb,yolo-inference-755b67b9bb-mdq5n,default,yolo,580.173.02,GPU-d59cb1c4-ad97-d91a-6731-e7b5f38951a6
2026-08-16 04:27:54.085203,49.0,12,1g.11gb,yolo-inference-755b67b9bb-l2sjx,default,yolo,580.173.02,GPU-d59cb1c4-ad97-d91a-6731-e7b5f38951a6
2026-08-16 04:27:54.085203,49.0,13,1g.11gb,yolo-inference-755b67b9bb-vgskt,default,yolo,580.173.02,GPU-d59cb1c4-ad97-d91a-6731-e7b5f38951a6
2026-08-16 04:27:54.085203,49.0,7,1g.11gb,,,,580.173.02,GPU-d59cb1c4-ad97-d91a-6731-e7b5f38951a6
2026-08-16 04:27:54.085203,49.0,8,1g.11gb,yolo-inference-755b67b9bb-ttrzf,default,yolo,580.173.02,GPU-d59cb1c4-ad97-d91a-6731-e7b5f38951a6
2026-08-16 04:27:54.085203,49.0,9,1g.11gb,yolo-inference-755b67b9bb-pwhtx,default,yolo,580.173.02,GPU-d59cb1c4-ad97-d91a-6731-e7b5f38951a6
2026-08-16 04:27:59.083686,49.0,10,1g.11gb,yolo-inference-755b67b9bb-sf8hz,default,yolo,580.173.02,GPU-d59cb1c4-ad97-d91a-6731-e7b5f38951a6
2026-08-16 04:27:59.083686,49.0,11,1g.11gb,yolo-inference-755b67b9bb-mdq5n,default,yolo,580.173.02,GPU-d59cb1c4-ad97-d91a-6731-e7b5f38951a6
2026-08-16 04:27:59.083686,49.0,12,1g.11gb,yolo-inference-755b67b9bb-l2sjx,default,yolo,580.173.02,GPU-d59cb1c4-ad97-d91a-6731-e7b5f38951a6
2026-08-16 04:27:59.083686,49.0,13,1g.11gb,yolo-inference-755b67b9bb-vgskt,default,yolo,580.173.02,GPU-d59cb1c4-ad97-d91a-6731-e7b5f38951a6
2026-08-16 04:27:59.083686,49.0,7,1g.11gb,,,,580.173.02,GPU-d59cb1c4-ad97-d91a-6731-e7b5f38951a6
2026-08-16 04:27:59.083686,49.0,8,1g.11gb,yolo-inference-755b67b9bb-ttrzf,default,yolo,580.173.02,GPU-d59cb1c4-ad97-d91a-6731-e7b5f38951a6
2026-08-16 04:27:59.083686,49.0,9,1g.11gb,yolo-inference-755b67b9bb-pwhtx,default,yolo,580.173.02,GPU-d59cb1c4-ad97-d91a-6731-e7b5f38951a6
2026-08-16 04:28:04.085407,49.0,10,1g.11gb,yolo-inference-755b67b9bb-sf8hz,default,yolo,580.173.02,GPU-d59cb1c4-ad97-d91a-6731-e7b5f38951a6
2026-08-16 04:28:04.085407,49.0,11,1g.11gb,yolo-inference-755b67b9bb-mdq5n,default,yolo,580.173.02,GPU-d59cb1c4-ad97-d91a-6731-e7b5f38951a6
2026-08-16 04:28:04.085407,49.0,12,1g.11gb,yolo-inference-755b67b9bb-l2sjx,default,yolo,580.173.02,GPU-d59cb1c4-ad97-d91a-6731-e7b5f38951a6
2026-08-16 04:28:04.085407,49.0,13,1g.11gb,yolo-inference-755b67b9bb-vgskt,default,yolo,580.173.02,GPU-d59cb1c4-ad97-d91a-6731-e7b5f38951a6
2026-08-16 04:28:04.085407,49.0,7,1g.11gb,,,,580.173.02,GPU-d59cb1c4-ad97-d91a-6731-e7b5f38951a6
2026-08-16 04:28:04.085407,49.0,8,1g.11gb,yolo-inference-755b67b9bb-ttrzf,default,yolo,580.173.02,GPU-d59cb1c4-ad97-d91a-6731-e7b5f38951a6
2026-08-16 04:28:04.085407,49.0,9,1g.11gb,yolo-inference-755b67b9bb-pwhtx,default,yolo,580.173.02,GPU-d59cb1c4-ad97-d91a-6731-e7b5f38951a6
2026-08-16 04:28:09.083989,49.0,10,1g.11gb,yolo-inference-755b67b9bb-sf8hz,default,yolo,580.173.02,GPU-d59cb1c4-ad97-d91a-6731-e7b5f38951a6
2026-08-16 04:28:09.083989,49.0,11,1g.11gb,yolo-inference-755b67b9bb-mdq5n,default,yolo,580.173.02,GPU-d59cb1c4-ad97-d91a-6731-e7b5f38951a6
2026-08-16 04:28:09.083989,49.0,12,1g.11gb,yolo-inference-755b67b9bb-l2sjx,default,yolo,580.173.02,GPU-d59cb1c4-ad97-d91a-6731-e7b5f38951a6
2026-08-16 04:28:09.083989,49.0,13,1g.11gb,yolo-inference-755b67b9bb-vgskt,default,yolo,580.173.02,GPU-d59cb1c4-ad97-d91a-6731-e7b5f38951a6
2026-08-16 04:28:09.083989,49.0,7,1g.11gb,,,,580.173.02,GPU-d59cb1c4-ad97-d91a-6731-e7b5f38951a6
2026-08-16 04:28:09.083989,49.0,8,1g.11gb,yolo-inference-755b67b9bb-ttrzf,default,yolo,580.173.02,GPU-d59cb1c4-ad97-d91a-6731-e7b5f38951a6
2026-08-16 04:28:09.083989,49.0,9,1g.11gb,yolo-inference-755b67b9bb-pwhtx,default,yolo,580.173.02,GPU-d59cb1c4-ad97-d91a-6731-e7b5f38951a6
2026-08-16 04:28:14.087896,49.0,10,1g.11gb,yolo-inference-755b67b9bb-sf8hz,default,yolo,580.173.02,GPU-d59cb1c4-ad97-d91a-6731-e7b5f38951a6
2026-08-16 04:28:14.087896,49.0,11,1g.11gb,yolo-inference-755b67b9bb-mdq5n,default,yolo,580.173.02,GPU-d59cb1c4-ad97-d91a-6731-e7b5f38951a6
2026-08-16 04:28:14.087896,49.0,12,1g.11gb,yolo-inference-755b67b9bb-l2sjx,default,yolo,580.173.02,GPU-d59cb1c4-ad97-d91a-6731-e7b5f38951a6
2026-08-16 04:28:14.087896,49.0,13,1g.11gb,yolo-inference-755b67b9bb-vgskt,default,yolo,580.173.02,GPU-d59cb1c4-ad97-d91a-6731-e7b5f38951a6
2026-08-16 04:28:14.087896,49.0,7,1g.11gb,,,,580.173.02,GPU-d59cb1c4-ad97-d91a-6731-e7b5f38951a6
2026-08-16 04:28:14.087896,49.0,8,1g.11gb,yolo-inference-755b67b9bb-ttrzf,default,yolo,580.173.02,GPU-d59cb1c4-ad97-d91a-6731-e7b5f38951a6
2026-08-16 04:28:14.087896,49.0,9,1g.11gb,yolo-inference-755b67b9bb-pwhtx,default,yolo,580.173.02,GPU-d59cb1c4-ad97-d91a-6731-e7b5f38951a6
2026-08-16 04:28:19.088041,49.0,10,1g.11gb,yolo-inference-755b67b9bb-sf8hz,default,yolo,580.173.02,GPU-d59cb1c4-ad97-d91a-6731-e7b5f38951a6
2026-08-16 04:28:19.088041,49.0,11,1g.11gb,yolo-inference-755b67b9bb-mdq5n,default,yolo,580.173.02,GPU-d59cb1c4-ad97-d91a-6731-e7b5f38951a6
2026-08-16 04:28:19.088041,49.0,12,1g.11gb,yolo-inference-755b67b9bb-l2sjx,default,yolo,580.173.02,GPU-d59cb1c4-ad97-d91a-6731-e7b5f38951a6
2026-08-16 04:28:19.088041,49.0,13,1g.11gb,yolo-inference-755b67b9bb-vgskt,default,yolo,580.173.02,GPU-d59cb1c4-ad97-d91a-6731-e7b5f38951a6
2026-08-16 04:28:19.088041,49.0,7,1g.11gb,,,,580.173.02,GPU-d59cb1c4-ad97-d91a-6731-e7b5f38951a6
2026-08-16 04:28:19.088041,49.0,8,1g.11gb,yolo-inference-755b67b9bb-ttrzf,default,yolo,580.173.02,GPU-d59cb1c4-ad97-d91a-6731-e7b5f38951a6
2026-08-16 04:28:19.088041,49.0,9,1g.11gb,yolo-inference-755b67b9bb-pwhtx,default,yolo,580.173.02,GPU-d59cb1c4-ad97-d91a-6731-e7b5f38951a6
2026-08-16 04:28:24.088025,49.0,10,1g.11gb,yolo-inference-755b67b9bb-sf8hz,default,yolo,580.173.02,GPU-d59cb1c4-ad97-d91a-6731-e7b5f38951a6
2026-08-16 04:28:24.088025,49.0,11,1g.11gb,yolo-inference-755b67b9bb-mdq5n,default,yolo,580.173.02,GPU-d59cb1c4-ad97-d91a-6731-e7b5f38951a6
2026-08-16 04:28:24.088025,49.0,12,1g.11gb,yolo-inference-755b67b9bb-l2sjx,default,yolo,580.173.02,GPU-d59cb1c4-ad97-d91a-6731-e7b5f38951a6
2026-08-16 04:28:24.088025,49.0,13,1g.11gb,yolo-inference-755b67b9bb-vgskt,default,yolo,580.173.02,GPU-d59cb1c4-ad97-d91a-6731-e7b5f38951a6
2026-08-16 04:28:24.088025,49.0,7,1g.11gb,,,,580.173.02,GPU-d59cb1c4-ad97-d91a-6731-e7b5f38951a6
2026-08-16 04:28:24.088025,49.0,8,1g.11gb,yolo-inference-755b67b9bb-ttrzf,default,yolo,580.173.02,GPU-d59cb1c4-ad97-d91a-6731-e7b5f38951a6
2026-08-16 04:28:24.088025,49.0,9,1g.11gb,yolo-inference-755b67b9bb-pwhtx,default,yolo,580.173.02,GPU-d59cb1c4-ad97-d91a-6731-e7b5f38951a6
2026-08-16 04:28:29.085700,49.0,10,1g.11gb,yolo-inference-755b67b9bb-sf8hz,default,yolo,580.173.02,GPU-d59cb1c4-ad97-d91a-6731-e7b5f38951a6
2026-08-16 04:28:29.085700,49.0,11,1g.11gb,yolo-inference-755b67b9bb-mdq5n,default,yolo,580.173.02,GPU-d59cb1c4-ad97-d91a-6731-e7b5f38951a6
2026-08-16 04:28:29.085700,49.0,12,1g.11gb,yolo-inference-755b67b9bb-l2sjx,default,yolo,580.173.02,GPU-d59cb1c4-ad97-d91a-6731-e7b5f38951a6
2026-08-16 04:28:29.085700,49.0,13,1g.11gb,yolo-inference-755b67b9bb-vgskt,default,yolo,580.173.02,GPU-d59cb1c4-ad97-d91a-6731-e7b5f38951a6
2026-08-16 04:28:29.085700,49.0,7,1g.11gb,,,,580.173.02,GPU-d59cb1c4-ad97-d91a-6731-e7b5f38951a6
2026-08-16 04:28:29.085700,49.0,8,1g.11gb,yolo-inference-755b67b9bb-ttrzf,default,yolo,580.173.02,GPU-d59cb1c4-ad97-d91a-6731-e7b5f38951a6
2026-08-16 04:28:29.085700,49.0,9,1g.11gb,yolo-inference-755b67b9bb-pwhtx,default,yolo,580.173.02,GPU-d59cb1c4-ad97-d91a-6731-e7b5f38951a6
2026-08-16 04:28:34.088013,49.0,10,1g.11gb,yolo-inference-755b67b9bb-sf8hz,default,yolo,580.173.02,GPU-d59cb1c4-ad97-d91a-6731-e7b5f38951a6
2026-08-16 04:28:34.088013,49.0,11,1g.11gb,yolo-inference-755b67b9bb-mdq5n,default,yolo,580.173.02,GPU-d59cb1c4-ad97-d91a-6731-e7b5f38951a6
2026-08-16 04:28:34.088013,49.0,12,1g.11gb,yolo-inference-755b67b9bb-l2sjx,default,yolo,580.173.02,GPU-d59cb1c4-ad97-d91a-6731-e7b5f38951a6
2026-08-16 04:28:34.088013,49.0,13,1g.11gb,yolo-inference-755b67b9bb-vgskt,default,yolo,580.173.02,GPU-d59cb1c4-ad97-d91a-6731-e7b5f38951a6
2026-08-16 04:28:34.088013,49.0,7,1g.11gb,,,,580.173.02,GPU-d59cb1c4-ad97-d91a-6731-e7b5f38951a6
2026-08-16 04:28:34.088013,49.0,8,1g.11gb,yolo-inference-755b67b9bb-ttrzf,default,yolo,580.173.02,GPU-d59cb1c4-ad97-d91a-6731-e7b5f38951a6
2026-08-16 04:28:34.088013,49.0,9,1g.11gb,yolo-inference-755b67b9bb-pwhtx,default,yolo,580.173.02,GPU-d59cb1c4-ad97-d91a-6731-e7b5f38951a6
2026-08-16 04:28:39.087783,49.0,10,1g.11gb,yolo-inference-755b67b9bb-sf8hz,default,yolo,580.173.02,GPU-d59cb1c4-ad97-d91a-6731-e7b5f38951a6
2026-08-16 04:28:39.087783,49.0,11,1g.11gb,yolo-inference-755b67b9bb-mdq5n,default,yolo,580.173.02,GPU-d59cb1c4-ad97-d91a-6731-e7b5f38951a6
2026-08-16 04:28:39.087783,49.0,12,1g.11gb,yolo-inference-755b67b9bb-l2sjx,default,yolo,580.173.02,GPU-d59cb1c4-ad97-d91a-6731-e7b5f38951a6
2026-08-16 04:28:39.087783,49.0,13,1g.11gb,yolo-inference-755b67b9bb-vgskt,default,yolo,580.173.02,GPU-d59cb1c4-ad97-d91a-6731-e7b5f38951a6
2026-08-16 04:28:39.087783,49.0,7,1g.11gb,,,,580.173.02,GPU-d59cb1c4-ad97-d91a-6731-e7b5f38951a6
2026-08-16 04:28:39.087783,49.0,8,1g.11gb,yolo-inference-755b67b9bb-ttrzf,default,yolo,580.173.02,GPU-d59cb1c4-ad97-d91a-6731-e7b5f38951a6
2026-08-16 04:28:39.087783,49.0,9,1g.11gb,yolo-inference-755b67b9bb-pwhtx,default,yolo,580.173.02,GPU-d59cb1c4-ad97-d91a-6731-e7b5f38951a6
2026-08-16 04:28:44.088020,49.0,10,1g.11gb,yolo-inference-755b67b9bb-sf8hz,default,yolo,580.173.02,GPU-d59cb1c4-ad97-d91a-6731-e7b5f38951a6
2026-08-16 04:28:44.088020,49.0,11,1g.11gb,yolo-inference-755b67b9bb-mdq5n,default,yolo,580.173.02,GPU-d59cb1c4-ad97-d91a-6731-e7b5f38951a6
2026-08-16 04:28:44.088020,49.0,12,1g.11gb,yolo-inference-755b67b9bb-l2sjx,default,yolo,580.173.02,GPU-d59cb1c4-ad97-d91a-6731-e7b5f38951a6
2026-08-16 04:28:44.088020,49.0,13,1g.11gb,yolo-inference-755b67b9bb-vgskt,default,yolo,580.173.02,GPU-d59cb1c4-ad97-d91a-6731-e7b5f38951a6
2026-08-16 04:28:44.088020,49.0,7,1g.11gb,,,,580.173.02,GPU-d59cb1c4-ad97-d91a-6731-e7b5f38951a6
2026-08-16 04:28:44.088020,49.0,8,1g.11gb,yolo-inference-755b67b9bb-ttrzf,default,yolo,580.173.02,GPU-d59cb1c4-ad97-d91a-6731-e7b5f38951a6
2026-08-16 04:28:44.088020,49.0,9,1g.11gb,yolo-inference-755b67b9bb-pwhtx,default,yolo,580.173.02,GPU-d59cb1c4-ad97-d91a-6731-e7b5f38951a6
2026-08-16 04:28:49.087182,49.0,10,1g.11gb,yolo-inference-755b67b9bb-sf8hz,default,yolo,580.173.02,GPU-d59cb1c4-ad97-d91a-6731-e7b5f38951a6
2026-08-16 04:28:49.087182,49.0,11,1g.11gb,yolo-inference-755b67b9bb-mdq5n,default,yolo,580.173.02,GPU-d59cb1c4-ad97-d91a-6731-e7b5f38951a6
2026-08-16 04:28:49.087182,49.0,12,1g.11gb,yolo-inference-755b67b9bb-l2sjx,default,yolo,580.173.02,GPU-d59cb1c4-ad97-d91a-6731-e7b5f38951a6
2026-08-16 04:28:49.087182,49.0,13,1g.11gb,yolo-inference-755b67b9bb-vgskt,default,yolo,580.173.02,GPU-d59cb1c4-ad97-d91a-6731-e7b5f38951a6
2026-08-16 04:28:49.087182,49.0,7,1g.11gb,,,,580.173.02,GPU-d59cb1c4-ad97-d91a-6731-e7b5f38951a6
2026-08-16 04:28:49.087182,49.0,8,1g.11gb,yolo-inference-755b67b9bb-ttrzf,default,yolo,580.173.02,GPU-d59cb1c4-ad97-d91a-6731-e7b5f38951a6
2026-08-16 04:28:49.087182,49.0,9,1g.11gb,yolo-inference-755b67b9bb-pwhtx,default,yolo,580.173.02,GPU-d59cb1c4-ad97-d91a-6731-e7b5f38951a6
2026-08-16 04:28:54.088029,49.0,10,1g.11gb,yolo-inference-755b67b9bb-sf8hz,default,yolo,580.173.02,GPU-d59cb1c4-ad97-d91a-6731-e7b5f38951a6
2026-08-16 04:28:54.088029,49.0,11,1g.11gb,yolo-inference-755b67b9bb-mdq5n,default,yolo,580.173.02,GPU-d59cb1c4-ad97-d91a-6731-e7b5f38951a6
2026-08-16 04:28:54.088029,49.0,12,1g.11gb,yolo-inference-755b67b9bb-l2sjx,default,yolo,580.173.02,GPU-d59cb1c4-ad97-d91a-6731-e7b5f38951a6
2026-08-16 04:28:54.088029,49.0,13,1g.11gb,yolo-inference-755b67b9bb-vgskt,default,yolo,580.173.02,GPU-d59cb1c4-ad97-d91a-6731-e7b5f38951a6
2026-08-16 04:28:54.088029,49.0,7,1g.11gb,,,,580.173.02,GPU-d59cb1c4-ad97-d91a-6731-e7b5f38951a6
2026-08-16 04:28:54.088029,49.0,8,1g.11gb,yolo-inference-755b67b9bb-ttrzf,default,yolo,580.173.02,GPU-d59cb1c4-ad97-d91a-6731-e7b5f38951a6
2026-08-16 04:28:54.088029,49.0,9,1g.11gb,yolo-inference-755b67b9bb-pwhtx,default,yolo,580.173.02,GPU-d59cb1c4-ad97-d91a-6731-e7b5f38951a6
2026-08-16 04:28:59.083430,49.0,10,1g.11gb,yolo-inference-755b67b9bb-sf8hz,default,yolo,580.173.02,GPU-d59cb1c4-ad97-d91a-6731-e7b5f38951a6
2026-08-16 04:28:59.083430,49.0,11,1g.11gb,yolo-inference-755b67b9bb-mdq5n,default,yolo,580.173.02,GPU-d59cb1c4-ad97-d91a-6731-e7b5f38951a6
2026-08-16 04:28:59.083430,49.0,12,1g.11gb,yolo-inference-755b67b9bb-l2sjx,default,yolo,580.173.02,GPU-d59cb1c4-ad97-d91a-6731-e7b5f38951a6
2026-08-16 04:28:59.083430,49.0,13,1g.11gb,yolo-inference-755b67b9bb-vgskt,default,yolo,580.173.02,GPU-d59cb1c4-ad97-d91a-6731-e7b5f38951a6
2026-08-16 04:28:59.083430,49.0,7,1g.11gb,,,,580.173.02,GPU-d59cb1c4-ad97-d91a-6731-e7b5f38951a6
2026-08-16 04:28:59.083430,49.0,8,1g.11gb,yolo-inference-755b67b9bb-ttrzf,default,yolo,580.173.02,GPU-d59cb1c4-ad97-d91a-6731-e7b5f38951a6
2026-08-16 04:28:59.083430,49.0,9,1g.11gb,yolo-inference-755b67b9bb-pwhtx,default,yolo,580.173.02,GPU-d59cb1c4-ad97-d91a-6731-e7b5f38951a6
2026-08-16 04:29:04.084032,49.0,10,1g.11gb,yolo-inference-755b67b9bb-sf8hz,default,yolo,580.173.02,GPU-d59cb1c4-ad97-d91a-6731-e7b5f38951a6
2026-08-16 04:29:04.084032,49.0,11,1g.11gb,yolo-inference-755b67b9bb-mdq5n,default,yolo,580.173.02,GPU-d59cb1c4-ad97-d91a-6731-e7b5f38951a6
2026-08-16 04:29:04.084032,49.0,12,1g.11gb,yolo-inference-755b67b9bb-l2sjx,default,yolo,580.173.02,GPU-d59cb1c4-ad97-d91a-6731-e7b5f38951a6
2026-08-16 04:29:04.084032,49.0,13,1g.11gb,yolo-inference-755b67b9bb-vgskt,default,yolo,580.173.02,GPU-d59cb1c4-ad97-d91a-6731-e7b5f38951a6
2026-08-16 04:29:04.084032,49.0,7,1g.11gb,,,,580.173.02,GPU-d59cb1c4-ad97-d91a-6731-e7b5f38951a6
2026-08-16 04:29:04.084032,49.0,8,1g.11gb,yolo-inference-755b67b9bb-ttrzf,default,yolo,580.173.02,GPU-d59cb1c4-ad97-d91a-6731-e7b5f38951a6
2026-08-16 04:29:04.084032,49.0,9,1g.11gb,yolo-inference-755b67b9bb-pwhtx,default,yolo,580.173.02,GPU-d59cb1c4-ad97-d91a-6731-e7b5f38951a6
2026-08-16 04:29:09.088014,49.0,10,1g.11gb,yolo-inference-755b67b9bb-sf8hz,default,yolo,580.173.02,GPU-d59cb1c4-ad97-d91a-6731-e7b5f38951a6
2026-08-16 04:29:09.088014,49.0,11,1g.11gb,yolo-inference-755b67b9bb-mdq5n,default,yolo,580.173.02,GPU-d59cb1c4-ad97-d91a-6731-e7b5f38951a6
2026-08-16 04:29:09.088014,49.0,12,1g.11gb,yolo-inference-755b67b9bb-l2sjx,default,yolo,580.173.02,GPU-d59cb1c4-ad97-d91a-6731-e7b5f38951a6
2026-08-16 04:29:09.088014,49.0,13,1g.11gb,yolo-inference-755b67b9bb-vgskt,default,yolo,580.173.02,GPU-d59cb1c4-ad97-d91a-6731-e7b5f38951a6
2026-08-16 04:29:09.088014,49.0,7,1g.11gb,,,,580.173.02,GPU-d59cb1c4-ad97-d91a-6731-e7b5f38951a6
2026-08-16 04:29:09.088014,49.0,8,1g.11gb,yolo-inference-755b67b9bb-ttrzf,default,yolo,580.173.02,GPU-d59cb1c4-ad97-d91a-6731-e7b5f38951a6
2026-08-16 04:29:09.088014,49.0,9,1g.11gb,yolo-inference-755b67b9bb-pwhtx,default,yolo,580.173.02,GPU-d59cb1c4-ad97-d91a-6731-e7b5f38951a6
2026-08-16 04:29:14.088028,49.0,10,1g.11gb,yolo-inference-755b67b9bb-sf8hz,default,yolo,580.173.02,GPU-d59cb1c4-ad97-d91a-6731-e7b5f38951a6
2026-08-16 04:29:14.088028,49.0,11,1g.11gb,yolo-inference-755b67b9bb-mdq5n,default,yolo,580.173.02,GPU-d59cb1c4-ad97-d91a-6731-e7b5f38951a6
2026-08-16 04:29:14.088028,49.0,12,1g.11gb,yolo-inference-755b67b9bb-l2sjx,default,yolo,580.173.02,GPU-d59cb1c4-ad97-d91a-6731-e7b5f38951a6
2026-08-16 04:29:14.088028,49.0,13,1g.11gb,yolo-inference-755b67b9bb-vgskt,default,yolo,580.173.02,GPU-d59cb1c4-ad97-d91a-6731-e7b5f38951a6
2026-08-16 04:29:14.088028,49.0,7,1g.11gb,,,,580.173.02,GPU-d59cb1c4-ad97-d91a-6731-e7b5f38951a6
2026-08-16 04:29:14.088028,49.0,8,1g.11gb,yolo-inference-755b67b9bb-ttrzf,default,yolo,580.173.02,GPU-d59cb1c4-ad97-d91a-6731-e7b5f38951a6
2026-08-16 04:29:14.088028,49.0,9,1g.11gb,yolo-inference-755b67b9bb-pwhtx,default,yolo,580.173.02,GPU-d59cb1c4-ad97-d91a-6731-e7b5f38951a6
2026-08-16 04:29:19.083737,49.0,10,1g.11gb,yolo-inference-755b67b9bb-sf8hz,default,yolo,580.173.02,GPU-d59cb1c4-ad97-d91a-6731-e7b5f38951a6
2026-08-16 04:29:19.083737,49.0,11,1g.11gb,yolo-inference-755b67b9bb-mdq5n,default,yolo,580.173.02,GPU-d59cb1c4-ad97-d91a-6731-e7b5f38951a6
2026-08-16 04:29:19.083737,49.0,12,1g.11gb,yolo-inference-755b67b9bb-l2sjx,default,yolo,580.173.02,GPU-d59cb1c4-ad97-d91a-6731-e7b5f38951a6
2026-08-16 04:29:19.083737,49.0,13,1g.11gb,yolo-inference-755b67b9bb-vgskt,default,yolo,580.173.02,GPU-d59cb1c4-ad97-d91a-6731-e7b5f38951a6
2026-08-16 04:29:19.083737,49.0,7,1g.11gb,,,,580.173.02,GPU-d59cb1c4-ad97-d91a-6731-e7b5f38951a6
2026-08-16 04:29:19.083737,49.0,8,1g.11gb,yolo-inference-755b67b9bb-ttrzf,default,yolo,580.173.02,GPU-d59cb1c4-ad97-d91a-6731-e7b5f38951a6
2026-08-16 04:29:19.083737,49.0,9,1g.11gb,yolo-inference-755b67b9bb-pwhtx,default,yolo,580.173.02,GPU-d59cb1c4-ad97-d91a-6731-e7b5f38951a6
2026-08-16 04:29:24.084028,49.0,10,1g.11gb,yolo-inference-755b67b9bb-sf8hz,default,yolo,580.173.02,GPU-d59cb1c4-ad97-d91a-6731-e7b5f38951a6
2026-08-16 04:29:24.084028,49.0,11,1g.11gb,yolo-inference-755b67b9bb-mdq5n,default,yolo,580.173.02,GPU-d59cb1c4-ad97-d91a-6731-e7b5f38951a6
2026-08-16 04:29:24.084028,49.0,12,1g.11gb,yolo-inference-755b67b9bb-l2sjx,default,yolo,580.173.02,GPU-d59cb1c4-ad97-d91a-6731-e7b5f38951a6
2026-08-16 04:29:24.084028,49.0,13,1g.11gb,yolo-inference-755b67b9bb-vgskt,default,yolo,580.173.02,GPU-d59cb1c4-ad97-d91a-6731-e7b5f38951a6
2026-08-16 04:29:24.084028,49.0,7,1g.11gb,,,,580.173.02,GPU-d59cb1c4-ad97-d91a-6731-e7b5f38951a6
2026-08-16 04:29:24.084028,49.0,8,1g.11gb,yolo-inference-755b67b9bb-ttrzf,default,yolo,580.173.02,GPU-d59cb1c4-ad97-d91a-6731-e7b5f38951a6
2026-08-16 04:29:24.084028,49.0,9,1g.11gb,yolo-inference-755b67b9bb-pwhtx,default,yolo,580.173.02,GPU-d59cb1c4-ad97-d91a-6731-e7b5f38951a6
2026-08-16 04:29:29.088032,49.0,10,1g.11gb,yolo-inference-755b67b9bb-sf8hz,default,yolo,580.173.02,GPU-d59cb1c4-ad97-d91a-6731-e7b5f38951a6
2026-08-16 04:29:29.088032,49.0,11,1g.11gb,yolo-inference-755b67b9bb-mdq5n,default,yolo,580.173.02,GPU-d59cb1c4-ad97-d91a-6731-e7b5f38951a6
2026-08-16 04:29:29.088032,49.0,12,1g.11gb,yolo-inference-755b67b9bb-l2sjx,default,yolo,580.173.02,GPU-d59cb1c4-ad97-d91a-6731-e7b5f38951a6
2026-08-16 04:29:29.088032,49.0,13,1g.11gb,yolo-inference-755b67b9bb-vgskt,default,yolo,580.173.02,GPU-d59cb1c4-ad97-d91a-6731-e7b5f38951a6
2026-08-16 04:29:29.088032,49.0,7,1g.11gb,,,,580.173.02,GPU-d59cb1c4-ad97-d91a-6731-e7b5f38951a6
2026-08-16 04:29:29.088032,49.0,8,1g.11gb,yolo-inference-755b67b9bb-ttrzf,default,yolo,580.173.02,GPU-d59cb1c4-ad97-d91a-6731-e7b5f38951a6
2026-08-16 04:29:29.088032,49.0,9,1g.11gb,yolo-inference-755b67b9bb-pwhtx,default,yolo,580.173.02,GPU-d59cb1c4-ad97-d91a-6731-e7b5f38951a6
2026-08-16 04:29:34.088017,49.0,10,1g.11gb,yolo-inference-755b67b9bb-sf8hz,default,yolo,580.173.02,GPU-d59cb1c4-ad97-d91a-6731-e7b5f38951a6
2026-08-16 04:29:34.088017,49.0,11,1g.11gb,yolo-inference-755b67b9bb-mdq5n,default,yolo,580.173.02,GPU-d59cb1c4-ad97-d91a-6731-e7b5f38951a6
2026-08-16 04:29:34.088017,49.0,12,1g.11gb,yolo-inference-755b67b9bb-l2sjx,default,yolo,580.173.02,GPU-d59cb1c4-ad97-d91a-6731-e7b5f38951a6
2026-08-16 04:29:34.088017,49.0,13,1g.11gb,yolo-inference-755b67b9bb-vgskt,default,yolo,580.173.02,GPU-d59cb1c4-ad97-d91a-6731-e7b5f38951a6
2026-08-16 04:29:34.088017,49.0,7,1g.11gb,,,,580.173.02,GPU-d59cb1c4-ad97-d91a-6731-e7b5f38951a6
2026-08-16 04:29:34.088017,49.0,8,1g.11gb,yolo-inference-755b67b9bb-ttrzf,default,yolo,580.173.02,GPU-d59cb1c4-ad97-d91a-6731-e7b5f38951a6
2026-08-16 04:29:34.088017,49.0,9,1g.11gb,yolo-inference-755b67b9bb-pwhtx,default,yolo,580.173.02,GPU-d59cb1c4-ad97-d91a-6731-e7b5f38951a6
2026-08-16 04:29:39.088025,49.0,10,1g.11gb,yolo-inference-755b67b9bb-sf8hz,default,yolo,580.173.02,GPU-d59cb1c4-ad97-d91a-6731-e7b5f38951a6
2026-08-16 04:29:39.088025,49.0,11,1g.11gb,yolo-inference-755b67b9bb-mdq5n,default,yolo,580.173.02,GPU-d59cb1c4-ad97-d91a-6731-e7b5f38951a6
2026-08-16 04:29:39.088025,49.0,12,1g.11gb,yolo-inference-755b67b9bb-l2sjx,default,yolo,580.173.02,GPU-d59cb1c4-ad97-d91a-6731-e7b5f38951a6
2026-08-16 04:29:39.088025,49.0,13,1g.11gb,yolo-inference-755b67b9bb-vgskt,default,yolo,580.173.02,GPU-d59cb1c4-ad97-d91a-6731-e7b5f38951a6
2026-08-16 04:29:39.088025,49.0,7,1g.11gb,,,,580.173.02,GPU-d59cb1c4-ad97-d91a-6731-e7b5f38951a6
2026-08-16 04:29:39.088025,49.0,8,1g.11gb,yolo-inference-755b67b9bb-ttrzf,default,yolo,580.173.02,GPU-d59cb1c4-ad97-d91a-6731-e7b5f38951a6
2026-08-16 04:29:39.088025,49.0,9,1g.11gb,yolo-inference-755b67b9bb-pwhtx,default,yolo,580.173.02,GPU-d59cb1c4-ad97-d91a-6731-e7b5f38951a6
2026-08-16 04:29:44.084257,49.0,10,1g.11gb,yolo-inference-755b67b9bb-sf8hz,default,yolo,580.173.02,GPU-d59cb1c4-ad97-d91a-6731-e7b5f38951a6
2026-08-16 04:29:44.084257,49.0,11,1g.11gb,yolo-inference-755b67b9bb-mdq5n,default,yolo,580.173.02,GPU-d59cb1c4-ad97-d91a-6731-e7b5f38951a6
2026-08-16 04:29:44.084257,49.0,12,1g.11gb,yolo-inference-755b67b9bb-l2sjx,default,yolo,580.173.02,GPU-d59cb1c4-ad97-d91a-6731-e7b5f38951a6
2026-08-16 04:29:44.084257,49.0,13,1g.11gb,yolo-inference-755b67b9bb-vgskt,default,yolo,580.173.02,GPU-d59cb1c4-ad97-d91a-6731-e7b5f38951a6
2026-08-16 04:29:44.084257,49.0,7,1g.11gb,,,,580.173.02,GPU-d59cb1c4-ad97-d91a-6731-e7b5f38951a6
2026-08-16 04:29:44.084257,49.0,8,1g.11gb,yolo-inference-755b67b9bb-ttrzf,default,yolo,580.173.02,GPU-d59cb1c4-ad97-d91a-6731-e7b5f38951a6
2026-08-16 04:29:44.084257,49.0,9,1g.11gb,yolo-inference-755b67b9bb-pwhtx,default,yolo,580.173.02,GPU-d59cb1c4-ad97-d91a-6731-e7b5f38951a6
2026-08-16 04:29:49.088025,49.0,10,1g.11gb,yolo-inference-755b67b9bb-sf8hz,default,yolo,580.173.02,GPU-d59cb1c4-ad97-d91a-6731-e7b5f38951a6
2026-08-16 04:29:49.088025,49.0,11,1g.11gb,yolo-inference-755b67b9bb-mdq5n,default,yolo,580.173.02,GPU-d59cb1c4-ad97-d91a-6731-e7b5f38951a6
2026-08-16 04:29:49.088025,49.0,12,1g.11gb,yolo-inference-755b67b9bb-l2sjx,default,yolo,580.173.02,GPU-d59cb1c4-ad97-d91a-6731-e7b5f38951a6
2026-08-16 04:29:49.088025,49.0,13,1g.11gb,yolo-inference-755b67b9bb-vgskt,default,yolo,580.173.02,GPU-d59cb1c4-ad97-d91a-6731-e7b5f38951a6
2026-08-16 04:29:49.088025,49.0,7,1g.11gb,,,,580.173.02,GPU-d59cb1c4-ad97-d91a-6731-e7b5f38951a6
2026-08-16 04:29:49.088025,49.0,8,1g.11gb,yolo-inference-755b67b9bb-ttrzf,default,yolo,580.173.02,GPU-d59cb1c4-ad97-d91a-6731-e7b5f38951a6
2026-08-16 04:29:49.088025,49.0,9,1g.11gb,yolo-inference-755b67b9bb-pwhtx,default,yolo,580.173.02,GPU-d59cb1c4-ad97-d91a-6731-e7b5f38951a6
2026-08-16 04:29:54.088017,49.0,10,1g.11gb,yolo-inference-755b67b9bb-sf8hz,default,yolo,580.173.02,GPU-d59cb1c4-ad97-d91a-6731-e7b5f38951a6
2026-08-16 04:29:54.088017,49.0,11,1g.11gb,yolo-inference-755b67b9bb-mdq5n,default,yolo,580.173.02,GPU-d59cb1c4-ad97-d91a-6731-e7b5f38951a6
2026-08-16 04:29:54.088017,49.0,12,1g.11gb,yolo-inference-755b67b9bb-l2sjx,default,yolo,580.173.02,GPU-d59cb1c4-ad97-d91a-6731-e7b5f38951a6
2026-08-16 04:29:54.088017,49.0,13,1g.11gb,yolo-inference-755b67b9bb-vgskt,default,yolo,580.173.02,GPU-d59cb1c4-ad97-d91a-6731-e7b5f38951a6
2026-08-16 04:29:54.088017,49.0,7,1g.11gb,,,,580.173.02,GPU-d59cb1c4-ad97-d91a-6731-e7b5f38951a6
2026-08-16 04:29:54.088017,49.0,8,1g.11gb,yolo-inference-755b67b9bb-ttrzf,default,yolo,580.173.02,GPU-d59cb1c4-ad97-d91a-6731-e7b5f38951a6
2026-08-16 04:29:54.088017,49.0,9,1g.11gb,yolo-inference-755b67b9bb-pwhtx,default,yolo,580.173.02,GPU-d59cb1c4-ad97-d91a-6731-e7b5f38951a6
2026-08-16 04:29:59.088044,49.0,10,1g.11gb,yolo-inference-755b67b9bb-sf8hz,default,yolo,580.173.02,GPU-d59cb1c4-ad97-d91a-6731-e7b5f38951a6
2026-08-16 04:29:59.088044,49.0,11,1g.11gb,yolo-inference-755b67b9bb-mdq5n,default,yolo,580.173.02,GPU-d59cb1c4-ad97-d91a-6731-e7b5f38951a6
2026-08-16 04:29:59.088044,49.0,12,1g.11gb,yolo-inference-755b67b9bb-l2sjx,default,yolo,580.173.02,GPU-d59cb1c4-ad97-d91a-6731-e7b5f38951a6
2026-08-16 04:29:59.088044,49.0,13,1g.11gb,yolo-inference-755b67b9bb-vgskt,default,yolo,580.173.02,GPU-d59cb1c4-ad97-d91a-6731-e7b5f38951a6
2026-08-16 04:29:59.088044,49.0,7,1g.11gb,,,,580.173.02,GPU-d59cb1c4-ad97-d91a-6731-e7b5f38951a6
2026-08-16 04:29:59.088044,49.0,8,1g.11gb,yolo-inference-755b67b9bb-ttrzf,default,yolo,580.173.02,GPU-d59cb1c4-ad97-d91a-6731-e7b5f38951a6
2026-08-16 04:29:59.088044,49.0,9,1g.11gb,yolo-inference-755b67b9bb-pwhtx,default,yolo,580.173.02,GPU-d59cb1c4-ad97-d91a-6731-e7b5f38951a6
2026-08-16 04:30:04.088018,49.0,10,1g.11gb,yolo-inference-755b67b9bb-sf8hz,default,yolo,580.173.02,GPU-d59cb1c4-ad97-d91a-6731-e7b5f38951a6
2026-08-16 04:30:04.088018,49.0,11,1g.11gb,yolo-inference-755b67b9bb-mdq5n,default,yolo,580.173.02,GPU-d59cb1c4-ad97-d91a-6731-e7b5f38951a6
2026-08-16 04:30:04.088018,49.0,12,1g.11gb,yolo-inference-755b67b9bb-l2sjx,default,yolo,580.173.02,GPU-d59cb1c4-ad97-d91a-6731-e7b5f38951a6
2026-08-16 04:30:04.088018,49.0,13,1g.11gb,yolo-inference-755b67b9bb-vgskt,default,yolo,580.173.02,GPU-d59cb1c4-ad97-d91a-6731-e7b5f38951a6
2026-08-16 04:30:04.088018,49.0,7,1g.11gb,,,,580.173.02,GPU-d59cb1c4-ad97-d91a-6731-e7b5f38951a6
2026-08-16 04:30:04.088018,49.0,8,1g.11gb,yolo-inference-755b67b9bb-ttrzf,default,yolo,580.173.02,GPU-d59cb1c4-ad97-d91a-6731-e7b5f38951a6
2026-08-16 04:30:04.088018,49.0,9,1g.11gb,yolo-inference-755b67b9bb-pwhtx,default,yolo,580.173.02,GPU-d59cb1c4-ad97-d91a-6731-e7b5f38951a6
2026-08-16 04:30:09.087883,49.0,10,1g.11gb,yolo-inference-755b67b9bb-sf8hz,default,yolo,580.173.02,GPU-d59cb1c4-ad97-d91a-6731-e7b5f38951a6
2026-08-16 04:30:09.087883,49.0,11,1g.11gb,yolo-inference-755b67b9bb-mdq5n,default,yolo,580.173.02,GPU-d59cb1c4-ad97-d91a-6731-e7b5f38951a6
2026-08-16 04:30:09.087883,49.0,12,1g.11gb,yolo-inference-755b67b9bb-l2sjx,default,yolo,580.173.02,GPU-d59cb1c4-ad97-d91a-6731-e7b5f38951a6
2026-08-16 04:30:09.087883,49.0,13,1g.11gb,yolo-inference-755b67b9bb-vgskt,default,yolo,580.173.02,GPU-d59cb1c4-ad97-d91a-6731-e7b5f38951a6
2026-08-16 04:30:09.087883,49.0,7,1g.11gb,,,,580.173.02,GPU-d59cb1c4-ad97-d91a-6731-e7b5f38951a6
2026-08-16 04:30:09.087883,49.0,8,1g.11gb,yolo-inference-755b67b9bb-ttrzf,default,yolo,580.173.02,GPU-d59cb1c4-ad97-d91a-6731-e7b5f38951a6
2026-08-16 04:30:09.087883,49.0,9,1g.11gb,yolo-inference-755b67b9bb-pwhtx,default,yolo,580.173.02,GPU-d59cb1c4-ad97-d91a-6731-e7b5f38951a6
2026-08-16 04:30:14.087464,49.0,10,1g.11gb,yolo-inference-755b67b9bb-sf8hz,default,yolo,580.173.02,GPU-d59cb1c4-ad97-d91a-6731-e7b5f38951a6
2026-08-16 04:30:14.087464,49.0,11,1g.11gb,yolo-inference-755b67b9bb-mdq5n,default,yolo,580.173.02,GPU-d59cb1c4-ad97-d91a-6731-e7b5f38951a6
2026-08-16 04:30:14.087464,49.0,12,1g.11gb,yolo-inference-755b67b9bb-l2sjx,default,yolo,580.173.02,GPU-d59cb1c4-ad97-d91a-6731-e7b5f38951a6
2026-08-16 04:30:14.087464,49.0,13,1g.11gb,yolo-inference-755b67b9bb-vgskt,default,yolo,580.173.02,GPU-d59cb1c4-ad97-d91a-6731-e7b5f38951a6
2026-08-16 04:30:14.087464,49.0,7,1g.11gb,,,,580.173.02,GPU-d59cb1c4-ad97-d91a-6731-e7b5f38951a6
2026-08-16 04:30:14.087464,49.0,8,1g.11gb,yolo-inference-755b67b9bb-ttrzf,default,yolo,580.173.02,GPU-d59cb1c4-ad97-d91a-6731-e7b5f38951a6
2026-08-16 04:30:14.087464,49.0,9,1g.11gb,yolo-inference-755b67b9bb-pwhtx,default,yolo,580.173.02,GPU-d59cb1c4-ad97-d91a-6731-e7b5f38951a6
2026-08-16 04:30:19.088214,49.0,10,1g.11gb,yolo-inference-755b67b9bb-sf8hz,default,yolo,580.173.02,GPU-d59cb1c4-ad97-d91a-6731-e7b5f38951a6
2026-08-16 04:30:19.088214,49.0,11,1g.11gb,yolo-inference-755b67b9bb-mdq5n,default,yolo,580.173.02,GPU-d59cb1c4-ad97-d91a-6731-e7b5f38951a6
2026-08-16 04:30:19.088214,49.0,12,1g.11gb,yolo-inference-755b67b9bb-l2sjx,default,yolo,580.173.02,GPU-d59cb1c4-ad97-d91a-6731-e7b5f38951a6
2026-08-16 04:30:19.088214,49.0,13,1g.11gb,yolo-inference-755b67b9bb-vgskt,default,yolo,580.173.02,GPU-d59cb1c4-ad97-d91a-6731-e7b5f38951a6
2026-08-16 04:30:19.088214,49.0,7,1g.11gb,,,,580.173.02,GPU-d59cb1c4-ad97-d91a-6731-e7b5f38951a6
2026-08-16 04:30:19.088214,49.0,8,1g.11gb,yolo-inference-755b67b9bb-ttrzf,default,yolo,580.173.02,GPU-d59cb1c4-ad97-d91a-6731-e7b5f38951a6
2026-08-16 04:30:19.088214,49.0,9,1g.11gb,yolo-inference-755b67b9bb-pwhtx,default,yolo,580.173.02,GPU-d59cb1c4-ad97-d91a-6731-e7b5f38951a6
2026-08-16 04:30:24.085290,49.0,10,1g.11gb,yolo-inference-755b67b9bb-sf8hz,default,yolo,580.173.02,GPU-d59cb1c4-ad97-d91a-6731-e7b5f38951a6
2026-08-16 04:30:24.085290,49.0,11,1g.11gb,yolo-inference-755b67b9bb-mdq5n,default,yolo,580.173.02,GPU-d59cb1c4-ad97-d91a-6731-e7b5f38951a6
2026-08-16 04:30:24.085290,49.0,12,1g.11gb,yolo-inference-755b67b9bb-l2sjx,default,yolo,580.173.02,GPU-d59cb1c4-ad97-d91a-6731-e7b5f38951a6
2026-08-16 04:30:24.085290,49.0,13,1g.11gb,yolo-inference-755b67b9bb-vgskt,default,yolo,580.173.02,GPU-d59cb1c4-ad97-d91a-6731-e7b5f38951a6
2026-08-16 04:30:24.085290,49.0,7,1g.11gb,,,,580.173.02,GPU-d59cb1c4-ad97-d91a-6731-e7b5f38951a6
2026-08-16 04:30:24.085290,49.0,8,1g.11gb,yolo-inference-755b67b9bb-ttrzf,default,yolo,580.173.02,GPU-d59cb1c4-ad97-d91a-6731-e7b5f38951a6
2026-08-16 04:30:24.085290,49.0,9,1g.11gb,yolo-inference-755b67b9bb-pwhtx,default,yolo,580.173.02,GPU-d59cb1c4-ad97-d91a-6731-e7b5f38951a6
2026-08-16 04:30:29.083386,49.0,10,1g.11gb,yolo-inference-755b67b9bb-sf8hz,default,yolo,580.173.02,GPU-d59cb1c4-ad97-d91a-6731-e7b5f38951a6
2026-08-16 04:30:29.083386,49.0,11,1g.11gb,yolo-inference-755b67b9bb-mdq5n,default,yolo,580.173.02,GPU-d59cb1c4-ad97-d91a-6731-e7b5f38951a6
2026-08-16 04:30:29.083386,49.0,12,1g.11gb,yolo-inference-755b67b9bb-l2sjx,default,yolo,580.173.02,GPU-d59cb1c4-ad97-d91a-6731-e7b5f38951a6
2026-08-16 04:30:29.083386,49.0,13,1g.11gb,yolo-inference-755b67b9bb-vgskt,default,yolo,580.173.02,GPU-d59cb1c4-ad97-d91a-6731-e7b5f38951a6
2026-08-16 04:30:29.083386,49.0,7,1g.11gb,,,,580.173.02,GPU-d59cb1c4-ad97-d91a-6731-e7b5f38951a6
2026-08-16 04:30:29.083386,49.0,8,1g.11gb,yolo-inference-755b67b9bb-ttrzf,default,yolo,580.173.02,GPU-d59cb1c4-ad97-d91a-6731-e7b5f38951a6
2026-08-16 04:30:29.083386,49.0,9,1g.11gb,yolo-inference-755b67b9bb-pwhtx,default,yolo,580.173.02,GPU-d59cb1c4-ad97-d91a-6731-e7b5f38951a6
2026-08-16 04:30:34.088069,49.0,10,1g.11gb,yolo-inference-755b67b9bb-sf8hz,default,yolo,580.173.02,GPU-d59cb1c4-ad97-d91a-6731-e7b5f38951a6
2026-08-16 04:30:34.088069,49.0,11,1g.11gb,yolo-inference-755b67b9bb-mdq5n,default,yolo,580.173.02,GPU-d59cb1c4-ad97-d91a-6731-e7b5f38951a6
2026-08-16 04:30:34.088069,49.0,12,1g.11gb,yolo-inference-755b67b9bb-l2sjx,default,yolo,580.173.02,GPU-d59cb1c4-ad97-d91a-6731-e7b5f38951a6
2026-08-16 04:30:34.088069,49.0,13,1g.11gb,yolo-inference-755b67b9bb-vgskt,default,yolo,580.173.02,GPU-d59cb1c4-ad97-d91a-6731-e7b5f38951a6
2026-08-16 04:30:34.088069,49.0,7,1g.11gb,,,,580.173.02,GPU-d59cb1c4-ad97-d91a-6731-e7b5f38951a6
2026-08-16 04:30:34.088069,49.0,8,1g.11gb,yolo-inference-755b67b9bb-ttrzf,default,yolo,580.173.02,GPU-d59cb1c4-ad97-d91a-6731-e7b5f38951a6
2026-08-16 04:30:34.088069,49.0,9,1g.11gb,yolo-inference-755b67b9bb-pwhtx,default,yolo,580.173.02,GPU-d59cb1c4-ad97-d91a-6731-e7b5f38951a6
2026-08-16 04:30:39.083745,49.0,10,1g.11gb,yolo-inference-755b67b9bb-sf8hz,default,yolo,580.173.02,GPU-d59cb1c4-ad97-d91a-6731-e7b5f38951a6
2026-08-16 04:30:39.083745,49.0,11,1g.11gb,yolo-inference-755b67b9bb-mdq5n,default,yolo,580.173.02,GPU-d59cb1c4-ad97-d91a-6731-e7b5f38951a6
2026-08-16 04:30:39.083745,49.0,12,1g.11gb,yolo-inference-755b67b9bb-l2sjx,default,yolo,580.173.02,GPU-d59cb1c4-ad97-d91a-6731-e7b5f38951a6
2026-08-16 04:30:39.083745,49.0,13,1g.11gb,yolo-inference-755b67b9bb-vgskt,default,yolo,580.173.02,GPU-d59cb1c4-ad97-d91a-6731-e7b5f38951a6
2026-08-16 04:30:39.083745,49.0,7,1g.11gb,,,,580.173.02,GPU-d59cb1c4-ad97-d91a-6731-e7b5f38951a6
2026-08-16 04:30:39.083745,49.0,8,1g.11gb,yolo-inference-755b67b9bb-ttrzf,default,yolo,580.173.02,GPU-d59cb1c4-ad97-d91a-6731-e7b5f38951a6
2026-08-16 04:30:39.083745,49.0,9,1g.11gb,yolo-inference-755b67b9bb-pwhtx,default,yolo,580.173.02,GPU-d59cb1c4-ad97-d91a-6731-e7b5f38951a6
2026-08-16 04:30:44.087883,49.0,10,1g.11gb,yolo-inference-755b67b9bb-sf8hz,default,yolo,580.173.02,GPU-d59cb1c4-ad97-d91a-6731-e7b5f38951a6
2026-08-16 04:30:44.087883,49.0,11,1g.11gb,yolo-inference-755b67b9bb-mdq5n,default,yolo,580.173.02,GPU-d59cb1c4-ad97-d91a-6731-e7b5f38951a6
2026-08-16 04:30:44.087883,49.0,12,1g.11gb,yolo-inference-755b67b9bb-l2sjx,default,yolo,580.173.02,GPU-d59cb1c4-ad97-d91a-6731-e7b5f38951a6
2026-08-16 04:30:44.087883,49.0,13,1g.11gb,yolo-inference-755b67b9bb-vgskt,default,yolo,580.173.02,GPU-d59cb1c4-ad97-d91a-6731-e7b5f38951a6
2026-08-16 04:30:44.087883,49.0,7,1g.11gb,,,,580.173.02,GPU-d59cb1c4-ad97-d91a-6731-e7b5f38951a6
2026-08-16 04:30:44.087883,49.0,8,1g.11gb,yolo-inference-755b67b9bb-ttrzf,default,yolo,580.173.02,GPU-d59cb1c4-ad97-d91a-6731-e7b5f38951a6
2026-08-16 04:30:44.087883,49.0,9,1g.11gb,yolo-inference-755b67b9bb-pwhtx,default,yolo,580.173.02,GPU-d59cb1c4-ad97-d91a-6731-e7b5f38951a6
2026-08-16 04:30:49.087074,49.0,10,1g.11gb,yolo-inference-755b67b9bb-sf8hz,default,yolo,580.173.02,GPU-d59cb1c4-ad97-d91a-6731-e7b5f38951a6
2026-08-16 04:30:49.087074,49.0,11,1g.11gb,yolo-inference-755b67b9bb-mdq5n,default,yolo,580.173.02,GPU-d59cb1c4-ad97-d91a-6731-e7b5f38951a6
2026-08-16 04:30:49.087074,49.0,12,1g.11gb,yolo-inference-755b67b9bb-l2sjx,default,yolo,580.173.02,GPU-d59cb1c4-ad97-d91a-6731-e7b5f38951a6
2026-08-16 04:30:49.087074,49.0,13,1g.11gb,yolo-inference-755b67b9bb-vgskt,default,yolo,580.173.02,GPU-d59cb1c4-ad97-d91a-6731-e7b5f38951a6
2026-08-16 04:30:49.087074,49.0,7,1g.11gb,,,,580.173.02,GPU-d59cb1c4-ad97-d91a-6731-e7b5f38951a6
2026-08-16 04:30:49.087074,49.0,8,1g.11gb,yolo-inference-755b67b9bb-ttrzf,default,yolo,580.173.02,GPU-d59cb1c4-ad97-d91a-6731-e7b5f38951a6
2026-08-16 04:30:49.087074,49.0,9,1g.11gb,yolo-inference-755b67b9bb-pwhtx,default,yolo,580.173.02,GPU-d59cb1c4-ad97-d91a-6731-e7b5f38951a6
2026-08-16 04:30:54.084396,49.0,10,1g.11gb,yolo-inference-755b67b9bb-sf8hz,default,yolo,580.173.02,GPU-d59cb1c4-ad97-d91a-6731-e7b5f38951a6
2026-08-16 04:30:54.084396,49.0,11,1g.11gb,yolo-inference-755b67b9bb-mdq5n,default,yolo,580.173.02,GPU-d59cb1c4-ad97-d91a-6731-e7b5f38951a6
2026-08-16 04:30:54.084396,49.0,12,1g.11gb,yolo-inference-755b67b9bb-l2sjx,default,yolo,580.173.02,GPU-d59cb1c4-ad97-d91a-6731-e7b5f38951a6
2026-08-16 04:30:54.084396,49.0,13,1g.11gb,yolo-inference-755b67b9bb-vgskt,default,yolo,580.173.02,GPU-d59cb1c4-ad97-d91a-6731-e7b5f38951a6
2026-08-16 04:30:54.084396,49.0,7,1g.11gb,,,,580.173.02,GPU-d59cb1c4-ad97-d91a-6731-e7b5f38951a6
2026-08-16 04:30:54.084396,49.0,8,1g.11gb,yolo-inference-755b67b9bb-ttrzf,default,yolo,580.173.02,GPU-d59cb1c4-ad97-d91a-6731-e7b5f38951a6
2026-08-16 04:30:54.084396,49.0,9,1g.11gb,yolo-inference-755b67b9bb-pwhtx,default,yolo,580.173.02,GPU-d59cb1c4-ad97-d91a-6731-e7b5f38951a6
2026-08-16 04:30:59.087450,49.0,10,1g.11gb,yolo-inference-755b67b9bb-sf8hz,default,yolo,580.173.02,GPU-d59cb1c4-ad97-d91a-6731-e7b5f38951a6
2026-08-16 04:30:59.087450,49.0,11,1g.11gb,yolo-inference-755b67b9bb-mdq5n,default,yolo,580.173.02,GPU-d59cb1c4-ad97-d91a-6731-e7b5f38951a6
2026-08-16 04:30:59.087450,49.0,12,1g.11gb,yolo-inference-755b67b9bb-l2sjx,default,yolo,580.173.02,GPU-d59cb1c4-ad97-d91a-6731-e7b5f38951a6
2026-08-16 04:30:59.087450,49.0,13,1g.11gb,yolo-inference-755b67b9bb-vgskt,default,yolo,580.173.02,GPU-d59cb1c4-ad97-d91a-6731-e7b5f38951a6
2026-08-16 04:30:59.087450,49.0,7,1g.11gb,,,,580.173.02,GPU-d59cb1c4-ad97-d91a-6731-e7b5f38951a6
2026-08-16 04:30:59.087450,49.0,8,1g.11gb,yolo-inference-755b67b9bb-ttrzf,default,yolo,580.173.02,GPU-d59cb1c4-ad97-d91a-6731-e7b5f38951a6
2026-08-16 04:30:59.087450,49.0,9,1g.11gb,yolo-inference-755b67b9bb-pwhtx,default,yolo,580.173.02,GPU-d59cb1c4-ad97-d91a-6731-e7b5f38951a6
2026-08-16 04:31:04.083742,49.0,10,1g.11gb,yolo-inference-755b67b9bb-sf8hz,default,yolo,580.173.02,GPU-d59cb1c4-ad97-d91a-6731-e7b5f38951a6
2026-08-16 04:31:04.083742,49.0,11,1g.11gb,yolo-inference-755b67b9bb-mdq5n,default,yolo,580.173.02,GPU-d59cb1c4-ad97-d91a-6731-e7b5f38951a6
2026-08-16 04:31:04.083742,49.0,12,1g.11gb,yolo-inference-755b67b9bb-l2sjx,default,yolo,580.173.02,GPU-d59cb1c4-ad97-d91a-6731-e7b5f38951a6
2026-08-16 04:31:04.083742,49.0,13,1g.11gb,yolo-inference-755b67b9bb-vgskt,default,yolo,580.173.02,GPU-d59cb1c4-ad97-d91a-6731-e7b5f38951a6
2026-08-16 04:31:04.083742,49.0,7,1g.11gb,,,,580.173.02,GPU-d59cb1c4-ad97-d91a-6731-e7b5f38951a6
2026-08-16 04:31:04.083742,49.0,8,1g.11gb,yolo-inference-755b67b9bb-ttrzf,default,yolo,580.173.02,GPU-d59cb1c4-ad97-d91a-6731-e7b5f38951a6
2026-08-16 04:31:04.083742,49.0,9,1g.11gb,yolo-inference-755b67b9bb-pwhtx,default,yolo,580.173.02,GPU-d59cb1c4-ad97-d91a-6731-e7b5f38951a6
2026-08-16 04:31:09.084007,49.0,10,1g.11gb,yolo-inference-755b67b9bb-sf8hz,default,yolo,580.173.02,GPU-d59cb1c4-ad97-d91a-6731-e7b5f38951a6
2026-08-16 04:31:09.084007,49.0,11,1g.11gb,yolo-inference-755b67b9bb-mdq5n,default,yolo,580.173.02,GPU-d59cb1c4-ad97-d91a-6731-e7b5f38951a6
2026-08-16 04:31:09.084007,49.0,12,1g.11gb,yolo-inference-755b67b9bb-l2sjx,default,yolo,580.173.02,GPU-d59cb1c4-ad97-d91a-6731-e7b5f38951a6
2026-08-16 04:31:09.084007,49.0,13,1g.11gb,yolo-inference-755b67b9bb-vgskt,default,yolo,580.173.02,GPU-d59cb1c4-ad97-d91a-6731-e7b5f38951a6
2026-08-16 04:31:09.084007,49.0,7,1g.11gb,,,,580.173.02,GPU-d59cb1c4-ad97-d91a-6731-e7b5f38951a6
2026-08-16 04:31:09.084007,49.0,8,1g.11gb,yolo-inference-755b67b9bb-ttrzf,default,yolo,580.173.02,GPU-d59cb1c4-ad97-d91a-6731-e7b5f38951a6
2026-08-16 04:31:09.084007,49.0,9,1g.11gb,yolo-inference-755b67b9bb-pwhtx,default,yolo,580.173.02,GPU-d59cb1c4-ad97-d91a-6731-e7b5f38951a6
2026-08-16 04:31:14.088028,49.0,10,1g.11gb,yolo-inference-755b67b9bb-sf8hz,default,yolo,580.173.02,GPU-d59cb1c4-ad97-d91a-6731-e7b5f38951a6
2026-08-16 04:31:14.088028,49.0,11,1g.11gb,yolo-inference-755b67b9bb-mdq5n,default,yolo,580.173.02,GPU-d59cb1c4-ad97-d91a-6731-e7b5f38951a6
2026-08-16 04:31:14.088028,49.0,12,1g.11gb,yolo-inference-755b67b9bb-l2sjx,default,yolo,580.173.02,GPU-d59cb1c4-ad97-d91a-6731-e7b5f38951a6
2026-08-16 04:31:14.088028,49.0,13,1g.11gb,yolo-inference-755b67b9bb-vgskt,default,yolo,580.173.02,GPU-d59cb1c4-ad97-d91a-6731-e7b5f38951a6
2026-08-16 04:31:14.088028,49.0,7,1g.11gb,,,,580.173.02,GPU-d59cb1c4-ad97-d91a-6731-e7b5f38951a6
2026-08-16 04:31:14.088028,49.0,8,1g.11gb,yolo-inference-755b67b9bb-ttrzf,default,yolo,580.173.02,GPU-d59cb1c4-ad97-d91a-6731-e7b5f38951a6
2026-08-16 04:31:14.088028,49.0,9,1g.11gb,yolo-inference-755b67b9bb-pwhtx,default,yolo,580.173.02,GPU-d59cb1c4-ad97-d91a-6731-e7b5f38951a6
2026-08-16 04:31:19.088027,49.0,10,1g.11gb,yolo-inference-755b67b9bb-sf8hz,default,yolo,580.173.02,GPU-d59cb1c4-ad97-d91a-6731-e7b5f38951a6
2026-08-16 04:31:19.088027,49.0,11,1g.11gb,yolo-inference-755b67b9bb-mdq5n,default,yolo,580.173.02,GPU-d59cb1c4-ad97-d91a-6731-e7b5f38951a6
2026-08-16 04:31:19.088027,49.0,12,1g.11gb,yolo-inference-755b67b9bb-l2sjx,default,yolo,580.173.02,GPU-d59cb1c4-ad97-d91a-6731-e7b5f38951a6
2026-08-16 04:31:19.088027,49.0,13,1g.11gb,yolo-inference-755b67b9bb-vgskt,default,yolo,580.173.02,GPU-d59cb1c4-ad97-d91a-6731-e7b5f38951a6
2026-08-16 04:31:19.088027,49.0,7,1g.11gb,,,,580.173.02,GPU-d59cb1c4-ad97-d91a-6731-e7b5f38951a6
2026-08-16 04:31:19.088027,49.0,8,1g.11gb,yolo-inference-755b67b9bb-ttrzf,default,yolo,580.173.02,GPU-d59cb1c4-ad97-d91a-6731-e7b5f38951a6
2026-08-16 04:31:19.088027,49.0,9,1g.11gb,yolo-inference-755b67b9bb-pwhtx,default,yolo,580.173.02,GPU-d59cb1c4-ad97-d91a-6731-e7b5f38951a6
2026-08-16 04:31:24.088025,49.0,10,1g.11gb,yolo-inference-755b67b9bb-sf8hz,default,yolo,580.173.02,GPU-d59cb1c4-ad97-d91a-6731-e7b5f38951a6
2026-08-16 04:31:24.088025,49.0,11,1g.11gb,yolo-inference-755b67b9bb-mdq5n,default,yolo,580.173.02,GPU-d59cb1c4-ad97-d91a-6731-e7b5f38951a6
2026-08-16 04:31:24.088025,49.0,12,1g.11gb,yolo-inference-755b67b9bb-l2sjx,default,yolo,580.173.02,GPU-d59cb1c4-ad97-d91a-6731-e7b5f38951a6
2026-08-16 04:31:24.088025,49.0,13,1g.11gb,yolo-inference-755b67b9bb-vgskt,default,yolo,580.173.02,GPU-d59cb1c4-ad97-d91a-6731-e7b5f38951a6
2026-08-16 04:31:24.088025,49.0,7,1g.11gb,,,,580.173.02,GPU-d59cb1c4-ad97-d91a-6731-e7b5f38951a6
2026-08-16 04:31:24.088025,49.0,8,1g.11gb,yolo-inference-755b67b9bb-ttrzf,default,yolo,580.173.02,GPU-d59cb1c4-ad97-d91a-6731-e7b5f38951a6
2026-08-16 04:31:24.088025,49.0,9,1g.11gb,yolo-inference-755b67b9bb-pwhtx,default,yolo,580.173.02,GPU-d59cb1c4-ad97-d91a-6731-e7b5f38951a6
2026-08-16 04:31:29.088023,49.0,10,1g.11gb,yolo-inference-755b67b9bb-sf8hz,default,yolo,580.173.02,GPU-d59cb1c4-ad97-d91a-6731-e7b5f38951a6
2026-08-16 04:31:29.088023,49.0,11,1g.11gb,yolo-inference-755b67b9bb-mdq5n,default,yolo,580.173.02,GPU-d59cb1c4-ad97-d91a-6731-e7b5f38951a6
2026-08-16 04:31:29.088023,49.0,12,1g.11gb,yolo-inference-755b67b9bb-l2sjx,default,yolo,580.173.02,GPU-d59cb1c4-ad97-d91a-6731-e7b5f38951a6
2026-08-16 04:31:29.088023,49.0,13,1g.11gb,yolo-inference-755b67b9bb-vgskt,default,yolo,580.173.02,GPU-d59cb1c4-ad97-d91a-6731-e7b5f38951a6
2026-08-16 04:31:29.088023,49.0,7,1g.11gb,,,,580.173.02,GPU-d59cb1c4-ad97-d91a-6731-e7b5f38951a6
2026-08-16 04:31:29.088023,49.0,8,1g.11gb,yolo-inference-755b67b9bb-ttrzf,default,yolo,580.173.02,GPU-d59cb1c4-ad97-d91a-6731-e7b5f38951a6
2026-08-16 04:31:29.088023,49.0,9,1g.11gb,yolo-inference-755b67b9bb-pwhtx,default,yolo,580.173.02,GPU-d59cb1c4-ad97-d91a-6731-e7b5f38951a6
2026-08-16 04:31:34.083706,49.0,10,1g.11gb,yolo-inference-755b67b9bb-sf8hz,default,yolo,580.173.02,GPU-d59cb1c4-ad97-d91a-6731-e7b5f38951a6
2026-08-16 04:31:34.083706,49.0,11,1g.11gb,yolo-inference-755b67b9bb-mdq5n,default,yolo,580.173.02,GPU-d59cb1c4-ad97-d91a-6731-e7b5f38951a6
2026-08-16 04:31:34.083706,49.0,12,1g.11gb,yolo-inference-755b67b9bb-l2sjx,default,yolo,580.173.02,GPU-d59cb1c4-ad97-d91a-6731-e7b5f38951a6
2026-08-16 04:31:34.083706,49.0,13,1g.11gb,yolo-inference-755b67b9bb-vgskt,default,yolo,580.173.02,GPU-d59cb1c4-ad97-d91a-6731-e7b5f38951a6
2026-08-16 04:31:34.083706,49.0,7,1g.11gb,,,,580.173.02,GPU-d59cb1c4-ad97-d91a-6731-e7b5f38951a6
2026-08-16 04:31:34.083706,49.0,8,1g.11gb,yolo-inference-755b67b9bb-ttrzf,default,yolo,580.173.02,GPU-d59cb1c4-ad97-d91a-6731-e7b5f38951a6
2026-08-16 04:31:34.083706,49.0,9,1g.11gb,yolo-inference-755b67b9bb-pwhtx,default,yolo,580.173.02,GPU-d59cb1c4-ad97-d91a-6731-e7b5f38951a6
2026-08-16 04:31:39.086414,49.0,10,1g.11gb,yolo-inference-755b67b9bb-sf8hz,default,yolo,580.173.02,GPU-d59cb1c4-ad97-d91a-6731-e7b5f38951a6
2026-08-16 04:31:39.086414,49.0,11,1g.11gb,yolo-inference-755b67b9bb-mdq5n,default,yolo,580.173.02,GPU-d59cb1c4-ad97-d91a-6731-e7b5f38951a6
2026-08-16 04:31:39.086414,49.0,12,1g.11gb,yolo-inference-755b67b9bb-l2sjx,default,yolo,580.173.02,GPU-d59cb1c4-ad97-d91a-6731-e7b5f38951a6
2026-08-16 04:31:39.086414,49.0,13,1g.11gb,yolo-inference-755b67b9bb-vgskt,default,yolo,580.173.02,GPU-d59cb1c4-ad97-d91a-6731-e7b5f38951a6
2026-08-16 04:31:39.086414,49.0,7,1g.11gb,,,,580.173.02,GPU-d59cb1c4-ad97-d91a-6731-e7b5f38951a6
2026-08-16 04:31:39.086414,49.0,8,1g.11gb,yolo-inference-755b67b9bb-ttrzf,default,yolo,580.173.02,GPU-d59cb1c4-ad97-d91a-6731-e7b5f38951a6
2026-08-16 04:31:39.086414,49.0,9,1g.11gb,yolo-inference-755b67b9bb-pwhtx,default,yolo,580.173.02,GPU-d59cb1c4-ad97-d91a-6731-e7b5f38951a6
2026-08-16 04:31:44.085375,49.0,10,1g.11gb,yolo-inference-755b67b9bb-sf8hz,default,yolo,580.173.02,GPU-d59cb1c4-ad97-d91a-6731-e7b5f38951a6
2026-08-16 04:31:44.085375,49.0,11,1g.11gb,yolo-inference-755b67b9bb-mdq5n,default,yolo,580.173.02,GPU-d59cb1c4-ad97-d91a-6731-e7b5f38951a6
2026-08-16 04:31:44.085375,49.0,12,1g.11gb,yolo-inference-755b67b9bb-l2sjx,default,yolo,580.173.02,GPU-d59cb1c4-ad97-d91a-6731-e7b5f38951a6
2026-08-16 04:31:44.085375,49.0,13,1g.11gb,yolo-inference-755b67b9bb-vgskt,default,yolo,580.173.02,GPU-d59cb1c4-ad97-d91a-6731-e7b5f38951a6
2026-08-16 04:31:44.085375,49.0,7,1g.11gb,,,,580.173.02,GPU-d59cb1c4-ad97-d91a-6731-e7b5f38951a6
2026-08-16 04:31:44.085375,49.0,8,1g.11gb,yolo-inference-755b67b9bb-ttrzf,default,yolo,580.173.02,GPU-d59cb1c4-ad97-d91a-6731-e7b5f38951a6
2026-08-16 04:31:44.085375,49.0,9,1g.11gb,yolo-inference-755b67b9bb-pwhtx,default,yolo,580.173.02,GPU-d59cb1c4-ad97-d91a-6731-e7b5f38951a6
2026-08-16 04:31:49.088031,49.0,10,1g.11gb,yolo-inference-755b67b9bb-sf8hz,default,yolo,580.173.02,GPU-d59cb1c4-ad97-d91a-6731-e7b5f38951a6
2026-08-16 04:31:49.088031,49.0,11,1g.11gb,yolo-inference-755b67b9bb-mdq5n,default,yolo,580.173.02,GPU-d59cb1c4-ad97-d91a-6731-e7b5f38951a6
2026-08-16 04:31:49.088031,49.0,12,1g.11gb,yolo-inference-755b67b9bb-l2sjx,default,yolo,580.173.02,GPU-d59cb1c4-ad97-d91a-6731-e7b5f38951a6
2026-08-16 04:31:49.088031,49.0,13,1g.11gb,yolo-inference-755b67b9bb-vgskt,default,yolo,580.173.02,GPU-d59cb1c4-ad97-d91a-6731-e7b5f38951a6
2026-08-16 04:31:49.088031,49.0,7,1g.11gb,,,,580.173.02,GPU-d59cb1c4-ad97-d91a-6731-e7b5f38951a6
2026-08-16 04:31:49.088031,49.0,8,1g.11gb,yolo-inference-755b67b9bb-ttrzf,default,yolo,580.173.02,GPU-d59cb1c4-ad97-d91a-6731-e7b5f38951a6
2026-08-16 04:31:49.088031,49.0,9,1g.11gb,yolo-inference-755b67b9bb-pwhtx,default,yolo,580.173.02,GPU-d59cb1c4-ad97-d91a-6731-e7b5f38951a6
2026-08-16 04:31:54.088022,49.0,10,1g.11gb,yolo-inference-755b67b9bb-sf8hz,default,yolo,580.173.02,GPU-d59cb1c4-ad97-d91a-6731-e7b5f38951a6
2026-08-16 04:31:54.088022,49.0,11,1g.11gb,yolo-inference-755b67b9bb-mdq5n,default,yolo,580.173.02,GPU-d59cb1c4-ad97-d91a-6731-e7b5f38951a6
2026-08-16 04:31:54.088022,49.0,12,1g.11gb,yolo-inference-755b67b9bb-l2sjx,default,yolo,580.173.02,GPU-d59cb1c4-ad97-d91a-6731-e7b5f38951a6
2026-08-16 04:31:54.088022,49.0,13,1g.11gb,yolo-inference-755b67b9bb-vgskt,default,yolo,580.173.02,GPU-d59cb1c4-ad97-d91a-6731-e7b5f38951a6
2026-08-16 04:31:54.088022,49.0,7,1g.11gb,,,,580.173.02,GPU-d59cb1c4-ad97-d91a-6731-e7b5f38951a6
2026-08-16 04:31:54.088022,49.0,8,1g.11gb,yolo-inference-755b67b9bb-ttrzf,default,yolo,580.173.02,GPU-d59cb1c4-ad97-d91a-6731-e7b5f38951a6
2026-08-16 04:31:54.088022,49.0,9,1g.11gb,yolo-inference-755b67b9bb-pwhtx,default,yolo,580.173.02,GPU-d59cb1c4-ad97-d91a-6731-e7b5f38951a6
2026-08-16 04:31:59.086115,49.0,10,1g.11gb,yolo-inference-755b67b9bb-sf8hz,default,yolo,580.173.02,GPU-d59cb1c4-ad97-d91a-6731-e7b5f38951a6
2026-08-16 04:31:59.086115,49.0,11,1g.11gb,yolo-inference-755b67b9bb-mdq5n,default,yolo,580.173.02,GPU-d59cb1c4-ad97-d91a-6731-e7b5f38951a6
2026-08-16 04:31:59.086115,49.0,12,1g.11gb,yolo-inference-755b67b9bb-l2sjx,default,yolo,580.173.02,GPU-d59cb1c4-ad97-d91a-6731-e7b5f38951a6
2026-08-16 04:31:59.086115,49.0,13,1g.11gb,yolo-inference-755b67b9bb-vgskt,default,yolo,580.173.02,GPU-d59cb1c4-ad97-d91a-6731-e7b5f38951a6
2026-08-16 04:31:59.086115,49.0,7,1g.11gb,,,,580.173.02,GPU-d59cb1c4-ad97-d91a-6731-e7b5f38951a6
2026-08-16 04:31:59.086115,49.0,8,1g.11gb,yolo-inference-755b67b9bb-ttrzf,default,yolo,580.173.02,GPU-d59cb1c4-ad97-d91a-6731-e7b5f38951a6
2026-08-16 04:31:59.086115,49.0,9,1g.11gb,yolo-inference-755b67b9bb-pwhtx,default,yolo,580.173.02,GPU-d59cb1c4-ad97-d91a-6731-e7b5f38951a6
2026-08-16 04:32:04.084036,49.0,10,1g.11gb,yolo-inference-755b67b9bb-sf8hz,default,yolo,580.173.02,GPU-d59cb1c4-ad97-d91a-6731-e7b5f38951a6
2026-08-16 04:32:04.084036,49.0,11,1g.11gb,yolo-inference-755b67b9bb-mdq5n,default,yolo,580.173.02,GPU-d59cb1c4-ad97-d91a-6731-e7b5f38951a6
2026-08-16 04:32:04.084036,49.0,12,1g.11gb,yolo-inference-755b67b9bb-l2sjx,default,yolo,580.173.02,GPU-d59cb1c4-ad97-d91a-6731-e7b5f38951a6
2026-08-16 04:32:04.084036,49.0,13,1g.11gb,yolo-inference-755b67b9bb-vgskt,default,yolo,580.173.02,GPU-d59cb1c4-ad97-d91a-6731-e7b5f38951a6
2026-08-16 04:32:04.084036,49.0,7,1g.11gb,,,,580.173.02,GPU-d59cb1c4-ad97-d91a-6731-e7b5f38951a6
2026-08-16 04:32:04.084036,49.0,8,1g.11gb,yolo-inference-755b67b9bb-ttrzf,default,yolo,580.173.02,GPU-d59cb1c4-ad97-d91a-6731-e7b5f38951a6
2026-08-16 04:32:04.084036,49.0,9,1g.11gb,yolo-inference-755b67b9bb-pwhtx,default,yolo,580.173.02,GPU-d59cb1c4-ad97-d91a-6731-e7b5f38951a6
2026-08-16 04:32:09.088042,49.0,10,1g.11gb,yolo-inference-755b67b9bb-sf8hz,default,yolo,580.173.02,GPU-d59cb1c4-ad97-d91a-6731-e7b5f38951a6
2026-08-16 04:32:09.088042,49.0,11,1g.11gb,yolo-inference-755b67b9bb-mdq5n,default,yolo,580.173.02,GPU-d59cb1c4-ad97-d91a-6731-e7b5f38951a6
2026-08-16 04:32:09.088042,49.0,12,1g.11gb,yolo-inference-755b67b9bb-l2sjx,default,yolo,580.173.02,GPU-d59cb1c4-ad97-d91a-6731-e7b5f38951a6
2026-08-16 04:32:09.088042,49.0,13,1g.11gb,yolo-inference-755b67b9bb-vgskt,default,yolo,580.173.02,GPU-d59cb1c4-ad97-d91a-6731-e7b5f38951a6
2026-08-16 04:32:09.088042,49.0,7,1g.11gb,,,,580.173.02,GPU-d59cb1c4-ad97-d91a-6731-e7b5f38951a6
2026-08-16 04:32:09.088042,49.0,8,1g.11gb,yolo-inference-755b67b9bb-ttrzf,default,yolo,580.173.02,GPU-d59cb1c4-ad97-d91a-6731-e7b5f38951a6
2026-08-16 04:32:09.088042,49.0,9,1g.11gb,yolo-inference-755b67b9bb-pwhtx,default,yolo,580.173.02,GPU-d59cb1c4-ad97-d91a-6731-e7b5f38951a6
2026-08-16 04:32:14.085291,49.0,10,1g.11gb,yolo-inference-755b67b9bb-sf8hz,default,yolo,580.173.02,GPU-d59cb1c4-ad97-d91a-6731-e7b5f38951a6
2026-08-16 04:32:14.085291,49.0,11,1g.11gb,yolo-inference-755b67b9bb-mdq5n,default,yolo,580.173.02,GPU-d59cb1c4-ad97-d91a-6731-e7b5f38951a6
2026-08-16 04:32:14.085291,49.0,12,1g.11gb,yolo-inference-755b67b9bb-l2sjx,default,yolo,580.173.02,GPU-d59cb1c4-ad97-d91a-6731-e7b5f38951a6
2026-08-16 04:32:14.085291,49.0,13,1g.11gb,yolo-inference-755b67b9bb-vgskt,default,yolo,580.173.02,GPU-d59cb1c4-ad97-d91a-6731-e7b5f38951a6
2026-08-16 04:32:14.085291,49.0,7,1g.11gb,,,,580.173.02,GPU-d59cb1c4-ad97-d91a-6731-e7b5f38951a6
2026-08-16 04:32:14.085291,49.0,8,1g.11gb,yolo-inference-755b67b9bb-ttrzf,default,yolo,580.173.02,GPU-d59cb1c4-ad97-d91a-6731-e7b5f38951a6
2026-08-16 04:32:14.085291,49.0,9,1g.11gb,yolo-inference-755b67b9bb-pwhtx,default,yolo,580.173.02,GPU-d59cb1c4-ad97-d91a-6731-e7b5f38951a6
2026-08-16 04:32:19.088028,49.0,10,1g.11gb,yolo-inference-755b67b9bb-sf8hz,default,yolo,580.173.02,GPU-d59cb1c4-ad97-d91a-6731-e7b5f38951a6
2026-08-16 04:32:19.088028,49.0,11,1g.11gb,yolo-inference-755b67b9bb-mdq5n,default,yolo,580.173.02,GPU-d59cb1c4-ad97-d91a-6731-e7b5f38951a6
2026-08-16 04:32:19.088028,49.0,12,1g.11gb,yolo-inference-755b67b9bb-l2sjx,default,yolo,580.173.02,GPU-d59cb1c4-ad97-d91a-6731-e7b5f38951a6
2026-08-16 04:32:19.088028,49.0,13,1g.11gb,yolo-inference-755b67b9bb-vgskt,default,yolo,580.173.02,GPU-d59cb1c4-ad97-d91a-6731-e7b5f38951a6
2026-08-16 04:32:19.088028,49.0,7,1g.11gb,,,,580.173.02,GPU-d59cb1c4-ad97-d91a-6731-e7b5f38951a6
2026-08-16 04:32:19.088028,49.0,8,1g.11gb,yolo-inference-755b67b9bb-ttrzf,default,yolo,580.173.02,GPU-d59cb1c4-ad97-d91a-6731-e7b5f38951a6
2026-08-16 04:32:19.088028,49.0,9,1g.11gb,yolo-inference-755b67b9bb-pwhtx,default,yolo,580.173.02,GPU-d59cb1c4-ad97-d91a-6731-e7b5f38951a6
2026-08-16 04:32:24.088017,49.0,10,1g.11gb,yolo-inference-755b67b9bb-sf8hz,default,yolo,580.173.02,GPU-d59cb1c4-ad97-d91a-6731-e7b5f38951a6
2026-08-16 04:32:24.088017,49.0,11,1g.11gb,yolo-inference-755b67b9bb-mdq5n,default,yolo,580.173.02,GPU-d59cb1c4-ad97-d91a-6731-e7b5f38951a6
2026-08-16 04:32:24.088017,49.0,12,1g.11gb,yolo-inference-755b67b9bb-l2sjx,default,yolo,580.173.02,GPU-d59cb1c4-ad97-d91a-6731-e7b5f38951a6
2026-08-16 04:32:24.088017,49.0,13,1g.11gb,yolo-inference-755b67b9bb-vgskt,default,yolo,580.173.02,GPU-d59cb1c4-ad97-d91a-6731-e7b5f38951a6
2026-08-16 04:32:24.088017,49.0,7,1g.11gb,,,,580.173.02,GPU-d59cb1c4-ad97-d91a-6731-e7b5f38951a6
2026-08-16 04:32:24.088017,49.0,8,1g.11gb,yolo-inference-755b67b9bb-ttrzf,default,yolo,580.173.02,GPU-d59cb1c4-ad97-d91a-6731-e7b5f38951a6
2026-08-16 04:32:24.088017,49.0,9,1g.11gb,yolo-inference-755b67b9bb-pwhtx,default,yolo,580.173.02,GPU-d59cb1c4-ad97-d91a-6731-e7b5f38951a6
2026-08-16 04:32:29.085780,49.0,10,1g.11gb,yolo-inference-755b67b9bb-sf8hz,default,yolo,580.173.02,GPU-d59cb1c4-ad97-d91a-6731-e7b5f38951a6
2026-08-16 04:32:29.085780,49.0,11,1g.11gb,yolo-inference-755b67b9bb-mdq5n,default,yolo,580.173.02,GPU-d59cb1c4-ad97-d91a-6731-e7b5f38951a6
2026-08-16 04:32:29.085780,49.0,12,1g.11gb,yolo-inference-755b67b9bb-l2sjx,default,yolo,580.173.02,GPU-d59cb1c4-ad97-d91a-6731-e7b5f38951a6
2026-08-16 04:32:29.085780,49.0,13,1g.11gb,yolo-inference-755b67b9bb-vgskt,default,yolo,580.173.02,GPU-d59cb1c4-ad97-d91a-6731-e7b5f38951a6
2026-08-16 04:32:29.085780,49.0,7,1g.11gb,,,,580.173.02,GPU-d59cb1c4-ad97-d91a-6731-e7b5f38951a6
2026-08-16 04:32:29.085780,49.0,8,1g.11gb,yolo-inference-755b67b9bb-ttrzf,default,yolo,580.173.02,GPU-d59cb1c4-ad97-d91a-6731-e7b5f38951a6
2026-08-16 04:32:29.085780,49.0,9,1g.11gb,yolo-inference-755b67b9bb-pwhtx,default,yolo,580.173.02,GPU-d59cb1c4-ad97-d91a-6731-e7b5f38951a6
2026-08-16 04:32:34.083448,49.0,10,1g.11gb,yolo-inference-755b67b9bb-sf8hz,default,yolo,580.173.02,GPU-d59cb1c4-ad97-d91a-6731-e7b5f38951a6
2026-08-16 04:32:34.083448,49.0,11,1g.11gb,yolo-inference-755b67b9bb-mdq5n,default,yolo,580.173.02,GPU-d59cb1c4-ad97-d91a-6731-e7b5f38951a6
2026-08-16 04:32:34.083448,49.0,12,1g.11gb,yolo-inference-755b67b9bb-l2sjx,default,yolo,580.173.02,GPU-d59cb1c4-ad97-d91a-6731-e7b5f38951a6
2026-08-16 04:32:34.083448,49.0,13,1g.11gb,yolo-inference-755b67b9bb-vgskt,default,yolo,580.173.02,GPU-d59cb1c4-ad97-d91a-6731-e7b5f38951a6
2026-08-16 04:32:34.083448,49.0,7,1g.11gb,,,,580.173.02,GPU-d59cb1c4-ad97-d91a-6731-e7b5f38951a6
2026-08-16 04:32:34.083448,49.0,8,1g.11gb,yolo-inference-755b67b9bb-ttrzf,default,yolo,580.173.02,GPU-d59cb1c4-ad97-d91a-6731-e7b5f38951a6
2026-08-16 04:32:34.083448,49.0,9,1g.11gb,yolo-inference-755b67b9bb-pwhtx,default,yolo,580.173.02,GPU-d59cb1c4-ad97-d91a-6731-e7b5f38951a6
2026-08-16 04:32:39.084176,49.0,10,1g.11gb,yolo-inference-755b67b9bb-sf8hz,default,yolo,580.173.02,GPU-d59cb1c4-ad97-d91a-6731-e7b5f38951a6
2026-08-16 04:32:39.084176,49.0,11,1g.11gb,yolo-inference-755b67b9bb-mdq5n,default,yolo,580.173.02,GPU-d59cb1c4-ad97-d91a-6731-e7b5f38951a6
2026-08-16 04:32:39.084176,49.0,12,1g.11gb,yolo-inference-755b67b9bb-l2sjx,default,yolo,580.173.02,GPU-d59cb1c4-ad97-d91a-6731-e7b5f38951a6
2026-08-16 04:32:39.084176,49.0,13,1g.11gb,yolo-inference-755b67b9bb-vgskt,default,yolo,580.173.02,GPU-d59cb1c4-ad97-d91a-6731-e7b5f38951a6
2026-08-16 04:32:39.084176,49.0,7,1g.11gb,,,,580.173.02,GPU-d59cb1c4-ad97-d91a-6731-e7b5f38951a6
2026-08-16 04:32:39.084176,49.0,8,1g.11gb,yolo-inference-755b67b9bb-ttrzf,default,yolo,580.173.02,GPU-d59cb1c4-ad97-d91a-6731-e7b5f38951a6
2026-08-16 04:32:39.084176,49.0,9,1g.11gb,yolo-inference-755b67b9bb-pwhtx,default,yolo,580.173.02,GPU-d59cb1c4-ad97-d91a-6731-e7b5f38951a6
2026-08-16 04:32:44.086650,49.0,10,1g.11gb,yolo-inference-755b67b9bb-sf8hz,default,yolo,580.173.02,GPU-d59cb1c4-ad97-d91a-6731-e7b5f38951a6
2026-08-16 04:32:44.086650,49.0,11,1g.11gb,yolo-inference-755b67b9bb-mdq5n,default,yolo,580.173.02,GPU-d59cb1c4-ad97-d91a-6731-e7b5f38951a6
2026-08-16 04:32:44.086650,49.0,12,1g.11gb,yolo-inference-755b67b9bb-l2sjx,default,yolo,580.173.02,GPU-d59cb1c4-ad97-d91a-6731-e7b5f38951a6
2026-08-16 04:32:44.086650,49.0,13,1g.11gb,yolo-inference-755b67b9bb-vgskt,default,yolo,580.173.02,GPU-d59cb1c4-ad97-d91a-6731-e7b5f38951a6
2026-08-16 04:32:44.086650,49.0,7,1g.11gb,,,,580.173.02,GPU-d59cb1c4-ad97-d91a-6731-e7b5f38951a6
2026-08-16 04:32:44.086650,49.0,8,1g.11gb,yolo-inference-755b67b9bb-ttrzf,default,yolo,580.173.02,GPU-d59cb1c4-ad97-d91a-6731-e7b5f38951a6
2026-08-16 04:32:44.086650,49.0,9,1g.11gb,yolo-inference-755b67b9bb-pwhtx,default,yolo,580.173.02,GPU-d59cb1c4-ad97-d91a-6731-e7b5f38951a6
2026-08-16 04:32:49.085643,49.0,10,1g.11gb,yolo-inference-755b67b9bb-sf8hz,default,yolo,580.173.02,GPU-d59cb1c4-ad97-d91a-6731-e7b5f38951a6
2026-08-16 04:32:49.085643,49.0,11,1g.11gb,yolo-inference-755b67b9bb-mdq5n,default,yolo,580.173.02,GPU-d59cb1c4-ad97-d91a-6731-e7b5f38951a6
2026-08-16 04:32:49.085643,49.0,12,1g.11gb,yolo-inference-755b67b9bb-l2sjx,default,yolo,580.173.02,GPU-d59cb1c4-ad97-d91a-6731-e7b5f38951a6
2026-08-16 04:32:49.085643,49.0,13,1g.11gb,yolo-inference-755b67b9bb-vgskt,default,yolo,580.173.02,GPU-d59cb1c4-ad97-d91a-6731-e7b5f38951a6
2026-08-16 04:32:49.085643,49.0,7,1g.11gb,,,,580.173.02,GPU-d59cb1c4-ad97-d91a-6731-e7b5f38951a6
2026-08-16 04:32:49.085643,49.0,8,1g.11gb,yolo-inference-755b67b9bb-ttrzf,default,yolo,580.173.02,GPU-d59cb1c4-ad97-d91a-6731-e7b5f38951a6
2026-08-16 04:32:49.085643,49.0,9,1g.11gb,yolo-inference-755b67b9bb-pwhtx,default,yolo,580.173.02,GPU-d59cb1c4-ad97-d91a-6731-e7b5f38951a6
2026-08-16 04:32:54.083639,49.0,10,1g.11gb,yolo-inference-755b67b9bb-sf8hz,default,yolo,580.173.02,GPU-d59cb1c4-ad97-d91a-6731-e7b5f38951a6
2026-08-16 04:32:54.083639,49.0,11,1g.11gb,yolo-inference-755b67b9bb-mdq5n,default,yolo,580.173.02,GPU-d59cb1c4-ad97-d91a-6731-e7b5f38951a6
2026-08-16 04:32:54.083639,49.0,12,1g.11gb,yolo-inference-755b67b9bb-l2sjx,default,yolo,580.173.02,GPU-d59cb1c4-ad97-d91a-6731-e7b5f38951a6
2026-08-16 04:32:54.083639,49.0,13,1g.11gb,yolo-inference-755b67b9bb-vgskt,default,yolo,580.173.02,GPU-d59cb1c4-ad97-d91a-6731-e7b5f38951a6
2026-08-16 04:32:54.083639,49.0,7,1g.11gb,,,,580.173.02,GPU-d59cb1c4-ad97-d91a-6731-e7b5f38951a6
2026-08-16 04:32:54.083639,49.0,8,1g.11gb,yolo-inference-755b67b9bb-ttrzf,default,yolo,580.173.02,GPU-d59cb1c4-ad97-d91a-6731-e7b5f38951a6
2026-08-16 04:32:54.083639,49.0,9,1g.11gb,yolo-inference-755b67b9bb-pwhtx,default,yolo,580.173.02,GPU-d59cb1c4-ad97-d91a-6731-e7b5f38951a6
2026-08-16 04:32:59.087480,49.0,10,1g.11gb,yolo-inference-755b67b9bb-sf8hz,default,yolo,580.173.02,GPU-d59cb1c4-ad97-d91a-6731-e7b5f38951a6
2026-08-16 04:32:59.087480,49.0,11,1g.11gb,yolo-inference-755b67b9bb-mdq5n,default,yolo,580.173.02,GPU-d59cb1c4-ad97-d91a-6731-e7b5f38951a6
2026-08-16 04:32:59.087480,49.0,12,1g.11gb,yolo-inference-755b67b9bb-l2sjx,default,yolo,580.173.02,GPU-d59cb1c4-ad97-d91a-6731-e7b5f38951a6
2026-08-16 04:32:59.087480,49.0,13,1g.11gb,yolo-inference-755b67b9bb-vgskt,default,yolo,580.173.02,GPU-d59cb1c4-ad97-d91a-6731-e7b5f38951a6
2026-08-16 04:32:59.087480,49.0,7,1g.11gb,,,,580.173.02,GPU-d59cb1c4-ad97-d91a-6731-e7b5f38951a6
2026-08-16 04:32:59.087480,49.0,8,1g.11gb,yolo-inference-755b67b9bb-ttrzf,default,yolo,580.173.02,GPU-d59cb1c4-ad97-d91a-6731-e7b5f38951a6
2026-08-16 04:32:59.087480,49.0,9,1g.11gb,yolo-inference-755b67b9bb-pwhtx,default,yolo,580.173.02,GPU-d59cb1c4-ad97-d91a-6731-e7b5f38951a6
2026-08-16 04:33:04.088023,49.0,10,1g.11gb,yolo-inference-755b67b9bb-sf8hz,default,yolo,580.173.02,GPU-d59cb1c4-ad97-d91a-6731-e7b5f38951a6
2026-08-16 04:33:04.088023,49.0,11,1g.11gb,yolo-inference-755b67b9bb-mdq5n,default,yolo,580.173.02,GPU-d59cb1c4-ad97-d91a-6731-e7b5f38951a6
2026-08-16 04:33:04.088023,49.0,12,1g.11gb,yolo-inference-755b67b9bb-l2sjx,default,yolo,580.173.02,GPU-d59cb1c4-ad97-d91a-6731-e7b5f38951a6
2026-08-16 04:33:04.088023,49.0,13,1g.11gb,yolo-inference-755b67b9bb-vgskt,default,yolo,580.173.02,GPU-d59cb1c4-ad97-d91a-6731-e7b5f38951a6
2026-08-16 04:33:04.088023,49.0,7,1g.11gb,,,,580.173.02,GPU-d59cb1c4-ad97-d91a-6731-e7b5f38951a6
2026-08-16 04:33:04.088023,49.0,8,1g.11gb,yolo-inference-755b67b9bb-ttrzf,default,yolo,580.173.02,GPU-d59cb1c4-ad97-d91a-6731-e7b5f38951a6
2026-08-16 04:33:04.088023,49.0,9,1g.11gb,yolo-inference-755b67b9bb-pwhtx,default,yolo,580.173.02,GPU-d59cb1c4-ad97-d91a-6731-e7b5f38951a6
2026-08-16 04:33:09.088065,49.0,10,1g.11gb,yolo-inference-755b67b9bb-sf8hz,default,yolo,580.173.02,GPU-d59cb1c4-ad97-d91a-6731-e7b5f38951a6
2026-08-16 04:33:09.088065,49.0,11,1g.11gb,yolo-inference-755b67b9bb-mdq5n,default,yolo,580.173.02,GPU-d59cb1c4-ad97-d91a-6731-e7b5f38951a6
2026-08-16 04:33:09.088065,49.0,12,1g.11gb,yolo-inference-755b67b9bb-l2sjx,default,yolo,580.173.02,GPU-d59cb1c4-ad97-d91a-6731-e7b5f38951a6
2026-08-16 04:33:09.088065,49.0,13,1g.11gb,yolo-inference-755b67b9bb-vgskt,default,yolo,580.173.02,GPU-d59cb1c4-ad97-d91a-6731-e7b5f38951a6
2026-08-16 04:33:09.088065,49.0,7,1g.11gb,,,,580.173.02,GPU-d59cb1c4-ad97-d91a-6731-e7b5f38951a6
2026-08-16 04:33:09.088065,49.0,8,1g.11gb,yolo-inference-755b67b9bb-ttrzf,default,yolo,580.173.02,GPU-d59cb1c4-ad97-d91a-6731-e7b5f38951a6
2026-08-16 04:33:09.088065,49.0,9,1g.11gb,yolo-inference-755b67b9bb-pwhtx,default,yolo,580.173.02,GPU-d59cb1c4-ad97-d91a-6731-e7b5f38951a6
2026-08-16 04:33:14.088068,49.0,10,1g.11gb,yolo-inference-755b67b9bb-sf8hz,default,yolo,580.173.02,GPU-d59cb1c4-ad97-d91a-6731-e7b5f38951a6
2026-08-16 04:33:14.088068,49.0,11,1g.11gb,yolo-inference-755b67b9bb-mdq5n,default,yolo,580.173.02,GPU-d59cb1c4-ad97-d91a-6731-e7b5f38951a6
2026-08-16 04:33:14.088068,49.0,12,1g.11gb,yolo-inference-755b67b9bb-l2sjx,default,yolo,580.173.02,GPU-d59cb1c4-ad97-d91a-6731-e7b5f38951a6
2026-08-16 04:33:14.088068,49.0,13,1g.11gb,yolo-inference-755b67b9bb-vgskt,default,yolo,580.173.02,GPU-d59cb1c4-ad97-d91a-6731-e7b5f38951a6
2026-08-16 04:33:14.088068,49.0,7,1g.11gb,,,,580.173.02,GPU-d59cb1c4-ad97-d91a-6731-e7b5f38951a6
2026-08-16 04:33:14.088068,49.0,8,1g.11gb,yolo-inference-755b67b9bb-ttrzf,default,yolo,580.173.02,GPU-d59cb1c4-ad97-d91a-6731-e7b5f38951a6
2026-08-16 04:33:14.088068,49.0,9,1g.11gb,yolo-inference-755b67b9bb-pwhtx,default,yolo,580.173.02,GPU-d59cb1c4-ad97-d91a-6731-e7b5f38951a6
2026-08-16 04:33:19.088063,49.0,10,1g.11gb,yolo-inference-755b67b9bb-sf8hz,default,yolo,580.173.02,GPU-d59cb1c4-ad97-d91a-6731-e7b5f38951a6
2026-08-16 04:33:19.088063,49.0,11,1g.11gb,yolo-inference-755b67b9bb-mdq5n,default,yolo,580.173.02,GPU-d59cb1c4-ad97-d91a-6731-e7b5f38951a6
2026-08-16 04:33:19.088063,49.0,12,1g.11gb,yolo-inference-755b67b9bb-l2sjx,default,yolo,580.173.02,GPU-d59cb1c4-ad97-d91a-6731-e7b5f38951a6
2026-08-16 04:33:19.088063,49.0,13,1g.11gb,yolo-inference-755b67b9bb-vgskt,default,yolo,580.173.02,GPU-d59cb1c4-ad97-d91a-6731-e7b5f38951a6
2026-08-16 04:33:19.088063,49.0,7,1g.11gb,,,,580.173.02,GPU-d59cb1c4-ad97-d91a-6731-e7b5f38951a6
2026-08-16 04:33:19.088063,49.0,8,1g.11gb,yolo-inference-755b67b9bb-ttrzf,default,yolo,580.173.02,GPU-d59cb1c4-ad97-d91a-6731-e7b5f38951a6
2026-08-16 04:33:19.088063,49.0,9,1g.11gb,yolo-inference-755b67b9bb-pwhtx,default,yolo,580.173.02,GPU-d59cb1c4-ad97-d91a-6731-e7b5f38951a6
2026-08-16 04:33:24.087888,49.0,10,1g.11gb,yolo-inference-755b67b9bb-sf8hz,default,yolo,580.173.02,GPU-d59cb1c4-ad97-d91a-6731-e7b5f38951a6
2026-08-16 04:33:24.087888,49.0,11,1g.11gb,yolo-inference-755b67b9bb-mdq5n,default,yolo,580.173.02,GPU-d59cb1c4-ad97-d91a-6731-e7b5f38951a6
2026-08-16 04:33:24.087888,49.0,12,1g.11gb,yolo-inference-755b67b9bb-l2sjx,default,yolo,580.173.02,GPU-d59cb1c4-ad97-d91a-6731-e7b5f38951a6
2026-08-16 04:33:24.087888,49.0,13,1g.11gb,yolo-inference-755b67b9bb-vgskt,default,yolo,580.173.02,GPU-d59cb1c4-ad97-d91a-6731-e7b5f38951a6
2026-08-16 04:33:24.087888,49.0,7,1g.11gb,,,,580.173.02,GPU-d59cb1c4-ad97-d91a-6731-e7b5f38951a6
2026-08-16 04:33:24.087888,49.0,8,1g.11gb,yolo-inference-755b67b9bb-ttrzf,default,yolo,580.173.02,GPU-d59cb1c4-ad97-d91a-6731-e7b5f38951a6
2026-08-16 04:33:24.087888,49.0,9,1g.11gb,yolo-inference-755b67b9bb-pwhtx,default,yolo,580.173.02,GPU-d59cb1c4-ad97-d91a-6731-e7b5f38951a6
2026-08-16 04:33:29.088184,49.0,10,1g.11gb,yolo-inference-755b67b9bb-sf8hz,default,yolo,580.173.02,GPU-d59cb1c4-ad97-d91a-6731-e7b5f38951a6
2026-08-16 04:33:29.088184,49.0,11,1g.11gb,yolo-inference-755b67b9bb-mdq5n,default,yolo,580.173.02,GPU-d59cb1c4-ad97-d91a-6731-e7b5f38951a6
2026-08-16 04:33:29.088184,49.0,12,1g.11gb,yolo-inference-755b67b9bb-l2sjx,default,yolo,580.173.02,GPU-d59cb1c4-ad97-d91a-6731-e7b5f38951a6
2026-08-16 04:33:29.088184,49.0,13,1g.11gb,yolo-inference-755b67b9bb-vgskt,default,yolo,580.173.02,GPU-d59cb1c4-ad97-d91a-6731-e7b5f38951a6
2026-08-16 04:33:29.088184,49.0,7,1g.11gb,,,,580.173.02,GPU-d59cb1c4-ad97-d91a-6731-e7b5f38951a6
2026-08-16 04:33:29.088184,49.0,8,1g.11gb,yolo-inference-755b67b9bb-ttrzf,default,yolo,580.173.02,GPU-d59cb1c4-ad97-d91a-6731-e7b5f38951a6
2026-08-16 04:33:29.088184,49.0,9,1g.11gb,yolo-inference-755b67b9bb-pwhtx,default,yolo,580.173.02,GPU-d59cb1c4-ad97-d91a-6731-e7b5f38951a6
2026-08-16 04:33:34.088019,49.0,10,1g.11gb,yolo-inference-755b67b9bb-sf8hz,default,yolo,580.173.02,GPU-d59cb1c4-ad97-d91a-6731-e7b5f38951a6
2026-08-16 04:33:34.088019,49.0,11,1g.11gb,yolo-inference-755b67b9bb-mdq5n,default,yolo,580.173.02,GPU-d59cb1c4-ad97-d91a-6731-e7b5f38951a6
2026-08-16 04:33:34.088019,49.0,12,1g.11gb,yolo-inference-755b67b9bb-l2sjx,default,yolo,580.173.02,GPU-d59cb1c4-ad97-d91a-6731-e7b5f38951a6
2026-08-16 04:33:34.088019,49.0,13,1g.11gb,yolo-inference-755b67b9bb-vgskt,default,yolo,580.173.02,GPU-d59cb1c4-ad97-d91a-6731-e7b5f38951a6
2026-08-16 04:33:34.088019,49.0,7,1g.11gb,,,,580.173.02,GPU-d59cb1c4-ad97-d91a-6731-e7b5f38951a6
2026-08-16 04:33:34.088019,49.0,8,1g.11gb,yolo-inference-755b67b9bb-ttrzf,default,yolo,580.173.02,GPU-d59cb1c4-ad97-d91a-6731-e7b5f38951a6
2026-08-16 04:33:34.088019,49.0,9,1g.11gb,yolo-inference-755b67b9bb-pwhtx,default,yolo,580.173.02,GPU-d59cb1c4-ad97-d91a-6731-e7b5f38951a6
2026-08-16 04:33:39.088026,49.0,10,1g.11gb,yolo-inference-755b67b9bb-sf8hz,default,yolo,580.173.02,GPU-d59cb1c4-ad97-d91a-6731-e7b5f38951a6
2026-08-16 04:33:39.088026,49.0,11,1g.11gb,yolo-inference-755b67b9bb-mdq5n,default,yolo,580.173.02,GPU-d59cb1c4-ad97-d91a-6731-e7b5f38951a6
2026-08-16 04:33:39.088026,49.0,12,1g.11gb,yolo-inference-755b67b9bb-l2sjx,default,yolo,580.173.02,GPU-d59cb1c4-ad97-d91a-6731-e7b5f38951a6
2026-08-16 04:33:39.088026,49.0,13,1g.11gb,yolo-inference-755b67b9bb-vgskt,default,yolo,580.173.02,GPU-d59cb1c4-ad97-d91a-6731-e7b5f38951a6
2026-08-16 04:33:39.088026,49.0,7,1g.11gb,,,,580.173.02,GPU-d59cb1c4-ad97-d91a-6731-e7b5f38951a6
2026-08-16 04:33:39.088026,49.0,8,1g.11gb,yolo-inference-755b67b9bb-ttrzf,default,yolo,580.173.02,GPU-d59cb1c4-ad97-d91a-6731-e7b5f38951a6
2026-08-16 04:33:39.088026,49.0,9,1g.11gb,yolo-inference-755b67b9bb-pwhtx,default,yolo,580.173.02,GPU-d59cb1c4-ad97-d91a-6731-e7b5f38951a6
2026-08-16 04:33:44.088018,49.0,10,1g.11gb,yolo-inference-755b67b9bb-sf8hz,default,yolo,580.173.02,GPU-d59cb1c4-ad97-d91a-6731-e7b5f38951a6
2026-08-16 04:33:44.088018,49.0,11,1g.11gb,yolo-inference-755b67b9bb-mdq5n,default,yolo,580.173.02,GPU-d59cb1c4-ad97-d91a-6731-e7b5f38951a6
2026-08-16 04:33:44.088018,49.0,12,1g.11gb,yolo-inference-755b67b9bb-l2sjx,default,yolo,580.173.02,GPU-d59cb1c4-ad97-d91a-6731-e7b5f38951a6
2026-08-16 04:33:44.088018,49.0,13,1g.11gb,yolo-inference-755b67b9bb-vgskt,default,yolo,580.173.02,GPU-d59cb1c4-ad97-d91a-6731-e7b5f38951a6
2026-08-16 04:33:44.088018,49.0,7,1g.11gb,,,,580.173.02,GPU-d59cb1c4-ad97-d91a-6731-e7b5f38951a6
2026-08-16 04:33:44.088018,49.0,8,1g.11gb,yolo-inference-755b67b9bb-ttrzf,default,yolo,580.173.02,GPU-d59cb1c4-ad97-d91a-6731-e7b5f38951a6
2026-08-16 04:33:44.088018,49.0,9,1g.11gb,yolo-inference-755b67b9bb-pwhtx,default,yolo,580.173.02,GPU-d59cb1c4-ad97-d91a-6731-e7b5f38951a6
2026-08-16 04:33:49.088024,49.0,10,1g.11gb,yolo-inference-755b67b9bb-sf8hz,default,yolo,580.173.02,GPU-d59cb1c4-ad97-d91a-6731-e7b5f38951a6
2026-08-16 04:33:49.088024,49.0,11,1g.11gb,yolo-inference-755b67b9bb-mdq5n,default,yolo,580.173.02,GPU-d59cb1c4-ad97-d91a-6731-e7b5f38951a6
2026-08-16 04:33:49.088024,49.0,12,1g.11gb,yolo-inference-755b67b9bb-l2sjx,default,yolo,580.173.02,GPU-d59cb1c4-ad97-d91a-6731-e7b5f38951a6
2026-08-16 04:33:49.088024,49.0,13,1g.11gb,yolo-inference-755b67b9bb-vgskt,default,yolo,580.173.02,GPU-d59cb1c4-ad97-d91a-6731-e7b5f38951a6
2026-08-16 04:33:49.088024,49.0,7,1g.11gb,,,,580.173.02,GPU-d59cb1c4-ad97-d91a-6731-e7b5f38951a6
2026-08-16 04:33:49.088024,49.0,8,1g.11gb,yolo-inference-755b67b9bb-ttrzf,default,yolo,580.173.02,GPU-d59cb1c4-ad97-d91a-6731-e7b5f38951a6
2026-08-16 04:33:49.088024,49.0,9,1g.11gb,yolo-inference-755b67b9bb-pwhtx,default,yolo,580.173.02,GPU-d59cb1c4-ad97-d91a-6731-e7b5f38951a6
2026-08-16 04:33:54.086448,49.0,10,1g.11gb,yolo-inference-755b67b9bb-sf8hz,default,yolo,580.173.02,GPU-d59cb1c4-ad97-d91a-6731-e7b5f38951a6
2026-08-16 04:33:54.086448,49.0,11,1g.11gb,yolo-inference-755b67b9bb-mdq5n,default,yolo,580.173.02,GPU-d59cb1c4-ad97-d91a-6731-e7b5f38951a6
2026-08-16 04:33:54.086448,49.0,12,1g.11gb,yolo-inference-755b67b9bb-l2sjx,default,yolo,580.173.02,GPU-d59cb1c4-ad97-d91a-6731-e7b5f38951a6
2026-08-16 04:33:54.086448,49.0,13,1g.11gb,yolo-inference-755b67b9bb-vgskt,default,yolo,580.173.02,GPU-d59cb1c4-ad97-d91a-6731-e7b5f38951a6
2026-08-16 04:33:54.086448,49.0,7,1g.11gb,,,,580.173.02,GPU-d59cb1c4-ad97-d91a-6731-e7b5f38951a6
2026-08-16 04:33:54.086448,49.0,8,1g.11gb,yolo-inference-755b67b9bb-ttrzf,default,yolo,580.173.02,GPU-d59cb1c4-ad97-d91a-6731-e7b5f38951a6
2026-08-16 04:33:54.086448,50.0,9,1g.11gb,yolo-inference-755b67b9bb-pwhtx,default,yolo,580.173.02,GPU-d59cb1c4-ad97-d91a-6731-e7b5f38951a6
2026-08-16 04:33:59.084232,49.0,10,1g.11gb,yolo-inference-755b67b9bb-sf8hz,default,yolo,580.173.02,GPU-d59cb1c4-ad97-d91a-6731-e7b5f38951a6
2026-08-16 04:33:59.084232,49.0,11,1g.11gb,yolo-inference-755b67b9bb-mdq5n,default,yolo,580.173.02,GPU-d59cb1c4-ad97-d91a-6731-e7b5f38951a6
2026-08-16 04:33:59.084232,49.0,12,1g.11gb,yolo-inference-755b67b9bb-l2sjx,default,yolo,580.173.02,GPU-d59cb1c4-ad97-d91a-6731-e7b5f38951a6
2026-08-16 04:33:59.084232,49.0,13,1g.11gb,yolo-inference-755b67b9bb-vgskt,default,yolo,580.173.02,GPU-d59cb1c4-ad97-d91a-6731-e7b5f38951a6
2026-08-16 04:33:59.084232,49.0,7,1g.11gb,,,,580.173.02,GPU-d59cb1c4-ad97-d91a-6731-e7b5f38951a6
2026-08-16 04:33:59.084232,49.0,8,1g.11gb,yolo-inference-755b67b9bb-ttrzf,default,yolo,580.173.02,GPU-d59cb1c4-ad97-d91a-6731-e7b5f38951a6
2026-08-16 04:33:59.084232,50.0,9,1g.11gb,yolo-inference-755b67b9bb-pwhtx,default,yolo,580.173.02,GPU-d59cb1c4-ad97-d91a-6731-e7b5f38951a6
2026-08-16 04:34:04.088025,49.0,10,1g.11gb,yolo-inference-755b67b9bb-sf8hz,default,yolo,580.173.02,GPU-d59cb1c4-ad97-d91a-6731-e7b5f38951a6
2026-08-16 04:34:04.088025,49.0,11,1g.11gb,yolo-inference-755b67b9bb-mdq5n,default,yolo,580.173.02,GPU-d59cb1c4-ad97-d91a-6731-e7b5f38951a6
2026-08-16 04:34:04.088025,49.0,12,1g.11gb,yolo-inference-755b67b9bb-l2sjx,default,yolo,580.173.02,GPU-d59cb1c4-ad97-d91a-6731-e7b5f38951a6
2026-08-16 04:34:04.088025,49.0,13,1g.11gb,yolo-inference-755b67b9bb-vgskt,default,yolo,580.173.02,GPU-d59cb1c4-ad97-d91a-6731-e7b5f38951a6
2026-08-16 04:34:04.088025,49.0,7,1g.11gb,,,,580.173.02,GPU-d59cb1c4-ad97-d91a-6731-e7b5f38951a6
2026-08-16 04:34:04.088025,49.0,8,1g.11gb,yolo-inference-755b67b9bb-ttrzf,default,yolo,580.173.02,GPU-d59cb1c4-ad97-d91a-6731-e7b5f38951a6
2026-08-16 04:34:04.088025,50.0,9,1g.11gb,yolo-inference-755b67b9bb-pwhtx,default,yolo,580.173.02,GPU-d59cb1c4-ad97-d91a-6731-e7b5f38951a6
2026-08-16 04:34:09.084339,49.0,10,1g.11gb,yolo-inference-755b67b9bb-sf8hz,default,yolo,580.173.02,GPU-d59cb1c4-ad97-d91a-6731-e7b5f38951a6
2026-08-16 04:34:09.084339,49.0,11,1g.11gb,yolo-inference-755b67b9bb-mdq5n,default,yolo,580.173.02,GPU-d59cb1c4-ad97-d91a-6731-e7b5f38951a6
2026-08-16 04:34:09.084339,49.0,12,1g.11gb,yolo-inference-755b67b9bb-l2sjx,default,yolo,580.173.02,GPU-d59cb1c4-ad97-d91a-6731-e7b5f38951a6
2026-08-16 04:34:09.084339,49.0,13,1g.11gb,yolo-inference-755b67b9bb-vgskt,default,yolo,580.173.02,GPU-d59cb1c4-ad97-d91a-6731-e7b5f38951a6
2026-08-16 04:34:09.084339,49.0,7,1g.11gb,,,,580.173.02,GPU-d59cb1c4-ad97-d91a-6731-e7b5f38951a6
2026-08-16 04:34:09.084339,49.0,8,1g.11gb,yolo-inference-755b67b9bb-ttrzf,default,yolo,580.173.02,GPU-d59cb1c4-ad97-d91a-6731-e7b5f38951a6
2026-08-16 04:34:09.084339,50.0,9,1g.11gb,yolo-inference-755b67b9bb-pwhtx,default,yolo,580.173.02,GPU-d59cb1c4-ad97-d91a-6731-e7b5f38951a6
2026-08-16 04:34:14.088052,49.0,10,1g.11gb,yolo-inference-755b67b9bb-sf8hz,default,yolo,580.173.02,GPU-d59cb1c4-ad97-d91a-6731-e7b5f38951a6
2026-08-16 04:34:14.088052,49.0,11,1g.11gb,yolo-inference-755b67b9bb-mdq5n,default,yolo,580.173.02,GPU-d59cb1c4-ad97-d91a-6731-e7b5f38951a6
2026-08-16 04:34:14.088052,49.0,12,1g.11gb,yolo-inference-755b67b9bb-l2sjx,default,yolo,580.173.02,GPU-d59cb1c4-ad97-d91a-6731-e7b5f38951a6
2026-08-16 04:34:14.088052,49.0,13,1g.11gb,yolo-inference-755b67b9bb-vgskt,default,yolo,580.173.02,GPU-d59cb1c4-ad97-d91a-6731-e7b5f38951a6
2026-08-16 04:34:14.088052,49.0,7,1g.11gb,,,,580.173.02,GPU-d59cb1c4-ad97-d91a-6731-e7b5f38951a6
2026-08-16 04:34:14.088052,49.0,8,1g.11gb,yolo-inference-755b67b9bb-ttrzf,default,yolo,580.173.02,GPU-d59cb1c4-ad97-d91a-6731-e7b5f38951a6
2026-08-16 04:34:14.088052,50.0,9,1g.11gb,yolo-inference-755b67b9bb-pwhtx,default,yolo,580.173.02,GPU-d59cb1c4-ad97-d91a-6731-e7b5f38951a6
2026-08-16 04:34:19.088021,49.0,10,1g.11gb,yolo-inference-755b67b9bb-sf8hz,default,yolo,580.173.02,GPU-d59cb1c4-ad97-d91a-6731-e7b5f38951a6
2026-08-16 04:34:19.088021,49.0,11,1g.11gb,yolo-inference-755b67b9bb-mdq5n,default,yolo,580.173.02,GPU-d59cb1c4-ad97-d91a-6731-e7b5f38951a6
2026-08-16 04:34:19.088021,49.0,12,1g.11gb,yolo-inference-755b67b9bb-l2sjx,default,yolo,580.173.02,GPU-d59cb1c4-ad97-d91a-6731-e7b5f38951a6
2026-08-16 04:34:19.088021,49.0,13,1g.11gb,yolo-inference-755b67b9bb-vgskt,default,yolo,580.173.02,GPU-d59cb1c4-ad97-d91a-6731-e7b5f38951a6
2026-08-16 04:34:19.088021,49.0,7,1g.11gb,,,,580.173.02,GPU-d59cb1c4-ad97-d91a-6731-e7b5f38951a6
2026-08-16 04:34:19.088021,49.0,8,1g.11gb,yolo-inference-755b67b9bb-ttrzf,default,yolo,580.173.02,GPU-d59cb1c4-ad97-d91a-6731-e7b5f38951a6
2026-08-16 04:34:19.088021,50.0,9,1g.11gb,yolo-inference-755b67b9bb-pwhtx,default,yolo,580.173.02,GPU-d59cb1c4-ad97-d91a-6731-e7b5f38951a6
2026-08-16 04:34:24.088024,49.0,10,1g.11gb,yolo-inference-755b67b9bb-sf8hz,default,yolo,580.173.02,GPU-d59cb1c4-ad97-d91a-6731-e7b5f38951a6
2026-08-16 04:34:24.088024,49.0,11,1g.11gb,yolo-inference-755b67b9bb-mdq5n,default,yolo,580.173.02,GPU-d59cb1c4-ad97-d91a-6731-e7b5f38951a6
2026-08-16 04:34:24.088024,49.0,12,1g.11gb,yolo-inference-755b67b9bb-l2sjx,default,yolo,580.173.02,GPU-d59cb1c4-ad97-d91a-6731-e7b5f38951a6
2026-08-16 04:34:24.088024,49.0,13,1g.11gb,yolo-inference-755b67b9bb-vgskt,default,yolo,580.173.02,GPU-d59cb1c4-ad97-d91a-6731-e7b5f38951a6
2026-08-16 04:34:24.088024,49.0,7,1g.11gb,,,,580.173.02,GPU-d59cb1c4-ad97-d91a-6731-e7b5f38951a6
2026-08-16 04:34:24.088024,49.0,8,1g.11gb,yolo-inference-755b67b9bb-ttrzf,default,yolo,580.173.02,GPU-d59cb1c4-ad97-d91a-6731-e7b5f38951a6
2026-08-16 04:34:24.088024,49.0,9,1g.11gb,yolo-inference-755b67b9bb-pwhtx,default,yolo,580.173.02,GPU-d59cb1c4-ad97-d91a-6731-e7b5f38951a6
2026-08-16 04:34:29.088024,49.0,10,1g.11gb,yolo-inference-755b67b9bb-sf8hz,default,yolo,580.173.02,GPU-d59cb1c4-ad97-d91a-6731-e7b5f38951a6
2026-08-16 04:34:29.088024,49.0,11,1g.11gb,yolo-inference-755b67b9bb-mdq5n,default,yolo,580.173.02,GPU-d59cb1c4-ad97-d91a-6731-e7b5f38951a6
2026-08-16 04:34:29.088024,49.0,12,1g.11gb,yolo-inference-755b67b9bb-l2sjx,default,yolo,580.173.02,GPU-d59cb1c4-ad97-d91a-6731-e7b5f38951a6
2026-08-16 04:34:29.088024,49.0,13,1g.11gb,yolo-inference-755b67b9bb-vgskt,default,yolo,580.173.02,GPU-d59cb1c4-ad97-d91a-6731-e7b5f38951a6
2026-08-16 04:34:29.088024,49.0,7,1g.11gb,,,,580.173.02,GPU-d59cb1c4-ad97-d91a-6731-e7b5f38951a6
2026-08-16 04:34:29.088024,49.0,8,1g.11gb,yolo-inference-755b67b9bb-ttrzf,default,yolo,580.173.02,GPU-d59cb1c4-ad97-d91a-6731-e7b5f38951a6
2026-08-16 04:34:29.088024,49.0,9,1g.11gb,yolo-inference-755b67b9bb-pwhtx,default,yolo,580.173.02,GPU-d59cb1c4-ad97-d91a-6731-e7b5f38951a6
2026-08-16 04:34:34.087887,49.0,10,1g.11gb,yolo-inference-755b67b9bb-sf8hz,default,yolo,580.173.02,GPU-d59cb1c4-ad97-d91a-6731-e7b5f38951a6
2026-08-16 04:34:34.087887,49.0,11,1g.11gb,yolo-inference-755b67b9bb-mdq5n,default,yolo,580.173.02,GPU-d59cb1c4-ad97-d91a-6731-e7b5f38951a6
2026-08-16 04:34:34.087887,49.0,12,1g.11gb,yolo-inference-755b67b9bb-l2sjx,default,yolo,580.173.02,GPU-d59cb1c4-ad97-d91a-6731-e7b5f38951a6
2026-08-16 04:34:34.087887,49.0,13,1g.11gb,yolo-inference-755b67b9bb-vgskt,default,yolo,580.173.02,GPU-d59cb1c4-ad97-d91a-6731-e7b5f38951a6
2026-08-16 04:34:34.087887,49.0,7,1g.11gb,,,,580.173.02,GPU-d59cb1c4-ad97-d91a-6731-e7b5f38951a6
2026-08-16 04:34:34.087887,49.0,8,1g.11gb,yolo-inference-755b67b9bb-ttrzf,default,yolo,580.173.02,GPU-d59cb1c4-ad97-d91a-6731-e7b5f38951a6
2026-08-16 04:34:34.087887,49.0,9,1g.11gb,yolo-inference-755b67b9bb-pwhtx,default,yolo,580.173.02,GPU-d59cb1c4-ad97-d91a-6731-e7b5f38951a6
2026-08-16 04:34:39.084334,49.0,10,1g.11gb,yolo-inference-755b67b9bb-sf8hz,default,yolo,580.173.02,GPU-d59cb1c4-ad97-d91a-6731-e7b5f38951a6
2026-08-16 04:34:39.084334,49.0,11,1g.11gb,yolo-inference-755b67b9bb-mdq5n,default,yolo,580.173.02,GPU-d59cb1c4-ad97-d91a-6731-e7b5f38951a6
2026-08-16 04:34:39.084334,49.0,12,1g.11gb,yolo-inference-755b67b9bb-l2sjx,default,yolo,580.173.02,GPU-d59cb1c4-ad97-d91a-6731-e7b5f38951a6
2026-08-16 04:34:39.084334,49.0,13,1g.11gb,yolo-inference-755b67b9bb-vgskt,default,yolo,580.173.02,GPU-d59cb1c4-ad97-d91a-6731-e7b5f38951a6
2026-08-16 04:34:39.084334,49.0,7,1g.11gb,,,,580.173.02,GPU-d59cb1c4-ad97-d91a-6731-e7b5f38951a6
2026-08-16 04:34:39.084334,49.0,8,1g.11gb,yolo-inference-755b67b9bb-ttrzf,default,yolo,580.173.02,GPU-d59cb1c4-ad97-d91a-6731-e7b5f38951a6
2026-08-16 04:34:39.084334,49.0,9,1g.11gb,yolo-inference-755b67b9bb-pwhtx,default,yolo,580.173.02,GPU-d59cb1c4-ad97-d91a-6731-e7b5f38951a6
2026-08-16 04:34:44.088015,49.0,10,1g.11gb,yolo-inference-755b67b9bb-sf8hz,default,yolo,580.173.02,GPU-d59cb1c4-ad97-d91a-6731-e7b5f38951a6
2026-08-16 04:34:44.088015,49.0,11,1g.11gb,yolo-inference-755b67b9bb-mdq5n,default,yolo,580.173.02,GPU-d59cb1c4-ad97-d91a-6731-e7b5f38951a6
2026-08-16 04:34:44.088015,49.0,12,1g.11gb,yolo-inference-755b67b9bb-l2sjx,default,yolo,580.173.02,GPU-d59cb1c4-ad97-d91a-6731-e7b5f38951a6
2026-08-16 04:34:44.088015,49.0,13,1g.11gb,yolo-inference-755b67b9bb-vgskt,default,yolo,580.173.02,GPU-d59cb1c4-ad97-d91a-6731-e7b5f38951a6
2026-08-16 04:34:44.088015,49.0,7,1g.11gb,,,,580.173.02,GPU-d59cb1c4-ad97-d91a-6731-e7b5f38951a6
2026-08-16 04:34:44.088015,49.0,8,1g.11gb,yolo-inference-755b67b9bb-ttrzf,default,yolo,580.173.02,GPU-d59cb1c4-ad97-d91a-6731-e7b5f38951a6
2026-08-16 04:34:44.088015,49.0,9,1g.11gb,yolo-inference-755b67b9bb-pwhtx,default,yolo,580.173.02,GPU-d59cb1c4-ad97-d91a-6731-e7b5f38951a6
2026-08-16 04:34:49.088024,49.0,10,1g.11gb,yolo-inference-755b67b9bb-sf8hz,default,yolo,580.173.02,GPU-d59cb1c4-ad97-d91a-6731-e7b5f38951a6
2026-08-16 04:34:49.088024,49.0,11,1g.11gb,yolo-inference-755b67b9bb-mdq5n,default,yolo,580.173.02,GPU-d59cb1c4-ad97-d91a-6731-e7b5f38951a6
2026-08-16 04:34:49.088024,49.0,12,1g.11gb,yolo-inference-755b67b9bb-l2sjx,default,yolo,580.173.02,GPU-d59cb1c4-ad97-d91a-6731-e7b5f38951a6
2026-08-16 04:34:49.088024,49.0,13,1g.11gb,yolo-inference-755b67b9bb-vgskt,default,yolo,580.173.02,GPU-d59cb1c4-ad97-d91a-6731-e7b5f38951a6
2026-08-16 04:34:49.088024,49.0,7,1g.11gb,,,,580.173.02,GPU-d59cb1c4-ad97-d91a-6731-e7b5f38951a6
2026-08-16 04:34:49.088024,49.0,8,1g.11gb,yolo-inference-755b67b9bb-ttrzf,default,yolo,580.173.02,GPU-d59cb1c4-ad97-d91a-6731-e7b5f38951a6
2026-08-16 04:34:49.088024,49.0,9,1g.11gb,yolo-inference-755b67b9bb-pwhtx,default,yolo,580.173.02,GPU-d59cb1c4-ad97-d91a-6731-e7b5f38951a6
2026-08-16 04:34:54.088017,49.0,10,1g.11gb,yolo-inference-755b67b9bb-sf8hz,default,yolo,580.173.02,GPU-d59cb1c4-ad97-d91a-6731-e7b5f38951a6
2026-08-16 04:34:54.088017,49.0,11,1g.11gb,yolo-inference-755b67b9bb-mdq5n,default,yolo,580.173.02,GPU-d59cb1c4-ad97-d91a-6731-e7b5f38951a6
2026-08-16 04:34:54.088017,49.0,12,1g.11gb,yolo-inference-755b67b9bb-l2sjx,default,yolo,580.173.02,GPU-d59cb1c4-ad97-d91a-6731-e7b5f38951a6
2026-08-16 04:34:54.088017,49.0,13,1g.11gb,yolo-inference-755b67b9bb-vgskt,default,yolo,580.173.02,GPU-d59cb1c4-ad97-d91a-6731-e7b5f38951a6
2026-08-16 04:34:54.088017,49.0,7,1g.11gb,,,,580.173.02,GPU-d59cb1c4-ad97-d91a-6731-e7b5f38951a6
2026-08-16 04:34:54.088017,49.0,8,1g.11gb,yolo-inference-755b67b9bb-ttrzf,default,yolo,580.173.02,GPU-d59cb1c4-ad97-d91a-6731-e7b5f38951a6
2026-08-16 04:34:54.088017,49.0,9,1g.11gb,yolo-inference-755b67b9bb-pwhtx,default,yolo,580.173.02,GPU-d59cb1c4-ad97-d91a-6731-e7b5f38951a6
2026-08-16 04:34:59.087152,49.0,10,1g.11gb,yolo-inference-755b67b9bb-sf8hz,default,yolo,580.173.02,GPU-d59cb1c4-ad97-d91a-6731-e7b5f38951a6
2026-08-16 04:34:59.087152,49.0,11,1g.11gb,yolo-inference-755b67b9bb-mdq5n,default,yolo,580.173.02,GPU-d59cb1c4-ad97-d91a-6731-e7b5f38951a6
2026-08-16 04:34:59.087152,49.0,12,1g.11gb,yolo-inference-755b67b9bb-l2sjx,default,yolo,580.173.02,GPU-d59cb1c4-ad97-d91a-6731-e7b5f38951a6
2026-08-16 04:34:59.087152,49.0,13,1g.11gb,yolo-inference-755b67b9bb-vgskt,default,yolo,580.173.02,GPU-d59cb1c4-ad97-d91a-6731-e7b5f38951a6
2026-08-16 04:34:59.087152,49.0,7,1g.11gb,,,,580.173.02,GPU-d59cb1c4-ad97-d91a-6731-e7b5f38951a6
2026-08-16 04:34:59.087152,49.0,8,1g.11gb,yolo-inference-755b67b9bb-ttrzf,default,yolo,580.173.02,GPU-d59cb1c4-ad97-d91a-6731-e7b5f38951a6
2026-08-16 04:34:59.087152,49.0,9,1g.11gb,yolo-inference-755b67b9bb-pwhtx,default,yolo,580.173.02,GPU-d59cb1c4-ad97-d91a-6731-e7b5f38951a6
2026-08-16 04:35:04.088013,49.0,10,1g.11gb,yolo-inference-755b67b9bb-sf8hz,default,yolo,580.173.02,GPU-d59cb1c4-ad97-d91a-6731-e7b5f38951a6
2026-08-16 04:35:04.088013,49.0,11,1g.11gb,yolo-inference-755b67b9bb-mdq5n,default,yolo,580.173.02,GPU-d59cb1c4-ad97-d91a-6731-e7b5f38951a6
2026-08-16 04:35:04.088013,49.0,12,1g.11gb,yolo-inference-755b67b9bb-l2sjx,default,yolo,580.173.02,GPU-d59cb1c4-ad97-d91a-6731-e7b5f38951a6
2026-08-16 04:35:04.088013,49.0,13,1g.11gb,yolo-inference-755b67b9bb-vgskt,default,yolo,580.173.02,GPU-d59cb1c4-ad97-d91a-6731-e7b5f38951a6
2026-08-16 04:35:04.088013,49.0,7,1g.11gb,,,,580.173.02,GPU-d59cb1c4-ad97-d91a-6731-e7b5f38951a6
2026-08-16 04:35:04.088013,49.0,8,1g.11gb,yolo-inference-755b67b9bb-ttrzf,default,yolo,580.173.02,GPU-d59cb1c4-ad97-d91a-6731-e7b5f38951a6
2026-08-16 04:35:04.088013,49.0,9,1g.11gb,yolo-inference-755b67b9bb-pwhtx,default,yolo,580.173.02,GPU-d59cb1c4-ad97-d91a-6731-e7b5f38951a6
2026-08-16 04:35:09.088031,49.0,10,1g.11gb,yolo-inference-755b67b9bb-sf8hz,default,yolo,580.173.02,GPU-d59cb1c4-ad97-d91a-6731-e7b5f38951a6
2026-08-16 04:35:09.088031,49.0,11,1g.11gb,yolo-inference-755b67b9bb-mdq5n,default,yolo,580.173.02,GPU-d59cb1c4-ad97-d91a-6731-e7b5f38951a6
2026-08-16 04:35:09.088031,49.0,12,1g.11gb,yolo-inference-755b67b9bb-l2sjx,default,yolo,580.173.02,GPU-d59cb1c4-ad97-d91a-6731-e7b5f38951a6
2026-08-16 04:35:09.088031,49.0,13,1g.11gb,yolo-inference-755b67b9bb-vgskt,default,yolo,580.173.02,GPU-d59cb1c4-ad97-d91a-6731-e7b5f38951a6
2026-08-16 04:35:09.088031,49.0,7,1g.11gb,,,,580.173.02,GPU-d59cb1c4-ad97-d91a-6731-e7b5f38951a6
2026-08-16 04:35:09.088031,49.0,8,1g.11gb,yolo-inference-755b67b9bb-ttrzf,default,yolo,580.173.02,GPU-d59cb1c4-ad97-d91a-6731-e7b5f38951a6
2026-08-16 04:35:09.088031,49.0,9,1g.11gb,yolo-inference-755b67b9bb-pwhtx,default,yolo,580.173.02,GPU-d59cb1c4-ad97-d91a-6731-e7b5f38951a6
2026-08-16 04:35:14.087487,49.0,10,1g.11gb,yolo-inference-755b67b9bb-sf8hz,default,yolo,580.173.02,GPU-d59cb1c4-ad97-d91a-6731-e7b5f38951a6
2026-08-16 04:35:14.087487,49.0,11,1g.11gb,yolo-inference-755b67b9bb-mdq5n,default,yolo,580.173.02,GPU-d59cb1c4-ad97-d91a-6731-e7b5f38951a6
2026-08-16 04:35:14.087487,49.0,12,1g.11gb,yolo-inference-755b67b9bb-l2sjx,default,yolo,580.173.02,GPU-d59cb1c4-ad97-d91a-6731-e7b5f38951a6
2026-08-16 04:35:14.087487,49.0,13,1g.11gb,yolo-inference-755b67b9bb-vgskt,default,yolo,580.173.02,GPU-d59cb1c4-ad97-d91a-6731-e7b5f38951a6
2026-08-16 04:35:14.087487,49.0,7,1g.11gb,,,,580.173.02,GPU-d59cb1c4-ad97-d91a-6731-e7b5f38951a6
2026-08-16 04:35:14.087487,49.0,8,1g.11gb,yolo-inference-755b67b9bb-ttrzf,default,yolo,580.173.02,GPU-d59cb1c4-ad97-d91a-6731-e7b5f38951a6
2026-08-16 04:35:14.087487,49.0,9,1g.11gb,yolo-inference-755b67b9bb-pwhtx,default,yolo,580.173.02,GPU-d59cb1c4-ad97-d91a-6731-e7b5f38951a6
2026-08-16 04:35:19.088028,49.0,10,1g.11gb,yolo-inference-755b67b9bb-sf8hz,default,yolo,580.173.02,GPU-d59cb1c4-ad97-d91a-6731-e7b5f38951a6
2026-08-16 04:35:19.088028,49.0,11,1g.11gb,yolo-inference-755b67b9bb-mdq5n,default,yolo,580.173.02,GPU-d59cb1c4-ad97-d91a-6731-e7b5f38951a6
2026-08-16 04:35:19.088028,49.0,12,1g.11gb,yolo-inference-755b67b9bb-l2sjx,default,yolo,580.173.02,GPU-d59cb1c4-ad97-d91a-6731-e7b5f38951a6
2026-08-16 04:35:19.088028,49.0,13,1g.11gb,yolo-inference-755b67b9bb-vgskt,default,yolo,580.173.02,GPU-d59cb1c4-ad97-d91a-6731-e7b5f38951a6
2026-08-16 04:35:19.088028,49.0,7,1g.11gb,,,,580.173.02,GPU-d59cb1c4-ad97-d91a-6731-e7b5f38951a6
2026-08-16 04:35:19.088028,49.0,8,1g.11gb,yolo-inference-755b67b9bb-ttrzf,default,yolo,580.173.02,GPU-d59cb1c4-ad97-d91a-6731-e7b5f38951a6
2026-08-16 04:35:19.088028,49.0,9,1g.11gb,yolo-inference-755b67b9bb-pwhtx,default,yolo,580.173.02,GPU-d59cb1c4-ad97-d91a-6731-e7b5f38951a6
2026-08-16 04:35:24.083208,49.0,10,1g.11gb,yolo-inference-755b67b9bb-sf8hz,default,yolo,580.173.02,GPU-d59cb1c4-ad97-d91a-6731-e7b5f38951a6
2026-08-16 04:35:24.083208,49.0,11,1g.11gb,yolo-inference-755b67b9bb-mdq5n,default,yolo,580.173.02,GPU-d59cb1c4-ad97-d91a-6731-e7b5f38951a6
2026-08-16 04:35:24.083208,49.0,12,1g.11gb,yolo-inference-755b67b9bb-l2sjx,default,yolo,580.173.02,GPU-d59cb1c4-ad97-d91a-6731-e7b5f38951a6
2026-08-16 04:35:24.083208,49.0,13,1g.11gb,yolo-inference-755b67b9bb-vgskt,default,yolo,580.173.02,GPU-d59cb1c4-ad97-d91a-6731-e7b5f38951a6
2026-08-16 04:35:24.083208,49.0,7,1g.11gb,,,,580.173.02,GPU-d59cb1c4-ad97-d91a-6731-e7b5f38951a6
2026-08-16 04:35:24.083208,49.0,8,1g.11gb,yolo-inference-755b67b9bb-ttrzf,default,yolo,580.173.02,GPU-d59cb1c4-ad97-d91a-6731-e7b5f38951a6
2026-08-16 04:35:24.083208,49.0,9,1g.11gb,yolo-inference-755b67b9bb-pwhtx,default,yolo,580.173.02,GPU-d59cb1c4-ad97-d91a-6731-e7b5f38951a6
2026-08-16 04:35:29.088031,49.0,10,1g.11gb,yolo-inference-755b67b9bb-sf8hz,default,yolo,580.173.02,GPU-d59cb1c4-ad97-d91a-6731-e7b5f38951a6
2026-08-16 04:35:29.088031,49.0,11,1g.11gb,yolo-inference-755b67b9bb-mdq5n,default,yolo,580.173.02,GPU-d59cb1c4-ad97-d91a-6731-e7b5f38951a6
2026-08-16 04:35:29.088031,49.0,12,1g.11gb,yolo-inference-755b67b9bb-l2sjx,default,yolo,580.173.02,GPU-d59cb1c4-ad97-d91a-6731-e7b5f38951a6
2026-08-16 04:35:29.088031,49.0,13,1g.11gb,yolo-inference-755b67b9bb-vgskt,default,yolo,580.173.02,GPU-d59cb1c4-ad97-d91a-6731-e7b5f38951a6
2026-08-16 04:35:29.088031,49.0,7,1g.11gb,,,,580.173.02,GPU-d59cb1c4-ad97-d91a-6731-e7b5f38951a6
2026-08-16 04:35:29.088031,49.0,8,1g.11gb,yolo-inference-755b67b9bb-ttrzf,default,yolo,580.173.02,GPU-d59cb1c4-ad97-d91a-6731-e7b5f38951a6
2026-08-16 04:35:29.088031,49.0,9,1g.11gb,yolo-inference-755b67b9bb-pwhtx,default,yolo,580.173.02,GPU-d59cb1c4-ad97-d91a-6731-e7b5f38951a6
2026-08-16 04:35:34.087931,49.0,10,1g.11gb,yolo-inference-755b67b9bb-sf8hz,default,yolo,580.173.02,GPU-d59cb1c4-ad97-d91a-6731-e7b5f38951a6
2026-08-16 04:35:34.087931,49.0,11,1g.11gb,yolo-inference-755b67b9bb-mdq5n,default,yolo,580.173.02,GPU-d59cb1c4-ad97-d91a-6731-e7b5f38951a6
2026-08-16 04:35:34.087931,49.0,12,1g.11gb,yolo-inference-755b67b9bb-l2sjx,default,yolo,580.173.02,GPU-d59cb1c4-ad97-d91a-6731-e7b5f38951a6
2026-08-16 04:35:34.087931,49.0,13,1g.11gb,yolo-inference-755b67b9bb-vgskt,default,yolo,580.173.02,GPU-d59cb1c4-ad97-d91a-6731-e7b5f38951a6
2026-08-16 04:35:34.087931,49.0,7,1g.11gb,,,,580.173.02,GPU-d59cb1c4-ad97-d91a-6731-e7b5f38951a6
2026-08-16 04:35:34.087931,49.0,8,1g.11gb,yolo-inference-755b67b9bb-ttrzf,default,yolo,580.173.02,GPU-d59cb1c4-ad97-d91a-6731-e7b5f38951a6
2026-08-16 04:35:34.087931,49.0,9,1g.11gb,yolo-inference-755b67b9bb-pwhtx,default,yolo,580.173.02,GPU-d59cb1c4-ad97-d91a-6731-e7b5f38951a6
2026-08-16 04:35:39.088027,49.0,10,1g.11gb,yolo-inference-755b67b9bb-sf8hz,default,yolo,580.173.02,GPU-d59cb1c4-ad97-d91a-6731-e7b5f38951a6
2026-08-16 04:35:39.088027,49.0,11,1g.11gb,yolo-inference-755b67b9bb-mdq5n,default,yolo,580.173.02,GPU-d59cb1c4-ad97-d91a-6731-e7b5f38951a6
2026-08-16 04:35:39.088027,49.0,12,1g.11gb,yolo-inference-755b67b9bb-l2sjx,default,yolo,580.173.02,GPU-d59cb1c4-ad97-d91a-6731-e7b5f38951a6
2026-08-16 04:35:39.088027,49.0,13,1g.11gb,yolo-inference-755b67b9bb-vgskt,default,yolo,580.173.02,GPU-d59cb1c4-ad97-d91a-6731-e7b5f38951a6
2026-08-16 04:35:39.088027,49.0,7,1g.11gb,,,,580.173.02,GPU-d59cb1c4-ad97-d91a-6731-e7b5f38951a6
2026-08-16 04:35:39.088027,49.0,8,1g.11gb,yolo-inference-755b67b9bb-ttrzf,default,yolo,580.173.02,GPU-d59cb1c4-ad97-d91a-6731-e7b5f38951a6
2026-08-16 04:35:39.088027,49.0,9,1g.11gb,yolo-inference-755b67b9bb-pwhtx,default,yolo,580.173.02,GPU-d59cb1c4-ad97-d91a-6731-e7b5f38951a6
2026-08-16 04:35:44.088018,49.0,10,1g.11gb,yolo-inference-755b67b9bb-sf8hz,default,yolo,580.173.02,GPU-d59cb1c4-ad97-d91a-6731-e7b5f38951a6
2026-08-16 04:35:44.088018,49.0,11,1g.11gb,yolo-inference-755b67b9bb-mdq5n,default,yolo,580.173.02,GPU-d59cb1c4-ad97-d91a-6731-e7b5f38951a6
2026-08-16 04:35:44.088018,49.0,12,1g.11gb,yolo-inference-755b67b9bb-l2sjx,default,yolo,580.173.02,GPU-d59cb1c4-ad97-d91a-6731-e7b5f38951a6
2026-08-16 04:35:44.088018,49.0,13,1g.11gb,yolo-inference-755b67b9bb-vgskt,default,yolo,580.173.02,GPU-d59cb1c4-ad97-d91a-6731-e7b5f38951a6
2026-08-16 04:35:44.088018,49.0,7,1g.11gb,,,,580.173.02,GPU-d59cb1c4-ad97-d91a-6731-e7b5f38951a6
2026-08-16 04:35:44.088018,49.0,8,1g.11gb,yolo-inference-755b67b9bb-ttrzf,default,yolo,580.173.02,GPU-d59cb1c4-ad97-d91a-6731-e7b5f38951a6
2026-08-16 04:35:44.088018,49.0,9,1g.11gb,yolo-inference-755b67b9bb-pwhtx,default,yolo,580.173.02,GPU-d59cb1c4-ad97-d91a-6731-e7b5f38951a6
2026-08-16 04:35:49.083342,49.0,10,1g.11gb,yolo-inference-755b67b9bb-sf8hz,default,yolo,580.173.02,GPU-d59cb1c4-ad97-d91a-6731-e7b5f38951a6
2026-08-16 04:35:49.083342,49.0,11,1g.11gb,yolo-inference-755b67b9bb-mdq5n,default,yolo,580.173.02,GPU-d59cb1c4-ad97-d91a-6731-e7b5f38951a6
2026-08-16 04:35:49.083342,49.0,12,1g.11gb,yolo-inference-755b67b9bb-l2sjx,default,yolo,580.173.02,GPU-d59cb1c4-ad97-d91a-6731-e7b5f38951a6
2026-08-16 04:35:49.083342,49.0,13,1g.11gb,yolo-inference-755b67b9bb-vgskt,default,yolo,580.173.02,GPU-d59cb1c4-ad97-d91a-6731-e7b5f38951a6
2026-08-16 04:35:49.083342,49.0,7,1g.11gb,,,,580.173.02,GPU-d59cb1c4-ad97-d91a-6731-e7b5f38951a6
2026-08-16 04:35:49.083342,49.0,8,1g.11gb,yolo-inference-755b67b9bb-ttrzf,default,yolo,580.173.02,GPU-d59cb1c4-ad97-d91a-6731-e7b5f38951a6
2026-08-16 04:35:49.083342,49.0,9,1g.11gb,yolo-inference-755b67b9bb-pwhtx,default,yolo,580.173.02,GPU-d59cb1c4-ad97-d91a-6731-e7b5f38951a6
2026-08-16 04:35:54.088016,49.0,10,1g.11gb,yolo-inference-755b67b9bb-sf8hz,default,yolo,580.173.02,GPU-d59cb1c4-ad97-d91a-6731-e7b5f38951a6
2026-08-16 04:35:54.088016,49.0,11,1g.11gb,yolo-inference-755b67b9bb-mdq5n,default,yolo,580.173.02,GPU-d59cb1c4-ad97-d91a-6731-e7b5f38951a6
2026-08-16 04:35:54.088016,49.0,12,1g.11gb,yolo-inference-755b67b9bb-l2sjx,default,yolo,580.173.02,GPU-d59cb1c4-ad97-d91a-6731-e7b5f38951a6
2026-08-16 04:35:54.088016,49.0,13,1g.11gb,yolo-inference-755b67b9bb-vgskt,default,yolo,580.173.02,GPU-d59cb1c4-ad97-d91a-6731-e7b5f38951a6
2026-08-16 04:35:54.088016,49.0,7,1g.11gb,,,,580.173.02,GPU-d59cb1c4-ad97-d91a-6731-e7b5f38951a6
2026-08-16 04:35:54.088016,49.0,8,1g.11gb,yolo-inference-755b67b9bb-ttrzf,default,yolo,580.173.02,GPU-d59cb1c4-ad97-d91a-6731-e7b5f38951a6
2026-08-16 04:35:54.088016,49.0,9,1g.11gb,yolo-inference-755b67b9bb-pwhtx,default,yolo,580.173.02,GPU-d59cb1c4-ad97-d91a-6731-e7b5f38951a6
2026-08-16 04:35:59.083436,49.0,10,1g.11gb,yolo-inference-755b67b9bb-sf8hz,default,yolo,580.173.02,GPU-d59cb1c4-ad97-d91a-6731-e7b5f38951a6
2026-08-16 04:35:59.083436,49.0,11,1g.11gb,yolo-inference-755b67b9bb-mdq5n,default,yolo,580.173.02,GPU-d59cb1c4-ad97-d91a-6731-e7b5f38951a6
2026-08-16 04:35:59.083436,49.0,12,1g.11gb,yolo-inference-755b67b9bb-l2sjx,default,yolo,580.173.02,GPU-d59cb1c4-ad97-d91a-6731-e7b5f38951a6
2026-08-16 04:35:59.083436,49.0,13,1g.11gb,yolo-inference-755b67b9bb-vgskt,default,yolo,580.173.02,GPU-d59cb1c4-ad97-d91a-6731-e7b5f38951a6
2026-08-16 04:35:59.083436,49.0,7,1g.11gb,,,,580.173.02,GPU-d59cb1c4-ad97-d91a-6731-e7b5f38951a6
2026-08-16 04:35:59.083436,49.0,8,1g.11gb,yolo-inference-755b67b9bb-ttrzf,default,yolo,580.173.02,GPU-d59cb1c4-ad97-d91a-6731-e7b5f38951a6
2026-08-16 04:35:59.083436,49.0,9,1g.11gb,yolo-inference-755b67b9bb-pwhtx,default,yolo,580.173.02,GPU-d59cb1c4-ad97-d91a-6731-e7b5f38951a6
2026-08-16 04:36:04.088012,49.0,10,1g.11gb,yolo-inference-755b67b9bb-sf8hz,default,yolo,580.173.02,GPU-d59cb1c4-ad97-d91a-6731-e7b5f38951a6
2026-08-16 04:36:04.088012,49.0,11,1g.11gb,yolo-inference-755b67b9bb-mdq5n,default,yolo,580.173.02,GPU-d59cb1c4-ad97-d91a-6731-e7b5f38951a6
2026-08-16 04:36:04.088012,49.0,12,1g.11gb,yolo-inference-755b67b9bb-l2sjx,default,yolo,580.173.02,GPU-d59cb1c4-ad97-d91a-6731-e7b5f38951a6
2026-08-16 04:36:04.088012,49.0,13,1g.11gb,yolo-inference-755b67b9bb-vgskt,default,yolo,580.173.02,GPU-d59cb1c4-ad97-d91a-6731-e7b5f38951a6
2026-08-16 04:36:04.088012,49.0,7,1g.11gb,,,,580.173.02,GPU-d59cb1c4-ad97-d91a-6731-e7b5f38951a6
2026-08-16 04:36:04.088012,49.0,8,1g.11gb,yolo-inference-755b67b9bb-ttrzf,default,yolo,580.173.02,GPU-d59cb1c4-ad97-d91a-6731-e7b5f38951a6
2026-08-16 04:36:04.088012,49.0,9,1g.11gb,yolo-inference-755b67b9bb-pwhtx,default,yolo,580.173.02,GPU-d59cb1c4-ad97-d91a-6731-e7b5f38951a6
2026-08-16 04:36:09.083768,49.0,10,1g.11gb,yolo-inference-755b67b9bb-sf8hz,default,yolo,580.173.02,GPU-d59cb1c4-ad97-d91a-6731-e7b5f38951a6
2026-08-16 04:36:09.083768,49.0,11,1g.11gb,yolo-inference-755b67b9bb-mdq5n,default,yolo,580.173.02,GPU-d59cb1c4-ad97-d91a-6731-e7b5f38951a6
2026-08-16 04:36:09.083768,49.0,12,1g.11gb,yolo-inference-755b67b9bb-l2sjx,default,yolo,580.173.02,GPU-d59cb1c4-ad97-d91a-6731-e7b5f38951a6
2026-08-16 04:36:09.083768,49.0,13,1g.11gb,yolo-inference-755b67b9bb-vgskt,default,yolo,580.173.02,GPU-d59cb1c4-ad97-d91a-6731-e7b5f38951a6
2026-08-16 04:36:09.083768,49.0,7,1g.11gb,,,,580.173.02,GPU-d59cb1c4-ad97-d91a-6731-e7b5f38951a6
2026-08-16 04:36:09.083768,49.0,8,1g.11gb,yolo-inference-755b67b9bb-ttrzf,default,yolo,580.173.02,GPU-d59cb1c4-ad97-d91a-6731-e7b5f38951a6
2026-08-16 04:36:09.083768,49.0,9,1g.11gb,yolo-inference-755b67b9bb-pwhtx,default,yolo,580.173.02,GPU-d59cb1c4-ad97-d91a-6731-e7b5f38951a6
2026-08-16 04:36:14.088017,49.0,10,1g.11gb,yolo-inference-755b67b9bb-sf8hz,default,yolo,580.173.02,GPU-d59cb1c4-ad97-d91a-6731-e7b5f38951a6
2026-08-16 04:36:14.088017,49.0,11,1g.11gb,yolo-inference-755b67b9bb-mdq5n,default,yolo,580.173.02,GPU-d59cb1c4-ad97-d91a-6731-e7b5f38951a6
2026-08-16 04:36:14.088017,49.0,12,1g.11gb,yolo-inference-755b67b9bb-l2sjx,default,yolo,580.173.02,GPU-d59cb1c4-ad97-d91a-6731-e7b5f38951a6
2026-08-16 04:36:14.088017,49.0,13,1g.11gb,yolo-inference-755b67b9bb-vgskt,default,yolo,580.173.02,GPU-d59cb1c4-ad97-d91a-6731-e7b5f38951a6
2026-08-16 04:36:14.088017,49.0,7,1g.11gb,,,,580.173.02,GPU-d59cb1c4-ad97-d91a-6731-e7b5f38951a6
2026-08-16 04:36:14.088017,49.0,8,1g.11gb,yolo-inference-755b67b9bb-ttrzf,default,yolo,580.173.02,GPU-d59cb1c4-ad97-d91a-6731-e7b5f38951a6
2026-08-16 04:36:14.088017,49.0,9,1g.11gb,yolo-inference-755b67b9bb-pwhtx,default,yolo,580.173.02,GPU-d59cb1c4-ad97-d91a-6731-e7b5f38951a6
2026-08-16 04:36:19.088080,49.0,10,1g.11gb,yolo-inference-755b67b9bb-sf8hz,default,yolo,580.173.02,GPU-d59cb1c4-ad97-d91a-6731-e7b5f38951a6
2026-08-16 04:36:19.088080,49.0,11,1g.11gb,yolo-inference-755b67b9bb-mdq5n,default,yolo,580.173.02,GPU-d59cb1c4-ad97-d91a-6731-e7b5f38951a6
2026-08-16 04:36:19.088080,49.0,12,1g.11gb,yolo-inference-755b67b9bb-l2sjx,default,yolo,580.173.02,GPU-d59cb1c4-ad97-d91a-6731-e7b5f38951a6
2026-08-16 04:36:19.088080,49.0,13,1g.11gb,yolo-inference-755b67b9bb-vgskt,default,yolo,580.173.02,GPU-d59cb1c4-ad97-d91a-6731-e7b5f38951a6
2026-08-16 04:36:19.088080,49.0,7,1g.11gb,,,,580.173.02,GPU-d59cb1c4-ad97-d91a-6731-e7b5f38951a6
2026-08-16 04:36:19.088080,49.0,8,1g.11gb,yolo-inference-755b67b9bb-ttrzf,default,yolo,580.173.02,GPU-d59cb1c4-ad97-d91a-6731-e7b5f38951a6
2026-08-16 04:36:19.088080,49.0,9,1g.11gb,yolo-inference-755b67b9bb-pwhtx,default,yolo,580.173.02,GPU-d59cb1c4-ad97-d91a-6731-e7b5f38951a6
2026-08-16 04:36:24.088002,49.0,10,1g.11gb,yolo-inference-755b67b9bb-sf8hz,default,yolo,580.173.02,GPU-d59cb1c4-ad97-d91a-6731-e7b5f38951a6
2026-08-16 04:36:24.088002,49.0,11,1g.11gb,yolo-inference-755b67b9bb-mdq5n,default,yolo,580.173.02,GPU-d59cb1c4-ad97-d91a-6731-e7b5f38951a6
2026-08-16 04:36:24.088002,49.0,12,1g.11gb,yolo-inference-755b67b9bb-l2sjx,default,yolo,580.173.02,GPU-d59cb1c4-ad97-d91a-6731-e7b5f38951a6
2026-08-16 04:36:24.088002,49.0,13,1g.11gb,yolo-inference-755b67b9bb-vgskt,default,yolo,580.173.02,GPU-d59cb1c4-ad97-d91a-6731-e7b5f38951a6
2026-08-16 04:36:24.088002,49.0,7,1g.11gb,,,,580.173.02,GPU-d59cb1c4-ad97-d91a-6731-e7b5f38951a6
2026-08-16 04:36:24.088002,49.0,8,1g.11gb,yolo-inference-755b67b9bb-ttrzf,default,yolo,580.173.02,GPU-d59cb1c4-ad97-d91a-6731-e7b5f38951a6
2026-08-16 04:36:24.088002,49.0,9,1g.11gb,yolo-inference-755b67b9bb-pwhtx,default,yolo,580.173.02,GPU-d59cb1c4-ad97-d91a-6731-e7b5f38951a6
2026-08-16 04:36:29.083619,49.0,10,1g.11gb,yolo-inference-755b67b9bb-sf8hz,default,yolo,580.173.02,GPU-d59cb1c4-ad97-d91a-6731-e7b5f38951a6
2026-08-16 04:36:29.083619,49.0,11,1g.11gb,yolo-inference-755b67b9bb-mdq5n,default,yolo,580.173.02,GPU-d59cb1c4-ad97-d91a-6731-e7b5f38951a6
2026-08-16 04:36:29.083619,49.0,12,1g.11gb,yolo-inference-755b67b9bb-l2sjx,default,yolo,580.173.02,GPU-d59cb1c4-ad97-d91a-6731-e7b5f38951a6
2026-08-16 04:36:29.083619,49.0,13,1g.11gb,yolo-inference-755b67b9bb-vgskt,default,yolo,580.173.02,GPU-d59cb1c4-ad97-d91a-6731-e7b5f38951a6
2026-08-16 04:36:29.083619,49.0,7,1g.11gb,,,,580.173.02,GPU-d59cb1c4-ad97-d91a-6731-e7b5f38951a6
2026-08-16 04:36:29.083619,49.0,8,1g.11gb,yolo-inference-755b67b9bb-ttrzf,default,yolo,580.173.02,GPU-d59cb1c4-ad97-d91a-6731-e7b5f38951a6
2026-08-16 04:36:29.083619,49.0,9,1g.11gb,yolo-inference-755b67b9bb-pwhtx,default,yolo,580.173.02,GPU-d59cb1c4-ad97-d91a-6731-e7b5f38951a6
2026-08-16 04:36:34.085439,49.0,10,1g.11gb,yolo-inference-755b67b9bb-sf8hz,default,yolo,580.173.02,GPU-d59cb1c4-ad97-d91a-6731-e7b5f38951a6
2026-08-16 04:36:34.085439,49.0,11,1g.11gb,yolo-inference-755b67b9bb-mdq5n,default,yolo,580.173.02,GPU-d59cb1c4-ad97-d91a-6731-e7b5f38951a6
2026-08-16 04:36:34.085439,49.0,12,1g.11gb,yolo-inference-755b67b9bb-l2sjx,default,yolo,580.173.02,GPU-d59cb1c4-ad97-d91a-6731-e7b5f38951a6
2026-08-16 04:36:34.085439,49.0,13,1g.11gb,yolo-inference-755b67b9bb-vgskt,default,yolo,580.173.02,GPU-d59cb1c4-ad97-d91a-6731-e7b5f38951a6
2026-08-16 04:36:34.085439,49.0,7,1g.11gb,,,,580.173.02,GPU-d59cb1c4-ad97-d91a-6731-e7b5f38951a6
2026-08-16 04:36:34.085439,49.0,8,1g.11gb,yolo-inference-755b67b9bb-ttrzf,default,yolo,580.173.02,GPU-d59cb1c4-ad97-d91a-6731-e7b5f38951a6
2026-08-16 04:36:34.085439,49.0,9,1g.11gb,yolo-inference-755b67b9bb-pwhtx,default,yolo,580.173.02,GPU-d59cb1c4-ad97-d91a-6731-e7b5f38951a6
2026-08-16 04:36:39.084182,49.0,10,1g.11gb,yolo-inference-755b67b9bb-sf8hz,default,yolo,580.173.02,GPU-d59cb1c4-ad97-d91a-6731-e7b5f38951a6
2026-08-16 04:36:39.084182,49.0,11,1g.11gb,yolo-inference-755b67b9bb-mdq5n,default,yolo,580.173.02,GPU-d59cb1c4-ad97-d91a-6731-e7b5f38951a6
2026-08-16 04:36:39.084182,49.0,12,1g.11gb,yolo-inference-755b67b9bb-l2sjx,default,yolo,580.173.02,GPU-d59cb1c4-ad97-d91a-6731-e7b5f38951a6
2026-08-16 04:36:39.084182,49.0,13,1g.11gb,yolo-inference-755b67b9bb-vgskt,default,yolo,580.173.02,GPU-d59cb1c4-ad97-d91a-6731-e7b5f38951a6
2026-08-16 04:36:39.084182,49.0,7,1g.11gb,,,,580.173.02,GPU-d59cb1c4-ad97-d91a-6731-e7b5f38951a6
2026-08-16 04:36:39.084182,49.0,8,1g.11gb,yolo-inference-755b67b9bb-ttrzf,default,yolo,580.173.02,GPU-d59cb1c4-ad97-d91a-6731-e7b5f38951a6
2026-08-16 04:36:39.084182,49.0,9,1g.11gb,yolo-inference-755b67b9bb-pwhtx,default,yolo,580.173.02,GPU-d59cb1c4-ad97-d91a-6731-e7b5f38951a6
2026-08-16 04:36:44.086994,49.0,10,1g.11gb,yolo-inference-755b67b9bb-sf8hz,default,yolo,580.173.02,GPU-d59cb1c4-ad97-d91a-6731-e7b5f38951a6
2026-08-16 04:36:44.086994,49.0,11,1g.11gb,yolo-inference-755b67b9bb-mdq5n,default,yolo,580.173.02,GPU-d59cb1c4-ad97-d91a-6731-e7b5f38951a6
2026-08-16 04:36:44.086994,49.0,12,1g.11gb,yolo-inference-755b67b9bb-l2sjx,default,yolo,580.173.02,GPU-d59cb1c4-ad97-d91a-6731-e7b5f38951a6
2026-08-16 04:36:44.086994,49.0,13,1g.11gb,yolo-inference-755b67b9bb-vgskt,default,yolo,580.173.02,GPU-d59cb1c4-ad97-d91a-6731-e7b5f38951a6
2026-08-16 04:36:44.086994,49.0,7,1g.11gb,,,,580.173.02,GPU-d59cb1c4-ad97-d91a-6731-e7b5f38951a6
2026-08-16 04:36:44.086994,49.0,8,1g.11gb,yolo-inference-755b67b9bb-ttrzf,default,yolo,580.173.02,GPU-d59cb1c4-ad97-d91a-6731-e7b5f38951a6
2026-08-16 04:36:44.086994,49.0,9,1g.11gb,yolo-inference-755b67b9bb-pwhtx,default,yolo,580.173.02,GPU-d59cb1c4-ad97-d91a-6731-e7b5f38951a6
2026-08-16 04:36:49.088022,49.0,10,1g.11gb,yolo-inference-755b67b9bb-sf8hz,default,yolo,580.173.02,GPU-d59cb1c4-ad97-d91a-6731-e7b5f38951a6
2026-08-16 04:36:49.088022,49.0,11,1g.11gb,yolo-inference-755b67b9bb-mdq5n,default,yolo,580.173.02,GPU-d59cb1c4-ad97-d91a-6731-e7b5f38951a6
2026-08-16 04:36:49.088022,49.0,12,1g.11gb,yolo-inference-755b67b9bb-l2sjx,default,yolo,580.173.02,GPU-d59cb1c4-ad97-d91a-6731-e7b5f38951a6
2026-08-16 04:36:49.088022,49.0,13,1g.11gb,yolo-inference-755b67b9bb-vgskt,default,yolo,580.173.02,GPU-d59cb1c4-ad97-d91a-6731-e7b5f38951a6
2026-08-16 04:36:49.088022,49.0,7,1g.11gb,,,,580.173.02,GPU-d59cb1c4-ad97-d91a-6731-e7b5f38951a6
2026-08-16 04:36:49.088022,49.0,8,1g.11gb,yolo-inference-755b67b9bb-ttrzf,default,yolo,580.173.02,GPU-d59cb1c4-ad97-d91a-6731-e7b5f38951a6
2026-08-16 04:36:49.088022,49.0,9,1g.11gb,yolo-inference-755b67b9bb-pwhtx,default,yolo,580.173.02,GPU-d59cb1c4-ad97-d91a-6731-e7b5f38951a6
2026-08-16 04:36:54.088003,49.0,10,1g.11gb,yolo-inference-755b67b9bb-sf8hz,default,yolo,580.173.02,GPU-d59cb1c4-ad97-d91a-6731-e7b5f38951a6
2026-08-16 04:36:54.088003,49.0,11,1g.11gb,yolo-inference-755b67b9bb-mdq5n,default,yolo,580.173.02,GPU-d59cb1c4-ad97-d91a-6731-e7b5f38951a6
2026-08-16 04:36:54.088003,49.0,12,1g.11gb,yolo-inference-755b67b9bb-l2sjx,default,yolo,580.173.02,GPU-d59cb1c4-ad97-d91a-6731-e7b5f38951a6
2026-08-16 04:36:54.088003,49.0,13,1g.11gb,yolo-inference-755b67b9bb-vgskt,default,yolo,580.173.02,GPU-d59cb1c4-ad97-d91a-6731-e7b5f38951a6
2026-08-16 04:36:54.088003,49.0,7,1g.11gb,,,,580.173.02,GPU-d59cb1c4-ad97-d91a-6731-e7b5f38951a6
2026-08-16 04:36:54.088003,49.0,8,1g.11gb,yolo-inference-755b67b9bb-ttrzf,default,yolo,580.173.02,GPU-d59cb1c4-ad97-d91a-6731-e7b5f38951a6
2026-08-16 04:36:54.088003,49.0,9,1g.11gb,yolo-inference-755b67b9bb-pwhtx,default,yolo,580.173.02,GPU-d59cb1c4-ad97-d91a-6731-e7b5f38951a6
2026-08-16 04:36:59.085788,49.0,10,1g.11gb,yolo-inference-755b67b9bb-sf8hz,default,yolo,580.173.02,GPU-d59cb1c4-ad97-d91a-6731-e7b5f38951a6
2026-08-16 04:36:59.085788,49.0,11,1g.11gb,yolo-inference-755b67b9bb-mdq5n,default,yolo,580.173.02,GPU-d59cb1c4-ad97-d91a-6731-e7b5f38951a6
2026-08-16 04:36:59.085788,49.0,12,1g.11gb,yolo-inference-755b67b9bb-l2sjx,default,yolo,580.173.02,GPU-d59cb1c4-ad97-d91a-6731-e7b5f38951a6
2026-08-16 04:36:59.085788,49.0,13,1g.11gb,yolo-inference-755b67b9bb-vgskt,default,yolo,580.173.02,GPU-d59cb1c4-ad97-d91a-6731-e7b5f38951a6
2026-08-16 04:36:59.085788,49.0,7,1g.11gb,,,,580.173.02,GPU-d59cb1c4-ad97-d91a-6731-e7b5f38951a6
2026-08-16 04:36:59.085788,49.0,8,1g.11gb,yolo-inference-755b67b9bb-ttrzf,default,yolo,580.173.02,GPU-d59cb1c4-ad97-d91a-6731-e7b5f38951a6
2026-08-16 04:36:59.085788,49.0,9,1g.11gb,yolo-inference-755b67b9bb-pwhtx,default,yolo,580.173.02,GPU-d59cb1c4-ad97-d91a-6731-e7b5f38951a6
2026-08-16 04:37:04.087154,49.0,10,1g.11gb,yolo-inference-755b67b9bb-sf8hz,default,yolo,580.173.02,GPU-d59cb1c4-ad97-d91a-6731-e7b5f38951a6
2026-08-16 04:37:04.087154,49.0,11,1g.11gb,yolo-inference-755b67b9bb-mdq5n,default,yolo,580.173.02,GPU-d59cb1c4-ad97-d91a-6731-e7b5f38951a6
2026-08-16 04:37:04.087154,49.0,12,1g.11gb,yolo-inference-755b67b9bb-l2sjx,default,yolo,580.173.02,GPU-d59cb1c4-ad97-d91a-6731-e7b5f38951a6
2026-08-16 04:37:04.087154,49.0,13,1g.11gb,yolo-inference-755b67b9bb-vgskt,default,yolo,580.173.02,GPU-d59cb1c4-ad97-d91a-6731-e7b5f38951a6
2026-08-16 04:37:04.087154,49.0,7,1g.11gb,,,,580.173.02,GPU-d59cb1c4-ad97-d91a-6731-e7b5f38951a6
2026-08-16 04:37:04.087154,49.0,8,1g.11gb,yolo-inference-755b67b9bb-ttrzf,default,yolo,580.173.02,GPU-d59cb1c4-ad97-d91a-6731-e7b5f38951a6
2026-08-16 04:37:04.087154,49.0,9,1g.11gb,yolo-inference-755b67b9bb-pwhtx,default,yolo,580.173.02,GPU-d59cb1c4-ad97-d91a-6731-e7b5f38951a6
2026-08-16 04:37:09.084639,49.0,10,1g.11gb,yolo-inference-755b67b9bb-sf8hz,default,yolo,580.173.02,GPU-d59cb1c4-ad97-d91a-6731-e7b5f38951a6
2026-08-16 04:37:09.084639,49.0,11,1g.11gb,yolo-inference-755b67b9bb-mdq5n,default,yolo,580.173.02,GPU-d59cb1c4-ad97-d91a-6731-e7b5f38951a6
2026-08-16 04:37:09.084639,49.0,12,1g.11gb,yolo-inference-755b67b9bb-l2sjx,default,yolo,580.173.02,GPU-d59cb1c4-ad97-d91a-6731-e7b5f38951a6
2026-08-16 04:37:09.084639,49.0,13,1g.11gb,yolo-inference-755b67b9bb-vgskt,default,yolo,580.173.02,GPU-d59cb1c4-ad97-d91a-6731-e7b5f38951a6
2026-08-16 04:37:09.084639,49.0,7,1g.11gb,,,,580.173.02,GPU-d59cb1c4-ad97-d91a-6731-e7b5f38951a6
2026-08-16 04:37:09.084639,49.0,8,1g.11gb,yolo-inference-755b67b9bb-ttrzf,default,yolo,580.173.02,GPU-d59cb1c4-ad97-d91a-6731-e7b5f38951a6
2026-08-16 04:37:09.084639,49.0,9,1g.11gb,yolo-inference-755b67b9bb-pwhtx,default,yolo,580.173.02,GPU-d59cb1c4-ad97-d91a-6731-e7b5f38951a6
2026-08-16 04:37:14.085031,49.0,10,1g.11gb,yolo-inference-755b67b9bb-sf8hz,default,yolo,580.173.02,GPU-d59cb1c4-ad97-d91a-6731-e7b5f38951a6
2026-08-16 04:37:14.085031,49.0,11,1g.11gb,yolo-inference-755b67b9bb-mdq5n,default,yolo,580.173.02,GPU-d59cb1c4-ad97-d91a-6731-e7b5f38951a6
2026-08-16 04:37:14.085031,49.0,12,1g.11gb,yolo-inference-755b67b9bb-l2sjx,default,yolo,580.173.02,GPU-d59cb1c4-ad97-d91a-6731-e7b5f38951a6
2026-08-16 04:37:14.085031,49.0,13,1g.11gb,yolo-inference-755b67b9bb-vgskt,default,yolo,580.173.02,GPU-d59cb1c4-ad97-d91a-6731-e7b5f38951a6
2026-08-16 04:37:14.085031,49.0,7,1g.11gb,,,,580.173.02,GPU-d59cb1c4-ad97-d91a-6731-e7b5f38951a6
2026-08-16 04:37:14.085031,49.0,8,1g.11gb,yolo-inference-755b67b9bb-ttrzf,default,yolo,580.173.02,GPU-d59cb1c4-ad97-d91a-6731-e7b5f38951a6
2026-08-16 04:37:14.085031,49.0,9,1g.11gb,yolo-inference-755b67b9bb-pwhtx,default,yolo,580.173.02,GPU-d59cb1c4-ad97-d91a-6731-e7b5f38951a6
2026-08-16 04:37:19.088015,49.0,10,1g.11gb,yolo-inference-755b67b9bb-sf8hz,default,yolo,580.173.02,GPU-d59cb1c4-ad97-d91a-6731-e7b5f38951a6
2026-08-16 04:37:19.088015,49.0,11,1g.11gb,yolo-inference-755b67b9bb-mdq5n,default,yolo,580.173.02,GPU-d59cb1c4-ad97-d91a-6731-e7b5f38951a6
2026-08-16 04:37:19.088015,49.0,12,1g.11gb,yolo-inference-755b67b9bb-l2sjx,default,yolo,580.173.02,GPU-d59cb1c4-ad97-d91a-6731-e7b5f38951a6
2026-08-16 04:37:19.088015,49.0,13,1g.11gb,yolo-inference-755b67b9bb-vgskt,default,yolo,580.173.02,GPU-d59cb1c4-ad97-d91a-6731-e7b5f38951a6
2026-08-16 04:37:19.088015,49.0,7,1g.11gb,,,,580.173.02,GPU-d59cb1c4-ad97-d91a-6731-e7b5f38951a6
2026-08-16 04:37:19.088015,49.0,8,1g.11gb,yolo-inference-755b67b9bb-ttrzf,default,yolo,580.173.02,GPU-d59cb1c4-ad97-d91a-6731-e7b5f38951a6
2026-08-16 04:37:19.088015,49.0,9,1g.11gb,yolo-inference-755b67b9bb-pwhtx,default,yolo,580.173.02,GPU-d59cb1c4-ad97-d91a-6731-e7b5f38951a6
2026-08-16 04:37:24.088012,49.0,10,1g.11gb,yolo-inference-755b67b9bb-sf8hz,default,yolo,580.173.02,GPU-d59cb1c4-ad97-d91a-6731-e7b5f38951a6
2026-08-16 04:37:24.088012,49.0,11,1g.11gb,yolo-inference-755b67b9bb-mdq5n,default,yolo,580.173.02,GPU-d59cb1c4-ad97-d91a-6731-e7b5f38951a6
2026-08-16 04:37:24.088012,49.0,12,1g.11gb,yolo-inference-755b67b9bb-l2sjx,default,yolo,580.173.02,GPU-d59cb1c4-ad97-d91a-6731-e7b5f38951a6
2026-08-16 04:37:24.088012,49.0,13,1g.11gb,yolo-inference-755b67b9bb-vgskt,default,yolo,580.173.02,GPU-d59cb1c4-ad97-d91a-6731-e7b5f38951a6
2026-08-16 04:37:24.088012,49.0,7,1g.11gb,,,,580.173.02,GPU-d59cb1c4-ad97-d91a-6731-e7b5f38951a6
2026-08-16 04:37:24.088012,49.0,8,1g.11gb,yolo-inference-755b67b9bb-ttrzf,default,yolo,580.173.02,GPU-d59cb1c4-ad97-d91a-6731-e7b5f38951a6
2026-08-16 04:37:24.088012,49.0,9,1g.11gb,yolo-inference-755b67b9bb-pwhtx,default,yolo,580.173.02,GPU-d59cb1c4-ad97-d91a-6731-e7b5f38951a6
2026-08-16 04:37:29.087180,49.0,10,1g.11gb,yolo-inference-755b67b9bb-sf8hz,default,yolo,580.173.02,GPU-d59cb1c4-ad97-d91a-6731-e7b5f38951a6
2026-08-16 04:37:29.087180,49.0,11,1g.11gb,yolo-inference-755b67b9bb-mdq5n,default,yolo,580.173.02,GPU-d59cb1c4-ad97-d91a-6731-e7b5f38951a6
2026-08-16 04:37:29.087180,49.0,12,1g.11gb,yolo-inference-755b67b9bb-l2sjx,default,yolo,580.173.02,GPU-d59cb1c4-ad97-d91a-6731-e7b5f38951a6
2026-08-16 04:37:29.087180,49.0,13,1g.11gb,yolo-inference-755b67b9bb-vgskt,default,yolo,580.173.02,GPU-d59cb1c4-ad97-d91a-6731-e7b5f38951a6
2026-08-16 04:37:29.087180,49.0,7,1g.11gb,,,,580.173.02,GPU-d59cb1c4-ad97-d91a-6731-e7b5f38951a6
2026-08-16 04:37:29.087180,49.0,8,1g.11gb,yolo-inference-755b67b9bb-ttrzf,default,yolo,580.173.02,GPU-d59cb1c4-ad97-d91a-6731-e7b5f38951a6
2026-08-16 04:37:29.087180,49.0,9,1g.11gb,yolo-inference-755b67b9bb-pwhtx,default,yolo,580.173.02,GPU-d59cb1c4-ad97-d91a-6731-e7b5f38951a6
2026-08-16 04:37:34.088008,49.0,10,1g.11gb,yolo-inference-755b67b9bb-sf8hz,default,yolo,580.173.02,GPU-d59cb1c4-ad97-d91a-6731-e7b5f38951a6
2026-08-16 04:37:34.088008,49.0,11,1g.11gb,yolo-inference-755b67b9bb-mdq5n,default,yolo,580.173.02,GPU-d59cb1c4-ad97-d91a-6731-e7b5f38951a6
2026-08-16 04:37:34.088008,49.0,12,1g.11gb,yolo-inference-755b67b9bb-l2sjx,default,yolo,580.173.02,GPU-d59cb1c4-ad97-d91a-6731-e7b5f38951a6
2026-08-16 04:37:34.088008,49.0,13,1g.11gb,yolo-inference-755b67b9bb-vgskt,default,yolo,580.173.02,GPU-d59cb1c4-ad97-d91a-6731-e7b5f38951a6
2026-08-16 04:37:34.088008,49.0,7,1g.11gb,,,,580.173.02,GPU-d59cb1c4-ad97-d91a-6731-e7b5f38951a6
2026-08-16 04:37:34.088008,49.0,8,1g.11gb,yolo-inference-755b67b9bb-ttrzf,default,yolo,580.173.02,GPU-d59cb1c4-ad97-d91a-6731-e7b5f38951a6
2026-08-16 04:37:34.088008,49.0,9,1g.11gb,yolo-inference-755b67b9bb-pwhtx,default,yolo,580.173.02,GPU-d59cb1c4-ad97-d91a-6731-e7b5f38951a6
2026-08-16 04:37:39.084276,49.0,10,1g.11gb,yolo-inference-755b67b9bb-sf8hz,default,yolo,580.173.02,GPU-d59cb1c4-ad97-d91a-6731-e7b5f38951a6
2026-08-16 04:37:39.084276,49.0,11,1g.11gb,yolo-inference-755b67b9bb-mdq5n,default,yolo,580.173.02,GPU-d59cb1c4-ad97-d91a-6731-e7b5f38951a6
2026-08-16 04:37:39.084276,49.0,12,1g.11gb,yolo-inference-755b67b9bb-l2sjx,default,yolo,580.173.02,GPU-d59cb1c4-ad97-d91a-6731-e7b5f38951a6
2026-08-16 04:37:39.084276,49.0,13,1g.11gb,yolo-inference-755b67b9bb-vgskt,default,yolo,580.173.02,GPU-d59cb1c4-ad97-d91a-6731-e7b5f38951a6
2026-08-16 04:37:39.084276,49.0,7,1g.11gb,,,,580.173.02,GPU-d59cb1c4-ad97-d91a-6731-e7b5f38951a6
2026-08-16 04:37:39.084276,49.0,8,1g.11gb,yolo-inference-755b67b9bb-ttrzf,default,yolo,580.173.02,GPU-d59cb1c4-ad97-d91a-6731-e7b5f38951a6
2026-08-16 04:37:39.084276,49.0,9,1g.11gb,yolo-inference-755b67b9bb-pwhtx,default,yolo,580.173.02,GPU-d59cb1c4-ad97-d91a-6731-e7b5f38951a6
2026-08-16 04:37:44.088010,49.0,10,1g.11gb,yolo-inference-755b67b9bb-sf8hz,default,yolo,580.173.02,GPU-d59cb1c4-ad97-d91a-6731-e7b5f38951a6
2026-08-16 04:37:44.088010,49.0,11,1g.11gb,yolo-inference-755b67b9bb-mdq5n,default,yolo,580.173.02,GPU-d59cb1c4-ad97-d91a-6731-e7b5f38951a6
2026-08-16 04:37:44.088010,49.0,12,1g.11gb,yolo-inference-755b67b9bb-l2sjx,default,yolo,580.173.02,GPU-d59cb1c4-ad97-d91a-6731-e7b5f38951a6
2026-08-16 04:37:44.088010,49.0,13,1g.11gb,yolo-inference-755b67b9bb-vgskt,default,yolo,580.173.02,GPU-d59cb1c4-ad97-d91a-6731-e7b5f38951a6
2026-08-16 04:37:44.088010,49.0,7,1g.11gb,,,,580.173.02,GPU-d59cb1c4-ad97-d91a-6731-e7b5f38951a6
2026-08-16 04:37:44.088010,49.0,8,1g.11gb,yolo-inference-755b67b9bb-ttrzf,default,yolo,580.173.02,GPU-d59cb1c4-ad97-d91a-6731-e7b5f38951a6
2026-08-16 04:37:44.088010,49.0,9,1g.11gb,yolo-inference-755b67b9bb-pwhtx,default,yolo,580.173.02,GPU-d59cb1c4-ad97-d91a-6731-e7b5f38951a6
2026-08-16 04:37:49.088016,49.0,10,1g.11gb,yolo-inference-755b67b9bb-sf8hz,default,yolo,580.173.02,GPU-d59cb1c4-ad97-d91a-6731-e7b5f38951a6
2026-08-16 04:37:49.088016,49.0,11,1g.11gb,yolo-inference-755b67b9bb-mdq5n,default,yolo,580.173.02,GPU-d59cb1c4-ad97-d91a-6731-e7b5f38951a6
2026-08-16 04:37:49.088016,49.0,12,1g.11gb,yolo-inference-755b67b9bb-l2sjx,default,yolo,580.173.02,GPU-d59cb1c4-ad97-d91a-6731-e7b5f38951a6
2026-08-16 04:37:49.088016,49.0,13,1g.11gb,yolo-inference-755b67b9bb-vgskt,default,yolo,580.173.02,GPU-d59cb1c4-ad97-d91a-6731-e7b5f38951a6
2026-08-16 04:37:49.088016,49.0,7,1g.11gb,,,,580.173.02,GPU-d59cb1c4-ad97-d91a-6731-e7b5f38951a6
2026-08-16 04:37:49.088016,49.0,8,1g.11gb,yolo-inference-755b67b9bb-ttrzf,default,yolo,580.173.02,GPU-d59cb1c4-ad97-d91a-6731-e7b5f38951a6
2026-08-16 04:37:49.088016,49.0,9,1g.11gb,yolo-inference-755b67b9bb-pwhtx,default,yolo,580.173.02,GPU-d59cb1c4-ad97-d91a-6731-e7b5f38951a6
2026-08-16 04:37:54.088097,50.0,10,1g.11gb,yolo-inference-755b67b9bb-sf8hz,default,yolo,580.173.02,GPU-d59cb1c4-ad97-d91a-6731-e7b5f38951a6
2026-08-16 04:37:54.088097,49.0,11,1g.11gb,yolo-inference-755b67b9bb-mdq5n,default,yolo,580.173.02,GPU-d59cb1c4-ad97-d91a-6731-e7b5f38951a6
2026-08-16 04:37:54.088097,49.0,12,1g.11gb,yolo-inference-755b67b9bb-l2sjx,default,yolo,580.173.02,GPU-d59cb1c4-ad97-d91a-6731-e7b5f38951a6
2026-08-16 04:37:54.088097,49.0,13,1g.11gb,yolo-inference-755b67b9bb-vgskt,default,yolo,580.173.02,GPU-d59cb1c4-ad97-d91a-6731-e7b5f38951a6
2026-08-16 04:37:54.088097,49.0,7,1g.11gb,,,,580.173.02,GPU-d59cb1c4-ad97-d91a-6731-e7b5f38951a6
2026-08-16 04:37:54.088097,49.0,8,1g.11gb,yolo-inference-755b67b9bb-ttrzf,default,yolo,580.173.02,GPU-d59cb1c4-ad97-d91a-6731-e7b5f38951a6
2026-08-16 04:37:54.088097,49.0,9,1g.11gb,yolo-inference-755b67b9bb-pwhtx,default,yolo,580.173.02,GPU-d59cb1c4-ad97-d91a-6731-e7b5f38951a6
2026-08-16 04:37:59.088012,50.0,10,1g.11gb,yolo-inference-755b67b9bb-sf8hz,default,yolo,580.173.02,GPU-d59cb1c4-ad97-d91a-6731-e7b5f38951a6
2026-08-16 04:37:59.088012,49.0,11,1g.11gb,yolo-inference-755b67b9bb-mdq5n,default,yolo,580.173.02,GPU-d59cb1c4-ad97-d91a-6731-e7b5f38951a6
2026-08-16 04:37:59.088012,49.0,12,1g.11gb,yolo-inference-755b67b9bb-l2sjx,default,yolo,580.173.02,GPU-d59cb1c4-ad97-d91a-6731-e7b5f38951a6
2026-08-16 04:37:59.088012,49.0,13,1g.11gb,yolo-inference-755b67b9bb-vgskt,default,yolo,580.173.02,GPU-d59cb1c4-ad97-d91a-6731-e7b5f38951a6
2026-08-16 04:37:59.088012,49.0,7,1g.11gb,,,,580.173.02,GPU-d59cb1c4-ad97-d91a-6731-e7b5f38951a6
2026-08-16 04:37:59.088012,49.0,8,1g.11gb,yolo-inference-755b67b9bb-ttrzf,default,yolo,580.173.02,GPU-d59cb1c4-ad97-d91a-6731-e7b5f38951a6
2026-08-16 04:37:59.088012,49.0,9,1g.11gb,yolo-inference-755b67b9bb-pwhtx,default,yolo,580.173.02,GPU-d59cb1c4-ad97-d91a-6731-e7b5f38951a6
2026-08-16 04:38:04.088013,50.0,10,1g.11gb,yolo-inference-755b67b9bb-sf8hz,default,yolo,580.173.02,GPU-d59cb1c4-ad97-d91a-6731-e7b5f38951a6
2026-08-16 04:38:04.088013,49.0,11,1g.11gb,yolo-inference-755b67b9bb-mdq5n,default,yolo,580.173.02,GPU-d59cb1c4-ad97-d91a-6731-e7b5f38951a6
2026-08-16 04:38:04.088013,49.0,12,1g.11gb,yolo-inference-755b67b9bb-l2sjx,default,yolo,580.173.02,GPU-d59cb1c4-ad97-d91a-6731-e7b5f38951a6
2026-08-16 04:38:04.088013,49.0,13,1g.11gb,yolo-inference-755b67b9bb-vgskt,default,yolo,580.173.02,GPU-d59cb1c4-ad97-d91a-6731-e7b5f38951a6
2026-08-16 04:38:04.088013,49.0,7,1g.11gb,,,,580.173.02,GPU-d59cb1c4-ad97-d91a-6731-e7b5f38951a6
2026-08-16 04:38:04.088013,49.0,8,1g.11gb,yolo-inference-755b67b9bb-ttrzf,default,yolo,580.173.02,GPU-d59cb1c4-ad97-d91a-6731-e7b5f38951a6
2026-08-16 04:38:04.088013,49.0,9,1g.11gb,yolo-inference-755b67b9bb-pwhtx,default,yolo,580.173.02,GPU-d59cb1c4-ad97-d91a-6731-e7b5f38951a6
2026-08-16 04:38:09.088003,50.0,10,1g.11gb,yolo-inference-755b67b9bb-sf8hz,default,yolo,580.173.02,GPU-d59cb1c4-ad97-d91a-6731-e7b5f38951a6
2026-08-16 04:38:09.088003,49.0,11,1g.11gb,yolo-inference-755b67b9bb-mdq5n,default,yolo,580.173.02,GPU-d59cb1c4-ad97-d91a-6731-e7b5f38951a6
2026-08-16 04:38:09.088003,49.0,12,1g.11gb,yolo-inference-755b67b9bb-l2sjx,default,yolo,580.173.02,GPU-d59cb1c4-ad97-d91a-6731-e7b5f38951a6
2026-08-16 04:38:09.088003,49.0,13,1g.11gb,yolo-inference-755b67b9bb-vgskt,default,yolo,580.173.02,GPU-d59cb1c4-ad97-d91a-6731-e7b5f38951a6
2026-08-16 04:38:09.088003,49.0,7,1g.11gb,,,,580.173.02,GPU-d59cb1c4-ad97-d91a-6731-e7b5f38951a6
2026-08-16 04:38:09.088003,49.0,8,1g.11gb,yolo-inference-755b67b9bb-ttrzf,default,yolo,580.173.02,GPU-d59cb1c4-ad97-d91a-6731-e7b5f38951a6
2026-08-16 04:38:09.088003,49.0,9,1g.11gb,yolo-inference-755b67b9bb-pwhtx,default,yolo,580.173.02,GPU-d59cb1c4-ad97-d91a-6731-e7b5f38951a6
2026-08-16 04:38:14.085823,50.0,10,1g.11gb,yolo-inference-755b67b9bb-sf8hz,default,yolo,580.173.02,GPU-d59cb1c4-ad97-d91a-6731-e7b5f38951a6
2026-08-16 04:38:14.085823,49.0,11,1g.11gb,yolo-inference-755b67b9bb-mdq5n,default,yolo,580.173.02,GPU-d59cb1c4-ad97-d91a-6731-e7b5f38951a6
2026-08-16 04:38:14.085823,49.0,12,1g.11gb,yolo-inference-755b67b9bb-l2sjx,default,yolo,580.173.02,GPU-d59cb1c4-ad97-d91a-6731-e7b5f38951a6
2026-08-16 04:38:14.085823,49.0,13,1g.11gb,yolo-inference-755b67b9bb-vgskt,default,yolo,580.173.02,GPU-d59cb1c4-ad97-d91a-6731-e7b5f38951a6
2026-08-16 04:38:14.085823,49.0,7,1g.11gb,,,,580.173.02,GPU-d59cb1c4-ad97-d91a-6731-e7b5f38951a6
2026-08-16 04:38:14.085823,49.0,8,1g.11gb,yolo-inference-755b67b9bb-ttrzf,default,yolo,580.173.02,GPU-d59cb1c4-ad97-d91a-6731-e7b5f38951a6
2026-08-16 04:38:14.085823,49.0,9,1g.11gb,yolo-inference-755b67b9bb-pwhtx,default,yolo,580.173.02,GPU-d59cb1c4-ad97-d91a-6731-e7b5f38951a6
2026-08-16 04:38:19.088053,50.0,10,1g.11gb,yolo-inference-755b67b9bb-sf8hz,default,yolo,580.173.02,GPU-d59cb1c4-ad97-d91a-6731-e7b5f38951a6
2026-08-16 04:38:19.088053,49.0,11,1g.11gb,yolo-inference-755b67b9bb-mdq5n,default,yolo,580.173.02,GPU-d59cb1c4-ad97-d91a-6731-e7b5f38951a6
2026-08-16 04:38:19.088053,49.0,12,1g.11gb,yolo-inference-755b67b9bb-l2sjx,default,yolo,580.173.02,GPU-d59cb1c4-ad97-d91a-6731-e7b5f38951a6
2026-08-16 04:38:19.088053,49.0,13,1g.11gb,yolo-inference-755b67b9bb-vgskt,default,yolo,580.173.02,GPU-d59cb1c4-ad97-d91a-6731-e7b5f38951a6
2026-08-16 04:38:19.088053,49.0,7,1g.11gb,,,,580.173.02,GPU-d59cb1c4-ad97-d91a-6731-e7b5f38951a6
2026-08-16 04:38:19.088053,49.0,8,1g.11gb,yolo-inference-755b67b9bb-ttrzf,default,yolo,580.173.02,GPU-d59cb1c4-ad97-d91a-6731-e7b5f38951a6
2026-08-16 04:38:19.088053,49.0,9,1g.11gb,yolo-inference-755b67b9bb-pwhtx,default,yolo,580.173.02,GPU-d59cb1c4-ad97-d91a-6731-e7b5f38951a6
2026-08-16 04:38:24.085886,49.0,10,1g.11gb,yolo-inference-755b67b9bb-sf8hz,default,yolo,580.173.02,GPU-d59cb1c4-ad97-d91a-6731-e7b5f38951a6
2026-08-16 04:38:24.085886,49.0,11,1g.11gb,yolo-inference-755b67b9bb-mdq5n,default,yolo,580.173.02,GPU-d59cb1c4-ad97-d91a-6731-e7b5f38951a6
2026-08-16 04:38:24.085886,49.0,12,1g.11gb,yolo-inference-755b67b9bb-l2sjx,default,yolo,580.173.02,GPU-d59cb1c4-ad97-d91a-6731-e7b5f38951a6
2026-08-16 04:38:24.085886,49.0,13,1g.11gb,yolo-inference-755b67b9bb-vgskt,default,yolo,580.173.02,GPU-d59cb1c4-ad97-d91a-6731-e7b5f38951a6
2026-08-16 04:38:24.085886,49.0,7,1g.11gb,,,,580.173.02,GPU-d59cb1c4-ad97-d91a-6731-e7b5f38951a6
2026-08-16 04:38:24.085886,49.0,8,1g.11gb,yolo-inference-755b67b9bb-ttrzf,default,yolo,580.173.02,GPU-d59cb1c4-ad97-d91a-6731-e7b5f38951a6
2026-08-16 04:38:24.085886,49.0,9,1g.11gb,yolo-inference-755b67b9bb-pwhtx,default,yolo,580.173.02,GPU-d59cb1c4-ad97-d91a-6731-e7b5f38951a6
2026-08-16 04:38:29.084218,49.0,10,1g.11gb,yolo-inference-755b67b9bb-sf8hz,default,yolo,580.173.02,GPU-d59cb1c4-ad97-d91a-6731-e7b5f38951a6
2026-08-16 04:38:29.084218,49.0,11,1g.11gb,yolo-inference-755b67b9bb-mdq5n,default,yolo,580.173.02,GPU-d59cb1c4-ad97-d91a-6731-e7b5f38951a6
2026-08-16 04:38:29.084218,49.0,12,1g.11gb,yolo-inference-755b67b9bb-l2sjx,default,yolo,580.173.02,GPU-d59cb1c4-ad97-d91a-6731-e7b5f38951a6
2026-08-16 04:38:29.084218,49.0,13,1g.11gb,yolo-inference-755b67b9bb-vgskt,default,yolo,580.173.02,GPU-d59cb1c4-ad97-d91a-6731-e7b5f38951a6
2026-08-16 04:38:29.084218,49.0,7,1g.11gb,,,,580.173.02,GPU-d59cb1c4-ad97-d91a-6731-e7b5f38951a6
2026-08-16 04:38:29.084218,49.0,8,1g.11gb,yolo-inference-755b67b9bb-ttrzf,default,yolo,580.173.02,GPU-d59cb1c4-ad97-d91a-6731-e7b5f38951a6
2026-08-16 04:38:29.084218,49.0,9,1g.11gb,yolo-inference-755b67b9bb-pwhtx,default,yolo,580.173.02,GPU-d59cb1c4-ad97-d91a-6731-e7b5f38951a6
2026-08-16 04:38:34.088018,49.0,10,1g.11gb,yolo-inference-755b67b9bb-sf8hz,default,yolo,580.173.02,GPU-d59cb1c4-ad97-d91a-6731-e7b5f38951a6
2026-08-16 04:38:34.088018,49.0,11,1g.11gb,yolo-inference-755b67b9bb-mdq5n,default,yolo,580.173.02,GPU-d59cb1c4-ad97-d91a-6731-e7b5f38951a6
2026-08-16 04:38:34.088018,49.0,12,1g.11gb,yolo-inference-755b67b9bb-l2sjx,default,yolo,580.173.02,GPU-d59cb1c4-ad97-d91a-6731-e7b5f38951a6
2026-08-16 04:38:34.088018,49.0,13,1g.11gb,yolo-inference-755b67b9bb-vgskt,default,yolo,580.173.02,GPU-d59cb1c4-ad97-d91a-6731-e7b5f38951a6
2026-08-16 04:38:34.088018,49.0,7,1g.11gb,,,,580.173.02,GPU-d59cb1c4-ad97-d91a-6731-e7b5f38951a6
2026-08-16 04:38:34.088018,49.0,8,1g.11gb,yolo-inference-755b67b9bb-ttrzf,default,yolo,580.173.02,GPU-d59cb1c4-ad97-d91a-6731-e7b5f38951a6
2026-08-16 04:38:34.088018,49.0,9,1g.11gb,yolo-inference-755b67b9bb-pwhtx,default,yolo,580.173.02,GPU-d59cb1c4-ad97-d91a-6731-e7b5f38951a6
2026-08-16 04:38:39.087187,49.0,10,1g.11gb,yolo-inference-755b67b9bb-sf8hz,default,yolo,580.173.02,GPU-d59cb1c4-ad97-d91a-6731-e7b5f38951a6
2026-08-16 04:38:39.087187,49.0,11,1g.11gb,yolo-inference-755b67b9bb-mdq5n,default,yolo,580.173.02,GPU-d59cb1c4-ad97-d91a-6731-e7b5f38951a6
2026-08-16 04:38:39.087187,49.0,12,1g.11gb,yolo-inference-755b67b9bb-l2sjx,default,yolo,580.173.02,GPU-d59cb1c4-ad97-d91a-6731-e7b5f38951a6
2026-08-16 04:38:39.087187,49.0,13,1g.11gb,yolo-inference-755b67b9bb-vgskt,default,yolo,580.173.02,GPU-d59cb1c4-ad97-d91a-6731-e7b5f38951a6
2026-08-16 04:38:39.087187,49.0,7,1g.11gb,,,,580.173.02,GPU-d59cb1c4-ad97-d91a-6731-e7b5f38951a6
2026-08-16 04:38:39.087187,49.0,8,1g.11gb,yolo-inference-755b67b9bb-ttrzf,default,yolo,580.173.02,GPU-d59cb1c4-ad97-d91a-6731-e7b5f38951a6
2026-08-16 04:38:39.087187,49.0,9,1g.11gb,yolo-inference-755b67b9bb-pwhtx,default,yolo,580.173.02,GPU-d59cb1c4-ad97-d91a-6731-e7b5f38951a6
2026-08-16 04:38:44.088011,49.0,10,1g.11gb,yolo-inference-755b67b9bb-sf8hz,default,yolo,580.173.02,GPU-d59cb1c4-ad97-d91a-6731-e7b5f38951a6
2026-08-16 04:38:44.088011,49.0,11,1g.11gb,yolo-inference-755b67b9bb-mdq5n,default,yolo,580.173.02,GPU-d59cb1c4-ad97-d91a-6731-e7b5f38951a6
2026-08-16 04:38:44.088011,49.0,12,1g.11gb,yolo-inference-755b67b9bb-l2sjx,default,yolo,580.173.02,GPU-d59cb1c4-ad97-d91a-6731-e7b5f38951a6
2026-08-16 04:38:44.088011,49.0,13,1g.11gb,yolo-inference-755b67b9bb-vgskt,default,yolo,580.173.02,GPU-d59cb1c4-ad97-d91a-6731-e7b5f38951a6
2026-08-16 04:38:44.088011,49.0,7,1g.11gb,,,,580.173.02,GPU-d59cb1c4-ad97-d91a-6731-e7b5f38951a6
2026-08-16 04:38:44.088011,49.0,8,1g.11gb,yolo-inference-755b67b9bb-ttrzf,default,yolo,580.173.02,GPU-d59cb1c4-ad97-d91a-6731-e7b5f38951a6
2026-08-16 04:38:44.088011,49.0,9,1g.11gb,yolo-inference-755b67b9bb-pwhtx,default,yolo,580.173.02,GPU-d59cb1c4-ad97-d91a-6731-e7b5f38951a6
2026-08-16 04:38:49.084036,49.0,10,1g.11gb,yolo-inference-755b67b9bb-sf8hz,default,yolo,580.173.02,GPU-d59cb1c4-ad97-d91a-6731-e7b5f38951a6
2026-08-16 04:38:49.084036,49.0,11,1g.11gb,yolo-inference-755b67b9bb-mdq5n,default,yolo,580.173.02,GPU-d59cb1c4-ad97-d91a-6731-e7b5f38951a6
2026-08-16 04:38:49.084036,49.0,12,1g.11gb,yolo-inference-755b67b9bb-l2sjx,default,yolo,580.173.02,GPU-d59cb1c4-ad97-d91a-6731-e7b5f38951a6
2026-08-16 04:38:49.084036,49.0,13,1g.11gb,yolo-inference-755b67b9bb-vgskt,default,yolo,580.173.02,GPU-d59cb1c4-ad97-d91a-6731-e7b5f38951a6
2026-08-16 04:38:49.084036,49.0,7,1g.11gb,,,,580.173.02,GPU-d59cb1c4-ad97-d91a-6731-e7b5f38951a6
2026-08-16 04:38:49.084036,49.0,8,1g.11gb,yolo-inference-755b67b9bb-ttrzf,default,yolo,580.173.02,GPU-d59cb1c4-ad97-d91a-6731-e7b5f38951a6
2026-08-16 04:38:49.084036,49.0,9,1g.11gb,yolo-inference-755b67b9bb-pwhtx,default,yolo,580.173.02,GPU-d59cb1c4-ad97-d91a-6731-e7b5f38951a6
2026-08-16 04:38:54.086679,49.0,10,1g.11gb,yolo-inference-755b67b9bb-sf8hz,default,yolo,580.173.02,GPU-d59cb1c4-ad97-d91a-6731-e7b5f38951a6
2026-08-16 04:38:54.086679,49.0,11,1g.11gb,yolo-inference-755b67b9bb-mdq5n,default,yolo,580.173.02,GPU-d59cb1c4-ad97-d91a-6731-e7b5f38951a6
2026-08-16 04:38:54.086679,49.0,12,1g.11gb,yolo-inference-755b67b9bb-l2sjx,default,yolo,580.173.02,GPU-d59cb1c4-ad97-d91a-6731-e7b5f38951a6
2026-08-16 04:38:54.086679,49.0,13,1g.11gb,yolo-inference-755b67b9bb-vgskt,default,yolo,580.173.02,GPU-d59cb1c4-ad97-d91a-6731-e7b5f38951a6
2026-08-16 04:38:54.086679,49.0,7,1g.11gb,,,,580.173.02,GPU-d59cb1c4-ad97-d91a-6731-e7b5f38951a6
2026-08-16 04:38:54.086679,49.0,8,1g.11gb,yolo-inference-755b67b9bb-ttrzf,default,yolo,580.173.02,GPU-d59cb1c4-ad97-d91a-6731-e7b5f38951a6
2026-08-16 04:38:54.086679,49.0,9,1g.11gb,yolo-inference-755b67b9bb-pwhtx,default,yolo,580.173.02,GPU-d59cb1c4-ad97-d91a-6731-e7b5f38951a6
2026-08-16 04:38:59.088017,49.0,10,1g.11gb,yolo-inference-755b67b9bb-sf8hz,default,yolo,580.173.02,GPU-d59cb1c4-ad97-d91a-6731-e7b5f38951a6
2026-08-16 04:38:59.088017,49.0,11,1g.11gb,yolo-inference-755b67b9bb-mdq5n,default,yolo,580.173.02,GPU-d59cb1c4-ad97-d91a-6731-e7b5f38951a6
2026-08-16 04:38:59.088017,49.0,12,1g.11gb,yolo-inference-755b67b9bb-l2sjx,default,yolo,580.173.02,GPU-d59cb1c4-ad97-d91a-6731-e7b5f38951a6
2026-08-16 04:38:59.088017,49.0,13,1g.11gb,yolo-inference-755b67b9bb-vgskt,default,yolo,580.173.02,GPU-d59cb1c4-ad97-d91a-6731-e7b5f38951a6
2026-08-16 04:38:59.088017,49.0,7,1g.11gb,,,,580.173.02,GPU-d59cb1c4-ad97-d91a-6731-e7b5f38951a6
2026-08-16 04:38:59.088017,49.0,8,1g.11gb,yolo-inference-755b67b9bb-ttrzf,default,yolo,580.173.02,GPU-d59cb1c4-ad97-d91a-6731-e7b5f38951a6
2026-08-16 04:38:59.088017,49.0,9,1g.11gb,yolo-inference-755b67b9bb-pwhtx,default,yolo,580.173.02,GPU-d59cb1c4-ad97-d91a-6731-e7b5f38951a6
2026-08-16 04:39:04.087875,49.0,10,1g.11gb,yolo-inference-755b67b9bb-sf8hz,default,yolo,580.173.02,GPU-d59cb1c4-ad97-d91a-6731-e7b5f38951a6
2026-08-16 04:39:04.087875,49.0,11,1g.11gb,yolo-inference-755b67b9bb-mdq5n,default,yolo,580.173.02,GPU-d59cb1c4-ad97-d91a-6731-e7b5f38951a6
2026-08-16 04:39:04.087875,49.0,12,1g.11gb,yolo-inference-755b67b9bb-l2sjx,default,yolo,580.173.02,GPU-d59cb1c4-ad97-d91a-6731-e7b5f38951a6
2026-08-16 04:39:04.087875,49.0,13,1g.11gb,yolo-inference-755b67b9bb-vgskt,default,yolo,580.173.02,GPU-d59cb1c4-ad97-d91a-6731-e7b5f38951a6
2026-08-16 04:39:04.087875,49.0,7,1g.11gb,,,,580.173.02,GPU-d59cb1c4-ad97-d91a-6731-e7b5f38951a6
2026-08-16 04:39:04.087875,49.0,8,1g.11gb,yolo-inference-755b67b9bb-ttrzf,default,yolo,580.173.02,GPU-d59cb1c4-ad97-d91a-6731-e7b5f38951a6
2026-08-16 04:39:04.087875,49.0,9,1g.11gb,yolo-inference-755b67b9bb-pwhtx,default,yolo,580.173.02,GPU-d59cb1c4-ad97-d91a-6731-e7b5f38951a6
2026-08-16 04:39:09.088020,49.0,10,1g.11gb,yolo-inference-755b67b9bb-sf8hz,default,yolo,580.173.02,GPU-d59cb1c4-ad97-d91a-6731-e7b5f38951a6
2026-08-16 04:39:09.088020,49.0,11,1g.11gb,yolo-inference-755b67b9bb-mdq5n,default,yolo,580.173.02,GPU-d59cb1c4-ad97-d91a-6731-e7b5f38951a6
2026-08-16 04:39:09.088020,49.0,12,1g.11gb,yolo-inference-755b67b9bb-l2sjx,default,yolo,580.173.02,GPU-d59cb1c4-ad97-d91a-6731-e7b5f38951a6
2026-08-16 04:39:09.088020,49.0,13,1g.11gb,yolo-inference-755b67b9bb-vgskt,default,yolo,580.173.02,GPU-d59cb1c4-ad97-d91a-6731-e7b5f38951a6
2026-08-16 04:39:09.088020,49.0,7,1g.11gb,,,,580.173.02,GPU-d59cb1c4-ad97-d91a-6731-e7b5f38951a6
2026-08-16 04:39:09.088020,49.0,8,1g.11gb,yolo-inference-755b67b9bb-ttrzf,default,yolo,580.173.02,GPU-d59cb1c4-ad97-d91a-6731-e7b5f38951a6
2026-08-16 04:39:09.088020,49.0,9,1g.11gb,yolo-inference-755b67b9bb-pwhtx,default,yolo,580.173.02,GPU-d59cb1c4-ad97-d91a-6731-e7b5f38951a6
2026-08-16 04:39:14.087090,49.0,10,1g.11gb,yolo-inference-755b67b9bb-sf8hz,default,yolo,580.173.02,GPU-d59cb1c4-ad97-d91a-6731-e7b5f38951a6
2026-08-16 04:39:14.087090,49.0,11,1g.11gb,yolo-inference-755b67b9bb-mdq5n,default,yolo,580.173.02,GPU-d59cb1c4-ad97-d91a-6731-e7b5f38951a6
2026-08-16 04:39:14.087090,49.0,12,1g.11gb,yolo-inference-755b67b9bb-l2sjx,default,yolo,580.173.02,GPU-d59cb1c4-ad97-d91a-6731-e7b5f38951a6
2026-08-16 04:39:14.087090,49.0,13,1g.11gb,yolo-inference-755b67b9bb-vgskt,default,yolo,580.173.02,GPU-d59cb1c4-ad97-d91a-6731-e7b5f38951a6
2026-08-16 04:39:14.087090,49.0,7,1g.11gb,,,,580.173.02,GPU-d59cb1c4-ad97-d91a-6731-e7b5f38951a6
2026-08-16 04:39:14.087090,49.0,8,1g.11gb,yolo-inference-755b67b9bb-ttrzf,default,yolo,580.173.02,GPU-d59cb1c4-ad97-d91a-6731-e7b5f38951a6
2026-08-16 04:39:14.087090,49.0,9,1g.11gb,yolo-inference-755b67b9bb-pwhtx,default,yolo,580.173.02,GPU-d59cb1c4-ad97-d91a-6731-e7b5f38951a6
2026-08-16 04:39:19.088013,49.0,10,1g.11gb,yolo-inference-755b67b9bb-sf8hz,default,yolo,580.173.02,GPU-d59cb1c4-ad97-d91a-6731-e7b5f38951a6
2026-08-16 04:39:19.088013,49.0,11,1g.11gb,yolo-inference-755b67b9bb-mdq5n,default,yolo,580.173.02,GPU-d59cb1c4-ad97-d91a-6731-e7b5f38951a6
2026-08-16 04:39:19.088013,49.0,12,1g.11gb,yolo-inference-755b67b9bb-l2sjx,default,yolo,580.173.02,GPU-d59cb1c4-ad97-d91a-6731-e7b5f38951a6
2026-08-16 04:39:19.088013,49.0,13,1g.11gb,yolo-inference-755b67b9bb-vgskt,default,yolo,580.173.02,GPU-d59cb1c4-ad97-d91a-6731-e7b5f38951a6
2026-08-16 04:39:19.088013,49.0,7,1g.11gb,,,,580.173.02,GPU-d59cb1c4-ad97-d91a-6731-e7b5f38951a6
2026-08-16 04:39:19.088013,49.0,8,1g.11gb,yolo-inference-755b67b9bb-ttrzf,default,yolo,580.173.02,GPU-d59cb1c4-ad97-d91a-6731-e7b5f38951a6
2026-08-16 04:39:19.088013,49.0,9,1g.11gb,yolo-inference-755b67b9bb-pwhtx,default,yolo,580.173.02,GPU-d59cb1c4-ad97-d91a-6731-e7b5f38951a6
2026-08-16 04:39:24.085634,49.0,10,1g.11gb,yolo-inference-755b67b9bb-sf8hz,default,yolo,580.173.02,GPU-d59cb1c4-ad97-d91a-6731-e7b5f38951a6
2026-08-16 04:39:24.085634,49.0,11,1g.11gb,yolo-inference-755b67b9bb-mdq5n,default,yolo,580.173.02,GPU-d59cb1c4-ad97-d91a-6731-e7b5f38951a6
2026-08-16 04:39:24.085634,49.0,12,1g.11gb,yolo-inference-755b67b9bb-l2sjx,default,yolo,580.173.02,GPU-d59cb1c4-ad97-d91a-6731-e7b5f38951a6
2026-08-16 04:39:24.085634,49.0,13,1g.11gb,yolo-inference-755b67b9bb-vgskt,default,yolo,580.173.02,GPU-d59cb1c4-ad97-d91a-6731-e7b5f38951a6
2026-08-16 04:39:24.085634,49.0,7,1g.11gb,,,,580.173.02,GPU-d59cb1c4-ad97-d91a-6731-e7b5f38951a6
2026-08-16 04:39:24.085634,49.0,8,1g.11gb,yolo-inference-755b67b9bb-ttrzf,default,yolo,580.173.02,GPU-d59cb1c4-ad97-d91a-6731-e7b5f38951a6
2026-08-16 04:39:24.085634,49.0,9,1g.11gb,yolo-inference-755b67b9bb-pwhtx,default,yolo,580.173.02,GPU-d59cb1c4-ad97-d91a-6731-e7b5f38951a6
2026-08-16 04:39:29.088020,49.0,10,1g.11gb,yolo-inference-755b67b9bb-sf8hz,default,yolo,580.173.02,GPU-d59cb1c4-ad97-d91a-6731-e7b5f38951a6
2026-08-16 04:39:29.088020,49.0,11,1g.11gb,yolo-inference-755b67b9bb-mdq5n,default,yolo,580.173.02,GPU-d59cb1c4-ad97-d91a-6731-e7b5f38951a6
2026-08-16 04:39:29.088020,49.0,12,1g.11gb,yolo-inference-755b67b9bb-l2sjx,default,yolo,580.173.02,GPU-d59cb1c4-ad97-d91a-6731-e7b5f38951a6
2026-08-16 04:39:29.088020,49.0,13,1g.11gb,yolo-inference-755b67b9bb-vgskt,default,yolo,580.173.02,GPU-d59cb1c4-ad97-d91a-6731-e7b5f38951a6
2026-08-16 04:39:29.088020,49.0,7,1g.11gb,,,,580.173.02,GPU-d59cb1c4-ad97-d91a-6731-e7b5f38951a6
2026-08-16 04:39:29.088020,49.0,8,1g.11gb,yolo-inference-755b67b9bb-ttrzf,default,yolo,580.173.02,GPU-d59cb1c4-ad97-d91a-6731-e7b5f38951a6
2026-08-16 04:39:29.088020,49.0,9,1g.11gb,yolo-inference-755b67b9bb-pwhtx,default,yolo,580.173.02,GPU-d59cb1c4-ad97-d91a-6731-e7b5f38951a6
2026-08-16 04:39:34.086401,49.0,10,1g.11gb,yolo-inference-755b67b9bb-sf8hz,default,yolo,580.173.02,GPU-d59cb1c4-ad97-d91a-6731-e7b5f38951a6
2026-08-16 04:39:34.086401,49.0,11,1g.11gb,yolo-inference-755b67b9bb-mdq5n,default,yolo,580.173.02,GPU-d59cb1c4-ad97-d91a-6731-e7b5f38951a6
2026-08-16 04:39:34.086401,49.0,12,1g.11gb,yolo-inference-755b67b9bb-l2sjx,default,yolo,580.173.02,GPU-d59cb1c4-ad97-d91a-6731-e7b5f38951a6
2026-08-16 04:39:34.086401,49.0,13,1g.11gb,yolo-inference-755b67b9bb-vgskt,default,yolo,580.173.02,GPU-d59cb1c4-ad97-d91a-6731-e7b5f38951a6
2026-08-16 04:39:34.086401,49.0,7,1g.11gb,,,,580.173.02,GPU-d59cb1c4-ad97-d91a-6731-e7b5f38951a6
2026-08-16 04:39:34.086401,49.0,8,1g.11gb,yolo-inference-755b67b9bb-ttrzf,default,yolo,580.173.02,GPU-d59cb1c4-ad97-d91a-6731-e7b5f38951a6
2026-08-16 04:39:34.086401,49.0,9,1g.11gb,yolo-inference-755b67b9bb-pwhtx,default,yolo,580.173.02,GPU-d59cb1c4-ad97-d91a-6731-e7b5f38951a6
2026-08-16 04:39:39.088039,49.0,10,1g.11gb,yolo-inference-755b67b9bb-sf8hz,default,yolo,580.173.02,GPU-d59cb1c4-ad97-d91a-6731-e7b5f38951a6
2026-08-16 04:39:39.088039,49.0,11,1g.11gb,yolo-inference-755b67b9bb-mdq5n,default,yolo,580.173.02,GPU-d59cb1c4-ad97-d91a-6731-e7b5f38951a6
2026-08-16 04:39:39.088039,49.0,12,1g.11gb,yolo-inference-755b67b9bb-l2sjx,default,yolo,580.173.02,GPU-d59cb1c4-ad97-d91a-6731-e7b5f38951a6
2026-08-16 04:39:39.088039,49.0,13,1g.11gb,yolo-inference-755b67b9bb-vgskt,default,yolo,580.173.02,GPU-d59cb1c4-ad97-d91a-6731-e7b5f38951a6
2026-08-16 04:39:39.088039,49.0,7,1g.11gb,,,,580.173.02,GPU-d59cb1c4-ad97-d91a-6731-e7b5f38951a6
2026-08-16 04:39:39.088039,49.0,8,1g.11gb,yolo-inference-755b67b9bb-ttrzf,default,yolo,580.173.02,GPU-d59cb1c4-ad97-d91a-6731-e7b5f38951a6
2026-08-16 04:39:39.088039,49.0,9,1g.11gb,yolo-inference-755b67b9bb-pwhtx,default,yolo,580.173.02,GPU-d59cb1c4-ad97-d91a-6731-e7b5f38951a6
2026-08-16 04:39:44.088050,49.0,10,1g.11gb,yolo-inference-755b67b9bb-sf8hz,default,yolo,580.173.02,GPU-d59cb1c4-ad97-d91a-6731-e7b5f38951a6
2026-08-16 04:39:44.088050,49.0,11,1g.11gb,yolo-inference-755b67b9bb-mdq5n,default,yolo,580.173.02,GPU-d59cb1c4-ad97-d91a-6731-e7b5f38951a6
2026-08-16 04:39:44.088050,49.0,12,1g.11gb,yolo-inference-755b67b9bb-l2sjx,default,yolo,580.173.02,GPU-d59cb1c4-ad97-d91a-6731-e7b5f38951a6
2026-08-16 04:39:44.088050,49.0,13,1g.11gb,yolo-inference-755b67b9bb-vgskt,default,yolo,580.173.02,GPU-d59cb1c4-ad97-d91a-6731-e7b5f38951a6
2026-08-16 04:39:44.088050,49.0,7,1g.11gb,,,,580.173.02,GPU-d59cb1c4-ad97-d91a-6731-e7b5f38951a6
2026-08-16 04:39:44.088050,49.0,8,1g.11gb,yolo-inference-755b67b9bb-ttrzf,default,yolo,580.173.02,GPU-d59cb1c4-ad97-d91a-6731-e7b5f38951a6
2026-08-16 04:39:44.088050,49.0,9,1g.11gb,yolo-inference-755b67b9bb-pwhtx,default,yolo,580.173.02,GPU-d59cb1c4-ad97-d91a-6731-e7b5f38951a6
2026-08-16 04:39:49.085338,49.0,10,1g.11gb,yolo-inference-755b67b9bb-sf8hz,default,yolo,580.173.02,GPU-d59cb1c4-ad97-d91a-6731-e7b5f38951a6
2026-08-16 04:39:49.085338,49.0,11,1g.11gb,yolo-inference-755b67b9bb-mdq5n,default,yolo,580.173.02,GPU-d59cb1c4-ad97-d91a-6731-e7b5f38951a6
2026-08-16 04:39:49.085338,49.0,12,1g.11gb,yolo-inference-755b67b9bb-l2sjx,default,yolo,580.173.02,GPU-d59cb1c4-ad97-d91a-6731-e7b5f38951a6
2026-08-16 04:39:49.085338,49.0,13,1g.11gb,yolo-inference-755b67b9bb-vgskt,default,yolo,580.173.02,GPU-d59cb1c4-ad97-d91a-6731-e7b5f38951a6
2026-08-16 04:39:49.085338,49.0,7,1g.11gb,,,,580.173.02,GPU-d59cb1c4-ad97-d91a-6731-e7b5f38951a6
2026-08-16 04:39:49.085338,49.0,8,1g.11gb,yolo-inference-755b67b9bb-ttrzf,default,yolo,580.173.02,GPU-d59cb1c4-ad97-d91a-6731-e7b5f38951a6
2026-08-16 04:39:49.085338,49.0,9,1g.11gb,yolo-inference-755b67b9bb-pwhtx,default,yolo,580.173.02,GPU-d59cb1c4-ad97-d91a-6731-e7b5f38951a6
2026-08-16 04:39:54.087271,49.0,10,1g.11gb,yolo-inference-755b67b9bb-sf8hz,default,yolo,580.173.02,GPU-d59cb1c4-ad97-d91a-6731-e7b5f38951a6
2026-08-16 04:39:54.087271,49.0,11,1g.11gb,yolo-inference-755b67b9bb-mdq5n,default,yolo,580.173.02,GPU-d59cb1c4-ad97-d91a-6731-e7b5f38951a6
2026-08-16 04:39:54.087271,49.0,12,1g.11gb,yolo-inference-755b67b9bb-l2sjx,default,yolo,580.173.02,GPU-d59cb1c4-ad97-d91a-6731-e7b5f38951a6
2026-08-16 04:39:54.087271,49.0,13,1g.11gb,yolo-inference-755b67b9bb-vgskt,default,yolo,580.173.02,GPU-d59cb1c4-ad97-d91a-6731-e7b5f38951a6
2026-08-16 04:39:54.087271,49.0,7,1g.11gb,,,,580.173.02,GPU-d59cb1c4-ad97-d91a-6731-e7b5f38951a6
2026-08-16 04:39:54.087271,49.0,8,1g.11gb,yolo-inference-755b67b9bb-ttrzf,default,yolo,580.173.02,GPU-d59cb1c4-ad97-d91a-6731-e7b5f38951a6
2026-08-16 04:39:54.087271,49.0,9,1g.11gb,yolo-inference-755b67b9bb-pwhtx,default,yolo,580.173.02,GPU-d59cb1c4-ad97-d91a-6731-e7b5f38951a6
2026-08-16 04:39:59.087975,49.0,10,1g.11gb,yolo-inference-755b67b9bb-sf8hz,default,yolo,580.173.02,GPU-d59cb1c4-ad97-d91a-6731-e7b5f38951a6
2026-08-16 04:39:59.087975,49.0,11,1g.11gb,yolo-inference-755b67b9bb-mdq5n,default,yolo,580.173.02,GPU-d59cb1c4-ad97-d91a-6731-e7b5f38951a6
2026-08-16 04:39:59.087975,49.0,12,1g.11gb,yolo-inference-755b67b9bb-l2sjx,default,yolo,580.173.02,GPU-d59cb1c4-ad97-d91a-6731-e7b5f38951a6
2026-08-16 04:39:59.087975,49.0,13,1g.11gb,yolo-inference-755b67b9bb-vgskt,default,yolo,580.173.02,GPU-d59cb1c4-ad97-d91a-6731-e7b5f38951a6
2026-08-16 04:39:59.087975,49.0,7,1g.11gb,,,,580.173.02,GPU-d59cb1c4-ad97-d91a-6731-e7b5f38951a6
2026-08-16 04:39:59.087975,49.0,8,1g.11gb,yolo-inference-755b67b9bb-ttrzf,default,yolo,580.173.02,GPU-d59cb1c4-ad97-d91a-6731-e7b5f38951a6
2026-08-16 04:39:59.087975,49.0,9,1g.11gb,yolo-inference-755b67b9bb-pwhtx,default,yolo,580.173.02,GPU-d59cb1c4-ad97-d91a-6731-e7b5f38951a6
2026-08-16 04:40:04.088036,49.0,10,1g.11gb,yolo-inference-755b67b9bb-sf8hz,default,yolo,580.173.02,GPU-d59cb1c4-ad97-d91a-6731-e7b5f38951a6
2026-08-16 04:40:04.088036,49.0,11,1g.11gb,yolo-inference-755b67b9bb-mdq5n,default,yolo,580.173.02,GPU-d59cb1c4-ad97-d91a-6731-e7b5f38951a6
2026-08-16 04:40:04.088036,49.0,12,1g.11gb,yolo-inference-755b67b9bb-l2sjx,default,yolo,580.173.02,GPU-d59cb1c4-ad97-d91a-6731-e7b5f38951a6
2026-08-16 04:40:04.088036,49.0,13,1g.11gb,yolo-inference-755b67b9bb-vgskt,default,yolo,580.173.02,GPU-d59cb1c4-ad97-d91a-6731-e7b5f38951a6
2026-08-16 04:40:04.088036,49.0,7,1g.11gb,,,,580.173.02,GPU-d59cb1c4-ad97-d91a-6731-e7b5f38951a6
2026-08-16 04:40:04.088036,49.0,8,1g.11gb,yolo-inference-755b67b9bb-ttrzf,default,yolo,580.173.02,GPU-d59cb1c4-ad97-d91a-6731-e7b5f38951a6
2026-08-16 04:40:04.088036,49.0,9,1g.11gb,yolo-inference-755b67b9bb-pwhtx,default,yolo,580.173.02,GPU-d59cb1c4-ad97-d91a-6731-e7b5f38951a6
2026-08-16 04:40:09.088000,49.0,10,1g.11gb,yolo-inference-755b67b9bb-sf8hz,default,yolo,580.173.02,GPU-d59cb1c4-ad97-d91a-6731-e7b5f38951a6
2026-08-16 04:40:09.088000,49.0,11,1g.11gb,yolo-inference-755b67b9bb-mdq5n,default,yolo,580.173.02,GPU-d59cb1c4-ad97-d91a-6731-e7b5f38951a6
2026-08-16 04:40:09.088000,49.0,12,1g.11gb,yolo-inference-755b67b9bb-l2sjx,default,yolo,580.173.02,GPU-d59cb1c4-ad97-d91a-6731-e7b5f38951a6
2026-08-16 04:40:09.088000,49.0,13,1g.11gb,yolo-inference-755b67b9bb-vgskt,default,yolo,580.173.02,GPU-d59cb1c4-ad97-d91a-6731-e7b5f38951a6
2026-08-16 04:40:09.088000,49.0,7,1g.11gb,,,,580.173.02,GPU-d59cb1c4-ad97-d91a-6731-e7b5f38951a6
2026-08-16 04:40:09.088000,49.0,8,1g.11gb,yolo-inference-755b67b9bb-ttrzf,default,yolo,580.173.02,GPU-d59cb1c4-ad97-d91a-6731-e7b5f38951a6
2026-08-16 04:40:09.088000,49.0,9,1g.11gb,yolo-inference-755b67b9bb-pwhtx,default,yolo,580.173.02,GPU-d59cb1c4-ad97-d91a-6731-e7b5f38951a6
2026-08-16 04:40:14.088029,49.0,10,1g.11gb,yolo-inference-755b67b9bb-sf8hz,default,yolo,580.173.02,GPU-d59cb1c4-ad97-d91a-6731-e7b5f38951a6
2026-08-16 04:40:14.088029,49.0,11,1g.11gb,yolo-inference-755b67b9bb-mdq5n,default,yolo,580.173.02,GPU-d59cb1c4-ad97-d91a-6731-e7b5f38951a6
2026-08-16 04:40:14.088029,49.0,12,1g.11gb,yolo-inference-755b67b9bb-l2sjx,default,yolo,580.173.02,GPU-d59cb1c4-ad97-d91a-6731-e7b5f38951a6
2026-08-16 04:40:14.088029,49.0,13,1g.11gb,yolo-inference-755b67b9bb-vgskt,default,yolo,580.173.02,GPU-d59cb1c4-ad97-d91a-6731-e7b5f38951a6
2026-08-16 04:40:14.088029,49.0,7,1g.11gb,,,,580.173.02,GPU-d59cb1c4-ad97-d91a-6731-e7b5f38951a6
2026-08-16 04:40:14.088029,49.0,8,1g.11gb,yolo-inference-755b67b9bb-ttrzf,default,yolo,580.173.02,GPU-d59cb1c4-ad97-d91a-6731-e7b5f38951a6
2026-08-16 04:40:14.088029,49.0,9,1g.11gb,yolo-inference-755b67b9bb-pwhtx,default,yolo,580.173.02,GPU-d59cb1c4-ad97-d91a-6731-e7b5f38951a6
2026-08-16 04:40:19.085885,49.0,10,1g.11gb,yolo-inference-755b67b9bb-sf8hz,default,yolo,580.173.02,GPU-d59cb1c4-ad97-d91a-6731-e7b5f38951a6
2026-08-16 04:40:19.085885,49.0,11,1g.11gb,yolo-inference-755b67b9bb-mdq5n,default,yolo,580.173.02,GPU-d59cb1c4-ad97-d91a-6731-e7b5f38951a6
2026-08-16 04:40:19.085885,49.0,12,1g.11gb,yolo-inference-755b67b9bb-l2sjx,default,yolo,580.173.02,GPU-d59cb1c4-ad97-d91a-6731-e7b5f38951a6
2026-08-16 04:40:19.085885,49.0,13,1g.11gb,yolo-inference-755b67b9bb-vgskt,default,yolo,580.173.02,GPU-d59cb1c4-ad97-d91a-6731-e7b5f38951a6
2026-08-16 04:40:19.085885,49.0,7,1g.11gb,,,,580.173.02,GPU-d59cb1c4-ad97-d91a-6731-e7b5f38951a6
2026-08-16 04:40:19.085885,49.0,8,1g.11gb,yolo-inference-755b67b9bb-ttrzf,default,yolo,580.173.02,GPU-d59cb1c4-ad97-d91a-6731-e7b5f38951a6
2026-08-16 04:40:19.085885,49.0,9,1g.11gb,yolo-inference-755b67b9bb-pwhtx,default,yolo,580.173.02,GPU-d59cb1c4-ad97-d91a-6731-e7b5f38951a6
2026-08-16 04:40:24.087114,49.0,10,1g.11gb,yolo-inference-755b67b9bb-sf8hz,default,yolo,580.173.02,GPU-d59cb1c4-ad97-d91a-6731-e7b5f38951a6
2026-08-16 04:40:24.087114,49.0,11,1g.11gb,yolo-inference-755b67b9bb-mdq5n,default,yolo,580.173.02,GPU-d59cb1c4-ad97-d91a-6731-e7b5f38951a6
2026-08-16 04:40:24.087114,49.0,12,1g.11gb,yolo-inference-755b67b9bb-l2sjx,default,yolo,580.173.02,GPU-d59cb1c4-ad97-d91a-6731-e7b5f38951a6
2026-08-16 04:40:24.087114,49.0,13,1g.11gb,yolo-inference-755b67b9bb-vgskt,default,yolo,580.173.02,GPU-d59cb1c4-ad97-d91a-6731-e7b5f38951a6
2026-08-16 04:40:24.087114,49.0,7,1g.11gb,,,,580.173.02,GPU-d59cb1c4-ad97-d91a-6731-e7b5f38951a6
2026-08-16 04:40:24.087114,49.0,8,1g.11gb,yolo-inference-755b67b9bb-ttrzf,default,yolo,580.173.02,GPU-d59cb1c4-ad97-d91a-6731-e7b5f38951a6
2026-08-16 04:40:24.087114,49.0,9,1g.11gb,yolo-inference-755b67b9bb-pwhtx,default,yolo,580.173.02,GPU-d59cb1c4-ad97-d91a-6731-e7b5f38951a6
2026-08-16 04:40:29.087976,49.0,10,1g.11gb,yolo-inference-755b67b9bb-sf8hz,default,yolo,580.173.02,GPU-d59cb1c4-ad97-d91a-6731-e7b5f38951a6
2026-08-16 04:40:29.087976,49.0,11,1g.11gb,yolo-inference-755b67b9bb-mdq5n,default,yolo,580.173.02,GPU-d59cb1c4-ad97-d91a-6731-e7b5f38951a6
2026-08-16 04:40:29.087976,49.0,12,1g.11gb,yolo-inference-755b67b9bb-l2sjx,default,yolo,580.173.02,GPU-d59cb1c4-ad97-d91a-6731-e7b5f38951a6
2026-08-16 04:40:29.087976,49.0,13,1g.11gb,yolo-inference-755b67b9bb-vgskt,default,yolo,580.173.02,GPU-d59cb1c4-ad97-d91a-6731-e7b5f38951a6
2026-08-16 04:40:29.087976,49.0,7,1g.11gb,,,,580.173.02,GPU-d59cb1c4-ad97-d91a-6731-e7b5f38951a6
2026-08-16 04:40:29.087976,49.0,8,1g.11gb,yolo-inference-755b67b9bb-ttrzf,default,yolo,580.173.02,GPU-d59cb1c4-ad97-d91a-6731-e7b5f38951a6
2026-08-16 04:40:29.087976,49.0,9,1g.11gb,yolo-inference-755b67b9bb-pwhtx,default,yolo,580.173.02,GPU-d59cb1c4-ad97-d91a-6731-e7b5f38951a6
2026-08-16 04:40:34.084313,49.0,10,1g.11gb,yolo-inference-755b67b9bb-sf8hz,default,yolo,580.173.02,GPU-d59cb1c4-ad97-d91a-6731-e7b5f38951a6
2026-08-16 04:40:34.084313,49.0,11,1g.11gb,yolo-inference-755b67b9bb-mdq5n,default,yolo,580.173.02,GPU-d59cb1c4-ad97-d91a-6731-e7b5f38951a6
2026-08-16 04:40:34.084313,49.0,12,1g.11gb,yolo-inference-755b67b9bb-l2sjx,default,yolo,580.173.02,GPU-d59cb1c4-ad97-d91a-6731-e7b5f38951a6
2026-08-16 04:40:34.084313,49.0,13,1g.11gb,yolo-inference-755b67b9bb-vgskt,default,yolo,580.173.02,GPU-d59cb1c4-ad97-d91a-6731-e7b5f38951a6
2026-08-16 04:40:34.084313,49.0,7,1g.11gb,,,,580.173.02,GPU-d59cb1c4-ad97-d91a-6731-e7b5f38951a6
2026-08-16 04:40:34.084313,49.0,8,1g.11gb,yolo-inference-755b67b9bb-ttrzf,default,yolo,580.173.02,GPU-d59cb1c4-ad97-d91a-6731-e7b5f38951a6
2026-08-16 04:40:34.084313,49.0,9,1g.11gb,yolo-inference-755b67b9bb-pwhtx,default,yolo,580.173.02,GPU-d59cb1c4-ad97-d91a-6731-e7b5f38951a6
2026-08-16 04:40:39.083240,49.0,10,1g.11gb,yolo-inference-755b67b9bb-sf8hz,default,yolo,580.173.02,GPU-d59cb1c4-ad97-d91a-6731-e7b5f38951a6
2026-08-16 04:40:39.083240,49.0,11,1g.11gb,yolo-inference-755b67b9bb-mdq5n,default,yolo,580.173.02,GPU-d59cb1c4-ad97-d91a-6731-e7b5f38951a6
2026-08-16 04:40:39.083240,49.0,12,1g.11gb,yolo-inference-755b67b9bb-l2sjx,default,yolo,580.173.02,GPU-d59cb1c4-ad97-d91a-6731-e7b5f38951a6
2026-08-16 04:40:39.083240,49.0,13,1g.11gb,yolo-inference-755b67b9bb-vgskt,default,yolo,580.173.02,GPU-d59cb1c4-ad97-d91a-6731-e7b5f38951a6
2026-08-16 04:40:39.083240,49.0,7,1g.11gb,,,,580.173.02,GPU-d59cb1c4-ad97-d91a-6731-e7b5f38951a6
2026-08-16 04:40:39.083240,49.0,8,1g.11gb,yolo-inference-755b67b9bb-ttrzf,default,yolo,580.173.02,GPU-d59cb1c4-ad97-d91a-6731-e7b5f38951a6
2026-08-16 04:40:39.083240,49.0,9,1g.11gb,yolo-inference-755b67b9bb-pwhtx,default,yolo,580.173.02,GPU-d59cb1c4-ad97-d91a-6731-e7b5f38951a6
2026-08-16 04:40:44.088027,49.0,10,1g.11gb,yolo-inference-755b67b9bb-sf8hz,default,yolo,580.173.02,GPU-d59cb1c4-ad97-d91a-6731-e7b5f38951a6
2026-08-16 04:40:44.088027,49.0,11,1g.11gb,yolo-inference-755b67b9bb-mdq5n,default,yolo,580.173.02,GPU-d59cb1c4-ad97-d91a-6731-e7b5f38951a6
2026-08-16 04:40:44.088027,49.0,12,1g.11gb,yolo-inference-755b67b9bb-l2sjx,default,yolo,580.173.02,GPU-d59cb1c4-ad97-d91a-6731-e7b5f38951a6
2026-08-16 04:40:44.088027,49.0,13,1g.11gb,yolo-inference-755b67b9bb-vgskt,default,yolo,580.173.02,GPU-d59cb1c4-ad97-d91a-6731-e7b5f38951a6
2026-08-16 04:40:44.088027,49.0,7,1g.11gb,,,,580.173.02,GPU-d59cb1c4-ad97-d91a-6731-e7b5f38951a6
2026-08-16 04:40:44.088027,49.0,8,1g.11gb,yolo-inference-755b67b9bb-ttrzf,default,yolo,580.173.02,GPU-d59cb1c4-ad97-d91a-6731-e7b5f38951a6
2026-08-16 04:40:44.088027,49.0,9,1g.11gb,yolo-inference-755b67b9bb-pwhtx,default,yolo,580.173.02,GPU-d59cb1c4-ad97-d91a-6731-e7b5f38951a6
2026-08-16 04:40:49.088027,49.0,10,1g.11gb,yolo-inference-755b67b9bb-sf8hz,default,yolo,580.173.02,GPU-d59cb1c4-ad97-d91a-6731-e7b5f38951a6
2026-08-16 04:40:49.088027,49.0,11,1g.11gb,yolo-inference-755b67b9bb-mdq5n,default,yolo,580.173.02,GPU-d59cb1c4-ad97-d91a-6731-e7b5f38951a6
2026-08-16 04:40:49.088027,49.0,12,1g.11gb,yolo-inference-755b67b9bb-l2sjx,default,yolo,580.173.02,GPU-d59cb1c4-ad97-d91a-6731-e7b5f38951a6
2026-08-16 04:40:49.088027,49.0,13,1g.11gb,yolo-inference-755b67b9bb-vgskt,default,yolo,580.173.02,GPU-d59cb1c4-ad97-d91a-6731-e7b5f38951a6
2026-08-16 04:40:49.088027,49.0,7,1g.11gb,,,,580.173.02,GPU-d59cb1c4-ad97-d91a-6731-e7b5f38951a6
2026-08-16 04:40:49.088027,49.0,8,1g.11gb,yolo-inference-755b67b9bb-ttrzf,default,yolo,580.173.02,GPU-d59cb1c4-ad97-d91a-6731-e7b5f38951a6
2026-08-16 04:40:49.088027,49.0,9,1g.11gb,yolo-inference-755b67b9bb-pwhtx,default,yolo,580.173.02,GPU-d59cb1c4-ad97-d91a-6731-e7b5f38951a6
2026-08-16 04:40:54.088002,49.0,10,1g.11gb,yolo-inference-755b67b9bb-sf8hz,default,yolo,580.173.02,GPU-d59cb1c4-ad97-d91a-6731-e7b5f38951a6
2026-08-16 04:40:54.088002,49.0,11,1g.11gb,yolo-inference-755b67b9bb-mdq5n,default,yolo,580.173.02,GPU-d59cb1c4-ad97-d91a-6731-e7b5f38951a6
2026-08-16 04:40:54.088002,49.0,12,1g.11gb,yolo-inference-755b67b9bb-l2sjx,default,yolo,580.173.02,GPU-d59cb1c4-ad97-d91a-6731-e7b5f38951a6
2026-08-16 04:40:54.088002,49.0,13,1g.11gb,yolo-inference-755b67b9bb-vgskt,default,yolo,580.173.02,GPU-d59cb1c4-ad97-d91a-6731-e7b5f38951a6
2026-08-16 04:40:54.088002,49.0,7,1g.11gb,,,,580.173.02,GPU-d59cb1c4-ad97-d91a-6731-e7b5f38951a6
2026-08-16 04:40:54.088002,49.0,8,1g.11gb,yolo-inference-755b67b9bb-ttrzf,default,yolo,580.173.02,GPU-d59cb1c4-ad97-d91a-6731-e7b5f38951a6
2026-08-16 04:40:54.088002,49.0,9,1g.11gb,yolo-inference-755b67b9bb-pwhtx,default,yolo,580.173.02,GPU-d59cb1c4-ad97-d91a-6731-e7b5f38951a6
2026-08-16 04:40:59.083892,49.0,10,1g.11gb,yolo-inference-755b67b9bb-sf8hz,default,yolo,580.173.02,GPU-d59cb1c4-ad97-d91a-6731-e7b5f38951a6
2026-08-16 04:40:59.083892,49.0,11,1g.11gb,yolo-inference-755b67b9bb-mdq5n,default,yolo,580.173.02,GPU-d59cb1c4-ad97-d91a-6731-e7b5f38951a6
2026-08-16 04:40:59.083892,49.0,12,1g.11gb,yolo-inference-755b67b9bb-l2sjx,default,yolo,580.173.02,GPU-d59cb1c4-ad97-d91a-6731-e7b5f38951a6
2026-08-16 04:40:59.083892,49.0,13,1g.11gb,yolo-inference-755b67b9bb-vgskt,default,yolo,580.173.02,GPU-d59cb1c4-ad97-d91a-6731-e7b5f38951a6
2026-08-16 04:40:59.083892,49.0,7,1g.11gb,,,,580.173.02,GPU-d59cb1c4-ad97-d91a-6731-e7b5f38951a6
2026-08-16 04:40:59.083892,49.0,8,1g.11gb,yolo-inference-755b67b9bb-ttrzf,default,yolo,580.173.02,GPU-d59cb1c4-ad97-d91a-6731-e7b5f38951a6
2026-08-16 04:40:59.083892,49.0,9,1g.11gb,yolo-inference-755b67b9bb-pwhtx,default,yolo,580.173.02,GPU-d59cb1c4-ad97-d91a-6731-e7b5f38951a6
2026-08-16 04:41:04.088019,49.0,10,1g.11gb,yolo-inference-755b67b9bb-sf8hz,default,yolo,580.173.02,GPU-d59cb1c4-ad97-d91a-6731-e7b5f38951a6
2026-08-16 04:41:04.088019,49.0,11,1g.11gb,yolo-inference-755b67b9bb-mdq5n,default,yolo,580.173.02,GPU-d59cb1c4-ad97-d91a-6731-e7b5f38951a6
2026-08-16 04:41:04.088019,49.0,12,1g.11gb,yolo-inference-755b67b9bb-l2sjx,default,yolo,580.173.02,GPU-d59cb1c4-ad97-d91a-6731-e7b5f38951a6
2026-08-16 04:41:04.088019,49.0,13,1g.11gb,yolo-inference-755b67b9bb-vgskt,default,yolo,580.173.02,GPU-d59cb1c4-ad97-d91a-6731-e7b5f38951a6
2026-08-16 04:41:04.088019,49.0,7,1g.11gb,,,,580.173.02,GPU-d59cb1c4-ad97-d91a-6731-e7b5f38951a6
2026-08-16 04:41:04.088019,49.0,8,1g.11gb,yolo-inference-755b67b9bb-ttrzf,default,yolo,580.173.02,GPU-d59cb1c4-ad97-d91a-6731-e7b5f38951a6
2026-08-16 04:41:04.088019,49.0,9,1g.11gb,yolo-inference-755b67b9bb-pwhtx,default,yolo,580.173.02,GPU-d59cb1c4-ad97-d91a-6731-e7b5f38951a6
2026-08-16 04:41:09.088013,49.0,10,1g.11gb,yolo-inference-755b67b9bb-sf8hz,default,yolo,580.173.02,GPU-d59cb1c4-ad97-d91a-6731-e7b5f38951a6
2026-08-16 04:41:09.088013,49.0,11,1g.11gb,yolo-inference-755b67b9bb-mdq5n,default,yolo,580.173.02,GPU-d59cb1c4-ad97-d91a-6731-e7b5f38951a6
2026-08-16 04:41:09.088013,49.0,12,1g.11gb,yolo-inference-755b67b9bb-l2sjx,default,yolo,580.173.02,GPU-d59cb1c4-ad97-d91a-6731-e7b5f38951a6
2026-08-16 04:41:09.088013,49.0,13,1g.11gb,yolo-inference-755b67b9bb-vgskt,default,yolo,580.173.02,GPU-d59cb1c4-ad97-d91a-6731-e7b5f38951a6
2026-08-16 04:41:09.088013,49.0,7,1g.11gb,,,,580.173.02,GPU-d59cb1c4-ad97-d91a-6731-e7b5f38951a6
2026-08-16 04:41:09.088013,49.0,8,1g.11gb,yolo-inference-755b67b9bb-ttrzf,default,yolo,580.173.02,GPU-d59cb1c4-ad97-d91a-6731-e7b5f38951a6
2026-08-16 04:41:09.088013,49.0,9,1g.11gb,yolo-inference-755b67b9bb-pwhtx,default,yolo,580.173.02,GPU-d59cb1c4-ad97-d91a-6731-e7b5f38951a6
2026-08-16 04:41:14.088054,49.0,10,1g.11gb,yolo-inference-755b67b9bb-sf8hz,default,yolo,580.173.02,GPU-d59cb1c4-ad97-d91a-6731-e7b5f38951a6
2026-08-16 04:41:14.088054,49.0,11,1g.11gb,yolo-inference-755b67b9bb-mdq5n,default,yolo,580.173.02,GPU-d59cb1c4-ad97-d91a-6731-e7b5f38951a6
2026-08-16 04:41:14.088054,49.0,12,1g.11gb,yolo-inference-755b67b9bb-l2sjx,default,yolo,580.173.02,GPU-d59cb1c4-ad97-d91a-6731-e7b5f38951a6
2026-08-16 04:41:14.088054,49.0,13,1g.11gb,yolo-inference-755b67b9bb-vgskt,default,yolo,580.173.02,GPU-d59cb1c4-ad97-d91a-6731-e7b5f38951a6
2026-08-16 04:41:14.088054,49.0,7,1g.11gb,,,,580.173.02,GPU-d59cb1c4-ad97-d91a-6731-e7b5f38951a6
2026-08-16 04:41:14.088054,49.0,8,1g.11gb,yolo-inference-755b67b9bb-ttrzf,default,yolo,580.173.02,GPU-d59cb1c4-ad97-d91a-6731-e7b5f38951a6
2026-08-16 04:41:14.088054,49.0,9,1g.11gb,yolo-inference-755b67b9bb-pwhtx,default,yolo,580.173.02,GPU-d59cb1c4-ad97-d91a-6731-e7b5f38951a6
2026-08-16 04:41:19.088014,49.0,10,1g.11gb,yolo-inference-755b67b9bb-sf8hz,default,yolo,580.173.02,GPU-d59cb1c4-ad97-d91a-6731-e7b5f38951a6
2026-08-16 04:41:19.088014,49.0,11,1g.11gb,yolo-inference-755b67b9bb-mdq5n,default,yolo,580.173.02,GPU-d59cb1c4-ad97-d91a-6731-e7b5f38951a6
2026-08-16 04:41:19.088014,49.0,12,1g.11gb,yolo-inference-755b67b9bb-l2sjx,default,yolo,580.173.02,GPU-d59cb1c4-ad97-d91a-6731-e7b5f38951a6
2026-08-16 04:41:19.088014,49.0,13,1g.11gb,yolo-inference-755b67b9bb-vgskt,default,yolo,580.173.02,GPU-d59cb1c4-ad97-d91a-6731-e7b5f38951a6
2026-08-16 04:41:19.088014,50.0,7,1g.11gb,,,,580.173.02,GPU-d59cb1c4-ad97-d91a-6731-e7b5f38951a6
2026-08-16 04:41:19.088014,49.0,8,1g.11gb,yolo-inference-755b67b9bb-ttrzf,default,yolo,580.173.02,GPU-d59cb1c4-ad97-d91a-6731-e7b5f38951a6
2026-08-16 04:41:19.088014,49.0,9,1g.11gb,yolo-inference-755b67b9bb-pwhtx,default,yolo,580.173.02,GPU-d59cb1c4-ad97-d91a-6731-e7b5f38951a6
2026-08-16 04:41:24.088075,49.0,10,1g.11gb,yolo-inference-755b67b9bb-sf8hz,default,yolo,580.173.02,GPU-d59cb1c4-ad97-d91a-6731-e7b5f38951a6
2026-08-16 04:41:24.088075,49.0,11,1g.11gb,yolo-inference-755b67b9bb-mdq5n,default,yolo,580.173.02,GPU-d59cb1c4-ad97-d91a-6731-e7b5f38951a6
2026-08-16 04:41:24.088075,49.0,12,1g.11gb,yolo-inference-755b67b9bb-l2sjx,default,yolo,580.173.02,GPU-d59cb1c4-ad97-d91a-6731-e7b5f38951a6
2026-08-16 04:41:24.088075,49.0,13,1g.11gb,yolo-inference-755b67b9bb-vgskt,default,yolo,580.173.02,GPU-d59cb1c4-ad97-d91a-6731-e7b5f38951a6
2026-08-16 04:41:24.088075,50.0,7,1g.11gb,,,,580.173.02,GPU-d59cb1c4-ad97-d91a-6731-e7b5f38951a6
2026-08-16 04:41:24.088075,49.0,8,1g.11gb,yolo-inference-755b67b9bb-ttrzf,default,yolo,580.173.02,GPU-d59cb1c4-ad97-d91a-6731-e7b5f38951a6
2026-08-16 04:41:24.088075,49.0,9,1g.11gb,yolo-inference-755b67b9bb-pwhtx,default,yolo,580.173.02,GPU-d59cb1c4-ad97-d91a-6731-e7b5f38951a6
2026-08-16 04:41:29.087460,49.0,10,1g.11gb,yolo-inference-755b67b9bb-sf8hz,default,yolo,580.173.02,GPU-d59cb1c4-ad97-d91a-6731-e7b5f38951a6
2026-08-16 04:41:29.087460,49.0,11,1g.11gb,yolo-inference-755b67b9bb-mdq5n,default,yolo,580.173.02,GPU-d59cb1c4-ad97-d91a-6731-e7b5f38951a6
2026-08-16 04:41:29.087460,49.0,12,1g.11gb,yolo-inference-755b67b9bb-l2sjx,default,yolo,580.173.02,GPU-d59cb1c4-ad97-d91a-6731-e7b5f38951a6
2026-08-16 04:41:29.087460,49.0,13,1g.11gb,yolo-inference-755b67b9bb-vgskt,default,yolo,580.173.02,GPU-d59cb1c4-ad97-d91a-6731-e7b5f38951a6
2026-08-16 04:41:29.087460,50.0,7,1g.11gb,,,,580.173.02,GPU-d59cb1c4-ad97-d91a-6731-e7b5f38951a6
2026-08-16 04:41:29.087460,49.0,8,1g.11gb,yolo-inference-755b67b9bb-ttrzf,default,yolo,580.173.02,GPU-d59cb1c4-ad97-d91a-6731-e7b5f38951a6
2026-08-16 04:41:29.087460,49.0,9,1g.11gb,yolo-inference-755b67b9bb-pwhtx,default,yolo,580.173.02,GPU-d59cb1c4-ad97-d91a-6731-e7b5f38951a6
2026-08-16 04:41:34.086551,49.0,10,1g.11gb,yolo-inference-755b67b9bb-sf8hz,default,yolo,580.173.02,GPU-d59cb1c4-ad97-d91a-6731-e7b5f38951a6
2026-08-16 04:41:34.086551,49.0,11,1g.11gb,yolo-inference-755b67b9bb-mdq5n,default,yolo,580.173.02,GPU-d59cb1c4-ad97-d91a-6731-e7b5f38951a6
2026-08-16 04:41:34.086551,49.0,12,1g.11gb,yolo-inference-755b67b9bb-l2sjx,default,yolo,580.173.02,GPU-d59cb1c4-ad97-d91a-6731-e7b5f38951a6
2026-08-16 04:41:34.086551,49.0,13,1g.11gb,yolo-inference-755b67b9bb-vgskt,default,yolo,580.173.02,GPU-d59cb1c4-ad97-d91a-6731-e7b5f38951a6
2026-08-16 04:41:34.086551,50.0,7,1g.11gb,,,,580.173.02,GPU-d59cb1c4-ad97-d91a-6731-e7b5f38951a6
2026-08-16 04:41:34.086551,49.0,8,1g.11gb,yolo-inference-755b67b9bb-ttrzf,default,yolo,580.173.02,GPU-d59cb1c4-ad97-d91a-6731-e7b5f38951a6
2026-08-16 04:41:34.086551,49.0,9,1g.11gb,yolo-inference-755b67b9bb-pwhtx,default,yolo,580.173.02,GPU-d59cb1c4-ad97-d91a-6731-e7b5f38951a6
2026-08-16 04:41:39.088027,49.0,10,1g.11gb,yolo-inference-755b67b9bb-sf8hz,default,yolo,580.173.02,GPU-d59cb1c4-ad97-d91a-6731-e7b5f38951a6
2026-08-16 04:41:39.088027,49.0,11,1g.11gb,yolo-inference-755b67b9bb-mdq5n,default,yolo,580.173.02,GPU-d59cb1c4-ad97-d91a-6731-e7b5f38951a6
2026-08-16 04:41:39.088027,49.0,12,1g.11gb,yolo-inference-755b67b9bb-l2sjx,default,yolo,580.173.02,GPU-d59cb1c4-ad97-d91a-6731-e7b5f38951a6
2026-08-16 04:41:39.088027,49.0,13,1g.11gb,yolo-inference-755b67b9bb-vgskt,default,yolo,580.173.02,GPU-d59cb1c4-ad97-d91a-6731-e7b5f38951a6
2026-08-16 04:41:39.088027,50.0,7,1g.11gb,,,,580.173.02,GPU-d59cb1c4-ad97-d91a-6731-e7b5f38951a6
2026-08-16 04:41:39.088027,49.0,8,1g.11gb,yolo-inference-755b67b9bb-ttrzf,default,yolo,580.173.02,GPU-d59cb1c4-ad97-d91a-6731-e7b5f38951a6
2026-08-16 04:41:39.088027,49.0,9,1g.11gb,yolo-inference-755b67b9bb-pwhtx,default,yolo,580.173.02,GPU-d59cb1c4-ad97-d91a-6731-e7b5f38951a6
2026-08-16 04:41:44.088012,49.0,10,1g.11gb,yolo-inference-755b67b9bb-sf8hz,default,yolo,580.173.02,GPU-d59cb1c4-ad97-d91a-6731-e7b5f38951a6
2026-08-16 04:41:44.088012,49.0,11,1g.11gb,yolo-inference-755b67b9bb-mdq5n,default,yolo,580.173.02,GPU-d59cb1c4-ad97-d91a-6731-e7b5f38951a6
2026-08-16 04:41:44.088012,49.0,12,1g.11gb,yolo-inference-755b67b9bb-l2sjx,default,yolo,580.173.02,GPU-d59cb1c4-ad97-d91a-6731-e7b5f38951a6
2026-08-16 04:41:44.088012,49.0,13,1g.11gb,yolo-inference-755b67b9bb-vgskt,default,yolo,580.173.02,GPU-d59cb1c4-ad97-d91a-6731-e7b5f38951a6
2026-08-16 04:41:44.088012,50.0,7,1g.11gb,,,,580.173.02,GPU-d59cb1c4-ad97-d91a-6731-e7b5f38951a6
2026-08-16 04:41:44.088012,49.0,8,1g.11gb,yolo-inference-755b67b9bb-ttrzf,default,yolo,580.173.02,GPU-d59cb1c4-ad97-d91a-6731-e7b5f38951a6
2026-08-16 04:41:44.088012,49.0,9,1g.11gb,yolo-inference-755b67b9bb-pwhtx,default,yolo,580.173.02,GPU-d59cb1c4-ad97-d91a-6731-e7b5f38951a6
2026-08-16 04:41:49.088010,49.0,10,1g.11gb,yolo-inference-755b67b9bb-sf8hz,default,yolo,580.173.02,GPU-d59cb1c4-ad97-d91a-6731-e7b5f38951a6
2026-08-16 04:41:49.088010,49.0,11,1g.11gb,yolo-inference-755b67b9bb-mdq5n,default,yolo,580.173.02,GPU-d59cb1c4-ad97-d91a-6731-e7b5f38951a6
2026-08-16 04:41:49.088010,49.0,12,1g.11gb,yolo-inference-755b67b9bb-l2sjx,default,yolo,580.173.02,GPU-d59cb1c4-ad97-d91a-6731-e7b5f38951a6
2026-08-16 04:41:49.088010,49.0,13,1g.11gb,yolo-inference-755b67b9bb-vgskt,default,yolo,580.173.02,GPU-d59cb1c4-ad97-d91a-6731-e7b5f38951a6
2026-08-16 04:41:49.088010,49.0,7,1g.11gb,,,,580.173.02,GPU-d59cb1c4-ad97-d91a-6731-e7b5f38951a6
2026-08-16 04:41:49.088010,49.0,8,1g.11gb,yolo-inference-755b67b9bb-ttrzf,default,yolo,580.173.02,GPU-d59cb1c4-ad97-d91a-6731-e7b5f38951a6
2026-08-16 04:41:49.088010,49.0,9,1g.11gb,yolo-inference-755b67b9bb-pwhtx,default,yolo,580.173.02,GPU-d59cb1c4-ad97-d91a-6731-e7b5f38951a6
2026-08-16 04:41:54.088026,50.0,10,1g.11gb,yolo-inference-755b67b9bb-sf8hz,default,yolo,580.173.02,GPU-d59cb1c4-ad97-d91a-6731-e7b5f38951a6
2026-08-16 04:41:54.088026,49.0,11,1g.11gb,yolo-inference-755b67b9bb-mdq5n,default,yolo,580.173.02,GPU-d59cb1c4-ad97-d91a-6731-e7b5f38951a6
2026-08-16 04:41:54.088026,49.0,12,1g.11gb,yolo-inference-755b67b9bb-l2sjx,default,yolo,580.173.02,GPU-d59cb1c4-ad97-d91a-6731-e7b5f38951a6
2026-08-16 04:41:54.088026,49.0,13,1g.11gb,yolo-inference-755b67b9bb-vgskt,default,yolo,580.173.02,GPU-d59cb1c4-ad97-d91a-6731-e7b5f38951a6
2026-08-16 04:41:54.088026,49.0,7,1g.11gb,,,,580.173.02,GPU-d59cb1c4-ad97-d91a-6731-e7b5f38951a6
2026-08-16 04:41:54.088026,49.0,8,1g.11gb,yolo-inference-755b67b9bb-ttrzf,default,yolo,580.173.02,GPU-d59cb1c4-ad97-d91a-6731-e7b5f38951a6
2026-08-16 04:41:54.088026,49.0,9,1g.11gb,yolo-inference-755b67b9bb-pwhtx,default,yolo,580.173.02,GPU-d59cb1c4-ad97-d91a-6731-e7b5f38951a6
2026-08-16 04:41:59.084598,50.0,10,1g.11gb,yolo-inference-755b67b9bb-sf8hz,default,yolo,580.173.02,GPU-d59cb1c4-ad97-d91a-6731-e7b5f38951a6
2026-08-16 04:41:59.084598,49.0,11,1g.11gb,yolo-inference-755b67b9bb-mdq5n,default,yolo,580.173.02,GPU-d59cb1c4-ad97-d91a-6731-e7b5f38951a6
2026-08-16 04:41:59.084598,49.0,12,1g.11gb,yolo-inference-755b67b9bb-l2sjx,default,yolo,580.173.02,GPU-d59cb1c4-ad97-d91a-6731-e7b5f38951a6
2026-08-16 04:41:59.084598,49.0,13,1g.11gb,yolo-inference-755b67b9bb-vgskt,default,yolo,580.173.02,GPU-d59cb1c4-ad97-d91a-6731-e7b5f38951a6
2026-08-16 04:41:59.084598,49.0,7,1g.11gb,,,,580.173.02,GPU-d59cb1c4-ad97-d91a-6731-e7b5f38951a6
2026-08-16 04:41:59.084598,49.0,8,1g.11gb,yolo-inference-755b67b9bb-ttrzf,default,yolo,580.173.02,GPU-d59cb1c4-ad97-d91a-6731-e7b5f38951a6
2026-08-16 04:41:59.084598,49.0,9,1g.11gb,yolo-inference-755b67b9bb-pwhtx,default,yolo,580.173.02,GPU-d59cb1c4-ad97-d91a-6731-e7b5f38951a6
2026-08-16 04:42:04.088017,50.0,10,1g.11gb,yolo-inference-755b67b9bb-sf8hz,default,yolo,580.173.02,GPU-d59cb1c4-ad97-d91a-6731-e7b5f38951a6
2026-08-16 04:42:04.088017,49.0,11,1g.11gb,yolo-inference-755b67b9bb-mdq5n,default,yolo,580.173.02,GPU-d59cb1c4-ad97-d91a-6731-e7b5f38951a6
2026-08-16 04:42:04.088017,49.0,12,1g.11gb,yolo-inference-755b67b9bb-l2sjx,default,yolo,580.173.02,GPU-d59cb1c4-ad97-d91a-6731-e7b5f38951a6
2026-08-16 04:42:04.088017,49.0,13,1g.11gb,yolo-inference-755b67b9bb-vgskt,default,yolo,580.173.02,GPU-d59cb1c4-ad97-d91a-6731-e7b5f38951a6
2026-08-16 04:42:04.088017,49.0,7,1g.11gb,,,,580.173.02,GPU-d59cb1c4-ad97-d91a-6731-e7b5f38951a6
2026-08-16 04:42:04.088017,49.0,8,1g.11gb,yolo-inference-755b67b9bb-ttrzf,default,yolo,580.173.02,GPU-d59cb1c4-ad97-d91a-6731-e7b5f38951a6
2026-08-16 04:42:04.088017,49.0,9,1g.11gb,yolo-inference-755b67b9bb-pwhtx,default,yolo,580.173.02,GPU-d59cb1c4-ad97-d91a-6731-e7b5f38951a6
2026-08-16 04:42:09.087034,50.0,10,1g.11gb,yolo-inference-755b67b9bb-sf8hz,default,yolo,580.173.02,GPU-d59cb1c4-ad97-d91a-6731-e7b5f38951a6
2026-08-16 04:42:09.087034,49.0,11,1g.11gb,yolo-inference-755b67b9bb-mdq5n,default,yolo,580.173.02,GPU-d59cb1c4-ad97-d91a-6731-e7b5f38951a6
2026-08-16 04:42:09.087034,49.0,12,1g.11gb,yolo-inference-755b67b9bb-l2sjx,default,yolo,580.173.02,GPU-d59cb1c4-ad97-d91a-6731-e7b5f38951a6
2026-08-16 04:42:09.087034,49.0,13,1g.11gb,yolo-inference-755b67b9bb-vgskt,default,yolo,580.173.02,GPU-d59cb1c4-ad97-d91a-6731-e7b5f38951a6
2026-08-16 04:42:09.087034,49.0,7,1g.11gb,,,,580.173.02,GPU-d59cb1c4-ad97-d91a-6731-e7b5f38951a6
2026-08-16 04:42:09.087034,49.0,8,1g.11gb,yolo-inference-755b67b9bb-ttrzf,default,yolo,580.173.02,GPU-d59cb1c4-ad97-d91a-6731-e7b5f38951a6
2026-08-16 04:42:09.087034,49.0,9,1g.11gb,yolo-inference-755b67b9bb-pwhtx,default,yolo,580.173.02,GPU-d59cb1c4-ad97-d91a-6731-e7b5f38951a6
2026-08-16 04:42:14.087110,50.0,10,1g.11gb,yolo-inference-755b67b9bb-sf8hz,default,yolo,580.173.02,GPU-d59cb1c4-ad97-d91a-6731-e7b5f38951a6
2026-08-16 04:42:14.087110,49.0,11,1g.11gb,yolo-inference-755b67b9bb-mdq5n,default,yolo,580.173.02,GPU-d59cb1c4-ad97-d91a-6731-e7b5f38951a6
2026-08-16 04:42:14.087110,49.0,12,1g.11gb,yolo-inference-755b67b9bb-l2sjx,default,yolo,580.173.02,GPU-d59cb1c4-ad97-d91a-6731-e7b5f38951a6
2026-08-16 04:42:14.087110,49.0,13,1g.11gb,yolo-inference-755b67b9bb-vgskt,default,yolo,580.173.02,GPU-d59cb1c4-ad97-d91a-6731-e7b5f38951a6
2026-08-16 04:42:14.087110,49.0,7,1g.11gb,,,,580.173.02,GPU-d59cb1c4-ad97-d91a-6731-e7b5f38951a6
2026-08-16 04:42:14.087110,49.0,8,1g.11gb,yolo-inference-755b67b9bb-ttrzf,default,yolo,580.173.02,GPU-d59cb1c4-ad97-d91a-6731-e7b5f38951a6
2026-08-16 04:42:14.087110,49.0,9,1g.11gb,yolo-inference-755b67b9bb-pwhtx,default,yolo,580.173.02,GPU-d59cb1c4-ad97-d91a-6731-e7b5f38951a6
2026-08-16 04:42:19.087976,50.0,10,1g.11gb,yolo-inference-755b67b9bb-sf8hz,default,yolo,580.173.02,GPU-d59cb1c4-ad97-d91a-6731-e7b5f38951a6
2026-08-16 04:42:19.087976,49.0,11,1g.11gb,yolo-inference-755b67b9bb-mdq5n,default,yolo,580.173.02,GPU-d59cb1c4-ad97-d91a-6731-e7b5f38951a6
2026-08-16 04:42:19.087976,49.0,12,1g.11gb,yolo-inference-755b67b9bb-l2sjx,default,yolo,580.173.02,GPU-d59cb1c4-ad97-d91a-6731-e7b5f38951a6
2026-08-16 04:42:19.087976,49.0,13,1g.11gb,yolo-inference-755b67b9bb-vgskt,default,yolo,580.173.02,GPU-d59cb1c4-ad97-d91a-6731-e7b5f38951a6
2026-08-16 04:42:19.087976,49.0,7,1g.11gb,,,,580.173.02,GPU-d59cb1c4-ad97-d91a-6731-e7b5f38951a6
2026-08-16 04:42:19.087976,49.0,8,1g.11gb,yolo-inference-755b67b9bb-ttrzf,default,yolo,580.173.02,GPU-d59cb1c4-ad97-d91a-6731-e7b5f38951a6
2026-08-16 04:42:19.087976,49.0,9,1g.11gb,yolo-inference-755b67b9bb-pwhtx,default,yolo,580.173.02,GPU-d59cb1c4-ad97-d91a-6731-e7b5f38951a6
2026-08-16 04:42:24.084370,49.0,10,1g.11gb,yolo-inference-755b67b9bb-sf8hz,default,yolo,580.173.02,GPU-d59cb1c4-ad97-d91a-6731-e7b5f38951a6
2026-08-16 04:42:24.084370,49.0,11,1g.11gb,yolo-inference-755b67b9bb-mdq5n,default,yolo,580.173.02,GPU-d59cb1c4-ad97-d91a-6731-e7b5f38951a6
2026-08-16 04:42:24.084370,49.0,12,1g.11gb,yolo-inference-755b67b9bb-l2sjx,default,yolo,580.173.02,GPU-d59cb1c4-ad97-d91a-6731-e7b5f38951a6
2026-08-16 04:42:24.084370,50.0,13,1g.11gb,yolo-inference-755b67b9bb-vgskt,default,yolo,580.173.02,GPU-d59cb1c4-ad97-d91a-6731-e7b5f38951a6
2026-08-16 04:42:24.084370,49.0,7,1g.11gb,,,,580.173.02,GPU-d59cb1c4-ad97-d91a-6731-e7b5f38951a6
2026-08-16 04:42:24.084370,50.0,8,1g.11gb,yolo-inference-755b67b9bb-ttrzf,default,yolo,580.173.02,GPU-d59cb1c4-ad97-d91a-6731-e7b5f38951a6
2026-08-16 04:42:24.084370,49.0,9,1g.11gb,yolo-inference-755b67b9bb-pwhtx,default,yolo,580.173.02,GPU-d59cb1c4-ad97-d91a-6731-e7b5f38951a6
2026-08-16 04:42:29.088023,49.0,10,1g.11gb,yolo-inference-755b67b9bb-sf8hz,default,yolo,580.173.02,GPU-d59cb1c4-ad97-d91a-6731-e7b5f38951a6
2026-08-16 04:42:29.088023,49.0,11,1g.11gb,yolo-inference-755b67b9bb-mdq5n,default,yolo,580.173.02,GPU-d59cb1c4-ad97-d91a-6731-e7b5f38951a6
2026-08-16 04:42:29.088023,49.0,12,1g.11gb,yolo-inference-755b67b9bb-l2sjx,default,yolo,580.173.02,GPU-d59cb1c4-ad97-d91a-6731-e7b5f38951a6
2026-08-16 04:42:29.088023,50.0,13,1g.11gb,yolo-inference-755b67b9bb-vgskt,default,yolo,580.173.02,GPU-d59cb1c4-ad97-d91a-6731-e7b5f38951a6
2026-08-16 04:42:29.088023,49.0,7,1g.11gb,,,,580.173.02,GPU-d59cb1c4-ad97-d91a-6731-e7b5f38951a6
2026-08-16 04:42:29.088023,50.0,8,1g.11gb,yolo-inference-755b67b9bb-ttrzf,default,yolo,580.173.02,GPU-d59cb1c4-ad97-d91a-6731-e7b5f38951a6
2026-08-16 04:42:29.088023,49.0,9,1g.11gb,yolo-inference-755b67b9bb-pwhtx,default,yolo,580.173.02,GPU-d59cb1c4-ad97-d91a-6731-e7b5f38951a6
2026-08-16 04:42:34.088008,49.0,10,1g.11gb,yolo-inference-755b67b9bb-sf8hz,default,yolo,580.173.02,GPU-d59cb1c4-ad97-d91a-6731-e7b5f38951a6
2026-08-16 04:42:34.088008,49.0,11,1g.11gb,yolo-inference-755b67b9bb-mdq5n,default,yolo,580.173.02,GPU-d59cb1c4-ad97-d91a-6731-e7b5f38951a6
2026-08-16 04:42:34.088008,49.0,12,1g.11gb,yolo-inference-755b67b9bb-l2sjx,default,yolo,580.173.02,GPU-d59cb1c4-ad97-d91a-6731-e7b5f38951a6
2026-08-16 04:42:34.088008,50.0,13,1g.11gb,yolo-inference-755b67b9bb-vgskt,default,yolo,580.173.02,GPU-d59cb1c4-ad97-d91a-6731-e7b5f38951a6
2026-08-16 04:42:34.088008,49.0,7,1g.11gb,,,,580.173.02,GPU-d59cb1c4-ad97-d91a-6731-e7b5f38951a6
2026-08-16 04:42:34.088008,50.0,8,1g.11gb,yolo-inference-755b67b9bb-ttrzf,default,yolo,580.173.02,GPU-d59cb1c4-ad97-d91a-6731-e7b5f38951a6
2026-08-16 04:42:34.088008,49.0,9,1g.11gb,yolo-inference-755b67b9bb-pwhtx,default,yolo,580.173.02,GPU-d59cb1c4-ad97-d91a-6731-e7b5f38951a6
2026-08-16 04:42:39.088017,49.0,10,1g.11gb,yolo-inference-755b67b9bb-sf8hz,default,yolo,580.173.02,GPU-d59cb1c4-ad97-d91a-6731-e7b5f38951a6
2026-08-16 04:42:39.088017,49.0,11,1g.11gb,yolo-inference-755b67b9bb-mdq5n,default,yolo,580.173.02,GPU-d59cb1c4-ad97-d91a-6731-e7b5f38951a6
2026-08-16 04:42:39.088017,49.0,12,1g.11gb,yolo-inference-755b67b9bb-l2sjx,default,yolo,580.173.02,GPU-d59cb1c4-ad97-d91a-6731-e7b5f38951a6
2026-08-16 04:42:39.088017,50.0,13,1g.11gb,yolo-inference-755b67b9bb-vgskt,default,yolo,580.173.02,GPU-d59cb1c4-ad97-d91a-6731-e7b5f38951a6
2026-08-16 04:42:39.088017,49.0,7,1g.11gb,,,,580.173.02,GPU-d59cb1c4-ad97-d91a-6731-e7b5f38951a6
2026-08-16 04:42:39.088017,50.0,8,1g.11gb,yolo-inference-755b67b9bb-ttrzf,default,yolo,580.173.02,GPU-d59cb1c4-ad97-d91a-6731-e7b5f38951a6
2026-08-16 04:42:39.088017,49.0,9,1g.11gb,yolo-inference-755b67b9bb-pwhtx,default,yolo,580.173.02,GPU-d59cb1c4-ad97-d91a-6731-e7b5f38951a6
2026-08-16 04:42:44.088004,49.0,10,1g.11gb,yolo-inference-755b67b9bb-sf8hz,default,yolo,580.173.02,GPU-d59cb1c4-ad97-d91a-6731-e7b5f38951a6
2026-08-16 04:42:44.088004,49.0,11,1g.11gb,yolo-inference-755b67b9bb-mdq5n,default,yolo,580.173.02,GPU-d59cb1c4-ad97-d91a-6731-e7b5f38951a6
2026-08-16 04:42:44.088004,49.0,12,1g.11gb,yolo-inference-755b67b9bb-l2sjx,default,yolo,580.173.02,GPU-d59cb1c4-ad97-d91a-6731-e7b5f38951a6
2026-08-16 04:42:44.088004,50.0,13,1g.11gb,yolo-inference-755b67b9bb-vgskt,default,yolo,580.173.02,GPU-d59cb1c4-ad97-d91a-6731-e7b5f38951a6
2026-08-16 04:42:44.088004,49.0,7,1g.11gb,,,,580.173.02,GPU-d59cb1c4-ad97-d91a-6731-e7b5f38951a6
2026-08-16 04:42:44.088004,50.0,8,1g.11gb,yolo-inference-755b67b9bb-ttrzf,default,yolo,580.173.02,GPU-d59cb1c4-ad97-d91a-6731-e7b5f38951a6
2026-08-16 04:42:44.088004,49.0,9,1g.11gb,yolo-inference-755b67b9bb-pwhtx,default,yolo,580.173.02,GPU-d59cb1c4-ad97-d91a-6731-e7b5f38951a6
2026-08-16 04:42:49.088033,49.0,10,1g.11gb,yolo-inference-755b67b9bb-sf8hz,default,yolo,580.173.02,GPU-d59cb1c4-ad97-d91a-6731-e7b5f38951a6
2026-08-16 04:42:49.088033,49.0,11,1g.11gb,yolo-inference-755b67b9bb-mdq5n,default,yolo,580.173.02,GPU-d59cb1c4-ad97-d91a-6731-e7b5f38951a6
2026-08-16 04:42:49.088033,49.0,12,1g.11gb,yolo-inference-755b67b9bb-l2sjx,default,yolo,580.173.02,GPU-d59cb1c4-ad97-d91a-6731-e7b5f38951a6
2026-08-16 04:42:49.088033,50.0,13,1g.11gb,yolo-inference-755b67b9bb-vgskt,default,yolo,580.173.02,GPU-d59cb1c4-ad97-d91a-6731-e7b5f38951a6
2026-08-16 04:42:49.088033,49.0,7,1g.11gb,,,,580.173.02,GPU-d59cb1c4-ad97-d91a-6731-e7b5f38951a6
2026-08-16 04:42:49.088033,50.0,8,1g.11gb,yolo-inference-755b67b9bb-ttrzf,default,yolo,580.173.02,GPU-d59cb1c4-ad97-d91a-6731-e7b5f38951a6
2026-08-16 04:42:49.088033,49.0,9,1g.11gb,yolo-inference-755b67b9bb-pwhtx,default,yolo,580.173.02,GPU-d59cb1c4-ad97-d91a-6731-e7b5f38951a6
2026-08-16 04:42:54.088016,49.0,10,1g.11gb,yolo-inference-755b67b9bb-sf8hz,default,yolo,580.173.02,GPU-d59cb1c4-ad97-d91a-6731-e7b5f38951a6
2026-08-16 04:42:54.088016,49.0,11,1g.11gb,yolo-inference-755b67b9bb-mdq5n,default,yolo,580.173.02,GPU-d59cb1c4-ad97-d91a-6731-e7b5f38951a6
2026-08-16 04:42:54.088016,49.0,12,1g.11gb,yolo-inference-755b67b9bb-l2sjx,default,yolo,580.173.02,GPU-d59cb1c4-ad97-d91a-6731-e7b5f38951a6
2026-08-16 04:42:54.088016,49.0,13,1g.11gb,yolo-inference-755b67b9bb-vgskt,default,yolo,580.173.02,GPU-d59cb1c4-ad97-d91a-6731-e7b5f38951a6
2026-08-16 04:42:54.088016,49.0,7,1g.11gb,,,,580.173.02,GPU-d59cb1c4-ad97-d91a-6731-e7b5f38951a6
2026-08-16 04:42:54.088016,49.0,8,1g.11gb,yolo-inference-755b67b9bb-ttrzf,default,yolo,580.173.02,GPU-d59cb1c4-ad97-d91a-6731-e7b5f38951a6
2026-08-16 04:42:54.088016,49.0,9,1g.11gb,yolo-inference-755b67b9bb-pwhtx,default,yolo,580.173.02,GPU-d59cb1c4-ad97-d91a-6731-e7b5f38951a6
2026-08-16 04:42:59.086541,49.0,10,1g.11gb,yolo-inference-755b67b9bb-sf8hz,default,yolo,580.173.02,GPU-d59cb1c4-ad97-d91a-6731-e7b5f38951a6
2026-08-16 04:42:59.086541,49.0,11,1g.11gb,yolo-inference-755b67b9bb-mdq5n,default,yolo,580.173.02,GPU-d59cb1c4-ad97-d91a-6731-e7b5f38951a6
2026-08-16 04:42:59.086541,49.0,12,1g.11gb,yolo-inference-755b67b9bb-l2sjx,default,yolo,580.173.02,GPU-d59cb1c4-ad97-d91a-6731-e7b5f38951a6
2026-08-16 04:42:59.086541,49.0,13,1g.11gb,yolo-inference-755b67b9bb-vgskt,default,yolo,580.173.02,GPU-d59cb1c4-ad97-d91a-6731-e7b5f38951a6
2026-08-16 04:42:59.086541,49.0,7,1g.11gb,,,,580.173.02,GPU-d59cb1c4-ad97-d91a-6731-e7b5f38951a6
2026-08-16 04:42:59.086541,49.0,8,1g.11gb,yolo-inference-755b67b9bb-ttrzf,default,yolo,580.173.02,GPU-d59cb1c4-ad97-d91a-6731-e7b5f38951a6
2026-08-16 04:42:59.086541,49.0,9,1g.11gb,yolo-inference-755b67b9bb-pwhtx,default,yolo,580.173.02,GPU-d59cb1c4-ad97-d91a-6731-e7b5f38951a6
2026-08-16 04:43:04.086740,49.0,10,1g.11gb,yolo-inference-755b67b9bb-sf8hz,default,yolo,580.173.02,GPU-d59cb1c4-ad97-d91a-6731-e7b5f38951a6
2026-08-16 04:43:04.086740,49.0,11,1g.11gb,yolo-inference-755b67b9bb-mdq5n,default,yolo,580.173.02,GPU-d59cb1c4-ad97-d91a-6731-e7b5f38951a6
2026-08-16 04:43:04.086740,49.0,12,1g.11gb,yolo-inference-755b67b9bb-l2sjx,default,yolo,580.173.02,GPU-d59cb1c4-ad97-d91a-6731-e7b5f38951a6
2026-08-16 04:43:04.086740,49.0,13,1g.11gb,yolo-inference-755b67b9bb-vgskt,default,yolo,580.173.02,GPU-d59cb1c4-ad97-d91a-6731-e7b5f38951a6
2026-08-16 04:43:04.086740,49.0,7,1g.11gb,,,,580.173.02,GPU-d59cb1c4-ad97-d91a-6731-e7b5f38951a6
2026-08-16 04:43:04.086740,49.0,8,1g.11gb,yolo-inference-755b67b9bb-ttrzf,default,yolo,580.173.02,GPU-d59cb1c4-ad97-d91a-6731-e7b5f38951a6
2026-08-16 04:43:04.086740,49.0,9,1g.11gb,yolo-inference-755b67b9bb-pwhtx,default,yolo,580.173.02,GPU-d59cb1c4-ad97-d91a-6731-e7b5f38951a6
2026-08-16 04:43:09.087978,49.0,10,1g.11gb,yolo-inference-755b67b9bb-sf8hz,default,yolo,580.173.02,GPU-d59cb1c4-ad97-d91a-6731-e7b5f38951a6
2026-08-16 04:43:09.087978,49.0,11,1g.11gb,yolo-inference-755b67b9bb-mdq5n,default,yolo,580.173.02,GPU-d59cb1c4-ad97-d91a-6731-e7b5f38951a6
2026-08-16 04:43:09.087978,49.0,12,1g.11gb,yolo-inference-755b67b9bb-l2sjx,default,yolo,580.173.02,GPU-d59cb1c4-ad97-d91a-6731-e7b5f38951a6
2026-08-16 04:43:09.087978,49.0,13,1g.11gb,yolo-inference-755b67b9bb-vgskt,default,yolo,580.173.02,GPU-d59cb1c4-ad97-d91a-6731-e7b5f38951a6
2026-08-16 04:43:09.087978,49.0,7,1g.11gb,,,,580.173.02,GPU-d59cb1c4-ad97-d91a-6731-e7b5f38951a6
2026-08-16 04:43:09.087978,49.0,8,1g.11gb,yolo-inference-755b67b9bb-ttrzf,default,yolo,580.173.02,GPU-d59cb1c4-ad97-d91a-6731-e7b5f38951a6
2026-08-16 04:43:09.087978,49.0,9,1g.11gb,yolo-inference-755b67b9bb-pwhtx,default,yolo,580.173.02,GPU-d59cb1c4-ad97-d91a-6731-e7b5f38951a6
2026-08-16 04:43:14.083982,49.0,10,1g.11gb,yolo-inference-755b67b9bb-sf8hz,default,yolo,580.173.02,GPU-d59cb1c4-ad97-d91a-6731-e7b5f38951a6
2026-08-16 04:43:14.083982,49.0,11,1g.11gb,yolo-inference-755b67b9bb-mdq5n,default,yolo,580.173.02,GPU-d59cb1c4-ad97-d91a-6731-e7b5f38951a6
2026-08-16 04:43:14.083982,49.0,12,1g.11gb,yolo-inference-755b67b9bb-l2sjx,default,yolo,580.173.02,GPU-d59cb1c4-ad97-d91a-6731-e7b5f38951a6
2026-08-16 04:43:14.083982,49.0,13,1g.11gb,yolo-inference-755b67b9bb-vgskt,default,yolo,580.173.02,GPU-d59cb1c4-ad97-d91a-6731-e7b5f38951a6
2026-08-16 04:43:14.083982,49.0,7,1g.11gb,,,,580.173.02,GPU-d59cb1c4-ad97-d91a-6731-e7b5f38951a6
2026-08-16 04:43:14.083982,49.0,8,1g.11gb,yolo-inference-755b67b9bb-ttrzf,default,yolo,580.173.02,GPU-d59cb1c4-ad97-d91a-6731-e7b5f38951a6
2026-08-16 04:43:14.083982,49.0,9,1g.11gb,yolo-inference-755b67b9bb-pwhtx,default,yolo,580.173.02,GPU-d59cb1c4-ad97-d91a-6731-e7b5f38951a6
2026-08-16 04:43:19.088009,49.0,10,1g.11gb,yolo-inference-755b67b9bb-sf8hz,default,yolo,580.173.02,GPU-d59cb1c4-ad97-d91a-6731-e7b5f38951a6
2026-08-16 04:43:19.088009,49.0,11,1g.11gb,yolo-inference-755b67b9bb-mdq5n,default,yolo,580.173.02,GPU-d59cb1c4-ad97-d91a-6731-e7b5f38951a6
2026-08-16 04:43:19.088009,49.0,12,1g.11gb,yolo-inference-755b67b9bb-l2sjx,default,yolo,580.173.02,GPU-d59cb1c4-ad97-d91a-6731-e7b5f38951a6
2026-08-16 04:43:19.088009,49.0,13,1g.11gb,yolo-inference-755b67b9bb-vgskt,default,yolo,580.173.02,GPU-d59cb1c4-ad97-d91a-6731-e7b5f38951a6
2026-08-16 04:43:19.088009,49.0,7,1g.11gb,,,,580.173.02,GPU-d59cb1c4-ad97-d91a-6731-e7b5f38951a6
2026-08-16 04:43:19.088009,49.0,8,1g.11gb,yolo-inference-755b67b9bb-ttrzf,default,yolo,580.173.02,GPU-d59cb1c4-ad97-d91a-6731-e7b5f38951a6
2026-08-16 04:43:19.088009,49.0,9,1g.11gb,yolo-inference-755b67b9bb-pwhtx,default,yolo,580.173.02,GPU-d59cb1c4-ad97-d91a-6731-e7b5f38951a6
2026-08-16 04:43:24.088018,49.0,10,1g.11gb,yolo-inference-755b67b9bb-sf8hz,default,yolo,580.173.02,GPU-d59cb1c4-ad97-d91a-6731-e7b5f38951a6
2026-08-16 04:43:24.088018,49.0,11,1g.11gb,yolo-inference-755b67b9bb-mdq5n,default,yolo,580.173.02,GPU-d59cb1c4-ad97-d91a-6731-e7b5f38951a6
2026-08-16 04:43:24.088018,49.0,12,1g.11gb,yolo-inference-755b67b9bb-l2sjx,default,yolo,580.173.02,GPU-d59cb1c4-ad97-d91a-6731-e7b5f38951a6
2026-08-16 04:43:24.088018,49.0,13,1g.11gb,yolo-inference-755b67b9bb-vgskt,default,yolo,580.173.02,GPU-d59cb1c4-ad97-d91a-6731-e7b5f38951a6
2026-08-16 04:43:24.088018,49.0,7,1g.11gb,,,,580.173.02,GPU-d59cb1c4-ad97-d91a-6731-e7b5f38951a6
2026-08-16 04:43:24.088018,49.0,8,1g.11gb,yolo-inference-755b67b9bb-ttrzf,default,yolo,580.173.02,GPU-d59cb1c4-ad97-d91a-6731-e7b5f38951a6
2026-08-16 04:43:24.088018,49.0,9,1g.11gb,yolo-inference-755b67b9bb-pwhtx,default,yolo,580.173.02,GPU-d59cb1c4-ad97-d91a-6731-e7b5f38951a6
2026-08-16 04:43:29.088062,49.0,10,1g.11gb,yolo-inference-755b67b9bb-sf8hz,default,yolo,580.173.02,GPU-d59cb1c4-ad97-d91a-6731-e7b5f38951a6
2026-08-16 04:43:29.088062,49.0,11,1g.11gb,yolo-inference-755b67b9bb-mdq5n,default,yolo,580.173.02,GPU-d59cb1c4-ad97-d91a-6731-e7b5f38951a6
2026-08-16 04:43:29.088062,49.0,12,1g.11gb,yolo-inference-755b67b9bb-l2sjx,default,yolo,580.173.02,GPU-d59cb1c4-ad97-d91a-6731-e7b5f38951a6
2026-08-16 04:43:29.088062,49.0,13,1g.11gb,yolo-inference-755b67b9bb-vgskt,default,yolo,580.173.02,GPU-d59cb1c4-ad97-d91a-6731-e7b5f38951a6
2026-08-16 04:43:29.088062,49.0,7,1g.11gb,,,,580.173.02,GPU-d59cb1c4-ad97-d91a-6731-e7b5f38951a6
2026-08-16 04:43:29.088062,49.0,8,1g.11gb,yolo-inference-755b67b9bb-ttrzf,default,yolo,580.173.02,GPU-d59cb1c4-ad97-d91a-6731-e7b5f38951a6
2026-08-16 04:43:29.088062,49.0,9,1g.11gb,yolo-inference-755b67b9bb-pwhtx,default,yolo,580.173.02,GPU-d59cb1c4-ad97-d91a-6731-e7b5f38951a6
2026-08-16 04:43:34.088019,49.0,10,1g.11gb,yolo-inference-755b67b9bb-sf8hz,default,yolo,580.173.02,GPU-d59cb1c4-ad97-d91a-6731-e7b5f38951a6
2026-08-16 04:43:34.088019,49.0,11,1g.11gb,yolo-inference-755b67b9bb-mdq5n,default,yolo,580.173.02,GPU-d59cb1c4-ad97-d91a-6731-e7b5f38951a6
2026-08-16 04:43:34.088019,49.0,12,1g.11gb,yolo-inference-755b67b9bb-l2sjx,default,yolo,580.173.02,GPU-d59cb1c4-ad97-d91a-6731-e7b5f38951a6
2026-08-16 04:43:34.088019,49.0,13,1g.11gb,yolo-inference-755b67b9bb-vgskt,default,yolo,580.173.02,GPU-d59cb1c4-ad97-d91a-6731-e7b5f38951a6
2026-08-16 04:43:34.088019,49.0,7,1g.11gb,,,,580.173.02,GPU-d59cb1c4-ad97-d91a-6731-e7b5f38951a6
2026-08-16 04:43:34.088019,49.0,8,1g.11gb,yolo-inference-755b67b9bb-ttrzf,default,yolo,580.173.02,GPU-d59cb1c4-ad97-d91a-6731-e7b5f38951a6
2026-08-16 04:43:34.088019,49.0,9,1g.11gb,yolo-inference-755b67b9bb-pwhtx,default,yolo,580.173.02,GPU-d59cb1c4-ad97-d91a-6731-e7b5f38951a6
2026-08-16 04:43:39.086617,49.0,10,1g.11gb,yolo-inference-755b67b9bb-sf8hz,default,yolo,580.173.02,GPU-d59cb1c4-ad97-d91a-6731-e7b5f38951a6
2026-08-16 04:43:39.086617,49.0,11,1g.11gb,yolo-inference-755b67b9bb-mdq5n,default,yolo,580.173.02,GPU-d59cb1c4-ad97-d91a-6731-e7b5f38951a6
2026-08-16 04:43:39.086617,49.0,12,1g.11gb,yolo-inference-755b67b9bb-l2sjx,default,yolo,580.173.02,GPU-d59cb1c4-ad97-d91a-6731-e7b5f38951a6
2026-08-16 04:43:39.086617,49.0,13,1g.11gb,yolo-inference-755b67b9bb-vgskt,default,yolo,580.173.02,GPU-d59cb1c4-ad97-d91a-6731-e7b5f38951a6
2026-08-16 04:43:39.086617,49.0,7,1g.11gb,,,,580.173.02,GPU-d59cb1c4-ad97-d91a-6731-e7b5f38951a6
2026-08-16 04:43:39.086617,49.0,8,1g.11gb,yolo-inference-755b67b9bb-ttrzf,default,yolo,580.173.02,GPU-d59cb1c4-ad97-d91a-6731-e7b5f38951a6
2026-08-16 04:43:39.086617,49.0,9,1g.11gb,yolo-inference-755b67b9bb-pwhtx,default,yolo,580.173.02,GPU-d59cb1c4-ad97-d91a-6731-e7b5f38951a6
2026-08-16 04:43:44.088021,49.0,10,1g.11gb,yolo-inference-755b67b9bb-sf8hz,default,yolo,580.173.02,GPU-d59cb1c4-ad97-d91a-6731-e7b5f38951a6
2026-08-16 04:43:44.088021,49.0,11,1g.11gb,yolo-inference-755b67b9bb-mdq5n,default,yolo,580.173.02,GPU-d59cb1c4-ad97-d91a-6731-e7b5f38951a6
2026-08-16 04:43:44.088021,49.0,12,1g.11gb,yolo-inference-755b67b9bb-l2sjx,default,yolo,580.173.02,GPU-d59cb1c4-ad97-d91a-6731-e7b5f38951a6
2026-08-16 04:43:44.088021,49.0,13,1g.11gb,yolo-inference-755b67b9bb-vgskt,default,yolo,580.173.02,GPU-d59cb1c4-ad97-d91a-6731-e7b5f38951a6
2026-08-16 04:43:44.088021,49.0,7,1g.11gb,,,,580.173.02,GPU-d59cb1c4-ad97-d91a-6731-e7b5f38951a6
2026-08-16 04:43:44.088021,49.0,8,1g.11gb,yolo-inference-755b67b9bb-ttrzf,default,yolo,580.173.02,GPU-d59cb1c4-ad97-d91a-6731-e7b5f38951a6
2026-08-16 04:43:44.088021,49.0,9,1g.11gb,yolo-inference-755b67b9bb-pwhtx,default,yolo,580.173.02,GPU-d59cb1c4-ad97-d91a-6731-e7b5f38951a6
2026-08-16 04:43:49.088022,49.0,10,1g.11gb,yolo-inference-755b67b9bb-sf8hz,default,yolo,580.173.02,GPU-d59cb1c4-ad97-d91a-6731-e7b5f38951a6
2026-08-16 04:43:49.088022,49.0,11,1g.11gb,yolo-inference-755b67b9bb-mdq5n,default,yolo,580.173.02,GPU-d59cb1c4-ad97-d91a-6731-e7b5f38951a6
2026-08-16 04:43:49.088022,49.0,12,1g.11gb,yolo-inference-755b67b9bb-l2sjx,default,yolo,580.173.02,GPU-d59cb1c4-ad97-d91a-6731-e7b5f38951a6
2026-08-16 04:43:49.088022,49.0,13,1g.11gb,yolo-inference-755b67b9bb-vgskt,default,yolo,580.173.02,GPU-d59cb1c4-ad97-d91a-6731-e7b5f38951a6
2026-08-16 04:43:49.088022,49.0,7,1g.11gb,,,,580.173.02,GPU-d59cb1c4-ad97-d91a-6731-e7b5f38951a6
2026-08-16 04:43:49.088022,49.0,8,1g.11gb,yolo-inference-755b67b9bb-ttrzf,default,yolo,580.173.02,GPU-d59cb1c4-ad97-d91a-6731-e7b5f38951a6
2026-08-16 04:43:49.088022,49.0,9,1g.11gb,yolo-inference-755b67b9bb-pwhtx,default,yolo,580.173.02,GPU-d59cb1c4-ad97-d91a-6731-e7b5f38951a6
2026-08-16 04:43:54.083334,49.0,10,1g.11gb,yolo-inference-755b67b9bb-sf8hz,default,yolo,580.173.02,GPU-d59cb1c4-ad97-d91a-6731-e7b5f38951a6
2026-08-16 04:43:54.083334,49.0,11,1g.11gb,yolo-inference-755b67b9bb-mdq5n,default,yolo,580.173.02,GPU-d59cb1c4-ad97-d91a-6731-e7b5f38951a6
2026-08-16 04:43:54.083334,49.0,12,1g.11gb,yolo-inference-755b67b9bb-l2sjx,default,yolo,580.173.02,GPU-d59cb1c4-ad97-d91a-6731-e7b5f38951a6
2026-08-16 04:43:54.083334,49.0,13,1g.11gb,yolo-inference-755b67b9bb-vgskt,default,yolo,580.173.02,GPU-d59cb1c4-ad97-d91a-6731-e7b5f38951a6
2026-08-16 04:43:54.083334,49.0,7,1g.11gb,,,,580.173.02,GPU-d59cb1c4-ad97-d91a-6731-e7b5f38951a6
2026-08-16 04:43:54.083334,49.0,8,1g.11gb,yolo-inference-755b67b9bb-ttrzf,default,yolo,580.173.02,GPU-d59cb1c4-ad97-d91a-6731-e7b5f38951a6
2026-08-16 04:43:54.083334,49.0,9,1g.11gb,yolo-inference-755b67b9bb-pwhtx,default,yolo,580.173.02,GPU-d59cb1c4-ad97-d91a-6731-e7b5f38951a6
2026-08-16 04:43:59.088027,49.0,10,1g.11gb,yolo-inference-755b67b9bb-sf8hz,default,yolo,580.173.02,GPU-d59cb1c4-ad97-d91a-6731-e7b5f38951a6
2026-08-16 04:43:59.088027,49.0,11,1g.11gb,yolo-inference-755b67b9bb-mdq5n,default,yolo,580.173.02,GPU-d59cb1c4-ad97-d91a-6731-e7b5f38951a6
2026-08-16 04:43:59.088027,49.0,12,1g.11gb,yolo-inference-755b67b9bb-l2sjx,default,yolo,580.173.02,GPU-d59cb1c4-ad97-d91a-6731-e7b5f38951a6
2026-08-16 04:43:59.088027,49.0,13,1g.11gb,yolo-inference-755b67b9bb-vgskt,default,yolo,580.173.02,GPU-d59cb1c4-ad97-d91a-6731-e7b5f38951a6
2026-08-16 04:43:59.088027,49.0,7,1g.11gb,,,,580.173.02,GPU-d59cb1c4-ad97-d91a-6731-e7b5f38951a6
2026-08-16 04:43:59.088027,49.0,8,1g.11gb,yolo-inference-755b67b9bb-ttrzf,default,yolo,580.173.02,GPU-d59cb1c4-ad97-d91a-6731-e7b5f38951a6
2026-08-16 04:43:59.088027,49.0,9,1g.11gb,yolo-inference-755b67b9bb-pwhtx,default,yolo,580.173.02,GPU-d59cb1c4-ad97-d91a-6731-e7b5f38951a6
2026-08-16 04:44:04.088015,49.0,10,1g.11gb,yolo-inference-755b67b9bb-sf8hz,default,yolo,580.173.02,GPU-d59cb1c4-ad97-d91a-6731-e7b5f38951a6
2026-08-16 04:44:04.088015,49.0,11,1g.11gb,yolo-inference-755b67b9bb-mdq5n,default,yolo,580.173.02,GPU-d59cb1c4-ad97-d91a-6731-e7b5f38951a6
2026-08-16 04:44:04.088015,49.0,12,1g.11gb,yolo-inference-755b67b9bb-l2sjx,default,yolo,580.173.02,GPU-d59cb1c4-ad97-d91a-6731-e7b5f38951a6
2026-08-16 04:44:04.088015,49.0,13,1g.11gb,yolo-inference-755b67b9bb-vgskt,default,yolo,580.173.02,GPU-d59cb1c4-ad97-d91a-6731-e7b5f38951a6
2026-08-16 04:44:04.088015,49.0,7,1g.11gb,,,,580.173.02,GPU-d59cb1c4-ad97-d91a-6731-e7b5f38951a6
2026-08-16 04:44:04.088015,49.0,8,1g.11gb,yolo-inference-755b67b9bb-ttrzf,default,yolo,580.173.02,GPU-d59cb1c4-ad97-d91a-6731-e7b5f38951a6
2026-08-16 04:44:04.088015,49.0,9,1g.11gb,yolo-inference-755b67b9bb-pwhtx,default,yolo,580.173.02,GPU-d59cb1c4-ad97-d91a-6731-e7b5f38951a6
2026-08-16 04:44:09.083698,49.0,10,1g.11gb,yolo-inference-755b67b9bb-sf8hz,default,yolo,580.173.02,GPU-d59cb1c4-ad97-d91a-6731-e7b5f38951a6
2026-08-16 04:44:09.083698,49.0,11,1g.11gb,yolo-inference-755b67b9bb-mdq5n,default,yolo,580.173.02,GPU-d59cb1c4-ad97-d91a-6731-e7b5f38951a6
2026-08-16 04:44:09.083698,49.0,12,1g.11gb,yolo-inference-755b67b9bb-l2sjx,default,yolo,580.173.02,GPU-d59cb1c4-ad97-d91a-6731-e7b5f38951a6
2026-08-16 04:44:09.083698,49.0,13,1g.11gb,yolo-inference-755b67b9bb-vgskt,default,yolo,580.173.02,GPU-d59cb1c4-ad97-d91a-6731-e7b5f38951a6
2026-08-16 04:44:09.083698,49.0,7,1g.11gb,,,,580.173.02,GPU-d59cb1c4-ad97-d91a-6731-e7b5f38951a6
2026-08-16 04:44:09.083698,49.0,8,1g.11gb,yolo-inference-755b67b9bb-ttrzf,default,yolo,580.173.02,GPU-d59cb1c4-ad97-d91a-6731-e7b5f38951a6
2026-08-16 04:44:09.083698,49.0,9,1g.11gb,yolo-inference-755b67b9bb-pwhtx,default,yolo,580.173.02,GPU-d59cb1c4-ad97-d91a-6731-e7b5f38951a6
2026-08-16 04:44:14.088052,49.0,10,1g.11gb,yolo-inference-755b67b9bb-sf8hz,default,yolo,580.173.02,GPU-d59cb1c4-ad97-d91a-6731-e7b5f38951a6
2026-08-16 04:44:14.088052,49.0,11,1g.11gb,yolo-inference-755b67b9bb-mdq5n,default,yolo,580.173.02,GPU-d59cb1c4-ad97-d91a-6731-e7b5f38951a6
2026-08-16 04:44:14.088052,49.0,12,1g.11gb,yolo-inference-755b67b9bb-l2sjx,default,yolo,580.173.02,GPU-d59cb1c4-ad97-d91a-6731-e7b5f38951a6
2026-08-16 04:44:14.088052,49.0,13,1g.11gb,yolo-inference-755b67b9bb-vgskt,default,yolo,580.173.02,GPU-d59cb1c4-ad97-d91a-6731-e7b5f38951a6
2026-08-16 04:44:14.088052,49.0,7,1g.11gb,,,,580.173.02,GPU-d59cb1c4-ad97-d91a-6731-e7b5f38951a6
2026-08-16 04:44:14.088052,49.0,8,1g.11gb,yolo-inference-755b67b9bb-ttrzf,default,yolo,580.173.02,GPU-d59cb1c4-ad97-d91a-6731-e7b5f38951a6
2026-08-16 04:44:14.088052,49.0,9,1g.11gb,yolo-inference-755b67b9bb-pwhtx,default,yolo,580.173.02,GPU-d59cb1c4-ad97-d91a-6731-e7b5f38951a6
2026-08-16 04:44:19.084190,49.0,10,1g.11gb,yolo-inference-755b67b9bb-sf8hz,default,yolo,580.173.02,GPU-d59cb1c4-ad97-d91a-6731-e7b5f38951a6
2026-08-16 04:44:19.084190,49.0,11,1g.11gb,yolo-inference-755b67b9bb-mdq5n,default,yolo,580.173.02,GPU-d59cb1c4-ad97-d91a-6731-e7b5f38951a6
2026-08-16 04:44:19.084190,49.0,12,1g.11gb,yolo-inference-755b67b9bb-l2sjx,default,yolo,580.173.02,GPU-d59cb1c4-ad97-d91a-6731-e7b5f38951a6
2026-08-16 04:44:19.084190,49.0,13,1g.11gb,yolo-inference-755b67b9bb-vgskt,default,yolo,580.173.02,GPU-d59cb1c4-ad97-d91a-6731-e7b5f38951a6
2026-08-16 04:44:19.084190,49.0,7,1g.11gb,,,,580.173.02,GPU-d59cb1c4-ad97-d91a-6731-e7b5f38951a6
2026-08-16 04:44:19.084190,49.0,8,1g.11gb,yolo-inference-755b67b9bb-ttrzf,default,yolo,580.173.02,GPU-d59cb1c4-ad97-d91a-6731-e7b5f38951a6
2026-08-16 04:44:19.084190,49.0,9,1g.11gb,yolo-inference-755b67b9bb-pwhtx,default,yolo,580.173.02,GPU-d59cb1c4-ad97-d91a-6731-e7b5f38951a6
2026-08-16 04:44:24.088027,49.0,10,1g.11gb,yolo-inference-755b67b9bb-sf8hz,default,yolo,580.173.02,GPU-d59cb1c4-ad97-d91a-6731-e7b5f38951a6
2026-08-16 04:44:24.088027,49.0,11,1g.11gb,yolo-inference-755b67b9bb-mdq5n,default,yolo,580.173.02,GPU-d59cb1c4-ad97-d91a-6731-e7b5f38951a6
2026-08-16 04:44:24.088027,49.0,12,1g.11gb,yolo-inference-755b67b9bb-l2sjx,default,yolo,580.173.02,GPU-d59cb1c4-ad97-d91a-6731-e7b5f38951a6
2026-08-16 04:44:24.088027,49.0,13,1g.11gb,yolo-inference-755b67b9bb-vgskt,default,yolo,580.173.02,GPU-d59cb1c4-ad97-d91a-6731-e7b5f38951a6
2026-08-16 04:44:24.088027,49.0,7,1g.11gb,,,,580.173.02,GPU-d59cb1c4-ad97-d91a-6731-e7b5f38951a6
2026-08-16 04:44:24.088027,49.0,8,1g.11gb,yolo-inference-755b67b9bb-ttrzf,default,yolo,580.173.02,GPU-d59cb1c4-ad97-d91a-6731-e7b5f38951a6
2026-08-16 04:44:24.088027,49.0,9,1g.11gb,yolo-inference-755b67b9bb-pwhtx,default,yolo,580.173.02,GPU-d59cb1c4-ad97-d91a-6731-e7b5f38951a6
2026-08-16 04:44:29.084174,49.0,10,1g.11gb,yolo-inference-755b67b9bb-sf8hz,default,yolo,580.173.02,GPU-d59cb1c4-ad97-d91a-6731-e7b5f38951a6
2026-08-16 04:44:29.084174,49.0,11,1g.11gb,yolo-inference-755b67b9bb-mdq5n,default,yolo,580.173.02,GPU-d59cb1c4-ad97-d91a-6731-e7b5f38951a6
2026-08-16 04:44:29.084174,49.0,12,1g.11gb,yolo-inference-755b67b9bb-l2sjx,default,yolo,580.173.02,GPU-d59cb1c4-ad97-d91a-6731-e7b5f38951a6
2026-08-16 04:44:29.084174,49.0,13,1g.11gb,yolo-inference-755b67b9bb-vgskt,default,yolo,580.173.02,GPU-d59cb1c4-ad97-d91a-6731-e7b5f38951a6
2026-08-16 04:44:29.084174,49.0,7,1g.11gb,,,,580.173.02,GPU-d59cb1c4-ad97-d91a-6731-e7b5f38951a6
2026-08-16 04:44:29.084174,49.0,8,1g.11gb,yolo-inference-755b67b9bb-ttrzf,default,yolo,580.173.02,GPU-d59cb1c4-ad97-d91a-6731-e7b5f38951a6
2026-08-16 04:44:29.084174,49.0,9,1g.11gb,yolo-inference-755b67b9bb-pwhtx,default,yolo,580.173.02,GPU-d59cb1c4-ad97-d91a-6731-e7b5f38951a6
2026-08-16 04:44:34.083775,49.0,10,1g.11gb,yolo-inference-755b67b9bb-sf8hz,default,yolo,580.173.02,GPU-d59cb1c4-ad97-d91a-6731-e7b5f38951a6
2026-08-16 04:44:34.083775,49.0,11,1g.11gb,yolo-inference-755b67b9bb-mdq5n,default,yolo,580.173.02,GPU-d59cb1c4-ad97-d91a-6731-e7b5f38951a6
2026-08-16 04:44:34.083775,49.0,12,1g.11gb,yolo-inference-755b67b9bb-l2sjx,default,yolo,580.173.02,GPU-d59cb1c4-ad97-d91a-6731-e7b5f38951a6
2026-08-16 04:44:34.083775,49.0,13,1g.11gb,yolo-inference-755b67b9bb-vgskt,default,yolo,580.173.02,GPU-d59cb1c4-ad97-d91a-6731-e7b5f38951a6
2026-08-16 04:44:34.083775,49.0,7,1g.11gb,,,,580.173.02,GPU-d59cb1c4-ad97-d91a-6731-e7b5f38951a6
2026-08-16 04:44:34.083775,49.0,8,1g.11gb,yolo-inference-755b67b9bb-ttrzf,default,yolo,580.173.02,GPU-d59cb1c4-ad97-d91a-6731-e7b5f38951a6
2026-08-16 04:44:34.083775,49.0,9,1g.11gb,yolo-inference-755b67b9bb-pwhtx,default,yolo,580.173.02,GPU-d59cb1c4-ad97-d91a-6731-e7b5f38951a6
2026-08-16 04:44:39.088023,49.0,10,1g.11gb,yolo-inference-755b67b9bb-sf8hz,default,yolo,580.173.02,GPU-d59cb1c4-ad97-d91a-6731-e7b5f38951a6
2026-08-16 04:44:39.088023,49.0,11,1g.11gb,yolo-inference-755b67b9bb-mdq5n,default,yolo,580.173.02,GPU-d59cb1c4-ad97-d91a-6731-e7b5f38951a6
2026-08-16 04:44:39.088023,49.0,12,1g.11gb,yolo-inference-755b67b9bb-l2sjx,default,yolo,580.173.02,GPU-d59cb1c4-ad97-d91a-6731-e7b5f38951a6
2026-08-16 04:44:39.088023,49.0,13,1g.11gb,yolo-inference-755b67b9bb-vgskt,default,yolo,580.173.02,GPU-d59cb1c4-ad97-d91a-6731-e7b5f38951a6
2026-08-16 04:44:39.088023,49.0,7,1g.11gb,,,,580.173.02,GPU-d59cb1c4-ad97-d91a-6731-e7b5f38951a6
2026-08-16 04:44:39.088023,49.0,8,1g.11gb,yolo-inference-755b67b9bb-ttrzf,default,yolo,580.173.02,GPU-d59cb1c4-ad97-d91a-6731-e7b5f38951a6
2026-08-16 04:44:39.088023,49.0,9,1g.11gb,yolo-inference-755b67b9bb-pwhtx,default,yolo,580.173.02,GPU-d59cb1c4-ad97-d91a-6731-e7b5f38951a6
2026-08-16 04:44:44.088055,49.0,10,1g.11gb,yolo-inference-755b67b9bb-sf8hz,default,yolo,580.173.02,GPU-d59cb1c4-ad97-d91a-6731-e7b5f38951a6
2026-08-16 04:44:44.088055,49.0,11,1g.11gb,yolo-inference-755b67b9bb-mdq5n,default,yolo,580.173.02,GPU-d59cb1c4-ad97-d91a-6731-e7b5f38951a6
2026-08-16 04:44:44.088055,49.0,12,1g.11gb,yolo-inference-755b67b9bb-l2sjx,default,yolo,580.173.02,GPU-d59cb1c4-ad97-d91a-6731-e7b5f38951a6
2026-08-16 04:44:44.088055,49.0,13,1g.11gb,yolo-inference-755b67b9bb-vgskt,default,yolo,580.173.02,GPU-d59cb1c4-ad97-d91a-6731-e7b5f38951a6
2026-08-16 04:44:44.088055,49.0,7,1g.11gb,,,,580.173.02,GPU-d59cb1c4-ad97-d91a-6731-e7b5f38951a6
2026-08-16 04:44:44.088055,49.0,8,1g.11gb,yolo-inference-755b67b9bb-ttrzf,default,yolo,580.173.02,GPU-d59cb1c4-ad97-d91a-6731-e7b5f38951a6
2026-08-16 04:44:44.088055,49.0,9,1g.11gb,yolo-inference-755b67b9bb-pwhtx,default,yolo,580.173.02,GPU-d59cb1c4-ad97-d91a-6731-e7b5f38951a6
2026-08-16 04:44:49.088026,49.0,10,1g.11gb,yolo-inference-755b67b9bb-sf8hz,default,yolo,580.173.02,GPU-d59cb1c4-ad97-d91a-6731-e7b5f38951a6
2026-08-16 04:44:49.088026,49.0,11,1g.11gb,yolo-inference-755b67b9bb-mdq5n,default,yolo,580.173.02,GPU-d59cb1c4-ad97-d91a-6731-e7b5f38951a6
2026-08-16 04:44:49.088026,49.0,12,1g.11gb,yolo-inference-755b67b9bb-l2sjx,default,yolo,580.173.02,GPU-d59cb1c4-ad97-d91a-6731-e7b5f38951a6
2026-08-16 04:44:49.088026,49.0,13,1g.11gb,yolo-inference-755b67b9bb-vgskt,default,yolo,580.173.02,GPU-d59cb1c4-ad97-d91a-6731-e7b5f38951a6
2026-08-16 04:44:49.088026,49.0,7,1g.11gb,,,,580.173.02,GPU-d59cb1c4-ad97-d91a-6731-e7b5f38951a6
2026-08-16 04:44:49.088026,49.0,8,1g.11gb,yolo-inference-755b67b9bb-ttrzf,default,yolo,580.173.02,GPU-d59cb1c4-ad97-d91a-6731-e7b5f38951a6
2026-08-16 04:44:49.088026,49.0,9,1g.11gb,yolo-inference-755b67b9bb-pwhtx,default,yolo,580.173.02,GPU-d59cb1c4-ad97-d91a-6731-e7b5f38951a6
2026-08-16 04:44:54.083347,49.0,10,1g.11gb,yolo-inference-755b67b9bb-sf8hz,default,yolo,580.173.02,GPU-d59cb1c4-ad97-d91a-6731-e7b5f38951a6
2026-08-16 04:44:54.083347,49.0,11,1g.11gb,yolo-inference-755b67b9bb-mdq5n,default,yolo,580.173.02,GPU-d59cb1c4-ad97-d91a-6731-e7b5f38951a6
2026-08-16 04:44:54.083347,49.0,12,1g.11gb,yolo-inference-755b67b9bb-l2sjx,default,yolo,580.173.02,GPU-d59cb1c4-ad97-d91a-6731-e7b5f38951a6
2026-08-16 04:44:54.083347,49.0,13,1g.11gb,yolo-inference-755b67b9bb-vgskt,default,yolo,580.173.02,GPU-d59cb1c4-ad97-d91a-6731-e7b5f38951a6
2026-08-16 04:44:54.083347,49.0,7,1g.11gb,,,,580.173.02,GPU-d59cb1c4-ad97-d91a-6731-e7b5f38951a6
2026-08-16 04:44:54.083347,49.0,8,1g.11gb,yolo-inference-755b67b9bb-ttrzf,default,yolo,580.173.02,GPU-d59cb1c4-ad97-d91a-6731-e7b5f38951a6
2026-08-16 04:44:54.083347,49.0,9,1g.11gb,yolo-inference-755b67b9bb-pwhtx,default,yolo,580.173.02,GPU-d59cb1c4-ad97-d91a-6731-e7b5f38951a6
2026-08-16 04:44:59.084354,49.0,10,1g.11gb,yolo-inference-755b67b9bb-sf8hz,default,yolo,580.173.02,GPU-d59cb1c4-ad97-d91a-6731-e7b5f38951a6
2026-08-16 04:44:59.084354,49.0,11,1g.11gb,yolo-inference-755b67b9bb-mdq5n,default,yolo,580.173.02,GPU-d59cb1c4-ad97-d91a-6731-e7b5f38951a6
2026-08-16 04:44:59.084354,49.0,12,1g.11gb,yolo-inference-755b67b9bb-l2sjx,default,yolo,580.173.02,GPU-d59cb1c4-ad97-d91a-6731-e7b5f38951a6
2026-08-16 04:44:59.084354,49.0,13,1g.11gb,yolo-inference-755b67b9bb-vgskt,default,yolo,580.173.02,GPU-d59cb1c4-ad97-d91a-6731-e7b5f38951a6
2026-08-16 04:44:59.084354,49.0,7,1g.11gb,,,,580.173.02,GPU-d59cb1c4-ad97-d91a-6731-e7b5f38951a6
2026-08-16 04:44:59.084354,49.0,8,1g.11gb,yolo-inference-755b67b9bb-ttrzf,default,yolo,580.173.02,GPU-d59cb1c4-ad97-d91a-6731-e7b5f38951a6
2026-08-16 04:44:59.084354,49.0,9,1g.11gb,yolo-inference-755b67b9bb-pwhtx,default,yolo,580.173.02,GPU-d59cb1c4-ad97-d91a-6731-e7b5f38951a6
2026-08-16 04:45:04.083393,49.0,10,1g.11gb,yolo-inference-755b67b9bb-sf8hz,default,yolo,580.173.02,GPU-d59cb1c4-ad97-d91a-6731-e7b5f38951a6
2026-08-16 04:45:04.083393,49.0,11,1g.11gb,yolo-inference-755b67b9bb-mdq5n,default,yolo,580.173.02,GPU-d59cb1c4-ad97-d91a-6731-e7b5f38951a6
2026-08-16 04:45:04.083393,49.0,12,1g.11gb,yolo-inference-755b67b9bb-l2sjx,default,yolo,580.173.02,GPU-d59cb1c4-ad97-d91a-6731-e7b5f38951a6
2026-08-16 04:45:04.083393,49.0,13,1g.11gb,yolo-inference-755b67b9bb-vgskt,default,yolo,580.173.02,GPU-d59cb1c4-ad97-d91a-6731-e7b5f38951a6
2026-08-16 04:45:04.083393,49.0,7,1g.11gb,,,,580.173.02,GPU-d59cb1c4-ad97-d91a-6731-e7b5f38951a6
2026-08-16 04:45:04.083393,49.0,8,1g.11gb,yolo-inference-755b67b9bb-ttrzf,default,yolo,580.173.02,GPU-d59cb1c4-ad97-d91a-6731-e7b5f38951a6
2026-08-16 04:45:04.083393,49.0,9,1g.11gb,yolo-inference-755b67b9bb-pwhtx,default,yolo,580.173.02,GPU-d59cb1c4-ad97-d91a-6731-e7b5f38951a6
2026-08-16 04:45:09.084192,49.0,10,1g.11gb,yolo-inference-755b67b9bb-sf8hz,default,yolo,580.173.02,GPU-d59cb1c4-ad97-d91a-6731-e7b5f38951a6
2026-08-16 04:45:09.084192,49.0,11,1g.11gb,yolo-inference-755b67b9bb-mdq5n,default,yolo,580.173.02,GPU-d59cb1c4-ad97-d91a-6731-e7b5f38951a6
2026-08-16 04:45:09.084192,49.0,12,1g.11gb,yolo-inference-755b67b9bb-l2sjx,default,yolo,580.173.02,GPU-d59cb1c4-ad97-d91a-6731-e7b5f38951a6
2026-08-16 04:45:09.084192,49.0,13,1g.11gb,yolo-inference-755b67b9bb-vgskt,default,yolo,580.173.02,GPU-d59cb1c4-ad97-d91a-6731-e7b5f38951a6
2026-08-16 04:45:09.084192,49.0,7,1g.11gb,,,,580.173.02,GPU-d59cb1c4-ad97-d91a-6731-e7b5f38951a6
2026-08-16 04:45:09.084192,49.0,8,1g.11gb,yolo-inference-755b67b9bb-ttrzf,default,yolo,580.173.02,GPU-d59cb1c4-ad97-d91a-6731-e7b5f38951a6
2026-08-16 04:45:09.084192,49.0,9,1g.11gb,yolo-inference-755b67b9bb-pwhtx,default,yolo,580.173.02,GPU-d59cb1c4-ad97-d91a-6731-e7b5f38951a6
2026-08-16 04:45:14.085173,49.0,10,1g.11gb,yolo-inference-755b67b9bb-sf8hz,default,yolo,580.173.02,GPU-d59cb1c4-ad97-d91a-6731-e7b5f38951a6
2026-08-16 04:45:14.085173,49.0,11,1g.11gb,yolo-inference-755b67b9bb-mdq5n,default,yolo,580.173.02,GPU-d59cb1c4-ad97-d91a-6731-e7b5f38951a6
2026-08-16 04:45:14.085173,49.0,12,1g.11gb,yolo-inference-755b67b9bb-l2sjx,default,yolo,580.173.02,GPU-d59cb1c4-ad97-d91a-6731-e7b5f38951a6
2026-08-16 04:45:14.085173,49.0,13,1g.11gb,yolo-inference-755b67b9bb-vgskt,default,yolo,580.173.02,GPU-d59cb1c4-ad97-d91a-6731-e7b5f38951a6
2026-08-16 04:45:14.085173,49.0,7,1g.11gb,,,,580.173.02,GPU-d59cb1c4-ad97-d91a-6731-e7b5f38951a6
2026-08-16 04:45:14.085173,49.0,8,1g.11gb,yolo-inference-755b67b9bb-ttrzf,default,yolo,580.173.02,GPU-d59cb1c4-ad97-d91a-6731-e7b5f38951a6
2026-08-16 04:45:14.085173,49.0,9,1g.11gb,yolo-inference-755b67b9bb-pwhtx,default,yolo,580.173.02,GPU-d59cb1c4-ad97-d91a-6731-e7b5f38951a6
2026-08-16 04:45:19.087101,49.0,10,1g.11gb,yolo-inference-755b67b9bb-sf8hz,default,yolo,580.173.02,GPU-d59cb1c4-ad97-d91a-6731-e7b5f38951a6
2026-08-16 04:45:19.087101,49.0,11,1g.11gb,yolo-inference-755b67b9bb-mdq5n,default,yolo,580.173.02,GPU-d59cb1c4-ad97-d91a-6731-e7b5f38951a6
2026-08-16 04:45:19.087101,49.0,12,1g.11gb,yolo-inference-755b67b9bb-l2sjx,default,yolo,580.173.02,GPU-d59cb1c4-ad97-d91a-6731-e7b5f38951a6
2026-08-16 04:45:19.087101,49.0,13,1g.11gb,yolo-inference-755b67b9bb-vgskt,default,yolo,580.173.02,GPU-d59cb1c4-ad97-d91a-6731-e7b5f38951a6
2026-08-16 04:45:19.087101,49.0,7,1g.11gb,,,,580.173.02,GPU-d59cb1c4-ad97-d91a-6731-e7b5f38951a6
2026-08-16 04:45:19.087101,49.0,8,1g.11gb,yolo-inference-755b67b9bb-ttrzf,default,yolo,580.173.02,GPU-d59cb1c4-ad97-d91a-6731-e7b5f38951a6
2026-08-16 04:45:19.087101,49.0,9,1g.11gb,yolo-inference-755b67b9bb-pwhtx,default,yolo,580.173.02,GPU-d59cb1c4-ad97-d91a-6731-e7b5f38951a6
2026-08-16 04:45:24.088034,49.0,10,1g.11gb,yolo-inference-755b67b9bb-sf8hz,default,yolo,580.173.02,GPU-d59cb1c4-ad97-d91a-6731-e7b5f38951a6
2026-08-16 04:45:24.088034,49.0,11,1g.11gb,yolo-inference-755b67b9bb-mdq5n,default,yolo,580.173.02,GPU-d59cb1c4-ad97-d91a-6731-e7b5f38951a6
2026-08-16 04:45:24.088034,49.0,12,1g.11gb,yolo-inference-755b67b9bb-l2sjx,default,yolo,580.173.02,GPU-d59cb1c4-ad97-d91a-6731-e7b5f38951a6
2026-08-16 04:45:24.088034,49.0,13,1g.11gb,yolo-inference-755b67b9bb-vgskt,default,yolo,580.173.02,GPU-d59cb1c4-ad97-d91a-6731-e7b5f38951a6
2026-08-16 04:45:24.088034,49.0,7,1g.11gb,,,,580.173.02,GPU-d59cb1c4-ad97-d91a-6731-e7b5f38951a6
2026-08-16 04:45:24.088034,49.0,8,1g.11gb,yolo-inference-755b67b9bb-ttrzf,default,yolo,580.173.02,GPU-d59cb1c4-ad97-d91a-6731-e7b5f38951a6
2026-08-16 04:45:24.088034,49.0,9,1g.11gb,yolo-inference-755b67b9bb-pwhtx,default,yolo,580.173.02,GPU-d59cb1c4-ad97-d91a-6731-e7b5f38951a6
2026-08-16 04:45:29.085211,49.0,10,1g.11gb,yolo-inference-755b67b9bb-sf8hz,default,yolo,580.173.02,GPU-d59cb1c4-ad97-d91a-6731-e7b5f38951a6
2026-08-16 04:45:29.085211,49.0,11,1g.11gb,yolo-inference-755b67b9bb-mdq5n,default,yolo,580.173.02,GPU-d59cb1c4-ad97-d91a-6731-e7b5f38951a6
2026-08-16 04:45:29.085211,49.0,12,1g.11gb,yolo-inference-755b67b9bb-l2sjx,default,yolo,580.173.02,GPU-d59cb1c4-ad97-d91a-6731-e7b5f38951a6
2026-08-16 04:45:29.085211,49.0,13,1g.11gb,yolo-inference-755b67b9bb-vgskt,default,yolo,580.173.02,GPU-d59cb1c4-ad97-d91a-6731-e7b5f38951a6
2026-08-16 04:45:29.085211,49.0,7,1g.11gb,,,,580.173.02,GPU-d59cb1c4-ad97-d91a-6731-e7b5f38951a6
2026-08-16 04:45:29.085211,49.0,8,1g.11gb,yolo-inference-755b67b9bb-ttrzf,default,yolo,580.173.02,GPU-d59cb1c4-ad97-d91a-6731-e7b5f38951a6
2026-08-16 04:45:29.085211,49.0,9,1g.11gb,yolo-inference-755b67b9bb-pwhtx,default,yolo,580.173.02,GPU-d59cb1c4-ad97-d91a-6731-e7b5f38951a6
2026-08-16 04:45:34.083513,49.0,10,1g.11gb,yolo-inference-755b67b9bb-sf8hz,default,yolo,580.173.02,GPU-d59cb1c4-ad97-d91a-6731-e7b5f38951a6
2026-08-16 04:45:34.083513,49.0,11,1g.11gb,yolo-inference-755b67b9bb-mdq5n,default,yolo,580.173.02,GPU-d59cb1c4-ad97-d91a-6731-e7b5f38951a6
2026-08-16 04:45:34.083513,49.0,12,1g.11gb,yolo-inference-755b67b9bb-l2sjx,default,yolo,580.173.02,GPU-d59cb1c4-ad97-d91a-6731-e7b5f38951a6
2026-08-16 04:45:34.083513,49.0,13,1g.11gb,yolo-inference-755b67b9bb-vgskt,default,yolo,580.173.02,GPU-d59cb1c4-ad97-d91a-6731-e7b5f38951a6
2026-08-16 04:45:34.083513,49.0,7,1g.11gb,,,,580.173.02,GPU-d59cb1c4-ad97-d91a-6731-e7b5f38951a6
2026-08-16 04:45:34.083513,49.0,8,1g.11gb,yolo-inference-755b67b9bb-ttrzf,default,yolo,580.173.02,GPU-d59cb1c4-ad97-d91a-6731-e7b5f38951a6
2026-08-16 04:45:34.083513,49.0,9,1g.11gb,yolo-inference-755b67b9bb-pwhtx,default,yolo,580.173.02,GPU-d59cb1c4-ad97-d91a-6731-e7b5f38951a6
2026-08-16 04:45:39.087917,49.0,10,1g.11gb,yolo-inference-755b67b9bb-sf8hz,default,yolo,580.173.02,GPU-d59cb1c4-ad97-d91a-6731-e7b5f38951a6
2026-08-16 04:45:39.087917,49.0,11,1g.11gb,yolo-inference-755b67b9bb-mdq5n,default,yolo,580.173.02,GPU-d59cb1c4-ad97-d91a-6731-e7b5f38951a6
2026-08-16 04:45:39.087917,49.0,12,1g.11gb,yolo-inference-755b67b9bb-l2sjx,default,yolo,580.173.02,GPU-d59cb1c4-ad97-d91a-6731-e7b5f38951a6
2026-08-16 04:45:39.087917,49.0,13,1g.11gb,yolo-inference-755b67b9bb-vgskt,default,yolo,580.173.02,GPU-d59cb1c4-ad97-d91a-6731-e7b5f38951a6
2026-08-16 04:45:39.087917,49.0,7,1g.11gb,,,,580.173.02,GPU-d59cb1c4-ad97-d91a-6731-e7b5f38951a6
2026-08-16 04:45:39.087917,49.0,8,1g.11gb,yolo-inference-755b67b9bb-ttrzf,default,yolo,580.173.02,GPU-d59cb1c4-ad97-d91a-6731-e7b5f38951a6
2026-08-16 04:45:39.087917,49.0,9,1g.11gb,yolo-inference-755b67b9bb-pwhtx,default,yolo,580.173.02,GPU-d59cb1c4-ad97-d91a-6731-e7b5f38951a6
2026-08-16 04:45:44.088021,49.0,10,1g.11gb,yolo-inference-755b67b9bb-sf8hz,default,yolo,580.173.02,GPU-d59cb1c4-ad97-d91a-6731-e7b5f38951a6
2026-08-16 04:45:44.088021,49.0,11,1g.11gb,yolo-inference-755b67b9bb-mdq5n,default,yolo,580.173.02,GPU-d59cb1c4-ad97-d91a-6731-e7b5f38951a6
2026-08-16 04:45:44.088021,49.0,12,1g.11gb,yolo-inference-755b67b9bb-l2sjx,default,yolo,580.173.02,GPU-d59cb1c4-ad97-d91a-6731-e7b5f38951a6
2026-08-16 04:45:44.088021,49.0,13,1g.11gb,yolo-inference-755b67b9bb-vgskt,default,yolo,580.173.02,GPU-d59cb1c4-ad97-d91a-6731-e7b5f38951a6
2026-08-16 04:45:44.088021,49.0,7,1g.11gb,,,,580.173.02,GPU-d59cb1c4-ad97-d91a-6731-e7b5f38951a6
2026-08-16 04:45:44.088021,49.0,8,1g.11gb,yolo-inference-755b67b9bb-ttrzf,default,yolo,580.173.02,GPU-d59cb1c4-ad97-d91a-6731-e7b5f38951a6
2026-08-16 04:45:44.088021,49.0,9,1g.11gb,yolo-inference-755b67b9bb-pwhtx,default,yolo,580.173.02,GPU-d59cb1c4-ad97-d91a-6731-e7b5f38951a6
2026-08-16 04:45:49.088045,49.0,10,1g.11gb,yolo-inference-755b67b9bb-sf8hz,default,yolo,580.173.02,GPU-d59cb1c4-ad97-d91a-6731-e7b5f38951a6
2026-08-16 04:45:49.088045,49.0,11,1g.11gb,yolo-inference-755b67b9bb-mdq5n,default,yolo,580.173.02,GPU-d59cb1c4-ad97-d91a-6731-e7b5f38951a6
2026-08-16 04:45:49.088045,49.0,12,1g.11gb,yolo-inference-755b67b9bb-l2sjx,default,yolo,580.173.02,GPU-d59cb1c4-ad97-d91a-6731-e7b5f38951a6
2026-08-16 04:45:49.088045,49.0,13,1g.11gb,yolo-inference-755b67b9bb-vgskt,default,yolo,580.173.02,GPU-d59cb1c4-ad97-d91a-6731-e7b5f38951a6
2026-08-16 04:45:49.088045,49.0,7,1g.11gb,,,,580.173.02,GPU-d59cb1c4-ad97-d91a-6731-e7b5f38951a6
2026-08-16 04:45:49.088045,49.0,8,1g.11gb,yolo-inference-755b67b9bb-ttrzf,default,yolo,580.173.02,GPU-d59cb1c4-ad97-d91a-6731-e7b5f38951a6
2026-08-16 04:45:49.088045,49.0,9,1g.11gb,yolo-inference-755b67b9bb-pwhtx,default,yolo,580.173.02,GPU-d59cb1c4-ad97-d91a-6731-e7b5f38951a6
2026-08-16 04:45:54.085116,49.0,10,1g.11gb,yolo-inference-755b67b9bb-sf8hz,default,yolo,580.173.02,GPU-d59cb1c4-ad97-d91a-6731-e7b5f38951a6
2026-08-16 04:45:54.085116,49.0,11,1g.11gb,yolo-inference-755b67b9bb-mdq5n,default,yolo,580.173.02,GPU-d59cb1c4-ad97-d91a-6731-e7b5f38951a6
2026-08-16 04:45:54.085116,49.0,12,1g.11gb,yolo-inference-755b67b9bb-l2sjx,default,yolo,580.173.02,GPU-d59cb1c4-ad97-d91a-6731-e7b5f38951a6
2026-08-16 04:45:54.085116,49.0,13,1g.11gb,yolo-inference-755b67b9bb-vgskt,default,yolo,580.173.02,GPU-d59cb1c4-ad97-d91a-6731-e7b5f38951a6
2026-08-16 04:45:54.085116,49.0,7,1g.11gb,,,,580.173.02,GPU-d59cb1c4-ad97-d91a-6731-e7b5f38951a6
2026-08-16 04:45:54.085116,49.0,8,1g.11gb,yolo-inference-755b67b9bb-ttrzf,default,yolo,580.173.02,GPU-d59cb1c4-ad97-d91a-6731-e7b5f38951a6
2026-08-16 04:45:54.085116,49.0,9,1g.11gb,yolo-inference-755b67b9bb-pwhtx,default,yolo,580.173.02,GPU-d59cb1c4-ad97-d91a-6731-e7b5f38951a6
2026-08-16 04:45:59.087586,49.0,10,1g.11gb,yolo-inference-755b67b9bb-sf8hz,default,yolo,580.173.02,GPU-d59cb1c4-ad97-d91a-6731-e7b5f38951a6
2026-08-16 04:45:59.087586,49.0,11,1g.11gb,yolo-inference-755b67b9bb-mdq5n,default,yolo,580.173.02,GPU-d59cb1c4-ad97-d91a-6731-e7b5f38951a6
2026-08-16 04:45:59.087586,49.0,12,1g.11gb,yolo-inference-755b67b9bb-l2sjx,default,yolo,580.173.02,GPU-d59cb1c4-ad97-d91a-6731-e7b5f38951a6
2026-08-16 04:45:59.087586,49.0,13,1g.11gb,yolo-inference-755b67b9bb-vgskt,default,yolo,580.173.02,GPU-d59cb1c4-ad97-d91a-6731-e7b5f38951a6
2026-08-16 04:45:59.087586,49.0,7,1g.11gb,,,,580.173.02,GPU-d59cb1c4-ad97-d91a-6731-e7b5f38951a6
2026-08-16 04:45:59.087586,49.0,8,1g.11gb,yolo-inference-755b67b9bb-ttrzf,default,yolo,580.173.02,GPU-d59cb1c4-ad97-d91a-6731-e7b5f38951a6
2026-08-16 04:45:59.087586,49.0,9,1g.11gb,yolo-inference-755b67b9bb-pwhtx,default,yolo,580.173.02,GPU-d59cb1c4-ad97-d91a-6731-e7b5f38951a6
2026-08-16 04:46:04.084381,49.0,10,1g.11gb,yolo-inference-755b67b9bb-sf8hz,default,yolo,580.173.02,GPU-d59cb1c4-ad97-d91a-6731-e7b5f38951a6
2026-08-16 04:46:04.084381,49.0,11,1g.11gb,yolo-inference-755b67b9bb-mdq5n,default,yolo,580.173.02,GPU-d59cb1c4-ad97-d91a-6731-e7b5f38951a6
2026-08-16 04:46:04.084381,49.0,12,1g.11gb,yolo-inference-755b67b9bb-l2sjx,default,yolo,580.173.02,GPU-d59cb1c4-ad97-d91a-6731-e7b5f38951a6
2026-08-16 04:46:04.084381,49.0,13,1g.11gb,yolo-inference-755b67b9bb-vgskt,default,yolo,580.173.02,GPU-d59cb1c4-ad97-d91a-6731-e7b5f38951a6
2026-08-16 04:46:04.084381,49.0,7,1g.11gb,,,,580.173.02,GPU-d59cb1c4-ad97-d91a-6731-e7b5f38951a6
2026-08-16 04:46:04.084381,49.0,8,1g.11gb,yolo-inference-755b67b9bb-ttrzf,default,yolo,580.173.02,GPU-d59cb1c4-ad97-d91a-6731-e7b5f38951a6
2026-08-16 04:46:04.084381,49.0,9,1g.11gb,yolo-inference-755b67b9bb-pwhtx,default,yolo,580.173.02,GPU-d59cb1c4-ad97-d91a-6731-e7b5f38951a6
2026-08-16 04:46:09.088053,49.0,10,1g.11gb,yolo-inference-755b67b9bb-sf8hz,default,yolo,580.173.02,GPU-d59cb1c4-ad97-d91a-6731-e7b5f38951a6
2026-08-16 04:46:09.088053,49.0,11,1g.11gb,yolo-inference-755b67b9bb-mdq5n,default,yolo,580.173.02,GPU-d59cb1c4-ad97-d91a-6731-e7b5f38951a6
2026-08-16 04:46:09.088053,49.0,12,1g.11gb,yolo-inference-755b67b9bb-l2sjx,default,yolo,580.173.02,GPU-d59cb1c4-ad97-d91a-6731-e7b5f38951a6
2026-08-16 04:46:09.088053,49.0,13,1g.11gb,yolo-inference-755b67b9bb-vgskt,default,yolo,580.173.02,GPU-d59cb1c4-ad97-d91a-6731-e7b5f38951a6
2026-08-16 04:46:09.088053,49.0,7,1g.11gb,,,,580.173.02,GPU-d59cb1c4-ad97-d91a-6731-e7b5f38951a6
2026-08-16 04:46:09.088053,49.0,8,1g.11gb,yolo-inference-755b67b9bb-ttrzf,default,yolo,580.173.02,GPU-d59cb1c4-ad97-d91a-6731-e7b5f38951a6
2026-08-16 04:46:09.088053,49.0,9,1g.11gb,yolo-inference-755b67b9bb-pwhtx,default,yolo,580.173.02,GPU-d59cb1c4-ad97-d91a-6731-e7b5f38951a6
2026-08-16 04:46:14.087972,49.0,10,1g.11gb,yolo-inference-755b67b9bb-sf8hz,default,yolo,580.173.02,GPU-d59cb1c4-ad97-d91a-6731-e7b5f38951a6
2026-08-16 04:46:14.087972,49.0,11,1g.11gb,yolo-inference-755b67b9bb-mdq5n,default,yolo,580.173.02,GPU-d59cb1c4-ad97-d91a-6731-e7b5f38951a6
2026-08-16 04:46:14.087972,49.0,12,1g.11gb,yolo-inference-755b67b9bb-l2sjx,default,yolo,580.173.02,GPU-d59cb1c4-ad97-d91a-6731-e7b5f38951a6
2026-08-16 04:46:14.087972,49.0,13,1g.11gb,yolo-inference-755b67b9bb-vgskt,default,yolo,580.173.02,GPU-d59cb1c4-ad97-d91a-6731-e7b5f38951a6
2026-08-16 04:46:14.087972,49.0,7,1g.11gb,,,,580.173.02,GPU-d59cb1c4-ad97-d91a-6731-e7b5f38951a6
2026-08-16 04:46:14.087972,49.0,8,1g.11gb,yolo-inference-755b67b9bb-ttrzf,default,yolo,580.173.02,GPU-d59cb1c4-ad97-d91a-6731-e7b5f38951a6
2026-08-16 04:46:14.087972,49.0,9,1g.11gb,yolo-inference-755b67b9bb-pwhtx,default,yolo,580.173.02,GPU-d59cb1c4-ad97-d91a-6731-e7b5f38951a6
2026-08-16 04:46:19.085994,49.0,10,1g.11gb,yolo-inference-755b67b9bb-sf8hz,default,yolo,580.173.02,GPU-d59cb1c4-ad97-d91a-6731-e7b5f38951a6
2026-08-16 04:46:19.085994,49.0,11,1g.11gb,yolo-inference-755b67b9bb-mdq5n,default,yolo,580.173.02,GPU-d59cb1c4-ad97-d91a-6731-e7b5f38951a6
2026-08-16 04:46:19.085994,49.0,12,1g.11gb,yolo-inference-755b67b9bb-l2sjx,default,yolo,580.173.02,GPU-d59cb1c4-ad97-d91a-6731-e7b5f38951a6
2026-08-16 04:46:19.085994,49.0,13,1g.11gb,yolo-inference-755b67b9bb-vgskt,default,yolo,580.173.02,GPU-d59cb1c4-ad97-d91a-6731-e7b5f38951a6
2026-08-16 04:46:19.085994,49.0,7,1g.11gb,,,,580.173.02,GPU-d59cb1c4-ad97-d91a-6731-e7b5f38951a6
2026-08-16 04:46:19.085994,49.0,8,1g.11gb,yolo-inference-755b67b9bb-ttrzf,default,yolo,580.173.02,GPU-d59cb1c4-ad97-d91a-6731-e7b5f38951a6
2026-08-16 04:46:19.085994,49.0,9,1g.11gb,yolo-inference-755b67b9bb-pwhtx,default,yolo,580.173.02,GPU-d59cb1c4-ad97-d91a-6731-e7b5f38951a6
2026-08-16 04:46:24.087222,49.0,10,1g.11gb,yolo-inference-755b67b9bb-sf8hz,default,yolo,580.173.02,GPU-d59cb1c4-ad97-d91a-6731-e7b5f38951a6
2026-08-16 04:46:24.087222,49.0,11,1g.11gb,yolo-inference-755b67b9bb-mdq5n,default,yolo,580.173.02,GPU-d59cb1c4-ad97-d91a-6731-e7b5f38951a6
2026-08-16 04:46:24.087222,49.0,12,1g.11gb,yolo-inference-755b67b9bb-l2sjx,default,yolo,580.173.02,GPU-d59cb1c4-ad97-d91a-6731-e7b5f38951a6
2026-08-16 04:46:24.087222,49.0,13,1g.11gb,yolo-inference-755b67b9bb-vgskt,default,yolo,580.173.02,GPU-d59cb1c4-ad97-d91a-6731-e7b5f38951a6
2026-08-16 04:46:24.087222,49.0,7,1g.11gb,,,,580.173.02,GPU-d59cb1c4-ad97-d91a-6731-e7b5f38951a6
2026-08-16 04:46:24.087222,49.0,8,1g.11gb,yolo-inference-755b67b9bb-ttrzf,default,yolo,580.173.02,GPU-d59cb1c4-ad97-d91a-6731-e7b5f38951a6
2026-08-16 04:46:24.087222,49.0,9,1g.11gb,yolo-inference-755b67b9bb-pwhtx,default,yolo,580.173.02,GPU-d59cb1c4-ad97-d91a-6731-e7b5f38951a6
2026-08-16 04:46:29.088012,49.0,10,1g.11gb,yolo-inference-755b67b9bb-sf8hz,default,yolo,580.173.02,GPU-d59cb1c4-ad97-d91a-6731-e7b5f38951a6
2026-08-16 04:46:29.088012,49.0,11,1g.11gb,yolo-inference-755b67b9bb-mdq5n,default,yolo,580.173.02,GPU-d59cb1c4-ad97-d91a-6731-e7b5f38951a6
2026-08-16 04:46:29.088012,49.0,12,1g.11gb,yolo-inference-755b67b9bb-l2sjx,default,yolo,580.173.02,GPU-d59cb1c4-ad97-d91a-6731-e7b5f38951a6
2026-08-16 04:46:29.088012,49.0,13,1g.11gb,yolo-inference-755b67b9bb-vgskt,default,yolo,580.173.02,GPU-d59cb1c4-ad97-d91a-6731-e7b5f38951a6
2026-08-16 04:46:29.088012,49.0,7,1g.11gb,,,,580.173.02,GPU-d59cb1c4-ad97-d91a-6731-e7b5f38951a6
2026-08-16 04:46:29.088012,49.0,8,1g.11gb,yolo-inference-755b67b9bb-ttrzf,default,yolo,580.173.02,GPU-d59cb1c4-ad97-d91a-6731-e7b5f38951a6
2026-08-16 04:46:29.088012,49.0,9,1g.11gb,yolo-inference-755b67b9bb-pwhtx,default,yolo,580.173.02,GPU-d59cb1c4-ad97-d91a-6731-e7b5f38951a6
2026-08-16 04:46:34.088056,49.0,10,1g.11gb,yolo-inference-755b67b9bb-sf8hz,default,yolo,580.173.02,GPU-d59cb1c4-ad97-d91a-6731-e7b5f38951a6
2026-08-16 04:46:34.088056,49.0,11,1g.11gb,yolo-inference-755b67b9bb-mdq5n,default,yolo,580.173.02,GPU-d59cb1c4-ad97-d91a-6731-e7b5f38951a6
2026-08-16 04:46:34.088056,49.0,12,1g.11gb,yolo-inference-755b67b9bb-l2sjx,default,yolo,580.173.02,GPU-d59cb1c4-ad97-d91a-6731-e7b5f38951a6
2026-08-16 04:46:34.088056,49.0,13,1g.11gb,yolo-inference-755b67b9bb-vgskt,default,yolo,580.173.02,GPU-d59cb1c4-ad97-d91a-6731-e7b5f38951a6
2026-08-16 04:46:34.088056,49.0,7,1g.11gb,,,,580.173.02,GPU-d59cb1c4-ad97-d91a-6731-e7b5f38951a6
2026-08-16 04:46:34.088056,49.0,8,1g.11gb,yolo-inference-755b67b9bb-ttrzf,default,yolo,580.173.02,GPU-d59cb1c4-ad97-d91a-6731-e7b5f38951a6
2026-08-16 04:46:34.088056,49.0,9,1g.11gb,yolo-inference-755b67b9bb-pwhtx,default,yolo,580.173.02,GPU-d59cb1c4-ad97-d91a-6731-e7b5f38951a6
2026-08-16 04:46:39.088020,49.0,10,1g.11gb,yolo-inference-755b67b9bb-sf8hz,default,yolo,580.173.02,GPU-d59cb1c4-ad97-d91a-6731-e7b5f38951a6
2026-08-16 04:46:39.088020,49.0,11,1g.11gb,yolo-inference-755b67b9bb-mdq5n,default,yolo,580.173.02,GPU-d59cb1c4-ad97-d91a-6731-e7b5f38951a6
2026-08-16 04:46:39.088020,49.0,12,1g.11gb,yolo-inference-755b67b9bb-l2sjx,default,yolo,580.173.02,GPU-d59cb1c4-ad97-d91a-6731-e7b5f38951a6
2026-08-16 04:46:39.088020,49.0,13,1g.11gb,yolo-inference-755b67b9bb-vgskt,default,yolo,580.173.02,GPU-d59cb1c4-ad97-d91a-6731-e7b5f38951a6
2026-08-16 04:46:39.088020,49.0,7,1g.11gb,,,,580.173.02,GPU-d59cb1c4-ad97-d91a-6731-e7b5f38951a6
2026-08-16 04:46:39.088020,49.0,8,1g.11gb,yolo-inference-755b67b9bb-ttrzf,default,yolo,580.173.02,GPU-d59cb1c4-ad97-d91a-6731-e7b5f38951a6
2026-08-16 04:46:39.088020,49.0,9,1g.11gb,yolo-inference-755b67b9bb-pwhtx,default,yolo,580.173.02,GPU-d59cb1c4-ad97-d91a-6731-e7b5f38951a6
2026-08-16 04:46:44.088020,49.0,10,1g.11gb,yolo-inference-755b67b9bb-sf8hz,default,yolo,580.173.02,GPU-d59cb1c4-ad97-d91a-6731-e7b5f38951a6
2026-08-16 04:46:44.088020,49.0,11,1g.11gb,yolo-inference-755b67b9bb-mdq5n,default,yolo,580.173.02,GPU-d59cb1c4-ad97-d91a-6731-e7b5f38951a6
2026-08-16 04:46:44.088020,49.0,12,1g.11gb,yolo-inference-755b67b9bb-l2sjx,default,yolo,580.173.02,GPU-d59cb1c4-ad97-d91a-6731-e7b5f38951a6
2026-08-16 04:46:44.088020,49.0,13,1g.11gb,yolo-inference-755b67b9bb-vgskt,default,yolo,580.173.02,GPU-d59cb1c4-ad97-d91a-6731-e7b5f38951a6
2026-08-16 04:46:44.088020,49.0,7,1g.11gb,,,,580.173.02,GPU-d59cb1c4-ad97-d91a-6731-e7b5f38951a6
2026-08-16 04:46:44.088020,49.0,8,1g.11gb,yolo-inference-755b67b9bb-ttrzf,default,yolo,580.173.02,GPU-d59cb1c4-ad97-d91a-6731-e7b5f38951a6
2026-08-16 04:46:44.088020,49.0,9,1g.11gb,yolo-inference-755b67b9bb-pwhtx,default,yolo,580.173.02,GPU-d59cb1c4-ad97-d91a-6731-e7b5f38951a6
2026-08-16 04:46:49.088044,49.0,10,1g.11gb,yolo-inference-755b67b9bb-sf8hz,default,yolo,580.173.02,GPU-d59cb1c4-ad97-d91a-6731-e7b5f38951a6
2026-08-16 04:46:49.088044,49.0,11,1g.11gb,yolo-inference-755b67b9bb-mdq5n,default,yolo,580.173.02,GPU-d59cb1c4-ad97-d91a-6731-e7b5f38951a6
2026-08-16 04:46:49.088044,49.0,12,1g.11gb,yolo-inference-755b67b9bb-l2sjx,default,yolo,580.173.02,GPU-d59cb1c4-ad97-d91a-6731-e7b5f38951a6
2026-08-16 04:46:49.088044,49.0,13,1g.11gb,yolo-inference-755b67b9bb-vgskt,default,yolo,580.173.02,GPU-d59cb1c4-ad97-d91a-6731-e7b5f38951a6
2026-08-16 04:46:49.088044,49.0,7,1g.11gb,,,,580.173.02,GPU-d59cb1c4-ad97-d91a-6731-e7b5f38951a6
2026-08-16 04:46:49.088044,49.0,8,1g.11gb,yolo-inference-755b67b9bb-ttrzf,default,yolo,580.173.02,GPU-d59cb1c4-ad97-d91a-6731-e7b5f38951a6
2026-08-16 04:46:49.088044,49.0,9,1g.11gb,yolo-inference-755b67b9bb-pwhtx,default,yolo,580.173.02,GPU-d59cb1c4-ad97-d91a-6731-e7b5f38951a6
2026-08-16 04:46:54.085996,49.0,10,1g.11gb,yolo-inference-755b67b9bb-sf8hz,default,yolo,580.173.02,GPU-d59cb1c4-ad97-d91a-6731-e7b5f38951a6
2026-08-16 04:46:54.085996,49.0,11,1g.11gb,yolo-inference-755b67b9bb-mdq5n,default,yolo,580.173.02,GPU-d59cb1c4-ad97-d91a-6731-e7b5f38951a6
2026-08-16 04:46:54.085996,49.0,12,1g.11gb,yolo-inference-755b67b9bb-l2sjx,default,yolo,580.173.02,GPU-d59cb1c4-ad97-d91a-6731-e7b5f38951a6
2026-08-16 04:46:54.085996,49.0,13,1g.11gb,yolo-inference-755b67b9bb-vgskt,default,yolo,580.173.02,GPU-d59cb1c4-ad97-d91a-6731-e7b5f38951a6
2026-08-16 04:46:54.085996,49.0,7,1g.11gb,,,,580.173.02,GPU-d59cb1c4-ad97-d91a-6731-e7b5f38951a6
2026-08-16 04:46:54.085996,49.0,8,1g.11gb,yolo-inference-755b67b9bb-ttrzf,default,yolo,580.173.02,GPU-d59cb1c4-ad97-d91a-6731-e7b5f38951a6
2026-08-16 04:46:54.085996,49.0,9,1g.11gb,yolo-inference-755b67b9bb-pwhtx,default,yolo,580.173.02,GPU-d59cb1c4-ad97-d91a-6731-e7b5f38951a6
2026-08-16 04:46:59.086871,49.0,10,1g.11gb,yolo-inference-755b67b9bb-sf8hz,default,yolo,580.173.02,GPU-d59cb1c4-ad97-d91a-6731-e7b5f38951a6
2026-08-16 04:46:59.086871,49.0,11,1g.11gb,yolo-inference-755b67b9bb-mdq5n,default,yolo,580.173.02,GPU-d59cb1c4-ad97-d91a-6731-e7b5f38951a6
2026-08-16 04:46:59.086871,49.0,12,1g.11gb,yolo-inference-755b67b9bb-l2sjx,default,yolo,580.173.02,GPU-d59cb1c4-ad97-d91a-6731-e7b5f38951a6
2026-08-16 04:46:59.086871,49.0,13,1g.11gb,yolo-inference-755b67b9bb-vgskt,default,yolo,580.173.02,GPU-d59cb1c4-ad97-d91a-6731-e7b5f38951a6
2026-08-16 04:46:59.086871,49.0,7,1g.11gb,,,,580.173.02,GPU-d59cb1c4-ad97-d91a-6731-e7b5f38951a6
2026-08-16 04:46:59.086871,49.0,8,1g.11gb,yolo-inference-755b67b9bb-ttrzf,default,yolo,580.173.02,GPU-d59cb1c4-ad97-d91a-6731-e7b5f38951a6
2026-08-16 04:46:59.086871,49.0,9,1g.11gb,yolo-inference-755b67b9bb-pwhtx,default,yolo,580.173.02,GPU-d59cb1c4-ad97-d91a-6731-e7b5f38951a6
2026-08-16 04:47:04.088042,49.0,10,1g.11gb,yolo-inference-755b67b9bb-sf8hz,default,yolo,580.173.02,GPU-d59cb1c4-ad97-d91a-6731-e7b5f38951a6
2026-08-16 04:47:04.088042,49.0,11,1g.11gb,yolo-inference-755b67b9bb-mdq5n,default,yolo,580.173.02,GPU-d59cb1c4-ad97-d91a-6731-e7b5f38951a6
2026-08-16 04:47:04.088042,49.0,12,1g.11gb,yolo-inference-755b67b9bb-l2sjx,default,yolo,580.173.02,GPU-d59cb1c4-ad97-d91a-6731-e7b5f38951a6
2026-08-16 04:47:04.088042,49.0,13,1g.11gb,yolo-inference-755b67b9bb-vgskt,default,yolo,580.173.02,GPU-d59cb1c4-ad97-d91a-6731-e7b5f38951a6
2026-08-16 04:47:04.088042,49.0,7,1g.11gb,,,,580.173.02,GPU-d59cb1c4-ad97-d91a-6731-e7b5f38951a6
2026-08-16 04:47:04.088042,49.0,8,1g.11gb,yolo-inference-755b67b9bb-ttrzf,default,yolo,580.173.02,GPU-d59cb1c4-ad97-d91a-6731-e7b5f38951a6
2026-08-16 04:47:04.088042,49.0,9,1g.11gb,yolo-inference-755b67b9bb-pwhtx,default,yolo,580.173.02,GPU-d59cb1c4-ad97-d91a-6731-e7b5f38951a6
2026-08-16 04:47:09.087879,49.0,10,1g.11gb,yolo-inference-755b67b9bb-sf8hz,default,yolo,580.173.02,GPU-d59cb1c4-ad97-d91a-6731-e7b5f38951a6
2026-08-16 04:47:09.087879,49.0,11,1g.11gb,yolo-inference-755b67b9bb-mdq5n,default,yolo,580.173.02,GPU-d59cb1c4-ad97-d91a-6731-e7b5f38951a6
2026-08-16 04:47:09.087879,49.0,12,1g.11gb,yolo-inference-755b67b9bb-l2sjx,default,yolo,580.173.02,GPU-d59cb1c4-ad97-d91a-6731-e7b5f38951a6
2026-08-16 04:47:09.087879,49.0,13,1g.11gb,yolo-inference-755b67b9bb-vgskt,default,yolo,580.173.02,GPU-d59cb1c4-ad97-d91a-6731-e7b5f38951a6
2026-08-16 04:47:09.087879,49.0,7,1g.11gb,,,,580.173.02,GPU-d59cb1c4-ad97-d91a-6731-e7b5f38951a6
2026-08-16 04:47:09.087879,49.0,8,1g.11gb,yolo-inference-755b67b9bb-ttrzf,default,yolo,580.173.02,GPU-d59cb1c4-ad97-d91a-6731-e7b5f38951a6
2026-08-16 04:47:09.087879,49.0,9,1g.11gb,yolo-inference-755b67b9bb-pwhtx,default,yolo,580.173.02,GPU-d59cb1c4-ad97-d91a-6731-e7b5f38951a6
2026-08-16 04:47:14.087888,49.0,10,1g.11gb,yolo-inference-755b67b9bb-sf8hz,default,yolo,580.173.02,GPU-d59cb1c4-ad97-d91a-6731-e7b5f38951a6
2026-08-16 04:47:14.087888,49.0,11,1g.11gb,yolo-inference-755b67b9bb-mdq5n,default,yolo,580.173.02,GPU-d59cb1c4-ad97-d91a-6731-e7b5f38951a6
2026-08-16 04:47:14.087888,49.0,12,1g.11gb,yolo-inference-755b67b9bb-l2sjx,default,yolo,580.173.02,GPU-d59cb1c4-ad97-d91a-6731-e7b5f38951a6
2026-08-16 04:47:14.087888,49.0,13,1g.11gb,yolo-inference-755b67b9bb-vgskt,default,yolo,580.173.02,GPU-d59cb1c4-ad97-d91a-6731-e7b5f38951a6
2026-08-16 04:47:14.087888,49.0,7,1g.11gb,,,,580.173.02,GPU-d59cb1c4-ad97-d91a-6731-e7b5f38951a6
2026-08-16 04:47:14.087888,49.0,8,1g.11gb,yolo-inference-755b67b9bb-ttrzf,default,yolo,580.173.02,GPU-d59cb1c4-ad97-d91a-6731-e7b5f38951a6
2026-08-16 04:47:14.087888,49.0,9,1g.11gb,yolo-inference-755b67b9bb-pwhtx,default,yolo,580.173.02,GPU-d59cb1c4-ad97-d91a-6731-e7b5f38951a6
2026-08-16 04:47:19.087880,49.0,10,1g.11gb,yolo-inference-755b67b9bb-sf8hz,default,yolo,580.173.02,GPU-d59cb1c4-ad97-d91a-6731-e7b5f38951a6
2026-08-16 04:47:19.087880,49.0,11,1g.11gb,yolo-inference-755b67b9bb-mdq5n,default,yolo,580.173.02,GPU-d59cb1c4-ad97-d91a-6731-e7b5f38951a6
2026-08-16 04:47:19.087880,49.0,12,1g.11gb,yolo-inference-755b67b9bb-l2sjx,default,yolo,580.173.02,GPU-d59cb1c4-ad97-d91a-6731-e7b5f38951a6
2026-08-16 04:47:19.087880,49.0,13,1g.11gb,yolo-inference-755b67b9bb-vgskt,default,yolo,580.173.02,GPU-d59cb1c4-ad97-d91a-6731-e7b5f38951a6
2026-08-16 04:47:19.087880,49.0,7,1g.11gb,,,,580.173.02,GPU-d59cb1c4-ad97-d91a-6731-e7b5f38951a6
2026-08-16 04:47:19.087880,49.0,8,1g.11gb,yolo-inference-755b67b9bb-ttrzf,default,yolo,580.173.02,GPU-d59cb1c4-ad97-d91a-6731-e7b5f38951a6
2026-08-16 04:47:19.087880,49.0,9,1g.11gb,yolo-inference-755b67b9bb-pwhtx,default,yolo,580.173.02,GPU-d59cb1c4-ad97-d91a-6731-e7b5f38951a6
2026-08-16 04:47:24.083976,49.0,10,1g.11gb,yolo-inference-755b67b9bb-sf8hz,default,yolo,580.173.02,GPU-d59cb1c4-ad97-d91a-6731-e7b5f38951a6
2026-08-16 04:47:24.083976,49.0,11,1g.11gb,yolo-inference-755b67b9bb-mdq5n,default,yolo,580.173.02,GPU-d59cb1c4-ad97-d91a-6731-e7b5f38951a6
2026-08-16 04:47:24.083976,49.0,12,1g.11gb,yolo-inference-755b67b9bb-l2sjx,default,yolo,580.173.02,GPU-d59cb1c4-ad97-d91a-6731-e7b5f38951a6
2026-08-16 04:47:24.083976,49.0,13,1g.11gb,yolo-inference-755b67b9bb-vgskt,default,yolo,580.173.02,GPU-d59cb1c4-ad97-d91a-6731-e7b5f38951a6
2026-08-16 04:47:24.083976,49.0,7,1g.11gb,,,,580.173.02,GPU-d59cb1c4-ad97-d91a-6731-e7b5f38951a6
2026-08-16 04:47:24.083976,49.0,8,1g.11gb,yolo-inference-755b67b9bb-ttrzf,default,yolo,580.173.02,GPU-d59cb1c4-ad97-d91a-6731-e7b5f38951a6
2026-08-16 04:47:24.083976,49.0,9,1g.11gb,yolo-inference-755b67b9bb-pwhtx,default,yolo,580.173.02,GPU-d59cb1c4-ad97-d91a-6731-e7b5f38951a6
2026-08-16 04:47:29.088028,49.0,10,1g.11gb,yolo-inference-755b67b9bb-sf8hz,default,yolo,580.173.02,GPU-d59cb1c4-ad97-d91a-6731-e7b5f38951a6
2026-08-16 04:47:29.088028,49.0,11,1g.11gb,yolo-inference-755b67b9bb-mdq5n,default,yolo,580.173.02,GPU-d59cb1c4-ad97-d91a-6731-e7b5f38951a6
2026-08-16 04:47:29.088028,49.0,12,1g.11gb,yolo-inference-755b67b9bb-l2sjx,default,yolo,580.173.02,GPU-d59cb1c4-ad97-d91a-6731-e7b5f38951a6
2026-08-16 04:47:29.088028,49.0,13,1g.11gb,yolo-inference-755b67b9bb-vgskt,default,yolo,580.173.02,GPU-d59cb1c4-ad97-d91a-6731-e7b5f38951a6
2026-08-16 04:47:29.088028,49.0,7,1g.11gb,,,,580.173.02,GPU-d59cb1c4-ad97-d91a-6731-e7b5f38951a6
2026-08-16 04:47:29.088028,49.0,8,1g.11gb,yolo-inference-755b67b9bb-ttrzf,default,yolo,580.173.02,GPU-d59cb1c4-ad97-d91a-6731-e7b5f38951a6
2026-08-16 04:47:29.088028,49.0,9,1g.11gb,yolo-inference-755b67b9bb-pwhtx,default,yolo,580.173.02,GPU-d59cb1c4-ad97-d91a-6731-e7b5f38951a6
2026-08-16 04:47:34.087254,49.0,10,1g.11gb,yolo-inference-755b67b9bb-sf8hz,default,yolo,580.173.02,GPU-d59cb1c4-ad97-d91a-6731-e7b5f38951a6
2026-08-16 04:47:34.087254,49.0,11,1g.11gb,yolo-inference-755b67b9bb-mdq5n,default,yolo,580.173.02,GPU-d59cb1c4-ad97-d91a-6731-e7b5f38951a6
2026-08-16 04:47:34.087254,49.0,12,1g.11gb,yolo-inference-755b67b9bb-l2sjx,default,yolo,580.173.02,GPU-d59cb1c4-ad97-d91a-6731-e7b5f38951a6
2026-08-16 04:47:34.087254,49.0,13,1g.11gb,yolo-inference-755b67b9bb-vgskt,default,yolo,580.173.02,GPU-d59cb1c4-ad97-d91a-6731-e7b5f38951a6
2026-08-16 04:47:34.087254,49.0,7,1g.11gb,,,,580.173.02,GPU-d59cb1c4-ad97-d91a-6731-e7b5f38951a6
2026-08-16 04:47:34.087254,49.0,8,1g.11gb,yolo-inference-755b67b9bb-ttrzf,default,yolo,580.173.02,GPU-d59cb1c4-ad97-d91a-6731-e7b5f38951a6
2026-08-16 04:47:34.087254,49.0,9,1g.11gb,yolo-inference-755b67b9bb-pwhtx,default,yolo,580.173.02,GPU-d59cb1c4-ad97-d91a-6731-e7b5f38951a6
2026-08-16 04:47:39.088012,49.0,10,1g.11gb,yolo-inference-755b67b9bb-sf8hz,default,yolo,580.173.02,GPU-d59cb1c4-ad97-d91a-6731-e7b5f38951a6
2026-08-16 04:47:39.088012,49.0,11,1g.11gb,yolo-inference-755b67b9bb-mdq5n,default,yolo,580.173.02,GPU-d59cb1c4-ad97-d91a-6731-e7b5f38951a6
2026-08-16 04:47:39.088012,49.0,12,1g.11gb,yolo-inference-755b67b9bb-l2sjx,default,yolo,580.173.02,GPU-d59cb1c4-ad97-d91a-6731-e7b5f38951a6
2026-08-16 04:47:39.088012,49.0,13,1g.11gb,yolo-inference-755b67b9bb-vgskt,default,yolo,580.173.02,GPU-d59cb1c4-ad97-d91a-6731-e7b5f38951a6
2026-08-16 04:47:39.088012,49.0,7,1g.11gb,,,,580.173.02,GPU-d59cb1c4-ad97-d91a-6731-e7b5f38951a6
2026-08-16 04:47:39.088012,49.0,8,1g.11gb,yolo-inference-755b67b9bb-ttrzf,default,yolo,580.173.02,GPU-d59cb1c4-ad97-d91a-6731-e7b5f38951a6
2026-08-16 04:47:39.088012,49.0,9,1g.11gb,yolo-inference-755b67b9bb-pwhtx,default,yolo,580.173.02,GPU-d59cb1c4-ad97-d91a-6731-e7b5f38951a6
2026-08-16 04:47:44.088017,49.0,10,1g.11gb,yolo-inference-755b67b9bb-sf8hz,default,yolo,580.173.02,GPU-d59cb1c4-ad97-d91a-6731-e7b5f38951a6
2026-08-16 04:47:44.088017,49.0,11,1g.11gb,yolo-inference-755b67b9bb-mdq5n,default,yolo,580.173.02,GPU-d59cb1c4-ad97-d91a-6731-e7b5f38951a6
2026-08-16 04:47:44.088017,49.0,12,1g.11gb,yolo-inference-755b67b9bb-l2sjx,default,yolo,580.173.02,GPU-d59cb1c4-ad97-d91a-6731-e7b5f38951a6
2026-08-16 04:47:44.088017,49.0,13,1g.11gb,yolo-inference-755b67b9bb-vgskt,default,yolo,580.173.02,GPU-d59cb1c4-ad97-d91a-6731-e7b5f38951a6
2026-08-16 04:47:44.088017,49.0,7,1g.11gb,,,,580.173.02,GPU-d59cb1c4-ad97-d91a-6731-e7b5f38951a6
2026-08-16 04:47:44.088017,49.0,8,1g.11gb,yolo-inference-755b67b9bb-ttrzf,default,yolo,580.173.02,GPU-d59cb1c4-ad97-d91a-6731-e7b5f38951a6
2026-08-16 04:47:44.088017,49.0,9,1g.11gb,yolo-inference-755b67b9bb-pwhtx,default,yolo,580.173.02,GPU-d59cb1c4-ad97-d91a-6731-e7b5f38951a6
2026-08-16 04:47:49.086978,49.0,10,1g.11gb,yolo-inference-755b67b9bb-sf8hz,default,yolo,580.173.02,GPU-d59cb1c4-ad97-d91a-6731-e7b5f38951a6
2026-08-16 04:47:49.086978,49.0,11,1g.11gb,yolo-inference-755b67b9bb-mdq5n,default,yolo,580.173.02,GPU-d59cb1c4-ad97-d91a-6731-e7b5f38951a6
2026-08-16 04:47:49.086978,49.0,12,1g.11gb,yolo-inference-755b67b9bb-l2sjx,default,yolo,580.173.02,GPU-d59cb1c4-ad97-d91a-6731-e7b5f38951a6
2026-08-16 04:47:49.086978,49.0,13,1g.11gb,yolo-inference-755b67b9bb-vgskt,default,yolo,580.173.02,GPU-d59cb1c4-ad97-d91a-6731-e7b5f38951a6
2026-08-16 04:47:49.086978,49.0,7,1g.11gb,,,,580.173.02,GPU-d59cb1c4-ad97-d91a-6731-e7b5f38951a6
2026-08-16 04:47:49.086978,49.0,8,1g.11gb,yolo-inference-755b67b9bb-ttrzf,default,yolo,580.173.02,GPU-d59cb1c4-ad97-d91a-6731-e7b5f38951a6
2026-08-16 04:47:49.086978,49.0,9,1g.11gb,yolo-inference-755b67b9bb-pwhtx,default,yolo,580.173.02,GPU-d59cb1c4-ad97-d91a-6731-e7b5f38951a6
2026-08-16 04:47:54.083807,49.0,10,1g.11gb,yolo-inference-755b67b9bb-sf8hz,default,yolo,580.173.02,GPU-d59cb1c4-ad97-d91a-6731-e7b5f38951a6
2026-08-16 04:47:54.083807,49.0,11,1g.11gb,yolo-inference-755b67b9bb-mdq5n,default,yolo,580.173.02,GPU-d59cb1c4-ad97-d91a-6731-e7b5f38951a6
2026-08-16 04:47:54.083807,49.0,12,1g.11gb,yolo-inference-755b67b9bb-l2sjx,default,yolo,580.173.02,GPU-d59cb1c4-ad97-d91a-6731-e7b5f38951a6
2026-08-16 04:47:54.083807,49.0,13,1g.11gb,yolo-inference-755b67b9bb-vgskt,default,yolo,580.173.02,GPU-d59cb1c4-ad97-d91a-6731-e7b5f38951a6
2026-08-16 04:47:54.083807,49.0,7,1g.11gb,,,,580.173.02,GPU-d59cb1c4-ad97-d91a-6731-e7b5f38951a6
2026-08-16 04:47:54.083807,49.0,8,1g.11gb,yolo-inference-755b67b9bb-ttrzf,default,yolo,580.173.02,GPU-d59cb1c4-ad97-d91a-6731-e7b5f38951a6
2026-08-16 04:47:54.083807,49.0,9,1g.11gb,yolo-inference-755b67b9bb-pwhtx,default,yolo,580.173.02,GPU-d59cb1c4-ad97-d91a-6731-e7b5f38951a6
2026-08-16 04:47:59.084288,49.0,10,1g.11gb,yolo-inference-755b67b9bb-sf8hz,default,yolo,580.173.02,GPU-d59cb1c4-ad97-d91a-6731-e7b5f38951a6
2026-08-16 04:47:59.084288,49.0,11,1g.11gb,yolo-inference-755b67b9bb-mdq5n,default,yolo,580.173.02,GPU-d59cb1c4-ad97-d91a-6731-e7b5f38951a6
2026-08-16 04:47:59.084288,49.0,12,1g.11gb,yolo-inference-755b67b9bb-l2sjx,default,yolo,580.173.02,GPU-d59cb1c4-ad97-d91a-6731-e7b5f38951a6
2026-08-16 04:47:59.084288,49.0,13,1g.11gb,yolo-inference-755b67b9bb-vgskt,default,yolo,580.173.02,GPU-d59cb1c4-ad97-d91a-6731-e7b5f38951a6
2026-08-16 04:47:59.084288,49.0,7,1g.11gb,,,,580.173.02,GPU-d59cb1c4-ad97-d91a-6731-e7b5f38951a6
2026-08-16 04:47:59.084288,49.0,8,1g.11gb,yolo-inference-755b67b9bb-ttrzf,default,yolo,580.173.02,GPU-d59cb1c4-ad97-d91a-6731-e7b5f38951a6
2026-08-16 04:47:59.084288,49.0,9,1g.11gb,yolo-inference-755b67b9bb-pwhtx,default,yolo,580.173.02,GPU-d59cb1c4-ad97-d91a-6731-e7b5f38951a6
2026-08-16 04:48:04.088018,49.0,10,1g.11gb,yolo-inference-755b67b9bb-sf8hz,default,yolo,580.173.02,GPU-d59cb1c4-ad97-d91a-6731-e7b5f38951a6
2026-08-16 04:48:04.088018,49.0,11,1g.11gb,yolo-inference-755b67b9bb-mdq5n,default,yolo,580.173.02,GPU-d59cb1c4-ad97-d91a-6731-e7b5f38951a6
2026-08-16 04:48:04.088018,49.0,12,1g.11gb,yolo-inference-755b67b9bb-l2sjx,default,yolo,580.173.02,GPU-d59cb1c4-ad97-d91a-6731-e7b5f38951a6
2026-08-16 04:48:04.088018,49.0,13,1g.11gb,yolo-inference-755b67b9bb-vgskt,default,yolo,580.173.02,GPU-d59cb1c4-ad97-d91a-6731-e7b5f38951a6
2026-08-16 04:48:04.088018,49.0,7,1g.11gb,,,,580.173.02,GPU-d59cb1c4-ad97-d91a-6731-e7b5f38951a6
2026-08-16 04:48:04.088018,49.0,8,1g.11gb,yolo-inference-755b67b9bb-ttrzf,default,yolo,580.173.02,GPU-d59cb1c4-ad97-d91a-6731-e7b5f38951a6
2026-08-16 04:48:04.088018,49.0,9,1g.11gb,yolo-inference-755b67b9bb-pwhtx,default,yolo,580.173.02,GPU-d59cb1c4-ad97-d91a-6731-e7b5f38951a6
2026-08-16 04:48:09.083523,49.0,10,1g.11gb,yolo-inference-755b67b9bb-sf8hz,default,yolo,580.173.02,GPU-d59cb1c4-ad97-d91a-6731-e7b5f38951a6
2026-08-16 04:48:09.083523,49.0,11,1g.11gb,yolo-inference-755b67b9bb-mdq5n,default,yolo,580.173.02,GPU-d59cb1c4-ad97-d91a-6731-e7b5f38951a6
2026-08-16 04:48:09.083523,49.0,12,1g.11gb,yolo-inference-755b67b9bb-l2sjx,default,yolo,580.173.02,GPU-d59cb1c4-ad97-d91a-6731-e7b5f38951a6
2026-08-16 04:48:09.083523,49.0,13,1g.11gb,yolo-inference-755b67b9bb-vgskt,default,yolo,580.173.02,GPU-d59cb1c4-ad97-d91a-6731-e7b5f38951a6
2026-08-16 04:48:09.083523,49.0,7,1g.11gb,,,,580.173.02,GPU-d59cb1c4-ad97-d91a-6731-e7b5f38951a6
2026-08-16 04:48:09.083523,49.0,8,1g.11gb,yolo-inference-755b67b9bb-ttrzf,default,yolo,580.173.02,GPU-d59cb1c4-ad97-d91a-6731-e7b5f38951a6
2026-08-16 04:48:09.083523,49.0,9,1g.11gb,yolo-inference-755b67b9bb-pwhtx,default,yolo,580.173.02,GPU-d59cb1c4-ad97-d91a-6731-e7b5f38951a6
2026-08-16 04:48:14.088049,49.0,10,1g.11gb,yolo-inference-755b67b9bb-sf8hz,default,yolo,580.173.02,GPU-d59cb1c4-ad97-d91a-6731-e7b5f38951a6
2026-08-16 04:48:14.088049,49.0,11,1g.11gb,yolo-inference-755b67b9bb-mdq5n,default,yolo,580.173.02,GPU-d59cb1c4-ad97-d91a-6731-e7b5f38951a6
2026-08-16 04:48:14.088049,49.0,12,1g.11gb,yolo-inference-755b67b9bb-l2sjx,default,yolo,580.173.02,GPU-d59cb1c4-ad97-d91a-6731-e7b5f38951a6
2026-08-16 04:48:14.088049,49.0,13,1g.11gb,yolo-inference-755b67b9bb-vgskt,default,yolo,580.173.02,GPU-d59cb1c4-ad97-d91a-6731-e7b5f38951a6
2026-08-16 04:48:14.088049,49.0,7,1g.11gb,,,,580.173.02,GPU-d59cb1c4-ad97-d91a-6731-e7b5f38951a6
2026-08-16 04:48:14.088049,49.0,8,1g.11gb,yolo-inference-755b67b9bb-ttrzf,default,yolo,580.173.02,GPU-d59cb1c4-ad97-d91a-6731-e7b5f38951a6
2026-08-16 04:48:14.088049,49.0,9,1g.11gb,yolo-inference-755b67b9bb-pwhtx,default,yolo,580.173.02,GPU-d59cb1c4-ad97-d91a-6731-e7b5f38951a6
2026-08-16 04:48:19.087189,49.0,10,1g.11gb,yolo-inference-755b67b9bb-sf8hz,default,yolo,580.173.02,GPU-d59cb1c4-ad97-d91a-6731-e7b5f38951a6
2026-08-16 04:48:19.087189,49.0,11,1g.11gb,yolo-inference-755b67b9bb-mdq5n,default,yolo,580.173.02,GPU-d59cb1c4-ad97-d91a-6731-e7b5f38951a6
2026-08-16 04:48:19.087189,49.0,12,1g.11gb,yolo-inference-755b67b9bb-l2sjx,default,yolo,580.173.02,GPU-d59cb1c4-ad97-d91a-6731-e7b5f38951a6
2026-08-16 04:48:19.087189,49.0,13,1g.11gb,yolo-inference-755b67b9bb-vgskt,default,yolo,580.173.02,GPU-d59cb1c4-ad97-d91a-6731-e7b5f38951a6
2026-08-16 04:48:19.087189,49.0,7,1g.11gb,,,,580.173.02,GPU-d59cb1c4-ad97-d91a-6731-e7b5f38951a6
2026-08-16 04:48:19.087189,49.0,8,1g.11gb,yolo-inference-755b67b9bb-ttrzf,default,yolo,580.173.02,GPU-d59cb1c4-ad97-d91a-6731-e7b5f38951a6
2026-08-16 04:48:19.087189,49.0,9,1g.11gb,yolo-inference-755b67b9bb-pwhtx,default,yolo,580.173.02,GPU-d59cb1c4-ad97-d91a-6731-e7b5f38951a6
2026-08-16 04:48:24.083996,49.0,10,1g.11gb,yolo-inference-755b67b9bb-sf8hz,default,yolo,580.173.02,GPU-d59cb1c4-ad97-d91a-6731-e7b5f38951a6
2026-08-16 04:48:24.083996,49.0,11,1g.11gb,yolo-inference-755b67b9bb-mdq5n,default,yolo,580.173.02,GPU-d59cb1c4-ad97-d91a-6731-e7b5f38951a6
2026-08-16 04:48:24.083996,49.0,12,1g.11gb,yolo-inference-755b67b9bb-l2sjx,default,yolo,580.173.02,GPU-d59cb1c4-ad97-d91a-6731-e7b5f38951a6
2026-08-16 04:48:24.083996,49.0,13,1g.11gb,yolo-inference-755b67b9bb-vgskt,default,yolo,580.173.02,GPU-d59cb1c4-ad97-d91a-6731-e7b5f38951a6
2026-08-16 04:48:24.083996,49.0,7,1g.11gb,,,,580.173.02,GPU-d59cb1c4-ad97-d91a-6731-e7b5f38951a6
2026-08-16 04:48:24.083996,49.0,8,1g.11gb,yolo-inference-755b67b9bb-ttrzf,default,yolo,580.173.02,GPU-d59cb1c4-ad97-d91a-6731-e7b5f38951a6
2026-08-16 04:48:24.083996,49.0,9,1g.11gb,yolo-inference-755b67b9bb-pwhtx,default,yolo,580.173.02,GPU-d59cb1c4-ad97-d91a-6731-e7b5f38951a6
2026-08-16 04:48:29.086108,49.0,10,1g.11gb,yolo-inference-755b67b9bb-sf8hz,default,yolo,580.173.02,GPU-d59cb1c4-ad97-d91a-6731-e7b5f38951a6
2026-08-16 04:48:29.086108,49.0,11,1g.11gb,yolo-inference-755b67b9bb-mdq5n,default,yolo,580.173.02,GPU-d59cb1c4-ad97-d91a-6731-e7b5f38951a6
2026-08-16 04:48:29.086108,49.0,12,1g.11gb,yolo-inference-755b67b9bb-l2sjx,default,yolo,580.173.02,GPU-d59cb1c4-ad97-d91a-6731-e7b5f38951a6
2026-08-16 04:48:29.086108,49.0,13,1g.11gb,yolo-inference-755b67b9bb-vgskt,default,yolo,580.173.02,GPU-d59cb1c4-ad97-d91a-6731-e7b5f38951a6
2026-08-16 04:48:29.086108,49.0,7,1g.11gb,,,,580.173.02,GPU-d59cb1c4-ad97-d91a-6731-e7b5f38951a6
2026-08-16 04:48:29.086108,49.0,8,1g.11gb,yolo-inference-755b67b9bb-ttrzf,default,yolo,580.173.02,GPU-d59cb1c4-ad97-d91a-6731-e7b5f38951a6
2026-08-16 04:48:29.086108,49.0,9,1g.11gb,yolo-inference-755b67b9bb-pwhtx,default,yolo,580.173.02,GPU-d59cb1c4-ad97-d91a-6731-e7b5f38951a6
2026-08-16 04:48:34.088015,49.0,10,1g.11gb,yolo-inference-755b67b9bb-sf8hz,default,yolo,580.173.02,GPU-d59cb1c4-ad97-d91a-6731-e7b5f38951a6
2026-08-16 04:48:34.088015,49.0,11,1g.11gb,yolo-inference-755b67b9bb-mdq5n,default,yolo,580.173.02,GPU-d59cb1c4-ad97-d91a-6731-e7b5f38951a6
2026-08-16 04:48:34.088015,49.0,12,1g.11gb,yolo-inference-755b67b9bb-l2sjx,default,yolo,580.173.02,GPU-d59cb1c4-ad97-d91a-6731-e7b5f38951a6
2026-08-16 04:48:34.088015,49.0,13,1g.11gb,yolo-inference-755b67b9bb-vgskt,default,yolo,580.173.02,GPU-d59cb1c4-ad97-d91a-6731-e7b5f38951a6
2026-08-16 04:48:34.088015,49.0,7,1g.11gb,,,,580.173.02,GPU-d59cb1c4-ad97-d91a-6731-e7b5f38951a6
2026-08-16 04:48:34.088015,49.0,8,1g.11gb,yolo-inference-755b67b9bb-ttrzf,default,yolo,580.173.02,GPU-d59cb1c4-ad97-d91a-6731-e7b5f38951a6
2026-08-16 04:48:34.088015,49.0,9,1g.11gb,yolo-inference-755b67b9bb-pwhtx,default,yolo,580.173.02,GPU-d59cb1c4-ad97-d91a-6731-e7b5f38951a6
2026-08-16 04:48:39.088010,49.0,10,1g.11gb,yolo-inference-755b67b9bb-sf8hz,default,yolo,580.173.02,GPU-d59cb1c4-ad97-d91a-6731-e7b5f38951a6
2026-08-16 04:48:39.088010,49.0,11,1g.11gb,yolo-inference-755b67b9bb-mdq5n,default,yolo,580.173.02,GPU-d59cb1c4-ad97-d91a-6731-e7b5f38951a6
2026-08-16 04:48:39.088010,49.0,12,1g.11gb,yolo-inference-755b67b9bb-l2sjx,default,yolo,580.173.02,GPU-d59cb1c4-ad97-d91a-6731-e7b5f38951a6
2026-08-16 04:48:39.088010,49.0,13,1g.11gb,yolo-inference-755b67b9bb-vgskt,default,yolo,580.173.02,GPU-d59cb1c4-ad97-d91a-6731-e7b5f38951a6
2026-08-16 04:48:39.088010,49.0,7,1g.11gb,,,,580.173.02,GPU-d59cb1c4-ad97-d91a-6731-e7b5f38951a6
2026-08-16 04:48:39.088010,49.0,8,1g.11gb,yolo-inference-755b67b9bb-ttrzf,default,yolo,580.173.02,GPU-d59cb1c4-ad97-d91a-6731-e7b5f38951a6
2026-08-16 04:48:39.088010,49.0,9,1g.11gb,yolo-inference-755b67b9bb-pwhtx,default,yolo,580.173.02,GPU-d59cb1c4-ad97-d91a-6731-e7b5f38951a6
2026-08-16 04:48:44.086388,49.0,10,1g.11gb,yolo-inference-755b67b9bb-sf8hz,default,yolo,580.173.02,GPU-d59cb1c4-ad97-d91a-6731-e7b5f38951a6
2026-08-16 04:48:44.086388,49.0,11,1g.11gb,yolo-inference-755b67b9bb-mdq5n,default,yolo,580.173.02,GPU-d59cb1c4-ad97-d91a-6731-e7b5f38951a6
2026-08-16 04:48:44.086388,49.0,12,1g.11gb,yolo-inference-755b67b9bb-l2sjx,default,yolo,580.173.02,GPU-d59cb1c4-ad97-d91a-6731-e7b5f38951a6
2026-08-16 04:48:44.086388,49.0,13,1g.11gb,yolo-inference-755b67b9bb-vgskt,default,yolo,580.173.02,GPU-d59cb1c4-ad97-d91a-6731-e7b5f38951a6
2026-08-16 04:48:44.086388,49.0,7,1g.11gb,,,,580.173.02,GPU-d59cb1c4-ad97-d91a-6731-e7b5f38951a6
2026-08-16 04:48:44.086388,49.0,8,1g.11gb,yolo-inference-755b67b9bb-ttrzf,default,yolo,580.173.02,GPU-d59cb1c4-ad97-d91a-6731-e7b5f38951a6
2026-08-16 04:48:44.086388,49.0,9,1g.11gb,yolo-inference-755b67b9bb-pwhtx,default,yolo,580.173.02,GPU-d59cb1c4-ad97-d91a-6731-e7b5f38951a6
2026-08-16 04:48:49.086689,49.0,10,1g.11gb,yolo-inference-755b67b9bb-sf8hz,default,yolo,580.173.02,GPU-d59cb1c4-ad97-d91a-6731-e7b5f38951a6
2026-08-16 04:48:49.086689,49.0,11,1g.11gb,yolo-inference-755b67b9bb-mdq5n,default,yolo,580.173.02,GPU-d59cb1c4-ad97-d91a-6731-e7b5f38951a6
2026-08-16 04:48:49.086689,49.0,12,1g.11gb,yolo-inference-755b67b9bb-l2sjx,default,yolo,580.173.02,GPU-d59cb1c4-ad97-d91a-6731-e7b5f38951a6
2026-08-16 04:48:49.086689,49.0,13,1g.11gb,yolo-inference-755b67b9bb-vgskt,default,yolo,580.173.02,GPU-d59cb1c4-ad97-d91a-6731-e7b5f38951a6
2026-08-16 04:48:49.086689,49.0,7,1g.11gb,,,,580.173.02,GPU-d59cb1c4-ad97-d91a-6731-e7b5f38951a6
2026-08-16 04:48:49.086689,49.0,8,1g.11gb,yolo-inference-755b67b9bb-ttrzf,default,yolo,580.173.02,GPU-d59cb1c4-ad97-d91a-6731-e7b5f38951a6
2026-08-16 04:48:49.086689,49.0,9,1g.11gb,yolo-inference-755b67b9bb-pwhtx,default,yolo,580.173.02,GPU-d59cb1c4-ad97-d91a-6731-e7b5f38951a6
2026-08-16 04:48:54.083694,49.0,10,1g.11gb,yolo-inference-755b67b9bb-sf8hz,default,yolo,580.173.02,GPU-d59cb1c4-ad97-d91a-6731-e7b5f38951a6
2026-08-16 04:48:54.083694,49.0,11,1g.11gb,yolo-inference-755b67b9bb-mdq5n,default,yolo,580.173.02,GPU-d59cb1c4-ad97-d91a-6731-e7b5f38951a6
2026-08-16 04:48:54.083694,49.0,12,1g.11gb,yolo-inference-755b67b9bb-l2sjx,default,yolo,580.173.02,GPU-d59cb1c4-ad97-d91a-6731-e7b5f38951a6
2026-08-16 04:48:54.083694,49.0,13,1g.11gb,yolo-inference-755b67b9bb-vgskt,default,yolo,580.173.02,GPU-d59cb1c4-ad97-d91a-6731-e7b5f38951a6
2026-08-16 04:48:54.083694,49.0,7,1g.11gb,,,,580.173.02,GPU-d59cb1c4-ad97-d91a-6731-e7b5f38951a6
2026-08-16 04:48:54.083694,49.0,8,1g.11gb,yolo-inference-755b67b9bb-ttrzf,default,yolo,580.173.02,GPU-d59cb1c4-ad97-d91a-6731-e7b5f38951a6
2026-08-16 04:48:54.083694,49.0,9,1g.11gb,yolo-inference-755b67b9bb-pwhtx,default,yolo,580.173.02,GPU-d59cb1c4-ad97-d91a-6731-e7b5f38951a6
2026-08-16 04:48:59.083813,49.0,10,1g.11gb,yolo-inference-755b67b9bb-sf8hz,default,yolo,580.173.02,GPU-d59cb1c4-ad97-d91a-6731-e7b5f38951a6
2026-08-16 04:48:59.083813,49.0,11,1g.11gb,yolo-inference-755b67b9bb-mdq5n,default,yolo,580.173.02,GPU-d59cb1c4-ad97-d91a-6731-e7b5f38951a6
2026-08-16 04:48:59.083813,49.0,12,1g.11gb,yolo-inference-755b67b9bb-l2sjx,default,yolo,580.173.02,GPU-d59cb1c4-ad97-d91a-6731-e7b5f38951a6
2026-08-16 04:48:59.083813,49.0,13,1g.11gb,yolo-inference-755b67b9bb-vgskt,default,yolo,580.173.02,GPU-d59cb1c4-ad97-d91a-6731-e7b5f38951a6
2026-08-16 04:48:59.083813,49.0,7,1g.11gb,,,,580.173.02,GPU-d59cb1c4-ad97-d91a-6731-e7b5f38951a6
2026-08-16 04:48:59.083813,49.0,8,1g.11gb,yolo-inference-755b67b9bb-ttrzf,default,yolo,580.173.02,GPU-d59cb1c4-ad97-d91a-6731-e7b5f38951a6
2026-08-16 04:48:59.083813,49.0,9,1g.11gb,yolo-inference-755b67b9bb-pwhtx,default,yolo,580.173.02,GPU-d59cb1c4-ad97-d91a-6731-e7b5f38951a6
2026-08-16 04:49:04.085720,49.0,10,1g.11gb,yolo-inference-755b67b9bb-sf8hz,default,yolo,580.173.02,GPU-d59cb1c4-ad97-d91a-6731-e7b5f38951a6
2026-08-16 04:49:04.085720,49.0,11,1g.11gb,yolo-inference-755b67b9bb-mdq5n,default,yolo,580.173.02,GPU-d59cb1c4-ad97-d91a-6731-e7b5f38951a6
2026-08-16 04:49:04.085720,49.0,12,1g.11gb,yolo-inference-755b67b9bb-l2sjx,default,yolo,580.173.02,GPU-d59cb1c4-ad97-d91a-6731-e7b5f38951a6
2026-08-16 04:49:04.085720,49.0,13,1g.11gb,yolo-inference-755b67b9bb-vgskt,default,yolo,580.173.02,GPU-d59cb1c4-ad97-d91a-6731-e7b5f38951a6
2026-08-16 04:49:04.085720,49.0,7,1g.11gb,,,,580.173.02,GPU-d59cb1c4-ad97-d91a-6731-e7b5f38951a6
2026-08-16 04:49:04.085720,49.0,8,1g.11gb,yolo-inference-755b67b9bb-ttrzf,default,yolo,580.173.02,GPU-d59cb1c4-ad97-d91a-6731-e7b5f38951a6
2026-08-16 04:49:04.085720,49.0,9,1g.11gb,yolo-inference-755b67b9bb-pwhtx,default,yolo,580.173.02,GPU-d59cb1c4-ad97-d91a-6731-e7b5f38951a6
2026-08-16 04:49:09.084319,49.0,10,1g.11gb,yolo-inference-755b67b9bb-sf8hz,default,yolo,580.173.02,GPU-d59cb1c4-ad97-d91a-6731-e7b5f38951a6
2026-08-16 04:49:09.084319,49.0,11,1g.11gb,yolo-inference-755b67b9bb-mdq5n,default,yolo,580.173.02,GPU-d59cb1c4-ad97-d91a-6731-e7b5f38951a6
2026-08-16 04:49:09.084319,49.0,12,1g.11gb,yolo-inference-755b67b9bb-l2sjx,default,yolo,580.173.02,GPU-d59cb1c4-ad97-d91a-6731-e7b5f38951a6
2026-08-16 04:49:09.084319,49.0,13,1g.11gb,yolo-inference-755b67b9bb-vgskt,default,yolo,580.173.02,GPU-d59cb1c4-ad97-d91a-6731-e7b5f38951a6
2026-08-16 04:49:09.084319,49.0,7,1g.11gb,,,,580.173.02,GPU-d59cb1c4-ad97-d91a-6731-e7b5f38951a6
2026-08-16 04:49:09.084319,49.0,8,1g.11gb,yolo-inference-755b67b9bb-ttrzf,default,yolo,580.173.02,GPU-d59cb1c4-ad97-d91a-6731-e7b5f38951a6
2026-08-16 04:49:09.084319,49.0,9,1g.11gb,yolo-inference-755b67b9bb-pwhtx,default,yolo,580.173.02,GPU-d59cb1c4-ad97-d91a-6731-e7b5f38951a6
2026-08-16 04:49:14.086464,49.0,10,1g.11gb,yolo-inference-755b67b9bb-sf8hz,default,yolo,580.173.02,GPU-d59cb1c4-ad97-d91a-6731-e7b5f38951a6
2026-08-16 04:49:14.086464,49.0,11,1g.11gb,yolo-inference-755b67b9bb-mdq5n,default,yolo,580.173.02,GPU-d59cb1c4-ad97-d91a-6731-e7b5f38951a6
2026-08-16 04:49:14.086464,49.0,12,1g.11gb,yolo-inference-755b67b9bb-l2sjx,default,yolo,580.173.02,GPU-d59cb1c4-ad97-d91a-6731-e7b5f38951a6
2026-08-16 04:49:14.086464,49.0,13,1g.11gb,yolo-inference-755b67b9bb-vgskt,default,yolo,580.173.02,GPU-d59cb1c4-ad97-d91a-6731-e7b5f38951a6
2026-08-16 04:49:14.086464,49.0,7,1g.11gb,,,,580.173.02,GPU-d59cb1c4-ad97-d91a-6731-e7b5f38951a6
2026-08-16 04:49:14.086464,49.0,8,1g.11gb,yolo-inference-755b67b9bb-ttrzf,default,yolo,580.173.02,GPU-d59cb1c4-ad97-d91a-6731-e7b5f38951a6
2026-08-16 04:49:14.086464,49.0,9,1g.11gb,yolo-inference-755b67b9bb-pwhtx,default,yolo,580.173.02,GPU-d59cb1c4-ad97-d91a-6731-e7b5f38951a6
2026-08-16 04:49:19.085052,49.0,10,1g.11gb,yolo-inference-755b67b9bb-sf8hz,default,yolo,580.173.02,GPU-d59cb1c4-ad97-d91a-6731-e7b5f38951a6
2026-08-16 04:49:19.085052,49.0,11,1g.11gb,yolo-inference-755b67b9bb-mdq5n,default,yolo,580.173.02,GPU-d59cb1c4-ad97-d91a-6731-e7b5f38951a6
2026-08-16 04:49:19.085052,49.0,12,1g.11gb,yolo-inference-755b67b9bb-l2sjx,default,yolo,580.173.02,GPU-d59cb1c4-ad97-d91a-6731-e7b5f38951a6
2026-08-16 04:49:19.085052,49.0,13,1g.11gb,yolo-inference-755b67b9bb-vgskt,default,yolo,580.173.02,GPU-d59cb1c4-ad97-d91a-6731-e7b5f38951a6
2026-08-16 04:49:19.085052,49.0,7,1g.11gb,,,,580.173.02,GPU-d59cb1c4-ad97-d91a-6731-e7b5f38951a6
2026-08-16 04:49:19.085052,49.0,8,1g.11gb,yolo-inference-755b67b9bb-ttrzf,default,yolo,580.173.02,GPU-d59cb1c4-ad97-d91a-6731-e7b5f38951a6
2026-08-16 04:49:19.085052,49.0,9,1g.11gb,yolo-inference-755b67b9bb-pwhtx,default,yolo,580.173.02,GPU-d59cb1c4-ad97-d91a-6731-e7b5f38951a6
2026-08-16 04:49:24.088018,49.0,10,1g.11gb,yolo-inference-755b67b9bb-sf8hz,default,yolo,580.173.02,GPU-d59cb1c4-ad97-d91a-6731-e7b5f38951a6
2026-08-16 04:49:24.088018,49.0,11,1g.11gb,yolo-inference-755b67b9bb-mdq5n,default,yolo,580.173.02,GPU-d59cb1c4-ad97-d91a-6731-e7b5f38951a6
2026-08-16 04:49:24.088018,49.0,12,1g.11gb,yolo-inference-755b67b9bb-l2sjx,default,yolo,580.173.02,GPU-d59cb1c4-ad97-d91a-6731-e7b5f38951a6
2026-08-16 04:49:24.088018,49.0,13,1g.11gb,yolo-inference-755b67b9bb-vgskt,default,yolo,580.173.02,GPU-d59cb1c4-ad97-d91a-6731-e7b5f38951a6
2026-08-16 04:49:24.088018,49.0,7,1g.11gb,,,,580.173.02,GPU-d59cb1c4-ad97-d91a-6731-e7b5f38951a6
2026-08-16 04:49:24.088018,49.0,8,1g.11gb,yolo-inference-755b67b9bb-ttrzf,default,yolo,580.173.02,GPU-d59cb1c4-ad97-d91a-6731-e7b5f38951a6
2026-08-16 04:49:24.088018,49.0,9,1g.11gb,yolo-inference-755b67b9bb-pwhtx,default,yolo,580.173.02,GPU-d59cb1c4-ad97-d91a-6731-e7b5f38951a6
2026-08-16 04:49:29.088006,49.0,10,1g.11gb,yolo-inference-755b67b9bb-sf8hz,default,yolo,580.173.02,GPU-d59cb1c4-ad97-d91a-6731-e7b5f38951a6
2026-08-16 04:49:29.088006,49.0,11,1g.11gb,yolo-inference-755b67b9bb-mdq5n,default,yolo,580.173.02,GPU-d59cb1c4-ad97-d91a-6731-e7b5f38951a6
2026-08-16 04:49:29.088006,49.0,12,1g.11gb,yolo-inference-755b67b9bb-l2sjx,default,yolo,580.173.02,GPU-d59cb1c4-ad97-d91a-6731-e7b5f38951a6
2026-08-16 04:49:29.088006,49.0,13,1g.11gb,yolo-inference-755b67b9bb-vgskt,default,yolo,580.173.02,GPU-d59cb1c4-ad97-d91a-6731-e7b5f38951a6
2026-08-16 04:49:29.088006,49.0,7,1g.11gb,,,,580.173.02,GPU-d59cb1c4-ad97-d91a-6731-e7b5f38951a6
2026-08-16 04:49:29.088006,49.0,8,1g.11gb,yolo-inference-755b67b9bb-ttrzf,default,yolo,580.173.02,GPU-d59cb1c4-ad97-d91a-6731-e7b5f38951a6
2026-08-16 04:49:29.088006,49.0,9,1g.11gb,yolo-inference-755b67b9bb-pwhtx,default,yolo,580.173.02,GPU-d59cb1c4-ad97-d91a-6731-e7b5f38951a6
2026-08-16 04:49:34.087869,49.0,10,1g.11gb,yolo-inference-755b67b9bb-sf8hz,default,yolo,580.173.02,GPU-d59cb1c4-ad97-d91a-6731-e7b5f38951a6
2026-08-16 04:49:34.087869,49.0,11,1g.11gb,yolo-inference-755b67b9bb-mdq5n,default,yolo,580.173.02,GPU-d59cb1c4-ad97-d91a-6731-e7b5f38951a6
2026-08-16 04:49:34.087869,49.0,12,1g.11gb,yolo-inference-755b67b9bb-l2sjx,default,yolo,580.173.02,GPU-d59cb1c4-ad97-d91a-6731-e7b5f38951a6
2026-08-16 04:49:34.087869,49.0,13,1g.11gb,yolo-inference-755b67b9bb-vgskt,default,yolo,580.173.02,GPU-d59cb1c4-ad97-d91a-6731-e7b5f38951a6
2026-08-16 04:49:34.087869,49.0,7,1g.11gb,,,,580.173.02,GPU-d59cb1c4-ad97-d91a-6731-e7b5f38951a6
2026-08-16 04:49:34.087869,49.0,8,1g.11gb,yolo-inference-755b67b9bb-ttrzf,default,yolo,580.173.02,GPU-d59cb1c4-ad97-d91a-6731-e7b5f38951a6
2026-08-16 04:49:34.087869,49.0,9,1g.11gb,yolo-inference-755b67b9bb-pwhtx,default,yolo,580.173.02,GPU-d59cb1c4-ad97-d91a-6731-e7b5f38951a6
2026-08-16 04:49:39.088014,49.0,10,1g.11gb,yolo-inference-755b67b9bb-sf8hz,default,yolo,580.173.02,GPU-d59cb1c4-ad97-d91a-6731-e7b5f38951a6
2026-08-16 04:49:39.088014,49.0,11,1g.11gb,yolo-inference-755b67b9bb-mdq5n,default,yolo,580.173.02,GPU-d59cb1c4-ad97-d91a-6731-e7b5f38951a6
2026-08-16 04:49:39.088014,49.0,12,1g.11gb,yolo-inference-755b67b9bb-l2sjx,default,yolo,580.173.02,GPU-d59cb1c4-ad97-d91a-6731-e7b5f38951a6
2026-08-16 04:49:39.088014,49.0,13,1g.11gb,yolo-inference-755b67b9bb-vgskt,default,yolo,580.173.02,GPU-d59cb1c4-ad97-d91a-6731-e7b5f38951a6
2026-08-16 04:49:39.088014,49.0,7,1g.11gb,,,,580.173.02,GPU-d59cb1c4-ad97-d91a-6731-e7b5f38951a6
2026-08-16 04:49:39.088014,49.0,8,1g.11gb,yolo-inference-755b67b9bb-ttrzf,default,yolo,580.173.02,GPU-d59cb1c4-ad97-d91a-6731-e7b5f38951a6
2026-08-16 04:49:39.088014,49.0,9,1g.11gb,yolo-inference-755b67b9bb-pwhtx,default,yolo,580.173.02,GPU-d59cb1c4-ad97-d91a-6731-e7b5f38951a6
2026-08-16 04:49:44.085284,49.0,10,1g.11gb,yolo-inference-755b67b9bb-sf8hz,default,yolo,580.173.02,GPU-d59cb1c4-ad97-d91a-6731-e7b5f38951a6
2026-08-16 04:49:44.085284,49.0,11,1g.11gb,yolo-inference-755b67b9bb-mdq5n,default,yolo,580.173.02,GPU-d59cb1c4-ad97-d91a-6731-e7b5f38951a6
2026-08-16 04:49:44.085284,49.0,12,1g.11gb,yolo-inference-755b67b9bb-l2sjx,default,yolo,580.173.02,GPU-d59cb1c4-ad97-d91a-6731-e7b5f38951a6
2026-08-16 04:49:44.085284,49.0,13,1g.11gb,yolo-inference-755b67b9bb-vgskt,default,yolo,580.173.02,GPU-d59cb1c4-ad97-d91a-6731-e7b5f38951a6
2026-08-16 04:49:44.085284,49.0,7,1g.11gb,,,,580.173.02,GPU-d59cb1c4-ad97-d91a-6731-e7b5f38951a6
2026-08-16 04:49:44.085284,49.0,8,1g.11gb,yolo-inference-755b67b9bb-ttrzf,default,yolo,580.173.02,GPU-d59cb1c4-ad97-d91a-6731-e7b5f38951a6
2026-08-16 04:49:44.085284,49.0,9,1g.11gb,yolo-inference-755b67b9bb-pwhtx,default,yolo,580.173.02,GPU-d59cb1c4-ad97-d91a-6731-e7b5f38951a6
2026-08-16 04:49:49.088070,49.0,10,1g.11gb,yolo-inference-755b67b9bb-sf8hz,default,yolo,580.173.02,GPU-d59cb1c4-ad97-d91a-6731-e7b5f38951a6
2026-08-16 04:49:49.088070,49.0,11,1g.11gb,yolo-inference-755b67b9bb-mdq5n,default,yolo,580.173.02,GPU-d59cb1c4-ad97-d91a-6731-e7b5f38951a6
2026-08-16 04:49:49.088070,49.0,12,1g.11gb,yolo-inference-755b67b9bb-l2sjx,default,yolo,580.173.02,GPU-d59cb1c4-ad97-d91a-6731-e7b5f38951a6
2026-08-16 04:49:49.088070,49.0,13,1g.11gb,yolo-inference-755b67b9bb-vgskt,default,yolo,580.173.02,GPU-d59cb1c4-ad97-d91a-6731-e7b5f38951a6
2026-08-16 04:49:49.088070,49.0,7,1g.11gb,,,,580.173.02,GPU-d59cb1c4-ad97-d91a-6731-e7b5f38951a6
2026-08-16 04:49:49.088070,49.0,8,1g.11gb,yolo-inference-755b67b9bb-ttrzf,default,yolo,580.173.02,GPU-d59cb1c4-ad97-d91a-6731-e7b5f38951a6
2026-08-16 04:49:49.088070,49.0,9,1g.11gb,yolo-inference-755b67b9bb-pwhtx,default,yolo,580.173.02,GPU-d59cb1c4-ad97-d91a-6731-e7b5f38951a6
2026-08-16 04:49:54.088023,49.0,10,1g.11gb,yolo-inference-755b67b9bb-sf8hz,default,yolo,580.173.02,GPU-d59cb1c4-ad97-d91a-6731-e7b5f38951a6
2026-08-16 04:49:54.088023,49.0,11,1g.11gb,yolo-inference-755b67b9bb-mdq5n,default,yolo,580.173.02,GPU-d59cb1c4-ad97-d91a-6731-e7b5f38951a6
2026-08-16 04:49:54.088023,49.0,12,1g.11gb,yolo-inference-755b67b9bb-l2sjx,default,yolo,580.173.02,GPU-d59cb1c4-ad97-d91a-6731-e7b5f38951a6
2026-08-16 04:49:54.088023,49.0,13,1g.11gb,yolo-inference-755b67b9bb-vgskt,default,yolo,580.173.02,GPU-d59cb1c4-ad97-d91a-6731-e7b5f38951a6
2026-08-16 04:49:54.088023,49.0,7,1g.11gb,,,,580.173.02,GPU-d59cb1c4-ad97-d91a-6731-e7b5f38951a6
2026-08-16 04:49:54.088023,49.0,8,1g.11gb,yolo-inference-755b67b9bb-ttrzf,default,yolo,580.173.02,GPU-d59cb1c4-ad97-d91a-6731-e7b5f38951a6
2026-08-16 04:49:54.088023,49.0,9,1g.11gb,yolo-inference-755b67b9bb-pwhtx,default,yolo,580.173.02,GPU-d59cb1c4-ad97-d91a-6731-e7b5f38951a6
2026-08-16 04:49:59.083520,49.0,10,1g.11gb,yolo-inference-755b67b9bb-sf8hz,default,yolo,580.173.02,GPU-d59cb1c4-ad97-d91a-6731-e7b5f38951a6
2026-08-16 04:49:59.083520,49.0,11,1g.11gb,yolo-inference-755b67b9bb-mdq5n,default,yolo,580.173.02,GPU-d59cb1c4-ad97-d91a-6731-e7b5f38951a6
2026-08-16 04:49:59.083520,49.0,12,1g.11gb,yolo-inference-755b67b9bb-l2sjx,default,yolo,580.173.02,GPU-d59cb1c4-ad97-d91a-6731-e7b5f38951a6
2026-08-16 04:49:59.083520,49.0,13,1g.11gb,yolo-inference-755b67b9bb-vgskt,default,yolo,580.173.02,GPU-d59cb1c4-ad97-d91a-6731-e7b5f38951a6
2026-08-16 04:49:59.083520,49.0,7,1g.11gb,,,,580.173.02,GPU-d59cb1c4-ad97-d91a-6731-e7b5f38951a6
2026-08-16 04:49:59.083520,49.0,8,1g.11gb,yolo-inference-755b67b9bb-ttrzf,default,yolo,580.173.02,GPU-d59cb1c4-ad97-d91a-6731-e7b5f38951a6
2026-08-16 04:49:59.083520,49.0,9,1g.11gb,yolo-inference-755b67b9bb-pwhtx,default,yolo,580.173.02,GPU-d59cb1c4-ad97-d91a-6731-e7b5f38951a6
2026-08-16 04:50:04.087155,49.0,10,1g.11gb,yolo-inference-755b67b9bb-sf8hz,default,yolo,580.173.02,GPU-d59cb1c4-ad97-d91a-6731-e7b5f38951a6
2026-08-16 04:50:04.087155,49.0,11,1g.11gb,yolo-inference-755b67b9bb-mdq5n,default,yolo,580.173.02,GPU-d59cb1c4-ad97-d91a-6731-e7b5f38951a6
2026-08-16 04:50:04.087155,49.0,12,1g.11gb,yolo-inference-755b67b9bb-l2sjx,default,yolo,580.173.02,GPU-d59cb1c4-ad97-d91a-6731-e7b5f38951a6
2026-08-16 04:50:04.087155,49.0,13,1g.11gb,yolo-inference-755b67b9bb-vgskt,default,yolo,580.173.02,GPU-d59cb1c4-ad97-d91a-6731-e7b5f38951a6
2026-08-16 04:50:04.087155,49.0,7,1g.11gb,,,,580.173.02,GPU-d59cb1c4-ad97-d91a-6731-e7b5f38951a6
2026-08-16 04:50:04.087155,49.0,8,1g.11gb,yolo-inference-755b67b9bb-ttrzf,default,yolo,580.173.02,GPU-d59cb1c4-ad97-d91a-6731-e7b5f38951a6
2026-08-16 04:50:04.087155,49.0,9,1g.11gb,yolo-inference-755b67b9bb-pwhtx,default,yolo,580.173.02,GPU-d59cb1c4-ad97-d91a-6731-e7b5f38951a6
2026-08-16 04:50:09.088032,49.0,10,1g.11gb,yolo-inference-755b67b9bb-sf8hz,default,yolo,580.173.02,GPU-d59cb1c4-ad97-d91a-6731-e7b5f38951a6
2026-08-16 04:50:09.088032,49.0,11,1g.11gb,yolo-inference-755b67b9bb-mdq5n,default,yolo,580.173.02,GPU-d59cb1c4-ad97-d91a-6731-e7b5f38951a6
2026-08-16 04:50:09.088032,49.0,12,1g.11gb,yolo-inference-755b67b9bb-l2sjx,default,yolo,580.173.02,GPU-d59cb1c4-ad97-d91a-6731-e7b5f38951a6
2026-08-16 04:50:09.088032,49.0,13,1g.11gb,yolo-inference-755b67b9bb-vgskt,default,yolo,580.173.02,GPU-d59cb1c4-ad97-d91a-6731-e7b5f38951a6
2026-08-16 04:50:09.088032,49.0,7,1g.11gb,,,,580.173.02,GPU-d59cb1c4-ad97-d91a-6731-e7b5f38951a6
2026-08-16 04:50:09.088032,49.0,8,1g.11gb,yolo-inference-755b67b9bb-ttrzf,default,yolo,580.173.02,GPU-d59cb1c4-ad97-d91a-6731-e7b5f38951a6
2026-08-16 04:50:09.088032,49.0,9,1g.11gb,yolo-inference-755b67b9bb-pwhtx,default,yolo,580.173.02,GPU-d59cb1c4-ad97-d91a-6731-e7b5f38951a6
2026-08-16 04:50:14.088048,49.0,10,1g.11gb,yolo-inference-755b67b9bb-sf8hz,default,yolo,580.173.02,GPU-d59cb1c4-ad97-d91a-6731-e7b5f38951a6
2026-08-16 04:50:14.088048,49.0,11,1g.11gb,yolo-inference-755b67b9bb-mdq5n,default,yolo,580.173.02,GPU-d59cb1c4-ad97-d91a-6731-e7b5f38951a6
2026-08-16 04:50:14.088048,49.0,12,1g.11gb,yolo-inference-755b67b9bb-l2sjx,default,yolo,580.173.02,GPU-d59cb1c4-ad97-d91a-6731-e7b5f38951a6
2026-08-16 04:50:14.088048,49.0,13,1g.11gb,yolo-inference-755b67b9bb-vgskt,default,yolo,580.173.02,GPU-d59cb1c4-ad97-d91a-6731-e7b5f38951a6
2026-08-16 04:50:14.088048,49.0,7,1g.11gb,,,,580.173.02,GPU-d59cb1c4-ad97-d91a-6731-e7b5f38951a6
2026-08-16 04:50:14.088048,49.0,8,1g.11gb,yolo-inference-755b67b9bb-ttrzf,default,yolo,580.173.02,GPU-d59cb1c4-ad97-d91a-6731-e7b5f38951a6
2026-08-16 04:50:14.088048,49.0,9,1g.11gb,yolo-inference-755b67b9bb-pwhtx,default,yolo,580.173.02,GPU-d59cb1c4-ad97-d91a-6731-e7b5f38951a6
2026-08-16 04:50:19.087423,49.0,10,1g.11gb,yolo-inference-755b67b9bb-sf8hz,default,yolo,580.173.02,GPU-d59cb1c4-ad97-d91a-6731-e7b5f38951a6
2026-08-16 04:50:19.087423,49.0,11,1g.11gb,yolo-inference-755b67b9bb-mdq5n,default,yolo,580.173.02,GPU-d59cb1c4-ad97-d91a-6731-e7b5f38951a6
2026-08-16 04:50:19.087423,49.0,12,1g.11gb,yolo-inference-755b67b9bb-l2sjx,default,yolo,580.173.02,GPU-d59cb1c4-ad97-d91a-6731-e7b5f38951a6
2026-08-16 04:50:19.087423,49.0,13,1g.11gb,yolo-inference-755b67b9bb-vgskt,default,yolo,580.173.02,GPU-d59cb1c4-ad97-d91a-6731-e7b5f38951a6
2026-08-16 04:50:19.087423,49.0,7,1g.11gb,,,,580.173.02,GPU-d59cb1c4-ad97-d91a-6731-e7b5f38951a6
2026-08-16 04:50:19.087423,49.0,8,1g.11gb,yolo-inference-755b67b9bb-ttrzf,default,yolo,580.173.02,GPU-d59cb1c4-ad97-d91a-6731-e7b5f38951a6
2026-08-16 04:50:19.087423,49.0,9,1g.11gb,yolo-inference-755b67b9bb-pwhtx,default,yolo,580.173.02,GPU-d59cb1c4-ad97-d91a-6731-e7b5f38951a6
2026-08-16 04:50:24.083982,49.0,10,1g.11gb,yolo-inference-755b67b9bb-sf8hz,default,yolo,580.173.02,GPU-d59cb1c4-ad97-d91a-6731-e7b5f38951a6
2026-08-16 04:50:24.083982,49.0,11,1g.11gb,yolo-inference-755b67b9bb-mdq5n,default,yolo,580.173.02,GPU-d59cb1c4-ad97-d91a-6731-e7b5f38951a6
2026-08-16 04:50:24.083982,49.0,12,1g.11gb,yolo-inference-755b67b9bb-l2sjx,default,yolo,580.173.02,GPU-d59cb1c4-ad97-d91a-6731-e7b5f38951a6
2026-08-16 04:50:24.083982,49.0,13,1g.11gb,yolo-inference-755b67b9bb-vgskt,default,yolo,580.173.02,GPU-d59cb1c4-ad97-d91a-6731-e7b5f38951a6
2026-08-16 04:50:24.083982,49.0,7,1g.11gb,,,,580.173.02,GPU-d59cb1c4-ad97-d91a-6731-e7b5f38951a6
2026-08-16 04:50:24.083982,49.0,8,1g.11gb,yolo-inference-755b67b9bb-ttrzf,default,yolo,580.173.02,GPU-d59cb1c4-ad97-d91a-6731-e7b5f38951a6
2026-08-16 04:50:24.083982,49.0,9,1g.11gb,yolo-inference-755b67b9bb-pwhtx,default,yolo,580.173.02,GPU-d59cb1c4-ad97-d91a-6731-e7b5f38951a6
2026-08-16 04:50:29.088025,49.0,10,1g.11gb,yolo-inference-755b67b9bb-sf8hz,default,yolo,580.173.02,GPU-d59cb1c4-ad97-d91a-6731-e7b5f38951a6
2026-08-16 04:50:29.088025,49.0,11,1g.11gb,yolo-inference-755b67b9bb-mdq5n,default,yolo,580.173.02,GPU-d59cb1c4-ad97-d91a-6731-e7b5f38951a6
2026-08-16 04:50:29.088025,49.0,12,1g.11gb,yolo-inference-755b67b9bb-l2sjx,default,yolo,580.173.02,GPU-d59cb1c4-ad97-d91a-6731-e7b5f38951a6
2026-08-16 04:50:29.088025,49.0,13,1g.11gb,yolo-inference-755b67b9bb-vgskt,default,yolo,580.173.02,GPU-d59cb1c4-ad97-d91a-6731-e7b5f38951a6
2026-08-16 04:50:29.088025,49.0,7,1g.11gb,,,,580.173.02,GPU-d59cb1c4-ad97-d91a-6731-e7b5f38951a6
2026-08-16 04:50:29.088025,49.0,8,1g.11gb,yolo-inference-755b67b9bb-ttrzf,default,yolo,580.173.02,GPU-d59cb1c4-ad97-d91a-6731-e7b5f38951a6
2026-08-16 04:50:29.088025,49.0,9,1g.11gb,yolo-inference-755b67b9bb-pwhtx,default,yolo,580.173.02,GPU-d59cb1c4-ad97-d91a-6731-e7b5f38951a6
2026-08-16 04:50:34.083505,49.0,10,1g.11gb,yolo-inference-755b67b9bb-sf8hz,default,yolo,580.173.02,GPU-d59cb1c4-ad97-d91a-6731-e7b5f38951a6
2026-08-16 04:50:34.083505,49.0,11,1g.11gb,yolo-inference-755b67b9bb-mdq5n,default,yolo,580.173.02,GPU-d59cb1c4-ad97-d91a-6731-e7b5f38951a6
2026-08-16 04:50:34.083505,49.0,12,1g.11gb,yolo-inference-755b67b9bb-l2sjx,default,yolo,580.173.02,GPU-d59cb1c4-ad97-d91a-6731-e7b5f38951a6
2026-08-16 04:50:34.083505,49.0,13,1g.11gb,yolo-inference-755b67b9bb-vgskt,default,yolo,580.173.02,GPU-d59cb1c4-ad97-d91a-6731-e7b5f38951a6
2026-08-16 04:50:34.083505,49.0,7,1g.11gb,,,,580.173.02,GPU-d59cb1c4-ad97-d91a-6731-e7b5f38951a6
2026-08-16 04:50:34.083505,49.0,8,1g.11gb,yolo-inference-755b67b9bb-ttrzf,default,yolo,580.173.02,GPU-d59cb1c4-ad97-d91a-6731-e7b5f38951a6
2026-08-16 04:50:34.083505,49.0,9,1g.11gb,yolo-inference-755b67b9bb-pwhtx,default,yolo,580.173.02,GPU-d59cb1c4-ad97-d91a-6731-e7b5f38951a6
2026-08-16 04:50:39.088028,49.0,10,1g.11gb,yolo-inference-755b67b9bb-sf8hz,default,yolo,580.173.02,GPU-d59cb1c4-ad97-d91a-6731-e7b5f38951a6
2026-08-16 04:50:39.088028,49.0,11,1g.11gb,yolo-inference-755b67b9bb-mdq5n,default,yolo,580.173.02,GPU-d59cb1c4-ad97-d91a-6731-e7b5f38951a6
2026-08-16 04:50:39.088028,49.0,12,1g.11gb,yolo-inference-755b67b9bb-l2sjx,default,yolo,580.173.02,GPU-d59cb1c4-ad97-d91a-6731-e7b5f38951a6
2026-08-16 04:50:39.088028,49.0,13,1g.11gb,yolo-inference-755b67b9bb-vgskt,default,yolo,580.173.02,GPU-d59cb1c4-ad97-d91a-6731-e7b5f38951a6
2026-08-16 04:50:39.088028,49.0,7,1g.11gb,,,,580.173.02,GPU-d59cb1c4-ad97-d91a-6731-e7b5f38951a6
2026-08-16 04:50:39.088028,49.0,8,1g.11gb,yolo-inference-755b67b9bb-ttrzf,default,yolo,580.173.02,GPU-d59cb1c4-ad97-d91a-6731-e7b5f38951a6
2026-08-16 04:50:39.088028,49.0,9,1g.11gb,yolo-inference-755b67b9bb-pwhtx,default,yolo,580.173.02,GPU-d59cb1c4-ad97-d91a-6731-e7b5f38951a6
2026-08-16 04:50:44.087997,49.0,10,1g.11gb,yolo-inference-755b67b9bb-sf8hz,default,yolo,580.173.02,GPU-d59cb1c4-ad97-d91a-6731-e7b5f38951a6
2026-08-16 04:50:44.087997,49.0,11,1g.11gb,yolo-inference-755b67b9bb-mdq5n,default,yolo,580.173.02,GPU-d59cb1c4-ad97-d91a-6731-e7b5f38951a6
2026-08-16 04:50:44.087997,49.0,12,1g.11gb,yolo-inference-755b67b9bb-l2sjx,default,yolo,580.173.02,GPU-d59cb1c4-ad97-d91a-6731-e7b5f38951a6
2026-08-16 04:50:44.087997,49.0,13,1g.11gb,yolo-inference-755b67b9bb-vgskt,default,yolo,580.173.02,GPU-d59cb1c4-ad97-d91a-6731-e7b5f38951a6
2026-08-16 04:50:44.087997,49.0,7,1g.11gb,,,,580.173.02,GPU-d59cb1c4-ad97-d91a-6731-e7b5f38951a6
2026-08-16 04:50:44.087997,49.0,8,1g.11gb,yolo-inference-755b67b9bb-ttrzf,default,yolo,580.173.02,GPU-d59cb1c4-ad97-d91a-6731-e7b5f38951a6
2026-08-16 04:50:44.087997,49.0,9,1g.11gb,yolo-inference-755b67b9bb-pwhtx,default,yolo,580.173.02,GPU-d59cb1c4-ad97-d91a-6731-e7b5f38951a6
2026-08-16 04:50:49.087996,49.0,10,1g.11gb,yolo-inference-755b67b9bb-sf8hz,default,yolo,580.173.02,GPU-d59cb1c4-ad97-d91a-6731-e7b5f38951a6
2026-08-16 04:50:49.087996,49.0,11,1g.11gb,yolo-inference-755b67b9bb-mdq5n,default,yolo,580.173.02,GPU-d59cb1c4-ad97-d91a-6731-e7b5f38951a6
2026-08-16 04:50:49.087996,49.0,12,1g.11gb,yolo-inference-755b67b9bb-l2sjx,default,yolo,580.173.02,GPU-d59cb1c4-ad97-d91a-6731-e7b5f38951a6
2026-08-16 04:50:49.087996,49.0,13,1g.11gb,yolo-inference-755b67b9bb-vgskt,default,yolo,580.173.02,GPU-d59cb1c4-ad97-d91a-6731-e7b5f38951a6
2026-08-16 04:50:49.087996,49.0,7,1g.11gb,,,,580.173.02,GPU-d59cb1c4-ad97-d91a-6731-e7b5f38951a6
2026-08-16 04:50:49.087996,49.0,8,1g.11gb,yolo-inference-755b67b9bb-ttrzf,default,yolo,580.173.02,GPU-d59cb1c4-ad97-d91a-6731-e7b5f38951a6
2026-08-16 04:50:49.087996,49.0,9,1g.11gb,yolo-inference-755b67b9bb-pwhtx,default,yolo,580.173.02,GPU-d59cb1c4-ad97-d91a-6731-e7b5f38951a6
2026-08-16 04:50:54.084216,49.0,10,1g.11gb,yolo-inference-755b67b9bb-sf8hz,default,yolo,580.173.02,GPU-d59cb1c4-ad97-d91a-6731-e7b5f38951a6
2026-08-16 04:50:54.084216,49.0,11,1g.11gb,yolo-inference-755b67b9bb-mdq5n,default,yolo,580.173.02,GPU-d59cb1c4-ad97-d91a-6731-e7b5f38951a6
2026-08-16 04:50:54.084216,49.0,12,1g.11gb,yolo-inference-755b67b9bb-l2sjx,default,yolo,580.173.02,GPU-d59cb1c4-ad97-d91a-6731-e7b5f38951a6
2026-08-16 04:50:54.084216,49.0,13,1g.11gb,yolo-inference-755b67b9bb-vgskt,default,yolo,580.173.02,GPU-d59cb1c4-ad97-d91a-6731-e7b5f38951a6
2026-08-16 04:50:54.084216,49.0,7,1g.11gb,,,,580.173.02,GPU-d59cb1c4-ad97-d91a-6731-e7b5f38951a6
2026-08-16 04:50:54.084216,49.0,8,1g.11gb,yolo-inference-755b67b9bb-ttrzf,default,yolo,580.173.02,GPU-d59cb1c4-ad97-d91a-6731-e7b5f38951a6
2026-08-16 04:50:54.084216,49.0,9,1g.11gb,yolo-inference-755b67b9bb-pwhtx,default,yolo,580.173.02,GPU-d59cb1c4-ad97-d91a-6731-e7b5f38951a6
2026-08-16 04:50:59.085510,49.0,10,1g.11gb,yolo-inference-755b67b9bb-sf8hz,default,yolo,580.173.02,GPU-d59cb1c4-ad97-d91a-6731-e7b5f38951a6
2026-08-16 04:50:59.085510,49.0,11,1g.11gb,yolo-inference-755b67b9bb-mdq5n,default,yolo,580.173.02,GPU-d59cb1c4-ad97-d91a-6731-e7b5f38951a6
2026-08-16 04:50:59.085510,49.0,12,1g.11gb,yolo-inference-755b67b9bb-l2sjx,default,yolo,580.173.02,GPU-d59cb1c4-ad97-d91a-6731-e7b5f38951a6
2026-08-16 04:50:59.085510,49.0,13,1g.11gb,yolo-inference-755b67b9bb-vgskt,default,yolo,580.173.02,GPU-d59cb1c4-ad97-d91a-6731-e7b5f38951a6
2026-08-16 04:50:59.085510,49.0,7,1g.11gb,,,,580.173.02,GPU-d59cb1c4-ad97-d91a-6731-e7b5f38951a6
2026-08-16 04:50:59.085510,49.0,8,1g.11gb,yolo-inference-755b67b9bb-ttrzf,default,yolo,580.173.02,GPU-d59cb1c4-ad97-d91a-6731-e7b5f38951a6
2026-08-16 04:50:59.085510,49.0,9,1g.11gb,yolo-inference-755b67b9bb-pwhtx,default,yolo,580.173.02,GPU-d59cb1c4-ad97-d91a-6731-e7b5f38951a6
2026-08-16 04:51:04.083274,49.0,10,1g.11gb,yolo-inference-755b67b9bb-sf8hz,default,yolo,580.173.02,GPU-d59cb1c4-ad97-d91a-6731-e7b5f38951a6
2026-08-16 04:51:04.083274,49.0,11,1g.11gb,yolo-inference-755b67b9bb-mdq5n,default,yolo,580.173.02,GPU-d59cb1c4-ad97-d91a-6731-e7b5f38951a6
2026-08-16 04:51:04.083274,49.0,12,1g.11gb,yolo-inference-755b67b9bb-l2sjx,default,yolo,580.173.02,GPU-d59cb1c4-ad97-d91a-6731-e7b5f38951a6
2026-08-16 04:51:04.083274,49.0,13,1g.11gb,yolo-inference-755b67b9bb-vgskt,default,yolo,580.173.02,GPU-d59cb1c4-ad97-d91a-6731-e7b5f38951a6
2026-08-16 04:51:04.083274,49.0,7,1g.11gb,,,,580.173.02,GPU-d59cb1c4-ad97-d91a-6731-e7b5f38951a6
2026-08-16 04:51:04.083274,49.0,8,1g.11gb,yolo-inference-755b67b9bb-ttrzf,default,yolo,580.173.02,GPU-d59cb1c4-ad97-d91a-6731-e7b5f38951a6
2026-08-16 04:51:04.083274,49.0,9,1g.11gb,yolo-inference-755b67b9bb-pwhtx,default,yolo,580.173.02,GPU-d59cb1c4-ad97-d91a-6731-e7b5f38951a6
2026-08-16 04:51:09.085209,49.0,10,1g.11gb,yolo-inference-755b67b9bb-sf8hz,default,yolo,580.173.02,GPU-d59cb1c4-ad97-d91a-6731-e7b5f38951a6
2026-08-16 04:51:09.085209,49.0,11,1g.11gb,yolo-inference-755b67b9bb-mdq5n,default,yolo,580.173.02,GPU-d59cb1c4-ad97-d91a-6731-e7b5f38951a6
2026-08-16 04:51:09.085209,49.0,12,1g.11gb,yolo-inference-755b67b9bb-l2sjx,default,yolo,580.173.02,GPU-d59cb1c4-ad97-d91a-6731-e7b5f38951a6
2026-08-16 04:51:09.085209,49.0,13,1g.11gb,yolo-inference-755b67b9bb-vgskt,default,yolo,580.173.02,GPU-d59cb1c4-ad97-d91a-6731-e7b5f38951a6
2026-08-16 04:51:09.085209,49.0,7,1g.11gb,,,,580.173.02,GPU-d59cb1c4-ad97-d91a-6731-e7b5f38951a6
2026-08-16 04:51:09.085209,49.0,8,1g.11gb,yolo-inference-755b67b9bb-ttrzf,default,yolo,580.173.02,GPU-d59cb1c4-ad97-d91a-6731-e7b5f38951a6
2026-08-16 04:51:09.085209,49.0,9,1g.11gb,yolo-inference-755b67b9bb-pwhtx,default,yolo,580.173.02,GPU-d59cb1c4-ad97-d91a-6731-e7b5f38951a6
2026-08-16 04:51:14.088055,49.0,10,1g.11gb,yolo-inference-755b67b9bb-sf8hz,default,yolo,580.173.02,GPU-d59cb1c4-ad97-d91a-6731-e7b5f38951a6
2026-08-16 04:51:14.088055,49.0,11,1g.11gb,yolo-inference-755b67b9bb-mdq5n,default,yolo,580.173.02,GPU-d59cb1c4-ad97-d91a-6731-e7b5f38951a6
2026-08-16 04:51:14.088055,49.0,12,1g.11gb,yolo-inference-755b67b9bb-l2sjx,default,yolo,580.173.02,GPU-d59cb1c4-ad97-d91a-6731-e7b5f38951a6
2026-08-16 04:51:14.088055,49.0,13,1g.11gb,yolo-inference-755b67b9bb-vgskt,default,yolo,580.173.02,GPU-d59cb1c4-ad97-d91a-6731-e7b5f38951a6
2026-08-16 04:51:14.088055,49.0,7,1g.11gb,,,,580.173.02,GPU-d59cb1c4-ad97-d91a-6731-e7b5f38951a6
2026-08-16 04:51:14.088055,49.0,8,1g.11gb,yolo-inference-755b67b9bb-ttrzf,default,yolo,580.173.02,GPU-d59cb1c4-ad97-d91a-6731-e7b5f38951a6
2026-08-16 04:51:14.088055,49.0,9,1g.11gb,yolo-inference-755b67b9bb-pwhtx,default,yolo,580.173.02,GPU-d59cb1c4-ad97-d91a-6731-e7b5f38951a6
2026-08-16 04:51:19.087994,49.0,10,1g.11gb,yolo-inference-755b67b9bb-sf8hz,default,yolo,580.173.02,GPU-d59cb1c4-ad97-d91a-6731-e7b5f38951a6
2026-08-16 04:51:19.087994,49.0,11,1g.11gb,yolo-inference-755b67b9bb-mdq5n,default,yolo,580.173.02,GPU-d59cb1c4-ad97-d91a-6731-e7b5f38951a6
2026-08-16 04:51:19.087994,49.0,12,1g.11gb,yolo-inference-755b67b9bb-l2sjx,default,yolo,580.173.02,GPU-d59cb1c4-ad97-d91a-6731-e7b5f38951a6
2026-08-16 04:51:19.087994,49.0,13,1g.11gb,yolo-inference-755b67b9bb-vgskt,default,yolo,580.173.02,GPU-d59cb1c4-ad97-d91a-6731-e7b5f38951a6
2026-08-16 04:51:19.087994,49.0,7,1g.11gb,,,,580.173.02,GPU-d59cb1c4-ad97-d91a-6731-e7b5f38951a6
2026-08-16 04:51:19.087994,49.0,8,1g.11gb,yolo-inference-755b67b9bb-ttrzf,default,yolo,580.173.02,GPU-d59cb1c4-ad97-d91a-6731-e7b5f38951a6
2026-08-16 04:51:19.087994,49.0,9,1g.11gb,yolo-inference-755b67b9bb-pwhtx,default,yolo,580.173.02,GPU-d59cb1c4-ad97-d91a-6731-e7b5f38951a6
2026-08-16 04:51:24.084367,49.0,10,1g.11gb,yolo-inference-755b67b9bb-sf8hz,default,yolo,580.173.02,GPU-d59cb1c4-ad97-d91a-6731-e7b5f38951a6
2026-08-16 04:51:24.084367,49.0,11,1g.11gb,yolo-inference-755b67b9bb-mdq5n,default,yolo,580.173.02,GPU-d59cb1c4-ad97-d91a-6731-e7b5f38951a6
2026-08-16 04:51:24.084367,49.0,12,1g.11gb,yolo-inference-755b67b9bb-l2sjx,default,yolo,580.173.02,GPU-d59cb1c4-ad97-d91a-6731-e7b5f38951a6
2026-08-16 04:51:24.084367,49.0,13,1g.11gb,yolo-inference-755b67b9bb-vgskt,default,yolo,580.173.02,GPU-d59cb1c4-ad97-d91a-6731-e7b5f38951a6
2026-08-16 04:51:24.084367,49.0,7,1g.11gb,,,,580.173.02,GPU-d59cb1c4-ad97-d91a-6731-e7b5f38951a6
2026-08-16 04:51:24.084367,49.0,8,1g.11gb,yolo-inference-755b67b9bb-ttrzf,default,yolo,580.173.02,GPU-d59cb1c4-ad97-d91a-6731-e7b5f38951a6
2026-08-16 04:51:24.084367,49.0,9,1g.11gb,yolo-inference-755b67b9bb-pwhtx,default,yolo,580.173.02,GPU-d59cb1c4-ad97-d91a-6731-e7b5f38951a6
2026-08-16 04:51:29.088048,49.0,10,1g.11gb,yolo-inference-755b67b9bb-sf8hz,default,yolo,580.173.02,GPU-d59cb1c4-ad97-d91a-6731-e7b5f38951a6
2026-08-16 04:51:29.088048,49.0,11,1g.11gb,yolo-inference-755b67b9bb-mdq5n,default,yolo,580.173.02,GPU-d59cb1c4-ad97-d91a-6731-e7b5f38951a6
2026-08-16 04:51:29.088048,49.0,12,1g.11gb,yolo-inference-755b67b9bb-l2sjx,default,yolo,580.173.02,GPU-d59cb1c4-ad97-d91a-6731-e7b5f38951a6
2026-08-16 04:51:29.088048,49.0,13,1g.11gb,yolo-inference-755b67b9bb-vgskt,default,yolo,580.173.02,GPU-d59cb1c4-ad97-d91a-6731-e7b5f38951a6
2026-08-16 04:51:29.088048,49.0,7,1g.11gb,,,,580.173.02,GPU-d59cb1c4-ad97-d91a-6731-e7b5f38951a6
2026-08-16 04:51:29.088048,49.0,8,1g.11gb,yolo-inference-755b67b9bb-ttrzf,default,yolo,580.173.02,GPU-d59cb1c4-ad97-d91a-6731-e7b5f38951a6
2026-08-16 04:51:29.088048,49.0,9,1g.11gb,yolo-inference-755b67b9bb-pwhtx,default,yolo,580.173.02,GPU-d59cb1c4-ad97-d91a-6731-e7b5f38951a6
2026-08-16 04:51:34.088097,49.0,10,1g.11gb,yolo-inference-755b67b9bb-sf8hz,default,yolo,580.173.02,GPU-d59cb1c4-ad97-d91a-6731-e7b5f38951a6
2026-08-16 04:51:34.088097,49.0,11,1g.11gb,yolo-inference-755b67b9bb-mdq5n,default,yolo,580.173.02,GPU-d59cb1c4-ad97-d91a-6731-e7b5f38951a6
2026-08-16 04:51:34.088097,49.0,12,1g.11gb,yolo-inference-755b67b9bb-l2sjx,default,yolo,580.173.02,GPU-d59cb1c4-ad97-d91a-6731-e7b5f38951a6
2026-08-16 04:51:34.088097,49.0,13,1g.11gb,yolo-inference-755b67b9bb-vgskt,default,yolo,580.173.02,GPU-d59cb1c4-ad97-d91a-6731-e7b5f38951a6
2026-08-16 04:51:34.088097,49.0,7,1g.11gb,,,,580.173.02,GPU-d59cb1c4-ad97-d91a-6731-e7b5f38951a6
2026-08-16 04:51:34.088097,49.0,8,1g.11gb,yolo-inference-755b67b9bb-ttrzf,default,yolo,580.173.02,GPU-d59cb1c4-ad97-d91a-6731-e7b5f38951a6
2026-08-16 04:51:34.088097,49.0,9,1g.11gb,yolo-inference-755b67b9bb-pwhtx,default,yolo,580.173.02,GPU-d59cb1c4-ad97-d91a-6731-e7b5f38951a6
2026-08-16 04:51:39.088069,49.0,10,1g.11gb,yolo-inference-755b67b9bb-sf8hz,default,yolo,580.173.02,GPU-d59cb1c4-ad97-d91a-6731-e7b5f38951a6
2026-08-16 04:51:39.088069,49.0,11,1g.11gb,yolo-inference-755b67b9bb-mdq5n,default,yolo,580.173.02,GPU-d59cb1c4-ad97-d91a-6731-e7b5f38951a6
2026-08-16 04:51:39.088069,49.0,12,1g.11gb,yolo-inference-755b67b9bb-l2sjx,default,yolo,580.173.02,GPU-d59cb1c4-ad97-d91a-6731-e7b5f38951a6
2026-08-16 04:51:39.088069,49.0,13,1g.11gb,yolo-inference-755b67b9bb-vgskt,default,yolo,580.173.02,GPU-d59cb1c4-ad97-d91a-6731-e7b5f38951a6
2026-08-16 04:51:39.088069,49.0,7,1g.11gb,,,,580.173.02,GPU-d59cb1c4-ad97-d91a-6731-e7b5f38951a6
2026-08-16 04:51:39.088069,49.0,8,1g.11gb,yolo-inference-755b67b9bb-ttrzf,default,yolo,580.173.02,GPU-d59cb1c4-ad97-d91a-6731-e7b5f38951a6
2026-08-16 04:51:39.088069,49.0,9,1g.11gb,yolo-inference-755b67b9bb-pwhtx,default,yolo,580.173.02,GPU-d59cb1c4-ad97-d91a-6731-e7b5f38951a6
2026-08-16 04:51:44.087872,49.0,10,1g.11gb,yolo-inference-755b67b9bb-sf8hz,default,yolo,580.173.02,GPU-d59cb1c4-ad97-d91a-6731-e7b5f38951a6
2026-08-16 04:51:44.087872,49.0,11,1g.11gb,yolo-inference-755b67b9bb-mdq5n,default,yolo,580.173.02,GPU-d59cb1c4-ad97-d91a-6731-e7b5f38951a6
2026-08-16 04:51:44.087872,49.0,12,1g.11gb,yolo-inference-755b67b9bb-l2sjx,default,yolo,580.173.02,GPU-d59cb1c4-ad97-d91a-6731-e7b5f38951a6
2026-08-16 04:51:44.087872,49.0,13,1g.11gb,yolo-inference-755b67b9bb-vgskt,default,yolo,580.173.02,GPU-d59cb1c4-ad97-d91a-6731-e7b5f38951a6
2026-08-16 04:51:44.087872,49.0,7,1g.11gb,,,,580.173.02,GPU-d59cb1c4-ad97-d91a-6731-e7b5f38951a6
2026-08-16 04:51:44.087872,49.0,8,1g.11gb,yolo-inference-755b67b9bb-ttrzf,default,yolo,580.173.02,GPU-d59cb1c4-ad97-d91a-6731-e7b5f38951a6
2026-08-16 04:51:44.087872,49.0,9,1g.11gb,yolo-inference-755b67b9bb-pwhtx,default,yolo,580.173.02,GPU-d59cb1c4-ad97-d91a-6731-e7b5f38951a6
2026-08-16 04:51:49.085933,49.0,10,1g.11gb,yolo-inference-755b67b9bb-sf8hz,default,yolo,580.173.02,GPU-d59cb1c4-ad97-d91a-6731-e7b5f38951a6
2026-08-16 04:51:49.085933,49.0,11,1g.11gb,yolo-inference-755b67b9bb-mdq5n,default,yolo,580.173.02,GPU-d59cb1c4-ad97-d91a-6731-e7b5f38951a6
2026-08-16 04:51:49.085933,49.0,12,1g.11gb,yolo-inference-755b67b9bb-l2sjx,default,yolo,580.173.02,GPU-d59cb1c4-ad97-d91a-6731-e7b5f38951a6
2026-08-16 04:51:49.085933,49.0,13,1g.11gb,yolo-inference-755b67b9bb-vgskt,default,yolo,580.173.02,GPU-d59cb1c4-ad97-d91a-6731-e7b5f38951a6
2026-08-16 04:51:49.085933,49.0,7,1g.11gb,,,,580.173.02,GPU-d59cb1c4-ad97-d91a-6731-e7b5f38951a6
2026-08-16 04:51:49.085933,49.0,8,1g.11gb,yolo-inference-755b67b9bb-ttrzf,default,yolo,580.173.02,GPU-d59cb1c4-ad97-d91a-6731-e7b5f38951a6
2026-08-16 04:51:49.085933,49.0,9,1g.11gb,yolo-inference-755b67b9bb-pwhtx,default,yolo,580.173.02,GPU-d59cb1c4-ad97-d91a-6731-e7b5f38951a6
2026-08-16 04:51:54.085329,49.0,10,1g.11gb,yolo-inference-755b67b9bb-sf8hz,default,yolo,580.173.02,GPU-d59cb1c4-ad97-d91a-6731-e7b5f38951a6
2026-08-16 04:51:54.085329,49.0,11,1g.11gb,yolo-inference-755b67b9bb-mdq5n,default,yolo,580.173.02,GPU-d59cb1c4-ad97-d91a-6731-e7b5f38951a6
2026-08-16 04:51:54.085329,49.0,12,1g.11gb,yolo-inference-755b67b9bb-l2sjx,default,yolo,580.173.02,GPU-d59cb1c4-ad97-d91a-6731-e7b5f38951a6
2026-08-16 04:51:54.085329,49.0,13,1g.11gb,yolo-inference-755b67b9bb-vgskt,default,yolo,580.173.02,GPU-d59cb1c4-ad97-d91a-6731-e7b5f38951a6
2026-08-16 04:51:54.085329,49.0,7,1g.11gb,,,,580.173.02,GPU-d59cb1c4-ad97-d91a-6731-e7b5f38951a6
2026-08-16 04:51:54.085329,49.0,8,1g.11gb,yolo-inference-755b67b9bb-ttrzf,default,yolo,580.173.02,GPU-d59cb1c4-ad97-d91a-6731-e7b5f38951a6
2026-08-16 04:51:54.085329,49.0,9,1g.11gb,yolo-inference-755b67b9bb-pwhtx,default,yolo,580.173.02,GPU-d59cb1c4-ad97-d91a-6731-e7b5f38951a6
2026-08-16 04:51:59.086817,49.0,10,1g.11gb,yolo-inference-755b67b9bb-sf8hz,default,yolo,580.173.02,GPU-d59cb1c4-ad97-d91a-6731-e7b5f38951a6
2026-08-16 04:51:59.086817,49.0,11,1g.11gb,yolo-inference-755b67b9bb-mdq5n,default,yolo,580.173.02,GPU-d59cb1c4-ad97-d91a-6731-e7b5f38951a6
2026-08-16 04:51:59.086817,49.0,12,1g.11gb,yolo-inference-755b67b9bb-l2sjx,default,yolo,580.173.02,GPU-d59cb1c4-ad97-d91a-6731-e7b5f38951a6
2026-08-16 04:51:59.086817,49.0,13,1g.11gb,yolo-inference-755b67b9bb-vgskt,default,yolo,580.173.02,GPU-d59cb1c4-ad97-d91a-6731-e7b5f38951a6
2026-08-16 04:51:59.086817,49.0,7,1g.11gb,,,,580.173.02,GPU-d59cb1c4-ad97-d91a-6731-e7b5f38951a6
2026-08-16 04:51:59.086817,49.0,8,1g.11gb,yolo-inference-755b67b9bb-ttrzf,default,yolo,580.173.02,GPU-d59cb1c4-ad97-d91a-6731-e7b5f38951a6
2026-08-16 04:51:59.086817,49.0,9,1g.11gb,yolo-inference-755b67b9bb-pwhtx,default,yolo,580.173.02,GPU-d59cb1c4-ad97-d91a-6731-e7b5f38951a6
2026-08-16 04:52:04.084199,49.0,10,1g.11gb,yolo-inference-755b67b9bb-sf8hz,default,yolo,580.173.02,GPU-d59cb1c4-ad97-d91a-6731-e7b5f38951a6
2026-08-16 04:52:04.084199,49.0,11,1g.11gb,yolo-inference-755b67b9bb-mdq5n,default,yolo,580.173.02,GPU-d59cb1c4-ad97-d91a-6731-e7b5f38951a6
2026-08-16 04:52:04.084199,49.0,12,1g.11gb,yolo-inference-755b67b9bb-l2sjx,default,yolo,580.173.02,GPU-d59cb1c4-ad97-d91a-6731-e7b5f38951a6
2026-08-16 04:52:04.084199,49.0,13,1g.11gb,yolo-inference-755b67b9bb-vgskt,default,yolo,580.173.02,GPU-d59cb1c4-ad97-d91a-6731-e7b5f38951a6
2026-08-16 04:52:04.084199,49.0,7,1g.11gb,,,,580.173.02,GPU-d59cb1c4-ad97-d91a-6731-e7b5f38951a6
2026-08-16 04:52:04.084199,49.0,8,1g.11gb,yolo-inference-755b67b9bb-ttrzf,default,yolo,580.173.02,GPU-d59cb1c4-ad97-d91a-6731-e7b5f38951a6
2026-08-16 04:52:04.084199,49.0,9,1g.11gb,yolo-inference-755b67b9bb-pwhtx,default,yolo,580.173.02,GPU-d59cb1c4-ad97-d91a-6731-e7b5f38951a6
2026-08-16 04:52:09.088033,49.0,10,1g.11gb,yolo-inference-755b67b9bb-sf8hz,default,yolo,580.173.02,GPU-d59cb1c4-ad97-d91a-6731-e7b5f38951a6
2026-08-16 04:52:09.088033,49.0,11,1g.11gb,yolo-inference-755b67b9bb-mdq5n,default,yolo,580.173.02,GPU-d59cb1c4-ad97-d91a-6731-e7b5f38951a6
2026-08-16 04:52:09.088033,49.0,12,1g.11gb,yolo-inference-755b67b9bb-l2sjx,default,yolo,580.173.02,GPU-d59cb1c4-ad97-d91a-6731-e7b5f38951a6
2026-08-16 04:52:09.088033,49.0,13,1g.11gb,yolo-inference-755b67b9bb-vgskt,default,yolo,580.173.02,GPU-d59cb1c4-ad97-d91a-6731-e7b5f38951a6
2026-08-16 04:52:09.088033,49.0,7,1g.11gb,,,,580.173.02,GPU-d59cb1c4-ad97-d91a-6731-e7b5f38951a6
2026-08-16 04:52:09.088033,49.0,8,1g.11gb,yolo-inference-755b67b9bb-ttrzf,default,yolo,580.173.02,GPU-d59cb1c4-ad97-d91a-6731-e7b5f38951a6
2026-08-16 04:52:09.088033,49.0,9,1g.11gb,yolo-inference-755b67b9bb-pwhtx,default,yolo,580.173.02,GPU-d59cb1c4-ad97-d91a-6731-e7b5f38951a6
2026-08-16 04:52:14.088020,49.0,10,1g.11gb,yolo-inference-755b67b9bb-sf8hz,default,yolo,580.173.02,GPU-d59cb1c4-ad97-d91a-6731-e7b5f38951a6
2026-08-16 04:52:14.088020,49.0,11,1g.11gb,yolo-inference-755b67b9bb-mdq5n,default,yolo,580.173.02,GPU-d59cb1c4-ad97-d91a-6731-e7b5f38951a6
2026-08-16 04:52:14.088020,49.0,12,1g.11gb,yolo-inference-755b67b9bb-l2sjx,default,yolo,580.173.02,GPU-d59cb1c4-ad97-d91a-6731-e7b5f38951a6
2026-08-16 04:52:14.088020,49.0,13,1g.11gb,yolo-inference-755b67b9bb-vgskt,default,yolo,580.173.02,GPU-d59cb1c4-ad97-d91a-6731-e7b5f38951a6
2026-08-16 04:52:14.088020,49.0,7,1g.11gb,,,,580.173.02,GPU-d59cb1c4-ad97-d91a-6731-e7b5f38951a6
2026-08-16 04:52:14.088020,49.0,8,1g.11gb,yolo-inference-755b67b9bb-ttrzf,default,yolo,580.173.02,GPU-d59cb1c4-ad97-d91a-6731-e7b5f38951a6
2026-08-16 04:52:14.088020,49.0,9,1g.11gb,yolo-inference-755b67b9bb-pwhtx,default,yolo,580.173.02,GPU-d59cb1c4-ad97-d91a-6731-e7b5f38951a6
2026-08-16 04:52:19.085683,49.0,10,1g.11gb,yolo-inference-755b67b9bb-sf8hz,default,yolo,580.173.02,GPU-d59cb1c4-ad97-d91a-6731-e7b5f38951a6
2026-08-16 04:52:19.085683,49.0,11,1g.11gb,yolo-inference-755b67b9bb-mdq5n,default,yolo,580.173.02,GPU-d59cb1c4-ad97-d91a-6731-e7b5f38951a6
2026-08-16 04:52:19.085683,49.0,12,1g.11gb,yolo-inference-755b67b9bb-l2sjx,default,yolo,580.173.02,GPU-d59cb1c4-ad97-d91a-6731-e7b5f38951a6
2026-08-16 04:52:19.085683,49.0,13,1g.11gb,yolo-inference-755b67b9bb-vgskt,default,yolo,580.173.02,GPU-d59cb1c4-ad97-d91a-6731-e7b5f38951a6
2026-08-16 04:52:19.085683,49.0,7,1g.11gb,,,,580.173.02,GPU-d59cb1c4-ad97-d91a-6731-e7b5f38951a6
2026-08-16 04:52:19.085683,49.0,8,1g.11gb,yolo-inference-755b67b9bb-ttrzf,default,yolo,580.173.02,GPU-d59cb1c4-ad97-d91a-6731-e7b5f38951a6
2026-08-16 04:52:19.085683,49.0,9,1g.11gb,yolo-inference-755b67b9bb-pwhtx,default,yolo,580.173.02,GPU-d59cb1c4-ad97-d91a-6731-e7b5f38951a6
2026-08-16 04:52:24.088050,49.0,10,1g.11gb,yolo-inference-755b67b9bb-sf8hz,default,yolo,580.173.02,GPU-d59cb1c4-ad97-d91a-6731-e7b5f38951a6
2026-08-16 04:52:24.088050,49.0,11,1g.11gb,yolo-inference-755b67b9bb-mdq5n,default,yolo,580.173.02,GPU-d59cb1c4-ad97-d91a-6731-e7b5f38951a6
2026-08-16 04:52:24.088050,49.0,12,1g.11gb,yolo-inference-755b67b9bb-l2sjx,default,yolo,580.173.02,GPU-d59cb1c4-ad97-d91a-6731-e7b5f38951a6
2026-08-16 04:52:24.088050,49.0,13,1g.11gb,yolo-inference-755b67b9bb-vgskt,default,yolo,580.173.02,GPU-d59cb1c4-ad97-d91a-6731-e7b5f38951a6
2026-08-16 04:52:24.088050,49.0,7,1g.11gb,,,,580.173.02,GPU-d59cb1c4-ad97-d91a-6731-e7b5f38951a6
2026-08-16 04:52:24.088050,49.0,8,1g.11gb,yolo-inference-755b67b9bb-ttrzf,default,yolo,580.173.02,GPU-d59cb1c4-ad97-d91a-6731-e7b5f38951a6
2026-08-16 04:52:24.088050,49.0,9,1g.11gb,yolo-inference-755b67b9bb-pwhtx,default,yolo,580.173.02,GPU-d59cb1c4-ad97-d91a-6731-e7b5f38951a6
2026-08-16 04:52:29.086165,49.0,10,1g.11gb,yolo-inference-755b67b9bb-sf8hz,default,yolo,580.173.02,GPU-d59cb1c4-ad97-d91a-6731-e7b5f38951a6
2026-08-16 04:52:29.086165,49.0,11,1g.11gb,yolo-inference-755b67b9bb-mdq5n,default,yolo,580.173.02,GPU-d59cb1c4-ad97-d91a-6731-e7b5f38951a6
2026-08-16 04:52:29.086165,49.0,12,1g.11gb,yolo-inference-755b67b9bb-l2sjx,default,yolo,580.173.02,GPU-d59cb1c4-ad97-d91a-6731-e7b5f38951a6
2026-08-16 04:52:29.086165,49.0,13,1g.11gb,yolo-inference-755b67b9bb-vgskt,default,yolo,580.173.02,GPU-d59cb1c4-ad97-d91a-6731-e7b5f38951a6
2026-08-16 04:52:29.086165,49.0,7,1g.11gb,,,,580.173.02,GPU-d59cb1c4-ad97-d91a-6731-e7b5f38951a6
2026-08-16 04:52:29.086165,49.0,8,1g.11gb,yolo-inference-755b67b9bb-ttrzf,default,yolo,580.173.02,GPU-d59cb1c4-ad97-d91a-6731-e7b5f38951a6
2026-08-16 04:52:29.086165,49.0,9,1g.11gb,yolo-inference-755b67b9bb-pwhtx,default,yolo,580.173.02,GPU-d59cb1c4-ad97-d91a-6731-e7b5f38951a6
2026-08-16 04:52:34.088034,49.0,10,1g.11gb,yolo-inference-755b67b9bb-sf8hz,default,yolo,580.173.02,GPU-d59cb1c4-ad97-d91a-6731-e7b5f38951a6
2026-08-16 04:52:34.088034,49.0,11,1g.11gb,yolo-inference-755b67b9bb-mdq5n,default,yolo,580.173.02,GPU-d59cb1c4-ad97-d91a-6731-e7b5f38951a6
2026-08-16 04:52:34.088034,49.0,12,1g.11gb,yolo-inference-755b67b9bb-l2sjx,default,yolo,580.173.02,GPU-d59cb1c4-ad97-d91a-6731-e7b5f38951a6
2026-08-16 04:52:34.088034,49.0,13,1g.11gb,yolo-inference-755b67b9bb-vgskt,default,yolo,580.173.02,GPU-d59cb1c4-ad97-d91a-6731-e7b5f38951a6
2026-08-16 04:52:34.088034,49.0,7,1g.11gb,,,,580.173.02,GPU-d59cb1c4-ad97-d91a-6731-e7b5f38951a6
2026-08-16 04:52:34.088034,49.0,8,1g.11gb,yolo-inference-755b67b9bb-ttrzf,default,yolo,580.173.02,GPU-d59cb1c4-ad97-d91a-6731-e7b5f38951a6
2026-08-16 04:52:34.088034,49.0,9,1g.11gb,yolo-inference-755b67b9bb-pwhtx,default,yolo,580.173.02,GPU-d59cb1c4-ad97-d91a-6731-e7b5f38951a6
2026-08-16 04:52:39.083951,49.0,10,1g.11gb,yolo-inference-755b67b9bb-sf8hz,default,yolo,580.173.02,GPU-d59cb1c4-ad97-d91a-6731-e7b5f38951a6
2026-08-16 04:52:39.083951,49.0,11,1g.11gb,yolo-inference-755b67b9bb-mdq5n,default,yolo,580.173.02,GPU-d59cb1c4-ad97-d91a-6731-e7b5f38951a6
2026-08-16 04:52:39.083951,49.0,12,1g.11gb,yolo-inference-755b67b9bb-l2sjx,default,yolo,580.173.02,GPU-d59cb1c4-ad97-d91a-6731-e7b5f38951a6
2026-08-16 04:52:39.083951,49.0,13,1g.11gb,yolo-inference-755b67b9bb-vgskt,default,yolo,580.173.02,GPU-d59cb1c4-ad97-d91a-6731-e7b5f38951a6
2026-08-16 04:52:39.083951,49.0,7,1g.11gb,,,,580.173.02,GPU-d59cb1c4-ad97-d91a-6731-e7b5f38951a6
2026-08-16 04:52:39.083951,49.0,8,1g.11gb,yolo-inference-755b67b9bb-ttrzf,default,yolo,580.173.02,GPU-d59cb1c4-ad97-d91a-6731-e7b5f38951a6
2026-08-16 04:52:39.083951,49.0,9,1g.11gb,yolo-inference-755b67b9bb-pwhtx,default,yolo,580.173.02,GPU-d59cb1c4-ad97-d91a-6731-e7b5f38951a6
2026-08-16 04:52:44.087876,49.0,10,1g.11gb,yolo-inference-755b67b9bb-sf8hz,default,yolo,580.173.02,GPU-d59cb1c4-ad97-d91a-6731-e7b5f38951a6
2026-08-16 04:52:44.087876,49.0,11,1g.11gb,yolo-inference-755b67b9bb-mdq5n,default,yolo,580.173.02,GPU-d59cb1c4-ad97-d91a-6731-e7b5f38951a6
2026-08-16 04:52:44.087876,49.0,12,1g.11gb,yolo-inference-755b67b9bb-l2sjx,default,yolo,580.173.02,GPU-d59cb1c4-ad97-d91a-6731-e7b5f38951a6
2026-08-16 04:52:44.087876,49.0,13,1g.11gb,yolo-inference-755b67b9bb-vgskt,default,yolo,580.173.02,GPU-d59cb1c4-ad97-d91a-6731-e7b5f38951a6
2026-08-16 04:52:44.087876,49.0,7,1g.11gb,,,,580.173.02,GPU-d59cb1c4-ad97-d91a-6731-e7b5f38951a6
2026-08-16 04:52:44.087876,49.0,8,1g.11gb,yolo-inference-755b67b9bb-ttrzf,default,yolo,580.173.02,GPU-d59cb1c4-ad97-d91a-6731-e7b5f38951a6
2026-08-16 04:52:44.087876,49.0,9,1g.11gb,yolo-inference-755b67b9bb-pwhtx,default,yolo,580.173.02,GPU-d59cb1c4-ad97-d91a-6731-e7b5f38951a6
2026-08-16 04:52:49.087132,49.0,10,1g.11gb,yolo-inference-755b67b9bb-sf8hz,default,yolo,580.173.02,GPU-d59cb1c4-ad97-d91a-6731-e7b5f38951a6
2026-08-16 04:52:49.087132,49.0,11,1g.11gb,yolo-inference-755b67b9bb-mdq5n,default,yolo,580.173.02,GPU-d59cb1c4-ad97-d91a-6731-e7b5f38951a6
2026-08-16 04:52:49.087132,49.0,12,1g.11gb,yolo-inference-755b67b9bb-l2sjx,default,yolo,580.173.02,GPU-d59cb1c4-ad97-d91a-6731-e7b5f38951a6
2026-08-16 04:52:49.087132,49.0,13,1g.11gb,yolo-inference-755b67b9bb-vgskt,default,yolo,580.173.02,GPU-d59cb1c4-ad97-d91a-6731-e7b5f38951a6
2026-08-16 04:52:49.087132,49.0,7,1g.11gb,,,,580.173.02,GPU-d59cb1c4-ad97-d91a-6731-e7b5f38951a6
2026-08-16 04:52:49.087132,49.0,8,1g.11gb,yolo-inference-755b67b9bb-ttrzf,default,yolo,580.173.02,GPU-d59cb1c4-ad97-d91a-6731-e7b5f38951a6
2026-08-16 04:52:49.087132,49.0,9,1g.11gb,yolo-inference-755b67b9bb-pwhtx,default,yolo,580.173.02,GPU-d59cb1c4-ad97-d91a-6731-e7b5f38951a6
2026-08-16 04:52:54.087882,49.0,10,1g.11gb,yolo-inference-755b67b9bb-sf8hz,default,yolo,580.173.02,GPU-d59cb1c4-ad97-d91a-6731-e7b5f38951a6
2026-08-16 04:52:54.087882,49.0,11,1g.11gb,yolo-inference-755b67b9bb-mdq5n,default,yolo,580.173.02,GPU-d59cb1c4-ad97-d91a-6731-e7b5f38951a6
2026-08-16 04:52:54.087882,49.0,12,1g.11gb,yolo-inference-755b67b9bb-l2sjx,default,yolo,580.173.02,GPU-d59cb1c4-ad97-d91a-6731-e7b5f38951a6
2026-08-16 04:52:54.087882,49.0,13,1g.11gb,yolo-inference-755b67b9bb-vgskt,default,yolo,580.173.02,GPU-d59cb1c4-ad97-d91a-6731-e7b5f38951a6
2026-08-16 04:52:54.087882,49.0,7,1g.11gb,,,,580.173.02,GPU-d59cb1c4-ad97-d91a-6731-e7b5f38951a6
2026-08-16 04:52:54.087882,49.0,8,1g.11gb,yolo-inference-755b67b9bb-ttrzf,default,yolo,580.173.02,GPU-d59cb1c4-ad97-d91a-6731-e7b5f38951a6
2026-08-16 04:52:54.087882,49.0,9,1g.11gb,yolo-inference-755b67b9bb-pwhtx,default,yolo,580.173.02,GPU-d59cb1c4-ad97-d91a-6731-e7b5f38951a6
2026-08-16 04:52:59.088056,49.0,10,1g.11gb,yolo-inference-755b67b9bb-sf8hz,default,yolo,580.173.02,GPU-d59cb1c4-ad97-d91a-6731-e7b5f38951a6
2026-08-16 04:52:59.088056,49.0,11,1g.11gb,yolo-inference-755b67b9bb-mdq5n,default,yolo,580.173.02,GPU-d59cb1c4-ad97-d91a-6731-e7b5f38951a6
2026-08-16 04:52:59.088056,49.0,12,1g.11gb,yolo-inference-755b67b9bb-l2sjx,default,yolo,580.173.02,GPU-d59cb1c4-ad97-d91a-6731-e7b5f38951a6
2026-08-16 04:52:59.088056,49.0,13,1g.11gb,yolo-inference-755b67b9bb-vgskt,default,yolo,580.173.02,GPU-d59cb1c4-ad97-d91a-6731-e7b5f38951a6
2026-08-16 04:52:59.088056,49.0,7,1g.11gb,,,,580.173.02,GPU-d59cb1c4-ad97-d91a-6731-e7b5f38951a6
2026-08-16 04:52:59.088056,49.0,8,1g.11gb,yolo-inference-755b67b9bb-ttrzf,default,yolo,580.173.02,GPU-d59cb1c4-ad97-d91a-6731-e7b5f38951a6
2026-08-16 04:52:59.088056,49.0,9,1g.11gb,yolo-inference-755b67b9bb-pwhtx,default,yolo,580.173.02,GPU-d59cb1c4-ad97-d91a-6731-e7b5f38951a6
2026-08-16 04:53:04.088031,49.0,10,1g.11gb,yolo-inference-755b67b9bb-sf8hz,default,yolo,580.173.02,GPU-d59cb1c4-ad97-d91a-6731-e7b5f38951a6
2026-08-16 04:53:04.088031,49.0,11,1g.11gb,yolo-inference-755b67b9bb-mdq5n,default,yolo,580.173.02,GPU-d59cb1c4-ad97-d91a-6731-e7b5f38951a6
2026-08-16 04:53:04.088031,49.0,12,1g.11gb,yolo-inference-755b67b9bb-l2sjx,default,yolo,580.173.02,GPU-d59cb1c4-ad97-d91a-6731-e7b5f38951a6
2026-08-16 04:53:04.088031,49.0,13,1g.11gb,yolo-inference-755b67b9bb-vgskt,default,yolo,580.173.02,GPU-d59cb1c4-ad97-d91a-6731-e7b5f38951a6
2026-08-16 04:53:04.088031,49.0,7,1g.11gb,,,,580.173.02,GPU-d59cb1c4-ad97-d91a-6731-e7b5f38951a6
2026-08-16 04:53:04.088031,49.0,8,1g.11gb,yolo-inference-755b67b9bb-ttrzf,default,yolo,580.173.02,GPU-d59cb1c4-ad97-d91a-6731-e7b5f38951a6
2026-08-16 04:53:04.088031,49.0,9,1g.11gb,yolo-inference-755b67b9bb-pwhtx,default,yolo,580.173.02,GPU-d59cb1c4-ad97-d91a-6731-e7b5f38951a6
2026-08-16 04:53:09.088023,49.0,10,1g.11gb,yolo-inference-755b67b9bb-sf8hz,default,yolo,580.173.02,GPU-d59cb1c4-ad97-d91a-6731-e7b5f38951a6
2026-08-16 04:53:09.088023,49.0,11,1g.11gb,yolo-inference-755b67b9bb-mdq5n,default,yolo,580.173.02,GPU-d59cb1c4-ad97-d91a-6731-e7b5f38951a6
2026-08-16 04:53:09.088023,49.0,12,1g.11gb,yolo-inference-755b67b9bb-l2sjx,default,yolo,580.173.02,GPU-d59cb1c4-ad97-d91a-6731-e7b5f38951a6
2026-08-16 04:53:09.088023,49.0,13,1g.11gb,yolo-inference-755b67b9bb-vgskt,default,yolo,580.173.02,GPU-d59cb1c4-ad97-d91a-6731-e7b5f38951a6
2026-08-16 04:53:09.088023,49.0,7,1g.11gb,,,,580.173.02,GPU-d59cb1c4-ad97-d91a-6731-e7b5f38951a6
2026-08-16 04:53:09.088023,49.0,8,1g.11gb,yolo-inference-755b67b9bb-ttrzf,default,yolo,580.173.02,GPU-d59cb1c4-ad97-d91a-6731-e7b5f38951a6
2026-08-16 04:53:09.088023,49.0,9,1g.11gb,yolo-inference-755b67b9bb-pwhtx,default,yolo,580.173.02,GPU-d59cb1c4-ad97-d91a-6731-e7b5f38951a6
2026-08-16 04:53:14.088033,49.0,10,1g.11gb,yolo-inference-755b67b9bb-sf8hz,default,yolo,580.173.02,GPU-d59cb1c4-ad97-d91a-6731-e7b5f38951a6
2026-08-16 04:53:14.088033,49.0,11,1g.11gb,yolo-inference-755b67b9bb-mdq5n,default,yolo,580.173.02,GPU-d59cb1c4-ad97-d91a-6731-e7b5f38951a6
2026-08-16 04:53:14.088033,49.0,12,1g.11gb,yolo-inference-755b67b9bb-l2sjx,default,yolo,580.173.02,GPU-d59cb1c4-ad97-d91a-6731-e7b5f38951a6
2026-08-16 04:53:14.088033,49.0,13,1g.11gb,yolo-inference-755b67b9bb-vgskt,default,yolo,580.173.02,GPU-d59cb1c4-ad97-d91a-6731-e7b5f38951a6
2026-08-16 04:53:14.088033,49.0,7,1g.11gb,,,,580.173.02,GPU-d59cb1c4-ad97-d91a-6731-e7b5f38951a6
2026-08-16 04:53:14.088033,49.0,8,1g.11gb,yolo-inference-755b67b9bb-ttrzf,default,yolo,580.173.02,GPU-d59cb1c4-ad97-d91a-6731-e7b5f38951a6
2026-08-16 04:53:14.088033,49.0,9,1g.11gb,yolo-inference-755b67b9bb-pwhtx,default,yolo,580.173.02,GPU-d59cb1c4-ad97-d91a-6731-e7b5f38951a6
2026-08-16 04:53:19.088098,49.0,10,1g.11gb,yolo-inference-755b67b9bb-sf8hz,default,yolo,580.173.02,GPU-d59cb1c4-ad97-d91a-6731-e7b5f38951a6
2026-08-16 04:53:19.088098,49.0,11,1g.11gb,yolo-inference-755b67b9bb-mdq5n,default,yolo,580.173.02,GPU-d59cb1c4-ad97-d91a-6731-e7b5f38951a6
2026-08-16 04:53:19.088098,49.0,12,1g.11gb,yolo-inference-755b67b9bb-l2sjx,default,yolo,580.173.02,GPU-d59cb1c4-ad97-d91a-6731-e7b5f38951a6
2026-08-16 04:53:19.088098,49.0,13,1g.11gb,yolo-inference-755b67b9bb-vgskt,default,yolo,580.173.02,GPU-d59cb1c4-ad97-d91a-6731-e7b5f38951a6
2026-08-16 04:53:19.088098,49.0,7,1g.11gb,,,,580.173.02,GPU-d59cb1c4-ad97-d91a-6731-e7b5f38951a6
2026-08-16 04:53:19.088098,49.0,8,1g.11gb,yolo-inference-755b67b9bb-ttrzf,default,yolo,580.173.02,GPU-d59cb1c4-ad97-d91a-6731-e7b5f38951a6
2026-08-16 04:53:19.088098,49.0,9,1g.11gb,yolo-inference-755b67b9bb-pwhtx,default,yolo,580.173.02,GPU-d59cb1c4-ad97-d91a-6731-e7b5f38951a6
2026-08-16 04:53:24.086258,49.0,10,1g.11gb,yolo-inference-755b67b9bb-sf8hz,default,yolo,580.173.02,GPU-d59cb1c4-ad97-d91a-6731-e7b5f38951a6
2026-08-16 04:53:24.086258,49.0,11,1g.11gb,yolo-inference-755b67b9bb-mdq5n,default,yolo,580.173.02,GPU-d59cb1c4-ad97-d91a-6731-e7b5f38951a6
2026-08-16 04:53:24.086258,49.0,12,1g.11gb,yolo-inference-755b67b9bb-l2sjx,default,yolo,580.173.02,GPU-d59cb1c4-ad97-d91a-6731-e7b5f38951a6
2026-08-16 04:53:24.086258,49.0,13,1g.11gb,yolo-inference-755b67b9bb-vgskt,default,yolo,580.173.02,GPU-d59cb1c4-ad97-d91a-6731-e7b5f38951a6
2026-08-16 04:53:24.086258,49.0,7,1g.11gb,,,,580.173.02,GPU-d59cb1c4-ad97-d91a-6731-e7b5f38951a6
2026-08-16 04:53:24.086258,49.0,8,1g.11gb,yolo-inference-755b67b9bb-ttrzf,default,yolo,580.173.02,GPU-d59cb1c4-ad97-d91a-6731-e7b5f38951a6
2026-08-16 04:53:24.086258,49.0,9,1g.11gb,yolo-inference-755b67b9bb-pwhtx,default,yolo,580.173.02,GPU-d59cb1c4-ad97-d91a-6731-e7b5f38951a6
2026-08-16 04:53:29.088056,49.0,10,1g.11gb,yolo-inference-755b67b9bb-sf8hz,default,yolo,580.173.02,GPU-d59cb1c4-ad97-d91a-6731-e7b5f38951a6
2026-08-16 04:53:29.088056,49.0,11,1g.11gb,yolo-inference-755b67b9bb-mdq5n,default,yolo,580.173.02,GPU-d59cb1c4-ad97-d91a-6731-e7b5f38951a6
2026-08-16 04:53:29.088056,49.0,12,1g.11gb,yolo-inference-755b67b9bb-l2sjx,default,yolo,580.173.02,GPU-d59cb1c4-ad97-d91a-6731-e7b5f38951a6
2026-08-16 04:53:29.088056,49.0,13,1g.11gb,yolo-inference-755b67b9bb-vgskt,default,yolo,580.173.02,GPU-d59cb1c4-ad97-d91a-6731-e7b5f38951a6
2026-08-16 04:53:29.088056,49.0,7,1g.11gb,,,,580.173.02,GPU-d59cb1c4-ad97-d91a-6731-e7b5f38951a6
2026-08-16 04:53:29.088056,49.0,8,1g.11gb,yolo-inference-755b67b9bb-ttrzf,default,yolo,580.173.02,GPU-d59cb1c4-ad97-d91a-6731-e7b5f38951a6
2026-08-16 04:53:29.088056,49.0,9,1g.11gb,yolo-inference-755b67b9bb-pwhtx,default,yolo,580.173.02,GPU-d59cb1c4-ad97-d91a-6731-e7b5f38951a6
2026-08-16 04:53:34.088065,49.0,10,1g.11gb,yolo-inference-755b67b9bb-sf8hz,default,yolo,580.173.02,GPU-d59cb1c4-ad97-d91a-6731-e7b5f38951a6
2026-08-16 04:53:34.088065,49.0,11,1g.11gb,yolo-inference-755b67b9bb-mdq5n,default,yolo,580.173.02,GPU-d59cb1c4-ad97-d91a-6731-e7b5f38951a6
2026-08-16 04:53:34.088065,49.0,12,1g.11gb,yolo-inference-755b67b9bb-l2sjx,default,yolo,580.173.02,GPU-d59cb1c4-ad97-d91a-6731-e7b5f38951a6
2026-08-16 04:53:34.088065,49.0,13,1g.11gb,yolo-inference-755b67b9bb-vgskt,default,yolo,580.173.02,GPU-d59cb1c4-ad97-d91a-6731-e7b5f38951a6
2026-08-16 04:53:34.088065,49.0,7,1g.11gb,,,,580.173.02,GPU-d59cb1c4-ad97-d91a-6731-e7b5f38951a6
2026-08-16 04:53:34.088065,49.0,8,1g.11gb,yolo-inference-755b67b9bb-ttrzf,default,yolo,580.173.02,GPU-d59cb1c4-ad97-d91a-6731-e7b5f38951a6
2026-08-16 04:53:34.088065,49.0,9,1g.11gb,yolo-inference-755b67b9bb-pwhtx,default,yolo,580.173.02,GPU-d59cb1c4-ad97-d91a-6731-e7b5f38951a6
2026-08-16 04:53:39.088036,49.0,10,1g.11gb,yolo-inference-755b67b9bb-sf8hz,default,yolo,580.173.02,GPU-d59cb1c4-ad97-d91a-6731-e7b5f38951a6
2026-08-16 04:53:39.088036,49.0,11,1g.11gb,yolo-inference-755b67b9bb-mdq5n,default,yolo,580.173.02,GPU-d59cb1c4-ad97-d91a-6731-e7b5f38951a6
2026-08-16 04:53:39.088036,49.0,12,1g.11gb,yolo-inference-755b67b9bb-l2sjx,default,yolo,580.173.02,GPU-d59cb1c4-ad97-d91a-6731-e7b5f38951a6
2026-08-16 04:53:39.088036,49.0,13,1g.11gb,yolo-inference-755b67b9bb-vgskt,default,yolo,580.173.02,GPU-d59cb1c4-ad97-d91a-6731-e7b5f38951a6
2026-08-16 04:53:39.088036,49.0,7,1g.11gb,,,,580.173.02,GPU-d59cb1c4-ad97-d91a-6731-e7b5f38951a6
2026-08-16 04:53:39.088036,49.0,8,1g.11gb,yolo-inference-755b67b9bb-ttrzf,default,yolo,580.173.02,GPU-d59cb1c4-ad97-d91a-6731-e7b5f38951a6
2026-08-16 04:53:39.088036,49.0,9,1g.11gb,yolo-inference-755b67b9bb-pwhtx,default,yolo,580.173.02,GPU-d59cb1c4-ad97-d91a-6731-e7b5f38951a6
2026-08-16 04:53:44.088027,49.0,10,1g.11gb,yolo-inference-755b67b9bb-sf8hz,default,yolo,580.173.02,GPU-d59cb1c4-ad97-d91a-6731-e7b5f38951a6
2026-08-16 04:53:44.088027,49.0,11,1g.11gb,yolo-inference-755b67b9bb-mdq5n,default,yolo,580.173.02,GPU-d59cb1c4-ad97-d91a-6731-e7b5f38951a6
2026-08-16 04:53:44.088027,49.0,12,1g.11gb,yolo-inference-755b67b9bb-l2sjx,default,yolo,580.173.02,GPU-d59cb1c4-ad97-d91a-6731-e7b5f38951a6
2026-08-16 04:53:44.088027,49.0,13,1g.11gb,yolo-inference-755b67b9bb-vgskt,default,yolo,580.173.02,GPU-d59cb1c4-ad97-d91a-6731-e7b5f38951a6
2026-08-16 04:53:44.088027,49.0,7,1g.11gb,,,,580.173.02,GPU-d59cb1c4-ad97-d91a-6731-e7b5f38951a6
2026-08-16 04:53:44.088027,49.0,8,1g.11gb,yolo-inference-755b67b9bb-ttrzf,default,yolo,580.173.02,GPU-d59cb1c4-ad97-d91a-6731-e7b5f38951a6
2026-08-16 04:53:44.088027,49.0,9,1g.11gb,yolo-inference-755b67b9bb-pwhtx,default,yolo,580.173.02,GPU-d59cb1c4-ad97-d91a-6731-e7b5f38951a6
2026-08-16 04:53:49.083327,49.0,10,1g.11gb,yolo-inference-755b67b9bb-sf8hz,default,yolo,580.173.02,GPU-d59cb1c4-ad97-d91a-6731-e7b5f38951a6
2026-08-16 04:53:49.083327,49.0,11,1g.11gb,yolo-inference-755b67b9bb-mdq5n,default,yolo,580.173.02,GPU-d59cb1c4-ad97-d91a-6731-e7b5f38951a6
2026-08-16 04:53:49.083327,49.0,12,1g.11gb,yolo-inference-755b67b9bb-l2sjx,default,yolo,580.173.02,GPU-d59cb1c4-ad97-d91a-6731-e7b5f38951a6
2026-08-16 04:53:49.083327,49.0,13,1g.11gb,yolo-inference-755b67b9bb-vgskt,default,yolo,580.173.02,GPU-d59cb1c4-ad97-d91a-6731-e7b5f38951a6
2026-08-16 04:53:49.083327,49.0,7,1g.11gb,,,,580.173.02,GPU-d59cb1c4-ad97-d91a-6731-e7b5f38951a6
2026-08-16 04:53:49.083327,49.0,8,1g.11gb,yolo-inference-755b67b9bb-ttrzf,default,yolo,580.173.02,GPU-d59cb1c4-ad97-d91a-6731-e7b5f38951a6
2026-08-16 04:53:49.083327,49.0,9,1g.11gb,yolo-inference-755b67b9bb-pwhtx,default,yolo,580.173.02,GPU-d59cb1c4-ad97-d91a-6731-e7b5f38951a6
2026-08-16 04:53:54.083460,49.0,10,1g.11gb,yolo-inference-755b67b9bb-sf8hz,default,yolo,580.173.02,GPU-d59cb1c4-ad97-d91a-6731-e7b5f38951a6
2026-08-16 04:53:54.083460,49.0,11,1g.11gb,yolo-inference-755b67b9bb-mdq5n,default,yolo,580.173.02,GPU-d59cb1c4-ad97-d91a-6731-e7b5f38951a6
2026-08-16 04:53:54.083460,49.0,12,1g.11gb,yolo-inference-755b67b9bb-l2sjx,default,yolo,580.173.02,GPU-d59cb1c4-ad97-d91a-6731-e7b5f38951a6
2026-08-16 04:53:54.083460,49.0,13,1g.11gb,yolo-inference-755b67b9bb-vgskt,default,yolo,580.173.02,GPU-d59cb1c4-ad97-d91a-6731-e7b5f38951a6
2026-08-16 04:53:54.083460,49.0,7,1g.11gb,,,,580.173.02,GPU-d59cb1c4-ad97-d91a-6731-e7b5f38951a6
2026-08-16 04:53:54.083460,49.0,8,1g.11gb,yolo-inference-755b67b9bb-ttrzf,default,yolo,580.173.02,GPU-d59cb1c4-ad97-d91a-6731-e7b5f38951a6
2026-08-16 04:53:54.083460,49.0,9,1g.11gb,yolo-inference-755b67b9bb-pwhtx,default,yolo,580.173.02,GPU-d59cb1c4-ad97-d91a-6731-e7b5f38951a6
2026-08-16 04:53:59.088055,49.0,10,1g.11gb,yolo-inference-755b67b9bb-sf8hz,default,yolo,580.173.02,GPU-d59cb1c4-ad97-d91a-6731-e7b5f38951a6
2026-08-16 04:53:59.088055,49.0,11,1g.11gb,yolo-inference-755b67b9bb-mdq5n,default,yolo,580.173.02,GPU-d59cb1c4-ad97-d91a-6731-e7b5f38951a6
2026-08-16 04:53:59.088055,49.0,12,1g.11gb,yolo-inference-755b67b9bb-l2sjx,default,yolo,580.173.02,GPU-d59cb1c4-ad97-d91a-6731-e7b5f38951a6
2026-08-16 04:53:59.088055,49.0,13,1g.11gb,yolo-inference-755b67b9bb-vgskt,default,yolo,580.173.02,GPU-d59cb1c4-ad97-d91a-6731-e7b5f38951a6
2026-08-16 04:53:59.088055,49.0,7,1g.11gb,,,,580.173.02,GPU-d59cb1c4-ad97-d91a-6731-e7b5f38951a6
2026-08-16 04:53:59.088055,49.0,8,1g.11gb,yolo-inference-755b67b9bb-ttrzf,default,yolo,580.173.02,GPU-d59cb1c4-ad97-d91a-6731-e7b5f38951a6
2026-08-16 04:53:59.088055,49.0,9,1g.11gb,yolo-inference-755b67b9bb-pwhtx,default,yolo,580.173.02,GPU-d59cb1c4-ad97-d91a-6731-e7b5f38951a6
2026-08-16 04:54:04.088026,49.0,10,1g.11gb,yolo-inference-755b67b9bb-sf8hz,default,yolo,580.173.02,GPU-d59cb1c4-ad97-d91a-6731-e7b5f38951a6
2026-08-16 04:54:04.088026,49.0,11,1g.11gb,yolo-inference-755b67b9bb-mdq5n,default,yolo,580.173.02,GPU-d59cb1c4-ad97-d91a-6731-e7b5f38951a6
2026-08-16 04:54:04.088026,49.0,12,1g.11gb,yolo-inference-755b67b9bb-l2sjx,default,yolo,580.173.02,GPU-d59cb1c4-ad97-d91a-6731-e7b5f38951a6
2026-08-16 04:54:04.088026,49.0,13,1g.11gb,yolo-inference-755b67b9bb-vgskt,default,yolo,580.173.02,GPU-d59cb1c4-ad97-d91a-6731-e7b5f38951a6
2026-08-16 04:54:04.088026,49.0,7,1g.11gb,,,,580.173.02,GPU-d59cb1c4-ad97-d91a-6731-e7b5f38951a6
2026-08-16 04:54:04.088026,49.0,8,1g.11gb,yolo-inference-755b67b9bb-ttrzf,default,yolo,580.173.02,GPU-d59cb1c4-ad97-d91a-6731-e7b5f38951a6
2026-08-16 04:54:04.088026,49.0,9,1g.11gb,yolo-inference-755b67b9bb-pwhtx,default,yolo,580.173.02,GPU-d59cb1c4-ad97-d91a-6731-e7b5f38951a6
2026-08-16 04:54:09.087811,49.0,10,1g.11gb,yolo-inference-755b67b9bb-sf8hz,default,yolo,580.173.02,GPU-d59cb1c4-ad97-d91a-6731-e7b5f38951a6
2026-08-16 04:54:09.087811,49.0,11,1g.11gb,yolo-inference-755b67b9bb-mdq5n,default,yolo,580.173.02,GPU-d59cb1c4-ad97-d91a-6731-e7b5f38951a6
2026-08-16 04:54:09.087811,49.0,12,1g.11gb,yolo-inference-755b67b9bb-l2sjx,default,yolo,580.173.02,GPU-d59cb1c4-ad97-d91a-6731-e7b5f38951a6
2026-08-16 04:54:09.087811,49.0,13,1g.11gb,yolo-inference-755b67b9bb-vgskt,default,yolo,580.173.02,GPU-d59cb1c4-ad97-d91a-6731-e7b5f38951a6
2026-08-16 04:54:09.087811,49.0,7,1g.11gb,,,,580.173.02,GPU-d59cb1c4-ad97-d91a-6731-e7b5f38951a6
2026-08-16 04:54:09.087811,49.0,8,1g.11gb,yolo-inference-755b67b9bb-ttrzf,default,yolo,580.173.02,GPU-d59cb1c4-ad97-d91a-6731-e7b5f38951a6
2026-08-16 04:54:09.087811,49.0,9,1g.11gb,yolo-inference-755b67b9bb-pwhtx,default,yolo,580.173.02,GPU-d59cb1c4-ad97-d91a-6731-e7b5f38951a6
2026-08-16 04:54:14.088007,49.0,10,1g.11gb,yolo-inference-755b67b9bb-sf8hz,default,yolo,580.173.02,GPU-d59cb1c4-ad97-d91a-6731-e7b5f38951a6
2026-08-16 04:54:14.088007,49.0,11,1g.11gb,yolo-inference-755b67b9bb-mdq5n,default,yolo,580.173.02,GPU-d59cb1c4-ad97-d91a-6731-e7b5f38951a6
2026-08-16 04:54:14.088007,49.0,12,1g.11gb,yolo-inference-755b67b9bb-l2sjx,default,yolo,580.173.02,GPU-d59cb1c4-ad97-d91a-6731-e7b5f38951a6
2026-08-16 04:54:14.088007,49.0,13,1g.11gb,yolo-inference-755b67b9bb-vgskt,default,yolo,580.173.02,GPU-d59cb1c4-ad97-d91a-6731-e7b5f38951a6
2026-08-16 04:54:14.088007,49.0,7,1g.11gb,,,,580.173.02,GPU-d59cb1c4-ad97-d91a-6731-e7b5f38951a6
2026-08-16 04:54:14.088007,49.0,8,1g.11gb,yolo-inference-755b67b9bb-ttrzf,default,yolo,580.173.02,GPU-d59cb1c4-ad97-d91a-6731-e7b5f38951a6
2026-08-16 04:54:14.088007,49.0,9,1g.11gb,yolo-inference-755b67b9bb-pwhtx,default,yolo,580.173.02,GPU-d59cb1c4-ad97-d91a-6731-e7b5f38951a6
2026-08-16 04:54:19.087236,49.0,10,1g.11gb,yolo-inference-755b67b9bb-sf8hz,default,yolo,580.173.02,GPU-d59cb1c4-ad97-d91a-6731-e7b5f38951a6
2026-08-16 04:54:19.087236,49.0,11,1g.11gb,yolo-inference-755b67b9bb-mdq5n,default,yolo,580.173.02,GPU-d59cb1c4-ad97-d91a-6731-e7b5f38951a6
2026-08-16 04:54:19.087236,49.0,12,1g.11gb,yolo-inference-755b67b9bb-l2sjx,default,yolo,580.173.02,GPU-d59cb1c4-ad97-d91a-6731-e7b5f38951a6
2026-08-16 04:54:19.087236,49.0,13,1g.11gb,yolo-inference-755b67b9bb-vgskt,default,yolo,580.173.02,GPU-d59cb1c4-ad97-d91a-6731-e7b5f38951a6
2026-08-16 04:54:19.087236,49.0,7,1g.11gb,,,,580.173.02,GPU-d59cb1c4-ad97-d91a-6731-e7b5f38951a6
2026-08-16 04:54:19.087236,49.0,8,1g.11gb,yolo-inference-755b67b9bb-ttrzf,default,yolo,580.173.02,GPU-d59cb1c4-ad97-d91a-6731-e7b5f38951a6
2026-08-16 04:54:19.087236,49.0,9,1g.11gb,yolo-inference-755b67b9bb-pwhtx,default,yolo,580.173.02,GPU-d59cb1c4-ad97-d91a-6731-e7b5f38951a6
2026-08-16 04:54:24.088027,49.0,10,1g.11gb,yolo-inference-755b67b9bb-sf8hz,default,yolo,580.173.02,GPU-d59cb1c4-ad97-d91a-6731-e7b5f38951a6
2026-08-16 04:54:24.088027,50.0,11,1g.11gb,yolo-inference-755b67b9bb-mdq5n,default,yolo,580.173.02,GPU-d59cb1c4-ad97-d91a-6731-e7b5f38951a6
2026-08-16 04:54:24.088027,49.0,12,1g.11gb,yolo-inference-755b67b9bb-l2sjx,default,yolo,580.173.02,GPU-d59cb1c4-ad97-d91a-6731-e7b5f38951a6
2026-08-16 04:54:24.088027,50.0,13,1g.11gb,yolo-inference-755b67b9bb-vgskt,default,yolo,580.173.02,GPU-d59cb1c4-ad97-d91a-6731-e7b5f38951a6
2026-08-16 04:54:24.088027,49.0,7,1g.11gb,,,,580.173.02,GPU-d59cb1c4-ad97-d91a-6731-e7b5f38951a6
2026-08-16 04:54:24.088027,49.0,8,1g.11gb,yolo-inference-755b67b9bb-ttrzf,default,yolo,580.173.02,GPU-d59cb1c4-ad97-d91a-6731-e7b5f38951a6
2026-08-16 04:54:24.088027,49.0,9,1g.11gb,yolo-inference-755b67b9bb-pwhtx,default,yolo,580.173.02,GPU-d59cb1c4-ad97-d91a-6731-e7b5f38951a6
2026-08-16 04:54:29.088027,49.0,10,1g.11gb,yolo-inference-755b67b9bb-sf8hz,default,yolo,580.173.02,GPU-d59cb1c4-ad97-d91a-6731-e7b5f38951a6
2026-08-16 04:54:29.088027,50.0,11,1g.11gb,yolo-inference-755b67b9bb-mdq5n,default,yolo,580.173.02,GPU-d59cb1c4-ad97-d91a-6731-e7b5f38951a6
2026-08-16 04:54:29.088027,49.0,12,1g.11gb,yolo-inference-755b67b9bb-l2sjx,default,yolo,580.173.02,GPU-d59cb1c4-ad97-d91a-6731-e7b5f38951a6
2026-08-16 04:54:29.088027,50.0,13,1g.11gb,yolo-inference-755b67b9bb-vgskt,default,yolo,580.173.02,GPU-d59cb1c4-ad97-d91a-6731-e7b5f38951a6
2026-08-16 04:54:29.088027,49.0,7,1g.11gb,,,,580.173.02,GPU-d59cb1c4-ad97-d91a-6731-e7b5f38951a6
2026-08-16 04:54:29.088027,49.0,8,1g.11gb,yolo-inference-755b67b9bb-ttrzf,default,yolo,580.173.02,GPU-d59cb1c4-ad97-d91a-6731-e7b5f38951a6
2026-08-16 04:54:29.088027,49.0,9,1g.11gb,yolo-inference-755b67b9bb-pwhtx,default,yolo,580.173.02,GPU-d59cb1c4-ad97-d91a-6731-e7b5f38951a6
2026-08-16 04:54:34.088029,49.0,10,1g.11gb,yolo-inference-755b67b9bb-sf8hz,default,yolo,580.173.02,GPU-d59cb1c4-ad97-d91a-6731-e7b5f38951a6
2026-08-16 04:54:34.088029,50.0,11,1g.11gb,yolo-inference-755b67b9bb-mdq5n,default,yolo,580.173.02,GPU-d59cb1c4-ad97-d91a-6731-e7b5f38951a6
2026-08-16 04:54:34.088029,49.0,12,1g.11gb,yolo-inference-755b67b9bb-l2sjx,default,yolo,580.173.02,GPU-d59cb1c4-ad97-d91a-6731-e7b5f38951a6
2026-08-16 04:54:34.088029,50.0,13,1g.11gb,yolo-inference-755b67b9bb-vgskt,default,yolo,580.173.02,GPU-d59cb1c4-ad97-d91a-6731-e7b5f38951a6
2026-08-16 04:54:34.088029,49.0,7,1g.11gb,,,,580.173.02,GPU-d59cb1c4-ad97-d91a-6731-e7b5f38951a6
2026-08-16 04:54:34.088029,49.0,8,1g.11gb,yolo-inference-755b67b9bb-ttrzf,default,yolo,580.173.02,GPU-d59cb1c4-ad97-d91a-6731-e7b5f38951a6
2026-08-16 04:54:34.088029,49.0,9,1g.11gb,yolo-inference-755b67b9bb-pwhtx,default,yolo,580.173.02,GPU-d59cb1c4-ad97-d91a-6731-e7b5f38951a6
2026-08-16 04:54:39.088028,49.0,10,1g.11gb,yolo-inference-755b67b9bb-sf8hz,default,yolo,580.173.02,GPU-d59cb1c4-ad97-d91a-6731-e7b5f38951a6
2026-08-16 04:54:39.088028,50.0,11,1g.11gb,yolo-inference-755b67b9bb-mdq5n,default,yolo,580.173.02,GPU-d59cb1c4-ad97-d91a-6731-e7b5f38951a6
2026-08-16 04:54:39.088028,49.0,12,1g.11gb,yolo-inference-755b67b9bb-l2sjx,default,yolo,580.173.02,GPU-d59cb1c4-ad97-d91a-6731-e7b5f38951a6
2026-08-16 04:54:39.088028,50.0,13,1g.11gb,yolo-inference-755b67b9bb-vgskt,default,yolo,580.173.02,GPU-d59cb1c4-ad97-d91a-6731-e7b5f38951a6
2026-08-16 04:54:39.088028,49.0,7,1g.11gb,,,,580.173.02,GPU-d59cb1c4-ad97-d91a-6731-e7b5f38951a6
2026-08-16 04:54:39.088028,49.0,8,1g.11gb,yolo-inference-755b67b9bb-ttrzf,default,yolo,580.173.02,GPU-d59cb1c4-ad97-d91a-6731-e7b5f38951a6
2026-08-16 04:54:39.088028,49.0,9,1g.11gb,yolo-inference-755b67b9bb-pwhtx,default,yolo,580.173.02,GPU-d59cb1c4-ad97-d91a-6731-e7b5f38951a6
2026-08-16 04:54:44.088035,49.0,10,1g.11gb,yolo-inference-755b67b9bb-sf8hz,default,yolo,580.173.02,GPU-d59cb1c4-ad97-d91a-6731-e7b5f38951a6
2026-08-16 04:54:44.088035,50.0,11,1g.11gb,yolo-inference-755b67b9bb-mdq5n,default,yolo,580.173.02,GPU-d59cb1c4-ad97-d91a-6731-e7b5f38951a6
2026-08-16 04:54:44.088035,49.0,12,1g.11gb,yolo-inference-755b67b9bb-l2sjx,default,yolo,580.173.02,GPU-d59cb1c4-ad97-d91a-6731-e7b5f38951a6
2026-08-16 04:54:44.088035,50.0,13,1g.11gb,yolo-inference-755b67b9bb-vgskt,default,yolo,580.173.02,GPU-d59cb1c4-ad97-d91a-6731-e7b5f38951a6
2026-08-16 04:54:44.088035,49.0,7,1g.11gb,,,,580.173.02,GPU-d59cb1c4-ad97-d91a-6731-e7b5f38951a6
2026-08-16 04:54:44.088035,49.0,8,1g.11gb,yolo-inference-755b67b9bb-ttrzf,default,yolo,580.173.02,GPU-d59cb1c4-ad97-d91a-6731-e7b5f38951a6
2026-08-16 04:54:44.088035,49.0,9,1g.11gb,yolo-inference-755b67b9bb-pwhtx,default,yolo,580.173.02,GPU-d59cb1c4-ad97-d91a-6731-e7b5f38951a6
2026-08-16 04:54:49.086541,49.0,10,1g.11gb,yolo-inference-755b67b9bb-sf8hz,default,yolo,580.173.02,GPU-d59cb1c4-ad97-d91a-6731-e7b5f38951a6
2026-08-16 04:54:49.086541,50.0,11,1g.11gb,yolo-inference-755b67b9bb-mdq5n,default,yolo,580.173.02,GPU-d59cb1c4-ad97-d91a-6731-e7b5f38951a6
2026-08-16 04:54:49.086541,49.0,12,1g.11gb,yolo-inference-755b67b9bb-l2sjx,default,yolo,580.173.02,GPU-d59cb1c4-ad97-d91a-6731-e7b5f38951a6
2026-08-16 04:54:49.086541,50.0,13,1g.11gb,yolo-inference-755b67b9bb-vgskt,default,yolo,580.173.02,GPU-d59cb1c4-ad97-d91a-6731-e7b5f38951a6
2026-08-16 04:54:49.086541,50.0,7,1g.11gb,,,,580.173.02,GPU-d59cb1c4-ad97-d91a-6731-e7b5f38951a6
2026-08-16 04:54:49.086541,49.0,8,1g.11gb,yolo-inference-755b67b9bb-ttrzf,default,yolo,580.173.02,GPU-d59cb1c4-ad97-d91a-6731-e7b5f38951a6
2026-08-16 04:54:49.086541,49.0,9,1g.11gb,yolo-inference-755b67b9bb-pwhtx,default,yolo,580.173.02,GPU-d59cb1c4-ad97-d91a-6731-e7b5f38951a6
2026-08-16 04:54:54.088049,49.0,10,1g.11gb,yolo-inference-755b67b9bb-sf8hz,default,yolo,580.173.02,GPU-d59cb1c4-ad97-d91a-6731-e7b5f38951a6
2026-08-16 04:54:54.088049,49.0,11,1g.11gb,yolo-inference-755b67b9bb-mdq5n,default,yolo,580.173.02,GPU-d59cb1c4-ad97-d91a-6731-e7b5f38951a6
2026-08-16 04:54:54.088049,50.0,12,1g.11gb,yolo-inference-755b67b9bb-l2sjx,default,yolo,580.173.02,GPU-d59cb1c4-ad97-d91a-6731-e7b5f38951a6
2026-08-16 04:54:54.088049,49.0,13,1g.11gb,yolo-inference-755b67b9bb-vgskt,default,yolo,580.173.02,GPU-d59cb1c4-ad97-d91a-6731-e7b5f38951a6
2026-08-16 04:54:54.088049,50.0,7,1g.11gb,,,,580.173.02,GPU-d59cb1c4-ad97-d91a-6731-e7b5f38951a6
2026-08-16 04:54:54.088049,50.0,8,1g.11gb,yolo-inference-755b67b9bb-ttrzf,default,yolo,580.173.02,GPU-d59cb1c4-ad97-d91a-6731-e7b5f38951a6
2026-08-16 04:54:54.088049,50.0,9,1g.11gb,yolo-inference-755b67b9bb-pwhtx,default,yolo,580.173.02,GPU-d59cb1c4-ad97-d91a-6731-e7b5f38951a6
2026-08-16 04:54:59.088080,49.0,10,1g.11gb,yolo-inference-755b67b9bb-sf8hz,default,yolo,580.173.02,GPU-d59cb1c4-ad97-d91a-6731-e7b5f38951a6
2026-08-16 04:54:59.088080,49.0,11,1g.11gb,yolo-inference-755b67b9bb-mdq5n,default,yolo,580.173.02,GPU-d59cb1c4-ad97-d91a-6731-e7b5f38951a6
2026-08-16 04:54:59.088080,50.0,12,1g.11gb,yolo-inference-755b67b9bb-l2sjx,default,yolo,580.173.02,GPU-d59cb1c4-ad97-d91a-6731-e7b5f38951a6
2026-08-16 04:54:59.088080,49.0,13,1g.11gb,yolo-inference-755b67b9bb-vgskt,default,yolo,580.173.02,GPU-d59cb1c4-ad97-d91a-6731-e7b5f38951a6
2026-08-16 04:54:59.088080,50.0,7,1g.11gb,,,,580.173.02,GPU-d59cb1c4-ad97-d91a-6731-e7b5f38951a6
2026-08-16 04:54:59.088080,50.0,8,1g.11gb,yolo-inference-755b67b9bb-ttrzf,default,yolo,580.173.02,GPU-d59cb1c4-ad97-d91a-6731-e7b5f38951a6
2026-08-16 04:54:59.088080,50.0,9,1g.11gb,yolo-inference-755b67b9bb-pwhtx,default,yolo,580.173.02,GPU-d59cb1c4-ad97-d91a-6731-e7b5f38951a6
2026-08-16 04:55:04.088047,49.0,10,1g.11gb,yolo-inference-755b67b9bb-sf8hz,default,yolo,580.173.02,GPU-d59cb1c4-ad97-d91a-6731-e7b5f38951a6
2026-08-16 04:55:04.088047,49.0,11,1g.11gb,yolo-inference-755b67b9bb-mdq5n,default,yolo,580.173.02,GPU-d59cb1c4-ad97-d91a-6731-e7b5f38951a6
2026-08-16 04:55:04.088047,50.0,12,1g.11gb,yolo-inference-755b67b9bb-l2sjx,default,yolo,580.173.02,GPU-d59cb1c4-ad97-d91a-6731-e7b5f38951a6
2026-08-16 04:55:04.088047,49.0,13,1g.11gb,yolo-inference-755b67b9bb-vgskt,default,yolo,580.173.02,GPU-d59cb1c4-ad97-d91a-6731-e7b5f38951a6
2026-08-16 04:55:04.088047,50.0,7,1g.11gb,,,,580.173.02,GPU-d59cb1c4-ad97-d91a-6731-e7b5f38951a6
2026-08-16 04:55:04.088047,50.0,8,1g.11gb,yolo-inference-755b67b9bb-ttrzf,default,yolo,580.173.02,GPU-d59cb1c4-ad97-d91a-6731-e7b5f38951a6
2026-08-16 04:55:04.088047,50.0,9,1g.11gb,yolo-inference-755b67b9bb-pwhtx,default,yolo,580.173.02,GPU-d59cb1c4-ad97-d91a-6731-e7b5f38951a6
2026-08-16 04:55:09.087461,49.0,10,1g.11gb,yolo-inference-755b67b9bb-sf8hz,default,yolo,580.173.02,GPU-d59cb1c4-ad97-d91a-6731-e7b5f38951a6
2026-08-16 04:55:09.087461,49.0,11,1g.11gb,yolo-inference-755b67b9bb-mdq5n,default,yolo,580.173.02,GPU-d59cb1c4-ad97-d91a-6731-e7b5f38951a6
2026-08-16 04:55:09.087461,50.0,12,1g.11gb,yolo-inference-755b67b9bb-l2sjx,default,yolo,580.173.02,GPU-d59cb1c4-ad97-d91a-6731-e7b5f38951a6
2026-08-16 04:55:09.087461,49.0,13,1g.11gb,yolo-inference-755b67b9bb-vgskt,default,yolo,580.173.02,GPU-d59cb1c4-ad97-d91a-6731-e7b5f38951a6
2026-08-16 04:55:09.087461,50.0,7,1g.11gb,,,,580.173.02,GPU-d59cb1c4-ad97-d91a-6731-e7b5f38951a6
2026-08-16 04:55:09.087461,50.0,8,1g.11gb,yolo-inference-755b67b9bb-ttrzf,default,yolo,580.173.02,GPU-d59cb1c4-ad97-d91a-6731-e7b5f38951a6
2026-08-16 04:55:09.087461,50.0,9,1g.11gb,yolo-inference-755b67b9bb-pwhtx,default,yolo,580.173.02,GPU-d59cb1c4-ad97-d91a-6731-e7b5f38951a6
2026-08-16 04:55:14.088034,49.0,10,1g.11gb,yolo-inference-755b67b9bb-sf8hz,default,yolo,580.173.02,GPU-d59cb1c4-ad97-d91a-6731-e7b5f38951a6
2026-08-16 04:55:14.088034,49.0,11,1g.11gb,yolo-inference-755b67b9bb-mdq5n,default,yolo,580.173.02,GPU-d59cb1c4-ad97-d91a-6731-e7b5f38951a6
2026-08-16 04:55:14.088034,50.0,12,1g.11gb,yolo-inference-755b67b9bb-l2sjx,default,yolo,580.173.02,GPU-d59cb1c4-ad97-d91a-6731-e7b5f38951a6
2026-08-16 04:55:14.088034,49.0,13,1g.11gb,yolo-inference-755b67b9bb-vgskt,default,yolo,580.173.02,GPU-d59cb1c4-ad97-d91a-6731-e7b5f38951a6
2026-08-16 04:55:14.088034,50.0,7,1g.11gb,,,,580.173.02,GPU-d59cb1c4-ad97-d91a-6731-e7b5f38951a6
2026-08-16 04:55:14.088034,50.0,8,1g.11gb,yolo-inference-755b67b9bb-ttrzf,default,yolo,580.173.02,GPU-d59cb1c4-ad97-d91a-6731-e7b5f38951a6
2026-08-16 04:55:14.088034,50.0,9,1g.11gb,yolo-inference-755b67b9bb-pwhtx,default,yolo,580.173.02,GPU-d59cb1c4-ad97-d91a-6731-e7b5f38951a6
2026-08-16 04:55:19.088032,49.0,10,1g.11gb,yolo-inference-755b67b9bb-sf8hz,default,yolo,580.173.02,GPU-d59cb1c4-ad97-d91a-6731-e7b5f38951a6
2026-08-16 04:55:19.088032,49.0,11,1g.11gb,yolo-inference-755b67b9bb-mdq5n,default,yolo,580.173.02,GPU-d59cb1c4-ad97-d91a-6731-e7b5f38951a6
2026-08-16 04:55:19.088032,50.0,12,1g.11gb,yolo-inference-755b67b9bb-l2sjx,default,yolo,580.173.02,GPU-d59cb1c4-ad97-d91a-6731-e7b5f38951a6
2026-08-16 04:55:19.088032,49.0,13,1g.11gb,yolo-inference-755b67b9bb-vgskt,default,yolo,580.173.02,GPU-d59cb1c4-ad97-d91a-6731-e7b5f38951a6
2026-08-16 04:55:19.088032,50.0,7,1g.11gb,,,,580.173.02,GPU-d59cb1c4-ad97-d91a-6731-e7b5f38951a6
2026-08-16 04:55:19.088032,50.0,8,1g.11gb,yolo-inference-755b67b9bb-ttrzf,default,yolo,580.173.02,GPU-d59cb1c4-ad97-d91a-6731-e7b5f38951a6
2026-08-16 04:55:19.088032,50.0,9,1g.11gb,yolo-inference-755b67b9bb-pwhtx,default,yolo,580.173.02,GPU-d59cb1c4-ad97-d91a-6731-e7b5f38951a6
2026-08-16 04:55:24.087990,50.0,10,1g.11gb,yolo-inference-755b67b9bb-sf8hz,default,yolo,580.173.02,GPU-d59cb1c4-ad97-d91a-6731-e7b5f38951a6
2026-08-16 04:55:24.087990,50.0,11,1g.11gb,yolo-inference-755b67b9bb-mdq5n,default,yolo,580.173.02,GPU-d59cb1c4-ad97-d91a-6731-e7b5f38951a6
2026-08-16 04:55:24.087990,50.0,12,1g.11gb,yolo-inference-755b67b9bb-l2sjx,default,yolo,580.173.02,GPU-d59cb1c4-ad97-d91a-6731-e7b5f38951a6
2026-08-16 04:55:24.087990,50.0,13,1g.11gb,yolo-inference-755b67b9bb-vgskt,default,yolo,580.173.02,GPU-d59cb1c4-ad97-d91a-6731-e7b5f38951a6
2026-08-16 04:55:24.087990,50.0,7,1g.11gb,,,,580.173.02,GPU-d59cb1c4-ad97-d91a-6731-e7b5f38951a6
2026-08-16 04:55:24.087990,50.0,8,1g.11gb,yolo-inference-755b67b9bb-ttrzf,default,yolo,580.173.02,GPU-d59cb1c4-ad97-d91a-6731-e7b5f38951a6
2026-08-16 04:55:24.087990,50.0,9,1g.11gb,yolo-inference-755b67b9bb-pwhtx,default,yolo,580.173.02,GPU-d59cb1c4-ad97-d91a-6731-e7b5f38951a6
2026-08-16 04:55:29.088031,50.0,10,1g.11gb,yolo-inference-755b67b9bb-sf8hz,default,yolo,580.173.02,GPU-d59cb1c4-ad97-d91a-6731-e7b5f38951a6
2026-08-16 04:55:29.088031,50.0,11,1g.11gb,yolo-inference-755b67b9bb-mdq5n,default,yolo,580.173.02,GPU-d59cb1c4-ad97-d91a-6731-e7b5f38951a6
2026-08-16 04:55:29.088031,50.0,12,1g.11gb,yolo-inference-755b67b9bb-l2sjx,default,yolo,580.173.02,GPU-d59cb1c4-ad97-d91a-6731-e7b5f38951a6
2026-08-16 04:55:29.088031,50.0,13,1g.11gb,yolo-inference-755b67b9bb-vgskt,default,yolo,580.173.02,GPU-d59cb1c4-ad97-d91a-6731-e7b5f38951a6
2026-08-16 04:55:29.088031,50.0,7,1g.11gb,,,,580.173.02,GPU-d59cb1c4-ad97-d91a-6731-e7b5f38951a6
2026-08-16 04:55:29.088031,50.0,8,1g.11gb,yolo-inference-755b67b9bb-ttrzf,default,yolo,580.173.02,GPU-d59cb1c4-ad97-d91a-6731-e7b5f38951a6
2026-08-16 04:55:29.088031,50.0,9,1g.11gb,yolo-inference-755b67b9bb-pwhtx,default,yolo,580.173.02,GPU-d59cb1c4-ad97-d91a-6731-e7b5f38951a6
2026-08-16 04:55:34.088024,50.0,10,1g.11gb,yolo-inference-755b67b9bb-sf8hz,default,yolo,580.173.02,GPU-d59cb1c4-ad97-d91a-6731-e7b5f38951a6
2026-08-16 04:55:34.088024,50.0,11,1g.11gb,yolo-inference-755b67b9bb-mdq5n,default,yolo,580.173.02,GPU-d59cb1c4-ad97-d91a-6731-e7b5f38951a6
2026-08-16 04:55:34.088024,50.0,12,1g.11gb,yolo-inference-755b67b9bb-l2sjx,default,yolo,580.173.02,GPU-d59cb1c4-ad97-d91a-6731-e7b5f38951a6
2026-08-16 04:55:34.088024,50.0,13,1g.11gb,yolo-inference-755b67b9bb-vgskt,default,yolo,580.173.02,GPU-d59cb1c4-ad97-d91a-6731-e7b5f38951a6
2026-08-16 04:55:34.088024,50.0,7,1g.11gb,,,,580.173.02,GPU-d59cb1c4-ad97-d91a-6731-e7b5f38951a6
2026-08-16 04:55:34.088024,50.0,8,1g.11gb,yolo-inference-755b67b9bb-ttrzf,default,yolo,580.173.02,GPU-d59cb1c4-ad97-d91a-6731-e7b5f38951a6
2026-08-16 04:55:34.088024,50.0,9,1g.11gb,yolo-inference-755b67b9bb-pwhtx,default,yolo,580.173.02,GPU-d59cb1c4-ad97-d91a-6731-e7b5f38951a6
2026-08-16 04:55:39.086370,50.0,10,1g.11gb,yolo-inference-755b67b9bb-sf8hz,default,yolo,580.173.02,GPU-d59cb1c4-ad97-d91a-6731-e7b5f38951a6
2026-08-16 04:55:39.086370,50.0,11,1g.11gb,yolo-inference-755b67b9bb-mdq5n,default,yolo,580.173.02,GPU-d59cb1c4-ad97-d91a-6731-e7b5f38951a6
2026-08-16 04:55:39.086370,50.0,12,1g.11gb,yolo-inference-755b67b9bb-l2sjx,default,yolo,580.173.02,GPU-d59cb1c4-ad97-d91a-6731-e7b5f38951a6
2026-08-16 04:55:39.086370,50.0,13,1g.11gb,yolo-inference-755b67b9bb-vgskt,default,yolo,580.173.02,GPU-d59cb1c4-ad97-d91a-6731-e7b5f38951a6
2026-08-16 04:55:39.086370,50.0,7,1g.11gb,,,,580.173.02,GPU-d59cb1c4-ad97-d91a-6731-e7b5f38951a6
2026-08-16 04:55:39.086370,50.0,8,1g.11gb,yolo-inference-755b67b9bb-ttrzf,default,yolo,580.173.02,GPU-d59cb1c4-ad97-d91a-6731-e7b5f38951a6
2026-08-16 04:55:39.086370,50.0,9,1g.11gb,yolo-inference-755b67b9bb-pwhtx,default,yolo,580.173.02,GPU-d59cb1c4-ad97-d91a-6731-e7b5f38951a6
2026-08-16 04:55:44.086217,50.0,10,1g.11gb,yolo-inference-755b67b9bb-sf8hz,default,yolo,580.173.02,GPU-d59cb1c4-ad97-d91a-6731-e7b5f38951a6
2026-08-16 04:55:44.086217,50.0,11,1g.11gb,yolo-inference-755b67b9bb-mdq5n,default,yolo,580.173.02,GPU-d59cb1c4-ad97-d91a-6731-e7b5f38951a6
2026-08-16 04:55:44.086217,50.0,12,1g.11gb,yolo-inference-755b67b9bb-l2sjx,default,yolo,580.173.02,GPU-d59cb1c4-ad97-d91a-6731-e7b5f38951a6
2026-08-16 04:55:44.086217,50.0,13,1g.11gb,yolo-inference-755b67b9bb-vgskt,default,yolo,580.173.02,GPU-d59cb1c4-ad97-d91a-6731-e7b5f38951a6
2026-08-16 04:55:44.086217,50.0,7,1g.11gb,,,,580.173.02,GPU-d59cb1c4-ad97-d91a-6731-e7b5f38951a6
2026-08-16 04:55:44.086217,50.0,8,1g.11gb,yolo-inference-755b67b9bb-ttrzf,default,yolo,580.173.02,GPU-d59cb1c4-ad97-d91a-6731-e7b5f38951a6
2026-08-16 04:55:44.086217,50.0,9,1g.11gb,yolo-inference-755b67b9bb-pwhtx,default,yolo,580.173.02,GPU-d59cb1c4-ad97-d91a-6731-e7b5f38951a6
2026-08-16 04:55:49.088050,50.0,10,1g.11gb,yolo-inference-755b67b9bb-sf8hz,default,yolo,580.173.02,GPU-d59cb1c4-ad97-d91a-6731-e7b5f38951a6
2026-08-16 04:55:49.088050,50.0,11,1g.11gb,yolo-inference-755b67b9bb-mdq5n,default,yolo,580.173.02,GPU-d59cb1c4-ad97-d91a-6731-e7b5f38951a6
2026-08-16 04:55:49.088050,50.0,12,1g.11gb,yolo-inference-755b67b9bb-l2sjx,default,yolo,580.173.02,GPU-d59cb1c4-ad97-d91a-6731-e7b5f38951a6
2026-08-16 04:55:49.088050,50.0,13,1g.11gb,yolo-inference-755b67b9bb-vgskt,default,yolo,580.173.02,GPU-d59cb1c4-ad97-d91a-6731-e7b5f38951a6
2026-08-16 04:55:49.088050,50.0,7,1g.11gb,,,,580.173.02,GPU-d59cb1c4-ad97-d91a-6731-e7b5f38951a6
2026-08-16 04:55:49.088050,50.0,8,1g.11gb,yolo-inference-755b67b9bb-ttrzf,default,yolo,580.173.02,GPU-d59cb1c4-ad97-d91a-6731-e7b5f38951a6
2026-08-16 04:55:49.088050,50.0,9,1g.11gb,yolo-inference-755b67b9bb-pwhtx,default,yolo,580.173.02,GPU-d59cb1c4-ad97-d91a-6731-e7b5f38951a6
2026-08-16 04:55:54.083263,50.0,10,1g.11gb,yolo-inference-755b67b9bb-sf8hz,default,yolo,580.173.02,GPU-d59cb1c4-ad97-d91a-6731-e7b5f38951a6
2026-08-16 04:55:54.083263,50.0,11,1g.11gb,yolo-inference-755b67b9bb-mdq5n,default,yolo,580.173.02,GPU-d59cb1c4-ad97-d91a-6731-e7b5f38951a6
2026-08-16 04:55:54.083263,50.0,12,1g.11gb,yolo-inference-755b67b9bb-l2sjx,default,yolo,580.173.02,GPU-d59cb1c4-ad97-d91a-6731-e7b5f38951a6
2026-08-16 04:55:54.083263,50.0,13,1g.11gb,yolo-inference-755b67b9bb-vgskt,default,yolo,580.173.02,GPU-d59cb1c4-ad97-d91a-6731-e7b5f38951a6
2026-08-16 04:55:54.083263,50.0,7,1g.11gb,,,,580.173.02,GPU-d59cb1c4-ad97-d91a-6731-e7b5f38951a6
2026-08-16 04:55:54.083263,50.0,8,1g.11gb,yolo-inference-755b67b9bb-ttrzf,default,yolo,580.173.02,GPU-d59cb1c4-ad97-d91a-6731-e7b5f38951a6
2026-08-16 04:55:54.083263,50.0,9,1g.11gb,yolo-inference-755b67b9bb-pwhtx,default,yolo,580.173.02,GPU-d59cb1c4-ad97-d91a-6731-e7b5f38951a6
2026-08-16 04:55:59.088033,50.0,10,1g.11gb,yolo-inference-755b67b9bb-sf8hz,default,yolo,580.173.02,GPU-d59cb1c4-ad97-d91a-6731-e7b5f38951a6
2026-08-16 04:55:59.088033,50.0,11,1g.11gb,yolo-inference-755b67b9bb-mdq5n,default,yolo,580.173.02,GPU-d59cb1c4-ad97-d91a-6731-e7b5f38951a6
2026-08-16 04:55:59.088033,50.0,12,1g.11gb,yolo-inference-755b67b9bb-l2sjx,default,yolo,580.173.02,GPU-d59cb1c4-ad97-d91a-6731-e7b5f38951a6
2026-08-16 04:55:59.088033,50.0,13,1g.11gb,yolo-inference-755b67b9bb-vgskt,default,yolo,580.173.02,GPU-d59cb1c4-ad97-d91a-6731-e7b5f38951a6
2026-08-16 04:55:59.088033,50.0,7,1g.11gb,,,,580.173.02,GPU-d59cb1c4-ad97-d91a-6731-e7b5f38951a6
2026-08-16 04:55:59.088033,50.0,8,1g.11gb,yolo-inference-755b67b9bb-ttrzf,default,yolo,580.173.02,GPU-d59cb1c4-ad97-d91a-6731-e7b5f38951a6
2026-08-16 04:55:59.088033,50.0,9,1g.11gb,yolo-inference-755b67b9bb-pwhtx,default,yolo,580.173.02,GPU-d59cb1c4-ad97-d91a-6731-e7b5f38951a6
2026-08-16 04:56:04.088061,50.0,10,1g.11gb,yolo-inference-755b67b9bb-sf8hz,default,yolo,580.173.02,GPU-d59cb1c4-ad97-d91a-6731-e7b5f38951a6
2026-08-16 04:56:04.088061,50.0,11,1g.11gb,yolo-inference-755b67b9bb-mdq5n,default,yolo,580.173.02,GPU-d59cb1c4-ad97-d91a-6731-e7b5f38951a6
2026-08-16 04:56:04.088061,50.0,12,1g.11gb,yolo-inference-755b67b9bb-l2sjx,default,yolo,580.173.02,GPU-d59cb1c4-ad97-d91a-6731-e7b5f38951a6
2026-08-16 04:56:04.088061,50.0,13,1g.11gb,yolo-inference-755b67b9bb-vgskt,default,yolo,580.173.02,GPU-d59cb1c4-ad97-d91a-6731-e7b5f38951a6
2026-08-16 04:56:04.088061,50.0,7,1g.11gb,,,,580.173.02,GPU-d59cb1c4-ad97-d91a-6731-e7b5f38951a6
2026-08-16 04:56:04.088061,50.0,8,1g.11gb,yolo-inference-755b67b9bb-ttrzf,default,yolo,580.173.02,GPU-d59cb1c4-ad97-d91a-6731-e7b5f38951a6
2026-08-16 04:56:04.088061,50.0,9,1g.11gb,yolo-inference-755b67b9bb-pwhtx,default,yolo,580.173.02,GPU-d59cb1c4-ad97-d91a-6731-e7b5f38951a6
2026-08-16 04:56:09.084067,50.0,10,1g.11gb,yolo-inference-755b67b9bb-sf8hz,default,yolo,580.173.02,GPU-d59cb1c4-ad97-d91a-6731-e7b5f38951a6
2026-08-16 04:56:09.084067,50.0,11,1g.11gb,yolo-inference-755b67b9bb-mdq5n,default,yolo,580.173.02,GPU-d59cb1c4-ad97-d91a-6731-e7b5f38951a6
2026-08-16 04:56:09.084067,50.0,12,1g.11gb,yolo-inference-755b67b9bb-l2sjx,default,yolo,580.173.02,GPU-d59cb1c4-ad97-d91a-6731-e7b5f38951a6
2026-08-16 04:56:09.084067,50.0,13,1g.11gb,yolo-inference-755b67b9bb-vgskt,default,yolo,580.173.02,GPU-d59cb1c4-ad97-d91a-6731-e7b5f38951a6
2026-08-16 04:56:09.084067,50.0,7,1g.11gb,,,,580.173.02,GPU-d59cb1c4-ad97-d91a-6731-e7b5f38951a6
2026-08-16 04:56:09.084067,50.0,8,1g.11gb,yolo-inference-755b67b9bb-ttrzf,default,yolo,580.173.02,GPU-d59cb1c4-ad97-d91a-6731-e7b5f38951a6
2026-08-16 04:56:09.084067,50.0,9,1g.11gb,yolo-inference-755b67b9bb-pwhtx,default,yolo,580.173.02,GPU-d59cb1c4-ad97-d91a-6731-e7b5f38951a6
2026-08-16 04:56:14.088037,50.0,10,1g.11gb,yolo-inference-755b67b9bb-sf8hz,default,yolo,580.173.02,GPU-d59cb1c4-ad97-d91a-6731-e7b5f38951a6
2026-08-16 04:56:14.088037,50.0,11,1g.11gb,yolo-inference-755b67b9bb-mdq5n,default,yolo,580.173.02,GPU-d59cb1c4-ad97-d91a-6731-e7b5f38951a6
2026-08-16 04:56:14.088037,50.0,12,1g.11gb,yolo-inference-755b67b9bb-l2sjx,default,yolo,580.173.02,GPU-d59cb1c4-ad97-d91a-6731-e7b5f38951a6
2026-08-16 04:56:14.088037,50.0,13,1g.11gb,yolo-inference-755b67b9bb-vgskt,default,yolo,580.173.02,GPU-d59cb1c4-ad97-d91a-6731-e7b5f38951a6
2026-08-16 04:56:14.088037,50.0,7,1g.11gb,,,,580.173.02,GPU-d59cb1c4-ad97-d91a-6731-e7b5f38951a6
2026-08-16 04:56:14.088037,50.0,8,1g.11gb,yolo-inference-755b67b9bb-ttrzf,default,yolo,580.173.02,GPU-d59cb1c4-ad97-d91a-6731-e7b5f38951a6
2026-08-16 04:56:14.088037,50.0,9,1g.11gb,yolo-inference-755b67b9bb-pwhtx,default,yolo,580.173.02,GPU-d59cb1c4-ad97-d91a-6731-e7b5f38951a6
2026-08-16 04:56:19.088024,50.0,10,1g.11gb,yolo-inference-755b67b9bb-sf8hz,default,yolo,580.173.02,GPU-d59cb1c4-ad97-d91a-6731-e7b5f38951a6
2026-08-16 04:56:19.088024,50.0,11,1g.11gb,yolo-inference-755b67b9bb-mdq5n,default,yolo,580.173.02,GPU-d59cb1c4-ad97-d91a-6731-e7b5f38951a6
2026-08-16 04:56:19.088024,50.0,12,1g.11gb,yolo-inference-755b67b9bb-l2sjx,default,yolo,580.173.02,GPU-d59cb1c4-ad97-d91a-6731-e7b5f38951a6
2026-08-16 04:56:19.088024,50.0,13,1g.11gb,yolo-inference-755b67b9bb-vgskt,default,yolo,580.173.02,GPU-d59cb1c4-ad97-d91a-6731-e7b5f38951a6
2026-08-16 04:56:19.088024,50.0,7,1g.11gb,,,,580.173.02,GPU-d59cb1c4-ad97-d91a-6731-e7b5f38951a6
2026-08-16 04:56:19.088024,50.0,8,1g.11gb,yolo-inference-755b67b9bb-ttrzf,default,yolo,580.173.02,GPU-d59cb1c4-ad97-d91a-6731-e7b5f38951a6
2026-08-16 04:56:19.088024,50.0,9,1g.11gb,yolo-inference-755b67b9bb-pwhtx,default,yolo,580.173.02,GPU-d59cb1c4-ad97-d91a-6731-e7b5f38951a6
2026-08-16 04:56:24.088028,50.0,10,1g.11gb,yolo-inference-755b67b9bb-sf8hz,default,yolo,580.173.02,GPU-d59cb1c4-ad97-d91a-6731-e7b5f38951a6
2026-08-16 04:56:24.088028,50.0,11,1g.11gb,yolo-inference-755b67b9bb-mdq5n,default,yolo,580.173.02,GPU-d59cb1c4-ad97-d91a-6731-e7b5f38951a6
2026-08-16 04:56:24.088028,50.0,12,1g.11gb,yolo-inference-755b67b9bb-l2sjx,default,yolo,580.173.02,GPU-d59cb1c4-ad97-d91a-6731-e7b5f38951a6
2026-08-16 04:56:24.088028,50.0,13,1g.11gb,yolo-inference-755b67b9bb-vgskt,default,yolo,580.173.02,GPU-d59cb1c4-ad97-d91a-6731-e7b5f38951a6
2026-08-16 04:56:24.088028,50.0,7,1g.11gb,,,,580.173.02,GPU-d59cb1c4-ad97-d91a-6731-e7b5f38951a6
2026-08-16 04:56:24.088028,50.0,8,1g.11gb,yolo-inference-755b67b9bb-ttrzf,default,yolo,580.173.02,GPU-d59cb1c4-ad97-d91a-6731-e7b5f38951a6
2026-08-16 04:56:24.088028,50.0,9,1g.11gb,yolo-inference-755b67b9bb-pwhtx,default,yolo,580.173.02,GPU-d59cb1c4-ad97-d91a-6731-e7b5f38951a6
2026-08-16 04:56:29.084147,50.0,10,1g.11gb,yolo-inference-755b67b9bb-sf8hz,default,yolo,580.173.02,GPU-d59cb1c4-ad97-d91a-6731-e7b5f38951a6
2026-08-16 04:56:29.084147,50.0,11,1g.11gb,yolo-inference-755b67b9bb-mdq5n,default,yolo,580.173.02,GPU-d59cb1c4-ad97-d91a-6731-e7b5f38951a6
2026-08-16 04:56:29.084147,50.0,12,1g.11gb,yolo-inference-755b67b9bb-l2sjx,default,yolo,580.173.02,GPU-d59cb1c4-ad97-d91a-6731-e7b5f38951a6
2026-08-16 04:56:29.084147,50.0,13,1g.11gb,yolo-inference-755b67b9bb-vgskt,default,yolo,580.173.02,GPU-d59cb1c4-ad97-d91a-6731-e7b5f38951a6
2026-08-16 04:56:29.084147,50.0,7,1g.11gb,,,,580.173.02,GPU-d59cb1c4-ad97-d91a-6731-e7b5f38951a6
2026-08-16 04:56:29.084147,50.0,8,1g.11gb,yolo-inference-755b67b9bb-ttrzf,default,yolo,580.173.02,GPU-d59cb1c4-ad97-d91a-6731-e7b5f38951a6
2026-08-16 04:56:29.084147,50.0,9,1g.11gb,yolo-inference-755b67b9bb-pwhtx,default,yolo,580.173.02,GPU-d59cb1c4-ad97-d91a-6731-e7b5f38951a6
2026-08-16 04:56:34.088039,50.0,10,1g.11gb,yolo-inference-755b67b9bb-sf8hz,default,yolo,580.173.02,GPU-d59cb1c4-ad97-d91a-6731-e7b5f38951a6
2026-08-16 04:56:34.088039,50.0,11,1g.11gb,yolo-inference-755b67b9bb-mdq5n,default,yolo,580.173.02,GPU-d59cb1c4-ad97-d91a-6731-e7b5f38951a6
2026-08-16 04:56:34.088039,50.0,12,1g.11gb,yolo-inference-755b67b9bb-l2sjx,default,yolo,580.173.02,GPU-d59cb1c4-ad97-d91a-6731-e7b5f38951a6
2026-08-16 04:56:34.088039,50.0,13,1g.11gb,yolo-inference-755b67b9bb-vgskt,default,yolo,580.173.02,GPU-d59cb1c4-ad97-d91a-6731-e7b5f38951a6
2026-08-16 04:56:34.088039,50.0,7,1g.11gb,,,,580.173.02,GPU-d59cb1c4-ad97-d91a-6731-e7b5f38951a6
2026-08-16 04:56:34.088039,50.0,8,1g.11gb,yolo-inference-755b67b9bb-ttrzf,default,yolo,580.173.02,GPU-d59cb1c4-ad97-d91a-6731-e7b5f38951a6
2026-08-16 04:56:34.088039,50.0,9,1g.11gb,yolo-inference-755b67b9bb-pwhtx,default,yolo,580.173.02,GPU-d59cb1c4-ad97-d91a-6731-e7b5f38951a6
2026-08-16 04:56:39.085528,50.0,10,1g.11gb,yolo-inference-755b67b9bb-sf8hz,default,yolo,580.173.02,GPU-d59cb1c4-ad97-d91a-6731-e7b5f38951a6
2026-08-16 04:56:39.085528,50.0,11,1g.11gb,yolo-inference-755b67b9bb-mdq5n,default,yolo,580.173.02,GPU-d59cb1c4-ad97-d91a-6731-e7b5f38951a6
2026-08-16 04:56:39.085528,50.0,12,1g.11gb,yolo-inference-755b67b9bb-l2sjx,default,yolo,580.173.02,GPU-d59cb1c4-ad97-d91a-6731-e7b5f38951a6
2026-08-16 04:56:39.085528,50.0,13,1g.11gb,yolo-inference-755b67b9bb-vgskt,default,yolo,580.173.02,GPU-d59cb1c4-ad97-d91a-6731-e7b5f38951a6
2026-08-16 04:56:39.085528,50.0,7,1g.11gb,,,,580.173.02,GPU-d59cb1c4-ad97-d91a-6731-e7b5f38951a6
2026-08-16 04:56:39.085528,50.0,8,1g.11gb,yolo-inference-755b67b9bb-ttrzf,default,yolo,580.173.02,GPU-d59cb1c4-ad97-d91a-6731-e7b5f38951a6
2026-08-16 04:56:39.085528,50.0,9,1g.11gb,yolo-inference-755b67b9bb-pwhtx,default,yolo,580.173.02,GPU-d59cb1c4-ad97-d91a-6731-e7b5f38951a6
2026-08-16 04:56:44.088075,50.0,10,1g.11gb,yolo-inference-755b67b9bb-sf8hz,default,yolo,580.173.02,GPU-d59cb1c4-ad97-d91a-6731-e7b5f38951a6
2026-08-16 04:56:44.088075,50.0,11,1g.11gb,yolo-inference-755b67b9bb-mdq5n,default,yolo,580.173.02,GPU-d59cb1c4-ad97-d91a-6731-e7b5f38951a6
2026-08-16 04:56:44.088075,50.0,12,1g.11gb,yolo-inference-755b67b9bb-l2sjx,default,yolo,580.173.02,GPU-d59cb1c4-ad97-d91a-6731-e7b5f38951a6
2026-08-16 04:56:44.088075,50.0,13,1g.11gb,yolo-inference-755b67b9bb-vgskt,default,yolo,580.173.02,GPU-d59cb1c4-ad97-d91a-6731-e7b5f38951a6
2026-08-16 04:56:44.088075,50.0,7,1g.11gb,,,,580.173.02,GPU-d59cb1c4-ad97-d91a-6731-e7b5f38951a6
2026-08-16 04:56:44.088075,50.0,8,1g.11gb,yolo-inference-755b67b9bb-ttrzf,default,yolo,580.173.02,GPU-d59cb1c4-ad97-d91a-6731-e7b5f38951a6
2026-08-16 04:56:44.088075,50.0,9,1g.11gb,yolo-inference-755b67b9bb-pwhtx,default,yolo,580.173.02,GPU-d59cb1c4-ad97-d91a-6731-e7b5f38951a6
2026-08-16 04:56:49.087685,50.0,10,1g.11gb,yolo-inference-755b67b9bb-sf8hz,default,yolo,580.173.02,GPU-d59cb1c4-ad97-d91a-6731-e7b5f38951a6
2026-08-16 04:56:49.087685,50.0,11,1g.11gb,yolo-inference-755b67b9bb-mdq5n,default,yolo,580.173.02,GPU-d59cb1c4-ad97-d91a-6731-e7b5f38951a6
2026-08-16 04:56:49.087685,50.0,12,1g.11gb,yolo-inference-755b67b9bb-l2sjx,default,yolo,580.173.02,GPU-d59cb1c4-ad97-d91a-6731-e7b5f38951a6
2026-08-16 04:56:49.087685,50.0,13,1g.11gb,yolo-inference-755b67b9bb-vgskt,default,yolo,580.173.02,GPU-d59cb1c4-ad97-d91a-6731-e7b5f38951a6
2026-08-16 04:56:49.087685,50.0,7,1g.11gb,,,,580.173.02,GPU-d59cb1c4-ad97-d91a-6731-e7b5f38951a6
2026-08-16 04:56:49.087685,50.0,8,1g.11gb,yolo-inference-755b67b9bb-ttrzf,default,yolo,580.173.02,GPU-d59cb1c4-ad97-d91a-6731-e7b5f38951a6
2026-08-16 04:56:49.087685,50.0,9,1g.11gb,yolo-inference-755b67b9bb-pwhtx,default,yolo,580.173.02,GPU-d59cb1c4-ad97-d91a-6731-e7b5f38951a6
2026-08-16 04:56:54.088029,50.0,10,1g.11gb,yolo-inference-755b67b9bb-sf8hz,default,yolo,580.173.02,GPU-d59cb1c4-ad97-d91a-6731-e7b5f38951a6
2026-08-16 04:56:54.088029,50.0,11,1g.11gb,yolo-inference-755b67b9bb-mdq5n,default,yolo,580.173.02,GPU-d59cb1c4-ad97-d91a-6731-e7b5f38951a6
2026-08-16 04:56:54.088029,50.0,12,1g.11gb,yolo-inference-755b67b9bb-l2sjx,default,yolo,580.173.02,GPU-d59cb1c4-ad97-d91a-6731-e7b5f38951a6
2026-08-16 04:56:54.088029,50.0,13,1g.11gb,yolo-inference-755b67b9bb-vgskt,default,yolo,580.173.02,GPU-d59cb1c4-ad97-d91a-6731-e7b5f38951a6
2026-08-16 04:56:54.088029,50.0,7,1g.11gb,,,,580.173.02,GPU-d59cb1c4-ad97-d91a-6731-e7b5f38951a6
2026-08-16 04:56:54.088029,50.0,8,1g.11gb,yolo-inference-755b67b9bb-ttrzf,default,yolo,580.173.02,GPU-d59cb1c4-ad97-d91a-6731-e7b5f38951a6
2026-08-16 04:56:54.088029,50.0,9,1g.11gb,yolo-inference-755b67b9bb-pwhtx,default,yolo,580.173.02,GPU-d59cb1c4-ad97-d91a-6731-e7b5f38951a6
2026-08-16 04:56:59.084229,50.0,10,1g.11gb,yolo-inference-755b67b9bb-sf8hz,default,yolo,580.173.02,GPU-d59cb1c4-ad97-d91a-6731-e7b5f38951a6
2026-08-16 04:56:59.084229,50.0,11,1g.11gb,yolo-inference-755b67b9bb-mdq5n,default,yolo,580.173.02,GPU-d59cb1c4-ad97-d91a-6731-e7b5f38951a6
2026-08-16 04:56:59.084229,50.0,12,1g.11gb,yolo-inference-755b67b9bb-l2sjx,default,yolo,580.173.02,GPU-d59cb1c4-ad97-d91a-6731-e7b5f38951a6
2026-08-16 04:56:59.084229,50.0,13,1g.11gb,yolo-inference-755b67b9bb-vgskt,default,yolo,580.173.02,GPU-d59cb1c4-ad97-d91a-6731-e7b5f38951a6
2026-08-16 04:56:59.084229,50.0,7,1g.11gb,,,,580.173.02,GPU-d59cb1c4-ad97-d91a-6731-e7b5f38951a6
2026-08-16 04:56:59.084229,50.0,8,1g.11gb,yolo-inference-755b67b9bb-ttrzf,default,yolo,580.173.02,GPU-d59cb1c4-ad97-d91a-6731-e7b5f38951a6
2026-08-16 04:56:59.084229,50.0,9,1g.11gb,yolo-inference-755b67b9bb-pwhtx,default,yolo,580.173.02,GPU-d59cb1c4-ad97-d91a-6731-e7b5f38951a6
2026-08-16 04:57:04.083909,50.0,10,1g.11gb,yolo-inference-755b67b9bb-sf8hz,default,yolo,580.173.02,GPU-d59cb1c4-ad97-d91a-6731-e7b5f38951a6
2026-08-16 04:57:04.083909,50.0,11,1g.11gb,yolo-inference-755b67b9bb-mdq5n,default,yolo,580.173.02,GPU-d59cb1c4-ad97-d91a-6731-e7b5f38951a6
2026-08-16 04:57:04.083909,50.0,12,1g.11gb,yolo-inference-755b67b9bb-l2sjx,default,yolo,580.173.02,GPU-d59cb1c4-ad97-d91a-6731-e7b5f38951a6
2026-08-16 04:57:04.083909,50.0,13,1g.11gb,yolo-inference-755b67b9bb-vgskt,default,yolo,580.173.02,GPU-d59cb1c4-ad97-d91a-6731-e7b5f38951a6
2026-08-16 04:57:04.083909,50.0,7,1g.11gb,,,,580.173.02,GPU-d59cb1c4-ad97-d91a-6731-e7b5f38951a6
2026-08-16 04:57:04.083909,50.0,8,1g.11gb,yolo-inference-755b67b9bb-ttrzf,default,yolo,580.173.02,GPU-d59cb1c4-ad97-d91a-6731-e7b5f38951a6
2026-08-16 04:57:04.083909,50.0,9,1g.11gb,yolo-inference-755b67b9bb-pwhtx,default,yolo,580.173.02,GPU-d59cb1c4-ad97-d91a-6731-e7b5f38951a6
2026-08-16 04:57:09.088007,50.0,10,1g.11gb,yolo-inference-755b67b9bb-sf8hz,default,yolo,580.173.02,GPU-d59cb1c4-ad97-d91a-6731-e7b5f38951a6
2026-08-16 04:57:09.088007,50.0,11,1g.11gb,yolo-inference-755b67b9bb-mdq5n,default,yolo,580.173.02,GPU-d59cb1c4-ad97-d91a-6731-e7b5f38951a6
2026-08-16 04:57:09.088007,50.0,12,1g.11gb,yolo-inference-755b67b9bb-l2sjx,default,yolo,580.173.02,GPU-d59cb1c4-ad97-d91a-6731-e7b5f38951a6
2026-08-16 04:57:09.088007,50.0,13,1g.11gb,yolo-inference-755b67b9bb-vgskt,default,yolo,580.173.02,GPU-d59cb1c4-ad97-d91a-6731-e7b5f38951a6
2026-08-16 04:57:09.088007,50.0,7,1g.11gb,,,,580.173.02,GPU-d59cb1c4-ad97-d91a-6731-e7b5f38951a6
2026-08-16 04:57:09.088007,50.0,8,1g.11gb,yolo-inference-755b67b9bb-ttrzf,default,yolo,580.173.02,GPU-d59cb1c4-ad97-d91a-6731-e7b5f38951a6
2026-08-16 04:57:09.088007,50.0,9,1g.11gb,yolo-inference-755b67b9bb-pwhtx,default,yolo,580.173.02,GPU-d59cb1c4-ad97-d91a-6731-e7b5f38951a6
2026-08-16 04:57:14.085318,50.0,10,1g.11gb,yolo-inference-755b67b9bb-sf8hz,default,yolo,580.173.02,GPU-d59cb1c4-ad97-d91a-6731-e7b5f38951a6
2026-08-16 04:57:14.085318,50.0,11,1g.11gb,yolo-inference-755b67b9bb-mdq5n,default,yolo,580.173.02,GPU-d59cb1c4-ad97-d91a-6731-e7b5f38951a6
2026-08-16 04:57:14.085318,50.0,12,1g.11gb,yolo-inference-755b67b9bb-l2sjx,default,yolo,580.173.02,GPU-d59cb1c4-ad97-d91a-6731-e7b5f38951a6
2026-08-16 04:57:14.085318,50.0,13,1g.11gb,yolo-inference-755b67b9bb-vgskt,default,yolo,580.173.02,GPU-d59cb1c4-ad97-d91a-6731-e7b5f38951a6
2026-08-16 04:57:14.085318,50.0,7,1g.11gb,,,,580.173.02,GPU-d59cb1c4-ad97-d91a-6731-e7b5f38951a6
2026-08-16 04:57:14.085318,50.0,8,1g.11gb,yolo-inference-755b67b9bb-ttrzf,default,yolo,580.173.02,GPU-d59cb1c4-ad97-d91a-6731-e7b5f38951a6
2026-08-16 04:57:14.085318,50.0,9,1g.11gb,yolo-inference-755b67b9bb-pwhtx,default,yolo,580.173.02,GPU-d59cb1c4-ad97-d91a-6731-e7b5f38951a6
2026-08-16 04:57:19.088030,50.0,10,1g.11gb,yolo-inference-755b67b9bb-sf8hz,default,yolo,580.173.02,GPU-d59cb1c4-ad97-d91a-6731-e7b5f38951a6
2026-08-16 04:57:19.088030,50.0,11,1g.11gb,yolo-inference-755b67b9bb-mdq5n,default,yolo,580.173.02,GPU-d59cb1c4-ad97-d91a-6731-e7b5f38951a6
2026-08-16 04:57:19.088030,50.0,12,1g.11gb,yolo-inference-755b67b9bb-l2sjx,default,yolo,580.173.02,GPU-d59cb1c4-ad97-d91a-6731-e7b5f38951a6
2026-08-16 04:57:19.088030,50.0,13,1g.11gb,yolo-inference-755b67b9bb-vgskt,default,yolo,580.173.02,GPU-d59cb1c4-ad97-d91a-6731-e7b5f38951a6
2026-08-16 04:57:19.088030,50.0,7,1g.11gb,,,,580.173.02,GPU-d59cb1c4-ad97-d91a-6731-e7b5f38951a6
2026-08-16 04:57:19.088030,50.0,8,1g.11gb,yolo-inference-755b67b9bb-ttrzf,default,yolo,580.173.02,GPU-d59cb1c4-ad97-d91a-6731-e7b5f38951a6
2026-08-16 04:57:19.088030,50.0,9,1g.11gb,yolo-inference-755b67b9bb-pwhtx,default,yolo,580.173.02,GPU-d59cb1c4-ad97-d91a-6731-e7b5f38951a6
2026-08-16 04:57:24.087841,50.0,10,1g.11gb,yolo-inference-755b67b9bb-sf8hz,default,yolo,580.173.02,GPU-d59cb1c4-ad97-d91a-6731-e7b5f38951a6
2026-08-16 04:57:24.087841,50.0,11,1g.11gb,yolo-inference-755b67b9bb-mdq5n,default,yolo,580.173.02,GPU-d59cb1c4-ad97-d91a-6731-e7b5f38951a6
2026-08-16 04:57:24.087841,50.0,12,1g.11gb,yolo-inference-755b67b9bb-l2sjx,default,yolo,580.173.02,GPU-d59cb1c4-ad97-d91a-6731-e7b5f38951a6
2026-08-16 04:57:24.087841,50.0,13,1g.11gb,yolo-inference-755b67b9bb-vgskt,default,yolo,580.173.02,GPU-d59cb1c4-ad97-d91a-6731-e7b5f38951a6
2026-08-16 04:57:24.087841,50.0,7,1g.11gb,,,,580.173.02,GPU-d59cb1c4-ad97-d91a-6731-e7b5f38951a6
2026-08-16 04:57:24.087841,50.0,8,1g.11gb,yolo-inference-755b67b9bb-ttrzf,default,yolo,580.173.02,GPU-d59cb1c4-ad97-d91a-6731-e7b5f38951a6
2026-08-16 04:57:24.087841,50.0,9,1g.11gb,yolo-inference-755b67b9bb-pwhtx,default,yolo,580.173.02,GPU-d59cb1c4-ad97-d91a-6731-e7b5f38951a6
2026-08-16 04:57:29.088044,50.0,10,1g.11gb,yolo-inference-755b67b9bb-sf8hz,default,yolo,580.173.02,GPU-d59cb1c4-ad97-d91a-6731-e7b5f38951a6
2026-08-16 04:57:29.088044,50.0,11,1g.11gb,yolo-inference-755b67b9bb-mdq5n,default,yolo,580.173.02,GPU-d59cb1c4-ad97-d91a-6731-e7b5f38951a6
2026-08-16 04:57:29.088044,50.0,12,1g.11gb,yolo-inference-755b67b9bb-l2sjx,default,yolo,580.173.02,GPU-d59cb1c4-ad97-d91a-6731-e7b5f38951a6
2026-08-16 04:57:29.088044,50.0,13,1g.11gb,yolo-inference-755b67b9bb-vgskt,default,yolo,580.173.02,GPU-d59cb1c4-ad97-d91a-6731-e7b5f38951a6
2026-08-16 04:57:29.088044,50.0,7,1g.11gb,,,,580.173.02,GPU-d59cb1c4-ad97-d91a-6731-e7b5f38951a6
2026-08-16 04:57:29.088044,50.0,8,1g.11gb,yolo-inference-755b67b9bb-ttrzf,default,yolo,580.173.02,GPU-d59cb1c4-ad97-d91a-6731-e7b5f38951a6
2026-08-16 04:57:29.088044,50.0,9,1g.11gb,yolo-inference-755b67b9bb-pwhtx,default,yolo,580.173.02,GPU-d59cb1c4-ad97-d91a-6731-e7b5f38951a6
2026-08-16 04:57:34.086536,50.0,10,1g.11gb,yolo-inference-755b67b9bb-sf8hz,default,yolo,580.173.02,GPU-d59cb1c4-ad97-d91a-6731-e7b5f38951a6
2026-08-16 04:57:34.086536,50.0,11,1g.11gb,yolo-inference-755b67b9bb-mdq5n,default,yolo,580.173.02,GPU-d59cb1c4-ad97-d91a-6731-e7b5f38951a6
2026-08-16 04:57:34.086536,50.0,12,1g.11gb,yolo-inference-755b67b9bb-l2sjx,default,yolo,580.173.02,GPU-d59cb1c4-ad97-d91a-6731-e7b5f38951a6
2026-08-16 04:57:34.086536,50.0,13,1g.11gb,yolo-inference-755b67b9bb-vgskt,default,yolo,580.173.02,GPU-d59cb1c4-ad97-d91a-6731-e7b5f38951a6
2026-08-16 04:57:34.086536,50.0,7,1g.11gb,,,,580.173.02,GPU-d59cb1c4-ad97-d91a-6731-e7b5f38951a6
2026-08-16 04:57:34.086536,50.0,8,1g.11gb,yolo-inference-755b67b9bb-ttrzf,default,yolo,580.173.02,GPU-d59cb1c4-ad97-d91a-6731-e7b5f38951a6
2026-08-16 04:57:34.086536,50.0,9,1g.11gb,yolo-inference-755b67b9bb-pwhtx,default,yolo,580.173.02,GPU-d59cb1c4-ad97-d91a-6731-e7b5f38951a6
2026-08-16 04:57:39.088047,50.0,10,1g.11gb,yolo-inference-755b67b9bb-sf8hz,default,yolo,580.173.02,GPU-d59cb1c4-ad97-d91a-6731-e7b5f38951a6
2026-08-16 04:57:39.088047,50.0,11,1g.11gb,yolo-inference-755b67b9bb-mdq5n,default,yolo,580.173.02,GPU-d59cb1c4-ad97-d91a-6731-e7b5f38951a6
2026-08-16 04:57:39.088047,50.0,12,1g.11gb,yolo-inference-755b67b9bb-l2sjx,default,yolo,580.173.02,GPU-d59cb1c4-ad97-d91a-6731-e7b5f38951a6
2026-08-16 04:57:39.088047,50.0,13,1g.11gb,yolo-inference-755b67b9bb-vgskt,default,yolo,580.173.02,GPU-d59cb1c4-ad97-d91a-6731-e7b5f38951a6
2026-08-16 04:57:39.088047,50.0,7,1g.11gb,,,,580.173.02,GPU-d59cb1c4-ad97-d91a-6731-e7b5f38951a6
2026-08-16 04:57:39.088047,50.0,8,1g.11gb,yolo-inference-755b67b9bb-ttrzf,default,yolo,580.173.02,GPU-d59cb1c4-ad97-d91a-6731-e7b5f38951a6
2026-08-16 04:57:39.088047,50.0,9,1g.11gb,yolo-inference-755b67b9bb-pwhtx,default,yolo,580.173.02,GPU-d59cb1c4-ad97-d91a-6731-e7b5f38951a6
2026-08-16 04:57:44.085949,50.0,10,1g.11gb,yolo-inference-755b67b9bb-sf8hz,default,yolo,580.173.02,GPU-d59cb1c4-ad97-d91a-6731-e7b5f38951a6
2026-08-16 04:57:44.085949,50.0,11,1g.11gb,yolo-inference-755b67b9bb-mdq5n,default,yolo,580.173.02,GPU-d59cb1c4-ad97-d91a-6731-e7b5f38951a6
2026-08-16 04:57:44.085949,50.0,12,1g.11gb,yolo-inference-755b67b9bb-l2sjx,default,yolo,580.173.02,GPU-d59cb1c4-ad97-d91a-6731-e7b5f38951a6
2026-08-16 04:57:44.085949,50.0,13,1g.11gb,yolo-inference-755b67b9bb-vgskt,default,yolo,580.173.02,GPU-d59cb1c4-ad97-d91a-6731-e7b5f38951a6
2026-08-16 04:57:44.085949,50.0,7,1g.11gb,,,,580.173.02,GPU-d59cb1c4-ad97-d91a-6731-e7b5f38951a6
2026-08-16 04:57:44.085949,50.0,8,1g.11gb,yolo-inference-755b67b9bb-ttrzf,default,yolo,580.173.02,GPU-d59cb1c4-ad97-d91a-6731-e7b5f38951a6
2026-08-16 04:57:44.085949,50.0,9,1g.11gb,yolo-inference-755b67b9bb-pwhtx,default,yolo,580.173.02,GPU-d59cb1c4-ad97-d91a-6731-e7b5f38951a6
2026-08-16 04:57:49.088027,50.0,10,1g.11gb,yolo-inference-755b67b9bb-sf8hz,default,yolo,580.173.02,GPU-d59cb1c4-ad97-d91a-6731-e7b5f38951a6
2026-08-16 04:57:49.088027,50.0,11,1g.11gb,yolo-inference-755b67b9bb-mdq5n,default,yolo,580.173.02,GPU-d59cb1c4-ad97-d91a-6731-e7b5f38951a6
2026-08-16 04:57:49.088027,50.0,12,1g.11gb,yolo-inference-755b67b9bb-l2sjx,default,yolo,580.173.02,GPU-d59cb1c4-ad97-d91a-6731-e7b5f38951a6
2026-08-16 04:57:49.088027,50.0,13,1g.11gb,yolo-inference-755b67b9bb-vgskt,default,yolo,580.173.02,GPU-d59cb1c4-ad97-d91a-6731-e7b5f38951a6
2026-08-16 04:57:49.088027,50.0,7,1g.11gb,,,,580.173.02,GPU-d59cb1c4-ad97-d91a-6731-e7b5f38951a6
2026-08-16 04:57:49.088027,50.0,8,1g.11gb,yolo-inference-755b67b9bb-ttrzf,default,yolo,580.173.02,GPU-d59cb1c4-ad97-d91a-6731-e7b5f38951a6
2026-08-16 04:57:49.088027,50.0,9,1g.11gb,yolo-inference-755b67b9bb-pwhtx,default,yolo,580.173.02,GPU-d59cb1c4-ad97-d91a-6731-e7b5f38951a6
2026-08-16 04:57:54.088030,50.0,10,1g.11gb,yolo-inference-755b67b9bb-sf8hz,default,yolo,580.173.02,GPU-d59cb1c4-ad97-d91a-6731-e7b5f38951a6
2026-08-16 04:57:54.088030,50.0,11,1g.11gb,yolo-inference-755b67b9bb-mdq5n,default,yolo,580.173.02,GPU-d59cb1c4-ad97-d91a-6731-e7b5f38951a6
2026-08-16 04:57:54.088030,50.0,12,1g.11gb,yolo-inference-755b67b9bb-l2sjx,default,yolo,580.173.02,GPU-d59cb1c4-ad97-d91a-6731-e7b5f38951a6
2026-08-16 04:57:54.088030,50.0,13,1g.11gb,yolo-inference-755b67b9bb-vgskt,default,yolo,580.173.02,GPU-d59cb1c4-ad97-d91a-6731-e7b5f38951a6
2026-08-16 04:57:54.088030,50.0,7,1g.11gb,,,,580.173.02,GPU-d59cb1c4-ad97-d91a-6731-e7b5f38951a6
2026-08-16 04:57:54.088030,50.0,8,1g.11gb,yolo-inference-755b67b9bb-ttrzf,default,yolo,580.173.02,GPU-d59cb1c4-ad97-d91a-6731-e7b5f38951a6
2026-08-16 04:57:54.088030,50.0,9,1g.11gb,yolo-inference-755b67b9bb-pwhtx,default,yolo,580.173.02,GPU-d59cb1c4-ad97-d91a-6731-e7b5f38951a6
2026-08-16 04:57:59.088027,50.0,10,1g.11gb,yolo-inference-755b67b9bb-sf8hz,default,yolo,580.173.02,GPU-d59cb1c4-ad97-d91a-6731-e7b5f38951a6
2026-08-16 04:57:59.088027,50.0,11,1g.11gb,yolo-inference-755b67b9bb-mdq5n,default,yolo,580.173.02,GPU-d59cb1c4-ad97-d91a-6731-e7b5f38951a6
2026-08-16 04:57:59.088027,50.0,12,1g.11gb,yolo-inference-755b67b9bb-l2sjx,default,yolo,580.173.02,GPU-d59cb1c4-ad97-d91a-6731-e7b5f38951a6
2026-08-16 04:57:59.088027,50.0,13,1g.11gb,yolo-inference-755b67b9bb-vgskt,default,yolo,580.173.02,GPU-d59cb1c4-ad97-d91a-6731-e7b5f38951a6
2026-08-16 04:57:59.088027,50.0,7,1g.11gb,,,,580.173.02,GPU-d59cb1c4-ad97-d91a-6731-e7b5f38951a6
2026-08-16 04:57:59.088027,50.0,8,1g.11gb,yolo-inference-755b67b9bb-ttrzf,default,yolo,580.173.02,GPU-d59cb1c4-ad97-d91a-6731-e7b5f38951a6
2026-08-16 04:57:59.088027,50.0,9,1g.11gb,yolo-inference-755b67b9bb-pwhtx,default,yolo,580.173.02,GPU-d59cb1c4-ad97-d91a-6731-e7b5f38951a6
2026-08-16 04:58:04.083980,50.0,10,1g.11gb,yolo-inference-755b67b9bb-sf8hz,default,yolo,580.173.02,GPU-d59cb1c4-ad97-d91a-6731-e7b5f38951a6
2026-08-16 04:58:04.083980,50.0,11,1g.11gb,yolo-inference-755b67b9bb-mdq5n,default,yolo,580.173.02,GPU-d59cb1c4-ad97-d91a-6731-e7b5f38951a6
2026-08-16 04:58:04.083980,50.0,12,1g.11gb,yolo-inference-755b67b9bb-l2sjx,default,yolo,580.173.02,GPU-d59cb1c4-ad97-d91a-6731-e7b5f38951a6
2026-08-16 04:58:04.083980,50.0,13,1g.11gb,yolo-inference-755b67b9bb-vgskt,default,yolo,580.173.02,GPU-d59cb1c4-ad97-d91a-6731-e7b5f38951a6
2026-08-16 04:58:04.083980,50.0,7,1g.11gb,,,,580.173.02,GPU-d59cb1c4-ad97-d91a-6731-e7b5f38951a6
2026-08-16 04:58:04.083980,50.0,8,1g.11gb,yolo-inference-755b67b9bb-ttrzf,default,yolo,580.173.02,GPU-d59cb1c4-ad97-d91a-6731-e7b5f38951a6
2026-08-16 04:58:04.083980,50.0,9,1g.11gb,yolo-inference-755b67b9bb-pwhtx,default,yolo,580.173.02,GPU-d59cb1c4-ad97-d91a-6731-e7b5f38951a6
2026-08-16 04:58:09.088055,50.0,10,1g.11gb,yolo-inference-755b67b9bb-sf8hz,default,yolo,580.173.02,GPU-d59cb1c4-ad97-d91a-6731-e7b5f38951a6
2026-08-16 04:58:09.088055,50.0,11,1g.11gb,yolo-inference-755b67b9bb-mdq5n,default,yolo,580.173.02,GPU-d59cb1c4-ad97-d91a-6731-e7b5f38951a6
2026-08-16 04:58:09.088055,50.0,12,1g.11gb,yolo-inference-755b67b9bb-l2sjx,default,yolo,580.173.02,GPU-d59cb1c4-ad97-d91a-6731-e7b5f38951a6
2026-08-16 04:58:09.088055,50.0,13,1g.11gb,yolo-inference-755b67b9bb-vgskt,default,yolo,580.173.02,GPU-d59cb1c4-ad97-d91a-6731-e7b5f38951a6
2026-08-16 04:58:09.088055,50.0,7,1g.11gb,,,,580.173.02,GPU-d59cb1c4-ad97-d91a-6731-e7b5f38951a6
2026-08-16 04:58:09.088055,50.0,8,1g.11gb,yolo-inference-755b67b9bb-ttrzf,default,yolo,580.173.02,GPU-d59cb1c4-ad97-d91a-6731-e7b5f38951a6
2026-08-16 04:58:09.088055,50.0,9,1g.11gb,yolo-inference-755b67b9bb-pwhtx,default,yolo,580.173.02,GPU-d59cb1c4-ad97-d91a-6731-e7b5f38951a6
2026-08-16 04:58:14.088062,50.0,10,1g.11gb,yolo-inference-755b67b9bb-sf8hz,default,yolo,580.173.02,GPU-d59cb1c4-ad97-d91a-6731-e7b5f38951a6
2026-08-16 04:58:14.088062,50.0,11,1g.11gb,yolo-inference-755b67b9bb-mdq5n,default,yolo,580.173.02,GPU-d59cb1c4-ad97-d91a-6731-e7b5f38951a6
2026-08-16 04:58:14.088062,50.0,12,1g.11gb,yolo-inference-755b67b9bb-l2sjx,default,yolo,580.173.02,GPU-d59cb1c4-ad97-d91a-6731-e7b5f38951a6
2026-08-16 04:58:14.088062,50.0,13,1g.11gb,yolo-inference-755b67b9bb-vgskt,default,yolo,580.173.02,GPU-d59cb1c4-ad97-d91a-6731-e7b5f38951a6
2026-08-16 04:58:14.088062,50.0,7,1g.11gb,,,,580.173.02,GPU-d59cb1c4-ad97-d91a-6731-e7b5f38951a6
2026-08-16 04:58:14.088062,50.0,8,1g.11gb,yolo-inference-755b67b9bb-ttrzf,default,yolo,580.173.02,GPU-d59cb1c4-ad97-d91a-6731-e7b5f38951a6
2026-08-16 04:58:14.088062,50.0,9,1g.11gb,yolo-inference-755b67b9bb-pwhtx,default,yolo,580.173.02,GPU-d59cb1c4-ad97-d91a-6731-e7b5f38951a6
2026-08-16 04:58:19.087213,50.0,10,1g.11gb,yolo-inference-755b67b9bb-sf8hz,default,yolo,580.173.02,GPU-d59cb1c4-ad97-d91a-6731-e7b5f38951a6
2026-08-16 04:58:19.087213,50.0,11,1g.11gb,yolo-inference-755b67b9bb-mdq5n,default,yolo,580.173.02,GPU-d59cb1c4-ad97-d91a-6731-e7b5f38951a6
2026-08-16 04:58:19.087213,50.0,12,1g.11gb,yolo-inference-755b67b9bb-l2sjx,default,yolo,580.173.02,GPU-d59cb1c4-ad97-d91a-6731-e7b5f38951a6
2026-08-16 04:58:19.087213,50.0,13,1g.11gb,yolo-inference-755b67b9bb-vgskt,default,yolo,580.173.02,GPU-d59cb1c4-ad97-d91a-6731-e7b5f38951a6
2026-08-16 04:58:19.087213,50.0,7,1g.11gb,,,,580.173.02,GPU-d59cb1c4-ad97-d91a-6731-e7b5f38951a6
2026-08-16 04:58:19.087213,50.0,8,1g.11gb,yolo-inference-755b67b9bb-ttrzf,default,yolo,580.173.02,GPU-d59cb1c4-ad97-d91a-6731-e7b5f38951a6
2026-08-16 04:58:19.087213,50.0,9,1g.11gb,yolo-inference-755b67b9bb-pwhtx,default,yolo,580.173.02,GPU-d59cb1c4-ad97-d91a-6731-e7b5f38951a6
2026-08-16 04:58:24.084941,50.0,10,1g.11gb,yolo-inference-755b67b9bb-sf8hz,default,yolo,580.173.02,GPU-d59cb1c4-ad97-d91a-6731-e7b5f38951a6
2026-08-16 04:58:24.084941,50.0,11,1g.11gb,yolo-inference-755b67b9bb-mdq5n,default,yolo,580.173.02,GPU-d59cb1c4-ad97-d91a-6731-e7b5f38951a6
2026-08-16 04:58:24.084941,50.0,12,1g.11gb,yolo-inference-755b67b9bb-l2sjx,default,yolo,580.173.02,GPU-d59cb1c4-ad97-d91a-6731-e7b5f38951a6
2026-08-16 04:58:24.084941,50.0,13,1g.11gb,yolo-inference-755b67b9bb-vgskt,default,yolo,580.173.02,GPU-d59cb1c4-ad97-d91a-6731-e7b5f38951a6
2026-08-16 04:58:24.084941,50.0,7,1g.11gb,,,,580.173.02,GPU-d59cb1c4-ad97-d91a-6731-e7b5f38951a6
2026-08-16 04:58:24.084941,50.0,8,1g.11gb,yolo-inference-755b67b9bb-ttrzf,default,yolo,580.173.02,GPU-d59cb1c4-ad97-d91a-6731-e7b5f38951a6
2026-08-16 04:58:24.084941,50.0,9,1g.11gb,yolo-inference-755b67b9bb-pwhtx,default,yolo,580.173.02,GPU-d59cb1c4-ad97-d91a-6731-e7b5f38951a6
2026-08-16 04:58:29.087873,50.0,10,1g.11gb,yolo-inference-755b67b9bb-sf8hz,default,yolo,580.173.02,GPU-d59cb1c4-ad97-d91a-6731-e7b5f38951a6
2026-08-16 04:58:29.087873,50.0,11,1g.11gb,yolo-inference-755b67b9bb-mdq5n,default,yolo,580.173.02,GPU-d59cb1c4-ad97-d91a-6731-e7b5f38951a6
2026-08-16 04:58:29.087873,50.0,12,1g.11gb,yolo-inference-755b67b9bb-l2sjx,default,yolo,580.173.02,GPU-d59cb1c4-ad97-d91a-6731-e7b5f38951a6
2026-08-16 04:58:29.087873,50.0,13,1g.11gb,yolo-inference-755b67b9bb-vgskt,default,yolo,580.173.02,GPU-d59cb1c4-ad97-d91a-6731-e7b5f38951a6
2026-08-16 04:58:29.087873,50.0,7,1g.11gb,,,,580.173.02,GPU-d59cb1c4-ad97-d91a-6731-e7b5f38951a6
2026-08-16 04:58:29.087873,50.0,8,1g.11gb,yolo-inference-755b67b9bb-ttrzf,default,yolo,580.173.02,GPU-d59cb1c4-ad97-d91a-6731-e7b5f38951a6
2026-08-16 04:58:29.087873,50.0,9,1g.11gb,yolo-inference-755b67b9bb-pwhtx,default,yolo,580.173.02,GPU-d59cb1c4-ad97-d91a-6731-e7b5f38951a6
2026-08-16 04:58:34.083925,50.0,10,1g.11gb,yolo-inference-755b67b9bb-sf8hz,default,yolo,580.173.02,GPU-d59cb1c4-ad97-d91a-6731-e7b5f38951a6
2026-08-16 04:58:34.083925,50.0,11,1g.11gb,yolo-inference-755b67b9bb-mdq5n,default,yolo,580.173.02,GPU-d59cb1c4-ad97-d91a-6731-e7b5f38951a6
2026-08-16 04:58:34.083925,50.0,12,1g.11gb,yolo-inference-755b67b9bb-l2sjx,default,yolo,580.173.02,GPU-d59cb1c4-ad97-d91a-6731-e7b5f38951a6
2026-08-16 04:58:34.083925,50.0,13,1g.11gb,yolo-inference-755b67b9bb-vgskt,default,yolo,580.173.02,GPU-d59cb1c4-ad97-d91a-6731-e7b5f38951a6
2026-08-16 04:58:34.083925,50.0,7,1g.11gb,,,,580.173.02,GPU-d59cb1c4-ad97-d91a-6731-e7b5f38951a6
2026-08-16 04:58:34.083925,50.0,8,1g.11gb,yolo-inference-755b67b9bb-ttrzf,default,yolo,580.173.02,GPU-d59cb1c4-ad97-d91a-6731-e7b5f38951a6
2026-08-16 04:58:34.083925,50.0,9,1g.11gb,yolo-inference-755b67b9bb-pwhtx,default,yolo,580.173.02,GPU-d59cb1c4-ad97-d91a-6731-e7b5f38951a6
2026-08-16 04:58:39.088045,50.0,10,1g.11gb,yolo-inference-755b67b9bb-sf8hz,default,yolo,580.173.02,GPU-d59cb1c4-ad97-d91a-6731-e7b5f38951a6
2026-08-16 04:58:39.088045,50.0,11,1g.11gb,yolo-inference-755b67b9bb-mdq5n,default,yolo,580.173.02,GPU-d59cb1c4-ad97-d91a-6731-e7b5f38951a6
2026-08-16 04:58:39.088045,50.0,12,1g.11gb,yolo-inference-755b67b9bb-l2sjx,default,yolo,580.173.02,GPU-d59cb1c4-ad97-d91a-6731-e7b5f38951a6
2026-08-16 04:58:39.088045,50.0,13,1g.11gb,yolo-inference-755b67b9bb-vgskt,default,yolo,580.173.02,GPU-d59cb1c4-ad97-d91a-6731-e7b5f38951a6
2026-08-16 04:58:39.088045,50.0,7,1g.11gb,,,,580.173.02,GPU-d59cb1c4-ad97-d91a-6731-e7b5f38951a6
2026-08-16 04:58:39.088045,50.0,8,1g.11gb,yolo-inference-755b67b9bb-ttrzf,default,yolo,580.173.02,GPU-d59cb1c4-ad97-d91a-6731-e7b5f38951a6
2026-08-16 04:58:39.088045,50.0,9,1g.11gb,yolo-inference-755b67b9bb-pwhtx,default,yolo,580.173.02,GPU-d59cb1c4-ad97-d91a-6731-e7b5f38951a6
2026-08-16 04:58:44.087985,50.0,10,1g.11gb,yolo-inference-755b67b9bb-sf8hz,default,yolo,580.173.02,GPU-d59cb1c4-ad97-d91a-6731-e7b5f38951a6
2026-08-16 04:58:44.087985,50.0,11,1g.11gb,yolo-inference-755b67b9bb-mdq5n,default,yolo,580.173.02,GPU-d59cb1c4-ad97-d91a-6731-e7b5f38951a6
2026-08-16 04:58:44.087985,50.0,12,1g.11gb,yolo-inference-755b67b9bb-l2sjx,default,yolo,580.173.02,GPU-d59cb1c4-ad97-d91a-6731-e7b5f38951a6
2026-08-16 04:58:44.087985,50.0,13,1g.11gb,yolo-inference-755b67b9bb-vgskt,default,yolo,580.173.02,GPU-d59cb1c4-ad97-d91a-6731-e7b5f38951a6
2026-08-16 04:58:44.087985,50.0,7,1g.11gb,,,,580.173.02,GPU-d59cb1c4-ad97-d91a-6731-e7b5f38951a6
2026-08-16 04:58:44.087985,50.0,8,1g.11gb,yolo-inference-755b67b9bb-ttrzf,default,yolo,580.173.02,GPU-d59cb1c4-ad97-d91a-6731-e7b5f38951a6
2026-08-16 04:58:44.087985,50.0,9,1g.11gb,yolo-inference-755b67b9bb-pwhtx,default,yolo,580.173.02,GPU-d59cb1c4-ad97-d91a-6731-e7b5f38951a6
2026-08-16 04:58:49.088078,50.0,10,1g.11gb,yolo-inference-755b67b9bb-sf8hz,default,yolo,580.173.02,GPU-d59cb1c4-ad97-d91a-6731-e7b5f38951a6
2026-08-16 04:58:49.088078,50.0,11,1g.11gb,yolo-inference-755b67b9bb-mdq5n,default,yolo,580.173.02,GPU-d59cb1c4-ad97-d91a-6731-e7b5f38951a6
2026-08-16 04:58:49.088078,50.0,12,1g.11gb,yolo-inference-755b67b9bb-l2sjx,default,yolo,580.173.02,GPU-d59cb1c4-ad97-d91a-6731-e7b5f38951a6
2026-08-16 04:58:49.088078,50.0,13,1g.11gb,yolo-inference-755b67b9bb-vgskt,default,yolo,580.173.02,GPU-d59cb1c4-ad97-d91a-6731-e7b5f38951a6
2026-08-16 04:58:49.088078,50.0,7,1g.11gb,,,,580.173.02,GPU-d59cb1c4-ad97-d91a-6731-e7b5f38951a6
2026-08-16 04:58:49.088078,50.0,8,1g.11gb,yolo-inference-755b67b9bb-ttrzf,default,yolo,580.173.02,GPU-d59cb1c4-ad97-d91a-6731-e7b5f38951a6
2026-08-16 04:58:49.088078,50.0,9,1g.11gb,yolo-inference-755b67b9bb-pwhtx,default,yolo,580.173.02,GPU-d59cb1c4-ad97-d91a-6731-e7b5f38951a6
2026-08-16 04:58:54.088029,50.0,10,1g.11gb,yolo-inference-755b67b9bb-sf8hz,default,yolo,580.173.02,GPU-d59cb1c4-ad97-d91a-6731-e7b5f38951a6
2026-08-16 04:58:54.088029,50.0,11,1g.11gb,yolo-inference-755b67b9bb-mdq5n,default,yolo,580.173.02,GPU-d59cb1c4-ad97-d91a-6731-e7b5f38951a6
2026-08-16 04:58:54.088029,50.0,12,1g.11gb,yolo-inference-755b67b9bb-l2sjx,default,yolo,580.173.02,GPU-d59cb1c4-ad97-d91a-6731-e7b5f38951a6
2026-08-16 04:58:54.088029,50.0,13,1g.11gb,yolo-inference-755b67b9bb-vgskt,default,yolo,580.173.02,GPU-d59cb1c4-ad97-d91a-6731-e7b5f38951a6
2026-08-16 04:58:54.088029,50.0,7,1g.11gb,,,,580.173.02,GPU-d59cb1c4-ad97-d91a-6731-e7b5f38951a6
2026-08-16 04:58:54.088029,50.0,8,1g.11gb,yolo-inference-755b67b9bb-ttrzf,default,yolo,580.173.02,GPU-d59cb1c4-ad97-d91a-6731-e7b5f38951a6
2026-08-16 04:58:54.088029,50.0,9,1g.11gb,yolo-inference-755b67b9bb-pwhtx,default,yolo,580.173.02,GPU-d59cb1c4-ad97-d91a-6731-e7b5f38951a6
2026-08-16 04:58:59.088032,50.0,10,1g.11gb,yolo-inference-755b67b9bb-sf8hz,default,yolo,580.173.02,GPU-d59cb1c4-ad97-d91a-6731-e7b5f38951a6
2026-08-16 04:58:59.088032,50.0,11,1g.11gb,yolo-inference-755b67b9bb-mdq5n,default,yolo,580.173.02,GPU-d59cb1c4-ad97-d91a-6731-e7b5f38951a6
2026-08-16 04:58:59.088032,50.0,12,1g.11gb,yolo-inference-755b67b9bb-l2sjx,default,yolo,580.173.02,GPU-d59cb1c4-ad97-d91a-6731-e7b5f38951a6
2026-08-16 04:58:59.088032,50.0,13,1g.11gb,yolo-inference-755b67b9bb-vgskt,default,yolo,580.173.02,GPU-d59cb1c4-ad97-d91a-6731-e7b5f38951a6
2026-08-16 04:58:59.088032,50.0,7,1g.11gb,,,,580.173.02,GPU-d59cb1c4-ad97-d91a-6731-e7b5f38951a6
2026-08-16 04:58:59.088032,50.0,8,1g.11gb,yolo-inference-755b67b9bb-ttrzf,default,yolo,580.173.02,GPU-d59cb1c4-ad97-d91a-6731-e7b5f38951a6
2026-08-16 04:58:59.088032,50.0,9,1g.11gb,yolo-inference-755b67b9bb-pwhtx,default,yolo,580.173.02,GPU-d59cb1c4-ad97-d91a-6731-e7b5f38951a6
2026-08-16 04:59:04.088046,50.0,10,1g.11gb,yolo-inference-755b67b9bb-sf8hz,default,yolo,580.173.02,GPU-d59cb1c4-ad97-d91a-6731-e7b5f38951a6
2026-08-16 04:59:04.088046,50.0,11,1g.11gb,yolo-inference-755b67b9bb-mdq5n,default,yolo,580.173.02,GPU-d59cb1c4-ad97-d91a-6731-e7b5f38951a6
2026-08-16 04:59:04.088046,50.0,12,1g.11gb,yolo-inference-755b67b9bb-l2sjx,default,yolo,580.173.02,GPU-d59cb1c4-ad97-d91a-6731-e7b5f38951a6
2026-08-16 04:59:04.088046,50.0,13,1g.11gb,yolo-inference-755b67b9bb-vgskt,default,yolo,580.173.02,GPU-d59cb1c4-ad97-d91a-6731-e7b5f38951a6
2026-08-16 04:59:04.088046,50.0,7,1g.11gb,,,,580.173.02,GPU-d59cb1c4-ad97-d91a-6731-e7b5f38951a6
2026-08-16 04:59:04.088046,50.0,8,1g.11gb,yolo-inference-755b67b9bb-ttrzf,default,yolo,580.173.02,GPU-d59cb1c4-ad97-d91a-6731-e7b5f38951a6
2026-08-16 04:59:04.088046,50.0,9,1g.11gb,yolo-inference-755b67b9bb-pwhtx,default,yolo,580.173.02,GPU-d59cb1c4-ad97-d91a-6731-e7b5f38951a6
2026-08-16 04:59:09.088026,50.0,10,1g.11gb,yolo-inference-755b67b9bb-sf8hz,default,yolo,580.173.02,GPU-d59cb1c4-ad97-d91a-6731-e7b5f38951a6
2026-08-16 04:59:09.088026,50.0,11,1g.11gb,yolo-inference-755b67b9bb-mdq5n,default,yolo,580.173.02,GPU-d59cb1c4-ad97-d91a-6731-e7b5f38951a6
2026-08-16 04:59:09.088026,50.0,12,1g.11gb,yolo-inference-755b67b9bb-l2sjx,default,yolo,580.173.02,GPU-d59cb1c4-ad97-d91a-6731-e7b5f38951a6
2026-08-16 04:59:09.088026,50.0,13,1g.11gb,yolo-inference-755b67b9bb-vgskt,default,yolo,580.173.02,GPU-d59cb1c4-ad97-d91a-6731-e7b5f38951a6
2026-08-16 04:59:09.088026,50.0,7,1g.11gb,,,,580.173.02,GPU-d59cb1c4-ad97-d91a-6731-e7b5f38951a6
2026-08-16 04:59:09.088026,50.0,8,1g.11gb,yolo-inference-755b67b9bb-ttrzf,default,yolo,580.173.02,GPU-d59cb1c4-ad97-d91a-6731-e7b5f38951a6
2026-08-16 04:59:09.088026,50.0,9,1g.11gb,yolo-inference-755b67b9bb-pwhtx,default,yolo,580.173.02,GPU-d59cb1c4-ad97-d91a-6731-e7b5f38951a6
2026-08-16 04:59:14.088057,50.0,10,1g.11gb,yolo-inference-755b67b9bb-sf8hz,default,yolo,580.173.02,GPU-d59cb1c4-ad97-d91a-6731-e7b5f38951a6
2026-08-16 04:59:14.088057,50.0,11,1g.11gb,yolo-inference-755b67b9bb-mdq5n,default,yolo,580.173.02,GPU-d59cb1c4-ad97-d91a-6731-e7b5f38951a6
2026-08-16 04:59:14.088057,50.0,12,1g.11gb,yolo-inference-755b67b9bb-l2sjx,default,yolo,580.173.02,GPU-d59cb1c4-ad97-d91a-6731-e7b5f38951a6
2026-08-16 04:59:14.088057,50.0,13,1g.11gb,yolo-inference-755b67b9bb-vgskt,default,yolo,580.173.02,GPU-d59cb1c4-ad97-d91a-6731-e7b5f38951a6
2026-08-16 04:59:14.088057,50.0,7,1g.11gb,,,,580.173.02,GPU-d59cb1c4-ad97-d91a-6731-e7b5f38951a6
2026-08-16 04:59:14.088057,50.0,8,1g.11gb,yolo-inference-755b67b9bb-ttrzf,default,yolo,580.173.02,GPU-d59cb1c4-ad97-d91a-6731-e7b5f38951a6
2026-08-16 04:59:14.088057,50.0,9,1g.11gb,yolo-inference-755b67b9bb-pwhtx,default,yolo,580.173.02,GPU-d59cb1c4-ad97-d91a-6731-e7b5f38951a6
2026-08-16 04:59:19.083407,50.0,10,1g.11gb,yolo-inference-755b67b9bb-sf8hz,default,yolo,580.173.02,GPU-d59cb1c4-ad97-d91a-6731-e7b5f38951a6
2026-08-16 04:59:19.083407,50.0,11,1g.11gb,yolo-inference-755b67b9bb-mdq5n,default,yolo,580.173.02,GPU-d59cb1c4-ad97-d91a-6731-e7b5f38951a6
2026-08-16 04:59:19.083407,50.0,12,1g.11gb,yolo-inference-755b67b9bb-l2sjx,default,yolo,580.173.02,GPU-d59cb1c4-ad97-d91a-6731-e7b5f38951a6
2026-08-16 04:59:19.083407,50.0,13,1g.11gb,yolo-inference-755b67b9bb-vgskt,default,yolo,580.173.02,GPU-d59cb1c4-ad97-d91a-6731-e7b5f38951a6
2026-08-16 04:59:19.083407,50.0,7,1g.11gb,,,,580.173.02,GPU-d59cb1c4-ad97-d91a-6731-e7b5f38951a6
2026-08-16 04:59:19.083407,50.0,8,1g.11gb,yolo-inference-755b67b9bb-ttrzf,default,yolo,580.173.02,GPU-d59cb1c4-ad97-d91a-6731-e7b5f38951a6
2026-08-16 04:59:19.083407,50.0,9,1g.11gb,yolo-inference-755b67b9bb-pwhtx,default,yolo,580.173.02,GPU-d59cb1c4-ad97-d91a-6731-e7b5f38951a6
2026-08-16 04:59:24.088033,50.0,10,1g.11gb,yolo-inference-755b67b9bb-sf8hz,default,yolo,580.173.02,GPU-d59cb1c4-ad97-d91a-6731-e7b5f38951a6
2026-08-16 04:59:24.088033,50.0,11,1g.11gb,yolo-inference-755b67b9bb-mdq5n,default,yolo,580.173.02,GPU-d59cb1c4-ad97-d91a-6731-e7b5f38951a6
2026-08-16 04:59:24.088033,50.0,12,1g.11gb,yolo-inference-755b67b9bb-l2sjx,default,yolo,580.173.02,GPU-d59cb1c4-ad97-d91a-6731-e7b5f38951a6
2026-08-16 04:59:24.088033,50.0,13,1g.11gb,yolo-inference-755b67b9bb-vgskt,default,yolo,580.173.02,GPU-d59cb1c4-ad97-d91a-6731-e7b5f38951a6
2026-08-16 04:59:24.088033,50.0,7,1g.11gb,,,,580.173.02,GPU-d59cb1c4-ad97-d91a-6731-e7b5f38951a6
2026-08-16 04:59:24.088033,50.0,8,1g.11gb,yolo-inference-755b67b9bb-ttrzf,default,yolo,580.173.02,GPU-d59cb1c4-ad97-d91a-6731-e7b5f38951a6
2026-08-16 04:59:24.088033,50.0,9,1g.11gb,yolo-inference-755b67b9bb-pwhtx,default,yolo,580.173.02,GPU-d59cb1c4-ad97-d91a-6731-e7b5f38951a6
2026-08-16 04:59:29.087210,50.0,10,1g.11gb,yolo-inference-755b67b9bb-sf8hz,default,yolo,580.173.02,GPU-d59cb1c4-ad97-d91a-6731-e7b5f38951a6
2026-08-16 04:59:29.087210,50.0,11,1g.11gb,yolo-inference-755b67b9bb-mdq5n,default,yolo,580.173.02,GPU-d59cb1c4-ad97-d91a-6731-e7b5f38951a6
2026-08-16 04:59:29.087210,50.0,12,1g.11gb,yolo-inference-755b67b9bb-l2sjx,default,yolo,580.173.02,GPU-d59cb1c4-ad97-d91a-6731-e7b5f38951a6
2026-08-16 04:59:29.087210,50.0,13,1g.11gb,yolo-inference-755b67b9bb-vgskt,default,yolo,580.173.02,GPU-d59cb1c4-ad97-d91a-6731-e7b5f38951a6
2026-08-16 04:59:29.087210,50.0,7,1g.11gb,,,,580.173.02,GPU-d59cb1c4-ad97-d91a-6731-e7b5f38951a6
2026-08-16 04:59:29.087210,50.0,8,1g.11gb,yolo-inference-755b67b9bb-ttrzf,default,yolo,580.173.02,GPU-d59cb1c4-ad97-d91a-6731-e7b5f38951a6
2026-08-16 04:59:29.087210,50.0,9,1g.11gb,yolo-inference-755b67b9bb-pwhtx,default,yolo,580.173.02,GPU-d59cb1c4-ad97-d91a-6731-e7b5f38951a6
2026-08-16 04:59:34.088025,50.0,10,1g.11gb,yolo-inference-755b67b9bb-sf8hz,default,yolo,580.173.02,GPU-d59cb1c4-ad97-d91a-6731-e7b5f38951a6
2026-08-16 04:59:34.088025,50.0,11,1g.11gb,yolo-inference-755b67b9bb-mdq5n,default,yolo,580.173.02,GPU-d59cb1c4-ad97-d91a-6731-e7b5f38951a6
2026-08-16 04:59:34.088025,50.0,12,1g.11gb,yolo-inference-755b67b9bb-l2sjx,default,yolo,580.173.02,GPU-d59cb1c4-ad97-d91a-6731-e7b5f38951a6
2026-08-16 04:59:34.088025,50.0,13,1g.11gb,yolo-inference-755b67b9bb-vgskt,default,yolo,580.173.02,GPU-d59cb1c4-ad97-d91a-6731-e7b5f38951a6
2026-08-16 04:59:34.088025,50.0,7,1g.11gb,,,,580.173.02,GPU-d59cb1c4-ad97-d91a-6731-e7b5f38951a6
2026-08-16 04:59:34.088025,50.0,8,1g.11gb,yolo-inference-755b67b9bb-ttrzf,default,yolo,580.173.02,GPU-d59cb1c4-ad97-d91a-6731-e7b5f38951a6
2026-08-16 04:59:34.088025,50.0,9,1g.11gb,yolo-inference-755b67b9bb-pwhtx,default,yolo,580.173.02,GPU-d59cb1c4-ad97-d91a-6731-e7b5f38951a6
2026-08-16 04:59:39.084185,50.0,10,1g.11gb,yolo-inference-755b67b9bb-sf8hz,default,yolo,580.173.02,GPU-d59cb1c4-ad97-d91a-6731-e7b5f38951a6
2026-08-16 04:59:39.084185,50.0,11,1g.11gb,yolo-inference-755b67b9bb-mdq5n,default,yolo,580.173.02,GPU-d59cb1c4-ad97-d91a-6731-e7b5f38951a6
2026-08-16 04:59:39.084185,50.0,12,1g.11gb,yolo-inference-755b67b9bb-l2sjx,default,yolo,580.173.02,GPU-d59cb1c4-ad97-d91a-6731-e7b5f38951a6
2026-08-16 04:59:39.084185,50.0,13,1g.11gb,yolo-inference-755b67b9bb-vgskt,default,yolo,580.173.02,GPU-d59cb1c4-ad97-d91a-6731-e7b5f38951a6
2026-08-16 04:59:39.084185,50.0,7,1g.11gb,,,,580.173.02,GPU-d59cb1c4-ad97-d91a-6731-e7b5f38951a6
2026-08-16 04:59:39.084185,50.0,8,1g.11gb,yolo-inference-755b67b9bb-ttrzf,default,yolo,580.173.02,GPU-d59cb1c4-ad97-d91a-6731-e7b5f38951a6
2026-08-16 04:59:39.084185,50.0,9,1g.11gb,yolo-inference-755b67b9bb-pwhtx,default,yolo,580.173.02,GPU-d59cb1c4-ad97-d91a-6731-e7b5f38951a6
2026-08-16 04:59:44.088029,50.0,10,1g.11gb,yolo-inference-755b67b9bb-sf8hz,default,yolo,580.173.02,GPU-d59cb1c4-ad97-d91a-6731-e7b5f38951a6
2026-08-16 04:59:44.088029,50.0,11,1g.11gb,yolo-inference-755b67b9bb-mdq5n,default,yolo,580.173.02,GPU-d59cb1c4-ad97-d91a-6731-e7b5f38951a6
2026-08-16 04:59:44.088029,50.0,12,1g.11gb,yolo-inference-755b67b9bb-l2sjx,default,yolo,580.173.02,GPU-d59cb1c4-ad97-d91a-6731-e7b5f38951a6
2026-08-16 04:59:44.088029,50.0,13,1g.11gb,yolo-inference-755b67b9bb-vgskt,default,yolo,580.173.02,GPU-d59cb1c4-ad97-d91a-6731-e7b5f38951a6
2026-08-16 04:59:44.088029,50.0,7,1g.11gb,,,,580.173.02,GPU-d59cb1c4-ad97-d91a-6731-e7b5f38951a6
2026-08-16 04:59:44.088029,50.0,8,1g.11gb,yolo-inference-755b67b9bb-ttrzf,default,yolo,580.173.02,GPU-d59cb1c4-ad97-d91a-6731-e7b5f38951a6
2026-08-16 04:59:44.088029,50.0,9,1g.11gb,yolo-inference-755b67b9bb-pwhtx,default,yolo,580.173.02,GPU-d59cb1c4-ad97-d91a-6731-e7b5f38951a6
2026-08-16 04:59:49.084302,50.0,10,1g.11gb,yolo-inference-755b67b9bb-sf8hz,default,yolo,580.173.02,GPU-d59cb1c4-ad97-d91a-6731-e7b5f38951a6
2026-08-16 04:59:49.084302,50.0,11,1g.11gb,yolo-inference-755b67b9bb-mdq5n,default,yolo,580.173.02,GPU-d59cb1c4-ad97-d91a-6731-e7b5f38951a6
2026-08-16 04:59:49.084302,50.0,12,1g.11gb,yolo-inference-755b67b9bb-l2sjx,default,yolo,580.173.02,GPU-d59cb1c4-ad97-d91a-6731-e7b5f38951a6
2026-08-16 04:59:49.084302,50.0,13,1g.11gb,yolo-inference-755b67b9bb-vgskt,default,yolo,580.173.02,GPU-d59cb1c4-ad97-d91a-6731-e7b5f38951a6
2026-08-16 04:59:49.084302,50.0,7,1g.11gb,,,,580.173.02,GPU-d59cb1c4-ad97-d91a-6731-e7b5f38951a6
2026-08-16 04:59:49.084302,50.0,8,1g.11gb,yolo-inference-755b67b9bb-ttrzf,default,yolo,580.173.02,GPU-d59cb1c4-ad97-d91a-6731-e7b5f38951a6
2026-08-16 04:59:49.084302,50.0,9,1g.11gb,yolo-inference-755b67b9bb-pwhtx,default,yolo,580.173.02,GPU-d59cb1c4-ad97-d91a-6731-e7b5f38951a6
2026-08-16 04:59:54.084180,50.0,10,1g.11gb,yolo-inference-755b67b9bb-sf8hz,default,yolo,580.173.02,GPU-d59cb1c4-ad97-d91a-6731-e7b5f38951a6
2026-08-16 04:59:54.084180,50.0,11,1g.11gb,yolo-inference-755b67b9bb-mdq5n,default,yolo,580.173.02,GPU-d59cb1c4-ad97-d91a-6731-e7b5f38951a6
2026-08-16 04:59:54.084180,50.0,12,1g.11gb,yolo-inference-755b67b9bb-l2sjx,default,yolo,580.173.02,GPU-d59cb1c4-ad97-d91a-6731-e7b5f38951a6
2026-08-16 04:59:54.084180,50.0,13,1g.11gb,yolo-inference-755b67b9bb-vgskt,default,yolo,580.173.02,GPU-d59cb1c4-ad97-d91a-6731-e7b5f38951a6
2026-08-16 04:59:54.084180,50.0,7,1g.11gb,,,,580.173.02,GPU-d59cb1c4-ad97-d91a-6731-e7b5f38951a6
2026-08-16 04:59:54.084180,50.0,8,1g.11gb,yolo-inference-755b67b9bb-ttrzf,default,yolo,580.173.02,GPU-d59cb1c4-ad97-d91a-6731-e7b5f38951a6
2026-08-16 04:59:54.084180,50.0,9,1g.11gb,yolo-inference-755b67b9bb-pwhtx,default,yolo,580.173.02,GPU-d59cb1c4-ad97-d91a-6731-e7b5f38951a6
2026-08-16 04:59:59.087556,50.0,10,1g.11gb,yolo-inference-755b67b9bb-sf8hz,default,yolo,580.173.02,GPU-d59cb1c4-ad97-d91a-6731-e7b5f38951a6
2026-08-16 04:59:59.087556,50.0,11,1g.11gb,yolo-inference-755b67b9bb-mdq5n,default,yolo,580.173.02,GPU-d59cb1c4-ad97-d91a-6731-e7b5f38951a6
2026-08-16 04:59:59.087556,50.0,12,1g.11gb,yolo-inference-755b67b9bb-l2sjx,default,yolo,580.173.02,GPU-d59cb1c4-ad97-d91a-6731-e7b5f38951a6
2026-08-16 04:59:59.087556,50.0,13,1g.11gb,yolo-inference-755b67b9bb-vgskt,default,yolo,580.173.02,GPU-d59cb1c4-ad97-d91a-6731-e7b5f38951a6
2026-08-16 04:59:59.087556,50.0,7,1g.11gb,,,,580.173.02,GPU-d59cb1c4-ad97-d91a-6731-e7b5f38951a6
2026-08-16 04:59:59.087556,50.0,8,1g.11gb,yolo-inference-755b67b9bb-ttrzf,default,yolo,580.173.02,GPU-d59cb1c4-ad97-d91a-6731-e7b5f38951a6
2026-08-16 04:59:59.087556,50.0,9,1g.11gb,yolo-inference-755b67b9bb-pwhtx,default,yolo,580.173.02,GPU-d59cb1c4-ad97-d91a-6731-e7b5f38951a6
2026-08-16 05:00:04.087877,50.0,10,1g.11gb,yolo-inference-755b67b9bb-sf8hz,default,yolo,580.173.02,GPU-d59cb1c4-ad97-d91a-6731-e7b5f38951a6
2026-08-16 05:00:04.087877,50.0,11,1g.11gb,yolo-inference-755b67b9bb-mdq5n,default,yolo,580.173.02,GPU-d59cb1c4-ad97-d91a-6731-e7b5f38951a6
2026-08-16 05:00:04.087877,50.0,12,1g.11gb,yolo-inference-755b67b9bb-l2sjx,default,yolo,580.173.02,GPU-d59cb1c4-ad97-d91a-6731-e7b5f38951a6
2026-08-16 05:00:04.087877,50.0,13,1g.11gb,yolo-inference-755b67b9bb-vgskt,default,yolo,580.173.02,GPU-d59cb1c4-ad97-d91a-6731-e7b5f38951a6
2026-08-16 05:00:04.087877,50.0,7,1g.11gb,,,,580.173.02,GPU-d59cb1c4-ad97-d91a-6731-e7b5f38951a6
2026-08-16 05:00:04.087877,50.0,8,1g.11gb,yolo-inference-755b67b9bb-ttrzf,default,yolo,580.173.02,GPU-d59cb1c4-ad97-d91a-6731-e7b5f38951a6
2026-08-16 05:00:04.087877,50.0,9,1g.11gb,yolo-inference-755b67b9bb-pwhtx,default,yolo,580.173.02,GPU-d59cb1c4-ad97-d91a-6731-e7b5f38951a6
2026-08-16 05:00:09.086963,50.0,10,1g.11gb,yolo-inference-755b67b9bb-sf8hz,default,yolo,580.173.02,GPU-d59cb1c4-ad97-d91a-6731-e7b5f38951a6
2026-08-16 05:00:09.086963,50.0,11,1g.11gb,yolo-inference-755b67b9bb-mdq5n,default,yolo,580.173.02,GPU-d59cb1c4-ad97-d91a-6731-e7b5f38951a6
2026-08-16 05:00:09.086963,50.0,12,1g.11gb,yolo-inference-755b67b9bb-l2sjx,default,yolo,580.173.02,GPU-d59cb1c4-ad97-d91a-6731-e7b5f38951a6
2026-08-16 05:00:09.086963,50.0,13,1g.11gb,yolo-inference-755b67b9bb-vgskt,default,yolo,580.173.02,GPU-d59cb1c4-ad97-d91a-6731-e7b5f38951a6
2026-08-16 05:00:09.086963,50.0,7,1g.11gb,,,,580.173.02,GPU-d59cb1c4-ad97-d91a-6731-e7b5f38951a6
2026-08-16 05:00:09.086963,50.0,8,1g.11gb,yolo-inference-755b67b9bb-ttrzf,default,yolo,580.173.02,GPU-d59cb1c4-ad97-d91a-6731-e7b5f38951a6
2026-08-16 05:00:09.086963,50.0,9,1g.11gb,yolo-inference-755b67b9bb-pwhtx,default,yolo,580.173.02,GPU-d59cb1c4-ad97-d91a-6731-e7b5f38951a6
2026-08-16 05:00:14.088034,50.0,10,1g.11gb,yolo-inference-755b67b9bb-sf8hz,default,yolo,580.173.02,GPU-d59cb1c4-ad97-d91a-6731-e7b5f38951a6
2026-08-16 05:00:14.088034,50.0,11,1g.11gb,yolo-inference-755b67b9bb-mdq5n,default,yolo,580.173.02,GPU-d59cb1c4-ad97-d91a-6731-e7b5f38951a6
2026-08-16 05:00:14.088034,50.0,12,1g.11gb,yolo-inference-755b67b9bb-l2sjx,default,yolo,580.173.02,GPU-d59cb1c4-ad97-d91a-6731-e7b5f38951a6
2026-08-16 05:00:14.088034,50.0,13,1g.11gb,yolo-inference-755b67b9bb-vgskt,default,yolo,580.173.02,GPU-d59cb1c4-ad97-d91a-6731-e7b5f38951a6
2026-08-16 05:00:14.088034,50.0,7,1g.11gb,,,,580.173.02,GPU-d59cb1c4-ad97-d91a-6731-e7b5f38951a6
2026-08-16 05:00:14.088034,50.0,8,1g.11gb,yolo-inference-755b67b9bb-ttrzf,default,yolo,580.173.02,GPU-d59cb1c4-ad97-d91a-6731-e7b5f38951a6
2026-08-16 05:00:14.088034,50.0,9,1g.11gb,yolo-inference-755b67b9bb-pwhtx,default,yolo,580.173.02,GPU-d59cb1c4-ad97-d91a-6731-e7b5f38951a6
2026-08-16 05:00:19.088053,50.0,10,1g.11gb,yolo-inference-755b67b9bb-sf8hz,default,yolo,580.173.02,GPU-d59cb1c4-ad97-d91a-6731-e7b5f38951a6
2026-08-16 05:00:19.088053,50.0,11,1g.11gb,yolo-inference-755b67b9bb-mdq5n,default,yolo,580.173.02,GPU-d59cb1c4-ad97-d91a-6731-e7b5f38951a6
2026-08-16 05:00:19.088053,50.0,12,1g.11gb,yolo-inference-755b67b9bb-l2sjx,default,yolo,580.173.02,GPU-d59cb1c4-ad97-d91a-6731-e7b5f38951a6
2026-08-16 05:00:19.088053,50.0,13,1g.11gb,yolo-inference-755b67b9bb-vgskt,default,yolo,580.173.02,GPU-d59cb1c4-ad97-d91a-6731-e7b5f38951a6
2026-08-16 05:00:19.088053,50.0,7,1g.11gb,,,,580.173.02,GPU-d59cb1c4-ad97-d91a-6731-e7b5f38951a6
2026-08-16 05:00:19.088053,50.0,8,1g.11gb,yolo-inference-755b67b9bb-ttrzf,default,yolo,580.173.02,GPU-d59cb1c4-ad97-d91a-6731-e7b5f38951a6
2026-08-16 05:00:19.088053,50.0,9,1g.11gb,yolo-inference-755b67b9bb-pwhtx,default,yolo,580.173.02,GPU-d59cb1c4-ad97-d91a-6731-e7b5f38951a6
2026-08-16 05:00:24.084093,50.0,10,1g.11gb,yolo-inference-755b67b9bb-sf8hz,default,yolo,580.173.02,GPU-d59cb1c4-ad97-d91a-6731-e7b5f38951a6
2026-08-16 05:00:24.084093,50.0,11,1g.11gb,yolo-inference-755b67b9bb-mdq5n,default,yolo,580.173.02,GPU-d59cb1c4-ad97-d91a-6731-e7b5f38951a6
2026-08-16 05:00:24.084093,50.0,12,1g.11gb,yolo-inference-755b67b9bb-l2sjx,default,yolo,580.173.02,GPU-d59cb1c4-ad97-d91a-6731-e7b5f38951a6
2026-08-16 05:00:24.084093,50.0,13,1g.11gb,yolo-inference-755b67b9bb-vgskt,default,yolo,580.173.02,GPU-d59cb1c4-ad97-d91a-6731-e7b5f38951a6
2026-08-16 05:00:24.084093,50.0,7,1g.11gb,,,,580.173.02,GPU-d59cb1c4-ad97-d91a-6731-e7b5f38951a6
2026-08-16 05:00:24.084093,50.0,8,1g.11gb,yolo-inference-755b67b9bb-ttrzf,default,yolo,580.173.02,GPU-d59cb1c4-ad97-d91a-6731-e7b5f38951a6
2026-08-16 05:00:24.084093,50.0,9,1g.11gb,yolo-inference-755b67b9bb-pwhtx,default,yolo,580.173.02,GPU-d59cb1c4-ad97-d91a-6731-e7b5f38951a6
2026-08-16 05:00:29.088036,50.0,10,1g.11gb,yolo-inference-755b67b9bb-sf8hz,default,yolo,580.173.02,GPU-d59cb1c4-ad97-d91a-6731-e7b5f38951a6
2026-08-16 05:00:29.088036,50.0,11,1g.11gb,yolo-inference-755b67b9bb-mdq5n,default,yolo,580.173.02,GPU-d59cb1c4-ad97-d91a-6731-e7b5f38951a6
2026-08-16 05:00:29.088036,50.0,12,1g.11gb,yolo-inference-755b67b9bb-l2sjx,default,yolo,580.173.02,GPU-d59cb1c4-ad97-d91a-6731-e7b5f38951a6
2026-08-16 05:00:29.088036,50.0,13,1g.11gb,yolo-inference-755b67b9bb-vgskt,default,yolo,580.173.02,GPU-d59cb1c4-ad97-d91a-6731-e7b5f38951a6
2026-08-16 05:00:29.088036,50.0,7,1g.11gb,,,,580.173.02,GPU-d59cb1c4-ad97-d91a-6731-e7b5f38951a6
2026-08-16 05:00:29.088036,50.0,8,1g.11gb,yolo-inference-755b67b9bb-ttrzf,default,yolo,580.173.02,GPU-d59cb1c4-ad97-d91a-6731-e7b5f38951a6
2026-08-16 05:00:29.088036,50.0,9,1g.11gb,yolo-inference-755b67b9bb-pwhtx,default,yolo,580.173.02,GPU-d59cb1c4-ad97-d91a-6731-e7b5f38951a6
2026-08-16 05:00:34.086775,50.0,10,1g.11gb,yolo-inference-755b67b9bb-sf8hz,default,yolo,580.173.02,GPU-d59cb1c4-ad97-d91a-6731-e7b5f38951a6
2026-08-16 05:00:34.086775,50.0,11,1g.11gb,yolo-inference-755b67b9bb-mdq5n,default,yolo,580.173.02,GPU-d59cb1c4-ad97-d91a-6731-e7b5f38951a6
2026-08-16 05:00:34.086775,50.0,12,1g.11gb,yolo-inference-755b67b9bb-l2sjx,default,yolo,580.173.02,GPU-d59cb1c4-ad97-d91a-6731-e7b5f38951a6
2026-08-16 05:00:34.086775,50.0,13,1g.11gb,yolo-inference-755b67b9bb-vgskt,default,yolo,580.173.02,GPU-d59cb1c4-ad97-d91a-6731-e7b5f38951a6
2026-08-16 05:00:34.086775,50.0,7,1g.11gb,,,,580.173.02,GPU-d59cb1c4-ad97-d91a-6731-e7b5f38951a6
2026-08-16 05:00:34.086775,50.0,8,1g.11gb,yolo-inference-755b67b9bb-ttrzf,default,yolo,580.173.02,GPU-d59cb1c4-ad97-d91a-6731-e7b5f38951a6
2026-08-16 05:00:34.086775,50.0,9,1g.11gb,yolo-inference-755b67b9bb-pwhtx,default,yolo,580.173.02,GPU-d59cb1c4-ad97-d91a-6731-e7b5f38951a6
2026-08-16 05:00:39.085754,50.0,10,1g.11gb,yolo-inference-755b67b9bb-sf8hz,default,yolo,580.173.02,GPU-d59cb1c4-ad97-d91a-6731-e7b5f38951a6
2026-08-16 05:00:39.085754,50.0,11,1g.11gb,yolo-inference-755b67b9bb-mdq5n,default,yolo,580.173.02,GPU-d59cb1c4-ad97-d91a-6731-e7b5f38951a6
2026-08-16 05:00:39.085754,50.0,12,1g.11gb,yolo-inference-755b67b9bb-l2sjx,default,yolo,580.173.02,GPU-d59cb1c4-ad97-d91a-6731-e7b5f38951a6
2026-08-16 05:00:39.085754,50.0,13,1g.11gb,yolo-inference-755b67b9bb-vgskt,default,yolo,580.173.02,GPU-d59cb1c4-ad97-d91a-6731-e7b5f38951a6
2026-08-16 05:00:39.085754,50.0,7,1g.11gb,,,,580.173.02,GPU-d59cb1c4-ad97-d91a-6731-e7b5f38951a6
2026-08-16 05:00:39.085754,50.0,8,1g.11gb,yolo-inference-755b67b9bb-ttrzf,default,yolo,580.173.02,GPU-d59cb1c4-ad97-d91a-6731-e7b5f38951a6
2026-08-16 05:00:39.085754,50.0,9,1g.11gb,yolo-inference-755b67b9bb-pwhtx,default,yolo,580.173.02,GPU-d59cb1c4-ad97-d91a-6731-e7b5f38951a6
2026-08-16 05:00:44.088048,50.0,10,1g.11gb,yolo-inference-755b67b9bb-sf8hz,default,yolo,580.173.02,GPU-d59cb1c4-ad97-d91a-6731-e7b5f38951a6
2026-08-16 05:00:44.088048,50.0,11,1g.11gb,yolo-inference-755b67b9bb-mdq5n,default,yolo,580.173.02,GPU-d59cb1c4-ad97-d91a-6731-e7b5f38951a6
2026-08-16 05:00:44.088048,50.0,12,1g.11gb,yolo-inference-755b67b9bb-l2sjx,default,yolo,580.173.02,GPU-d59cb1c4-ad97-d91a-6731-e7b5f38951a6
2026-08-16 05:00:44.088048,50.0,13,1g.11gb,yolo-inference-755b67b9bb-vgskt,default,yolo,580.173.02,GPU-d59cb1c4-ad97-d91a-6731-e7b5f38951a6
2026-08-16 05:00:44.088048,50.0,7,1g.11gb,,,,580.173.02,GPU-d59cb1c4-ad97-d91a-6731-e7b5f38951a6
2026-08-16 05:00:44.088048,50.0,8,1g.11gb,yolo-inference-755b67b9bb-ttrzf,default,yolo,580.173.02,GPU-d59cb1c4-ad97-d91a-6731-e7b5f38951a6
2026-08-16 05:00:44.088048,50.0,9,1g.11gb,yolo-inference-755b67b9bb-pwhtx,default,yolo,580.173.02,GPU-d59cb1c4-ad97-d91a-6731-e7b5f38951a6
2026-08-16 05:00:49.088028,50.0,10,1g.11gb,yolo-inference-755b67b9bb-sf8hz,default,yolo,580.173.02,GPU-d59cb1c4-ad97-d91a-6731-e7b5f38951a6
2026-08-16 05:00:49.088028,50.0,11,1g.11gb,yolo-inference-755b67b9bb-mdq5n,default,yolo,580.173.02,GPU-d59cb1c4-ad97-d91a-6731-e7b5f38951a6
2026-08-16 05:00:49.088028,50.0,12,1g.11gb,yolo-inference-755b67b9bb-l2sjx,default,yolo,580.173.02,GPU-d59cb1c4-ad97-d91a-6731-e7b5f38951a6
2026-08-16 05:00:49.088028,50.0,13,1g.11gb,yolo-inference-755b67b9bb-vgskt,default,yolo,580.173.02,GPU-d59cb1c4-ad97-d91a-6731-e7b5f38951a6
2026-08-16 05:00:49.088028,50.0,7,1g.11gb,,,,580.173.02,GPU-d59cb1c4-ad97-d91a-6731-e7b5f38951a6
2026-08-16 05:00:49.088028,50.0,8,1g.11gb,yolo-inference-755b67b9bb-ttrzf,default,yolo,580.173.02,GPU-d59cb1c4-ad97-d91a-6731-e7b5f38951a6
2026-08-16 05:00:49.088028,50.0,9,1g.11gb,yolo-inference-755b67b9bb-pwhtx,default,yolo,580.173.02,GPU-d59cb1c4-ad97-d91a-6731-e7b5f38951a6
2026-08-16 05:00:54.088023,50.0,10,1g.11gb,yolo-inference-755b67b9bb-sf8hz,default,yolo,580.173.02,GPU-d59cb1c4-ad97-d91a-6731-e7b5f38951a6
2026-08-16 05:00:54.088023,50.0,11,1g.11gb,yolo-inference-755b67b9bb-mdq5n,default,yolo,580.173.02,GPU-d59cb1c4-ad97-d91a-6731-e7b5f38951a6
2026-08-16 05:00:54.088023,50.0,12,1g.11gb,yolo-inference-755b67b9bb-l2sjx,default,yolo,580.173.02,GPU-d59cb1c4-ad97-d91a-6731-e7b5f38951a6
2026-08-16 05:00:54.088023,50.0,13,1g.11gb,yolo-inference-755b67b9bb-vgskt,default,yolo,580.173.02,GPU-d59cb1c4-ad97-d91a-6731-e7b5f38951a6
2026-08-16 05:00:54.088023,50.0,7,1g.11gb,,,,580.173.02,GPU-d59cb1c4-ad97-d91a-6731-e7b5f38951a6
2026-08-16 05:00:54.088023,50.0,8,1g.11gb,yolo-inference-755b67b9bb-ttrzf,default,yolo,580.173.02,GPU-d59cb1c4-ad97-d91a-6731-e7b5f38951a6
2026-08-16 05:00:54.088023,50.0,9,1g.11gb,yolo-inference-755b67b9bb-pwhtx,default,yolo,580.173.02,GPU-d59cb1c4-ad97-d91a-6731-e7b5f38951a6
2026-08-16 05:00:59.083293,50.0,10,1g.11gb,yolo-inference-755b67b9bb-sf8hz,default,yolo,580.173.02,GPU-d59cb1c4-ad97-d91a-6731-e7b5f38951a6
2026-08-16 05:00:59.083293,50.0,11,1g.11gb,yolo-inference-755b67b9bb-mdq5n,default,yolo,580.173.02,GPU-d59cb1c4-ad97-d91a-6731-e7b5f38951a6
2026-08-16 05:00:59.083293,50.0,12,1g.11gb,yolo-inference-755b67b9bb-l2sjx,default,yolo,580.173.02,GPU-d59cb1c4-ad97-d91a-6731-e7b5f38951a6
2026-08-16 05:00:59.083293,50.0,13,1g.11gb,yolo-inference-755b67b9bb-vgskt,default,yolo,580.173.02,GPU-d59cb1c4-ad97-d91a-6731-e7b5f38951a6
2026-08-16 05:00:59.083293,50.0,7,1g.11gb,,,,580.173.02,GPU-d59cb1c4-ad97-d91a-6731-e7b5f38951a6
2026-08-16 05:00:59.083293,50.0,8,1g.11gb,yolo-inference-755b67b9bb-ttrzf,default,yolo,580.173.02,GPU-d59cb1c4-ad97-d91a-6731-e7b5f38951a6
2026-08-16 05:00:59.083293,50.0,9,1g.11gb,yolo-inference-755b67b9bb-pwhtx,default,yolo,580.173.02,GPU-d59cb1c4-ad97-d91a-6731-e7b5f38951a6
2026-08-16 05:01:04.087139,50.0,10,1g.11gb,yolo-inference-755b67b9bb-sf8hz,default,yolo,580.173.02,GPU-d59cb1c4-ad97-d91a-6731-e7b5f38951a6
2026-08-16 05:01:04.087139,50.0,11,1g.11gb,yolo-inference-755b67b9bb-mdq5n,default,yolo,580.173.02,GPU-d59cb1c4-ad97-d91a-6731-e7b5f38951a6
2026-08-16 05:01:04.087139,50.0,12,1g.11gb,yolo-inference-755b67b9bb-l2sjx,default,yolo,580.173.02,GPU-d59cb1c4-ad97-d91a-6731-e7b5f38951a6
2026-08-16 05:01:04.087139,50.0,13,1g.11gb,yolo-inference-755b67b9bb-vgskt,default,yolo,580.173.02,GPU-d59cb1c4-ad97-d91a-6731-e7b5f38951a6
2026-08-16 05:01:04.087139,50.0,7,1g.11gb,,,,580.173.02,GPU-d59cb1c4-ad97-d91a-6731-e7b5f38951a6
2026-08-16 05:01:04.087139,50.0,8,1g.11gb,yolo-inference-755b67b9bb-ttrzf,default,yolo,580.173.02,GPU-d59cb1c4-ad97-d91a-6731-e7b5f38951a6
2026-08-16 05:01:04.087139,50.0,9,1g.11gb,yolo-inference-755b67b9bb-pwhtx,default,yolo,580.173.02,GPU-d59cb1c4-ad97-d91a-6731-e7b5f38951a6
2026-08-16 05:01:09.083686,50.0,10,1g.11gb,yolo-inference-755b67b9bb-sf8hz,default,yolo,580.173.02,GPU-d59cb1c4-ad97-d91a-6731-e7b5f38951a6
2026-08-16 05:01:09.083686,50.0,11,1g.11gb,yolo-inference-755b67b9bb-mdq5n,default,yolo,580.173.02,GPU-d59cb1c4-ad97-d91a-6731-e7b5f38951a6
2026-08-16 05:01:09.083686,50.0,12,1g.11gb,yolo-inference-755b67b9bb-l2sjx,default,yolo,580.173.02,GPU-d59cb1c4-ad97-d91a-6731-e7b5f38951a6
2026-08-16 05:01:09.083686,50.0,13,1g.11gb,yolo-inference-755b67b9bb-vgskt,default,yolo,580.173.02,GPU-d59cb1c4-ad97-d91a-6731-e7b5f38951a6
2026-08-16 05:01:09.083686,50.0,7,1g.11gb,,,,580.173.02,GPU-d59cb1c4-ad97-d91a-6731-e7b5f38951a6
2026-08-16 05:01:09.083686,50.0,8,1g.11gb,yolo-inference-755b67b9bb-ttrzf,default,yolo,580.173.02,GPU-d59cb1c4-ad97-d91a-6731-e7b5f38951a6
2026-08-16 05:01:09.083686,50.0,9,1g.11gb,yolo-inference-755b67b9bb-pwhtx,default,yolo,580.173.02,GPU-d59cb1c4-ad97-d91a-6731-e7b5f38951a6
2026-08-16 05:01:14.088027,50.0,10,1g.11gb,yolo-inference-755b67b9bb-sf8hz,default,yolo,580.173.02,GPU-d59cb1c4-ad97-d91a-6731-e7b5f38951a6
2026-08-16 05:01:14.088027,50.0,11,1g.11gb,yolo-inference-755b67b9bb-mdq5n,default,yolo,580.173.02,GPU-d59cb1c4-ad97-d91a-6731-e7b5f38951a6
2026-08-16 05:01:14.088027,50.0,12,1g.11gb,yolo-inference-755b67b9bb-l2sjx,default,yolo,580.173.02,GPU-d59cb1c4-ad97-d91a-6731-e7b5f38951a6
2026-08-16 05:01:14.088027,50.0,13,1g.11gb,yolo-inference-755b67b9bb-vgskt,default,yolo,580.173.02,GPU-d59cb1c4-ad97-d91a-6731-e7b5f38951a6
2026-08-16 05:01:14.088027,50.0,7,1g.11gb,,,,580.173.02,GPU-d59cb1c4-ad97-d91a-6731-e7b5f38951a6
2026-08-16 05:01:14.088027,50.0,8,1g.11gb,yolo-inference-755b67b9bb-ttrzf,default,yolo,580.173.02,GPU-d59cb1c4-ad97-d91a-6731-e7b5f38951a6
2026-08-16 05:01:14.088027,50.0,9,1g.11gb,yolo-inference-755b67b9bb-pwhtx,default,yolo,580.173.02,GPU-d59cb1c4-ad97-d91a-6731-e7b5f38951a6
2026-08-16 05:01:19.088015,50.0,10,1g.11gb,yolo-inference-755b67b9bb-sf8hz,default,yolo,580.173.02,GPU-d59cb1c4-ad97-d91a-6731-e7b5f38951a6
2026-08-16 05:01:19.088015,50.0,11,1g.11gb,yolo-inference-755b67b9bb-mdq5n,default,yolo,580.173.02,GPU-d59cb1c4-ad97-d91a-6731-e7b5f38951a6
2026-08-16 05:01:19.088015,50.0,12,1g.11gb,yolo-inference-755b67b9bb-l2sjx,default,yolo,580.173.02,GPU-d59cb1c4-ad97-d91a-6731-e7b5f38951a6
2026-08-16 05:01:19.088015,50.0,13,1g.11gb,yolo-inference-755b67b9bb-vgskt,default,yolo,580.173.02,GPU-d59cb1c4-ad97-d91a-6731-e7b5f38951a6
2026-08-16 05:01:19.088015,50.0,7,1g.11gb,,,,580.173.02,GPU-d59cb1c4-ad97-d91a-6731-e7b5f38951a6
2026-08-16 05:01:19.088015,50.0,8,1g.11gb,yolo-inference-755b67b9bb-ttrzf,default,yolo,580.173.02,GPU-d59cb1c4-ad97-d91a-6731-e7b5f38951a6
2026-08-16 05:01:19.088015,50.0,9,1g.11gb,yolo-inference-755b67b9bb-pwhtx,default,yolo,580.173.02,GPU-d59cb1c4-ad97-d91a-6731-e7b5f38951a6
2026-08-16 05:01:24.086203,50.0,10,1g.11gb,yolo-inference-755b67b9bb-sf8hz,default,yolo,580.173.02,GPU-d59cb1c4-ad97-d91a-6731-e7b5f38951a6
2026-08-16 05:01:24.086203,50.0,11,1g.11gb,yolo-inference-755b67b9bb-mdq5n,default,yolo,580.173.02,GPU-d59cb1c4-ad97-d91a-6731-e7b5f38951a6
2026-08-16 05:01:24.086203,50.0,12,1g.11gb,yolo-inference-755b67b9bb-l2sjx,default,yolo,580.173.02,GPU-d59cb1c4-ad97-d91a-6731-e7b5f38951a6
2026-08-16 05:01:24.086203,50.0,13,1g.11gb,yolo-inference-755b67b9bb-vgskt,default,yolo,580.173.02,GPU-d59cb1c4-ad97-d91a-6731-e7b5f38951a6
2026-08-16 05:01:24.086203,50.0,7,1g.11gb,,,,580.173.02,GPU-d59cb1c4-ad97-d91a-6731-e7b5f38951a6
2026-08-16 05:01:24.086203,50.0,8,1g.11gb,yolo-inference-755b67b9bb-ttrzf,default,yolo,580.173.02,GPU-d59cb1c4-ad97-d91a-6731-e7b5f38951a6
2026-08-16 05:01:24.086203,50.0,9,1g.11gb,yolo-inference-755b67b9bb-pwhtx,default,yolo,580.173.02,GPU-d59cb1c4-ad97-d91a-6731-e7b5f38951a6
2026-08-16 05:01:29.088041,50.0,10,1g.11gb,yolo-inference-755b67b9bb-sf8hz,default,yolo,580.173.02,GPU-d59cb1c4-ad97-d91a-6731-e7b5f38951a6
2026-08-16 05:01:29.088041,50.0,11,1g.11gb,yolo-inference-755b67b9bb-mdq5n,default,yolo,580.173.02,GPU-d59cb1c4-ad97-d91a-6731-e7b5f38951a6
2026-08-16 05:01:29.088041,50.0,12,1g.11gb,yolo-inference-755b67b9bb-l2sjx,default,yolo,580.173.02,GPU-d59cb1c4-ad97-d91a-6731-e7b5f38951a6
2026-08-16 05:01:29.088041,50.0,13,1g.11gb,yolo-inference-755b67b9bb-vgskt,default,yolo,580.173.02,GPU-d59cb1c4-ad97-d91a-6731-e7b5f38951a6
2026-08-16 05:01:29.088041,50.0,7,1g.11gb,,,,580.173.02,GPU-d59cb1c4-ad97-d91a-6731-e7b5f38951a6
2026-08-16 05:01:29.088041,50.0,8,1g.11gb,yolo-inference-755b67b9bb-ttrzf,default,yolo,580.173.02,GPU-d59cb1c4-ad97-d91a-6731-e7b5f38951a6
2026-08-16 05:01:29.088041,50.0,9,1g.11gb,yolo-inference-755b67b9bb-pwhtx,default,yolo,580.173.02,GPU-d59cb1c4-ad97-d91a-6731-e7b5f38951a6
2026-08-16 05:01:34.083657,50.0,10,1g.11gb,yolo-inference-755b67b9bb-sf8hz,default,yolo,580.173.02,GPU-d59cb1c4-ad97-d91a-6731-e7b5f38951a6
2026-08-16 05:01:34.083657,50.0,11,1g.11gb,yolo-inference-755b67b9bb-mdq5n,default,yolo,580.173.02,GPU-d59cb1c4-ad97-d91a-6731-e7b5f38951a6
2026-08-16 05:01:34.083657,50.0,12,1g.11gb,yolo-inference-755b67b9bb-l2sjx,default,yolo,580.173.02,GPU-d59cb1c4-ad97-d91a-6731-e7b5f38951a6
2026-08-16 05:01:34.083657,50.0,13,1g.11gb,yolo-inference-755b67b9bb-vgskt,default,yolo,580.173.02,GPU-d59cb1c4-ad97-d91a-6731-e7b5f38951a6
2026-08-16 05:01:34.083657,50.0,7,1g.11gb,,,,580.173.02,GPU-d59cb1c4-ad97-d91a-6731-e7b5f38951a6
2026-08-16 05:01:34.083657,50.0,8,1g.11gb,yolo-inference-755b67b9bb-ttrzf,default,yolo,580.173.02,GPU-d59cb1c4-ad97-d91a-6731-e7b5f38951a6
2026-08-16 05:01:34.083657,50.0,9,1g.11gb,yolo-inference-755b67b9bb-pwhtx,default,yolo,580.173.02,GPU-d59cb1c4-ad97-d91a-6731-e7b5f38951a6
2026-08-16 05:01:39.088032,50.0,10,1g.11gb,yolo-inference-755b67b9bb-sf8hz,default,yolo,580.173.02,GPU-d59cb1c4-ad97-d91a-6731-e7b5f38951a6
2026-08-16 05:01:39.088032,50.0,11,1g.11gb,yolo-inference-755b67b9bb-mdq5n,default,yolo,580.173.02,GPU-d59cb1c4-ad97-d91a-6731-e7b5f38951a6
2026-08-16 05:01:39.088032,50.0,12,1g.11gb,yolo-inference-755b67b9bb-l2sjx,default,yolo,580.173.02,GPU-d59cb1c4-ad97-d91a-6731-e7b5f38951a6
2026-08-16 05:01:39.088032,50.0,13,1g.11gb,yolo-inference-755b67b9bb-vgskt,default,yolo,580.173.02,GPU-d59cb1c4-ad97-d91a-6731-e7b5f38951a6
2026-08-16 05:01:39.088032,50.0,7,1g.11gb,,,,580.173.02,GPU-d59cb1c4-ad97-d91a-6731-e7b5f38951a6
2026-08-16 05:01:39.088032,50.0,8,1g.11gb,yolo-inference-755b67b9bb-ttrzf,default,yolo,580.173.02,GPU-d59cb1c4-ad97-d91a-6731-e7b5f38951a6
2026-08-16 05:01:39.088032,50.0,9,1g.11gb,yolo-inference-755b67b9bb-pwhtx,default,yolo,580.173.02,GPU-d59cb1c4-ad97-d91a-6731-e7b5f38951a6
2026-08-16 05:01:44.084027,50.0,10,1g.11gb,yolo-inference-755b67b9bb-sf8hz,default,yolo,580.173.02,GPU-d59cb1c4-ad97-d91a-6731-e7b5f38951a6
2026-08-16 05:01:44.084027,50.0,11,1g.11gb,yolo-inference-755b67b9bb-mdq5n,default,yolo,580.173.02,GPU-d59cb1c4-ad97-d91a-6731-e7b5f38951a6
2026-08-16 05:01:44.084027,50.0,12,1g.11gb,yolo-inference-755b67b9bb-l2sjx,default,yolo,580.173.02,GPU-d59cb1c4-ad97-d91a-6731-e7b5f38951a6
2026-08-16 05:01:44.084027,50.0,13,1g.11gb,yolo-inference-755b67b9bb-vgskt,default,yolo,580.173.02,GPU-d59cb1c4-ad97-d91a-6731-e7b5f38951a6
2026-08-16 05:01:44.084027,50.0,7,1g.11gb,,,,580.173.02,GPU-d59cb1c4-ad97-d91a-6731-e7b5f38951a6
2026-08-16 05:01:44.084027,50.0,8,1g.11gb,yolo-inference-755b67b9bb-ttrzf,default,yolo,580.173.02,GPU-d59cb1c4-ad97-d91a-6731-e7b5f38951a6
2026-08-16 05:01:44.084027,50.0,9,1g.11gb,yolo-inference-755b67b9bb-pwhtx,default,yolo,580.173.02,GPU-d59cb1c4-ad97-d91a-6731-e7b5f38951a6
2026-08-16 05:01:49.088029,50.0,10,1g.11gb,yolo-inference-755b67b9bb-sf8hz,default,yolo,580.173.02,GPU-d59cb1c4-ad97-d91a-6731-e7b5f38951a6
2026-08-16 05:01:49.088029,50.0,11,1g.11gb,yolo-inference-755b67b9bb-mdq5n,default,yolo,580.173.02,GPU-d59cb1c4-ad97-d91a-6731-e7b5f38951a6
2026-08-16 05:01:49.088029,50.0,12,1g.11gb,yolo-inference-755b67b9bb-l2sjx,default,yolo,580.173.02,GPU-d59cb1c4-ad97-d91a-6731-e7b5f38951a6
2026-08-16 05:01:49.088029,50.0,13,1g.11gb,yolo-inference-755b67b9bb-vgskt,default,yolo,580.173.02,GPU-d59cb1c4-ad97-d91a-6731-e7b5f38951a6
2026-08-16 05:01:49.088029,50.0,7,1g.11gb,,,,580.173.02,GPU-d59cb1c4-ad97-d91a-6731-e7b5f38951a6
2026-08-16 05:01:49.088029,50.0,8,1g.11gb,yolo-inference-755b67b9bb-ttrzf,default,yolo,580.173.02,GPU-d59cb1c4-ad97-d91a-6731-e7b5f38951a6
2026-08-16 05:01:49.088029,50.0,9,1g.11gb,yolo-inference-755b67b9bb-pwhtx,default,yolo,580.173.02,GPU-d59cb1c4-ad97-d91a-6731-e7b5f38951a6
2026-08-16 05:01:54.088028,50.0,10,1g.11gb,yolo-inference-755b67b9bb-sf8hz,default,yolo,580.173.02,GPU-d59cb1c4-ad97-d91a-6731-e7b5f38951a6
2026-08-16 05:01:54.088028,50.0,11,1g.11gb,yolo-inference-755b67b9bb-mdq5n,default,yolo,580.173.02,GPU-d59cb1c4-ad97-d91a-6731-e7b5f38951a6
2026-08-16 05:01:54.088028,50.0,12,1g.11gb,yolo-inference-755b67b9bb-l2sjx,default,yolo,580.173.02,GPU-d59cb1c4-ad97-d91a-6731-e7b5f38951a6
2026-08-16 05:01:54.088028,50.0,13,1g.11gb,yolo-inference-755b67b9bb-vgskt,default,yolo,580.173.02,GPU-d59cb1c4-ad97-d91a-6731-e7b5f38951a6
2026-08-16 05:01:54.088028,50.0,7,1g.11gb,,,,580.173.02,GPU-d59cb1c4-ad97-d91a-6731-e7b5f38951a6
2026-08-16 05:01:54.088028,50.0,8,1g.11gb,yolo-inference-755b67b9bb-ttrzf,default,yolo,580.173.02,GPU-d59cb1c4-ad97-d91a-6731-e7b5f38951a6
2026-08-16 05:01:54.088028,50.0,9,1g.11gb,yolo-inference-755b67b9bb-pwhtx,default,yolo,580.173.02,GPU-d59cb1c4-ad97-d91a-6731-e7b5f38951a6
2026-08-16 05:01:59.087054,50.0,10,1g.11gb,yolo-inference-755b67b9bb-sf8hz,default,yolo,580.173.02,GPU-d59cb1c4-ad97-d91a-6731-e7b5f38951a6
2026-08-16 05:01:59.087054,50.0,11,1g.11gb,yolo-inference-755b67b9bb-mdq5n,default,yolo,580.173.02,GPU-d59cb1c4-ad97-d91a-6731-e7b5f38951a6
2026-08-16 05:01:59.087054,50.0,12,1g.11gb,yolo-inference-755b67b9bb-l2sjx,default,yolo,580.173.02,GPU-d59cb1c4-ad97-d91a-6731-e7b5f38951a6
2026-08-16 05:01:59.087054,50.0,13,1g.11gb,yolo-inference-755b67b9bb-vgskt,default,yolo,580.173.02,GPU-d59cb1c4-ad97-d91a-6731-e7b5f38951a6
2026-08-16 05:01:59.087054,50.0,7,1g.11gb,,,,580.173.02,GPU-d59cb1c4-ad97-d91a-6731-e7b5f38951a6
2026-08-16 05:01:59.087054,50.0,8,1g.11gb,yolo-inference-755b67b9bb-ttrzf,default,yolo,580.173.02,GPU-d59cb1c4-ad97-d91a-6731-e7b5f38951a6
2026-08-16 05:01:59.087054,50.0,9,1g.11gb,yolo-inference-755b67b9bb-pwhtx,default,yolo,580.173.02,GPU-d59cb1c4-ad97-d91a-6731-e7b5f38951a6
2026-08-16 05:02:04.086320,50.0,10,1g.11gb,yolo-inference-755b67b9bb-sf8hz,default,yolo,580.173.02,GPU-d59cb1c4-ad97-d91a-6731-e7b5f38951a6
2026-08-16 05:02:04.086320,50.0,11,1g.11gb,yolo-inference-755b67b9bb-mdq5n,default,yolo,580.173.02,GPU-d59cb1c4-ad97-d91a-6731-e7b5f38951a6
2026-08-16 05:02:04.086320,50.0,12,1g.11gb,yolo-inference-755b67b9bb-l2sjx,default,yolo,580.173.02,GPU-d59cb1c4-ad97-d91a-6731-e7b5f38951a6
2026-08-16 05:02:04.086320,50.0,13,1g.11gb,yolo-inference-755b67b9bb-vgskt,default,yolo,580.173.02,GPU-d59cb1c4-ad97-d91a-6731-e7b5f38951a6
2026-08-16 05:02:04.086320,50.0,7,1g.11gb,,,,580.173.02,GPU-d59cb1c4-ad97-d91a-6731-e7b5f38951a6
2026-08-16 05:02:04.086320,50.0,8,1g.11gb,yolo-inference-755b67b9bb-ttrzf,default,yolo,580.173.02,GPU-d59cb1c4-ad97-d91a-6731-e7b5f38951a6
2026-08-16 05:02:04.086320,50.0,9,1g.11gb,yolo-inference-755b67b9bb-pwhtx,default,yolo,580.173.02,GPU-d59cb1c4-ad97-d91a-6731-e7b5f38951a6
2026-08-16 05:02:09.088030,50.0,10,1g.11gb,yolo-inference-755b67b9bb-sf8hz,default,yolo,580.173.02,GPU-d59cb1c4-ad97-d91a-6731-e7b5f38951a6
2026-08-16 05:02:09.088030,50.0,11,1g.11gb,yolo-inference-755b67b9bb-mdq5n,default,yolo,580.173.02,GPU-d59cb1c4-ad97-d91a-6731-e7b5f38951a6
2026-08-16 05:02:09.088030,50.0,12,1g.11gb,yolo-inference-755b67b9bb-l2sjx,default,yolo,580.173.02,GPU-d59cb1c4-ad97-d91a-6731-e7b5f38951a6
2026-08-16 05:02:09.088030,50.0,13,1g.11gb,yolo-inference-755b67b9bb-vgskt,default,yolo,580.173.02,GPU-d59cb1c4-ad97-d91a-6731-e7b5f38951a6
2026-08-16 05:02:09.088030,50.0,7,1g.11gb,,,,580.173.02,GPU-d59cb1c4-ad97-d91a-6731-e7b5f38951a6
2026-08-16 05:02:09.088030,50.0,8,1g.11gb,yolo-inference-755b67b9bb-ttrzf,default,yolo,580.173.02,GPU-d59cb1c4-ad97-d91a-6731-e7b5f38951a6
2026-08-16 05:02:09.088030,50.0,9,1g.11gb,yolo-inference-755b67b9bb-pwhtx,default,yolo,580.173.02,GPU-d59cb1c4-ad97-d91a-6731-e7b5f38951a6
2026-08-16 05:02:14.085163,50.0,10,1g.11gb,yolo-inference-755b67b9bb-sf8hz,default,yolo,580.173.02,GPU-d59cb1c4-ad97-d91a-6731-e7b5f38951a6
2026-08-16 05:02:14.085163,50.0,11,1g.11gb,yolo-inference-755b67b9bb-mdq5n,default,yolo,580.173.02,GPU-d59cb1c4-ad97-d91a-6731-e7b5f38951a6
2026-08-16 05:02:14.085163,50.0,12,1g.11gb,yolo-inference-755b67b9bb-l2sjx,default,yolo,580.173.02,GPU-d59cb1c4-ad97-d91a-6731-e7b5f38951a6
2026-08-16 05:02:14.085163,50.0,13,1g.11gb,yolo-inference-755b67b9bb-vgskt,default,yolo,580.173.02,GPU-d59cb1c4-ad97-d91a-6731-e7b5f38951a6
2026-08-16 05:02:14.085163,50.0,7,1g.11gb,,,,580.173.02,GPU-d59cb1c4-ad97-d91a-6731-e7b5f38951a6
2026-08-16 05:02:14.085163,50.0,8,1g.11gb,yolo-inference-755b67b9bb-ttrzf,default,yolo,580.173.02,GPU-d59cb1c4-ad97-d91a-6731-e7b5f38951a6
2026-08-16 05:02:14.085163,50.0,9,1g.11gb,yolo-inference-755b67b9bb-pwhtx,default,yolo,580.173.02,GPU-d59cb1c4-ad97-d91a-6731-e7b5f38951a6
2026-08-16 05:02:19.086920,50.0,10,1g.11gb,yolo-inference-755b67b9bb-sf8hz,default,yolo,580.173.02,GPU-d59cb1c4-ad97-d91a-6731-e7b5f38951a6
2026-08-16 05:02:19.086920,50.0,11,1g.11gb,yolo-inference-755b67b9bb-mdq5n,default,yolo,580.173.02,GPU-d59cb1c4-ad97-d91a-6731-e7b5f38951a6
2026-08-16 05:02:19.086920,50.0,12,1g.11gb,yolo-inference-755b67b9bb-l2sjx,default,yolo,580.173.02,GPU-d59cb1c4-ad97-d91a-6731-e7b5f38951a6
2026-08-16 05:02:19.086920,50.0,13,1g.11gb,yolo-inference-755b67b9bb-vgskt,default,yolo,580.173.02,GPU-d59cb1c4-ad97-d91a-6731-e7b5f38951a6
2026-08-16 05:02:19.086920,50.0,7,1g.11gb,,,,580.173.02,GPU-d59cb1c4-ad97-d91a-6731-e7b5f38951a6
2026-08-16 05:02:19.086920,50.0,8,1g.11gb,yolo-inference-755b67b9bb-ttrzf,default,yolo,580.173.02,GPU-d59cb1c4-ad97-d91a-6731-e7b5f38951a6
2026-08-16 05:02:19.086920,50.0,9,1g.11gb,yolo-inference-755b67b9bb-pwhtx,default,yolo,580.173.02,GPU-d59cb1c4-ad97-d91a-6731-e7b5f38951a6
2026-08-16 05:02:24.085372,50.0,10,1g.11gb,yolo-inference-755b67b9bb-sf8hz,default,yolo,580.173.02,GPU-d59cb1c4-ad97-d91a-6731-e7b5f38951a6
2026-08-16 05:02:24.085372,50.0,11,1g.11gb,yolo-inference-755b67b9bb-mdq5n,default,yolo,580.173.02,GPU-d59cb1c4-ad97-d91a-6731-e7b5f38951a6
2026-08-16 05:02:24.085372,50.0,12,1g.11gb,yolo-inference-755b67b9bb-l2sjx,default,yolo,580.173.02,GPU-d59cb1c4-ad97-d91a-6731-e7b5f38951a6
2026-08-16 05:02:24.085372,50.0,13,1g.11gb,yolo-inference-755b67b9bb-vgskt,default,yolo,580.173.02,GPU-d59cb1c4-ad97-d91a-6731-e7b5f38951a6
2026-08-16 05:02:24.085372,50.0,7,1g.11gb,,,,580.173.02,GPU-d59cb1c4-ad97-d91a-6731-e7b5f38951a6
2026-08-16 05:02:24.085372,50.0,8,1g.11gb,yolo-inference-755b67b9bb-ttrzf,default,yolo,580.173.02,GPU-d59cb1c4-ad97-d91a-6731-e7b5f38951a6
2026-08-16 05:02:24.085372,50.0,9,1g.11gb,yolo-inference-755b67b9bb-pwhtx,default,yolo,580.173.02,GPU-d59cb1c4-ad97-d91a-6731-e7b5f38951a6
2026-08-16 05:02:29.086311,50.0,10,1g.11gb,yolo-inference-755b67b9bb-sf8hz,default,yolo,580.173.02,GPU-d59cb1c4-ad97-d91a-6731-e7b5f38951a6
2026-08-16 05:02:29.086311,50.0,11,1g.11gb,yolo-inference-755b67b9bb-mdq5n,default,yolo,580.173.02,GPU-d59cb1c4-ad97-d91a-6731-e7b5f38951a6
2026-08-16 05:02:29.086311,50.0,12,1g.11gb,yolo-inference-755b67b9bb-l2sjx,default,yolo,580.173.02,GPU-d59cb1c4-ad97-d91a-6731-e7b5f38951a6
2026-08-16 05:02:29.086311,50.0,13,1g.11gb,yolo-inference-755b67b9bb-vgskt,default,yolo,580.173.02,GPU-d59cb1c4-ad97-d91a-6731-e7b5f38951a6
2026-08-16 05:02:29.086311,50.0,7,1g.11gb,,,,580.173.02,GPU-d59cb1c4-ad97-d91a-6731-e7b5f38951a6
2026-08-16 05:02:29.086311,50.0,8,1g.11gb,yolo-inference-755b67b9bb-ttrzf,default,yolo,580.173.02,GPU-d59cb1c4-ad97-d91a-6731-e7b5f38951a6
2026-08-16 05:02:29.086311,50.0,9,1g.11gb,yolo-inference-755b67b9bb-pwhtx,default,yolo,580.173.02,GPU-d59cb1c4-ad97-d91a-6731-e7b5f38951a6
2026-08-16 05:02:34.088023,50.0,10,1g.11gb,yolo-inference-755b67b9bb-sf8hz,default,yolo,580.173.02,GPU-d59cb1c4-ad97-d91a-6731-e7b5f38951a6
2026-08-16 05:02:34.088023,50.0,11,1g.11gb,yolo-inference-755b67b9bb-mdq5n,default,yolo,580.173.02,GPU-d59cb1c4-ad97-d91a-6731-e7b5f38951a6
2026-08-16 05:02:34.088023,50.0,12,1g.11gb,yolo-inference-755b67b9bb-l2sjx,default,yolo,580.173.02,GPU-d59cb1c4-ad97-d91a-6731-e7b5f38951a6
2026-08-16 05:02:34.088023,50.0,13,1g.11gb,yolo-inference-755b67b9bb-vgskt,default,yolo,580.173.02,GPU-d59cb1c4-ad97-d91a-6731-e7b5f38951a6
2026-08-16 05:02:34.088023,50.0,7,1g.11gb,,,,580.173.02,GPU-d59cb1c4-ad97-d91a-6731-e7b5f38951a6
2026-08-16 05:02:34.088023,50.0,8,1g.11gb,yolo-inference-755b67b9bb-ttrzf,default,yolo,580.173.02,GPU-d59cb1c4-ad97-d91a-6731-e7b5f38951a6
2026-08-16 05:02:34.088023,50.0,9,1g.11gb,yolo-inference-755b67b9bb-pwhtx,default,yolo,580.173.02,GPU-d59cb1c4-ad97-d91a-6731-e7b5f38951a6
2026-08-16 05:02:39.088020,50.0,10,1g.11gb,yolo-inference-755b67b9bb-sf8hz,default,yolo,580.173.02,GPU-d59cb1c4-ad97-d91a-6731-e7b5f38951a6
2026-08-16 05:02:39.088020,50.0,11,1g.11gb,yolo-inference-755b67b9bb-mdq5n,default,yolo,580.173.02,GPU-d59cb1c4-ad97-d91a-6731-e7b5f38951a6
2026-08-16 05:02:39.088020,50.0,12,1g.11gb,yolo-inference-755b67b9bb-l2sjx,default,yolo,580.173.02,GPU-d59cb1c4-ad97-d91a-6731-e7b5f38951a6
2026-08-16 05:02:39.088020,50.0,13,1g.11gb,yolo-inference-755b67b9bb-vgskt,default,yolo,580.173.02,GPU-d59cb1c4-ad97-d91a-6731-e7b5f38951a6
2026-08-16 05:02:39.088020,50.0,7,1g.11gb,,,,580.173.02,GPU-d59cb1c4-ad97-d91a-6731-e7b5f38951a6
2026-08-16 05:02:39.088020,50.0,8,1g.11gb,yolo-inference-755b67b9bb-ttrzf,default,yolo,580.173.02,GPU-d59cb1c4-ad97-d91a-6731-e7b5f38951a6
2026-08-16 05:02:39.088020,50.0,9,1g.11gb,yolo-inference-755b67b9bb-pwhtx,default,yolo,580.173.02,GPU-d59cb1c4-ad97-d91a-6731-e7b5f38951a6
2026-08-16 05:02:44.088028,50.0,10,1g.11gb,yolo-inference-755b67b9bb-sf8hz,default,yolo,580.173.02,GPU-d59cb1c4-ad97-d91a-6731-e7b5f38951a6
2026-08-16 05:02:44.088028,50.0,11,1g.11gb,yolo-inference-755b67b9bb-mdq5n,default,yolo,580.173.02,GPU-d59cb1c4-ad97-d91a-6731-e7b5f38951a6
2026-08-16 05:02:44.088028,50.0,12,1g.11gb,yolo-inference-755b67b9bb-l2sjx,default,yolo,580.173.02,GPU-d59cb1c4-ad97-d91a-6731-e7b5f38951a6
2026-08-16 05:02:44.088028,50.0,13,1g.11gb,yolo-inference-755b67b9bb-vgskt,default,yolo,580.173.02,GPU-d59cb1c4-ad97-d91a-6731-e7b5f38951a6
2026-08-16 05:02:44.088028,50.0,7,1g.11gb,,,,580.173.02,GPU-d59cb1c4-ad97-d91a-6731-e7b5f38951a6
2026-08-16 05:02:44.088028,50.0,8,1g.11gb,yolo-inference-755b67b9bb-ttrzf,default,yolo,580.173.02,GPU-d59cb1c4-ad97-d91a-6731-e7b5f38951a6
2026-08-16 05:02:44.088028,50.0,9,1g.11gb,yolo-inference-755b67b9bb-pwhtx,default,yolo,580.173.02,GPU-d59cb1c4-ad97-d91a-6731-e7b5f38951a6
2026-08-16 05:02:49.088021,50.0,10,1g.11gb,yolo-inference-755b67b9bb-sf8hz,default,yolo,580.173.02,GPU-d59cb1c4-ad97-d91a-6731-e7b5f38951a6
2026-08-16 05:02:49.088021,50.0,11,1g.11gb,yolo-inference-755b67b9bb-mdq5n,default,yolo,580.173.02,GPU-d59cb1c4-ad97-d91a-6731-e7b5f38951a6
2026-08-16 05:02:49.088021,50.0,12,1g.11gb,yolo-inference-755b67b9bb-l2sjx,default,yolo,580.173.02,GPU-d59cb1c4-ad97-d91a-6731-e7b5f38951a6
2026-08-16 05:02:49.088021,50.0,13,1g.11gb,yolo-inference-755b67b9bb-vgskt,default,yolo,580.173.02,GPU-d59cb1c4-ad97-d91a-6731-e7b5f38951a6
2026-08-16 05:02:49.088021,50.0,7,1g.11gb,,,,580.173.02,GPU-d59cb1c4-ad97-d91a-6731-e7b5f38951a6
2026-08-16 05:02:49.088021,50.0,8,1g.11gb,yolo-inference-755b67b9bb-ttrzf,default,yolo,580.173.02,GPU-d59cb1c4-ad97-d91a-6731-e7b5f38951a6
2026-08-16 05:02:49.088021,50.0,9,1g.11gb,yolo-inference-755b67b9bb-pwhtx,default,yolo,580.173.02,GPU-d59cb1c4-ad97-d91a-6731-e7b5f38951a6
2026-08-16 05:02:54.088020,50.0,10,1g.11gb,yolo-inference-755b67b9bb-sf8hz,default,yolo,580.173.02,GPU-d59cb1c4-ad97-d91a-6731-e7b5f38951a6
2026-08-16 05:02:54.088020,50.0,11,1g.11gb,yolo-inference-755b67b9bb-mdq5n,default,yolo,580.173.02,GPU-d59cb1c4-ad97-d91a-6731-e7b5f38951a6
2026-08-16 05:02:54.088020,50.0,12,1g.11gb,yolo-inference-755b67b9bb-l2sjx,default,yolo,580.173.02,GPU-d59cb1c4-ad97-d91a-6731-e7b5f38951a6
2026-08-16 05:02:54.088020,50.0,13,1g.11gb,yolo-inference-755b67b9bb-vgskt,default,yolo,580.173.02,GPU-d59cb1c4-ad97-d91a-6731-e7b5f38951a6
2026-08-16 05:02:54.088020,50.0,7,1g.11gb,,,,580.173.02,GPU-d59cb1c4-ad97-d91a-6731-e7b5f38951a6
2026-08-16 05:02:54.088020,50.0,8,1g.11gb,yolo-inference-755b67b9bb-ttrzf,default,yolo,580.173.02,GPU-d59cb1c4-ad97-d91a-6731-e7b5f38951a6
2026-08-16 05:02:54.088020,50.0,9,1g.11gb,yolo-inference-755b67b9bb-pwhtx,default,yolo,580.173.02,GPU-d59cb1c4-ad97-d91a-6731-e7b5f38951a6
2026-08-16 05:02:59.088025,50.0,10,1g.11gb,yolo-inference-755b67b9bb-sf8hz,default,yolo,580.173.02,GPU-d59cb1c4-ad97-d91a-6731-e7b5f38951a6
2026-08-16 05:02:59.088025,50.0,11,1g.11gb,yolo-inference-755b67b9bb-mdq5n,default,yolo,580.173.02,GPU-d59cb1c4-ad97-d91a-6731-e7b5f38951a6
2026-08-16 05:02:59.088025,50.0,12,1g.11gb,yolo-inference-755b67b9bb-l2sjx,default,yolo,580.173.02,GPU-d59cb1c4-ad97-d91a-6731-e7b5f38951a6
2026-08-16 05:02:59.088025,50.0,13,1g.11gb,yolo-inference-755b67b9bb-vgskt,default,yolo,580.173.02,GPU-d59cb1c4-ad97-d91a-6731-e7b5f38951a6
2026-08-16 05:02:59.088025,50.0,7,1g.11gb,,,,580.173.02,GPU-d59cb1c4-ad97-d91a-6731-e7b5f38951a6
2026-08-16 05:02:59.088025,50.0,8,1g.11gb,yolo-inference-755b67b9bb-ttrzf,default,yolo,580.173.02,GPU-d59cb1c4-ad97-d91a-6731-e7b5f38951a6
2026-08-16 05:02:59.088025,50.0,9,1g.11gb,yolo-inference-755b67b9bb-pwhtx,default,yolo,580.173.02,GPU-d59cb1c4-ad97-d91a-6731-e7b5f38951a6
2026-08-16 05:03:04.088029,50.0,10,1g.11gb,yolo-inference-755b67b9bb-sf8hz,default,yolo,580.173.02,GPU-d59cb1c4-ad97-d91a-6731-e7b5f38951a6
2026-08-16 05:03:04.088029,50.0,11,1g.11gb,yolo-inference-755b67b9bb-mdq5n,default,yolo,580.173.02,GPU-d59cb1c4-ad97-d91a-6731-e7b5f38951a6
2026-08-16 05:03:04.088029,50.0,12,1g.11gb,yolo-inference-755b67b9bb-l2sjx,default,yolo,580.173.02,GPU-d59cb1c4-ad97-d91a-6731-e7b5f38951a6
2026-08-16 05:03:04.088029,50.0,13,1g.11gb,yolo-inference-755b67b9bb-vgskt,default,yolo,580.173.02,GPU-d59cb1c4-ad97-d91a-6731-e7b5f38951a6
2026-08-16 05:03:04.088029,50.0,7,1g.11gb,,,,580.173.02,GPU-d59cb1c4-ad97-d91a-6731-e7b5f38951a6
2026-08-16 05:03:04.088029,50.0,8,1g.11gb,yolo-inference-755b67b9bb-ttrzf,default,yolo,580.173.02,GPU-d59cb1c4-ad97-d91a-6731-e7b5f38951a6
2026-08-16 05:03:04.088029,50.0,9,1g.11gb,yolo-inference-755b67b9bb-pwhtx,default,yolo,580.173.02,GPU-d59cb1c4-ad97-d91a-6731-e7b5f38951a6
2026-08-16 05:03:09.087626,50.0,10,1g.11gb,yolo-inference-755b67b9bb-sf8hz,default,yolo,580.173.02,GPU-d59cb1c4-ad97-d91a-6731-e7b5f38951a6
2026-08-16 05:03:09.087626,50.0,11,1g.11gb,yolo-inference-755b67b9bb-mdq5n,default,yolo,580.173.02,GPU-d59cb1c4-ad97-d91a-6731-e7b5f38951a6
2026-08-16 05:03:09.087626,50.0,12,1g.11gb,yolo-inference-755b67b9bb-l2sjx,default,yolo,580.173.02,GPU-d59cb1c4-ad97-d91a-6731-e7b5f38951a6
2026-08-16 05:03:09.087626,50.0,13,1g.11gb,yolo-inference-755b67b9bb-vgskt,default,yolo,580.173.02,GPU-d59cb1c4-ad97-d91a-6731-e7b5f38951a6
2026-08-16 05:03:09.087626,50.0,7,1g.11gb,,,,580.173.02,GPU-d59cb1c4-ad97-d91a-6731-e7b5f38951a6
2026-08-16 05:03:09.087626,50.0,8,1g.11gb,yolo-inference-755b67b9bb-ttrzf,default,yolo,580.173.02,GPU-d59cb1c4-ad97-d91a-6731-e7b5f38951a6
2026-08-16 05:03:09.087626,50.0,9,1g.11gb,yolo-inference-755b67b9bb-pwhtx,default,yolo,580.173.02,GPU-d59cb1c4-ad97-d91a-6731-e7b5f38951a6
2026-08-16 05:03:14.084208,50.0,10,1g.11gb,yolo-inference-755b67b9bb-sf8hz,default,yolo,580.173.02,GPU-d59cb1c4-ad97-d91a-6731-e7b5f38951a6
2026-08-16 05:03:14.084208,50.0,11,1g.11gb,yolo-inference-755b67b9bb-mdq5n,default,yolo,580.173.02,GPU-d59cb1c4-ad97-d91a-6731-e7b5f38951a6
2026-08-16 05:03:14.084208,50.0,12,1g.11gb,yolo-inference-755b67b9bb-l2sjx,default,yolo,580.173.02,GPU-d59cb1c4-ad97-d91a-6731-e7b5f38951a6
2026-08-16 05:03:14.084208,50.0,13,1g.11gb,yolo-inference-755b67b9bb-vgskt,default,yolo,580.173.02,GPU-d59cb1c4-ad97-d91a-6731-e7b5f38951a6
2026-08-16 05:03:14.084208,50.0,7,1g.11gb,,,,580.173.02,GPU-d59cb1c4-ad97-d91a-6731-e7b5f38951a6
2026-08-16 05:03:14.084208,50.0,8,1g.11gb,yolo-inference-755b67b9bb-ttrzf,default,yolo,580.173.02,GPU-d59cb1c4-ad97-d91a-6731-e7b5f38951a6
2026-08-16 05:03:14.084208,50.0,9,1g.11gb,yolo-inference-755b67b9bb-pwhtx,default,yolo,580.173.02,GPU-d59cb1c4-ad97-d91a-6731-e7b5f38951a6
2026-08-16 05:03:19.087996,50.0,10,1g.11gb,yolo-inference-755b67b9bb-sf8hz,default,yolo,580.173.02,GPU-d59cb1c4-ad97-d91a-6731-e7b5f38951a6
2026-08-16 05:03:19.087996,50.0,11,1g.11gb,yolo-inference-755b67b9bb-mdq5n,default,yolo,580.173.02,GPU-d59cb1c4-ad97-d91a-6731-e7b5f38951a6
2026-08-16 05:03:19.087996,50.0,12,1g.11gb,yolo-inference-755b67b9bb-l2sjx,default,yolo,580.173.02,GPU-d59cb1c4-ad97-d91a-6731-e7b5f38951a6
2026-08-16 05:03:19.087996,50.0,13,1g.11gb,yolo-inference-755b67b9bb-vgskt,default,yolo,580.173.02,GPU-d59cb1c4-ad97-d91a-6731-e7b5f38951a6
2026-08-16 05:03:19.087996,50.0,7,1g.11gb,,,,580.173.02,GPU-d59cb1c4-ad97-d91a-6731-e7b5f38951a6
2026-08-16 05:03:19.087996,50.0,8,1g.11gb,yolo-inference-755b67b9bb-ttrzf,default,yolo,580.173.02,GPU-d59cb1c4-ad97-d91a-6731-e7b5f38951a6
2026-08-16 05:03:19.087996,50.0,9,1g.11gb,yolo-inference-755b67b9bb-pwhtx,default,yolo,580.173.02,GPU-d59cb1c4-ad97-d91a-6731-e7b5f38951a6
2026-08-16 05:03:24.088029,50.0,10,1g.11gb,yolo-inference-755b67b9bb-sf8hz,default,yolo,580.173.02,GPU-d59cb1c4-ad97-d91a-6731-e7b5f38951a6
2026-08-16 05:03:24.088029,50.0,11,1g.11gb,yolo-inference-755b67b9bb-mdq5n,default,yolo,580.173.02,GPU-d59cb1c4-ad97-d91a-6731-e7b5f38951a6
2026-08-16 05:03:24.088029,50.0,12,1g.11gb,yolo-inference-755b67b9bb-l2sjx,default,yolo,580.173.02,GPU-d59cb1c4-ad97-d91a-6731-e7b5f38951a6
2026-08-16 05:03:24.088029,50.0,13,1g.11gb,yolo-inference-755b67b9bb-vgskt,default,yolo,580.173.02,GPU-d59cb1c4-ad97-d91a-6731-e7b5f38951a6
2026-08-16 05:03:24.088029,50.0,7,1g.11gb,,,,580.173.02,GPU-d59cb1c4-ad97-d91a-6731-e7b5f38951a6
2026-08-16 05:03:24.088029,50.0,8,1g.11gb,yolo-inference-755b67b9bb-ttrzf,default,yolo,580.173.02,GPU-d59cb1c4-ad97-d91a-6731-e7b5f38951a6
2026-08-16 05:03:24.088029,50.0,9,1g.11gb,yolo-inference-755b67b9bb-pwhtx,default,yolo,580.173.02,GPU-d59cb1c4-ad97-d91a-6731-e7b5f38951a6
2026-08-16 05:03:29.087987,50.0,10,1g.11gb,yolo-inference-755b67b9bb-sf8hz,default,yolo,580.173.02,GPU-d59cb1c4-ad97-d91a-6731-e7b5f38951a6
2026-08-16 05:03:29.087987,50.0,11,1g.11gb,yolo-inference-755b67b9bb-mdq5n,default,yolo,580.173.02,GPU-d59cb1c4-ad97-d91a-6731-e7b5f38951a6
2026-08-16 05:03:29.087987,50.0,12,1g.11gb,yolo-inference-755b67b9bb-l2sjx,default,yolo,580.173.02,GPU-d59cb1c4-ad97-d91a-6731-e7b5f38951a6
2026-08-16 05:03:29.087987,50.0,13,1g.11gb,yolo-inference-755b67b9bb-vgskt,default,yolo,580.173.02,GPU-d59cb1c4-ad97-d91a-6731-e7b5f38951a6
2026-08-16 05:03:29.087987,50.0,7,1g.11gb,,,,580.173.02,GPU-d59cb1c4-ad97-d91a-6731-e7b5f38951a6
2026-08-16 05:03:29.087987,50.0,8,1g.11gb,yolo-inference-755b67b9bb-ttrzf,default,yolo,580.173.02,GPU-d59cb1c4-ad97-d91a-6731-e7b5f38951a6
2026-08-16 05:03:29.087987,50.0,9,1g.11gb,yolo-inference-755b67b9bb-pwhtx,default,yolo,580.173.02,GPU-d59cb1c4-ad97-d91a-6731-e7b5f38951a6
2026-08-16 05:03:34.085818,50.0,10,1g.11gb,yolo-inference-755b67b9bb-sf8hz,default,yolo,580.173.02,GPU-d59cb1c4-ad97-d91a-6731-e7b5f38951a6
2026-08-16 05:03:34.085818,50.0,11,1g.11gb,yolo-inference-755b67b9bb-mdq5n,default,yolo,580.173.02,GPU-d59cb1c4-ad97-d91a-6731-e7b5f38951a6
2026-08-16 05:03:34.085818,50.0,12,1g.11gb,yolo-inference-755b67b9bb-l2sjx,default,yolo,580.173.02,GPU-d59cb1c4-ad97-d91a-6731-e7b5f38951a6
2026-08-16 05:03:34.085818,50.0,13,1g.11gb,yolo-inference-755b67b9bb-vgskt,default,yolo,580.173.02,GPU-d59cb1c4-ad97-d91a-6731-e7b5f38951a6
2026-08-16 05:03:34.085818,50.0,7,1g.11gb,,,,580.173.02,GPU-d59cb1c4-ad97-d91a-6731-e7b5f38951a6
2026-08-16 05:03:34.085818,50.0,8,1g.11gb,yolo-inference-755b67b9bb-ttrzf,default,yolo,580.173.02,GPU-d59cb1c4-ad97-d91a-6731-e7b5f38951a6
2026-08-16 05:03:34.085818,50.0,9,1g.11gb,yolo-inference-755b67b9bb-pwhtx,default,yolo,580.173.02,GPU-d59cb1c4-ad97-d91a-6731-e7b5f38951a6
2026-08-16 05:03:39.088029,50.0,10,1g.11gb,yolo-inference-755b67b9bb-sf8hz,default,yolo,580.173.02,GPU-d59cb1c4-ad97-d91a-6731-e7b5f38951a6
2026-08-16 05:03:39.088029,50.0,11,1g.11gb,yolo-inference-755b67b9bb-mdq5n,default,yolo,580.173.02,GPU-d59cb1c4-ad97-d91a-6731-e7b5f38951a6
2026-08-16 05:03:39.088029,50.0,12,1g.11gb,yolo-inference-755b67b9bb-l2sjx,default,yolo,580.173.02,GPU-d59cb1c4-ad97-d91a-6731-e7b5f38951a6
2026-08-16 05:03:39.088029,50.0,13,1g.11gb,yolo-inference-755b67b9bb-vgskt,default,yolo,580.173.02,GPU-d59cb1c4-ad97-d91a-6731-e7b5f38951a6
2026-08-16 05:03:39.088029,50.0,7,1g.11gb,,,,580.173.02,GPU-d59cb1c4-ad97-d91a-6731-e7b5f38951a6
2026-08-16 05:03:39.088029,50.0,8,1g.11gb,yolo-inference-755b67b9bb-ttrzf,default,yolo,580.173.02,GPU-d59cb1c4-ad97-d91a-6731-e7b5f38951a6
2026-08-16 05:03:39.088029,50.0,9,1g.11gb,yolo-inference-755b67b9bb-pwhtx,default,yolo,580.173.02,GPU-d59cb1c4-ad97-d91a-6731-e7b5f38951a6
2026-08-16 05:03:44.088014,50.0,10,1g.11gb,yolo-inference-755b67b9bb-sf8hz,default,yolo,580.173.02,GPU-d59cb1c4-ad97-d91a-6731-e7b5f38951a6
2026-08-16 05:03:44.088014,50.0,11,1g.11gb,yolo-inference-755b67b9bb-mdq5n,default,yolo,580.173.02,GPU-d59cb1c4-ad97-d91a-6731-e7b5f38951a6
2026-08-16 05:03:44.088014,50.0,12,1g.11gb,yolo-inference-755b67b9bb-l2sjx,default,yolo,580.173.02,GPU-d59cb1c4-ad97-d91a-6731-e7b5f38951a6
2026-08-16 05:03:44.088014,50.0,13,1g.11gb,yolo-inference-755b67b9bb-vgskt,default,yolo,580.173.02,GPU-d59cb1c4-ad97-d91a-6731-e7b5f38951a6
2026-08-16 05:03:44.088014,50.0,7,1g.11gb,,,,580.173.02,GPU-d59cb1c4-ad97-d91a-6731-e7b5f38951a6
2026-08-16 05:03:44.088014,50.0,8,1g.11gb,yolo-inference-755b67b9bb-ttrzf,default,yolo,580.173.02,GPU-d59cb1c4-ad97-d91a-6731-e7b5f38951a6
2026-08-16 05:03:44.088014,50.0,9,1g.11gb,yolo-inference-755b67b9bb-pwhtx,default,yolo,580.173.02,GPU-d59cb1c4-ad97-d91a-6731-e7b5f38951a6
2026-08-16 05:03:49.088028,50.0,10,1g.11gb,yolo-inference-755b67b9bb-sf8hz,default,yolo,580.173.02,GPU-d59cb1c4-ad97-d91a-6731-e7b5f38951a6
2026-08-16 05:03:49.088028,50.0,11,1g.11gb,yolo-inference-755b67b9bb-mdq5n,default,yolo,580.173.02,GPU-d59cb1c4-ad97-d91a-6731-e7b5f38951a6
2026-08-16 05:03:49.088028,50.0,12,1g.11gb,yolo-inference-755b67b9bb-l2sjx,default,yolo,580.173.02,GPU-d59cb1c4-ad97-d91a-6731-e7b5f38951a6
2026-08-16 05:03:49.088028,50.0,13,1g.11gb,yolo-inference-755b67b9bb-vgskt,default,yolo,580.173.02,GPU-d59cb1c4-ad97-d91a-6731-e7b5f38951a6
2026-08-16 05:03:49.088028,50.0,7,1g.11gb,,,,580.173.02,GPU-d59cb1c4-ad97-d91a-6731-e7b5f38951a6
2026-08-16 05:03:49.088028,50.0,8,1g.11gb,yolo-inference-755b67b9bb-ttrzf,default,yolo,580.173.02,GPU-d59cb1c4-ad97-d91a-6731-e7b5f38951a6
2026-08-16 05:03:49.088028,50.0,9,1g.11gb,yolo-inference-755b67b9bb-pwhtx,default,yolo,580.173.02,GPU-d59cb1c4-ad97-d91a-6731-e7b5f38951a6
2026-08-16 05:03:54.084746,50.0,10,1g.11gb,yolo-inference-755b67b9bb-sf8hz,default,yolo,580.173.02,GPU-d59cb1c4-ad97-d91a-6731-e7b5f38951a6
2026-08-16 05:03:54.084746,50.0,11,1g.11gb,yolo-inference-755b67b9bb-mdq5n,default,yolo,580.173.02,GPU-d59cb1c4-ad97-d91a-6731-e7b5f38951a6
2026-08-16 05:03:54.084746,50.0,12,1g.11gb,yolo-inference-755b67b9bb-l2sjx,default,yolo,580.173.02,GPU-d59cb1c4-ad97-d91a-6731-e7b5f38951a6
2026-08-16 05:03:54.084746,50.0,13,1g.11gb,yolo-inference-755b67b9bb-vgskt,default,yolo,580.173.02,GPU-d59cb1c4-ad97-d91a-6731-e7b5f38951a6
2026-08-16 05:03:54.084746,50.0,7,1g.11gb,,,,580.173.02,GPU-d59cb1c4-ad97-d91a-6731-e7b5f38951a6
2026-08-16 05:03:54.084746,50.0,8,1g.11gb,yolo-inference-755b67b9bb-ttrzf,default,yolo,580.173.02,GPU-d59cb1c4-ad97-d91a-6731-e7b5f38951a6
2026-08-16 05:03:54.084746,50.0,9,1g.11gb,yolo-inference-755b67b9bb-pwhtx,default,yolo,580.173.02,GPU-d59cb1c4-ad97-d91a-6731-e7b5f38951a6
2026-08-16 05:03:59.088034,50.0,10,1g.11gb,yolo-inference-755b67b9bb-sf8hz,default,yolo,580.173.02,GPU-d59cb1c4-ad97-d91a-6731-e7b5f38951a6
2026-08-16 05:03:59.088034,50.0,11,1g.11gb,yolo-inference-755b67b9bb-mdq5n,default,yolo,580.173.02,GPU-d59cb1c4-ad97-d91a-6731-e7b5f38951a6
2026-08-16 05:03:59.088034,50.0,12,1g.11gb,yolo-inference-755b67b9bb-l2sjx,default,yolo,580.173.02,GPU-d59cb1c4-ad97-d91a-6731-e7b5f38951a6
2026-08-16 05:03:59.088034,50.0,13,1g.11gb,yolo-inference-755b67b9bb-vgskt,default,yolo,580.173.02,GPU-d59cb1c4-ad97-d91a-6731-e7b5f38951a6
2026-08-16 05:03:59.088034,50.0,7,1g.11gb,,,,580.173.02,GPU-d59cb1c4-ad97-d91a-6731-e7b5f38951a6
2026-08-16 05:03:59.088034,50.0,8,1g.11gb,yolo-inference-755b67b9bb-ttrzf,default,yolo,580.173.02,GPU-d59cb1c4-ad97-d91a-6731-e7b5f38951a6
2026-08-16 05:03:59.088034,50.0,9,1g.11gb,yolo-inference-755b67b9bb-pwhtx,default,yolo,580.173.02,GPU-d59cb1c4-ad97-d91a-6731-e7b5f38951a6
2026-08-16 05:04:04.088027,50.0,10,1g.11gb,yolo-inference-755b67b9bb-sf8hz,default,yolo,580.173.02,GPU-d59cb1c4-ad97-d91a-6731-e7b5f38951a6
2026-08-16 05:04:04.088027,50.0,11,1g.11gb,yolo-inference-755b67b9bb-mdq5n,default,yolo,580.173.02,GPU-d59cb1c4-ad97-d91a-6731-e7b5f38951a6
2026-08-16 05:04:04.088027,50.0,12,1g.11gb,yolo-inference-755b67b9bb-l2sjx,default,yolo,580.173.02,GPU-d59cb1c4-ad97-d91a-6731-e7b5f38951a6
2026-08-16 05:04:04.088027,50.0,13,1g.11gb,yolo-inference-755b67b9bb-vgskt,default,yolo,580.173.02,GPU-d59cb1c4-ad97-d91a-6731-e7b5f38951a6
2026-08-16 05:04:04.088027,50.0,7,1g.11gb,,,,580.173.02,GPU-d59cb1c4-ad97-d91a-6731-e7b5f38951a6
2026-08-16 05:04:04.088027,50.0,8,1g.11gb,yolo-inference-755b67b9bb-ttrzf,default,yolo,580.173.02,GPU-d59cb1c4-ad97-d91a-6731-e7b5f38951a6
2026-08-16 05:04:04.088027,50.0,9,1g.11gb,yolo-inference-755b67b9bb-pwhtx,default,yolo,580.173.02,GPU-d59cb1c4-ad97-d91a-6731-e7b5f38951a6
2026-08-16 05:04:09.088024,50.0,10,1g.11gb,yolo-inference-755b67b9bb-sf8hz,default,yolo,580.173.02,GPU-d59cb1c4-ad97-d91a-6731-e7b5f38951a6
2026-08-16 05:04:09.088024,50.0,11,1g.11gb,yolo-inference-755b67b9bb-mdq5n,default,yolo,580.173.02,GPU-d59cb1c4-ad97-d91a-6731-e7b5f38951a6
2026-08-16 05:04:09.088024,50.0,12,1g.11gb,yolo-inference-755b67b9bb-l2sjx,default,yolo,580.173.02,GPU-d59cb1c4-ad97-d91a-6731-e7b5f38951a6
2026-08-16 05:04:09.088024,50.0,13,1g.11gb,yolo-inference-755b67b9bb-vgskt,default,yolo,580.173.02,GPU-d59cb1c4-ad97-d91a-6731-e7b5f38951a6
2026-08-16 05:04:09.088024,50.0,7,1g.11gb,,,,580.173.02,GPU-d59cb1c4-ad97-d91a-6731-e7b5f38951a6
2026-08-16 05:04:09.088024,50.0,8,1g.11gb,yolo-inference-755b67b9bb-ttrzf,default,yolo,580.173.02,GPU-d59cb1c4-ad97-d91a-6731-e7b5f38951a6
2026-08-16 05:04:09.088024,50.0,9,1g.11gb,yolo-inference-755b67b9bb-pwhtx,default,yolo,580.173.02,GPU-d59cb1c4-ad97-d91a-6731-e7b5f38951a6
2026-08-16 05:04:14.087018,50.0,10,1g.11gb,yolo-inference-755b67b9bb-sf8hz,default,yolo,580.173.02,GPU-d59cb1c4-ad97-d91a-6731-e7b5f38951a6
2026-08-16 05:04:14.087018,50.0,11,1g.11gb,yolo-inference-755b67b9bb-mdq5n,default,yolo,580.173.02,GPU-d59cb1c4-ad97-d91a-6731-e7b5f38951a6
2026-08-16 05:04:14.087018,50.0,12,1g.11gb,yolo-inference-755b67b9bb-l2sjx,default,yolo,580.173.02,GPU-d59cb1c4-ad97-d91a-6731-e7b5f38951a6
2026-08-16 05:04:14.087018,50.0,13,1g.11gb,yolo-inference-755b67b9bb-vgskt,default,yolo,580.173.02,GPU-d59cb1c4-ad97-d91a-6731-e7b5f38951a6
2026-08-16 05:04:14.087018,50.0,7,1g.11gb,,,,580.173.02,GPU-d59cb1c4-ad97-d91a-6731-e7b5f38951a6
2026-08-16 05:04:14.087018,50.0,8,1g.11gb,yolo-inference-755b67b9bb-ttrzf,default,yolo,580.173.02,GPU-d59cb1c4-ad97-d91a-6731-e7b5f38951a6
2026-08-16 05:04:14.087018,50.0,9,1g.11gb,yolo-inference-755b67b9bb-pwhtx,default,yolo,580.173.02,GPU-d59cb1c4-ad97-d91a-6731-e7b5f38951a6
2026-08-16 05:04:19.088054,50.0,10,1g.11gb,yolo-inference-755b67b9bb-sf8hz,default,yolo,580.173.02,GPU-d59cb1c4-ad97-d91a-6731-e7b5f38951a6
2026-08-16 05:04:19.088054,50.0,11,1g.11gb,yolo-inference-755b67b9bb-mdq5n,default,yolo,580.173.02,GPU-d59cb1c4-ad97-d91a-6731-e7b5f38951a6
2026-08-16 05:04:19.088054,50.0,12,1g.11gb,yolo-inference-755b67b9bb-l2sjx,default,yolo,580.173.02,GPU-d59cb1c4-ad97-d91a-6731-e7b5f38951a6
2026-08-16 05:04:19.088054,50.0,13,1g.11gb,yolo-inference-755b67b9bb-vgskt,default,yolo,580.173.02,GPU-d59cb1c4-ad97-d91a-6731-e7b5f38951a6
2026-08-16 05:04:19.088054,50.0,7,1g.11gb,,,,580.173.02,GPU-d59cb1c4-ad97-d91a-6731-e7b5f38951a6
2026-08-16 05:04:19.088054,50.0,8,1g.11gb,yolo-inference-755b67b9bb-ttrzf,default,yolo,580.173.02,GPU-d59cb1c4-ad97-d91a-6731-e7b5f38951a6
2026-08-16 05:04:19.088054,50.0,9,1g.11gb,yolo-inference-755b67b9bb-pwhtx,default,yolo,580.173.02,GPU-d59cb1c4-ad97-d91a-6731-e7b5f38951a6
2026-08-16 05:04:24.086210,50.0,10,1g.11gb,yolo-inference-755b67b9bb-sf8hz,default,yolo,580.173.02,GPU-d59cb1c4-ad97-d91a-6731-e7b5f38951a6
2026-08-16 05:04:24.086210,50.0,11,1g.11gb,yolo-inference-755b67b9bb-mdq5n,default,yolo,580.173.02,GPU-d59cb1c4-ad97-d91a-6731-e7b5f38951a6
2026-08-16 05:04:24.086210,50.0,12,1g.11gb,yolo-inference-755b67b9bb-l2sjx,default,yolo,580.173.02,GPU-d59cb1c4-ad97-d91a-6731-e7b5f38951a6
2026-08-16 05:04:24.086210,50.0,13,1g.11gb,yolo-inference-755b67b9bb-vgskt,default,yolo,580.173.02,GPU-d59cb1c4-ad97-d91a-6731-e7b5f38951a6
2026-08-16 05:04:24.086210,50.0,7,1g.11gb,,,,580.173.02,GPU-d59cb1c4-ad97-d91a-6731-e7b5f38951a6
2026-08-16 05:04:24.086210,50.0,8,1g.11gb,yolo-inference-755b67b9bb-ttrzf,default,yolo,580.173.02,GPU-d59cb1c4-ad97-d91a-6731-e7b5f38951a6
2026-08-16 05:04:24.086210,50.0,9,1g.11gb,yolo-inference-755b67b9bb-pwhtx,default,yolo,580.173.02,GPU-d59cb1c4-ad97-d91a-6731-e7b5f38951a6
2026-08-16 05:04:29.088031,50.0,10,1g.11gb,yolo-inference-755b67b9bb-sf8hz,default,yolo,580.173.02,GPU-d59cb1c4-ad97-d91a-6731-e7b5f38951a6
2026-08-16 05:04:29.088031,50.0,11,1g.11gb,yolo-inference-755b67b9bb-mdq5n,default,yolo,580.173.02,GPU-d59cb1c4-ad97-d91a-6731-e7b5f38951a6
2026-08-16 05:04:29.088031,50.0,12,1g.11gb,yolo-inference-755b67b9bb-l2sjx,default,yolo,580.173.02,GPU-d59cb1c4-ad97-d91a-6731-e7b5f38951a6
2026-08-16 05:04:29.088031,50.0,13,1g.11gb,yolo-inference-755b67b9bb-vgskt,default,yolo,580.173.02,GPU-d59cb1c4-ad97-d91a-6731-e7b5f38951a6
2026-08-16 05:04:29.088031,50.0,7,1g.11gb,,,,580.173.02,GPU-d59cb1c4-ad97-d91a-6731-e7b5f38951a6
2026-08-16 05:04:29.088031,50.0,8,1g.11gb,yolo-inference-755b67b9bb-ttrzf,default,yolo,580.173.02,GPU-d59cb1c4-ad97-d91a-6731-e7b5f38951a6
2026-08-16 05:04:29.088031,50.0,9,1g.11gb,yolo-inference-755b67b9bb-pwhtx,default,yolo,580.173.02,GPU-d59cb1c4-ad97-d91a-6731-e7b5f38951a6
2026-08-16 05:04:34.088023,50.0,10,1g.11gb,yolo-inference-755b67b9bb-sf8hz,default,yolo,580.173.02,GPU-d59cb1c4-ad97-d91a-6731-e7b5f38951a6
2026-08-16 05:04:34.088023,50.0,11,1g.11gb,yolo-inference-755b67b9bb-mdq5n,default,yolo,580.173.02,GPU-d59cb1c4-ad97-d91a-6731-e7b5f38951a6
2026-08-16 05:04:34.088023,50.0,12,1g.11gb,yolo-inference-755b67b9bb-l2sjx,default,yolo,580.173.02,GPU-d59cb1c4-ad97-d91a-6731-e7b5f38951a6
2026-08-16 05:04:34.088023,50.0,13,1g.11gb,yolo-inference-755b67b9bb-vgskt,default,yolo,580.173.02,GPU-d59cb1c4-ad97-d91a-6731-e7b5f38951a6
2026-08-16 05:04:34.088023,50.0,7,1g.11gb,,,,580.173.02,GPU-d59cb1c4-ad97-d91a-6731-e7b5f38951a6
2026-08-16 05:04:34.088023,50.0,8,1g.11gb,yolo-inference-755b67b9bb-ttrzf,default,yolo,580.173.02,GPU-d59cb1c4-ad97-d91a-6731-e7b5f38951a6
2026-08-16 05:04:34.088023,50.0,9,1g.11gb,yolo-inference-755b67b9bb-pwhtx,default,yolo,580.173.02,GPU-d59cb1c4-ad97-d91a-6731-e7b5f38951a6
2026-08-16 05:04:39.083443,50.0,10,1g.11gb,yolo-inference-755b67b9bb-sf8hz,default,yolo,580.173.02,GPU-d59cb1c4-ad97-d91a-6731-e7b5f38951a6
2026-08-16 05:04:39.083443,50.0,11,1g.11gb,yolo-inference-755b67b9bb-mdq5n,default,yolo,580.173.02,GPU-d59cb1c4-ad97-d91a-6731-e7b5f38951a6
2026-08-16 05:04:39.083443,50.0,12,1g.11gb,yolo-inference-755b67b9bb-l2sjx,default,yolo,580.173.02,GPU-d59cb1c4-ad97-d91a-6731-e7b5f38951a6
2026-08-16 05:04:39.083443,50.0,13,1g.11gb,yolo-inference-755b67b9bb-vgskt,default,yolo,580.173.02,GPU-d59cb1c4-ad97-d91a-6731-e7b5f38951a6
2026-08-16 05:04:39.083443,50.0,7,1g.11gb,,,,580.173.02,GPU-d59cb1c4-ad97-d91a-6731-e7b5f38951a6
2026-08-16 05:04:39.083443,50.0,8,1g.11gb,yolo-inference-755b67b9bb-ttrzf,default,yolo,580.173.02,GPU-d59cb1c4-ad97-d91a-6731-e7b5f38951a6
2026-08-16 05:04:39.083443,50.0,9,1g.11gb,yolo-inference-755b67b9bb-pwhtx,default,yolo,580.173.02,GPU-d59cb1c4-ad97-d91a-6731-e7b5f38951a6
2026-08-16 05:04:44.084069,50.0,10,1g.11gb,yolo-inference-755b67b9bb-sf8hz,default,yolo,580.173.02,GPU-d59cb1c4-ad97-d91a-6731-e7b5f38951a6
2026-08-16 05:04:44.084069,50.0,11,1g.11gb,yolo-inference-755b67b9bb-mdq5n,default,yolo,580.173.02,GPU-d59cb1c4-ad97-d91a-6731-e7b5f38951a6
2026-08-16 05:04:44.084069,50.0,12,1g.11gb,yolo-inference-755b67b9bb-l2sjx,default,yolo,580.173.02,GPU-d59cb1c4-ad97-d91a-6731-e7b5f38951a6
2026-08-16 05:04:44.084069,50.0,13,1g.11gb,yolo-inference-755b67b9bb-vgskt,default,yolo,580.173.02,GPU-d59cb1c4-ad97-d91a-6731-e7b5f38951a6
2026-08-16 05:04:44.084069,50.0,7,1g.11gb,,,,580.173.02,GPU-d59cb1c4-ad97-d91a-6731-e7b5f38951a6
2026-08-16 05:04:44.084069,50.0,8,1g.11gb,yolo-inference-755b67b9bb-ttrzf,default,yolo,580.173.02,GPU-d59cb1c4-ad97-d91a-6731-e7b5f38951a6
2026-08-16 05:04:44.084069,50.0,9,1g.11gb,yolo-inference-755b67b9bb-pwhtx,default,yolo,580.173.02,GPU-d59cb1c4-ad97-d91a-6731-e7b5f38951a6
2026-08-16 05:04:49.088040,50.0,10,1g.11gb,yolo-inference-755b67b9bb-sf8hz,default,yolo,580.173.02,GPU-d59cb1c4-ad97-d91a-6731-e7b5f38951a6
2026-08-16 05:04:49.088040,50.0,11,1g.11gb,yolo-inference-755b67b9bb-mdq5n,default,yolo,580.173.02,GPU-d59cb1c4-ad97-d91a-6731-e7b5f38951a6
2026-08-16 05:04:49.088040,50.0,12,1g.11gb,yolo-inference-755b67b9bb-l2sjx,default,yolo,580.173.02,GPU-d59cb1c4-ad97-d91a-6731-e7b5f38951a6
2026-08-16 05:04:49.088040,50.0,13,1g.11gb,yolo-inference-755b67b9bb-vgskt,default,yolo,580.173.02,GPU-d59cb1c4-ad97-d91a-6731-e7b5f38951a6
2026-08-16 05:04:49.088040,50.0,7,1g.11gb,,,,580.173.02,GPU-d59cb1c4-ad97-d91a-6731-e7b5f38951a6
2026-08-16 05:04:49.088040,50.0,8,1g.11gb,yolo-inference-755b67b9bb-ttrzf,default,yolo,580.173.02,GPU-d59cb1c4-ad97-d91a-6731-e7b5f38951a6
2026-08-16 05:04:49.088040,50.0,9,1g.11gb,yolo-inference-755b67b9bb-pwhtx,default,yolo,580.173.02,GPU-d59cb1c4-ad97-d91a-6731-e7b5f38951a6
2026-08-16 05:04:54.088028,50.0,10,1g.11gb,yolo-inference-755b67b9bb-sf8hz,default,yolo,580.173.02,GPU-d59cb1c4-ad97-d91a-6731-e7b5f38951a6
2026-08-16 05:04:54.088028,50.0,11,1g.11gb,yolo-inference-755b67b9bb-mdq5n,default,yolo,580.173.02,GPU-d59cb1c4-ad97-d91a-6731-e7b5f38951a6
2026-08-16 05:04:54.088028,50.0,12,1g.11gb,yolo-inference-755b67b9bb-l2sjx,default,yolo,580.173.02,GPU-d59cb1c4-ad97-d91a-6731-e7b5f38951a6
2026-08-16 05:04:54.088028,50.0,13,1g.11gb,yolo-inference-755b67b9bb-vgskt,default,yolo,580.173.02,GPU-d59cb1c4-ad97-d91a-6731-e7b5f38951a6
2026-08-16 05:04:54.088028,50.0,7,1g.11gb,,,,580.173.02,GPU-d59cb1c4-ad97-d91a-6731-e7b5f38951a6
2026-08-16 05:04:54.088028,50.0,8,1g.11gb,yolo-inference-755b67b9bb-ttrzf,default,yolo,580.173.02,GPU-d59cb1c4-ad97-d91a-6731-e7b5f38951a6
2026-08-16 05:04:54.088028,50.0,9,1g.11gb,yolo-inference-755b67b9bb-pwhtx,default,yolo,580.173.02,GPU-d59cb1c4-ad97-d91a-6731-e7b5f38951a6
2026-08-16 05:04:59.084058,50.0,10,1g.11gb,yolo-inference-755b67b9bb-sf8hz,default,yolo,580.173.02,GPU-d59cb1c4-ad97-d91a-6731-e7b5f38951a6
2026-08-16 05:04:59.084058,50.0,11,1g.11gb,yolo-inference-755b67b9bb-mdq5n,default,yolo,580.173.02,GPU-d59cb1c4-ad97-d91a-6731-e7b5f38951a6
2026-08-16 05:04:59.084058,50.0,12,1g.11gb,yolo-inference-755b67b9bb-l2sjx,default,yolo,580.173.02,GPU-d59cb1c4-ad97-d91a-6731-e7b5f38951a6
2026-08-16 05:04:59.084058,50.0,13,1g.11gb,yolo-inference-755b67b9bb-vgskt,default,yolo,580.173.02,GPU-d59cb1c4-ad97-d91a-6731-e7b5f38951a6
2026-08-16 05:04:59.084058,50.0,7,1g.11gb,,,,580.173.02,GPU-d59cb1c4-ad97-d91a-6731-e7b5f38951a6
2026-08-16 05:04:59.084058,50.0,8,1g.11gb,yolo-inference-755b67b9bb-ttrzf,default,yolo,580.173.02,GPU-d59cb1c4-ad97-d91a-6731-e7b5f38951a6
2026-08-16 05:04:59.084058,50.0,9,1g.11gb,yolo-inference-755b67b9bb-pwhtx,default,yolo,580.173.02,GPU-d59cb1c4-ad97-d91a-6731-e7b5f38951a6
2026-08-16 05:05:04.084179,50.0,10,1g.11gb,yolo-inference-755b67b9bb-sf8hz,default,yolo,580.173.02,GPU-d59cb1c4-ad97-d91a-6731-e7b5f38951a6
2026-08-16 05:05:04.084179,50.0,11,1g.11gb,yolo-inference-755b67b9bb-mdq5n,default,yolo,580.173.02,GPU-d59cb1c4-ad97-d91a-6731-e7b5f38951a6
2026-08-16 05:05:04.084179,50.0,12,1g.11gb,yolo-inference-755b67b9bb-l2sjx,default,yolo,580.173.02,GPU-d59cb1c4-ad97-d91a-6731-e7b5f38951a6
2026-08-16 05:05:04.084179,50.0,13,1g.11gb,yolo-inference-755b67b9bb-vgskt,default,yolo,580.173.02,GPU-d59cb1c4-ad97-d91a-6731-e7b5f38951a6
2026-08-16 05:05:04.084179,50.0,7,1g.11gb,,,,580.173.02,GPU-d59cb1c4-ad97-d91a-6731-e7b5f38951a6
2026-08-16 05:05:04.084179,50.0,8,1g.11gb,yolo-inference-755b67b9bb-ttrzf,default,yolo,580.173.02,GPU-d59cb1c4-ad97-d91a-6731-e7b5f38951a6
2026-08-16 05:05:04.084179,50.0,9,1g.11gb,yolo-inference-755b67b9bb-pwhtx,default,yolo,580.173.02,GPU-d59cb1c4-ad97-d91a-6731-e7b5f38951a6
2026-08-16 05:05:09.088220,50.0,10,1g.11gb,yolo-inference-755b67b9bb-sf8hz,default,yolo,580.173.02,GPU-d59cb1c4-ad97-d91a-6731-e7b5f38951a6
2026-08-16 05:05:09.088220,50.0,11,1g.11gb,yolo-inference-755b67b9bb-mdq5n,default,yolo,580.173.02,GPU-d59cb1c4-ad97-d91a-6731-e7b5f38951a6
2026-08-16 05:05:09.088220,50.0,12,1g.11gb,yolo-inference-755b67b9bb-l2sjx,default,yolo,580.173.02,GPU-d59cb1c4-ad97-d91a-6731-e7b5f38951a6
2026-08-16 05:05:09.088220,50.0,13,1g.11gb,yolo-inference-755b67b9bb-vgskt,default,yolo,580.173.02,GPU-d59cb1c4-ad97-d91a-6731-e7b5f38951a6
2026-08-16 05:05:09.088220,50.0,7,1g.11gb,,,,580.173.02,GPU-d59cb1c4-ad97-d91a-6731-e7b5f38951a6
2026-08-16 05:05:09.088220,50.0,8,1g.11gb,yolo-inference-755b67b9bb-ttrzf,default,yolo,580.173.02,GPU-d59cb1c4-ad97-d91a-6731-e7b5f38951a6
2026-08-16 05:05:09.088220,50.0,9,1g.11gb,yolo-inference-755b67b9bb-pwhtx,default,yolo,580.173.02,GPU-d59cb1c4-ad97-d91a-6731-e7b5f38951a6
2026-08-16 05:05:14.088055,50.0,10,1g.11gb,yolo-inference-755b67b9bb-sf8hz,default,yolo,580.173.02,GPU-d59cb1c4-ad97-d91a-6731-e7b5f38951a6
2026-08-16 05:05:14.088055,50.0,11,1g.11gb,yolo-inference-755b67b9bb-mdq5n,default,yolo,580.173.02,GPU-d59cb1c4-ad97-d91a-6731-e7b5f38951a6
2026-08-16 05:05:14.088055,50.0,12,1g.11gb,yolo-inference-755b67b9bb-l2sjx,default,yolo,580.173.02,GPU-d59cb1c4-ad97-d91a-6731-e7b5f38951a6
2026-08-16 05:05:14.088055,50.0,13,1g.11gb,yolo-inference-755b67b9bb-vgskt,default,yolo,580.173.02,GPU-d59cb1c4-ad97-d91a-6731-e7b5f38951a6
2026-08-16 05:05:14.088055,50.0,7,1g.11gb,,,,580.173.02,GPU-d59cb1c4-ad97-d91a-6731-e7b5f38951a6
2026-08-16 05:05:14.088055,50.0,8,1g.11gb,yolo-inference-755b67b9bb-ttrzf,default,yolo,580.173.02,GPU-d59cb1c4-ad97-d91a-6731-e7b5f38951a6
2026-08-16 05:05:14.088055,50.0,9,1g.11gb,yolo-inference-755b67b9bb-pwhtx,default,yolo,580.173.02,GPU-d59cb1c4-ad97-d91a-6731-e7b5f38951a6
2026-08-16 05:05:19.088044,50.0,10,1g.11gb,yolo-inference-755b67b9bb-sf8hz,default,yolo,580.173.02,GPU-d59cb1c4-ad97-d91a-6731-e7b5f38951a6
2026-08-16 05:05:19.088044,50.0,11,1g.11gb,yolo-inference-755b67b9bb-mdq5n,default,yolo,580.173.02,GPU-d59cb1c4-ad97-d91a-6731-e7b5f38951a6
2026-08-16 05:05:19.088044,50.0,12,1g.11gb,yolo-inference-755b67b9bb-l2sjx,default,yolo,580.173.02,GPU-d59cb1c4-ad97-d91a-6731-e7b5f38951a6
2026-08-16 05:05:19.088044,50.0,13,1g.11gb,yolo-inference-755b67b9bb-vgskt,default,yolo,580.173.02,GPU-d59cb1c4-ad97-d91a-6731-e7b5f38951a6
2026-08-16 05:05:19.088044,50.0,7,1g.11gb,,,,580.173.02,GPU-d59cb1c4-ad97-d91a-6731-e7b5f38951a6
2026-08-16 05:05:19.088044,50.0,8,1g.11gb,yolo-inference-755b67b9bb-ttrzf,default,yolo,580.173.02,GPU-d59cb1c4-ad97-d91a-6731-e7b5f38951a6
2026-08-16 05:05:19.088044,50.0,9,1g.11gb,yolo-inference-755b67b9bb-pwhtx,default,yolo,580.173.02,GPU-d59cb1c4-ad97-d91a-6731-e7b5f38951a6
2026-08-16 05:05:24.084200,50.0,10,1g.11gb,yolo-inference-755b67b9bb-sf8hz,default,yolo,580.173.02,GPU-d59cb1c4-ad97-d91a-6731-e7b5f38951a6
2026-08-16 05:05:24.084200,50.0,11,1g.11gb,yolo-inference-755b67b9bb-mdq5n,default,yolo,580.173.02,GPU-d59cb1c4-ad97-d91a-6731-e7b5f38951a6
2026-08-16 05:05:24.084200,50.0,12,1g.11gb,yolo-inference-755b67b9bb-l2sjx,default,yolo,580.173.02,GPU-d59cb1c4-ad97-d91a-6731-e7b5f38951a6
2026-08-16 05:05:24.084200,50.0,13,1g.11gb,yolo-inference-755b67b9bb-vgskt,default,yolo,580.173.02,GPU-d59cb1c4-ad97-d91a-6731-e7b5f38951a6
2026-08-16 05:05:24.084200,50.0,7,1g.11gb,,,,580.173.02,GPU-d59cb1c4-ad97-d91a-6731-e7b5f38951a6
2026-08-16 05:05:24.084200,50.0,8,1g.11gb,yolo-inference-755b67b9bb-ttrzf,default,yolo,580.173.02,GPU-d59cb1c4-ad97-d91a-6731-e7b5f38951a6
2026-08-16 05:05:24.084200,50.0,9,1g.11gb,yolo-inference-755b67b9bb-pwhtx,default,yolo,580.173.02,GPU-d59cb1c4-ad97-d91a-6731-e7b5f38951a6
2026-08-16 05:05:29.088030,50.0,10,1g.11gb,yolo-inference-755b67b9bb-sf8hz,default,yolo,580.173.02,GPU-d59cb1c4-ad97-d91a-6731-e7b5f38951a6
2026-08-16 05:05:29.088030,50.0,11,1g.11gb,yolo-inference-755b67b9bb-mdq5n,default,yolo,580.173.02,GPU-d59cb1c4-ad97-d91a-6731-e7b5f38951a6
2026-08-16 05:05:29.088030,50.0,12,1g.11gb,yolo-inference-755b67b9bb-l2sjx,default,yolo,580.173.02,GPU-d59cb1c4-ad97-d91a-6731-e7b5f38951a6
2026-08-16 05:05:29.088030,50.0,13,1g.11gb,yolo-inference-755b67b9bb-vgskt,default,yolo,580.173.02,GPU-d59cb1c4-ad97-d91a-6731-e7b5f38951a6
2026-08-16 05:05:29.088030,50.0,7,1g.11gb,,,,580.173.02,GPU-d59cb1c4-ad97-d91a-6731-e7b5f38951a6
2026-08-16 05:05:29.088030,50.0,8,1g.11gb,yolo-inference-755b67b9bb-ttrzf,default,yolo,580.173.02,GPU-d59cb1c4-ad97-d91a-6731-e7b5f38951a6
2026-08-16 05:05:29.088030,50.0,9,1g.11gb,yolo-inference-755b67b9bb-pwhtx,default,yolo,580.173.02,GPU-d59cb1c4-ad97-d91a-6731-e7b5f38951a6
2026-08-16 05:05:34.088027,50.0,10,1g.11gb,yolo-inference-755b67b9bb-sf8hz,default,yolo,580.173.02,GPU-d59cb1c4-ad97-d91a-6731-e7b5f38951a6
2026-08-16 05:05:34.088027,50.0,11,1g.11gb,yolo-inference-755b67b9bb-mdq5n,default,yolo,580.173.02,GPU-d59cb1c4-ad97-d91a-6731-e7b5f38951a6
2026-08-16 05:05:34.088027,50.0,12,1g.11gb,yolo-inference-755b67b9bb-l2sjx,default,yolo,580.173.02,GPU-d59cb1c4-ad97-d91a-6731-e7b5f38951a6
2026-08-16 05:05:34.088027,50.0,13,1g.11gb,yolo-inference-755b67b9bb-vgskt,default,yolo,580.173.02,GPU-d59cb1c4-ad97-d91a-6731-e7b5f38951a6
2026-08-16 05:05:34.088027,50.0,7,1g.11gb,,,,580.173.02,GPU-d59cb1c4-ad97-d91a-6731-e7b5f38951a6
2026-08-16 05:05:34.088027,50.0,8,1g.11gb,yolo-inference-755b67b9bb-ttrzf,default,yolo,580.173.02,GPU-d59cb1c4-ad97-d91a-6731-e7b5f38951a6
2026-08-16 05:05:34.088027,50.0,9,1g.11gb,yolo-inference-755b67b9bb-pwhtx,default,yolo,580.173.02,GPU-d59cb1c4-ad97-d91a-6731-e7b5f38951a6
2026-08-16 05:05:39.085920,50.0,10,1g.11gb,yolo-inference-755b67b9bb-sf8hz,default,yolo,580.173.02,GPU-d59cb1c4-ad97-d91a-6731-e7b5f38951a6
2026-08-16 05:05:39.085920,50.0,11,1g.11gb,yolo-inference-755b67b9bb-mdq5n,default,yolo,580.173.02,GPU-d59cb1c4-ad97-d91a-6731-e7b5f38951a6
2026-08-16 05:05:39.085920,50.0,12,1g.11gb,yolo-inference-755b67b9bb-l2sjx,default,yolo,580.173.02,GPU-d59cb1c4-ad97-d91a-6731-e7b5f38951a6
2026-08-16 05:05:39.085920,50.0,13,1g.11gb,yolo-inference-755b67b9bb-vgskt,default,yolo,580.173.02,GPU-d59cb1c4-ad97-d91a-6731-e7b5f38951a6
2026-08-16 05:05:39.085920,50.0,7,1g.11gb,,,,580.173.02,GPU-d59cb1c4-ad97-d91a-6731-e7b5f38951a6
2026-08-16 05:05:39.085920,50.0,8,1g.11gb,yolo-inference-755b67b9bb-ttrzf,default,yolo,580.173.02,GPU-d59cb1c4-ad97-d91a-6731-e7b5f38951a6
2026-08-16 05:05:39.085920,50.0,9,1g.11gb,yolo-inference-755b67b9bb-pwhtx,default,yolo,580.173.02,GPU-d59cb1c4-ad97-d91a-6731-e7b5f38951a6
2026-08-16 05:05:44.087155,50.0,10,1g.11gb,yolo-inference-755b67b9bb-sf8hz,default,yolo,580.173.02,GPU-d59cb1c4-ad97-d91a-6731-e7b5f38951a6
2026-08-16 05:05:44.087155,50.0,11,1g.11gb,yolo-inference-755b67b9bb-mdq5n,default,yolo,580.173.02,GPU-d59cb1c4-ad97-d91a-6731-e7b5f38951a6
2026-08-16 05:05:44.087155,50.0,12,1g.11gb,yolo-inference-755b67b9bb-l2sjx,default,yolo,580.173.02,GPU-d59cb1c4-ad97-d91a-6731-e7b5f38951a6
2026-08-16 05:05:44.087155,50.0,13,1g.11gb,yolo-inference-755b67b9bb-vgskt,default,yolo,580.173.02,GPU-d59cb1c4-ad97-d91a-6731-e7b5f38951a6
2026-08-16 05:05:44.087155,50.0,7,1g.11gb,,,,580.173.02,GPU-d59cb1c4-ad97-d91a-6731-e7b5f38951a6
2026-08-16 05:05:44.087155,50.0,8,1g.11gb,yolo-inference-755b67b9bb-ttrzf,default,yolo,580.173.02,GPU-d59cb1c4-ad97-d91a-6731-e7b5f38951a6
2026-08-16 05:05:44.087155,50.0,9,1g.11gb,yolo-inference-755b67b9bb-pwhtx,default,yolo,580.173.02,GPU-d59cb1c4-ad97-d91a-6731-e7b5f38951a6
2026-08-16 05:05:49.088072,50.0,10,1g.11gb,yolo-inference-755b67b9bb-sf8hz,default,yolo,580.173.02,GPU-d59cb1c4-ad97-d91a-6731-e7b5f38951a6
2026-08-16 05:05:49.088072,50.0,11,1g.11gb,yolo-inference-755b67b9bb-mdq5n,default,yolo,580.173.02,GPU-d59cb1c4-ad97-d91a-6731-e7b5f38951a6
2026-08-16 05:05:49.088072,50.0,12,1g.11gb,yolo-inference-755b67b9bb-l2sjx,default,yolo,580.173.02,GPU-d59cb1c4-ad97-d91a-6731-e7b5f38951a6
2026-08-16 05:05:49.088072,50.0,13,1g.11gb,yolo-inference-755b67b9bb-vgskt,default,yolo,580.173.02,GPU-d59cb1c4-ad97-d91a-6731-e7b5f38951a6
2026-08-16 05:05:49.088072,50.0,7,1g.11gb,,,,580.173.02,GPU-d59cb1c4-ad97-d91a-6731-e7b5f38951a6
2026-08-16 05:05:49.088072,50.0,8,1g.11gb,yolo-inference-755b67b9bb-ttrzf,default,yolo,580.173.02,GPU-d59cb1c4-ad97-d91a-6731-e7b5f38951a6
2026-08-16 05:05:49.088072,50.0,9,1g.11gb,yolo-inference-755b67b9bb-pwhtx,default,yolo,580.173.02,GPU-d59cb1c4-ad97-d91a-6731-e7b5f38951a6
2026-08-16 05:05:54.088035,50.0,10,1g.11gb,yolo-inference-755b67b9bb-sf8hz,default,yolo,580.173.02,GPU-d59cb1c4-ad97-d91a-6731-e7b5f38951a6
2026-08-16 05:05:54.088035,50.0,11,1g.11gb,yolo-inference-755b67b9bb-mdq5n,default,yolo,580.173.02,GPU-d59cb1c4-ad97-d91a-6731-e7b5f38951a6
2026-08-16 05:05:54.088035,50.0,12,1g.11gb,yolo-inference-755b67b9bb-l2sjx,default,yolo,580.173.02,GPU-d59cb1c4-ad97-d91a-6731-e7b5f38951a6
2026-08-16 05:05:54.088035,50.0,13,1g.11gb,yolo-inference-755b67b9bb-vgskt,default,yolo,580.173.02,GPU-d59cb1c4-ad97-d91a-6731-e7b5f38951a6
2026-08-16 05:05:54.088035,50.0,7,1g.11gb,,,,580.173.02,GPU-d59cb1c4-ad97-d91a-6731-e7b5f38951a6
2026-08-16 05:05:54.088035,50.0,8,1g.11gb,yolo-inference-755b67b9bb-ttrzf,default,yolo,580.173.02,GPU-d59cb1c4-ad97-d91a-6731-e7b5f38951a6
2026-08-16 05:05:54.088035,50.0,9,1g.11gb,yolo-inference-755b67b9bb-pwhtx,default,yolo,580.173.02,GPU-d59cb1c4-ad97-d91a-6731-e7b5f38951a6
2026-08-16 05:05:59.087871,50.0,10,1g.11gb,yolo-inference-755b67b9bb-sf8hz,default,yolo,580.173.02,GPU-d59cb1c4-ad97-d91a-6731-e7b5f38951a6
2026-08-16 05:05:59.087871,50.0,11,1g.11gb,yolo-inference-755b67b9bb-mdq5n,default,yolo,580.173.02,GPU-d59cb1c4-ad97-d91a-6731-e7b5f38951a6
2026-08-16 05:05:59.087871,50.0,12,1g.11gb,yolo-inference-755b67b9bb-l2sjx,default,yolo,580.173.02,GPU-d59cb1c4-ad97-d91a-6731-e7b5f38951a6
2026-08-16 05:05:59.087871,50.0,13,1g.11gb,yolo-inference-755b67b9bb-vgskt,default,yolo,580.173.02,GPU-d59cb1c4-ad97-d91a-6731-e7b5f38951a6
2026-08-16 05:05:59.087871,50.0,7,1g.11gb,,,,580.173.02,GPU-d59cb1c4-ad97-d91a-6731-e7b5f38951a6
2026-08-16 05:05:59.087871,50.0,8,1g.11gb,yolo-inference-755b67b9bb-ttrzf,default,yolo,580.173.02,GPU-d59cb1c4-ad97-d91a-6731-e7b5f38951a6
2026-08-16 05:05:59.087871,50.0,9,1g.11gb,yolo-inference-755b67b9bb-pwhtx,default,yolo,580.173.02,GPU-d59cb1c4-ad97-d91a-6731-e7b5f38951a6
2026-08-16 05:06:04.087988,50.0,10,1g.11gb,yolo-inference-755b67b9bb-sf8hz,default,yolo,580.173.02,GPU-d59cb1c4-ad97-d91a-6731-e7b5f38951a6
2026-08-16 05:06:04.087988,50.0,11,1g.11gb,yolo-inference-755b67b9bb-mdq5n,default,yolo,580.173.02,GPU-d59cb1c4-ad97-d91a-6731-e7b5f38951a6
2026-08-16 05:06:04.087988,50.0,12,1g.11gb,yolo-inference-755b67b9bb-l2sjx,default,yolo,580.173.02,GPU-d59cb1c4-ad97-d91a-6731-e7b5f38951a6
2026-08-16 05:06:04.087988,50.0,13,1g.11gb,yolo-inference-755b67b9bb-vgskt,default,yolo,580.173.02,GPU-d59cb1c4-ad97-d91a-6731-e7b5f38951a6
2026-08-16 05:06:04.087988,50.0,7,1g.11gb,,,,580.173.02,GPU-d59cb1c4-ad97-d91a-6731-e7b5f38951a6
2026-08-16 05:06:04.087988,50.0,8,1g.11gb,yolo-inference-755b67b9bb-ttrzf,default,yolo,580.173.02,GPU-d59cb1c4-ad97-d91a-6731-e7b5f38951a6
2026-08-16 05:06:04.087988,50.0,9,1g.11gb,yolo-inference-755b67b9bb-pwhtx,default,yolo,580.173.02,GPU-d59cb1c4-ad97-d91a-6731-e7b5f38951a6
2026-08-16 05:06:09.088028,50.0,10,1g.11gb,yolo-inference-755b67b9bb-sf8hz,default,yolo,580.173.02,GPU-d59cb1c4-ad97-d91a-6731-e7b5f38951a6
2026-08-16 05:06:09.088028,50.0,11,1g.11gb,yolo-inference-755b67b9bb-mdq5n,default,yolo,580.173.02,GPU-d59cb1c4-ad97-d91a-6731-e7b5f38951a6
2026-08-16 05:06:09.088028,50.0,12,1g.11gb,yolo-inference-755b67b9bb-l2sjx,default,yolo,580.173.02,GPU-d59cb1c4-ad97-d91a-6731-e7b5f38951a6
2026-08-16 05:06:09.088028,50.0,13,1g.11gb,yolo-inference-755b67b9bb-vgskt,default,yolo,580.173.02,GPU-d59cb1c4-ad97-d91a-6731-e7b5f38951a6
2026-08-16 05:06:09.088028,50.0,7,1g.11gb,,,,580.173.02,GPU-d59cb1c4-ad97-d91a-6731-e7b5f38951a6
2026-08-16 05:06:09.088028,50.0,8,1g.11gb,yolo-inference-755b67b9bb-ttrzf,default,yolo,580.173.02,GPU-d59cb1c4-ad97-d91a-6731-e7b5f38951a6
2026-08-16 05:06:09.088028,50.0,9,1g.11gb,yolo-inference-755b67b9bb-pwhtx,default,yolo,580.173.02,GPU-d59cb1c4-ad97-d91a-6731-e7b5f38951a6
2026-08-16 05:06:14.088035,50.0,10,1g.11gb,yolo-inference-755b67b9bb-sf8hz,default,yolo,580.173.02,GPU-d59cb1c4-ad97-d91a-6731-e7b5f38951a6
2026-08-16 05:06:14.088035,50.0,11,1g.11gb,yolo-inference-755b67b9bb-mdq5n,default,yolo,580.173.02,GPU-d59cb1c4-ad97-d91a-6731-e7b5f38951a6
2026-08-16 05:06:14.088035,50.0,12,1g.11gb,yolo-inference-755b67b9bb-l2sjx,default,yolo,580.173.02,GPU-d59cb1c4-ad97-d91a-6731-e7b5f38951a6
2026-08-16 05:06:14.088035,50.0,13,1g.11gb,yolo-inference-755b67b9bb-vgskt,default,yolo,580.173.02,GPU-d59cb1c4-ad97-d91a-6731-e7b5f38951a6
2026-08-16 05:06:14.088035,50.0,7,1g.11gb,,,,580.173.02,GPU-d59cb1c4-ad97-d91a-6731-e7b5f38951a6
2026-08-16 05:06:14.088035,50.0,8,1g.11gb,yolo-inference-755b67b9bb-ttrzf,default,yolo,580.173.02,GPU-d59cb1c4-ad97-d91a-6731-e7b5f38951a6
2026-08-16 05:06:14.088035,50.0,9,1g.11gb,yolo-inference-755b67b9bb-pwhtx,default,yolo,580.173.02,GPU-d59cb1c4-ad97-d91a-6731-e7b5f38951a6
2026-08-16 05:06:19.088024,50.0,10,1g.11gb,yolo-inference-755b67b9bb-sf8hz,default,yolo,580.173.02,GPU-d59cb1c4-ad97-d91a-6731-e7b5f38951a6
2026-08-16 05:06:19.088024,50.0,11,1g.11gb,yolo-inference-755b67b9bb-mdq5n,default,yolo,580.173.02,GPU-d59cb1c4-ad97-d91a-6731-e7b5f38951a6
2026-08-16 05:06:19.088024,50.0,12,1g.11gb,yolo-inference-755b67b9bb-l2sjx,default,yolo,580.173.02,GPU-d59cb1c4-ad97-d91a-6731-e7b5f38951a6
2026-08-16 05:06:19.088024,50.0,13,1g.11gb,yolo-inference-755b67b9bb-vgskt,default,yolo,580.173.02,GPU-d59cb1c4-ad97-d91a-6731-e7b5f38951a6
2026-08-16 05:06:19.088024,50.0,7,1g.11gb,,,,580.173.02,GPU-d59cb1c4-ad97-d91a-6731-e7b5f38951a6
2026-08-16 05:06:19.088024,50.0,8,1g.11gb,yolo-inference-755b67b9bb-ttrzf,default,yolo,580.173.02,GPU-d59cb1c4-ad97-d91a-6731-e7b5f38951a6
2026-08-16 05:06:19.088024,50.0,9,1g.11gb,yolo-inference-755b67b9bb-pwhtx,default,yolo,580.173.02,GPU-d59cb1c4-ad97-d91a-6731-e7b5f38951a6
2026-08-16 05:06:24.084026,50.0,10,1g.11gb,yolo-inference-755b67b9bb-sf8hz,default,yolo,580.173.02,GPU-d59cb1c4-ad97-d91a-6731-e7b5f38951a6
2026-08-16 05:06:24.084026,50.0,11,1g.11gb,yolo-inference-755b67b9bb-mdq5n,default,yolo,580.173.02,GPU-d59cb1c4-ad97-d91a-6731-e7b5f38951a6
2026-08-16 05:06:24.084026,50.0,12,1g.11gb,yolo-inference-755b67b9bb-l2sjx,default,yolo,580.173.02,GPU-d59cb1c4-ad97-d91a-6731-e7b5f38951a6
2026-08-16 05:06:24.084026,50.0,13,1g.11gb,yolo-inference-755b67b9bb-vgskt,default,yolo,580.173.02,GPU-d59cb1c4-ad97-d91a-6731-e7b5f38951a6
2026-08-16 05:06:24.084026,50.0,7,1g.11gb,,,,580.173.02,GPU-d59cb1c4-ad97-d91a-6731-e7b5f38951a6
2026-08-16 05:06:24.084026,50.0,8,1g.11gb,yolo-inference-755b67b9bb-ttrzf,default,yolo,580.173.02,GPU-d59cb1c4-ad97-d91a-6731-e7b5f38951a6
2026-08-16 05:06:24.084026,50.0,9,1g.11gb,yolo-inference-755b67b9bb-pwhtx,default,yolo,580.173.02,GPU-d59cb1c4-ad97-d91a-6731-e7b5f38951a6
2026-08-16 05:06:29.087772,50.0,10,1g.11gb,yolo-inference-755b67b9bb-sf8hz,default,yolo,580.173.02,GPU-d59cb1c4-ad97-d91a-6731-e7b5f38951a6
2026-08-16 05:06:29.087772,50.0,11,1g.11gb,yolo-inference-755b67b9bb-mdq5n,default,yolo,580.173.02,GPU-d59cb1c4-ad97-d91a-6731-e7b5f38951a6
2026-08-16 05:06:29.087772,50.0,12,1g.11gb,yolo-inference-755b67b9bb-l2sjx,default,yolo,580.173.02,GPU-d59cb1c4-ad97-d91a-6731-e7b5f38951a6
2026-08-16 05:06:29.087772,50.0,13,1g.11gb,yolo-inference-755b67b9bb-vgskt,default,yolo,580.173.02,GPU-d59cb1c4-ad97-d91a-6731-e7b5f38951a6
2026-08-16 05:06:29.087772,50.0,7,1g.11gb,,,,580.173.02,GPU-d59cb1c4-ad97-d91a-6731-e7b5f38951a6
2026-08-16 05:06:29.087772,50.0,8,1g.11gb,yolo-inference-755b67b9bb-ttrzf,default,yolo,580.173.02,GPU-d59cb1c4-ad97-d91a-6731-e7b5f38951a6
2026-08-16 05:06:29.087772,50.0,9,1g.11gb,yolo-inference-755b67b9bb-pwhtx,default,yolo,580.173.02,GPU-d59cb1c4-ad97-d91a-6731-e7b5f38951a6
2026-08-16 05:06:34.088034,50.0,10,1g.11gb,yolo-inference-755b67b9bb-sf8hz,default,yolo,580.173.02,GPU-d59cb1c4-ad97-d91a-6731-e7b5f38951a6
2026-08-16 05:06:34.088034,50.0,11,1g.11gb,yolo-inference-755b67b9bb-mdq5n,default,yolo,580.173.02,GPU-d59cb1c4-ad97-d91a-6731-e7b5f38951a6
2026-08-16 05:06:34.088034,50.0,12,1g.11gb,yolo-inference-755b67b9bb-l2sjx,default,yolo,580.173.02,GPU-d59cb1c4-ad97-d91a-6731-e7b5f38951a6
2026-08-16 05:06:34.088034,50.0,13,1g.11gb,yolo-inference-755b67b9bb-vgskt,default,yolo,580.173.02,GPU-d59cb1c4-ad97-d91a-6731-e7b5f38951a6
2026-08-16 05:06:34.088034,50.0,7,1g.11gb,,,,580.173.02,GPU-d59cb1c4-ad97-d91a-6731-e7b5f38951a6
2026-08-16 05:06:34.088034,50.0,8,1g.11gb,yolo-inference-755b67b9bb-ttrzf,default,yolo,580.173.02,GPU-d59cb1c4-ad97-d91a-6731-e7b5f38951a6
2026-08-16 05:06:34.088034,50.0,9,1g.11gb,yolo-inference-755b67b9bb-pwhtx,default,yolo,580.173.02,GPU-d59cb1c4-ad97-d91a-6731-e7b5f38951a6
2026-08-16 05:06:39.083349,50.0,10,1g.11gb,yolo-inference-755b67b9bb-sf8hz,default,yolo,580.173.02,GPU-d59cb1c4-ad97-d91a-6731-e7b5f38951a6
2026-08-16 05:06:39.083349,50.0,11,1g.11gb,yolo-inference-755b67b9bb-mdq5n,default,yolo,580.173.02,GPU-d59cb1c4-ad97-d91a-6731-e7b5f38951a6
2026-08-16 05:06:39.083349,50.0,12,1g.11gb,yolo-inference-755b67b9bb-l2sjx,default,yolo,580.173.02,GPU-d59cb1c4-ad97-d91a-6731-e7b5f38951a6
2026-08-16 05:06:39.083349,50.0,13,1g.11gb,yolo-inference-755b67b9bb-vgskt,default,yolo,580.173.02,GPU-d59cb1c4-ad97-d91a-6731-e7b5f38951a6
2026-08-16 05:06:39.083349,50.0,7,1g.11gb,,,,580.173.02,GPU-d59cb1c4-ad97-d91a-6731-e7b5f38951a6
2026-08-16 05:06:39.083349,50.0,8,1g.11gb,yolo-inference-755b67b9bb-ttrzf,default,yolo,580.173.02,GPU-d59cb1c4-ad97-d91a-6731-e7b5f38951a6
2026-08-16 05:06:39.083349,50.0,9,1g.11gb,yolo-inference-755b67b9bb-pwhtx,default,yolo,580.173.02,GPU-d59cb1c4-ad97-d91a-6731-e7b5f38951a6
2026-08-16 05:06:44.088026,50.0,10,1g.11gb,yolo-inference-755b67b9bb-sf8hz,default,yolo,580.173.02,GPU-d59cb1c4-ad97-d91a-6731-e7b5f38951a6
2026-08-16 05:06:44.088026,50.0,11,1g.11gb,yolo-inference-755b67b9bb-mdq5n,default,yolo,580.173.02,GPU-d59cb1c4-ad97-d91a-6731-e7b5f38951a6
2026-08-16 05:06:44.088026,50.0,12,1g.11gb,yolo-inference-755b67b9bb-l2sjx,default,yolo,580.173.02,GPU-d59cb1c4-ad97-d91a-6731-e7b5f38951a6
2026-08-16 05:06:44.088026,50.0,13,1g.11gb,yolo-inference-755b67b9bb-vgskt,default,yolo,580.173.02,GPU-d59cb1c4-ad97-d91a-6731-e7b5f38951a6
2026-08-16 05:06:44.088026,50.0,7,1g.11gb,,,,580.173.02,GPU-d59cb1c4-ad97-d91a-6731-e7b5f38951a6
2026-08-16 05:06:44.088026,50.0,8,1g.11gb,yolo-inference-755b67b9bb-ttrzf,default,yolo,580.173.02,GPU-d59cb1c4-ad97-d91a-6731-e7b5f38951a6
2026-08-16 05:06:44.088026,50.0,9,1g.11gb,yolo-inference-755b67b9bb-pwhtx,default,yolo,580.173.02,GPU-d59cb1c4-ad97-d91a-6731-e7b5f38951a6
2026-08-16 05:06:49.088047,50.0,10,1g.11gb,yolo-inference-755b67b9bb-sf8hz,default,yolo,580.173.02,GPU-d59cb1c4-ad97-d91a-6731-e7b5f38951a6
2026-08-16 05:06:49.088047,50.0,11,1g.11gb,yolo-inference-755b67b9bb-mdq5n,default,yolo,580.173.02,GPU-d59cb1c4-ad97-d91a-6731-e7b5f38951a6
2026-08-16 05:06:49.088047,50.0,12,1g.11gb,yolo-inference-755b67b9bb-l2sjx,default,yolo,580.173.02,GPU-d59cb1c4-ad97-d91a-6731-e7b5f38951a6
2026-08-16 05:06:49.088047,50.0,13,1g.11gb,yolo-inference-755b67b9bb-vgskt,default,yolo,580.173.02,GPU-d59cb1c4-ad97-d91a-6731-e7b5f38951a6
2026-08-16 05:06:49.088047,50.0,7,1g.11gb,,,,580.173.02,GPU-d59cb1c4-ad97-d91a-6731-e7b5f38951a6
2026-08-16 05:06:49.088047,50.0,8,1g.11gb,yolo-inference-755b67b9bb-ttrzf,default,yolo,580.173.02,GPU-d59cb1c4-ad97-d91a-6731-e7b5f38951a6
2026-08-16 05:06:49.088047,50.0,9,1g.11gb,yolo-inference-755b67b9bb-pwhtx,default,yolo,580.173.02,GPU-d59cb1c4-ad97-d91a-6731-e7b5f38951a6
2026-08-16 05:06:54.088027,50.0,10,1g.11gb,yolo-inference-755b67b9bb-sf8hz,default,yolo,580.173.02,GPU-d59cb1c4-ad97-d91a-6731-e7b5f38951a6
2026-08-16 05:06:54.088027,50.0,11,1g.11gb,yolo-inference-755b67b9bb-mdq5n,default,yolo,580.173.02,GPU-d59cb1c4-ad97-d91a-6731-e7b5f38951a6
2026-08-16 05:06:54.088027,50.0,12,1g.11gb,yolo-inference-755b67b9bb-l2sjx,default,yolo,580.173.02,GPU-d59cb1c4-ad97-d91a-6731-e7b5f38951a6
2026-08-16 05:06:54.088027,50.0,13,1g.11gb,yolo-inference-755b67b9bb-vgskt,default,yolo,580.173.02,GPU-d59cb1c4-ad97-d91a-6731-e7b5f38951a6
2026-08-16 05:06:54.088027,50.0,7,1g.11gb,,,,580.173.02,GPU-d59cb1c4-ad97-d91a-6731-e7b5f38951a6
2026-08-16 05:06:54.088027,50.0,8,1g.11gb,yolo-inference-755b67b9bb-ttrzf,default,yolo,580.173.02,GPU-d59cb1c4-ad97-d91a-6731-e7b5f38951a6
2026-08-16 05:06:54.088027,50.0,9,1g.11gb,yolo-inference-755b67b9bb-pwhtx,default,yolo,580.173.02,GPU-d59cb1c4-ad97-d91a-6731-e7b5f38951a6
2026-08-16 05:06:59.087342,50.0,10,1g.11gb,yolo-inference-755b67b9bb-sf8hz,default,yolo,580.173.02,GPU-d59cb1c4-ad97-d91a-6731-e7b5f38951a6
2026-08-16 05:06:59.087342,50.0,11,1g.11gb,yolo-inference-755b67b9bb-mdq5n,default,yolo,580.173.02,GPU-d59cb1c4-ad97-d91a-6731-e7b5f38951a6
2026-08-16 05:06:59.087342,50.0,12,1g.11gb,yolo-inference-755b67b9bb-l2sjx,default,yolo,580.173.02,GPU-d59cb1c4-ad97-d91a-6731-e7b5f38951a6
2026-08-16 05:06:59.087342,50.0,13,1g.11gb,yolo-inference-755b67b9bb-vgskt,default,yolo,580.173.02,GPU-d59cb1c4-ad97-d91a-6731-e7b5f38951a6
2026-08-16 05:06:59.087342,50.0,7,1g.11gb,,,,580.173.02,GPU-d59cb1c4-ad97-d91a-6731-e7b5f38951a6
2026-08-16 05:06:59.087342,50.0,8,1g.11gb,yolo-inference-755b67b9bb-ttrzf,default,yolo,580.173.02,GPU-d59cb1c4-ad97-d91a-6731-e7b5f38951a6
2026-08-16 05:06:59.087342,50.0,9,1g.11gb,yolo-inference-755b67b9bb-pwhtx,default,yolo,580.173.02,GPU-d59cb1c4-ad97-d91a-6731-e7b5f38951a6
2026-08-16 05:07:04.088054,50.0,10,1g.11gb,yolo-inference-755b67b9bb-sf8hz,default,yolo,580.173.02,GPU-d59cb1c4-ad97-d91a-6731-e7b5f38951a6
2026-08-16 05:07:04.088054,50.0,11,1g.11gb,yolo-inference-755b67b9bb-mdq5n,default,yolo,580.173.02,GPU-d59cb1c4-ad97-d91a-6731-e7b5f38951a6
2026-08-16 05:07:04.088054,50.0,12,1g.11gb,yolo-inference-755b67b9bb-l2sjx,default,yolo,580.173.02,GPU-d59cb1c4-ad97-d91a-6731-e7b5f38951a6
2026-08-16 05:07:04.088054,50.0,13,1g.11gb,yolo-inference-755b67b9bb-vgskt,default,yolo,580.173.02,GPU-d59cb1c4-ad97-d91a-6731-e7b5f38951a6
2026-08-16 05:07:04.088054,50.0,7,1g.11gb,,,,580.173.02,GPU-d59cb1c4-ad97-d91a-6731-e7b5f38951a6
2026-08-16 05:07:04.088054,50.0,8,1g.11gb,yolo-inference-755b67b9bb-ttrzf,default,yolo,580.173.02,GPU-d59cb1c4-ad97-d91a-6731-e7b5f38951a6
2026-08-16 05:07:04.088054,50.0,9,1g.11gb,yolo-inference-755b67b9bb-pwhtx,default,yolo,580.173.02,GPU-d59cb1c4-ad97-d91a-6731-e7b5f38951a6
2026-08-16 05:07:09.088027,50.0,10,1g.11gb,yolo-inference-755b67b9bb-sf8hz,default,yolo,580.173.02,GPU-d59cb1c4-ad97-d91a-6731-e7b5f38951a6
2026-08-16 05:07:09.088027,50.0,11,1g.11gb,yolo-inference-755b67b9bb-mdq5n,default,yolo,580.173.02,GPU-d59cb1c4-ad97-d91a-6731-e7b5f38951a6
2026-08-16 05:07:09.088027,50.0,12,1g.11gb,yolo-inference-755b67b9bb-l2sjx,default,yolo,580.173.02,GPU-d59cb1c4-ad97-d91a-6731-e7b5f38951a6
2026-08-16 05:07:09.088027,50.0,13,1g.11gb,yolo-inference-755b67b9bb-vgskt,default,yolo,580.173.02,GPU-d59cb1c4-ad97-d91a-6731-e7b5f38951a6
2026-08-16 05:07:09.088027,50.0,7,1g.11gb,,,,580.173.02,GPU-d59cb1c4-ad97-d91a-6731-e7b5f38951a6
2026-08-16 05:07:09.088027,50.0,8,1g.11gb,yolo-inference-755b67b9bb-ttrzf,default,yolo,580.173.02,GPU-d59cb1c4-ad97-d91a-6731-e7b5f38951a6
2026-08-16 05:07:09.088027,50.0,9,1g.11gb,yolo-inference-755b67b9bb-pwhtx,default,yolo,580.173.02,GPU-d59cb1c4-ad97-d91a-6731-e7b5f38951a6
2026-08-16 05:07:14.088014,50.0,10,1g.11gb,yolo-inference-755b67b9bb-sf8hz,default,yolo,580.173.02,GPU-d59cb1c4-ad97-d91a-6731-e7b5f38951a6
2026-08-16 05:07:14.088014,50.0,11,1g.11gb,yolo-inference-755b67b9bb-mdq5n,default,yolo,580.173.02,GPU-d59cb1c4-ad97-d91a-6731-e7b5f38951a6
2026-08-16 05:07:14.088014,50.0,12,1g.11gb,yolo-inference-755b67b9bb-l2sjx,default,yolo,580.173.02,GPU-d59cb1c4-ad97-d91a-6731-e7b5f38951a6
2026-08-16 05:07:14.088014,50.0,13,1g.11gb,yolo-inference-755b67b9bb-vgskt,default,yolo,580.173.02,GPU-d59cb1c4-ad97-d91a-6731-e7b5f38951a6
2026-08-16 05:07:14.088014,50.0,7,1g.11gb,,,,580.173.02,GPU-d59cb1c4-ad97-d91a-6731-e7b5f38951a6
2026-08-16 05:07:14.088014,50.0,8,1g.11gb,yolo-inference-755b67b9bb-ttrzf,default,yolo,580.173.02,GPU-d59cb1c4-ad97-d91a-6731-e7b5f38951a6
2026-08-16 05:07:14.088014,50.0,9,1g.11gb,yolo-inference-755b67b9bb-pwhtx,default,yolo,580.173.02,GPU-d59cb1c4-ad97-d91a-6731-e7b5f38951a6
2026-08-16 05:07:19.087214,50.0,10,1g.11gb,yolo-inference-755b67b9bb-sf8hz,default,yolo,580.173.02,GPU-d59cb1c4-ad97-d91a-6731-e7b5f38951a6
2026-08-16 05:07:19.087214,50.0,11,1g.11gb,yolo-inference-755b67b9bb-mdq5n,default,yolo,580.173.02,GPU-d59cb1c4-ad97-d91a-6731-e7b5f38951a6
2026-08-16 05:07:19.087214,50.0,12,1g.11gb,yolo-inference-755b67b9bb-l2sjx,default,yolo,580.173.02,GPU-d59cb1c4-ad97-d91a-6731-e7b5f38951a6
2026-08-16 05:07:19.087214,50.0,13,1g.11gb,yolo-inference-755b67b9bb-vgskt,default,yolo,580.173.02,GPU-d59cb1c4-ad97-d91a-6731-e7b5f38951a6
2026-08-16 05:07:19.087214,50.0,7,1g.11gb,,,,580.173.02,GPU-d59cb1c4-ad97-d91a-6731-e7b5f38951a6
2026-08-16 05:07:19.087214,50.0,8,1g.11gb,yolo-inference-755b67b9bb-ttrzf,default,yolo,580.173.02,GPU-d59cb1c4-ad97-d91a-6731-e7b5f38951a6
2026-08-16 05:07:19.087214,50.0,9,1g.11gb,yolo-inference-755b67b9bb-pwhtx,default,yolo,580.173.02,GPU-d59cb1c4-ad97-d91a-6731-e7b5f38951a6
2026-08-16 05:07:24.088063,50.0,10,1g.11gb,yolo-inference-755b67b9bb-sf8hz,default,yolo,580.173.02,GPU-d59cb1c4-ad97-d91a-6731-e7b5f38951a6
2026-08-16 05:07:24.088063,50.0,11,1g.11gb,yolo-inference-755b67b9bb-mdq5n,default,yolo,580.173.02,GPU-d59cb1c4-ad97-d91a-6731-e7b5f38951a6
2026-08-16 05:07:24.088063,50.0,12,1g.11gb,yolo-inference-755b67b9bb-l2sjx,default,yolo,580.173.02,GPU-d59cb1c4-ad97-d91a-6731-e7b5f38951a6
2026-08-16 05:07:24.088063,50.0,13,1g.11gb,yolo-inference-755b67b9bb-vgskt,default,yolo,580.173.02,GPU-d59cb1c4-ad97-d91a-6731-e7b5f38951a6
2026-08-16 05:07:24.088063,50.0,7,1g.11gb,,,,580.173.02,GPU-d59cb1c4-ad97-d91a-6731-e7b5f38951a6
2026-08-16 05:07:24.088063,50.0,8,1g.11gb,yolo-inference-755b67b9bb-ttrzf,default,yolo,580.173.02,GPU-d59cb1c4-ad97-d91a-6731-e7b5f38951a6
2026-08-16 05:07:24.088063,50.0,9,1g.11gb,yolo-inference-755b67b9bb-pwhtx,default,yolo,580.173.02,GPU-d59cb1c4-ad97-d91a-6731-e7b5f38951a6
2026-08-16 05:07:29.088022,50.0,10,1g.11gb,yolo-inference-755b67b9bb-sf8hz,default,yolo,580.173.02,GPU-d59cb1c4-ad97-d91a-6731-e7b5f38951a6
2026-08-16 05:07:29.088022,50.0,11,1g.11gb,yolo-inference-755b67b9bb-mdq5n,default,yolo,580.173.02,GPU-d59cb1c4-ad97-d91a-6731-e7b5f38951a6
2026-08-16 05:07:29.088022,50.0,12,1g.11gb,yolo-inference-755b67b9bb-l2sjx,default,yolo,580.173.02,GPU-d59cb1c4-ad97-d91a-6731-e7b5f38951a6
2026-08-16 05:07:29.088022,50.0,13,1g.11gb,yolo-inference-755b67b9bb-vgskt,default,yolo,580.173.02,GPU-d59cb1c4-ad97-d91a-6731-e7b5f38951a6
2026-08-16 05:07:29.088022,50.0,7,1g.11gb,,,,580.173.02,GPU-d59cb1c4-ad97-d91a-6731-e7b5f38951a6
2026-08-16 05:07:29.088022,50.0,8,1g.11gb,yolo-inference-755b67b9bb-ttrzf,default,yolo,580.173.02,GPU-d59cb1c4-ad97-d91a-6731-e7b5f38951a6
2026-08-16 05:07:29.088022,50.0,9,1g.11gb,yolo-inference-755b67b9bb-pwhtx,default,yolo,580.173.02,GPU-d59cb1c4-ad97-d91a-6731-e7b5f38951a6
2026-08-16 05:07:34.083866,50.0,10,1g.11gb,yolo-inference-755b67b9bb-sf8hz,default,yolo,580.173.02,GPU-d59cb1c4-ad97-d91a-6731-e7b5f38951a6
2026-08-16 05:07:34.083866,50.0,11,1g.11gb,yolo-inference-755b67b9bb-mdq5n,default,yolo,580.173.02,GPU-d59cb1c4-ad97-d91a-6731-e7b5f38951a6
2026-08-16 05:07:34.083866,50.0,12,1g.11gb,yolo-inference-755b67b9bb-l2sjx,default,yolo,580.173.02,GPU-d59cb1c4-ad97-d91a-6731-e7b5f38951a6
2026-08-16 05:07:34.083866,50.0,13,1g.11gb,yolo-inference-755b67b9bb-vgskt,default,yolo,580.173.02,GPU-d59cb1c4-ad97-d91a-6731-e7b5f38951a6
2026-08-16 05:07:34.083866,50.0,7,1g.11gb,,,,580.173.02,GPU-d59cb1c4-ad97-d91a-6731-e7b5f38951a6
2026-08-16 05:07:34.083866,50.0,8,1g.11gb,yolo-inference-755b67b9bb-ttrzf,default,yolo,580.173.02,GPU-d59cb1c4-ad97-d91a-6731-e7b5f38951a6
2026-08-16 05:07:34.083866,50.0,9,1g.11gb,yolo-inference-755b67b9bb-pwhtx,default,yolo,580.173.02,GPU-d59cb1c4-ad97-d91a-6731-e7b5f38951a6
2026-08-16 05:07:39.088022,50.0,10,1g.11gb,yolo-inference-755b67b9bb-sf8hz,default,yolo,580.173.02,GPU-d59cb1c4-ad97-d91a-6731-e7b5f38951a6
2026-08-16 05:07:39.088022,50.0,11,1g.11gb,yolo-inference-755b67b9bb-mdq5n,default,yolo,580.173.02,GPU-d59cb1c4-ad97-d91a-6731-e7b5f38951a6
2026-08-16 05:07:39.088022,50.0,12,1g.11gb,yolo-inference-755b67b9bb-l2sjx,default,yolo,580.173.02,GPU-d59cb1c4-ad97-d91a-6731-e7b5f38951a6
2026-08-16 05:07:39.088022,50.0,13,1g.11gb,yolo-inference-755b67b9bb-vgskt,default,yolo,580.173.02,GPU-d59cb1c4-ad97-d91a-6731-e7b5f38951a6
2026-08-16 05:07:39.088022,50.0,7,1g.11gb,,,,580.173.02,GPU-d59cb1c4-ad97-d91a-6731-e7b5f38951a6
2026-08-16 05:07:39.088022,50.0,8,1g.11gb,yolo-inference-755b67b9bb-ttrzf,default,yolo,580.173.02,GPU-d59cb1c4-ad97-d91a-6731-e7b5f38951a6
2026-08-16 05:07:39.088022,50.0,9,1g.11gb,yolo-inference-755b67b9bb-pwhtx,default,yolo,580.173.02,GPU-d59cb1c4-ad97-d91a-6731-e7b5f38951a6
2026-08-16 05:07:44.088032,50.0,10,1g.11gb,yolo-inference-755b67b9bb-sf8hz,default,yolo,580.173.02,GPU-d59cb1c4-ad97-d91a-6731-e7b5f38951a6
2026-08-16 05:07:44.088032,50.0,11,1g.11gb,yolo-inference-755b67b9bb-mdq5n,default,yolo,580.173.02,GPU-d59cb1c4-ad97-d91a-6731-e7b5f38951a6
2026-08-16 05:07:44.088032,50.0,12,1g.11gb,yolo-inference-755b67b9bb-l2sjx,default,yolo,580.173.02,GPU-d59cb1c4-ad97-d91a-6731-e7b5f38951a6
2026-08-16 05:07:44.088032,50.0,13,1g.11gb,yolo-inference-755b67b9bb-vgskt,default,yolo,580.173.02,GPU-d59cb1c4-ad97-d91a-6731-e7b5f38951a6
2026-08-16 05:07:44.088032,50.0,7,1g.11gb,,,,580.173.02,GPU-d59cb1c4-ad97-d91a-6731-e7b5f38951a6
2026-08-16 05:07:44.088032,50.0,8,1g.11gb,yolo-inference-755b67b9bb-ttrzf,default,yolo,580.173.02,GPU-d59cb1c4-ad97-d91a-6731-e7b5f38951a6
2026-08-16 05:07:44.088032,50.0,9,1g.11gb,yolo-inference-755b67b9bb-pwhtx,default,yolo,580.173.02,GPU-d59cb1c4-ad97-d91a-6731-e7b5f38951a6
2026-08-16 05:07:49.084074,50.0,10,1g.11gb,yolo-inference-755b67b9bb-sf8hz,default,yolo,580.173.02,GPU-d59cb1c4-ad97-d91a-6731-e7b5f38951a6
2026-08-16 05:07:49.084074,50.0,11,1g.11gb,yolo-inference-755b67b9bb-mdq5n,default,yolo,580.173.02,GPU-d59cb1c4-ad97-d91a-6731-e7b5f38951a6
2026-08-16 05:07:49.084074,50.0,12,1g.11gb,yolo-inference-755b67b9bb-l2sjx,default,yolo,580.173.02,GPU-d59cb1c4-ad97-d91a-6731-e7b5f38951a6
2026-08-16 05:07:49.084074,50.0,13,1g.11gb,yolo-inference-755b67b9bb-vgskt,default,yolo,580.173.02,GPU-d59cb1c4-ad97-d91a-6731-e7b5f38951a6
2026-08-16 05:07:49.084074,50.0,7,1g.11gb,,,,580.173.02,GPU-d59cb1c4-ad97-d91a-6731-e7b5f38951a6
2026-08-16 05:07:49.084074,50.0,8,1g.11gb,yolo-inference-755b67b9bb-ttrzf,default,yolo,580.173.02,GPU-d59cb1c4-ad97-d91a-6731-e7b5f38951a6
2026-08-16 05:07:49.084074,50.0,9,1g.11gb,yolo-inference-755b67b9bb-pwhtx,default,yolo,580.173.02,GPU-d59cb1c4-ad97-d91a-6731-e7b5f38951a6
2026-08-16 05:07:54.088031,49.0,10,1g.11gb,yolo-inference-755b67b9bb-sf8hz,default,yolo,580.173.02,GPU-d59cb1c4-ad97-d91a-6731-e7b5f38951a6
2026-08-16 05:07:54.088031,49.0,11,1g.11gb,yolo-inference-755b67b9bb-mdq5n,default,yolo,580.173.02,GPU-d59cb1c4-ad97-d91a-6731-e7b5f38951a6
2026-08-16 05:07:54.088031,49.0,12,1g.11gb,yolo-inference-755b67b9bb-l2sjx,default,yolo,580.173.02,GPU-d59cb1c4-ad97-d91a-6731-e7b5f38951a6
2026-08-16 05:07:54.088031,49.0,13,1g.11gb,yolo-inference-755b67b9bb-vgskt,default,yolo,580.173.02,GPU-d59cb1c4-ad97-d91a-6731-e7b5f38951a6
2026-08-16 05:07:54.088031,50.0,7,1g.11gb,,,,580.173.02,GPU-d59cb1c4-ad97-d91a-6731-e7b5f38951a6
2026-08-16 05:07:54.088031,49.0,8,1g.11gb,yolo-inference-755b67b9bb-ttrzf,default,yolo,580.173.02,GPU-d59cb1c4-ad97-d91a-6731-e7b5f38951a6
2026-08-16 05:07:54.088031,50.0,9,1g.11gb,yolo-inference-755b67b9bb-pwhtx,default,yolo,580.173.02,GPU-d59cb1c4-ad97-d91a-6731-e7b5f38951a6
2026-08-16 05:07:59.086698,49.0,10,1g.11gb,yolo-inference-755b67b9bb-sf8hz,default,yolo,580.173.02,GPU-d59cb1c4-ad97-d91a-6731-e7b5f38951a6
2026-08-16 05:07:59.086698,49.0,11,1g.11gb,yolo-inference-755b67b9bb-mdq5n,default,yolo,580.173.02,GPU-d59cb1c4-ad97-d91a-6731-e7b5f38951a6
2026-08-16 05:07:59.086698,49.0,12,1g.11gb,yolo-inference-755b67b9bb-l2sjx,default,yolo,580.173.02,GPU-d59cb1c4-ad97-d91a-6731-e7b5f38951a6
2026-08-16 05:07:59.086698,49.0,13,1g.11gb,yolo-inference-755b67b9bb-vgskt,default,yolo,580.173.02,GPU-d59cb1c4-ad97-d91a-6731-e7b5f38951a6
2026-08-16 05:07:59.086698,50.0,7,1g.11gb,,,,580.173.02,GPU-d59cb1c4-ad97-d91a-6731-e7b5f38951a6
2026-08-16 05:07:59.086698,49.0,8,1g.11gb,yolo-inference-755b67b9bb-ttrzf,default,yolo,580.173.02,GPU-d59cb1c4-ad97-d91a-6731-e7b5f38951a6
2026-08-16 05:07:59.086698,50.0,9,1g.11gb,yolo-inference-755b67b9bb-pwhtx,default,yolo,580.173.02,GPU-d59cb1c4-ad97-d91a-6731-e7b5f38951a6
2026-08-16 05:08:04.088028,49.0,10,1g.11gb,yolo-inference-755b67b9bb-sf8hz,default,yolo,580.173.02,GPU-d59cb1c4-ad97-d91a-6731-e7b5f38951a6
2026-08-16 05:08:04.088028,49.0,11,1g.11gb,yolo-inference-755b67b9bb-mdq5n,default,yolo,580.173.02,GPU-d59cb1c4-ad97-d91a-6731-e7b5f38951a6
2026-08-16 05:08:04.088028,49.0,12,1g.11gb,yolo-inference-755b67b9bb-l2sjx,default,yolo,580.173.02,GPU-d59cb1c4-ad97-d91a-6731-e7b5f38951a6
2026-08-16 05:08:04.088028,49.0,13,1g.11gb,yolo-inference-755b67b9bb-vgskt,default,yolo,580.173.02,GPU-d59cb1c4-ad97-d91a-6731-e7b5f38951a6
2026-08-16 05:08:04.088028,50.0,7,1g.11gb,,,,580.173.02,GPU-d59cb1c4-ad97-d91a-6731-e7b5f38951a6
2026-08-16 05:08:04.088028,49.0,8,1g.11gb,yolo-inference-755b67b9bb-ttrzf,default,yolo,580.173.02,GPU-d59cb1c4-ad97-d91a-6731-e7b5f38951a6
2026-08-16 05:08:04.088028,50.0,9,1g.11gb,yolo-inference-755b67b9bb-pwhtx,default,yolo,580.173.02,GPU-d59cb1c4-ad97-d91a-6731-e7b5f38951a6
2026-08-16 05:08:09.087124,49.0,10,1g.11gb,yolo-inference-755b67b9bb-sf8hz,default,yolo,580.173.02,GPU-d59cb1c4-ad97-d91a-6731-e7b5f38951a6
2026-08-16 05:08:09.087124,49.0,11,1g.11gb,yolo-inference-755b67b9bb-mdq5n,default,yolo,580.173.02,GPU-d59cb1c4-ad97-d91a-6731-e7b5f38951a6
2026-08-16 05:08:09.087124,49.0,12,1g.11gb,yolo-inference-755b67b9bb-l2sjx,default,yolo,580.173.02,GPU-d59cb1c4-ad97-d91a-6731-e7b5f38951a6
2026-08-16 05:08:09.087124,49.0,13,1g.11gb,yolo-inference-755b67b9bb-vgskt,default,yolo,580.173.02,GPU-d59cb1c4-ad97-d91a-6731-e7b5f38951a6
2026-08-16 05:08:09.087124,50.0,7,1g.11gb,,,,580.173.02,GPU-d59cb1c4-ad97-d91a-6731-e7b5f38951a6
2026-08-16 05:08:09.087124,49.0,8,1g.11gb,yolo-inference-755b67b9bb-ttrzf,default,yolo,580.173.02,GPU-d59cb1c4-ad97-d91a-6731-e7b5f38951a6
2026-08-16 05:08:09.087124,50.0,9,1g.11gb,yolo-inference-755b67b9bb-pwhtx,default,yolo,580.173.02,GPU-d59cb1c4-ad97-d91a-6731-e7b5f38951a6
2026-08-16 05:08:14.088122,49.0,10,1g.11gb,yolo-inference-755b67b9bb-sf8hz,default,yolo,580.173.02,GPU-d59cb1c4-ad97-d91a-6731-e7b5f38951a6
2026-08-16 05:08:14.088122,49.0,11,1g.11gb,yolo-inference-755b67b9bb-mdq5n,default,yolo,580.173.02,GPU-d59cb1c4-ad97-d91a-6731-e7b5f38951a6
2026-08-16 05:08:14.088122,49.0,12,1g.11gb,yolo-inference-755b67b9bb-l2sjx,default,yolo,580.173.02,GPU-d59cb1c4-ad97-d91a-6731-e7b5f38951a6
2026-08-16 05:08:14.088122,49.0,13,1g.11gb,yolo-inference-755b67b9bb-vgskt,default,yolo,580.173.02,GPU-d59cb1c4-ad97-d91a-6731-e7b5f38951a6
2026-08-16 05:08:14.088122,50.0,7,1g.11gb,,,,580.173.02,GPU-d59cb1c4-ad97-d91a-6731-e7b5f38951a6
2026-08-16 05:08:14.088122,49.0,8,1g.11gb,yolo-inference-755b67b9bb-ttrzf,default,yolo,580.173.02,GPU-d59cb1c4-ad97-d91a-6731-e7b5f38951a6
2026-08-16 05:08:14.088122,50.0,9,1g.11gb,yolo-inference-755b67b9bb-pwhtx,default,yolo,580.173.02,GPU-d59cb1c4-ad97-d91a-6731-e7b5f38951a6
2026-08-16 05:08:19.088031,49.0,10,1g.11gb,yolo-inference-755b67b9bb-sf8hz,default,yolo,580.173.02,GPU-d59cb1c4-ad97-d91a-6731-e7b5f38951a6
2026-08-16 05:08:19.088031,49.0,11,1g.11gb,yolo-inference-755b67b9bb-mdq5n,default,yolo,580.173.02,GPU-d59cb1c4-ad97-d91a-6731-e7b5f38951a6
2026-08-16 05:08:19.088031,49.0,12,1g.11gb,yolo-inference-755b67b9bb-l2sjx,default,yolo,580.173.02,GPU-d59cb1c4-ad97-d91a-6731-e7b5f38951a6
2026-08-16 05:08:19.088031,49.0,13,1g.11gb,yolo-inference-755b67b9bb-vgskt,default,yolo,580.173.02,GPU-d59cb1c4-ad97-d91a-6731-e7b5f38951a6
2026-08-16 05:08:19.088031,49.0,7,1g.11gb,,,,580.173.02,GPU-d59cb1c4-ad97-d91a-6731-e7b5f38951a6
2026-08-16 05:08:19.088031,49.0,8,1g.11gb,yolo-inference-755b67b9bb-ttrzf,default,yolo,580.173.02,GPU-d59cb1c4-ad97-d91a-6731-e7b5f38951a6
2026-08-16 05:08:19.088031,50.0,9,1g.11gb,yolo-inference-755b67b9bb-pwhtx,default,yolo,580.173.02,GPU-d59cb1c4-ad97-d91a-6731-e7b5f38951a6
2026-08-16 05:08:24.088047,49.0,10,1g.11gb,yolo-inference-755b67b9bb-sf8hz,default,yolo,580.173.02,GPU-d59cb1c4-ad97-d91a-6731-e7b5f38951a6
2026-08-16 05:08:24.088047,49.0,11,1g.11gb,yolo-inference-755b67b9bb-mdq5n,default,yolo,580.173.02,GPU-d59cb1c4-ad97-d91a-6731-e7b5f38951a6
2026-08-16 05:08:24.088047,49.0,12,1g.11gb,yolo-inference-755b67b9bb-l2sjx,default,yolo,580.173.02,GPU-d59cb1c4-ad97-d91a-6731-e7b5f38951a6
2026-08-16 05:08:24.088047,49.0,13,1g.11gb,yolo-inference-755b67b9bb-vgskt,default,yolo,580.173.02,GPU-d59cb1c4-ad97-d91a-6731-e7b5f38951a6
2026-08-16 05:08:24.088047,49.0,7,1g.11gb,,,,580.173.02,GPU-d59cb1c4-ad97-d91a-6731-e7b5f38951a6
2026-08-16 05:08:24.088047,49.0,8,1g.11gb,yolo-inference-755b67b9bb-ttrzf,default,yolo,580.173.02,GPU-d59cb1c4-ad97-d91a-6731-e7b5f38951a6
2026-08-16 05:08:24.088047,49.0,9,1g.11gb,yolo-inference-755b67b9bb-pwhtx,default,yolo,580.173.02,GPU-d59cb1c4-ad97-d91a-6731-e7b5f38951a6
2026-08-16 05:08:29.088032,49.0,10,1g.11gb,yolo-inference-755b67b9bb-sf8hz,default,yolo,580.173.02,GPU-d59cb1c4-ad97-d91a-6731-e7b5f38951a6
2026-08-16 05:08:29.088032,49.0,11,1g.11gb,yolo-inference-755b67b9bb-mdq5n,default,yolo,580.173.02,GPU-d59cb1c4-ad97-d91a-6731-e7b5f38951a6
2026-08-16 05:08:29.088032,49.0,12,1g.11gb,yolo-inference-755b67b9bb-l2sjx,default,yolo,580.173.02,GPU-d59cb1c4-ad97-d91a-6731-e7b5f38951a6
2026-08-16 05:08:29.088032,49.0,13,1g.11gb,yolo-inference-755b67b9bb-vgskt,default,yolo,580.173.02,GPU-d59cb1c4-ad97-d91a-6731-e7b5f38951a6
2026-08-16 05:08:29.088032,49.0,7,1g.11gb,,,,580.173.02,GPU-d59cb1c4-ad97-d91a-6731-e7b5f38951a6
2026-08-16 05:08:29.088032,49.0,8,1g.11gb,yolo-inference-755b67b9bb-ttrzf,default,yolo,580.173.02,GPU-d59cb1c4-ad97-d91a-6731-e7b5f38951a6
2026-08-16 05:08:29.088032,49.0,9,1g.11gb,yolo-inference-755b67b9bb-pwhtx,default,yolo,580.173.02,GPU-d59cb1c4-ad97-d91a-6731-e7b5f38951a6
2026-08-16 05:08:34.084765,49.0,10,1g.11gb,yolo-inference-755b67b9bb-sf8hz,default,yolo,580.173.02,GPU-d59cb1c4-ad97-d91a-6731-e7b5f38951a6
2026-08-16 05:08:34.084765,49.0,11,1g.11gb,yolo-inference-755b67b9bb-mdq5n,default,yolo,580.173.02,GPU-d59cb1c4-ad97-d91a-6731-e7b5f38951a6
2026-08-16 05:08:34.084765,49.0,12,1g.11gb,yolo-inference-755b67b9bb-l2sjx,default,yolo,580.173.02,GPU-d59cb1c4-ad97-d91a-6731-e7b5f38951a6
2026-08-16 05:08:34.084765,49.0,13,1g.11gb,yolo-inference-755b67b9bb-vgskt,default,yolo,580.173.02,GPU-d59cb1c4-ad97-d91a-6731-e7b5f38951a6
2026-08-16 05:08:34.084765,49.0,7,1g.11gb,,,,580.173.02,GPU-d59cb1c4-ad97-d91a-6731-e7b5f38951a6
2026-08-16 05:08:34.084765,49.0,8,1g.11gb,yolo-inference-755b67b9bb-ttrzf,default,yolo,580.173.02,GPU-d59cb1c4-ad97-d91a-6731-e7b5f38951a6
2026-08-16 05:08:34.084765,49.0,9,1g.11gb,yolo-inference-755b67b9bb-pwhtx,default,yolo,580.173.02,GPU-d59cb1c4-ad97-d91a-6731-e7b5f38951a6
2026-08-16 05:08:39.088163,49.0,10,1g.11gb,yolo-inference-755b67b9bb-sf8hz,default,yolo,580.173.02,GPU-d59cb1c4-ad97-d91a-6731-e7b5f38951a6
2026-08-16 05:08:39.088163,49.0,11,1g.11gb,yolo-inference-755b67b9bb-mdq5n,default,yolo,580.173.02,GPU-d59cb1c4-ad97-d91a-6731-e7b5f38951a6
2026-08-16 05:08:39.088163,49.0,12,1g.11gb,yolo-inference-755b67b9bb-l2sjx,default,yolo,580.173.02,GPU-d59cb1c4-ad97-d91a-6731-e7b5f38951a6
2026-08-16 05:08:39.088163,49.0,13,1g.11gb,yolo-inference-755b67b9bb-vgskt,default,yolo,580.173.02,GPU-d59cb1c4-ad97-d91a-6731-e7b5f38951a6
2026-08-16 05:08:39.088163,49.0,7,1g.11gb,,,,580.173.02,GPU-d59cb1c4-ad97-d91a-6731-e7b5f38951a6
2026-08-16 05:08:39.088163,49.0,8,1g.11gb,yolo-inference-755b67b9bb-ttrzf,default,yolo,580.173.02,GPU-d59cb1c4-ad97-d91a-6731-e7b5f38951a6
2026-08-16 05:08:39.088163,49.0,9,1g.11gb,yolo-inference-755b67b9bb-pwhtx,default,yolo,580.173.02,GPU-d59cb1c4-ad97-d91a-6731-e7b5f38951a6
2026-08-16 05:08:44.087892,49.0,10,1g.11gb,yolo-inference-755b67b9bb-sf8hz,default,yolo,580.173.02,GPU-d59cb1c4-ad97-d91a-6731-e7b5f38951a6
2026-08-16 05:08:44.087892,49.0,11,1g.11gb,yolo-inference-755b67b9bb-mdq5n,default,yolo,580.173.02,GPU-d59cb1c4-ad97-d91a-6731-e7b5f38951a6
2026-08-16 05:08:44.087892,49.0,12,1g.11gb,yolo-inference-755b67b9bb-l2sjx,default,yolo,580.173.02,GPU-d59cb1c4-ad97-d91a-6731-e7b5f38951a6
2026-08-16 05:08:44.087892,49.0,13,1g.11gb,yolo-inference-755b67b9bb-vgskt,default,yolo,580.173.02,GPU-d59cb1c4-ad97-d91a-6731-e7b5f38951a6
2026-08-16 05:08:44.087892,49.0,7,1g.11gb,,,,580.173.02,GPU-d59cb1c4-ad97-d91a-6731-e7b5f38951a6
2026-08-16 05:08:44.087892,49.0,8,1g.11gb,yolo-inference-755b67b9bb-ttrzf,default,yolo,580.173.02,GPU-d59cb1c4-ad97-d91a-6731-e7b5f38951a6
2026-08-16 05:08:44.087892,49.0,9,1g.11gb,yolo-inference-755b67b9bb-pwhtx,default,yolo,580.173.02,GPU-d59cb1c4-ad97-d91a-6731-e7b5f38951a6
2026-08-16 05:08:49.086196,49.0,10,1g.11gb,yolo-inference-755b67b9bb-sf8hz,default,yolo,580.173.02,GPU-d59cb1c4-ad97-d91a-6731-e7b5f38951a6
2026-08-16 05:08:49.086196,49.0,11,1g.11gb,yolo-inference-755b67b9bb-mdq5n,default,yolo,580.173.02,GPU-d59cb1c4-ad97-d91a-6731-e7b5f38951a6
2026-08-16 05:08:49.086196,49.0,12,1g.11gb,yolo-inference-755b67b9bb-l2sjx,default,yolo,580.173.02,GPU-d59cb1c4-ad97-d91a-6731-e7b5f38951a6
2026-08-16 05:08:49.086196,49.0,13,1g.11gb,yolo-inference-755b67b9bb-vgskt,default,yolo,580.173.02,GPU-d59cb1c4-ad97-d91a-6731-e7b5f38951a6
2026-08-16 05:08:49.086196,49.0,7,1g.11gb,,,,580.173.02,GPU-d59cb1c4-ad97-d91a-6731-e7b5f38951a6
2026-08-16 05:08:49.086196,49.0,8,1g.11gb,yolo-inference-755b67b9bb-ttrzf,default,yolo,580.173.02,GPU-d59cb1c4-ad97-d91a-6731-e7b5f38951a6
2026-08-16 05:08:49.086196,49.0,9,1g.11gb,yolo-inference-755b67b9bb-pwhtx,default,yolo,580.173.02,GPU-d59cb1c4-ad97-d91a-6731-e7b5f38951a6
2026-08-16 05:08:54.086789,49.0,10,1g.11gb,yolo-inference-755b67b9bb-sf8hz,default,yolo,580.173.02,GPU-d59cb1c4-ad97-d91a-6731-e7b5f38951a6
2026-08-16 05:08:54.086789,49.0,11,1g.11gb,yolo-inference-755b67b9bb-mdq5n,default,yolo,580.173.02,GPU-d59cb1c4-ad97-d91a-6731-e7b5f38951a6
2026-08-16 05:08:54.086789,49.0,12,1g.11gb,yolo-inference-755b67b9bb-l2sjx,default,yolo,580.173.02,GPU-d59cb1c4-ad97-d91a-6731-e7b5f38951a6
2026-08-16 05:08:54.086789,49.0,13,1g.11gb,yolo-inference-755b67b9bb-vgskt,default,yolo,580.173.02,GPU-d59cb1c4-ad97-d91a-6731-e7b5f38951a6
2026-08-16 05:08:54.086789,49.0,7,1g.11gb,,,,580.173.02,GPU-d59cb1c4-ad97-d91a-6731-e7b5f38951a6
2026-08-16 05:08:54.086789,49.0,8,1g.11gb,yolo-inference-755b67b9bb-ttrzf,default,yolo,580.173.02,GPU-d59cb1c4-ad97-d91a-6731-e7b5f38951a6
2026-08-16 05:08:54.086789,49.0,9,1g.11gb,yolo-inference-755b67b9bb-pwhtx,default,yolo,580.173.02,GPU-d59cb1c4-ad97-d91a-6731-e7b5f38951a6
2026-08-16 05:08:59.088063,49.0,10,1g.11gb,yolo-inference-755b67b9bb-sf8hz,default,yolo,580.173.02,GPU-d59cb1c4-ad97-d91a-6731-e7b5f38951a6
2026-08-16 05:08:59.088063,49.0,11,1g.11gb,yolo-inference-755b67b9bb-mdq5n,default,yolo,580.173.02,GPU-d59cb1c4-ad97-d91a-6731-e7b5f38951a6
2026-08-16 05:08:59.088063,49.0,12,1g.11gb,yolo-inference-755b67b9bb-l2sjx,default,yolo,580.173.02,GPU-d59cb1c4-ad97-d91a-6731-e7b5f38951a6
2026-08-16 05:08:59.088063,49.0,13,1g.11gb,yolo-inference-755b67b9bb-vgskt,default,yolo,580.173.02,GPU-d59cb1c4-ad97-d91a-6731-e7b5f38951a6
2026-08-16 05:08:59.088063,49.0,7,1g.11gb,,,,580.173.02,GPU-d59cb1c4-ad97-d91a-6731-e7b5f38951a6
2026-08-16 05:08:59.088063,49.0,8,1g.11gb,yolo-inference-755b67b9bb-ttrzf,default,yolo,580.173.02,GPU-d59cb1c4-ad97-d91a-6731-e7b5f38951a6
2026-08-16 05:08:59.088063,49.0,9,1g.11gb,yolo-inference-755b67b9bb-pwhtx,default,yolo,580.173.02,GPU-d59cb1c4-ad97-d91a-6731-e7b5f38951a6
2026-08-16 05:09:04.088034,49.0,10,1g.11gb,yolo-inference-755b67b9bb-sf8hz,default,yolo,580.173.02,GPU-d59cb1c4-ad97-d91a-6731-e7b5f38951a6
2026-08-16 05:09:04.088034,49.0,11,1g.11gb,yolo-inference-755b67b9bb-mdq5n,default,yolo,580.173.02,GPU-d59cb1c4-ad97-d91a-6731-e7b5f38951a6
2026-08-16 05:09:04.088034,49.0,12,1g.11gb,yolo-inference-755b67b9bb-l2sjx,default,yolo,580.173.02,GPU-d59cb1c4-ad97-d91a-6731-e7b5f38951a6
2026-08-16 05:09:04.088034,49.0,13,1g.11gb,yolo-inference-755b67b9bb-vgskt,default,yolo,580.173.02,GPU-d59cb1c4-ad97-d91a-6731-e7b5f38951a6
2026-08-16 05:09:04.088034,49.0,7,1g.11gb,,,,580.173.02,GPU-d59cb1c4-ad97-d91a-6731-e7b5f38951a6
2026-08-16 05:09:04.088034,49.0,8,1g.11gb,yolo-inference-755b67b9bb-ttrzf,default,yolo,580.173.02,GPU-d59cb1c4-ad97-d91a-6731-e7b5f38951a6
2026-08-16 05:09:04.088034,49.0,9,1g.11gb,yolo-inference-755b67b9bb-pwhtx,default,yolo,580.173.02,GPU-d59cb1c4-ad97-d91a-6731-e7b5f38951a6
2026-08-16 05:09:09.088055,49.0,10,1g.11gb,yolo-inference-755b67b9bb-sf8hz,default,yolo,580.173.02,GPU-d59cb1c4-ad97-d91a-6731-e7b5f38951a6
2026-08-16 05:09:09.088055,49.0,11,1g.11gb,yolo-inference-755b67b9bb-mdq5n,default,yolo,580.173.02,GPU-d59cb1c4-ad97-d91a-6731-e7b5f38951a6
2026-08-16 05:09:09.088055,49.0,12,1g.11gb,yolo-inference-755b67b9bb-l2sjx,default,yolo,580.173.02,GPU-d59cb1c4-ad97-d91a-6731-e7b5f38951a6
2026-08-16 05:09:09.088055,49.0,13,1g.11gb,yolo-inference-755b67b9bb-vgskt,default,yolo,580.173.02,GPU-d59cb1c4-ad97-d91a-6731-e7b5f38951a6
2026-08-16 05:09:09.088055,49.0,7,1g.11gb,,,,580.173.02,GPU-d59cb1c4-ad97-d91a-6731-e7b5f38951a6
2026-08-16 05:09:09.088055,49.0,8,1g.11gb,yolo-inference-755b67b9bb-ttrzf,default,yolo,580.173.02,GPU-d59cb1c4-ad97-d91a-6731-e7b5f38951a6
2026-08-16 05:09:09.088055,49.0,9,1g.11gb,yolo-inference-755b67b9bb-pwhtx,default,yolo,580.173.02,GPU-d59cb1c4-ad97-d91a-6731-e7b5f38951a6
2026-08-16 05:09:14.086724,49.0,10,1g.11gb,yolo-inference-755b67b9bb-sf8hz,default,yolo,580.173.02,GPU-d59cb1c4-ad97-d91a-6731-e7b5f38951a6
2026-08-16 05:09:14.086724,49.0,11,1g.11gb,yolo-inference-755b67b9bb-mdq5n,default,yolo,580.173.02,GPU-d59cb1c4-ad97-d91a-6731-e7b5f38951a6
2026-08-16 05:09:14.086724,49.0,12,1g.11gb,yolo-inference-755b67b9bb-l2sjx,default,yolo,580.173.02,GPU-d59cb1c4-ad97-d91a-6731-e7b5f38951a6
2026-08-16 05:09:14.086724,49.0,13,1g.11gb,yolo-inference-755b67b9bb-vgskt,default,yolo,580.173.02,GPU-d59cb1c4-ad97-d91a-6731-e7b5f38951a6
2026-08-16 05:09:14.086724,49.0,7,1g.11gb,,,,580.173.02,GPU-d59cb1c4-ad97-d91a-6731-e7b5f38951a6
2026-08-16 05:09:14.086724,49.0,8,1g.11gb,yolo-inference-755b67b9bb-ttrzf,default,yolo,580.173.02,GPU-d59cb1c4-ad97-d91a-6731-e7b5f38951a6
2026-08-16 05:09:14.086724,49.0,9,1g.11gb,yolo-inference-755b67b9bb-pwhtx,default,yolo,580.173.02,GPU-d59cb1c4-ad97-d91a-6731-e7b5f38951a6
2026-08-16 05:09:19.088030,49.0,10,1g.11gb,yolo-inference-755b67b9bb-sf8hz,default,yolo,580.173.02,GPU-d59cb1c4-ad97-d91a-6731-e7b5f38951a6
2026-08-16 05:09:19.088030,49.0,11,1g.11gb,yolo-inference-755b67b9bb-mdq5n,default,yolo,580.173.02,GPU-d59cb1c4-ad97-d91a-6731-e7b5f38951a6
2026-08-16 05:09:19.088030,49.0,12,1g.11gb,yolo-inference-755b67b9bb-l2sjx,default,yolo,580.173.02,GPU-d59cb1c4-ad97-d91a-6731-e7b5f38951a6
2026-08-16 05:09:19.088030,49.0,13,1g.11gb,yolo-inference-755b67b9bb-vgskt,default,yolo,580.173.02,GPU-d59cb1c4-ad97-d91a-6731-e7b5f38951a6
2026-08-16 05:09:19.088030,49.0,7,1g.11gb,,,,580.173.02,GPU-d59cb1c4-ad97-d91a-6731-e7b5f38951a6
2026-08-16 05:09:19.088030,49.0,8,1g.11gb,yolo-inference-755b67b9bb-ttrzf,default,yolo,580.173.02,GPU-d59cb1c4-ad97-d91a-6731-e7b5f38951a6
2026-08-16 05:09:19.088030,49.0,9,1g.11gb,yolo-inference-755b67b9bb-pwhtx,default,yolo,580.173.02,GPU-d59cb1c4-ad97-d91a-6731-e7b5f38951a6
2026-08-16 05:09:24.088026,49.0,10,1g.11gb,yolo-inference-755b67b9bb-sf8hz,default,yolo,580.173.02,GPU-d59cb1c4-ad97-d91a-6731-e7b5f38951a6
2026-08-16 05:09:24.088026,49.0,11,1g.11gb,yolo-inference-755b67b9bb-mdq5n,default,yolo,580.173.02,GPU-d59cb1c4-ad97-d91a-6731-e7b5f38951a6
2026-08-16 05:09:24.088026,49.0,12,1g.11gb,yolo-inference-755b67b9bb-l2sjx,default,yolo,580.173.02,GPU-d59cb1c4-ad97-d91a-6731-e7b5f38951a6
2026-08-16 05:09:24.088026,49.0,13,1g.11gb,yolo-inference-755b67b9bb-vgskt,default,yolo,580.173.02,GPU-d59cb1c4-ad97-d91a-6731-e7b5f38951a6
2026-08-16 05:09:24.088026,49.0,7,1g.11gb,,,,580.173.02,GPU-d59cb1c4-ad97-d91a-6731-e7b5f38951a6
2026-08-16 05:09:24.088026,49.0,8,1g.11gb,yolo-inference-755b67b9bb-ttrzf,default,yolo,580.173.02,GPU-d59cb1c4-ad97-d91a-6731-e7b5f38951a6
2026-08-16 05:09:24.088026,49.0,9,1g.11gb,yolo-inference-755b67b9bb-pwhtx,default,yolo,580.173.02,GPU-d59cb1c4-ad97-d91a-6731-e7b5f38951a6
2026-08-16 05:09:29.087020,49.0,10,1g.11gb,yolo-inference-755b67b9bb-sf8hz,default,yolo,580.173.02,GPU-d59cb1c4-ad97-d91a-6731-e7b5f38951a6
2026-08-16 05:09:29.087020,49.0,11,1g.11gb,yolo-inference-755b67b9bb-mdq5n,default,yolo,580.173.02,GPU-d59cb1c4-ad97-d91a-6731-e7b5f38951a6
2026-08-16 05:09:29.087020,49.0,12,1g.11gb,yolo-inference-755b67b9bb-l2sjx,default,yolo,580.173.02,GPU-d59cb1c4-ad97-d91a-6731-e7b5f38951a6
2026-08-16 05:09:29.087020,49.0,13,1g.11gb,yolo-inference-755b67b9bb-vgskt,default,yolo,580.173.02,GPU-d59cb1c4-ad97-d91a-6731-e7b5f38951a6
2026-08-16 05:09:29.087020,49.0,7,1g.11gb,,,,580.173.02,GPU-d59cb1c4-ad97-d91a-6731-e7b5f38951a6
2026-08-16 05:09:29.087020,49.0,8,1g.11gb,yolo-inference-755b67b9bb-ttrzf,default,yolo,580.173.02,GPU-d59cb1c4-ad97-d91a-6731-e7b5f38951a6
2026-08-16 05:09:29.087020,49.0,9,1g.11gb,yolo-inference-755b67b9bb-pwhtx,default,yolo,580.173.02,GPU-d59cb1c4-ad97-d91a-6731-e7b5f38951a6
2026-08-16 05:09:34.088031,49.0,10,1g.11gb,yolo-inference-755b67b9bb-sf8hz,default,yolo,580.173.02,GPU-d59cb1c4-ad97-d91a-6731-e7b5f38951a6
2026-08-16 05:09:34.088031,49.0,11,1g.11gb,yolo-inference-755b67b9bb-mdq5n,default,yolo,580.173.02,GPU-d59cb1c4-ad97-d91a-6731-e7b5f38951a6
2026-08-16 05:09:34.088031,49.0,12,1g.11gb,yolo-inference-755b67b9bb-l2sjx,default,yolo,580.173.02,GPU-d59cb1c4-ad97-d91a-6731-e7b5f38951a6
2026-08-16 05:09:34.088031,49.0,13,1g.11gb,yolo-inference-755b67b9bb-vgskt,default,yolo,580.173.02,GPU-d59cb1c4-ad97-d91a-6731-e7b5f38951a6
2026-08-16 05:09:34.088031,49.0,7,1g.11gb,,,,580.173.02,GPU-d59cb1c4-ad97-d91a-6731-e7b5f38951a6
2026-08-16 05:09:34.088031,49.0,8,1g.11gb,yolo-inference-755b67b9bb-ttrzf,default,yolo,580.173.02,GPU-d59cb1c4-ad97-d91a-6731-e7b5f38951a6
2026-08-16 05:09:34.088031,49.0,9,1g.11gb,yolo-inference-755b67b9bb-pwhtx,default,yolo,580.173.02,GPU-d59cb1c4-ad97-d91a-6731-e7b5f38951a6
2026-08-16 05:09:39.088045,49.0,10,1g.11gb,yolo-inference-755b67b9bb-sf8hz,default,yolo,580.173.02,GPU-d59cb1c4-ad97-d91a-6731-e7b5f38951a6
2026-08-16 05:09:39.088045,49.0,11,1g.11gb,yolo-inference-755b67b9bb-mdq5n,default,yolo,580.173.02,GPU-d59cb1c4-ad97-d91a-6731-e7b5f38951a6
2026-08-16 05:09:39.088045,49.0,12,1g.11gb,yolo-inference-755b67b9bb-l2sjx,default,yolo,580.173.02,GPU-d59cb1c4-ad97-d91a-6731-e7b5f38951a6
2026-08-16 05:09:39.088045,49.0,13,1g.11gb,yolo-inference-755b67b9bb-vgskt,default,yolo,580.173.02,GPU-d59cb1c4-ad97-d91a-6731-e7b5f38951a6
2026-08-16 05:09:39.088045,49.0,7,1g.11gb,,,,580.173.02,GPU-d59cb1c4-ad97-d91a-6731-e7b5f38951a6
2026-08-16 05:09:39.088045,49.0,8,1g.11gb,yolo-inference-755b67b9bb-ttrzf,default,yolo,580.173.02,GPU-d59cb1c4-ad97-d91a-6731-e7b5f38951a6
2026-08-16 05:09:39.088045,49.0,9,1g.11gb,yolo-inference-755b67b9bb-pwhtx,default,yolo,580.173.02,GPU-d59cb1c4-ad97-d91a-6731-e7b5f38951a6
2026-08-16 05:09:44.088034,49.0,10,1g.11gb,yolo-inference-755b67b9bb-sf8hz,default,yolo,580.173.02,GPU-d59cb1c4-ad97-d91a-6731-e7b5f38951a6
2026-08-16 05:09:44.088034,49.0,11,1g.11gb,yolo-inference-755b67b9bb-mdq5n,default,yolo,580.173.02,GPU-d59cb1c4-ad97-d91a-6731-e7b5f38951a6
2026-08-16 05:09:44.088034,49.0,12,1g.11gb,yolo-inference-755b67b9bb-l2sjx,default,yolo,580.173.02,GPU-d59cb1c4-ad97-d91a-6731-e7b5f38951a6
2026-08-16 05:09:44.088034,49.0,13,1g.11gb,yolo-inference-755b67b9bb-vgskt,default,yolo,580.173.02,GPU-d59cb1c4-ad97-d91a-6731-e7b5f38951a6
2026-08-16 05:09:44.088034,49.0,7,1g.11gb,,,,580.173.02,GPU-d59cb1c4-ad97-d91a-6731-e7b5f38951a6
2026-08-16 05:09:44.088034,49.0,8,1g.11gb,yolo-inference-755b67b9bb-ttrzf,default,yolo,580.173.02,GPU-d59cb1c4-ad97-d91a-6731-e7b5f38951a6
2026-08-16 05:09:44.088034,49.0,9,1g.11gb,yolo-inference-755b67b9bb-pwhtx,default,yolo,580.173.02,GPU-d59cb1c4-ad97-d91a-6731-e7b5f38951a6
2026-08-16 05:09:49.088024,49.0,10,1g.11gb,yolo-inference-755b67b9bb-sf8hz,default,yolo,580.173.02,GPU-d59cb1c4-ad97-d91a-6731-e7b5f38951a6
2026-08-16 05:09:49.088024,49.0,11,1g.11gb,yolo-inference-755b67b9bb-mdq5n,default,yolo,580.173.02,GPU-d59cb1c4-ad97-d91a-6731-e7b5f38951a6
2026-08-16 05:09:49.088024,49.0,12,1g.11gb,yolo-inference-755b67b9bb-l2sjx,default,yolo,580.173.02,GPU-d59cb1c4-ad97-d91a-6731-e7b5f38951a6
2026-08-16 05:09:49.088024,49.0,13,1g.11gb,yolo-inference-755b67b9bb-vgskt,default,yolo,580.173.02,GPU-d59cb1c4-ad97-d91a-6731-e7b5f38951a6
2026-08-16 05:09:49.088024,49.0,7,1g.11gb,,,,580.173.02,GPU-d59cb1c4-ad97-d91a-6731-e7b5f38951a6
2026-08-16 05:09:49.088024,49.0,8,1g.11gb,yolo-inference-755b67b9bb-ttrzf,default,yolo,580.173.02,GPU-d59cb1c4-ad97-d91a-6731-e7b5f38951a6
2026-08-16 05:09:49.088024,49.0,9,1g.11gb,yolo-inference-755b67b9bb-pwhtx,default,yolo,580.173.02,GPU-d59cb1c4-ad97-d91a-6731-e7b5f38951a6
2026-08-16 05:09:54.088031,49.0,10,1g.11gb,yolo-inference-755b67b9bb-sf8hz,default,yolo,580.173.02,GPU-d59cb1c4-ad97-d91a-6731-e7b5f38951a6
2026-08-16 05:09:54.088031,49.0,11,1g.11gb,yolo-inference-755b67b9bb-mdq5n,default,yolo,580.173.02,GPU-d59cb1c4-ad97-d91a-6731-e7b5f38951a6
2026-08-16 05:09:54.088031,49.0,12,1g.11gb,yolo-inference-755b67b9bb-l2sjx,default,yolo,580.173.02,GPU-d59cb1c4-ad97-d91a-6731-e7b5f38951a6
2026-08-16 05:09:54.088031,49.0,13,1g.11gb,yolo-inference-755b67b9bb-vgskt,default,yolo,580.173.02,GPU-d59cb1c4-ad97-d91a-6731-e7b5f38951a6
2026-08-16 05:09:54.088031,49.0,7,1g.11gb,,,,580.173.02,GPU-d59cb1c4-ad97-d91a-6731-e7b5f38951a6
2026-08-16 05:09:54.088031,49.0,8,1g.11gb,yolo-inference-755b67b9bb-ttrzf,default,yolo,580.173.02,GPU-d59cb1c4-ad97-d91a-6731-e7b5f38951a6
2026-08-16 05:09:54.088031,49.0,9,1g.11gb,yolo-inference-755b67b9bb-pwhtx,default,yolo,580.173.02,GPU-d59cb1c4-ad97-d91a-6731-e7b5f38951a6
2026-08-16 05:09:59.086921,49.0,10,1g.11gb,yolo-inference-755b67b9bb-sf8hz,default,yolo,580.173.02,GPU-d59cb1c4-ad97-d91a-6731-e7b5f38951a6
2026-08-16 05:09:59.086921,49.0,11,1g.11gb,yolo-inference-755b67b9bb-mdq5n,default,yolo,580.173.02,GPU-d59cb1c4-ad97-d91a-6731-e7b5f38951a6
2026-08-16 05:09:59.086921,49.0,12,1g.11gb,yolo-inference-755b67b9bb-l2sjx,default,yolo,580.173.02,GPU-d59cb1c4-ad97-d91a-6731-e7b5f38951a6
2026-08-16 05:09:59.086921,49.0,13,1g.11gb,yolo-inference-755b67b9bb-vgskt,default,yolo,580.173.02,GPU-d59cb1c4-ad97-d91a-6731-e7b5f38951a6
2026-08-16 05:09:59.086921,49.0,7,1g.11gb,,,,580.173.02,GPU-d59cb1c4-ad97-d91a-6731-e7b5f38951a6
2026-08-16 05:09:59.086921,49.0,8,1g.11gb,yolo-inference-755b67b9bb-ttrzf,default,yolo,580.173.02,GPU-d59cb1c4-ad97-d91a-6731-e7b5f38951a6
2026-08-16 05:09:59.086921,49.0,9,1g.11gb,yolo-inference-755b67b9bb-pwhtx,default,yolo,580.173.02,GPU-d59cb1c4-ad97-d91a-6731-e7b5f38951a6
2026-08-16 05:10:04.083422,49.0,10,1g.11gb,yolo-inference-755b67b9bb-sf8hz,default,yolo,580.173.02,GPU-d59cb1c4-ad97-d91a-6731-e7b5f38951a6
2026-08-16 05:10:04.083422,49.0,11,1g.11gb,yolo-inference-755b67b9bb-mdq5n,default,yolo,580.173.02,GPU-d59cb1c4-ad97-d91a-6731-e7b5f38951a6
2026-08-16 05:10:04.083422,49.0,12,1g.11gb,yolo-inference-755b67b9bb-l2sjx,default,yolo,580.173.02,GPU-d59cb1c4-ad97-d91a-6731-e7b5f38951a6
2026-08-16 05:10:04.083422,49.0,13,1g.11gb,yolo-inference-755b67b9bb-vgskt,default,yolo,580.173.02,GPU-d59cb1c4-ad97-d91a-6731-e7b5f38951a6
2026-08-16 05:10:04.083422,49.0,7,1g.11gb,,,,580.173.02,GPU-d59cb1c4-ad97-d91a-6731-e7b5f38951a6
2026-08-16 05:10:04.083422,49.0,8,1g.11gb,yolo-inference-755b67b9bb-ttrzf,default,yolo,580.173.02,GPU-d59cb1c4-ad97-d91a-6731-e7b5f38951a6
2026-08-16 05:10:04.083422,49.0,9,1g.11gb,yolo-inference-755b67b9bb-pwhtx,default,yolo,580.173.02,GPU-d59cb1c4-ad97-d91a-6731-e7b5f38951a6
2026-08-16 05:10:09.088042,49.0,10,1g.11gb,yolo-inference-755b67b9bb-sf8hz,default,yolo,580.173.02,GPU-d59cb1c4-ad97-d91a-6731-e7b5f38951a6
2026-08-16 05:10:09.088042,49.0,11,1g.11gb,yolo-inference-755b67b9bb-mdq5n,default,yolo,580.173.02,GPU-d59cb1c4-ad97-d91a-6731-e7b5f38951a6
2026-08-16 05:10:09.088042,49.0,12,1g.11gb,yolo-inference-755b67b9bb-l2sjx,default,yolo,580.173.02,GPU-d59cb1c4-ad97-d91a-6731-e7b5f38951a6
2026-08-16 05:10:09.088042,49.0,13,1g.11gb,yolo-inference-755b67b9bb-vgskt,default,yolo,580.173.02,GPU-d59cb1c4-ad97-d91a-6731-e7b5f38951a6
2026-08-16 05:10:09.088042,49.0,7,1g.11gb,,,,580.173.02,GPU-d59cb1c4-ad97-d91a-6731-e7b5f38951a6
2026-08-16 05:10:09.088042,49.0,8,1g.11gb,yolo-inference-755b67b9bb-ttrzf,default,yolo,580.173.02,GPU-d59cb1c4-ad97-d91a-6731-e7b5f38951a6
2026-08-16 05:10:09.088042,49.0,9,1g.11gb,yolo-inference-755b67b9bb-pwhtx,default,yolo,580.173.02,GPU-d59cb1c4-ad97-d91a-6731-e7b5f38951a6
2026-08-16 05:10:14.083358,49.0,10,1g.11gb,yolo-inference-755b67b9bb-sf8hz,default,yolo,580.173.02,GPU-d59cb1c4-ad97-d91a-6731-e7b5f38951a6
2026-08-16 05:10:14.083358,49.0,11,1g.11gb,yolo-inference-755b67b9bb-mdq5n,default,yolo,580.173.02,GPU-d59cb1c4-ad97-d91a-6731-e7b5f38951a6
2026-08-16 05:10:14.083358,49.0,12,1g.11gb,yolo-inference-755b67b9bb-l2sjx,default,yolo,580.173.02,GPU-d59cb1c4-ad97-d91a-6731-e7b5f38951a6
2026-08-16 05:10:14.083358,49.0,13,1g.11gb,yolo-inference-755b67b9bb-vgskt,default,yolo,580.173.02,GPU-d59cb1c4-ad97-d91a-6731-e7b5f38951a6
2026-08-16 05:10:14.083358,49.0,7,1g.11gb,,,,580.173.02,GPU-d59cb1c4-ad97-d91a-6731-e7b5f38951a6
2026-08-16 05:10:14.083358,49.0,8,1g.11gb,yolo-inference-755b67b9bb-ttrzf,default,yolo,580.173.02,GPU-d59cb1c4-ad97-d91a-6731-e7b5f38951a6
2026-08-16 05:10:14.083358,49.0,9,1g.11gb,yolo-inference-755b67b9bb-pwhtx,default,yolo,580.173.02,GPU-d59cb1c4-ad97-d91a-6731-e7b5f38951a6
2026-08-16 05:10:19.087992,49.0,10,1g.11gb,yolo-inference-755b67b9bb-sf8hz,default,yolo,580.173.02,GPU-d59cb1c4-ad97-d91a-6731-e7b5f38951a6
2026-08-16 05:10:19.087992,49.0,11,1g.11gb,yolo-inference-755b67b9bb-mdq5n,default,yolo,580.173.02,GPU-d59cb1c4-ad97-d91a-6731-e7b5f38951a6
2026-08-16 05:10:19.087992,49.0,12,1g.11gb,yolo-inference-755b67b9bb-l2sjx,default,yolo,580.173.02,GPU-d59cb1c4-ad97-d91a-6731-e7b5f38951a6
2026-08-16 05:10:19.087992,49.0,13,1g.11gb,yolo-inference-755b67b9bb-vgskt,default,yolo,580.173.02,GPU-d59cb1c4-ad97-d91a-6731-e7b5f38951a6
2026-08-16 05:10:19.087992,49.0,7,1g.11gb,,,,580.173.02,GPU-d59cb1c4-ad97-d91a-6731-e7b5f38951a6
2026-08-16 05:10:19.087992,49.0,8,1g.11gb,yolo-inference-755b67b9bb-ttrzf,default,yolo,580.173.02,GPU-d59cb1c4-ad97-d91a-6731-e7b5f38951a6
2026-08-16 05:10:19.087992,49.0,9,1g.11gb,yolo-inference-755b67b9bb-pwhtx,default,yolo,580.173.02,GPU-d59cb1c4-ad97-d91a-6731-e7b5f38951a6
2026-08-16 05:10:24.088094,49.0,10,1g.11gb,yolo-inference-755b67b9bb-sf8hz,default,yolo,580.173.02,GPU-d59cb1c4-ad97-d91a-6731-e7b5f38951a6
2026-08-16 05:10:24.088094,49.0,11,1g.11gb,yolo-inference-755b67b9bb-mdq5n,default,yolo,580.173.02,GPU-d59cb1c4-ad97-d91a-6731-e7b5f38951a6
2026-08-16 05:10:24.088094,49.0,12,1g.11gb,yolo-inference-755b67b9bb-l2sjx,default,yolo,580.173.02,GPU-d59cb1c4-ad97-d91a-6731-e7b5f38951a6
2026-08-16 05:10:24.088094,49.0,13,1g.11gb,yolo-inference-755b67b9bb-vgskt,default,yolo,580.173.02,GPU-d59cb1c4-ad97-d91a-6731-e7b5f38951a6
2026-08-16 05:10:24.088094,49.0,7,1g.11gb,,,,580.173.02,GPU-d59cb1c4-ad97-d91a-6731-e7b5f38951a6
2026-08-16 05:10:24.088094,49.0,8,1g.11gb,yolo-inference-755b67b9bb-ttrzf,default,yolo,580.173.02,GPU-d59cb1c4-ad97-d91a-6731-e7b5f38951a6
2026-08-16 05:10:24.088094,49.0,9,1g.11gb,yolo-inference-755b67b9bb-pwhtx,default,yolo,580.173.02,GPU-d59cb1c4-ad97-d91a-6731-e7b5f38951a6
2026-08-16 05:10:29.084153,49.0,10,1g.11gb,yolo-inference-755b67b9bb-sf8hz,default,yolo,580.173.02,GPU-d59cb1c4-ad97-d91a-6731-e7b5f38951a6
2026-08-16 05:10:29.084153,49.0,11,1g.11gb,yolo-inference-755b67b9bb-mdq5n,default,yolo,580.173.02,GPU-d59cb1c4-ad97-d91a-6731-e7b5f38951a6
2026-08-16 05:10:29.084153,49.0,12,1g.11gb,yolo-inference-755b67b9bb-l2sjx,default,yolo,580.173.02,GPU-d59cb1c4-ad97-d91a-6731-e7b5f38951a6
2026-08-16 05:10:29.084153,49.0,13,1g.11gb,yolo-inference-755b67b9bb-vgskt,default,yolo,580.173.02,GPU-d59cb1c4-ad97-d91a-6731-e7b5f38951a6
2026-08-16 05:10:29.084153,49.0,7,1g.11gb,,,,580.173.02,GPU-d59cb1c4-ad97-d91a-6731-e7b5f38951a6
2026-08-16 05:10:29.084153,49.0,8,1g.11gb,yolo-inference-755b67b9bb-ttrzf,default,yolo,580.173.02,GPU-d59cb1c4-ad97-d91a-6731-e7b5f38951a6
2026-08-16 05:10:29.084153,49.0,9,1g.11gb,yolo-inference-755b67b9bb-pwhtx,default,yolo,580.173.02,GPU-d59cb1c4-ad97-d91a-6731-e7b5f38951a6
2026-08-16 05:10:34.085187,49.0,10,1g.11gb,yolo-inference-755b67b9bb-sf8hz,default,yolo,580.173.02,GPU-d59cb1c4-ad97-d91a-6731-e7b5f38951a6
2026-08-16 05:10:34.085187,49.0,11,1g.11gb,yolo-inference-755b67b9bb-mdq5n,default,yolo,580.173.02,GPU-d59cb1c4-ad97-d91a-6731-e7b5f38951a6
2026-08-16 05:10:34.085187,49.0,12,1g.11gb,yolo-inference-755b67b9bb-l2sjx,default,yolo,580.173.02,GPU-d59cb1c4-ad97-d91a-6731-e7b5f38951a6
2026-08-16 05:10:34.085187,49.0,13,1g.11gb,yolo-inference-755b67b9bb-vgskt,default,yolo,580.173.02,GPU-d59cb1c4-ad97-d91a-6731-e7b5f38951a6
2026-08-16 05:10:34.085187,49.0,7,1g.11gb,,,,580.173.02,GPU-d59cb1c4-ad97-d91a-6731-e7b5f38951a6
2026-08-16 05:10:34.085187,49.0,8,1g.11gb,yolo-inference-755b67b9bb-ttrzf,default,yolo,580.173.02,GPU-d59cb1c4-ad97-d91a-6731-e7b5f38951a6
2026-08-16 05:10:34.085187,49.0,9,1g.11gb,yolo-inference-755b67b9bb-pwhtx,default,yolo,580.173.02,GPU-d59cb1c4-ad97-d91a-6731-e7b5f38951a6
2026-08-16 05:10:39.088030,49.0,10,1g.11gb,yolo-inference-755b67b9bb-sf8hz,default,yolo,580.173.02,GPU-d59cb1c4-ad97-d91a-6731-e7b5f38951a6
2026-08-16 05:10:39.088030,49.0,11,1g.11gb,yolo-inference-755b67b9bb-mdq5n,default,yolo,580.173.02,GPU-d59cb1c4-ad97-d91a-6731-e7b5f38951a6
2026-08-16 05:10:39.088030,49.0,12,1g.11gb,yolo-inference-755b67b9bb-l2sjx,default,yolo,580.173.02,GPU-d59cb1c4-ad97-d91a-6731-e7b5f38951a6
2026-08-16 05:10:39.088030,49.0,13,1g.11gb,yolo-inference-755b67b9bb-vgskt,default,yolo,580.173.02,GPU-d59cb1c4-ad97-d91a-6731-e7b5f38951a6
2026-08-16 05:10:39.088030,49.0,7,1g.11gb,,,,580.173.02,GPU-d59cb1c4-ad97-d91a-6731-e7b5f38951a6
2026-08-16 05:10:39.088030,49.0,8,1g.11gb,yolo-inference-755b67b9bb-ttrzf,default,yolo,580.173.02,GPU-d59cb1c4-ad97-d91a-6731-e7b5f38951a6
2026-08-16 05:10:39.088030,49.0,9,1g.11gb,yolo-inference-755b67b9bb-pwhtx,default,yolo,580.173.02,GPU-d59cb1c4-ad97-d91a-6731-e7b5f38951a6
2026-08-16 05:10:44.087471,49.0,10,1g.11gb,yolo-inference-755b67b9bb-sf8hz,default,yolo,580.173.02,GPU-d59cb1c4-ad97-d91a-6731-e7b5f38951a6
2026-08-16 05:10:44.087471,49.0,11,1g.11gb,yolo-inference-755b67b9bb-mdq5n,default,yolo,580.173.02,GPU-d59cb1c4-ad97-d91a-6731-e7b5f38951a6
2026-08-16 05:10:44.087471,49.0,12,1g.11gb,yolo-inference-755b67b9bb-l2sjx,default,yolo,580.173.02,GPU-d59cb1c4-ad97-d91a-6731-e7b5f38951a6
2026-08-16 05:10:44.087471,49.0,13,1g.11gb,yolo-inference-755b67b9bb-vgskt,default,yolo,580.173.02,GPU-d59cb1c4-ad97-d91a-6731-e7b5f38951a6
2026-08-16 05:10:44.087471,49.0,7,1g.11gb,,,,580.173.02,GPU-d59cb1c4-ad97-d91a-6731-e7b5f38951a6
2026-08-16 05:10:44.087471,49.0,8,1g.11gb,yolo-inference-755b67b9bb-ttrzf,default,yolo,580.173.02,GPU-d59cb1c4-ad97-d91a-6731-e7b5f38951a6
2026-08-16 05:10:44.087471,49.0,9,1g.11gb,yolo-inference-755b67b9bb-pwhtx,default,yolo,580.173.02,GPU-d59cb1c4-ad97-d91a-6731-e7b5f38951a6
2026-08-16 05:10:49.088031,49.0,10,1g.11gb,yolo-inference-755b67b9bb-sf8hz,default,yolo,580.173.02,GPU-d59cb1c4-ad97-d91a-6731-e7b5f38951a6
2026-08-16 05:10:49.088031,49.0,11,1g.11gb,yolo-inference-755b67b9bb-mdq5n,default,yolo,580.173.02,GPU-d59cb1c4-ad97-d91a-6731-e7b5f38951a6
2026-08-16 05:10:49.088031,49.0,12,1g.11gb,yolo-inference-755b67b9bb-l2sjx,default,yolo,580.173.02,GPU-d59cb1c4-ad97-d91a-6731-e7b5f38951a6
2026-08-16 05:10:49.088031,49.0,13,1g.11gb,yolo-inference-755b67b9bb-vgskt,default,yolo,580.173.02,GPU-d59cb1c4-ad97-d91a-6731-e7b5f38951a6
2026-08-16 05:10:49.088031,49.0,7,1g.11gb,,,,580.173.02,GPU-d59cb1c4-ad97-d91a-6731-e7b5f38951a6
2026-08-16 05:10:49.088031,49.0,8,1g.11gb,yolo-inference-755b67b9bb-ttrzf,default,yolo,580.173.02,GPU-d59cb1c4-ad97-d91a-6731-e7b5f38951a6
2026-08-16 05:10:49.088031,49.0,9,1g.11gb,yolo-inference-755b67b9bb-pwhtx,default,yolo,580.173.02,GPU-d59cb1c4-ad97-d91a-6731-e7b5f38951a6
2026-08-16 05:10:54.087987,49.0,10,1g.11gb,yolo-inference-755b67b9bb-sf8hz,default,yolo,580.173.02,GPU-d59cb1c4-ad97-d91a-6731-e7b5f38951a6
2026-08-16 05:10:54.087987,49.0,11,1g.11gb,yolo-inference-755b67b9bb-mdq5n,default,yolo,580.173.02,GPU-d59cb1c4-ad97-d91a-6731-e7b5f38951a6
2026-08-16 05:10:54.087987,49.0,12,1g.11gb,yolo-inference-755b67b9bb-l2sjx,default,yolo,580.173.02,GPU-d59cb1c4-ad97-d91a-6731-e7b5f38951a6
2026-08-16 05:10:54.087987,49.0,13,1g.11gb,yolo-inference-755b67b9bb-vgskt,default,yolo,580.173.02,GPU-d59cb1c4-ad97-d91a-6731-e7b5f38951a6
2026-08-16 05:10:54.087987,49.0,7,1g.11gb,,,,580.173.02,GPU-d59cb1c4-ad97-d91a-6731-e7b5f38951a6
2026-08-16 05:10:54.087987,49.0,8,1g.11gb,yolo-inference-755b67b9bb-ttrzf,default,yolo,580.173.02,GPU-d59cb1c4-ad97-d91a-6731-e7b5f38951a6
2026-08-16 05:10:54.087987,49.0,9,1g.11gb,yolo-inference-755b67b9bb-pwhtx,default,yolo,580.173.02,GPU-d59cb1c4-ad97-d91a-6731-e7b5f38951a6
2026-08-16 05:10:59.088029,49.0,10,1g.11gb,yolo-inference-755b67b9bb-sf8hz,default,yolo,580.173.02,GPU-d59cb1c4-ad97-d91a-6731-e7b5f38951a6
2026-08-16 05:10:59.088029,49.0,11,1g.11gb,yolo-inference-755b67b9bb-mdq5n,default,yolo,580.173.02,GPU-d59cb1c4-ad97-d91a-6731-e7b5f38951a6
2026-08-16 05:10:59.088029,49.0,12,1g.11gb,yolo-inference-755b67b9bb-l2sjx,default,yolo,580.173.02,GPU-d59cb1c4-ad97-d91a-6731-e7b5f38951a6
2026-08-16 05:10:59.088029,49.0,13,1g.11gb,yolo-inference-755b67b9bb-vgskt,default,yolo,580.173.02,GPU-d59cb1c4-ad97-d91a-6731-e7b5f38951a6
2026-08-16 05:10:59.088029,49.0,7,1g.11gb,,,,580.173.02,GPU-d59cb1c4-ad97-d91a-6731-e7b5f38951a6
2026-08-16 05:10:59.088029,49.0,8,1g.11gb,yolo-inference-755b67b9bb-ttrzf,default,yolo,580.173.02,GPU-d59cb1c4-ad97-d91a-6731-e7b5f38951a6
2026-08-16 05:10:59.088029,49.0,9,1g.11gb,yolo-inference-755b67b9bb-pwhtx,default,yolo,580.173.02,GPU-d59cb1c4-ad97-d91a-6731-e7b5f38951a6
2026-08-16 05:11:04.084161,49.0,10,1g.11gb,yolo-inference-755b67b9bb-sf8hz,default,yolo,580.173.02,GPU-d59cb1c4-ad97-d91a-6731-e7b5f38951a6
2026-08-16 05:11:04.084161,49.0,11,1g.11gb,yolo-inference-755b67b9bb-mdq5n,default,yolo,580.173.02,GPU-d59cb1c4-ad97-d91a-6731-e7b5f38951a6
2026-08-16 05:11:04.084161,49.0,12,1g.11gb,yolo-inference-755b67b9bb-l2sjx,default,yolo,580.173.02,GPU-d59cb1c4-ad97-d91a-6731-e7b5f38951a6
2026-08-16 05:11:04.084161,49.0,13,1g.11gb,yolo-inference-755b67b9bb-vgskt,default,yolo,580.173.02,GPU-d59cb1c4-ad97-d91a-6731-e7b5f38951a6
2026-08-16 05:11:04.084161,49.0,7,1g.11gb,,,,580.173.02,GPU-d59cb1c4-ad97-d91a-6731-e7b5f38951a6
2026-08-16 05:11:04.084161,49.0,8,1g.11gb,yolo-inference-755b67b9bb-ttrzf,default,yolo,580.173.02,GPU-d59cb1c4-ad97-d91a-6731-e7b5f38951a6
2026-08-16 05:11:04.084161,49.0,9,1g.11gb,yolo-inference-755b67b9bb-pwhtx,default,yolo,580.173.02,GPU-d59cb1c4-ad97-d91a-6731-e7b5f38951a6
2026-08-16 05:11:09.083596,49.0,10,1g.11gb,yolo-inference-755b67b9bb-sf8hz,default,yolo,580.173.02,GPU-d59cb1c4-ad97-d91a-6731-e7b5f38951a6
2026-08-16 05:11:09.083596,49.0,11,1g.11gb,yolo-inference-755b67b9bb-mdq5n,default,yolo,580.173.02,GPU-d59cb1c4-ad97-d91a-6731-e7b5f38951a6
2026-08-16 05:11:09.083596,49.0,12,1g.11gb,yolo-inference-755b67b9bb-l2sjx,default,yolo,580.173.02,GPU-d59cb1c4-ad97-d91a-6731-e7b5f38951a6
2026-08-16 05:11:09.083596,49.0,13,1g.11gb,yolo-inference-755b67b9bb-vgskt,default,yolo,580.173.02,GPU-d59cb1c4-ad97-d91a-6731-e7b5f38951a6
2026-08-16 05:11:09.083596,49.0,7,1g.11gb,,,,580.173.02,GPU-d59cb1c4-ad97-d91a-6731-e7b5f38951a6
2026-08-16 05:11:09.083596,49.0,8,1g.11gb,yolo-inference-755b67b9bb-ttrzf,default,yolo,580.173.02,GPU-d59cb1c4-ad97-d91a-6731-e7b5f38951a6
2026-08-16 05:11:09.083596,49.0,9,1g.11gb,yolo-inference-755b67b9bb-pwhtx,default,yolo,580.173.02,GPU-d59cb1c4-ad97-d91a-6731-e7b5f38951a6
2026-08-16 05:11:14.088068,49.0,10,1g.11gb,yolo-inference-755b67b9bb-sf8hz,default,yolo,580.173.02,GPU-d59cb1c4-ad97-d91a-6731-e7b5f38951a6
2026-08-16 05:11:14.088068,49.0,11,1g.11gb,yolo-inference-755b67b9bb-mdq5n,default,yolo,580.173.02,GPU-d59cb1c4-ad97-d91a-6731-e7b5f38951a6
2026-08-16 05:11:14.088068,49.0,12,1g.11gb,yolo-inference-755b67b9bb-l2sjx,default,yolo,580.173.02,GPU-d59cb1c4-ad97-d91a-6731-e7b5f38951a6
2026-08-16 05:11:14.088068,49.0,13,1g.11gb,yolo-inference-755b67b9bb-vgskt,default,yolo,580.173.02,GPU-d59cb1c4-ad97-d91a-6731-e7b5f38951a6
2026-08-16 05:11:14.088068,49.0,7,1g.11gb,,,,580.173.02,GPU-d59cb1c4-ad97-d91a-6731-e7b5f38951a6
2026-08-16 05:11:14.088068,49.0,8,1g.11gb,yolo-inference-755b67b9bb-ttrzf,default,yolo,580.173.02,GPU-d59cb1c4-ad97-d91a-6731-e7b5f38951a6
2026-08-16 05:11:14.088068,49.0,9,1g.11gb,yolo-inference-755b67b9bb-pwhtx,default,yolo,580.173.02,GPU-d59cb1c4-ad97-d91a-6731-e7b5f38951a6
2026-08-16 05:11:19.088037,49.0,10,1g.11gb,yolo-inference-755b67b9bb-sf8hz,default,yolo,580.173.02,GPU-d59cb1c4-ad97-d91a-6731-e7b5f38951a6
2026-08-16 05:11:19.088037,49.0,11,1g.11gb,yolo-inference-755b67b9bb-mdq5n,default,yolo,580.173.02,GPU-d59cb1c4-ad97-d91a-6731-e7b5f38951a6
2026-08-16 05:11:19.088037,49.0,12,1g.11gb,yolo-inference-755b67b9bb-l2sjx,default,yolo,580.173.02,GPU-d59cb1c4-ad97-d91a-6731-e7b5f38951a6
2026-08-16 05:11:19.088037,49.0,13,1g.11gb,yolo-inference-755b67b9bb-vgskt,default,yolo,580.173.02,GPU-d59cb1c4-ad97-d91a-6731-e7b5f38951a6
2026-08-16 05:11:19.088037,49.0,7,1g.11gb,,,,580.173.02,GPU-d59cb1c4-ad97-d91a-6731-e7b5f38951a6
2026-08-16 05:11:19.088037,49.0,8,1g.11gb,yolo-inference-755b67b9bb-ttrzf,default,yolo,580.173.02,GPU-d59cb1c4-ad97-d91a-6731-e7b5f38951a6
2026-08-16 05:11:19.088037,49.0,9,1g.11gb,yolo-inference-755b67b9bb-pwhtx,default,yolo,580.173.02,GPU-d59cb1c4-ad97-d91a-6731-e7b5f38951a6
2026-08-16 05:11:24.087926,49.0,10,1g.11gb,yolo-inference-755b67b9bb-sf8hz,default,yolo,580.173.02,GPU-d59cb1c4-ad97-d91a-6731-e7b5f38951a6
2026-08-16 05:11:24.087926,49.0,11,1g.11gb,yolo-inference-755b67b9bb-mdq5n,default,yolo,580.173.02,GPU-d59cb1c4-ad97-d91a-6731-e7b5f38951a6
2026-08-16 05:11:24.087926,49.0,12,1g.11gb,yolo-inference-755b67b9bb-l2sjx,default,yolo,580.173.02,GPU-d59cb1c4-ad97-d91a-6731-e7b5f38951a6
2026-08-16 05:11:24.087926,49.0,13,1g.11gb,yolo-inference-755b67b9bb-vgskt,default,yolo,580.173.02,GPU-d59cb1c4-ad97-d91a-6731-e7b5f38951a6
2026-08-16 05:11:24.087926,49.0,7,1g.11gb,,,,580.173.02,GPU-d59cb1c4-ad97-d91a-6731-e7b5f38951a6
2026-08-16 05:11:24.087926,49.0,8,1g.11gb,yolo-inference-755b67b9bb-ttrzf,default,yolo,580.173.02,GPU-d59cb1c4-ad97-d91a-6731-e7b5f38951a6
2026-08-16 05:11:24.087926,49.0,9,1g.11gb,yolo-inference-755b67b9bb-pwhtx,default,yolo,580.173.02,GPU-d59cb1c4-ad97-d91a-6731-e7b5f38951a6
2026-08-16 05:11:29.088035,49.0,10,1g.11gb,yolo-inference-755b67b9bb-sf8hz,default,yolo,580.173.02,GPU-d59cb1c4-ad97-d91a-6731-e7b5f38951a6
2026-08-16 05:11:29.088035,49.0,11,1g.11gb,yolo-inference-755b67b9bb-mdq5n,default,yolo,580.173.02,GPU-d59cb1c4-ad97-d91a-6731-e7b5f38951a6
2026-08-16 05:11:29.088035,49.0,12,1g.11gb,yolo-inference-755b67b9bb-l2sjx,default,yolo,580.173.02,GPU-d59cb1c4-ad97-d91a-6731-e7b5f38951a6
2026-08-16 05:11:29.088035,49.0,13,1g.11gb,yolo-inference-755b67b9bb-vgskt,default,yolo,580.173.02,GPU-d59cb1c4-ad97-d91a-6731-e7b5f38951a6
2026-08-16 05:11:29.088035,49.0,7,1g.11gb,,,,580.173.02,GPU-d59cb1c4-ad97-d91a-6731-e7b5f38951a6
2026-08-16 05:11:29.088035,49.0,8,1g.11gb,yolo-inference-755b67b9bb-ttrzf,default,yolo,580.173.02,GPU-d59cb1c4-ad97-d91a-6731-e7b5f38951a6
2026-08-16 05:11:29.088035,49.0,9,1g.11gb,yolo-inference-755b67b9bb-pwhtx,default,yolo,580.173.02,GPU-d59cb1c4-ad97-d91a-6731-e7b5f38951a6
2026-08-16 05:11:34.088032,49.0,10,1g.11gb,yolo-inference-755b67b9bb-sf8hz,default,yolo,580.173.02,GPU-d59cb1c4-ad97-d91a-6731-e7b5f38951a6
2026-08-16 05:11:34.088032,49.0,11,1g.11gb,yolo-inference-755b67b9bb-mdq5n,default,yolo,580.173.02,GPU-d59cb1c4-ad97-d91a-6731-e7b5f38951a6
2026-08-16 05:11:34.088032,49.0,12,1g.11gb,yolo-inference-755b67b9bb-l2sjx,default,yolo,580.173.02,GPU-d59cb1c4-ad97-d91a-6731-e7b5f38951a6
2026-08-16 05:11:34.088032,49.0,13,1g.11gb,yolo-inference-755b67b9bb-vgskt,default,yolo,580.173.02,GPU-d59cb1c4-ad97-d91a-6731-e7b5f38951a6
2026-08-16 05:11:34.088032,49.0,7,1g.11gb,,,,580.173.02,GPU-d59cb1c4-ad97-d91a-6731-e7b5f38951a6
2026-08-16 05:11:34.088032,49.0,8,1g.11gb,yolo-inference-755b67b9bb-ttrzf,default,yolo,580.173.02,GPU-d59cb1c4-ad97-d91a-6731-e7b5f38951a6
2026-08-16 05:11:34.088032,49.0,9,1g.11gb,yolo-inference-755b67b9bb-pwhtx,default,yolo,580.173.02,GPU-d59cb1c4-ad97-d91a-6731-e7b5f38951a6
2026-08-16 05:11:39.086566,49.0,10,1g.11gb,yolo-inference-755b67b9bb-sf8hz,default,yolo,580.173.02,GPU-d59cb1c4-ad97-d91a-6731-e7b5f38951a6
2026-08-16 05:11:39.086566,49.0,11,1g.11gb,yolo-inference-755b67b9bb-mdq5n,default,yolo,580.173.02,GPU-d59cb1c4-ad97-d91a-6731-e7b5f38951a6
2026-08-16 05:11:39.086566,49.0,12,1g.11gb,yolo-inference-755b67b9bb-l2sjx,default,yolo,580.173.02,GPU-d59cb1c4-ad97-d91a-6731-e7b5f38951a6
2026-08-16 05:11:39.086566,49.0,13,1g.11gb,yolo-inference-755b67b9bb-vgskt,default,yolo,580.173.02,GPU-d59cb1c4-ad97-d91a-6731-e7b5f38951a6
2026-08-16 05:11:39.086566,49.0,7,1g.11gb,,,,580.173.02,GPU-d59cb1c4-ad97-d91a-6731-e7b5f38951a6
2026-08-16 05:11:39.086566,49.0,8,1g.11gb,yolo-inference-755b67b9bb-ttrzf,default,yolo,580.173.02,GPU-d59cb1c4-ad97-d91a-6731-e7b5f38951a6
2026-08-16 05:11:39.086566,49.0,9,1g.11gb,yolo-inference-755b67b9bb-pwhtx,default,yolo,580.173.02,GPU-d59cb1c4-ad97-d91a-6731-e7b5f38951a6
2026-08-16 05:11:44.083384,49.0,10,1g.11gb,yolo-inference-755b67b9bb-sf8hz,default,yolo,580.173.02,GPU-d59cb1c4-ad97-d91a-6731-e7b5f38951a6
2026-08-16 05:11:44.083384,49.0,11,1g.11gb,yolo-inference-755b67b9bb-mdq5n,default,yolo,580.173.02,GPU-d59cb1c4-ad97-d91a-6731-e7b5f38951a6
2026-08-16 05:11:44.083384,49.0,12,1g.11gb,yolo-inference-755b67b9bb-l2sjx,default,yolo,580.173.02,GPU-d59cb1c4-ad97-d91a-6731-e7b5f38951a6
2026-08-16 05:11:44.083384,49.0,13,1g.11gb,yolo-inference-755b67b9bb-vgskt,default,yolo,580.173.02,GPU-d59cb1c4-ad97-d91a-6731-e7b5f38951a6
2026-08-16 05:11:44.083384,49.0,7,1g.11gb,,,,580.173.02,GPU-d59cb1c4-ad97-d91a-6731-e7b5f38951a6
2026-08-16 05:11:44.083384,49.0,8,1g.11gb,yolo-inference-755b67b9bb-ttrzf,default,yolo,580.173.02,GPU-d59cb1c4-ad97-d91a-6731-e7b5f38951a6
2026-08-16 05:11:44.083384,49.0,9,1g.11gb,yolo-inference-755b67b9bb-pwhtx,default,yolo,580.173.02,GPU-d59cb1c4-ad97-d91a-6731-e7b5f38951a6
2026-08-16 05:11:49.088022,49.0,10,1g.11gb,yolo-inference-755b67b9bb-sf8hz,default,yolo,580.173.02,GPU-d59cb1c4-ad97-d91a-6731-e7b5f38951a6
2026-08-16 05:11:49.088022,49.0,11,1g.11gb,yolo-inference-755b67b9bb-mdq5n,default,yolo,580.173.02,GPU-d59cb1c4-ad97-d91a-6731-e7b5f38951a6
2026-08-16 05:11:49.088022,49.0,12,1g.11gb,yolo-inference-755b67b9bb-l2sjx,default,yolo,580.173.02,GPU-d59cb1c4-ad97-d91a-6731-e7b5f38951a6
2026-08-16 05:11:49.088022,49.0,13,1g.11gb,yolo-inference-755b67b9bb-vgskt,default,yolo,580.173.02,GPU-d59cb1c4-ad97-d91a-6731-e7b5f38951a6
2026-08-16 05:11:49.088022,49.0,7,1g.11gb,,,,580.173.02,GPU-d59cb1c4-ad97-d91a-6731-e7b5f38951a6
2026-08-16 05:11:49.088022,49.0,8,1g.11gb,yolo-inference-755b67b9bb-ttrzf,default,yolo,580.173.02,GPU-d59cb1c4-ad97-d91a-6731-e7b5f38951a6
2026-08-16 05:11:49.088022,49.0,9,1g.11gb,yolo-inference-755b67b9bb-pwhtx,default,yolo,580.173.02,GPU-d59cb1c4-ad97-d91a-6731-e7b5f38951a6
2026-08-16 05:11:54.085438,49.0,10,1g.11gb,yolo-inference-755b67b9bb-sf8hz,default,yolo,580.173.02,GPU-d59cb1c4-ad97-d91a-6731-e7b5f38951a6
2026-08-16 05:11:54.085438,49.0,11,1g.11gb,yolo-inference-755b67b9bb-mdq5n,default,yolo,580.173.02,GPU-d59cb1c4-ad97-d91a-6731-e7b5f38951a6
2026-08-16 05:11:54.085438,49.0,12,1g.11gb,yolo-inference-755b67b9bb-l2sjx,default,yolo,580.173.02,GPU-d59cb1c4-ad97-d91a-6731-e7b5f38951a6
2026-08-16 05:11:54.085438,49.0,13,1g.11gb,yolo-inference-755b67b9bb-vgskt,default,yolo,580.173.02,GPU-d59cb1c4-ad97-d91a-6731-e7b5f38951a6
2026-08-16 05:11:54.085438,49.0,7,1g.11gb,,,,580.173.02,GPU-d59cb1c4-ad97-d91a-6731-e7b5f38951a6
2026-08-16 05:11:54.085438,49.0,8,1g.11gb,yolo-inference-755b67b9bb-ttrzf,default,yolo,580.173.02,GPU-d59cb1c4-ad97-d91a-6731-e7b5f38951a6
2026-08-16 05:11:54.085438,49.0,9,1g.11gb,yolo-inference-755b67b9bb-pwhtx,default,yolo,580.173.02,GPU-d59cb1c4-ad97-d91a-6731-e7b5f38951a6
2026-08-16 05:11:59.088030,49.0,10,1g.11gb,yolo-inference-755b67b9bb-sf8hz,default,yolo,580.173.02,GPU-d59cb1c4-ad97-d91a-6731-e7b5f38951a6
2026-08-16 05:11:59.088030,49.0,11,1g.11gb,yolo-inference-755b67b9bb-mdq5n,default,yolo,580.173.02,GPU-d59cb1c4-ad97-d91a-6731-e7b5f38951a6
2026-08-16 05:11:59.088030,49.0,12,1g.11gb,yolo-inference-755b67b9bb-l2sjx,default,yolo,580.173.02,GPU-d59cb1c4-ad97-d91a-6731-e7b5f38951a6
2026-08-16 05:11:59.088030,49.0,13,1g.11gb,yolo-inference-755b67b9bb-vgskt,default,yolo,580.173.02,GPU-d59cb1c4-ad97-d91a-6731-e7b5f38951a6
2026-08-16 05:11:59.088030,49.0,7,1g.11gb,,,,580.173.02,GPU-d59cb1c4-ad97-d91a-6731-e7b5f38951a6
2026-08-16 05:11:59.088030,49.0,8,1g.11gb,yolo-inference-755b67b9bb-ttrzf,default,yolo,580.173.02,GPU-d59cb1c4-ad97-d91a-6731-e7b5f38951a6
2026-08-16 05:11:59.088030,49.0,9,1g.11gb,yolo-inference-755b67b9bb-pwhtx,default,yolo,580.173.02,GPU-d59cb1c4-ad97-d91a-6731-e7b5f38951a6
2026-08-16 05:12:04.088024,49.0,10,1g.11gb,yolo-inference-755b67b9bb-sf8hz,default,yolo,580.173.02,GPU-d59cb1c4-ad97-d91a-6731-e7b5f38951a6
2026-08-16 05:12:04.088024,49.0,11,1g.11gb,yolo-inference-755b67b9bb-mdq5n,default,yolo,580.173.02,GPU-d59cb1c4-ad97-d91a-6731-e7b5f38951a6
2026-08-16 05:12:04.088024,49.0,12,1g.11gb,yolo-inference-755b67b9bb-l2sjx,default,yolo,580.173.02,GPU-d59cb1c4-ad97-d91a-6731-e7b5f38951a6
2026-08-16 05:12:04.088024,49.0,13,1g.11gb,yolo-inference-755b67b9bb-vgskt,default,yolo,580.173.02,GPU-d59cb1c4-ad97-d91a-6731-e7b5f38951a6
2026-08-16 05:12:04.088024,49.0,7,1g.11gb,,,,580.173.02,GPU-d59cb1c4-ad97-d91a-6731-e7b5f38951a6
2026-08-16 05:12:04.088024,49.0,8,1g.11gb,yolo-inference-755b67b9bb-ttrzf,default,yolo,580.173.02,GPU-d59cb1c4-ad97-d91a-6731-e7b5f38951a6
2026-08-16 05:12:04.088024,49.0,9,1g.11gb,yolo-inference-755b67b9bb-pwhtx,default,yolo,580.173.02,GPU-d59cb1c4-ad97-d91a-6731-e7b5f38951a6
2026-08-16 05:12:09.087640,49.0,10,1g.11gb,yolo-inference-755b67b9bb-sf8hz,default,yolo,580.173.02,GPU-d59cb1c4-ad97-d91a-6731-e7b5f38951a6
2026-08-16 05:12:09.087640,49.0,11,1g.11gb,yolo-inference-755b67b9bb-mdq5n,default,yolo,580.173.02,GPU-d59cb1c4-ad97-d91a-6731-e7b5f38951a6
2026-08-16 05:12:09.087640,49.0,12,1g.11gb,yolo-inference-755b67b9bb-l2sjx,default,yolo,580.173.02,GPU-d59cb1c4-ad97-d91a-6731-e7b5f38951a6
2026-08-16 05:12:09.087640,49.0,13,1g.11gb,yolo-inference-755b67b9bb-vgskt,default,yolo,580.173.02,GPU-d59cb1c4-ad97-d91a-6731-e7b5f38951a6
2026-08-16 05:12:09.087640,49.0,7,1g.11gb,,,,580.173.02,GPU-d59cb1c4-ad97-d91a-6731-e7b5f38951a6
2026-08-16 05:12:09.087640,49.0,8,1g.11gb,yolo-inference-755b67b9bb-ttrzf,default,yolo,580.173.02,GPU-d59cb1c4-ad97-d91a-6731-e7b5f38951a6
2026-08-16 05:12:09.087640,49.0,9,1g.11gb,yolo-inference-755b67b9bb-pwhtx,default,yolo,580.173.02,GPU-d59cb1c4-ad97-d91a-6731-e7b5f38951a6
2026-08-16 05:12:14.087902,49.0,10,1g.11gb,yolo-inference-755b67b9bb-sf8hz,default,yolo,580.173.02,GPU-d59cb1c4-ad97-d91a-6731-e7b5f38951a6
2026-08-16 05:12:14.087902,49.0,11,1g.11gb,yolo-inference-755b67b9bb-mdq5n,default,yolo,580.173.02,GPU-d59cb1c4-ad97-d91a-6731-e7b5f38951a6
2026-08-16 05:12:14.087902,49.0,12,1g.11gb,yolo-inference-755b67b9bb-l2sjx,default,yolo,580.173.02,GPU-d59cb1c4-ad97-d91a-6731-e7b5f38951a6
2026-08-16 05:12:14.087902,49.0,13,1g.11gb,yolo-inference-755b67b9bb-vgskt,default,yolo,580.173.02,GPU-d59cb1c4-ad97-d91a-6731-e7b5f38951a6
2026-08-16 05:12:14.087902,49.0,7,1g.11gb,,,,580.173.02,GPU-d59cb1c4-ad97-d91a-6731-e7b5f38951a6
2026-08-16 05:12:14.087902,49.0,8,1g.11gb,yolo-inference-755b67b9bb-ttrzf,default,yolo,580.173.02,GPU-d59cb1c4-ad97-d91a-6731-e7b5f38951a6
2026-08-16 05:12:14.087902,49.0,9,1g.11gb,yolo-inference-755b67b9bb-pwhtx,default,yolo,580.173.02,GPU-d59cb1c4-ad97-d91a-6731-e7b5f38951a6
2026-08-16 05:12:19.084197,49.0,10,1g.11gb,yolo-inference-755b67b9bb-sf8hz,default,yolo,580.173.02,GPU-d59cb1c4-ad97-d91a-6731-e7b5f38951a6
2026-08-16 05:12:19.084197,49.0,11,1g.11gb,yolo-inference-755b67b9bb-mdq5n,default,yolo,580.173.02,GPU-d59cb1c4-ad97-d91a-6731-e7b5f38951a6
2026-08-16 05:12:19.084197,49.0,12,1g.11gb,yolo-inference-755b67b9bb-l2sjx,default,yolo,580.173.02,GPU-d59cb1c4-ad97-d91a-6731-e7b5f38951a6
2026-08-16 05:12:19.084197,49.0,13,1g.11gb,yolo-inference-755b67b9bb-vgskt,default,yolo,580.173.02,GPU-d59cb1c4-ad97-d91a-6731-e7b5f38951a6
2026-08-16 05:12:19.084197,49.0,7,1g.11gb,,,,580.173.02,GPU-d59cb1c4-ad97-d91a-6731-e7b5f38951a6
2026-08-16 05:12:19.084197,49.0,8,1g.11gb,yolo-inference-755b67b9bb-ttrzf,default,yolo,580.173.02,GPU-d59cb1c4-ad97-d91a-6731-e7b5f38951a6
2026-08-16 05:12:19.084197,49.0,9,1g.11gb,yolo-inference-755b67b9bb-pwhtx,default,yolo,580.173.02,GPU-d59cb1c4-ad97-d91a-6731-e7b5f38951a6
2026-08-16 05:12:24.088066,49.0,10,1g.11gb,yolo-inference-755b67b9bb-sf8hz,default,yolo,580.173.02,GPU-d59cb1c4-ad97-d91a-6731-e7b5f38951a6
2026-08-16 05:12:24.088066,49.0,11,1g.11gb,yolo-inference-755b67b9bb-mdq5n,default,yolo,580.173.02,GPU-d59cb1c4-ad97-d91a-6731-e7b5f38951a6
2026-08-16 05:12:24.088066,49.0,12,1g.11gb,yolo-inference-755b67b9bb-l2sjx,default,yolo,580.173.02,GPU-d59cb1c4-ad97-d91a-6731-e7b5f38951a6
2026-08-16 05:12:24.088066,49.0,13,1g.11gb,yolo-inference-755b67b9bb-vgskt,default,yolo,580.173.02,GPU-d59cb1c4-ad97-d91a-6731-e7b5f38951a6
2026-08-16 05:12:24.088066,49.0,7,1g.11gb,,,,580.173.02,GPU-d59cb1c4-ad97-d91a-6731-e7b5f38951a6
2026-08-16 05:12:24.088066,49.0,8,1g.11gb,yolo-inference-755b67b9bb-ttrzf,default,yolo,580.173.02,GPU-d59cb1c4-ad97-d91a-6731-e7b5f38951a6
2026-08-16 05:12:24.088066,49.0,9,1g.11gb,yolo-inference-755b67b9bb-pwhtx,default,yolo,580.173.02,GPU-d59cb1c4-ad97-d91a-6731-e7b5f38951a6
2026-08-16 05:12:29.088026,49.0,10,1g.11gb,yolo-inference-755b67b9bb-sf8hz,default,yolo,580.173.02,GPU-d59cb1c4-ad97-d91a-6731-e7b5f38951a6
2026-08-16 05:12:29.088026,49.0,11,1g.11gb,yolo-inference-755b67b9bb-mdq5n,default,yolo,580.173.02,GPU-d59cb1c4-ad97-d91a-6731-e7b5f38951a6
2026-08-16 05:12:29.088026,49.0,12,1g.11gb,yolo-inference-755b67b9bb-l2sjx,default,yolo,580.173.02,GPU-d59cb1c4-ad97-d91a-6731-e7b5f38951a6
2026-08-16 05:12:29.088026,49.0,13,1g.11gb,yolo-inference-755b67b9bb-vgskt,default,yolo,580.173.02,GPU-d59cb1c4-ad97-d91a-6731-e7b5f38951a6
2026-08-16 05:12:29.088026,49.0,7,1g.11gb,,,,580.173.02,GPU-d59cb1c4-ad97-d91a-6731-e7b5f38951a6
2026-08-16 05:12:29.088026,49.0,8,1g.11gb,yolo-inference-755b67b9bb-ttrzf,default,yolo,580.173.02,GPU-d59cb1c4-ad97-d91a-6731-e7b5f38951a6
2026-08-16 05:12:29.088026,49.0,9,1g.11gb,yolo-inference-755b67b9bb-pwhtx,default,yolo,580.173.02,GPU-d59cb1c4-ad97-d91a-6731-e7b5f38951a6
2026-08-16 05:12:34.084170,49.0,10,1g.11gb,yolo-inference-755b67b9bb-sf8hz,default,yolo,580.173.02,GPU-d59cb1c4-ad97-d91a-6731-e7b5f38951a6
2026-08-16 05:12:34.084170,49.0,11,1g.11gb,yolo-inference-755b67b9bb-mdq5n,default,yolo,580.173.02,GPU-d59cb1c4-ad97-d91a-6731-e7b5f38951a6
2026-08-16 05:12:34.084170,49.0,12,1g.11gb,yolo-inference-755b67b9bb-l2sjx,default,yolo,580.173.02,GPU-d59cb1c4-ad97-d91a-6731-e7b5f38951a6
2026-08-16 05:12:34.084170,49.0,13,1g.11gb,yolo-inference-755b67b9bb-vgskt,default,yolo,580.173.02,GPU-d59cb1c4-ad97-d91a-6731-e7b5f38951a6
2026-08-16 05:12:34.084170,49.0,7,1g.11gb,,,,580.173.02,GPU-d59cb1c4-ad97-d91a-6731-e7b5f38951a6
2026-08-16 05:12:34.084170,49.0,8,1g.11gb,yolo-inference-755b67b9bb-ttrzf,default,yolo,580.173.02,GPU-d59cb1c4-ad97-d91a-6731-e7b5f38951a6
2026-08-16 05:12:34.084170,49.0,9,1g.11gb,yolo-inference-755b67b9bb-pwhtx,default,yolo,580.173.02,GPU-d59cb1c4-ad97-d91a-6731-e7b5f38951a6
2026-08-16 05:12:39.084345,49.0,10,1g.11gb,yolo-inference-755b67b9bb-sf8hz,default,yolo,580.173.02,GPU-d59cb1c4-ad97-d91a-6731-e7b5f38951a6
2026-08-16 05:12:39.084345,49.0,11,1g.11gb,yolo-inference-755b67b9bb-mdq5n,default,yolo,580.173.02,GPU-d59cb1c4-ad97-d91a-6731-e7b5f38951a6
2026-08-16 05:12:39.084345,49.0,12,1g.11gb,yolo-inference-755b67b9bb-l2sjx,default,yolo,580.173.02,GPU-d59cb1c4-ad97-d91a-6731-e7b5f38951a6
2026-08-16 05:12:39.084345,49.0,13,1g.11gb,yolo-inference-755b67b9bb-vgskt,default,yolo,580.173.02,GPU-d59cb1c4-ad97-d91a-6731-e7b5f38951a6
2026-08-16 05:12:39.084345,49.0,7,1g.11gb,,,,580.173.02,GPU-d59cb1c4-ad97-d91a-6731-e7b5f38951a6
2026-08-16 05:12:39.084345,49.0,8,1g.11gb,yolo-inference-755b67b9bb-ttrzf,default,yolo,580.173.02,GPU-d59cb1c4-ad97-d91a-6731-e7b5f38951a6
2026-08-16 05:12:39.084345,49.0,9,1g.11gb,yolo-inference-755b67b9bb-pwhtx,default,yolo,580.173.02,GPU-d59cb1c4-ad97-d91a-6731-e7b5f38951a6
2026-08-16 05:12:44.086541,49.0,10,1g.11gb,yolo-inference-755b67b9bb-sf8hz,default,yolo,580.173.02,GPU-d59cb1c4-ad97-d91a-6731-e7b5f38951a6
2026-08-16 05:12:44.086541,49.0,11,1g.11gb,yolo-inference-755b67b9bb-mdq5n,default,yolo,580.173.02,GPU-d59cb1c4-ad97-d91a-6731-e7b5f38951a6
2026-08-16 05:12:44.086541,49.0,12,1g.11gb,yolo-inference-755b67b9bb-l2sjx,default,yolo,580.173.02,GPU-d59cb1c4-ad97-d91a-6731-e7b5f38951a6
2026-08-16 05:12:44.086541,49.0,13,1g.11gb,yolo-inference-755b67b9bb-vgskt,default,yolo,580.173.02,GPU-d59cb1c4-ad97-d91a-6731-e7b5f38951a6
2026-08-16 05:12:44.086541,49.0,7,1g.11gb,,,,580.173.02,GPU-d59cb1c4-ad97-d91a-6731-e7b5f38951a6
2026-08-16 05:12:44.086541,49.0,8,1g.11gb,yolo-inference-755b67b9bb-ttrzf,default,yolo,580.173.02,GPU-d59cb1c4-ad97-d91a-6731-e7b5f38951a6
2026-08-16 05:12:44.086541,49.0,9,1g.11gb,yolo-inference-755b67b9bb-pwhtx,default,yolo,580.173.02,GPU-d59cb1c4-ad97-d91a-6731-e7b5f38951a6
2026-08-16 05:12:49.088026,49.0,10,1g.11gb,yolo-inference-755b67b9bb-sf8hz,default,yolo,580.173.02,GPU-d59cb1c4-ad97-d91a-6731-e7b5f38951a6
2026-08-16 05:12:49.088026,49.0,11,1g.11gb,yolo-inference-755b67b9bb-mdq5n,default,yolo,580.173.02,GPU-d59cb1c4-ad97-d91a-6731-e7b5f38951a6
2026-08-16 05:12:49.088026,49.0,12,1g.11gb,yolo-inference-755b67b9bb-l2sjx,default,yolo,580.173.02,GPU-d59cb1c4-ad97-d91a-6731-e7b5f38951a6
2026-08-16 05:12:49.088026,49.0,13,1g.11gb,yolo-inference-755b67b9bb-vgskt,default,yolo,580.173.02,GPU-d59cb1c4-ad97-d91a-6731-e7b5f38951a6
2026-08-16 05:12:49.088026,49.0,7,1g.11gb,,,,580.173.02,GPU-d59cb1c4-ad97-d91a-6731-e7b5f38951a6
2026-08-16 05:12:49.088026,49.0,8,1g.11gb,yolo-inference-755b67b9bb-ttrzf,default,yolo,580.173.02,GPU-d59cb1c4-ad97-d91a-6731-e7b5f38951a6
2026-08-16 05:12:49.088026,49.0,9,1g.11gb,yolo-inference-755b67b9bb-pwhtx,default,yolo,580.173.02,GPU-d59cb1c4-ad97-d91a-6731-e7b5f38951a6
2026-08-16 05:12:54.088035,49.0,10,1g.11gb,yolo-inference-755b67b9bb-sf8hz,default,yolo,580.173.02,GPU-d59cb1c4-ad97-d91a-6731-e7b5f38951a6
2026-08-16 05:12:54.088035,49.0,11,1g.11gb,yolo-inference-755b67b9bb-mdq5n,default,yolo,580.173.02,GPU-d59cb1c4-ad97-d91a-6731-e7b5f38951a6
2026-08-16 05:12:54.088035,49.0,12,1g.11gb,yolo-inference-755b67b9bb-l2sjx,default,yolo,580.173.02,GPU-d59cb1c4-ad97-d91a-6731-e7b5f38951a6
2026-08-16 05:12:54.088035,49.0,13,1g.11gb,yolo-inference-755b67b9bb-vgskt,default,yolo,580.173.02,GPU-d59cb1c4-ad97-d91a-6731-e7b5f38951a6
2026-08-16 05:12:54.088035,49.0,7,1g.11gb,,,,580.173.02,GPU-d59cb1c4-ad97-d91a-6731-e7b5f38951a6
2026-08-16 05:12:54.088035,49.0,8,1g.11gb,yolo-inference-755b67b9bb-ttrzf,default,yolo,580.173.02,GPU-d59cb1c4-ad97-d91a-6731-e7b5f38951a6
2026-08-16 05:12:54.088035,49.0,9,1g.11gb,yolo-inference-755b67b9bb-pwhtx,default,yolo,580.173.02,GPU-d59cb1c4-ad97-d91a-6731-e7b5f38951a6
2026-08-16 05:12:59.084164,49.0,10,1g.11gb,yolo-inference-755b67b9bb-sf8hz,default,yolo,580.173.02,GPU-d59cb1c4-ad97-d91a-6731-e7b5f38951a6
2026-08-16 05:12:59.084164,49.0,11,1g.11gb,yolo-inference-755b67b9bb-mdq5n,default,yolo,580.173.02,GPU-d59cb1c4-ad97-d91a-6731-e7b5f38951a6
2026-08-16 05:12:59.084164,49.0,12,1g.11gb,yolo-inference-755b67b9bb-l2sjx,default,yolo,580.173.02,GPU-d59cb1c4-ad97-d91a-6731-e7b5f38951a6
2026-08-16 05:12:59.084164,49.0,13,1g.11gb,yolo-inference-755b67b9bb-vgskt,default,yolo,580.173.02,GPU-d59cb1c4-ad97-d91a-6731-e7b5f38951a6
2026-08-16 05:12:59.084164,49.0,7,1g.11gb,,,,580.173.02,GPU-d59cb1c4-ad97-d91a-6731-e7b5f38951a6
2026-08-16 05:12:59.084164,49.0,8,1g.11gb,yolo-inference-755b67b9bb-ttrzf,default,yolo,580.173.02,GPU-d59cb1c4-ad97-d91a-6731-e7b5f38951a6
2026-08-16 05:12:59.084164,49.0,9,1g.11gb,yolo-inference-755b67b9bb-pwhtx,default,yolo,580.173.02,GPU-d59cb1c4-ad97-d91a-6731-e7b5f38951a6
2026-08-16 05:13:04.085184,49.0,10,1g.11gb,yolo-inference-755b67b9bb-sf8hz,default,yolo,580.173.02,GPU-d59cb1c4-ad97-d91a-6731-e7b5f38951a6
2026-08-16 05:13:04.085184,49.0,11,1g.11gb,yolo-inference-755b67b9bb-mdq5n,default,yolo,580.173.02,GPU-d59cb1c4-ad97-d91a-6731-e7b5f38951a6
2026-08-16 05:13:04.085184,49.0,12,1g.11gb,yolo-inference-755b67b9bb-l2sjx,default,yolo,580.173.02,GPU-d59cb1c4-ad97-d91a-6731-e7b5f38951a6
2026-08-16 05:13:04.085184,49.0,13,1g.11gb,yolo-inference-755b67b9bb-vgskt,default,yolo,580.173.02,GPU-d59cb1c4-ad97-d91a-6731-e7b5f38951a6
2026-08-16 05:13:04.085184,49.0,7,1g.11gb,,,,580.173.02,GPU-d59cb1c4-ad97-d91a-6731-e7b5f38951a6
2026-08-16 05:13:04.085184,49.0,8,1g.11gb,yolo-inference-755b67b9bb-ttrzf,default,yolo,580.173.02,GPU-d59cb1c4-ad97-d91a-6731-e7b5f38951a6
2026-08-16 05:13:04.085184,49.0,9,1g.11gb,yolo-inference-755b67b9bb-pwhtx,default,yolo,580.173.02,GPU-d59cb1c4-ad97-d91a-6731-e7b5f38951a6
2026-08-16 05:13:09.087142,49.0,10,1g.11gb,yolo-inference-755b67b9bb-sf8hz,default,yolo,580.173.02,GPU-d59cb1c4-ad97-d91a-6731-e7b5f38951a6
2026-08-16 05:13:09.087142,49.0,11,1g.11gb,yolo-inference-755b67b9bb-mdq5n,default,yolo,580.173.02,GPU-d59cb1c4-ad97-d91a-6731-e7b5f38951a6
2026-08-16 05:13:09.087142,49.0,12,1g.11gb,yolo-inference-755b67b9bb-l2sjx,default,yolo,580.173.02,GPU-d59cb1c4-ad97-d91a-6731-e7b5f38951a6
2026-08-16 05:13:09.087142,49.0,13,1g.11gb,yolo-inference-755b67b9bb-vgskt,default,yolo,580.173.02,GPU-d59cb1c4-ad97-d91a-6731-e7b5f38951a6
2026-08-16 05:13:09.087142,49.0,7,1g.11gb,,,,580.173.02,GPU-d59cb1c4-ad97-d91a-6731-e7b5f38951a6
2026-08-16 05:13:09.087142,49.0,8,1g.11gb,yolo-inference-755b67b9bb-ttrzf,default,yolo,580.173.02,GPU-d59cb1c4-ad97-d91a-6731-e7b5f38951a6
2026-08-16 05:13:09.087142,49.0,9,1g.11gb,yolo-inference-755b67b9bb-pwhtx,default,yolo,580.173.02,GPU-d59cb1c4-ad97-d91a-6731-e7b5f38951a6
2026-08-16 05:13:14.088032,49.0,10,1g.11gb,yolo-inference-755b67b9bb-sf8hz,default,yolo,580.173.02,GPU-d59cb1c4-ad97-d91a-6731-e7b5f38951a6
2026-08-16 05:13:14.088032,49.0,11,1g.11gb,yolo-inference-755b67b9bb-mdq5n,default,yolo,580.173.02,GPU-d59cb1c4-ad97-d91a-6731-e7b5f38951a6
2026-08-16 05:13:14.088032,49.0,12,1g.11gb,yolo-inference-755b67b9bb-l2sjx,default,yolo,580.173.02,GPU-d59cb1c4-ad97-d91a-6731-e7b5f38951a6
2026-08-16 05:13:14.088032,49.0,13,1g.11gb,yolo-inference-755b67b9bb-vgskt,default,yolo,580.173.02,GPU-d59cb1c4-ad97-d91a-6731-e7b5f38951a6
2026-08-16 05:13:14.088032,49.0,7,1g.11gb,,,,580.173.02,GPU-d59cb1c4-ad97-d91a-6731-e7b5f38951a6
2026-08-16 05:13:14.088032,49.0,8,1g.11gb,yolo-inference-755b67b9bb-ttrzf,default,yolo,580.173.02,GPU-d59cb1c4-ad97-d91a-6731-e7b5f38951a6
2026-08-16 05:13:14.088032,49.0,9,1g.11gb,yolo-inference-755b67b9bb-pwhtx,default,yolo,580.173.02,GPU-d59cb1c4-ad97-d91a-6731-e7b5f38951a6
2026-08-16 05:13:19.088040,49.0,10,1g.11gb,yolo-inference-755b67b9bb-sf8hz,default,yolo,580.173.02,GPU-d59cb1c4-ad97-d91a-6731-e7b5f38951a6
2026-08-16 05:13:19.088040,49.0,11,1g.11gb,yolo-inference-755b67b9bb-mdq5n,default,yolo,580.173.02,GPU-d59cb1c4-ad97-d91a-6731-e7b5f38951a6
2026-08-16 05:13:19.088040,49.0,12,1g.11gb,yolo-inference-755b67b9bb-l2sjx,default,yolo,580.173.02,GPU-d59cb1c4-ad97-d91a-6731-e7b5f38951a6
2026-08-16 05:13:19.088040,49.0,13,1g.11gb,yolo-inference-755b67b9bb-vgskt,default,yolo,580.173.02,GPU-d59cb1c4-ad97-d91a-6731-e7b5f38951a6
2026-08-16 05:13:19.088040,49.0,7,1g.11gb,,,,580.173.02,GPU-d59cb1c4-ad97-d91a-6731-e7b5f38951a6
2026-08-16 05:13:19.088040,49.0,8,1g.11gb,yolo-inference-755b67b9bb-ttrzf,default,yolo,580.173.02,GPU-d59cb1c4-ad97-d91a-6731-e7b5f38951a6
2026-08-16 05:13:19.088040,49.0,9,1g.11gb,yolo-inference-755b67b9bb-pwhtx,default,yolo,580.173.02,GPU-d59cb1c4-ad97-d91a-6731-e7b5f38951a6
2026-08-16 05:13:24.088019,49.0,10,1g.11gb,yolo-inference-755b67b9bb-sf8hz,default,yolo,580.173.02,GPU-d59cb1c4-ad97-d91a-6731-e7b5f38951a6
2026-08-16 05:13:24.088019,49.0,11,1g.11gb,yolo-inference-755b67b9bb-mdq5n,default,yolo,580.173.02,GPU-d59cb1c4-ad97-d91a-6731-e7b5f38951a6
2026-08-16 05:13:24.088019,49.0,12,1g.11gb,yolo-inference-755b67b9bb-l2sjx,default,yolo,580.173.02,GPU-d59cb1c4-ad97-d91a-6731-e7b5f38951a6
2026-08-16 05:13:24.088019,49.0,13,1g.11gb,yolo-inference-755b67b9bb-vgskt,default,yolo,580.173.02,GPU-d59cb1c4-ad97-d91a-6731-e7b5f38951a6
2026-08-16 05:13:24.088019,49.0,7,1g.11gb,,,,580.173.02,GPU-d59cb1c4-ad97-d91a-6731-e7b5f38951a6
2026-08-16 05:13:24.088019,49.0,8,1g.11gb,yolo-inference-755b67b9bb-ttrzf,default,yolo,580.173.02,GPU-d59cb1c4-ad97-d91a-6731-e7b5f38951a6
2026-08-16 05:13:24.088019,49.0,9,1g.11gb,yolo-inference-755b67b9bb-pwhtx,default,yolo,580.173.02,GPU-d59cb1c4-ad97-d91a-6731-e7b5f38951a6
2026-08-16 05:13:29.087986,49.0,10,1g.11gb,yolo-inference-755b67b9bb-sf8hz,default,yolo,580.173.02,GPU-d59cb1c4-ad97-d91a-6731-e7b5f38951a6
2026-08-16 05:13:29.087986,49.0,11,1g.11gb,yolo-inference-755b67b9bb-mdq5n,default,yolo,580.173.02,GPU-d59cb1c4-ad97-d91a-6731-e7b5f38951a6
2026-08-16 05:13:29.087986,49.0,12,1g.11gb,yolo-inference-755b67b9bb-l2sjx,default,yolo,580.173.02,GPU-d59cb1c4-ad97-d91a-6731-e7b5f38951a6
2026-08-16 05:13:29.087986,49.0,13,1g.11gb,yolo-inference-755b67b9bb-vgskt,default,yolo,580.173.02,GPU-d59cb1c4-ad97-d91a-6731-e7b5f38951a6
2026-08-16 05:13:29.087986,49.0,7,1g.11gb,,,,580.173.02,GPU-d59cb1c4-ad97-d91a-6731-e7b5f38951a6
2026-08-16 05:13:29.087986,49.0,8,1g.11gb,yolo-inference-755b67b9bb-ttrzf,default,yolo,580.173.02,GPU-d59cb1c4-ad97-d91a-6731-e7b5f38951a6
2026-08-16 05:13:29.087986,49.0,9,1g.11gb,yolo-inference-755b67b9bb-pwhtx,default,yolo,580.173.02,GPU-d59cb1c4-ad97-d91a-6731-e7b5f38951a6
2026-08-16 05:13:34.083799,49.0,10,1g.11gb,yolo-inference-755b67b9bb-sf8hz,default,yolo,580.173.02,GPU-d59cb1c4-ad97-d91a-6731-e7b5f38951a6
2026-08-16 05:13:34.083799,49.0,11,1g.11gb,yolo-inference-755b67b9bb-mdq5n,default,yolo,580.173.02,GPU-d59cb1c4-ad97-d91a-6731-e7b5f38951a6
2026-08-16 05:13:34.083799,49.0,12,1g.11gb,yolo-inference-755b67b9bb-l2sjx,default,yolo,580.173.02,GPU-d59cb1c4-ad97-d91a-6731-e7b5f38951a6
2026-08-16 05:13:34.083799,49.0,13,1g.11gb,yolo-inference-755b67b9bb-vgskt,default,yolo,580.173.02,GPU-d59cb1c4-ad97-d91a-6731-e7b5f38951a6
2026-08-16 05:13:34.083799,49.0,7,1g.11gb,,,,580.173.02,GPU-d59cb1c4-ad97-d91a-6731-e7b5f38951a6
2026-08-16 05:13:34.083799,49.0,8,1g.11gb,yolo-inference-755b67b9bb-ttrzf,default,yolo,580.173.02,GPU-d59cb1c4-ad97-d91a-6731-e7b5f38951a6
2026-08-16 05:13:34.083799,49.0,9,1g.11gb,yolo-inference-755b67b9bb-pwhtx,default,yolo,580.173.02,GPU-d59cb1c4-ad97-d91a-6731-e7b5f38951a6
2026-08-16 05:13:39.084027,49.0,10,1g.11gb,yolo-inference-755b67b9bb-sf8hz,default,yolo,580.173.02,GPU-d59cb1c4-ad97-d91a-6731-e7b5f38951a6
2026-08-16 05:13:39.084027,49.0,11,1g.11gb,yolo-inference-755b67b9bb-mdq5n,default,yolo,580.173.02,GPU-d59cb1c4-ad97-d91a-6731-e7b5f38951a6
2026-08-16 05:13:39.084027,49.0,12,1g.11gb,yolo-inference-755b67b9bb-l2sjx,default,yolo,580.173.02,GPU-d59cb1c4-ad97-d91a-6731-e7b5f38951a6
2026-08-16 05:13:39.084027,49.0,13,1g.11gb,yolo-inference-755b67b9bb-vgskt,default,yolo,580.173.02,GPU-d59cb1c4-ad97-d91a-6731-e7b5f38951a6
2026-08-16 05:13:39.084027,49.0,7,1g.11gb,,,,580.173.02,GPU-d59cb1c4-ad97-d91a-6731-e7b5f38951a6
2026-08-16 05:13:39.084027,49.0,8,1g.11gb,yolo-inference-755b67b9bb-ttrzf,default,yolo,580.173.02,GPU-d59cb1c4-ad97-d91a-6731-e7b5f38951a6
2026-08-16 05:13:39.084027,49.0,9,1g.11gb,yolo-inference-755b67b9bb-pwhtx,default,yolo,580.173.02,GPU-d59cb1c4-ad97-d91a-6731-e7b5f38951a6
2026-08-16 05:13:44.087991,49.0,10,1g.11gb,yolo-inference-755b67b9bb-sf8hz,default,yolo,580.173.02,GPU-d59cb1c4-ad97-d91a-6731-e7b5f38951a6
2026-08-16 05:13:44.087991,49.0,11,1g.11gb,yolo-inference-755b67b9bb-mdq5n,default,yolo,580.173.02,GPU-d59cb1c4-ad97-d91a-6731-e7b5f38951a6
2026-08-16 05:13:44.087991,49.0,12,1g.11gb,yolo-inference-755b67b9bb-l2sjx,default,yolo,580.173.02,GPU-d59cb1c4-ad97-d91a-6731-e7b5f38951a6
2026-08-16 05:13:44.087991,49.0,13,1g.11gb,yolo-inference-755b67b9bb-vgskt,default,yolo,580.173.02,GPU-d59cb1c4-ad97-d91a-6731-e7b5f38951a6
2026-08-16 05:13:44.087991,49.0,7,1g.11gb,,,,580.173.02,GPU-d59cb1c4-ad97-d91a-6731-e7b5f38951a6
2026-08-16 05:13:44.087991,49.0,8,1g.11gb,yolo-inference-755b67b9bb-ttrzf,default,yolo,580.173.02,GPU-d59cb1c4-ad97-d91a-6731-e7b5f38951a6
2026-08-16 05:13:44.087991,49.0,9,1g.11gb,yolo-inference-755b67b9bb-pwhtx,default,yolo,580.173.02,GPU-d59cb1c4-ad97-d91a-6731-e7b5f38951a6
2026-08-16 05:13:49.088053,49.0,10,1g.11gb,yolo-inference-755b67b9bb-sf8hz,default,yolo,580.173.02,GPU-d59cb1c4-ad97-d91a-6731-e7b5f38951a6
2026-08-16 05:13:49.088053,49.0,11,1g.11gb,yolo-inference-755b67b9bb-mdq5n,default,yolo,580.173.02,GPU-d59cb1c4-ad97-d91a-6731-e7b5f38951a6
2026-08-16 05:13:49.088053,49.0,12,1g.11gb,yolo-inference-755b67b9bb-l2sjx,default,yolo,580.173.02,GPU-d59cb1c4-ad97-d91a-6731-e7b5f38951a6
2026-08-16 05:13:49.088053,49.0,13,1g.11gb,yolo-inference-755b67b9bb-vgskt,default,yolo,580.173.02,GPU-d59cb1c4-ad97-d91a-6731-e7b5f38951a6
2026-08-16 05:13:49.088053,49.0,7,1g.11gb,,,,580.173.02,GPU-d59cb1c4-ad97-d91a-6731-e7b5f38951a6
2026-08-16 05:13:49.088053,49.0,8,1g.11gb,yolo-inference-755b67b9bb-ttrzf,default,yolo,580.173.02,GPU-d59cb1c4-ad97-d91a-6731-e7b5f38951a6
2026-08-16 05:13:49.088053,49.0,9,1g.11gb,yolo-inference-755b67b9bb-pwhtx,default,yolo,580.173.02,GPU-d59cb1c4-ad97-d91a-6731-e7b5f38951a6
2026-08-16 05:13:54.087123,49.0,10,1g.11gb,yolo-inference-755b67b9bb-sf8hz,default,yolo,580.173.02,GPU-d59cb1c4-ad97-d91a-6731-e7b5f38951a6
2026-08-16 05:13:54.087123,49.0,11,1g.11gb,yolo-inference-755b67b9bb-mdq5n,default,yolo,580.173.02,GPU-d59cb1c4-ad97-d91a-6731-e7b5f38951a6
2026-08-16 05:13:54.087123,49.0,12,1g.11gb,yolo-inference-755b67b9bb-l2sjx,default,yolo,580.173.02,GPU-d59cb1c4-ad97-d91a-6731-e7b5f38951a6
2026-08-16 05:13:54.087123,49.0,13,1g.11gb,yolo-inference-755b67b9bb-vgskt,default,yolo,580.173.02,GPU-d59cb1c4-ad97-d91a-6731-e7b5f38951a6
2026-08-16 05:13:54.087123,49.0,7,1g.11gb,,,,580.173.02,GPU-d59cb1c4-ad97-d91a-6731-e7b5f38951a6
2026-08-16 05:13:54.087123,49.0,8,1g.11gb,yolo-inference-755b67b9bb-ttrzf,default,yolo,580.173.02,GPU-d59cb1c4-ad97-d91a-6731-e7b5f38951a6
2026-08-16 05:13:54.087123,49.0,9,1g.11gb,yolo-inference-755b67b9bb-pwhtx,default,yolo,580.173.02,GPU-d59cb1c4-ad97-d91a-6731-e7b5f38951a6
2026-08-16 05:13:59.084814,49.0,10,1g.11gb,yolo-inference-755b67b9bb-sf8hz,default,yolo,580.173.02,GPU-d59cb1c4-ad97-d91a-6731-e7b5f38951a6
2026-08-16 05:13:59.084814,49.0,11,1g.11gb,yolo-inference-755b67b9bb-mdq5n,default,yolo,580.173.02,GPU-d59cb1c4-ad97-d91a-6731-e7b5f38951a6
2026-08-16 05:13:59.084814,49.0,12,1g.11gb,yolo-inference-755b67b9bb-l2sjx,default,yolo,580.173.02,GPU-d59cb1c4-ad97-d91a-6731-e7b5f38951a6
2026-08-16 05:13:59.084814,49.0,13,1g.11gb,yolo-inference-755b67b9bb-vgskt,default,yolo,580.173.02,GPU-d59cb1c4-ad97-d91a-6731-e7b5f38951a6
2026-08-16 05:13:59.084814,49.0,7,1g.11gb,,,,580.173.02,GPU-d59cb1c4-ad97-d91a-6731-e7b5f38951a6
2026-08-16 05:13:59.084814,49.0,8,1g.11gb,yolo-inference-755b67b9bb-ttrzf,default,yolo,580.173.02,GPU-d59cb1c4-ad97-d91a-6731-e7b5f38951a6
2026-08-16 05:13:59.084814,49.0,9,1g.11gb,yolo-inference-755b67b9bb-pwhtx,default,yolo,580.173.02,GPU-d59cb1c4-ad97-d91a-6731-e7b5f38951a6
2026-08-16 05:14:04.086371,49.0,10,1g.11gb,yolo-inference-755b67b9bb-sf8hz,default,yolo,580.173.02,GPU-d59cb1c4-ad97-d91a-6731-e7b5f38951a6
2026-08-16 05:14:04.086371,49.0,11,1g.11gb,yolo-inference-755b67b9bb-mdq5n,default,yolo,580.173.02,GPU-d59cb1c4-ad97-d91a-6731-e7b5f38951a6
2026-08-16 05:14:04.086371,49.0,12,1g.11gb,yolo-inference-755b67b9bb-l2sjx,default,yolo,580.173.02,GPU-d59cb1c4-ad97-d91a-6731-e7b5f38951a6
2026-08-16 05:14:04.086371,49.0,13,1g.11gb,yolo-inference-755b67b9bb-vgskt,default,yolo,580.173.02,GPU-d59cb1c4-ad97-d91a-6731-e7b5f38951a6
2026-08-16 05:14:04.086371,49.0,7,1g.11gb,,,,580.173.02,GPU-d59cb1c4-ad97-d91a-6731-e7b5f38951a6
2026-08-16 05:14:04.086371,49.0,8,1g.11gb,yolo-inference-755b67b9bb-ttrzf,default,yolo,580.173.02,GPU-d59cb1c4-ad97-d91a-6731-e7b5f38951a6
2026-08-16 05:14:04.086371,49.0,9,1g.11gb,yolo-inference-755b67b9bb-pwhtx,default,yolo,580.173.02,GPU-d59cb1c4-ad97-d91a-6731-e7b5f38951a6
2026-08-16 05:14:09.083142,49.0,10,1g.11gb,yolo-inference-755b67b9bb-sf8hz,default,yolo,580.173.02,GPU-d59cb1c4-ad97-d91a-6731-e7b5f38951a6
2026-08-16 05:14:09.083142,49.0,11,1g.11gb,yolo-inference-755b67b9bb-mdq5n,default,yolo,580.173.02,GPU-d59cb1c4-ad97-d91a-6731-e7b5f38951a6
2026-08-16 05:14:09.083142,49.0,12,1g.11gb,yolo-inference-755b67b9bb-l2sjx,default,yolo,580.173.02,GPU-d59cb1c4-ad97-d91a-6731-e7b5f38951a6
2026-08-16 05:14:09.083142,49.0,13,1g.11gb,yolo-inference-755b67b9bb-vgskt,default,yolo,580.173.02,GPU-d59cb1c4-ad97-d91a-6731-e7b5f38951a6
2026-08-16 05:14:09.083142,49.0,7,1g.11gb,,,,580.173.02,GPU-d59cb1c4-ad97-d91a-6731-e7b5f38951a6
2026-08-16 05:14:09.083142,49.0,8,1g.11gb,yolo-inference-755b67b9bb-ttrzf,default,yolo,580.173.02,GPU-d59cb1c4-ad97-d91a-6731-e7b5f38951a6
2026-08-16 05:14:09.083142,49.0,9,1g.11gb,yolo-inference-755b67b9bb-pwhtx,default,yolo,580.173.02,GPU-d59cb1c4-ad97-d91a-6731-e7b5f38951a6
2026-08-16 05:14:14.088037,49.0,10,1g.11gb,yolo-inference-755b67b9bb-sf8hz,default,yolo,580.173.02,GPU-d59cb1c4-ad97-d91a-6731-e7b5f38951a6
2026-08-16 05:14:14.088037,49.0,11,1g.11gb,yolo-inference-755b67b9bb-mdq5n,default,yolo,580.173.02,GPU-d59cb1c4-ad97-d91a-6731-e7b5f38951a6
2026-08-16 05:14:14.088037,49.0,12,1g.11gb,yolo-inference-755b67b9bb-l2sjx,default,yolo,580.173.02,GPU-d59cb1c4-ad97-d91a-6731-e7b5f38951a6
2026-08-16 05:14:14.088037,49.0,13,1g.11gb,yolo-inference-755b67b9bb-vgskt,default,yolo,580.173.02,GPU-d59cb1c4-ad97-d91a-6731-e7b5f38951a6
2026-08-16 05:14:14.088037,49.0,7,1g.11gb,,,,580.173.02,GPU-d59cb1c4-ad97-d91a-6731-e7b5f38951a6
2026-08-16 05:14:14.088037,49.0,8,1g.11gb,yolo-inference-755b67b9bb-ttrzf,default,yolo,580.173.02,GPU-d59cb1c4-ad97-d91a-6731-e7b5f38951a6
2026-08-16 05:14:14.088037,49.0,9,1g.11gb,yolo-inference-755b67b9bb-pwhtx,default,yolo,580.173.02,GPU-d59cb1c4-ad97-d91a-6731-e7b5f38951a6
2026-08-16 05:14:19.088049,49.0,10,1g.11gb,yolo-inference-755b67b9bb-sf8hz,default,yolo,580.173.02,GPU-d59cb1c4-ad97-d91a-6731-e7b5f38951a6
2026-08-16 05:14:19.088049,49.0,11,1g.11gb,yolo-inference-755b67b9bb-mdq5n,default,yolo,580.173.02,GPU-d59cb1c4-ad97-d91a-6731-e7b5f38951a6
2026-08-16 05:14:19.088049,49.0,12,1g.11gb,yolo-inference-755b67b9bb-l2sjx,default,yolo,580.173.02,GPU-d59cb1c4-ad97-d91a-6731-e7b5f38951a6
2026-08-16 05:14:19.088049,49.0,13,1g.11gb,yolo-inference-755b67b9bb-vgskt,default,yolo,580.173.02,GPU-d59cb1c4-ad97-d91a-6731-e7b5f38951a6
2026-08-16 05:14:19.088049,49.0,7,1g.11gb,,,,580.173.02,GPU-d59cb1c4-ad97-d91a-6731-e7b5f38951a6
2026-08-16 05:14:19.088049,49.0,8,1g.11gb,yolo-inference-755b67b9bb-ttrzf,default,yolo,580.173.02,GPU-d59cb1c4-ad97-d91a-6731-e7b5f38951a6
2026-08-16 05:14:19.088049,49.0,9,1g.11gb,yolo-inference-755b67b9bb-pwhtx,default,yolo,580.173.02,GPU-d59cb1c4-ad97-d91a-6731-e7b5f38951a6
2026-08-16 05:14:24.088026,49.0,10,1g.11gb,yolo-inference-755b67b9bb-sf8hz,default,yolo,580.173.02,GPU-d59cb1c4-ad97-d91a-6731-e7b5f38951a6
2026-08-16 05:14:24.088026,49.0,11,1g.11gb,yolo-inference-755b67b9bb-mdq5n,default,yolo,580.173.02,GPU-d59cb1c4-ad97-d91a-6731-e7b5f38951a6
2026-08-16 05:14:24.088026,49.0,12,1g.11gb,yolo-inference-755b67b9bb-l2sjx,default,yolo,580.173.02,GPU-d59cb1c4-ad97-d91a-6731-e7b5f38951a6
2026-08-16 05:14:24.088026,49.0,13,1g.11gb,yolo-inference-755b67b9bb-vgskt,default,yolo,580.173.02,GPU-d59cb1c4-ad97-d91a-6731-e7b5f38951a6
2026-08-16 05:14:24.088026,49.0,7,1g.11gb,,,,580.173.02,GPU-d59cb1c4-ad97-d91a-6731-e7b5f38951a6
2026-08-16 05:14:24.088026,49.0,8,1g.11gb,yolo-inference-755b67b9bb-ttrzf,default,yolo,580.173.02,GPU-d59cb1c4-ad97-d91a-6731-e7b5f38951a6
2026-08-16 05:14:24.088026,49.0,9,1g.11gb,yolo-inference-755b67b9bb-pwhtx,default,yolo,580.173.02,GPU-d59cb1c4-ad97-d91a-6731-e7b5f38951a6
2026-08-16 05:14:29.088026,49.0,10,1g.11gb,yolo-inference-755b67b9bb-sf8hz,default,yolo,580.173.02,GPU-d59cb1c4-ad97-d91a-6731-e7b5f38951a6
2026-08-16 05:14:29.088026,49.0,11,1g.11gb,yolo-inference-755b67b9bb-mdq5n,default,yolo,580.173.02,GPU-d59cb1c4-ad97-d91a-6731-e7b5f38951a6
2026-08-16 05:14:29.088026,49.0,12,1g.11gb,yolo-inference-755b67b9bb-l2sjx,default,yolo,580.173.02,GPU-d59cb1c4-ad97-d91a-6731-e7b5f38951a6
2026-08-16 05:14:29.088026,49.0,13,1g.11gb,yolo-inference-755b67b9bb-vgskt,default,yolo,580.173.02,GPU-d59cb1c4-ad97-d91a-6731-e7b5f38951a6
2026-08-16 05:14:29.088026,49.0,7,1g.11gb,,,,580.173.02,GPU-d59cb1c4-ad97-d91a-6731-e7b5f38951a6
2026-08-16 05:14:29.088026,49.0,8,1g.11gb,yolo-inference-755b67b9bb-ttrzf,default,yolo,580.173.02,GPU-d59cb1c4-ad97-d91a-6731-e7b5f38951a6
2026-08-16 05:14:29.088026,49.0,9,1g.11gb,yolo-inference-755b67b9bb-pwhtx,default,yolo,580.173.02,GPU-d59cb1c4-ad97-d91a-6731-e7b5f38951a6
2026-08-16 05:14:34.088027,49.0,10,1g.11gb,yolo-inference-755b67b9bb-sf8hz,default,yolo,580.173.02,GPU-d59cb1c4-ad97-d91a-6731-e7b5f38951a6
2026-08-16 05:14:34.088027,49.0,11,1g.11gb,yolo-inference-755b67b9bb-mdq5n,default,yolo,580.173.02,GPU-d59cb1c4-ad97-d91a-6731-e7b5f38951a6
2026-08-16 05:14:34.088027,49.0,12,1g.11gb,yolo-inference-755b67b9bb-l2sjx,default,yolo,580.173.02,GPU-d59cb1c4-ad97-d91a-6731-e7b5f38951a6
2026-08-16 05:14:34.088027,49.0,13,1g.11gb,yolo-inference-755b67b9bb-vgskt,default,yolo,580.173.02,GPU-d59cb1c4-ad97-d91a-6731-e7b5f38951a6
2026-08-16 05:14:34.088027,49.0,7,1g.11gb,,,,580.173.02,GPU-d59cb1c4-ad97-d91a-6731-e7b5f38951a6
2026-08-16 05:14:34.088027,49.0,8,1g.11gb,yolo-inference-755b67b9bb-ttrzf,default,yolo,580.173.02,GPU-d59cb1c4-ad97-d91a-6731-e7b5f38951a6
2026-08-16 05:14:34.088027,49.0,9,1g.11gb,yolo-inference-755b67b9bb-pwhtx,default,yolo,580.173.02,GPU-d59cb1c4-ad97-d91a-6731-e7b5f38951a6
2026-08-16 05:14:39.084339,49.0,10,1g.11gb,yolo-inference-755b67b9bb-sf8hz,default,yolo,580.173.02,GPU-d59cb1c4-ad97-d91a-6731-e7b5f38951a6
2026-08-16 05:14:39.084339,49.0,11,1g.11gb,yolo-inference-755b67b9bb-mdq5n,default,yolo,580.173.02,GPU-d59cb1c4-ad97-d91a-6731-e7b5f38951a6
2026-08-16 05:14:39.084339,49.0,12,1g.11gb,yolo-inference-755b67b9bb-l2sjx,default,yolo,580.173.02,GPU-d59cb1c4-ad97-d91a-6731-e7b5f38951a6
2026-08-16 05:14:39.084339,49.0,13,1g.11gb,yolo-inference-755b67b9bb-vgskt,default,yolo,580.173.02,GPU-d59cb1c4-ad97-d91a-6731-e7b5f38951a6
2026-08-16 05:14:39.084339,49.0,7,1g.11gb,,,,580.173.02,GPU-d59cb1c4-ad97-d91a-6731-e7b5f38951a6
2026-08-16 05:14:39.084339,49.0,8,1g.11gb,yolo-inference-755b67b9bb-ttrzf,default,yolo,580.173.02,GPU-d59cb1c4-ad97-d91a-6731-e7b5f38951a6
2026-08-16 05:14:39.084339,49.0,9,1g.11gb,yolo-inference-755b67b9bb-pwhtx,default,yolo,580.173.02,GPU-d59cb1c4-ad97-d91a-6731-e7b5f38951a6
2026-08-16 05:14:44.085731,49.0,10,1g.11gb,yolo-inference-755b67b9bb-sf8hz,default,yolo,580.173.02,GPU-d59cb1c4-ad97-d91a-6731-e7b5f38951a6
2026-08-16 05:14:44.085731,49.0,11,1g.11gb,yolo-inference-755b67b9bb-mdq5n,default,yolo,580.173.02,GPU-d59cb1c4-ad97-d91a-6731-e7b5f38951a6
2026-08-16 05:14:44.085731,49.0,12,1g.11gb,yolo-inference-755b67b9bb-l2sjx,default,yolo,580.173.02,GPU-d59cb1c4-ad97-d91a-6731-e7b5f38951a6
2026-08-16 05:14:44.085731,49.0,13,1g.11gb,yolo-inference-755b67b9bb-vgskt,default,yolo,580.173.02,GPU-d59cb1c4-ad97-d91a-6731-e7b5f38951a6
2026-08-16 05:14:44.085731,49.0,7,1g.11gb,,,,580.173.02,GPU-d59cb1c4-ad97-d91a-6731-e7b5f38951a6
2026-08-16 05:14:44.085731,49.0,8,1g.11gb,yolo-inference-755b67b9bb-ttrzf,default,yolo,580.173.02,GPU-d59cb1c4-ad97-d91a-6731-e7b5f38951a6
2026-08-16 05:14:44.085731,49.0,9,1g.11gb,yolo-inference-755b67b9bb-pwhtx,default,yolo,580.173.02,GPU-d59cb1c4-ad97-d91a-6731-e7b5f38951a6
2026-08-16 05:14:49.088033,49.0,10,1g.11gb,yolo-inference-755b67b9bb-sf8hz,default,yolo,580.173.02,GPU-d59cb1c4-ad97-d91a-6731-e7b5f38951a6
2026-08-16 05:14:49.088033,49.0,11,1g.11gb,yolo-inference-755b67b9bb-mdq5n,default,yolo,580.173.02,GPU-d59cb1c4-ad97-d91a-6731-e7b5f38951a6
2026-08-16 05:14:49.088033,49.0,12,1g.11gb,yolo-inference-755b67b9bb-l2sjx,default,yolo,580.173.02,GPU-d59cb1c4-ad97-d91a-6731-e7b5f38951a6
2026-08-16 05:14:49.088033,49.0,13,1g.11gb,yolo-inference-755b67b9bb-vgskt,default,yolo,580.173.02,GPU-d59cb1c4-ad97-d91a-6731-e7b5f38951a6
2026-08-16 05:14:49.088033,49.0,7,1g.11gb,,,,580.173.02,GPU-d59cb1c4-ad97-d91a-6731-e7b5f38951a6
2026-08-16 05:14:49.088033,49.0,8,1g.11gb,yolo-inference-755b67b9bb-ttrzf,default,yolo,580.173.02,GPU-d59cb1c4-ad97-d91a-6731-e7b5f38951a6
2026-08-16 05:14:49.088033,49.0,9,1g.11gb,yolo-inference-755b67b9bb-pwhtx,default,yolo,580.173.02,GPU-d59cb1c4-ad97-d91a-6731-e7b5f38951a6
2026-08-16 05:14:54.088031,49.0,10,1g.11gb,yolo-inference-755b67b9bb-sf8hz,default,yolo,580.173.02,GPU-d59cb1c4-ad97-d91a-6731-e7b5f38951a6
2026-08-16 05:14:54.088031,49.0,11,1g.11gb,yolo-inference-755b67b9bb-mdq5n,default,yolo,580.173.02,GPU-d59cb1c4-ad97-d91a-6731-e7b5f38951a6
2026-08-16 05:14:54.088031,49.0,12,1g.11gb,yolo-inference-755b67b9bb-l2sjx,default,yolo,580.173.02,GPU-d59cb1c4-ad97-d91a-6731-e7b5f38951a6
2026-08-16 05:14:54.088031,49.0,13,1g.11gb,yolo-inference-755b67b9bb-vgskt,default,yolo,580.173.02,GPU-d59cb1c4-ad97-d91a-6731-e7b5f38951a6
2026-08-16 05:14:54.088031,49.0,7,1g.11gb,,,,580.173.02,GPU-d59cb1c4-ad97-d91a-6731-e7b5f38951a6
2026-08-16 05:14:54.088031,49.0,8,1g.11gb,yolo-inference-755b67b9bb-ttrzf,default,yolo,580.173.02,GPU-d59cb1c4-ad97-d91a-6731-e7b5f38951a6
2026-08-16 05:14:54.088031,49.0,9,1g.11gb,yolo-inference-755b67b9bb-pwhtx,default,yolo,580.173.02,GPU-d59cb1c4-ad97-d91a-6731-e7b5f38951a6
2026-08-16 05:14:59.083733,49.0,10,1g.11gb,yolo-inference-755b67b9bb-sf8hz,default,yolo,580.173.02,GPU-d59cb1c4-ad97-d91a-6731-e7b5f38951a6
2026-08-16 05:14:59.083733,49.0,11,1g.11gb,yolo-inference-755b67b9bb-mdq5n,default,yolo,580.173.02,GPU-d59cb1c4-ad97-d91a-6731-e7b5f38951a6
2026-08-16 05:14:59.083733,49.0,12,1g.11gb,yolo-inference-755b67b9bb-l2sjx,default,yolo,580.173.02,GPU-d59cb1c4-ad97-d91a-6731-e7b5f38951a6
2026-08-16 05:14:59.083733,49.0,13,1g.11gb,yolo-inference-755b67b9bb-vgskt,default,yolo,580.173.02,GPU-d59cb1c4-ad97-d91a-6731-e7b5f38951a6
2026-08-16 05:14:59.083733,49.0,7,1g.11gb,,,,580.173.02,GPU-d59cb1c4-ad97-d91a-6731-e7b5f38951a6
2026-08-16 05:14:59.083733,49.0,8,1g.11gb,yolo-inference-755b67b9bb-ttrzf,default,yolo,580.173.02,GPU-d59cb1c4-ad97-d91a-6731-e7b5f38951a6
2026-08-16 05:14:59.083733,49.0,9,1g.11gb,yolo-inference-755b67b9bb-pwhtx,default,yolo,580.173.02,GPU-d59cb1c4-ad97-d91a-6731-e7b5f38951a6
2026-08-16 05:15:04.088030,49.0,10,1g.11gb,yolo-inference-755b67b9bb-sf8hz,default,yolo,580.173.02,GPU-d59cb1c4-ad97-d91a-6731-e7b5f38951a6
2026-08-16 05:15:04.088030,49.0,11,1g.11gb,yolo-inference-755b67b9bb-mdq5n,default,yolo,580.173.02,GPU-d59cb1c4-ad97-d91a-6731-e7b5f38951a6
2026-08-16 05:15:04.088030,49.0,12,1g.11gb,yolo-inference-755b67b9bb-l2sjx,default,yolo,580.173.02,GPU-d59cb1c4-ad97-d91a-6731-e7b5f38951a6
2026-08-16 05:15:04.088030,49.0,13,1g.11gb,yolo-inference-755b67b9bb-vgskt,default,yolo,580.173.02,GPU-d59cb1c4-ad97-d91a-6731-e7b5f38951a6
2026-08-16 05:15:04.088030,49.0,7,1g.11gb,,,,580.173.02,GPU-d59cb1c4-ad97-d91a-6731-e7b5f38951a6
2026-08-16 05:15:04.088030,49.0,8,1g.11gb,yolo-inference-755b67b9bb-ttrzf,default,yolo,580.173.02,GPU-d59cb1c4-ad97-d91a-6731-e7b5f38951a6
2026-08-16 05:15:04.088030,49.0,9,1g.11gb,yolo-inference-755b67b9bb-pwhtx,default,yolo,580.173.02,GPU-d59cb1c4-ad97-d91a-6731-e7b5f38951a6
2026-08-16 05:15:09.084227,49.0,10,1g.11gb,yolo-inference-755b67b9bb-sf8hz,default,yolo,580.173.02,GPU-d59cb1c4-ad97-d91a-6731-e7b5f38951a6
2026-08-16 05:15:09.084227,49.0,11,1g.11gb,yolo-inference-755b67b9bb-mdq5n,default,yolo,580.173.02,GPU-d59cb1c4-ad97-d91a-6731-e7b5f38951a6
2026-08-16 05:15:09.084227,49.0,12,1g.11gb,yolo-inference-755b67b9bb-l2sjx,default,yolo,580.173.02,GPU-d59cb1c4-ad97-d91a-6731-e7b5f38951a6
2026-08-16 05:15:09.084227,49.0,13,1g.11gb,yolo-inference-755b67b9bb-vgskt,default,yolo,580.173.02,GPU-d59cb1c4-ad97-d91a-6731-e7b5f38951a6
2026-08-16 05:15:09.084227,49.0,7,1g.11gb,,,,580.173.02,GPU-d59cb1c4-ad97-d91a-6731-e7b5f38951a6
2026-08-16 05:15:09.084227,49.0,8,1g.11gb,yolo-inference-755b67b9bb-ttrzf,default,yolo,580.173.02,GPU-d59cb1c4-ad97-d91a-6731-e7b5f38951a6
2026-08-16 05:15:09.084227,49.0,9,1g.11gb,yolo-inference-755b67b9bb-pwhtx,default,yolo,580.173.02,GPU-d59cb1c4-ad97-d91a-6731-e7b5f38951a6
2026-08-16 05:15:14.088074,49.0,10,1g.11gb,yolo-inference-755b67b9bb-sf8hz,default,yolo,580.173.02,GPU-d59cb1c4-ad97-d91a-6731-e7b5f38951a6
2026-08-16 05:15:14.088074,49.0,11,1g.11gb,yolo-inference-755b67b9bb-mdq5n,default,yolo,580.173.02,GPU-d59cb1c4-ad97-d91a-6731-e7b5f38951a6
2026-08-16 05:15:14.088074,49.0,12,1g.11gb,yolo-inference-755b67b9bb-l2sjx,default,yolo,580.173.02,GPU-d59cb1c4-ad97-d91a-6731-e7b5f38951a6
2026-08-16 05:15:14.088074,49.0,13,1g.11gb,yolo-inference-755b67b9bb-vgskt,default,yolo,580.173.02,GPU-d59cb1c4-ad97-d91a-6731-e7b5f38951a6
2026-08-16 05:15:14.088074,49.0,7,1g.11gb,,,,580.173.02,GPU-d59cb1c4-ad97-d91a-6731-e7b5f38951a6
2026-08-16 05:15:14.088074,49.0,8,1g.11gb,yolo-inference-755b67b9bb-ttrzf,default,yolo,580.173.02,GPU-d59cb1c4-ad97-d91a-6731-e7b5f38951a6
2026-08-16 05:15:14.088074,49.0,9,1g.11gb,yolo-inference-755b67b9bb-pwhtx,default,yolo,580.173.02,GPU-d59cb1c4-ad97-d91a-6731-e7b5f38951a6
2026-08-16 05:15:19.084061,49.0,10,1g.11gb,yolo-inference-755b67b9bb-sf8hz,default,yolo,580.173.02,GPU-d59cb1c4-ad97-d91a-6731-e7b5f38951a6
2026-08-16 05:15:19.084061,49.0,11,1g.11gb,yolo-inference-755b67b9bb-mdq5n,default,yolo,580.173.02,GPU-d59cb1c4-ad97-d91a-6731-e7b5f38951a6
2026-08-16 05:15:19.084061,49.0,12,1g.11gb,yolo-inference-755b67b9bb-l2sjx,default,yolo,580.173.02,GPU-d59cb1c4-ad97-d91a-6731-e7b5f38951a6
2026-08-16 05:15:19.084061,49.0,13,1g.11gb,yolo-inference-755b67b9bb-vgskt,default,yolo,580.173.02,GPU-d59cb1c4-ad97-d91a-6731-e7b5f38951a6
2026-08-16 05:15:19.084061,49.0,7,1g.11gb,,,,580.173.02,GPU-d59cb1c4-ad97-d91a-6731-e7b5f38951a6
2026-08-16 05:15:19.084061,49.0,8,1g.11gb,yolo-inference-755b67b9bb-ttrzf,default,yolo,580.173.02,GPU-d59cb1c4-ad97-d91a-6731-e7b5f38951a6
2026-08-16 05:15:19.084061,49.0,9,1g.11gb,yolo-inference-755b67b9bb-pwhtx,default,yolo,580.173.02,GPU-d59cb1c4-ad97-d91a-6731-e7b5f38951a6
2026-08-16 05:15:24.088026,49.0,10,1g.11gb,yolo-inference-755b67b9bb-sf8hz,default,yolo,580.173.02,GPU-d59cb1c4-ad97-d91a-6731-e7b5f38951a6
2026-08-16 05:15:24.088026,49.0,11,1g.11gb,yolo-inference-755b67b9bb-mdq5n,default,yolo,580.173.02,GPU-d59cb1c4-ad97-d91a-6731-e7b5f38951a6
2026-08-16 05:15:24.088026,49.0,12,1g.11gb,yolo-inference-755b67b9bb-l2sjx,default,yolo,580.173.02,GPU-d59cb1c4-ad97-d91a-6731-e7b5f38951a6
2026-08-16 05:15:24.088026,49.0,13,1g.11gb,yolo-inference-755b67b9bb-vgskt,default,yolo,580.173.02,GPU-d59cb1c4-ad97-d91a-6731-e7b5f38951a6
2026-08-16 05:15:24.088026,49.0,7,1g.11gb,,,,580.173.02,GPU-d59cb1c4-ad97-d91a-6731-e7b5f38951a6
2026-08-16 05:15:24.088026,49.0,8,1g.11gb,yolo-inference-755b67b9bb-ttrzf,default,yolo,580.173.02,GPU-d59cb1c4-ad97-d91a-6731-e7b5f38951a6
2026-08-16 05:15:24.088026,49.0,9,1g.11gb,yolo-inference-755b67b9bb-pwhtx,default,yolo,580.173.02,GPU-d59cb1c4-ad97-d91a-6731-e7b5f38951a6
2026-08-16 05:15:29.088036,49.0,10,1g.11gb,yolo-inference-755b67b9bb-sf8hz,default,yolo,580.173.02,GPU-d59cb1c4-ad97-d91a-6731-e7b5f38951a6
2026-08-16 05:15:29.088036,49.0,11,1g.11gb,yolo-inference-755b67b9bb-mdq5n,default,yolo,580.173.02,GPU-d59cb1c4-ad97-d91a-6731-e7b5f38951a6
2026-08-16 05:15:29.088036,49.0,12,1g.11gb,yolo-inference-755b67b9bb-l2sjx,default,yolo,580.173.02,GPU-d59cb1c4-ad97-d91a-6731-e7b5f38951a6
2026-08-16 05:15:29.088036,49.0,13,1g.11gb,yolo-inference-755b67b9bb-vgskt,default,yolo,580.173.02,GPU-d59cb1c4-ad97-d91a-6731-e7b5f38951a6
2026-08-16 05:15:29.088036,49.0,7,1g.11gb,,,,580.173.02,GPU-d59cb1c4-ad97-d91a-6731-e7b5f38951a6
2026-08-16 05:15:29.088036,49.0,8,1g.11gb,yolo-inference-755b67b9bb-ttrzf,default,yolo,580.173.02,GPU-d59cb1c4-ad97-d91a-6731-e7b5f38951a6
2026-08-16 05:15:29.088036,49.0,9,1g.11gb,yolo-inference-755b67b9bb-pwhtx,default,yolo,580.173.02,GPU-d59cb1c4-ad97-d91a-6731-e7b5f38951a6
2026-08-16 05:15:34.088030,49.0,10,1g.11gb,yolo-inference-755b67b9bb-sf8hz,default,yolo,580.173.02,GPU-d59cb1c4-ad97-d91a-6731-e7b5f38951a6
2026-08-16 05:15:34.088030,49.0,11,1g.11gb,yolo-inference-755b67b9bb-mdq5n,default,yolo,580.173.02,GPU-d59cb1c4-ad97-d91a-6731-e7b5f38951a6
2026-08-16 05:15:34.088030,49.0,12,1g.11gb,yolo-inference-755b67b9bb-l2sjx,default,yolo,580.173.02,GPU-d59cb1c4-ad97-d91a-6731-e7b5f38951a6
2026-08-16 05:15:34.088030,49.0,13,1g.11gb,yolo-inference-755b67b9bb-vgskt,default,yolo,580.173.02,GPU-d59cb1c4-ad97-d91a-6731-e7b5f38951a6
2026-08-16 05:15:34.088030,49.0,7,1g.11gb,,,,580.173.02,GPU-d59cb1c4-ad97-d91a-6731-e7b5f38951a6
2026-08-16 05:15:34.088030,49.0,8,1g.11gb,yolo-inference-755b67b9bb-ttrzf,default,yolo,580.173.02,GPU-d59cb1c4-ad97-d91a-6731-e7b5f38951a6
2026-08-16 05:15:34.088030,49.0,9,1g.11gb,yolo-inference-755b67b9bb-pwhtx,default,yolo,580.173.02,GPU-d59cb1c4-ad97-d91a-6731-e7b5f38951a6
2026-08-16 05:15:39.088027,49.0,10,1g.11gb,yolo-inference-755b67b9bb-sf8hz,default,yolo,580.173.02,GPU-d59cb1c4-ad97-d91a-6731-e7b5f38951a6
2026-08-16 05:15:39.088027,49.0,11,1g.11gb,yolo-inference-755b67b9bb-mdq5n,default,yolo,580.173.02,GPU-d59cb1c4-ad97-d91a-6731-e7b5f38951a6
2026-08-16 05:15:39.088027,49.0,12,1g.11gb,yolo-inference-755b67b9bb-l2sjx,default,yolo,580.173.02,GPU-d59cb1c4-ad97-d91a-6731-e7b5f38951a6
2026-08-16 05:15:39.088027,49.0,13,1g.11gb,yolo-inference-755b67b9bb-vgskt,default,yolo,580.173.02,GPU-d59cb1c4-ad97-d91a-6731-e7b5f38951a6
2026-08-16 05:15:39.088027,49.0,7,1g.11gb,,,,580.173.02,GPU-d59cb1c4-ad97-d91a-6731-e7b5f38951a6
2026-08-16 05:15:39.088027,49.0,8,1g.11gb,yolo-inference-755b67b9bb-ttrzf,default,yolo,580.173.02,GPU-d59cb1c4-ad97-d91a-6731-e7b5f38951a6
2026-08-16 05:15:39.088027,49.0,9,1g.11gb,yolo-inference-755b67b9bb-pwhtx,default,yolo,580.173.02,GPU-d59cb1c4-ad97-d91a-6731-e7b5f38951a6
2026-08-16 05:15:44.088023,49.0,10,1g.11gb,yolo-inference-755b67b9bb-sf8hz,default,yolo,580.173.02,GPU-d59cb1c4-ad97-d91a-6731-e7b5f38951a6
2026-08-16 05:15:44.088023,49.0,11,1g.11gb,yolo-inference-755b67b9bb-mdq5n,default,yolo,580.173.02,GPU-d59cb1c4-ad97-d91a-6731-e7b5f38951a6
2026-08-16 05:15:44.088023,49.0,12,1g.11gb,yolo-inference-755b67b9bb-l2sjx,default,yolo,580.173.02,GPU-d59cb1c4-ad97-d91a-6731-e7b5f38951a6
2026-08-16 05:15:44.088023,49.0,13,1g.11gb,yolo-inference-755b67b9bb-vgskt,default,yolo,580.173.02,GPU-d59cb1c4-ad97-d91a-6731-e7b5f38951a6
2026-08-16 05:15:44.088023,49.0,7,1g.11gb,,,,580.173.02,GPU-d59cb1c4-ad97-d91a-6731-e7b5f38951a6
2026-08-16 05:15:44.088023,49.0,8,1g.11gb,yolo-inference-755b67b9bb-ttrzf,default,yolo,580.173.02,GPU-d59cb1c4-ad97-d91a-6731-e7b5f38951a6
2026-08-16 05:15:44.088023,49.0,9,1g.11gb,yolo-inference-755b67b9bb-pwhtx,default,yolo,580.173.02,GPU-d59cb1c4-ad97-d91a-6731-e7b5f38951a6
2026-08-16 05:15:49.088031,49.0,10,1g.11gb,yolo-inference-755b67b9bb-sf8hz,default,yolo,580.173.02,GPU-d59cb1c4-ad97-d91a-6731-e7b5f38951a6
2026-08-16 05:15:49.088031,49.0,11,1g.11gb,yolo-inference-755b67b9bb-mdq5n,default,yolo,580.173.02,GPU-d59cb1c4-ad97-d91a-6731-e7b5f38951a6
2026-08-16 05:15:49.088031,49.0,12,1g.11gb,yolo-inference-755b67b9bb-l2sjx,default,yolo,580.173.02,GPU-d59cb1c4-ad97-d91a-6731-e7b5f38951a6
2026-08-16 05:15:49.088031,49.0,13,1g.11gb,yolo-inference-755b67b9bb-vgskt,default,yolo,580.173.02,GPU-d59cb1c4-ad97-d91a-6731-e7b5f38951a6
2026-08-16 05:15:49.088031,49.0,7,1g.11gb,,,,580.173.02,GPU-d59cb1c4-ad97-d91a-6731-e7b5f38951a6
2026-08-16 05:15:49.088031,49.0,8,1g.11gb,yolo-inference-755b67b9bb-ttrzf,default,yolo,580.173.02,GPU-d59cb1c4-ad97-d91a-6731-e7b5f38951a6
2026-08-16 05:15:49.088031,49.0,9,1g.11gb,yolo-inference-755b67b9bb-pwhtx,default,yolo,580.173.02,GPU-d59cb1c4-ad97-d91a-6731-e7b5f38951a6
2026-08-16 05:15:54.083367,49.0,10,1g.11gb,yolo-inference-755b67b9bb-sf8hz,default,yolo,580.173.02,GPU-d59cb1c4-ad97-d91a-6731-e7b5f38951a6
2026-08-16 05:15:54.083367,49.0,11,1g.11gb,yolo-inference-755b67b9bb-mdq5n,default,yolo,580.173.02,GPU-d59cb1c4-ad97-d91a-6731-e7b5f38951a6
2026-08-16 05:15:54.083367,49.0,12,1g.11gb,yolo-inference-755b67b9bb-l2sjx,default,yolo,580.173.02,GPU-d59cb1c4-ad97-d91a-6731-e7b5f38951a6
2026-08-16 05:15:54.083367,49.0,13,1g.11gb,yolo-inference-755b67b9bb-vgskt,default,yolo,580.173.02,GPU-d59cb1c4-ad97-d91a-6731-e7b5f38951a6
2026-08-16 05:15:54.083367,49.0,7,1g.11gb,,,,580.173.02,GPU-d59cb1c4-ad97-d91a-6731-e7b5f38951a6
2026-08-16 05:15:54.083367,49.0,8,1g.11gb,yolo-inference-755b67b9bb-ttrzf,default,yolo,580.173.02,GPU-d59cb1c4-ad97-d91a-6731-e7b5f38951a6
2026-08-16 05:15:54.083367,49.0,9,1g.11gb,yolo-inference-755b67b9bb-pwhtx,default,yolo,580.173.02,GPU-d59cb1c4-ad97-d91a-6731-e7b5f38951a6
2026-08-16 05:15:59.084126,49.0,10,1g.11gb,yolo-inference-755b67b9bb-sf8hz,default,yolo,580.173.02,GPU-d59cb1c4-ad97-d91a-6731-e7b5f38951a6
2026-08-16 05:15:59.084126,49.0,11,1g.11gb,yolo-inference-755b67b9bb-mdq5n,default,yolo,580.173.02,GPU-d59cb1c4-ad97-d91a-6731-e7b5f38951a6
2026-08-16 05:15:59.084126,49.0,12,1g.11gb,yolo-inference-755b67b9bb-l2sjx,default,yolo,580.173.02,GPU-d59cb1c4-ad97-d91a-6731-e7b5f38951a6
2026-08-16 05:15:59.084126,49.0,13,1g.11gb,yolo-inference-755b67b9bb-vgskt,default,yolo,580.173.02,GPU-d59cb1c4-ad97-d91a-6731-e7b5f38951a6
2026-08-16 05:15:59.084126,49.0,7,1g.11gb,,,,580.173.02,GPU-d59cb1c4-ad97-d91a-6731-e7b5f38951a6
2026-08-16 05:15:59.084126,49.0,8,1g.11gb,yolo-inference-755b67b9bb-ttrzf,default,yolo,580.173.02,GPU-d59cb1c4-ad97-d91a-6731-e7b5f38951a6
2026-08-16 05:15:59.084126,49.0,9,1g.11gb,yolo-inference-755b67b9bb-pwhtx,default,yolo,580.173.02,GPU-d59cb1c4-ad97-d91a-6731-e7b5f38951a6
2026-08-16 05:16:04.088034,49.0,10,1g.11gb,yolo-inference-755b67b9bb-sf8hz,default,yolo,580.173.02,GPU-d59cb1c4-ad97-d91a-6731-e7b5f38951a6
2026-08-16 05:16:04.088034,49.0,11,1g.11gb,yolo-inference-755b67b9bb-mdq5n,default,yolo,580.173.02,GPU-d59cb1c4-ad97-d91a-6731-e7b5f38951a6
2026-08-16 05:16:04.088034,49.0,12,1g.11gb,yolo-inference-755b67b9bb-l2sjx,default,yolo,580.173.02,GPU-d59cb1c4-ad97-d91a-6731-e7b5f38951a6
2026-08-16 05:16:04.088034,49.0,13,1g.11gb,yolo-inference-755b67b9bb-vgskt,default,yolo,580.173.02,GPU-d59cb1c4-ad97-d91a-6731-e7b5f38951a6
2026-08-16 05:16:04.088034,49.0,7,1g.11gb,,,,580.173.02,GPU-d59cb1c4-ad97-d91a-6731-e7b5f38951a6
2026-08-16 05:16:04.088034,49.0,8,1g.11gb,yolo-inference-755b67b9bb-ttrzf,default,yolo,580.173.02,GPU-d59cb1c4-ad97-d91a-6731-e7b5f38951a6
2026-08-16 05:16:04.088034,49.0,9,1g.11gb,yolo-inference-755b67b9bb-pwhtx,default,yolo,580.173.02,GPU-d59cb1c4-ad97-d91a-6731-e7b5f38951a6
2026-08-16 05:16:09.087990,49.0,10,1g.11gb,yolo-inference-755b67b9bb-sf8hz,default,yolo,580.173.02,GPU-d59cb1c4-ad97-d91a-6731-e7b5f38951a6
2026-08-16 05:16:09.087990,49.0,11,1g.11gb,yolo-inference-755b67b9bb-mdq5n,default,yolo,580.173.02,GPU-d59cb1c4-ad97-d91a-6731-e7b5f38951a6
2026-08-16 05:16:09.087990,49.0,12,1g.11gb,yolo-inference-755b67b9bb-l2sjx,default,yolo,580.173.02,GPU-d59cb1c4-ad97-d91a-6731-e7b5f38951a6
2026-08-16 05:16:09.087990,49.0,13,1g.11gb,yolo-inference-755b67b9bb-vgskt,default,yolo,580.173.02,GPU-d59cb1c4-ad97-d91a-6731-e7b5f38951a6
2026-08-16 05:16:09.087990,49.0,7,1g.11gb,,,,580.173.02,GPU-d59cb1c4-ad97-d91a-6731-e7b5f38951a6
2026-08-16 05:16:09.087990,49.0,8,1g.11gb,yolo-inference-755b67b9bb-ttrzf,default,yolo,580.173.02,GPU-d59cb1c4-ad97-d91a-6731-e7b5f38951a6
2026-08-16 05:16:09.087990,49.0,9,1g.11gb,yolo-inference-755b67b9bb-pwhtx,default,yolo,580.173.02,GPU-d59cb1c4-ad97-d91a-6731-e7b5f38951a6
2026-08-16 05:16:14.088030,49.0,10,1g.11gb,yolo-inference-755b67b9bb-sf8hz,default,yolo,580.173.02,GPU-d59cb1c4-ad97-d91a-6731-e7b5f38951a6
2026-08-16 05:16:14.088030,49.0,11,1g.11gb,yolo-inference-755b67b9bb-mdq5n,default,yolo,580.173.02,GPU-d59cb1c4-ad97-d91a-6731-e7b5f38951a6
2026-08-16 05:16:14.088030,49.0,12,1g.11gb,yolo-inference-755b67b9bb-l2sjx,default,yolo,580.173.02,GPU-d59cb1c4-ad97-d91a-6731-e7b5f38951a6
2026-08-16 05:16:14.088030,49.0,13,1g.11gb,yolo-inference-755b67b9bb-vgskt,default,yolo,580.173.02,GPU-d59cb1c4-ad97-d91a-6731-e7b5f38951a6
2026-08-16 05:16:14.088030,49.0,7,1g.11gb,,,,580.173.02,GPU-d59cb1c4-ad97-d91a-6731-e7b5f38951a6
2026-08-16 05:16:14.088030,49.0,8,1g.11gb,yolo-inference-755b67b9bb-ttrzf,default,yolo,580.173.02,GPU-d59cb1c4-ad97-d91a-6731-e7b5f38951a6
2026-08-16 05:16:14.088030,49.0,9,1g.11gb,yolo-inference-755b67b9bb-pwhtx,default,yolo,580.173.02,GPU-d59cb1c4-ad97-d91a-6731-e7b5f38951a6
2026-08-16 05:16:19.083718,49.0,10,1g.11gb,yolo-inference-755b67b9bb-sf8hz,default,yolo,580.173.02,GPU-d59cb1c4-ad97-d91a-6731-e7b5f38951a6
2026-08-16 05:16:19.083718,49.0,11,1g.11gb,yolo-inference-755b67b9bb-mdq5n,default,yolo,580.173.02,GPU-d59cb1c4-ad97-d91a-6731-e7b5f38951a6
2026-08-16 05:16:19.083718,49.0,12,1g.11gb,yolo-inference-755b67b9bb-l2sjx,default,yolo,580.173.02,GPU-d59cb1c4-ad97-d91a-6731-e7b5f38951a6
2026-08-16 05:16:19.083718,49.0,13,1g.11gb,yolo-inference-755b67b9bb-vgskt,default,yolo,580.173.02,GPU-d59cb1c4-ad97-d91a-6731-e7b5f38951a6
2026-08-16 05:16:19.083718,49.0,7,1g.11gb,,,,580.173.02,GPU-d59cb1c4-ad97-d91a-6731-e7b5f38951a6
2026-08-16 05:16:19.083718,49.0,8,1g.11gb,yolo-inference-755b67b9bb-ttrzf,default,yolo,580.173.02,GPU-d59cb1c4-ad97-d91a-6731-e7b5f38951a6
2026-08-16 05:16:19.083718,49.0,9,1g.11gb,yolo-inference-755b67b9bb-pwhtx,default,yolo,580.173.02,GPU-d59cb1c4-ad97-d91a-6731-e7b5f38951a6
2026-08-16 05:16:24.085567,49.0,10,1g.11gb,yolo-inference-755b67b9bb-sf8hz,default,yolo,580.173.02,GPU-d59cb1c4-ad97-d91a-6731-e7b5f38951a6
2026-08-16 05:16:24.085567,49.0,11,1g.11gb,yolo-inference-755b67b9bb-mdq5n,default,yolo,580.173.02,GPU-d59cb1c4-ad97-d91a-6731-e7b5f38951a6
2026-08-16 05:16:24.085567,49.0,12,1g.11gb,yolo-inference-755b67b9bb-l2sjx,default,yolo,580.173.02,GPU-d59cb1c4-ad97-d91a-6731-e7b5f38951a6
2026-08-16 05:16:24.085567,49.0,13,1g.11gb,yolo-inference-755b67b9bb-vgskt,default,yolo,580.173.02,GPU-d59cb1c4-ad97-d91a-6731-e7b5f38951a6
2026-08-16 05:16:24.085567,49.0,7,1g.11gb,,,,580.173.02,GPU-d59cb1c4-ad97-d91a-6731-e7b5f38951a6
2026-08-16 05:16:24.085567,49.0,8,1g.11gb,yolo-inference-755b67b9bb-ttrzf,default,yolo,580.173.02,GPU-d59cb1c4-ad97-d91a-6731-e7b5f38951a6
2026-08-16 05:16:24.085567,49.0,9,1g.11gb,yolo-inference-755b67b9bb-pwhtx,default,yolo,580.173.02,GPU-d59cb1c4-ad97-d91a-6731-e7b5f38951a6
2026-08-16 05:16:29.086524,49.0,10,1g.11gb,yolo-inference-755b67b9bb-sf8hz,default,yolo,580.173.02,GPU-d59cb1c4-ad97-d91a-6731-e7b5f38951a6
2026-08-16 05:16:29.086524,49.0,11,1g.11gb,yolo-inference-755b67b9bb-mdq5n,default,yolo,580.173.02,GPU-d59cb1c4-ad97-d91a-6731-e7b5f38951a6
2026-08-16 05:16:29.086524,49.0,12,1g.11gb,yolo-inference-755b67b9bb-l2sjx,default,yolo,580.173.02,GPU-d59cb1c4-ad97-d91a-6731-e7b5f38951a6
2026-08-16 05:16:29.086524,49.0,13,1g.11gb,yolo-inference-755b67b9bb-vgskt,default,yolo,580.173.02,GPU-d59cb1c4-ad97-d91a-6731-e7b5f38951a6
2026-08-16 05:16:29.086524,49.0,7,1g.11gb,,,,580.173.02,GPU-d59cb1c4-ad97-d91a-6731-e7b5f38951a6
2026-08-16 05:16:29.086524,49.0,8,1g.11gb,yolo-inference-755b67b9bb-ttrzf,default,yolo,580.173.02,GPU-d59cb1c4-ad97-d91a-6731-e7b5f38951a6
2026-08-16 05:16:29.086524,49.0,9,1g.11gb,yolo-inference-755b67b9bb-pwhtx,default,yolo,580.173.02,GPU-d59cb1c4-ad97-d91a-6731-e7b5f38951a6
2026-08-16 05:16:34.088073,49.0,10,1g.11gb,yolo-inference-755b67b9bb-sf8hz,default,yolo,580.173.02,GPU-d59cb1c4-ad97-d91a-6731-e7b5f38951a6
2026-08-16 05:16:34.088073,49.0,11,1g.11gb,yolo-inference-755b67b9bb-mdq5n,default,yolo,580.173.02,GPU-d59cb1c4-ad97-d91a-6731-e7b5f38951a6
2026-08-16 05:16:34.088073,49.0,12,1g.11gb,yolo-inference-755b67b9bb-l2sjx,default,yolo,580.173.02,GPU-d59cb1c4-ad97-d91a-6731-e7b5f38951a6
2026-08-16 05:16:34.088073,49.0,13,1g.11gb,yolo-inference-755b67b9bb-vgskt,default,yolo,580.173.02,GPU-d59cb1c4-ad97-d91a-6731-e7b5f38951a6
2026-08-16 05:16:34.088073,49.0,7,1g.11gb,,,,580.173.02,GPU-d59cb1c4-ad97-d91a-6731-e7b5f38951a6
2026-08-16 05:16:34.088073,49.0,8,1g.11gb,yolo-inference-755b67b9bb-ttrzf,default,yolo,580.173.02,GPU-d59cb1c4-ad97-d91a-6731-e7b5f38951a6
2026-08-16 05:16:34.088073,49.0,9,1g.11gb,yolo-inference-755b67b9bb-pwhtx,default,yolo,580.173.02,GPU-d59cb1c4-ad97-d91a-6731-e7b5f38951a6
2026-08-16 05:16:39.088046,49.0,10,1g.11gb,yolo-inference-755b67b9bb-sf8hz,default,yolo,580.173.02,GPU-d59cb1c4-ad97-d91a-6731-e7b5f38951a6
2026-08-16 05:16:39.088046,49.0,11,1g.11gb,yolo-inference-755b67b9bb-mdq5n,default,yolo,580.173.02,GPU-d59cb1c4-ad97-d91a-6731-e7b5f38951a6
2026-08-16 05:16:39.088046,49.0,12,1g.11gb,yolo-inference-755b67b9bb-l2sjx,default,yolo,580.173.02,GPU-d59cb1c4-ad97-d91a-6731-e7b5f38951a6
2026-08-16 05:16:39.088046,49.0,13,1g.11gb,yolo-inference-755b67b9bb-vgskt,default,yolo,580.173.02,GPU-d59cb1c4-ad97-d91a-6731-e7b5f38951a6
2026-08-16 05:16:39.088046,49.0,7,1g.11gb,,,,580.173.02,GPU-d59cb1c4-ad97-d91a-6731-e7b5f38951a6
2026-08-16 05:16:39.088046,49.0,8,1g.11gb,yolo-inference-755b67b9bb-ttrzf,default,yolo,580.173.02,GPU-d59cb1c4-ad97-d91a-6731-e7b5f38951a6
2026-08-16 05:16:39.088046,49.0,9,1g.11gb,yolo-inference-755b67b9bb-pwhtx,default,yolo,580.173.02,GPU-d59cb1c4-ad97-d91a-6731-e7b5f38951a6
2026-08-16 05:16:44.088093,49.0,10,1g.11gb,yolo-inference-755b67b9bb-sf8hz,default,yolo,580.173.02,GPU-d59cb1c4-ad97-d91a-6731-e7b5f38951a6
2026-08-16 05:16:44.088093,49.0,11,1g.11gb,yolo-inference-755b67b9bb-mdq5n,default,yolo,580.173.02,GPU-d59cb1c4-ad97-d91a-6731-e7b5f38951a6
2026-08-16 05:16:44.088093,49.0,12,1g.11gb,yolo-inference-755b67b9bb-l2sjx,default,yolo,580.173.02,GPU-d59cb1c4-ad97-d91a-6731-e7b5f38951a6
2026-08-16 05:16:44.088093,49.0,13,1g.11gb,yolo-inference-755b67b9bb-vgskt,default,yolo,580.173.02,GPU-d59cb1c4-ad97-d91a-6731-e7b5f38951a6
2026-08-16 05:16:44.088093,49.0,7,1g.11gb,,,,580.173.02,GPU-d59cb1c4-ad97-d91a-6731-e7b5f38951a6
2026-08-16 05:16:44.088093,49.0,8,1g.11gb,yolo-inference-755b67b9bb-ttrzf,default,yolo,580.173.02,GPU-d59cb1c4-ad97-d91a-6731-e7b5f38951a6
2026-08-16 05:16:44.088093,49.0,9,1g.11gb,yolo-inference-755b67b9bb-pwhtx,default,yolo,580.173.02,GPU-d59cb1c4-ad97-d91a-6731-e7b5f38951a6
2026-08-16 05:16:49.088067,49.0,10,1g.11gb,yolo-inference-755b67b9bb-sf8hz,default,yolo,580.173.02,GPU-d59cb1c4-ad97-d91a-6731-e7b5f38951a6
2026-08-16 05:16:49.088067,49.0,11,1g.11gb,yolo-inference-755b67b9bb-mdq5n,default,yolo,580.173.02,GPU-d59cb1c4-ad97-d91a-6731-e7b5f38951a6
2026-08-16 05:16:49.088067,49.0,12,1g.11gb,yolo-inference-755b67b9bb-l2sjx,default,yolo,580.173.02,GPU-d59cb1c4-ad97-d91a-6731-e7b5f38951a6
2026-08-16 05:16:49.088067,49.0,13,1g.11gb,yolo-inference-755b67b9bb-vgskt,default,yolo,580.173.02,GPU-d59cb1c4-ad97-d91a-6731-e7b5f38951a6
2026-08-16 05:16:49.088067,49.0,7,1g.11gb,,,,580.173.02,GPU-d59cb1c4-ad97-d91a-6731-e7b5f38951a6
2026-08-16 05:16:49.088067,49.0,8,1g.11gb,yolo-inference-755b67b9bb-ttrzf,default,yolo,580.173.02,GPU-d59cb1c4-ad97-d91a-6731-e7b5f38951a6
2026-08-16 05:16:49.088067,49.0,9,1g.11gb,yolo-inference-755b67b9bb-pwhtx,default,yolo,580.173.02,GPU-d59cb1c4-ad97-d91a-6731-e7b5f38951a6
2026-08-16 05:16:54.088057,49.0,10,1g.11gb,yolo-inference-755b67b9bb-sf8hz,default,yolo,580.173.02,GPU-d59cb1c4-ad97-d91a-6731-e7b5f38951a6
2026-08-16 05:16:54.088057,49.0,11,1g.11gb,yolo-inference-755b67b9bb-mdq5n,default,yolo,580.173.02,GPU-d59cb1c4-ad97-d91a-6731-e7b5f38951a6
2026-08-16 05:16:54.088057,49.0,12,1g.11gb,yolo-inference-755b67b9bb-l2sjx,default,yolo,580.173.02,GPU-d59cb1c4-ad97-d91a-6731-e7b5f38951a6
2026-08-16 05:16:54.088057,49.0,13,1g.11gb,yolo-inference-755b67b9bb-vgskt,default,yolo,580.173.02,GPU-d59cb1c4-ad97-d91a-6731-e7b5f38951a6
2026-08-16 05:16:54.088057,49.0,7,1g.11gb,,,,580.173.02,GPU-d59cb1c4-ad97-d91a-6731-e7b5f38951a6
2026-08-16 05:16:54.088057,49.0,8,1g.11gb,yolo-inference-755b67b9bb-ttrzf,default,yolo,580.173.02,GPU-d59cb1c4-ad97-d91a-6731-e7b5f38951a6
2026-08-16 05:16:54.088057,49.0,9,1g.11gb,yolo-inference-755b67b9bb-pwhtx,default,yolo,580.173.02,GPU-d59cb1c4-ad97-d91a-6731-e7b5f38951a6
2026-08-16 05:16:59.088061,49.0,10,1g.11gb,yolo-inference-755b67b9bb-sf8hz,default,yolo,580.173.02,GPU-d59cb1c4-ad97-d91a-6731-e7b5f38951a6
2026-08-16 05:16:59.088061,49.0,11,1g.11gb,yolo-inference-755b67b9bb-mdq5n,default,yolo,580.173.02,GPU-d59cb1c4-ad97-d91a-6731-e7b5f38951a6
2026-08-16 05:16:59.088061,49.0,12,1g.11gb,yolo-inference-755b67b9bb-l2sjx,default,yolo,580.173.02,GPU-d59cb1c4-ad97-d91a-6731-e7b5f38951a6
2026-08-16 05:16:59.088061,49.0,13,1g.11gb,yolo-inference-755b67b9bb-vgskt,default,yolo,580.173.02,GPU-d59cb1c4-ad97-d91a-6731-e7b5f38951a6
2026-08-16 05:16:59.088061,49.0,7,1g.11gb,,,,580.173.02,GPU-d59cb1c4-ad97-d91a-6731-e7b5f38951a6
2026-08-16 05:16:59.088061,49.0,8,1g.11gb,yolo-inference-755b67b9bb-ttrzf,default,yolo,580.173.02,GPU-d59cb1c4-ad97-d91a-6731-e7b5f38951a6
2026-08-16 05:16:59.088061,49.0,9,1g.11gb,yolo-inference-755b67b9bb-pwhtx,default,yolo,580.173.02,GPU-d59cb1c4-ad97-d91a-6731-e7b5f38951a6
2026-08-16 05:17:04.083700,49.0,10,1g.11gb,yolo-inference-755b67b9bb-sf8hz,default,yolo,580.173.02,GPU-d59cb1c4-ad97-d91a-6731-e7b5f38951a6
2026-08-16 05:17:04.083700,49.0,11,1g.11gb,yolo-inference-755b67b9bb-mdq5n,default,yolo,580.173.02,GPU-d59cb1c4-ad97-d91a-6731-e7b5f38951a6
2026-08-16 05:17:04.083700,49.0,12,1g.11gb,yolo-inference-755b67b9bb-l2sjx,default,yolo,580.173.02,GPU-d59cb1c4-ad97-d91a-6731-e7b5f38951a6
2026-08-16 05:17:04.083700,49.0,13,1g.11gb,yolo-inference-755b67b9bb-vgskt,default,yolo,580.173.02,GPU-d59cb1c4-ad97-d91a-6731-e7b5f38951a6
2026-08-16 05:17:04.083700,49.0,7,1g.11gb,,,,580.173.02,GPU-d59cb1c4-ad97-d91a-6731-e7b5f38951a6
2026-08-16 05:17:04.083700,49.0,8,1g.11gb,yolo-inference-755b67b9bb-ttrzf,default,yolo,580.173.02,GPU-d59cb1c4-ad97-d91a-6731-e7b5f38951a6
2026-08-16 05:17:04.083700,49.0,9,1g.11gb,yolo-inference-755b67b9bb-pwhtx,default,yolo,580.173.02,GPU-d59cb1c4-ad97-d91a-6731-e7b5f38951a6
2026-08-16 05:17:09.083488,49.0,10,1g.11gb,yolo-inference-755b67b9bb-sf8hz,default,yolo,580.173.02,GPU-d59cb1c4-ad97-d91a-6731-e7b5f38951a6
2026-08-16 05:17:09.083488,49.0,11,1g.11gb,yolo-inference-755b67b9bb-mdq5n,default,yolo,580.173.02,GPU-d59cb1c4-ad97-d91a-6731-e7b5f38951a6
2026-08-16 05:17:09.083488,49.0,12,1g.11gb,yolo-inference-755b67b9bb-l2sjx,default,yolo,580.173.02,GPU-d59cb1c4-ad97-d91a-6731-e7b5f38951a6
2026-08-16 05:17:09.083488,49.0,13,1g.11gb,yolo-inference-755b67b9bb-vgskt,default,yolo,580.173.02,GPU-d59cb1c4-ad97-d91a-6731-e7b5f38951a6
2026-08-16 05:17:09.083488,49.0,7,1g.11gb,,,,580.173.02,GPU-d59cb1c4-ad97-d91a-6731-e7b5f38951a6
2026-08-16 05:17:09.083488,49.0,8,1g.11gb,yolo-inference-755b67b9bb-ttrzf,default,yolo,580.173.02,GPU-d59cb1c4-ad97-d91a-6731-e7b5f38951a6
2026-08-16 05:17:09.083488,49.0,9,1g.11gb,yolo-inference-755b67b9bb-pwhtx,default,yolo,580.173.02,GPU-d59cb1c4-ad97-d91a-6731-e7b5f38951a6
2026-08-16 05:17:14.088050,49.0,10,1g.11gb,yolo-inference-755b67b9bb-sf8hz,default,yolo,580.173.02,GPU-d59cb1c4-ad97-d91a-6731-e7b5f38951a6
2026-08-16 05:17:14.088050,49.0,11,1g.11gb,yolo-inference-755b67b9bb-mdq5n,default,yolo,580.173.02,GPU-d59cb1c4-ad97-d91a-6731-e7b5f38951a6
2026-08-16 05:17:14.088050,49.0,12,1g.11gb,yolo-inference-755b67b9bb-l2sjx,default,yolo,580.173.02,GPU-d59cb1c4-ad97-d91a-6731-e7b5f38951a6
2026-08-16 05:17:14.088050,49.0,13,1g.11gb,yolo-inference-755b67b9bb-vgskt,default,yolo,580.173.02,GPU-d59cb1c4-ad97-d91a-6731-e7b5f38951a6
2026-08-16 05:17:14.088050,49.0,7,1g.11gb,,,,580.173.02,GPU-d59cb1c4-ad97-d91a-6731-e7b5f38951a6
2026-08-16 05:17:14.088050,49.0,8,1g.11gb,yolo-inference-755b67b9bb-ttrzf,default,yolo,580.173.02,GPU-d59cb1c4-ad97-d91a-6731-e7b5f38951a6
2026-08-16 05:17:14.088050,49.0,9,1g.11gb,yolo-inference-755b67b9bb-pwhtx,default,yolo,580.173.02,GPU-d59cb1c4-ad97-d91a-6731-e7b5f38951a6
2026-08-16 05:17:19.086112,49.0,10,1g.11gb,yolo-inference-755b67b9bb-sf8hz,default,yolo,580.173.02,GPU-d59cb1c4-ad97-d91a-6731-e7b5f38951a6
2026-08-16 05:17:19.086112,49.0,11,1g.11gb,yolo-inference-755b67b9bb-mdq5n,default,yolo,580.173.02,GPU-d59cb1c4-ad97-d91a-6731-e7b5f38951a6
2026-08-16 05:17:19.086112,49.0,12,1g.11gb,yolo-inference-755b67b9bb-l2sjx,default,yolo,580.173.02,GPU-d59cb1c4-ad97-d91a-6731-e7b5f38951a6
2026-08-16 05:17:19.086112,49.0,13,1g.11gb,yolo-inference-755b67b9bb-vgskt,default,yolo,580.173.02,GPU-d59cb1c4-ad97-d91a-6731-e7b5f38951a6
2026-08-16 05:17:19.086112,49.0,7,1g.11gb,,,,580.173.02,GPU-d59cb1c4-ad97-d91a-6731-e7b5f38951a6
2026-08-16 05:17:19.086112,49.0,8,1g.11gb,yolo-inference-755b67b9bb-ttrzf,default,yolo,580.173.02,GPU-d59cb1c4-ad97-d91a-6731-e7b5f38951a6
2026-08-16 05:17:19.086112,49.0,9,1g.11gb,yolo-inference-755b67b9bb-pwhtx,default,yolo,580.173.02,GPU-d59cb1c4-ad97-d91a-6731-e7b5f38951a6
2026-08-16 05:17:24.088056,49.0,10,1g.11gb,yolo-inference-755b67b9bb-sf8hz,default,yolo,580.173.02,GPU-d59cb1c4-ad97-d91a-6731-e7b5f38951a6
2026-08-16 05:17:24.088056,49.0,11,1g.11gb,yolo-inference-755b67b9bb-mdq5n,default,yolo,580.173.02,GPU-d59cb1c4-ad97-d91a-6731-e7b5f38951a6
2026-08-16 05:17:24.088056,49.0,12,1g.11gb,yolo-inference-755b67b9bb-l2sjx,default,yolo,580.173.02,GPU-d59cb1c4-ad97-d91a-6731-e7b5f38951a6
2026-08-16 05:17:24.088056,49.0,13,1g.11gb,yolo-inference-755b67b9bb-vgskt,default,yolo,580.173.02,GPU-d59cb1c4-ad97-d91a-6731-e7b5f38951a6
2026-08-16 05:17:24.088056,49.0,7,1g.11gb,,,,580.173.02,GPU-d59cb1c4-ad97-d91a-6731-e7b5f38951a6
2026-08-16 05:17:24.088056,49.0,8,1g.11gb,yolo-inference-755b67b9bb-ttrzf,default,yolo,580.173.02,GPU-d59cb1c4-ad97-d91a-6731-e7b5f38951a6
2026-08-16 05:17:24.088056,49.0,9,1g.11gb,yolo-inference-755b67b9bb-pwhtx,default,yolo,580.173.02,GPU-d59cb1c4-ad97-d91a-6731-e7b5f38951a6
2026-08-16 05:17:29.088019,49.0,10,1g.11gb,yolo-inference-755b67b9bb-sf8hz,default,yolo,580.173.02,GPU-d59cb1c4-ad97-d91a-6731-e7b5f38951a6
2026-08-16 05:17:29.088019,49.0,11,1g.11gb,yolo-inference-755b67b9bb-mdq5n,default,yolo,580.173.02,GPU-d59cb1c4-ad97-d91a-6731-e7b5f38951a6
2026-08-16 05:17:29.088019,49.0,12,1g.11gb,yolo-inference-755b67b9bb-l2sjx,default,yolo,580.173.02,GPU-d59cb1c4-ad97-d91a-6731-e7b5f38951a6
2026-08-16 05:17:29.088019,49.0,13,1g.11gb,yolo-inference-755b67b9bb-vgskt,default,yolo,580.173.02,GPU-d59cb1c4-ad97-d91a-6731-e7b5f38951a6
2026-08-16 05:17:29.088019,49.0,7,1g.11gb,,,,580.173.02,GPU-d59cb1c4-ad97-d91a-6731-e7b5f38951a6
2026-08-16 05:17:29.088019,49.0,8,1g.11gb,yolo-inference-755b67b9bb-ttrzf,default,yolo,580.173.02,GPU-d59cb1c4-ad97-d91a-6731-e7b5f38951a6
2026-08-16 05:17:29.088019,49.0,9,1g.11gb,yolo-inference-755b67b9bb-pwhtx,default,yolo,580.173.02,GPU-d59cb1c4-ad97-d91a-6731-e7b5f38951a6
2026-08-16 05:17:34.088182,49.0,10,1g.11gb,yolo-inference-755b67b9bb-sf8hz,default,yolo,580.173.02,GPU-d59cb1c4-ad97-d91a-6731-e7b5f38951a6
2026-08-16 05:17:34.088182,49.0,11,1g.11gb,yolo-inference-755b67b9bb-mdq5n,default,yolo,580.173.02,GPU-d59cb1c4-ad97-d91a-6731-e7b5f38951a6
2026-08-16 05:17:34.088182,49.0,12,1g.11gb,yolo-inference-755b67b9bb-l2sjx,default,yolo,580.173.02,GPU-d59cb1c4-ad97-d91a-6731-e7b5f38951a6
2026-08-16 05:17:34.088182,49.0,13,1g.11gb,yolo-inference-755b67b9bb-vgskt,default,yolo,580.173.02,GPU-d59cb1c4-ad97-d91a-6731-e7b5f38951a6
2026-08-16 05:17:34.088182,49.0,7,1g.11gb,,,,580.173.02,GPU-d59cb1c4-ad97-d91a-6731-e7b5f38951a6
2026-08-16 05:17:34.088182,49.0,8,1g.11gb,yolo-inference-755b67b9bb-ttrzf,default,yolo,580.173.02,GPU-d59cb1c4-ad97-d91a-6731-e7b5f38951a6
2026-08-16 05:17:34.088182,49.0,9,1g.11gb,yolo-inference-755b67b9bb-pwhtx,default,yolo,580.173.02,GPU-d59cb1c4-ad97-d91a-6731-e7b5f38951a6
2026-08-16 05:17:39.088026,49.0,10,1g.11gb,yolo-inference-755b67b9bb-sf8hz,default,yolo,580.173.02,GPU-d59cb1c4-ad97-d91a-6731-e7b5f38951a6
2026-08-16 05:17:39.088026,49.0,11,1g.11gb,yolo-inference-755b67b9bb-mdq5n,default,yolo,580.173.02,GPU-d59cb1c4-ad97-d91a-6731-e7b5f38951a6
2026-08-16 05:17:39.088026,49.0,12,1g.11gb,yolo-inference-755b67b9bb-l2sjx,default,yolo,580.173.02,GPU-d59cb1c4-ad97-d91a-6731-e7b5f38951a6
2026-08-16 05:17:39.088026,49.0,13,1g.11gb,yolo-inference-755b67b9bb-vgskt,default,yolo,580.173.02,GPU-d59cb1c4-ad97-d91a-6731-e7b5f38951a6
2026-08-16 05:17:39.088026,49.0,7,1g.11gb,,,,580.173.02,GPU-d59cb1c4-ad97-d91a-6731-e7b5f38951a6
2026-08-16 05:17:39.088026,49.0,8,1g.11gb,yolo-inference-755b67b9bb-ttrzf,default,yolo,580.173.02,GPU-d59cb1c4-ad97-d91a-6731-e7b5f38951a6
2026-08-16 05:17:39.088026,49.0,9,1g.11gb,yolo-inference-755b67b9bb-pwhtx,default,yolo,580.173.02,GPU-d59cb1c4-ad97-d91a-6731-e7b5f38951a6
2026-08-16 05:17:44.083779,49.0,10,1g.11gb,yolo-inference-755b67b9bb-sf8hz,default,yolo,580.173.02,GPU-d59cb1c4-ad97-d91a-6731-e7b5f38951a6
2026-08-16 05:17:44.083779,49.0,11,1g.11gb,yolo-inference-755b67b9bb-mdq5n,default,yolo,580.173.02,GPU-d59cb1c4-ad97-d91a-6731-e7b5f38951a6
2026-08-16 05:17:44.083779,49.0,12,1g.11gb,yolo-inference-755b67b9bb-l2sjx,default,yolo,580.173.02,GPU-d59cb1c4-ad97-d91a-6731-e7b5f38951a6
2026-08-16 05:17:44.083779,49.0,13,1g.11gb,yolo-inference-755b67b9bb-vgskt,default,yolo,580.173.02,GPU-d59cb1c4-ad97-d91a-6731-e7b5f38951a6
2026-08-16 05:17:44.083779,49.0,7,1g.11gb,,,,580.173.02,GPU-d59cb1c4-ad97-d91a-6731-e7b5f38951a6
2026-08-16 05:17:44.083779,49.0,8,1g.11gb,yolo-inference-755b67b9bb-ttrzf,default,yolo,580.173.02,GPU-d59cb1c4-ad97-d91a-6731-e7b5f38951a6
2026-08-16 05:17:44.083779,49.0,9,1g.11gb,yolo-inference-755b67b9bb-pwhtx,default,yolo,580.173.02,GPU-d59cb1c4-ad97-d91a-6731-e7b5f38951a6
2026-08-16 05:17:49.087986,49.0,10,1g.11gb,yolo-inference-755b67b9bb-sf8hz,default,yolo,580.173.02,GPU-d59cb1c4-ad97-d91a-6731-e7b5f38951a6
2026-08-16 05:17:49.087986,49.0,11,1g.11gb,yolo-inference-755b67b9bb-mdq5n,default,yolo,580.173.02,GPU-d59cb1c4-ad97-d91a-6731-e7b5f38951a6
2026-08-16 05:17:49.087986,49.0,12,1g.11gb,yolo-inference-755b67b9bb-l2sjx,default,yolo,580.173.02,GPU-d59cb1c4-ad97-d91a-6731-e7b5f38951a6
2026-08-16 05:17:49.087986,49.0,13,1g.11gb,yolo-inference-755b67b9bb-vgskt,default,yolo,580.173.02,GPU-d59cb1c4-ad97-d91a-6731-e7b5f38951a6
2026-08-16 05:17:49.087986,49.0,7,1g.11gb,,,,580.173.02,GPU-d59cb1c4-ad97-d91a-6731-e7b5f38951a6
2026-08-16 05:17:49.087986,49.0,8,1g.11gb,yolo-inference-755b67b9bb-ttrzf,default,yolo,580.173.02,GPU-d59cb1c4-ad97-d91a-6731-e7b5f38951a6
2026-08-16 05:17:49.087986,49.0,9,1g.11gb,yolo-inference-755b67b9bb-pwhtx,default,yolo,580.173.02,GPU-d59cb1c4-ad97-d91a-6731-e7b5f38951a6
2026-08-16 05:17:54.084984,49.0,10,1g.11gb,yolo-inference-755b67b9bb-sf8hz,default,yolo,580.173.02,GPU-d59cb1c4-ad97-d91a-6731-e7b5f38951a6
2026-08-16 05:17:54.084984,49.0,11,1g.11gb,yolo-inference-755b67b9bb-mdq5n,default,yolo,580.173.02,GPU-d59cb1c4-ad97-d91a-6731-e7b5f38951a6
2026-08-16 05:17:54.084984,49.0,12,1g.11gb,yolo-inference-755b67b9bb-l2sjx,default,yolo,580.173.02,GPU-d59cb1c4-ad97-d91a-6731-e7b5f38951a6
2026-08-16 05:17:54.084984,49.0,13,1g.11gb,yolo-inference-755b67b9bb-vgskt,default,yolo,580.173.02,GPU-d59cb1c4-ad97-d91a-6731-e7b5f38951a6
2026-08-16 05:17:54.084984,49.0,7,1g.11gb,,,,580.173.02,GPU-d59cb1c4-ad97-d91a-6731-e7b5f38951a6
2026-08-16 05:17:54.084984,49.0,8,1g.11gb,yolo-inference-755b67b9bb-ttrzf,default,yolo,580.173.02,GPU-d59cb1c4-ad97-d91a-6731-e7b5f38951a6
2026-08-16 05:17:54.084984,49.0,9,1g.11gb,yolo-inference-755b67b9bb-pwhtx,default,yolo,580.173.02,GPU-d59cb1c4-ad97-d91a-6731-e7b5f38951a6
2026-08-16 05:17:59.084263,49.0,10,1g.11gb,yolo-inference-755b67b9bb-sf8hz,default,yolo,580.173.02,GPU-d59cb1c4-ad97-d91a-6731-e7b5f38951a6
2026-08-16 05:17:59.084263,49.0,11,1g.11gb,yolo-inference-755b67b9bb-mdq5n,default,yolo,580.173.02,GPU-d59cb1c4-ad97-d91a-6731-e7b5f38951a6
2026-08-16 05:17:59.084263,49.0,12,1g.11gb,yolo-inference-755b67b9bb-l2sjx,default,yolo,580.173.02,GPU-d59cb1c4-ad97-d91a-6731-e7b5f38951a6
2026-08-16 05:17:59.084263,49.0,13,1g.11gb,yolo-inference-755b67b9bb-vgskt,default,yolo,580.173.02,GPU-d59cb1c4-ad97-d91a-6731-e7b5f38951a6
2026-08-16 05:17:59.084263,49.0,7,1g.11gb,,,,580.173.02,GPU-d59cb1c4-ad97-d91a-6731-e7b5f38951a6
2026-08-16 05:17:59.084263,49.0,8,1g.11gb,yolo-inference-755b67b9bb-ttrzf,default,yolo,580.173.02,GPU-d59cb1c4-ad97-d91a-6731-e7b5f38951a6
2026-08-16 05:17:59.084263,49.0,9,1g.11gb,yolo-inference-755b67b9bb-pwhtx,default,yolo,580.173.02,GPU-d59cb1c4-ad97-d91a-6731-e7b5f38951a6
2026-08-16 05:18:04.083649,49.0,10,1g.11gb,yolo-inference-755b67b9bb-sf8hz,default,yolo,580.173.02,GPU-d59cb1c4-ad97-d91a-6731-e7b5f38951a6
2026-08-16 05:18:04.083649,49.0,11,1g.11gb,yolo-inference-755b67b9bb-mdq5n,default,yolo,580.173.02,GPU-d59cb1c4-ad97-d91a-6731-e7b5f38951a6
2026-08-16 05:18:04.083649,49.0,12,1g.11gb,yolo-inference-755b67b9bb-l2sjx,default,yolo,580.173.02,GPU-d59cb1c4-ad97-d91a-6731-e7b5f38951a6
2026-08-16 05:18:04.083649,49.0,13,1g.11gb,yolo-inference-755b67b9bb-vgskt,default,yolo,580.173.02,GPU-d59cb1c4-ad97-d91a-6731-e7b5f38951a6
2026-08-16 05:18:04.083649,49.0,7,1g.11gb,,,,580.173.02,GPU-d59cb1c4-ad97-d91a-6731-e7b5f38951a6
2026-08-16 05:18:04.083649,49.0,8,1g.11gb,yolo-inference-755b67b9bb-ttrzf,default,yolo,580.173.02,GPU-d59cb1c4-ad97-d91a-6731-e7b5f38951a6
2026-08-16 05:18:04.083649,49.0,9,1g.11gb,yolo-inference-755b67b9bb-pwhtx,default,yolo,580.173.02,GPU-d59cb1c4-ad97-d91a-6731-e7b5f38951a6
2026-08-16 05:18:09.086922,49.0,10,1g.11gb,yolo-inference-755b67b9bb-sf8hz,default,yolo,580.173.02,GPU-d59cb1c4-ad97-d91a-6731-e7b5f38951a6
2026-08-16 05:18:09.086922,49.0,11,1g.11gb,yolo-inference-755b67b9bb-mdq5n,default,yolo,580.173.02,GPU-d59cb1c4-ad97-d91a-6731-e7b5f38951a6
2026-08-16 05:18:09.086922,49.0,12,1g.11gb,yolo-inference-755b67b9bb-l2sjx,default,yolo,580.173.02,GPU-d59cb1c4-ad97-d91a-6731-e7b5f38951a6
2026-08-16 05:18:09.086922,49.0,13,1g.11gb,yolo-inference-755b67b9bb-vgskt,default,yolo,580.173.02,GPU-d59cb1c4-ad97-d91a-6731-e7b5f38951a6
2026-08-16 05:18:09.086922,49.0,7,1g.11gb,,,,580.173.02,GPU-d59cb1c4-ad97-d91a-6731-e7b5f38951a6
2026-08-16 05:18:09.086922,49.0,8,1g.11gb,yolo-inference-755b67b9bb-ttrzf,default,yolo,580.173.02,GPU-d59cb1c4-ad97-d91a-6731-e7b5f38951a6
2026-08-16 05:18:09.086922,49.0,9,1g.11gb,yolo-inference-755b67b9bb-pwhtx,default,yolo,580.173.02,GPU-d59cb1c4-ad97-d91a-6731-e7b5f38951a6
2026-08-16 05:18:14.086678,49.0,10,1g.11gb,yolo-inference-755b67b9bb-sf8hz,default,yolo,580.173.02,GPU-d59cb1c4-ad97-d91a-6731-e7b5f38951a6
2026-08-16 05:18:14.086678,49.0,11,1g.11gb,yolo-inference-755b67b9bb-mdq5n,default,yolo,580.173.02,GPU-d59cb1c4-ad97-d91a-6731-e7b5f38951a6
2026-08-16 05:18:14.086678,49.0,12,1g.11gb,yolo-inference-755b67b9bb-l2sjx,default,yolo,580.173.02,GPU-d59cb1c4-ad97-d91a-6731-e7b5f38951a6
2026-08-16 05:18:14.086678,49.0,13,1g.11gb,yolo-inference-755b67b9bb-vgskt,default,yolo,580.173.02,GPU-d59cb1c4-ad97-d91a-6731-e7b5f38951a6
2026-08-16 05:18:14.086678,49.0,7,1g.11gb,,,,580.173.02,GPU-d59cb1c4-ad97-d91a-6731-e7b5f38951a6
2026-08-16 05:18:14.086678,49.0,8,1g.11gb,yolo-inference-755b67b9bb-ttrzf,default,yolo,580.173.02,GPU-d59cb1c4-ad97-d91a-6731-e7b5f38951a6
2026-08-16 05:18:14.086678,49.0,9,1g.11gb,yolo-inference-755b67b9bb-pwhtx,default,yolo,580.173.02,GPU-d59cb1c4-ad97-d91a-6731-e7b5f38951a6
2026-08-16 05:18:19.086550,49.0,10,1g.11gb,yolo-inference-755b67b9bb-sf8hz,default,yolo,580.173.02,GPU-d59cb1c4-ad97-d91a-6731-e7b5f38951a6
2026-08-16 05:18:19.086550,49.0,11,1g.11gb,yolo-inference-755b67b9bb-mdq5n,default,yolo,580.173.02,GPU-d59cb1c4-ad97-d91a-6731-e7b5f38951a6
2026-08-16 05:18:19.086550,49.0,12,1g.11gb,yolo-inference-755b67b9bb-l2sjx,default,yolo,580.173.02,GPU-d59cb1c4-ad97-d91a-6731-e7b5f38951a6
2026-08-16 05:18:19.086550,49.0,13,1g.11gb,yolo-inference-755b67b9bb-vgskt,default,yolo,580.173.02,GPU-d59cb1c4-ad97-d91a-6731-e7b5f38951a6
2026-08-16 05:18:19.086550,49.0,7,1g.11gb,,,,580.173.02,GPU-d59cb1c4-ad97-d91a-6731-e7b5f38951a6
2026-08-16 05:18:19.086550,49.0,8,1g.11gb,yolo-inference-755b67b9bb-ttrzf,default,yolo,580.173.02,GPU-d59cb1c4-ad97-d91a-6731-e7b5f38951a6
2026-08-16 05:18:19.086550,49.0,9,1g.11gb,yolo-inference-755b67b9bb-pwhtx,default,yolo,580.173.02,GPU-d59cb1c4-ad97-d91a-6731-e7b5f38951a6
2026-08-16 05:18:24.088026,49.0,10,1g.11gb,yolo-inference-755b67b9bb-sf8hz,default,yolo,580.173.02,GPU-d59cb1c4-ad97-d91a-6731-e7b5f38951a6
2026-08-16 05:18:24.088026,49.0,11,1g.11gb,yolo-inference-755b67b9bb-mdq5n,default,yolo,580.173.02,GPU-d59cb1c4-ad97-d91a-6731-e7b5f38951a6
2026-08-16 05:18:24.088026,49.0,12,1g.11gb,yolo-inference-755b67b9bb-l2sjx,default,yolo,580.173.02,GPU-d59cb1c4-ad97-d91a-6731-e7b5f38951a6
2026-08-16 05:18:24.088026,49.0,13,1g.11gb,yolo-inference-755b67b9bb-vgskt,default,yolo,580.173.02,GPU-d59cb1c4-ad97-d91a-6731-e7b5f38951a6
2026-08-16 05:18:24.088026,49.0,7,1g.11gb,,,,580.173.02,GPU-d59cb1c4-ad97-d91a-6731-e7b5f38951a6
2026-08-16 05:18:24.088026,49.0,8,1g.11gb,yolo-inference-755b67b9bb-ttrzf,default,yolo,580.173.02,GPU-d59cb1c4-ad97-d91a-6731-e7b5f38951a6
2026-08-16 05:18:24.088026,49.0,9,1g.11gb,yolo-inference-755b67b9bb-pwhtx,default,yolo,580.173.02,GPU-d59cb1c4-ad97-d91a-6731-e7b5f38951a6
2026-08-16 05:18:29.083437,49.0,10,1g.11gb,yolo-inference-755b67b9bb-sf8hz,default,yolo,580.173.02,GPU-d59cb1c4-ad97-d91a-6731-e7b5f38951a6
2026-08-16 05:18:29.083437,49.0,11,1g.11gb,yolo-inference-755b67b9bb-mdq5n,default,yolo,580.173.02,GPU-d59cb1c4-ad97-d91a-6731-e7b5f38951a6
2026-08-16 05:18:29.083437,49.0,12,1g.11gb,yolo-inference-755b67b9bb-l2sjx,default,yolo,580.173.02,GPU-d59cb1c4-ad97-d91a-6731-e7b5f38951a6
2026-08-16 05:18:29.083437,49.0,13,1g.11gb,yolo-inference-755b67b9bb-vgskt,default,yolo,580.173.02,GPU-d59cb1c4-ad97-d91a-6731-e7b5f38951a6
2026-08-16 05:18:29.083437,49.0,7,1g.11gb,,,,580.173.02,GPU-d59cb1c4-ad97-d91a-6731-e7b5f38951a6
2026-08-16 05:18:29.083437,49.0,8,1g.11gb,yolo-inference-755b67b9bb-ttrzf,default,yolo,580.173.02,GPU-d59cb1c4-ad97-d91a-6731-e7b5f38951a6
2026-08-16 05:18:29.083437,49.0,9,1g.11gb,yolo-inference-755b67b9bb-pwhtx,default,yolo,580.173.02,GPU-d59cb1c4-ad97-d91a-6731-e7b5f38951a6
2026-08-16 05:18:34.088023,49.0,10,1g.11gb,yolo-inference-755b67b9bb-sf8hz,default,yolo,580.173.02,GPU-d59cb1c4-ad97-d91a-6731-e7b5f38951a6
2026-08-16 05:18:34.088023,49.0,11,1g.11gb,yolo-inference-755b67b9bb-mdq5n,default,yolo,580.173.02,GPU-d59cb1c4-ad97-d91a-6731-e7b5f38951a6
2026-08-16 05:18:34.088023,49.0,12,1g.11gb,yolo-inference-755b67b9bb-l2sjx,default,yolo,580.173.02,GPU-d59cb1c4-ad97-d91a-6731-e7b5f38951a6
2026-08-16 05:18:34.088023,49.0,13,1g.11gb,yolo-inference-755b67b9bb-vgskt,default,yolo,580.173.02,GPU-d59cb1c4-ad97-d91a-6731-e7b5f38951a6
2026-08-16 05:18:34.088023,49.0,7,1g.11gb,,,,580.173.02,GPU-d59cb1c4-ad97-d91a-6731-e7b5f38951a6
2026-08-16 05:18:34.088023,49.0,8,1g.11gb,yolo-inference-755b67b9bb-ttrzf,default,yolo,580.173.02,GPU-d59cb1c4-ad97-d91a-6731-e7b5f38951a6
2026-08-16 05:18:34.088023,49.0,9,1g.11gb,yolo-inference-755b67b9bb-pwhtx,default,yolo,580.173.02,GPU-d59cb1c4-ad97-d91a-6731-e7b5f38951a6
2026-08-16 05:18:39.088024,49.0,10,1g.11gb,yolo-inference-755b67b9bb-sf8hz,default,yolo,580.173.02,GPU-d59cb1c4-ad97-d91a-6731-e7b5f38951a6
2026-08-16 05:18:39.088024,49.0,11,1g.11gb,yolo-inference-755b67b9bb-mdq5n,default,yolo,580.173.02,GPU-d59cb1c4-ad97-d91a-6731-e7b5f38951a6
2026-08-16 05:18:39.088024,49.0,12,1g.11gb,yolo-inference-755b67b9bb-l2sjx,default,yolo,580.173.02,GPU-d59cb1c4-ad97-d91a-6731-e7b5f38951a6
2026-08-16 05:18:39.088024,49.0,13,1g.11gb,yolo-inference-755b67b9bb-vgskt,default,yolo,580.173.02,GPU-d59cb1c4-ad97-d91a-6731-e7b5f38951a6
2026-08-16 05:18:39.088024,49.0,7,1g.11gb,,,,580.173.02,GPU-d59cb1c4-ad97-d91a-6731-e7b5f38951a6
2026-08-16 05:18:39.088024,49.0,8,1g.11gb,yolo-inference-755b67b9bb-ttrzf,default,yolo,580.173.02,GPU-d59cb1c4-ad97-d91a-6731-e7b5f38951a6
2026-08-16 05:18:39.088024,49.0,9,1g.11gb,yolo-inference-755b67b9bb-pwhtx,default,yolo,580.173.02,GPU-d59cb1c4-ad97-d91a-6731-e7b5f38951a6
2026-08-16 05:18:44.087877,49.0,10,1g.11gb,yolo-inference-755b67b9bb-sf8hz,default,yolo,580.173.02,GPU-d59cb1c4-ad97-d91a-6731-e7b5f38951a6
2026-08-16 05:18:44.087877,49.0,11,1g.11gb,yolo-inference-755b67b9bb-mdq5n,default,yolo,580.173.02,GPU-d59cb1c4-ad97-d91a-6731-e7b5f38951a6
2026-08-16 05:18:44.087877,49.0,12,1g.11gb,yolo-inference-755b67b9bb-l2sjx,default,yolo,580.173.02,GPU-d59cb1c4-ad97-d91a-6731-e7b5f38951a6
2026-08-16 05:18:44.087877,49.0,13,1g.11gb,yolo-inference-755b67b9bb-vgskt,default,yolo,580.173.02,GPU-d59cb1c4-ad97-d91a-6731-e7b5f38951a6
2026-08-16 05:18:44.087877,49.0,7,1g.11gb,,,,580.173.02,GPU-d59cb1c4-ad97-d91a-6731-e7b5f38951a6
2026-08-16 05:18:44.087877,49.0,8,1g.11gb,yolo-inference-755b67b9bb-ttrzf,default,yolo,580.173.02,GPU-d59cb1c4-ad97-d91a-6731-e7b5f38951a6
2026-08-16 05:18:44.087877,49.0,9,1g.11gb,yolo-inference-755b67b9bb-pwhtx,default,yolo,580.173.02,GPU-d59cb1c4-ad97-d91a-6731-e7b5f38951a6
2026-08-16 05:18:49.083417,49.0,10,1g.11gb,yolo-inference-755b67b9bb-sf8hz,default,yolo,580.173.02,GPU-d59cb1c4-ad97-d91a-6731-e7b5f38951a6
2026-08-16 05:18:49.083417,49.0,11,1g.11gb,yolo-inference-755b67b9bb-mdq5n,default,yolo,580.173.02,GPU-d59cb1c4-ad97-d91a-6731-e7b5f38951a6
2026-08-16 05:18:49.083417,49.0,12,1g.11gb,yolo-inference-755b67b9bb-l2sjx,default,yolo,580.173.02,GPU-d59cb1c4-ad97-d91a-6731-e7b5f38951a6
2026-08-16 05:18:49.083417,49.0,13,1g.11gb,yolo-inference-755b67b9bb-vgskt,default,yolo,580.173.02,GPU-d59cb1c4-ad97-d91a-6731-e7b5f38951a6
2026-08-16 05:18:49.083417,49.0,7,1g.11gb,,,,580.173.02,GPU-d59cb1c4-ad97-d91a-6731-e7b5f38951a6
2026-08-16 05:18:49.083417,49.0,8,1g.11gb,yolo-inference-755b67b9bb-ttrzf,default,yolo,580.173.02,GPU-d59cb1c4-ad97-d91a-6731-e7b5f38951a6
2026-08-16 05:18:49.083417,49.0,9,1g.11gb,yolo-inference-755b67b9bb-pwhtx,default,yolo,580.173.02,GPU-d59cb1c4-ad97-d91a-6731-e7b5f38951a6
2026-08-16 05:18:54.083220,49.0,10,1g.11gb,yolo-inference-755b67b9bb-sf8hz,default,yolo,580.173.02,GPU-d59cb1c4-ad97-d91a-6731-e7b5f38951a6
2026-08-16 05:18:54.083220,49.0,11,1g.11gb,yolo-inference-755b67b9bb-mdq5n,default,yolo,580.173.02,GPU-d59cb1c4-ad97-d91a-6731-e7b5f38951a6
2026-08-16 05:18:54.083220,49.0,12,1g.11gb,yolo-inference-755b67b9bb-l2sjx,default,yolo,580.173.02,GPU-d59cb1c4-ad97-d91a-6731-e7b5f38951a6
2026-08-16 05:18:54.083220,49.0,13,1g.11gb,yolo-inference-755b67b9bb-vgskt,default,yolo,580.173.02,GPU-d59cb1c4-ad97-d91a-6731-e7b5f38951a6
2026-08-16 05:18:54.083220,49.0,7,1g.11gb,,,,580.173.02,GPU-d59cb1c4-ad97-d91a-6731-e7b5f38951a6
2026-08-16 05:18:54.083220,49.0,8,1g.11gb,yolo-inference-755b67b9bb-ttrzf,default,yolo,580.173.02,GPU-d59cb1c4-ad97-d91a-6731-e7b5f38951a6
2026-08-16 05:18:54.083220,49.0,9,1g.11gb,yolo-inference-755b67b9bb-pwhtx,default,yolo,580.173.02,GPU-d59cb1c4-ad97-d91a-6731-e7b5f38951a6
2026-08-16 05:18:59.088047,49.0,10,1g.11gb,yolo-inference-755b67b9bb-sf8hz,default,yolo,580.173.02,GPU-d59cb1c4-ad97-d91a-6731-e7b5f38951a6
2026-08-16 05:18:59.088047,49.0,11,1g.11gb,yolo-inference-755b67b9bb-mdq5n,default,yolo,580.173.02,GPU-d59cb1c4-ad97-d91a-6731-e7b5f38951a6
2026-08-16 05:18:59.088047,49.0,12,1g.11gb,yolo-inference-755b67b9bb-l2sjx,default,yolo,580.173.02,GPU-d59cb1c4-ad97-d91a-6731-e7b5f38951a6
2026-08-16 05:18:59.088047,49.0,13,1g.11gb,yolo-inference-755b67b9bb-vgskt,default,yolo,580.173.02,GPU-d59cb1c4-ad97-d91a-6731-e7b5f38951a6
2026-08-16 05:18:59.088047,49.0,7,1g.11gb,,,,580.173.02,GPU-d59cb1c4-ad97-d91a-6731-e7b5f38951a6
2026-08-16 05:18:59.088047,49.0,8,1g.11gb,yolo-inference-755b67b9bb-ttrzf,default,yolo,580.173.02,GPU-d59cb1c4-ad97-d91a-6731-e7b5f38951a6
2026-08-16 05:18:59.088047,49.0,9,1g.11gb,yolo-inference-755b67b9bb-pwhtx,default,yolo,580.173.02,GPU-d59cb1c4-ad97-d91a-6731-e7b5f38951a6
2026-08-16 05:19:04.083885,49.0,10,1g.11gb,yolo-inference-755b67b9bb-sf8hz,default,yolo,580.173.02,GPU-d59cb1c4-ad97-d91a-6731-e7b5f38951a6
2026-08-16 05:19:04.083885,49.0,11,1g.11gb,yolo-inference-755b67b9bb-mdq5n,default,yolo,580.173.02,GPU-d59cb1c4-ad97-d91a-6731-e7b5f38951a6
2026-08-16 05:19:04.083885,49.0,12,1g.11gb,yolo-inference-755b67b9bb-l2sjx,default,yolo,580.173.02,GPU-d59cb1c4-ad97-d91a-6731-e7b5f38951a6
2026-08-16 05:19:04.083885,49.0,13,1g.11gb,yolo-inference-755b67b9bb-vgskt,default,yolo,580.173.02,GPU-d59cb1c4-ad97-d91a-6731-e7b5f38951a6
2026-08-16 05:19:04.083885,49.0,7,1g.11gb,,,,580.173.02,GPU-d59cb1c4-ad97-d91a-6731-e7b5f38951a6
2026-08-16 05:19:04.083885,49.0,8,1g.11gb,yolo-inference-755b67b9bb-ttrzf,default,yolo,580.173.02,GPU-d59cb1c4-ad97-d91a-6731-e7b5f38951a6
2026-08-16 05:19:04.083885,49.0,9,1g.11gb,yolo-inference-755b67b9bb-pwhtx,default,yolo,580.173.02,GPU-d59cb1c4-ad97-d91a-6731-e7b5f38951a6
2026-08-16 05:19:09.088045,49.0,10,1g.11gb,yolo-inference-755b67b9bb-sf8hz,default,yolo,580.173.02,GPU-d59cb1c4-ad97-d91a-6731-e7b5f38951a6
2026-08-16 05:19:09.088045,49.0,11,1g.11gb,yolo-inference-755b67b9bb-mdq5n,default,yolo,580.173.02,GPU-d59cb1c4-ad97-d91a-6731-e7b5f38951a6
2026-08-16 05:19:09.088045,49.0,12,1g.11gb,yolo-inference-755b67b9bb-l2sjx,default,yolo,580.173.02,GPU-d59cb1c4-ad97-d91a-6731-e7b5f38951a6
2026-08-16 05:19:09.088045,49.0,13,1g.11gb,yolo-inference-755b67b9bb-vgskt,default,yolo,580.173.02,GPU-d59cb1c4-ad97-d91a-6731-e7b5f38951a6
2026-08-16 05:19:09.088045,49.0,7,1g.11gb,,,,580.173.02,GPU-d59cb1c4-ad97-d91a-6731-e7b5f38951a6
2026-08-16 05:19:09.088045,49.0,8,1g.11gb,yolo-inference-755b67b9bb-ttrzf,default,yolo,580.173.02,GPU-d59cb1c4-ad97-d91a-6731-e7b5f38951a6
2026-08-16 05:19:09.088045,49.0,9,1g.11gb,yolo-inference-755b67b9bb-pwhtx,default,yolo,580.173.02,GPU-d59cb1c4-ad97-d91a-6731-e7b5f38951a6
2026-08-16 05:19:14.088034,49.0,10,1g.11gb,yolo-inference-755b67b9bb-sf8hz,default,yolo,580.173.02,GPU-d59cb1c4-ad97-d91a-6731-e7b5f38951a6
2026-08-16 05:19:14.088034,49.0,11,1g.11gb,yolo-inference-755b67b9bb-mdq5n,default,yolo,580.173.02,GPU-d59cb1c4-ad97-d91a-6731-e7b5f38951a6
2026-08-16 05:19:14.088034,49.0,12,1g.11gb,yolo-inference-755b67b9bb-l2sjx,default,yolo,580.173.02,GPU-d59cb1c4-ad97-d91a-6731-e7b5f38951a6
2026-08-16 05:19:14.088034,49.0,13,1g.11gb,yolo-inference-755b67b9bb-vgskt,default,yolo,580.173.02,GPU-d59cb1c4-ad97-d91a-6731-e7b5f38951a6
2026-08-16 05:19:14.088034,49.0,7,1g.11gb,,,,580.173.02,GPU-d59cb1c4-ad97-d91a-6731-e7b5f38951a6
2026-08-16 05:19:14.088034,49.0,8,1g.11gb,yolo-inference-755b67b9bb-ttrzf,default,yolo,580.173.02,GPU-d59cb1c4-ad97-d91a-6731-e7b5f38951a6
2026-08-16 05:19:14.088034,49.0,9,1g.11gb,yolo-inference-755b67b9bb-pwhtx,default,yolo,580.173.02,GPU-d59cb1c4-ad97-d91a-6731-e7b5f38951a6
2026-08-16 05:19:19.088031,49.0,10,1g.11gb,yolo-inference-755b67b9bb-sf8hz,default,yolo,580.173.02,GPU-d59cb1c4-ad97-d91a-6731-e7b5f38951a6
2026-08-16 05:19:19.088031,49.0,11,1g.11gb,yolo-inference-755b67b9bb-mdq5n,default,yolo,580.173.02,GPU-d59cb1c4-ad97-d91a-6731-e7b5f38951a6
2026-08-16 05:19:19.088031,49.0,12,1g.11gb,yolo-inference-755b67b9bb-l2sjx,default,yolo,580.173.02,GPU-d59cb1c4-ad97-d91a-6731-e7b5f38951a6
2026-08-16 05:19:19.088031,49.0,13,1g.11gb,yolo-inference-755b67b9bb-vgskt,default,yolo,580.173.02,GPU-d59cb1c4-ad97-d91a-6731-e7b5f38951a6
2026-08-16 05:19:19.088031,49.0,7,1g.11gb,,,,580.173.02,GPU-d59cb1c4-ad97-d91a-6731-e7b5f38951a6
2026-08-16 05:19:19.088031,49.0,8,1g.11gb,yolo-inference-755b67b9bb-ttrzf,default,yolo,580.173.02,GPU-d59cb1c4-ad97-d91a-6731-e7b5f38951a6
2026-08-16 05:19:19.088031,49.0,9,1g.11gb,yolo-inference-755b67b9bb-pwhtx,default,yolo,580.173.02,GPU-d59cb1c4-ad97-d91a-6731-e7b5f38951a6
2026-08-16 05:19:24.085317,49.0,10,1g.11gb,yolo-inference-755b67b9bb-sf8hz,default,yolo,580.173.02,GPU-d59cb1c4-ad97-d91a-6731-e7b5f38951a6
2026-08-16 05:19:24.085317,49.0,11,1g.11gb,yolo-inference-755b67b9bb-mdq5n,default,yolo,580.173.02,GPU-d59cb1c4-ad97-d91a-6731-e7b5f38951a6
2026-08-16 05:19:24.085317,49.0,12,1g.11gb,yolo-inference-755b67b9bb-l2sjx,default,yolo,580.173.02,GPU-d59cb1c4-ad97-d91a-6731-e7b5f38951a6
2026-08-16 05:19:24.085317,49.0,13,1g.11gb,yolo-inference-755b67b9bb-vgskt,default,yolo,580.173.02,GPU-d59cb1c4-ad97-d91a-6731-e7b5f38951a6
2026-08-16 05:19:24.085317,49.0,7,1g.11gb,,,,580.173.02,GPU-d59cb1c4-ad97-d91a-6731-e7b5f38951a6
2026-08-16 05:19:24.085317,49.0,8,1g.11gb,yolo-inference-755b67b9bb-ttrzf,default,yolo,580.173.02,GPU-d59cb1c4-ad97-d91a-6731-e7b5f38951a6
2026-08-16 05:19:24.085317,49.0,9,1g.11gb,yolo-inference-755b67b9bb-pwhtx,default,yolo,580.173.02,GPU-d59cb1c4-ad97-d91a-6731-e7b5f38951a6
2026-08-16 05:19:29.088025,49.0,10,1g.11gb,yolo-inference-755b67b9bb-sf8hz,default,yolo,580.173.02,GPU-d59cb1c4-ad97-d91a-6731-e7b5f38951a6
2026-08-16 05:19:29.088025,49.0,11,1g.11gb,yolo-inference-755b67b9bb-mdq5n,default,yolo,580.173.02,GPU-d59cb1c4-ad97-d91a-6731-e7b5f38951a6
2026-08-16 05:19:29.088025,49.0,12,1g.11gb,yolo-inference-755b67b9bb-l2sjx,default,yolo,580.173.02,GPU-d59cb1c4-ad97-d91a-6731-e7b5f38951a6
2026-08-16 05:19:29.088025,49.0,13,1g.11gb,yolo-inference-755b67b9bb-vgskt,default,yolo,580.173.02,GPU-d59cb1c4-ad97-d91a-6731-e7b5f38951a6
2026-08-16 05:19:29.088025,49.0,7,1g.11gb,,,,580.173.02,GPU-d59cb1c4-ad97-d91a-6731-e7b5f38951a6
2026-08-16 05:19:29.088025,49.0,8,1g.11gb,yolo-inference-755b67b9bb-ttrzf,default,yolo,580.173.02,GPU-d59cb1c4-ad97-d91a-6731-e7b5f38951a6
2026-08-16 05:19:29.088025,49.0,9,1g.11gb,yolo-inference-755b67b9bb-pwhtx,default,yolo,580.173.02,GPU-d59cb1c4-ad97-d91a-6731-e7b5f38951a6
2026-08-16 05:19:34.088021,49.0,10,1g.11gb,yolo-inference-755b67b9bb-sf8hz,default,yolo,580.173.02,GPU-d59cb1c4-ad97-d91a-6731-e7b5f38951a6
2026-08-16 05:19:34.088021,49.0,11,1g.11gb,yolo-inference-755b67b9bb-mdq5n,default,yolo,580.173.02,GPU-d59cb1c4-ad97-d91a-6731-e7b5f38951a6
2026-08-16 05:19:34.088021,49.0,12,1g.11gb,yolo-inference-755b67b9bb-l2sjx,default,yolo,580.173.02,GPU-d59cb1c4-ad97-d91a-6731-e7b5f38951a6
2026-08-16 05:19:34.088021,49.0,13,1g.11gb,yolo-inference-755b67b9bb-vgskt,default,yolo,580.173.02,GPU-d59cb1c4-ad97-d91a-6731-e7b5f38951a6
2026-08-16 05:19:34.088021,49.0,7,1g.11gb,,,,580.173.02,GPU-d59cb1c4-ad97-d91a-6731-e7b5f38951a6
2026-08-16 05:19:34.088021,49.0,8,1g.11gb,yolo-inference-755b67b9bb-ttrzf,default,yolo,580.173.02,GPU-d59cb1c4-ad97-d91a-6731-e7b5f38951a6
2026-08-16 05:19:34.088021,49.0,9,1g.11gb,yolo-inference-755b67b9bb-pwhtx,default,yolo,580.173.02,GPU-d59cb1c4-ad97-d91a-6731-e7b5f38951a6
2026-08-16 05:19:39.088018,49.0,10,1g.11gb,yolo-inference-755b67b9bb-sf8hz,default,yolo,580.173.02,GPU-d59cb1c4-ad97-d91a-6731-e7b5f38951a6
2026-08-16 05:19:39.088018,49.0,11,1g.11gb,yolo-inference-755b67b9bb-mdq5n,default,yolo,580.173.02,GPU-d59cb1c4-ad97-d91a-6731-e7b5f38951a6
2026-08-16 05:19:39.088018,49.0,12,1g.11gb,yolo-inference-755b67b9bb-l2sjx,default,yolo,580.173.02,GPU-d59cb1c4-ad97-d91a-6731-e7b5f38951a6
2026-08-16 05:19:39.088018,49.0,13,1g.11gb,yolo-inference-755b67b9bb-vgskt,default,yolo,580.173.02,GPU-d59cb1c4-ad97-d91a-6731-e7b5f38951a6
2026-08-16 05:19:39.088018,49.0,7,1g.11gb,,,,580.173.02,GPU-d59cb1c4-ad97-d91a-6731-e7b5f38951a6
2026-08-16 05:19:39.088018,49.0,8,1g.11gb,yolo-inference-755b67b9bb-ttrzf,default,yolo,580.173.02,GPU-d59cb1c4-ad97-d91a-6731-e7b5f38951a6
2026-08-16 05:19:39.088018,49.0,9,1g.11gb,yolo-inference-755b67b9bb-pwhtx,default,yolo,580.173.02,GPU-d59cb1c4-ad97-d91a-6731-e7b5f38951a6
2026-08-16 05:19:44.088053,49.0,10,1g.11gb,yolo-inference-755b67b9bb-sf8hz,default,yolo,580.173.02,GPU-d59cb1c4-ad97-d91a-6731-e7b5f38951a6
2026-08-16 05:19:44.088053,49.0,11,1g.11gb,yolo-inference-755b67b9bb-mdq5n,default,yolo,580.173.02,GPU-d59cb1c4-ad97-d91a-6731-e7b5f38951a6
2026-08-16 05:19:44.088053,49.0,12,1g.11gb,yolo-inference-755b67b9bb-l2sjx,default,yolo,580.173.02,GPU-d59cb1c4-ad97-d91a-6731-e7b5f38951a6
2026-08-16 05:19:44.088053,49.0,13,1g.11gb,yolo-inference-755b67b9bb-vgskt,default,yolo,580.173.02,GPU-d59cb1c4-ad97-d91a-6731-e7b5f38951a6
2026-08-16 05:19:44.088053,49.0,7,1g.11gb,,,,580.173.02,GPU-d59cb1c4-ad97-d91a-6731-e7b5f38951a6
2026-08-16 05:19:44.088053,49.0,8,1g.11gb,yolo-inference-755b67b9bb-ttrzf,default,yolo,580.173.02,GPU-d59cb1c4-ad97-d91a-6731-e7b5f38951a6
2026-08-16 05:19:44.088053,49.0,9,1g.11gb,yolo-inference-755b67b9bb-pwhtx,default,yolo,580.173.02,GPU-d59cb1c4-ad97-d91a-6731-e7b5f38951a6
2026-08-16 05:19:49.086947,49.0,10,1g.11gb,yolo-inference-755b67b9bb-sf8hz,default,yolo,580.173.02,GPU-d59cb1c4-ad97-d91a-6731-e7b5f38951a6
2026-08-16 05:19:49.086947,49.0,11,1g.11gb,yolo-inference-755b67b9bb-mdq5n,default,yolo,580.173.02,GPU-d59cb1c4-ad97-d91a-6731-e7b5f38951a6
2026-08-16 05:19:49.086947,49.0,12,1g.11gb,yolo-inference-755b67b9bb-l2sjx,default,yolo,580.173.02,GPU-d59cb1c4-ad97-d91a-6731-e7b5f38951a6
2026-08-16 05:19:49.086947,49.0,13,1g.11gb,yolo-inference-755b67b9bb-vgskt,default,yolo,580.173.02,GPU-d59cb1c4-ad97-d91a-6731-e7b5f38951a6
2026-08-16 05:19:49.086947,49.0,7,1g.11gb,,,,580.173.02,GPU-d59cb1c4-ad97-d91a-6731-e7b5f38951a6
2026-08-16 05:19:49.086947,49.0,8,1g.11gb,yolo-inference-755b67b9bb-ttrzf,default,yolo,580.173.02,GPU-d59cb1c4-ad97-d91a-6731-e7b5f38951a6
2026-08-16 05:19:49.086947,49.0,9,1g.11gb,yolo-inference-755b67b9bb-pwhtx,default,yolo,580.173.02,GPU-d59cb1c4-ad97-d91a-6731-e7b5f38951a6
2026-08-16 05:19:54.084291,49.0,10,1g.11gb,yolo-inference-755b67b9bb-sf8hz,default,yolo,580.173.02,GPU-d59cb1c4-ad97-d91a-6731-e7b5f38951a6
2026-08-16 05:19:54.084291,49.0,11,1g.11gb,yolo-inference-755b67b9bb-mdq5n,default,yolo,580.173.02,GPU-d59cb1c4-ad97-d91a-6731-e7b5f38951a6
2026-08-16 05:19:54.084291,49.0,12,1g.11gb,yolo-inference-755b67b9bb-l2sjx,default,yolo,580.173.02,GPU-d59cb1c4-ad97-d91a-6731-e7b5f38951a6
2026-08-16 05:19:54.084291,49.0,13,1g.11gb,yolo-inference-755b67b9bb-vgskt,default,yolo,580.173.02,GPU-d59cb1c4-ad97-d91a-6731-e7b5f38951a6
2026-08-16 05:19:54.084291,49.0,7,1g.11gb,,,,580.173.02,GPU-d59cb1c4-ad97-d91a-6731-e7b5f38951a6
2026-08-16 05:19:54.084291,49.0,8,1g.11gb,yolo-inference-755b67b9bb-ttrzf,default,yolo,580.173.02,GPU-d59cb1c4-ad97-d91a-6731-e7b5f38951a6
2026-08-16 05:19:54.084291,49.0,9,1g.11gb,yolo-inference-755b67b9bb-pwhtx,default,yolo,580.173.02,GPU-d59cb1c4-ad97-d91a-6731-e7b5f38951a6
2026-08-16 05:19:59.084374,49.0,10,1g.11gb,yolo-inference-755b67b9bb-sf8hz,default,yolo,580.173.02,GPU-d59cb1c4-ad97-d91a-6731-e7b5f38951a6
2026-08-16 05:19:59.084374,49.0,11,1g.11gb,yolo-inference-755b67b9bb-mdq5n,default,yolo,580.173.02,GPU-d59cb1c4-ad97-d91a-6731-e7b5f38951a6
2026-08-16 05:19:59.084374,49.0,12,1g.11gb,yolo-inference-755b67b9bb-l2sjx,default,yolo,580.173.02,GPU-d59cb1c4-ad97-d91a-6731-e7b5f38951a6
2026-08-16 05:19:59.084374,49.0,13,1g.11gb,yolo-inference-755b67b9bb-vgskt,default,yolo,580.173.02,GPU-d59cb1c4-ad97-d91a-6731-e7b5f38951a6
2026-08-16 05:19:59.084374,49.0,7,1g.11gb,,,,580.173.02,GPU-d59cb1c4-ad97-d91a-6731-e7b5f38951a6
2026-08-16 05:19:59.084374,49.0,8,1g.11gb,yolo-inference-755b67b9bb-ttrzf,default,yolo,580.173.02,GPU-d59cb1c4-ad97-d91a-6731-e7b5f38951a6
2026-08-16 05:19:59.084374,49.0,9,1g.11gb,yolo-inference-755b67b9bb-pwhtx,default,yolo,580.173.02,GPU-d59cb1c4-ad97-d91a-6731-e7b5f38951a6
2026-08-16 05:20:04.088033,49.0,10,1g.11gb,yolo-inference-755b67b9bb-sf8hz,default,yolo,580.173.02,GPU-d59cb1c4-ad97-d91a-6731-e7b5f38951a6
2026-08-16 05:20:04.088033,49.0,11,1g.11gb,yolo-inference-755b67b9bb-mdq5n,default,yolo,580.173.02,GPU-d59cb1c4-ad97-d91a-6731-e7b5f38951a6
2026-08-16 05:20:04.088033,49.0,12,1g.11gb,yolo-inference-755b67b9bb-l2sjx,default,yolo,580.173.02,GPU-d59cb1c4-ad97-d91a-6731-e7b5f38951a6
2026-08-16 05:20:04.088033,49.0,13,1g.11gb,yolo-inference-755b67b9bb-vgskt,default,yolo,580.173.02,GPU-d59cb1c4-ad97-d91a-6731-e7b5f38951a6
2026-08-16 05:20:04.088033,49.0,7,1g.11gb,,,,580.173.02,GPU-d59cb1c4-ad97-d91a-6731-e7b5f38951a6
2026-08-16 05:20:04.088033,49.0,8,1g.11gb,yolo-inference-755b67b9bb-ttrzf,default,yolo,580.173.02,GPU-d59cb1c4-ad97-d91a-6731-e7b5f38951a6
2026-08-16 05:20:04.088033,49.0,9,1g.11gb,yolo-inference-755b67b9bb-pwhtx,default,yolo,580.173.02,GPU-d59cb1c4-ad97-d91a-6731-e7b5f38951a6
2026-08-16 05:20:09.087043,49.0,10,1g.11gb,yolo-inference-755b67b9bb-sf8hz,default,yolo,580.173.02,GPU-d59cb1c4-ad97-d91a-6731-e7b5f38951a6
2026-08-16 05:20:09.087043,49.0,11,1g.11gb,yolo-inference-755b67b9bb-mdq5n,default,yolo,580.173.02,GPU-d59cb1c4-ad97-d91a-6731-e7b5f38951a6
2026-08-16 05:20:09.087043,49.0,12,1g.11gb,yolo-inference-755b67b9bb-l2sjx,default,yolo,580.173.02,GPU-d59cb1c4-ad97-d91a-6731-e7b5f38951a6
2026-08-16 05:20:09.087043,49.0,13,1g.11gb,yolo-inference-755b67b9bb-vgskt,default,yolo,580.173.02,GPU-d59cb1c4-ad97-d91a-6731-e7b5f38951a6
2026-08-16 05:20:09.087043,49.0,7,1g.11gb,,,,580.173.02,GPU-d59cb1c4-ad97-d91a-6731-e7b5f38951a6
2026-08-16 05:20:09.087043,49.0,8,1g.11gb,yolo-inference-755b67b9bb-ttrzf,default,yolo,580.173.02,GPU-d59cb1c4-ad97-d91a-6731-e7b5f38951a6
2026-08-16 05:20:09.087043,49.0,9,1g.11gb,yolo-inference-755b67b9bb-pwhtx,default,yolo,580.173.02,GPU-d59cb1c4-ad97-d91a-6731-e7b5f38951a6
2026-08-16 05:20:14.083987,49.0,10,1g.11gb,yolo-inference-755b67b9bb-sf8hz,default,yolo,580.173.02,GPU-d59cb1c4-ad97-d91a-6731-e7b5f38951a6
2026-08-16 05:20:14.083987,49.0,11,1g.11gb,yolo-inference-755b67b9bb-mdq5n,default,yolo,580.173.02,GPU-d59cb1c4-ad97-d91a-6731-e7b5f38951a6
2026-08-16 05:20:14.083987,49.0,12,1g.11gb,yolo-inference-755b67b9bb-l2sjx,default,yolo,580.173.02,GPU-d59cb1c4-ad97-d91a-6731-e7b5f38951a6
2026-08-16 05:20:14.083987,49.0,13,1g.11gb,yolo-inference-755b67b9bb-vgskt,default,yolo,580.173.02,GPU-d59cb1c4-ad97-d91a-6731-e7b5f38951a6
2026-08-16 05:20:14.083987,49.0,7,1g.11gb,,,,580.173.02,GPU-d59cb1c4-ad97-d91a-6731-e7b5f38951a6
2026-08-16 05:20:14.083987,49.0,8,1g.11gb,yolo-inference-755b67b9bb-ttrzf,default,yolo,580.173.02,GPU-d59cb1c4-ad97-d91a-6731-e7b5f38951a6
2026-08-16 05:20:14.083987,49.0,9,1g.11gb,yolo-inference-755b67b9bb-pwhtx,default,yolo,580.173.02,GPU-d59cb1c4-ad97-d91a-6731-e7b5f38951a6
2026-08-16 05:20:19.086268,49.0,10,1g.11gb,yolo-inference-755b67b9bb-sf8hz,default,yolo,580.173.02,GPU-d59cb1c4-ad97-d91a-6731-e7b5f38951a6
2026-08-16 05:20:19.086268,49.0,11,1g.11gb,yolo-inference-755b67b9bb-mdq5n,default,yolo,580.173.02,GPU-d59cb1c4-ad97-d91a-6731-e7b5f38951a6
2026-08-16 05:20:19.086268,49.0,12,1g.11gb,yolo-inference-755b67b9bb-l2sjx,default,yolo,580.173.02,GPU-d59cb1c4-ad97-d91a-6731-e7b5f38951a6
2026-08-16 05:20:19.086268,49.0,13,1g.11gb,yolo-inference-755b67b9bb-vgskt,default,yolo,580.173.02,GPU-d59cb1c4-ad97-d91a-6731-e7b5f38951a6
2026-08-16 05:20:19.086268,49.0,7,1g.11gb,,,,580.173.02,GPU-d59cb1c4-ad97-d91a-6731-e7b5f38951a6
2026-08-16 05:20:19.086268,49.0,8,1g.11gb,yolo-inference-755b67b9bb-ttrzf,default,yolo,580.173.02,GPU-d59cb1c4-ad97-d91a-6731-e7b5f38951a6
2026-08-16 05:20:19.086268,49.0,9,1g.11gb,yolo-inference-755b67b9bb-pwhtx,default,yolo,580.173.02,GPU-d59cb1c4-ad97-d91a-6731-e7b5f38951a6
2026-08-16 05:20:24.088027,49.0,10,1g.11gb,yolo-inference-755b67b9bb-sf8hz,default,yolo,580.173.02,GPU-d59cb1c4-ad97-d91a-6731-e7b5f38951a6
2026-08-16 05:20:24.088027,49.0,11,1g.11gb,yolo-inference-755b67b9bb-mdq5n,default,yolo,580.173.02,GPU-d59cb1c4-ad97-d91a-6731-e7b5f38951a6
2026-08-16 05:20:24.088027,49.0,12,1g.11gb,yolo-inference-755b67b9bb-l2sjx,default,yolo,580.173.02,GPU-d59cb1c4-ad97-d91a-6731-e7b5f38951a6
2026-08-16 05:20:24.088027,49.0,13,1g.11gb,yolo-inference-755b67b9bb-vgskt,default,yolo,580.173.02,GPU-d59cb1c4-ad97-d91a-6731-e7b5f38951a6
2026-08-16 05:20:24.088027,49.0,7,1g.11gb,,,,580.173.02,GPU-d59cb1c4-ad97-d91a-6731-e7b5f38951a6
2026-08-16 05:20:24.088027,49.0,8,1g.11gb,yolo-inference-755b67b9bb-ttrzf,default,yolo,580.173.02,GPU-d59cb1c4-ad97-d91a-6731-e7b5f38951a6
2026-08-16 05:20:24.088027,49.0,9,1g.11gb,yolo-inference-755b67b9bb-pwhtx,default,yolo,580.173.02,GPU-d59cb1c4-ad97-d91a-6731-e7b5f38951a6
2026-08-16 05:20:29.087885,49.0,10,1g.11gb,yolo-inference-755b67b9bb-sf8hz,default,yolo,580.173.02,GPU-d59cb1c4-ad97-d91a-6731-e7b5f38951a6
2026-08-16 05:20:29.087885,49.0,11,1g.11gb,yolo-inference-755b67b9bb-mdq5n,default,yolo,580.173.02,GPU-d59cb1c4-ad97-d91a-6731-e7b5f38951a6
2026-08-16 05:20:29.087885,49.0,12,1g.11gb,yolo-inference-755b67b9bb-l2sjx,default,yolo,580.173.02,GPU-d59cb1c4-ad97-d91a-6731-e7b5f38951a6
2026-08-16 05:20:29.087885,49.0,13,1g.11gb,yolo-inference-755b67b9bb-vgskt,default,yolo,580.173.02,GPU-d59cb1c4-ad97-d91a-6731-e7b5f38951a6
2026-08-16 05:20:29.087885,49.0,7,1g.11gb,,,,580.173.02,GPU-d59cb1c4-ad97-d91a-6731-e7b5f38951a6
2026-08-16 05:20:29.087885,49.0,8,1g.11gb,yolo-inference-755b67b9bb-ttrzf,default,yolo,580.173.02,GPU-d59cb1c4-ad97-d91a-6731-e7b5f38951a6
2026-08-16 05:20:29.087885,49.0,9,1g.11gb,yolo-inference-755b67b9bb-pwhtx,default,yolo,580.173.02,GPU-d59cb1c4-ad97-d91a-6731-e7b5f38951a6
2026-08-16 05:20:34.086406,49.0,10,1g.11gb,yolo-inference-755b67b9bb-sf8hz,default,yolo,580.173.02,GPU-d59cb1c4-ad97-d91a-6731-e7b5f38951a6
2026-08-16 05:20:34.086406,49.0,11,1g.11gb,yolo-inference-755b67b9bb-mdq5n,default,yolo,580.173.02,GPU-d59cb1c4-ad97-d91a-6731-e7b5f38951a6
2026-08-16 05:20:34.086406,49.0,12,1g.11gb,yolo-inference-755b67b9bb-l2sjx,default,yolo,580.173.02,GPU-d59cb1c4-ad97-d91a-6731-e7b5f38951a6
2026-08-16 05:20:34.086406,49.0,13,1g.11gb,yolo-inference-755b67b9bb-vgskt,default,yolo,580.173.02,GPU-d59cb1c4-ad97-d91a-6731-e7b5f38951a6
2026-08-16 05:20:34.086406,49.0,7,1g.11gb,,,,580.173.02,GPU-d59cb1c4-ad97-d91a-6731-e7b5f38951a6
2026-08-16 05:20:34.086406,49.0,8,1g.11gb,yolo-inference-755b67b9bb-ttrzf,default,yolo,580.173.02,GPU-d59cb1c4-ad97-d91a-6731-e7b5f38951a6
2026-08-16 05:20:34.086406,49.0,9,1g.11gb,yolo-inference-755b67b9bb-pwhtx,default,yolo,580.173.02,GPU-d59cb1c4-ad97-d91a-6731-e7b5f38951a6
2026-08-16 05:20:39.088031,49.0,10,1g.11gb,yolo-inference-755b67b9bb-sf8hz,default,yolo,580.173.02,GPU-d59cb1c4-ad97-d91a-6731-e7b5f38951a6
2026-08-16 05:20:39.088031,49.0,11,1g.11gb,yolo-inference-755b67b9bb-mdq5n,default,yolo,580.173.02,GPU-d59cb1c4-ad97-d91a-6731-e7b5f38951a6
2026-08-16 05:20:39.088031,49.0,12,1g.11gb,yolo-inference-755b67b9bb-l2sjx,default,yolo,580.173.02,GPU-d59cb1c4-ad97-d91a-6731-e7b5f38951a6
2026-08-16 05:20:39.088031,49.0,13,1g.11gb,yolo-inference-755b67b9bb-vgskt,default,yolo,580.173.02,GPU-d59cb1c4-ad97-d91a-6731-e7b5f38951a6
2026-08-16 05:20:39.088031,49.0,7,1g.11gb,,,,580.173.02,GPU-d59cb1c4-ad97-d91a-6731-e7b5f38951a6
2026-08-16 05:20:39.088031,49.0,8,1g.11gb,yolo-inference-755b67b9bb-ttrzf,default,yolo,580.173.02,GPU-d59cb1c4-ad97-d91a-6731-e7b5f38951a6
2026-08-16 05:20:39.088031,49.0,9,1g.11gb,yolo-inference-755b67b9bb-pwhtx,default,yolo,580.173.02,GPU-d59cb1c4-ad97-d91a-6731-e7b5f38951a6
2026-08-16 05:20:44.088032,49.0,10,1g.11gb,yolo-inference-755b67b9bb-sf8hz,default,yolo,580.173.02,GPU-d59cb1c4-ad97-d91a-6731-e7b5f38951a6
2026-08-16 05:20:44.088032,49.0,11,1g.11gb,yolo-inference-755b67b9bb-mdq5n,default,yolo,580.173.02,GPU-d59cb1c4-ad97-d91a-6731-e7b5f38951a6
2026-08-16 05:20:44.088032,49.0,12,1g.11gb,yolo-inference-755b67b9bb-l2sjx,default,yolo,580.173.02,GPU-d59cb1c4-ad97-d91a-6731-e7b5f38951a6
2026-08-16 05:20:44.088032,49.0,13,1g.11gb,yolo-inference-755b67b9bb-vgskt,default,yolo,580.173.02,GPU-d59cb1c4-ad97-d91a-6731-e7b5f38951a6
2026-08-16 05:20:44.088032,49.0,7,1g.11gb,,,,580.173.02,GPU-d59cb1c4-ad97-d91a-6731-e7b5f38951a6
2026-08-16 05:20:44.088032,49.0,8,1g.11gb,yolo-inference-755b67b9bb-ttrzf,default,yolo,580.173.02,GPU-d59cb1c4-ad97-d91a-6731-e7b5f38951a6
2026-08-16 05:20:44.088032,49.0,9,1g.11gb,yolo-inference-755b67b9bb-pwhtx,default,yolo,580.173.02,GPU-d59cb1c4-ad97-d91a-6731-e7b5f38951a6
2026-08-16 05:20:49.087098,49.0,10,1g.11gb,yolo-inference-755b67b9bb-sf8hz,default,yolo,580.173.02,GPU-d59cb1c4-ad97-d91a-6731-e7b5f38951a6
2026-08-16 05:20:49.087098,49.0,11,1g.11gb,yolo-inference-755b67b9bb-mdq5n,default,yolo,580.173.02,GPU-d59cb1c4-ad97-d91a-6731-e7b5f38951a6
2026-08-16 05:20:49.087098,49.0,12,1g.11gb,yolo-inference-755b67b9bb-l2sjx,default,yolo,580.173.02,GPU-d59cb1c4-ad97-d91a-6731-e7b5f38951a6
2026-08-16 05:20:49.087098,49.0,13,1g.11gb,yolo-inference-755b67b9bb-vgskt,default,yolo,580.173.02,GPU-d59cb1c4-ad97-d91a-6731-e7b5f38951a6
2026-08-16 05:20:49.087098,49.0,7,1g.11gb,,,,580.173.02,GPU-d59cb1c4-ad97-d91a-6731-e7b5f38951a6
2026-08-16 05:20:49.087098,49.0,8,1g.11gb,yolo-inference-755b67b9bb-ttrzf,default,yolo,580.173.02,GPU-d59cb1c4-ad97-d91a-6731-e7b5f38951a6
2026-08-16 05:20:49.087098,49.0,9,1g.11gb,yolo-inference-755b67b9bb-pwhtx,default,yolo,580.173.02,GPU-d59cb1c4-ad97-d91a-6731-e7b5f38951a6
2026-08-16 05:20:54.088031,49.0,10,1g.11gb,yolo-inference-755b67b9bb-sf8hz,default,yolo,580.173.02,GPU-d59cb1c4-ad97-d91a-6731-e7b5f38951a6
2026-08-16 05:20:54.088031,49.0,11,1g.11gb,yolo-inference-755b67b9bb-mdq5n,default,yolo,580.173.02,GPU-d59cb1c4-ad97-d91a-6731-e7b5f38951a6
2026-08-16 05:20:54.088031,49.0,12,1g.11gb,yolo-inference-755b67b9bb-l2sjx,default,yolo,580.173.02,GPU-d59cb1c4-ad97-d91a-6731-e7b5f38951a6
2026-08-16 05:20:54.088031,49.0,13,1g.11gb,yolo-inference-755b67b9bb-vgskt,default,yolo,580.173.02,GPU-d59cb1c4-ad97-d91a-6731-e7b5f38951a6
2026-08-16 05:20:54.088031,49.0,7,1g.11gb,,,,580.173.02,GPU-d59cb1c4-ad97-d91a-6731-e7b5f38951a6
2026-08-16 05:20:54.088031,49.0,8,1g.11gb,yolo-inference-755b67b9bb-ttrzf,default,yolo,580.173.02,GPU-d59cb1c4-ad97-d91a-6731-e7b5f38951a6
2026-08-16 05:20:54.088031,49.0,9,1g.11gb,yolo-inference-755b67b9bb-pwhtx,default,yolo,580.173.02,GPU-d59cb1c4-ad97-d91a-6731-e7b5f38951a6
2026-08-16 05:20:59.088027,49.0,10,1g.11gb,yolo-inference-755b67b9bb-sf8hz,default,yolo,580.173.02,GPU-d59cb1c4-ad97-d91a-6731-e7b5f38951a6
2026-08-16 05:20:59.088027,49.0,11,1g.11gb,yolo-inference-755b67b9bb-mdq5n,default,yolo,580.173.02,GPU-d59cb1c4-ad97-d91a-6731-e7b5f38951a6
2026-08-16 05:20:59.088027,49.0,12,1g.11gb,yolo-inference-755b67b9bb-l2sjx,default,yolo,580.173.02,GPU-d59cb1c4-ad97-d91a-6731-e7b5f38951a6
2026-08-16 05:20:59.088027,49.0,13,1g.11gb,yolo-inference-755b67b9bb-vgskt,default,yolo,580.173.02,GPU-d59cb1c4-ad97-d91a-6731-e7b5f38951a6
2026-08-16 05:20:59.088027,49.0,7,1g.11gb,,,,580.173.02,GPU-d59cb1c4-ad97-d91a-6731-e7b5f38951a6
2026-08-16 05:20:59.088027,49.0,8,1g.11gb,yolo-inference-755b67b9bb-ttrzf,default,yolo,580.173.02,GPU-d59cb1c4-ad97-d91a-6731-e7b5f38951a6
2026-08-16 05:20:59.088027,49.0,9,1g.11gb,yolo-inference-755b67b9bb-pwhtx,default,yolo,580.173.02,GPU-d59cb1c4-ad97-d91a-6731-e7b5f38951a6
2026-08-16 05:21:04.088072,49.0,10,1g.11gb,yolo-inference-755b67b9bb-sf8hz,default,yolo,580.173.02,GPU-d59cb1c4-ad97-d91a-6731-e7b5f38951a6
2026-08-16 05:21:04.088072,49.0,11,1g.11gb,yolo-inference-755b67b9bb-mdq5n,default,yolo,580.173.02,GPU-d59cb1c4-ad97-d91a-6731-e7b5f38951a6
2026-08-16 05:21:04.088072,49.0,12,1g.11gb,yolo-inference-755b67b9bb-l2sjx,default,yolo,580.173.02,GPU-d59cb1c4-ad97-d91a-6731-e7b5f38951a6
2026-08-16 05:21:04.088072,49.0,13,1g.11gb,yolo-inference-755b67b9bb-vgskt,default,yolo,580.173.02,GPU-d59cb1c4-ad97-d91a-6731-e7b5f38951a6
2026-08-16 05:21:04.088072,49.0,7,1g.11gb,,,,580.173.02,GPU-d59cb1c4-ad97-d91a-6731-e7b5f38951a6
2026-08-16 05:21:04.088072,49.0,8,1g.11gb,yolo-inference-755b67b9bb-ttrzf,default,yolo,580.173.02,GPU-d59cb1c4-ad97-d91a-6731-e7b5f38951a6
2026-08-16 05:21:04.088072,49.0,9,1g.11gb,yolo-inference-755b67b9bb-pwhtx,default,yolo,580.173.02,GPU-d59cb1c4-ad97-d91a-6731-e7b5f38951a6
2026-08-16 05:21:09.088028,49.0,10,1g.11gb,yolo-inference-755b67b9bb-sf8hz,default,yolo,580.173.02,GPU-d59cb1c4-ad97-d91a-6731-e7b5f38951a6
2026-08-16 05:21:09.088028,49.0,11,1g.11gb,yolo-inference-755b67b9bb-mdq5n,default,yolo,580.173.02,GPU-d59cb1c4-ad97-d91a-6731-e7b5f38951a6
2026-08-16 05:21:09.088028,49.0,12,1g.11gb,yolo-inference-755b67b9bb-l2sjx,default,yolo,580.173.02,GPU-d59cb1c4-ad97-d91a-6731-e7b5f38951a6
2026-08-16 05:21:09.088028,49.0,13,1g.11gb,yolo-inference-755b67b9bb-vgskt,default,yolo,580.173.02,GPU-d59cb1c4-ad97-d91a-6731-e7b5f38951a6
2026-08-16 05:21:09.088028,49.0,7,1g.11gb,,,,580.173.02,GPU-d59cb1c4-ad97-d91a-6731-e7b5f38951a6
2026-08-16 05:21:09.088028,49.0,8,1g.11gb,yolo-inference-755b67b9bb-ttrzf,default,yolo,580.173.02,GPU-d59cb1c4-ad97-d91a-6731-e7b5f38951a6
2026-08-16 05:21:09.088028,49.0,9,1g.11gb,yolo-inference-755b67b9bb-pwhtx,default,yolo,580.173.02,GPU-d59cb1c4-ad97-d91a-6731-e7b5f38951a6
2026-08-16 05:21:14.088024,49.0,10,1g.11gb,yolo-inference-755b67b9bb-sf8hz,default,yolo,580.173.02,GPU-d59cb1c4-ad97-d91a-6731-e7b5f38951a6
2026-08-16 05:21:14.088024,49.0,11,1g.11gb,yolo-inference-755b67b9bb-mdq5n,default,yolo,580.173.02,GPU-d59cb1c4-ad97-d91a-6731-e7b5f38951a6
2026-08-16 05:21:14.088024,49.0,12,1g.11gb,yolo-inference-755b67b9bb-l2sjx,default,yolo,580.173.02,GPU-d59cb1c4-ad97-d91a-6731-e7b5f38951a6
2026-08-16 05:21:14.088024,49.0,13,1g.11gb,yolo-inference-755b67b9bb-vgskt,default,yolo,580.173.02,GPU-d59cb1c4-ad97-d91a-6731-e7b5f38951a6
2026-08-16 05:21:14.088024,49.0,7,1g.11gb,,,,580.173.02,GPU-d59cb1c4-ad97-d91a-6731-e7b5f38951a6
2026-08-16 05:21:14.088024,49.0,8,1g.11gb,yolo-inference-755b67b9bb-ttrzf,default,yolo,580.173.02,GPU-d59cb1c4-ad97-d91a-6731-e7b5f38951a6
2026-08-16 05:21:14.088024,49.0,9,1g.11gb,yolo-inference-755b67b9bb-pwhtx,default,yolo,580.173.02,GPU-d59cb1c4-ad97-d91a-6731-e7b5f38951a6
2026-08-16 05:21:19.083312,49.0,10,1g.11gb,yolo-inference-755b67b9bb-sf8hz,default,yolo,580.173.02,GPU-d59cb1c4-ad97-d91a-6731-e7b5f38951a6
2026-08-16 05:21:19.083312,49.0,11,1g.11gb,yolo-inference-755b67b9bb-mdq5n,default,yolo,580.173.02,GPU-d59cb1c4-ad97-d91a-6731-e7b5f38951a6
2026-08-16 05:21:19.083312,49.0,12,1g.11gb,yolo-inference-755b67b9bb-l2sjx,default,yolo,580.173.02,GPU-d59cb1c4-ad97-d91a-6731-e7b5f38951a6
2026-08-16 05:21:19.083312,49.0,13,1g.11gb,yolo-inference-755b67b9bb-vgskt,default,yolo,580.173.02,GPU-d59cb1c4-ad97-d91a-6731-e7b5f38951a6
2026-08-16 05:21:19.083312,49.0,7,1g.11gb,,,,580.173.02,GPU-d59cb1c4-ad97-d91a-6731-e7b5f38951a6
2026-08-16 05:21:19.083312,49.0,8,1g.11gb,yolo-inference-755b67b9bb-ttrzf,default,yolo,580.173.02,GPU-d59cb1c4-ad97-d91a-6731-e7b5f38951a6
2026-08-16 05:21:19.083312,49.0,9,1g.11gb,yolo-inference-755b67b9bb-pwhtx,default,yolo,580.173.02,GPU-d59cb1c4-ad97-d91a-6731-e7b5f38951a6
2026-08-16 05:21:24.084222,49.0,10,1g.11gb,yolo-inference-755b67b9bb-sf8hz,default,yolo,580.173.02,GPU-d59cb1c4-ad97-d91a-6731-e7b5f38951a6
2026-08-16 05:21:24.084222,49.0,11,1g.11gb,yolo-inference-755b67b9bb-mdq5n,default,yolo,580.173.02,GPU-d59cb1c4-ad97-d91a-6731-e7b5f38951a6
2026-08-16 05:21:24.084222,49.0,12,1g.11gb,yolo-inference-755b67b9bb-l2sjx,default,yolo,580.173.02,GPU-d59cb1c4-ad97-d91a-6731-e7b5f38951a6
2026-08-16 05:21:24.084222,49.0,13,1g.11gb,yolo-inference-755b67b9bb-vgskt,default,yolo,580.173.02,GPU-d59cb1c4-ad97-d91a-6731-e7b5f38951a6
2026-08-16 05:21:24.084222,49.0,7,1g.11gb,,,,580.173.02,GPU-d59cb1c4-ad97-d91a-6731-e7b5f38951a6
2026-08-16 05:21:24.084222,49.0,8,1g.11gb,yolo-inference-755b67b9bb-ttrzf,default,yolo,580.173.02,GPU-d59cb1c4-ad97-d91a-6731-e7b5f38951a6
2026-08-16 05:21:24.084222,49.0,9,1g.11gb,yolo-inference-755b67b9bb-pwhtx,default,yolo,580.173.02,GPU-d59cb1c4-ad97-d91a-6731-e7b5f38951a6
2026-08-16 05:21:29.088031,49.0,10,1g.11gb,yolo-inference-755b67b9bb-sf8hz,default,yolo,580.173.02,GPU-d59cb1c4-ad97-d91a-6731-e7b5f38951a6
2026-08-16 05:21:29.088031,49.0,11,1g.11gb,yolo-inference-755b67b9bb-mdq5n,default,yolo,580.173.02,GPU-d59cb1c4-ad97-d91a-6731-e7b5f38951a6
2026-08-16 05:21:29.088031,49.0,12,1g.11gb,yolo-inference-755b67b9bb-l2sjx,default,yolo,580.173.02,GPU-d59cb1c4-ad97-d91a-6731-e7b5f38951a6
2026-08-16 05:21:29.088031,49.0,13,1g.11gb,yolo-inference-755b67b9bb-vgskt,default,yolo,580.173.02,GPU-d59cb1c4-ad97-d91a-6731-e7b5f38951a6
2026-08-16 05:21:29.088031,49.0,7,1g.11gb,,,,580.173.02,GPU-d59cb1c4-ad97-d91a-6731-e7b5f38951a6
2026-08-16 05:21:29.088031,49.0,8,1g.11gb,yolo-inference-755b67b9bb-ttrzf,default,yolo,580.173.02,GPU-d59cb1c4-ad97-d91a-6731-e7b5f38951a6
2026-08-16 05:21:29.088031,49.0,9,1g.11gb,yolo-inference-755b67b9bb-pwhtx,default,yolo,580.173.02,GPU-d59cb1c4-ad97-d91a-6731-e7b5f38951a6
2026-08-16 05:21:34.087886,49.0,10,1g.11gb,yolo-inference-755b67b9bb-sf8hz,default,yolo,580.173.02,GPU-d59cb1c4-ad97-d91a-6731-e7b5f38951a6
2026-08-16 05:21:34.087886,49.0,11,1g.11gb,yolo-inference-755b67b9bb-mdq5n,default,yolo,580.173.02,GPU-d59cb1c4-ad97-d91a-6731-e7b5f38951a6
2026-08-16 05:21:34.087886,49.0,12,1g.11gb,yolo-inference-755b67b9bb-l2sjx,default,yolo,580.173.02,GPU-d59cb1c4-ad97-d91a-6731-e7b5f38951a6
2026-08-16 05:21:34.087886,49.0,13,1g.11gb,yolo-inference-755b67b9bb-vgskt,default,yolo,580.173.02,GPU-d59cb1c4-ad97-d91a-6731-e7b5f38951a6
2026-08-16 05:21:34.087886,49.0,7,1g.11gb,,,,580.173.02,GPU-d59cb1c4-ad97-d91a-6731-e7b5f38951a6
2026-08-16 05:21:34.087886,49.0,8,1g.11gb,yolo-inference-755b67b9bb-ttrzf,default,yolo,580.173.02,GPU-d59cb1c4-ad97-d91a-6731-e7b5f38951a6
2026-08-16 05:21:34.087886,49.0,9,1g.11gb,yolo-inference-755b67b9bb-pwhtx,default,yolo,580.173.02,GPU-d59cb1c4-ad97-d91a-6731-e7b5f38951a6
2026-08-16 05:21:39.088061,49.0,10,1g.11gb,yolo-inference-755b67b9bb-sf8hz,default,yolo,580.173.02,GPU-d59cb1c4-ad97-d91a-6731-e7b5f38951a6
2026-08-16 05:21:39.088061,49.0,11,1g.11gb,yolo-inference-755b67b9bb-mdq5n,default,yolo,580.173.02,GPU-d59cb1c4-ad97-d91a-6731-e7b5f38951a6
2026-08-16 05:21:39.088061,49.0,12,1g.11gb,yolo-inference-755b67b9bb-l2sjx,default,yolo,580.173.02,GPU-d59cb1c4-ad97-d91a-6731-e7b5f38951a6
2026-08-16 05:21:39.088061,49.0,13,1g.11gb,yolo-inference-755b67b9bb-vgskt,default,yolo,580.173.02,GPU-d59cb1c4-ad97-d91a-6731-e7b5f38951a6
2026-08-16 05:21:39.088061,49.0,7,1g.11gb,,,,580.173.02,GPU-d59cb1c4-ad97-d91a-6731-e7b5f38951a6
2026-08-16 05:21:39.088061,49.0,8,1g.11gb,yolo-inference-755b67b9bb-ttrzf,default,yolo,580.173.02,GPU-d59cb1c4-ad97-d91a-6731-e7b5f38951a6
2026-08-16 05:21:39.088061,49.0,9,1g.11gb,yolo-inference-755b67b9bb-pwhtx,default,yolo,580.173.02,GPU-d59cb1c4-ad97-d91a-6731-e7b5f38951a6
2026-08-16 05:21:44.088030,49.0,10,1g.11gb,yolo-inference-755b67b9bb-sf8hz,default,yolo,580.173.02,GPU-d59cb1c4-ad97-d91a-6731-e7b5f38951a6
2026-08-16 05:21:44.088030,49.0,11,1g.11gb,yolo-inference-755b67b9bb-mdq5n,default,yolo,580.173.02,GPU-d59cb1c4-ad97-d91a-6731-e7b5f38951a6
2026-08-16 05:21:44.088030,49.0,12,1g.11gb,yolo-inference-755b67b9bb-l2sjx,default,yolo,580.173.02,GPU-d59cb1c4-ad97-d91a-6731-e7b5f38951a6
2026-08-16 05:21:44.088030,49.0,13,1g.11gb,yolo-inference-755b67b9bb-vgskt,default,yolo,580.173.02,GPU-d59cb1c4-ad97-d91a-6731-e7b5f38951a6
2026-08-16 05:21:44.088030,49.0,7,1g.11gb,,,,580.173.02,GPU-d59cb1c4-ad97-d91a-6731-e7b5f38951a6
2026-08-16 05:21:44.088030,49.0,8,1g.11gb,yolo-inference-755b67b9bb-ttrzf,default,yolo,580.173.02,GPU-d59cb1c4-ad97-d91a-6731-e7b5f38951a6
2026-08-16 05:21:44.088030,49.0,9,1g.11gb,yolo-inference-755b67b9bb-pwhtx,default,yolo,580.173.02,GPU-d59cb1c4-ad97-d91a-6731-e7b5f38951a6
2026-08-16 05:21:49.088055,49.0,10,1g.11gb,yolo-inference-755b67b9bb-sf8hz,default,yolo,580.173.02,GPU-d59cb1c4-ad97-d91a-6731-e7b5f38951a6
2026-08-16 05:21:49.088055,49.0,11,1g.11gb,yolo-inference-755b67b9bb-mdq5n,default,yolo,580.173.02,GPU-d59cb1c4-ad97-d91a-6731-e7b5f38951a6
2026-08-16 05:21:49.088055,49.0,12,1g.11gb,yolo-inference-755b67b9bb-l2sjx,default,yolo,580.173.02,GPU-d59cb1c4-ad97-d91a-6731-e7b5f38951a6
2026-08-16 05:21:49.088055,49.0,13,1g.11gb,yolo-inference-755b67b9bb-vgskt,default,yolo,580.173.02,GPU-d59cb1c4-ad97-d91a-6731-e7b5f38951a6
2026-08-16 05:21:49.088055,49.0,7,1g.11gb,,,,580.173.02,GPU-d59cb1c4-ad97-d91a-6731-e7b5f38951a6
2026-08-16 05:21:49.088055,49.0,8,1g.11gb,yolo-inference-755b67b9bb-ttrzf,default,yolo,580.173.02,GPU-d59cb1c4-ad97-d91a-6731-e7b5f38951a6
2026-08-16 05:21:49.088055,49.0,9,1g.11gb,yolo-inference-755b67b9bb-pwhtx,default,yolo,580.173.02,GPU-d59cb1c4-ad97-d91a-6731-e7b5f38951a6
2026-08-16 05:21:54.088027,49.0,10,1g.11gb,yolo-inference-755b67b9bb-sf8hz,default,yolo,580.173.02,GPU-d59cb1c4-ad97-d91a-6731-e7b5f38951a6
2026-08-16 05:21:54.088027,49.0,11,1g.11gb,yolo-inference-755b67b9bb-mdq5n,default,yolo,580.173.02,GPU-d59cb1c4-ad97-d91a-6731-e7b5f38951a6
2026-08-16 05:21:54.088027,49.0,12,1g.11gb,yolo-inference-755b67b9bb-l2sjx,default,yolo,580.173.02,GPU-d59cb1c4-ad97-d91a-6731-e7b5f38951a6
2026-08-16 05:21:54.088027,49.0,13,1g.11gb,yolo-inference-755b67b9bb-vgskt,default,yolo,580.173.02,GPU-d59cb1c4-ad97-d91a-6731-e7b5f38951a6
2026-08-16 05:21:54.088027,49.0,7,1g.11gb,,,,580.173.02,GPU-d59cb1c4-ad97-d91a-6731-e7b5f38951a6
2026-08-16 05:21:54.088027,49.0,8,1g.11gb,yolo-inference-755b67b9bb-ttrzf,default,yolo,580.173.02,GPU-d59cb1c4-ad97-d91a-6731-e7b5f38951a6
2026-08-16 05:21:54.088027,49.0,9,1g.11gb,yolo-inference-755b67b9bb-pwhtx,default,yolo,580.173.02,GPU-d59cb1c4-ad97-d91a-6731-e7b5f38951a6
2026-08-16 05:21:59.084021,49.0,10,1g.11gb,yolo-inference-755b67b9bb-sf8hz,default,yolo,580.173.02,GPU-d59cb1c4-ad97-d91a-6731-e7b5f38951a6
2026-08-16 05:21:59.084021,49.0,11,1g.11gb,yolo-inference-755b67b9bb-mdq5n,default,yolo,580.173.02,GPU-d59cb1c4-ad97-d91a-6731-e7b5f38951a6
2026-08-16 05:21:59.084021,49.0,12,1g.11gb,yolo-inference-755b67b9bb-l2sjx,default,yolo,580.173.02,GPU-d59cb1c4-ad97-d91a-6731-e7b5f38951a6
2026-08-16 05:21:59.084021,49.0,13,1g.11gb,yolo-inference-755b67b9bb-vgskt,default,yolo,580.173.02,GPU-d59cb1c4-ad97-d91a-6731-e7b5f38951a6
2026-08-16 05:21:59.084021,49.0,7,1g.11gb,,,,580.173.02,GPU-d59cb1c4-ad97-d91a-6731-e7b5f38951a6
2026-08-16 05:21:59.084021,49.0,8,1g.11gb,yolo-inference-755b67b9bb-ttrzf,default,yolo,580.173.02,GPU-d59cb1c4-ad97-d91a-6731-e7b5f38951a6
2026-08-16 05:21:59.084021,49.0,9,1g.11gb,yolo-inference-755b67b9bb-pwhtx,default,yolo,580.173.02,GPU-d59cb1c4-ad97-d91a-6731-e7b5f38951a6
2026-08-16 05:22:04.088062,49.0,10,1g.11gb,yolo-inference-755b67b9bb-sf8hz,default,yolo,580.173.02,GPU-d59cb1c4-ad97-d91a-6731-e7b5f38951a6
2026-08-16 05:22:04.088062,49.0,11,1g.11gb,yolo-inference-755b67b9bb-mdq5n,default,yolo,580.173.02,GPU-d59cb1c4-ad97-d91a-6731-e7b5f38951a6
2026-08-16 05:22:04.088062,49.0,12,1g.11gb,yolo-inference-755b67b9bb-l2sjx,default,yolo,580.173.02,GPU-d59cb1c4-ad97-d91a-6731-e7b5f38951a6
2026-08-16 05:22:04.088062,49.0,13,1g.11gb,yolo-inference-755b67b9bb-vgskt,default,yolo,580.173.02,GPU-d59cb1c4-ad97-d91a-6731-e7b5f38951a6
2026-08-16 05:22:04.088062,49.0,7,1g.11gb,,,,580.173.02,GPU-d59cb1c4-ad97-d91a-6731-e7b5f38951a6
2026-08-16 05:22:04.088062,49.0,8,1g.11gb,yolo-inference-755b67b9bb-ttrzf,default,yolo,580.173.02,GPU-d59cb1c4-ad97-d91a-6731-e7b5f38951a6
2026-08-16 05:22:04.088062,49.0,9,1g.11gb,yolo-inference-755b67b9bb-pwhtx,default,yolo,580.173.02,GPU-d59cb1c4-ad97-d91a-6731-e7b5f38951a6
2026-08-16 05:22:09.084261,49.0,10,1g.11gb,yolo-inference-755b67b9bb-sf8hz,default,yolo,580.173.02,GPU-d59cb1c4-ad97-d91a-6731-e7b5f38951a6
2026-08-16 05:22:09.084261,49.0,11,1g.11gb,yolo-inference-755b67b9bb-mdq5n,default,yolo,580.173.02,GPU-d59cb1c4-ad97-d91a-6731-e7b5f38951a6
2026-08-16 05:22:09.084261,49.0,12,1g.11gb,yolo-inference-755b67b9bb-l2sjx,default,yolo,580.173.02,GPU-d59cb1c4-ad97-d91a-6731-e7b5f38951a6
2026-08-16 05:22:09.084261,49.0,13,1g.11gb,yolo-inference-755b67b9bb-vgskt,default,yolo,580.173.02,GPU-d59cb1c4-ad97-d91a-6731-e7b5f38951a6
2026-08-16 05:22:09.084261,49.0,7,1g.11gb,,,,580.173.02,GPU-d59cb1c4-ad97-d91a-6731-e7b5f38951a6
2026-08-16 05:22:09.084261,49.0,8,1g.11gb,yolo-inference-755b67b9bb-ttrzf,default,yolo,580.173.02,GPU-d59cb1c4-ad97-d91a-6731-e7b5f38951a6
2026-08-16 05:22:09.084261,49.0,9,1g.11gb,yolo-inference-755b67b9bb-pwhtx,default,yolo,580.173.02,GPU-d59cb1c4-ad97-d91a-6731-e7b5f38951a6
2026-08-16 05:22:14.083410,49.0,10,1g.11gb,yolo-inference-755b67b9bb-sf8hz,default,yolo,580.173.02,GPU-d59cb1c4-ad97-d91a-6731-e7b5f38951a6
2026-08-16 05:22:14.083410,49.0,11,1g.11gb,yolo-inference-755b67b9bb-mdq5n,default,yolo,580.173.02,GPU-d59cb1c4-ad97-d91a-6731-e7b5f38951a6
2026-08-16 05:22:14.083410,49.0,12,1g.11gb,yolo-inference-755b67b9bb-l2sjx,default,yolo,580.173.02,GPU-d59cb1c4-ad97-d91a-6731-e7b5f38951a6
2026-08-16 05:22:14.083410,49.0,13,1g.11gb,yolo-inference-755b67b9bb-vgskt,default,yolo,580.173.02,GPU-d59cb1c4-ad97-d91a-6731-e7b5f38951a6
2026-08-16 05:22:14.083410,49.0,7,1g.11gb,,,,580.173.02,GPU-d59cb1c4-ad97-d91a-6731-e7b5f38951a6
2026-08-16 05:22:14.083410,49.0,8,1g.11gb,yolo-inference-755b67b9bb-ttrzf,default,yolo,580.173.02,GPU-d59cb1c4-ad97-d91a-6731-e7b5f38951a6
2026-08-16 05:22:14.083410,49.0,9,1g.11gb,yolo-inference-755b67b9bb-pwhtx,default,yolo,580.173.02,GPU-d59cb1c4-ad97-d91a-6731-e7b5f38951a6
2026-08-16 05:22:19.083921,49.0,10,1g.11gb,yolo-inference-755b67b9bb-sf8hz,default,yolo,580.173.02,GPU-d59cb1c4-ad97-d91a-6731-e7b5f38951a6
2026-08-16 05:22:19.083921,49.0,11,1g.11gb,yolo-inference-755b67b9bb-mdq5n,default,yolo,580.173.02,GPU-d59cb1c4-ad97-d91a-6731-e7b5f38951a6
2026-08-16 05:22:19.083921,49.0,12,1g.11gb,yolo-inference-755b67b9bb-l2sjx,default,yolo,580.173.02,GPU-d59cb1c4-ad97-d91a-6731-e7b5f38951a6
2026-08-16 05:22:19.083921,49.0,13,1g.11gb,yolo-inference-755b67b9bb-vgskt,default,yolo,580.173.02,GPU-d59cb1c4-ad97-d91a-6731-e7b5f38951a6
2026-08-16 05:22:19.083921,49.0,7,1g.11gb,,,,580.173.02,GPU-d59cb1c4-ad97-d91a-6731-e7b5f38951a6
2026-08-16 05:22:19.083921,49.0,8,1g.11gb,yolo-inference-755b67b9bb-ttrzf,default,yolo,580.173.02,GPU-d59cb1c4-ad97-d91a-6731-e7b5f38951a6
2026-08-16 05:22:19.083921,49.0,9,1g.11gb,yolo-inference-755b67b9bb-pwhtx,default,yolo,580.173.02,GPU-d59cb1c4-ad97-d91a-6731-e7b5f38951a6
2026-08-16 05:22:24.088030,49.0,10,1g.11gb,yolo-inference-755b67b9bb-sf8hz,default,yolo,580.173.02,GPU-d59cb1c4-ad97-d91a-6731-e7b5f38951a6
2026-08-16 05:22:24.088030,49.0,11,1g.11gb,yolo-inference-755b67b9bb-mdq5n,default,yolo,580.173.02,GPU-d59cb1c4-ad97-d91a-6731-e7b5f38951a6
2026-08-16 05:22:24.088030,49.0,12,1g.11gb,yolo-inference-755b67b9bb-l2sjx,default,yolo,580.173.02,GPU-d59cb1c4-ad97-d91a-6731-e7b5f38951a6
2026-08-16 05:22:24.088030,49.0,13,1g.11gb,yolo-inference-755b67b9bb-vgskt,default,yolo,580.173.02,GPU-d59cb1c4-ad97-d91a-6731-e7b5f38951a6
2026-08-16 05:22:24.088030,49.0,7,1g.11gb,,,,580.173.02,GPU-d59cb1c4-ad97-d91a-6731-e7b5f38951a6
2026-08-16 05:22:24.088030,49.0,8,1g.11gb,yolo-inference-755b67b9bb-ttrzf,default,yolo,580.173.02,GPU-d59cb1c4-ad97-d91a-6731-e7b5f38951a6
2026-08-16 05:22:24.088030,49.0,9,1g.11gb,yolo-inference-755b67b9bb-pwhtx,default,yolo,580.173.02,GPU-d59cb1c4-ad97-d91a-6731-e7b5f38951a6
