timestamp,value,pod
2026-08-18 04:11:49.951,622780416.0,gpt2-inference-5d8458fb46-2wnn4
2026-08-18 04:11:49.951,477589504.0,gpt2-inference-5d8458fb46-klkm9
2026-08-18 04:11:49.951,1851473920.0,gpt2-inference-5d8458fb46-ztjcb
2026-08-18 04:11:49.951,654655488.0,gpt2-inference-5d8458fb46-lg46j
2026-08-18 04:11:49.951,591716352.0,gpt2-inference-5d8458fb46-dmj5h
2026-08-18 04:11:49.951,1194917888.0,gpt2-inference-5d8458fb46-5jcv6
2026-08-18 04:11:49.951,412323840.0,gpt2-inference-5d8458fb46-9m5td
2026-08-18 04:11:49.951,659177472.0,gpt2-inference-5d8458fb46-rzh6r
2026-08-18 04:11:49.951,536666112.0,gpt2-inference-5d8458fb46-h27vx
2026-08-18 04:11:54.951,1851473920.0,gpt2-inference-5d8458fb46-ztjcb
2026-08-18 04:11:54.951,477589504.0,gpt2-inference-5d8458fb46-klkm9
2026-08-18 04:11:54.951,1196490752.0,gpt2-inference-5d8458fb46-5jcv6
2026-08-18 04:11:54.951,659177472.0,gpt2-inference-5d8458fb46-rzh6r
2026-08-18 04:11:54.951,429277184.0,gpt2-inference-5d8458fb46-9m5td
2026-08-18 04:11:54.951,618307584.0,gpt2-inference-5d8458fb46-dmj5h
2026-08-18 04:11:54.951,654655488.0,gpt2-inference-5d8458fb46-lg46j
2026-08-18 04:11:54.951,622780416.0,gpt2-inference-5d8458fb46-2wnn4
2026-08-18 04:11:54.951,560750592.0,gpt2-inference-5d8458fb46-h27vx
2026-08-18 04:11:59.951,618307584.0,gpt2-inference-5d8458fb46-dmj5h
2026-08-18 04:11:59.951,500092928.0,gpt2-inference-5d8458fb46-klkm9
2026-08-18 04:11:59.951,654655488.0,gpt2-inference-5d8458fb46-lg46j
2026-08-18 04:11:59.951,1196490752.0,gpt2-inference-5d8458fb46-5jcv6
2026-08-18 04:11:59.951,560750592.0,gpt2-inference-5d8458fb46-h27vx
2026-08-18 04:11:59.951,1851781120.0,gpt2-inference-5d8458fb46-ztjcb
2026-08-18 04:11:59.951,622780416.0,gpt2-inference-5d8458fb46-2wnn4
2026-08-18 04:11:59.951,659177472.0,gpt2-inference-5d8458fb46-rzh6r
2026-08-18 04:11:59.951,429277184.0,gpt2-inference-5d8458fb46-9m5td
2026-08-18 04:12:04.951,578752512.0,gpt2-inference-5d8458fb46-h27vx
2026-08-18 04:12:04.951,1851781120.0,gpt2-inference-5d8458fb46-ztjcb
2026-08-18 04:12:04.951,500092928.0,gpt2-inference-5d8458fb46-klkm9
2026-08-18 04:12:04.951,638275584.0,gpt2-inference-5d8458fb46-2wnn4
2026-08-18 04:12:04.951,690819072.0,gpt2-inference-5d8458fb46-rzh6r
2026-08-18 04:12:04.951,1195999232.0,gpt2-inference-5d8458fb46-5jcv6
2026-08-18 04:12:04.951,1075535872.0,gpt2-inference-5d8458fb46-lg46j
2026-08-18 04:12:04.951,618307584.0,gpt2-inference-5d8458fb46-dmj5h
2026-08-18 04:12:04.951,429277184.0,gpt2-inference-5d8458fb46-9m5td
2026-08-18 04:12:09.951,1195999232.0,gpt2-inference-5d8458fb46-5jcv6
2026-08-18 04:12:09.951,690819072.0,gpt2-inference-5d8458fb46-rzh6r
2026-08-18 04:12:09.951,1851781120.0,gpt2-inference-5d8458fb46-ztjcb
2026-08-18 04:12:09.951,429277184.0,gpt2-inference-5d8458fb46-9m5td
2026-08-18 04:12:09.951,1075535872.0,gpt2-inference-5d8458fb46-lg46j
2026-08-18 04:12:09.951,618307584.0,gpt2-inference-5d8458fb46-dmj5h
2026-08-18 04:12:09.951,500092928.0,gpt2-inference-5d8458fb46-klkm9
2026-08-18 04:12:09.951,638275584.0,gpt2-inference-5d8458fb46-2wnn4
2026-08-18 04:12:09.951,578752512.0,gpt2-inference-5d8458fb46-h27vx
2026-08-18 04:12:14.951,1195999232.0,gpt2-inference-5d8458fb46-5jcv6
2026-08-18 04:12:14.951,543014912.0,gpt2-inference-5d8458fb46-klkm9
2026-08-18 04:12:14.951,1075535872.0,gpt2-inference-5d8458fb46-lg46j
2026-08-18 04:12:14.951,674725888.0,gpt2-inference-5d8458fb46-dmj5h
2026-08-18 04:12:14.951,578752512.0,gpt2-inference-5d8458fb46-h27vx
2026-08-18 04:12:14.951,1179447296.0,gpt2-inference-5d8458fb46-rzh6r
2026-08-18 04:12:14.951,1851781120.0,gpt2-inference-5d8458fb46-ztjcb
2026-08-18 04:12:14.951,638275584.0,gpt2-inference-5d8458fb46-2wnn4
2026-08-18 04:12:14.951,451637248.0,gpt2-inference-5d8458fb46-9m5td
2026-08-18 04:12:19.951,1851588608.0,gpt2-inference-5d8458fb46-ztjcb
2026-08-18 04:12:19.951,651956224.0,gpt2-inference-5d8458fb46-2wnn4
2026-08-18 04:12:19.951,543014912.0,gpt2-inference-5d8458fb46-klkm9
2026-08-18 04:12:19.951,451637248.0,gpt2-inference-5d8458fb46-9m5td
2026-08-18 04:12:19.951,1196056576.0,gpt2-inference-5d8458fb46-5jcv6
2026-08-18 04:12:19.951,578752512.0,gpt2-inference-5d8458fb46-h27vx
2026-08-18 04:12:19.951,1075535872.0,gpt2-inference-5d8458fb46-lg46j
2026-08-18 04:12:19.951,1179447296.0,gpt2-inference-5d8458fb46-rzh6r
2026-08-18 04:12:19.951,674725888.0,gpt2-inference-5d8458fb46-dmj5h
2026-08-18 04:12:24.951,1179447296.0,gpt2-inference-5d8458fb46-rzh6r
2026-08-18 04:12:24.951,1851588608.0,gpt2-inference-5d8458fb46-ztjcb
2026-08-18 04:12:24.951,651956224.0,gpt2-inference-5d8458fb46-2wnn4
2026-08-18 04:12:24.951,543305728.0,gpt2-inference-5d8458fb46-h27vx
2026-08-18 04:12:24.951,1281081344.0,gpt2-inference-5d8458fb46-lg46j
2026-08-18 04:12:24.951,451637248.0,gpt2-inference-5d8458fb46-9m5td
2026-08-18 04:12:24.951,713781248.0,gpt2-inference-5d8458fb46-dmj5h
2026-08-18 04:12:24.951,1196056576.0,gpt2-inference-5d8458fb46-5jcv6
2026-08-18 04:12:24.951,586223616.0,gpt2-inference-5d8458fb46-klkm9
2026-08-18 04:12:29.951,437837824.0,gpt2-inference-5d8458fb46-9m5td
2026-08-18 04:12:29.951,586223616.0,gpt2-inference-5d8458fb46-klkm9
2026-08-18 04:12:29.951,651956224.0,gpt2-inference-5d8458fb46-2wnn4
2026-08-18 04:12:29.951,1180901376.0,gpt2-inference-5d8458fb46-rzh6r
2026-08-18 04:12:29.951,1281081344.0,gpt2-inference-5d8458fb46-lg46j
2026-08-18 04:12:29.951,543305728.0,gpt2-inference-5d8458fb46-h27vx
2026-08-18 04:12:29.951,1196056576.0,gpt2-inference-5d8458fb46-5jcv6
2026-08-18 04:12:29.951,713781248.0,gpt2-inference-5d8458fb46-dmj5h
2026-08-18 04:12:29.951,1851588608.0,gpt2-inference-5d8458fb46-ztjcb
2026-08-18 04:12:34.951,437837824.0,gpt2-inference-5d8458fb46-9m5td
2026-08-18 04:12:34.951,1281081344.0,gpt2-inference-5d8458fb46-lg46j
2026-08-18 04:12:34.951,713781248.0,gpt2-inference-5d8458fb46-dmj5h
2026-08-18 04:12:34.951,679030784.0,gpt2-inference-5d8458fb46-2wnn4
2026-08-18 04:12:34.951,1851891712.0,gpt2-inference-5d8458fb46-ztjcb
2026-08-18 04:12:34.951,586223616.0,gpt2-inference-5d8458fb46-klkm9
2026-08-18 04:12:34.951,543305728.0,gpt2-inference-5d8458fb46-h27vx
2026-08-18 04:12:34.951,1196109824.0,gpt2-inference-5d8458fb46-5jcv6
2026-08-18 04:12:34.951,1180901376.0,gpt2-inference-5d8458fb46-rzh6r
2026-08-18 04:12:39.951,679030784.0,gpt2-inference-5d8458fb46-2wnn4
2026-08-18 04:12:39.951,1851891712.0,gpt2-inference-5d8458fb46-ztjcb
2026-08-18 04:12:39.951,1196109824.0,gpt2-inference-5d8458fb46-5jcv6
2026-08-18 04:12:39.951,1281130496.0,gpt2-inference-5d8458fb46-lg46j
2026-08-18 04:12:39.951,430026752.0,gpt2-inference-5d8458fb46-klkm9
2026-08-18 04:12:39.951,574533632.0,gpt2-inference-5d8458fb46-h27vx
2026-08-18 04:12:39.951,696094720.0,gpt2-inference-5d8458fb46-dmj5h
2026-08-18 04:12:39.951,437837824.0,gpt2-inference-5d8458fb46-9m5td
2026-08-18 04:12:39.951,1180901376.0,gpt2-inference-5d8458fb46-rzh6r
2026-08-18 04:12:44.951,574533632.0,gpt2-inference-5d8458fb46-h27vx
2026-08-18 04:12:44.951,1281130496.0,gpt2-inference-5d8458fb46-lg46j
2026-08-18 04:12:44.951,430026752.0,gpt2-inference-5d8458fb46-klkm9
2026-08-18 04:12:44.951,1180901376.0,gpt2-inference-5d8458fb46-rzh6r
2026-08-18 04:12:44.951,696094720.0,gpt2-inference-5d8458fb46-dmj5h
2026-08-18 04:12:44.951,471756800.0,gpt2-inference-5d8458fb46-9m5td
2026-08-18 04:12:44.951,679030784.0,gpt2-inference-5d8458fb46-2wnn4
2026-08-18 04:12:44.951,1851891712.0,gpt2-inference-5d8458fb46-ztjcb
2026-08-18 04:12:44.951,1196408832.0,gpt2-inference-5d8458fb46-5jcv6
2026-08-18 04:12:49.951,574533632.0,gpt2-inference-5d8458fb46-h27vx
2026-08-18 04:12:49.951,471756800.0,gpt2-inference-5d8458fb46-9m5td
2026-08-18 04:12:49.951,696094720.0,gpt2-inference-5d8458fb46-dmj5h
2026-08-18 04:12:49.951,1180737536.0,gpt2-inference-5d8458fb46-rzh6r
2026-08-18 04:12:49.951,430026752.0,gpt2-inference-5d8458fb46-klkm9
2026-08-18 04:12:49.951,1281130496.0,gpt2-inference-5d8458fb46-lg46j
2026-08-18 04:12:49.951,640667648.0,gpt2-inference-5d8458fb46-2wnn4
2026-08-18 04:12:49.951,1851891712.0,gpt2-inference-5d8458fb46-ztjcb
2026-08-18 04:12:49.951,1196408832.0,gpt2-inference-5d8458fb46-5jcv6
2026-08-18 04:12:54.951,1851949056.0,gpt2-inference-5d8458fb46-ztjcb
2026-08-18 04:12:54.951,543662080.0,gpt2-inference-5d8458fb46-h27vx
2026-08-18 04:12:54.951,1131114496.0,gpt2-inference-5d8458fb46-klkm9
2026-08-18 04:12:54.951,1149239296.0,gpt2-inference-5d8458fb46-dmj5h
2026-08-18 04:12:54.951,640667648.0,gpt2-inference-5d8458fb46-2wnn4
2026-08-18 04:12:54.951,1180737536.0,gpt2-inference-5d8458fb46-rzh6r
2026-08-18 04:12:54.951,1196453888.0,gpt2-inference-5d8458fb46-5jcv6
2026-08-18 04:12:54.951,480890880.0,gpt2-inference-5d8458fb46-9m5td
2026-08-18 04:12:54.951,1280933888.0,gpt2-inference-5d8458fb46-lg46j
2026-08-18 04:12:59.951,480890880.0,gpt2-inference-5d8458fb46-9m5td
2026-08-18 04:12:59.951,543662080.0,gpt2-inference-5d8458fb46-h27vx
2026-08-18 04:12:59.951,1131114496.0,gpt2-inference-5d8458fb46-klkm9
2026-08-18 04:12:59.951,663838720.0,gpt2-inference-5d8458fb46-2wnn4
2026-08-18 04:12:59.951,1180737536.0,gpt2-inference-5d8458fb46-rzh6r
2026-08-18 04:12:59.951,1149239296.0,gpt2-inference-5d8458fb46-dmj5h
2026-08-18 04:12:59.951,1196453888.0,gpt2-inference-5d8458fb46-5jcv6
2026-08-18 04:12:59.951,1280933888.0,gpt2-inference-5d8458fb46-lg46j
2026-08-18 04:12:59.951,1851949056.0,gpt2-inference-5d8458fb46-ztjcb
2026-08-18 04:13:04.951,1131114496.0,gpt2-inference-5d8458fb46-klkm9
2026-08-18 04:13:04.951,480890880.0,gpt2-inference-5d8458fb46-9m5td
2026-08-18 04:13:04.951,541466624.0,gpt2-inference-5d8458fb46-h27vx
2026-08-18 04:13:04.951,1181011968.0,gpt2-inference-5d8458fb46-rzh6r
2026-08-18 04:13:04.951,1281126400.0,gpt2-inference-5d8458fb46-lg46j
2026-08-18 04:13:04.951,663838720.0,gpt2-inference-5d8458fb46-2wnn4
2026-08-18 04:13:04.951,1851949056.0,gpt2-inference-5d8458fb46-ztjcb
2026-08-18 04:13:04.951,1196453888.0,gpt2-inference-5d8458fb46-5jcv6
2026-08-18 04:13:04.951,1149239296.0,gpt2-inference-5d8458fb46-dmj5h
2026-08-18 04:13:09.951,1281126400.0,gpt2-inference-5d8458fb46-lg46j
2026-08-18 04:13:09.951,1149272064.0,gpt2-inference-5d8458fb46-dmj5h
2026-08-18 04:13:09.951,1851752448.0,gpt2-inference-5d8458fb46-ztjcb
2026-08-18 04:13:09.951,1166053376.0,gpt2-inference-5d8458fb46-klkm9
2026-08-18 04:13:09.951,1196453888.0,gpt2-inference-5d8458fb46-5jcv6
2026-08-18 04:13:09.951,1181011968.0,gpt2-inference-5d8458fb46-rzh6r
2026-08-18 04:13:09.951,663838720.0,gpt2-inference-5d8458fb46-2wnn4
2026-08-18 04:13:09.951,541466624.0,gpt2-inference-5d8458fb46-h27vx
2026-08-18 04:13:09.951,1161441280.0,gpt2-inference-5d8458fb46-9m5td
2026-08-18 04:13:14.951,1851752448.0,gpt2-inference-5d8458fb46-ztjcb
2026-08-18 04:13:14.951,1196335104.0,gpt2-inference-5d8458fb46-5jcv6
2026-08-18 04:13:14.951,1181069312.0,gpt2-inference-5d8458fb46-rzh6r
2026-08-18 04:13:14.951,1153069056.0,gpt2-inference-5d8458fb46-2wnn4
2026-08-18 04:13:14.951,1161441280.0,gpt2-inference-5d8458fb46-9m5td
2026-08-18 04:13:14.951,1281126400.0,gpt2-inference-5d8458fb46-lg46j
2026-08-18 04:13:14.951,1270910976.0,gpt2-inference-5d8458fb46-h27vx
2026-08-18 04:13:14.951,1149272064.0,gpt2-inference-5d8458fb46-dmj5h
2026-08-18 04:13:14.951,1166053376.0,gpt2-inference-5d8458fb46-klkm9
2026-08-18 04:13:19.951,1161441280.0,gpt2-inference-5d8458fb46-9m5td
2026-08-18 04:13:19.951,1166053376.0,gpt2-inference-5d8458fb46-klkm9
2026-08-18 04:13:19.951,1181069312.0,gpt2-inference-5d8458fb46-rzh6r
2026-08-18 04:13:19.951,1153069056.0,gpt2-inference-5d8458fb46-2wnn4
2026-08-18 04:13:19.951,1281421312.0,gpt2-inference-5d8458fb46-lg46j
2026-08-18 04:13:19.951,1270910976.0,gpt2-inference-5d8458fb46-h27vx
2026-08-18 04:13:19.951,1196335104.0,gpt2-inference-5d8458fb46-5jcv6
2026-08-18 04:13:19.951,1851752448.0,gpt2-inference-5d8458fb46-ztjcb
2026-08-18 04:13:19.951,1149468672.0,gpt2-inference-5d8458fb46-dmj5h
2026-08-18 04:13:24.951,1270910976.0,gpt2-inference-5d8458fb46-h27vx
2026-08-18 04:13:24.951,1181364224.0,gpt2-inference-5d8458fb46-rzh6r
2026-08-18 04:13:24.951,1166110720.0,gpt2-inference-5d8458fb46-klkm9
2026-08-18 04:13:24.951,1149468672.0,gpt2-inference-5d8458fb46-dmj5h
2026-08-18 04:13:24.951,1161175040.0,gpt2-inference-5d8458fb46-9m5td
2026-08-18 04:13:24.951,1153069056.0,gpt2-inference-5d8458fb46-2wnn4
2026-08-18 04:13:24.951,1281421312.0,gpt2-inference-5d8458fb46-lg46j
2026-08-18 04:13:24.951,1196335104.0,gpt2-inference-5d8458fb46-5jcv6
2026-08-18 04:13:24.951,1852063744.0,gpt2-inference-5d8458fb46-ztjcb
2026-08-18 04:13:29.951,1149468672.0,gpt2-inference-5d8458fb46-dmj5h
2026-08-18 04:13:29.951,1161175040.0,gpt2-inference-5d8458fb46-9m5td
2026-08-18 04:13:29.951,1270943744.0,gpt2-inference-5d8458fb46-h27vx
2026-08-18 04:13:29.951,1154588672.0,gpt2-inference-5d8458fb46-2wnn4
2026-08-18 04:13:29.951,1852063744.0,gpt2-inference-5d8458fb46-ztjcb
2026-08-18 04:13:29.951,1181364224.0,gpt2-inference-5d8458fb46-rzh6r
2026-08-18 04:13:29.951,1196462080.0,gpt2-inference-5d8458fb46-5jcv6
2026-08-18 04:13:29.951,1281421312.0,gpt2-inference-5d8458fb46-lg46j
2026-08-18 04:13:29.951,1166110720.0,gpt2-inference-5d8458fb46-klkm9
2026-08-18 04:13:34.951,1181364224.0,gpt2-inference-5d8458fb46-rzh6r
2026-08-18 04:13:34.951,1196462080.0,gpt2-inference-5d8458fb46-5jcv6
2026-08-18 04:13:34.951,1166110720.0,gpt2-inference-5d8458fb46-klkm9
2026-08-18 04:13:34.951,1154588672.0,gpt2-inference-5d8458fb46-2wnn4
2026-08-18 04:13:34.951,1270943744.0,gpt2-inference-5d8458fb46-h27vx
2026-08-18 04:13:34.951,1160982528.0,gpt2-inference-5d8458fb46-9m5td
2026-08-18 04:13:34.951,1150181376.0,gpt2-inference-5d8458fb46-dmj5h
2026-08-18 04:13:34.951,1852063744.0,gpt2-inference-5d8458fb46-ztjcb
2026-08-18 04:13:34.951,1281462272.0,gpt2-inference-5d8458fb46-lg46j
2026-08-18 04:13:39.951,1181364224.0,gpt2-inference-5d8458fb46-rzh6r
2026-08-18 04:13:39.951,1196462080.0,gpt2-inference-5d8458fb46-5jcv6
2026-08-18 04:13:39.951,1150181376.0,gpt2-inference-5d8458fb46-dmj5h
2026-08-18 04:13:39.951,1281462272.0,gpt2-inference-5d8458fb46-lg46j
2026-08-18 04:13:39.951,1270984704.0,gpt2-inference-5d8458fb46-h27vx
2026-08-18 04:13:39.951,1852063744.0,gpt2-inference-5d8458fb46-ztjcb
2026-08-18 04:13:39.951,1154588672.0,gpt2-inference-5d8458fb46-2wnn4
2026-08-18 04:13:39.951,1166110720.0,gpt2-inference-5d8458fb46-klkm9
2026-08-18 04:13:39.951,1160982528.0,gpt2-inference-5d8458fb46-9m5td
2026-08-18 04:13:44.951,1166389248.0,gpt2-inference-5d8458fb46-klkm9
2026-08-18 04:13:44.951,1281269760.0,gpt2-inference-5d8458fb46-lg46j
2026-08-18 04:13:44.951,1154564096.0,gpt2-inference-5d8458fb46-2wnn4
2026-08-18 04:13:44.951,1196503040.0,gpt2-inference-5d8458fb46-5jcv6
2026-08-18 04:13:44.951,1852125184.0,gpt2-inference-5d8458fb46-ztjcb
2026-08-18 04:13:44.951,1160982528.0,gpt2-inference-5d8458fb46-9m5td
2026-08-18 04:13:44.951,1181057024.0,gpt2-inference-5d8458fb46-rzh6r
2026-08-18 04:13:44.951,1270984704.0,gpt2-inference-5d8458fb46-h27vx
2026-08-18 04:13:44.951,1150181376.0,gpt2-inference-5d8458fb46-dmj5h
2026-08-18 04:13:49.951,1271099392.0,gpt2-inference-5d8458fb46-h27vx
2026-08-18 04:13:49.951,1852125184.0,gpt2-inference-5d8458fb46-ztjcb
2026-08-18 04:13:49.951,1161437184.0,gpt2-inference-5d8458fb46-9m5td
2026-08-18 04:13:49.951,1166389248.0,gpt2-inference-5d8458fb46-klkm9
2026-08-18 04:13:49.951,1154564096.0,gpt2-inference-5d8458fb46-2wnn4
2026-08-18 04:13:49.951,1150279680.0,gpt2-inference-5d8458fb46-dmj5h
2026-08-18 04:13:49.951,1196503040.0,gpt2-inference-5d8458fb46-5jcv6
2026-08-18 04:13:49.951,1181057024.0,gpt2-inference-5d8458fb46-rzh6r
2026-08-18 04:13:49.951,1281269760.0,gpt2-inference-5d8458fb46-lg46j
2026-08-18 04:13:54.951,1196503040.0,gpt2-inference-5d8458fb46-5jcv6
2026-08-18 04:13:54.951,1154564096.0,gpt2-inference-5d8458fb46-2wnn4
2026-08-18 04:13:54.951,1150279680.0,gpt2-inference-5d8458fb46-dmj5h
2026-08-18 04:13:54.951,1271099392.0,gpt2-inference-5d8458fb46-h27vx
2026-08-18 04:13:54.951,1281269760.0,gpt2-inference-5d8458fb46-lg46j
2026-08-18 04:13:54.951,1852125184.0,gpt2-inference-5d8458fb46-ztjcb
2026-08-18 04:13:54.951,1181057024.0,gpt2-inference-5d8458fb46-rzh6r
2026-08-18 04:13:54.951,1166389248.0,gpt2-inference-5d8458fb46-klkm9
2026-08-18 04:13:54.951,1161437184.0,gpt2-inference-5d8458fb46-9m5td
2026-08-18 04:13:59.951,1150279680.0,gpt2-inference-5d8458fb46-dmj5h
2026-08-18 04:13:59.951,1281269760.0,gpt2-inference-5d8458fb46-lg46j
2026-08-18 04:13:59.951,1851867136.0,gpt2-inference-5d8458fb46-ztjcb
2026-08-18 04:13:59.951,1271099392.0,gpt2-inference-5d8458fb46-h27vx
2026-08-18 04:13:59.951,1154371584.0,gpt2-inference-5d8458fb46-2wnn4
2026-08-18 04:13:59.951,1196494848.0,gpt2-inference-5d8458fb46-5jcv6
2026-08-18 04:13:59.951,1166209024.0,gpt2-inference-5d8458fb46-klkm9
2026-08-18 04:13:59.951,1181057024.0,gpt2-inference-5d8458fb46-rzh6r
2026-08-18 04:13:59.951,1161437184.0,gpt2-inference-5d8458fb46-9m5td
2026-08-18 04:14:04.951,1150279680.0,gpt2-inference-5d8458fb46-dmj5h
2026-08-18 04:14:04.951,1271099392.0,gpt2-inference-5d8458fb46-h27vx
2026-08-18 04:14:04.951,1181126656.0,gpt2-inference-5d8458fb46-rzh6r
2026-08-18 04:14:04.951,1161711616.0,gpt2-inference-5d8458fb46-9m5td
2026-08-18 04:14:04.951,1851867136.0,gpt2-inference-5d8458fb46-ztjcb
2026-08-18 04:14:04.951,1154371584.0,gpt2-inference-5d8458fb46-2wnn4
2026-08-18 04:14:04.951,1196494848.0,gpt2-inference-5d8458fb46-5jcv6
2026-08-18 04:14:04.951,1166209024.0,gpt2-inference-5d8458fb46-klkm9
2026-08-18 04:14:04.951,1281855488.0,gpt2-inference-5d8458fb46-lg46j
2026-08-18 04:14:09.951,1281855488.0,gpt2-inference-5d8458fb46-lg46j
2026-08-18 04:14:09.951,1851867136.0,gpt2-inference-5d8458fb46-ztjcb
2026-08-18 04:14:09.951,1149853696.0,gpt2-inference-5d8458fb46-dmj5h
2026-08-18 04:14:09.951,1161711616.0,gpt2-inference-5d8458fb46-9m5td
2026-08-18 04:14:09.951,1181126656.0,gpt2-inference-5d8458fb46-rzh6r
2026-08-18 04:14:09.951,1154371584.0,gpt2-inference-5d8458fb46-2wnn4
2026-08-18 04:14:09.951,1271173120.0,gpt2-inference-5d8458fb46-h27vx
2026-08-18 04:14:09.951,1196494848.0,gpt2-inference-5d8458fb46-5jcv6
2026-08-18 04:14:09.951,1166209024.0,gpt2-inference-5d8458fb46-klkm9
2026-08-18 04:14:14.951,1154420736.0,gpt2-inference-5d8458fb46-2wnn4
2026-08-18 04:14:14.951,1271173120.0,gpt2-inference-5d8458fb46-h27vx
2026-08-18 04:14:14.951,1281855488.0,gpt2-inference-5d8458fb46-lg46j
2026-08-18 04:14:14.951,1166266368.0,gpt2-inference-5d8458fb46-klkm9
2026-08-18 04:14:14.951,1181167616.0,gpt2-inference-5d8458fb46-rzh6r
2026-08-18 04:14:14.951,1161711616.0,gpt2-inference-5d8458fb46-9m5td
2026-08-18 04:14:14.951,1851846656.0,gpt2-inference-5d8458fb46-ztjcb
2026-08-18 04:14:14.951,1149853696.0,gpt2-inference-5d8458fb46-dmj5h
2026-08-18 04:14:14.951,1197023232.0,gpt2-inference-5d8458fb46-5jcv6
2026-08-18 04:14:19.951,1271209984.0,gpt2-inference-5d8458fb46-h27vx
2026-08-18 04:14:19.951,1154420736.0,gpt2-inference-5d8458fb46-2wnn4
2026-08-18 04:14:19.951,1181167616.0,gpt2-inference-5d8458fb46-rzh6r
2026-08-18 04:14:19.951,1150652416.0,gpt2-inference-5d8458fb46-dmj5h
2026-08-18 04:14:19.951,1162014720.0,gpt2-inference-5d8458fb46-9m5td
2026-08-18 04:14:19.951,1197023232.0,gpt2-inference-5d8458fb46-5jcv6
2026-08-18 04:14:19.951,1166266368.0,gpt2-inference-5d8458fb46-klkm9
2026-08-18 04:14:19.951,1851846656.0,gpt2-inference-5d8458fb46-ztjcb
2026-08-18 04:14:19.951,1281855488.0,gpt2-inference-5d8458fb46-lg46j
2026-08-18 04:14:24.951,1162014720.0,gpt2-inference-5d8458fb46-9m5td
2026-08-18 04:14:24.951,1281392640.0,gpt2-inference-5d8458fb46-lg46j
2026-08-18 04:14:24.951,1271209984.0,gpt2-inference-5d8458fb46-h27vx
2026-08-18 04:14:24.951,1154420736.0,gpt2-inference-5d8458fb46-2wnn4
2026-08-18 04:14:24.951,1181208576.0,gpt2-inference-5d8458fb46-rzh6r
2026-08-18 04:14:24.951,1166266368.0,gpt2-inference-5d8458fb46-klkm9
2026-08-18 04:14:24.951,1851846656.0,gpt2-inference-5d8458fb46-ztjcb
2026-08-18 04:14:24.951,1197023232.0,gpt2-inference-5d8458fb46-5jcv6
2026-08-18 04:14:24.951,1150652416.0,gpt2-inference-5d8458fb46-dmj5h
2026-08-18 04:14:29.951,1271209984.0,gpt2-inference-5d8458fb46-h27vx
2026-08-18 04:14:29.951,1162014720.0,gpt2-inference-5d8458fb46-9m5td
2026-08-18 04:14:29.951,1150652416.0,gpt2-inference-5d8458fb46-dmj5h
2026-08-18 04:14:29.951,1181208576.0,gpt2-inference-5d8458fb46-rzh6r
2026-08-18 04:14:29.951,1851846656.0,gpt2-inference-5d8458fb46-ztjcb
2026-08-18 04:14:29.951,1196511232.0,gpt2-inference-5d8458fb46-5jcv6
2026-08-18 04:14:29.951,1154744320.0,gpt2-inference-5d8458fb46-2wnn4
2026-08-18 04:14:29.951,1281392640.0,gpt2-inference-5d8458fb46-lg46j
2026-08-18 04:14:29.951,1166831616.0,gpt2-inference-5d8458fb46-klkm9
2026-08-18 04:14:34.951,1150652416.0,gpt2-inference-5d8458fb46-dmj5h
2026-08-18 04:14:34.951,1851879424.0,gpt2-inference-5d8458fb46-ztjcb
2026-08-18 04:14:34.951,1281392640.0,gpt2-inference-5d8458fb46-lg46j
2026-08-18 04:14:34.951,1271271424.0,gpt2-inference-5d8458fb46-h27vx
2026-08-18 04:14:34.951,1161842688.0,gpt2-inference-5d8458fb46-9m5td
2026-08-18 04:14:34.951,1154744320.0,gpt2-inference-5d8458fb46-2wnn4
2026-08-18 04:14:34.951,1196511232.0,gpt2-inference-5d8458fb46-5jcv6
2026-08-18 04:14:34.951,1181237248.0,gpt2-inference-5d8458fb46-rzh6r
2026-08-18 04:14:34.951,1166831616.0,gpt2-inference-5d8458fb46-klkm9
2026-08-18 04:14:39.951,1154744320.0,gpt2-inference-5d8458fb46-2wnn4
2026-08-18 04:14:39.951,1851879424.0,gpt2-inference-5d8458fb46-ztjcb
2026-08-18 04:14:39.951,1161842688.0,gpt2-inference-5d8458fb46-9m5td
2026-08-18 04:14:39.951,1271271424.0,gpt2-inference-5d8458fb46-h27vx
2026-08-18 04:14:39.951,1196511232.0,gpt2-inference-5d8458fb46-5jcv6
2026-08-18 04:14:39.951,1281429504.0,gpt2-inference-5d8458fb46-lg46j
2026-08-18 04:14:39.951,1166831616.0,gpt2-inference-5d8458fb46-klkm9
2026-08-18 04:14:39.951,1181237248.0,gpt2-inference-5d8458fb46-rzh6r
2026-08-18 04:14:39.951,1150210048.0,gpt2-inference-5d8458fb46-dmj5h
2026-08-18 04:14:44.951,1271566336.0,gpt2-inference-5d8458fb46-h27vx
2026-08-18 04:14:44.951,1851858944.0,gpt2-inference-5d8458fb46-ztjcb
2026-08-18 04:14:44.951,1181483008.0,gpt2-inference-5d8458fb46-rzh6r
2026-08-18 04:14:44.951,1150210048.0,gpt2-inference-5d8458fb46-dmj5h
2026-08-18 04:14:44.951,1166774272.0,gpt2-inference-5d8458fb46-klkm9
2026-08-18 04:14:44.951,1161842688.0,gpt2-inference-5d8458fb46-9m5td
2026-08-18 04:14:44.951,1154793472.0,gpt2-inference-5d8458fb46-2wnn4
2026-08-18 04:14:44.951,1196531712.0,gpt2-inference-5d8458fb46-5jcv6
2026-08-18 04:14:44.951,1281429504.0,gpt2-inference-5d8458fb46-lg46j
2026-08-18 04:14:49.951,1150210048.0,gpt2-inference-5d8458fb46-dmj5h
2026-08-18 04:14:49.951,1281429504.0,gpt2-inference-5d8458fb46-lg46j
2026-08-18 04:14:49.951,1196531712.0,gpt2-inference-5d8458fb46-5jcv6
2026-08-18 04:14:49.951,1851858944.0,gpt2-inference-5d8458fb46-ztjcb
2026-08-18 04:14:49.951,1166774272.0,gpt2-inference-5d8458fb46-klkm9
2026-08-18 04:14:49.951,1154793472.0,gpt2-inference-5d8458fb46-2wnn4
2026-08-18 04:14:49.951,1271566336.0,gpt2-inference-5d8458fb46-h27vx
2026-08-18 04:14:49.951,1181483008.0,gpt2-inference-5d8458fb46-rzh6r
2026-08-18 04:14:49.951,1161904128.0,gpt2-inference-5d8458fb46-9m5td
2026-08-18 04:14:54.951,1271566336.0,gpt2-inference-5d8458fb46-h27vx
2026-08-18 04:14:54.951,1166774272.0,gpt2-inference-5d8458fb46-klkm9
2026-08-18 04:14:54.951,1154793472.0,gpt2-inference-5d8458fb46-2wnn4
2026-08-18 04:14:54.951,1196531712.0,gpt2-inference-5d8458fb46-5jcv6
2026-08-18 04:14:54.951,1281429504.0,gpt2-inference-5d8458fb46-lg46j
2026-08-18 04:14:54.951,1150210048.0,gpt2-inference-5d8458fb46-dmj5h
2026-08-18 04:14:54.951,1181483008.0,gpt2-inference-5d8458fb46-rzh6r
2026-08-18 04:14:54.951,1161904128.0,gpt2-inference-5d8458fb46-9m5td
2026-08-18 04:14:54.951,1851858944.0,gpt2-inference-5d8458fb46-ztjcb
2026-08-18 04:14:59.951,1161904128.0,gpt2-inference-5d8458fb46-9m5td
2026-08-18 04:14:59.951,1167036416.0,gpt2-inference-5d8458fb46-klkm9
2026-08-18 04:14:59.951,1271611392.0,gpt2-inference-5d8458fb46-h27vx
2026-08-18 04:14:59.951,1181495296.0,gpt2-inference-5d8458fb46-rzh6r
2026-08-18 04:14:59.951,1281478656.0,gpt2-inference-5d8458fb46-lg46j
2026-08-18 04:14:59.951,1154850816.0,gpt2-inference-5d8458fb46-2wnn4
2026-08-18 04:14:59.951,1196531712.0,gpt2-inference-5d8458fb46-5jcv6
2026-08-18 04:14:59.951,1852116992.0,gpt2-inference-5d8458fb46-ztjcb
2026-08-18 04:14:59.951,1150529536.0,gpt2-inference-5d8458fb46-dmj5h
2026-08-18 04:15:04.951,1154850816.0,gpt2-inference-5d8458fb46-2wnn4
2026-08-18 04:15:04.951,1852116992.0,gpt2-inference-5d8458fb46-ztjcb
2026-08-18 04:15:04.951,1167036416.0,gpt2-inference-5d8458fb46-klkm9
2026-08-18 04:15:04.951,1281478656.0,gpt2-inference-5d8458fb46-lg46j
2026-08-18 04:15:04.951,1271611392.0,gpt2-inference-5d8458fb46-h27vx
2026-08-18 04:15:04.951,1150529536.0,gpt2-inference-5d8458fb46-dmj5h
2026-08-18 04:15:04.951,1196539904.0,gpt2-inference-5d8458fb46-5jcv6
2026-08-18 04:15:04.951,1162145792.0,gpt2-inference-5d8458fb46-9m5td
2026-08-18 04:15:04.951,1181495296.0,gpt2-inference-5d8458fb46-rzh6r
2026-08-18 04:15:09.951,1162145792.0,gpt2-inference-5d8458fb46-9m5td
2026-08-18 04:15:09.951,1281478656.0,gpt2-inference-5d8458fb46-lg46j
2026-08-18 04:15:09.951,1154850816.0,gpt2-inference-5d8458fb46-2wnn4
2026-08-18 04:15:09.951,1166594048.0,gpt2-inference-5d8458fb46-klkm9
2026-08-18 04:15:09.951,1271422976.0,gpt2-inference-5d8458fb46-h27vx
2026-08-18 04:15:09.951,1196539904.0,gpt2-inference-5d8458fb46-5jcv6
2026-08-18 04:15:09.951,1181495296.0,gpt2-inference-5d8458fb46-rzh6r
2026-08-18 04:15:09.951,1852116992.0,gpt2-inference-5d8458fb46-ztjcb
2026-08-18 04:15:09.951,1150529536.0,gpt2-inference-5d8458fb46-dmj5h
2026-08-18 04:15:14.951,1852116992.0,gpt2-inference-5d8458fb46-ztjcb
2026-08-18 04:15:14.951,1281671168.0,gpt2-inference-5d8458fb46-lg46j
2026-08-18 04:15:14.951,1154850816.0,gpt2-inference-5d8458fb46-2wnn4
2026-08-18 04:15:14.951,1161719808.0,gpt2-inference-5d8458fb46-9m5td
2026-08-18 04:15:14.951,1150046208.0,gpt2-inference-5d8458fb46-dmj5h
2026-08-18 04:15:14.951,1181413376.0,gpt2-inference-5d8458fb46-rzh6r
2026-08-18 04:15:14.951,1166594048.0,gpt2-inference-5d8458fb46-klkm9
2026-08-18 04:15:14.951,1196539904.0,gpt2-inference-5d8458fb46-5jcv6
2026-08-18 04:15:14.951,1271422976.0,gpt2-inference-5d8458fb46-h27vx
2026-08-18 04:15:19.951,1150046208.0,gpt2-inference-5d8458fb46-dmj5h
2026-08-18 04:15:19.951,1161719808.0,gpt2-inference-5d8458fb46-9m5td
2026-08-18 04:15:19.951,1166594048.0,gpt2-inference-5d8458fb46-klkm9
2026-08-18 04:15:19.951,1281671168.0,gpt2-inference-5d8458fb46-lg46j
2026-08-18 04:15:19.951,1852100608.0,gpt2-inference-5d8458fb46-ztjcb
2026-08-18 04:15:19.951,1154658304.0,gpt2-inference-5d8458fb46-2wnn4
2026-08-18 04:15:19.951,1271943168.0,gpt2-inference-5d8458fb46-h27vx
2026-08-18 04:15:19.951,1196519424.0,gpt2-inference-5d8458fb46-5jcv6
2026-08-18 04:15:19.951,1181413376.0,gpt2-inference-5d8458fb46-rzh6r
2026-08-18 04:15:24.951,1852100608.0,gpt2-inference-5d8458fb46-ztjcb
2026-08-18 04:15:24.951,1196519424.0,gpt2-inference-5d8458fb46-5jcv6
2026-08-18 04:15:24.951,1271943168.0,gpt2-inference-5d8458fb46-h27vx
2026-08-18 04:15:24.951,1150062592.0,gpt2-inference-5d8458fb46-dmj5h
2026-08-18 04:15:24.951,1281671168.0,gpt2-inference-5d8458fb46-lg46j
2026-08-18 04:15:24.951,1166884864.0,gpt2-inference-5d8458fb46-klkm9
2026-08-18 04:15:24.951,1181413376.0,gpt2-inference-5d8458fb46-rzh6r
2026-08-18 04:15:24.951,1161719808.0,gpt2-inference-5d8458fb46-9m5td
2026-08-18 04:15:24.951,1154658304.0,gpt2-inference-5d8458fb46-2wnn4
2026-08-18 04:15:29.951,1852129280.0,gpt2-inference-5d8458fb46-ztjcb
2026-08-18 04:15:29.951,1166884864.0,gpt2-inference-5d8458fb46-klkm9
2026-08-18 04:15:29.951,1150062592.0,gpt2-inference-5d8458fb46-dmj5h
2026-08-18 04:15:29.951,1271943168.0,gpt2-inference-5d8458fb46-h27vx
2026-08-18 04:15:29.951,1281445888.0,gpt2-inference-5d8458fb46-lg46j
2026-08-18 04:15:29.951,1181413376.0,gpt2-inference-5d8458fb46-rzh6r
2026-08-18 04:15:29.951,1196519424.0,gpt2-inference-5d8458fb46-5jcv6
2026-08-18 04:15:29.951,1154658304.0,gpt2-inference-5d8458fb46-2wnn4
2026-08-18 04:15:29.951,1162240000.0,gpt2-inference-5d8458fb46-9m5td
2026-08-18 04:15:34.951,1281445888.0,gpt2-inference-5d8458fb46-lg46j
2026-08-18 04:15:34.951,1181413376.0,gpt2-inference-5d8458fb46-rzh6r
2026-08-18 04:15:34.951,1196519424.0,gpt2-inference-5d8458fb46-5jcv6
2026-08-18 04:15:34.951,1154658304.0,gpt2-inference-5d8458fb46-2wnn4
2026-08-18 04:15:34.951,1271963648.0,gpt2-inference-5d8458fb46-h27vx
2026-08-18 04:15:34.951,1162240000.0,gpt2-inference-5d8458fb46-9m5td
2026-08-18 04:15:34.951,1150062592.0,gpt2-inference-5d8458fb46-dmj5h
2026-08-18 04:15:34.951,1166848000.0,gpt2-inference-5d8458fb46-klkm9
2026-08-18 04:15:34.951,1852129280.0,gpt2-inference-5d8458fb46-ztjcb
2026-08-18 04:15:39.951,1150062592.0,gpt2-inference-5d8458fb46-dmj5h
2026-08-18 04:15:39.951,1181413376.0,gpt2-inference-5d8458fb46-rzh6r
2026-08-18 04:15:39.951,1281441792.0,gpt2-inference-5d8458fb46-lg46j
2026-08-18 04:15:39.951,1852129280.0,gpt2-inference-5d8458fb46-ztjcb
2026-08-18 04:15:39.951,1162240000.0,gpt2-inference-5d8458fb46-9m5td
2026-08-18 04:15:39.951,1271963648.0,gpt2-inference-5d8458fb46-h27vx
2026-08-18 04:15:39.951,1196548096.0,gpt2-inference-5d8458fb46-5jcv6
2026-08-18 04:15:39.951,1155186688.0,gpt2-inference-5d8458fb46-2wnn4
2026-08-18 04:15:39.951,1166848000.0,gpt2-inference-5d8458fb46-klkm9
2026-08-18 04:15:44.951,1161773056.0,gpt2-inference-5d8458fb46-9m5td
2026-08-18 04:15:44.951,1271455744.0,gpt2-inference-5d8458fb46-h27vx
2026-08-18 04:15:44.951,1150566400.0,gpt2-inference-5d8458fb46-dmj5h
2026-08-18 04:15:44.951,1155186688.0,gpt2-inference-5d8458fb46-2wnn4
2026-08-18 04:15:44.951,1181409280.0,gpt2-inference-5d8458fb46-rzh6r
2026-08-18 04:15:44.951,1166848000.0,gpt2-inference-5d8458fb46-klkm9
2026-08-18 04:15:44.951,1196548096.0,gpt2-inference-5d8458fb46-5jcv6
2026-08-18 04:15:44.951,1852129280.0,gpt2-inference-5d8458fb46-ztjcb
2026-08-18 04:15:44.951,1281441792.0,gpt2-inference-5d8458fb46-lg46j
2026-08-18 04:15:49.951,1155186688.0,gpt2-inference-5d8458fb46-2wnn4
2026-08-18 04:15:49.951,1852121088.0,gpt2-inference-5d8458fb46-ztjcb
2026-08-18 04:15:49.951,1166852096.0,gpt2-inference-5d8458fb46-klkm9
2026-08-18 04:15:49.951,1281441792.0,gpt2-inference-5d8458fb46-lg46j
2026-08-18 04:15:49.951,1181409280.0,gpt2-inference-5d8458fb46-rzh6r
2026-08-18 04:15:49.951,1150566400.0,gpt2-inference-5d8458fb46-dmj5h
2026-08-18 04:15:49.951,1271455744.0,gpt2-inference-5d8458fb46-h27vx
2026-08-18 04:15:49.951,1161773056.0,gpt2-inference-5d8458fb46-9m5td
2026-08-18 04:15:49.951,1196519424.0,gpt2-inference-5d8458fb46-5jcv6
2026-08-18 04:15:54.951,1282236416.0,gpt2-inference-5d8458fb46-lg46j
2026-08-18 04:15:54.951,1155186688.0,gpt2-inference-5d8458fb46-2wnn4
2026-08-18 04:15:54.951,1150566400.0,gpt2-inference-5d8458fb46-dmj5h
2026-08-18 04:15:54.951,1852121088.0,gpt2-inference-5d8458fb46-ztjcb
2026-08-18 04:15:54.951,1166852096.0,gpt2-inference-5d8458fb46-klkm9
2026-08-18 04:15:54.951,1271455744.0,gpt2-inference-5d8458fb46-h27vx
2026-08-18 04:15:54.951,1181409280.0,gpt2-inference-5d8458fb46-rzh6r
2026-08-18 04:15:54.951,1196519424.0,gpt2-inference-5d8458fb46-5jcv6
2026-08-18 04:15:54.951,1161777152.0,gpt2-inference-5d8458fb46-9m5td
2026-08-18 04:15:59.951,1271455744.0,gpt2-inference-5d8458fb46-h27vx
2026-08-18 04:15:59.951,1150566400.0,gpt2-inference-5d8458fb46-dmj5h
2026-08-18 04:15:59.951,1282236416.0,gpt2-inference-5d8458fb46-lg46j
2026-08-18 04:15:59.951,1181642752.0,gpt2-inference-5d8458fb46-rzh6r
2026-08-18 04:15:59.951,1166852096.0,gpt2-inference-5d8458fb46-klkm9
2026-08-18 04:15:59.951,1154990080.0,gpt2-inference-5d8458fb46-2wnn4
2026-08-18 04:15:59.951,1851887616.0,gpt2-inference-5d8458fb46-ztjcb
2026-08-18 04:15:59.951,1161777152.0,gpt2-inference-5d8458fb46-9m5td
2026-08-18 04:15:59.951,1196519424.0,gpt2-inference-5d8458fb46-5jcv6
2026-08-18 04:16:04.951,1281449984.0,gpt2-inference-5d8458fb46-lg46j
2026-08-18 04:16:04.951,1271685120.0,gpt2-inference-5d8458fb46-h27vx
2026-08-18 04:16:04.951,1161777152.0,gpt2-inference-5d8458fb46-9m5td
2026-08-18 04:16:04.951,1196527616.0,gpt2-inference-5d8458fb46-5jcv6
2026-08-18 04:16:04.951,1181642752.0,gpt2-inference-5d8458fb46-rzh6r
2026-08-18 04:16:04.951,1154990080.0,gpt2-inference-5d8458fb46-2wnn4
2026-08-18 04:16:04.951,1851887616.0,gpt2-inference-5d8458fb46-ztjcb
2026-08-18 04:16:04.951,1150058496.0,gpt2-inference-5d8458fb46-dmj5h
2026-08-18 04:16:04.951,1166893056.0,gpt2-inference-5d8458fb46-klkm9
2026-08-18 04:16:09.951,1851887616.0,gpt2-inference-5d8458fb46-ztjcb
2026-08-18 04:16:09.951,1161777152.0,gpt2-inference-5d8458fb46-9m5td
2026-08-18 04:16:09.951,1196527616.0,gpt2-inference-5d8458fb46-5jcv6
2026-08-18 04:16:09.951,1181642752.0,gpt2-inference-5d8458fb46-rzh6r
2026-08-18 04:16:09.951,1154990080.0,gpt2-inference-5d8458fb46-2wnn4
2026-08-18 04:16:09.951,1166893056.0,gpt2-inference-5d8458fb46-klkm9
2026-08-18 04:16:09.951,1150058496.0,gpt2-inference-5d8458fb46-dmj5h
2026-08-18 04:16:09.951,1271685120.0,gpt2-inference-5d8458fb46-h27vx
2026-08-18 04:16:09.951,1281449984.0,gpt2-inference-5d8458fb46-lg46j
2026-08-18 04:16:14.951,1150058496.0,gpt2-inference-5d8458fb46-dmj5h
2026-08-18 04:16:14.951,1196527616.0,gpt2-inference-5d8458fb46-5jcv6
2026-08-18 04:16:14.951,1851891712.0,gpt2-inference-5d8458fb46-ztjcb
2026-08-18 04:16:14.951,1181413376.0,gpt2-inference-5d8458fb46-rzh6r
2026-08-18 04:16:14.951,1281449984.0,gpt2-inference-5d8458fb46-lg46j
2026-08-18 04:16:14.951,1166893056.0,gpt2-inference-5d8458fb46-klkm9
2026-08-18 04:16:14.951,1271685120.0,gpt2-inference-5d8458fb46-h27vx
2026-08-18 04:16:14.951,1154707456.0,gpt2-inference-5d8458fb46-2wnn4
2026-08-18 04:16:14.951,1161777152.0,gpt2-inference-5d8458fb46-9m5td
2026-08-18 04:16:19.951,1161777152.0,gpt2-inference-5d8458fb46-9m5td
2026-08-18 04:16:19.951,1196527616.0,gpt2-inference-5d8458fb46-5jcv6
2026-08-18 04:16:19.951,1166893056.0,gpt2-inference-5d8458fb46-klkm9
2026-08-18 04:16:19.951,1281699840.0,gpt2-inference-5d8458fb46-lg46j
2026-08-18 04:16:19.951,1271742464.0,gpt2-inference-5d8458fb46-h27vx
2026-08-18 04:16:19.951,1851891712.0,gpt2-inference-5d8458fb46-ztjcb
2026-08-18 04:16:19.951,1154707456.0,gpt2-inference-5d8458fb46-2wnn4
2026-08-18 04:16:19.951,1150058496.0,gpt2-inference-5d8458fb46-dmj5h
2026-08-18 04:16:19.951,1181413376.0,gpt2-inference-5d8458fb46-rzh6r
2026-08-18 04:16:24.951,1161777152.0,gpt2-inference-5d8458fb46-9m5td
2026-08-18 04:16:24.951,1181413376.0,gpt2-inference-5d8458fb46-rzh6r
2026-08-18 04:16:24.951,1851891712.0,gpt2-inference-5d8458fb46-ztjcb
2026-08-18 04:16:24.951,1196527616.0,gpt2-inference-5d8458fb46-5jcv6
2026-08-18 04:16:24.951,1154707456.0,gpt2-inference-5d8458fb46-2wnn4
2026-08-18 04:16:24.951,1271742464.0,gpt2-inference-5d8458fb46-h27vx
2026-08-18 04:16:24.951,1150058496.0,gpt2-inference-5d8458fb46-dmj5h
2026-08-18 04:16:24.951,1281699840.0,gpt2-inference-5d8458fb46-lg46j
2026-08-18 04:16:24.951,1166856192.0,gpt2-inference-5d8458fb46-klkm9
2026-08-18 04:16:29.951,1181413376.0,gpt2-inference-5d8458fb46-rzh6r
2026-08-18 04:16:29.951,1166856192.0,gpt2-inference-5d8458fb46-klkm9
2026-08-18 04:16:29.951,1196527616.0,gpt2-inference-5d8458fb46-5jcv6
2026-08-18 04:16:29.951,1271742464.0,gpt2-inference-5d8458fb46-h27vx
2026-08-18 04:16:29.951,1154707456.0,gpt2-inference-5d8458fb46-2wnn4
2026-08-18 04:16:29.951,1150058496.0,gpt2-inference-5d8458fb46-dmj5h
2026-08-18 04:16:29.951,1852403712.0,gpt2-inference-5d8458fb46-ztjcb
2026-08-18 04:16:29.951,1281699840.0,gpt2-inference-5d8458fb46-lg46j
2026-08-18 04:16:29.951,1161764864.0,gpt2-inference-5d8458fb46-9m5td
2026-08-18 04:16:34.951,1181413376.0,gpt2-inference-5d8458fb46-rzh6r
2026-08-18 04:16:34.951,1161764864.0,gpt2-inference-5d8458fb46-9m5td
2026-08-18 04:16:34.951,1271742464.0,gpt2-inference-5d8458fb46-h27vx
2026-08-18 04:16:34.951,1154719744.0,gpt2-inference-5d8458fb46-2wnn4
2026-08-18 04:16:34.951,1852403712.0,gpt2-inference-5d8458fb46-ztjcb
2026-08-18 04:16:34.951,1281699840.0,gpt2-inference-5d8458fb46-lg46j
2026-08-18 04:16:34.951,1166856192.0,gpt2-inference-5d8458fb46-klkm9
2026-08-18 04:16:34.951,1150058496.0,gpt2-inference-5d8458fb46-dmj5h
2026-08-18 04:16:34.951,1196527616.0,gpt2-inference-5d8458fb46-5jcv6
2026-08-18 04:16:39.951,1150058496.0,gpt2-inference-5d8458fb46-dmj5h
2026-08-18 04:16:39.951,1271508992.0,gpt2-inference-5d8458fb46-h27vx
2026-08-18 04:16:39.951,1196527616.0,gpt2-inference-5d8458fb46-5jcv6
2026-08-18 04:16:39.951,1166856192.0,gpt2-inference-5d8458fb46-klkm9
2026-08-18 04:16:39.951,1281961984.0,gpt2-inference-5d8458fb46-lg46j
2026-08-18 04:16:39.951,1154719744.0,gpt2-inference-5d8458fb46-2wnn4
2026-08-18 04:16:39.951,1852403712.0,gpt2-inference-5d8458fb46-ztjcb
2026-08-18 04:16:39.951,1161764864.0,gpt2-inference-5d8458fb46-9m5td
2026-08-18 04:16:39.951,1181413376.0,gpt2-inference-5d8458fb46-rzh6r
2026-08-18 04:16:44.951,1154719744.0,gpt2-inference-5d8458fb46-2wnn4
2026-08-18 04:16:44.951,1166856192.0,gpt2-inference-5d8458fb46-klkm9
2026-08-18 04:16:44.951,1181413376.0,gpt2-inference-5d8458fb46-rzh6r
2026-08-18 04:16:44.951,1196527616.0,gpt2-inference-5d8458fb46-5jcv6
2026-08-18 04:16:44.951,1150062592.0,gpt2-inference-5d8458fb46-dmj5h
2026-08-18 04:16:44.951,1851891712.0,gpt2-inference-5d8458fb46-ztjcb
2026-08-18 04:16:44.951,1162031104.0,gpt2-inference-5d8458fb46-9m5td
2026-08-18 04:16:44.951,1271508992.0,gpt2-inference-5d8458fb46-h27vx
2026-08-18 04:16:44.951,1281961984.0,gpt2-inference-5d8458fb46-lg46j
2026-08-18 04:16:49.951,1196527616.0,gpt2-inference-5d8458fb46-5jcv6
2026-08-18 04:16:49.951,1150062592.0,gpt2-inference-5d8458fb46-dmj5h
2026-08-18 04:16:49.951,1154744320.0,gpt2-inference-5d8458fb46-2wnn4
2026-08-18 04:16:49.951,1851891712.0,gpt2-inference-5d8458fb46-ztjcb
2026-08-18 04:16:49.951,1162031104.0,gpt2-inference-5d8458fb46-9m5td
2026-08-18 04:16:49.951,1166856192.0,gpt2-inference-5d8458fb46-klkm9
2026-08-18 04:16:49.951,1181638656.0,gpt2-inference-5d8458fb46-rzh6r
2026-08-18 04:16:49.951,1281961984.0,gpt2-inference-5d8458fb46-lg46j
2026-08-18 04:16:49.951,1271508992.0,gpt2-inference-5d8458fb46-h27vx
2026-08-18 04:16:54.951,1181638656.0,gpt2-inference-5d8458fb46-rzh6r
2026-08-18 04:16:54.951,1154744320.0,gpt2-inference-5d8458fb46-2wnn4
2026-08-18 04:16:54.951,1166864384.0,gpt2-inference-5d8458fb46-klkm9
2026-08-18 04:16:54.951,1150062592.0,gpt2-inference-5d8458fb46-dmj5h
2026-08-18 04:16:54.951,1851891712.0,gpt2-inference-5d8458fb46-ztjcb
2026-08-18 04:16:54.951,1281458176.0,gpt2-inference-5d8458fb46-lg46j
2026-08-18 04:16:54.951,1196552192.0,gpt2-inference-5d8458fb46-5jcv6
2026-08-18 04:16:54.951,1161986048.0,gpt2-inference-5d8458fb46-9m5td
2026-08-18 04:16:54.951,1271754752.0,gpt2-inference-5d8458fb46-h27vx
2026-08-18 04:16:59.951,1166864384.0,gpt2-inference-5d8458fb46-klkm9
2026-08-18 04:16:59.951,1161986048.0,gpt2-inference-5d8458fb46-9m5td
2026-08-18 04:16:59.951,1150300160.0,gpt2-inference-5d8458fb46-dmj5h
2026-08-18 04:16:59.951,1271754752.0,gpt2-inference-5d8458fb46-h27vx
2026-08-18 04:16:59.951,1851895808.0,gpt2-inference-5d8458fb46-ztjcb
2026-08-18 04:16:59.951,1196552192.0,gpt2-inference-5d8458fb46-5jcv6
2026-08-18 04:16:59.951,1181638656.0,gpt2-inference-5d8458fb46-rzh6r
2026-08-18 04:16:59.951,1281458176.0,gpt2-inference-5d8458fb46-lg46j
2026-08-18 04:16:59.951,1154744320.0,gpt2-inference-5d8458fb46-2wnn4
2026-08-18 04:17:04.951,1271754752.0,gpt2-inference-5d8458fb46-h27vx
2026-08-18 04:17:04.951,1150300160.0,gpt2-inference-5d8458fb46-dmj5h
2026-08-18 04:17:04.951,1851895808.0,gpt2-inference-5d8458fb46-ztjcb
2026-08-18 04:17:04.951,1166901248.0,gpt2-inference-5d8458fb46-klkm9
2026-08-18 04:17:04.951,1281458176.0,gpt2-inference-5d8458fb46-lg46j
2026-08-18 04:17:04.951,1181413376.0,gpt2-inference-5d8458fb46-rzh6r
2026-08-18 04:17:04.951,1196552192.0,gpt2-inference-5d8458fb46-5jcv6
2026-08-18 04:17:04.951,1161986048.0,gpt2-inference-5d8458fb46-9m5td
2026-08-18 04:17:04.951,1154744320.0,gpt2-inference-5d8458fb46-2wnn4
2026-08-18 04:17:09.951,1155006464.0,gpt2-inference-5d8458fb46-2wnn4
2026-08-18 04:17:09.951,1281458176.0,gpt2-inference-5d8458fb46-lg46j
2026-08-18 04:17:09.951,1150300160.0,gpt2-inference-5d8458fb46-dmj5h
2026-08-18 04:17:09.951,1196552192.0,gpt2-inference-5d8458fb46-5jcv6
2026-08-18 04:17:09.951,1181413376.0,gpt2-inference-5d8458fb46-rzh6r
2026-08-18 04:17:09.951,1166901248.0,gpt2-inference-5d8458fb46-klkm9
2026-08-18 04:17:09.951,1162018816.0,gpt2-inference-5d8458fb46-9m5td
2026-08-18 04:17:09.951,1271513088.0,gpt2-inference-5d8458fb46-h27vx
2026-08-18 04:17:09.951,1851895808.0,gpt2-inference-5d8458fb46-ztjcb
2026-08-18 04:17:14.951,1150099456.0,gpt2-inference-5d8458fb46-dmj5h
2026-08-18 04:17:14.951,1181413376.0,gpt2-inference-5d8458fb46-rzh6r
2026-08-18 04:17:14.951,1162018816.0,gpt2-inference-5d8458fb46-9m5td
2026-08-18 04:17:14.951,1166901248.0,gpt2-inference-5d8458fb46-klkm9
2026-08-18 04:17:14.951,1281474560.0,gpt2-inference-5d8458fb46-lg46j
2026-08-18 04:17:14.951,1851895808.0,gpt2-inference-5d8458fb46-ztjcb
2026-08-18 04:17:14.951,1196535808.0,gpt2-inference-5d8458fb46-5jcv6
2026-08-18 04:17:14.951,1155006464.0,gpt2-inference-5d8458fb46-2wnn4
2026-08-18 04:17:14.951,1271513088.0,gpt2-inference-5d8458fb46-h27vx
2026-08-18 04:17:19.951,1162018816.0,gpt2-inference-5d8458fb46-9m5td
2026-08-18 04:17:19.951,1166901248.0,gpt2-inference-5d8458fb46-klkm9
2026-08-18 04:17:19.951,1181442048.0,gpt2-inference-5d8458fb46-rzh6r
2026-08-18 04:17:19.951,1155006464.0,gpt2-inference-5d8458fb46-2wnn4
2026-08-18 04:17:19.951,1196535808.0,gpt2-inference-5d8458fb46-5jcv6
2026-08-18 04:17:19.951,1851895808.0,gpt2-inference-5d8458fb46-ztjcb
2026-08-18 04:17:19.951,1281474560.0,gpt2-inference-5d8458fb46-lg46j
2026-08-18 04:17:19.951,1150099456.0,gpt2-inference-5d8458fb46-dmj5h
2026-08-18 04:17:19.951,1271513088.0,gpt2-inference-5d8458fb46-h27vx
2026-08-18 04:17:24.951,1851891712.0,gpt2-inference-5d8458fb46-ztjcb
2026-08-18 04:17:24.951,1281454080.0,gpt2-inference-5d8458fb46-lg46j
2026-08-18 04:17:24.951,1181442048.0,gpt2-inference-5d8458fb46-rzh6r
2026-08-18 04:17:24.951,1166860288.0,gpt2-inference-5d8458fb46-klkm9
2026-08-18 04:17:24.951,1196535808.0,gpt2-inference-5d8458fb46-5jcv6
2026-08-18 04:17:24.951,1150099456.0,gpt2-inference-5d8458fb46-dmj5h
2026-08-18 04:17:24.951,1162018816.0,gpt2-inference-5d8458fb46-9m5td
2026-08-18 04:17:24.951,1271508992.0,gpt2-inference-5d8458fb46-h27vx
2026-08-18 04:17:24.951,1154977792.0,gpt2-inference-5d8458fb46-2wnn4
2026-08-18 04:17:29.951,1154977792.0,gpt2-inference-5d8458fb46-2wnn4
2026-08-18 04:17:29.951,1851891712.0,gpt2-inference-5d8458fb46-ztjcb
2026-08-18 04:17:29.951,1162280960.0,gpt2-inference-5d8458fb46-9m5td
2026-08-18 04:17:29.951,1166860288.0,gpt2-inference-5d8458fb46-klkm9
2026-08-18 04:17:29.951,1150070784.0,gpt2-inference-5d8458fb46-dmj5h
2026-08-18 04:17:29.951,1181421568.0,gpt2-inference-5d8458fb46-rzh6r
2026-08-18 04:17:29.951,1196564480.0,gpt2-inference-5d8458fb46-5jcv6
2026-08-18 04:17:29.951,1281454080.0,gpt2-inference-5d8458fb46-lg46j
2026-08-18 04:17:29.951,1271508992.0,gpt2-inference-5d8458fb46-h27vx
2026-08-18 04:17:34.951,1154977792.0,gpt2-inference-5d8458fb46-2wnn4
2026-08-18 04:17:34.951,1181421568.0,gpt2-inference-5d8458fb46-rzh6r
2026-08-18 04:17:34.951,1196564480.0,gpt2-inference-5d8458fb46-5jcv6
2026-08-18 04:17:34.951,1281454080.0,gpt2-inference-5d8458fb46-lg46j
2026-08-18 04:17:34.951,1851891712.0,gpt2-inference-5d8458fb46-ztjcb
2026-08-18 04:17:34.951,1150070784.0,gpt2-inference-5d8458fb46-dmj5h
2026-08-18 04:17:34.951,1166860288.0,gpt2-inference-5d8458fb46-klkm9
2026-08-18 04:17:34.951,1271762944.0,gpt2-inference-5d8458fb46-h27vx
2026-08-18 04:17:34.951,1162280960.0,gpt2-inference-5d8458fb46-9m5td
2026-08-18 04:17:39.951,1196539904.0,gpt2-inference-5d8458fb46-5jcv6
2026-08-18 04:17:39.951,1166860288.0,gpt2-inference-5d8458fb46-klkm9
2026-08-18 04:17:39.951,1271762944.0,gpt2-inference-5d8458fb46-h27vx
2026-08-18 04:17:39.951,1281454080.0,gpt2-inference-5d8458fb46-lg46j
2026-08-18 04:17:39.951,1162280960.0,gpt2-inference-5d8458fb46-9m5td
2026-08-18 04:17:39.951,1181642752.0,gpt2-inference-5d8458fb46-rzh6r
2026-08-18 04:17:39.951,1154732032.0,gpt2-inference-5d8458fb46-2wnn4
2026-08-18 04:17:39.951,1150316544.0,gpt2-inference-5d8458fb46-dmj5h
2026-08-18 04:17:39.951,1851891712.0,gpt2-inference-5d8458fb46-ztjcb
2026-08-18 04:17:44.951,1166872576.0,gpt2-inference-5d8458fb46-klkm9
2026-08-18 04:17:44.951,1271762944.0,gpt2-inference-5d8458fb46-h27vx
2026-08-18 04:17:44.951,1161773056.0,gpt2-inference-5d8458fb46-9m5td
2026-08-18 04:17:44.951,1154732032.0,gpt2-inference-5d8458fb46-2wnn4
2026-08-18 04:17:44.951,1196539904.0,gpt2-inference-5d8458fb46-5jcv6
2026-08-18 04:17:44.951,1181642752.0,gpt2-inference-5d8458fb46-rzh6r
2026-08-18 04:17:44.951,1281458176.0,gpt2-inference-5d8458fb46-lg46j
2026-08-18 04:17:44.951,1150316544.0,gpt2-inference-5d8458fb46-dmj5h
2026-08-18 04:17:44.951,1851891712.0,gpt2-inference-5d8458fb46-ztjcb
2026-08-18 04:17:49.951,1851891712.0,gpt2-inference-5d8458fb46-ztjcb
2026-08-18 04:17:49.951,1181642752.0,gpt2-inference-5d8458fb46-rzh6r
2026-08-18 04:17:49.951,1281458176.0,gpt2-inference-5d8458fb46-lg46j
2026-08-18 04:17:49.951,1150316544.0,gpt2-inference-5d8458fb46-dmj5h
2026-08-18 04:17:49.951,1271775232.0,gpt2-inference-5d8458fb46-h27vx
2026-08-18 04:17:49.951,1161773056.0,gpt2-inference-5d8458fb46-9m5td
2026-08-18 04:17:49.951,1196535808.0,gpt2-inference-5d8458fb46-5jcv6
2026-08-18 04:17:49.951,1166872576.0,gpt2-inference-5d8458fb46-klkm9
2026-08-18 04:17:49.951,1154732032.0,gpt2-inference-5d8458fb46-2wnn4
2026-08-18 04:17:54.951,1166643200.0,gpt2-inference-5d8458fb46-klkm9
2026-08-18 04:17:54.951,1196535808.0,gpt2-inference-5d8458fb46-5jcv6
2026-08-18 04:17:54.951,1150316544.0,gpt2-inference-5d8458fb46-dmj5h
2026-08-18 04:17:54.951,1281458176.0,gpt2-inference-5d8458fb46-lg46j
2026-08-18 04:17:54.951,1154768896.0,gpt2-inference-5d8458fb46-2wnn4
2026-08-18 04:17:54.951,1271775232.0,gpt2-inference-5d8458fb46-h27vx
2026-08-18 04:17:54.951,1161773056.0,gpt2-inference-5d8458fb46-9m5td
2026-08-18 04:17:54.951,1181421568.0,gpt2-inference-5d8458fb46-rzh6r
2026-08-18 04:17:54.951,1851891712.0,gpt2-inference-5d8458fb46-ztjcb
2026-08-18 04:17:59.951,1162260480.0,gpt2-inference-5d8458fb46-9m5td
2026-08-18 04:17:59.951,1271775232.0,gpt2-inference-5d8458fb46-h27vx
2026-08-18 04:17:59.951,1181421568.0,gpt2-inference-5d8458fb46-rzh6r
2026-08-18 04:17:59.951,1281458176.0,gpt2-inference-5d8458fb46-lg46j
2026-08-18 04:17:59.951,1166643200.0,gpt2-inference-5d8458fb46-klkm9
2026-08-18 04:17:59.951,1150070784.0,gpt2-inference-5d8458fb46-dmj5h
2026-08-18 04:17:59.951,1851891712.0,gpt2-inference-5d8458fb46-ztjcb
2026-08-18 04:17:59.951,1154768896.0,gpt2-inference-5d8458fb46-2wnn4
2026-08-18 04:17:59.951,1196535808.0,gpt2-inference-5d8458fb46-5jcv6
2026-08-18 04:18:04.951,1851891712.0,gpt2-inference-5d8458fb46-ztjcb
2026-08-18 04:18:04.951,1162260480.0,gpt2-inference-5d8458fb46-9m5td
2026-08-18 04:18:04.951,1197056000.0,gpt2-inference-5d8458fb46-5jcv6
2026-08-18 04:18:04.951,1154768896.0,gpt2-inference-5d8458fb46-2wnn4
2026-08-18 04:18:04.951,1150070784.0,gpt2-inference-5d8458fb46-dmj5h
2026-08-18 04:18:04.951,1166643200.0,gpt2-inference-5d8458fb46-klkm9
2026-08-18 04:18:04.951,1181425664.0,gpt2-inference-5d8458fb46-rzh6r
2026-08-18 04:18:04.951,1271517184.0,gpt2-inference-5d8458fb46-h27vx
2026-08-18 04:18:04.951,1281458176.0,gpt2-inference-5d8458fb46-lg46j
2026-08-18 04:18:09.951,1281458176.0,gpt2-inference-5d8458fb46-lg46j
2026-08-18 04:18:09.951,1150070784.0,gpt2-inference-5d8458fb46-dmj5h
2026-08-18 04:18:09.951,1271517184.0,gpt2-inference-5d8458fb46-h27vx
2026-08-18 04:18:09.951,1162051584.0,gpt2-inference-5d8458fb46-9m5td
2026-08-18 04:18:09.951,1197056000.0,gpt2-inference-5d8458fb46-5jcv6
2026-08-18 04:18:09.951,1851891712.0,gpt2-inference-5d8458fb46-ztjcb
2026-08-18 04:18:09.951,1181425664.0,gpt2-inference-5d8458fb46-rzh6r
2026-08-18 04:18:09.951,1154768896.0,gpt2-inference-5d8458fb46-2wnn4
2026-08-18 04:18:09.951,1166663680.0,gpt2-inference-5d8458fb46-klkm9
2026-08-18 04:18:14.951,1150074880.0,gpt2-inference-5d8458fb46-dmj5h
2026-08-18 04:18:14.951,1197056000.0,gpt2-inference-5d8458fb46-5jcv6
2026-08-18 04:18:14.951,1162051584.0,gpt2-inference-5d8458fb46-9m5td
2026-08-18 04:18:14.951,1154957312.0,gpt2-inference-5d8458fb46-2wnn4
2026-08-18 04:18:14.951,1281720320.0,gpt2-inference-5d8458fb46-lg46j
2026-08-18 04:18:14.951,1852116992.0,gpt2-inference-5d8458fb46-ztjcb
2026-08-18 04:18:14.951,1271549952.0,gpt2-inference-5d8458fb46-h27vx
2026-08-18 04:18:14.951,1166663680.0,gpt2-inference-5d8458fb46-klkm9
2026-08-18 04:18:14.951,1181425664.0,gpt2-inference-5d8458fb46-rzh6r
2026-08-18 04:18:19.951,1154957312.0,gpt2-inference-5d8458fb46-2wnn4
2026-08-18 04:18:19.951,1271549952.0,gpt2-inference-5d8458fb46-h27vx
2026-08-18 04:18:19.951,1196539904.0,gpt2-inference-5d8458fb46-5jcv6
2026-08-18 04:18:19.951,1166663680.0,gpt2-inference-5d8458fb46-klkm9
2026-08-18 04:18:19.951,1150074880.0,gpt2-inference-5d8458fb46-dmj5h
2026-08-18 04:18:19.951,1852116992.0,gpt2-inference-5d8458fb46-ztjcb
2026-08-18 04:18:19.951,1162035200.0,gpt2-inference-5d8458fb46-9m5td
2026-08-18 04:18:19.951,1181675520.0,gpt2-inference-5d8458fb46-rzh6r
2026-08-18 04:18:19.951,1281720320.0,gpt2-inference-5d8458fb46-lg46j
2026-08-18 04:18:24.951,1150074880.0,gpt2-inference-5d8458fb46-dmj5h
2026-08-18 04:18:24.951,1271549952.0,gpt2-inference-5d8458fb46-h27vx
2026-08-18 04:18:24.951,1166663680.0,gpt2-inference-5d8458fb46-klkm9
2026-08-18 04:18:24.951,1851891712.0,gpt2-inference-5d8458fb46-ztjcb
2026-08-18 04:18:24.951,1162035200.0,gpt2-inference-5d8458fb46-9m5td
2026-08-18 04:18:24.951,1281720320.0,gpt2-inference-5d8458fb46-lg46j
2026-08-18 04:18:24.951,1196539904.0,gpt2-inference-5d8458fb46-5jcv6
2026-08-18 04:18:24.951,1181675520.0,gpt2-inference-5d8458fb46-rzh6r
2026-08-18 04:18:24.951,1154957312.0,gpt2-inference-5d8458fb46-2wnn4
2026-08-18 04:18:29.951,1271549952.0,gpt2-inference-5d8458fb46-h27vx
2026-08-18 04:18:29.951,1181675520.0,gpt2-inference-5d8458fb46-rzh6r
2026-08-18 04:18:29.951,1150091264.0,gpt2-inference-5d8458fb46-dmj5h
2026-08-18 04:18:29.951,1281720320.0,gpt2-inference-5d8458fb46-lg46j
2026-08-18 04:18:29.951,1196539904.0,gpt2-inference-5d8458fb46-5jcv6
2026-08-18 04:18:29.951,1154736128.0,gpt2-inference-5d8458fb46-2wnn4
2026-08-18 04:18:29.951,1166655488.0,gpt2-inference-5d8458fb46-klkm9
2026-08-18 04:18:29.951,1162035200.0,gpt2-inference-5d8458fb46-9m5td
2026-08-18 04:18:29.951,1851891712.0,gpt2-inference-5d8458fb46-ztjcb
2026-08-18 04:18:34.951,1150091264.0,gpt2-inference-5d8458fb46-dmj5h
2026-08-18 04:18:34.951,1271812096.0,gpt2-inference-5d8458fb46-h27vx
2026-08-18 04:18:34.951,1154736128.0,gpt2-inference-5d8458fb46-2wnn4
2026-08-18 04:18:34.951,1281482752.0,gpt2-inference-5d8458fb46-lg46j
2026-08-18 04:18:34.951,1166655488.0,gpt2-inference-5d8458fb46-klkm9
2026-08-18 04:18:34.951,1851891712.0,gpt2-inference-5d8458fb46-ztjcb
2026-08-18 04:18:34.951,1161773056.0,gpt2-inference-5d8458fb46-9m5td
2026-08-18 04:18:34.951,1196539904.0,gpt2-inference-5d8458fb46-5jcv6
2026-08-18 04:18:34.951,1181675520.0,gpt2-inference-5d8458fb46-rzh6r
2026-08-18 04:18:39.951,1181433856.0,gpt2-inference-5d8458fb46-rzh6r
2026-08-18 04:18:39.951,1271812096.0,gpt2-inference-5d8458fb46-h27vx
2026-08-18 04:18:39.951,1161773056.0,gpt2-inference-5d8458fb46-9m5td
2026-08-18 04:18:39.951,1154756608.0,gpt2-inference-5d8458fb46-2wnn4
2026-08-18 04:18:39.951,1281482752.0,gpt2-inference-5d8458fb46-lg46j
2026-08-18 04:18:39.951,1166872576.0,gpt2-inference-5d8458fb46-klkm9
2026-08-18 04:18:39.951,1150074880.0,gpt2-inference-5d8458fb46-dmj5h
2026-08-18 04:18:39.951,1196539904.0,gpt2-inference-5d8458fb46-5jcv6
2026-08-18 04:18:39.951,1851891712.0,gpt2-inference-5d8458fb46-ztjcb
2026-08-18 04:18:44.951,1851891712.0,gpt2-inference-5d8458fb46-ztjcb
2026-08-18 04:18:44.951,1161797632.0,gpt2-inference-5d8458fb46-9m5td
2026-08-18 04:18:44.951,1196539904.0,gpt2-inference-5d8458fb46-5jcv6
2026-08-18 04:18:44.951,1166872576.0,gpt2-inference-5d8458fb46-klkm9
2026-08-18 04:18:44.951,1154756608.0,gpt2-inference-5d8458fb46-2wnn4
2026-08-18 04:18:44.951,1271812096.0,gpt2-inference-5d8458fb46-h27vx
2026-08-18 04:18:44.951,1181433856.0,gpt2-inference-5d8458fb46-rzh6r
2026-08-18 04:18:44.951,1150074880.0,gpt2-inference-5d8458fb46-dmj5h
2026-08-18 04:18:44.951,1281462272.0,gpt2-inference-5d8458fb46-lg46j
2026-08-18 04:18:49.951,1154756608.0,gpt2-inference-5d8458fb46-2wnn4
2026-08-18 04:18:49.951,1281462272.0,gpt2-inference-5d8458fb46-lg46j
2026-08-18 04:18:49.951,1852411904.0,gpt2-inference-5d8458fb46-ztjcb
2026-08-18 04:18:49.951,1182199808.0,gpt2-inference-5d8458fb46-rzh6r
2026-08-18 04:18:49.951,1196539904.0,gpt2-inference-5d8458fb46-5jcv6
2026-08-18 04:18:49.951,1166872576.0,gpt2-inference-5d8458fb46-klkm9
2026-08-18 04:18:49.951,1150074880.0,gpt2-inference-5d8458fb46-dmj5h
2026-08-18 04:18:49.951,1271574528.0,gpt2-inference-5d8458fb46-h27vx
2026-08-18 04:18:49.951,1161797632.0,gpt2-inference-5d8458fb46-9m5td
2026-08-18 04:18:54.951,1852411904.0,gpt2-inference-5d8458fb46-ztjcb
2026-08-18 04:18:54.951,1166872576.0,gpt2-inference-5d8458fb46-klkm9
2026-08-18 04:18:54.951,1196560384.0,gpt2-inference-5d8458fb46-5jcv6
2026-08-18 04:18:54.951,1150074880.0,gpt2-inference-5d8458fb46-dmj5h
2026-08-18 04:18:54.951,1154961408.0,gpt2-inference-5d8458fb46-2wnn4
2026-08-18 04:18:54.951,1182199808.0,gpt2-inference-5d8458fb46-rzh6r
2026-08-18 04:18:54.951,1271574528.0,gpt2-inference-5d8458fb46-h27vx
2026-08-18 04:18:54.951,1281462272.0,gpt2-inference-5d8458fb46-lg46j
2026-08-18 04:18:54.951,1161797632.0,gpt2-inference-5d8458fb46-9m5td
2026-08-18 04:18:59.951,1161797632.0,gpt2-inference-5d8458fb46-9m5td
2026-08-18 04:18:59.951,1166647296.0,gpt2-inference-5d8458fb46-klkm9
2026-08-18 04:18:59.951,1196560384.0,gpt2-inference-5d8458fb46-5jcv6
2026-08-18 04:18:59.951,1182199808.0,gpt2-inference-5d8458fb46-rzh6r
2026-08-18 04:18:59.951,1281462272.0,gpt2-inference-5d8458fb46-lg46j
2026-08-18 04:18:59.951,1271574528.0,gpt2-inference-5d8458fb46-h27vx
2026-08-18 04:18:59.951,1852411904.0,gpt2-inference-5d8458fb46-ztjcb
2026-08-18 04:18:59.951,1154961408.0,gpt2-inference-5d8458fb46-2wnn4
2026-08-18 04:18:59.951,1150078976.0,gpt2-inference-5d8458fb46-dmj5h
2026-08-18 04:19:04.951,1181425664.0,gpt2-inference-5d8458fb46-rzh6r
2026-08-18 04:19:04.951,1150078976.0,gpt2-inference-5d8458fb46-dmj5h
2026-08-18 04:19:04.951,1161797632.0,gpt2-inference-5d8458fb46-9m5td
2026-08-18 04:19:04.951,1281466368.0,gpt2-inference-5d8458fb46-lg46j
2026-08-18 04:19:04.951,1196539904.0,gpt2-inference-5d8458fb46-5jcv6
2026-08-18 04:19:04.951,1166647296.0,gpt2-inference-5d8458fb46-klkm9
2026-08-18 04:19:04.951,1154961408.0,gpt2-inference-5d8458fb46-2wnn4
2026-08-18 04:19:04.951,1852411904.0,gpt2-inference-5d8458fb46-ztjcb
2026-08-18 04:19:04.951,1271574528.0,gpt2-inference-5d8458fb46-h27vx
2026-08-18 04:19:09.951,1154736128.0,gpt2-inference-5d8458fb46-2wnn4
2026-08-18 04:19:09.951,1161797632.0,gpt2-inference-5d8458fb46-9m5td
2026-08-18 04:19:09.951,1181425664.0,gpt2-inference-5d8458fb46-rzh6r
2026-08-18 04:19:09.951,1166647296.0,gpt2-inference-5d8458fb46-klkm9
2026-08-18 04:19:09.951,1271566336.0,gpt2-inference-5d8458fb46-h27vx
2026-08-18 04:19:09.951,1196539904.0,gpt2-inference-5d8458fb46-5jcv6
2026-08-18 04:19:09.951,1851895808.0,gpt2-inference-5d8458fb46-ztjcb
2026-08-18 04:19:09.951,1281466368.0,gpt2-inference-5d8458fb46-lg46j
2026-08-18 04:19:09.951,1150078976.0,gpt2-inference-5d8458fb46-dmj5h
2026-08-18 04:19:14.951,1166651392.0,gpt2-inference-5d8458fb46-klkm9
2026-08-18 04:19:14.951,1181429760.0,gpt2-inference-5d8458fb46-rzh6r
2026-08-18 04:19:14.951,1281466368.0,gpt2-inference-5d8458fb46-lg46j
2026-08-18 04:19:14.951,1150095360.0,gpt2-inference-5d8458fb46-dmj5h
2026-08-18 04:19:14.951,1851895808.0,gpt2-inference-5d8458fb46-ztjcb
2026-08-18 04:19:14.951,1161781248.0,gpt2-inference-5d8458fb46-9m5td
2026-08-18 04:19:14.951,1196539904.0,gpt2-inference-5d8458fb46-5jcv6
2026-08-18 04:19:14.951,1271566336.0,gpt2-inference-5d8458fb46-h27vx
2026-08-18 04:19:14.951,1154736128.0,gpt2-inference-5d8458fb46-2wnn4
2026-08-18 04:19:19.951,1150095360.0,gpt2-inference-5d8458fb46-dmj5h
2026-08-18 04:19:19.951,1154740224.0,gpt2-inference-5d8458fb46-2wnn4
2026-08-18 04:19:19.951,1161781248.0,gpt2-inference-5d8458fb46-9m5td
2026-08-18 04:19:19.951,1271566336.0,gpt2-inference-5d8458fb46-h27vx
2026-08-18 04:19:19.951,1181429760.0,gpt2-inference-5d8458fb46-rzh6r
2026-08-18 04:19:19.951,1281466368.0,gpt2-inference-5d8458fb46-lg46j
2026-08-18 04:19:19.951,1166651392.0,gpt2-inference-5d8458fb46-klkm9
2026-08-18 04:19:19.951,1851895808.0,gpt2-inference-5d8458fb46-ztjcb
2026-08-18 04:19:19.951,1196793856.0,gpt2-inference-5d8458fb46-5jcv6
2026-08-18 04:19:24.951,1281466368.0,gpt2-inference-5d8458fb46-lg46j
2026-08-18 04:19:24.951,1851895808.0,gpt2-inference-5d8458fb46-ztjcb
2026-08-18 04:19:24.951,1181429760.0,gpt2-inference-5d8458fb46-rzh6r
2026-08-18 04:19:24.951,1154740224.0,gpt2-inference-5d8458fb46-2wnn4
2026-08-18 04:19:24.951,1166651392.0,gpt2-inference-5d8458fb46-klkm9
2026-08-18 04:19:24.951,1150095360.0,gpt2-inference-5d8458fb46-dmj5h
2026-08-18 04:19:24.951,1161781248.0,gpt2-inference-5d8458fb46-9m5td
2026-08-18 04:19:24.951,1196793856.0,gpt2-inference-5d8458fb46-5jcv6
2026-08-18 04:19:24.951,1271525376.0,gpt2-inference-5d8458fb46-h27vx
2026-08-18 04:19:29.951,1166655488.0,gpt2-inference-5d8458fb46-klkm9
2026-08-18 04:19:29.951,1161785344.0,gpt2-inference-5d8458fb46-9m5td
2026-08-18 04:19:29.951,1271525376.0,gpt2-inference-5d8458fb46-h27vx
2026-08-18 04:19:29.951,1281462272.0,gpt2-inference-5d8458fb46-lg46j
2026-08-18 04:19:29.951,1851895808.0,gpt2-inference-5d8458fb46-ztjcb
2026-08-18 04:19:29.951,1150074880.0,gpt2-inference-5d8458fb46-dmj5h
2026-08-18 04:19:29.951,1181437952.0,gpt2-inference-5d8458fb46-rzh6r
2026-08-18 04:19:29.951,1155002368.0,gpt2-inference-5d8458fb46-2wnn4
2026-08-18 04:19:29.951,1196793856.0,gpt2-inference-5d8458fb46-5jcv6
2026-08-18 04:19:34.951,1155002368.0,gpt2-inference-5d8458fb46-2wnn4
2026-08-18 04:19:34.951,1161785344.0,gpt2-inference-5d8458fb46-9m5td
2026-08-18 04:19:34.951,1851895808.0,gpt2-inference-5d8458fb46-ztjcb
2026-08-18 04:19:34.951,1281462272.0,gpt2-inference-5d8458fb46-lg46j
2026-08-18 04:19:34.951,1271566336.0,gpt2-inference-5d8458fb46-h27vx
2026-08-18 04:19:34.951,1166655488.0,gpt2-inference-5d8458fb46-klkm9
2026-08-18 04:19:34.951,1150074880.0,gpt2-inference-5d8458fb46-dmj5h
2026-08-18 04:19:34.951,1181437952.0,gpt2-inference-5d8458fb46-rzh6r
2026-08-18 04:19:34.951,1196793856.0,gpt2-inference-5d8458fb46-5jcv6
2026-08-18 04:19:39.951,1852145664.0,gpt2-inference-5d8458fb46-ztjcb
2026-08-18 04:19:39.951,1150074880.0,gpt2-inference-5d8458fb46-dmj5h
2026-08-18 04:19:39.951,1271566336.0,gpt2-inference-5d8458fb46-h27vx
2026-08-18 04:19:39.951,1181437952.0,gpt2-inference-5d8458fb46-rzh6r
2026-08-18 04:19:39.951,1166655488.0,gpt2-inference-5d8458fb46-klkm9
2026-08-18 04:19:39.951,1281462272.0,gpt2-inference-5d8458fb46-lg46j
2026-08-18 04:19:39.951,1161785344.0,gpt2-inference-5d8458fb46-9m5td
2026-08-18 04:19:39.951,1155002368.0,gpt2-inference-5d8458fb46-2wnn4
2026-08-18 04:19:39.951,1196539904.0,gpt2-inference-5d8458fb46-5jcv6
2026-08-18 04:19:44.951,1150074880.0,gpt2-inference-5d8458fb46-dmj5h
2026-08-18 04:19:44.951,1181429760.0,gpt2-inference-5d8458fb46-rzh6r
2026-08-18 04:19:44.951,1281716224.0,gpt2-inference-5d8458fb46-lg46j
2026-08-18 04:19:44.951,1155026944.0,gpt2-inference-5d8458fb46-2wnn4
2026-08-18 04:19:44.951,1161785344.0,gpt2-inference-5d8458fb46-9m5td
2026-08-18 04:19:44.951,1271566336.0,gpt2-inference-5d8458fb46-h27vx
2026-08-18 04:19:44.951,1196539904.0,gpt2-inference-5d8458fb46-5jcv6
2026-08-18 04:19:44.951,1852145664.0,gpt2-inference-5d8458fb46-ztjcb
2026-08-18 04:19:44.951,1166655488.0,gpt2-inference-5d8458fb46-klkm9
2026-08-18 04:19:49.951,1196539904.0,gpt2-inference-5d8458fb46-5jcv6
2026-08-18 04:19:49.951,1271566336.0,gpt2-inference-5d8458fb46-h27vx
2026-08-18 04:19:49.951,1150074880.0,gpt2-inference-5d8458fb46-dmj5h
2026-08-18 04:19:49.951,1161785344.0,gpt2-inference-5d8458fb46-9m5td
2026-08-18 04:19:49.951,1155026944.0,gpt2-inference-5d8458fb46-2wnn4
2026-08-18 04:19:49.951,1281716224.0,gpt2-inference-5d8458fb46-lg46j
2026-08-18 04:19:49.951,1851895808.0,gpt2-inference-5d8458fb46-ztjcb
2026-08-18 04:19:49.951,1166675968.0,gpt2-inference-5d8458fb46-klkm9
2026-08-18 04:19:49.951,1181429760.0,gpt2-inference-5d8458fb46-rzh6r
2026-08-18 04:19:54.951,1150074880.0,gpt2-inference-5d8458fb46-dmj5h
2026-08-18 04:19:54.951,1196539904.0,gpt2-inference-5d8458fb46-5jcv6
2026-08-18 04:19:54.951,1154994176.0,gpt2-inference-5d8458fb46-2wnn4
2026-08-18 04:19:54.951,1281716224.0,gpt2-inference-5d8458fb46-lg46j
2026-08-18 04:19:54.951,1181429760.0,gpt2-inference-5d8458fb46-rzh6r
2026-08-18 04:19:54.951,1166675968.0,gpt2-inference-5d8458fb46-klkm9
2026-08-18 04:19:54.951,1851895808.0,gpt2-inference-5d8458fb46-ztjcb
2026-08-18 04:19:54.951,1161805824.0,gpt2-inference-5d8458fb46-9m5td
2026-08-18 04:19:54.951,1271791616.0,gpt2-inference-5d8458fb46-h27vx
2026-08-18 04:19:59.951,1150074880.0,gpt2-inference-5d8458fb46-dmj5h
2026-08-18 04:19:59.951,1281458176.0,gpt2-inference-5d8458fb46-lg46j
2026-08-18 04:19:59.951,1851895808.0,gpt2-inference-5d8458fb46-ztjcb
2026-08-18 04:19:59.951,1181429760.0,gpt2-inference-5d8458fb46-rzh6r
2026-08-18 04:19:59.951,1271791616.0,gpt2-inference-5d8458fb46-h27vx
2026-08-18 04:19:59.951,1166884864.0,gpt2-inference-5d8458fb46-klkm9
2026-08-18 04:19:59.951,1154994176.0,gpt2-inference-5d8458fb46-2wnn4
2026-08-18 04:19:59.951,1161805824.0,gpt2-inference-5d8458fb46-9m5td
2026-08-18 04:19:59.951,1196539904.0,gpt2-inference-5d8458fb46-5jcv6
2026-08-18 04:20:04.951,1271791616.0,gpt2-inference-5d8458fb46-h27vx
2026-08-18 04:20:04.951,1181458432.0,gpt2-inference-5d8458fb46-rzh6r
2026-08-18 04:20:04.951,1281458176.0,gpt2-inference-5d8458fb46-lg46j
2026-08-18 04:20:04.951,1196539904.0,gpt2-inference-5d8458fb46-5jcv6
2026-08-18 04:20:04.951,1154994176.0,gpt2-inference-5d8458fb46-2wnn4
2026-08-18 04:20:04.951,1150074880.0,gpt2-inference-5d8458fb46-dmj5h
2026-08-18 04:20:04.951,1852153856.0,gpt2-inference-5d8458fb46-ztjcb
2026-08-18 04:20:04.951,1166884864.0,gpt2-inference-5d8458fb46-klkm9
2026-08-18 04:20:04.951,1161805824.0,gpt2-inference-5d8458fb46-9m5td
2026-08-18 04:20:09.951,1166884864.0,gpt2-inference-5d8458fb46-klkm9
2026-08-18 04:20:09.951,1162276864.0,gpt2-inference-5d8458fb46-9m5td
2026-08-18 04:20:09.951,1150099456.0,gpt2-inference-5d8458fb46-dmj5h
2026-08-18 04:20:09.951,1281462272.0,gpt2-inference-5d8458fb46-lg46j
2026-08-18 04:20:09.951,1852153856.0,gpt2-inference-5d8458fb46-ztjcb
2026-08-18 04:20:09.951,1181458432.0,gpt2-inference-5d8458fb46-rzh6r
2026-08-18 04:20:09.951,1154994176.0,gpt2-inference-5d8458fb46-2wnn4
2026-08-18 04:20:09.951,1271791616.0,gpt2-inference-5d8458fb46-h27vx
2026-08-18 04:20:09.951,1196539904.0,gpt2-inference-5d8458fb46-5jcv6
2026-08-18 04:20:14.951,1196539904.0,gpt2-inference-5d8458fb46-5jcv6
2026-08-18 04:20:14.951,1851895808.0,gpt2-inference-5d8458fb46-ztjcb
2026-08-18 04:20:14.951,1181458432.0,gpt2-inference-5d8458fb46-rzh6r
2026-08-18 04:20:14.951,1162276864.0,gpt2-inference-5d8458fb46-9m5td
2026-08-18 04:20:14.951,1166884864.0,gpt2-inference-5d8458fb46-klkm9
2026-08-18 04:20:14.951,1281462272.0,gpt2-inference-5d8458fb46-lg46j
2026-08-18 04:20:14.951,1154740224.0,gpt2-inference-5d8458fb46-2wnn4
2026-08-18 04:20:14.951,1271533568.0,gpt2-inference-5d8458fb46-h27vx
2026-08-18 04:20:14.951,1150099456.0,gpt2-inference-5d8458fb46-dmj5h
2026-08-18 04:20:19.951,1162276864.0,gpt2-inference-5d8458fb46-9m5td
2026-08-18 04:20:19.951,1271533568.0,gpt2-inference-5d8458fb46-h27vx
2026-08-18 04:20:19.951,1281462272.0,gpt2-inference-5d8458fb46-lg46j
2026-08-18 04:20:19.951,1851895808.0,gpt2-inference-5d8458fb46-ztjcb
2026-08-18 04:20:19.951,1196539904.0,gpt2-inference-5d8458fb46-5jcv6
2026-08-18 04:20:19.951,1166942208.0,gpt2-inference-5d8458fb46-klkm9
2026-08-18 04:20:19.951,1154740224.0,gpt2-inference-5d8458fb46-2wnn4
2026-08-18 04:20:19.951,1150099456.0,gpt2-inference-5d8458fb46-dmj5h
2026-08-18 04:20:19.951,1181458432.0,gpt2-inference-5d8458fb46-rzh6r
2026-08-18 04:20:24.951,1196797952.0,gpt2-inference-5d8458fb46-5jcv6
2026-08-18 04:20:24.951,1271533568.0,gpt2-inference-5d8458fb46-h27vx
2026-08-18 04:20:24.951,1150099456.0,gpt2-inference-5d8458fb46-dmj5h
2026-08-18 04:20:24.951,1851895808.0,gpt2-inference-5d8458fb46-ztjcb
2026-08-18 04:20:24.951,1162276864.0,gpt2-inference-5d8458fb46-9m5td
2026-08-18 04:20:24.951,1154740224.0,gpt2-inference-5d8458fb46-2wnn4
2026-08-18 04:20:24.951,1281490944.0,gpt2-inference-5d8458fb46-lg46j
2026-08-18 04:20:24.951,1181650944.0,gpt2-inference-5d8458fb46-rzh6r
2026-08-18 04:20:24.951,1166942208.0,gpt2-inference-5d8458fb46-klkm9
2026-08-18 04:20:29.951,1281490944.0,gpt2-inference-5d8458fb46-lg46j
2026-08-18 04:20:29.951,1196797952.0,gpt2-inference-5d8458fb46-5jcv6
2026-08-18 04:20:29.951,1161793536.0,gpt2-inference-5d8458fb46-9m5td
2026-08-18 04:20:29.951,1154740224.0,gpt2-inference-5d8458fb46-2wnn4
2026-08-18 04:20:29.951,1181650944.0,gpt2-inference-5d8458fb46-rzh6r
2026-08-18 04:20:29.951,1272020992.0,gpt2-inference-5d8458fb46-h27vx
2026-08-18 04:20:29.951,1150320640.0,gpt2-inference-5d8458fb46-dmj5h
2026-08-18 04:20:29.951,1166942208.0,gpt2-inference-5d8458fb46-klkm9
2026-08-18 04:20:29.951,1851924480.0,gpt2-inference-5d8458fb46-ztjcb
2026-08-18 04:20:34.951,1281490944.0,gpt2-inference-5d8458fb46-lg46j
2026-08-18 04:20:34.951,1196797952.0,gpt2-inference-5d8458fb46-5jcv6
2026-08-18 04:20:34.951,1161793536.0,gpt2-inference-5d8458fb46-9m5td
2026-08-18 04:20:34.951,1154740224.0,gpt2-inference-5d8458fb46-2wnn4
2026-08-18 04:20:34.951,1150320640.0,gpt2-inference-5d8458fb46-dmj5h
2026-08-18 04:20:34.951,1851924480.0,gpt2-inference-5d8458fb46-ztjcb
2026-08-18 04:20:34.951,1181650944.0,gpt2-inference-5d8458fb46-rzh6r
2026-08-18 04:20:34.951,1272020992.0,gpt2-inference-5d8458fb46-h27vx
2026-08-18 04:20:34.951,1166655488.0,gpt2-inference-5d8458fb46-klkm9
2026-08-18 04:20:39.951,1281466368.0,gpt2-inference-5d8458fb46-lg46j
2026-08-18 04:20:39.951,1851924480.0,gpt2-inference-5d8458fb46-ztjcb
2026-08-18 04:20:39.951,1161797632.0,gpt2-inference-5d8458fb46-9m5td
2026-08-18 04:20:39.951,1196797952.0,gpt2-inference-5d8458fb46-5jcv6
2026-08-18 04:20:39.951,1166655488.0,gpt2-inference-5d8458fb46-klkm9
2026-08-18 04:20:39.951,1181650944.0,gpt2-inference-5d8458fb46-rzh6r
2026-08-18 04:20:39.951,1154740224.0,gpt2-inference-5d8458fb46-2wnn4
2026-08-18 04:20:39.951,1271529472.0,gpt2-inference-5d8458fb46-h27vx
2026-08-18 04:20:39.951,1150320640.0,gpt2-inference-5d8458fb46-dmj5h
2026-08-18 04:20:44.951,1161797632.0,gpt2-inference-5d8458fb46-9m5td
2026-08-18 04:20:44.951,1154740224.0,gpt2-inference-5d8458fb46-2wnn4
2026-08-18 04:20:44.951,1181437952.0,gpt2-inference-5d8458fb46-rzh6r
2026-08-18 04:20:44.951,1196806144.0,gpt2-inference-5d8458fb46-5jcv6
2026-08-18 04:20:44.951,1166655488.0,gpt2-inference-5d8458fb46-klkm9
2026-08-18 04:20:44.951,1281466368.0,gpt2-inference-5d8458fb46-lg46j
2026-08-18 04:20:44.951,1851924480.0,gpt2-inference-5d8458fb46-ztjcb
2026-08-18 04:20:44.951,1271529472.0,gpt2-inference-5d8458fb46-h27vx
2026-08-18 04:20:44.951,1150357504.0,gpt2-inference-5d8458fb46-dmj5h
2026-08-18 04:20:49.951,1150357504.0,gpt2-inference-5d8458fb46-dmj5h
2026-08-18 04:20:49.951,1154740224.0,gpt2-inference-5d8458fb46-2wnn4
2026-08-18 04:20:49.951,1166655488.0,gpt2-inference-5d8458fb46-klkm9
2026-08-18 04:20:49.951,1196806144.0,gpt2-inference-5d8458fb46-5jcv6
2026-08-18 04:20:49.951,1281466368.0,gpt2-inference-5d8458fb46-lg46j
2026-08-18 04:20:49.951,1851920384.0,gpt2-inference-5d8458fb46-ztjcb
2026-08-18 04:20:49.951,1181437952.0,gpt2-inference-5d8458fb46-rzh6r
2026-08-18 04:20:49.951,1271529472.0,gpt2-inference-5d8458fb46-h27vx
2026-08-18 04:20:49.951,1161797632.0,gpt2-inference-5d8458fb46-9m5td
2026-08-18 04:20:54.951,1271533568.0,gpt2-inference-5d8458fb46-h27vx
2026-08-18 04:20:54.951,1166655488.0,gpt2-inference-5d8458fb46-klkm9
2026-08-18 04:20:54.951,1851920384.0,gpt2-inference-5d8458fb46-ztjcb
2026-08-18 04:20:54.951,1154740224.0,gpt2-inference-5d8458fb46-2wnn4
2026-08-18 04:20:54.951,1196806144.0,gpt2-inference-5d8458fb46-5jcv6
2026-08-18 04:20:54.951,1281466368.0,gpt2-inference-5d8458fb46-lg46j
2026-08-18 04:20:54.951,1181437952.0,gpt2-inference-5d8458fb46-rzh6r
2026-08-18 04:20:54.951,1161797632.0,gpt2-inference-5d8458fb46-9m5td
2026-08-18 04:20:54.951,1150357504.0,gpt2-inference-5d8458fb46-dmj5h
2026-08-18 04:20:59.951,1281949696.0,gpt2-inference-5d8458fb46-lg46j
2026-08-18 04:20:59.951,1181921280.0,gpt2-inference-5d8458fb46-rzh6r
2026-08-18 04:20:59.951,1166655488.0,gpt2-inference-5d8458fb46-klkm9
2026-08-18 04:20:59.951,1271533568.0,gpt2-inference-5d8458fb46-h27vx
2026-08-18 04:20:59.951,1196806144.0,gpt2-inference-5d8458fb46-5jcv6
2026-08-18 04:20:59.951,1150070784.0,gpt2-inference-5d8458fb46-dmj5h
2026-08-18 04:20:59.951,1851920384.0,gpt2-inference-5d8458fb46-ztjcb
2026-08-18 04:20:59.951,1161818112.0,gpt2-inference-5d8458fb46-9m5td
2026-08-18 04:20:59.951,1154740224.0,gpt2-inference-5d8458fb46-2wnn4
2026-08-18 04:21:04.951,1181921280.0,gpt2-inference-5d8458fb46-rzh6r
2026-08-18 04:21:04.951,1166655488.0,gpt2-inference-5d8458fb46-klkm9
2026-08-18 04:21:04.951,1150070784.0,gpt2-inference-5d8458fb46-dmj5h
2026-08-18 04:21:04.951,1851895808.0,gpt2-inference-5d8458fb46-ztjcb
2026-08-18 04:21:04.951,1281949696.0,gpt2-inference-5d8458fb46-lg46j
2026-08-18 04:21:04.951,1154740224.0,gpt2-inference-5d8458fb46-2wnn4
2026-08-18 04:21:04.951,1161818112.0,gpt2-inference-5d8458fb46-9m5td
2026-08-18 04:21:04.951,1196560384.0,gpt2-inference-5d8458fb46-5jcv6
2026-08-18 04:21:04.951,1271533568.0,gpt2-inference-5d8458fb46-h27vx
2026-08-18 04:21:09.951,1281949696.0,gpt2-inference-5d8458fb46-lg46j
2026-08-18 04:21:09.951,1161818112.0,gpt2-inference-5d8458fb46-9m5td
2026-08-18 04:21:09.951,1196560384.0,gpt2-inference-5d8458fb46-5jcv6
2026-08-18 04:21:09.951,1181921280.0,gpt2-inference-5d8458fb46-rzh6r
2026-08-18 04:21:09.951,1166655488.0,gpt2-inference-5d8458fb46-klkm9
2026-08-18 04:21:09.951,1271533568.0,gpt2-inference-5d8458fb46-h27vx
2026-08-18 04:21:09.951,1154740224.0,gpt2-inference-5d8458fb46-2wnn4
2026-08-18 04:21:09.951,1851895808.0,gpt2-inference-5d8458fb46-ztjcb
2026-08-18 04:21:09.951,1150070784.0,gpt2-inference-5d8458fb46-dmj5h
2026-08-18 04:21:14.951,1154740224.0,gpt2-inference-5d8458fb46-2wnn4
2026-08-18 04:21:14.951,1161797632.0,gpt2-inference-5d8458fb46-9m5td
2026-08-18 04:21:14.951,1281949696.0,gpt2-inference-5d8458fb46-lg46j
2026-08-18 04:21:14.951,1181921280.0,gpt2-inference-5d8458fb46-rzh6r
2026-08-18 04:21:14.951,1150070784.0,gpt2-inference-5d8458fb46-dmj5h
2026-08-18 04:21:14.951,1271566336.0,gpt2-inference-5d8458fb46-h27vx
2026-08-18 04:21:14.951,1196560384.0,gpt2-inference-5d8458fb46-5jcv6
2026-08-18 04:21:14.951,1166655488.0,gpt2-inference-5d8458fb46-klkm9
2026-08-18 04:21:14.951,1851895808.0,gpt2-inference-5d8458fb46-ztjcb
2026-08-18 04:21:19.951,1281761280.0,gpt2-inference-5d8458fb46-lg46j
2026-08-18 04:21:19.951,1271566336.0,gpt2-inference-5d8458fb46-h27vx
2026-08-18 04:21:19.951,1166655488.0,gpt2-inference-5d8458fb46-klkm9
2026-08-18 04:21:19.951,1196539904.0,gpt2-inference-5d8458fb46-5jcv6
2026-08-18 04:21:19.951,1154740224.0,gpt2-inference-5d8458fb46-2wnn4
2026-08-18 04:21:19.951,1150074880.0,gpt2-inference-5d8458fb46-dmj5h
2026-08-18 04:21:19.951,1851895808.0,gpt2-inference-5d8458fb46-ztjcb
2026-08-18 04:21:19.951,1181462528.0,gpt2-inference-5d8458fb46-rzh6r
2026-08-18 04:21:19.951,1161797632.0,gpt2-inference-5d8458fb46-9m5td
2026-08-18 04:21:24.951,1196539904.0,gpt2-inference-5d8458fb46-5jcv6
2026-08-18 04:21:24.951,1851895808.0,gpt2-inference-5d8458fb46-ztjcb
2026-08-18 04:21:24.951,1161797632.0,gpt2-inference-5d8458fb46-9m5td
2026-08-18 04:21:24.951,1281761280.0,gpt2-inference-5d8458fb46-lg46j
2026-08-18 04:21:24.951,1150074880.0,gpt2-inference-5d8458fb46-dmj5h
2026-08-18 04:21:24.951,1181462528.0,gpt2-inference-5d8458fb46-rzh6r
2026-08-18 04:21:24.951,1166655488.0,gpt2-inference-5d8458fb46-klkm9
2026-08-18 04:21:24.951,1154740224.0,gpt2-inference-5d8458fb46-2wnn4
2026-08-18 04:21:24.951,1271566336.0,gpt2-inference-5d8458fb46-h27vx
2026-08-18 04:21:29.951,1181704192.0,gpt2-inference-5d8458fb46-rzh6r
2026-08-18 04:21:29.951,1166655488.0,gpt2-inference-5d8458fb46-klkm9
2026-08-18 04:21:29.951,1851895808.0,gpt2-inference-5d8458fb46-ztjcb
2026-08-18 04:21:29.951,1161797632.0,gpt2-inference-5d8458fb46-9m5td
2026-08-18 04:21:29.951,1271537664.0,gpt2-inference-5d8458fb46-h27vx
2026-08-18 04:21:29.951,1196539904.0,gpt2-inference-5d8458fb46-5jcv6
2026-08-18 04:21:29.951,1150074880.0,gpt2-inference-5d8458fb46-dmj5h
2026-08-18 04:21:29.951,1154740224.0,gpt2-inference-5d8458fb46-2wnn4
2026-08-18 04:21:29.951,1281761280.0,gpt2-inference-5d8458fb46-lg46j
2026-08-18 04:21:34.951,1161793536.0,gpt2-inference-5d8458fb46-9m5td
2026-08-18 04:21:34.951,1851895808.0,gpt2-inference-5d8458fb46-ztjcb
2026-08-18 04:21:34.951,1196539904.0,gpt2-inference-5d8458fb46-5jcv6
2026-08-18 04:21:34.951,1150308352.0,gpt2-inference-5d8458fb46-dmj5h
2026-08-18 04:21:34.951,1271537664.0,gpt2-inference-5d8458fb46-h27vx
2026-08-18 04:21:34.951,1154740224.0,gpt2-inference-5d8458fb46-2wnn4
2026-08-18 04:21:34.951,1181704192.0,gpt2-inference-5d8458fb46-rzh6r
2026-08-18 04:21:34.951,1167183872.0,gpt2-inference-5d8458fb46-klkm9
2026-08-18 04:21:34.951,1281720320.0,gpt2-inference-5d8458fb46-lg46j
2026-08-18 04:21:39.951,1281720320.0,gpt2-inference-5d8458fb46-lg46j
2026-08-18 04:21:39.951,1150308352.0,gpt2-inference-5d8458fb46-dmj5h
2026-08-18 04:21:39.951,1271537664.0,gpt2-inference-5d8458fb46-h27vx
2026-08-18 04:21:39.951,1851895808.0,gpt2-inference-5d8458fb46-ztjcb
2026-08-18 04:21:39.951,1181704192.0,gpt2-inference-5d8458fb46-rzh6r
2026-08-18 04:21:39.951,1196539904.0,gpt2-inference-5d8458fb46-5jcv6
2026-08-18 04:21:39.951,1161793536.0,gpt2-inference-5d8458fb46-9m5td
2026-08-18 04:21:39.951,1167183872.0,gpt2-inference-5d8458fb46-klkm9
2026-08-18 04:21:39.951,1154740224.0,gpt2-inference-5d8458fb46-2wnn4
2026-08-18 04:21:44.951,1851895808.0,gpt2-inference-5d8458fb46-ztjcb
2026-08-18 04:21:44.951,1167183872.0,gpt2-inference-5d8458fb46-klkm9
2026-08-18 04:21:44.951,1196539904.0,gpt2-inference-5d8458fb46-5jcv6
2026-08-18 04:21:44.951,1161793536.0,gpt2-inference-5d8458fb46-9m5td
2026-08-18 04:21:44.951,1150308352.0,gpt2-inference-5d8458fb46-dmj5h
2026-08-18 04:21:44.951,1181704192.0,gpt2-inference-5d8458fb46-rzh6r
2026-08-18 04:21:44.951,1271537664.0,gpt2-inference-5d8458fb46-h27vx
2026-08-18 04:21:44.951,1154740224.0,gpt2-inference-5d8458fb46-2wnn4
2026-08-18 04:21:44.951,1281720320.0,gpt2-inference-5d8458fb46-lg46j
2026-08-18 04:21:49.951,1196539904.0,gpt2-inference-5d8458fb46-5jcv6
2026-08-18 04:21:49.951,1150107648.0,gpt2-inference-5d8458fb46-dmj5h
2026-08-18 04:21:49.951,1181671424.0,gpt2-inference-5d8458fb46-rzh6r
2026-08-18 04:21:49.951,1167183872.0,gpt2-inference-5d8458fb46-klkm9
2026-08-18 04:21:49.951,1281466368.0,gpt2-inference-5d8458fb46-lg46j
2026-08-18 04:21:49.951,1161793536.0,gpt2-inference-5d8458fb46-9m5td
2026-08-18 04:21:49.951,1271537664.0,gpt2-inference-5d8458fb46-h27vx
2026-08-18 04:21:49.951,1154740224.0,gpt2-inference-5d8458fb46-2wnn4
2026-08-18 04:21:49.951,1851895808.0,gpt2-inference-5d8458fb46-ztjcb
2026-08-18 04:21:54.951,1271570432.0,gpt2-inference-5d8458fb46-h27vx
2026-08-18 04:21:54.951,1150107648.0,gpt2-inference-5d8458fb46-dmj5h
2026-08-18 04:21:54.951,1181671424.0,gpt2-inference-5d8458fb46-rzh6r
2026-08-18 04:21:54.951,1166675968.0,gpt2-inference-5d8458fb46-klkm9
2026-08-18 04:21:54.951,1281466368.0,gpt2-inference-5d8458fb46-lg46j
2026-08-18 04:21:54.951,1196560384.0,gpt2-inference-5d8458fb46-5jcv6
2026-08-18 04:21:54.951,1851895808.0,gpt2-inference-5d8458fb46-ztjcb
2026-08-18 04:21:54.951,1154740224.0,gpt2-inference-5d8458fb46-2wnn4
2026-08-18 04:21:54.951,1161793536.0,gpt2-inference-5d8458fb46-9m5td
2026-08-18 04:21:59.951,1154740224.0,gpt2-inference-5d8458fb46-2wnn4
2026-08-18 04:21:59.951,1150095360.0,gpt2-inference-5d8458fb46-dmj5h
2026-08-18 04:21:59.951,1851895808.0,gpt2-inference-5d8458fb46-ztjcb
2026-08-18 04:21:59.951,1166675968.0,gpt2-inference-5d8458fb46-klkm9
2026-08-18 04:21:59.951,1161793536.0,gpt2-inference-5d8458fb46-9m5td
2026-08-18 04:21:59.951,1271570432.0,gpt2-inference-5d8458fb46-h27vx
2026-08-18 04:21:59.951,1281466368.0,gpt2-inference-5d8458fb46-lg46j
2026-08-18 04:21:59.951,1181671424.0,gpt2-inference-5d8458fb46-rzh6r
2026-08-18 04:21:59.951,1196560384.0,gpt2-inference-5d8458fb46-5jcv6
2026-08-18 04:22:04.951,1281466368.0,gpt2-inference-5d8458fb46-lg46j
2026-08-18 04:22:04.951,1271570432.0,gpt2-inference-5d8458fb46-h27vx
2026-08-18 04:22:04.951,1150095360.0,gpt2-inference-5d8458fb46-dmj5h
2026-08-18 04:22:04.951,1154740224.0,gpt2-inference-5d8458fb46-2wnn4
2026-08-18 04:22:04.951,1851895808.0,gpt2-inference-5d8458fb46-ztjcb
2026-08-18 04:22:04.951,1196560384.0,gpt2-inference-5d8458fb46-5jcv6
2026-08-18 04:22:04.951,1166655488.0,gpt2-inference-5d8458fb46-klkm9
2026-08-18 04:22:04.951,1161793536.0,gpt2-inference-5d8458fb46-9m5td
2026-08-18 04:22:04.951,1181470720.0,gpt2-inference-5d8458fb46-rzh6r
2026-08-18 04:22:09.951,1271541760.0,gpt2-inference-5d8458fb46-h27vx
2026-08-18 04:22:09.951,1181470720.0,gpt2-inference-5d8458fb46-rzh6r
2026-08-18 04:22:09.951,1154740224.0,gpt2-inference-5d8458fb46-2wnn4
2026-08-18 04:22:09.951,1150095360.0,gpt2-inference-5d8458fb46-dmj5h
2026-08-18 04:22:09.951,1196826624.0,gpt2-inference-5d8458fb46-5jcv6
2026-08-18 04:22:09.951,1281720320.0,gpt2-inference-5d8458fb46-lg46j
2026-08-18 04:22:09.951,1162072064.0,gpt2-inference-5d8458fb46-9m5td
2026-08-18 04:22:09.951,1166655488.0,gpt2-inference-5d8458fb46-klkm9
2026-08-18 04:22:09.951,1851895808.0,gpt2-inference-5d8458fb46-ztjcb
2026-08-18 04:22:14.951,1162072064.0,gpt2-inference-5d8458fb46-9m5td
2026-08-18 04:22:14.951,1154764800.0,gpt2-inference-5d8458fb46-2wnn4
2026-08-18 04:22:14.951,1181470720.0,gpt2-inference-5d8458fb46-rzh6r
2026-08-18 04:22:14.951,1271541760.0,gpt2-inference-5d8458fb46-h27vx
2026-08-18 04:22:14.951,1281720320.0,gpt2-inference-5d8458fb46-lg46j
2026-08-18 04:22:14.951,1166655488.0,gpt2-inference-5d8458fb46-klkm9
2026-08-18 04:22:14.951,1196826624.0,gpt2-inference-5d8458fb46-5jcv6
2026-08-18 04:22:14.951,1851895808.0,gpt2-inference-5d8458fb46-ztjcb
2026-08-18 04:22:14.951,1150095360.0,gpt2-inference-5d8458fb46-dmj5h
2026-08-18 04:22:19.951,1166651392.0,gpt2-inference-5d8458fb46-klkm9
2026-08-18 04:22:19.951,1271541760.0,gpt2-inference-5d8458fb46-h27vx
2026-08-18 04:22:19.951,1281720320.0,gpt2-inference-5d8458fb46-lg46j
2026-08-18 04:22:19.951,1154764800.0,gpt2-inference-5d8458fb46-2wnn4
2026-08-18 04:22:19.951,1162072064.0,gpt2-inference-5d8458fb46-9m5td
2026-08-18 04:22:19.951,1150078976.0,gpt2-inference-5d8458fb46-dmj5h
2026-08-18 04:22:19.951,1196826624.0,gpt2-inference-5d8458fb46-5jcv6
2026-08-18 04:22:19.951,1181470720.0,gpt2-inference-5d8458fb46-rzh6r
2026-08-18 04:22:19.951,1852174336.0,gpt2-inference-5d8458fb46-ztjcb
2026-08-18 04:22:24.951,1271767040.0,gpt2-inference-5d8458fb46-h27vx
2026-08-18 04:22:24.951,1161809920.0,gpt2-inference-5d8458fb46-9m5td
2026-08-18 04:22:24.951,1150078976.0,gpt2-inference-5d8458fb46-dmj5h
2026-08-18 04:22:24.951,1852174336.0,gpt2-inference-5d8458fb46-ztjcb
2026-08-18 04:22:24.951,1154764800.0,gpt2-inference-5d8458fb46-2wnn4
2026-08-18 04:22:24.951,1281470464.0,gpt2-inference-5d8458fb46-lg46j
2026-08-18 04:22:24.951,1166651392.0,gpt2-inference-5d8458fb46-klkm9
2026-08-18 04:22:24.951,1196826624.0,gpt2-inference-5d8458fb46-5jcv6
2026-08-18 04:22:24.951,1181442048.0,gpt2-inference-5d8458fb46-rzh6r
2026-08-18 04:22:29.951,1196826624.0,gpt2-inference-5d8458fb46-5jcv6
2026-08-18 04:22:29.951,1154764800.0,gpt2-inference-5d8458fb46-2wnn4
2026-08-18 04:22:29.951,1161809920.0,gpt2-inference-5d8458fb46-9m5td
2026-08-18 04:22:29.951,1281470464.0,gpt2-inference-5d8458fb46-lg46j
2026-08-18 04:22:29.951,1271767040.0,gpt2-inference-5d8458fb46-h27vx
2026-08-18 04:22:29.951,1166651392.0,gpt2-inference-5d8458fb46-klkm9
2026-08-18 04:22:29.951,1181442048.0,gpt2-inference-5d8458fb46-rzh6r
2026-08-18 04:22:29.951,1852174336.0,gpt2-inference-5d8458fb46-ztjcb
2026-08-18 04:22:29.951,1150078976.0,gpt2-inference-5d8458fb46-dmj5h
2026-08-18 04:22:34.951,1181442048.0,gpt2-inference-5d8458fb46-rzh6r
2026-08-18 04:22:34.951,1166675968.0,gpt2-inference-5d8458fb46-klkm9
2026-08-18 04:22:34.951,1154740224.0,gpt2-inference-5d8458fb46-2wnn4
2026-08-18 04:22:34.951,1852174336.0,gpt2-inference-5d8458fb46-ztjcb
2026-08-18 04:22:34.951,1150074880.0,gpt2-inference-5d8458fb46-dmj5h
2026-08-18 04:22:34.951,1161809920.0,gpt2-inference-5d8458fb46-9m5td
2026-08-18 04:22:34.951,1196826624.0,gpt2-inference-5d8458fb46-5jcv6
2026-08-18 04:22:34.951,1271767040.0,gpt2-inference-5d8458fb46-h27vx
2026-08-18 04:22:34.951,1281490944.0,gpt2-inference-5d8458fb46-lg46j
2026-08-18 04:22:39.951,1281490944.0,gpt2-inference-5d8458fb46-lg46j
2026-08-18 04:22:39.951,1271767040.0,gpt2-inference-5d8458fb46-h27vx
2026-08-18 04:22:39.951,1196535808.0,gpt2-inference-5d8458fb46-5jcv6
2026-08-18 04:22:39.951,1154740224.0,gpt2-inference-5d8458fb46-2wnn4
2026-08-18 04:22:39.951,1851899904.0,gpt2-inference-5d8458fb46-ztjcb
2026-08-18 04:22:39.951,1166675968.0,gpt2-inference-5d8458fb46-klkm9
2026-08-18 04:22:39.951,1150074880.0,gpt2-inference-5d8458fb46-dmj5h
2026-08-18 04:22:39.951,1162076160.0,gpt2-inference-5d8458fb46-9m5td
2026-08-18 04:22:39.951,1181442048.0,gpt2-inference-5d8458fb46-rzh6r
2026-08-18 04:22:44.951,1181442048.0,gpt2-inference-5d8458fb46-rzh6r
2026-08-18 04:22:44.951,1150074880.0,gpt2-inference-5d8458fb46-dmj5h
2026-08-18 04:22:44.951,1851899904.0,gpt2-inference-5d8458fb46-ztjcb
2026-08-18 04:22:44.951,1196535808.0,gpt2-inference-5d8458fb46-5jcv6
2026-08-18 04:22:44.951,1281490944.0,gpt2-inference-5d8458fb46-lg46j
2026-08-18 04:22:44.951,1271783424.0,gpt2-inference-5d8458fb46-h27vx
2026-08-18 04:22:44.951,1162076160.0,gpt2-inference-5d8458fb46-9m5td
2026-08-18 04:22:44.951,1166675968.0,gpt2-inference-5d8458fb46-klkm9
2026-08-18 04:22:44.951,1154740224.0,gpt2-inference-5d8458fb46-2wnn4
2026-08-18 04:22:49.951,1281490944.0,gpt2-inference-5d8458fb46-lg46j
2026-08-18 04:22:49.951,1166651392.0,gpt2-inference-5d8458fb46-klkm9
2026-08-18 04:22:49.951,1851891712.0,gpt2-inference-5d8458fb46-ztjcb
2026-08-18 04:22:49.951,1162076160.0,gpt2-inference-5d8458fb46-9m5td
2026-08-18 04:22:49.951,1154744320.0,gpt2-inference-5d8458fb46-2wnn4
2026-08-18 04:22:49.951,1196535808.0,gpt2-inference-5d8458fb46-5jcv6
2026-08-18 04:22:49.951,1150074880.0,gpt2-inference-5d8458fb46-dmj5h
2026-08-18 04:22:49.951,1181687808.0,gpt2-inference-5d8458fb46-rzh6r
2026-08-18 04:22:49.951,1271783424.0,gpt2-inference-5d8458fb46-h27vx
2026-08-18 04:22:54.951,1154744320.0,gpt2-inference-5d8458fb46-2wnn4
2026-08-18 04:22:54.951,1281470464.0,gpt2-inference-5d8458fb46-lg46j
2026-08-18 04:22:54.951,1271783424.0,gpt2-inference-5d8458fb46-h27vx
2026-08-18 04:22:54.951,1181687808.0,gpt2-inference-5d8458fb46-rzh6r
2026-08-18 04:22:54.951,1150074880.0,gpt2-inference-5d8458fb46-dmj5h
2026-08-18 04:22:54.951,1851891712.0,gpt2-inference-5d8458fb46-ztjcb
2026-08-18 04:22:54.951,1166651392.0,gpt2-inference-5d8458fb46-klkm9
2026-08-18 04:22:54.951,1196802048.0,gpt2-inference-5d8458fb46-5jcv6
2026-08-18 04:22:54.951,1161797632.0,gpt2-inference-5d8458fb46-9m5td
2026-08-18 04:22:59.951,1181687808.0,gpt2-inference-5d8458fb46-rzh6r
2026-08-18 04:22:59.951,1281470464.0,gpt2-inference-5d8458fb46-lg46j
2026-08-18 04:22:59.951,1271578624.0,gpt2-inference-5d8458fb46-h27vx
2026-08-18 04:22:59.951,1196802048.0,gpt2-inference-5d8458fb46-5jcv6
2026-08-18 04:22:59.951,1161797632.0,gpt2-inference-5d8458fb46-9m5td
2026-08-18 04:22:59.951,1150074880.0,gpt2-inference-5d8458fb46-dmj5h
2026-08-18 04:22:59.951,1851891712.0,gpt2-inference-5d8458fb46-ztjcb
2026-08-18 04:22:59.951,1154744320.0,gpt2-inference-5d8458fb46-2wnn4
2026-08-18 04:22:59.951,1166651392.0,gpt2-inference-5d8458fb46-klkm9
2026-08-18 04:23:04.951,1271578624.0,gpt2-inference-5d8458fb46-h27vx
2026-08-18 04:23:04.951,1196548096.0,gpt2-inference-5d8458fb46-5jcv6
2026-08-18 04:23:04.951,1161797632.0,gpt2-inference-5d8458fb46-9m5td
2026-08-18 04:23:04.951,1154744320.0,gpt2-inference-5d8458fb46-2wnn4
2026-08-18 04:23:04.951,1166647296.0,gpt2-inference-5d8458fb46-klkm9
2026-08-18 04:23:04.951,1150332928.0,gpt2-inference-5d8458fb46-dmj5h
2026-08-18 04:23:04.951,1281470464.0,gpt2-inference-5d8458fb46-lg46j
2026-08-18 04:23:04.951,1181687808.0,gpt2-inference-5d8458fb46-rzh6r
2026-08-18 04:23:04.951,1851891712.0,gpt2-inference-5d8458fb46-ztjcb
2026-08-18 04:23:09.951,1271578624.0,gpt2-inference-5d8458fb46-h27vx
2026-08-18 04:23:09.951,1166647296.0,gpt2-inference-5d8458fb46-klkm9
2026-08-18 04:23:09.951,1281748992.0,gpt2-inference-5d8458fb46-lg46j
2026-08-18 04:23:09.951,1196548096.0,gpt2-inference-5d8458fb46-5jcv6
2026-08-18 04:23:09.951,1851895808.0,gpt2-inference-5d8458fb46-ztjcb
2026-08-18 04:23:09.951,1155031040.0,gpt2-inference-5d8458fb46-2wnn4
2026-08-18 04:23:09.951,1150332928.0,gpt2-inference-5d8458fb46-dmj5h
2026-08-18 04:23:09.951,1161797632.0,gpt2-inference-5d8458fb46-9m5td
2026-08-18 04:23:09.951,1181437952.0,gpt2-inference-5d8458fb46-rzh6r
2026-08-18 04:23:14.951,1271803904.0,gpt2-inference-5d8458fb46-h27vx
2026-08-18 04:23:14.951,1281748992.0,gpt2-inference-5d8458fb46-lg46j
2026-08-18 04:23:14.951,1181437952.0,gpt2-inference-5d8458fb46-rzh6r
2026-08-18 04:23:14.951,1150332928.0,gpt2-inference-5d8458fb46-dmj5h
2026-08-18 04:23:14.951,1196548096.0,gpt2-inference-5d8458fb46-5jcv6
2026-08-18 04:23:14.951,1161793536.0,gpt2-inference-5d8458fb46-9m5td
2026-08-18 04:23:14.951,1851895808.0,gpt2-inference-5d8458fb46-ztjcb
2026-08-18 04:23:14.951,1166647296.0,gpt2-inference-5d8458fb46-klkm9
2026-08-18 04:23:14.951,1155031040.0,gpt2-inference-5d8458fb46-2wnn4
2026-08-18 04:23:19.951,1167171584.0,gpt2-inference-5d8458fb46-klkm9
2026-08-18 04:23:19.951,1161793536.0,gpt2-inference-5d8458fb46-9m5td
2026-08-18 04:23:19.951,1150070784.0,gpt2-inference-5d8458fb46-dmj5h
2026-08-18 04:23:19.951,1181437952.0,gpt2-inference-5d8458fb46-rzh6r
2026-08-18 04:23:19.951,1271803904.0,gpt2-inference-5d8458fb46-h27vx
2026-08-18 04:23:19.951,1281748992.0,gpt2-inference-5d8458fb46-lg46j
2026-08-18 04:23:19.951,1852145664.0,gpt2-inference-5d8458fb46-ztjcb
2026-08-18 04:23:19.951,1196548096.0,gpt2-inference-5d8458fb46-5jcv6
2026-08-18 04:23:19.951,1154744320.0,gpt2-inference-5d8458fb46-2wnn4
2026-08-18 04:23:24.951,1150070784.0,gpt2-inference-5d8458fb46-dmj5h
2026-08-18 04:23:24.951,1281748992.0,gpt2-inference-5d8458fb46-lg46j
2026-08-18 04:23:24.951,1181462528.0,gpt2-inference-5d8458fb46-rzh6r
2026-08-18 04:23:24.951,1167171584.0,gpt2-inference-5d8458fb46-klkm9
2026-08-18 04:23:24.951,1852145664.0,gpt2-inference-5d8458fb46-ztjcb
2026-08-18 04:23:24.951,1196539904.0,gpt2-inference-5d8458fb46-5jcv6
2026-08-18 04:23:24.951,1154744320.0,gpt2-inference-5d8458fb46-2wnn4
2026-08-18 04:23:24.951,1162067968.0,gpt2-inference-5d8458fb46-9m5td
2026-08-18 04:23:24.951,1271803904.0,gpt2-inference-5d8458fb46-h27vx
2026-08-18 04:23:29.951,1181462528.0,gpt2-inference-5d8458fb46-rzh6r
2026-08-18 04:23:29.951,1167171584.0,gpt2-inference-5d8458fb46-klkm9
2026-08-18 04:23:29.951,1154744320.0,gpt2-inference-5d8458fb46-2wnn4
2026-08-18 04:23:29.951,1271541760.0,gpt2-inference-5d8458fb46-h27vx
2026-08-18 04:23:29.951,1852145664.0,gpt2-inference-5d8458fb46-ztjcb
2026-08-18 04:23:29.951,1196539904.0,gpt2-inference-5d8458fb46-5jcv6
2026-08-18 04:23:29.951,1150070784.0,gpt2-inference-5d8458fb46-dmj5h
2026-08-18 04:23:29.951,1162067968.0,gpt2-inference-5d8458fb46-9m5td
2026-08-18 04:23:29.951,1281466368.0,gpt2-inference-5d8458fb46-lg46j
2026-08-18 04:23:34.951,1167171584.0,gpt2-inference-5d8458fb46-klkm9
2026-08-18 04:23:34.951,1162067968.0,gpt2-inference-5d8458fb46-9m5td
2026-08-18 04:23:34.951,1271541760.0,gpt2-inference-5d8458fb46-h27vx
2026-08-18 04:23:34.951,1281466368.0,gpt2-inference-5d8458fb46-lg46j
2026-08-18 04:23:34.951,1150095360.0,gpt2-inference-5d8458fb46-dmj5h
2026-08-18 04:23:34.951,1181442048.0,gpt2-inference-5d8458fb46-rzh6r
2026-08-18 04:23:34.951,1196539904.0,gpt2-inference-5d8458fb46-5jcv6
2026-08-18 04:23:34.951,1851904000.0,gpt2-inference-5d8458fb46-ztjcb
2026-08-18 04:23:34.951,1155215360.0,gpt2-inference-5d8458fb46-2wnn4
2026-08-18 04:23:39.951,1196539904.0,gpt2-inference-5d8458fb46-5jcv6
2026-08-18 04:23:39.951,1166798848.0,gpt2-inference-5d8458fb46-klkm9
2026-08-18 04:23:39.951,1851904000.0,gpt2-inference-5d8458fb46-ztjcb
2026-08-18 04:23:39.951,1161793536.0,gpt2-inference-5d8458fb46-9m5td
2026-08-18 04:23:39.951,1271541760.0,gpt2-inference-5d8458fb46-h27vx
2026-08-18 04:23:39.951,1281466368.0,gpt2-inference-5d8458fb46-lg46j
2026-08-18 04:23:39.951,1155215360.0,gpt2-inference-5d8458fb46-2wnn4
2026-08-18 04:23:39.951,1181442048.0,gpt2-inference-5d8458fb46-rzh6r
2026-08-18 04:23:39.951,1150095360.0,gpt2-inference-5d8458fb46-dmj5h
2026-08-18 04:23:44.951,1271586816.0,gpt2-inference-5d8458fb46-h27vx
2026-08-18 04:23:44.951,1166798848.0,gpt2-inference-5d8458fb46-klkm9
2026-08-18 04:23:44.951,1196539904.0,gpt2-inference-5d8458fb46-5jcv6
2026-08-18 04:23:44.951,1281466368.0,gpt2-inference-5d8458fb46-lg46j
2026-08-18 04:23:44.951,1161793536.0,gpt2-inference-5d8458fb46-9m5td
2026-08-18 04:23:44.951,1150095360.0,gpt2-inference-5d8458fb46-dmj5h
2026-08-18 04:23:44.951,1852391424.0,gpt2-inference-5d8458fb46-ztjcb
2026-08-18 04:23:44.951,1155215360.0,gpt2-inference-5d8458fb46-2wnn4
2026-08-18 04:23:44.951,1181442048.0,gpt2-inference-5d8458fb46-rzh6r
2026-08-18 04:23:49.951,1161793536.0,gpt2-inference-5d8458fb46-9m5td
2026-08-18 04:23:49.951,1852391424.0,gpt2-inference-5d8458fb46-ztjcb
2026-08-18 04:23:49.951,1181442048.0,gpt2-inference-5d8458fb46-rzh6r
2026-08-18 04:23:49.951,1281466368.0,gpt2-inference-5d8458fb46-lg46j
2026-08-18 04:23:49.951,1150300160.0,gpt2-inference-5d8458fb46-dmj5h
2026-08-18 04:23:49.951,1154727936.0,gpt2-inference-5d8458fb46-2wnn4
2026-08-18 04:23:49.951,1166798848.0,gpt2-inference-5d8458fb46-klkm9
2026-08-18 04:23:49.951,1271586816.0,gpt2-inference-5d8458fb46-h27vx
2026-08-18 04:23:49.951,1196560384.0,gpt2-inference-5d8458fb46-5jcv6
2026-08-18 04:23:54.951,1852391424.0,gpt2-inference-5d8458fb46-ztjcb
2026-08-18 04:23:54.951,1167339520.0,gpt2-inference-5d8458fb46-klkm9
2026-08-18 04:23:54.951,1196560384.0,gpt2-inference-5d8458fb46-5jcv6
2026-08-18 04:23:54.951,1150300160.0,gpt2-inference-5d8458fb46-dmj5h
2026-08-18 04:23:54.951,1281466368.0,gpt2-inference-5d8458fb46-lg46j
2026-08-18 04:23:54.951,1154727936.0,gpt2-inference-5d8458fb46-2wnn4
2026-08-18 04:23:54.951,1161793536.0,gpt2-inference-5d8458fb46-9m5td
2026-08-18 04:23:54.951,1181446144.0,gpt2-inference-5d8458fb46-rzh6r
2026-08-18 04:23:54.951,1271586816.0,gpt2-inference-5d8458fb46-h27vx
2026-08-18 04:23:59.951,1852391424.0,gpt2-inference-5d8458fb46-ztjcb
2026-08-18 04:23:59.951,1167339520.0,gpt2-inference-5d8458fb46-klkm9
2026-08-18 04:23:59.951,1271570432.0,gpt2-inference-5d8458fb46-h27vx
2026-08-18 04:23:59.951,1150300160.0,gpt2-inference-5d8458fb46-dmj5h
2026-08-18 04:23:59.951,1154727936.0,gpt2-inference-5d8458fb46-2wnn4
2026-08-18 04:23:59.951,1181446144.0,gpt2-inference-5d8458fb46-rzh6r
2026-08-18 04:23:59.951,1161793536.0,gpt2-inference-5d8458fb46-9m5td
2026-08-18 04:23:59.951,1281470464.0,gpt2-inference-5d8458fb46-lg46j
2026-08-18 04:23:59.951,1196560384.0,gpt2-inference-5d8458fb46-5jcv6
2026-08-18 04:24:04.951,1196560384.0,gpt2-inference-5d8458fb46-5jcv6
2026-08-18 04:24:04.951,1281470464.0,gpt2-inference-5d8458fb46-lg46j
2026-08-18 04:24:04.951,1154732032.0,gpt2-inference-5d8458fb46-2wnn4
2026-08-18 04:24:04.951,1167339520.0,gpt2-inference-5d8458fb46-klkm9
2026-08-18 04:24:04.951,1271570432.0,gpt2-inference-5d8458fb46-h27vx
2026-08-18 04:24:04.951,1150078976.0,gpt2-inference-5d8458fb46-dmj5h
2026-08-18 04:24:04.951,1181437952.0,gpt2-inference-5d8458fb46-rzh6r
2026-08-18 04:24:04.951,1161793536.0,gpt2-inference-5d8458fb46-9m5td
2026-08-18 04:24:04.951,1852186624.0,gpt2-inference-5d8458fb46-ztjcb
2026-08-18 04:24:09.951,1271803904.0,gpt2-inference-5d8458fb46-h27vx
2026-08-18 04:24:09.951,1196548096.0,gpt2-inference-5d8458fb46-5jcv6
2026-08-18 04:24:09.951,1161793536.0,gpt2-inference-5d8458fb46-9m5td
2026-08-18 04:24:09.951,1154732032.0,gpt2-inference-5d8458fb46-2wnn4
2026-08-18 04:24:09.951,1150078976.0,gpt2-inference-5d8458fb46-dmj5h
2026-08-18 04:24:09.951,1281470464.0,gpt2-inference-5d8458fb46-lg46j
2026-08-18 04:24:09.951,1181437952.0,gpt2-inference-5d8458fb46-rzh6r
2026-08-18 04:24:09.951,1852186624.0,gpt2-inference-5d8458fb46-ztjcb
2026-08-18 04:24:09.951,1166802944.0,gpt2-inference-5d8458fb46-klkm9
2026-08-18 04:24:14.951,1271803904.0,gpt2-inference-5d8458fb46-h27vx
2026-08-18 04:24:14.951,1166802944.0,gpt2-inference-5d8458fb46-klkm9
2026-08-18 04:24:14.951,1150078976.0,gpt2-inference-5d8458fb46-dmj5h
2026-08-18 04:24:14.951,1181708288.0,gpt2-inference-5d8458fb46-rzh6r
2026-08-18 04:24:14.951,1161793536.0,gpt2-inference-5d8458fb46-9m5td
2026-08-18 04:24:14.951,1281470464.0,gpt2-inference-5d8458fb46-lg46j
2026-08-18 04:24:14.951,1196548096.0,gpt2-inference-5d8458fb46-5jcv6
2026-08-18 04:24:14.951,1851908096.0,gpt2-inference-5d8458fb46-ztjcb
2026-08-18 04:24:14.951,1154732032.0,gpt2-inference-5d8458fb46-2wnn4
2026-08-18 04:24:19.951,1155239936.0,gpt2-inference-5d8458fb46-2wnn4
2026-08-18 04:24:19.951,1271803904.0,gpt2-inference-5d8458fb46-h27vx
2026-08-18 04:24:19.951,1851908096.0,gpt2-inference-5d8458fb46-ztjcb
2026-08-18 04:24:19.951,1181708288.0,gpt2-inference-5d8458fb46-rzh6r
2026-08-18 04:24:19.951,1150070784.0,gpt2-inference-5d8458fb46-dmj5h
2026-08-18 04:24:19.951,1281470464.0,gpt2-inference-5d8458fb46-lg46j
2026-08-18 04:24:19.951,1166802944.0,gpt2-inference-5d8458fb46-klkm9
2026-08-18 04:24:19.951,1196544000.0,gpt2-inference-5d8458fb46-5jcv6
2026-08-18 04:24:19.951,1161818112.0,gpt2-inference-5d8458fb46-9m5td
2026-08-18 04:24:24.951,1196544000.0,gpt2-inference-5d8458fb46-5jcv6
2026-08-18 04:24:24.951,1271803904.0,gpt2-inference-5d8458fb46-h27vx
2026-08-18 04:24:24.951,1155239936.0,gpt2-inference-5d8458fb46-2wnn4
2026-08-18 04:24:24.951,1166802944.0,gpt2-inference-5d8458fb46-klkm9
2026-08-18 04:24:24.951,1281470464.0,gpt2-inference-5d8458fb46-lg46j
2026-08-18 04:24:24.951,1150070784.0,gpt2-inference-5d8458fb46-dmj5h
2026-08-18 04:24:24.951,1161818112.0,gpt2-inference-5d8458fb46-9m5td
2026-08-18 04:24:24.951,1181708288.0,gpt2-inference-5d8458fb46-rzh6r
2026-08-18 04:24:24.951,1851928576.0,gpt2-inference-5d8458fb46-ztjcb
2026-08-18 04:24:29.951,1196539904.0,gpt2-inference-5d8458fb46-5jcv6
2026-08-18 04:24:29.951,1154727936.0,gpt2-inference-5d8458fb46-2wnn4
2026-08-18 04:24:29.951,1161818112.0,gpt2-inference-5d8458fb46-9m5td
2026-08-18 04:24:29.951,1281474560.0,gpt2-inference-5d8458fb46-lg46j
2026-08-18 04:24:29.951,1271570432.0,gpt2-inference-5d8458fb46-h27vx
2026-08-18 04:24:29.951,1851928576.0,gpt2-inference-5d8458fb46-ztjcb
2026-08-18 04:24:29.951,1150095360.0,gpt2-inference-5d8458fb46-dmj5h
2026-08-18 04:24:29.951,1181708288.0,gpt2-inference-5d8458fb46-rzh6r
2026-08-18 04:24:29.951,1166802944.0,gpt2-inference-5d8458fb46-klkm9
2026-08-18 04:24:34.951,1166802944.0,gpt2-inference-5d8458fb46-klkm9
2026-08-18 04:24:34.951,1271570432.0,gpt2-inference-5d8458fb46-h27vx
2026-08-18 04:24:34.951,1181454336.0,gpt2-inference-5d8458fb46-rzh6r
2026-08-18 04:24:34.951,1161814016.0,gpt2-inference-5d8458fb46-9m5td
2026-08-18 04:24:34.951,1851928576.0,gpt2-inference-5d8458fb46-ztjcb
2026-08-18 04:24:34.951,1281474560.0,gpt2-inference-5d8458fb46-lg46j
2026-08-18 04:24:34.951,1154727936.0,gpt2-inference-5d8458fb46-2wnn4
2026-08-18 04:24:34.951,1196539904.0,gpt2-inference-5d8458fb46-5jcv6
2026-08-18 04:24:34.951,1150095360.0,gpt2-inference-5d8458fb46-dmj5h
2026-08-18 04:24:39.951,1271570432.0,gpt2-inference-5d8458fb46-h27vx
2026-08-18 04:24:39.951,1851928576.0,gpt2-inference-5d8458fb46-ztjcb
2026-08-18 04:24:39.951,1281474560.0,gpt2-inference-5d8458fb46-lg46j
2026-08-18 04:24:39.951,1196539904.0,gpt2-inference-5d8458fb46-5jcv6
2026-08-18 04:24:39.951,1161814016.0,gpt2-inference-5d8458fb46-9m5td
2026-08-18 04:24:39.951,1166802944.0,gpt2-inference-5d8458fb46-klkm9
2026-08-18 04:24:39.951,1150095360.0,gpt2-inference-5d8458fb46-dmj5h
2026-08-18 04:24:39.951,1181454336.0,gpt2-inference-5d8458fb46-rzh6r
2026-08-18 04:24:39.951,1154727936.0,gpt2-inference-5d8458fb46-2wnn4
2026-08-18 04:24:44.951,1154727936.0,gpt2-inference-5d8458fb46-2wnn4
2026-08-18 04:24:44.951,1281470464.0,gpt2-inference-5d8458fb46-lg46j
2026-08-18 04:24:44.951,1150078976.0,gpt2-inference-5d8458fb46-dmj5h
2026-08-18 04:24:44.951,1851928576.0,gpt2-inference-5d8458fb46-ztjcb
2026-08-18 04:24:44.951,1196539904.0,gpt2-inference-5d8458fb46-5jcv6
2026-08-18 04:24:44.951,1161797632.0,gpt2-inference-5d8458fb46-9m5td
2026-08-18 04:24:44.951,1166802944.0,gpt2-inference-5d8458fb46-klkm9
2026-08-18 04:24:44.951,1271541760.0,gpt2-inference-5d8458fb46-h27vx
2026-08-18 04:24:44.951,1181454336.0,gpt2-inference-5d8458fb46-rzh6r
2026-08-18 04:24:49.951,1281470464.0,gpt2-inference-5d8458fb46-lg46j
2026-08-18 04:24:49.951,1167056896.0,gpt2-inference-5d8458fb46-klkm9
2026-08-18 04:24:49.951,1150078976.0,gpt2-inference-5d8458fb46-dmj5h
2026-08-18 04:24:49.951,1196572672.0,gpt2-inference-5d8458fb46-5jcv6
2026-08-18 04:24:49.951,1154957312.0,gpt2-inference-5d8458fb46-2wnn4
2026-08-18 04:24:49.951,1181454336.0,gpt2-inference-5d8458fb46-rzh6r
2026-08-18 04:24:49.951,1161797632.0,gpt2-inference-5d8458fb46-9m5td
2026-08-18 04:24:49.951,1851928576.0,gpt2-inference-5d8458fb46-ztjcb
2026-08-18 04:24:49.951,1271541760.0,gpt2-inference-5d8458fb46-h27vx
2026-08-18 04:24:54.951,1150078976.0,gpt2-inference-5d8458fb46-dmj5h
2026-08-18 04:24:54.951,1196572672.0,gpt2-inference-5d8458fb46-5jcv6
2026-08-18 04:24:54.951,1167056896.0,gpt2-inference-5d8458fb46-klkm9
2026-08-18 04:24:54.951,1161797632.0,gpt2-inference-5d8458fb46-9m5td
2026-08-18 04:24:54.951,1154957312.0,gpt2-inference-5d8458fb46-2wnn4
2026-08-18 04:24:54.951,1281470464.0,gpt2-inference-5d8458fb46-lg46j
2026-08-18 04:24:54.951,1181442048.0,gpt2-inference-5d8458fb46-rzh6r
2026-08-18 04:24:54.951,1271541760.0,gpt2-inference-5d8458fb46-h27vx
2026-08-18 04:24:54.951,1851928576.0,gpt2-inference-5d8458fb46-ztjcb
2026-08-18 04:24:59.951,1166798848.0,gpt2-inference-5d8458fb46-klkm9
2026-08-18 04:24:59.951,1281470464.0,gpt2-inference-5d8458fb46-lg46j
2026-08-18 04:24:59.951,1150078976.0,gpt2-inference-5d8458fb46-dmj5h
2026-08-18 04:24:59.951,1154957312.0,gpt2-inference-5d8458fb46-2wnn4
2026-08-18 04:24:59.951,1181442048.0,gpt2-inference-5d8458fb46-rzh6r
2026-08-18 04:24:59.951,1196572672.0,gpt2-inference-5d8458fb46-5jcv6
2026-08-18 04:24:59.951,1271541760.0,gpt2-inference-5d8458fb46-h27vx
2026-08-18 04:24:59.951,1851904000.0,gpt2-inference-5d8458fb46-ztjcb
2026-08-18 04:24:59.951,1161797632.0,gpt2-inference-5d8458fb46-9m5td
2026-08-18 04:25:04.951,1150095360.0,gpt2-inference-5d8458fb46-dmj5h
2026-08-18 04:25:04.951,1196568576.0,gpt2-inference-5d8458fb46-5jcv6
2026-08-18 04:25:04.951,1851904000.0,gpt2-inference-5d8458fb46-ztjcb
2026-08-18 04:25:04.951,1154957312.0,gpt2-inference-5d8458fb46-2wnn4
2026-08-18 04:25:04.951,1166798848.0,gpt2-inference-5d8458fb46-klkm9
2026-08-18 04:25:04.951,1181442048.0,gpt2-inference-5d8458fb46-rzh6r
2026-08-18 04:25:04.951,1271545856.0,gpt2-inference-5d8458fb46-h27vx
2026-08-18 04:25:04.951,1281474560.0,gpt2-inference-5d8458fb46-lg46j
2026-08-18 04:25:04.951,1161797632.0,gpt2-inference-5d8458fb46-9m5td
2026-08-18 04:25:09.951,1851904000.0,gpt2-inference-5d8458fb46-ztjcb
2026-08-18 04:25:09.951,1196568576.0,gpt2-inference-5d8458fb46-5jcv6
2026-08-18 04:25:09.951,1271545856.0,gpt2-inference-5d8458fb46-h27vx
2026-08-18 04:25:09.951,1154732032.0,gpt2-inference-5d8458fb46-2wnn4
2026-08-18 04:25:09.951,1281474560.0,gpt2-inference-5d8458fb46-lg46j
2026-08-18 04:25:09.951,1150095360.0,gpt2-inference-5d8458fb46-dmj5h
2026-08-18 04:25:09.951,1181708288.0,gpt2-inference-5d8458fb46-rzh6r
2026-08-18 04:25:09.951,1166798848.0,gpt2-inference-5d8458fb46-klkm9
2026-08-18 04:25:09.951,1161797632.0,gpt2-inference-5d8458fb46-9m5td
2026-08-18 04:25:14.951,1161797632.0,gpt2-inference-5d8458fb46-9m5td
2026-08-18 04:25:14.951,1181708288.0,gpt2-inference-5d8458fb46-rzh6r
2026-08-18 04:25:14.951,1166802944.0,gpt2-inference-5d8458fb46-klkm9
2026-08-18 04:25:14.951,1196568576.0,gpt2-inference-5d8458fb46-5jcv6
2026-08-18 04:25:14.951,1281474560.0,gpt2-inference-5d8458fb46-lg46j
2026-08-18 04:25:14.951,1271545856.0,gpt2-inference-5d8458fb46-h27vx
2026-08-18 04:25:14.951,1154732032.0,gpt2-inference-5d8458fb46-2wnn4
2026-08-18 04:25:14.951,1851912192.0,gpt2-inference-5d8458fb46-ztjcb
2026-08-18 04:25:14.951,1150095360.0,gpt2-inference-5d8458fb46-dmj5h
2026-08-18 04:25:19.951,1162035200.0,gpt2-inference-5d8458fb46-9m5td
2026-08-18 04:25:19.951,1196773376.0,gpt2-inference-5d8458fb46-5jcv6
2026-08-18 04:25:19.951,1851912192.0,gpt2-inference-5d8458fb46-ztjcb
2026-08-18 04:25:19.951,1150070784.0,gpt2-inference-5d8458fb46-dmj5h
2026-08-18 04:25:19.951,1166802944.0,gpt2-inference-5d8458fb46-klkm9
2026-08-18 04:25:19.951,1181708288.0,gpt2-inference-5d8458fb46-rzh6r
2026-08-18 04:25:19.951,1281474560.0,gpt2-inference-5d8458fb46-lg46j
2026-08-18 04:25:19.951,1271545856.0,gpt2-inference-5d8458fb46-h27vx
2026-08-18 04:25:19.951,1154752512.0,gpt2-inference-5d8458fb46-2wnn4
2026-08-18 04:25:24.951,1150070784.0,gpt2-inference-5d8458fb46-dmj5h
2026-08-18 04:25:24.951,1181446144.0,gpt2-inference-5d8458fb46-rzh6r
2026-08-18 04:25:24.951,1851912192.0,gpt2-inference-5d8458fb46-ztjcb
2026-08-18 04:25:24.951,1162035200.0,gpt2-inference-5d8458fb46-9m5td
2026-08-18 04:25:24.951,1196773376.0,gpt2-inference-5d8458fb46-5jcv6
2026-08-18 04:25:24.951,1271545856.0,gpt2-inference-5d8458fb46-h27vx
2026-08-18 04:25:24.951,1281474560.0,gpt2-inference-5d8458fb46-lg46j
2026-08-18 04:25:24.951,1166802944.0,gpt2-inference-5d8458fb46-klkm9
2026-08-18 04:25:24.951,1154752512.0,gpt2-inference-5d8458fb46-2wnn4
2026-08-18 04:25:29.951,1281474560.0,gpt2-inference-5d8458fb46-lg46j
2026-08-18 04:25:29.951,1181446144.0,gpt2-inference-5d8458fb46-rzh6r
2026-08-18 04:25:29.951,1162035200.0,gpt2-inference-5d8458fb46-9m5td
2026-08-18 04:25:29.951,1150070784.0,gpt2-inference-5d8458fb46-dmj5h
2026-08-18 04:25:29.951,1166827520.0,gpt2-inference-5d8458fb46-klkm9
2026-08-18 04:25:29.951,1154752512.0,gpt2-inference-5d8458fb46-2wnn4
2026-08-18 04:25:29.951,1196773376.0,gpt2-inference-5d8458fb46-5jcv6
2026-08-18 04:25:29.951,1271545856.0,gpt2-inference-5d8458fb46-h27vx
2026-08-18 04:25:29.951,1851899904.0,gpt2-inference-5d8458fb46-ztjcb
2026-08-18 04:25:34.951,1154752512.0,gpt2-inference-5d8458fb46-2wnn4
2026-08-18 04:25:34.951,1181446144.0,gpt2-inference-5d8458fb46-rzh6r
2026-08-18 04:25:34.951,1281474560.0,gpt2-inference-5d8458fb46-lg46j
2026-08-18 04:25:34.951,1851899904.0,gpt2-inference-5d8458fb46-ztjcb
2026-08-18 04:25:34.951,1161793536.0,gpt2-inference-5d8458fb46-9m5td
2026-08-18 04:25:34.951,1166827520.0,gpt2-inference-5d8458fb46-klkm9
2026-08-18 04:25:34.951,1150070784.0,gpt2-inference-5d8458fb46-dmj5h
2026-08-18 04:25:34.951,1271545856.0,gpt2-inference-5d8458fb46-h27vx
2026-08-18 04:25:34.951,1196544000.0,gpt2-inference-5d8458fb46-5jcv6
2026-08-18 04:25:39.951,1196544000.0,gpt2-inference-5d8458fb46-5jcv6
2026-08-18 04:25:39.951,1181446144.0,gpt2-inference-5d8458fb46-rzh6r
2026-08-18 04:25:39.951,1161793536.0,gpt2-inference-5d8458fb46-9m5td
2026-08-18 04:25:39.951,1167032320.0,gpt2-inference-5d8458fb46-klkm9
2026-08-18 04:25:39.951,1271545856.0,gpt2-inference-5d8458fb46-h27vx
2026-08-18 04:25:39.951,1851899904.0,gpt2-inference-5d8458fb46-ztjcb
2026-08-18 04:25:39.951,1154985984.0,gpt2-inference-5d8458fb46-2wnn4
2026-08-18 04:25:39.951,1150361600.0,gpt2-inference-5d8458fb46-dmj5h
2026-08-18 04:25:39.951,1281474560.0,gpt2-inference-5d8458fb46-lg46j
2026-08-18 04:25:44.951,1167032320.0,gpt2-inference-5d8458fb46-klkm9
2026-08-18 04:25:44.951,1851899904.0,gpt2-inference-5d8458fb46-ztjcb
2026-08-18 04:25:44.951,1196544000.0,gpt2-inference-5d8458fb46-5jcv6
2026-08-18 04:25:44.951,1181442048.0,gpt2-inference-5d8458fb46-rzh6r
2026-08-18 04:25:44.951,1271545856.0,gpt2-inference-5d8458fb46-h27vx
2026-08-18 04:25:44.951,1281474560.0,gpt2-inference-5d8458fb46-lg46j
2026-08-18 04:25:44.951,1161793536.0,gpt2-inference-5d8458fb46-9m5td
2026-08-18 04:25:44.951,1150361600.0,gpt2-inference-5d8458fb46-dmj5h
2026-08-18 04:25:44.951,1154985984.0,gpt2-inference-5d8458fb46-2wnn4
2026-08-18 04:25:49.951,1271549952.0,gpt2-inference-5d8458fb46-h27vx
2026-08-18 04:25:49.951,1181442048.0,gpt2-inference-5d8458fb46-rzh6r
2026-08-18 04:25:49.951,1281470464.0,gpt2-inference-5d8458fb46-lg46j
2026-08-18 04:25:49.951,1154732032.0,gpt2-inference-5d8458fb46-2wnn4
2026-08-18 04:25:49.951,1161793536.0,gpt2-inference-5d8458fb46-9m5td
2026-08-18 04:25:49.951,1167032320.0,gpt2-inference-5d8458fb46-klkm9
2026-08-18 04:25:49.951,1150078976.0,gpt2-inference-5d8458fb46-dmj5h
2026-08-18 04:25:49.951,1196544000.0,gpt2-inference-5d8458fb46-5jcv6
2026-08-18 04:25:49.951,1851904000.0,gpt2-inference-5d8458fb46-ztjcb
2026-08-18 04:25:54.951,1161785344.0,gpt2-inference-5d8458fb46-9m5td
2026-08-18 04:25:54.951,1166823424.0,gpt2-inference-5d8458fb46-klkm9
2026-08-18 04:25:54.951,1154732032.0,gpt2-inference-5d8458fb46-2wnn4
2026-08-18 04:25:54.951,1181704192.0,gpt2-inference-5d8458fb46-rzh6r
2026-08-18 04:25:54.951,1281470464.0,gpt2-inference-5d8458fb46-lg46j
2026-08-18 04:25:54.951,1851904000.0,gpt2-inference-5d8458fb46-ztjcb
2026-08-18 04:25:54.951,1196548096.0,gpt2-inference-5d8458fb46-5jcv6
2026-08-18 04:25:54.951,1150078976.0,gpt2-inference-5d8458fb46-dmj5h
2026-08-18 04:25:54.951,1271549952.0,gpt2-inference-5d8458fb46-h27vx
2026-08-18 04:25:59.951,1851904000.0,gpt2-inference-5d8458fb46-ztjcb
2026-08-18 04:25:59.951,1161785344.0,gpt2-inference-5d8458fb46-9m5td
2026-08-18 04:25:59.951,1150078976.0,gpt2-inference-5d8458fb46-dmj5h
2026-08-18 04:25:59.951,1154732032.0,gpt2-inference-5d8458fb46-2wnn4
2026-08-18 04:25:59.951,1281470464.0,gpt2-inference-5d8458fb46-lg46j
2026-08-18 04:25:59.951,1166823424.0,gpt2-inference-5d8458fb46-klkm9
2026-08-18 04:25:59.951,1271545856.0,gpt2-inference-5d8458fb46-h27vx
2026-08-18 04:25:59.951,1196548096.0,gpt2-inference-5d8458fb46-5jcv6
2026-08-18 04:25:59.951,1181704192.0,gpt2-inference-5d8458fb46-rzh6r
2026-08-18 04:26:04.951,1162055680.0,gpt2-inference-5d8458fb46-9m5td
2026-08-18 04:26:04.951,1167065088.0,gpt2-inference-5d8458fb46-klkm9
2026-08-18 04:26:04.951,1271545856.0,gpt2-inference-5d8458fb46-h27vx
2026-08-18 04:26:04.951,1196548096.0,gpt2-inference-5d8458fb46-5jcv6
2026-08-18 04:26:04.951,1150078976.0,gpt2-inference-5d8458fb46-dmj5h
2026-08-18 04:26:04.951,1181704192.0,gpt2-inference-5d8458fb46-rzh6r
2026-08-18 04:26:04.951,1851908096.0,gpt2-inference-5d8458fb46-ztjcb
2026-08-18 04:26:04.951,1154990080.0,gpt2-inference-5d8458fb46-2wnn4
2026-08-18 04:26:04.951,1281470464.0,gpt2-inference-5d8458fb46-lg46j
2026-08-18 04:26:09.951,1181462528.0,gpt2-inference-5d8458fb46-rzh6r
2026-08-18 04:26:09.951,1851908096.0,gpt2-inference-5d8458fb46-ztjcb
2026-08-18 04:26:09.951,1167065088.0,gpt2-inference-5d8458fb46-klkm9
2026-08-18 04:26:09.951,1281474560.0,gpt2-inference-5d8458fb46-lg46j
2026-08-18 04:26:09.951,1150078976.0,gpt2-inference-5d8458fb46-dmj5h
2026-08-18 04:26:09.951,1196544000.0,gpt2-inference-5d8458fb46-5jcv6
2026-08-18 04:26:09.951,1271549952.0,gpt2-inference-5d8458fb46-h27vx
2026-08-18 04:26:09.951,1162055680.0,gpt2-inference-5d8458fb46-9m5td
2026-08-18 04:26:09.951,1154990080.0,gpt2-inference-5d8458fb46-2wnn4
2026-08-18 04:26:14.951,1196544000.0,gpt2-inference-5d8458fb46-5jcv6
2026-08-18 04:26:14.951,1281474560.0,gpt2-inference-5d8458fb46-lg46j
2026-08-18 04:26:14.951,1851908096.0,gpt2-inference-5d8458fb46-ztjcb
2026-08-18 04:26:14.951,1154994176.0,gpt2-inference-5d8458fb46-2wnn4
2026-08-18 04:26:14.951,1181462528.0,gpt2-inference-5d8458fb46-rzh6r
2026-08-18 04:26:14.951,1150332928.0,gpt2-inference-5d8458fb46-dmj5h
2026-08-18 04:26:14.951,1167065088.0,gpt2-inference-5d8458fb46-klkm9
2026-08-18 04:26:14.951,1271549952.0,gpt2-inference-5d8458fb46-h27vx
2026-08-18 04:26:14.951,1162055680.0,gpt2-inference-5d8458fb46-9m5td
2026-08-18 04:26:19.951,1162055680.0,gpt2-inference-5d8458fb46-9m5td
2026-08-18 04:26:19.951,1166807040.0,gpt2-inference-5d8458fb46-klkm9
2026-08-18 04:26:19.951,1154994176.0,gpt2-inference-5d8458fb46-2wnn4
2026-08-18 04:26:19.951,1196793856.0,gpt2-inference-5d8458fb46-5jcv6
2026-08-18 04:26:19.951,1271549952.0,gpt2-inference-5d8458fb46-h27vx
2026-08-18 04:26:19.951,1281478656.0,gpt2-inference-5d8458fb46-lg46j
2026-08-18 04:26:19.951,1150332928.0,gpt2-inference-5d8458fb46-dmj5h
2026-08-18 04:26:19.951,1181462528.0,gpt2-inference-5d8458fb46-rzh6r
2026-08-18 04:26:19.951,1851899904.0,gpt2-inference-5d8458fb46-ztjcb
2026-08-18 04:26:24.951,1154994176.0,gpt2-inference-5d8458fb46-2wnn4
2026-08-18 04:26:24.951,1271545856.0,gpt2-inference-5d8458fb46-h27vx
2026-08-18 04:26:24.951,1281478656.0,gpt2-inference-5d8458fb46-lg46j
2026-08-18 04:26:24.951,1161797632.0,gpt2-inference-5d8458fb46-9m5td
2026-08-18 04:26:24.951,1851899904.0,gpt2-inference-5d8458fb46-ztjcb
2026-08-18 04:26:24.951,1150332928.0,gpt2-inference-5d8458fb46-dmj5h
2026-08-18 04:26:24.951,1166807040.0,gpt2-inference-5d8458fb46-klkm9
2026-08-18 04:26:24.951,1196793856.0,gpt2-inference-5d8458fb46-5jcv6
2026-08-18 04:26:24.951,1181462528.0,gpt2-inference-5d8458fb46-rzh6r
2026-08-18 04:26:29.951,1166807040.0,gpt2-inference-5d8458fb46-klkm9
2026-08-18 04:26:29.951,1851899904.0,gpt2-inference-5d8458fb46-ztjcb
2026-08-18 04:26:29.951,1271545856.0,gpt2-inference-5d8458fb46-h27vx
2026-08-18 04:26:29.951,1154740224.0,gpt2-inference-5d8458fb46-2wnn4
2026-08-18 04:26:29.951,1181667328.0,gpt2-inference-5d8458fb46-rzh6r
2026-08-18 04:26:29.951,1150332928.0,gpt2-inference-5d8458fb46-dmj5h
2026-08-18 04:26:29.951,1161797632.0,gpt2-inference-5d8458fb46-9m5td
2026-08-18 04:26:29.951,1196793856.0,gpt2-inference-5d8458fb46-5jcv6
2026-08-18 04:26:29.951,1281478656.0,gpt2-inference-5d8458fb46-lg46j
2026-08-18 04:26:34.951,1196560384.0,gpt2-inference-5d8458fb46-5jcv6
2026-08-18 04:26:34.951,1150087168.0,gpt2-inference-5d8458fb46-dmj5h
2026-08-18 04:26:34.951,1154740224.0,gpt2-inference-5d8458fb46-2wnn4
2026-08-18 04:26:34.951,1271549952.0,gpt2-inference-5d8458fb46-h27vx
2026-08-18 04:26:34.951,1166807040.0,gpt2-inference-5d8458fb46-klkm9
2026-08-18 04:26:34.951,1852157952.0,gpt2-inference-5d8458fb46-ztjcb
2026-08-18 04:26:34.951,1281478656.0,gpt2-inference-5d8458fb46-lg46j
2026-08-18 04:26:34.951,1181667328.0,gpt2-inference-5d8458fb46-rzh6r
2026-08-18 04:26:34.951,1161797632.0,gpt2-inference-5d8458fb46-9m5td
2026-08-18 04:26:39.951,1271549952.0,gpt2-inference-5d8458fb46-h27vx
2026-08-18 04:26:39.951,1166807040.0,gpt2-inference-5d8458fb46-klkm9
2026-08-18 04:26:39.951,1150087168.0,gpt2-inference-5d8458fb46-dmj5h
2026-08-18 04:26:39.951,1281728512.0,gpt2-inference-5d8458fb46-lg46j
2026-08-18 04:26:39.951,1161793536.0,gpt2-inference-5d8458fb46-9m5td
2026-08-18 04:26:39.951,1181667328.0,gpt2-inference-5d8458fb46-rzh6r
2026-08-18 04:26:39.951,1154740224.0,gpt2-inference-5d8458fb46-2wnn4
2026-08-18 04:26:39.951,1196560384.0,gpt2-inference-5d8458fb46-5jcv6
2026-08-18 04:26:39.951,1852157952.0,gpt2-inference-5d8458fb46-ztjcb
2026-08-18 04:26:44.951,1271549952.0,gpt2-inference-5d8458fb46-h27vx
2026-08-18 04:26:44.951,1154760704.0,gpt2-inference-5d8458fb46-2wnn4
2026-08-18 04:26:44.951,1166807040.0,gpt2-inference-5d8458fb46-klkm9
2026-08-18 04:26:44.951,1852157952.0,gpt2-inference-5d8458fb46-ztjcb
2026-08-18 04:26:44.951,1196544000.0,gpt2-inference-5d8458fb46-5jcv6
2026-08-18 04:26:44.951,1150087168.0,gpt2-inference-5d8458fb46-dmj5h
2026-08-18 04:26:44.951,1281728512.0,gpt2-inference-5d8458fb46-lg46j
2026-08-18 04:26:44.951,1181667328.0,gpt2-inference-5d8458fb46-rzh6r
2026-08-18 04:26:44.951,1161793536.0,gpt2-inference-5d8458fb46-9m5td
2026-08-18 04:26:49.951,1181478912.0,gpt2-inference-5d8458fb46-rzh6r
2026-08-18 04:26:49.951,1271549952.0,gpt2-inference-5d8458fb46-h27vx
2026-08-18 04:26:49.951,1161793536.0,gpt2-inference-5d8458fb46-9m5td
2026-08-18 04:26:49.951,1150115840.0,gpt2-inference-5d8458fb46-dmj5h
2026-08-18 04:26:49.951,1154760704.0,gpt2-inference-5d8458fb46-2wnn4
2026-08-18 04:26:49.951,1852157952.0,gpt2-inference-5d8458fb46-ztjcb
2026-08-18 04:26:49.951,1196544000.0,gpt2-inference-5d8458fb46-5jcv6
2026-08-18 04:26:49.951,1281728512.0,gpt2-inference-5d8458fb46-lg46j
2026-08-18 04:26:49.951,1166807040.0,gpt2-inference-5d8458fb46-klkm9
2026-08-18 04:26:54.951,1271549952.0,gpt2-inference-5d8458fb46-h27vx
2026-08-18 04:26:54.951,1154736128.0,gpt2-inference-5d8458fb46-2wnn4
2026-08-18 04:26:54.951,1196544000.0,gpt2-inference-5d8458fb46-5jcv6
2026-08-18 04:26:54.951,1851904000.0,gpt2-inference-5d8458fb46-ztjcb
2026-08-18 04:26:54.951,1161789440.0,gpt2-inference-5d8458fb46-9m5td
2026-08-18 04:26:54.951,1150115840.0,gpt2-inference-5d8458fb46-dmj5h
2026-08-18 04:26:54.951,1281744896.0,gpt2-inference-5d8458fb46-lg46j
2026-08-18 04:26:54.951,1181478912.0,gpt2-inference-5d8458fb46-rzh6r
2026-08-18 04:26:54.951,1166807040.0,gpt2-inference-5d8458fb46-klkm9
2026-08-18 04:26:59.951,1161789440.0,gpt2-inference-5d8458fb46-9m5td
2026-08-18 04:26:59.951,1271549952.0,gpt2-inference-5d8458fb46-h27vx
2026-08-18 04:26:59.951,1196544000.0,gpt2-inference-5d8458fb46-5jcv6
2026-08-18 04:26:59.951,1154736128.0,gpt2-inference-5d8458fb46-2wnn4
2026-08-18 04:26:59.951,1851904000.0,gpt2-inference-5d8458fb46-ztjcb
2026-08-18 04:26:59.951,1281744896.0,gpt2-inference-5d8458fb46-lg46j
2026-08-18 04:26:59.951,1150115840.0,gpt2-inference-5d8458fb46-dmj5h
2026-08-18 04:26:59.951,1181478912.0,gpt2-inference-5d8458fb46-rzh6r
2026-08-18 04:26:59.951,1166807040.0,gpt2-inference-5d8458fb46-klkm9
2026-08-18 04:27:04.951,1196576768.0,gpt2-inference-5d8458fb46-5jcv6
2026-08-18 04:27:04.951,1166807040.0,gpt2-inference-5d8458fb46-klkm9
2026-08-18 04:27:04.951,1154732032.0,gpt2-inference-5d8458fb46-2wnn4
2026-08-18 04:27:04.951,1150091264.0,gpt2-inference-5d8458fb46-dmj5h
2026-08-18 04:27:04.951,1851904000.0,gpt2-inference-5d8458fb46-ztjcb
2026-08-18 04:27:04.951,1181958144.0,gpt2-inference-5d8458fb46-rzh6r
2026-08-18 04:27:04.951,1281744896.0,gpt2-inference-5d8458fb46-lg46j
2026-08-18 04:27:04.951,1161789440.0,gpt2-inference-5d8458fb46-9m5td
2026-08-18 04:27:04.951,1271549952.0,gpt2-inference-5d8458fb46-h27vx
2026-08-18 04:27:09.951,1196576768.0,gpt2-inference-5d8458fb46-5jcv6
2026-08-18 04:27:09.951,1154732032.0,gpt2-inference-5d8458fb46-2wnn4
2026-08-18 04:27:09.951,1166807040.0,gpt2-inference-5d8458fb46-klkm9
2026-08-18 04:27:09.951,1851904000.0,gpt2-inference-5d8458fb46-ztjcb
2026-08-18 04:27:09.951,1181958144.0,gpt2-inference-5d8458fb46-rzh6r
2026-08-18 04:27:09.951,1281720320.0,gpt2-inference-5d8458fb46-lg46j
2026-08-18 04:27:09.951,1150091264.0,gpt2-inference-5d8458fb46-dmj5h
2026-08-18 04:27:09.951,1271808000.0,gpt2-inference-5d8458fb46-h27vx
2026-08-18 04:27:09.951,1161789440.0,gpt2-inference-5d8458fb46-9m5td
2026-08-18 04:27:14.951,1154732032.0,gpt2-inference-5d8458fb46-2wnn4
2026-08-18 04:27:14.951,1181442048.0,gpt2-inference-5d8458fb46-rzh6r
2026-08-18 04:27:14.951,1271808000.0,gpt2-inference-5d8458fb46-h27vx
2026-08-18 04:27:14.951,1196576768.0,gpt2-inference-5d8458fb46-5jcv6
2026-08-18 04:27:14.951,1161793536.0,gpt2-inference-5d8458fb46-9m5td
2026-08-18 04:27:14.951,1166807040.0,gpt2-inference-5d8458fb46-klkm9
2026-08-18 04:27:14.951,1851904000.0,gpt2-inference-5d8458fb46-ztjcb
2026-08-18 04:27:14.951,1281720320.0,gpt2-inference-5d8458fb46-lg46j
2026-08-18 04:27:14.951,1150091264.0,gpt2-inference-5d8458fb46-dmj5h
2026-08-18 04:27:19.951,1181442048.0,gpt2-inference-5d8458fb46-rzh6r
2026-08-18 04:27:19.951,1196544000.0,gpt2-inference-5d8458fb46-5jcv6
2026-08-18 04:27:19.951,1281720320.0,gpt2-inference-5d8458fb46-lg46j
2026-08-18 04:27:19.951,1161793536.0,gpt2-inference-5d8458fb46-9m5td
2026-08-18 04:27:19.951,1154736128.0,gpt2-inference-5d8458fb46-2wnn4
2026-08-18 04:27:19.951,1271808000.0,gpt2-inference-5d8458fb46-h27vx
2026-08-18 04:27:19.951,1851904000.0,gpt2-inference-5d8458fb46-ztjcb
2026-08-18 04:27:19.951,1166807040.0,gpt2-inference-5d8458fb46-klkm9
2026-08-18 04:27:19.951,1150091264.0,gpt2-inference-5d8458fb46-dmj5h
2026-08-18 04:27:24.951,1166807040.0,gpt2-inference-5d8458fb46-klkm9
2026-08-18 04:27:24.951,1271820288.0,gpt2-inference-5d8458fb46-h27vx
2026-08-18 04:27:24.951,1181442048.0,gpt2-inference-5d8458fb46-rzh6r
2026-08-18 04:27:24.951,1196544000.0,gpt2-inference-5d8458fb46-5jcv6
2026-08-18 04:27:24.951,1851904000.0,gpt2-inference-5d8458fb46-ztjcb
2026-08-18 04:27:24.951,1161793536.0,gpt2-inference-5d8458fb46-9m5td
2026-08-18 04:27:24.951,1281720320.0,gpt2-inference-5d8458fb46-lg46j
2026-08-18 04:27:24.951,1154736128.0,gpt2-inference-5d8458fb46-2wnn4
2026-08-18 04:27:24.951,1150091264.0,gpt2-inference-5d8458fb46-dmj5h
2026-08-18 04:27:29.951,1150107648.0,gpt2-inference-5d8458fb46-dmj5h
2026-08-18 04:27:29.951,1281536000.0,gpt2-inference-5d8458fb46-lg46j
2026-08-18 04:27:29.951,1166807040.0,gpt2-inference-5d8458fb46-klkm9
2026-08-18 04:27:29.951,1196544000.0,gpt2-inference-5d8458fb46-5jcv6
2026-08-18 04:27:29.951,1271820288.0,gpt2-inference-5d8458fb46-h27vx
2026-08-18 04:27:29.951,1181470720.0,gpt2-inference-5d8458fb46-rzh6r
2026-08-18 04:27:29.951,1154736128.0,gpt2-inference-5d8458fb46-2wnn4
2026-08-18 04:27:29.951,1161818112.0,gpt2-inference-5d8458fb46-9m5td
2026-08-18 04:27:29.951,1851904000.0,gpt2-inference-5d8458fb46-ztjcb
2026-08-18 04:27:34.951,1181470720.0,gpt2-inference-5d8458fb46-rzh6r
2026-08-18 04:27:34.951,1154736128.0,gpt2-inference-5d8458fb46-2wnn4
2026-08-18 04:27:34.951,1851904000.0,gpt2-inference-5d8458fb46-ztjcb
2026-08-18 04:27:34.951,1166807040.0,gpt2-inference-5d8458fb46-klkm9
2026-08-18 04:27:34.951,1161818112.0,gpt2-inference-5d8458fb46-9m5td
2026-08-18 04:27:34.951,1150107648.0,gpt2-inference-5d8458fb46-dmj5h
2026-08-18 04:27:34.951,1271820288.0,gpt2-inference-5d8458fb46-h27vx
2026-08-18 04:27:34.951,1196789760.0,gpt2-inference-5d8458fb46-5jcv6
2026-08-18 04:27:34.951,1281536000.0,gpt2-inference-5d8458fb46-lg46j
2026-08-18 04:27:39.951,1166807040.0,gpt2-inference-5d8458fb46-klkm9
2026-08-18 04:27:39.951,1161818112.0,gpt2-inference-5d8458fb46-9m5td
2026-08-18 04:27:39.951,1154736128.0,gpt2-inference-5d8458fb46-2wnn4
2026-08-18 04:27:39.951,1271570432.0,gpt2-inference-5d8458fb46-h27vx
2026-08-18 04:27:39.951,1150083072.0,gpt2-inference-5d8458fb46-dmj5h
2026-08-18 04:27:39.951,1281490944.0,gpt2-inference-5d8458fb46-lg46j
2026-08-18 04:27:39.951,1196789760.0,gpt2-inference-5d8458fb46-5jcv6
2026-08-18 04:27:39.951,1181470720.0,gpt2-inference-5d8458fb46-rzh6r
2026-08-18 04:27:39.951,1852166144.0,gpt2-inference-5d8458fb46-ztjcb
2026-08-18 04:27:44.951,1271570432.0,gpt2-inference-5d8458fb46-h27vx
2026-08-18 04:27:44.951,1154736128.0,gpt2-inference-5d8458fb46-2wnn4
2026-08-18 04:27:44.951,1281490944.0,gpt2-inference-5d8458fb46-lg46j
2026-08-18 04:27:44.951,1181937664.0,gpt2-inference-5d8458fb46-rzh6r
2026-08-18 04:27:44.951,1150083072.0,gpt2-inference-5d8458fb46-dmj5h
2026-08-18 04:27:44.951,1167052800.0,gpt2-inference-5d8458fb46-klkm9
2026-08-18 04:27:44.951,1161793536.0,gpt2-inference-5d8458fb46-9m5td
2026-08-18 04:27:44.951,1196789760.0,gpt2-inference-5d8458fb46-5jcv6
2026-08-18 04:27:44.951,1852166144.0,gpt2-inference-5d8458fb46-ztjcb
2026-08-18 04:27:49.951,1150111744.0,gpt2-inference-5d8458fb46-dmj5h
2026-08-18 04:27:49.951,1167052800.0,gpt2-inference-5d8458fb46-klkm9
2026-08-18 04:27:49.951,1154736128.0,gpt2-inference-5d8458fb46-2wnn4
2026-08-18 04:27:49.951,1161793536.0,gpt2-inference-5d8458fb46-9m5td
2026-08-18 04:27:49.951,1281490944.0,gpt2-inference-5d8458fb46-lg46j
2026-08-18 04:27:49.951,1181937664.0,gpt2-inference-5d8458fb46-rzh6r
2026-08-18 04:27:49.951,1271570432.0,gpt2-inference-5d8458fb46-h27vx
2026-08-18 04:27:49.951,1852166144.0,gpt2-inference-5d8458fb46-ztjcb
2026-08-18 04:27:49.951,1196548096.0,gpt2-inference-5d8458fb46-5jcv6
2026-08-18 04:27:54.951,1852166144.0,gpt2-inference-5d8458fb46-ztjcb
2026-08-18 04:27:54.951,1150111744.0,gpt2-inference-5d8458fb46-dmj5h
2026-08-18 04:27:54.951,1161793536.0,gpt2-inference-5d8458fb46-9m5td
2026-08-18 04:27:54.951,1196548096.0,gpt2-inference-5d8458fb46-5jcv6
2026-08-18 04:27:54.951,1271574528.0,gpt2-inference-5d8458fb46-h27vx
2026-08-18 04:27:54.951,1154736128.0,gpt2-inference-5d8458fb46-2wnn4
2026-08-18 04:27:54.951,1181937664.0,gpt2-inference-5d8458fb46-rzh6r
2026-08-18 04:27:54.951,1281499136.0,gpt2-inference-5d8458fb46-lg46j
2026-08-18 04:27:54.951,1167052800.0,gpt2-inference-5d8458fb46-klkm9
2026-08-18 04:27:59.951,1154736128.0,gpt2-inference-5d8458fb46-2wnn4
2026-08-18 04:27:59.951,1271574528.0,gpt2-inference-5d8458fb46-h27vx
2026-08-18 04:27:59.951,1167052800.0,gpt2-inference-5d8458fb46-klkm9
2026-08-18 04:27:59.951,1181446144.0,gpt2-inference-5d8458fb46-rzh6r
2026-08-18 04:27:59.951,1852166144.0,gpt2-inference-5d8458fb46-ztjcb
2026-08-18 04:27:59.951,1150111744.0,gpt2-inference-5d8458fb46-dmj5h
2026-08-18 04:27:59.951,1196548096.0,gpt2-inference-5d8458fb46-5jcv6
2026-08-18 04:27:59.951,1281499136.0,gpt2-inference-5d8458fb46-lg46j
2026-08-18 04:27:59.951,1161793536.0,gpt2-inference-5d8458fb46-9m5td
2026-08-18 04:28:04.951,1181446144.0,gpt2-inference-5d8458fb46-rzh6r
2026-08-18 04:28:04.951,1166802944.0,gpt2-inference-5d8458fb46-klkm9
2026-08-18 04:28:04.951,1281499136.0,gpt2-inference-5d8458fb46-lg46j
2026-08-18 04:28:04.951,1852166144.0,gpt2-inference-5d8458fb46-ztjcb
2026-08-18 04:28:04.951,1271574528.0,gpt2-inference-5d8458fb46-h27vx
2026-08-18 04:28:04.951,1161793536.0,gpt2-inference-5d8458fb46-9m5td
2026-08-18 04:28:04.951,1154736128.0,gpt2-inference-5d8458fb46-2wnn4
2026-08-18 04:28:04.951,1150111744.0,gpt2-inference-5d8458fb46-dmj5h
2026-08-18 04:28:04.951,1196834816.0,gpt2-inference-5d8458fb46-5jcv6
2026-08-18 04:28:09.951,1281499136.0,gpt2-inference-5d8458fb46-lg46j
2026-08-18 04:28:09.951,1150087168.0,gpt2-inference-5d8458fb46-dmj5h
2026-08-18 04:28:09.951,1166802944.0,gpt2-inference-5d8458fb46-klkm9
2026-08-18 04:28:09.951,1181446144.0,gpt2-inference-5d8458fb46-rzh6r
2026-08-18 04:28:09.951,1271574528.0,gpt2-inference-5d8458fb46-h27vx
2026-08-18 04:28:09.951,1851899904.0,gpt2-inference-5d8458fb46-ztjcb
2026-08-18 04:28:09.951,1154736128.0,gpt2-inference-5d8458fb46-2wnn4
2026-08-18 04:28:09.951,1161793536.0,gpt2-inference-5d8458fb46-9m5td
2026-08-18 04:28:09.951,1196834816.0,gpt2-inference-5d8458fb46-5jcv6
2026-08-18 04:28:14.951,1181446144.0,gpt2-inference-5d8458fb46-rzh6r
2026-08-18 04:28:14.951,1851899904.0,gpt2-inference-5d8458fb46-ztjcb
2026-08-18 04:28:14.951,1154736128.0,gpt2-inference-5d8458fb46-2wnn4
2026-08-18 04:28:14.951,1161826304.0,gpt2-inference-5d8458fb46-9m5td
2026-08-18 04:28:14.951,1150087168.0,gpt2-inference-5d8458fb46-dmj5h
2026-08-18 04:28:14.951,1281490944.0,gpt2-inference-5d8458fb46-lg46j
2026-08-18 04:28:14.951,1271574528.0,gpt2-inference-5d8458fb46-h27vx
2026-08-18 04:28:14.951,1196834816.0,gpt2-inference-5d8458fb46-5jcv6
2026-08-18 04:28:14.951,1166802944.0,gpt2-inference-5d8458fb46-klkm9
2026-08-18 04:28:19.951,1150087168.0,gpt2-inference-5d8458fb46-dmj5h
2026-08-18 04:28:19.951,1196572672.0,gpt2-inference-5d8458fb46-5jcv6
2026-08-18 04:28:19.951,1181446144.0,gpt2-inference-5d8458fb46-rzh6r
2026-08-18 04:28:19.951,1271574528.0,gpt2-inference-5d8458fb46-h27vx
2026-08-18 04:28:19.951,1281490944.0,gpt2-inference-5d8458fb46-lg46j
2026-08-18 04:28:19.951,1166802944.0,gpt2-inference-5d8458fb46-klkm9
2026-08-18 04:28:19.951,1851899904.0,gpt2-inference-5d8458fb46-ztjcb
2026-08-18 04:28:19.951,1161826304.0,gpt2-inference-5d8458fb46-9m5td
2026-08-18 04:28:19.951,1154764800.0,gpt2-inference-5d8458fb46-2wnn4
2026-08-18 04:28:24.951,1166831616.0,gpt2-inference-5d8458fb46-klkm9
2026-08-18 04:28:24.951,1154764800.0,gpt2-inference-5d8458fb46-2wnn4
2026-08-18 04:28:24.951,1161826304.0,gpt2-inference-5d8458fb46-9m5td
2026-08-18 04:28:24.951,1272295424.0,gpt2-inference-5d8458fb46-h27vx
2026-08-18 04:28:24.951,1181446144.0,gpt2-inference-5d8458fb46-rzh6r
2026-08-18 04:28:24.951,1851899904.0,gpt2-inference-5d8458fb46-ztjcb
2026-08-18 04:28:24.951,1196572672.0,gpt2-inference-5d8458fb46-5jcv6
2026-08-18 04:28:24.951,1281490944.0,gpt2-inference-5d8458fb46-lg46j
2026-08-18 04:28:24.951,1150087168.0,gpt2-inference-5d8458fb46-dmj5h
2026-08-18 04:28:29.951,1161826304.0,gpt2-inference-5d8458fb46-9m5td
2026-08-18 04:28:29.951,1181696000.0,gpt2-inference-5d8458fb46-rzh6r
2026-08-18 04:28:29.951,1166831616.0,gpt2-inference-5d8458fb46-klkm9
2026-08-18 04:28:29.951,1851904000.0,gpt2-inference-5d8458fb46-ztjcb
2026-08-18 04:28:29.951,1154764800.0,gpt2-inference-5d8458fb46-2wnn4
2026-08-18 04:28:29.951,1196572672.0,gpt2-inference-5d8458fb46-5jcv6
2026-08-18 04:28:29.951,1150087168.0,gpt2-inference-5d8458fb46-dmj5h
2026-08-18 04:28:29.951,1281490944.0,gpt2-inference-5d8458fb46-lg46j
2026-08-18 04:28:29.951,1272295424.0,gpt2-inference-5d8458fb46-h27vx
2026-08-18 04:28:34.951,1281490944.0,gpt2-inference-5d8458fb46-lg46j
2026-08-18 04:28:34.951,1150607360.0,gpt2-inference-5d8458fb46-dmj5h
2026-08-18 04:28:34.951,1166831616.0,gpt2-inference-5d8458fb46-klkm9
2026-08-18 04:28:34.951,1181696000.0,gpt2-inference-5d8458fb46-rzh6r
2026-08-18 04:28:34.951,1161793536.0,gpt2-inference-5d8458fb46-9m5td
2026-08-18 04:28:34.951,1272295424.0,gpt2-inference-5d8458fb46-h27vx
2026-08-18 04:28:34.951,1851904000.0,gpt2-inference-5d8458fb46-ztjcb
2026-08-18 04:28:34.951,1196572672.0,gpt2-inference-5d8458fb46-5jcv6
2026-08-18 04:28:34.951,1154736128.0,gpt2-inference-5d8458fb46-2wnn4
2026-08-18 04:28:39.951,1196568576.0,gpt2-inference-5d8458fb46-5jcv6
2026-08-18 04:28:39.951,1161793536.0,gpt2-inference-5d8458fb46-9m5td
2026-08-18 04:28:39.951,1851904000.0,gpt2-inference-5d8458fb46-ztjcb
2026-08-18 04:28:39.951,1272295424.0,gpt2-inference-5d8458fb46-h27vx
2026-08-18 04:28:39.951,1281490944.0,gpt2-inference-5d8458fb46-lg46j
2026-08-18 04:28:39.951,1150607360.0,gpt2-inference-5d8458fb46-dmj5h
2026-08-18 04:28:39.951,1181696000.0,gpt2-inference-5d8458fb46-rzh6r
2026-08-18 04:28:39.951,1166802944.0,gpt2-inference-5d8458fb46-klkm9
2026-08-18 04:28:39.951,1154736128.0,gpt2-inference-5d8458fb46-2wnn4
2026-08-18 04:28:44.951,1161793536.0,gpt2-inference-5d8458fb46-9m5td
2026-08-18 04:28:44.951,1851904000.0,gpt2-inference-5d8458fb46-ztjcb
2026-08-18 04:28:44.951,1166802944.0,gpt2-inference-5d8458fb46-klkm9
2026-08-18 04:28:44.951,1150607360.0,gpt2-inference-5d8458fb46-dmj5h
2026-08-18 04:28:44.951,1181696000.0,gpt2-inference-5d8458fb46-rzh6r
2026-08-18 04:28:44.951,1271787520.0,gpt2-inference-5d8458fb46-h27vx
2026-08-18 04:28:44.951,1196568576.0,gpt2-inference-5d8458fb46-5jcv6
2026-08-18 04:28:44.951,1154998272.0,gpt2-inference-5d8458fb46-2wnn4
2026-08-18 04:28:44.951,1281724416.0,gpt2-inference-5d8458fb46-lg46j
2026-08-18 04:28:49.951,1166802944.0,gpt2-inference-5d8458fb46-klkm9
2026-08-18 04:28:49.951,1150607360.0,gpt2-inference-5d8458fb46-dmj5h
2026-08-18 04:28:49.951,1161793536.0,gpt2-inference-5d8458fb46-9m5td
2026-08-18 04:28:49.951,1852129280.0,gpt2-inference-5d8458fb46-ztjcb
2026-08-18 04:28:49.951,1181437952.0,gpt2-inference-5d8458fb46-rzh6r
2026-08-18 04:28:49.951,1196691456.0,gpt2-inference-5d8458fb46-5jcv6
2026-08-18 04:28:49.951,1271787520.0,gpt2-inference-5d8458fb46-h27vx
2026-08-18 04:28:49.951,1154998272.0,gpt2-inference-5d8458fb46-2wnn4
2026-08-18 04:28:49.951,1281724416.0,gpt2-inference-5d8458fb46-lg46j
2026-08-18 04:28:54.951,1281724416.0,gpt2-inference-5d8458fb46-lg46j
2026-08-18 04:28:54.951,1150087168.0,gpt2-inference-5d8458fb46-dmj5h
2026-08-18 04:28:54.951,1196691456.0,gpt2-inference-5d8458fb46-5jcv6
2026-08-18 04:28:54.951,1181437952.0,gpt2-inference-5d8458fb46-rzh6r
2026-08-18 04:28:54.951,1852129280.0,gpt2-inference-5d8458fb46-ztjcb
2026-08-18 04:28:54.951,1271787520.0,gpt2-inference-5d8458fb46-h27vx
2026-08-18 04:28:54.951,1154998272.0,gpt2-inference-5d8458fb46-2wnn4
2026-08-18 04:28:54.951,1166802944.0,gpt2-inference-5d8458fb46-klkm9
2026-08-18 04:28:54.951,1161793536.0,gpt2-inference-5d8458fb46-9m5td
2026-08-18 04:28:59.951,1271554048.0,gpt2-inference-5d8458fb46-h27vx
2026-08-18 04:28:59.951,1154998272.0,gpt2-inference-5d8458fb46-2wnn4
2026-08-18 04:28:59.951,1281490944.0,gpt2-inference-5d8458fb46-lg46j
2026-08-18 04:28:59.951,1150087168.0,gpt2-inference-5d8458fb46-dmj5h
2026-08-18 04:28:59.951,1196691456.0,gpt2-inference-5d8458fb46-5jcv6
2026-08-18 04:28:59.951,1166819328.0,gpt2-inference-5d8458fb46-klkm9
2026-08-18 04:28:59.951,1161793536.0,gpt2-inference-5d8458fb46-9m5td
2026-08-18 04:28:59.951,1852129280.0,gpt2-inference-5d8458fb46-ztjcb
2026-08-18 04:28:59.951,1181437952.0,gpt2-inference-5d8458fb46-rzh6r
2026-08-18 04:29:04.951,1281490944.0,gpt2-inference-5d8458fb46-lg46j
2026-08-18 04:29:04.951,1196720128.0,gpt2-inference-5d8458fb46-5jcv6
2026-08-18 04:29:04.951,1181474816.0,gpt2-inference-5d8458fb46-rzh6r
2026-08-18 04:29:04.951,1161793536.0,gpt2-inference-5d8458fb46-9m5td
2026-08-18 04:29:04.951,1271554048.0,gpt2-inference-5d8458fb46-h27vx
2026-08-18 04:29:04.951,1166819328.0,gpt2-inference-5d8458fb46-klkm9
2026-08-18 04:29:04.951,1154998272.0,gpt2-inference-5d8458fb46-2wnn4
2026-08-18 04:29:04.951,1150087168.0,gpt2-inference-5d8458fb46-dmj5h
2026-08-18 04:29:04.951,1851899904.0,gpt2-inference-5d8458fb46-ztjcb
2026-08-18 04:29:09.951,1271554048.0,gpt2-inference-5d8458fb46-h27vx
2026-08-18 04:29:09.951,1181474816.0,gpt2-inference-5d8458fb46-rzh6r
2026-08-18 04:29:09.951,1154998272.0,gpt2-inference-5d8458fb46-2wnn4
2026-08-18 04:29:09.951,1196720128.0,gpt2-inference-5d8458fb46-5jcv6
2026-08-18 04:29:09.951,1851899904.0,gpt2-inference-5d8458fb46-ztjcb
2026-08-18 04:29:09.951,1150582784.0,gpt2-inference-5d8458fb46-dmj5h
2026-08-18 04:29:09.951,1166819328.0,gpt2-inference-5d8458fb46-klkm9
2026-08-18 04:29:09.951,1281499136.0,gpt2-inference-5d8458fb46-lg46j
2026-08-18 04:29:09.951,1161793536.0,gpt2-inference-5d8458fb46-9m5td
2026-08-18 04:29:14.951,1271549952.0,gpt2-inference-5d8458fb46-h27vx
2026-08-18 04:29:14.951,1161801728.0,gpt2-inference-5d8458fb46-9m5td
2026-08-18 04:29:14.951,1166819328.0,gpt2-inference-5d8458fb46-klkm9
2026-08-18 04:29:14.951,1150582784.0,gpt2-inference-5d8458fb46-dmj5h
2026-08-18 04:29:14.951,1281499136.0,gpt2-inference-5d8458fb46-lg46j
2026-08-18 04:29:14.951,1181474816.0,gpt2-inference-5d8458fb46-rzh6r
2026-08-18 04:29:14.951,1154965504.0,gpt2-inference-5d8458fb46-2wnn4
2026-08-18 04:29:14.951,1196720128.0,gpt2-inference-5d8458fb46-5jcv6
2026-08-18 04:29:14.951,1851899904.0,gpt2-inference-5d8458fb46-ztjcb
2026-08-18 04:29:19.951,1167077376.0,gpt2-inference-5d8458fb46-klkm9
2026-08-18 04:29:19.951,1150582784.0,gpt2-inference-5d8458fb46-dmj5h
2026-08-18 04:29:19.951,1154965504.0,gpt2-inference-5d8458fb46-2wnn4
2026-08-18 04:29:19.951,1196978176.0,gpt2-inference-5d8458fb46-5jcv6
2026-08-18 04:29:19.951,1181442048.0,gpt2-inference-5d8458fb46-rzh6r
2026-08-18 04:29:19.951,1281499136.0,gpt2-inference-5d8458fb46-lg46j
2026-08-18 04:29:19.951,1851899904.0,gpt2-inference-5d8458fb46-ztjcb
2026-08-18 04:29:19.951,1161801728.0,gpt2-inference-5d8458fb46-9m5td
2026-08-18 04:29:19.951,1271549952.0,gpt2-inference-5d8458fb46-h27vx
2026-08-18 04:29:24.951,1150582784.0,gpt2-inference-5d8458fb46-dmj5h
2026-08-18 04:29:24.951,1271558144.0,gpt2-inference-5d8458fb46-h27vx
2026-08-18 04:29:24.951,1181442048.0,gpt2-inference-5d8458fb46-rzh6r
2026-08-18 04:29:24.951,1196978176.0,gpt2-inference-5d8458fb46-5jcv6
2026-08-18 04:29:24.951,1281499136.0,gpt2-inference-5d8458fb46-lg46j
2026-08-18 04:29:24.951,1851899904.0,gpt2-inference-5d8458fb46-ztjcb
2026-08-18 04:29:24.951,1161801728.0,gpt2-inference-5d8458fb46-9m5td
2026-08-18 04:29:24.951,1154736128.0,gpt2-inference-5d8458fb46-2wnn4
2026-08-18 04:29:24.951,1167077376.0,gpt2-inference-5d8458fb46-klkm9
2026-08-18 04:29:29.951,1150083072.0,gpt2-inference-5d8458fb46-dmj5h
2026-08-18 04:29:29.951,1281495040.0,gpt2-inference-5d8458fb46-lg46j
2026-08-18 04:29:29.951,1162084352.0,gpt2-inference-5d8458fb46-9m5td
2026-08-18 04:29:29.951,1196953600.0,gpt2-inference-5d8458fb46-5jcv6
2026-08-18 04:29:29.951,1181442048.0,gpt2-inference-5d8458fb46-rzh6r
2026-08-18 04:29:29.951,1154736128.0,gpt2-inference-5d8458fb46-2wnn4
2026-08-18 04:29:29.951,1851899904.0,gpt2-inference-5d8458fb46-ztjcb
2026-08-18 04:29:29.951,1167077376.0,gpt2-inference-5d8458fb46-klkm9
2026-08-18 04:29:29.951,1271558144.0,gpt2-inference-5d8458fb46-h27vx
2026-08-18 04:29:34.951,1851904000.0,gpt2-inference-5d8458fb46-ztjcb
2026-08-18 04:29:34.951,1281495040.0,gpt2-inference-5d8458fb46-lg46j
2026-08-18 04:29:34.951,1166823424.0,gpt2-inference-5d8458fb46-klkm9
2026-08-18 04:29:34.951,1181442048.0,gpt2-inference-5d8458fb46-rzh6r
2026-08-18 04:29:34.951,1271558144.0,gpt2-inference-5d8458fb46-h27vx
2026-08-18 04:29:34.951,1154736128.0,gpt2-inference-5d8458fb46-2wnn4
2026-08-18 04:29:34.951,1150083072.0,gpt2-inference-5d8458fb46-dmj5h
2026-08-18 04:29:34.951,1162084352.0,gpt2-inference-5d8458fb46-9m5td
2026-08-18 04:29:34.951,1196953600.0,gpt2-inference-5d8458fb46-5jcv6
2026-08-18 04:29:39.951,1271558144.0,gpt2-inference-5d8458fb46-h27vx
2026-08-18 04:29:39.951,1181446144.0,gpt2-inference-5d8458fb46-rzh6r
2026-08-18 04:29:39.951,1162084352.0,gpt2-inference-5d8458fb46-9m5td
2026-08-18 04:29:39.951,1166823424.0,gpt2-inference-5d8458fb46-klkm9
2026-08-18 04:29:39.951,1281495040.0,gpt2-inference-5d8458fb46-lg46j
2026-08-18 04:29:39.951,1196953600.0,gpt2-inference-5d8458fb46-5jcv6
2026-08-18 04:29:39.951,1851904000.0,gpt2-inference-5d8458fb46-ztjcb
2026-08-18 04:29:39.951,1154736128.0,gpt2-inference-5d8458fb46-2wnn4
2026-08-18 04:29:39.951,1150083072.0,gpt2-inference-5d8458fb46-dmj5h
2026-08-18 04:29:44.951,1162084352.0,gpt2-inference-5d8458fb46-9m5td
2026-08-18 04:29:44.951,1166823424.0,gpt2-inference-5d8458fb46-klkm9
2026-08-18 04:29:44.951,1281495040.0,gpt2-inference-5d8458fb46-lg46j
2026-08-18 04:29:44.951,1851904000.0,gpt2-inference-5d8458fb46-ztjcb
2026-08-18 04:29:44.951,1181446144.0,gpt2-inference-5d8458fb46-rzh6r
2026-08-18 04:29:44.951,1154736128.0,gpt2-inference-5d8458fb46-2wnn4
2026-08-18 04:29:44.951,1196695552.0,gpt2-inference-5d8458fb46-5jcv6
2026-08-18 04:29:44.951,1271558144.0,gpt2-inference-5d8458fb46-h27vx
2026-08-18 04:29:44.951,1150345216.0,gpt2-inference-5d8458fb46-dmj5h
2026-08-18 04:29:49.951,1166823424.0,gpt2-inference-5d8458fb46-klkm9
2026-08-18 04:29:49.951,1852416000.0,gpt2-inference-5d8458fb46-ztjcb
2026-08-18 04:29:49.951,1196695552.0,gpt2-inference-5d8458fb46-5jcv6
2026-08-18 04:29:49.951,1150345216.0,gpt2-inference-5d8458fb46-dmj5h
2026-08-18 04:29:49.951,1181446144.0,gpt2-inference-5d8458fb46-rzh6r
2026-08-18 04:29:49.951,1154764800.0,gpt2-inference-5d8458fb46-2wnn4
2026-08-18 04:29:49.951,1271558144.0,gpt2-inference-5d8458fb46-h27vx
2026-08-18 04:29:49.951,1161793536.0,gpt2-inference-5d8458fb46-9m5td
2026-08-18 04:29:49.951,1281495040.0,gpt2-inference-5d8458fb46-lg46j
2026-08-18 04:29:54.951,1281495040.0,gpt2-inference-5d8458fb46-lg46j
2026-08-18 04:29:54.951,1852416000.0,gpt2-inference-5d8458fb46-ztjcb
2026-08-18 04:29:54.951,1154764800.0,gpt2-inference-5d8458fb46-2wnn4
2026-08-18 04:29:54.951,1271558144.0,gpt2-inference-5d8458fb46-h27vx
2026-08-18 04:29:54.951,1196695552.0,gpt2-inference-5d8458fb46-5jcv6
2026-08-18 04:29:54.951,1166823424.0,gpt2-inference-5d8458fb46-klkm9
2026-08-18 04:29:54.951,1181446144.0,gpt2-inference-5d8458fb46-rzh6r
2026-08-18 04:29:54.951,1150345216.0,gpt2-inference-5d8458fb46-dmj5h
2026-08-18 04:29:54.951,1161793536.0,gpt2-inference-5d8458fb46-9m5td
2026-08-18 04:29:59.951,1852416000.0,gpt2-inference-5d8458fb46-ztjcb
2026-08-18 04:29:59.951,1281490944.0,gpt2-inference-5d8458fb46-lg46j
2026-08-18 04:29:59.951,1154764800.0,gpt2-inference-5d8458fb46-2wnn4
2026-08-18 04:29:59.951,1196691456.0,gpt2-inference-5d8458fb46-5jcv6
2026-08-18 04:29:59.951,1181446144.0,gpt2-inference-5d8458fb46-rzh6r
2026-08-18 04:29:59.951,1167089664.0,gpt2-inference-5d8458fb46-klkm9
2026-08-18 04:29:59.951,1161793536.0,gpt2-inference-5d8458fb46-9m5td
2026-08-18 04:29:59.951,1271558144.0,gpt2-inference-5d8458fb46-h27vx
2026-08-18 04:29:59.951,1150087168.0,gpt2-inference-5d8458fb46-dmj5h
2026-08-18 04:30:04.951,1271779328.0,gpt2-inference-5d8458fb46-h27vx
2026-08-18 04:30:04.951,1161793536.0,gpt2-inference-5d8458fb46-9m5td
2026-08-18 04:30:04.951,1150087168.0,gpt2-inference-5d8458fb46-dmj5h
2026-08-18 04:30:04.951,1154985984.0,gpt2-inference-5d8458fb46-2wnn4
2026-08-18 04:30:04.951,1196691456.0,gpt2-inference-5d8458fb46-5jcv6
2026-08-18 04:30:04.951,1852416000.0,gpt2-inference-5d8458fb46-ztjcb
2026-08-18 04:30:04.951,1181446144.0,gpt2-inference-5d8458fb46-rzh6r
2026-08-18 04:30:04.951,1167089664.0,gpt2-inference-5d8458fb46-klkm9
2026-08-18 04:30:04.951,1281490944.0,gpt2-inference-5d8458fb46-lg46j
2026-08-18 04:30:09.951,1281495040.0,gpt2-inference-5d8458fb46-lg46j
2026-08-18 04:30:09.951,1271779328.0,gpt2-inference-5d8458fb46-h27vx
2026-08-18 04:30:09.951,1196691456.0,gpt2-inference-5d8458fb46-5jcv6
2026-08-18 04:30:09.951,1851904000.0,gpt2-inference-5d8458fb46-ztjcb
2026-08-18 04:30:09.951,1150087168.0,gpt2-inference-5d8458fb46-dmj5h
2026-08-18 04:30:09.951,1161789440.0,gpt2-inference-5d8458fb46-9m5td
2026-08-18 04:30:09.951,1181450240.0,gpt2-inference-5d8458fb46-rzh6r
2026-08-18 04:30:09.951,1167089664.0,gpt2-inference-5d8458fb46-klkm9
2026-08-18 04:30:09.951,1154985984.0,gpt2-inference-5d8458fb46-2wnn4
2026-08-18 04:30:14.951,1150595072.0,gpt2-inference-5d8458fb46-dmj5h
2026-08-18 04:30:14.951,1281495040.0,gpt2-inference-5d8458fb46-lg46j
2026-08-18 04:30:14.951,1161789440.0,gpt2-inference-5d8458fb46-9m5td
2026-08-18 04:30:14.951,1181450240.0,gpt2-inference-5d8458fb46-rzh6r
2026-08-18 04:30:14.951,1154985984.0,gpt2-inference-5d8458fb46-2wnn4
2026-08-18 04:30:14.951,1271779328.0,gpt2-inference-5d8458fb46-h27vx
2026-08-18 04:30:14.951,1197187072.0,gpt2-inference-5d8458fb46-5jcv6
2026-08-18 04:30:14.951,1167089664.0,gpt2-inference-5d8458fb46-klkm9
2026-08-18 04:30:14.951,1851904000.0,gpt2-inference-5d8458fb46-ztjcb
2026-08-18 04:30:19.951,1281495040.0,gpt2-inference-5d8458fb46-lg46j
2026-08-18 04:30:19.951,1181442048.0,gpt2-inference-5d8458fb46-rzh6r
2026-08-18 04:30:19.951,1166827520.0,gpt2-inference-5d8458fb46-klkm9
2026-08-18 04:30:19.951,1161793536.0,gpt2-inference-5d8458fb46-9m5td
2026-08-18 04:30:19.951,1197187072.0,gpt2-inference-5d8458fb46-5jcv6
2026-08-18 04:30:19.951,1154985984.0,gpt2-inference-5d8458fb46-2wnn4
2026-08-18 04:30:19.951,1150595072.0,gpt2-inference-5d8458fb46-dmj5h
2026-08-18 04:30:19.951,1851904000.0,gpt2-inference-5d8458fb46-ztjcb
2026-08-18 04:30:19.951,1271779328.0,gpt2-inference-5d8458fb46-h27vx
2026-08-18 04:30:24.951,1281495040.0,gpt2-inference-5d8458fb46-lg46j
2026-08-18 04:30:24.951,1851904000.0,gpt2-inference-5d8458fb46-ztjcb
2026-08-18 04:30:24.951,1197187072.0,gpt2-inference-5d8458fb46-5jcv6
2026-08-18 04:30:24.951,1150345216.0,gpt2-inference-5d8458fb46-dmj5h
2026-08-18 04:30:24.951,1271554048.0,gpt2-inference-5d8458fb46-h27vx
2026-08-18 04:30:24.951,1166827520.0,gpt2-inference-5d8458fb46-klkm9
2026-08-18 04:30:24.951,1181442048.0,gpt2-inference-5d8458fb46-rzh6r
2026-08-18 04:30:24.951,1161793536.0,gpt2-inference-5d8458fb46-9m5td
2026-08-18 04:30:24.951,1154740224.0,gpt2-inference-5d8458fb46-2wnn4
2026-08-18 04:30:29.951,1281495040.0,gpt2-inference-5d8458fb46-lg46j
2026-08-18 04:30:29.951,1181446144.0,gpt2-inference-5d8458fb46-rzh6r
2026-08-18 04:30:29.951,1851904000.0,gpt2-inference-5d8458fb46-ztjcb
2026-08-18 04:30:29.951,1154740224.0,gpt2-inference-5d8458fb46-2wnn4
2026-08-18 04:30:29.951,1150345216.0,gpt2-inference-5d8458fb46-dmj5h
2026-08-18 04:30:29.951,1197187072.0,gpt2-inference-5d8458fb46-5jcv6
2026-08-18 04:30:29.951,1271554048.0,gpt2-inference-5d8458fb46-h27vx
2026-08-18 04:30:29.951,1166827520.0,gpt2-inference-5d8458fb46-klkm9
2026-08-18 04:30:29.951,1161793536.0,gpt2-inference-5d8458fb46-9m5td
2026-08-18 04:30:34.951,1281495040.0,gpt2-inference-5d8458fb46-lg46j
2026-08-18 04:30:34.951,1161789440.0,gpt2-inference-5d8458fb46-9m5td
2026-08-18 04:30:34.951,1851904000.0,gpt2-inference-5d8458fb46-ztjcb
2026-08-18 04:30:34.951,1154740224.0,gpt2-inference-5d8458fb46-2wnn4
2026-08-18 04:30:34.951,1196699648.0,gpt2-inference-5d8458fb46-5jcv6
2026-08-18 04:30:34.951,1181446144.0,gpt2-inference-5d8458fb46-rzh6r
2026-08-18 04:30:34.951,1166831616.0,gpt2-inference-5d8458fb46-klkm9
2026-08-18 04:30:34.951,1150316544.0,gpt2-inference-5d8458fb46-dmj5h
2026-08-18 04:30:34.951,1271554048.0,gpt2-inference-5d8458fb46-h27vx
2026-08-18 04:30:39.951,1154740224.0,gpt2-inference-5d8458fb46-2wnn4
2026-08-18 04:30:39.951,1150316544.0,gpt2-inference-5d8458fb46-dmj5h
2026-08-18 04:30:39.951,1281753088.0,gpt2-inference-5d8458fb46-lg46j
2026-08-18 04:30:39.951,1196699648.0,gpt2-inference-5d8458fb46-5jcv6
2026-08-18 04:30:39.951,1166831616.0,gpt2-inference-5d8458fb46-klkm9
2026-08-18 04:30:39.951,1161789440.0,gpt2-inference-5d8458fb46-9m5td
2026-08-18 04:30:39.951,1181446144.0,gpt2-inference-5d8458fb46-rzh6r
2026-08-18 04:30:39.951,1852162048.0,gpt2-inference-5d8458fb46-ztjcb
2026-08-18 04:30:39.951,1271554048.0,gpt2-inference-5d8458fb46-h27vx
2026-08-18 04:30:44.951,1150316544.0,gpt2-inference-5d8458fb46-dmj5h
2026-08-18 04:30:44.951,1852162048.0,gpt2-inference-5d8458fb46-ztjcb
2026-08-18 04:30:44.951,1166831616.0,gpt2-inference-5d8458fb46-klkm9
2026-08-18 04:30:44.951,1196699648.0,gpt2-inference-5d8458fb46-5jcv6
2026-08-18 04:30:44.951,1161793536.0,gpt2-inference-5d8458fb46-9m5td
2026-08-18 04:30:44.951,1271554048.0,gpt2-inference-5d8458fb46-h27vx
2026-08-18 04:30:44.951,1181446144.0,gpt2-inference-5d8458fb46-rzh6r
2026-08-18 04:30:44.951,1154740224.0,gpt2-inference-5d8458fb46-2wnn4
2026-08-18 04:30:44.951,1281753088.0,gpt2-inference-5d8458fb46-lg46j
2026-08-18 04:30:49.951,1167319040.0,gpt2-inference-5d8458fb46-klkm9
2026-08-18 04:30:49.951,1181954048.0,gpt2-inference-5d8458fb46-rzh6r
2026-08-18 04:30:49.951,1161793536.0,gpt2-inference-5d8458fb46-9m5td
2026-08-18 04:30:49.951,1197203456.0,gpt2-inference-5d8458fb46-5jcv6
2026-08-18 04:30:49.951,1154740224.0,gpt2-inference-5d8458fb46-2wnn4
2026-08-18 04:30:49.951,1271554048.0,gpt2-inference-5d8458fb46-h27vx
2026-08-18 04:30:49.951,1150316544.0,gpt2-inference-5d8458fb46-dmj5h
2026-08-18 04:30:49.951,1281753088.0,gpt2-inference-5d8458fb46-lg46j
2026-08-18 04:30:49.951,1852645376.0,gpt2-inference-5d8458fb46-ztjcb
2026-08-18 04:30:54.951,1197203456.0,gpt2-inference-5d8458fb46-5jcv6
2026-08-18 04:30:54.951,1154740224.0,gpt2-inference-5d8458fb46-2wnn4
2026-08-18 04:30:54.951,1281753088.0,gpt2-inference-5d8458fb46-lg46j
2026-08-18 04:30:54.951,1161793536.0,gpt2-inference-5d8458fb46-9m5td
2026-08-18 04:30:54.951,1150083072.0,gpt2-inference-5d8458fb46-dmj5h
2026-08-18 04:30:54.951,1852645376.0,gpt2-inference-5d8458fb46-ztjcb
2026-08-18 04:30:54.951,1167319040.0,gpt2-inference-5d8458fb46-klkm9
2026-08-18 04:30:54.951,1181954048.0,gpt2-inference-5d8458fb46-rzh6r
2026-08-18 04:30:54.951,1271554048.0,gpt2-inference-5d8458fb46-h27vx
2026-08-18 04:30:59.951,1197203456.0,gpt2-inference-5d8458fb46-5jcv6
2026-08-18 04:30:59.951,1162014720.0,gpt2-inference-5d8458fb46-9m5td
2026-08-18 04:30:59.951,1181954048.0,gpt2-inference-5d8458fb46-rzh6r
2026-08-18 04:30:59.951,1271812096.0,gpt2-inference-5d8458fb46-h27vx
2026-08-18 04:30:59.951,1154740224.0,gpt2-inference-5d8458fb46-2wnn4
2026-08-18 04:30:59.951,1281748992.0,gpt2-inference-5d8458fb46-lg46j
2026-08-18 04:30:59.951,1167319040.0,gpt2-inference-5d8458fb46-klkm9
2026-08-18 04:30:59.951,1150083072.0,gpt2-inference-5d8458fb46-dmj5h
2026-08-18 04:30:59.951,1852645376.0,gpt2-inference-5d8458fb46-ztjcb
2026-08-18 04:31:04.951,1166827520.0,gpt2-inference-5d8458fb46-klkm9
2026-08-18 04:31:04.951,1150083072.0,gpt2-inference-5d8458fb46-dmj5h
2026-08-18 04:31:04.951,1162014720.0,gpt2-inference-5d8458fb46-9m5td
2026-08-18 04:31:04.951,1281748992.0,gpt2-inference-5d8458fb46-lg46j
2026-08-18 04:31:04.951,1197465600.0,gpt2-inference-5d8458fb46-5jcv6
2026-08-18 04:31:04.951,1181442048.0,gpt2-inference-5d8458fb46-rzh6r
2026-08-18 04:31:04.951,1154736128.0,gpt2-inference-5d8458fb46-2wnn4
2026-08-18 04:31:04.951,1271812096.0,gpt2-inference-5d8458fb46-h27vx
2026-08-18 04:31:04.951,1852129280.0,gpt2-inference-5d8458fb46-ztjcb
2026-08-18 04:31:09.951,1197465600.0,gpt2-inference-5d8458fb46-5jcv6
2026-08-18 04:31:09.951,1181442048.0,gpt2-inference-5d8458fb46-rzh6r
2026-08-18 04:31:09.951,1271812096.0,gpt2-inference-5d8458fb46-h27vx
2026-08-18 04:31:09.951,1852129280.0,gpt2-inference-5d8458fb46-ztjcb
2026-08-18 04:31:09.951,1162014720.0,gpt2-inference-5d8458fb46-9m5td
2026-08-18 04:31:09.951,1154736128.0,gpt2-inference-5d8458fb46-2wnn4
2026-08-18 04:31:09.951,1150083072.0,gpt2-inference-5d8458fb46-dmj5h
2026-08-18 04:31:09.951,1166827520.0,gpt2-inference-5d8458fb46-klkm9
2026-08-18 04:31:09.951,1281748992.0,gpt2-inference-5d8458fb46-lg46j
2026-08-18 04:31:14.951,1281753088.0,gpt2-inference-5d8458fb46-lg46j
2026-08-18 04:31:14.951,1154998272.0,gpt2-inference-5d8458fb46-2wnn4
2026-08-18 04:31:14.951,1271549952.0,gpt2-inference-5d8458fb46-h27vx
2026-08-18 04:31:14.951,1166827520.0,gpt2-inference-5d8458fb46-klkm9
2026-08-18 04:31:14.951,1150087168.0,gpt2-inference-5d8458fb46-dmj5h
2026-08-18 04:31:14.951,1181442048.0,gpt2-inference-5d8458fb46-rzh6r
2026-08-18 04:31:14.951,1197465600.0,gpt2-inference-5d8458fb46-5jcv6
2026-08-18 04:31:14.951,1162014720.0,gpt2-inference-5d8458fb46-9m5td
2026-08-18 04:31:14.951,1852129280.0,gpt2-inference-5d8458fb46-ztjcb
2026-08-18 04:31:19.951,1162014720.0,gpt2-inference-5d8458fb46-9m5td
2026-08-18 04:31:19.951,1150087168.0,gpt2-inference-5d8458fb46-dmj5h
2026-08-18 04:31:19.951,1271549952.0,gpt2-inference-5d8458fb46-h27vx
2026-08-18 04:31:19.951,1181442048.0,gpt2-inference-5d8458fb46-rzh6r
2026-08-18 04:31:19.951,1196695552.0,gpt2-inference-5d8458fb46-5jcv6
2026-08-18 04:31:19.951,1281753088.0,gpt2-inference-5d8458fb46-lg46j
2026-08-18 04:31:19.951,1154998272.0,gpt2-inference-5d8458fb46-2wnn4
2026-08-18 04:31:19.951,1851908096.0,gpt2-inference-5d8458fb46-ztjcb
2026-08-18 04:31:19.951,1166827520.0,gpt2-inference-5d8458fb46-klkm9
2026-08-18 04:31:24.951,1196695552.0,gpt2-inference-5d8458fb46-5jcv6
2026-08-18 04:31:24.951,1181437952.0,gpt2-inference-5d8458fb46-rzh6r
2026-08-18 04:31:24.951,1150087168.0,gpt2-inference-5d8458fb46-dmj5h
2026-08-18 04:31:24.951,1166848000.0,gpt2-inference-5d8458fb46-klkm9
2026-08-18 04:31:24.951,1281724416.0,gpt2-inference-5d8458fb46-lg46j
2026-08-18 04:31:24.951,1162014720.0,gpt2-inference-5d8458fb46-9m5td
2026-08-18 04:31:24.951,1271549952.0,gpt2-inference-5d8458fb46-h27vx
2026-08-18 04:31:24.951,1851908096.0,gpt2-inference-5d8458fb46-ztjcb
2026-08-18 04:31:24.951,1154998272.0,gpt2-inference-5d8458fb46-2wnn4
2026-08-18 04:31:29.951,1162014720.0,gpt2-inference-5d8458fb46-9m5td
2026-08-18 04:31:29.951,1196695552.0,gpt2-inference-5d8458fb46-5jcv6
2026-08-18 04:31:29.951,1181437952.0,gpt2-inference-5d8458fb46-rzh6r
2026-08-18 04:31:29.951,1281724416.0,gpt2-inference-5d8458fb46-lg46j
2026-08-18 04:31:29.951,1150308352.0,gpt2-inference-5d8458fb46-dmj5h
2026-08-18 04:31:29.951,1851904000.0,gpt2-inference-5d8458fb46-ztjcb
2026-08-18 04:31:29.951,1271590912.0,gpt2-inference-5d8458fb46-h27vx
2026-08-18 04:31:29.951,1154740224.0,gpt2-inference-5d8458fb46-2wnn4
2026-08-18 04:31:29.951,1166848000.0,gpt2-inference-5d8458fb46-klkm9
2026-08-18 04:31:34.951,1196691456.0,gpt2-inference-5d8458fb46-5jcv6
2026-08-18 04:31:34.951,1271590912.0,gpt2-inference-5d8458fb46-h27vx
2026-08-18 04:31:34.951,1166848000.0,gpt2-inference-5d8458fb46-klkm9
2026-08-18 04:31:34.951,1181437952.0,gpt2-inference-5d8458fb46-rzh6r
2026-08-18 04:31:34.951,1162014720.0,gpt2-inference-5d8458fb46-9m5td
2026-08-18 04:31:34.951,1281724416.0,gpt2-inference-5d8458fb46-lg46j
2026-08-18 04:31:34.951,1150308352.0,gpt2-inference-5d8458fb46-dmj5h
2026-08-18 04:31:34.951,1154740224.0,gpt2-inference-5d8458fb46-2wnn4
2026-08-18 04:31:34.951,1851904000.0,gpt2-inference-5d8458fb46-ztjcb
2026-08-18 04:31:39.951,1162014720.0,gpt2-inference-5d8458fb46-9m5td
2026-08-18 04:31:39.951,1196691456.0,gpt2-inference-5d8458fb46-5jcv6
2026-08-18 04:31:39.951,1271590912.0,gpt2-inference-5d8458fb46-h27vx
2026-08-18 04:31:39.951,1281724416.0,gpt2-inference-5d8458fb46-lg46j
2026-08-18 04:31:39.951,1166827520.0,gpt2-inference-5d8458fb46-klkm9
2026-08-18 04:31:39.951,1150308352.0,gpt2-inference-5d8458fb46-dmj5h
2026-08-18 04:31:39.951,1851904000.0,gpt2-inference-5d8458fb46-ztjcb
2026-08-18 04:31:39.951,1181437952.0,gpt2-inference-5d8458fb46-rzh6r
2026-08-18 04:31:39.951,1154740224.0,gpt2-inference-5d8458fb46-2wnn4
2026-08-18 04:31:44.951,1162014720.0,gpt2-inference-5d8458fb46-9m5td
2026-08-18 04:31:44.951,1852141568.0,gpt2-inference-5d8458fb46-ztjcb
2026-08-18 04:31:44.951,1181659136.0,gpt2-inference-5d8458fb46-rzh6r
2026-08-18 04:31:44.951,1196691456.0,gpt2-inference-5d8458fb46-5jcv6
2026-08-18 04:31:44.951,1271590912.0,gpt2-inference-5d8458fb46-h27vx
2026-08-18 04:31:44.951,1150087168.0,gpt2-inference-5d8458fb46-dmj5h
2026-08-18 04:31:44.951,1281495040.0,gpt2-inference-5d8458fb46-lg46j
2026-08-18 04:31:44.951,1154736128.0,gpt2-inference-5d8458fb46-2wnn4
2026-08-18 04:31:44.951,1166827520.0,gpt2-inference-5d8458fb46-klkm9
2026-08-18 04:31:49.951,1181659136.0,gpt2-inference-5d8458fb46-rzh6r
2026-08-18 04:31:49.951,1196699648.0,gpt2-inference-5d8458fb46-5jcv6
2026-08-18 04:31:49.951,1852141568.0,gpt2-inference-5d8458fb46-ztjcb
2026-08-18 04:31:49.951,1150087168.0,gpt2-inference-5d8458fb46-dmj5h
2026-08-18 04:31:49.951,1166819328.0,gpt2-inference-5d8458fb46-klkm9
2026-08-18 04:31:49.951,1162014720.0,gpt2-inference-5d8458fb46-9m5td
2026-08-18 04:31:49.951,1281495040.0,gpt2-inference-5d8458fb46-lg46j
2026-08-18 04:31:49.951,1154736128.0,gpt2-inference-5d8458fb46-2wnn4
2026-08-18 04:31:49.951,1271554048.0,gpt2-inference-5d8458fb46-h27vx
2026-08-18 04:31:54.951,1161793536.0,gpt2-inference-5d8458fb46-9m5td
2026-08-18 04:31:54.951,1271554048.0,gpt2-inference-5d8458fb46-h27vx
2026-08-18 04:31:54.951,1181659136.0,gpt2-inference-5d8458fb46-rzh6r
2026-08-18 04:31:54.951,1281495040.0,gpt2-inference-5d8458fb46-lg46j
2026-08-18 04:31:54.951,1196699648.0,gpt2-inference-5d8458fb46-5jcv6
2026-08-18 04:31:54.951,1852141568.0,gpt2-inference-5d8458fb46-ztjcb
2026-08-18 04:31:54.951,1154736128.0,gpt2-inference-5d8458fb46-2wnn4
2026-08-18 04:31:54.951,1166819328.0,gpt2-inference-5d8458fb46-klkm9
2026-08-18 04:31:54.951,1150083072.0,gpt2-inference-5d8458fb46-dmj5h
2026-08-18 04:31:59.951,1150083072.0,gpt2-inference-5d8458fb46-dmj5h
2026-08-18 04:31:59.951,1196699648.0,gpt2-inference-5d8458fb46-5jcv6
2026-08-18 04:31:59.951,1281495040.0,gpt2-inference-5d8458fb46-lg46j
2026-08-18 04:31:59.951,1166831616.0,gpt2-inference-5d8458fb46-klkm9
2026-08-18 04:31:59.951,1181442048.0,gpt2-inference-5d8458fb46-rzh6r
2026-08-18 04:31:59.951,1271554048.0,gpt2-inference-5d8458fb46-h27vx
2026-08-18 04:31:59.951,1852141568.0,gpt2-inference-5d8458fb46-ztjcb
2026-08-18 04:31:59.951,1154736128.0,gpt2-inference-5d8458fb46-2wnn4
2026-08-18 04:31:59.951,1161793536.0,gpt2-inference-5d8458fb46-9m5td
2026-08-18 04:32:04.951,1166831616.0,gpt2-inference-5d8458fb46-klkm9
2026-08-18 04:32:04.951,1196699648.0,gpt2-inference-5d8458fb46-5jcv6
2026-08-18 04:32:04.951,1154736128.0,gpt2-inference-5d8458fb46-2wnn4
2026-08-18 04:32:04.951,1150087168.0,gpt2-inference-5d8458fb46-dmj5h
2026-08-18 04:32:04.951,1281495040.0,gpt2-inference-5d8458fb46-lg46j
2026-08-18 04:32:04.951,1181442048.0,gpt2-inference-5d8458fb46-rzh6r
2026-08-18 04:32:04.951,1161793536.0,gpt2-inference-5d8458fb46-9m5td
2026-08-18 04:32:04.951,1851924480.0,gpt2-inference-5d8458fb46-ztjcb
2026-08-18 04:32:04.951,1271554048.0,gpt2-inference-5d8458fb46-h27vx
2026-08-18 04:32:09.951,1196695552.0,gpt2-inference-5d8458fb46-5jcv6
2026-08-18 04:32:09.951,1166831616.0,gpt2-inference-5d8458fb46-klkm9
2026-08-18 04:32:09.951,1150087168.0,gpt2-inference-5d8458fb46-dmj5h
2026-08-18 04:32:09.951,1154736128.0,gpt2-inference-5d8458fb46-2wnn4
2026-08-18 04:32:09.951,1161793536.0,gpt2-inference-5d8458fb46-9m5td
2026-08-18 04:32:09.951,1281495040.0,gpt2-inference-5d8458fb46-lg46j
2026-08-18 04:32:09.951,1851924480.0,gpt2-inference-5d8458fb46-ztjcb
2026-08-18 04:32:09.951,1271554048.0,gpt2-inference-5d8458fb46-h27vx
2026-08-18 04:32:09.951,1181442048.0,gpt2-inference-5d8458fb46-rzh6r
2026-08-18 04:32:14.951,1271578624.0,gpt2-inference-5d8458fb46-h27vx
2026-08-18 04:32:14.951,1196695552.0,gpt2-inference-5d8458fb46-5jcv6
2026-08-18 04:32:14.951,1150087168.0,gpt2-inference-5d8458fb46-dmj5h
2026-08-18 04:32:14.951,1281495040.0,gpt2-inference-5d8458fb46-lg46j
2026-08-18 04:32:14.951,1154736128.0,gpt2-inference-5d8458fb46-2wnn4
2026-08-18 04:32:14.951,1161793536.0,gpt2-inference-5d8458fb46-9m5td
2026-08-18 04:32:14.951,1851924480.0,gpt2-inference-5d8458fb46-ztjcb
2026-08-18 04:32:14.951,1167122432.0,gpt2-inference-5d8458fb46-klkm9
2026-08-18 04:32:14.951,1181442048.0,gpt2-inference-5d8458fb46-rzh6r
2026-08-18 04:32:19.951,1181442048.0,gpt2-inference-5d8458fb46-rzh6r
2026-08-18 04:32:19.951,1154736128.0,gpt2-inference-5d8458fb46-2wnn4
2026-08-18 04:32:19.951,1281511424.0,gpt2-inference-5d8458fb46-lg46j
2026-08-18 04:32:19.951,1161793536.0,gpt2-inference-5d8458fb46-9m5td
2026-08-18 04:32:19.951,1196695552.0,gpt2-inference-5d8458fb46-5jcv6
2026-08-18 04:32:19.951,1167122432.0,gpt2-inference-5d8458fb46-klkm9
2026-08-18 04:32:19.951,1150083072.0,gpt2-inference-5d8458fb46-dmj5h
2026-08-18 04:32:19.951,1271578624.0,gpt2-inference-5d8458fb46-h27vx
2026-08-18 04:32:19.951,1851908096.0,gpt2-inference-5d8458fb46-ztjcb
2026-08-18 04:32:24.951,1161822208.0,gpt2-inference-5d8458fb46-9m5td
2026-08-18 04:32:24.951,1150083072.0,gpt2-inference-5d8458fb46-dmj5h
2026-08-18 04:32:24.951,1271578624.0,gpt2-inference-5d8458fb46-h27vx
2026-08-18 04:32:24.951,1196695552.0,gpt2-inference-5d8458fb46-5jcv6
2026-08-18 04:32:24.951,1281511424.0,gpt2-inference-5d8458fb46-lg46j
2026-08-18 04:32:24.951,1851908096.0,gpt2-inference-5d8458fb46-ztjcb
2026-08-18 04:32:24.951,1181442048.0,gpt2-inference-5d8458fb46-rzh6r
2026-08-18 04:32:24.951,1167122432.0,gpt2-inference-5d8458fb46-klkm9
2026-08-18 04:32:24.951,1154973696.0,gpt2-inference-5d8458fb46-2wnn4
2026-08-18 04:32:29.951,1181437952.0,gpt2-inference-5d8458fb46-rzh6r
2026-08-18 04:32:29.951,1167122432.0,gpt2-inference-5d8458fb46-klkm9
2026-08-18 04:32:29.951,1281511424.0,gpt2-inference-5d8458fb46-lg46j
2026-08-18 04:32:29.951,1196695552.0,gpt2-inference-5d8458fb46-5jcv6
2026-08-18 04:32:29.951,1150083072.0,gpt2-inference-5d8458fb46-dmj5h
2026-08-18 04:32:29.951,1851908096.0,gpt2-inference-5d8458fb46-ztjcb
2026-08-18 04:32:29.951,1271578624.0,gpt2-inference-5d8458fb46-h27vx
2026-08-18 04:32:29.951,1161822208.0,gpt2-inference-5d8458fb46-9m5td
2026-08-18 04:32:29.951,1154973696.0,gpt2-inference-5d8458fb46-2wnn4
2026-08-18 04:32:34.951,1271783424.0,gpt2-inference-5d8458fb46-h27vx
2026-08-18 04:32:34.951,1161822208.0,gpt2-inference-5d8458fb46-9m5td
2026-08-18 04:32:34.951,1166827520.0,gpt2-inference-5d8458fb46-klkm9
2026-08-18 04:32:34.951,1181437952.0,gpt2-inference-5d8458fb46-rzh6r
2026-08-18 04:32:34.951,1852162048.0,gpt2-inference-5d8458fb46-ztjcb
2026-08-18 04:32:34.951,1196695552.0,gpt2-inference-5d8458fb46-5jcv6
2026-08-18 04:32:34.951,1154744320.0,gpt2-inference-5d8458fb46-2wnn4
2026-08-18 04:32:34.951,1281511424.0,gpt2-inference-5d8458fb46-lg46j
2026-08-18 04:32:34.951,1150087168.0,gpt2-inference-5d8458fb46-dmj5h
2026-08-18 04:32:39.951,1196695552.0,gpt2-inference-5d8458fb46-5jcv6
2026-08-18 04:32:39.951,1852162048.0,gpt2-inference-5d8458fb46-ztjcb
2026-08-18 04:32:39.951,1282269184.0,gpt2-inference-5d8458fb46-lg46j
2026-08-18 04:32:39.951,1161822208.0,gpt2-inference-5d8458fb46-9m5td
2026-08-18 04:32:39.951,1150087168.0,gpt2-inference-5d8458fb46-dmj5h
2026-08-18 04:32:39.951,1181437952.0,gpt2-inference-5d8458fb46-rzh6r
2026-08-18 04:32:39.951,1154744320.0,gpt2-inference-5d8458fb46-2wnn4
2026-08-18 04:32:39.951,1271783424.0,gpt2-inference-5d8458fb46-h27vx
2026-08-18 04:32:39.951,1166827520.0,gpt2-inference-5d8458fb46-klkm9
2026-08-18 04:32:44.951,1181437952.0,gpt2-inference-5d8458fb46-rzh6r
2026-08-18 04:32:44.951,1282269184.0,gpt2-inference-5d8458fb46-lg46j
2026-08-18 04:32:44.951,1154744320.0,gpt2-inference-5d8458fb46-2wnn4
2026-08-18 04:32:44.951,1166827520.0,gpt2-inference-5d8458fb46-klkm9
2026-08-18 04:32:44.951,1150341120.0,gpt2-inference-5d8458fb46-dmj5h
2026-08-18 04:32:44.951,1271783424.0,gpt2-inference-5d8458fb46-h27vx
2026-08-18 04:32:44.951,1161793536.0,gpt2-inference-5d8458fb46-9m5td
2026-08-18 04:32:44.951,1852162048.0,gpt2-inference-5d8458fb46-ztjcb
2026-08-18 04:32:44.951,1196695552.0,gpt2-inference-5d8458fb46-5jcv6
2026-08-18 04:32:49.951,1271783424.0,gpt2-inference-5d8458fb46-h27vx
2026-08-18 04:32:49.951,1852162048.0,gpt2-inference-5d8458fb46-ztjcb
2026-08-18 04:32:49.951,1161793536.0,gpt2-inference-5d8458fb46-9m5td
2026-08-18 04:32:49.951,1154744320.0,gpt2-inference-5d8458fb46-2wnn4
2026-08-18 04:32:49.951,1181442048.0,gpt2-inference-5d8458fb46-rzh6r
2026-08-18 04:32:49.951,1196695552.0,gpt2-inference-5d8458fb46-5jcv6
2026-08-18 04:32:49.951,1150341120.0,gpt2-inference-5d8458fb46-dmj5h
2026-08-18 04:32:49.951,1281490944.0,gpt2-inference-5d8458fb46-lg46j
2026-08-18 04:32:49.951,1167085568.0,gpt2-inference-5d8458fb46-klkm9
2026-08-18 04:32:54.951,1281490944.0,gpt2-inference-5d8458fb46-lg46j
2026-08-18 04:32:54.951,1161793536.0,gpt2-inference-5d8458fb46-9m5td
2026-08-18 04:32:54.951,1851957248.0,gpt2-inference-5d8458fb46-ztjcb
2026-08-18 04:32:54.951,1271554048.0,gpt2-inference-5d8458fb46-h27vx
2026-08-18 04:32:54.951,1181442048.0,gpt2-inference-5d8458fb46-rzh6r
2026-08-18 04:32:54.951,1196916736.0,gpt2-inference-5d8458fb46-5jcv6
2026-08-18 04:32:54.951,1154740224.0,gpt2-inference-5d8458fb46-2wnn4
2026-08-18 04:32:54.951,1167085568.0,gpt2-inference-5d8458fb46-klkm9
2026-08-18 04:32:54.951,1150341120.0,gpt2-inference-5d8458fb46-dmj5h
2026-08-18 04:32:59.951,1154740224.0,gpt2-inference-5d8458fb46-2wnn4
2026-08-18 04:32:59.951,1851957248.0,gpt2-inference-5d8458fb46-ztjcb
2026-08-18 04:32:59.951,1281490944.0,gpt2-inference-5d8458fb46-lg46j
2026-08-18 04:32:59.951,1167085568.0,gpt2-inference-5d8458fb46-klkm9
2026-08-18 04:32:59.951,1181442048.0,gpt2-inference-5d8458fb46-rzh6r
2026-08-18 04:32:59.951,1271554048.0,gpt2-inference-5d8458fb46-h27vx
2026-08-18 04:32:59.951,1150341120.0,gpt2-inference-5d8458fb46-dmj5h
2026-08-18 04:32:59.951,1161793536.0,gpt2-inference-5d8458fb46-9m5td
2026-08-18 04:32:59.951,1196916736.0,gpt2-inference-5d8458fb46-5jcv6
2026-08-18 04:33:04.951,1150083072.0,gpt2-inference-5d8458fb46-dmj5h
2026-08-18 04:33:04.951,1281536000.0,gpt2-inference-5d8458fb46-lg46j
2026-08-18 04:33:04.951,1155276800.0,gpt2-inference-5d8458fb46-2wnn4
2026-08-18 04:33:04.951,1271578624.0,gpt2-inference-5d8458fb46-h27vx
2026-08-18 04:33:04.951,1851957248.0,gpt2-inference-5d8458fb46-ztjcb
2026-08-18 04:33:04.951,1161793536.0,gpt2-inference-5d8458fb46-9m5td
2026-08-18 04:33:04.951,1181442048.0,gpt2-inference-5d8458fb46-rzh6r
2026-08-18 04:33:04.951,1167085568.0,gpt2-inference-5d8458fb46-klkm9
2026-08-18 04:33:04.951,1196916736.0,gpt2-inference-5d8458fb46-5jcv6
2026-08-18 04:33:09.951,1161793536.0,gpt2-inference-5d8458fb46-9m5td
2026-08-18 04:33:09.951,1166852096.0,gpt2-inference-5d8458fb46-klkm9
2026-08-18 04:33:09.951,1851932672.0,gpt2-inference-5d8458fb46-ztjcb
2026-08-18 04:33:09.951,1155276800.0,gpt2-inference-5d8458fb46-2wnn4
2026-08-18 04:33:09.951,1196716032.0,gpt2-inference-5d8458fb46-5jcv6
2026-08-18 04:33:09.951,1150083072.0,gpt2-inference-5d8458fb46-dmj5h
2026-08-18 04:33:09.951,1181442048.0,gpt2-inference-5d8458fb46-rzh6r
2026-08-18 04:33:09.951,1271578624.0,gpt2-inference-5d8458fb46-h27vx
2026-08-18 04:33:09.951,1281536000.0,gpt2-inference-5d8458fb46-lg46j
2026-08-18 04:33:14.951,1851932672.0,gpt2-inference-5d8458fb46-ztjcb
2026-08-18 04:33:14.951,1271578624.0,gpt2-inference-5d8458fb46-h27vx
2026-08-18 04:33:14.951,1196716032.0,gpt2-inference-5d8458fb46-5jcv6
2026-08-18 04:33:14.951,1166852096.0,gpt2-inference-5d8458fb46-klkm9
2026-08-18 04:33:14.951,1281536000.0,gpt2-inference-5d8458fb46-lg46j
2026-08-18 04:33:14.951,1161793536.0,gpt2-inference-5d8458fb46-9m5td
2026-08-18 04:33:14.951,1150599168.0,gpt2-inference-5d8458fb46-dmj5h
2026-08-18 04:33:14.951,1181442048.0,gpt2-inference-5d8458fb46-rzh6r
2026-08-18 04:33:14.951,1154740224.0,gpt2-inference-5d8458fb46-2wnn4
2026-08-18 04:33:19.951,1150599168.0,gpt2-inference-5d8458fb46-dmj5h
2026-08-18 04:33:19.951,1271554048.0,gpt2-inference-5d8458fb46-h27vx
2026-08-18 04:33:19.951,1851932672.0,gpt2-inference-5d8458fb46-ztjcb
2026-08-18 04:33:19.951,1181462528.0,gpt2-inference-5d8458fb46-rzh6r
2026-08-18 04:33:19.951,1166852096.0,gpt2-inference-5d8458fb46-klkm9
2026-08-18 04:33:19.951,1281720320.0,gpt2-inference-5d8458fb46-lg46j
2026-08-18 04:33:19.951,1196695552.0,gpt2-inference-5d8458fb46-5jcv6
2026-08-18 04:33:19.951,1154740224.0,gpt2-inference-5d8458fb46-2wnn4
2026-08-18 04:33:19.951,1161793536.0,gpt2-inference-5d8458fb46-9m5td
2026-08-18 04:33:24.951,1851932672.0,gpt2-inference-5d8458fb46-ztjcb
2026-08-18 04:33:24.951,1281720320.0,gpt2-inference-5d8458fb46-lg46j
2026-08-18 04:33:24.951,1181462528.0,gpt2-inference-5d8458fb46-rzh6r
2026-08-18 04:33:24.951,1150599168.0,gpt2-inference-5d8458fb46-dmj5h
2026-08-18 04:33:24.951,1166831616.0,gpt2-inference-5d8458fb46-klkm9
2026-08-18 04:33:24.951,1271554048.0,gpt2-inference-5d8458fb46-h27vx
2026-08-18 04:33:24.951,1154740224.0,gpt2-inference-5d8458fb46-2wnn4
2026-08-18 04:33:24.951,1196695552.0,gpt2-inference-5d8458fb46-5jcv6
2026-08-18 04:33:24.951,1161793536.0,gpt2-inference-5d8458fb46-9m5td
2026-08-18 04:33:29.951,1181470720.0,gpt2-inference-5d8458fb46-rzh6r
2026-08-18 04:33:29.951,1154740224.0,gpt2-inference-5d8458fb46-2wnn4
2026-08-18 04:33:29.951,1166831616.0,gpt2-inference-5d8458fb46-klkm9
2026-08-18 04:33:29.951,1196695552.0,gpt2-inference-5d8458fb46-5jcv6
2026-08-18 04:33:29.951,1271554048.0,gpt2-inference-5d8458fb46-h27vx
2026-08-18 04:33:29.951,1150087168.0,gpt2-inference-5d8458fb46-dmj5h
2026-08-18 04:33:29.951,1161797632.0,gpt2-inference-5d8458fb46-9m5td
2026-08-18 04:33:29.951,1851912192.0,gpt2-inference-5d8458fb46-ztjcb
2026-08-18 04:33:29.951,1281720320.0,gpt2-inference-5d8458fb46-lg46j
2026-08-18 04:33:34.951,1166835712.0,gpt2-inference-5d8458fb46-klkm9
2026-08-18 04:33:34.951,1161797632.0,gpt2-inference-5d8458fb46-9m5td
2026-08-18 04:33:34.951,1150087168.0,gpt2-inference-5d8458fb46-dmj5h
2026-08-18 04:33:34.951,1851912192.0,gpt2-inference-5d8458fb46-ztjcb
2026-08-18 04:33:34.951,1196691456.0,gpt2-inference-5d8458fb46-5jcv6
2026-08-18 04:33:34.951,1181470720.0,gpt2-inference-5d8458fb46-rzh6r
2026-08-18 04:33:34.951,1154736128.0,gpt2-inference-5d8458fb46-2wnn4
2026-08-18 04:33:34.951,1281720320.0,gpt2-inference-5d8458fb46-lg46j
2026-08-18 04:33:34.951,1271836672.0,gpt2-inference-5d8458fb46-h27vx
2026-08-18 04:33:39.951,1851912192.0,gpt2-inference-5d8458fb46-ztjcb
2026-08-18 04:33:39.951,1166835712.0,gpt2-inference-5d8458fb46-klkm9
2026-08-18 04:33:39.951,1281748992.0,gpt2-inference-5d8458fb46-lg46j
2026-08-18 04:33:39.951,1161797632.0,gpt2-inference-5d8458fb46-9m5td
2026-08-18 04:33:39.951,1196691456.0,gpt2-inference-5d8458fb46-5jcv6
2026-08-18 04:33:39.951,1181470720.0,gpt2-inference-5d8458fb46-rzh6r
2026-08-18 04:33:39.951,1154736128.0,gpt2-inference-5d8458fb46-2wnn4
2026-08-18 04:33:39.951,1150087168.0,gpt2-inference-5d8458fb46-dmj5h
2026-08-18 04:33:39.951,1271836672.0,gpt2-inference-5d8458fb46-h27vx
2026-08-18 04:33:44.951,1196691456.0,gpt2-inference-5d8458fb46-5jcv6
2026-08-18 04:33:44.951,1154736128.0,gpt2-inference-5d8458fb46-2wnn4
2026-08-18 04:33:44.951,1851908096.0,gpt2-inference-5d8458fb46-ztjcb
2026-08-18 04:33:44.951,1150111744.0,gpt2-inference-5d8458fb46-dmj5h
2026-08-18 04:33:44.951,1162047488.0,gpt2-inference-5d8458fb46-9m5td
2026-08-18 04:33:44.951,1181446144.0,gpt2-inference-5d8458fb46-rzh6r
2026-08-18 04:33:44.951,1281748992.0,gpt2-inference-5d8458fb46-lg46j
2026-08-18 04:33:44.951,1271836672.0,gpt2-inference-5d8458fb46-h27vx
2026-08-18 04:33:44.951,1166835712.0,gpt2-inference-5d8458fb46-klkm9
2026-08-18 04:33:49.951,1166823424.0,gpt2-inference-5d8458fb46-klkm9
2026-08-18 04:33:49.951,1196691456.0,gpt2-inference-5d8458fb46-5jcv6
2026-08-18 04:33:49.951,1150111744.0,gpt2-inference-5d8458fb46-dmj5h
2026-08-18 04:33:49.951,1162047488.0,gpt2-inference-5d8458fb46-9m5td
2026-08-18 04:33:49.951,1851908096.0,gpt2-inference-5d8458fb46-ztjcb
2026-08-18 04:33:49.951,1154756608.0,gpt2-inference-5d8458fb46-2wnn4
2026-08-18 04:33:49.951,1271812096.0,gpt2-inference-5d8458fb46-h27vx
2026-08-18 04:33:49.951,1181446144.0,gpt2-inference-5d8458fb46-rzh6r
2026-08-18 04:33:49.951,1281748992.0,gpt2-inference-5d8458fb46-lg46j
2026-08-18 04:33:54.951,1281748992.0,gpt2-inference-5d8458fb46-lg46j
2026-08-18 04:33:54.951,1196695552.0,gpt2-inference-5d8458fb46-5jcv6
2026-08-18 04:33:54.951,1154756608.0,gpt2-inference-5d8458fb46-2wnn4
2026-08-18 04:33:54.951,1162047488.0,gpt2-inference-5d8458fb46-9m5td
2026-08-18 04:33:54.951,1181442048.0,gpt2-inference-5d8458fb46-rzh6r
2026-08-18 04:33:54.951,1150111744.0,gpt2-inference-5d8458fb46-dmj5h
2026-08-18 04:33:54.951,1166823424.0,gpt2-inference-5d8458fb46-klkm9
2026-08-18 04:33:54.951,1271812096.0,gpt2-inference-5d8458fb46-h27vx
2026-08-18 04:33:54.951,1851908096.0,gpt2-inference-5d8458fb46-ztjcb
2026-08-18 04:33:59.951,1271554048.0,gpt2-inference-5d8458fb46-h27vx
2026-08-18 04:33:59.951,1166823424.0,gpt2-inference-5d8458fb46-klkm9
2026-08-18 04:33:59.951,1154756608.0,gpt2-inference-5d8458fb46-2wnn4
2026-08-18 04:33:59.951,1851904000.0,gpt2-inference-5d8458fb46-ztjcb
2026-08-18 04:33:59.951,1150083072.0,gpt2-inference-5d8458fb46-dmj5h
2026-08-18 04:33:59.951,1196695552.0,gpt2-inference-5d8458fb46-5jcv6
2026-08-18 04:33:59.951,1162047488.0,gpt2-inference-5d8458fb46-9m5td
2026-08-18 04:33:59.951,1281495040.0,gpt2-inference-5d8458fb46-lg46j
2026-08-18 04:33:59.951,1181442048.0,gpt2-inference-5d8458fb46-rzh6r
2026-08-18 04:34:04.951,1166823424.0,gpt2-inference-5d8458fb46-klkm9
2026-08-18 04:34:04.951,1161793536.0,gpt2-inference-5d8458fb46-9m5td
2026-08-18 04:34:04.951,1271554048.0,gpt2-inference-5d8458fb46-h27vx
2026-08-18 04:34:04.951,1154756608.0,gpt2-inference-5d8458fb46-2wnn4
2026-08-18 04:34:04.951,1851904000.0,gpt2-inference-5d8458fb46-ztjcb
2026-08-18 04:34:04.951,1281495040.0,gpt2-inference-5d8458fb46-lg46j
2026-08-18 04:34:04.951,1181442048.0,gpt2-inference-5d8458fb46-rzh6r
2026-08-18 04:34:04.951,1150083072.0,gpt2-inference-5d8458fb46-dmj5h
2026-08-18 04:34:04.951,1196695552.0,gpt2-inference-5d8458fb46-5jcv6
2026-08-18 04:34:09.951,1196695552.0,gpt2-inference-5d8458fb46-5jcv6
2026-08-18 04:34:09.951,1150083072.0,gpt2-inference-5d8458fb46-dmj5h
2026-08-18 04:34:09.951,1281495040.0,gpt2-inference-5d8458fb46-lg46j
2026-08-18 04:34:09.951,1166823424.0,gpt2-inference-5d8458fb46-klkm9
2026-08-18 04:34:09.951,1851904000.0,gpt2-inference-5d8458fb46-ztjcb
2026-08-18 04:34:09.951,1181442048.0,gpt2-inference-5d8458fb46-rzh6r
2026-08-18 04:34:09.951,1154760704.0,gpt2-inference-5d8458fb46-2wnn4
2026-08-18 04:34:09.951,1271554048.0,gpt2-inference-5d8458fb46-h27vx
2026-08-18 04:34:09.951,1161793536.0,gpt2-inference-5d8458fb46-9m5td
2026-08-18 04:34:14.951,1851904000.0,gpt2-inference-5d8458fb46-ztjcb
2026-08-18 04:34:14.951,1181442048.0,gpt2-inference-5d8458fb46-rzh6r
2026-08-18 04:34:14.951,1271554048.0,gpt2-inference-5d8458fb46-h27vx
2026-08-18 04:34:14.951,1281495040.0,gpt2-inference-5d8458fb46-lg46j
2026-08-18 04:34:14.951,1166823424.0,gpt2-inference-5d8458fb46-klkm9
2026-08-18 04:34:14.951,1196695552.0,gpt2-inference-5d8458fb46-5jcv6
2026-08-18 04:34:14.951,1162051584.0,gpt2-inference-5d8458fb46-9m5td
2026-08-18 04:34:14.951,1154760704.0,gpt2-inference-5d8458fb46-2wnn4
2026-08-18 04:34:14.951,1150570496.0,gpt2-inference-5d8458fb46-dmj5h
2026-08-18 04:34:19.951,1162051584.0,gpt2-inference-5d8458fb46-9m5td
2026-08-18 04:34:19.951,1852166144.0,gpt2-inference-5d8458fb46-ztjcb
2026-08-18 04:34:19.951,1181442048.0,gpt2-inference-5d8458fb46-rzh6r
2026-08-18 04:34:19.951,1166823424.0,gpt2-inference-5d8458fb46-klkm9
2026-08-18 04:34:19.951,1271554048.0,gpt2-inference-5d8458fb46-h27vx
2026-08-18 04:34:19.951,1154760704.0,gpt2-inference-5d8458fb46-2wnn4
2026-08-18 04:34:19.951,1150570496.0,gpt2-inference-5d8458fb46-dmj5h
2026-08-18 04:34:19.951,1196695552.0,gpt2-inference-5d8458fb46-5jcv6
2026-08-18 04:34:19.951,1281495040.0,gpt2-inference-5d8458fb46-lg46j
2026-08-18 04:34:24.951,1852166144.0,gpt2-inference-5d8458fb46-ztjcb
2026-08-18 04:34:24.951,1154740224.0,gpt2-inference-5d8458fb46-2wnn4
2026-08-18 04:34:24.951,1271554048.0,gpt2-inference-5d8458fb46-h27vx
2026-08-18 04:34:24.951,1162051584.0,gpt2-inference-5d8458fb46-9m5td
2026-08-18 04:34:24.951,1150087168.0,gpt2-inference-5d8458fb46-dmj5h
2026-08-18 04:34:24.951,1281495040.0,gpt2-inference-5d8458fb46-lg46j
2026-08-18 04:34:24.951,1196695552.0,gpt2-inference-5d8458fb46-5jcv6
2026-08-18 04:34:24.951,1167077376.0,gpt2-inference-5d8458fb46-klkm9
2026-08-18 04:34:24.951,1181442048.0,gpt2-inference-5d8458fb46-rzh6r
2026-08-18 04:34:29.951,1181442048.0,gpt2-inference-5d8458fb46-rzh6r
2026-08-18 04:34:29.951,1852411904.0,gpt2-inference-5d8458fb46-ztjcb
2026-08-18 04:34:29.951,1167077376.0,gpt2-inference-5d8458fb46-klkm9
2026-08-18 04:34:29.951,1271558144.0,gpt2-inference-5d8458fb46-h27vx
2026-08-18 04:34:29.951,1196695552.0,gpt2-inference-5d8458fb46-5jcv6
2026-08-18 04:34:29.951,1162051584.0,gpt2-inference-5d8458fb46-9m5td
2026-08-18 04:34:29.951,1150087168.0,gpt2-inference-5d8458fb46-dmj5h
2026-08-18 04:34:29.951,1154740224.0,gpt2-inference-5d8458fb46-2wnn4
2026-08-18 04:34:29.951,1281495040.0,gpt2-inference-5d8458fb46-lg46j
2026-08-18 04:34:34.951,1281495040.0,gpt2-inference-5d8458fb46-lg46j
2026-08-18 04:34:34.951,1162055680.0,gpt2-inference-5d8458fb46-9m5td
2026-08-18 04:34:34.951,1271558144.0,gpt2-inference-5d8458fb46-h27vx
2026-08-18 04:34:34.951,1154740224.0,gpt2-inference-5d8458fb46-2wnn4
2026-08-18 04:34:34.951,1150087168.0,gpt2-inference-5d8458fb46-dmj5h
2026-08-18 04:34:34.951,1166827520.0,gpt2-inference-5d8458fb46-klkm9
2026-08-18 04:34:34.951,1181442048.0,gpt2-inference-5d8458fb46-rzh6r
2026-08-18 04:34:34.951,1196695552.0,gpt2-inference-5d8458fb46-5jcv6
2026-08-18 04:34:34.951,1852411904.0,gpt2-inference-5d8458fb46-ztjcb
2026-08-18 04:34:39.951,1271558144.0,gpt2-inference-5d8458fb46-h27vx
2026-08-18 04:34:39.951,1162055680.0,gpt2-inference-5d8458fb46-9m5td
2026-08-18 04:34:39.951,1150087168.0,gpt2-inference-5d8458fb46-dmj5h
2026-08-18 04:34:39.951,1181442048.0,gpt2-inference-5d8458fb46-rzh6r
2026-08-18 04:34:39.951,1196695552.0,gpt2-inference-5d8458fb46-5jcv6
2026-08-18 04:34:39.951,1851936768.0,gpt2-inference-5d8458fb46-ztjcb
2026-08-18 04:34:39.951,1166827520.0,gpt2-inference-5d8458fb46-klkm9
2026-08-18 04:34:39.951,1281495040.0,gpt2-inference-5d8458fb46-lg46j
2026-08-18 04:34:39.951,1154740224.0,gpt2-inference-5d8458fb46-2wnn4
2026-08-18 04:34:44.951,1166827520.0,gpt2-inference-5d8458fb46-klkm9
2026-08-18 04:34:44.951,1161793536.0,gpt2-inference-5d8458fb46-9m5td
2026-08-18 04:34:44.951,1150087168.0,gpt2-inference-5d8458fb46-dmj5h
2026-08-18 04:34:44.951,1181442048.0,gpt2-inference-5d8458fb46-rzh6r
2026-08-18 04:34:44.951,1281495040.0,gpt2-inference-5d8458fb46-lg46j
2026-08-18 04:34:44.951,1196953600.0,gpt2-inference-5d8458fb46-5jcv6
2026-08-18 04:34:44.951,1154740224.0,gpt2-inference-5d8458fb46-2wnn4
2026-08-18 04:34:44.951,1271558144.0,gpt2-inference-5d8458fb46-h27vx
2026-08-18 04:34:44.951,1851936768.0,gpt2-inference-5d8458fb46-ztjcb
2026-08-18 04:34:49.951,1281495040.0,gpt2-inference-5d8458fb46-lg46j
2026-08-18 04:34:49.951,1196953600.0,gpt2-inference-5d8458fb46-5jcv6
2026-08-18 04:34:49.951,1161793536.0,gpt2-inference-5d8458fb46-9m5td
2026-08-18 04:34:49.951,1166827520.0,gpt2-inference-5d8458fb46-klkm9
2026-08-18 04:34:49.951,1271554048.0,gpt2-inference-5d8458fb46-h27vx
2026-08-18 04:34:49.951,1181442048.0,gpt2-inference-5d8458fb46-rzh6r
2026-08-18 04:34:49.951,1154740224.0,gpt2-inference-5d8458fb46-2wnn4
2026-08-18 04:34:49.951,1150087168.0,gpt2-inference-5d8458fb46-dmj5h
2026-08-18 04:34:49.951,1851936768.0,gpt2-inference-5d8458fb46-ztjcb
2026-08-18 04:34:54.951,1281495040.0,gpt2-inference-5d8458fb46-lg46j
2026-08-18 04:34:54.951,1154744320.0,gpt2-inference-5d8458fb46-2wnn4
2026-08-18 04:34:54.951,1851936768.0,gpt2-inference-5d8458fb46-ztjcb
2026-08-18 04:34:54.951,1150316544.0,gpt2-inference-5d8458fb46-dmj5h
2026-08-18 04:34:54.951,1181442048.0,gpt2-inference-5d8458fb46-rzh6r
2026-08-18 04:34:54.951,1271554048.0,gpt2-inference-5d8458fb46-h27vx
2026-08-18 04:34:54.951,1196695552.0,gpt2-inference-5d8458fb46-5jcv6
2026-08-18 04:34:54.951,1161793536.0,gpt2-inference-5d8458fb46-9m5td
2026-08-18 04:34:54.951,1166827520.0,gpt2-inference-5d8458fb46-klkm9
2026-08-18 04:34:59.951,1196695552.0,gpt2-inference-5d8458fb46-5jcv6
2026-08-18 04:34:59.951,1271554048.0,gpt2-inference-5d8458fb46-h27vx
2026-08-18 04:34:59.951,1281490944.0,gpt2-inference-5d8458fb46-lg46j
2026-08-18 04:34:59.951,1181966336.0,gpt2-inference-5d8458fb46-rzh6r
2026-08-18 04:34:59.951,1154744320.0,gpt2-inference-5d8458fb46-2wnn4
2026-08-18 04:34:59.951,1166827520.0,gpt2-inference-5d8458fb46-klkm9
2026-08-18 04:34:59.951,1851908096.0,gpt2-inference-5d8458fb46-ztjcb
2026-08-18 04:34:59.951,1150316544.0,gpt2-inference-5d8458fb46-dmj5h
2026-08-18 04:34:59.951,1161789440.0,gpt2-inference-5d8458fb46-9m5td
2026-08-18 04:35:04.951,1281490944.0,gpt2-inference-5d8458fb46-lg46j
2026-08-18 04:35:04.951,1154744320.0,gpt2-inference-5d8458fb46-2wnn4
2026-08-18 04:35:04.951,1851908096.0,gpt2-inference-5d8458fb46-ztjcb
2026-08-18 04:35:04.951,1166827520.0,gpt2-inference-5d8458fb46-klkm9
2026-08-18 04:35:04.951,1181966336.0,gpt2-inference-5d8458fb46-rzh6r
2026-08-18 04:35:04.951,1161789440.0,gpt2-inference-5d8458fb46-9m5td
2026-08-18 04:35:04.951,1150316544.0,gpt2-inference-5d8458fb46-dmj5h
2026-08-18 04:35:04.951,1196691456.0,gpt2-inference-5d8458fb46-5jcv6
2026-08-18 04:35:04.951,1271857152.0,gpt2-inference-5d8458fb46-h27vx
2026-08-18 04:35:09.951,1167048704.0,gpt2-inference-5d8458fb46-klkm9
2026-08-18 04:35:09.951,1150083072.0,gpt2-inference-5d8458fb46-dmj5h
2026-08-18 04:35:09.951,1161793536.0,gpt2-inference-5d8458fb46-9m5td
2026-08-18 04:35:09.951,1196691456.0,gpt2-inference-5d8458fb46-5jcv6
2026-08-18 04:35:09.951,1181966336.0,gpt2-inference-5d8458fb46-rzh6r
2026-08-18 04:35:09.951,1851908096.0,gpt2-inference-5d8458fb46-ztjcb
2026-08-18 04:35:09.951,1271857152.0,gpt2-inference-5d8458fb46-h27vx
2026-08-18 04:35:09.951,1281490944.0,gpt2-inference-5d8458fb46-lg46j
2026-08-18 04:35:09.951,1154957312.0,gpt2-inference-5d8458fb46-2wnn4
2026-08-18 04:35:14.951,1851912192.0,gpt2-inference-5d8458fb46-ztjcb
2026-08-18 04:35:14.951,1161793536.0,gpt2-inference-5d8458fb46-9m5td
2026-08-18 04:35:14.951,1281495040.0,gpt2-inference-5d8458fb46-lg46j
2026-08-18 04:35:14.951,1271857152.0,gpt2-inference-5d8458fb46-h27vx
2026-08-18 04:35:14.951,1150083072.0,gpt2-inference-5d8458fb46-dmj5h
2026-08-18 04:35:14.951,1181966336.0,gpt2-inference-5d8458fb46-rzh6r
2026-08-18 04:35:14.951,1154957312.0,gpt2-inference-5d8458fb46-2wnn4
2026-08-18 04:35:14.951,1196691456.0,gpt2-inference-5d8458fb46-5jcv6
2026-08-18 04:35:14.951,1167048704.0,gpt2-inference-5d8458fb46-klkm9
2026-08-18 04:35:19.951,1161793536.0,gpt2-inference-5d8458fb46-9m5td
2026-08-18 04:35:19.951,1167048704.0,gpt2-inference-5d8458fb46-klkm9
2026-08-18 04:35:19.951,1196736512.0,gpt2-inference-5d8458fb46-5jcv6
2026-08-18 04:35:19.951,1271554048.0,gpt2-inference-5d8458fb46-h27vx
2026-08-18 04:35:19.951,1851912192.0,gpt2-inference-5d8458fb46-ztjcb
2026-08-18 04:35:19.951,1281495040.0,gpt2-inference-5d8458fb46-lg46j
2026-08-18 04:35:19.951,1154957312.0,gpt2-inference-5d8458fb46-2wnn4
2026-08-18 04:35:19.951,1150083072.0,gpt2-inference-5d8458fb46-dmj5h
2026-08-18 04:35:19.951,1181442048.0,gpt2-inference-5d8458fb46-rzh6r
2026-08-18 04:35:24.951,1161793536.0,gpt2-inference-5d8458fb46-9m5td
2026-08-18 04:35:24.951,1150574592.0,gpt2-inference-5d8458fb46-dmj5h
2026-08-18 04:35:24.951,1271554048.0,gpt2-inference-5d8458fb46-h27vx
2026-08-18 04:35:24.951,1181442048.0,gpt2-inference-5d8458fb46-rzh6r
2026-08-18 04:35:24.951,1851912192.0,gpt2-inference-5d8458fb46-ztjcb
2026-08-18 04:35:24.951,1196736512.0,gpt2-inference-5d8458fb46-5jcv6
2026-08-18 04:35:24.951,1167052800.0,gpt2-inference-5d8458fb46-klkm9
2026-08-18 04:35:24.951,1281495040.0,gpt2-inference-5d8458fb46-lg46j
2026-08-18 04:35:24.951,1154736128.0,gpt2-inference-5d8458fb46-2wnn4
2026-08-18 04:35:29.951,1154736128.0,gpt2-inference-5d8458fb46-2wnn4
2026-08-18 04:35:29.951,1150574592.0,gpt2-inference-5d8458fb46-dmj5h
2026-08-18 04:35:29.951,1181442048.0,gpt2-inference-5d8458fb46-rzh6r
2026-08-18 04:35:29.951,1167052800.0,gpt2-inference-5d8458fb46-klkm9
2026-08-18 04:35:29.951,1161797632.0,gpt2-inference-5d8458fb46-9m5td
2026-08-18 04:35:29.951,1281511424.0,gpt2-inference-5d8458fb46-lg46j
2026-08-18 04:35:29.951,1851936768.0,gpt2-inference-5d8458fb46-ztjcb
2026-08-18 04:35:29.951,1271549952.0,gpt2-inference-5d8458fb46-h27vx
2026-08-18 04:35:29.951,1196691456.0,gpt2-inference-5d8458fb46-5jcv6
2026-08-18 04:35:34.951,1150574592.0,gpt2-inference-5d8458fb46-dmj5h
2026-08-18 04:35:34.951,1196691456.0,gpt2-inference-5d8458fb46-5jcv6
2026-08-18 04:35:34.951,1271549952.0,gpt2-inference-5d8458fb46-h27vx
2026-08-18 04:35:34.951,1161797632.0,gpt2-inference-5d8458fb46-9m5td
2026-08-18 04:35:34.951,1851936768.0,gpt2-inference-5d8458fb46-ztjcb
2026-08-18 04:35:34.951,1181700096.0,gpt2-inference-5d8458fb46-rzh6r
2026-08-18 04:35:34.951,1154736128.0,gpt2-inference-5d8458fb46-2wnn4
2026-08-18 04:35:34.951,1281511424.0,gpt2-inference-5d8458fb46-lg46j
2026-08-18 04:35:34.951,1167052800.0,gpt2-inference-5d8458fb46-klkm9
2026-08-18 04:35:39.951,1161797632.0,gpt2-inference-5d8458fb46-9m5td
2026-08-18 04:35:39.951,1196691456.0,gpt2-inference-5d8458fb46-5jcv6
2026-08-18 04:35:39.951,1181700096.0,gpt2-inference-5d8458fb46-rzh6r
2026-08-18 04:35:39.951,1166827520.0,gpt2-inference-5d8458fb46-klkm9
2026-08-18 04:35:39.951,1271549952.0,gpt2-inference-5d8458fb46-h27vx
2026-08-18 04:35:39.951,1851936768.0,gpt2-inference-5d8458fb46-ztjcb
2026-08-18 04:35:39.951,1150574592.0,gpt2-inference-5d8458fb46-dmj5h
2026-08-18 04:35:39.951,1281511424.0,gpt2-inference-5d8458fb46-lg46j
2026-08-18 04:35:39.951,1154736128.0,gpt2-inference-5d8458fb46-2wnn4
2026-08-18 04:35:44.951,1166827520.0,gpt2-inference-5d8458fb46-klkm9
2026-08-18 04:35:44.951,1271549952.0,gpt2-inference-5d8458fb46-h27vx
2026-08-18 04:35:44.951,1196920832.0,gpt2-inference-5d8458fb46-5jcv6
2026-08-18 04:35:44.951,1161789440.0,gpt2-inference-5d8458fb46-9m5td
2026-08-18 04:35:44.951,1851936768.0,gpt2-inference-5d8458fb46-ztjcb
2026-08-18 04:35:44.951,1150083072.0,gpt2-inference-5d8458fb46-dmj5h
2026-08-18 04:35:44.951,1281490944.0,gpt2-inference-5d8458fb46-lg46j
2026-08-18 04:35:44.951,1154740224.0,gpt2-inference-5d8458fb46-2wnn4
2026-08-18 04:35:44.951,1181700096.0,gpt2-inference-5d8458fb46-rzh6r
2026-08-18 04:35:49.951,1196920832.0,gpt2-inference-5d8458fb46-5jcv6
2026-08-18 04:35:49.951,1281490944.0,gpt2-inference-5d8458fb46-lg46j
2026-08-18 04:35:49.951,1851912192.0,gpt2-inference-5d8458fb46-ztjcb
2026-08-18 04:35:49.951,1154740224.0,gpt2-inference-5d8458fb46-2wnn4
2026-08-18 04:35:49.951,1150083072.0,gpt2-inference-5d8458fb46-dmj5h
2026-08-18 04:35:49.951,1161789440.0,gpt2-inference-5d8458fb46-9m5td
2026-08-18 04:35:49.951,1271558144.0,gpt2-inference-5d8458fb46-h27vx
2026-08-18 04:35:49.951,1166819328.0,gpt2-inference-5d8458fb46-klkm9
2026-08-18 04:35:49.951,1181437952.0,gpt2-inference-5d8458fb46-rzh6r
2026-08-18 04:35:54.951,1155227648.0,gpt2-inference-5d8458fb46-2wnn4
2026-08-18 04:35:54.951,1851912192.0,gpt2-inference-5d8458fb46-ztjcb
2026-08-18 04:35:54.951,1271558144.0,gpt2-inference-5d8458fb46-h27vx
2026-08-18 04:35:54.951,1281490944.0,gpt2-inference-5d8458fb46-lg46j
2026-08-18 04:35:54.951,1150083072.0,gpt2-inference-5d8458fb46-dmj5h
2026-08-18 04:35:54.951,1196691456.0,gpt2-inference-5d8458fb46-5jcv6
2026-08-18 04:35:54.951,1166819328.0,gpt2-inference-5d8458fb46-klkm9
2026-08-18 04:35:54.951,1161789440.0,gpt2-inference-5d8458fb46-9m5td
2026-08-18 04:35:54.951,1181437952.0,gpt2-inference-5d8458fb46-rzh6r
2026-08-18 04:35:59.951,1161789440.0,gpt2-inference-5d8458fb46-9m5td
2026-08-18 04:35:59.951,1150074880.0,gpt2-inference-5d8458fb46-dmj5h
2026-08-18 04:35:59.951,1271549952.0,gpt2-inference-5d8458fb46-h27vx
2026-08-18 04:35:59.951,1166823424.0,gpt2-inference-5d8458fb46-klkm9
2026-08-18 04:35:59.951,1281495040.0,gpt2-inference-5d8458fb46-lg46j
2026-08-18 04:35:59.951,1181437952.0,gpt2-inference-5d8458fb46-rzh6r
2026-08-18 04:35:59.951,1196691456.0,gpt2-inference-5d8458fb46-5jcv6
2026-08-18 04:35:59.951,1851912192.0,gpt2-inference-5d8458fb46-ztjcb
2026-08-18 04:35:59.951,1155227648.0,gpt2-inference-5d8458fb46-2wnn4
2026-08-18 04:36:04.951,1155227648.0,gpt2-inference-5d8458fb46-2wnn4
2026-08-18 04:36:04.951,1281495040.0,gpt2-inference-5d8458fb46-lg46j
2026-08-18 04:36:04.951,1181442048.0,gpt2-inference-5d8458fb46-rzh6r
2026-08-18 04:36:04.951,1196691456.0,gpt2-inference-5d8458fb46-5jcv6
2026-08-18 04:36:04.951,1161797632.0,gpt2-inference-5d8458fb46-9m5td
2026-08-18 04:36:04.951,1150074880.0,gpt2-inference-5d8458fb46-dmj5h
2026-08-18 04:36:04.951,1166823424.0,gpt2-inference-5d8458fb46-klkm9
2026-08-18 04:36:04.951,1851908096.0,gpt2-inference-5d8458fb46-ztjcb
2026-08-18 04:36:04.951,1271549952.0,gpt2-inference-5d8458fb46-h27vx
2026-08-18 04:36:09.951,1281495040.0,gpt2-inference-5d8458fb46-lg46j
2026-08-18 04:36:09.951,1150074880.0,gpt2-inference-5d8458fb46-dmj5h
2026-08-18 04:36:09.951,1161797632.0,gpt2-inference-5d8458fb46-9m5td
2026-08-18 04:36:09.951,1197146112.0,gpt2-inference-5d8458fb46-5jcv6
2026-08-18 04:36:09.951,1166823424.0,gpt2-inference-5d8458fb46-klkm9
2026-08-18 04:36:09.951,1851908096.0,gpt2-inference-5d8458fb46-ztjcb
2026-08-18 04:36:09.951,1181442048.0,gpt2-inference-5d8458fb46-rzh6r
2026-08-18 04:36:09.951,1155227648.0,gpt2-inference-5d8458fb46-2wnn4
2026-08-18 04:36:09.951,1271549952.0,gpt2-inference-5d8458fb46-h27vx
2026-08-18 04:36:14.951,1851908096.0,gpt2-inference-5d8458fb46-ztjcb
2026-08-18 04:36:14.951,1154740224.0,gpt2-inference-5d8458fb46-2wnn4
2026-08-18 04:36:14.951,1181442048.0,gpt2-inference-5d8458fb46-rzh6r
2026-08-18 04:36:14.951,1150320640.0,gpt2-inference-5d8458fb46-dmj5h
2026-08-18 04:36:14.951,1161797632.0,gpt2-inference-5d8458fb46-9m5td
2026-08-18 04:36:14.951,1271549952.0,gpt2-inference-5d8458fb46-h27vx
2026-08-18 04:36:14.951,1281495040.0,gpt2-inference-5d8458fb46-lg46j
2026-08-18 04:36:14.951,1197146112.0,gpt2-inference-5d8458fb46-5jcv6
2026-08-18 04:36:14.951,1167355904.0,gpt2-inference-5d8458fb46-klkm9
2026-08-18 04:36:19.951,1150320640.0,gpt2-inference-5d8458fb46-dmj5h
2026-08-18 04:36:19.951,1154740224.0,gpt2-inference-5d8458fb46-2wnn4
2026-08-18 04:36:19.951,1167355904.0,gpt2-inference-5d8458fb46-klkm9
2026-08-18 04:36:19.951,1281490944.0,gpt2-inference-5d8458fb46-lg46j
2026-08-18 04:36:19.951,1181442048.0,gpt2-inference-5d8458fb46-rzh6r
2026-08-18 04:36:19.951,1161797632.0,gpt2-inference-5d8458fb46-9m5td
2026-08-18 04:36:19.951,1271549952.0,gpt2-inference-5d8458fb46-h27vx
2026-08-18 04:36:19.951,1851908096.0,gpt2-inference-5d8458fb46-ztjcb
2026-08-18 04:36:19.951,1197146112.0,gpt2-inference-5d8458fb46-5jcv6
2026-08-18 04:36:24.951,1167355904.0,gpt2-inference-5d8458fb46-klkm9
2026-08-18 04:36:24.951,1150300160.0,gpt2-inference-5d8458fb46-dmj5h
2026-08-18 04:36:24.951,1851908096.0,gpt2-inference-5d8458fb46-ztjcb
2026-08-18 04:36:24.951,1196691456.0,gpt2-inference-5d8458fb46-5jcv6
2026-08-18 04:36:24.951,1281490944.0,gpt2-inference-5d8458fb46-lg46j
2026-08-18 04:36:24.951,1154965504.0,gpt2-inference-5d8458fb46-2wnn4
2026-08-18 04:36:24.951,1271574528.0,gpt2-inference-5d8458fb46-h27vx
2026-08-18 04:36:24.951,1161814016.0,gpt2-inference-5d8458fb46-9m5td
2026-08-18 04:36:24.951,1181442048.0,gpt2-inference-5d8458fb46-rzh6r
2026-08-18 04:36:29.951,1271574528.0,gpt2-inference-5d8458fb46-h27vx
2026-08-18 04:36:29.951,1851904000.0,gpt2-inference-5d8458fb46-ztjcb
2026-08-18 04:36:29.951,1161814016.0,gpt2-inference-5d8458fb46-9m5td
2026-08-18 04:36:29.951,1281490944.0,gpt2-inference-5d8458fb46-lg46j
2026-08-18 04:36:29.951,1196691456.0,gpt2-inference-5d8458fb46-5jcv6
2026-08-18 04:36:29.951,1150300160.0,gpt2-inference-5d8458fb46-dmj5h
2026-08-18 04:36:29.951,1154965504.0,gpt2-inference-5d8458fb46-2wnn4
2026-08-18 04:36:29.951,1181442048.0,gpt2-inference-5d8458fb46-rzh6r
2026-08-18 04:36:29.951,1167085568.0,gpt2-inference-5d8458fb46-klkm9
2026-08-18 04:36:34.951,1167085568.0,gpt2-inference-5d8458fb46-klkm9
2026-08-18 04:36:34.951,1161814016.0,gpt2-inference-5d8458fb46-9m5td
2026-08-18 04:36:34.951,1150300160.0,gpt2-inference-5d8458fb46-dmj5h
2026-08-18 04:36:34.951,1181437952.0,gpt2-inference-5d8458fb46-rzh6r
2026-08-18 04:36:34.951,1281490944.0,gpt2-inference-5d8458fb46-lg46j
2026-08-18 04:36:34.951,1271574528.0,gpt2-inference-5d8458fb46-h27vx
2026-08-18 04:36:34.951,1196691456.0,gpt2-inference-5d8458fb46-5jcv6
2026-08-18 04:36:34.951,1851904000.0,gpt2-inference-5d8458fb46-ztjcb
2026-08-18 04:36:34.951,1154965504.0,gpt2-inference-5d8458fb46-2wnn4
2026-08-18 04:36:39.951,1281490944.0,gpt2-inference-5d8458fb46-lg46j
2026-08-18 04:36:39.951,1150078976.0,gpt2-inference-5d8458fb46-dmj5h
2026-08-18 04:36:39.951,1181437952.0,gpt2-inference-5d8458fb46-rzh6r
2026-08-18 04:36:39.951,1154793472.0,gpt2-inference-5d8458fb46-2wnn4
2026-08-18 04:36:39.951,1167085568.0,gpt2-inference-5d8458fb46-klkm9
2026-08-18 04:36:39.951,1196699648.0,gpt2-inference-5d8458fb46-5jcv6
2026-08-18 04:36:39.951,1271574528.0,gpt2-inference-5d8458fb46-h27vx
2026-08-18 04:36:39.951,1851904000.0,gpt2-inference-5d8458fb46-ztjcb
2026-08-18 04:36:39.951,1161814016.0,gpt2-inference-5d8458fb46-9m5td
2026-08-18 04:36:44.951,1154793472.0,gpt2-inference-5d8458fb46-2wnn4
2026-08-18 04:36:44.951,1281519616.0,gpt2-inference-5d8458fb46-lg46j
2026-08-18 04:36:44.951,1271783424.0,gpt2-inference-5d8458fb46-h27vx
2026-08-18 04:36:44.951,1851908096.0,gpt2-inference-5d8458fb46-ztjcb
2026-08-18 04:36:44.951,1150078976.0,gpt2-inference-5d8458fb46-dmj5h
2026-08-18 04:36:44.951,1161789440.0,gpt2-inference-5d8458fb46-9m5td
2026-08-18 04:36:44.951,1181437952.0,gpt2-inference-5d8458fb46-rzh6r
2026-08-18 04:36:44.951,1167085568.0,gpt2-inference-5d8458fb46-klkm9
2026-08-18 04:36:44.951,1196699648.0,gpt2-inference-5d8458fb46-5jcv6
2026-08-18 04:36:49.951,1154793472.0,gpt2-inference-5d8458fb46-2wnn4
2026-08-18 04:36:49.951,1196699648.0,gpt2-inference-5d8458fb46-5jcv6
2026-08-18 04:36:49.951,1181446144.0,gpt2-inference-5d8458fb46-rzh6r
2026-08-18 04:36:49.951,1281519616.0,gpt2-inference-5d8458fb46-lg46j
2026-08-18 04:36:49.951,1161789440.0,gpt2-inference-5d8458fb46-9m5td
2026-08-18 04:36:49.951,1271783424.0,gpt2-inference-5d8458fb46-h27vx
2026-08-18 04:36:49.951,1167085568.0,gpt2-inference-5d8458fb46-klkm9
2026-08-18 04:36:49.951,1851908096.0,gpt2-inference-5d8458fb46-ztjcb
2026-08-18 04:36:49.951,1150078976.0,gpt2-inference-5d8458fb46-dmj5h
2026-08-18 04:36:54.951,1196945408.0,gpt2-inference-5d8458fb46-5jcv6
2026-08-18 04:36:54.951,1161789440.0,gpt2-inference-5d8458fb46-9m5td
2026-08-18 04:36:54.951,1181446144.0,gpt2-inference-5d8458fb46-rzh6r
2026-08-18 04:36:54.951,1281519616.0,gpt2-inference-5d8458fb46-lg46j
2026-08-18 04:36:54.951,1154740224.0,gpt2-inference-5d8458fb46-2wnn4
2026-08-18 04:36:54.951,1167085568.0,gpt2-inference-5d8458fb46-klkm9
2026-08-18 04:36:54.951,1271549952.0,gpt2-inference-5d8458fb46-h27vx
2026-08-18 04:36:54.951,1851908096.0,gpt2-inference-5d8458fb46-ztjcb
2026-08-18 04:36:54.951,1150070784.0,gpt2-inference-5d8458fb46-dmj5h
2026-08-18 04:36:59.951,1181446144.0,gpt2-inference-5d8458fb46-rzh6r
2026-08-18 04:36:59.951,1271549952.0,gpt2-inference-5d8458fb46-h27vx
2026-08-18 04:36:59.951,1166856192.0,gpt2-inference-5d8458fb46-klkm9
2026-08-18 04:36:59.951,1281499136.0,gpt2-inference-5d8458fb46-lg46j
2026-08-18 04:36:59.951,1154740224.0,gpt2-inference-5d8458fb46-2wnn4
2026-08-18 04:36:59.951,1196945408.0,gpt2-inference-5d8458fb46-5jcv6
2026-08-18 04:36:59.951,1161797632.0,gpt2-inference-5d8458fb46-9m5td
2026-08-18 04:36:59.951,1852162048.0,gpt2-inference-5d8458fb46-ztjcb
2026-08-18 04:36:59.951,1150070784.0,gpt2-inference-5d8458fb46-dmj5h
2026-08-18 04:37:04.951,1271549952.0,gpt2-inference-5d8458fb46-h27vx
2026-08-18 04:37:04.951,1150070784.0,gpt2-inference-5d8458fb46-dmj5h
2026-08-18 04:37:04.951,1154740224.0,gpt2-inference-5d8458fb46-2wnn4
2026-08-18 04:37:04.951,1181696000.0,gpt2-inference-5d8458fb46-rzh6r
2026-08-18 04:37:04.951,1281499136.0,gpt2-inference-5d8458fb46-lg46j
2026-08-18 04:37:04.951,1196945408.0,gpt2-inference-5d8458fb46-5jcv6
2026-08-18 04:37:04.951,1166856192.0,gpt2-inference-5d8458fb46-klkm9
2026-08-18 04:37:04.951,1852162048.0,gpt2-inference-5d8458fb46-ztjcb
2026-08-18 04:37:04.951,1161797632.0,gpt2-inference-5d8458fb46-9m5td
2026-08-18 04:37:09.951,1196945408.0,gpt2-inference-5d8458fb46-5jcv6
2026-08-18 04:37:09.951,1150074880.0,gpt2-inference-5d8458fb46-dmj5h
2026-08-18 04:37:09.951,1271549952.0,gpt2-inference-5d8458fb46-h27vx
2026-08-18 04:37:09.951,1852162048.0,gpt2-inference-5d8458fb46-ztjcb
2026-08-18 04:37:09.951,1181696000.0,gpt2-inference-5d8458fb46-rzh6r
2026-08-18 04:37:09.951,1281499136.0,gpt2-inference-5d8458fb46-lg46j
2026-08-18 04:37:09.951,1154740224.0,gpt2-inference-5d8458fb46-2wnn4
2026-08-18 04:37:09.951,1166856192.0,gpt2-inference-5d8458fb46-klkm9
2026-08-18 04:37:09.951,1162043392.0,gpt2-inference-5d8458fb46-9m5td
2026-08-18 04:37:14.951,1162043392.0,gpt2-inference-5d8458fb46-9m5td
2026-08-18 04:37:14.951,1281495040.0,gpt2-inference-5d8458fb46-lg46j
2026-08-18 04:37:14.951,1155022848.0,gpt2-inference-5d8458fb46-2wnn4
2026-08-18 04:37:14.951,1271549952.0,gpt2-inference-5d8458fb46-h27vx
2026-08-18 04:37:14.951,1852166144.0,gpt2-inference-5d8458fb46-ztjcb
2026-08-18 04:37:14.951,1150074880.0,gpt2-inference-5d8458fb46-dmj5h
2026-08-18 04:37:14.951,1181696000.0,gpt2-inference-5d8458fb46-rzh6r
2026-08-18 04:37:14.951,1166856192.0,gpt2-inference-5d8458fb46-klkm9
2026-08-18 04:37:14.951,1197203456.0,gpt2-inference-5d8458fb46-5jcv6
2026-08-18 04:37:19.951,1181683712.0,gpt2-inference-5d8458fb46-rzh6r
2026-08-18 04:37:19.951,1271549952.0,gpt2-inference-5d8458fb46-h27vx
2026-08-18 04:37:19.951,1150074880.0,gpt2-inference-5d8458fb46-dmj5h
2026-08-18 04:37:19.951,1162301440.0,gpt2-inference-5d8458fb46-9m5td
2026-08-18 04:37:19.951,1166848000.0,gpt2-inference-5d8458fb46-klkm9
2026-08-18 04:37:19.951,1197203456.0,gpt2-inference-5d8458fb46-5jcv6
2026-08-18 04:37:19.951,1155022848.0,gpt2-inference-5d8458fb46-2wnn4
2026-08-18 04:37:19.951,1852166144.0,gpt2-inference-5d8458fb46-ztjcb
2026-08-18 04:37:19.951,1281495040.0,gpt2-inference-5d8458fb46-lg46j
2026-08-18 04:37:24.951,1181683712.0,gpt2-inference-5d8458fb46-rzh6r
2026-08-18 04:37:24.951,1155022848.0,gpt2-inference-5d8458fb46-2wnn4
2026-08-18 04:37:24.951,1150074880.0,gpt2-inference-5d8458fb46-dmj5h
2026-08-18 04:37:24.951,1162301440.0,gpt2-inference-5d8458fb46-9m5td
2026-08-18 04:37:24.951,1271549952.0,gpt2-inference-5d8458fb46-h27vx
2026-08-18 04:37:24.951,1166848000.0,gpt2-inference-5d8458fb46-klkm9
2026-08-18 04:37:24.951,1281495040.0,gpt2-inference-5d8458fb46-lg46j
2026-08-18 04:37:24.951,1852166144.0,gpt2-inference-5d8458fb46-ztjcb
2026-08-18 04:37:24.951,1196683264.0,gpt2-inference-5d8458fb46-5jcv6
2026-08-18 04:37:29.951,1154744320.0,gpt2-inference-5d8458fb46-2wnn4
2026-08-18 04:37:29.951,1162301440.0,gpt2-inference-5d8458fb46-9m5td
2026-08-18 04:37:29.951,1851908096.0,gpt2-inference-5d8458fb46-ztjcb
2026-08-18 04:37:29.951,1166827520.0,gpt2-inference-5d8458fb46-klkm9
2026-08-18 04:37:29.951,1281499136.0,gpt2-inference-5d8458fb46-lg46j
2026-08-18 04:37:29.951,1181683712.0,gpt2-inference-5d8458fb46-rzh6r
2026-08-18 04:37:29.951,1150074880.0,gpt2-inference-5d8458fb46-dmj5h
2026-08-18 04:37:29.951,1271549952.0,gpt2-inference-5d8458fb46-h27vx
2026-08-18 04:37:29.951,1196683264.0,gpt2-inference-5d8458fb46-5jcv6
2026-08-18 04:37:34.951,1181466624.0,gpt2-inference-5d8458fb46-rzh6r
2026-08-18 04:37:34.951,1196687360.0,gpt2-inference-5d8458fb46-5jcv6
2026-08-18 04:37:34.951,1150074880.0,gpt2-inference-5d8458fb46-dmj5h
2026-08-18 04:37:34.951,1271549952.0,gpt2-inference-5d8458fb46-h27vx
2026-08-18 04:37:34.951,1166827520.0,gpt2-inference-5d8458fb46-klkm9
2026-08-18 04:37:34.951,1281499136.0,gpt2-inference-5d8458fb46-lg46j
2026-08-18 04:37:34.951,1161789440.0,gpt2-inference-5d8458fb46-9m5td
2026-08-18 04:37:34.951,1154744320.0,gpt2-inference-5d8458fb46-2wnn4
2026-08-18 04:37:34.951,1851908096.0,gpt2-inference-5d8458fb46-ztjcb
2026-08-18 04:37:39.951,1154740224.0,gpt2-inference-5d8458fb46-2wnn4
2026-08-18 04:37:39.951,1161789440.0,gpt2-inference-5d8458fb46-9m5td
2026-08-18 04:37:39.951,1281499136.0,gpt2-inference-5d8458fb46-lg46j
2026-08-18 04:37:39.951,1851908096.0,gpt2-inference-5d8458fb46-ztjcb
2026-08-18 04:37:39.951,1166827520.0,gpt2-inference-5d8458fb46-klkm9
2026-08-18 04:37:39.951,1196687360.0,gpt2-inference-5d8458fb46-5jcv6
2026-08-18 04:37:39.951,1150074880.0,gpt2-inference-5d8458fb46-dmj5h
2026-08-18 04:37:39.951,1271554048.0,gpt2-inference-5d8458fb46-h27vx
2026-08-18 04:37:39.951,1181466624.0,gpt2-inference-5d8458fb46-rzh6r
2026-08-18 04:37:44.951,1851908096.0,gpt2-inference-5d8458fb46-ztjcb
2026-08-18 04:37:44.951,1154740224.0,gpt2-inference-5d8458fb46-2wnn4
2026-08-18 04:37:44.951,1196687360.0,gpt2-inference-5d8458fb46-5jcv6
2026-08-18 04:37:44.951,1181466624.0,gpt2-inference-5d8458fb46-rzh6r
2026-08-18 04:37:44.951,1161789440.0,gpt2-inference-5d8458fb46-9m5td
2026-08-18 04:37:44.951,1150300160.0,gpt2-inference-5d8458fb46-dmj5h
2026-08-18 04:37:44.951,1166827520.0,gpt2-inference-5d8458fb46-klkm9
2026-08-18 04:37:44.951,1271554048.0,gpt2-inference-5d8458fb46-h27vx
2026-08-18 04:37:44.951,1281519616.0,gpt2-inference-5d8458fb46-lg46j
2026-08-18 04:37:49.951,1181466624.0,gpt2-inference-5d8458fb46-rzh6r
2026-08-18 04:37:49.951,1851912192.0,gpt2-inference-5d8458fb46-ztjcb
2026-08-18 04:37:49.951,1166868480.0,gpt2-inference-5d8458fb46-klkm9
2026-08-18 04:37:49.951,1196687360.0,gpt2-inference-5d8458fb46-5jcv6
2026-08-18 04:37:49.951,1281519616.0,gpt2-inference-5d8458fb46-lg46j
2026-08-18 04:37:49.951,1154740224.0,gpt2-inference-5d8458fb46-2wnn4
2026-08-18 04:37:49.951,1271554048.0,gpt2-inference-5d8458fb46-h27vx
2026-08-18 04:37:49.951,1161789440.0,gpt2-inference-5d8458fb46-9m5td
2026-08-18 04:37:49.951,1150300160.0,gpt2-inference-5d8458fb46-dmj5h
2026-08-18 04:37:54.951,1271554048.0,gpt2-inference-5d8458fb46-h27vx
2026-08-18 04:37:54.951,1851912192.0,gpt2-inference-5d8458fb46-ztjcb
2026-08-18 04:37:54.951,1150300160.0,gpt2-inference-5d8458fb46-dmj5h
2026-08-18 04:37:54.951,1166868480.0,gpt2-inference-5d8458fb46-klkm9
2026-08-18 04:37:54.951,1154736128.0,gpt2-inference-5d8458fb46-2wnn4
2026-08-18 04:37:54.951,1196695552.0,gpt2-inference-5d8458fb46-5jcv6
2026-08-18 04:37:54.951,1161793536.0,gpt2-inference-5d8458fb46-9m5td
2026-08-18 04:37:54.951,1181700096.0,gpt2-inference-5d8458fb46-rzh6r
2026-08-18 04:37:54.951,1281519616.0,gpt2-inference-5d8458fb46-lg46j
2026-08-18 04:37:59.951,1154736128.0,gpt2-inference-5d8458fb46-2wnn4
2026-08-18 04:37:59.951,1161793536.0,gpt2-inference-5d8458fb46-9m5td
2026-08-18 04:37:59.951,1150074880.0,gpt2-inference-5d8458fb46-dmj5h
2026-08-18 04:37:59.951,1281519616.0,gpt2-inference-5d8458fb46-lg46j
2026-08-18 04:37:59.951,1166868480.0,gpt2-inference-5d8458fb46-klkm9
2026-08-18 04:37:59.951,1196695552.0,gpt2-inference-5d8458fb46-5jcv6
2026-08-18 04:37:59.951,1271549952.0,gpt2-inference-5d8458fb46-h27vx
2026-08-18 04:37:59.951,1851912192.0,gpt2-inference-5d8458fb46-ztjcb
2026-08-18 04:37:59.951,1181700096.0,gpt2-inference-5d8458fb46-rzh6r
2026-08-18 04:38:04.951,1166868480.0,gpt2-inference-5d8458fb46-klkm9
2026-08-18 04:38:04.951,1154736128.0,gpt2-inference-5d8458fb46-2wnn4
2026-08-18 04:38:04.951,1150074880.0,gpt2-inference-5d8458fb46-dmj5h
2026-08-18 04:38:04.951,1281490944.0,gpt2-inference-5d8458fb46-lg46j
2026-08-18 04:38:04.951,1181700096.0,gpt2-inference-5d8458fb46-rzh6r
2026-08-18 04:38:04.951,1196695552.0,gpt2-inference-5d8458fb46-5jcv6
2026-08-18 04:38:04.951,1851904000.0,gpt2-inference-5d8458fb46-ztjcb
2026-08-18 04:38:04.951,1271549952.0,gpt2-inference-5d8458fb46-h27vx
2026-08-18 04:38:04.951,1161793536.0,gpt2-inference-5d8458fb46-9m5td
2026-08-18 04:38:09.951,1166819328.0,gpt2-inference-5d8458fb46-klkm9
2026-08-18 04:38:09.951,1196691456.0,gpt2-inference-5d8458fb46-5jcv6
2026-08-18 04:38:09.951,1154736128.0,gpt2-inference-5d8458fb46-2wnn4
2026-08-18 04:38:09.951,1181954048.0,gpt2-inference-5d8458fb46-rzh6r
2026-08-18 04:38:09.951,1161793536.0,gpt2-inference-5d8458fb46-9m5td
2026-08-18 04:38:09.951,1281490944.0,gpt2-inference-5d8458fb46-lg46j
2026-08-18 04:38:09.951,1851904000.0,gpt2-inference-5d8458fb46-ztjcb
2026-08-18 04:38:09.951,1150074880.0,gpt2-inference-5d8458fb46-dmj5h
2026-08-18 04:38:09.951,1271582720.0,gpt2-inference-5d8458fb46-h27vx
2026-08-18 04:38:14.951,1154736128.0,gpt2-inference-5d8458fb46-2wnn4
2026-08-18 04:38:14.951,1181954048.0,gpt2-inference-5d8458fb46-rzh6r
2026-08-18 04:38:14.951,1166819328.0,gpt2-inference-5d8458fb46-klkm9
2026-08-18 04:38:14.951,1150074880.0,gpt2-inference-5d8458fb46-dmj5h
2026-08-18 04:38:14.951,1281490944.0,gpt2-inference-5d8458fb46-lg46j
2026-08-18 04:38:14.951,1161793536.0,gpt2-inference-5d8458fb46-9m5td
2026-08-18 04:38:14.951,1851904000.0,gpt2-inference-5d8458fb46-ztjcb
2026-08-18 04:38:14.951,1271582720.0,gpt2-inference-5d8458fb46-h27vx
2026-08-18 04:38:14.951,1196691456.0,gpt2-inference-5d8458fb46-5jcv6
2026-08-18 04:38:19.951,1851904000.0,gpt2-inference-5d8458fb46-ztjcb
2026-08-18 04:38:19.951,1166819328.0,gpt2-inference-5d8458fb46-klkm9
2026-08-18 04:38:19.951,1181954048.0,gpt2-inference-5d8458fb46-rzh6r
2026-08-18 04:38:19.951,1281490944.0,gpt2-inference-5d8458fb46-lg46j
2026-08-18 04:38:19.951,1154736128.0,gpt2-inference-5d8458fb46-2wnn4
2026-08-18 04:38:19.951,1161793536.0,gpt2-inference-5d8458fb46-9m5td
2026-08-18 04:38:19.951,1150095360.0,gpt2-inference-5d8458fb46-dmj5h
2026-08-18 04:38:19.951,1271582720.0,gpt2-inference-5d8458fb46-h27vx
2026-08-18 04:38:19.951,1196691456.0,gpt2-inference-5d8458fb46-5jcv6
2026-08-18 04:38:24.951,1196687360.0,gpt2-inference-5d8458fb46-5jcv6
2026-08-18 04:38:24.951,1166823424.0,gpt2-inference-5d8458fb46-klkm9
2026-08-18 04:38:24.951,1281490944.0,gpt2-inference-5d8458fb46-lg46j
2026-08-18 04:38:24.951,1161793536.0,gpt2-inference-5d8458fb46-9m5td
2026-08-18 04:38:24.951,1150095360.0,gpt2-inference-5d8458fb46-dmj5h
2026-08-18 04:38:24.951,1271582720.0,gpt2-inference-5d8458fb46-h27vx
2026-08-18 04:38:24.951,1154740224.0,gpt2-inference-5d8458fb46-2wnn4
2026-08-18 04:38:24.951,1181954048.0,gpt2-inference-5d8458fb46-rzh6r
2026-08-18 04:38:24.951,1851912192.0,gpt2-inference-5d8458fb46-ztjcb
2026-08-18 04:38:29.951,1150095360.0,gpt2-inference-5d8458fb46-dmj5h
2026-08-18 04:38:29.951,1281499136.0,gpt2-inference-5d8458fb46-lg46j
2026-08-18 04:38:29.951,1154740224.0,gpt2-inference-5d8458fb46-2wnn4
2026-08-18 04:38:29.951,1181446144.0,gpt2-inference-5d8458fb46-rzh6r
2026-08-18 04:38:29.951,1272041472.0,gpt2-inference-5d8458fb46-h27vx
2026-08-18 04:38:29.951,1161793536.0,gpt2-inference-5d8458fb46-9m5td
2026-08-18 04:38:29.951,1196687360.0,gpt2-inference-5d8458fb46-5jcv6
2026-08-18 04:38:29.951,1166823424.0,gpt2-inference-5d8458fb46-klkm9
2026-08-18 04:38:29.951,1851912192.0,gpt2-inference-5d8458fb46-ztjcb
2026-08-18 04:38:34.951,1272041472.0,gpt2-inference-5d8458fb46-h27vx
2026-08-18 04:38:34.951,1196687360.0,gpt2-inference-5d8458fb46-5jcv6
2026-08-18 04:38:34.951,1281499136.0,gpt2-inference-5d8458fb46-lg46j
2026-08-18 04:38:34.951,1851912192.0,gpt2-inference-5d8458fb46-ztjcb
2026-08-18 04:38:34.951,1162305536.0,gpt2-inference-5d8458fb46-9m5td
2026-08-18 04:38:34.951,1166823424.0,gpt2-inference-5d8458fb46-klkm9
2026-08-18 04:38:34.951,1154740224.0,gpt2-inference-5d8458fb46-2wnn4
2026-08-18 04:38:34.951,1150320640.0,gpt2-inference-5d8458fb46-dmj5h
2026-08-18 04:38:34.951,1181446144.0,gpt2-inference-5d8458fb46-rzh6r
2026-08-18 04:38:39.951,1181691904.0,gpt2-inference-5d8458fb46-rzh6r
2026-08-18 04:38:39.951,1851912192.0,gpt2-inference-5d8458fb46-ztjcb
2026-08-18 04:38:39.951,1154994176.0,gpt2-inference-5d8458fb46-2wnn4
2026-08-18 04:38:39.951,1281523712.0,gpt2-inference-5d8458fb46-lg46j
2026-08-18 04:38:39.951,1272041472.0,gpt2-inference-5d8458fb46-h27vx
2026-08-18 04:38:39.951,1196687360.0,gpt2-inference-5d8458fb46-5jcv6
2026-08-18 04:38:39.951,1150320640.0,gpt2-inference-5d8458fb46-dmj5h
2026-08-18 04:38:39.951,1162305536.0,gpt2-inference-5d8458fb46-9m5td
2026-08-18 04:38:39.951,1166823424.0,gpt2-inference-5d8458fb46-klkm9
2026-08-18 04:38:44.951,1162035200.0,gpt2-inference-5d8458fb46-9m5td
2026-08-18 04:38:44.951,1272041472.0,gpt2-inference-5d8458fb46-h27vx
2026-08-18 04:38:44.951,1181691904.0,gpt2-inference-5d8458fb46-rzh6r
2026-08-18 04:38:44.951,1167085568.0,gpt2-inference-5d8458fb46-klkm9
2026-08-18 04:38:44.951,1196687360.0,gpt2-inference-5d8458fb46-5jcv6
2026-08-18 04:38:44.951,1150320640.0,gpt2-inference-5d8458fb46-dmj5h
2026-08-18 04:38:44.951,1281523712.0,gpt2-inference-5d8458fb46-lg46j
2026-08-18 04:38:44.951,1851912192.0,gpt2-inference-5d8458fb46-ztjcb
2026-08-18 04:38:44.951,1154994176.0,gpt2-inference-5d8458fb46-2wnn4
2026-08-18 04:38:49.951,1150320640.0,gpt2-inference-5d8458fb46-dmj5h
2026-08-18 04:38:49.951,1271549952.0,gpt2-inference-5d8458fb46-h27vx
2026-08-18 04:38:49.951,1281781760.0,gpt2-inference-5d8458fb46-lg46j
2026-08-18 04:38:49.951,1196687360.0,gpt2-inference-5d8458fb46-5jcv6
2026-08-18 04:38:49.951,1162035200.0,gpt2-inference-5d8458fb46-9m5td
2026-08-18 04:38:49.951,1167085568.0,gpt2-inference-5d8458fb46-klkm9
2026-08-18 04:38:49.951,1851912192.0,gpt2-inference-5d8458fb46-ztjcb
2026-08-18 04:38:49.951,1181691904.0,gpt2-inference-5d8458fb46-rzh6r
2026-08-18 04:38:49.951,1154994176.0,gpt2-inference-5d8458fb46-2wnn4
2026-08-18 04:38:54.951,1154994176.0,gpt2-inference-5d8458fb46-2wnn4
2026-08-18 04:38:54.951,1196687360.0,gpt2-inference-5d8458fb46-5jcv6
2026-08-18 04:38:54.951,1167081472.0,gpt2-inference-5d8458fb46-klkm9
2026-08-18 04:38:54.951,1150074880.0,gpt2-inference-5d8458fb46-dmj5h
2026-08-18 04:38:54.951,1271549952.0,gpt2-inference-5d8458fb46-h27vx
2026-08-18 04:38:54.951,1181470720.0,gpt2-inference-5d8458fb46-rzh6r
2026-08-18 04:38:54.951,1281781760.0,gpt2-inference-5d8458fb46-lg46j
2026-08-18 04:38:54.951,1851908096.0,gpt2-inference-5d8458fb46-ztjcb
2026-08-18 04:38:54.951,1162035200.0,gpt2-inference-5d8458fb46-9m5td
2026-08-18 04:38:59.951,1281781760.0,gpt2-inference-5d8458fb46-lg46j
2026-08-18 04:38:59.951,1271549952.0,gpt2-inference-5d8458fb46-h27vx
2026-08-18 04:38:59.951,1167081472.0,gpt2-inference-5d8458fb46-klkm9
2026-08-18 04:38:59.951,1162035200.0,gpt2-inference-5d8458fb46-9m5td
2026-08-18 04:38:59.951,1150074880.0,gpt2-inference-5d8458fb46-dmj5h
2026-08-18 04:38:59.951,1851908096.0,gpt2-inference-5d8458fb46-ztjcb
2026-08-18 04:38:59.951,1181470720.0,gpt2-inference-5d8458fb46-rzh6r
2026-08-18 04:38:59.951,1154740224.0,gpt2-inference-5d8458fb46-2wnn4
2026-08-18 04:38:59.951,1196912640.0,gpt2-inference-5d8458fb46-5jcv6
2026-08-18 04:39:04.951,1150074880.0,gpt2-inference-5d8458fb46-dmj5h
2026-08-18 04:39:04.951,1281982464.0,gpt2-inference-5d8458fb46-lg46j
2026-08-18 04:39:04.951,1154740224.0,gpt2-inference-5d8458fb46-2wnn4
2026-08-18 04:39:04.951,1167081472.0,gpt2-inference-5d8458fb46-klkm9
2026-08-18 04:39:04.951,1161793536.0,gpt2-inference-5d8458fb46-9m5td
2026-08-18 04:39:04.951,1181470720.0,gpt2-inference-5d8458fb46-rzh6r
2026-08-18 04:39:04.951,1196912640.0,gpt2-inference-5d8458fb46-5jcv6
2026-08-18 04:39:04.951,1851908096.0,gpt2-inference-5d8458fb46-ztjcb
2026-08-18 04:39:04.951,1271816192.0,gpt2-inference-5d8458fb46-h27vx
2026-08-18 04:39:09.951,1150074880.0,gpt2-inference-5d8458fb46-dmj5h
2026-08-18 04:39:09.951,1851908096.0,gpt2-inference-5d8458fb46-ztjcb
2026-08-18 04:39:09.951,1154740224.0,gpt2-inference-5d8458fb46-2wnn4
2026-08-18 04:39:09.951,1167081472.0,gpt2-inference-5d8458fb46-klkm9
2026-08-18 04:39:09.951,1196691456.0,gpt2-inference-5d8458fb46-5jcv6
2026-08-18 04:39:09.951,1181470720.0,gpt2-inference-5d8458fb46-rzh6r
2026-08-18 04:39:09.951,1281982464.0,gpt2-inference-5d8458fb46-lg46j
2026-08-18 04:39:09.951,1161793536.0,gpt2-inference-5d8458fb46-9m5td
2026-08-18 04:39:09.951,1271816192.0,gpt2-inference-5d8458fb46-h27vx
2026-08-18 04:39:14.951,1851908096.0,gpt2-inference-5d8458fb46-ztjcb
2026-08-18 04:39:14.951,1166827520.0,gpt2-inference-5d8458fb46-klkm9
2026-08-18 04:39:14.951,1196691456.0,gpt2-inference-5d8458fb46-5jcv6
2026-08-18 04:39:14.951,1150074880.0,gpt2-inference-5d8458fb46-dmj5h
2026-08-18 04:39:14.951,1281982464.0,gpt2-inference-5d8458fb46-lg46j
2026-08-18 04:39:14.951,1271816192.0,gpt2-inference-5d8458fb46-h27vx
2026-08-18 04:39:14.951,1162301440.0,gpt2-inference-5d8458fb46-9m5td
2026-08-18 04:39:14.951,1154740224.0,gpt2-inference-5d8458fb46-2wnn4
2026-08-18 04:39:14.951,1181462528.0,gpt2-inference-5d8458fb46-rzh6r
2026-08-18 04:39:19.951,1162301440.0,gpt2-inference-5d8458fb46-9m5td
2026-08-18 04:39:19.951,1181462528.0,gpt2-inference-5d8458fb46-rzh6r
2026-08-18 04:39:19.951,1196691456.0,gpt2-inference-5d8458fb46-5jcv6
2026-08-18 04:39:19.951,1271816192.0,gpt2-inference-5d8458fb46-h27vx
2026-08-18 04:39:19.951,1150074880.0,gpt2-inference-5d8458fb46-dmj5h
2026-08-18 04:39:19.951,1154740224.0,gpt2-inference-5d8458fb46-2wnn4
2026-08-18 04:39:19.951,1851908096.0,gpt2-inference-5d8458fb46-ztjcb
2026-08-18 04:39:19.951,1281495040.0,gpt2-inference-5d8458fb46-lg46j
2026-08-18 04:39:19.951,1166827520.0,gpt2-inference-5d8458fb46-klkm9
2026-08-18 04:39:24.951,1155002368.0,gpt2-inference-5d8458fb46-2wnn4
2026-08-18 04:39:24.951,1851961344.0,gpt2-inference-5d8458fb46-ztjcb
2026-08-18 04:39:24.951,1281495040.0,gpt2-inference-5d8458fb46-lg46j
2026-08-18 04:39:24.951,1196691456.0,gpt2-inference-5d8458fb46-5jcv6
2026-08-18 04:39:24.951,1162051584.0,gpt2-inference-5d8458fb46-9m5td
2026-08-18 04:39:24.951,1167335424.0,gpt2-inference-5d8458fb46-klkm9
2026-08-18 04:39:24.951,1181446144.0,gpt2-inference-5d8458fb46-rzh6r
2026-08-18 04:39:24.951,1272074240.0,gpt2-inference-5d8458fb46-h27vx
2026-08-18 04:39:24.951,1150074880.0,gpt2-inference-5d8458fb46-dmj5h
2026-08-18 04:39:29.951,1167335424.0,gpt2-inference-5d8458fb46-klkm9
2026-08-18 04:39:29.951,1150074880.0,gpt2-inference-5d8458fb46-dmj5h
2026-08-18 04:39:29.951,1851961344.0,gpt2-inference-5d8458fb46-ztjcb
2026-08-18 04:39:29.951,1181446144.0,gpt2-inference-5d8458fb46-rzh6r
2026-08-18 04:39:29.951,1162051584.0,gpt2-inference-5d8458fb46-9m5td
2026-08-18 04:39:29.951,1196691456.0,gpt2-inference-5d8458fb46-5jcv6
2026-08-18 04:39:29.951,1155002368.0,gpt2-inference-5d8458fb46-2wnn4
2026-08-18 04:39:29.951,1272074240.0,gpt2-inference-5d8458fb46-h27vx
2026-08-18 04:39:29.951,1281495040.0,gpt2-inference-5d8458fb46-lg46j
2026-08-18 04:39:34.951,1155002368.0,gpt2-inference-5d8458fb46-2wnn4
2026-08-18 04:39:34.951,1181446144.0,gpt2-inference-5d8458fb46-rzh6r
2026-08-18 04:39:34.951,1281740800.0,gpt2-inference-5d8458fb46-lg46j
2026-08-18 04:39:34.951,1167335424.0,gpt2-inference-5d8458fb46-klkm9
2026-08-18 04:39:34.951,1162051584.0,gpt2-inference-5d8458fb46-9m5td
2026-08-18 04:39:34.951,1851961344.0,gpt2-inference-5d8458fb46-ztjcb
2026-08-18 04:39:34.951,1150074880.0,gpt2-inference-5d8458fb46-dmj5h
2026-08-18 04:39:34.951,1196687360.0,gpt2-inference-5d8458fb46-5jcv6
2026-08-18 04:39:34.951,1272074240.0,gpt2-inference-5d8458fb46-h27vx
2026-08-18 04:39:39.951,1154736128.0,gpt2-inference-5d8458fb46-2wnn4
2026-08-18 04:39:39.951,1271582720.0,gpt2-inference-5d8458fb46-h27vx
2026-08-18 04:39:39.951,1167335424.0,gpt2-inference-5d8458fb46-klkm9
2026-08-18 04:39:39.951,1196687360.0,gpt2-inference-5d8458fb46-5jcv6
2026-08-18 04:39:39.951,1852420096.0,gpt2-inference-5d8458fb46-ztjcb
2026-08-18 04:39:39.951,1150074880.0,gpt2-inference-5d8458fb46-dmj5h
2026-08-18 04:39:39.951,1281740800.0,gpt2-inference-5d8458fb46-lg46j
2026-08-18 04:39:39.951,1181462528.0,gpt2-inference-5d8458fb46-rzh6r
2026-08-18 04:39:39.951,1162051584.0,gpt2-inference-5d8458fb46-9m5td
2026-08-18 04:39:44.951,1852420096.0,gpt2-inference-5d8458fb46-ztjcb
2026-08-18 04:39:44.951,1271582720.0,gpt2-inference-5d8458fb46-h27vx
2026-08-18 04:39:44.951,1196687360.0,gpt2-inference-5d8458fb46-5jcv6
2026-08-18 04:39:44.951,1161793536.0,gpt2-inference-5d8458fb46-9m5td
2026-08-18 04:39:44.951,1281740800.0,gpt2-inference-5d8458fb46-lg46j
2026-08-18 04:39:44.951,1150095360.0,gpt2-inference-5d8458fb46-dmj5h
2026-08-18 04:39:44.951,1154736128.0,gpt2-inference-5d8458fb46-2wnn4
2026-08-18 04:39:44.951,1166823424.0,gpt2-inference-5d8458fb46-klkm9
2026-08-18 04:39:44.951,1181462528.0,gpt2-inference-5d8458fb46-rzh6r
2026-08-18 04:39:49.951,1154736128.0,gpt2-inference-5d8458fb46-2wnn4
2026-08-18 04:39:49.951,1181442048.0,gpt2-inference-5d8458fb46-rzh6r
2026-08-18 04:39:49.951,1196687360.0,gpt2-inference-5d8458fb46-5jcv6
2026-08-18 04:39:49.951,1166823424.0,gpt2-inference-5d8458fb46-klkm9
2026-08-18 04:39:49.951,1161793536.0,gpt2-inference-5d8458fb46-9m5td
2026-08-18 04:39:49.951,1281495040.0,gpt2-inference-5d8458fb46-lg46j
2026-08-18 04:39:49.951,1150095360.0,gpt2-inference-5d8458fb46-dmj5h
2026-08-18 04:39:49.951,1852420096.0,gpt2-inference-5d8458fb46-ztjcb
2026-08-18 04:39:49.951,1271554048.0,gpt2-inference-5d8458fb46-h27vx
2026-08-18 04:39:54.951,1166823424.0,gpt2-inference-5d8458fb46-klkm9
2026-08-18 04:39:54.951,1162043392.0,gpt2-inference-5d8458fb46-9m5td
2026-08-18 04:39:54.951,1150095360.0,gpt2-inference-5d8458fb46-dmj5h
2026-08-18 04:39:54.951,1154961408.0,gpt2-inference-5d8458fb46-2wnn4
2026-08-18 04:39:54.951,1281495040.0,gpt2-inference-5d8458fb46-lg46j
2026-08-18 04:39:54.951,1196687360.0,gpt2-inference-5d8458fb46-5jcv6
2026-08-18 04:39:54.951,1271554048.0,gpt2-inference-5d8458fb46-h27vx
2026-08-18 04:39:54.951,1852436480.0,gpt2-inference-5d8458fb46-ztjcb
2026-08-18 04:39:54.951,1181442048.0,gpt2-inference-5d8458fb46-rzh6r
2026-08-18 04:39:59.951,1271554048.0,gpt2-inference-5d8458fb46-h27vx
2026-08-18 04:39:59.951,1154961408.0,gpt2-inference-5d8458fb46-2wnn4
2026-08-18 04:39:59.951,1281495040.0,gpt2-inference-5d8458fb46-lg46j
2026-08-18 04:39:59.951,1196687360.0,gpt2-inference-5d8458fb46-5jcv6
2026-08-18 04:39:59.951,1150316544.0,gpt2-inference-5d8458fb46-dmj5h
2026-08-18 04:39:59.951,1181442048.0,gpt2-inference-5d8458fb46-rzh6r
2026-08-18 04:39:59.951,1166823424.0,gpt2-inference-5d8458fb46-klkm9
2026-08-18 04:39:59.951,1852436480.0,gpt2-inference-5d8458fb46-ztjcb
2026-08-18 04:39:59.951,1162043392.0,gpt2-inference-5d8458fb46-9m5td
2026-08-18 04:40:04.951,1852436480.0,gpt2-inference-5d8458fb46-ztjcb
2026-08-18 04:40:04.951,1281503232.0,gpt2-inference-5d8458fb46-lg46j
2026-08-18 04:40:04.951,1196687360.0,gpt2-inference-5d8458fb46-5jcv6
2026-08-18 04:40:04.951,1154961408.0,gpt2-inference-5d8458fb46-2wnn4
2026-08-18 04:40:04.951,1271554048.0,gpt2-inference-5d8458fb46-h27vx
2026-08-18 04:40:04.951,1181442048.0,gpt2-inference-5d8458fb46-rzh6r
2026-08-18 04:40:04.951,1150316544.0,gpt2-inference-5d8458fb46-dmj5h
2026-08-18 04:40:04.951,1162043392.0,gpt2-inference-5d8458fb46-9m5td
2026-08-18 04:40:04.951,1166823424.0,gpt2-inference-5d8458fb46-klkm9
2026-08-18 04:40:09.951,1196687360.0,gpt2-inference-5d8458fb46-5jcv6
2026-08-18 04:40:09.951,1271812096.0,gpt2-inference-5d8458fb46-h27vx
2026-08-18 04:40:09.951,1150316544.0,gpt2-inference-5d8458fb46-dmj5h
2026-08-18 04:40:09.951,1154740224.0,gpt2-inference-5d8458fb46-2wnn4
2026-08-18 04:40:09.951,1852436480.0,gpt2-inference-5d8458fb46-ztjcb
2026-08-18 04:40:09.951,1281503232.0,gpt2-inference-5d8458fb46-lg46j
2026-08-18 04:40:09.951,1161793536.0,gpt2-inference-5d8458fb46-9m5td
2026-08-18 04:40:09.951,1166827520.0,gpt2-inference-5d8458fb46-klkm9
2026-08-18 04:40:09.951,1181442048.0,gpt2-inference-5d8458fb46-rzh6r
2026-08-18 04:40:14.951,1852416000.0,gpt2-inference-5d8458fb46-ztjcb
2026-08-18 04:40:14.951,1154740224.0,gpt2-inference-5d8458fb46-2wnn4
2026-08-18 04:40:14.951,1196687360.0,gpt2-inference-5d8458fb46-5jcv6
2026-08-18 04:40:14.951,1161793536.0,gpt2-inference-5d8458fb46-9m5td
2026-08-18 04:40:14.951,1150074880.0,gpt2-inference-5d8458fb46-dmj5h
2026-08-18 04:40:14.951,1281503232.0,gpt2-inference-5d8458fb46-lg46j
2026-08-18 04:40:14.951,1181442048.0,gpt2-inference-5d8458fb46-rzh6r
2026-08-18 04:40:14.951,1271812096.0,gpt2-inference-5d8458fb46-h27vx
2026-08-18 04:40:14.951,1166827520.0,gpt2-inference-5d8458fb46-klkm9
2026-08-18 04:40:19.951,1181442048.0,gpt2-inference-5d8458fb46-rzh6r
2026-08-18 04:40:19.951,1150074880.0,gpt2-inference-5d8458fb46-dmj5h
2026-08-18 04:40:19.951,1281495040.0,gpt2-inference-5d8458fb46-lg46j
2026-08-18 04:40:19.951,1852416000.0,gpt2-inference-5d8458fb46-ztjcb
2026-08-18 04:40:19.951,1161793536.0,gpt2-inference-5d8458fb46-9m5td
2026-08-18 04:40:19.951,1196687360.0,gpt2-inference-5d8458fb46-5jcv6
2026-08-18 04:40:19.951,1166827520.0,gpt2-inference-5d8458fb46-klkm9
2026-08-18 04:40:19.951,1154760704.0,gpt2-inference-5d8458fb46-2wnn4
2026-08-18 04:40:19.951,1271554048.0,gpt2-inference-5d8458fb46-h27vx
2026-08-18 04:40:24.951,1154760704.0,gpt2-inference-5d8458fb46-2wnn4
2026-08-18 04:40:24.951,1181442048.0,gpt2-inference-5d8458fb46-rzh6r
2026-08-18 04:40:24.951,1271554048.0,gpt2-inference-5d8458fb46-h27vx
2026-08-18 04:40:24.951,1150095360.0,gpt2-inference-5d8458fb46-dmj5h
2026-08-18 04:40:24.951,1196687360.0,gpt2-inference-5d8458fb46-5jcv6
2026-08-18 04:40:24.951,1852416000.0,gpt2-inference-5d8458fb46-ztjcb
2026-08-18 04:40:24.951,1161793536.0,gpt2-inference-5d8458fb46-9m5td
2026-08-18 04:40:24.951,1281495040.0,gpt2-inference-5d8458fb46-lg46j
2026-08-18 04:40:24.951,1167089664.0,gpt2-inference-5d8458fb46-klkm9
2026-08-18 04:40:29.951,1150095360.0,gpt2-inference-5d8458fb46-dmj5h
2026-08-18 04:40:29.951,1181442048.0,gpt2-inference-5d8458fb46-rzh6r
2026-08-18 04:40:29.951,1271554048.0,gpt2-inference-5d8458fb46-h27vx
2026-08-18 04:40:29.951,1161814016.0,gpt2-inference-5d8458fb46-9m5td
2026-08-18 04:40:29.951,1167089664.0,gpt2-inference-5d8458fb46-klkm9
2026-08-18 04:40:29.951,1154760704.0,gpt2-inference-5d8458fb46-2wnn4
2026-08-18 04:40:29.951,1281495040.0,gpt2-inference-5d8458fb46-lg46j
2026-08-18 04:40:29.951,1196687360.0,gpt2-inference-5d8458fb46-5jcv6
2026-08-18 04:40:29.951,1852416000.0,gpt2-inference-5d8458fb46-ztjcb
2026-08-18 04:40:34.951,1166831616.0,gpt2-inference-5d8458fb46-klkm9
2026-08-18 04:40:34.951,1181659136.0,gpt2-inference-5d8458fb46-rzh6r
2026-08-18 04:40:34.951,1271554048.0,gpt2-inference-5d8458fb46-h27vx
2026-08-18 04:40:34.951,1150095360.0,gpt2-inference-5d8458fb46-dmj5h
2026-08-18 04:40:34.951,1852424192.0,gpt2-inference-5d8458fb46-ztjcb
2026-08-18 04:40:34.951,1281720320.0,gpt2-inference-5d8458fb46-lg46j
2026-08-18 04:40:34.951,1161814016.0,gpt2-inference-5d8458fb46-9m5td
2026-08-18 04:40:34.951,1196933120.0,gpt2-inference-5d8458fb46-5jcv6
2026-08-18 04:40:34.951,1154740224.0,gpt2-inference-5d8458fb46-2wnn4
2026-08-18 04:40:39.951,1852424192.0,gpt2-inference-5d8458fb46-ztjcb
2026-08-18 04:40:39.951,1271554048.0,gpt2-inference-5d8458fb46-h27vx
2026-08-18 04:40:39.951,1281720320.0,gpt2-inference-5d8458fb46-lg46j
2026-08-18 04:40:39.951,1181659136.0,gpt2-inference-5d8458fb46-rzh6r
2026-08-18 04:40:39.951,1166831616.0,gpt2-inference-5d8458fb46-klkm9
2026-08-18 04:40:39.951,1196933120.0,gpt2-inference-5d8458fb46-5jcv6
2026-08-18 04:40:39.951,1154740224.0,gpt2-inference-5d8458fb46-2wnn4
2026-08-18 04:40:39.951,1150095360.0,gpt2-inference-5d8458fb46-dmj5h
2026-08-18 04:40:39.951,1161822208.0,gpt2-inference-5d8458fb46-9m5td
2026-08-18 04:40:44.951,1852424192.0,gpt2-inference-5d8458fb46-ztjcb
2026-08-18 04:40:44.951,1181659136.0,gpt2-inference-5d8458fb46-rzh6r
2026-08-18 04:40:44.951,1154740224.0,gpt2-inference-5d8458fb46-2wnn4
2026-08-18 04:40:44.951,1150078976.0,gpt2-inference-5d8458fb46-dmj5h
2026-08-18 04:40:44.951,1196691456.0,gpt2-inference-5d8458fb46-5jcv6
2026-08-18 04:40:44.951,1161822208.0,gpt2-inference-5d8458fb46-9m5td
2026-08-18 04:40:44.951,1281720320.0,gpt2-inference-5d8458fb46-lg46j
2026-08-18 04:40:44.951,1166835712.0,gpt2-inference-5d8458fb46-klkm9
2026-08-18 04:40:44.951,1271554048.0,gpt2-inference-5d8458fb46-h27vx
2026-08-18 04:40:49.951,1181659136.0,gpt2-inference-5d8458fb46-rzh6r
2026-08-18 04:40:49.951,1196691456.0,gpt2-inference-5d8458fb46-5jcv6
2026-08-18 04:40:49.951,1150078976.0,gpt2-inference-5d8458fb46-dmj5h
2026-08-18 04:40:49.951,1154740224.0,gpt2-inference-5d8458fb46-2wnn4
2026-08-18 04:40:49.951,1281511424.0,gpt2-inference-5d8458fb46-lg46j
2026-08-18 04:40:49.951,1851908096.0,gpt2-inference-5d8458fb46-ztjcb
2026-08-18 04:40:49.951,1166835712.0,gpt2-inference-5d8458fb46-klkm9
2026-08-18 04:40:49.951,1271554048.0,gpt2-inference-5d8458fb46-h27vx
2026-08-18 04:40:49.951,1161822208.0,gpt2-inference-5d8458fb46-9m5td
2026-08-18 04:40:54.951,1281511424.0,gpt2-inference-5d8458fb46-lg46j
2026-08-18 04:40:54.951,1851908096.0,gpt2-inference-5d8458fb46-ztjcb
2026-08-18 04:40:54.951,1154736128.0,gpt2-inference-5d8458fb46-2wnn4
2026-08-18 04:40:54.951,1196691456.0,gpt2-inference-5d8458fb46-5jcv6
2026-08-18 04:40:54.951,1181442048.0,gpt2-inference-5d8458fb46-rzh6r
2026-08-18 04:40:54.951,1162326016.0,gpt2-inference-5d8458fb46-9m5td
2026-08-18 04:40:54.951,1166835712.0,gpt2-inference-5d8458fb46-klkm9
2026-08-18 04:40:54.951,1150078976.0,gpt2-inference-5d8458fb46-dmj5h
2026-08-18 04:40:54.951,1271554048.0,gpt2-inference-5d8458fb46-h27vx
2026-08-18 04:40:59.951,1150078976.0,gpt2-inference-5d8458fb46-dmj5h
2026-08-18 04:40:59.951,1281511424.0,gpt2-inference-5d8458fb46-lg46j
2026-08-18 04:40:59.951,1851908096.0,gpt2-inference-5d8458fb46-ztjcb
2026-08-18 04:40:59.951,1181442048.0,gpt2-inference-5d8458fb46-rzh6r
2026-08-18 04:40:59.951,1162326016.0,gpt2-inference-5d8458fb46-9m5td
2026-08-18 04:40:59.951,1271554048.0,gpt2-inference-5d8458fb46-h27vx
2026-08-18 04:40:59.951,1167069184.0,gpt2-inference-5d8458fb46-klkm9
2026-08-18 04:40:59.951,1196687360.0,gpt2-inference-5d8458fb46-5jcv6
2026-08-18 04:40:59.951,1154736128.0,gpt2-inference-5d8458fb46-2wnn4
2026-08-18 04:41:04.951,1162326016.0,gpt2-inference-5d8458fb46-9m5td
2026-08-18 04:41:04.951,1271554048.0,gpt2-inference-5d8458fb46-h27vx
2026-08-18 04:41:04.951,1150078976.0,gpt2-inference-5d8458fb46-dmj5h
2026-08-18 04:41:04.951,1167069184.0,gpt2-inference-5d8458fb46-klkm9
2026-08-18 04:41:04.951,1181741056.0,gpt2-inference-5d8458fb46-rzh6r
2026-08-18 04:41:04.951,1851908096.0,gpt2-inference-5d8458fb46-ztjcb
2026-08-18 04:41:04.951,1196687360.0,gpt2-inference-5d8458fb46-5jcv6
2026-08-18 04:41:04.951,1154736128.0,gpt2-inference-5d8458fb46-2wnn4
2026-08-18 04:41:04.951,1281495040.0,gpt2-inference-5d8458fb46-lg46j
2026-08-18 04:41:09.951,1851908096.0,gpt2-inference-5d8458fb46-ztjcb
2026-08-18 04:41:09.951,1271578624.0,gpt2-inference-5d8458fb46-h27vx
2026-08-18 04:41:09.951,1154768896.0,gpt2-inference-5d8458fb46-2wnn4
2026-08-18 04:41:09.951,1167069184.0,gpt2-inference-5d8458fb46-klkm9
2026-08-18 04:41:09.951,1162326016.0,gpt2-inference-5d8458fb46-9m5td
2026-08-18 04:41:09.951,1150078976.0,gpt2-inference-5d8458fb46-dmj5h
2026-08-18 04:41:09.951,1196687360.0,gpt2-inference-5d8458fb46-5jcv6
2026-08-18 04:41:09.951,1281495040.0,gpt2-inference-5d8458fb46-lg46j
2026-08-18 04:41:09.951,1181741056.0,gpt2-inference-5d8458fb46-rzh6r
2026-08-18 04:41:14.951,1281495040.0,gpt2-inference-5d8458fb46-lg46j
2026-08-18 04:41:14.951,1271578624.0,gpt2-inference-5d8458fb46-h27vx
2026-08-18 04:41:14.951,1851908096.0,gpt2-inference-5d8458fb46-ztjcb
2026-08-18 04:41:14.951,1161793536.0,gpt2-inference-5d8458fb46-9m5td
2026-08-18 04:41:14.951,1167069184.0,gpt2-inference-5d8458fb46-klkm9
2026-08-18 04:41:14.951,1150095360.0,gpt2-inference-5d8458fb46-dmj5h
2026-08-18 04:41:14.951,1181741056.0,gpt2-inference-5d8458fb46-rzh6r
2026-08-18 04:41:14.951,1197195264.0,gpt2-inference-5d8458fb46-5jcv6
2026-08-18 04:41:14.951,1154768896.0,gpt2-inference-5d8458fb46-2wnn4
2026-08-18 04:41:19.951,1271578624.0,gpt2-inference-5d8458fb46-h27vx
2026-08-18 04:41:19.951,1161793536.0,gpt2-inference-5d8458fb46-9m5td
2026-08-18 04:41:19.951,1181442048.0,gpt2-inference-5d8458fb46-rzh6r
2026-08-18 04:41:19.951,1197195264.0,gpt2-inference-5d8458fb46-5jcv6
2026-08-18 04:41:19.951,1166823424.0,gpt2-inference-5d8458fb46-klkm9
2026-08-18 04:41:19.951,1851908096.0,gpt2-inference-5d8458fb46-ztjcb
2026-08-18 04:41:19.951,1281490944.0,gpt2-inference-5d8458fb46-lg46j
2026-08-18 04:41:19.951,1154768896.0,gpt2-inference-5d8458fb46-2wnn4
2026-08-18 04:41:19.951,1150095360.0,gpt2-inference-5d8458fb46-dmj5h
2026-08-18 04:41:24.951,1281490944.0,gpt2-inference-5d8458fb46-lg46j
2026-08-18 04:41:24.951,1166823424.0,gpt2-inference-5d8458fb46-klkm9
2026-08-18 04:41:24.951,1851916288.0,gpt2-inference-5d8458fb46-ztjcb
2026-08-18 04:41:24.951,1150300160.0,gpt2-inference-5d8458fb46-dmj5h
2026-08-18 04:41:24.951,1271812096.0,gpt2-inference-5d8458fb46-h27vx
2026-08-18 04:41:24.951,1161793536.0,gpt2-inference-5d8458fb46-9m5td
2026-08-18 04:41:24.951,1196949504.0,gpt2-inference-5d8458fb46-5jcv6
2026-08-18 04:41:24.951,1181442048.0,gpt2-inference-5d8458fb46-rzh6r
2026-08-18 04:41:24.951,1154768896.0,gpt2-inference-5d8458fb46-2wnn4
2026-08-18 04:41:29.951,1155256320.0,gpt2-inference-5d8458fb46-2wnn4
2026-08-18 04:41:29.951,1166823424.0,gpt2-inference-5d8458fb46-klkm9
2026-08-18 04:41:29.951,1150300160.0,gpt2-inference-5d8458fb46-dmj5h
2026-08-18 04:41:29.951,1271812096.0,gpt2-inference-5d8458fb46-h27vx
2026-08-18 04:41:29.951,1196949504.0,gpt2-inference-5d8458fb46-5jcv6
2026-08-18 04:41:29.951,1161793536.0,gpt2-inference-5d8458fb46-9m5td
2026-08-18 04:41:29.951,1281490944.0,gpt2-inference-5d8458fb46-lg46j
2026-08-18 04:41:29.951,1851916288.0,gpt2-inference-5d8458fb46-ztjcb
2026-08-18 04:41:29.951,1181442048.0,gpt2-inference-5d8458fb46-rzh6r
2026-08-18 04:41:34.951,1281490944.0,gpt2-inference-5d8458fb46-lg46j
2026-08-18 04:41:34.951,1166823424.0,gpt2-inference-5d8458fb46-klkm9
2026-08-18 04:41:34.951,1851916288.0,gpt2-inference-5d8458fb46-ztjcb
2026-08-18 04:41:34.951,1181442048.0,gpt2-inference-5d8458fb46-rzh6r
2026-08-18 04:41:34.951,1271812096.0,gpt2-inference-5d8458fb46-h27vx
2026-08-18 04:41:34.951,1196949504.0,gpt2-inference-5d8458fb46-5jcv6
2026-08-18 04:41:34.951,1161814016.0,gpt2-inference-5d8458fb46-9m5td
2026-08-18 04:41:34.951,1150300160.0,gpt2-inference-5d8458fb46-dmj5h
2026-08-18 04:41:34.951,1155256320.0,gpt2-inference-5d8458fb46-2wnn4
2026-08-18 04:41:39.951,1161814016.0,gpt2-inference-5d8458fb46-9m5td
2026-08-18 04:41:39.951,1155256320.0,gpt2-inference-5d8458fb46-2wnn4
2026-08-18 04:41:39.951,1281490944.0,gpt2-inference-5d8458fb46-lg46j
2026-08-18 04:41:39.951,1196998656.0,gpt2-inference-5d8458fb46-5jcv6
2026-08-18 04:41:39.951,1271574528.0,gpt2-inference-5d8458fb46-h27vx
2026-08-18 04:41:39.951,1166852096.0,gpt2-inference-5d8458fb46-klkm9
2026-08-18 04:41:39.951,1150074880.0,gpt2-inference-5d8458fb46-dmj5h
2026-08-18 04:41:39.951,1851912192.0,gpt2-inference-5d8458fb46-ztjcb
2026-08-18 04:41:39.951,1181442048.0,gpt2-inference-5d8458fb46-rzh6r
2026-08-18 04:41:44.951,1281490944.0,gpt2-inference-5d8458fb46-lg46j
2026-08-18 04:41:44.951,1150074880.0,gpt2-inference-5d8458fb46-dmj5h
2026-08-18 04:41:44.951,1851912192.0,gpt2-inference-5d8458fb46-ztjcb
2026-08-18 04:41:44.951,1161785344.0,gpt2-inference-5d8458fb46-9m5td
2026-08-18 04:41:44.951,1166852096.0,gpt2-inference-5d8458fb46-klkm9
2026-08-18 04:41:44.951,1196998656.0,gpt2-inference-5d8458fb46-5jcv6
2026-08-18 04:41:44.951,1181442048.0,gpt2-inference-5d8458fb46-rzh6r
2026-08-18 04:41:44.951,1155256320.0,gpt2-inference-5d8458fb46-2wnn4
2026-08-18 04:41:44.951,1271574528.0,gpt2-inference-5d8458fb46-h27vx
2026-08-18 04:41:49.951,1166852096.0,gpt2-inference-5d8458fb46-klkm9
2026-08-18 04:41:49.951,1196908544.0,gpt2-inference-5d8458fb46-5jcv6
2026-08-18 04:41:49.951,1281781760.0,gpt2-inference-5d8458fb46-lg46j
2026-08-18 04:41:49.951,1181442048.0,gpt2-inference-5d8458fb46-rzh6r
2026-08-18 04:41:49.951,1154740224.0,gpt2-inference-5d8458fb46-2wnn4
2026-08-18 04:41:49.951,1851912192.0,gpt2-inference-5d8458fb46-ztjcb
2026-08-18 04:41:49.951,1271812096.0,gpt2-inference-5d8458fb46-h27vx
2026-08-18 04:41:49.951,1161785344.0,gpt2-inference-5d8458fb46-9m5td
2026-08-18 04:41:49.951,1150074880.0,gpt2-inference-5d8458fb46-dmj5h
2026-08-18 04:41:54.951,1166823424.0,gpt2-inference-5d8458fb46-klkm9
2026-08-18 04:41:54.951,1281781760.0,gpt2-inference-5d8458fb46-lg46j
2026-08-18 04:41:54.951,1851912192.0,gpt2-inference-5d8458fb46-ztjcb
2026-08-18 04:41:54.951,1154740224.0,gpt2-inference-5d8458fb46-2wnn4
2026-08-18 04:41:54.951,1161805824.0,gpt2-inference-5d8458fb46-9m5td
2026-08-18 04:41:54.951,1196908544.0,gpt2-inference-5d8458fb46-5jcv6
2026-08-18 04:41:54.951,1181442048.0,gpt2-inference-5d8458fb46-rzh6r
2026-08-18 04:41:54.951,1271812096.0,gpt2-inference-5d8458fb46-h27vx
2026-08-18 04:41:54.951,1150074880.0,gpt2-inference-5d8458fb46-dmj5h
2026-08-18 04:41:59.951,1150074880.0,gpt2-inference-5d8458fb46-dmj5h
2026-08-18 04:41:59.951,1851912192.0,gpt2-inference-5d8458fb46-ztjcb
2026-08-18 04:41:59.951,1281794048.0,gpt2-inference-5d8458fb46-lg46j
2026-08-18 04:41:59.951,1161805824.0,gpt2-inference-5d8458fb46-9m5td
2026-08-18 04:41:59.951,1196908544.0,gpt2-inference-5d8458fb46-5jcv6
2026-08-18 04:41:59.951,1166823424.0,gpt2-inference-5d8458fb46-klkm9
2026-08-18 04:41:59.951,1154736128.0,gpt2-inference-5d8458fb46-2wnn4
2026-08-18 04:41:59.951,1181442048.0,gpt2-inference-5d8458fb46-rzh6r
2026-08-18 04:41:59.951,1271812096.0,gpt2-inference-5d8458fb46-h27vx
2026-08-18 04:42:04.951,1196711936.0,gpt2-inference-5d8458fb46-5jcv6
2026-08-18 04:42:04.951,1161805824.0,gpt2-inference-5d8458fb46-9m5td
2026-08-18 04:42:04.951,1281794048.0,gpt2-inference-5d8458fb46-lg46j
2026-08-18 04:42:04.951,1271554048.0,gpt2-inference-5d8458fb46-h27vx
2026-08-18 04:42:04.951,1181442048.0,gpt2-inference-5d8458fb46-rzh6r
2026-08-18 04:42:04.951,1154736128.0,gpt2-inference-5d8458fb46-2wnn4
2026-08-18 04:42:04.951,1150074880.0,gpt2-inference-5d8458fb46-dmj5h
2026-08-18 04:42:04.951,1166823424.0,gpt2-inference-5d8458fb46-klkm9
2026-08-18 04:42:04.951,1851912192.0,gpt2-inference-5d8458fb46-ztjcb
2026-08-18 04:42:09.951,1196711936.0,gpt2-inference-5d8458fb46-5jcv6
2026-08-18 04:42:09.951,1161805824.0,gpt2-inference-5d8458fb46-9m5td
2026-08-18 04:42:09.951,1851912192.0,gpt2-inference-5d8458fb46-ztjcb
2026-08-18 04:42:09.951,1281794048.0,gpt2-inference-5d8458fb46-lg46j
2026-08-18 04:42:09.951,1150074880.0,gpt2-inference-5d8458fb46-dmj5h
2026-08-18 04:42:09.951,1271554048.0,gpt2-inference-5d8458fb46-h27vx
2026-08-18 04:42:09.951,1166831616.0,gpt2-inference-5d8458fb46-klkm9
2026-08-18 04:42:09.951,1154736128.0,gpt2-inference-5d8458fb46-2wnn4
2026-08-18 04:42:09.951,1181442048.0,gpt2-inference-5d8458fb46-rzh6r
2026-08-18 04:42:14.951,1166831616.0,gpt2-inference-5d8458fb46-klkm9
2026-08-18 04:42:14.951,1196687360.0,gpt2-inference-5d8458fb46-5jcv6
2026-08-18 04:42:14.951,1161809920.0,gpt2-inference-5d8458fb46-9m5td
2026-08-18 04:42:14.951,1851912192.0,gpt2-inference-5d8458fb46-ztjcb
2026-08-18 04:42:14.951,1181704192.0,gpt2-inference-5d8458fb46-rzh6r
2026-08-18 04:42:14.951,1281794048.0,gpt2-inference-5d8458fb46-lg46j
2026-08-18 04:42:14.951,1154748416.0,gpt2-inference-5d8458fb46-2wnn4
2026-08-18 04:42:14.951,1271554048.0,gpt2-inference-5d8458fb46-h27vx
2026-08-18 04:42:14.951,1150070784.0,gpt2-inference-5d8458fb46-dmj5h
2026-08-18 04:42:19.951,1181704192.0,gpt2-inference-5d8458fb46-rzh6r
2026-08-18 04:42:19.951,1281777664.0,gpt2-inference-5d8458fb46-lg46j
2026-08-18 04:42:19.951,1851912192.0,gpt2-inference-5d8458fb46-ztjcb
2026-08-18 04:42:19.951,1154748416.0,gpt2-inference-5d8458fb46-2wnn4
2026-08-18 04:42:19.951,1161809920.0,gpt2-inference-5d8458fb46-9m5td
2026-08-18 04:42:19.951,1196687360.0,gpt2-inference-5d8458fb46-5jcv6
2026-08-18 04:42:19.951,1166831616.0,gpt2-inference-5d8458fb46-klkm9
2026-08-18 04:42:19.951,1150070784.0,gpt2-inference-5d8458fb46-dmj5h
2026-08-18 04:42:19.951,1271554048.0,gpt2-inference-5d8458fb46-h27vx
2026-08-18 04:42:24.951,1196687360.0,gpt2-inference-5d8458fb46-5jcv6
2026-08-18 04:42:24.951,1150070784.0,gpt2-inference-5d8458fb46-dmj5h
2026-08-18 04:42:24.951,1851932672.0,gpt2-inference-5d8458fb46-ztjcb
2026-08-18 04:42:24.951,1271574528.0,gpt2-inference-5d8458fb46-h27vx
2026-08-18 04:42:24.951,1161785344.0,gpt2-inference-5d8458fb46-9m5td
2026-08-18 04:42:24.951,1281777664.0,gpt2-inference-5d8458fb46-lg46j
2026-08-18 04:42:24.951,1181704192.0,gpt2-inference-5d8458fb46-rzh6r
2026-08-18 04:42:24.951,1154748416.0,gpt2-inference-5d8458fb46-2wnn4
2026-08-18 04:42:24.951,1166852096.0,gpt2-inference-5d8458fb46-klkm9
2026-08-18 04:42:29.951,1161785344.0,gpt2-inference-5d8458fb46-9m5td
2026-08-18 04:42:29.951,1150070784.0,gpt2-inference-5d8458fb46-dmj5h
2026-08-18 04:42:29.951,1281777664.0,gpt2-inference-5d8458fb46-lg46j
2026-08-18 04:42:29.951,1196687360.0,gpt2-inference-5d8458fb46-5jcv6
2026-08-18 04:42:29.951,1851932672.0,gpt2-inference-5d8458fb46-ztjcb
2026-08-18 04:42:29.951,1271574528.0,gpt2-inference-5d8458fb46-h27vx
2026-08-18 04:42:29.951,1181945856.0,gpt2-inference-5d8458fb46-rzh6r
2026-08-18 04:42:29.951,1166852096.0,gpt2-inference-5d8458fb46-klkm9
2026-08-18 04:42:29.951,1154740224.0,gpt2-inference-5d8458fb46-2wnn4
2026-08-18 04:42:34.951,1271574528.0,gpt2-inference-5d8458fb46-h27vx
2026-08-18 04:42:34.951,1851932672.0,gpt2-inference-5d8458fb46-ztjcb
2026-08-18 04:42:34.951,1181945856.0,gpt2-inference-5d8458fb46-rzh6r
2026-08-18 04:42:34.951,1161785344.0,gpt2-inference-5d8458fb46-9m5td
2026-08-18 04:42:34.951,1166856192.0,gpt2-inference-5d8458fb46-klkm9
2026-08-18 04:42:34.951,1150074880.0,gpt2-inference-5d8458fb46-dmj5h
2026-08-18 04:42:34.951,1196691456.0,gpt2-inference-5d8458fb46-5jcv6
2026-08-18 04:42:34.951,1154740224.0,gpt2-inference-5d8458fb46-2wnn4
2026-08-18 04:42:34.951,1281777664.0,gpt2-inference-5d8458fb46-lg46j
2026-08-18 04:42:39.951,1196691456.0,gpt2-inference-5d8458fb46-5jcv6
2026-08-18 04:42:39.951,1166856192.0,gpt2-inference-5d8458fb46-klkm9
2026-08-18 04:42:39.951,1851912192.0,gpt2-inference-5d8458fb46-ztjcb
2026-08-18 04:42:39.951,1271574528.0,gpt2-inference-5d8458fb46-h27vx
2026-08-18 04:42:39.951,1154740224.0,gpt2-inference-5d8458fb46-2wnn4
2026-08-18 04:42:39.951,1161785344.0,gpt2-inference-5d8458fb46-9m5td
2026-08-18 04:42:39.951,1281495040.0,gpt2-inference-5d8458fb46-lg46j
2026-08-18 04:42:39.951,1181470720.0,gpt2-inference-5d8458fb46-rzh6r
2026-08-18 04:42:39.951,1150074880.0,gpt2-inference-5d8458fb46-dmj5h
2026-08-18 04:42:44.951,1154768896.0,gpt2-inference-5d8458fb46-2wnn4
2026-08-18 04:42:44.951,1281495040.0,gpt2-inference-5d8458fb46-lg46j
2026-08-18 04:42:44.951,1161785344.0,gpt2-inference-5d8458fb46-9m5td
2026-08-18 04:42:44.951,1271574528.0,gpt2-inference-5d8458fb46-h27vx
2026-08-18 04:42:44.951,1166856192.0,gpt2-inference-5d8458fb46-klkm9
2026-08-18 04:42:44.951,1150099456.0,gpt2-inference-5d8458fb46-dmj5h
2026-08-18 04:42:44.951,1196691456.0,gpt2-inference-5d8458fb46-5jcv6
2026-08-18 04:42:44.951,1181470720.0,gpt2-inference-5d8458fb46-rzh6r
2026-08-18 04:42:44.951,1851912192.0,gpt2-inference-5d8458fb46-ztjcb
2026-08-18 04:42:49.951,1181470720.0,gpt2-inference-5d8458fb46-rzh6r
2026-08-18 04:42:49.951,1281495040.0,gpt2-inference-5d8458fb46-lg46j
2026-08-18 04:42:49.951,1852166144.0,gpt2-inference-5d8458fb46-ztjcb
2026-08-18 04:42:49.951,1271558144.0,gpt2-inference-5d8458fb46-h27vx
2026-08-18 04:42:49.951,1196691456.0,gpt2-inference-5d8458fb46-5jcv6
2026-08-18 04:42:49.951,1161809920.0,gpt2-inference-5d8458fb46-9m5td
2026-08-18 04:42:49.951,1154768896.0,gpt2-inference-5d8458fb46-2wnn4
2026-08-18 04:42:49.951,1167114240.0,gpt2-inference-5d8458fb46-klkm9
2026-08-18 04:42:49.951,1150099456.0,gpt2-inference-5d8458fb46-dmj5h
2026-08-18 04:42:54.951,1852166144.0,gpt2-inference-5d8458fb46-ztjcb
2026-08-18 04:42:54.951,1196691456.0,gpt2-inference-5d8458fb46-5jcv6
2026-08-18 04:42:54.951,1161809920.0,gpt2-inference-5d8458fb46-9m5td
2026-08-18 04:42:54.951,1282002944.0,gpt2-inference-5d8458fb46-lg46j
2026-08-18 04:42:54.951,1150099456.0,gpt2-inference-5d8458fb46-dmj5h
2026-08-18 04:42:54.951,1271558144.0,gpt2-inference-5d8458fb46-h27vx
2026-08-18 04:42:54.951,1181437952.0,gpt2-inference-5d8458fb46-rzh6r
2026-08-18 04:42:54.951,1167114240.0,gpt2-inference-5d8458fb46-klkm9
2026-08-18 04:42:54.951,1154768896.0,gpt2-inference-5d8458fb46-2wnn4
2026-08-18 04:42:59.951,1167114240.0,gpt2-inference-5d8458fb46-klkm9
2026-08-18 04:42:59.951,1196691456.0,gpt2-inference-5d8458fb46-5jcv6
2026-08-18 04:42:59.951,1161809920.0,gpt2-inference-5d8458fb46-9m5td
2026-08-18 04:42:59.951,1150099456.0,gpt2-inference-5d8458fb46-dmj5h
2026-08-18 04:42:59.951,1271558144.0,gpt2-inference-5d8458fb46-h27vx
2026-08-18 04:42:59.951,1181437952.0,gpt2-inference-5d8458fb46-rzh6r
2026-08-18 04:42:59.951,1282002944.0,gpt2-inference-5d8458fb46-lg46j
2026-08-18 04:42:59.951,1154744320.0,gpt2-inference-5d8458fb46-2wnn4
2026-08-18 04:42:59.951,1852166144.0,gpt2-inference-5d8458fb46-ztjcb
2026-08-18 04:43:04.951,1162301440.0,gpt2-inference-5d8458fb46-9m5td
2026-08-18 04:43:04.951,1154744320.0,gpt2-inference-5d8458fb46-2wnn4
2026-08-18 04:43:04.951,1166827520.0,gpt2-inference-5d8458fb46-klkm9
2026-08-18 04:43:04.951,1852174336.0,gpt2-inference-5d8458fb46-ztjcb
2026-08-18 04:43:04.951,1196929024.0,gpt2-inference-5d8458fb46-5jcv6
2026-08-18 04:43:04.951,1271582720.0,gpt2-inference-5d8458fb46-h27vx
2026-08-18 04:43:04.951,1181446144.0,gpt2-inference-5d8458fb46-rzh6r
2026-08-18 04:43:04.951,1150320640.0,gpt2-inference-5d8458fb46-dmj5h
2026-08-18 04:43:04.951,1282002944.0,gpt2-inference-5d8458fb46-lg46j
2026-08-18 04:43:09.951,1196929024.0,gpt2-inference-5d8458fb46-5jcv6
2026-08-18 04:43:09.951,1166827520.0,gpt2-inference-5d8458fb46-klkm9
2026-08-18 04:43:09.951,1154744320.0,gpt2-inference-5d8458fb46-2wnn4
2026-08-18 04:43:09.951,1271582720.0,gpt2-inference-5d8458fb46-h27vx
2026-08-18 04:43:09.951,1852174336.0,gpt2-inference-5d8458fb46-ztjcb
2026-08-18 04:43:09.951,1281515520.0,gpt2-inference-5d8458fb46-lg46j
2026-08-18 04:43:09.951,1150320640.0,gpt2-inference-5d8458fb46-dmj5h
2026-08-18 04:43:09.951,1181446144.0,gpt2-inference-5d8458fb46-rzh6r
2026-08-18 04:43:09.951,1162301440.0,gpt2-inference-5d8458fb46-9m5td
2026-08-18 04:43:14.951,1281515520.0,gpt2-inference-5d8458fb46-lg46j
2026-08-18 04:43:14.951,1162301440.0,gpt2-inference-5d8458fb46-9m5td
2026-08-18 04:43:14.951,1150586880.0,gpt2-inference-5d8458fb46-dmj5h
2026-08-18 04:43:14.951,1166827520.0,gpt2-inference-5d8458fb46-klkm9
2026-08-18 04:43:14.951,1271582720.0,gpt2-inference-5d8458fb46-h27vx
2026-08-18 04:43:14.951,1181446144.0,gpt2-inference-5d8458fb46-rzh6r
2026-08-18 04:43:14.951,1196929024.0,gpt2-inference-5d8458fb46-5jcv6
2026-08-18 04:43:14.951,1852174336.0,gpt2-inference-5d8458fb46-ztjcb
2026-08-18 04:43:14.951,1154744320.0,gpt2-inference-5d8458fb46-2wnn4
2026-08-18 04:43:19.951,1162072064.0,gpt2-inference-5d8458fb46-9m5td
2026-08-18 04:43:19.951,1154740224.0,gpt2-inference-5d8458fb46-2wnn4
2026-08-18 04:43:19.951,1166827520.0,gpt2-inference-5d8458fb46-klkm9
2026-08-18 04:43:19.951,1851916288.0,gpt2-inference-5d8458fb46-ztjcb
2026-08-18 04:43:19.951,1150586880.0,gpt2-inference-5d8458fb46-dmj5h
2026-08-18 04:43:19.951,1181446144.0,gpt2-inference-5d8458fb46-rzh6r
2026-08-18 04:43:19.951,1281515520.0,gpt2-inference-5d8458fb46-lg46j
2026-08-18 04:43:19.951,1196929024.0,gpt2-inference-5d8458fb46-5jcv6
2026-08-18 04:43:19.951,1271554048.0,gpt2-inference-5d8458fb46-h27vx
2026-08-18 04:43:24.951,1197199360.0,gpt2-inference-5d8458fb46-5jcv6
2026-08-18 04:43:24.951,1162072064.0,gpt2-inference-5d8458fb46-9m5td
2026-08-18 04:43:24.951,1281515520.0,gpt2-inference-5d8458fb46-lg46j
2026-08-18 04:43:24.951,1154740224.0,gpt2-inference-5d8458fb46-2wnn4
2026-08-18 04:43:24.951,1271554048.0,gpt2-inference-5d8458fb46-h27vx
2026-08-18 04:43:24.951,1181700096.0,gpt2-inference-5d8458fb46-rzh6r
2026-08-18 04:43:24.951,1166827520.0,gpt2-inference-5d8458fb46-klkm9
2026-08-18 04:43:24.951,1851916288.0,gpt2-inference-5d8458fb46-ztjcb
2026-08-18 04:43:24.951,1150586880.0,gpt2-inference-5d8458fb46-dmj5h
2026-08-18 04:43:29.951,1197199360.0,gpt2-inference-5d8458fb46-5jcv6
2026-08-18 04:43:29.951,1281523712.0,gpt2-inference-5d8458fb46-lg46j
2026-08-18 04:43:29.951,1154740224.0,gpt2-inference-5d8458fb46-2wnn4
2026-08-18 04:43:29.951,1166827520.0,gpt2-inference-5d8458fb46-klkm9
2026-08-18 04:43:29.951,1162072064.0,gpt2-inference-5d8458fb46-9m5td
2026-08-18 04:43:29.951,1181700096.0,gpt2-inference-5d8458fb46-rzh6r
2026-08-18 04:43:29.951,1150586880.0,gpt2-inference-5d8458fb46-dmj5h
2026-08-18 04:43:29.951,1271549952.0,gpt2-inference-5d8458fb46-h27vx
2026-08-18 04:43:29.951,1851916288.0,gpt2-inference-5d8458fb46-ztjcb
2026-08-18 04:43:34.951,1154736128.0,gpt2-inference-5d8458fb46-2wnn4
2026-08-18 04:43:34.951,1150070784.0,gpt2-inference-5d8458fb46-dmj5h
2026-08-18 04:43:34.951,1271549952.0,gpt2-inference-5d8458fb46-h27vx
2026-08-18 04:43:34.951,1851916288.0,gpt2-inference-5d8458fb46-ztjcb
2026-08-18 04:43:34.951,1197199360.0,gpt2-inference-5d8458fb46-5jcv6
2026-08-18 04:43:34.951,1181700096.0,gpt2-inference-5d8458fb46-rzh6r
2026-08-18 04:43:34.951,1281523712.0,gpt2-inference-5d8458fb46-lg46j
2026-08-18 04:43:34.951,1161785344.0,gpt2-inference-5d8458fb46-9m5td
2026-08-18 04:43:34.951,1166827520.0,gpt2-inference-5d8458fb46-klkm9
2026-08-18 04:43:39.951,1281523712.0,gpt2-inference-5d8458fb46-lg46j
2026-08-18 04:43:39.951,1154736128.0,gpt2-inference-5d8458fb46-2wnn4
2026-08-18 04:43:39.951,1150070784.0,gpt2-inference-5d8458fb46-dmj5h
2026-08-18 04:43:39.951,1851916288.0,gpt2-inference-5d8458fb46-ztjcb
2026-08-18 04:43:39.951,1271549952.0,gpt2-inference-5d8458fb46-h27vx
2026-08-18 04:43:39.951,1181753344.0,gpt2-inference-5d8458fb46-rzh6r
2026-08-18 04:43:39.951,1196687360.0,gpt2-inference-5d8458fb46-5jcv6
2026-08-18 04:43:39.951,1161785344.0,gpt2-inference-5d8458fb46-9m5td
2026-08-18 04:43:39.951,1166827520.0,gpt2-inference-5d8458fb46-klkm9
2026-08-18 04:43:44.951,1281519616.0,gpt2-inference-5d8458fb46-lg46j
2026-08-18 04:43:44.951,1166827520.0,gpt2-inference-5d8458fb46-klkm9
2026-08-18 04:43:44.951,1271554048.0,gpt2-inference-5d8458fb46-h27vx
2026-08-18 04:43:44.951,1161785344.0,gpt2-inference-5d8458fb46-9m5td
2026-08-18 04:43:44.951,1196687360.0,gpt2-inference-5d8458fb46-5jcv6
2026-08-18 04:43:44.951,1150353408.0,gpt2-inference-5d8458fb46-dmj5h
2026-08-18 04:43:44.951,1154736128.0,gpt2-inference-5d8458fb46-2wnn4
2026-08-18 04:43:44.951,1181753344.0,gpt2-inference-5d8458fb46-rzh6r
2026-08-18 04:43:44.951,1851916288.0,gpt2-inference-5d8458fb46-ztjcb
2026-08-18 04:43:49.951,1181753344.0,gpt2-inference-5d8458fb46-rzh6r
2026-08-18 04:43:49.951,1166827520.0,gpt2-inference-5d8458fb46-klkm9
2026-08-18 04:43:49.951,1271554048.0,gpt2-inference-5d8458fb46-h27vx
2026-08-18 04:43:49.951,1161785344.0,gpt2-inference-5d8458fb46-9m5td
2026-08-18 04:43:49.951,1196687360.0,gpt2-inference-5d8458fb46-5jcv6
2026-08-18 04:43:49.951,1281519616.0,gpt2-inference-5d8458fb46-lg46j
2026-08-18 04:43:49.951,1150353408.0,gpt2-inference-5d8458fb46-dmj5h
2026-08-18 04:43:49.951,1154764800.0,gpt2-inference-5d8458fb46-2wnn4
2026-08-18 04:43:49.951,1852174336.0,gpt2-inference-5d8458fb46-ztjcb
2026-08-18 04:43:54.951,1271554048.0,gpt2-inference-5d8458fb46-h27vx
2026-08-18 04:43:54.951,1281519616.0,gpt2-inference-5d8458fb46-lg46j
2026-08-18 04:43:54.951,1166823424.0,gpt2-inference-5d8458fb46-klkm9
2026-08-18 04:43:54.951,1150353408.0,gpt2-inference-5d8458fb46-dmj5h
2026-08-18 04:43:54.951,1161785344.0,gpt2-inference-5d8458fb46-9m5td
2026-08-18 04:43:54.951,1181446144.0,gpt2-inference-5d8458fb46-rzh6r
2026-08-18 04:43:54.951,1154764800.0,gpt2-inference-5d8458fb46-2wnn4
2026-08-18 04:43:54.951,1852174336.0,gpt2-inference-5d8458fb46-ztjcb
2026-08-18 04:43:54.951,1196691456.0,gpt2-inference-5d8458fb46-5jcv6
2026-08-18 04:43:59.951,1161785344.0,gpt2-inference-5d8458fb46-9m5td
2026-08-18 04:43:59.951,1154764800.0,gpt2-inference-5d8458fb46-2wnn4
2026-08-18 04:43:59.951,1271554048.0,gpt2-inference-5d8458fb46-h27vx
2026-08-18 04:43:59.951,1852145664.0,gpt2-inference-5d8458fb46-ztjcb
2026-08-18 04:43:59.951,1281519616.0,gpt2-inference-5d8458fb46-lg46j
2026-08-18 04:43:59.951,1150353408.0,gpt2-inference-5d8458fb46-dmj5h
2026-08-18 04:43:59.951,1181446144.0,gpt2-inference-5d8458fb46-rzh6r
2026-08-18 04:43:59.951,1166823424.0,gpt2-inference-5d8458fb46-klkm9
2026-08-18 04:43:59.951,1196691456.0,gpt2-inference-5d8458fb46-5jcv6
2026-08-18 04:44:04.951,1161785344.0,gpt2-inference-5d8458fb46-9m5td
2026-08-18 04:44:04.951,1281777664.0,gpt2-inference-5d8458fb46-lg46j
2026-08-18 04:44:04.951,1166835712.0,gpt2-inference-5d8458fb46-klkm9
2026-08-18 04:44:04.951,1271603200.0,gpt2-inference-5d8458fb46-h27vx
2026-08-18 04:44:04.951,1150337024.0,gpt2-inference-5d8458fb46-dmj5h
2026-08-18 04:44:04.951,1852145664.0,gpt2-inference-5d8458fb46-ztjcb
2026-08-18 04:44:04.951,1196691456.0,gpt2-inference-5d8458fb46-5jcv6
2026-08-18 04:44:04.951,1154740224.0,gpt2-inference-5d8458fb46-2wnn4
2026-08-18 04:44:04.951,1181720576.0,gpt2-inference-5d8458fb46-rzh6r
2026-08-18 04:44:09.951,1196687360.0,gpt2-inference-5d8458fb46-5jcv6
2026-08-18 04:44:09.951,1852145664.0,gpt2-inference-5d8458fb46-ztjcb
2026-08-18 04:44:09.951,1154740224.0,gpt2-inference-5d8458fb46-2wnn4
2026-08-18 04:44:09.951,1161785344.0,gpt2-inference-5d8458fb46-9m5td
2026-08-18 04:44:09.951,1181720576.0,gpt2-inference-5d8458fb46-rzh6r
2026-08-18 04:44:09.951,1150337024.0,gpt2-inference-5d8458fb46-dmj5h
2026-08-18 04:44:09.951,1281777664.0,gpt2-inference-5d8458fb46-lg46j
2026-08-18 04:44:09.951,1166835712.0,gpt2-inference-5d8458fb46-klkm9
2026-08-18 04:44:09.951,1271603200.0,gpt2-inference-5d8458fb46-h27vx
2026-08-18 04:44:14.951,1150296064.0,gpt2-inference-5d8458fb46-dmj5h
2026-08-18 04:44:14.951,1281777664.0,gpt2-inference-5d8458fb46-lg46j
2026-08-18 04:44:14.951,1161785344.0,gpt2-inference-5d8458fb46-9m5td
2026-08-18 04:44:14.951,1852211200.0,gpt2-inference-5d8458fb46-ztjcb
2026-08-18 04:44:14.951,1166827520.0,gpt2-inference-5d8458fb46-klkm9
2026-08-18 04:44:14.951,1154740224.0,gpt2-inference-5d8458fb46-2wnn4
2026-08-18 04:44:14.951,1271603200.0,gpt2-inference-5d8458fb46-h27vx
2026-08-18 04:44:14.951,1196687360.0,gpt2-inference-5d8458fb46-5jcv6
2026-08-18 04:44:14.951,1181720576.0,gpt2-inference-5d8458fb46-rzh6r
2026-08-18 04:44:19.951,1161785344.0,gpt2-inference-5d8458fb46-9m5td
2026-08-18 04:44:19.951,1852211200.0,gpt2-inference-5d8458fb46-ztjcb
2026-08-18 04:44:19.951,1196687360.0,gpt2-inference-5d8458fb46-5jcv6
2026-08-18 04:44:19.951,1281490944.0,gpt2-inference-5d8458fb46-lg46j
2026-08-18 04:44:19.951,1166827520.0,gpt2-inference-5d8458fb46-klkm9
2026-08-18 04:44:19.951,1154760704.0,gpt2-inference-5d8458fb46-2wnn4
2026-08-18 04:44:19.951,1271558144.0,gpt2-inference-5d8458fb46-h27vx
2026-08-18 04:44:19.951,1181720576.0,gpt2-inference-5d8458fb46-rzh6r
2026-08-18 04:44:19.951,1150296064.0,gpt2-inference-5d8458fb46-dmj5h
2026-08-18 04:44:24.951,1852211200.0,gpt2-inference-5d8458fb46-ztjcb
2026-08-18 04:44:24.951,1166827520.0,gpt2-inference-5d8458fb46-klkm9
2026-08-18 04:44:24.951,1281490944.0,gpt2-inference-5d8458fb46-lg46j
2026-08-18 04:44:24.951,1161785344.0,gpt2-inference-5d8458fb46-9m5td
2026-08-18 04:44:24.951,1181446144.0,gpt2-inference-5d8458fb46-rzh6r
2026-08-18 04:44:24.951,1196687360.0,gpt2-inference-5d8458fb46-5jcv6
2026-08-18 04:44:24.951,1271558144.0,gpt2-inference-5d8458fb46-h27vx
2026-08-18 04:44:24.951,1150296064.0,gpt2-inference-5d8458fb46-dmj5h
2026-08-18 04:44:24.951,1154760704.0,gpt2-inference-5d8458fb46-2wnn4
2026-08-18 04:44:29.951,1271558144.0,gpt2-inference-5d8458fb46-h27vx
2026-08-18 04:44:29.951,1161785344.0,gpt2-inference-5d8458fb46-9m5td
2026-08-18 04:44:29.951,1281490944.0,gpt2-inference-5d8458fb46-lg46j
2026-08-18 04:44:29.951,1154760704.0,gpt2-inference-5d8458fb46-2wnn4
2026-08-18 04:44:29.951,1166823424.0,gpt2-inference-5d8458fb46-klkm9
2026-08-18 04:44:29.951,1150332928.0,gpt2-inference-5d8458fb46-dmj5h
2026-08-18 04:44:29.951,1196912640.0,gpt2-inference-5d8458fb46-5jcv6
2026-08-18 04:44:29.951,1181446144.0,gpt2-inference-5d8458fb46-rzh6r
2026-08-18 04:44:29.951,1851916288.0,gpt2-inference-5d8458fb46-ztjcb
2026-08-18 04:44:34.951,1161785344.0,gpt2-inference-5d8458fb46-9m5td
2026-08-18 04:44:34.951,1181446144.0,gpt2-inference-5d8458fb46-rzh6r
2026-08-18 04:44:34.951,1196912640.0,gpt2-inference-5d8458fb46-5jcv6
2026-08-18 04:44:34.951,1150332928.0,gpt2-inference-5d8458fb46-dmj5h
2026-08-18 04:44:34.951,1271558144.0,gpt2-inference-5d8458fb46-h27vx
2026-08-18 04:44:34.951,1155002368.0,gpt2-inference-5d8458fb46-2wnn4
2026-08-18 04:44:34.951,1166823424.0,gpt2-inference-5d8458fb46-klkm9
2026-08-18 04:44:34.951,1851916288.0,gpt2-inference-5d8458fb46-ztjcb
2026-08-18 04:44:34.951,1281490944.0,gpt2-inference-5d8458fb46-lg46j
2026-08-18 04:44:39.951,1150074880.0,gpt2-inference-5d8458fb46-dmj5h
2026-08-18 04:44:39.951,1181446144.0,gpt2-inference-5d8458fb46-rzh6r
2026-08-18 04:44:39.951,1281757184.0,gpt2-inference-5d8458fb46-lg46j
2026-08-18 04:44:39.951,1851916288.0,gpt2-inference-5d8458fb46-ztjcb
2026-08-18 04:44:39.951,1161785344.0,gpt2-inference-5d8458fb46-9m5td
2026-08-18 04:44:39.951,1155002368.0,gpt2-inference-5d8458fb46-2wnn4
2026-08-18 04:44:39.951,1196912640.0,gpt2-inference-5d8458fb46-5jcv6
2026-08-18 04:44:39.951,1271558144.0,gpt2-inference-5d8458fb46-h27vx
2026-08-18 04:44:39.951,1166823424.0,gpt2-inference-5d8458fb46-klkm9
2026-08-18 04:44:44.951,1166823424.0,gpt2-inference-5d8458fb46-klkm9
2026-08-18 04:44:44.951,1161785344.0,gpt2-inference-5d8458fb46-9m5td
2026-08-18 04:44:44.951,1181442048.0,gpt2-inference-5d8458fb46-rzh6r
2026-08-18 04:44:44.951,1271558144.0,gpt2-inference-5d8458fb46-h27vx
2026-08-18 04:44:44.951,1196912640.0,gpt2-inference-5d8458fb46-5jcv6
2026-08-18 04:44:44.951,1851916288.0,gpt2-inference-5d8458fb46-ztjcb
2026-08-18 04:44:44.951,1155002368.0,gpt2-inference-5d8458fb46-2wnn4
2026-08-18 04:44:44.951,1150074880.0,gpt2-inference-5d8458fb46-dmj5h
2026-08-18 04:44:44.951,1281757184.0,gpt2-inference-5d8458fb46-lg46j
2026-08-18 04:44:49.951,1166827520.0,gpt2-inference-5d8458fb46-klkm9
2026-08-18 04:44:49.951,1271558144.0,gpt2-inference-5d8458fb46-h27vx
2026-08-18 04:44:49.951,1196683264.0,gpt2-inference-5d8458fb46-5jcv6
2026-08-18 04:44:49.951,1155252224.0,gpt2-inference-5d8458fb46-2wnn4
2026-08-18 04:44:49.951,1150074880.0,gpt2-inference-5d8458fb46-dmj5h
2026-08-18 04:44:49.951,1181442048.0,gpt2-inference-5d8458fb46-rzh6r
2026-08-18 04:44:49.951,1162010624.0,gpt2-inference-5d8458fb46-9m5td
2026-08-18 04:44:49.951,1281523712.0,gpt2-inference-5d8458fb46-lg46j
2026-08-18 04:44:49.951,1851916288.0,gpt2-inference-5d8458fb46-ztjcb
2026-08-18 04:44:54.951,1181442048.0,gpt2-inference-5d8458fb46-rzh6r
2026-08-18 04:44:54.951,1271558144.0,gpt2-inference-5d8458fb46-h27vx
2026-08-18 04:44:54.951,1196683264.0,gpt2-inference-5d8458fb46-5jcv6
2026-08-18 04:44:54.951,1150103552.0,gpt2-inference-5d8458fb46-dmj5h
2026-08-18 04:44:54.951,1851916288.0,gpt2-inference-5d8458fb46-ztjcb
2026-08-18 04:44:54.951,1166827520.0,gpt2-inference-5d8458fb46-klkm9
2026-08-18 04:44:54.951,1162010624.0,gpt2-inference-5d8458fb46-9m5td
2026-08-18 04:44:54.951,1281523712.0,gpt2-inference-5d8458fb46-lg46j
2026-08-18 04:44:54.951,1155252224.0,gpt2-inference-5d8458fb46-2wnn4
2026-08-18 04:44:59.951,1272098816.0,gpt2-inference-5d8458fb46-h27vx
2026-08-18 04:44:59.951,1162010624.0,gpt2-inference-5d8458fb46-9m5td
2026-08-18 04:44:59.951,1181462528.0,gpt2-inference-5d8458fb46-rzh6r
2026-08-18 04:44:59.951,1155252224.0,gpt2-inference-5d8458fb46-2wnn4
2026-08-18 04:44:59.951,1196683264.0,gpt2-inference-5d8458fb46-5jcv6
2026-08-18 04:44:59.951,1851916288.0,gpt2-inference-5d8458fb46-ztjcb
2026-08-18 04:44:59.951,1167101952.0,gpt2-inference-5d8458fb46-klkm9
2026-08-18 04:44:59.951,1281523712.0,gpt2-inference-5d8458fb46-lg46j
2026-08-18 04:44:59.951,1150103552.0,gpt2-inference-5d8458fb46-dmj5h
2026-08-18 04:45:04.951,1181462528.0,gpt2-inference-5d8458fb46-rzh6r
2026-08-18 04:45:04.951,1281523712.0,gpt2-inference-5d8458fb46-lg46j
2026-08-18 04:45:04.951,1150103552.0,gpt2-inference-5d8458fb46-dmj5h
2026-08-18 04:45:04.951,1161789440.0,gpt2-inference-5d8458fb46-9m5td
2026-08-18 04:45:04.951,1272098816.0,gpt2-inference-5d8458fb46-h27vx
2026-08-18 04:45:04.951,1851916288.0,gpt2-inference-5d8458fb46-ztjcb
2026-08-18 04:45:04.951,1154736128.0,gpt2-inference-5d8458fb46-2wnn4
2026-08-18 04:45:04.951,1167101952.0,gpt2-inference-5d8458fb46-klkm9
2026-08-18 04:45:04.951,1196687360.0,gpt2-inference-5d8458fb46-5jcv6
2026-08-18 04:45:09.951,1181691904.0,gpt2-inference-5d8458fb46-rzh6r
2026-08-18 04:45:09.951,1150091264.0,gpt2-inference-5d8458fb46-dmj5h
2026-08-18 04:45:09.951,1161789440.0,gpt2-inference-5d8458fb46-9m5td
2026-08-18 04:45:09.951,1851916288.0,gpt2-inference-5d8458fb46-ztjcb
2026-08-18 04:45:09.951,1154736128.0,gpt2-inference-5d8458fb46-2wnn4
2026-08-18 04:45:09.951,1281499136.0,gpt2-inference-5d8458fb46-lg46j
2026-08-18 04:45:09.951,1167101952.0,gpt2-inference-5d8458fb46-klkm9
2026-08-18 04:45:09.951,1196687360.0,gpt2-inference-5d8458fb46-5jcv6
2026-08-18 04:45:09.951,1272098816.0,gpt2-inference-5d8458fb46-h27vx
2026-08-18 04:45:14.951,1281499136.0,gpt2-inference-5d8458fb46-lg46j
2026-08-18 04:45:14.951,1181691904.0,gpt2-inference-5d8458fb46-rzh6r
2026-08-18 04:45:14.951,1150091264.0,gpt2-inference-5d8458fb46-dmj5h
2026-08-18 04:45:14.951,1272098816.0,gpt2-inference-5d8458fb46-h27vx
2026-08-18 04:45:14.951,1196687360.0,gpt2-inference-5d8458fb46-5jcv6
2026-08-18 04:45:14.951,1167101952.0,gpt2-inference-5d8458fb46-klkm9
2026-08-18 04:45:14.951,1161789440.0,gpt2-inference-5d8458fb46-9m5td
2026-08-18 04:45:14.951,1851912192.0,gpt2-inference-5d8458fb46-ztjcb
2026-08-18 04:45:14.951,1154736128.0,gpt2-inference-5d8458fb46-2wnn4
2026-08-18 04:45:19.951,1181691904.0,gpt2-inference-5d8458fb46-rzh6r
2026-08-18 04:45:19.951,1196687360.0,gpt2-inference-5d8458fb46-5jcv6
2026-08-18 04:45:19.951,1281499136.0,gpt2-inference-5d8458fb46-lg46j
2026-08-18 04:45:19.951,1271558144.0,gpt2-inference-5d8458fb46-h27vx
2026-08-18 04:45:19.951,1851912192.0,gpt2-inference-5d8458fb46-ztjcb
2026-08-18 04:45:19.951,1166823424.0,gpt2-inference-5d8458fb46-klkm9
2026-08-18 04:45:19.951,1150091264.0,gpt2-inference-5d8458fb46-dmj5h
2026-08-18 04:45:19.951,1161789440.0,gpt2-inference-5d8458fb46-9m5td
2026-08-18 04:45:19.951,1154736128.0,gpt2-inference-5d8458fb46-2wnn4
2026-08-18 04:45:24.951,1196687360.0,gpt2-inference-5d8458fb46-5jcv6
2026-08-18 04:45:24.951,1851912192.0,gpt2-inference-5d8458fb46-ztjcb
2026-08-18 04:45:24.951,1166823424.0,gpt2-inference-5d8458fb46-klkm9
2026-08-18 04:45:24.951,1271558144.0,gpt2-inference-5d8458fb46-h27vx
2026-08-18 04:45:24.951,1155248128.0,gpt2-inference-5d8458fb46-2wnn4
2026-08-18 04:45:24.951,1161785344.0,gpt2-inference-5d8458fb46-9m5td
2026-08-18 04:45:24.951,1150582784.0,gpt2-inference-5d8458fb46-dmj5h
2026-08-18 04:45:24.951,1181700096.0,gpt2-inference-5d8458fb46-rzh6r
2026-08-18 04:45:24.951,1281753088.0,gpt2-inference-5d8458fb46-lg46j
2026-08-18 04:45:29.951,1166823424.0,gpt2-inference-5d8458fb46-klkm9
2026-08-18 04:45:29.951,1181700096.0,gpt2-inference-5d8458fb46-rzh6r
2026-08-18 04:45:29.951,1150582784.0,gpt2-inference-5d8458fb46-dmj5h
2026-08-18 04:45:29.951,1196683264.0,gpt2-inference-5d8458fb46-5jcv6
2026-08-18 04:45:29.951,1155248128.0,gpt2-inference-5d8458fb46-2wnn4
2026-08-18 04:45:29.951,1271558144.0,gpt2-inference-5d8458fb46-h27vx
2026-08-18 04:45:29.951,1281753088.0,gpt2-inference-5d8458fb46-lg46j
2026-08-18 04:45:29.951,1161785344.0,gpt2-inference-5d8458fb46-9m5td
2026-08-18 04:45:29.951,1852170240.0,gpt2-inference-5d8458fb46-ztjcb
2026-08-18 04:45:34.951,1181700096.0,gpt2-inference-5d8458fb46-rzh6r
2026-08-18 04:45:34.951,1166827520.0,gpt2-inference-5d8458fb46-klkm9
2026-08-18 04:45:34.951,1281753088.0,gpt2-inference-5d8458fb46-lg46j
2026-08-18 04:45:34.951,1161785344.0,gpt2-inference-5d8458fb46-9m5td
2026-08-18 04:45:34.951,1196683264.0,gpt2-inference-5d8458fb46-5jcv6
2026-08-18 04:45:34.951,1271558144.0,gpt2-inference-5d8458fb46-h27vx
2026-08-18 04:45:34.951,1852170240.0,gpt2-inference-5d8458fb46-ztjcb
2026-08-18 04:45:34.951,1155248128.0,gpt2-inference-5d8458fb46-2wnn4
2026-08-18 04:45:34.951,1150582784.0,gpt2-inference-5d8458fb46-dmj5h
2026-08-18 04:45:39.951,1181442048.0,gpt2-inference-5d8458fb46-rzh6r
2026-08-18 04:45:39.951,1196683264.0,gpt2-inference-5d8458fb46-5jcv6
2026-08-18 04:45:39.951,1271558144.0,gpt2-inference-5d8458fb46-h27vx
2026-08-18 04:45:39.951,1852170240.0,gpt2-inference-5d8458fb46-ztjcb
2026-08-18 04:45:39.951,1154985984.0,gpt2-inference-5d8458fb46-2wnn4
2026-08-18 04:45:39.951,1161781248.0,gpt2-inference-5d8458fb46-9m5td
2026-08-18 04:45:39.951,1281753088.0,gpt2-inference-5d8458fb46-lg46j
2026-08-18 04:45:39.951,1166827520.0,gpt2-inference-5d8458fb46-klkm9
2026-08-18 04:45:39.951,1150300160.0,gpt2-inference-5d8458fb46-dmj5h
2026-08-18 04:45:44.951,1166827520.0,gpt2-inference-5d8458fb46-klkm9
2026-08-18 04:45:44.951,1154985984.0,gpt2-inference-5d8458fb46-2wnn4
2026-08-18 04:45:44.951,1181442048.0,gpt2-inference-5d8458fb46-rzh6r
2026-08-18 04:45:44.951,1150300160.0,gpt2-inference-5d8458fb46-dmj5h
2026-08-18 04:45:44.951,1271558144.0,gpt2-inference-5d8458fb46-h27vx
2026-08-18 04:45:44.951,1196937216.0,gpt2-inference-5d8458fb46-5jcv6
2026-08-18 04:45:44.951,1161781248.0,gpt2-inference-5d8458fb46-9m5td
2026-08-18 04:45:44.951,1281495040.0,gpt2-inference-5d8458fb46-lg46j
2026-08-18 04:45:44.951,1852170240.0,gpt2-inference-5d8458fb46-ztjcb
2026-08-18 04:45:49.951,1851916288.0,gpt2-inference-5d8458fb46-ztjcb
2026-08-18 04:45:49.951,1196937216.0,gpt2-inference-5d8458fb46-5jcv6
2026-08-18 04:45:49.951,1150300160.0,gpt2-inference-5d8458fb46-dmj5h
2026-08-18 04:45:49.951,1271558144.0,gpt2-inference-5d8458fb46-h27vx
2026-08-18 04:45:49.951,1154985984.0,gpt2-inference-5d8458fb46-2wnn4
2026-08-18 04:45:49.951,1161781248.0,gpt2-inference-5d8458fb46-9m5td
2026-08-18 04:45:49.951,1166827520.0,gpt2-inference-5d8458fb46-klkm9
2026-08-18 04:45:49.951,1281495040.0,gpt2-inference-5d8458fb46-lg46j
2026-08-18 04:45:49.951,1181442048.0,gpt2-inference-5d8458fb46-rzh6r
2026-08-18 04:45:54.951,1196937216.0,gpt2-inference-5d8458fb46-5jcv6
2026-08-18 04:45:54.951,1181949952.0,gpt2-inference-5d8458fb46-rzh6r
2026-08-18 04:45:54.951,1271816192.0,gpt2-inference-5d8458fb46-h27vx
2026-08-18 04:45:54.951,1154756608.0,gpt2-inference-5d8458fb46-2wnn4
2026-08-18 04:45:54.951,1851916288.0,gpt2-inference-5d8458fb46-ztjcb
2026-08-18 04:45:54.951,1281495040.0,gpt2-inference-5d8458fb46-lg46j
2026-08-18 04:45:54.951,1161801728.0,gpt2-inference-5d8458fb46-9m5td
2026-08-18 04:45:54.951,1166827520.0,gpt2-inference-5d8458fb46-klkm9
2026-08-18 04:45:54.951,1150078976.0,gpt2-inference-5d8458fb46-dmj5h
2026-08-18 04:45:59.951,1281499136.0,gpt2-inference-5d8458fb46-lg46j
2026-08-18 04:45:59.951,1271816192.0,gpt2-inference-5d8458fb46-h27vx
2026-08-18 04:45:59.951,1161801728.0,gpt2-inference-5d8458fb46-9m5td
2026-08-18 04:45:59.951,1181949952.0,gpt2-inference-5d8458fb46-rzh6r
2026-08-18 04:45:59.951,1196908544.0,gpt2-inference-5d8458fb46-5jcv6
2026-08-18 04:45:59.951,1166827520.0,gpt2-inference-5d8458fb46-klkm9
2026-08-18 04:45:59.951,1851916288.0,gpt2-inference-5d8458fb46-ztjcb
2026-08-18 04:45:59.951,1150078976.0,gpt2-inference-5d8458fb46-dmj5h
2026-08-18 04:45:59.951,1154756608.0,gpt2-inference-5d8458fb46-2wnn4
2026-08-18 04:46:04.951,1271816192.0,gpt2-inference-5d8458fb46-h27vx
2026-08-18 04:46:04.951,1166827520.0,gpt2-inference-5d8458fb46-klkm9
2026-08-18 04:46:04.951,1161801728.0,gpt2-inference-5d8458fb46-9m5td
2026-08-18 04:46:04.951,1181949952.0,gpt2-inference-5d8458fb46-rzh6r
2026-08-18 04:46:04.951,1851916288.0,gpt2-inference-5d8458fb46-ztjcb
2026-08-18 04:46:04.951,1154756608.0,gpt2-inference-5d8458fb46-2wnn4
2026-08-18 04:46:04.951,1150078976.0,gpt2-inference-5d8458fb46-dmj5h
2026-08-18 04:46:04.951,1281499136.0,gpt2-inference-5d8458fb46-lg46j
2026-08-18 04:46:04.951,1196908544.0,gpt2-inference-5d8458fb46-5jcv6
2026-08-18 04:46:09.951,1196908544.0,gpt2-inference-5d8458fb46-5jcv6
2026-08-18 04:46:09.951,1161781248.0,gpt2-inference-5d8458fb46-9m5td
2026-08-18 04:46:09.951,1852162048.0,gpt2-inference-5d8458fb46-ztjcb
2026-08-18 04:46:09.951,1281499136.0,gpt2-inference-5d8458fb46-lg46j
2026-08-18 04:46:09.951,1271816192.0,gpt2-inference-5d8458fb46-h27vx
2026-08-18 04:46:09.951,1150300160.0,gpt2-inference-5d8458fb46-dmj5h
2026-08-18 04:46:09.951,1181483008.0,gpt2-inference-5d8458fb46-rzh6r
2026-08-18 04:46:09.951,1154756608.0,gpt2-inference-5d8458fb46-2wnn4
2026-08-18 04:46:09.951,1166827520.0,gpt2-inference-5d8458fb46-klkm9
2026-08-18 04:46:14.951,1852162048.0,gpt2-inference-5d8458fb46-ztjcb
2026-08-18 04:46:14.951,1281523712.0,gpt2-inference-5d8458fb46-lg46j
2026-08-18 04:46:14.951,1150300160.0,gpt2-inference-5d8458fb46-dmj5h
2026-08-18 04:46:14.951,1181483008.0,gpt2-inference-5d8458fb46-rzh6r
2026-08-18 04:46:14.951,1166827520.0,gpt2-inference-5d8458fb46-klkm9
2026-08-18 04:46:14.951,1271554048.0,gpt2-inference-5d8458fb46-h27vx
2026-08-18 04:46:14.951,1197174784.0,gpt2-inference-5d8458fb46-5jcv6
2026-08-18 04:46:14.951,1154732032.0,gpt2-inference-5d8458fb46-2wnn4
2026-08-18 04:46:14.951,1161781248.0,gpt2-inference-5d8458fb46-9m5td
2026-08-18 04:46:19.951,1166827520.0,gpt2-inference-5d8458fb46-klkm9
2026-08-18 04:46:19.951,1281523712.0,gpt2-inference-5d8458fb46-lg46j
2026-08-18 04:46:19.951,1154732032.0,gpt2-inference-5d8458fb46-2wnn4
2026-08-18 04:46:19.951,1271554048.0,gpt2-inference-5d8458fb46-h27vx
2026-08-18 04:46:19.951,1181483008.0,gpt2-inference-5d8458fb46-rzh6r
2026-08-18 04:46:19.951,1150300160.0,gpt2-inference-5d8458fb46-dmj5h
2026-08-18 04:46:19.951,1161781248.0,gpt2-inference-5d8458fb46-9m5td
2026-08-18 04:46:19.951,1852162048.0,gpt2-inference-5d8458fb46-ztjcb
2026-08-18 04:46:19.951,1197174784.0,gpt2-inference-5d8458fb46-5jcv6
2026-08-18 04:46:24.951,1150296064.0,gpt2-inference-5d8458fb46-dmj5h
2026-08-18 04:46:24.951,1181446144.0,gpt2-inference-5d8458fb46-rzh6r
2026-08-18 04:46:24.951,1851936768.0,gpt2-inference-5d8458fb46-ztjcb
2026-08-18 04:46:24.951,1154732032.0,gpt2-inference-5d8458fb46-2wnn4
2026-08-18 04:46:24.951,1271554048.0,gpt2-inference-5d8458fb46-h27vx
2026-08-18 04:46:24.951,1166827520.0,gpt2-inference-5d8458fb46-klkm9
2026-08-18 04:46:24.951,1161781248.0,gpt2-inference-5d8458fb46-9m5td
2026-08-18 04:46:24.951,1281495040.0,gpt2-inference-5d8458fb46-lg46j
2026-08-18 04:46:24.951,1197174784.0,gpt2-inference-5d8458fb46-5jcv6
2026-08-18 04:46:29.951,1181446144.0,gpt2-inference-5d8458fb46-rzh6r
2026-08-18 04:46:29.951,1271554048.0,gpt2-inference-5d8458fb46-h27vx
2026-08-18 04:46:29.951,1161785344.0,gpt2-inference-5d8458fb46-9m5td
2026-08-18 04:46:29.951,1166823424.0,gpt2-inference-5d8458fb46-klkm9
2026-08-18 04:46:29.951,1150296064.0,gpt2-inference-5d8458fb46-dmj5h
2026-08-18 04:46:29.951,1281495040.0,gpt2-inference-5d8458fb46-lg46j
2026-08-18 04:46:29.951,1197174784.0,gpt2-inference-5d8458fb46-5jcv6
2026-08-18 04:46:29.951,1154961408.0,gpt2-inference-5d8458fb46-2wnn4
2026-08-18 04:46:29.951,1851936768.0,gpt2-inference-5d8458fb46-ztjcb
2026-08-18 04:46:34.951,1271578624.0,gpt2-inference-5d8458fb46-h27vx
2026-08-18 04:46:34.951,1166823424.0,gpt2-inference-5d8458fb46-klkm9
2026-08-18 04:46:34.951,1161785344.0,gpt2-inference-5d8458fb46-9m5td
2026-08-18 04:46:34.951,1154961408.0,gpt2-inference-5d8458fb46-2wnn4
2026-08-18 04:46:34.951,1851936768.0,gpt2-inference-5d8458fb46-ztjcb
2026-08-18 04:46:34.951,1281495040.0,gpt2-inference-5d8458fb46-lg46j
2026-08-18 04:46:34.951,1181446144.0,gpt2-inference-5d8458fb46-rzh6r
2026-08-18 04:46:34.951,1150296064.0,gpt2-inference-5d8458fb46-dmj5h
2026-08-18 04:46:34.951,1196695552.0,gpt2-inference-5d8458fb46-5jcv6
2026-08-18 04:46:39.951,1196695552.0,gpt2-inference-5d8458fb46-5jcv6
2026-08-18 04:46:39.951,1271578624.0,gpt2-inference-5d8458fb46-h27vx
2026-08-18 04:46:39.951,1181446144.0,gpt2-inference-5d8458fb46-rzh6r
2026-08-18 04:46:39.951,1851936768.0,gpt2-inference-5d8458fb46-ztjcb
2026-08-18 04:46:39.951,1154961408.0,gpt2-inference-5d8458fb46-2wnn4
2026-08-18 04:46:39.951,1166823424.0,gpt2-inference-5d8458fb46-klkm9
2026-08-18 04:46:39.951,1161785344.0,gpt2-inference-5d8458fb46-9m5td
2026-08-18 04:46:39.951,1150328832.0,gpt2-inference-5d8458fb46-dmj5h
2026-08-18 04:46:39.951,1281495040.0,gpt2-inference-5d8458fb46-lg46j
2026-08-18 04:46:44.951,1154736128.0,gpt2-inference-5d8458fb46-2wnn4
2026-08-18 04:46:44.951,1181442048.0,gpt2-inference-5d8458fb46-rzh6r
2026-08-18 04:46:44.951,1851936768.0,gpt2-inference-5d8458fb46-ztjcb
2026-08-18 04:46:44.951,1162039296.0,gpt2-inference-5d8458fb46-9m5td
2026-08-18 04:46:44.951,1281495040.0,gpt2-inference-5d8458fb46-lg46j
2026-08-18 04:46:44.951,1196695552.0,gpt2-inference-5d8458fb46-5jcv6
2026-08-18 04:46:44.951,1150328832.0,gpt2-inference-5d8458fb46-dmj5h
2026-08-18 04:46:44.951,1166823424.0,gpt2-inference-5d8458fb46-klkm9
2026-08-18 04:46:44.951,1271578624.0,gpt2-inference-5d8458fb46-h27vx
2026-08-18 04:46:49.951,1181442048.0,gpt2-inference-5d8458fb46-rzh6r
2026-08-18 04:46:49.951,1281503232.0,gpt2-inference-5d8458fb46-lg46j
2026-08-18 04:46:49.951,1150099456.0,gpt2-inference-5d8458fb46-dmj5h
2026-08-18 04:46:49.951,1162039296.0,gpt2-inference-5d8458fb46-9m5td
2026-08-18 04:46:49.951,1271578624.0,gpt2-inference-5d8458fb46-h27vx
2026-08-18 04:46:49.951,1167360000.0,gpt2-inference-5d8458fb46-klkm9
2026-08-18 04:46:49.951,1196695552.0,gpt2-inference-5d8458fb46-5jcv6
2026-08-18 04:46:49.951,1154736128.0,gpt2-inference-5d8458fb46-2wnn4
2026-08-18 04:46:49.951,1852178432.0,gpt2-inference-5d8458fb46-ztjcb
2026-08-18 04:46:54.951,1196687360.0,gpt2-inference-5d8458fb46-5jcv6
2026-08-18 04:46:54.951,1154736128.0,gpt2-inference-5d8458fb46-2wnn4
2026-08-18 04:46:54.951,1181470720.0,gpt2-inference-5d8458fb46-rzh6r
2026-08-18 04:46:54.951,1852178432.0,gpt2-inference-5d8458fb46-ztjcb
2026-08-18 04:46:54.951,1281503232.0,gpt2-inference-5d8458fb46-lg46j
2026-08-18 04:46:54.951,1162039296.0,gpt2-inference-5d8458fb46-9m5td
2026-08-18 04:46:54.951,1167360000.0,gpt2-inference-5d8458fb46-klkm9
2026-08-18 04:46:54.951,1271558144.0,gpt2-inference-5d8458fb46-h27vx
2026-08-18 04:46:54.951,1150099456.0,gpt2-inference-5d8458fb46-dmj5h
2026-08-18 04:46:59.951,1271558144.0,gpt2-inference-5d8458fb46-h27vx
2026-08-18 04:46:59.951,1154736128.0,gpt2-inference-5d8458fb46-2wnn4
2026-08-18 04:46:59.951,1161789440.0,gpt2-inference-5d8458fb46-9m5td
2026-08-18 04:46:59.951,1852186624.0,gpt2-inference-5d8458fb46-ztjcb
2026-08-18 04:46:59.951,1167360000.0,gpt2-inference-5d8458fb46-klkm9
2026-08-18 04:46:59.951,1181470720.0,gpt2-inference-5d8458fb46-rzh6r
2026-08-18 04:46:59.951,1281503232.0,gpt2-inference-5d8458fb46-lg46j
2026-08-18 04:46:59.951,1150099456.0,gpt2-inference-5d8458fb46-dmj5h
2026-08-18 04:46:59.951,1196687360.0,gpt2-inference-5d8458fb46-5jcv6
2026-08-18 04:47:04.951,1852186624.0,gpt2-inference-5d8458fb46-ztjcb
2026-08-18 04:47:04.951,1181470720.0,gpt2-inference-5d8458fb46-rzh6r
2026-08-18 04:47:04.951,1281503232.0,gpt2-inference-5d8458fb46-lg46j
2026-08-18 04:47:04.951,1154736128.0,gpt2-inference-5d8458fb46-2wnn4
2026-08-18 04:47:04.951,1161789440.0,gpt2-inference-5d8458fb46-9m5td
2026-08-18 04:47:04.951,1167360000.0,gpt2-inference-5d8458fb46-klkm9
2026-08-18 04:47:04.951,1196687360.0,gpt2-inference-5d8458fb46-5jcv6
2026-08-18 04:47:04.951,1150099456.0,gpt2-inference-5d8458fb46-dmj5h
2026-08-18 04:47:04.951,1271558144.0,gpt2-inference-5d8458fb46-h27vx
2026-08-18 04:47:09.951,1150083072.0,gpt2-inference-5d8458fb46-dmj5h
2026-08-18 04:47:09.951,1852186624.0,gpt2-inference-5d8458fb46-ztjcb
2026-08-18 04:47:09.951,1197199360.0,gpt2-inference-5d8458fb46-5jcv6
2026-08-18 04:47:09.951,1161789440.0,gpt2-inference-5d8458fb46-9m5td
2026-08-18 04:47:09.951,1271574528.0,gpt2-inference-5d8458fb46-h27vx
2026-08-18 04:47:09.951,1166848000.0,gpt2-inference-5d8458fb46-klkm9
2026-08-18 04:47:09.951,1181470720.0,gpt2-inference-5d8458fb46-rzh6r
2026-08-18 04:47:09.951,1154736128.0,gpt2-inference-5d8458fb46-2wnn4
2026-08-18 04:47:09.951,1281499136.0,gpt2-inference-5d8458fb46-lg46j
2026-08-18 04:47:14.951,1197199360.0,gpt2-inference-5d8458fb46-5jcv6
2026-08-18 04:47:14.951,1166848000.0,gpt2-inference-5d8458fb46-klkm9
2026-08-18 04:47:14.951,1154736128.0,gpt2-inference-5d8458fb46-2wnn4
2026-08-18 04:47:14.951,1150083072.0,gpt2-inference-5d8458fb46-dmj5h
2026-08-18 04:47:14.951,1281499136.0,gpt2-inference-5d8458fb46-lg46j
2026-08-18 04:47:14.951,1161785344.0,gpt2-inference-5d8458fb46-9m5td
2026-08-18 04:47:14.951,1181700096.0,gpt2-inference-5d8458fb46-rzh6r
2026-08-18 04:47:14.951,1271574528.0,gpt2-inference-5d8458fb46-h27vx
2026-08-18 04:47:14.951,1852186624.0,gpt2-inference-5d8458fb46-ztjcb
2026-08-18 04:47:19.951,1181700096.0,gpt2-inference-5d8458fb46-rzh6r
2026-08-18 04:47:19.951,1281499136.0,gpt2-inference-5d8458fb46-lg46j
2026-08-18 04:47:19.951,1271558144.0,gpt2-inference-5d8458fb46-h27vx
2026-08-18 04:47:19.951,1197199360.0,gpt2-inference-5d8458fb46-5jcv6
2026-08-18 04:47:19.951,1851936768.0,gpt2-inference-5d8458fb46-ztjcb
2026-08-18 04:47:19.951,1150083072.0,gpt2-inference-5d8458fb46-dmj5h
2026-08-18 04:47:19.951,1154736128.0,gpt2-inference-5d8458fb46-2wnn4
2026-08-18 04:47:19.951,1161785344.0,gpt2-inference-5d8458fb46-9m5td
2026-08-18 04:47:19.951,1166848000.0,gpt2-inference-5d8458fb46-klkm9
2026-08-18 04:47:24.951,1150599168.0,gpt2-inference-5d8458fb46-dmj5h
2026-08-18 04:47:24.951,1161785344.0,gpt2-inference-5d8458fb46-9m5td
2026-08-18 04:47:24.951,1851936768.0,gpt2-inference-5d8458fb46-ztjcb
2026-08-18 04:47:24.951,1196691456.0,gpt2-inference-5d8458fb46-5jcv6
2026-08-18 04:47:24.951,1166827520.0,gpt2-inference-5d8458fb46-klkm9
2026-08-18 04:47:24.951,1271558144.0,gpt2-inference-5d8458fb46-h27vx
2026-08-18 04:47:24.951,1282011136.0,gpt2-inference-5d8458fb46-lg46j
2026-08-18 04:47:24.951,1181700096.0,gpt2-inference-5d8458fb46-rzh6r
2026-08-18 04:47:24.951,1154736128.0,gpt2-inference-5d8458fb46-2wnn4
2026-08-18 04:47:29.951,1851936768.0,gpt2-inference-5d8458fb46-ztjcb
2026-08-18 04:47:29.951,1196691456.0,gpt2-inference-5d8458fb46-5jcv6
2026-08-18 04:47:29.951,1181462528.0,gpt2-inference-5d8458fb46-rzh6r
2026-08-18 04:47:29.951,1166827520.0,gpt2-inference-5d8458fb46-klkm9
2026-08-18 04:47:29.951,1282011136.0,gpt2-inference-5d8458fb46-lg46j
2026-08-18 04:47:29.951,1271558144.0,gpt2-inference-5d8458fb46-h27vx
2026-08-18 04:47:29.951,1161785344.0,gpt2-inference-5d8458fb46-9m5td
2026-08-18 04:47:29.951,1150599168.0,gpt2-inference-5d8458fb46-dmj5h
2026-08-18 04:47:29.951,1154736128.0,gpt2-inference-5d8458fb46-2wnn4
2026-08-18 04:47:34.951,1161785344.0,gpt2-inference-5d8458fb46-9m5td
2026-08-18 04:47:34.951,1271812096.0,gpt2-inference-5d8458fb46-h27vx
2026-08-18 04:47:34.951,1181462528.0,gpt2-inference-5d8458fb46-rzh6r
2026-08-18 04:47:34.951,1150599168.0,gpt2-inference-5d8458fb46-dmj5h
2026-08-18 04:47:34.951,1282011136.0,gpt2-inference-5d8458fb46-lg46j
2026-08-18 04:47:34.951,1166827520.0,gpt2-inference-5d8458fb46-klkm9
2026-08-18 04:47:34.951,1196691456.0,gpt2-inference-5d8458fb46-5jcv6
2026-08-18 04:47:34.951,1851916288.0,gpt2-inference-5d8458fb46-ztjcb
2026-08-18 04:47:34.951,1154756608.0,gpt2-inference-5d8458fb46-2wnn4
2026-08-18 04:47:39.951,1154756608.0,gpt2-inference-5d8458fb46-2wnn4
2026-08-18 04:47:39.951,1162293248.0,gpt2-inference-5d8458fb46-9m5td
2026-08-18 04:47:39.951,1167056896.0,gpt2-inference-5d8458fb46-klkm9
2026-08-18 04:47:39.951,1181462528.0,gpt2-inference-5d8458fb46-rzh6r
2026-08-18 04:47:39.951,1196949504.0,gpt2-inference-5d8458fb46-5jcv6
2026-08-18 04:47:39.951,1281761280.0,gpt2-inference-5d8458fb46-lg46j
2026-08-18 04:47:39.951,1271812096.0,gpt2-inference-5d8458fb46-h27vx
2026-08-18 04:47:39.951,1150083072.0,gpt2-inference-5d8458fb46-dmj5h
2026-08-18 04:47:39.951,1851916288.0,gpt2-inference-5d8458fb46-ztjcb
2026-08-18 04:47:44.951,1167056896.0,gpt2-inference-5d8458fb46-klkm9
2026-08-18 04:47:44.951,1181446144.0,gpt2-inference-5d8458fb46-rzh6r
2026-08-18 04:47:44.951,1281761280.0,gpt2-inference-5d8458fb46-lg46j
2026-08-18 04:47:44.951,1154756608.0,gpt2-inference-5d8458fb46-2wnn4
2026-08-18 04:47:44.951,1196949504.0,gpt2-inference-5d8458fb46-5jcv6
2026-08-18 04:47:44.951,1162293248.0,gpt2-inference-5d8458fb46-9m5td
2026-08-18 04:47:44.951,1150083072.0,gpt2-inference-5d8458fb46-dmj5h
2026-08-18 04:47:44.951,1271586816.0,gpt2-inference-5d8458fb46-h27vx
2026-08-18 04:47:44.951,1851916288.0,gpt2-inference-5d8458fb46-ztjcb
2026-08-18 04:47:49.951,1851916288.0,gpt2-inference-5d8458fb46-ztjcb
2026-08-18 04:47:49.951,1150083072.0,gpt2-inference-5d8458fb46-dmj5h
2026-08-18 04:47:49.951,1167056896.0,gpt2-inference-5d8458fb46-klkm9
2026-08-18 04:47:49.951,1154736128.0,gpt2-inference-5d8458fb46-2wnn4
2026-08-18 04:47:49.951,1162293248.0,gpt2-inference-5d8458fb46-9m5td
2026-08-18 04:47:49.951,1281495040.0,gpt2-inference-5d8458fb46-lg46j
2026-08-18 04:47:49.951,1181446144.0,gpt2-inference-5d8458fb46-rzh6r
2026-08-18 04:47:49.951,1271586816.0,gpt2-inference-5d8458fb46-h27vx
2026-08-18 04:47:49.951,1196949504.0,gpt2-inference-5d8458fb46-5jcv6
2026-08-18 04:47:54.951,1167106048.0,gpt2-inference-5d8458fb46-klkm9
2026-08-18 04:47:54.951,1271586816.0,gpt2-inference-5d8458fb46-h27vx
2026-08-18 04:47:54.951,1281495040.0,gpt2-inference-5d8458fb46-lg46j
2026-08-18 04:47:54.951,1181446144.0,gpt2-inference-5d8458fb46-rzh6r
2026-08-18 04:47:54.951,1851916288.0,gpt2-inference-5d8458fb46-ztjcb
2026-08-18 04:47:54.951,1162293248.0,gpt2-inference-5d8458fb46-9m5td
2026-08-18 04:47:54.951,1150078976.0,gpt2-inference-5d8458fb46-dmj5h
2026-08-18 04:47:54.951,1196908544.0,gpt2-inference-5d8458fb46-5jcv6
2026-08-18 04:47:54.951,1154736128.0,gpt2-inference-5d8458fb46-2wnn4
2026-08-18 04:47:59.951,1196908544.0,gpt2-inference-5d8458fb46-5jcv6
2026-08-18 04:47:59.951,1851916288.0,gpt2-inference-5d8458fb46-ztjcb
2026-08-18 04:47:59.951,1281495040.0,gpt2-inference-5d8458fb46-lg46j
2026-08-18 04:47:59.951,1181442048.0,gpt2-inference-5d8458fb46-rzh6r
2026-08-18 04:47:59.951,1271562240.0,gpt2-inference-5d8458fb46-h27vx
2026-08-18 04:47:59.951,1150078976.0,gpt2-inference-5d8458fb46-dmj5h
2026-08-18 04:47:59.951,1167106048.0,gpt2-inference-5d8458fb46-klkm9
2026-08-18 04:47:59.951,1154736128.0,gpt2-inference-5d8458fb46-2wnn4
2026-08-18 04:47:59.951,1161785344.0,gpt2-inference-5d8458fb46-9m5td
2026-08-18 04:48:04.951,1154756608.0,gpt2-inference-5d8458fb46-2wnn4
2026-08-18 04:48:04.951,1150078976.0,gpt2-inference-5d8458fb46-dmj5h
2026-08-18 04:48:04.951,1196908544.0,gpt2-inference-5d8458fb46-5jcv6
2026-08-18 04:48:04.951,1851916288.0,gpt2-inference-5d8458fb46-ztjcb
2026-08-18 04:48:04.951,1281495040.0,gpt2-inference-5d8458fb46-lg46j
2026-08-18 04:48:04.951,1181442048.0,gpt2-inference-5d8458fb46-rzh6r
2026-08-18 04:48:04.951,1161785344.0,gpt2-inference-5d8458fb46-9m5td
2026-08-18 04:48:04.951,1167106048.0,gpt2-inference-5d8458fb46-klkm9
2026-08-18 04:48:04.951,1271562240.0,gpt2-inference-5d8458fb46-h27vx
2026-08-18 04:48:09.951,1167106048.0,gpt2-inference-5d8458fb46-klkm9
2026-08-18 04:48:09.951,1281495040.0,gpt2-inference-5d8458fb46-lg46j
2026-08-18 04:48:09.951,1851965440.0,gpt2-inference-5d8458fb46-ztjcb
2026-08-18 04:48:09.951,1161785344.0,gpt2-inference-5d8458fb46-9m5td
2026-08-18 04:48:09.951,1271562240.0,gpt2-inference-5d8458fb46-h27vx
2026-08-18 04:48:09.951,1150341120.0,gpt2-inference-5d8458fb46-dmj5h
2026-08-18 04:48:09.951,1196908544.0,gpt2-inference-5d8458fb46-5jcv6
2026-08-18 04:48:09.951,1154756608.0,gpt2-inference-5d8458fb46-2wnn4
2026-08-18 04:48:09.951,1181446144.0,gpt2-inference-5d8458fb46-rzh6r
2026-08-18 04:48:14.951,1851965440.0,gpt2-inference-5d8458fb46-ztjcb
2026-08-18 04:48:14.951,1271816192.0,gpt2-inference-5d8458fb46-h27vx
2026-08-18 04:48:14.951,1161781248.0,gpt2-inference-5d8458fb46-9m5td
2026-08-18 04:48:14.951,1281495040.0,gpt2-inference-5d8458fb46-lg46j
2026-08-18 04:48:14.951,1181446144.0,gpt2-inference-5d8458fb46-rzh6r
2026-08-18 04:48:14.951,1150341120.0,gpt2-inference-5d8458fb46-dmj5h
2026-08-18 04:48:14.951,1167052800.0,gpt2-inference-5d8458fb46-klkm9
2026-08-18 04:48:14.951,1154756608.0,gpt2-inference-5d8458fb46-2wnn4
2026-08-18 04:48:14.951,1197178880.0,gpt2-inference-5d8458fb46-5jcv6
2026-08-18 04:48:19.951,1197178880.0,gpt2-inference-5d8458fb46-5jcv6
2026-08-18 04:48:19.951,1150341120.0,gpt2-inference-5d8458fb46-dmj5h
2026-08-18 04:48:19.951,1154998272.0,gpt2-inference-5d8458fb46-2wnn4
2026-08-18 04:48:19.951,1271816192.0,gpt2-inference-5d8458fb46-h27vx
2026-08-18 04:48:19.951,1167052800.0,gpt2-inference-5d8458fb46-klkm9
2026-08-18 04:48:19.951,1181446144.0,gpt2-inference-5d8458fb46-rzh6r
2026-08-18 04:48:19.951,1851965440.0,gpt2-inference-5d8458fb46-ztjcb
2026-08-18 04:48:19.951,1161781248.0,gpt2-inference-5d8458fb46-9m5td
2026-08-18 04:48:19.951,1281495040.0,gpt2-inference-5d8458fb46-lg46j
2026-08-18 04:48:24.951,1197178880.0,gpt2-inference-5d8458fb46-5jcv6
2026-08-18 04:48:24.951,1154998272.0,gpt2-inference-5d8458fb46-2wnn4
2026-08-18 04:48:24.951,1161781248.0,gpt2-inference-5d8458fb46-9m5td
2026-08-18 04:48:24.951,1851965440.0,gpt2-inference-5d8458fb46-ztjcb
2026-08-18 04:48:24.951,1167052800.0,gpt2-inference-5d8458fb46-klkm9
2026-08-18 04:48:24.951,1150345216.0,gpt2-inference-5d8458fb46-dmj5h
2026-08-18 04:48:24.951,1271816192.0,gpt2-inference-5d8458fb46-h27vx
2026-08-18 04:48:24.951,1181446144.0,gpt2-inference-5d8458fb46-rzh6r
2026-08-18 04:48:24.951,1281495040.0,gpt2-inference-5d8458fb46-lg46j
2026-08-18 04:48:29.951,1271578624.0,gpt2-inference-5d8458fb46-h27vx
2026-08-18 04:48:29.951,1150345216.0,gpt2-inference-5d8458fb46-dmj5h
2026-08-18 04:48:29.951,1181446144.0,gpt2-inference-5d8458fb46-rzh6r
2026-08-18 04:48:29.951,1154887680.0,gpt2-inference-5d8458fb46-2wnn4
2026-08-18 04:48:29.951,1166823424.0,gpt2-inference-5d8458fb46-klkm9
2026-08-18 04:48:29.951,1281495040.0,gpt2-inference-5d8458fb46-lg46j
2026-08-18 04:48:29.951,1851916288.0,gpt2-inference-5d8458fb46-ztjcb
2026-08-18 04:48:29.951,1196711936.0,gpt2-inference-5d8458fb46-5jcv6
2026-08-18 04:48:29.951,1161789440.0,gpt2-inference-5d8458fb46-9m5td
2026-08-18 04:48:34.951,1271578624.0,gpt2-inference-5d8458fb46-h27vx
2026-08-18 04:48:34.951,1161789440.0,gpt2-inference-5d8458fb46-9m5td
2026-08-18 04:48:34.951,1150345216.0,gpt2-inference-5d8458fb46-dmj5h
2026-08-18 04:48:34.951,1181446144.0,gpt2-inference-5d8458fb46-rzh6r
2026-08-18 04:48:34.951,1154887680.0,gpt2-inference-5d8458fb46-2wnn4
2026-08-18 04:48:34.951,1166823424.0,gpt2-inference-5d8458fb46-klkm9
2026-08-18 04:48:34.951,1196711936.0,gpt2-inference-5d8458fb46-5jcv6
2026-08-18 04:48:34.951,1281753088.0,gpt2-inference-5d8458fb46-lg46j
2026-08-18 04:48:34.951,1851916288.0,gpt2-inference-5d8458fb46-ztjcb
2026-08-18 04:48:39.951,1281753088.0,gpt2-inference-5d8458fb46-lg46j
2026-08-18 04:48:39.951,1161785344.0,gpt2-inference-5d8458fb46-9m5td
2026-08-18 04:48:39.951,1166823424.0,gpt2-inference-5d8458fb46-klkm9
2026-08-18 04:48:39.951,1271578624.0,gpt2-inference-5d8458fb46-h27vx
2026-08-18 04:48:39.951,1150345216.0,gpt2-inference-5d8458fb46-dmj5h
2026-08-18 04:48:39.951,1196711936.0,gpt2-inference-5d8458fb46-5jcv6
2026-08-18 04:48:39.951,1154887680.0,gpt2-inference-5d8458fb46-2wnn4
2026-08-18 04:48:39.951,1851916288.0,gpt2-inference-5d8458fb46-ztjcb
2026-08-18 04:48:39.951,1181446144.0,gpt2-inference-5d8458fb46-rzh6r
2026-08-18 04:48:44.951,1196711936.0,gpt2-inference-5d8458fb46-5jcv6
2026-08-18 04:48:44.951,1161785344.0,gpt2-inference-5d8458fb46-9m5td
2026-08-18 04:48:44.951,1181450240.0,gpt2-inference-5d8458fb46-rzh6r
2026-08-18 04:48:44.951,1166823424.0,gpt2-inference-5d8458fb46-klkm9
2026-08-18 04:48:44.951,1154887680.0,gpt2-inference-5d8458fb46-2wnn4
2026-08-18 04:48:44.951,1150111744.0,gpt2-inference-5d8458fb46-dmj5h
2026-08-18 04:48:44.951,1271586816.0,gpt2-inference-5d8458fb46-h27vx
2026-08-18 04:48:44.951,1851916288.0,gpt2-inference-5d8458fb46-ztjcb
2026-08-18 04:48:44.951,1281753088.0,gpt2-inference-5d8458fb46-lg46j
2026-08-18 04:48:49.951,1271586816.0,gpt2-inference-5d8458fb46-h27vx
2026-08-18 04:48:49.951,1150111744.0,gpt2-inference-5d8458fb46-dmj5h
2026-08-18 04:48:49.951,1281495040.0,gpt2-inference-5d8458fb46-lg46j
2026-08-18 04:48:49.951,1166823424.0,gpt2-inference-5d8458fb46-klkm9
2026-08-18 04:48:49.951,1161785344.0,gpt2-inference-5d8458fb46-9m5td
2026-08-18 04:48:49.951,1196687360.0,gpt2-inference-5d8458fb46-5jcv6
2026-08-18 04:48:49.951,1181450240.0,gpt2-inference-5d8458fb46-rzh6r
2026-08-18 04:48:49.951,1852141568.0,gpt2-inference-5d8458fb46-ztjcb
2026-08-18 04:48:49.951,1154883584.0,gpt2-inference-5d8458fb46-2wnn4
2026-08-18 04:48:54.951,1166823424.0,gpt2-inference-5d8458fb46-klkm9
2026-08-18 04:48:54.951,1271586816.0,gpt2-inference-5d8458fb46-h27vx
2026-08-18 04:48:54.951,1196687360.0,gpt2-inference-5d8458fb46-5jcv6
2026-08-18 04:48:54.951,1181450240.0,gpt2-inference-5d8458fb46-rzh6r
2026-08-18 04:48:54.951,1150111744.0,gpt2-inference-5d8458fb46-dmj5h
2026-08-18 04:48:54.951,1161785344.0,gpt2-inference-5d8458fb46-9m5td
2026-08-18 04:48:54.951,1852141568.0,gpt2-inference-5d8458fb46-ztjcb
2026-08-18 04:48:54.951,1281495040.0,gpt2-inference-5d8458fb46-lg46j
2026-08-18 04:48:54.951,1154883584.0,gpt2-inference-5d8458fb46-2wnn4
2026-08-18 04:48:59.951,1166823424.0,gpt2-inference-5d8458fb46-klkm9
2026-08-18 04:48:59.951,1852141568.0,gpt2-inference-5d8458fb46-ztjcb
2026-08-18 04:48:59.951,1162039296.0,gpt2-inference-5d8458fb46-9m5td
2026-08-18 04:48:59.951,1196707840.0,gpt2-inference-5d8458fb46-5jcv6
2026-08-18 04:48:59.951,1181675520.0,gpt2-inference-5d8458fb46-rzh6r
2026-08-18 04:48:59.951,1271562240.0,gpt2-inference-5d8458fb46-h27vx
2026-08-18 04:48:59.951,1281499136.0,gpt2-inference-5d8458fb46-lg46j
2026-08-18 04:48:59.951,1150111744.0,gpt2-inference-5d8458fb46-dmj5h
2026-08-18 04:48:59.951,1154887680.0,gpt2-inference-5d8458fb46-2wnn4
2026-08-18 04:49:04.951,1162039296.0,gpt2-inference-5d8458fb46-9m5td
2026-08-18 04:49:04.951,1196707840.0,gpt2-inference-5d8458fb46-5jcv6
2026-08-18 04:49:04.951,1281499136.0,gpt2-inference-5d8458fb46-lg46j
2026-08-18 04:49:04.951,1181675520.0,gpt2-inference-5d8458fb46-rzh6r
2026-08-18 04:49:04.951,1166827520.0,gpt2-inference-5d8458fb46-klkm9
2026-08-18 04:49:04.951,1150078976.0,gpt2-inference-5d8458fb46-dmj5h
2026-08-18 04:49:04.951,1271562240.0,gpt2-inference-5d8458fb46-h27vx
2026-08-18 04:49:04.951,1852141568.0,gpt2-inference-5d8458fb46-ztjcb
2026-08-18 04:49:04.951,1154887680.0,gpt2-inference-5d8458fb46-2wnn4
2026-08-18 04:49:09.951,1166827520.0,gpt2-inference-5d8458fb46-klkm9
2026-08-18 04:49:09.951,1181888512.0,gpt2-inference-5d8458fb46-rzh6r
2026-08-18 04:49:09.951,1150078976.0,gpt2-inference-5d8458fb46-dmj5h
2026-08-18 04:49:09.951,1851920384.0,gpt2-inference-5d8458fb46-ztjcb
2026-08-18 04:49:09.951,1271562240.0,gpt2-inference-5d8458fb46-h27vx
2026-08-18 04:49:09.951,1281499136.0,gpt2-inference-5d8458fb46-lg46j
2026-08-18 04:49:09.951,1196707840.0,gpt2-inference-5d8458fb46-5jcv6
2026-08-18 04:49:09.951,1162039296.0,gpt2-inference-5d8458fb46-9m5td
2026-08-18 04:49:09.951,1154883584.0,gpt2-inference-5d8458fb46-2wnn4
2026-08-18 04:49:14.951,1154883584.0,gpt2-inference-5d8458fb46-2wnn4
2026-08-18 04:49:14.951,1851920384.0,gpt2-inference-5d8458fb46-ztjcb
2026-08-18 04:49:14.951,1281499136.0,gpt2-inference-5d8458fb46-lg46j
2026-08-18 04:49:14.951,1166827520.0,gpt2-inference-5d8458fb46-klkm9
2026-08-18 04:49:14.951,1150078976.0,gpt2-inference-5d8458fb46-dmj5h
2026-08-18 04:49:14.951,1181888512.0,gpt2-inference-5d8458fb46-rzh6r
2026-08-18 04:49:14.951,1161781248.0,gpt2-inference-5d8458fb46-9m5td
2026-08-18 04:49:14.951,1196707840.0,gpt2-inference-5d8458fb46-5jcv6
2026-08-18 04:49:14.951,1272070144.0,gpt2-inference-5d8458fb46-h27vx
2026-08-18 04:49:19.951,1161781248.0,gpt2-inference-5d8458fb46-9m5td
2026-08-18 04:49:19.951,1167052800.0,gpt2-inference-5d8458fb46-klkm9
2026-08-18 04:49:19.951,1281499136.0,gpt2-inference-5d8458fb46-lg46j
2026-08-18 04:49:19.951,1181888512.0,gpt2-inference-5d8458fb46-rzh6r
2026-08-18 04:49:19.951,1154895872.0,gpt2-inference-5d8458fb46-2wnn4
2026-08-18 04:49:19.951,1851920384.0,gpt2-inference-5d8458fb46-ztjcb
2026-08-18 04:49:19.951,1150103552.0,gpt2-inference-5d8458fb46-dmj5h
2026-08-18 04:49:19.951,1196945408.0,gpt2-inference-5d8458fb46-5jcv6
2026-08-18 04:49:19.951,1272070144.0,gpt2-inference-5d8458fb46-h27vx
2026-08-18 04:49:24.951,1154895872.0,gpt2-inference-5d8458fb46-2wnn4
2026-08-18 04:49:24.951,1161789440.0,gpt2-inference-5d8458fb46-9m5td
2026-08-18 04:49:24.951,1281495040.0,gpt2-inference-5d8458fb46-lg46j
2026-08-18 04:49:24.951,1852137472.0,gpt2-inference-5d8458fb46-ztjcb
2026-08-18 04:49:24.951,1196945408.0,gpt2-inference-5d8458fb46-5jcv6
2026-08-18 04:49:24.951,1150103552.0,gpt2-inference-5d8458fb46-dmj5h
2026-08-18 04:49:24.951,1181446144.0,gpt2-inference-5d8458fb46-rzh6r
2026-08-18 04:49:24.951,1167052800.0,gpt2-inference-5d8458fb46-klkm9
2026-08-18 04:49:24.951,1271558144.0,gpt2-inference-5d8458fb46-h27vx
2026-08-18 04:49:29.951,1281495040.0,gpt2-inference-5d8458fb46-lg46j
2026-08-18 04:49:29.951,1196945408.0,gpt2-inference-5d8458fb46-5jcv6
2026-08-18 04:49:29.951,1167052800.0,gpt2-inference-5d8458fb46-klkm9
2026-08-18 04:49:29.951,1161789440.0,gpt2-inference-5d8458fb46-9m5td
2026-08-18 04:49:29.951,1150103552.0,gpt2-inference-5d8458fb46-dmj5h
2026-08-18 04:49:29.951,1852137472.0,gpt2-inference-5d8458fb46-ztjcb
2026-08-18 04:49:29.951,1181446144.0,gpt2-inference-5d8458fb46-rzh6r
2026-08-18 04:49:29.951,1271558144.0,gpt2-inference-5d8458fb46-h27vx
2026-08-18 04:49:29.951,1154895872.0,gpt2-inference-5d8458fb46-2wnn4
2026-08-18 04:49:34.951,1271558144.0,gpt2-inference-5d8458fb46-h27vx
2026-08-18 04:49:34.951,1161789440.0,gpt2-inference-5d8458fb46-9m5td
2026-08-18 04:49:34.951,1150103552.0,gpt2-inference-5d8458fb46-dmj5h
2026-08-18 04:49:34.951,1281495040.0,gpt2-inference-5d8458fb46-lg46j
2026-08-18 04:49:34.951,1181696000.0,gpt2-inference-5d8458fb46-rzh6r
2026-08-18 04:49:34.951,1154887680.0,gpt2-inference-5d8458fb46-2wnn4
2026-08-18 04:49:34.951,1166823424.0,gpt2-inference-5d8458fb46-klkm9
2026-08-18 04:49:34.951,1196687360.0,gpt2-inference-5d8458fb46-5jcv6
2026-08-18 04:49:34.951,1852137472.0,gpt2-inference-5d8458fb46-ztjcb
2026-08-18 04:49:39.951,1271812096.0,gpt2-inference-5d8458fb46-h27vx
2026-08-18 04:49:39.951,1150590976.0,gpt2-inference-5d8458fb46-dmj5h
2026-08-18 04:49:39.951,1196687360.0,gpt2-inference-5d8458fb46-5jcv6
2026-08-18 04:49:39.951,1281495040.0,gpt2-inference-5d8458fb46-lg46j
2026-08-18 04:49:39.951,1181696000.0,gpt2-inference-5d8458fb46-rzh6r
2026-08-18 04:49:39.951,1852137472.0,gpt2-inference-5d8458fb46-ztjcb
2026-08-18 04:49:39.951,1154887680.0,gpt2-inference-5d8458fb46-2wnn4
2026-08-18 04:49:39.951,1161781248.0,gpt2-inference-5d8458fb46-9m5td
2026-08-18 04:49:39.951,1166823424.0,gpt2-inference-5d8458fb46-klkm9
2026-08-18 04:49:44.951,1271812096.0,gpt2-inference-5d8458fb46-h27vx
2026-08-18 04:49:44.951,1154887680.0,gpt2-inference-5d8458fb46-2wnn4
2026-08-18 04:49:44.951,1150590976.0,gpt2-inference-5d8458fb46-dmj5h
2026-08-18 04:49:44.951,1196683264.0,gpt2-inference-5d8458fb46-5jcv6
2026-08-18 04:49:44.951,1161781248.0,gpt2-inference-5d8458fb46-9m5td
2026-08-18 04:49:44.951,1281495040.0,gpt2-inference-5d8458fb46-lg46j
2026-08-18 04:49:44.951,1851916288.0,gpt2-inference-5d8458fb46-ztjcb
2026-08-18 04:49:44.951,1166823424.0,gpt2-inference-5d8458fb46-klkm9
2026-08-18 04:49:44.951,1181954048.0,gpt2-inference-5d8458fb46-rzh6r
2026-08-18 04:49:49.951,1154887680.0,gpt2-inference-5d8458fb46-2wnn4
2026-08-18 04:49:49.951,1161781248.0,gpt2-inference-5d8458fb46-9m5td
2026-08-18 04:49:49.951,1281499136.0,gpt2-inference-5d8458fb46-lg46j
2026-08-18 04:49:49.951,1271812096.0,gpt2-inference-5d8458fb46-h27vx
2026-08-18 04:49:49.951,1181954048.0,gpt2-inference-5d8458fb46-rzh6r
2026-08-18 04:49:49.951,1166823424.0,gpt2-inference-5d8458fb46-klkm9
2026-08-18 04:49:49.951,1851916288.0,gpt2-inference-5d8458fb46-ztjcb
2026-08-18 04:49:49.951,1150590976.0,gpt2-inference-5d8458fb46-dmj5h
2026-08-18 04:49:49.951,1196683264.0,gpt2-inference-5d8458fb46-5jcv6
2026-08-18 04:49:54.951,1161781248.0,gpt2-inference-5d8458fb46-9m5td
2026-08-18 04:49:54.951,1154887680.0,gpt2-inference-5d8458fb46-2wnn4
2026-08-18 04:49:54.951,1271562240.0,gpt2-inference-5d8458fb46-h27vx
2026-08-18 04:49:54.951,1851920384.0,gpt2-inference-5d8458fb46-ztjcb
2026-08-18 04:49:54.951,1166823424.0,gpt2-inference-5d8458fb46-klkm9
2026-08-18 04:49:54.951,1196683264.0,gpt2-inference-5d8458fb46-5jcv6
2026-08-18 04:49:54.951,1181954048.0,gpt2-inference-5d8458fb46-rzh6r
2026-08-18 04:49:54.951,1150083072.0,gpt2-inference-5d8458fb46-dmj5h
2026-08-18 04:49:54.951,1281499136.0,gpt2-inference-5d8458fb46-lg46j
2026-08-18 04:49:59.951,1196683264.0,gpt2-inference-5d8458fb46-5jcv6
2026-08-18 04:49:59.951,1150083072.0,gpt2-inference-5d8458fb46-dmj5h
2026-08-18 04:49:59.951,1851920384.0,gpt2-inference-5d8458fb46-ztjcb
2026-08-18 04:49:59.951,1166823424.0,gpt2-inference-5d8458fb46-klkm9
2026-08-18 04:49:59.951,1181937664.0,gpt2-inference-5d8458fb46-rzh6r
2026-08-18 04:49:59.951,1271562240.0,gpt2-inference-5d8458fb46-h27vx
2026-08-18 04:49:59.951,1281499136.0,gpt2-inference-5d8458fb46-lg46j
2026-08-18 04:49:59.951,1161785344.0,gpt2-inference-5d8458fb46-9m5td
2026-08-18 04:49:59.951,1154887680.0,gpt2-inference-5d8458fb46-2wnn4
2026-08-18 04:50:04.951,1851916288.0,gpt2-inference-5d8458fb46-ztjcb
2026-08-18 04:50:04.951,1161785344.0,gpt2-inference-5d8458fb46-9m5td
2026-08-18 04:50:04.951,1181937664.0,gpt2-inference-5d8458fb46-rzh6r
2026-08-18 04:50:04.951,1150083072.0,gpt2-inference-5d8458fb46-dmj5h
2026-08-18 04:50:04.951,1154887680.0,gpt2-inference-5d8458fb46-2wnn4
2026-08-18 04:50:04.951,1271562240.0,gpt2-inference-5d8458fb46-h27vx
2026-08-18 04:50:04.951,1197211648.0,gpt2-inference-5d8458fb46-5jcv6
2026-08-18 04:50:04.951,1166827520.0,gpt2-inference-5d8458fb46-klkm9
2026-08-18 04:50:04.951,1281507328.0,gpt2-inference-5d8458fb46-lg46j
2026-08-18 04:50:09.951,1271562240.0,gpt2-inference-5d8458fb46-h27vx
2026-08-18 04:50:09.951,1197211648.0,gpt2-inference-5d8458fb46-5jcv6
2026-08-18 04:50:09.951,1181937664.0,gpt2-inference-5d8458fb46-rzh6r
2026-08-18 04:50:09.951,1166827520.0,gpt2-inference-5d8458fb46-klkm9
2026-08-18 04:50:09.951,1154887680.0,gpt2-inference-5d8458fb46-2wnn4
2026-08-18 04:50:09.951,1162272768.0,gpt2-inference-5d8458fb46-9m5td
2026-08-18 04:50:09.951,1281507328.0,gpt2-inference-5d8458fb46-lg46j
2026-08-18 04:50:09.951,1150083072.0,gpt2-inference-5d8458fb46-dmj5h
2026-08-18 04:50:09.951,1851916288.0,gpt2-inference-5d8458fb46-ztjcb
2026-08-18 04:50:14.951,1166827520.0,gpt2-inference-5d8458fb46-klkm9
2026-08-18 04:50:14.951,1162272768.0,gpt2-inference-5d8458fb46-9m5td
2026-08-18 04:50:14.951,1271562240.0,gpt2-inference-5d8458fb46-h27vx
2026-08-18 04:50:14.951,1851916288.0,gpt2-inference-5d8458fb46-ztjcb
2026-08-18 04:50:14.951,1196969984.0,gpt2-inference-5d8458fb46-5jcv6
2026-08-18 04:50:14.951,1154887680.0,gpt2-inference-5d8458fb46-2wnn4
2026-08-18 04:50:14.951,1181446144.0,gpt2-inference-5d8458fb46-rzh6r
2026-08-18 04:50:14.951,1281495040.0,gpt2-inference-5d8458fb46-lg46j
2026-08-18 04:50:14.951,1150357504.0,gpt2-inference-5d8458fb46-dmj5h
2026-08-18 04:50:19.951,1162272768.0,gpt2-inference-5d8458fb46-9m5td
2026-08-18 04:50:19.951,1181446144.0,gpt2-inference-5d8458fb46-rzh6r
2026-08-18 04:50:19.951,1281495040.0,gpt2-inference-5d8458fb46-lg46j
2026-08-18 04:50:19.951,1852211200.0,gpt2-inference-5d8458fb46-ztjcb
2026-08-18 04:50:19.951,1166848000.0,gpt2-inference-5d8458fb46-klkm9
2026-08-18 04:50:19.951,1196969984.0,gpt2-inference-5d8458fb46-5jcv6
2026-08-18 04:50:19.951,1271787520.0,gpt2-inference-5d8458fb46-h27vx
2026-08-18 04:50:19.951,1150357504.0,gpt2-inference-5d8458fb46-dmj5h
2026-08-18 04:50:19.951,1154883584.0,gpt2-inference-5d8458fb46-2wnn4
2026-08-18 04:50:24.951,1150357504.0,gpt2-inference-5d8458fb46-dmj5h
2026-08-18 04:50:24.951,1196969984.0,gpt2-inference-5d8458fb46-5jcv6
2026-08-18 04:50:24.951,1281495040.0,gpt2-inference-5d8458fb46-lg46j
2026-08-18 04:50:24.951,1271787520.0,gpt2-inference-5d8458fb46-h27vx
2026-08-18 04:50:24.951,1162272768.0,gpt2-inference-5d8458fb46-9m5td
2026-08-18 04:50:24.951,1181446144.0,gpt2-inference-5d8458fb46-rzh6r
2026-08-18 04:50:24.951,1852211200.0,gpt2-inference-5d8458fb46-ztjcb
2026-08-18 04:50:24.951,1166848000.0,gpt2-inference-5d8458fb46-klkm9
2026-08-18 04:50:24.951,1154883584.0,gpt2-inference-5d8458fb46-2wnn4
2026-08-18 04:50:29.951,1852211200.0,gpt2-inference-5d8458fb46-ztjcb
2026-08-18 04:50:29.951,1166848000.0,gpt2-inference-5d8458fb46-klkm9
2026-08-18 04:50:29.951,1281495040.0,gpt2-inference-5d8458fb46-lg46j
2026-08-18 04:50:29.951,1271787520.0,gpt2-inference-5d8458fb46-h27vx
2026-08-18 04:50:29.951,1181458432.0,gpt2-inference-5d8458fb46-rzh6r
2026-08-18 04:50:29.951,1150357504.0,gpt2-inference-5d8458fb46-dmj5h
2026-08-18 04:50:29.951,1196707840.0,gpt2-inference-5d8458fb46-5jcv6
2026-08-18 04:50:29.951,1161789440.0,gpt2-inference-5d8458fb46-9m5td
2026-08-18 04:50:29.951,1154883584.0,gpt2-inference-5d8458fb46-2wnn4
2026-08-18 04:50:34.951,1181458432.0,gpt2-inference-5d8458fb46-rzh6r
2026-08-18 04:50:34.951,1196707840.0,gpt2-inference-5d8458fb46-5jcv6
2026-08-18 04:50:34.951,1161789440.0,gpt2-inference-5d8458fb46-9m5td
2026-08-18 04:50:34.951,1154887680.0,gpt2-inference-5d8458fb46-2wnn4
2026-08-18 04:50:34.951,1271562240.0,gpt2-inference-5d8458fb46-h27vx
2026-08-18 04:50:34.951,1150316544.0,gpt2-inference-5d8458fb46-dmj5h
2026-08-18 04:50:34.951,1851916288.0,gpt2-inference-5d8458fb46-ztjcb
2026-08-18 04:50:34.951,1281724416.0,gpt2-inference-5d8458fb46-lg46j
2026-08-18 04:50:34.951,1166823424.0,gpt2-inference-5d8458fb46-klkm9
2026-08-18 04:50:39.951,1196687360.0,gpt2-inference-5d8458fb46-5jcv6
2026-08-18 04:50:39.951,1851916288.0,gpt2-inference-5d8458fb46-ztjcb
2026-08-18 04:50:39.951,1166823424.0,gpt2-inference-5d8458fb46-klkm9
2026-08-18 04:50:39.951,1161789440.0,gpt2-inference-5d8458fb46-9m5td
2026-08-18 04:50:39.951,1281724416.0,gpt2-inference-5d8458fb46-lg46j
2026-08-18 04:50:39.951,1154887680.0,gpt2-inference-5d8458fb46-2wnn4
2026-08-18 04:50:39.951,1271562240.0,gpt2-inference-5d8458fb46-h27vx
2026-08-18 04:50:39.951,1181458432.0,gpt2-inference-5d8458fb46-rzh6r
2026-08-18 04:50:39.951,1150316544.0,gpt2-inference-5d8458fb46-dmj5h
2026-08-18 04:50:44.951,1852149760.0,gpt2-inference-5d8458fb46-ztjcb
2026-08-18 04:50:44.951,1150083072.0,gpt2-inference-5d8458fb46-dmj5h
2026-08-18 04:50:44.951,1154887680.0,gpt2-inference-5d8458fb46-2wnn4
2026-08-18 04:50:44.951,1181446144.0,gpt2-inference-5d8458fb46-rzh6r
2026-08-18 04:50:44.951,1196687360.0,gpt2-inference-5d8458fb46-5jcv6
2026-08-18 04:50:44.951,1271803904.0,gpt2-inference-5d8458fb46-h27vx
2026-08-18 04:50:44.951,1281724416.0,gpt2-inference-5d8458fb46-lg46j
2026-08-18 04:50:44.951,1166823424.0,gpt2-inference-5d8458fb46-klkm9
2026-08-18 04:50:44.951,1161805824.0,gpt2-inference-5d8458fb46-9m5td
2026-08-18 04:50:49.951,1150083072.0,gpt2-inference-5d8458fb46-dmj5h
2026-08-18 04:50:49.951,1166827520.0,gpt2-inference-5d8458fb46-klkm9
2026-08-18 04:50:49.951,1282011136.0,gpt2-inference-5d8458fb46-lg46j
2026-08-18 04:50:49.951,1181446144.0,gpt2-inference-5d8458fb46-rzh6r
2026-08-18 04:50:49.951,1161805824.0,gpt2-inference-5d8458fb46-9m5td
2026-08-18 04:50:49.951,1852149760.0,gpt2-inference-5d8458fb46-ztjcb
2026-08-18 04:50:49.951,1154887680.0,gpt2-inference-5d8458fb46-2wnn4
2026-08-18 04:50:49.951,1271803904.0,gpt2-inference-5d8458fb46-h27vx
2026-08-18 04:50:49.951,1196687360.0,gpt2-inference-5d8458fb46-5jcv6
2026-08-18 04:50:54.951,1282011136.0,gpt2-inference-5d8458fb46-lg46j
2026-08-18 04:50:54.951,1150083072.0,gpt2-inference-5d8458fb46-dmj5h
2026-08-18 04:50:54.951,1271803904.0,gpt2-inference-5d8458fb46-h27vx
2026-08-18 04:50:54.951,1154887680.0,gpt2-inference-5d8458fb46-2wnn4
2026-08-18 04:50:54.951,1196687360.0,gpt2-inference-5d8458fb46-5jcv6
2026-08-18 04:50:54.951,1181446144.0,gpt2-inference-5d8458fb46-rzh6r
2026-08-18 04:50:54.951,1852149760.0,gpt2-inference-5d8458fb46-ztjcb
2026-08-18 04:50:54.951,1161805824.0,gpt2-inference-5d8458fb46-9m5td
2026-08-18 04:50:54.951,1166827520.0,gpt2-inference-5d8458fb46-klkm9
2026-08-18 04:50:59.951,1154887680.0,gpt2-inference-5d8458fb46-2wnn4
2026-08-18 04:50:59.951,1181450240.0,gpt2-inference-5d8458fb46-rzh6r
2026-08-18 04:50:59.951,1852149760.0,gpt2-inference-5d8458fb46-ztjcb
2026-08-18 04:50:59.951,1196687360.0,gpt2-inference-5d8458fb46-5jcv6
2026-08-18 04:50:59.951,1271558144.0,gpt2-inference-5d8458fb46-h27vx
2026-08-18 04:50:59.951,1282011136.0,gpt2-inference-5d8458fb46-lg46j
2026-08-18 04:50:59.951,1150083072.0,gpt2-inference-5d8458fb46-dmj5h
2026-08-18 04:50:59.951,1166827520.0,gpt2-inference-5d8458fb46-klkm9
2026-08-18 04:50:59.951,1161785344.0,gpt2-inference-5d8458fb46-9m5td
2026-08-18 04:51:04.951,1282011136.0,gpt2-inference-5d8458fb46-lg46j
2026-08-18 04:51:04.951,1851916288.0,gpt2-inference-5d8458fb46-ztjcb
2026-08-18 04:51:04.951,1167077376.0,gpt2-inference-5d8458fb46-klkm9
2026-08-18 04:51:04.951,1196687360.0,gpt2-inference-5d8458fb46-5jcv6
2026-08-18 04:51:04.951,1271558144.0,gpt2-inference-5d8458fb46-h27vx
2026-08-18 04:51:04.951,1181450240.0,gpt2-inference-5d8458fb46-rzh6r
2026-08-18 04:51:04.951,1161785344.0,gpt2-inference-5d8458fb46-9m5td
2026-08-18 04:51:04.951,1150083072.0,gpt2-inference-5d8458fb46-dmj5h
2026-08-18 04:51:04.951,1154887680.0,gpt2-inference-5d8458fb46-2wnn4
2026-08-18 04:51:09.951,1851916288.0,gpt2-inference-5d8458fb46-ztjcb
2026-08-18 04:51:09.951,1181450240.0,gpt2-inference-5d8458fb46-rzh6r
2026-08-18 04:51:09.951,1150341120.0,gpt2-inference-5d8458fb46-dmj5h
2026-08-18 04:51:09.951,1281503232.0,gpt2-inference-5d8458fb46-lg46j
2026-08-18 04:51:09.951,1161785344.0,gpt2-inference-5d8458fb46-9m5td
2026-08-18 04:51:09.951,1154887680.0,gpt2-inference-5d8458fb46-2wnn4
2026-08-18 04:51:09.951,1167077376.0,gpt2-inference-5d8458fb46-klkm9
2026-08-18 04:51:09.951,1271558144.0,gpt2-inference-5d8458fb46-h27vx
2026-08-18 04:51:09.951,1196687360.0,gpt2-inference-5d8458fb46-5jcv6
2026-08-18 04:51:14.951,1181450240.0,gpt2-inference-5d8458fb46-rzh6r
2026-08-18 04:51:14.951,1161805824.0,gpt2-inference-5d8458fb46-9m5td
2026-08-18 04:51:14.951,1166819328.0,gpt2-inference-5d8458fb46-klkm9
2026-08-18 04:51:14.951,1271558144.0,gpt2-inference-5d8458fb46-h27vx
2026-08-18 04:51:14.951,1281503232.0,gpt2-inference-5d8458fb46-lg46j
2026-08-18 04:51:14.951,1851916288.0,gpt2-inference-5d8458fb46-ztjcb
2026-08-18 04:51:14.951,1150341120.0,gpt2-inference-5d8458fb46-dmj5h
2026-08-18 04:51:14.951,1154908160.0,gpt2-inference-5d8458fb46-2wnn4
2026-08-18 04:51:14.951,1196904448.0,gpt2-inference-5d8458fb46-5jcv6
2026-08-18 04:51:19.951,1161805824.0,gpt2-inference-5d8458fb46-9m5td
2026-08-18 04:51:19.951,1281503232.0,gpt2-inference-5d8458fb46-lg46j
2026-08-18 04:51:19.951,1166819328.0,gpt2-inference-5d8458fb46-klkm9
2026-08-18 04:51:19.951,1181949952.0,gpt2-inference-5d8458fb46-rzh6r
2026-08-18 04:51:19.951,1150341120.0,gpt2-inference-5d8458fb46-dmj5h
2026-08-18 04:51:19.951,1271558144.0,gpt2-inference-5d8458fb46-h27vx
2026-08-18 04:51:19.951,1851920384.0,gpt2-inference-5d8458fb46-ztjcb
2026-08-18 04:51:19.951,1154908160.0,gpt2-inference-5d8458fb46-2wnn4
2026-08-18 04:51:19.951,1196904448.0,gpt2-inference-5d8458fb46-5jcv6
2026-08-18 04:51:24.951,1161805824.0,gpt2-inference-5d8458fb46-9m5td
2026-08-18 04:51:24.951,1155366912.0,gpt2-inference-5d8458fb46-2wnn4
2026-08-18 04:51:24.951,1196904448.0,gpt2-inference-5d8458fb46-5jcv6
2026-08-18 04:51:24.951,1150353408.0,gpt2-inference-5d8458fb46-dmj5h
2026-08-18 04:51:24.951,1166819328.0,gpt2-inference-5d8458fb46-klkm9
2026-08-18 04:51:24.951,1281499136.0,gpt2-inference-5d8458fb46-lg46j
2026-08-18 04:51:24.951,1271558144.0,gpt2-inference-5d8458fb46-h27vx
2026-08-18 04:51:24.951,1851920384.0,gpt2-inference-5d8458fb46-ztjcb
2026-08-18 04:51:24.951,1181949952.0,gpt2-inference-5d8458fb46-rzh6r
2026-08-18 04:51:29.951,1196711936.0,gpt2-inference-5d8458fb46-5jcv6
2026-08-18 04:51:29.951,1166819328.0,gpt2-inference-5d8458fb46-klkm9
2026-08-18 04:51:29.951,1281499136.0,gpt2-inference-5d8458fb46-lg46j
2026-08-18 04:51:29.951,1271808000.0,gpt2-inference-5d8458fb46-h27vx
2026-08-18 04:51:29.951,1155366912.0,gpt2-inference-5d8458fb46-2wnn4
2026-08-18 04:51:29.951,1162010624.0,gpt2-inference-5d8458fb46-9m5td
2026-08-18 04:51:29.951,1181949952.0,gpt2-inference-5d8458fb46-rzh6r
2026-08-18 04:51:29.951,1150353408.0,gpt2-inference-5d8458fb46-dmj5h
2026-08-18 04:51:29.951,1851920384.0,gpt2-inference-5d8458fb46-ztjcb
2026-08-18 04:51:34.951,1155366912.0,gpt2-inference-5d8458fb46-2wnn4
2026-08-18 04:51:34.951,1166848000.0,gpt2-inference-5d8458fb46-klkm9
2026-08-18 04:51:34.951,1162010624.0,gpt2-inference-5d8458fb46-9m5td
2026-08-18 04:51:34.951,1181949952.0,gpt2-inference-5d8458fb46-rzh6r
2026-08-18 04:51:34.951,1851920384.0,gpt2-inference-5d8458fb46-ztjcb
2026-08-18 04:51:34.951,1150353408.0,gpt2-inference-5d8458fb46-dmj5h
2026-08-18 04:51:34.951,1271808000.0,gpt2-inference-5d8458fb46-h27vx
2026-08-18 04:51:34.951,1196711936.0,gpt2-inference-5d8458fb46-5jcv6
2026-08-18 04:51:34.951,1281499136.0,gpt2-inference-5d8458fb46-lg46j
2026-08-18 04:51:39.951,1181446144.0,gpt2-inference-5d8458fb46-rzh6r
2026-08-18 04:51:39.951,1851920384.0,gpt2-inference-5d8458fb46-ztjcb
2026-08-18 04:51:39.951,1196683264.0,gpt2-inference-5d8458fb46-5jcv6
2026-08-18 04:51:39.951,1166848000.0,gpt2-inference-5d8458fb46-klkm9
2026-08-18 04:51:39.951,1162010624.0,gpt2-inference-5d8458fb46-9m5td
2026-08-18 04:51:39.951,1271808000.0,gpt2-inference-5d8458fb46-h27vx
2026-08-18 04:51:39.951,1281503232.0,gpt2-inference-5d8458fb46-lg46j
2026-08-18 04:51:39.951,1150083072.0,gpt2-inference-5d8458fb46-dmj5h
2026-08-18 04:51:39.951,1155112960.0,gpt2-inference-5d8458fb46-2wnn4
2026-08-18 04:51:44.951,1851920384.0,gpt2-inference-5d8458fb46-ztjcb
2026-08-18 04:51:44.951,1281503232.0,gpt2-inference-5d8458fb46-lg46j
2026-08-18 04:51:44.951,1150083072.0,gpt2-inference-5d8458fb46-dmj5h
2026-08-18 04:51:44.951,1166823424.0,gpt2-inference-5d8458fb46-klkm9
2026-08-18 04:51:44.951,1271562240.0,gpt2-inference-5d8458fb46-h27vx
2026-08-18 04:51:44.951,1162010624.0,gpt2-inference-5d8458fb46-9m5td
2026-08-18 04:51:44.951,1196683264.0,gpt2-inference-5d8458fb46-5jcv6
2026-08-18 04:51:44.951,1181446144.0,gpt2-inference-5d8458fb46-rzh6r
2026-08-18 04:51:44.951,1155112960.0,gpt2-inference-5d8458fb46-2wnn4
2026-08-18 04:51:49.951,1155112960.0,gpt2-inference-5d8458fb46-2wnn4
2026-08-18 04:51:49.951,1166823424.0,gpt2-inference-5d8458fb46-klkm9
2026-08-18 04:51:49.951,1181446144.0,gpt2-inference-5d8458fb46-rzh6r
2026-08-18 04:51:49.951,1161822208.0,gpt2-inference-5d8458fb46-9m5td
2026-08-18 04:51:49.951,1851920384.0,gpt2-inference-5d8458fb46-ztjcb
2026-08-18 04:51:49.951,1150083072.0,gpt2-inference-5d8458fb46-dmj5h
2026-08-18 04:51:49.951,1271562240.0,gpt2-inference-5d8458fb46-h27vx
2026-08-18 04:51:49.951,1281523712.0,gpt2-inference-5d8458fb46-lg46j
2026-08-18 04:51:49.951,1196683264.0,gpt2-inference-5d8458fb46-5jcv6
2026-08-18 04:51:54.951,1155399680.0,gpt2-inference-5d8458fb46-2wnn4
2026-08-18 04:51:54.951,1181446144.0,gpt2-inference-5d8458fb46-rzh6r
2026-08-18 04:51:54.951,1166823424.0,gpt2-inference-5d8458fb46-klkm9
2026-08-18 04:51:54.951,1271562240.0,gpt2-inference-5d8458fb46-h27vx
2026-08-18 04:51:54.951,1161822208.0,gpt2-inference-5d8458fb46-9m5td
2026-08-18 04:51:54.951,1150083072.0,gpt2-inference-5d8458fb46-dmj5h
2026-08-18 04:51:54.951,1281523712.0,gpt2-inference-5d8458fb46-lg46j
2026-08-18 04:51:54.951,1851920384.0,gpt2-inference-5d8458fb46-ztjcb
2026-08-18 04:51:54.951,1196683264.0,gpt2-inference-5d8458fb46-5jcv6
2026-08-18 04:51:59.951,1281523712.0,gpt2-inference-5d8458fb46-lg46j
2026-08-18 04:51:59.951,1271562240.0,gpt2-inference-5d8458fb46-h27vx
2026-08-18 04:51:59.951,1851920384.0,gpt2-inference-5d8458fb46-ztjcb
2026-08-18 04:51:59.951,1155399680.0,gpt2-inference-5d8458fb46-2wnn4
2026-08-18 04:51:59.951,1167052800.0,gpt2-inference-5d8458fb46-klkm9
2026-08-18 04:51:59.951,1161785344.0,gpt2-inference-5d8458fb46-9m5td
2026-08-18 04:51:59.951,1150087168.0,gpt2-inference-5d8458fb46-dmj5h
2026-08-18 04:51:59.951,1196683264.0,gpt2-inference-5d8458fb46-5jcv6
2026-08-18 04:51:59.951,1181466624.0,gpt2-inference-5d8458fb46-rzh6r
2026-08-18 04:52:04.951,1150087168.0,gpt2-inference-5d8458fb46-dmj5h
2026-08-18 04:52:04.951,1161785344.0,gpt2-inference-5d8458fb46-9m5td
2026-08-18 04:52:04.951,1281785856.0,gpt2-inference-5d8458fb46-lg46j
2026-08-18 04:52:04.951,1271562240.0,gpt2-inference-5d8458fb46-h27vx
2026-08-18 04:52:04.951,1851920384.0,gpt2-inference-5d8458fb46-ztjcb
2026-08-18 04:52:04.951,1167052800.0,gpt2-inference-5d8458fb46-klkm9
2026-08-18 04:52:04.951,1181466624.0,gpt2-inference-5d8458fb46-rzh6r
2026-08-18 04:52:04.951,1196683264.0,gpt2-inference-5d8458fb46-5jcv6
2026-08-18 04:52:04.951,1155399680.0,gpt2-inference-5d8458fb46-2wnn4
2026-08-18 04:52:09.951,1181466624.0,gpt2-inference-5d8458fb46-rzh6r
2026-08-18 04:52:09.951,1196949504.0,gpt2-inference-5d8458fb46-5jcv6
2026-08-18 04:52:09.951,1150087168.0,gpt2-inference-5d8458fb46-dmj5h
2026-08-18 04:52:09.951,1155399680.0,gpt2-inference-5d8458fb46-2wnn4
2026-08-18 04:52:09.951,1281785856.0,gpt2-inference-5d8458fb46-lg46j
2026-08-18 04:52:09.951,1851920384.0,gpt2-inference-5d8458fb46-ztjcb
2026-08-18 04:52:09.951,1271562240.0,gpt2-inference-5d8458fb46-h27vx
2026-08-18 04:52:09.951,1167052800.0,gpt2-inference-5d8458fb46-klkm9
2026-08-18 04:52:09.951,1161785344.0,gpt2-inference-5d8458fb46-9m5td
2026-08-18 04:52:14.951,1281785856.0,gpt2-inference-5d8458fb46-lg46j
2026-08-18 04:52:14.951,1851920384.0,gpt2-inference-5d8458fb46-ztjcb
2026-08-18 04:52:14.951,1155108864.0,gpt2-inference-5d8458fb46-2wnn4
2026-08-18 04:52:14.951,1166819328.0,gpt2-inference-5d8458fb46-klkm9
2026-08-18 04:52:14.951,1150083072.0,gpt2-inference-5d8458fb46-dmj5h
2026-08-18 04:52:14.951,1196949504.0,gpt2-inference-5d8458fb46-5jcv6
2026-08-18 04:52:14.951,1181466624.0,gpt2-inference-5d8458fb46-rzh6r
2026-08-18 04:52:14.951,1271558144.0,gpt2-inference-5d8458fb46-h27vx
2026-08-18 04:52:14.951,1161785344.0,gpt2-inference-5d8458fb46-9m5td
2026-08-18 04:52:19.951,1281507328.0,gpt2-inference-5d8458fb46-lg46j
2026-08-18 04:52:19.951,1166819328.0,gpt2-inference-5d8458fb46-klkm9
2026-08-18 04:52:19.951,1196949504.0,gpt2-inference-5d8458fb46-5jcv6
2026-08-18 04:52:19.951,1155108864.0,gpt2-inference-5d8458fb46-2wnn4
2026-08-18 04:52:19.951,1150083072.0,gpt2-inference-5d8458fb46-dmj5h
2026-08-18 04:52:19.951,1161785344.0,gpt2-inference-5d8458fb46-9m5td
2026-08-18 04:52:19.951,1271558144.0,gpt2-inference-5d8458fb46-h27vx
2026-08-18 04:52:19.951,1851920384.0,gpt2-inference-5d8458fb46-ztjcb
2026-08-18 04:52:19.951,1181466624.0,gpt2-inference-5d8458fb46-rzh6r
2026-08-18 04:52:24.951,1150083072.0,gpt2-inference-5d8458fb46-dmj5h
2026-08-18 04:52:24.951,1196687360.0,gpt2-inference-5d8458fb46-5jcv6
2026-08-18 04:52:24.951,1851920384.0,gpt2-inference-5d8458fb46-ztjcb
2026-08-18 04:52:24.951,1271562240.0,gpt2-inference-5d8458fb46-h27vx
2026-08-18 04:52:24.951,1281507328.0,gpt2-inference-5d8458fb46-lg46j
2026-08-18 04:52:24.951,1166819328.0,gpt2-inference-5d8458fb46-klkm9
2026-08-18 04:52:24.951,1181466624.0,gpt2-inference-5d8458fb46-rzh6r
2026-08-18 04:52:24.951,1161785344.0,gpt2-inference-5d8458fb46-9m5td
2026-08-18 04:52:24.951,1154887680.0,gpt2-inference-5d8458fb46-2wnn4
2026-08-18 04:52:29.951,1196687360.0,gpt2-inference-5d8458fb46-5jcv6
2026-08-18 04:52:29.951,1166819328.0,gpt2-inference-5d8458fb46-klkm9
2026-08-18 04:52:29.951,1271562240.0,gpt2-inference-5d8458fb46-h27vx
2026-08-18 04:52:29.951,1852207104.0,gpt2-inference-5d8458fb46-ztjcb
2026-08-18 04:52:29.951,1161785344.0,gpt2-inference-5d8458fb46-9m5td
2026-08-18 04:52:29.951,1154887680.0,gpt2-inference-5d8458fb46-2wnn4
2026-08-18 04:52:29.951,1281503232.0,gpt2-inference-5d8458fb46-lg46j
2026-08-18 04:52:29.951,1181450240.0,gpt2-inference-5d8458fb46-rzh6r
2026-08-18 04:52:29.951,1150337024.0,gpt2-inference-5d8458fb46-dmj5h
2026-08-18 04:52:34.951,1271562240.0,gpt2-inference-5d8458fb46-h27vx
2026-08-18 04:52:34.951,1154887680.0,gpt2-inference-5d8458fb46-2wnn4
2026-08-18 04:52:34.951,1181450240.0,gpt2-inference-5d8458fb46-rzh6r
2026-08-18 04:52:34.951,1852207104.0,gpt2-inference-5d8458fb46-ztjcb
2026-08-18 04:52:34.951,1281503232.0,gpt2-inference-5d8458fb46-lg46j
2026-08-18 04:52:34.951,1197170688.0,gpt2-inference-5d8458fb46-5jcv6
2026-08-18 04:52:34.951,1167085568.0,gpt2-inference-5d8458fb46-klkm9
2026-08-18 04:52:34.951,1161785344.0,gpt2-inference-5d8458fb46-9m5td
2026-08-18 04:52:34.951,1150337024.0,gpt2-inference-5d8458fb46-dmj5h
2026-08-18 04:52:39.951,1161785344.0,gpt2-inference-5d8458fb46-9m5td
2026-08-18 04:52:39.951,1197170688.0,gpt2-inference-5d8458fb46-5jcv6
2026-08-18 04:52:39.951,1271562240.0,gpt2-inference-5d8458fb46-h27vx
2026-08-18 04:52:39.951,1150337024.0,gpt2-inference-5d8458fb46-dmj5h
2026-08-18 04:52:39.951,1167085568.0,gpt2-inference-5d8458fb46-klkm9
2026-08-18 04:52:39.951,1154887680.0,gpt2-inference-5d8458fb46-2wnn4
2026-08-18 04:52:39.951,1181450240.0,gpt2-inference-5d8458fb46-rzh6r
2026-08-18 04:52:39.951,1281499136.0,gpt2-inference-5d8458fb46-lg46j
2026-08-18 04:52:39.951,1852207104.0,gpt2-inference-5d8458fb46-ztjcb
2026-08-18 04:52:44.951,1150083072.0,gpt2-inference-5d8458fb46-dmj5h
2026-08-18 04:52:44.951,1154883584.0,gpt2-inference-5d8458fb46-2wnn4
2026-08-18 04:52:44.951,1271562240.0,gpt2-inference-5d8458fb46-h27vx
2026-08-18 04:52:44.951,1181458432.0,gpt2-inference-5d8458fb46-rzh6r
2026-08-18 04:52:44.951,1161785344.0,gpt2-inference-5d8458fb46-9m5td
2026-08-18 04:52:44.951,1851920384.0,gpt2-inference-5d8458fb46-ztjcb
2026-08-18 04:52:44.951,1281499136.0,gpt2-inference-5d8458fb46-lg46j
2026-08-18 04:52:44.951,1197170688.0,gpt2-inference-5d8458fb46-5jcv6
2026-08-18 04:52:44.951,1166827520.0,gpt2-inference-5d8458fb46-klkm9
2026-08-18 04:52:49.951,1181458432.0,gpt2-inference-5d8458fb46-rzh6r
2026-08-18 04:52:49.951,1166827520.0,gpt2-inference-5d8458fb46-klkm9
2026-08-18 04:52:49.951,1281499136.0,gpt2-inference-5d8458fb46-lg46j
2026-08-18 04:52:49.951,1154883584.0,gpt2-inference-5d8458fb46-2wnn4
2026-08-18 04:52:49.951,1161785344.0,gpt2-inference-5d8458fb46-9m5td
2026-08-18 04:52:49.951,1150083072.0,gpt2-inference-5d8458fb46-dmj5h
2026-08-18 04:52:49.951,1271562240.0,gpt2-inference-5d8458fb46-h27vx
2026-08-18 04:52:49.951,1851920384.0,gpt2-inference-5d8458fb46-ztjcb
2026-08-18 04:52:49.951,1197170688.0,gpt2-inference-5d8458fb46-5jcv6
2026-08-18 04:52:54.951,1281499136.0,gpt2-inference-5d8458fb46-lg46j
2026-08-18 04:52:54.951,1271562240.0,gpt2-inference-5d8458fb46-h27vx
2026-08-18 04:52:54.951,1851920384.0,gpt2-inference-5d8458fb46-ztjcb
2026-08-18 04:52:54.951,1161785344.0,gpt2-inference-5d8458fb46-9m5td
2026-08-18 04:52:54.951,1196687360.0,gpt2-inference-5d8458fb46-5jcv6
2026-08-18 04:52:54.951,1181458432.0,gpt2-inference-5d8458fb46-rzh6r
2026-08-18 04:52:54.951,1155117056.0,gpt2-inference-5d8458fb46-2wnn4
2026-08-18 04:52:54.951,1150078976.0,gpt2-inference-5d8458fb46-dmj5h
2026-08-18 04:52:54.951,1166827520.0,gpt2-inference-5d8458fb46-klkm9
2026-08-18 04:52:59.951,1155117056.0,gpt2-inference-5d8458fb46-2wnn4
2026-08-18 04:52:59.951,1181450240.0,gpt2-inference-5d8458fb46-rzh6r
2026-08-18 04:52:59.951,1150078976.0,gpt2-inference-5d8458fb46-dmj5h
2026-08-18 04:52:59.951,1281499136.0,gpt2-inference-5d8458fb46-lg46j
2026-08-18 04:52:59.951,1161785344.0,gpt2-inference-5d8458fb46-9m5td
2026-08-18 04:52:59.951,1271562240.0,gpt2-inference-5d8458fb46-h27vx
2026-08-18 04:52:59.951,1851920384.0,gpt2-inference-5d8458fb46-ztjcb
2026-08-18 04:52:59.951,1167081472.0,gpt2-inference-5d8458fb46-klkm9
2026-08-18 04:52:59.951,1196687360.0,gpt2-inference-5d8458fb46-5jcv6
2026-08-18 04:53:04.951,1281499136.0,gpt2-inference-5d8458fb46-lg46j
2026-08-18 04:53:04.951,1271562240.0,gpt2-inference-5d8458fb46-h27vx
2026-08-18 04:53:04.951,1196687360.0,gpt2-inference-5d8458fb46-5jcv6
2026-08-18 04:53:04.951,1154891776.0,gpt2-inference-5d8458fb46-2wnn4
2026-08-18 04:53:04.951,1150078976.0,gpt2-inference-5d8458fb46-dmj5h
2026-08-18 04:53:04.951,1161785344.0,gpt2-inference-5d8458fb46-9m5td
2026-08-18 04:53:04.951,1181450240.0,gpt2-inference-5d8458fb46-rzh6r
2026-08-18 04:53:04.951,1167081472.0,gpt2-inference-5d8458fb46-klkm9
2026-08-18 04:53:04.951,1851920384.0,gpt2-inference-5d8458fb46-ztjcb
2026-08-18 04:53:09.951,1196687360.0,gpt2-inference-5d8458fb46-5jcv6
2026-08-18 04:53:09.951,1154891776.0,gpt2-inference-5d8458fb46-2wnn4
2026-08-18 04:53:09.951,1161785344.0,gpt2-inference-5d8458fb46-9m5td
2026-08-18 04:53:09.951,1851944960.0,gpt2-inference-5d8458fb46-ztjcb
2026-08-18 04:53:09.951,1281499136.0,gpt2-inference-5d8458fb46-lg46j
2026-08-18 04:53:09.951,1166823424.0,gpt2-inference-5d8458fb46-klkm9
2026-08-18 04:53:09.951,1271562240.0,gpt2-inference-5d8458fb46-h27vx
2026-08-18 04:53:09.951,1150078976.0,gpt2-inference-5d8458fb46-dmj5h
2026-08-18 04:53:09.951,1181450240.0,gpt2-inference-5d8458fb46-rzh6r
2026-08-18 04:53:14.951,1851944960.0,gpt2-inference-5d8458fb46-ztjcb
2026-08-18 04:53:14.951,1150083072.0,gpt2-inference-5d8458fb46-dmj5h
2026-08-18 04:53:14.951,1166823424.0,gpt2-inference-5d8458fb46-klkm9
2026-08-18 04:53:14.951,1196687360.0,gpt2-inference-5d8458fb46-5jcv6
2026-08-18 04:53:14.951,1161785344.0,gpt2-inference-5d8458fb46-9m5td
2026-08-18 04:53:14.951,1154891776.0,gpt2-inference-5d8458fb46-2wnn4
2026-08-18 04:53:14.951,1281761280.0,gpt2-inference-5d8458fb46-lg46j
2026-08-18 04:53:14.951,1181446144.0,gpt2-inference-5d8458fb46-rzh6r
2026-08-18 04:53:14.951,1271562240.0,gpt2-inference-5d8458fb46-h27vx
2026-08-18 04:53:19.951,1150083072.0,gpt2-inference-5d8458fb46-dmj5h
2026-08-18 04:53:19.951,1181446144.0,gpt2-inference-5d8458fb46-rzh6r
2026-08-18 04:53:19.951,1166823424.0,gpt2-inference-5d8458fb46-klkm9
2026-08-18 04:53:19.951,1271562240.0,gpt2-inference-5d8458fb46-h27vx
2026-08-18 04:53:19.951,1197195264.0,gpt2-inference-5d8458fb46-5jcv6
2026-08-18 04:53:19.951,1281761280.0,gpt2-inference-5d8458fb46-lg46j
2026-08-18 04:53:19.951,1162272768.0,gpt2-inference-5d8458fb46-9m5td
2026-08-18 04:53:19.951,1851944960.0,gpt2-inference-5d8458fb46-ztjcb
2026-08-18 04:53:19.951,1154908160.0,gpt2-inference-5d8458fb46-2wnn4
2026-08-18 04:53:24.951,1197195264.0,gpt2-inference-5d8458fb46-5jcv6
2026-08-18 04:53:24.951,1281761280.0,gpt2-inference-5d8458fb46-lg46j
2026-08-18 04:53:24.951,1851920384.0,gpt2-inference-5d8458fb46-ztjcb
2026-08-18 04:53:24.951,1150083072.0,gpt2-inference-5d8458fb46-dmj5h
2026-08-18 04:53:24.951,1271562240.0,gpt2-inference-5d8458fb46-h27vx
2026-08-18 04:53:24.951,1167343616.0,gpt2-inference-5d8458fb46-klkm9
2026-08-18 04:53:24.951,1154908160.0,gpt2-inference-5d8458fb46-2wnn4
2026-08-18 04:53:24.951,1162272768.0,gpt2-inference-5d8458fb46-9m5td
2026-08-18 04:53:24.951,1181446144.0,gpt2-inference-5d8458fb46-rzh6r
2026-08-18 04:53:29.951,1271562240.0,gpt2-inference-5d8458fb46-h27vx
2026-08-18 04:53:29.951,1181446144.0,gpt2-inference-5d8458fb46-rzh6r
2026-08-18 04:53:29.951,1851920384.0,gpt2-inference-5d8458fb46-ztjcb
2026-08-18 04:53:29.951,1197195264.0,gpt2-inference-5d8458fb46-5jcv6
2026-08-18 04:53:29.951,1167343616.0,gpt2-inference-5d8458fb46-klkm9
2026-08-18 04:53:29.951,1150083072.0,gpt2-inference-5d8458fb46-dmj5h
2026-08-18 04:53:29.951,1281761280.0,gpt2-inference-5d8458fb46-lg46j
2026-08-18 04:53:29.951,1154908160.0,gpt2-inference-5d8458fb46-2wnn4
2026-08-18 04:53:29.951,1162272768.0,gpt2-inference-5d8458fb46-9m5td
2026-08-18 04:53:34.951,1271562240.0,gpt2-inference-5d8458fb46-h27vx
2026-08-18 04:53:34.951,1150304256.0,gpt2-inference-5d8458fb46-dmj5h
2026-08-18 04:53:34.951,1181446144.0,gpt2-inference-5d8458fb46-rzh6r
2026-08-18 04:53:34.951,1167052800.0,gpt2-inference-5d8458fb46-klkm9
2026-08-18 04:53:34.951,1155104768.0,gpt2-inference-5d8458fb46-2wnn4
2026-08-18 04:53:34.951,1197195264.0,gpt2-inference-5d8458fb46-5jcv6
2026-08-18 04:53:34.951,1162035200.0,gpt2-inference-5d8458fb46-9m5td
2026-08-18 04:53:34.951,1851920384.0,gpt2-inference-5d8458fb46-ztjcb
2026-08-18 04:53:34.951,1281761280.0,gpt2-inference-5d8458fb46-lg46j
2026-08-18 04:53:39.951,1851920384.0,gpt2-inference-5d8458fb46-ztjcb
2026-08-18 04:53:39.951,1271562240.0,gpt2-inference-5d8458fb46-h27vx
2026-08-18 04:53:39.951,1181446144.0,gpt2-inference-5d8458fb46-rzh6r
2026-08-18 04:53:39.951,1155104768.0,gpt2-inference-5d8458fb46-2wnn4
2026-08-18 04:53:39.951,1196687360.0,gpt2-inference-5d8458fb46-5jcv6
2026-08-18 04:53:39.951,1167052800.0,gpt2-inference-5d8458fb46-klkm9
2026-08-18 04:53:39.951,1150304256.0,gpt2-inference-5d8458fb46-dmj5h
2026-08-18 04:53:39.951,1281507328.0,gpt2-inference-5d8458fb46-lg46j
2026-08-18 04:53:39.951,1162035200.0,gpt2-inference-5d8458fb46-9m5td
2026-08-18 04:53:44.951,1155104768.0,gpt2-inference-5d8458fb46-2wnn4
2026-08-18 04:53:44.951,1167052800.0,gpt2-inference-5d8458fb46-klkm9
2026-08-18 04:53:44.951,1271562240.0,gpt2-inference-5d8458fb46-h27vx
2026-08-18 04:53:44.951,1150304256.0,gpt2-inference-5d8458fb46-dmj5h
2026-08-18 04:53:44.951,1851920384.0,gpt2-inference-5d8458fb46-ztjcb
2026-08-18 04:53:44.951,1181446144.0,gpt2-inference-5d8458fb46-rzh6r
2026-08-18 04:53:44.951,1162035200.0,gpt2-inference-5d8458fb46-9m5td
2026-08-18 04:53:44.951,1281507328.0,gpt2-inference-5d8458fb46-lg46j
2026-08-18 04:53:44.951,1196687360.0,gpt2-inference-5d8458fb46-5jcv6
2026-08-18 04:53:49.951,1851920384.0,gpt2-inference-5d8458fb46-ztjcb
2026-08-18 04:53:49.951,1150308352.0,gpt2-inference-5d8458fb46-dmj5h
2026-08-18 04:53:49.951,1271570432.0,gpt2-inference-5d8458fb46-h27vx
2026-08-18 04:53:49.951,1196937216.0,gpt2-inference-5d8458fb46-5jcv6
2026-08-18 04:53:49.951,1281507328.0,gpt2-inference-5d8458fb46-lg46j
2026-08-18 04:53:49.951,1181446144.0,gpt2-inference-5d8458fb46-rzh6r
2026-08-18 04:53:49.951,1167052800.0,gpt2-inference-5d8458fb46-klkm9
2026-08-18 04:53:49.951,1155145728.0,gpt2-inference-5d8458fb46-2wnn4
2026-08-18 04:53:49.951,1161785344.0,gpt2-inference-5d8458fb46-9m5td
2026-08-18 04:53:54.951,1851920384.0,gpt2-inference-5d8458fb46-ztjcb
2026-08-18 04:53:54.951,1271570432.0,gpt2-inference-5d8458fb46-h27vx
2026-08-18 04:53:54.951,1161785344.0,gpt2-inference-5d8458fb46-9m5td
2026-08-18 04:53:54.951,1181446144.0,gpt2-inference-5d8458fb46-rzh6r
2026-08-18 04:53:54.951,1196937216.0,gpt2-inference-5d8458fb46-5jcv6
2026-08-18 04:53:54.951,1155145728.0,gpt2-inference-5d8458fb46-2wnn4
2026-08-18 04:53:54.951,1150308352.0,gpt2-inference-5d8458fb46-dmj5h
2026-08-18 04:53:54.951,1166831616.0,gpt2-inference-5d8458fb46-klkm9
2026-08-18 04:53:54.951,1281507328.0,gpt2-inference-5d8458fb46-lg46j
2026-08-18 04:53:59.951,1166831616.0,gpt2-inference-5d8458fb46-klkm9
2026-08-18 04:53:59.951,1181442048.0,gpt2-inference-5d8458fb46-rzh6r
2026-08-18 04:53:59.951,1150308352.0,gpt2-inference-5d8458fb46-dmj5h
2026-08-18 04:53:59.951,1155145728.0,gpt2-inference-5d8458fb46-2wnn4
2026-08-18 04:53:59.951,1161785344.0,gpt2-inference-5d8458fb46-9m5td
2026-08-18 04:53:59.951,1271570432.0,gpt2-inference-5d8458fb46-h27vx
2026-08-18 04:53:59.951,1196937216.0,gpt2-inference-5d8458fb46-5jcv6
2026-08-18 04:53:59.951,1851920384.0,gpt2-inference-5d8458fb46-ztjcb
2026-08-18 04:53:59.951,1281507328.0,gpt2-inference-5d8458fb46-lg46j
2026-08-18 04:54:04.951,1181442048.0,gpt2-inference-5d8458fb46-rzh6r
2026-08-18 04:54:04.951,1161785344.0,gpt2-inference-5d8458fb46-9m5td
2026-08-18 04:54:04.951,1150308352.0,gpt2-inference-5d8458fb46-dmj5h
2026-08-18 04:54:04.951,1166831616.0,gpt2-inference-5d8458fb46-klkm9
2026-08-18 04:54:04.951,1155145728.0,gpt2-inference-5d8458fb46-2wnn4
2026-08-18 04:54:04.951,1851920384.0,gpt2-inference-5d8458fb46-ztjcb
2026-08-18 04:54:04.951,1271562240.0,gpt2-inference-5d8458fb46-h27vx
2026-08-18 04:54:04.951,1196687360.0,gpt2-inference-5d8458fb46-5jcv6
2026-08-18 04:54:04.951,1281507328.0,gpt2-inference-5d8458fb46-lg46j
2026-08-18 04:54:09.951,1181446144.0,gpt2-inference-5d8458fb46-rzh6r
2026-08-18 04:54:09.951,1271562240.0,gpt2-inference-5d8458fb46-h27vx
2026-08-18 04:54:09.951,1851920384.0,gpt2-inference-5d8458fb46-ztjcb
2026-08-18 04:54:09.951,1150304256.0,gpt2-inference-5d8458fb46-dmj5h
2026-08-18 04:54:09.951,1196687360.0,gpt2-inference-5d8458fb46-5jcv6
2026-08-18 04:54:09.951,1281507328.0,gpt2-inference-5d8458fb46-lg46j
2026-08-18 04:54:09.951,1161785344.0,gpt2-inference-5d8458fb46-9m5td
2026-08-18 04:54:09.951,1155145728.0,gpt2-inference-5d8458fb46-2wnn4
2026-08-18 04:54:09.951,1166831616.0,gpt2-inference-5d8458fb46-klkm9
2026-08-18 04:54:14.951,1166831616.0,gpt2-inference-5d8458fb46-klkm9
2026-08-18 04:54:14.951,1271562240.0,gpt2-inference-5d8458fb46-h27vx
2026-08-18 04:54:14.951,1281503232.0,gpt2-inference-5d8458fb46-lg46j
2026-08-18 04:54:14.951,1181446144.0,gpt2-inference-5d8458fb46-rzh6r
2026-08-18 04:54:14.951,1851920384.0,gpt2-inference-5d8458fb46-ztjcb
2026-08-18 04:54:14.951,1155145728.0,gpt2-inference-5d8458fb46-2wnn4
2026-08-18 04:54:14.951,1161785344.0,gpt2-inference-5d8458fb46-9m5td
2026-08-18 04:54:14.951,1196687360.0,gpt2-inference-5d8458fb46-5jcv6
2026-08-18 04:54:14.951,1150304256.0,gpt2-inference-5d8458fb46-dmj5h
2026-08-18 04:54:19.951,1162010624.0,gpt2-inference-5d8458fb46-9m5td
2026-08-18 04:54:19.951,1851916288.0,gpt2-inference-5d8458fb46-ztjcb
2026-08-18 04:54:19.951,1271558144.0,gpt2-inference-5d8458fb46-h27vx
2026-08-18 04:54:19.951,1155379200.0,gpt2-inference-5d8458fb46-2wnn4
2026-08-18 04:54:19.951,1166831616.0,gpt2-inference-5d8458fb46-klkm9
2026-08-18 04:54:19.951,1281503232.0,gpt2-inference-5d8458fb46-lg46j
2026-08-18 04:54:19.951,1150083072.0,gpt2-inference-5d8458fb46-dmj5h
2026-08-18 04:54:19.951,1196945408.0,gpt2-inference-5d8458fb46-5jcv6
2026-08-18 04:54:19.951,1181671424.0,gpt2-inference-5d8458fb46-rzh6r
2026-08-18 04:54:24.951,1166831616.0,gpt2-inference-5d8458fb46-klkm9
2026-08-18 04:54:24.951,1162010624.0,gpt2-inference-5d8458fb46-9m5td
2026-08-18 04:54:24.951,1150083072.0,gpt2-inference-5d8458fb46-dmj5h
2026-08-18 04:54:24.951,1271558144.0,gpt2-inference-5d8458fb46-h27vx
2026-08-18 04:54:24.951,1196945408.0,gpt2-inference-5d8458fb46-5jcv6
2026-08-18 04:54:24.951,1851916288.0,gpt2-inference-5d8458fb46-ztjcb
2026-08-18 04:54:24.951,1281503232.0,gpt2-inference-5d8458fb46-lg46j
2026-08-18 04:54:24.951,1181671424.0,gpt2-inference-5d8458fb46-rzh6r
2026-08-18 04:54:24.951,1155379200.0,gpt2-inference-5d8458fb46-2wnn4
2026-08-18 04:54:29.951,1196945408.0,gpt2-inference-5d8458fb46-5jcv6
2026-08-18 04:54:29.951,1181442048.0,gpt2-inference-5d8458fb46-rzh6r
2026-08-18 04:54:29.951,1167065088.0,gpt2-inference-5d8458fb46-klkm9
2026-08-18 04:54:29.951,1851916288.0,gpt2-inference-5d8458fb46-ztjcb
2026-08-18 04:54:29.951,1271558144.0,gpt2-inference-5d8458fb46-h27vx
2026-08-18 04:54:29.951,1150091264.0,gpt2-inference-5d8458fb46-dmj5h
2026-08-18 04:54:29.951,1162010624.0,gpt2-inference-5d8458fb46-9m5td
2026-08-18 04:54:29.951,1155379200.0,gpt2-inference-5d8458fb46-2wnn4
2026-08-18 04:54:29.951,1281503232.0,gpt2-inference-5d8458fb46-lg46j
2026-08-18 04:54:34.951,1181442048.0,gpt2-inference-5d8458fb46-rzh6r
2026-08-18 04:54:34.951,1851920384.0,gpt2-inference-5d8458fb46-ztjcb
2026-08-18 04:54:34.951,1155112960.0,gpt2-inference-5d8458fb46-2wnn4
2026-08-18 04:54:34.951,1162010624.0,gpt2-inference-5d8458fb46-9m5td
2026-08-18 04:54:34.951,1196945408.0,gpt2-inference-5d8458fb46-5jcv6
2026-08-18 04:54:34.951,1271558144.0,gpt2-inference-5d8458fb46-h27vx
2026-08-18 04:54:34.951,1281503232.0,gpt2-inference-5d8458fb46-lg46j
2026-08-18 04:54:34.951,1167065088.0,gpt2-inference-5d8458fb46-klkm9
2026-08-18 04:54:34.951,1150091264.0,gpt2-inference-5d8458fb46-dmj5h
2026-08-18 04:54:39.951,1181442048.0,gpt2-inference-5d8458fb46-rzh6r
2026-08-18 04:54:39.951,1197207552.0,gpt2-inference-5d8458fb46-5jcv6
2026-08-18 04:54:39.951,1281503232.0,gpt2-inference-5d8458fb46-lg46j
2026-08-18 04:54:39.951,1150091264.0,gpt2-inference-5d8458fb46-dmj5h
2026-08-18 04:54:39.951,1851920384.0,gpt2-inference-5d8458fb46-ztjcb
2026-08-18 04:54:39.951,1271562240.0,gpt2-inference-5d8458fb46-h27vx
2026-08-18 04:54:39.951,1155112960.0,gpt2-inference-5d8458fb46-2wnn4
2026-08-18 04:54:39.951,1162010624.0,gpt2-inference-5d8458fb46-9m5td
2026-08-18 04:54:39.951,1167065088.0,gpt2-inference-5d8458fb46-klkm9
2026-08-18 04:54:44.951,1281503232.0,gpt2-inference-5d8458fb46-lg46j
2026-08-18 04:54:44.951,1197207552.0,gpt2-inference-5d8458fb46-5jcv6
2026-08-18 04:54:44.951,1271562240.0,gpt2-inference-5d8458fb46-h27vx
2026-08-18 04:54:44.951,1181446144.0,gpt2-inference-5d8458fb46-rzh6r
2026-08-18 04:54:44.951,1167081472.0,gpt2-inference-5d8458fb46-klkm9
2026-08-18 04:54:44.951,1161785344.0,gpt2-inference-5d8458fb46-9m5td
2026-08-18 04:54:44.951,1851920384.0,gpt2-inference-5d8458fb46-ztjcb
2026-08-18 04:54:44.951,1155112960.0,gpt2-inference-5d8458fb46-2wnn4
2026-08-18 04:54:44.951,1150078976.0,gpt2-inference-5d8458fb46-dmj5h
2026-08-18 04:54:49.951,1154887680.0,gpt2-inference-5d8458fb46-2wnn4
2026-08-18 04:54:49.951,1271562240.0,gpt2-inference-5d8458fb46-h27vx
2026-08-18 04:54:49.951,1197207552.0,gpt2-inference-5d8458fb46-5jcv6
2026-08-18 04:54:49.951,1181446144.0,gpt2-inference-5d8458fb46-rzh6r
2026-08-18 04:54:49.951,1167081472.0,gpt2-inference-5d8458fb46-klkm9
2026-08-18 04:54:49.951,1852178432.0,gpt2-inference-5d8458fb46-ztjcb
2026-08-18 04:54:49.951,1161785344.0,gpt2-inference-5d8458fb46-9m5td
2026-08-18 04:54:49.951,1281765376.0,gpt2-inference-5d8458fb46-lg46j
2026-08-18 04:54:49.951,1150078976.0,gpt2-inference-5d8458fb46-dmj5h
2026-08-18 04:54:54.951,1852178432.0,gpt2-inference-5d8458fb46-ztjcb
2026-08-18 04:54:54.951,1154887680.0,gpt2-inference-5d8458fb46-2wnn4
2026-08-18 04:54:54.951,1150308352.0,gpt2-inference-5d8458fb46-dmj5h
2026-08-18 04:54:54.951,1271562240.0,gpt2-inference-5d8458fb46-h27vx
2026-08-18 04:54:54.951,1166831616.0,gpt2-inference-5d8458fb46-klkm9
2026-08-18 04:54:54.951,1281765376.0,gpt2-inference-5d8458fb46-lg46j
2026-08-18 04:54:54.951,1181446144.0,gpt2-inference-5d8458fb46-rzh6r
2026-08-18 04:54:54.951,1196691456.0,gpt2-inference-5d8458fb46-5jcv6
2026-08-18 04:54:54.951,1161785344.0,gpt2-inference-5d8458fb46-9m5td
2026-08-18 04:54:59.951,1154887680.0,gpt2-inference-5d8458fb46-2wnn4
2026-08-18 04:54:59.951,1281740800.0,gpt2-inference-5d8458fb46-lg46j
2026-08-18 04:54:59.951,1150308352.0,gpt2-inference-5d8458fb46-dmj5h
2026-08-18 04:54:59.951,1271562240.0,gpt2-inference-5d8458fb46-h27vx
2026-08-18 04:54:59.951,1196691456.0,gpt2-inference-5d8458fb46-5jcv6
2026-08-18 04:54:59.951,1852178432.0,gpt2-inference-5d8458fb46-ztjcb
2026-08-18 04:54:59.951,1181446144.0,gpt2-inference-5d8458fb46-rzh6r
2026-08-18 04:54:59.951,1166831616.0,gpt2-inference-5d8458fb46-klkm9
2026-08-18 04:54:59.951,1161793536.0,gpt2-inference-5d8458fb46-9m5td
2026-08-18 04:55:04.951,1196691456.0,gpt2-inference-5d8458fb46-5jcv6
2026-08-18 04:55:04.951,1181446144.0,gpt2-inference-5d8458fb46-rzh6r
2026-08-18 04:55:04.951,1281740800.0,gpt2-inference-5d8458fb46-lg46j
2026-08-18 04:55:04.951,1166831616.0,gpt2-inference-5d8458fb46-klkm9
2026-08-18 04:55:04.951,1271558144.0,gpt2-inference-5d8458fb46-h27vx
2026-08-18 04:55:04.951,1852178432.0,gpt2-inference-5d8458fb46-ztjcb
2026-08-18 04:55:04.951,1150078976.0,gpt2-inference-5d8458fb46-dmj5h
2026-08-18 04:55:04.951,1154887680.0,gpt2-inference-5d8458fb46-2wnn4
2026-08-18 04:55:04.951,1161793536.0,gpt2-inference-5d8458fb46-9m5td
2026-08-18 04:55:09.951,1154887680.0,gpt2-inference-5d8458fb46-2wnn4
2026-08-18 04:55:09.951,1851920384.0,gpt2-inference-5d8458fb46-ztjcb
2026-08-18 04:55:09.951,1166831616.0,gpt2-inference-5d8458fb46-klkm9
2026-08-18 04:55:09.951,1161793536.0,gpt2-inference-5d8458fb46-9m5td
2026-08-18 04:55:09.951,1281740800.0,gpt2-inference-5d8458fb46-lg46j
2026-08-18 04:55:09.951,1150078976.0,gpt2-inference-5d8458fb46-dmj5h
2026-08-18 04:55:09.951,1181724672.0,gpt2-inference-5d8458fb46-rzh6r
2026-08-18 04:55:09.951,1197404160.0,gpt2-inference-5d8458fb46-5jcv6
2026-08-18 04:55:09.951,1271558144.0,gpt2-inference-5d8458fb46-h27vx
2026-08-18 04:55:14.951,1150083072.0,gpt2-inference-5d8458fb46-dmj5h
2026-08-18 04:55:14.951,1181724672.0,gpt2-inference-5d8458fb46-rzh6r
2026-08-18 04:55:14.951,1281744896.0,gpt2-inference-5d8458fb46-lg46j
2026-08-18 04:55:14.951,1154887680.0,gpt2-inference-5d8458fb46-2wnn4
2026-08-18 04:55:14.951,1271558144.0,gpt2-inference-5d8458fb46-h27vx
2026-08-18 04:55:14.951,1162010624.0,gpt2-inference-5d8458fb46-9m5td
2026-08-18 04:55:14.951,1851920384.0,gpt2-inference-5d8458fb46-ztjcb
2026-08-18 04:55:14.951,1166852096.0,gpt2-inference-5d8458fb46-klkm9
2026-08-18 04:55:14.951,1197404160.0,gpt2-inference-5d8458fb46-5jcv6
2026-08-18 04:55:19.951,1281744896.0,gpt2-inference-5d8458fb46-lg46j
2026-08-18 04:55:19.951,1181724672.0,gpt2-inference-5d8458fb46-rzh6r
2026-08-18 04:55:19.951,1166852096.0,gpt2-inference-5d8458fb46-klkm9
2026-08-18 04:55:19.951,1851920384.0,gpt2-inference-5d8458fb46-ztjcb
2026-08-18 04:55:19.951,1271558144.0,gpt2-inference-5d8458fb46-h27vx
2026-08-18 04:55:19.951,1162010624.0,gpt2-inference-5d8458fb46-9m5td
2026-08-18 04:55:19.951,1154887680.0,gpt2-inference-5d8458fb46-2wnn4
2026-08-18 04:55:19.951,1150083072.0,gpt2-inference-5d8458fb46-dmj5h
2026-08-18 04:55:19.951,1197404160.0,gpt2-inference-5d8458fb46-5jcv6
2026-08-18 04:55:24.951,1851916288.0,gpt2-inference-5d8458fb46-ztjcb
2026-08-18 04:55:24.951,1166852096.0,gpt2-inference-5d8458fb46-klkm9
2026-08-18 04:55:24.951,1150083072.0,gpt2-inference-5d8458fb46-dmj5h
2026-08-18 04:55:24.951,1162010624.0,gpt2-inference-5d8458fb46-9m5td
2026-08-18 04:55:24.951,1281744896.0,gpt2-inference-5d8458fb46-lg46j
2026-08-18 04:55:24.951,1181958144.0,gpt2-inference-5d8458fb46-rzh6r
2026-08-18 04:55:24.951,1197404160.0,gpt2-inference-5d8458fb46-5jcv6
2026-08-18 04:55:24.951,1271558144.0,gpt2-inference-5d8458fb46-h27vx
2026-08-18 04:55:24.951,1154887680.0,gpt2-inference-5d8458fb46-2wnn4
2026-08-18 04:55:29.951,1150083072.0,gpt2-inference-5d8458fb46-dmj5h
2026-08-18 04:55:29.951,1162518528.0,gpt2-inference-5d8458fb46-9m5td
2026-08-18 04:55:29.951,1271562240.0,gpt2-inference-5d8458fb46-h27vx
2026-08-18 04:55:29.951,1154887680.0,gpt2-inference-5d8458fb46-2wnn4
2026-08-18 04:55:29.951,1181958144.0,gpt2-inference-5d8458fb46-rzh6r
2026-08-18 04:55:29.951,1166852096.0,gpt2-inference-5d8458fb46-klkm9
2026-08-18 04:55:29.951,1197174784.0,gpt2-inference-5d8458fb46-5jcv6
2026-08-18 04:55:29.951,1281744896.0,gpt2-inference-5d8458fb46-lg46j
2026-08-18 04:55:29.951,1851916288.0,gpt2-inference-5d8458fb46-ztjcb
2026-08-18 04:55:34.951,1150083072.0,gpt2-inference-5d8458fb46-dmj5h
2026-08-18 04:55:34.951,1154887680.0,gpt2-inference-5d8458fb46-2wnn4
2026-08-18 04:55:34.951,1166831616.0,gpt2-inference-5d8458fb46-klkm9
2026-08-18 04:55:34.951,1181958144.0,gpt2-inference-5d8458fb46-rzh6r
2026-08-18 04:55:34.951,1851920384.0,gpt2-inference-5d8458fb46-ztjcb
2026-08-18 04:55:34.951,1271562240.0,gpt2-inference-5d8458fb46-h27vx
2026-08-18 04:55:34.951,1162518528.0,gpt2-inference-5d8458fb46-9m5td
2026-08-18 04:55:34.951,1281503232.0,gpt2-inference-5d8458fb46-lg46j
2026-08-18 04:55:34.951,1197174784.0,gpt2-inference-5d8458fb46-5jcv6
2026-08-18 04:55:39.951,1271562240.0,gpt2-inference-5d8458fb46-h27vx
2026-08-18 04:55:39.951,1166831616.0,gpt2-inference-5d8458fb46-klkm9
2026-08-18 04:55:39.951,1281503232.0,gpt2-inference-5d8458fb46-lg46j
2026-08-18 04:55:39.951,1197174784.0,gpt2-inference-5d8458fb46-5jcv6
2026-08-18 04:55:39.951,1851920384.0,gpt2-inference-5d8458fb46-ztjcb
2026-08-18 04:55:39.951,1181958144.0,gpt2-inference-5d8458fb46-rzh6r
2026-08-18 04:55:39.951,1154904064.0,gpt2-inference-5d8458fb46-2wnn4
2026-08-18 04:55:39.951,1162518528.0,gpt2-inference-5d8458fb46-9m5td
2026-08-18 04:55:39.951,1150083072.0,gpt2-inference-5d8458fb46-dmj5h
2026-08-18 04:55:44.951,1150619648.0,gpt2-inference-5d8458fb46-dmj5h
2026-08-18 04:55:44.951,1196683264.0,gpt2-inference-5d8458fb46-5jcv6
2026-08-18 04:55:44.951,1162518528.0,gpt2-inference-5d8458fb46-9m5td
2026-08-18 04:55:44.951,1281503232.0,gpt2-inference-5d8458fb46-lg46j
2026-08-18 04:55:44.951,1166831616.0,gpt2-inference-5d8458fb46-klkm9
2026-08-18 04:55:44.951,1271562240.0,gpt2-inference-5d8458fb46-h27vx
2026-08-18 04:55:44.951,1851920384.0,gpt2-inference-5d8458fb46-ztjcb
2026-08-18 04:55:44.951,1181446144.0,gpt2-inference-5d8458fb46-rzh6r
2026-08-18 04:55:44.951,1154904064.0,gpt2-inference-5d8458fb46-2wnn4
2026-08-18 04:55:49.951,1154904064.0,gpt2-inference-5d8458fb46-2wnn4
2026-08-18 04:55:49.951,1196683264.0,gpt2-inference-5d8458fb46-5jcv6
2026-08-18 04:55:49.951,1161785344.0,gpt2-inference-5d8458fb46-9m5td
2026-08-18 04:55:49.951,1281527808.0,gpt2-inference-5d8458fb46-lg46j
2026-08-18 04:55:49.951,1150619648.0,gpt2-inference-5d8458fb46-dmj5h
2026-08-18 04:55:49.951,1181446144.0,gpt2-inference-5d8458fb46-rzh6r
2026-08-18 04:55:49.951,1166831616.0,gpt2-inference-5d8458fb46-klkm9
2026-08-18 04:55:49.951,1851920384.0,gpt2-inference-5d8458fb46-ztjcb
2026-08-18 04:55:49.951,1271582720.0,gpt2-inference-5d8458fb46-h27vx
2026-08-18 04:55:54.951,1851920384.0,gpt2-inference-5d8458fb46-ztjcb
2026-08-18 04:55:54.951,1161785344.0,gpt2-inference-5d8458fb46-9m5td
2026-08-18 04:55:54.951,1196908544.0,gpt2-inference-5d8458fb46-5jcv6
2026-08-18 04:55:54.951,1150308352.0,gpt2-inference-5d8458fb46-dmj5h
2026-08-18 04:55:54.951,1166831616.0,gpt2-inference-5d8458fb46-klkm9
2026-08-18 04:55:54.951,1271582720.0,gpt2-inference-5d8458fb46-h27vx
2026-08-18 04:55:54.951,1281527808.0,gpt2-inference-5d8458fb46-lg46j
2026-08-18 04:55:54.951,1181708288.0,gpt2-inference-5d8458fb46-rzh6r
2026-08-18 04:55:54.951,1155145728.0,gpt2-inference-5d8458fb46-2wnn4
2026-08-18 04:55:59.951,1150308352.0,gpt2-inference-5d8458fb46-dmj5h
2026-08-18 04:55:59.951,1155145728.0,gpt2-inference-5d8458fb46-2wnn4
2026-08-18 04:55:59.951,1196908544.0,gpt2-inference-5d8458fb46-5jcv6
2026-08-18 04:55:59.951,1181708288.0,gpt2-inference-5d8458fb46-rzh6r
2026-08-18 04:55:59.951,1161785344.0,gpt2-inference-5d8458fb46-9m5td
2026-08-18 04:55:59.951,1281527808.0,gpt2-inference-5d8458fb46-lg46j
2026-08-18 04:55:59.951,1851916288.0,gpt2-inference-5d8458fb46-ztjcb
2026-08-18 04:55:59.951,1166831616.0,gpt2-inference-5d8458fb46-klkm9
2026-08-18 04:55:59.951,1271582720.0,gpt2-inference-5d8458fb46-h27vx
2026-08-18 04:56:04.951,1196945408.0,gpt2-inference-5d8458fb46-5jcv6
2026-08-18 04:56:04.951,1271582720.0,gpt2-inference-5d8458fb46-h27vx
2026-08-18 04:56:04.951,1281511424.0,gpt2-inference-5d8458fb46-lg46j
2026-08-18 04:56:04.951,1162047488.0,gpt2-inference-5d8458fb46-9m5td
2026-08-18 04:56:04.951,1181708288.0,gpt2-inference-5d8458fb46-rzh6r
2026-08-18 04:56:04.951,1851916288.0,gpt2-inference-5d8458fb46-ztjcb
2026-08-18 04:56:04.951,1150308352.0,gpt2-inference-5d8458fb46-dmj5h
2026-08-18 04:56:04.951,1166831616.0,gpt2-inference-5d8458fb46-klkm9
2026-08-18 04:56:04.951,1155145728.0,gpt2-inference-5d8458fb46-2wnn4
2026-08-18 04:56:09.951,1150308352.0,gpt2-inference-5d8458fb46-dmj5h
2026-08-18 04:56:09.951,1181708288.0,gpt2-inference-5d8458fb46-rzh6r
2026-08-18 04:56:09.951,1162047488.0,gpt2-inference-5d8458fb46-9m5td
2026-08-18 04:56:09.951,1271566336.0,gpt2-inference-5d8458fb46-h27vx
2026-08-18 04:56:09.951,1851916288.0,gpt2-inference-5d8458fb46-ztjcb
2026-08-18 04:56:09.951,1155145728.0,gpt2-inference-5d8458fb46-2wnn4
2026-08-18 04:56:09.951,1166831616.0,gpt2-inference-5d8458fb46-klkm9
2026-08-18 04:56:09.951,1281511424.0,gpt2-inference-5d8458fb46-lg46j
2026-08-18 04:56:09.951,1196945408.0,gpt2-inference-5d8458fb46-5jcv6
2026-08-18 04:56:14.951,1150078976.0,gpt2-inference-5d8458fb46-dmj5h
2026-08-18 04:56:14.951,1271566336.0,gpt2-inference-5d8458fb46-h27vx
2026-08-18 04:56:14.951,1851920384.0,gpt2-inference-5d8458fb46-ztjcb
2026-08-18 04:56:14.951,1281507328.0,gpt2-inference-5d8458fb46-lg46j
2026-08-18 04:56:14.951,1166835712.0,gpt2-inference-5d8458fb46-klkm9
2026-08-18 04:56:14.951,1181446144.0,gpt2-inference-5d8458fb46-rzh6r
2026-08-18 04:56:14.951,1154887680.0,gpt2-inference-5d8458fb46-2wnn4
2026-08-18 04:56:14.951,1161785344.0,gpt2-inference-5d8458fb46-9m5td
2026-08-18 04:56:14.951,1196945408.0,gpt2-inference-5d8458fb46-5jcv6
2026-08-18 04:56:19.951,1150078976.0,gpt2-inference-5d8458fb46-dmj5h
2026-08-18 04:56:19.951,1281507328.0,gpt2-inference-5d8458fb46-lg46j
2026-08-18 04:56:19.951,1181446144.0,gpt2-inference-5d8458fb46-rzh6r
2026-08-18 04:56:19.951,1166835712.0,gpt2-inference-5d8458fb46-klkm9
2026-08-18 04:56:19.951,1271566336.0,gpt2-inference-5d8458fb46-h27vx
2026-08-18 04:56:19.951,1154887680.0,gpt2-inference-5d8458fb46-2wnn4
2026-08-18 04:56:19.951,1851920384.0,gpt2-inference-5d8458fb46-ztjcb
2026-08-18 04:56:19.951,1161785344.0,gpt2-inference-5d8458fb46-9m5td
2026-08-18 04:56:19.951,1197203456.0,gpt2-inference-5d8458fb46-5jcv6
2026-08-18 04:56:24.951,1150083072.0,gpt2-inference-5d8458fb46-dmj5h
2026-08-18 04:56:24.951,1154887680.0,gpt2-inference-5d8458fb46-2wnn4
2026-08-18 04:56:24.951,1851920384.0,gpt2-inference-5d8458fb46-ztjcb
2026-08-18 04:56:24.951,1197203456.0,gpt2-inference-5d8458fb46-5jcv6
2026-08-18 04:56:24.951,1166835712.0,gpt2-inference-5d8458fb46-klkm9
2026-08-18 04:56:24.951,1181446144.0,gpt2-inference-5d8458fb46-rzh6r
2026-08-18 04:56:24.951,1161785344.0,gpt2-inference-5d8458fb46-9m5td
2026-08-18 04:56:24.951,1281507328.0,gpt2-inference-5d8458fb46-lg46j
2026-08-18 04:56:24.951,1271566336.0,gpt2-inference-5d8458fb46-h27vx
2026-08-18 04:56:29.951,1851936768.0,gpt2-inference-5d8458fb46-ztjcb
2026-08-18 04:56:29.951,1154887680.0,gpt2-inference-5d8458fb46-2wnn4
2026-08-18 04:56:29.951,1181446144.0,gpt2-inference-5d8458fb46-rzh6r
2026-08-18 04:56:29.951,1197203456.0,gpt2-inference-5d8458fb46-5jcv6
2026-08-18 04:56:29.951,1281507328.0,gpt2-inference-5d8458fb46-lg46j
2026-08-18 04:56:29.951,1166835712.0,gpt2-inference-5d8458fb46-klkm9
2026-08-18 04:56:29.951,1271566336.0,gpt2-inference-5d8458fb46-h27vx
2026-08-18 04:56:29.951,1150083072.0,gpt2-inference-5d8458fb46-dmj5h
2026-08-18 04:56:29.951,1161785344.0,gpt2-inference-5d8458fb46-9m5td
2026-08-18 04:56:34.951,1197174784.0,gpt2-inference-5d8458fb46-5jcv6
2026-08-18 04:56:34.951,1181446144.0,gpt2-inference-5d8458fb46-rzh6r
2026-08-18 04:56:34.951,1166835712.0,gpt2-inference-5d8458fb46-klkm9
2026-08-18 04:56:34.951,1150083072.0,gpt2-inference-5d8458fb46-dmj5h
2026-08-18 04:56:34.951,1271566336.0,gpt2-inference-5d8458fb46-h27vx
2026-08-18 04:56:34.951,1851936768.0,gpt2-inference-5d8458fb46-ztjcb
2026-08-18 04:56:34.951,1154887680.0,gpt2-inference-5d8458fb46-2wnn4
2026-08-18 04:56:34.951,1161785344.0,gpt2-inference-5d8458fb46-9m5td
2026-08-18 04:56:34.951,1281507328.0,gpt2-inference-5d8458fb46-lg46j
2026-08-18 04:56:39.951,1197174784.0,gpt2-inference-5d8458fb46-5jcv6
2026-08-18 04:56:39.951,1281507328.0,gpt2-inference-5d8458fb46-lg46j
2026-08-18 04:56:39.951,1154895872.0,gpt2-inference-5d8458fb46-2wnn4
2026-08-18 04:56:39.951,1271791616.0,gpt2-inference-5d8458fb46-h27vx
2026-08-18 04:56:39.951,1161785344.0,gpt2-inference-5d8458fb46-9m5td
2026-08-18 04:56:39.951,1851916288.0,gpt2-inference-5d8458fb46-ztjcb
2026-08-18 04:56:39.951,1181446144.0,gpt2-inference-5d8458fb46-rzh6r
2026-08-18 04:56:39.951,1166835712.0,gpt2-inference-5d8458fb46-klkm9
2026-08-18 04:56:39.951,1150083072.0,gpt2-inference-5d8458fb46-dmj5h
2026-08-18 04:56:44.951,1150369792.0,gpt2-inference-5d8458fb46-dmj5h
2026-08-18 04:56:44.951,1181704192.0,gpt2-inference-5d8458fb46-rzh6r
2026-08-18 04:56:44.951,1196904448.0,gpt2-inference-5d8458fb46-5jcv6
2026-08-18 04:56:44.951,1161785344.0,gpt2-inference-5d8458fb46-9m5td
2026-08-18 04:56:44.951,1166835712.0,gpt2-inference-5d8458fb46-klkm9
2026-08-18 04:56:44.951,1271791616.0,gpt2-inference-5d8458fb46-h27vx
2026-08-18 04:56:44.951,1851916288.0,gpt2-inference-5d8458fb46-ztjcb
2026-08-18 04:56:44.951,1154895872.0,gpt2-inference-5d8458fb46-2wnn4
2026-08-18 04:56:44.951,1281507328.0,gpt2-inference-5d8458fb46-lg46j
2026-08-18 04:56:49.951,1166835712.0,gpt2-inference-5d8458fb46-klkm9
2026-08-18 04:56:49.951,1851920384.0,gpt2-inference-5d8458fb46-ztjcb
2026-08-18 04:56:49.951,1181704192.0,gpt2-inference-5d8458fb46-rzh6r
2026-08-18 04:56:49.951,1271791616.0,gpt2-inference-5d8458fb46-h27vx
2026-08-18 04:56:49.951,1161785344.0,gpt2-inference-5d8458fb46-9m5td
2026-08-18 04:56:49.951,1155145728.0,gpt2-inference-5d8458fb46-2wnn4
2026-08-18 04:56:49.951,1196904448.0,gpt2-inference-5d8458fb46-5jcv6
2026-08-18 04:56:49.951,1281507328.0,gpt2-inference-5d8458fb46-lg46j
2026-08-18 04:56:49.951,1150369792.0,gpt2-inference-5d8458fb46-dmj5h
2026-08-18 04:56:54.951,1271566336.0,gpt2-inference-5d8458fb46-h27vx
2026-08-18 04:56:54.951,1155145728.0,gpt2-inference-5d8458fb46-2wnn4
2026-08-18 04:56:54.951,1166835712.0,gpt2-inference-5d8458fb46-klkm9
2026-08-18 04:56:54.951,1196904448.0,gpt2-inference-5d8458fb46-5jcv6
2026-08-18 04:56:54.951,1150369792.0,gpt2-inference-5d8458fb46-dmj5h
2026-08-18 04:56:54.951,1281507328.0,gpt2-inference-5d8458fb46-lg46j
2026-08-18 04:56:54.951,1181704192.0,gpt2-inference-5d8458fb46-rzh6r
2026-08-18 04:56:54.951,1161785344.0,gpt2-inference-5d8458fb46-9m5td
2026-08-18 04:56:54.951,1851920384.0,gpt2-inference-5d8458fb46-ztjcb
2026-08-18 04:56:59.951,1150083072.0,gpt2-inference-5d8458fb46-dmj5h
2026-08-18 04:56:59.951,1851920384.0,gpt2-inference-5d8458fb46-ztjcb
2026-08-18 04:56:59.951,1196683264.0,gpt2-inference-5d8458fb46-5jcv6
2026-08-18 04:56:59.951,1155145728.0,gpt2-inference-5d8458fb46-2wnn4
2026-08-18 04:56:59.951,1166835712.0,gpt2-inference-5d8458fb46-klkm9
2026-08-18 04:56:59.951,1281503232.0,gpt2-inference-5d8458fb46-lg46j
2026-08-18 04:56:59.951,1271566336.0,gpt2-inference-5d8458fb46-h27vx
2026-08-18 04:56:59.951,1181724672.0,gpt2-inference-5d8458fb46-rzh6r
2026-08-18 04:56:59.951,1161785344.0,gpt2-inference-5d8458fb46-9m5td
2026-08-18 04:57:04.951,1196683264.0,gpt2-inference-5d8458fb46-5jcv6
2026-08-18 04:57:04.951,1281503232.0,gpt2-inference-5d8458fb46-lg46j
2026-08-18 04:57:04.951,1181724672.0,gpt2-inference-5d8458fb46-rzh6r
2026-08-18 04:57:04.951,1150083072.0,gpt2-inference-5d8458fb46-dmj5h
2026-08-18 04:57:04.951,1851916288.0,gpt2-inference-5d8458fb46-ztjcb
2026-08-18 04:57:04.951,1155145728.0,gpt2-inference-5d8458fb46-2wnn4
2026-08-18 04:57:04.951,1272086528.0,gpt2-inference-5d8458fb46-h27vx
2026-08-18 04:57:04.951,1161785344.0,gpt2-inference-5d8458fb46-9m5td
2026-08-18 04:57:04.951,1166835712.0,gpt2-inference-5d8458fb46-klkm9
2026-08-18 04:57:09.951,1150083072.0,gpt2-inference-5d8458fb46-dmj5h
2026-08-18 04:57:09.951,1166835712.0,gpt2-inference-5d8458fb46-klkm9
2026-08-18 04:57:09.951,1196683264.0,gpt2-inference-5d8458fb46-5jcv6
2026-08-18 04:57:09.951,1155149824.0,gpt2-inference-5d8458fb46-2wnn4
2026-08-18 04:57:09.951,1272086528.0,gpt2-inference-5d8458fb46-h27vx
2026-08-18 04:57:09.951,1161789440.0,gpt2-inference-5d8458fb46-9m5td
2026-08-18 04:57:09.951,1181724672.0,gpt2-inference-5d8458fb46-rzh6r
2026-08-18 04:57:09.951,1851916288.0,gpt2-inference-5d8458fb46-ztjcb
2026-08-18 04:57:09.951,1281503232.0,gpt2-inference-5d8458fb46-lg46j
2026-08-18 04:57:14.951,1272086528.0,gpt2-inference-5d8458fb46-h27vx
2026-08-18 04:57:14.951,1851916288.0,gpt2-inference-5d8458fb46-ztjcb
2026-08-18 04:57:14.951,1196683264.0,gpt2-inference-5d8458fb46-5jcv6
2026-08-18 04:57:14.951,1155149824.0,gpt2-inference-5d8458fb46-2wnn4
2026-08-18 04:57:14.951,1161789440.0,gpt2-inference-5d8458fb46-9m5td
2026-08-18 04:57:14.951,1166835712.0,gpt2-inference-5d8458fb46-klkm9
2026-08-18 04:57:14.951,1181446144.0,gpt2-inference-5d8458fb46-rzh6r
2026-08-18 04:57:14.951,1281507328.0,gpt2-inference-5d8458fb46-lg46j
2026-08-18 04:57:14.951,1150599168.0,gpt2-inference-5d8458fb46-dmj5h
2026-08-18 04:57:19.951,1196683264.0,gpt2-inference-5d8458fb46-5jcv6
2026-08-18 04:57:19.951,1166835712.0,gpt2-inference-5d8458fb46-klkm9
2026-08-18 04:57:19.951,1150599168.0,gpt2-inference-5d8458fb46-dmj5h
2026-08-18 04:57:19.951,1271570432.0,gpt2-inference-5d8458fb46-h27vx
2026-08-18 04:57:19.951,1181446144.0,gpt2-inference-5d8458fb46-rzh6r
2026-08-18 04:57:19.951,1161789440.0,gpt2-inference-5d8458fb46-9m5td
2026-08-18 04:57:19.951,1154891776.0,gpt2-inference-5d8458fb46-2wnn4
2026-08-18 04:57:19.951,1851944960.0,gpt2-inference-5d8458fb46-ztjcb
2026-08-18 04:57:19.951,1281507328.0,gpt2-inference-5d8458fb46-lg46j
2026-08-18 04:57:24.951,1150599168.0,gpt2-inference-5d8458fb46-dmj5h
2026-08-18 04:57:24.951,1162014720.0,gpt2-inference-5d8458fb46-9m5td
2026-08-18 04:57:24.951,1154891776.0,gpt2-inference-5d8458fb46-2wnn4
2026-08-18 04:57:24.951,1281507328.0,gpt2-inference-5d8458fb46-lg46j
2026-08-18 04:57:24.951,1166835712.0,gpt2-inference-5d8458fb46-klkm9
2026-08-18 04:57:24.951,1851944960.0,gpt2-inference-5d8458fb46-ztjcb
2026-08-18 04:57:24.951,1196683264.0,gpt2-inference-5d8458fb46-5jcv6
2026-08-18 04:57:24.951,1181446144.0,gpt2-inference-5d8458fb46-rzh6r
2026-08-18 04:57:24.951,1271570432.0,gpt2-inference-5d8458fb46-h27vx
2026-08-18 04:57:29.951,1271824384.0,gpt2-inference-5d8458fb46-h27vx
2026-08-18 04:57:29.951,1154891776.0,gpt2-inference-5d8458fb46-2wnn4
2026-08-18 04:57:29.951,1196687360.0,gpt2-inference-5d8458fb46-5jcv6
2026-08-18 04:57:29.951,1851920384.0,gpt2-inference-5d8458fb46-ztjcb
2026-08-18 04:57:29.951,1166835712.0,gpt2-inference-5d8458fb46-klkm9
2026-08-18 04:57:29.951,1181700096.0,gpt2-inference-5d8458fb46-rzh6r
2026-08-18 04:57:29.951,1281503232.0,gpt2-inference-5d8458fb46-lg46j
2026-08-18 04:57:29.951,1162014720.0,gpt2-inference-5d8458fb46-9m5td
2026-08-18 04:57:29.951,1150599168.0,gpt2-inference-5d8458fb46-dmj5h
2026-08-18 04:57:34.951,1181700096.0,gpt2-inference-5d8458fb46-rzh6r
2026-08-18 04:57:34.951,1851920384.0,gpt2-inference-5d8458fb46-ztjcb
2026-08-18 04:57:34.951,1281503232.0,gpt2-inference-5d8458fb46-lg46j
2026-08-18 04:57:34.951,1196687360.0,gpt2-inference-5d8458fb46-5jcv6
2026-08-18 04:57:34.951,1271824384.0,gpt2-inference-5d8458fb46-h27vx
2026-08-18 04:57:34.951,1154891776.0,gpt2-inference-5d8458fb46-2wnn4
2026-08-18 04:57:34.951,1161789440.0,gpt2-inference-5d8458fb46-9m5td
2026-08-18 04:57:34.951,1166852096.0,gpt2-inference-5d8458fb46-klkm9
2026-08-18 04:57:34.951,1150083072.0,gpt2-inference-5d8458fb46-dmj5h
2026-08-18 04:57:39.951,1150083072.0,gpt2-inference-5d8458fb46-dmj5h
2026-08-18 04:57:39.951,1271824384.0,gpt2-inference-5d8458fb46-h27vx
2026-08-18 04:57:39.951,1181700096.0,gpt2-inference-5d8458fb46-rzh6r
2026-08-18 04:57:39.951,1166852096.0,gpt2-inference-5d8458fb46-klkm9
2026-08-18 04:57:39.951,1154891776.0,gpt2-inference-5d8458fb46-2wnn4
2026-08-18 04:57:39.951,1281503232.0,gpt2-inference-5d8458fb46-lg46j
2026-08-18 04:57:39.951,1161789440.0,gpt2-inference-5d8458fb46-9m5td
2026-08-18 04:57:39.951,1851920384.0,gpt2-inference-5d8458fb46-ztjcb
2026-08-18 04:57:39.951,1196687360.0,gpt2-inference-5d8458fb46-5jcv6
2026-08-18 04:57:44.951,1155125248.0,gpt2-inference-5d8458fb46-2wnn4
2026-08-18 04:57:44.951,1851920384.0,gpt2-inference-5d8458fb46-ztjcb
2026-08-18 04:57:44.951,1161789440.0,gpt2-inference-5d8458fb46-9m5td
2026-08-18 04:57:44.951,1271824384.0,gpt2-inference-5d8458fb46-h27vx
2026-08-18 04:57:44.951,1281503232.0,gpt2-inference-5d8458fb46-lg46j
2026-08-18 04:57:44.951,1181700096.0,gpt2-inference-5d8458fb46-rzh6r
2026-08-18 04:57:44.951,1196687360.0,gpt2-inference-5d8458fb46-5jcv6
2026-08-18 04:57:44.951,1166852096.0,gpt2-inference-5d8458fb46-klkm9
2026-08-18 04:57:44.951,1150083072.0,gpt2-inference-5d8458fb46-dmj5h
2026-08-18 04:57:49.951,1155125248.0,gpt2-inference-5d8458fb46-2wnn4
2026-08-18 04:57:49.951,1181442048.0,gpt2-inference-5d8458fb46-rzh6r
2026-08-18 04:57:49.951,1851920384.0,gpt2-inference-5d8458fb46-ztjcb
2026-08-18 04:57:49.951,1150083072.0,gpt2-inference-5d8458fb46-dmj5h
2026-08-18 04:57:49.951,1161789440.0,gpt2-inference-5d8458fb46-9m5td
2026-08-18 04:57:49.951,1166835712.0,gpt2-inference-5d8458fb46-klkm9
2026-08-18 04:57:49.951,1271590912.0,gpt2-inference-5d8458fb46-h27vx
2026-08-18 04:57:49.951,1196683264.0,gpt2-inference-5d8458fb46-5jcv6
2026-08-18 04:57:49.951,1281503232.0,gpt2-inference-5d8458fb46-lg46j
2026-08-18 04:57:54.951,1162055680.0,gpt2-inference-5d8458fb46-9m5td
2026-08-18 04:57:54.951,1196683264.0,gpt2-inference-5d8458fb46-5jcv6
2026-08-18 04:57:54.951,1181442048.0,gpt2-inference-5d8458fb46-rzh6r
2026-08-18 04:57:54.951,1154891776.0,gpt2-inference-5d8458fb46-2wnn4
2026-08-18 04:57:54.951,1271590912.0,gpt2-inference-5d8458fb46-h27vx
2026-08-18 04:57:54.951,1281503232.0,gpt2-inference-5d8458fb46-lg46j
2026-08-18 04:57:54.951,1150083072.0,gpt2-inference-5d8458fb46-dmj5h
2026-08-18 04:57:54.951,1166835712.0,gpt2-inference-5d8458fb46-klkm9
2026-08-18 04:57:54.951,1851920384.0,gpt2-inference-5d8458fb46-ztjcb
2026-08-18 04:57:59.951,1181442048.0,gpt2-inference-5d8458fb46-rzh6r
2026-08-18 04:57:59.951,1154891776.0,gpt2-inference-5d8458fb46-2wnn4
2026-08-18 04:57:59.951,1196683264.0,gpt2-inference-5d8458fb46-5jcv6
2026-08-18 04:57:59.951,1281503232.0,gpt2-inference-5d8458fb46-lg46j
2026-08-18 04:57:59.951,1167351808.0,gpt2-inference-5d8458fb46-klkm9
2026-08-18 04:57:59.951,1150083072.0,gpt2-inference-5d8458fb46-dmj5h
2026-08-18 04:57:59.951,1271828480.0,gpt2-inference-5d8458fb46-h27vx
2026-08-18 04:57:59.951,1162055680.0,gpt2-inference-5d8458fb46-9m5td
2026-08-18 04:57:59.951,1851920384.0,gpt2-inference-5d8458fb46-ztjcb
2026-08-18 04:58:04.951,1154891776.0,gpt2-inference-5d8458fb46-2wnn4
2026-08-18 04:58:04.951,1196683264.0,gpt2-inference-5d8458fb46-5jcv6
2026-08-18 04:58:04.951,1281507328.0,gpt2-inference-5d8458fb46-lg46j
2026-08-18 04:58:04.951,1271828480.0,gpt2-inference-5d8458fb46-h27vx
2026-08-18 04:58:04.951,1161809920.0,gpt2-inference-5d8458fb46-9m5td
2026-08-18 04:58:04.951,1150083072.0,gpt2-inference-5d8458fb46-dmj5h
2026-08-18 04:58:04.951,1181446144.0,gpt2-inference-5d8458fb46-rzh6r
2026-08-18 04:58:04.951,1851920384.0,gpt2-inference-5d8458fb46-ztjcb
2026-08-18 04:58:04.951,1167351808.0,gpt2-inference-5d8458fb46-klkm9
2026-08-18 04:58:09.951,1271828480.0,gpt2-inference-5d8458fb46-h27vx
2026-08-18 04:58:09.951,1167351808.0,gpt2-inference-5d8458fb46-klkm9
2026-08-18 04:58:09.951,1181446144.0,gpt2-inference-5d8458fb46-rzh6r
2026-08-18 04:58:09.951,1851920384.0,gpt2-inference-5d8458fb46-ztjcb
2026-08-18 04:58:09.951,1150083072.0,gpt2-inference-5d8458fb46-dmj5h
2026-08-18 04:58:09.951,1196945408.0,gpt2-inference-5d8458fb46-5jcv6
2026-08-18 04:58:09.951,1154887680.0,gpt2-inference-5d8458fb46-2wnn4
2026-08-18 04:58:09.951,1161809920.0,gpt2-inference-5d8458fb46-9m5td
2026-08-18 04:58:09.951,1281507328.0,gpt2-inference-5d8458fb46-lg46j
2026-08-18 04:58:14.951,1150078976.0,gpt2-inference-5d8458fb46-dmj5h
2026-08-18 04:58:14.951,1196945408.0,gpt2-inference-5d8458fb46-5jcv6
2026-08-18 04:58:14.951,1181446144.0,gpt2-inference-5d8458fb46-rzh6r
2026-08-18 04:58:14.951,1154887680.0,gpt2-inference-5d8458fb46-2wnn4
2026-08-18 04:58:14.951,1281507328.0,gpt2-inference-5d8458fb46-lg46j
2026-08-18 04:58:14.951,1851920384.0,gpt2-inference-5d8458fb46-ztjcb
2026-08-18 04:58:14.951,1161809920.0,gpt2-inference-5d8458fb46-9m5td
2026-08-18 04:58:14.951,1271828480.0,gpt2-inference-5d8458fb46-h27vx
2026-08-18 04:58:14.951,1167351808.0,gpt2-inference-5d8458fb46-klkm9
2026-08-18 04:58:19.951,1181446144.0,gpt2-inference-5d8458fb46-rzh6r
2026-08-18 04:58:19.951,1271566336.0,gpt2-inference-5d8458fb46-h27vx
2026-08-18 04:58:19.951,1150078976.0,gpt2-inference-5d8458fb46-dmj5h
2026-08-18 04:58:19.951,1281503232.0,gpt2-inference-5d8458fb46-lg46j
2026-08-18 04:58:19.951,1166835712.0,gpt2-inference-5d8458fb46-klkm9
2026-08-18 04:58:19.951,1851920384.0,gpt2-inference-5d8458fb46-ztjcb
2026-08-18 04:58:19.951,1161809920.0,gpt2-inference-5d8458fb46-9m5td
2026-08-18 04:58:19.951,1196687360.0,gpt2-inference-5d8458fb46-5jcv6
2026-08-18 04:58:19.951,1155153920.0,gpt2-inference-5d8458fb46-2wnn4
2026-08-18 04:58:24.951,1161789440.0,gpt2-inference-5d8458fb46-9m5td
2026-08-18 04:58:24.951,1281503232.0,gpt2-inference-5d8458fb46-lg46j
2026-08-18 04:58:24.951,1166835712.0,gpt2-inference-5d8458fb46-klkm9
2026-08-18 04:58:24.951,1271566336.0,gpt2-inference-5d8458fb46-h27vx
2026-08-18 04:58:24.951,1155153920.0,gpt2-inference-5d8458fb46-2wnn4
2026-08-18 04:58:24.951,1851920384.0,gpt2-inference-5d8458fb46-ztjcb
2026-08-18 04:58:24.951,1196687360.0,gpt2-inference-5d8458fb46-5jcv6
2026-08-18 04:58:24.951,1150078976.0,gpt2-inference-5d8458fb46-dmj5h
2026-08-18 04:58:24.951,1181450240.0,gpt2-inference-5d8458fb46-rzh6r
2026-08-18 04:58:29.951,1166835712.0,gpt2-inference-5d8458fb46-klkm9
2026-08-18 04:58:29.951,1161789440.0,gpt2-inference-5d8458fb46-9m5td
2026-08-18 04:58:29.951,1181450240.0,gpt2-inference-5d8458fb46-rzh6r
2026-08-18 04:58:29.951,1281507328.0,gpt2-inference-5d8458fb46-lg46j
2026-08-18 04:58:29.951,1851920384.0,gpt2-inference-5d8458fb46-ztjcb
2026-08-18 04:58:29.951,1196687360.0,gpt2-inference-5d8458fb46-5jcv6
2026-08-18 04:58:29.951,1150599168.0,gpt2-inference-5d8458fb46-dmj5h
2026-08-18 04:58:29.951,1155153920.0,gpt2-inference-5d8458fb46-2wnn4
2026-08-18 04:58:29.951,1271566336.0,gpt2-inference-5d8458fb46-h27vx
2026-08-18 04:58:34.951,1166835712.0,gpt2-inference-5d8458fb46-klkm9
2026-08-18 04:58:34.951,1196687360.0,gpt2-inference-5d8458fb46-5jcv6
2026-08-18 04:58:34.951,1281507328.0,gpt2-inference-5d8458fb46-lg46j
2026-08-18 04:58:34.951,1155153920.0,gpt2-inference-5d8458fb46-2wnn4
2026-08-18 04:58:34.951,1851920384.0,gpt2-inference-5d8458fb46-ztjcb
2026-08-18 04:58:34.951,1181446144.0,gpt2-inference-5d8458fb46-rzh6r
2026-08-18 04:58:34.951,1150599168.0,gpt2-inference-5d8458fb46-dmj5h
2026-08-18 04:58:34.951,1161789440.0,gpt2-inference-5d8458fb46-9m5td
2026-08-18 04:58:34.951,1271566336.0,gpt2-inference-5d8458fb46-h27vx
2026-08-18 04:58:39.951,1851924480.0,gpt2-inference-5d8458fb46-ztjcb
2026-08-18 04:58:39.951,1150599168.0,gpt2-inference-5d8458fb46-dmj5h
2026-08-18 04:58:39.951,1166835712.0,gpt2-inference-5d8458fb46-klkm9
2026-08-18 04:58:39.951,1162010624.0,gpt2-inference-5d8458fb46-9m5td
2026-08-18 04:58:39.951,1181446144.0,gpt2-inference-5d8458fb46-rzh6r
2026-08-18 04:58:39.951,1271570432.0,gpt2-inference-5d8458fb46-h27vx
2026-08-18 04:58:39.951,1196711936.0,gpt2-inference-5d8458fb46-5jcv6
2026-08-18 04:58:39.951,1281507328.0,gpt2-inference-5d8458fb46-lg46j
2026-08-18 04:58:39.951,1154891776.0,gpt2-inference-5d8458fb46-2wnn4
2026-08-18 04:58:44.951,1196711936.0,gpt2-inference-5d8458fb46-5jcv6
2026-08-18 04:58:44.951,1281507328.0,gpt2-inference-5d8458fb46-lg46j
2026-08-18 04:58:44.951,1150083072.0,gpt2-inference-5d8458fb46-dmj5h
2026-08-18 04:58:44.951,1851924480.0,gpt2-inference-5d8458fb46-ztjcb
2026-08-18 04:58:44.951,1167056896.0,gpt2-inference-5d8458fb46-klkm9
2026-08-18 04:58:44.951,1154891776.0,gpt2-inference-5d8458fb46-2wnn4
2026-08-18 04:58:44.951,1181446144.0,gpt2-inference-5d8458fb46-rzh6r
2026-08-18 04:58:44.951,1162010624.0,gpt2-inference-5d8458fb46-9m5td
2026-08-18 04:58:44.951,1271570432.0,gpt2-inference-5d8458fb46-h27vx
2026-08-18 04:58:49.951,1154891776.0,gpt2-inference-5d8458fb46-2wnn4
2026-08-18 04:58:49.951,1281507328.0,gpt2-inference-5d8458fb46-lg46j
2026-08-18 04:58:49.951,1851924480.0,gpt2-inference-5d8458fb46-ztjcb
2026-08-18 04:58:49.951,1161789440.0,gpt2-inference-5d8458fb46-9m5td
2026-08-18 04:58:49.951,1181446144.0,gpt2-inference-5d8458fb46-rzh6r
2026-08-18 04:58:49.951,1150083072.0,gpt2-inference-5d8458fb46-dmj5h
2026-08-18 04:58:49.951,1167056896.0,gpt2-inference-5d8458fb46-klkm9
2026-08-18 04:58:49.951,1271570432.0,gpt2-inference-5d8458fb46-h27vx
2026-08-18 04:58:49.951,1196711936.0,gpt2-inference-5d8458fb46-5jcv6
2026-08-18 04:58:54.951,1150525440.0,gpt2-inference-5d8458fb46-dmj5h
2026-08-18 04:58:54.951,1197199360.0,gpt2-inference-5d8458fb46-5jcv6
2026-08-18 04:58:54.951,1851924480.0,gpt2-inference-5d8458fb46-ztjcb
2026-08-18 04:58:54.951,1271566336.0,gpt2-inference-5d8458fb46-h27vx
2026-08-18 04:58:54.951,1181446144.0,gpt2-inference-5d8458fb46-rzh6r
2026-08-18 04:58:54.951,1155629056.0,gpt2-inference-5d8458fb46-2wnn4
2026-08-18 04:58:54.951,1161789440.0,gpt2-inference-5d8458fb46-9m5td
2026-08-18 04:58:54.951,1167056896.0,gpt2-inference-5d8458fb46-klkm9
2026-08-18 04:58:54.951,1281503232.0,gpt2-inference-5d8458fb46-lg46j
2026-08-18 04:58:59.951,1197199360.0,gpt2-inference-5d8458fb46-5jcv6
2026-08-18 04:58:59.951,1181446144.0,gpt2-inference-5d8458fb46-rzh6r
2026-08-18 04:58:59.951,1161789440.0,gpt2-inference-5d8458fb46-9m5td
2026-08-18 04:58:59.951,1167056896.0,gpt2-inference-5d8458fb46-klkm9
2026-08-18 04:58:59.951,1155629056.0,gpt2-inference-5d8458fb46-2wnn4
2026-08-18 04:58:59.951,1851924480.0,gpt2-inference-5d8458fb46-ztjcb
2026-08-18 04:58:59.951,1150525440.0,gpt2-inference-5d8458fb46-dmj5h
2026-08-18 04:58:59.951,1281503232.0,gpt2-inference-5d8458fb46-lg46j
2026-08-18 04:58:59.951,1271566336.0,gpt2-inference-5d8458fb46-h27vx
2026-08-18 04:59:04.951,1197199360.0,gpt2-inference-5d8458fb46-5jcv6
2026-08-18 04:59:04.951,1851924480.0,gpt2-inference-5d8458fb46-ztjcb
2026-08-18 04:59:04.951,1166839808.0,gpt2-inference-5d8458fb46-klkm9
2026-08-18 04:59:04.951,1281724416.0,gpt2-inference-5d8458fb46-lg46j
2026-08-18 04:59:04.951,1271566336.0,gpt2-inference-5d8458fb46-h27vx
2026-08-18 04:59:04.951,1155153920.0,gpt2-inference-5d8458fb46-2wnn4
2026-08-18 04:59:04.951,1150525440.0,gpt2-inference-5d8458fb46-dmj5h
2026-08-18 04:59:04.951,1181704192.0,gpt2-inference-5d8458fb46-rzh6r
2026-08-18 04:59:04.951,1161809920.0,gpt2-inference-5d8458fb46-9m5td
2026-08-18 04:59:09.951,1155153920.0,gpt2-inference-5d8458fb46-2wnn4
2026-08-18 04:59:09.951,1197199360.0,gpt2-inference-5d8458fb46-5jcv6
2026-08-18 04:59:09.951,1150083072.0,gpt2-inference-5d8458fb46-dmj5h
2026-08-18 04:59:09.951,1281724416.0,gpt2-inference-5d8458fb46-lg46j
2026-08-18 04:59:09.951,1181704192.0,gpt2-inference-5d8458fb46-rzh6r
2026-08-18 04:59:09.951,1852145664.0,gpt2-inference-5d8458fb46-ztjcb
2026-08-18 04:59:09.951,1166839808.0,gpt2-inference-5d8458fb46-klkm9
2026-08-18 04:59:09.951,1161809920.0,gpt2-inference-5d8458fb46-9m5td
2026-08-18 04:59:09.951,1271595008.0,gpt2-inference-5d8458fb46-h27vx
2026-08-18 04:59:14.951,1852145664.0,gpt2-inference-5d8458fb46-ztjcb
2026-08-18 04:59:14.951,1150083072.0,gpt2-inference-5d8458fb46-dmj5h
2026-08-18 04:59:14.951,1181503488.0,gpt2-inference-5d8458fb46-rzh6r
2026-08-18 04:59:14.951,1196969984.0,gpt2-inference-5d8458fb46-5jcv6
2026-08-18 04:59:14.951,1281724416.0,gpt2-inference-5d8458fb46-lg46j
2026-08-18 04:59:14.951,1166839808.0,gpt2-inference-5d8458fb46-klkm9
2026-08-18 04:59:14.951,1271595008.0,gpt2-inference-5d8458fb46-h27vx
2026-08-18 04:59:14.951,1155153920.0,gpt2-inference-5d8458fb46-2wnn4
2026-08-18 04:59:14.951,1161789440.0,gpt2-inference-5d8458fb46-9m5td
2026-08-18 04:59:19.951,1852145664.0,gpt2-inference-5d8458fb46-ztjcb
2026-08-18 04:59:19.951,1196969984.0,gpt2-inference-5d8458fb46-5jcv6
2026-08-18 04:59:19.951,1271566336.0,gpt2-inference-5d8458fb46-h27vx
2026-08-18 04:59:19.951,1181503488.0,gpt2-inference-5d8458fb46-rzh6r
2026-08-18 04:59:19.951,1155399680.0,gpt2-inference-5d8458fb46-2wnn4
2026-08-18 04:59:19.951,1161789440.0,gpt2-inference-5d8458fb46-9m5td
2026-08-18 04:59:19.951,1167089664.0,gpt2-inference-5d8458fb46-klkm9
2026-08-18 04:59:19.951,1150083072.0,gpt2-inference-5d8458fb46-dmj5h
2026-08-18 04:59:19.951,1281507328.0,gpt2-inference-5d8458fb46-lg46j
2026-08-18 04:59:24.951,1196969984.0,gpt2-inference-5d8458fb46-5jcv6
2026-08-18 04:59:24.951,1271566336.0,gpt2-inference-5d8458fb46-h27vx
2026-08-18 04:59:24.951,1155399680.0,gpt2-inference-5d8458fb46-2wnn4
2026-08-18 04:59:24.951,1181503488.0,gpt2-inference-5d8458fb46-rzh6r
2026-08-18 04:59:24.951,1150083072.0,gpt2-inference-5d8458fb46-dmj5h
2026-08-18 04:59:24.951,1852145664.0,gpt2-inference-5d8458fb46-ztjcb
2026-08-18 04:59:24.951,1167089664.0,gpt2-inference-5d8458fb46-klkm9
2026-08-18 04:59:24.951,1161789440.0,gpt2-inference-5d8458fb46-9m5td
2026-08-18 04:59:24.951,1281507328.0,gpt2-inference-5d8458fb46-lg46j
2026-08-18 04:59:29.951,1155399680.0,gpt2-inference-5d8458fb46-2wnn4
2026-08-18 04:59:29.951,1271566336.0,gpt2-inference-5d8458fb46-h27vx
2026-08-18 04:59:29.951,1167089664.0,gpt2-inference-5d8458fb46-klkm9
2026-08-18 04:59:29.951,1281507328.0,gpt2-inference-5d8458fb46-lg46j
2026-08-18 04:59:29.951,1196969984.0,gpt2-inference-5d8458fb46-5jcv6
2026-08-18 04:59:29.951,1150083072.0,gpt2-inference-5d8458fb46-dmj5h
2026-08-18 04:59:29.951,1181741056.0,gpt2-inference-5d8458fb46-rzh6r
2026-08-18 04:59:29.951,1851944960.0,gpt2-inference-5d8458fb46-ztjcb
2026-08-18 04:59:29.951,1161789440.0,gpt2-inference-5d8458fb46-9m5td
2026-08-18 04:59:34.951,1281507328.0,gpt2-inference-5d8458fb46-lg46j
2026-08-18 04:59:34.951,1196687360.0,gpt2-inference-5d8458fb46-5jcv6
2026-08-18 04:59:34.951,1271566336.0,gpt2-inference-5d8458fb46-h27vx
2026-08-18 04:59:34.951,1155399680.0,gpt2-inference-5d8458fb46-2wnn4
2026-08-18 04:59:34.951,1150304256.0,gpt2-inference-5d8458fb46-dmj5h
2026-08-18 04:59:34.951,1181741056.0,gpt2-inference-5d8458fb46-rzh6r
2026-08-18 04:59:34.951,1166831616.0,gpt2-inference-5d8458fb46-klkm9
2026-08-18 04:59:34.951,1851944960.0,gpt2-inference-5d8458fb46-ztjcb
2026-08-18 04:59:34.951,1161793536.0,gpt2-inference-5d8458fb46-9m5td
2026-08-18 04:59:39.951,1150304256.0,gpt2-inference-5d8458fb46-dmj5h
2026-08-18 04:59:39.951,1161793536.0,gpt2-inference-5d8458fb46-9m5td
2026-08-18 04:59:39.951,1271570432.0,gpt2-inference-5d8458fb46-h27vx
2026-08-18 04:59:39.951,1196687360.0,gpt2-inference-5d8458fb46-5jcv6
2026-08-18 04:59:39.951,1851944960.0,gpt2-inference-5d8458fb46-ztjcb
2026-08-18 04:59:39.951,1166831616.0,gpt2-inference-5d8458fb46-klkm9
2026-08-18 04:59:39.951,1181741056.0,gpt2-inference-5d8458fb46-rzh6r
2026-08-18 04:59:39.951,1281507328.0,gpt2-inference-5d8458fb46-lg46j
2026-08-18 04:59:39.951,1154891776.0,gpt2-inference-5d8458fb46-2wnn4
2026-08-18 04:59:44.951,1181450240.0,gpt2-inference-5d8458fb46-rzh6r
2026-08-18 04:59:44.951,1161793536.0,gpt2-inference-5d8458fb46-9m5td
2026-08-18 04:59:44.951,1166831616.0,gpt2-inference-5d8458fb46-klkm9
2026-08-18 04:59:44.951,1154891776.0,gpt2-inference-5d8458fb46-2wnn4
2026-08-18 04:59:44.951,1196687360.0,gpt2-inference-5d8458fb46-5jcv6
2026-08-18 04:59:44.951,1150087168.0,gpt2-inference-5d8458fb46-dmj5h
2026-08-18 04:59:44.951,1851936768.0,gpt2-inference-5d8458fb46-ztjcb
2026-08-18 04:59:44.951,1271570432.0,gpt2-inference-5d8458fb46-h27vx
2026-08-18 04:59:44.951,1281507328.0,gpt2-inference-5d8458fb46-lg46j
2026-08-18 04:59:49.951,1154887680.0,gpt2-inference-5d8458fb46-2wnn4
2026-08-18 04:59:49.951,1281503232.0,gpt2-inference-5d8458fb46-lg46j
2026-08-18 04:59:49.951,1150087168.0,gpt2-inference-5d8458fb46-dmj5h
2026-08-18 04:59:49.951,1167077376.0,gpt2-inference-5d8458fb46-klkm9
2026-08-18 04:59:49.951,1271570432.0,gpt2-inference-5d8458fb46-h27vx
2026-08-18 04:59:49.951,1161805824.0,gpt2-inference-5d8458fb46-9m5td
2026-08-18 04:59:49.951,1181450240.0,gpt2-inference-5d8458fb46-rzh6r
2026-08-18 04:59:49.951,1196687360.0,gpt2-inference-5d8458fb46-5jcv6
2026-08-18 04:59:49.951,1851936768.0,gpt2-inference-5d8458fb46-ztjcb
2026-08-18 04:59:54.951,1167077376.0,gpt2-inference-5d8458fb46-klkm9
2026-08-18 04:59:54.951,1851936768.0,gpt2-inference-5d8458fb46-ztjcb
2026-08-18 04:59:54.951,1161805824.0,gpt2-inference-5d8458fb46-9m5td
2026-08-18 04:59:54.951,1281503232.0,gpt2-inference-5d8458fb46-lg46j
2026-08-18 04:59:54.951,1154887680.0,gpt2-inference-5d8458fb46-2wnn4
2026-08-18 04:59:54.951,1150087168.0,gpt2-inference-5d8458fb46-dmj5h
2026-08-18 04:59:54.951,1196687360.0,gpt2-inference-5d8458fb46-5jcv6
2026-08-18 04:59:54.951,1181450240.0,gpt2-inference-5d8458fb46-rzh6r
2026-08-18 04:59:54.951,1271566336.0,gpt2-inference-5d8458fb46-h27vx
2026-08-18 04:59:59.951,1161805824.0,gpt2-inference-5d8458fb46-9m5td
2026-08-18 04:59:59.951,1181450240.0,gpt2-inference-5d8458fb46-rzh6r
2026-08-18 04:59:59.951,1281503232.0,gpt2-inference-5d8458fb46-lg46j
2026-08-18 04:59:59.951,1150087168.0,gpt2-inference-5d8458fb46-dmj5h
2026-08-18 04:59:59.951,1852137472.0,gpt2-inference-5d8458fb46-ztjcb
2026-08-18 04:59:59.951,1271566336.0,gpt2-inference-5d8458fb46-h27vx
2026-08-18 04:59:59.951,1155121152.0,gpt2-inference-5d8458fb46-2wnn4
2026-08-18 04:59:59.951,1196687360.0,gpt2-inference-5d8458fb46-5jcv6
2026-08-18 04:59:59.951,1167077376.0,gpt2-inference-5d8458fb46-klkm9
2026-08-18 05:00:04.951,1161814016.0,gpt2-inference-5d8458fb46-9m5td
2026-08-18 05:00:04.951,1281503232.0,gpt2-inference-5d8458fb46-lg46j
2026-08-18 05:00:04.951,1155121152.0,gpt2-inference-5d8458fb46-2wnn4
2026-08-18 05:00:04.951,1181450240.0,gpt2-inference-5d8458fb46-rzh6r
2026-08-18 05:00:04.951,1196687360.0,gpt2-inference-5d8458fb46-5jcv6
2026-08-18 05:00:04.951,1271566336.0,gpt2-inference-5d8458fb46-h27vx
2026-08-18 05:00:04.951,1852137472.0,gpt2-inference-5d8458fb46-ztjcb
2026-08-18 05:00:04.951,1166831616.0,gpt2-inference-5d8458fb46-klkm9
2026-08-18 05:00:04.951,1150107648.0,gpt2-inference-5d8458fb46-dmj5h
2026-08-18 05:00:09.951,1196687360.0,gpt2-inference-5d8458fb46-5jcv6
2026-08-18 05:00:09.951,1166831616.0,gpt2-inference-5d8458fb46-klkm9
2026-08-18 05:00:09.951,1150107648.0,gpt2-inference-5d8458fb46-dmj5h
2026-08-18 05:00:09.951,1154887680.0,gpt2-inference-5d8458fb46-2wnn4
2026-08-18 05:00:09.951,1281503232.0,gpt2-inference-5d8458fb46-lg46j
2026-08-18 05:00:09.951,1271570432.0,gpt2-inference-5d8458fb46-h27vx
2026-08-18 05:00:09.951,1161814016.0,gpt2-inference-5d8458fb46-9m5td
2026-08-18 05:00:09.951,1181450240.0,gpt2-inference-5d8458fb46-rzh6r
2026-08-18 05:00:09.951,1852137472.0,gpt2-inference-5d8458fb46-ztjcb
2026-08-18 05:00:14.951,1150107648.0,gpt2-inference-5d8458fb46-dmj5h
2026-08-18 05:00:14.951,1281503232.0,gpt2-inference-5d8458fb46-lg46j
2026-08-18 05:00:14.951,1181450240.0,gpt2-inference-5d8458fb46-rzh6r
2026-08-18 05:00:14.951,1196687360.0,gpt2-inference-5d8458fb46-5jcv6
2026-08-18 05:00:14.951,1154887680.0,gpt2-inference-5d8458fb46-2wnn4
2026-08-18 05:00:14.951,1161814016.0,gpt2-inference-5d8458fb46-9m5td
2026-08-18 05:00:14.951,1271570432.0,gpt2-inference-5d8458fb46-h27vx
2026-08-18 05:00:14.951,1851924480.0,gpt2-inference-5d8458fb46-ztjcb
2026-08-18 05:00:14.951,1166831616.0,gpt2-inference-5d8458fb46-klkm9
2026-08-18 05:00:19.951,1161789440.0,gpt2-inference-5d8458fb46-9m5td
2026-08-18 05:00:19.951,1150083072.0,gpt2-inference-5d8458fb46-dmj5h
2026-08-18 05:00:19.951,1271595008.0,gpt2-inference-5d8458fb46-h27vx
2026-08-18 05:00:19.951,1851924480.0,gpt2-inference-5d8458fb46-ztjcb
2026-08-18 05:00:19.951,1196687360.0,gpt2-inference-5d8458fb46-5jcv6
2026-08-18 05:00:19.951,1166839808.0,gpt2-inference-5d8458fb46-klkm9
2026-08-18 05:00:19.951,1281503232.0,gpt2-inference-5d8458fb46-lg46j
2026-08-18 05:00:19.951,1181450240.0,gpt2-inference-5d8458fb46-rzh6r
2026-08-18 05:00:19.951,1154887680.0,gpt2-inference-5d8458fb46-2wnn4
2026-08-18 05:00:24.951,1166839808.0,gpt2-inference-5d8458fb46-klkm9
2026-08-18 05:00:24.951,1161789440.0,gpt2-inference-5d8458fb46-9m5td
2026-08-18 05:00:24.951,1154887680.0,gpt2-inference-5d8458fb46-2wnn4
2026-08-18 05:00:24.951,1196687360.0,gpt2-inference-5d8458fb46-5jcv6
2026-08-18 05:00:24.951,1851924480.0,gpt2-inference-5d8458fb46-ztjcb
2026-08-18 05:00:24.951,1281507328.0,gpt2-inference-5d8458fb46-lg46j
2026-08-18 05:00:24.951,1271595008.0,gpt2-inference-5d8458fb46-h27vx
2026-08-18 05:00:24.951,1181450240.0,gpt2-inference-5d8458fb46-rzh6r
2026-08-18 05:00:24.951,1150083072.0,gpt2-inference-5d8458fb46-dmj5h
2026-08-18 05:00:29.951,1166839808.0,gpt2-inference-5d8458fb46-klkm9
2026-08-18 05:00:29.951,1181450240.0,gpt2-inference-5d8458fb46-rzh6r
2026-08-18 05:00:29.951,1154912256.0,gpt2-inference-5d8458fb46-2wnn4
2026-08-18 05:00:29.951,1150111744.0,gpt2-inference-5d8458fb46-dmj5h
2026-08-18 05:00:29.951,1161789440.0,gpt2-inference-5d8458fb46-9m5td
2026-08-18 05:00:29.951,1851924480.0,gpt2-inference-5d8458fb46-ztjcb
2026-08-18 05:00:29.951,1271595008.0,gpt2-inference-5d8458fb46-h27vx
2026-08-18 05:00:29.951,1281507328.0,gpt2-inference-5d8458fb46-lg46j
2026-08-18 05:00:29.951,1196687360.0,gpt2-inference-5d8458fb46-5jcv6
2026-08-18 05:00:34.951,1161785344.0,gpt2-inference-5d8458fb46-9m5td
2026-08-18 05:00:34.951,1281507328.0,gpt2-inference-5d8458fb46-lg46j
2026-08-18 05:00:34.951,1181679616.0,gpt2-inference-5d8458fb46-rzh6r
2026-08-18 05:00:34.951,1196687360.0,gpt2-inference-5d8458fb46-5jcv6
2026-08-18 05:00:34.951,1166839808.0,gpt2-inference-5d8458fb46-klkm9
2026-08-18 05:00:34.951,1154912256.0,gpt2-inference-5d8458fb46-2wnn4
2026-08-18 05:00:34.951,1150111744.0,gpt2-inference-5d8458fb46-dmj5h
2026-08-18 05:00:34.951,1851924480.0,gpt2-inference-5d8458fb46-ztjcb
2026-08-18 05:00:34.951,1271595008.0,gpt2-inference-5d8458fb46-h27vx
2026-08-18 05:00:39.951,1161785344.0,gpt2-inference-5d8458fb46-9m5td
2026-08-18 05:00:39.951,1281507328.0,gpt2-inference-5d8458fb46-lg46j
2026-08-18 05:00:39.951,1181679616.0,gpt2-inference-5d8458fb46-rzh6r
2026-08-18 05:00:39.951,1851924480.0,gpt2-inference-5d8458fb46-ztjcb
2026-08-18 05:00:39.951,1271828480.0,gpt2-inference-5d8458fb46-h27vx
2026-08-18 05:00:39.951,1150111744.0,gpt2-inference-5d8458fb46-dmj5h
2026-08-18 05:00:39.951,1154895872.0,gpt2-inference-5d8458fb46-2wnn4
2026-08-18 05:00:39.951,1166839808.0,gpt2-inference-5d8458fb46-klkm9
2026-08-18 05:00:39.951,1196687360.0,gpt2-inference-5d8458fb46-5jcv6
2026-08-18 05:00:44.951,1196687360.0,gpt2-inference-5d8458fb46-5jcv6
2026-08-18 05:00:44.951,1161789440.0,gpt2-inference-5d8458fb46-9m5td
2026-08-18 05:00:44.951,1181679616.0,gpt2-inference-5d8458fb46-rzh6r
2026-08-18 05:00:44.951,1281507328.0,gpt2-inference-5d8458fb46-lg46j
2026-08-18 05:00:44.951,1851924480.0,gpt2-inference-5d8458fb46-ztjcb
2026-08-18 05:00:44.951,1150111744.0,gpt2-inference-5d8458fb46-dmj5h
2026-08-18 05:00:44.951,1154895872.0,gpt2-inference-5d8458fb46-2wnn4
2026-08-18 05:00:44.951,1271828480.0,gpt2-inference-5d8458fb46-h27vx
2026-08-18 05:00:44.951,1166839808.0,gpt2-inference-5d8458fb46-klkm9
2026-08-18 05:00:49.951,1281503232.0,gpt2-inference-5d8458fb46-lg46j
2026-08-18 05:00:49.951,1271828480.0,gpt2-inference-5d8458fb46-h27vx
2026-08-18 05:00:49.951,1161789440.0,gpt2-inference-5d8458fb46-9m5td
2026-08-18 05:00:49.951,1166839808.0,gpt2-inference-5d8458fb46-klkm9
2026-08-18 05:00:49.951,1150083072.0,gpt2-inference-5d8458fb46-dmj5h
2026-08-18 05:00:49.951,1196687360.0,gpt2-inference-5d8458fb46-5jcv6
2026-08-18 05:00:49.951,1851924480.0,gpt2-inference-5d8458fb46-ztjcb
2026-08-18 05:00:49.951,1181446144.0,gpt2-inference-5d8458fb46-rzh6r
2026-08-18 05:00:49.951,1154895872.0,gpt2-inference-5d8458fb46-2wnn4
2026-08-18 05:00:54.951,1281503232.0,gpt2-inference-5d8458fb46-lg46j
2026-08-18 05:00:54.951,1196683264.0,gpt2-inference-5d8458fb46-5jcv6
2026-08-18 05:00:54.951,1181446144.0,gpt2-inference-5d8458fb46-rzh6r
2026-08-18 05:00:54.951,1150083072.0,gpt2-inference-5d8458fb46-dmj5h
2026-08-18 05:00:54.951,1166839808.0,gpt2-inference-5d8458fb46-klkm9
2026-08-18 05:00:54.951,1154895872.0,gpt2-inference-5d8458fb46-2wnn4
2026-08-18 05:00:54.951,1852407808.0,gpt2-inference-5d8458fb46-ztjcb
2026-08-18 05:00:54.951,1271574528.0,gpt2-inference-5d8458fb46-h27vx
2026-08-18 05:00:54.951,1161789440.0,gpt2-inference-5d8458fb46-9m5td
2026-08-18 05:00:59.951,1161785344.0,gpt2-inference-5d8458fb46-9m5td
2026-08-18 05:00:59.951,1196683264.0,gpt2-inference-5d8458fb46-5jcv6
2026-08-18 05:00:59.951,1281503232.0,gpt2-inference-5d8458fb46-lg46j
2026-08-18 05:00:59.951,1852407808.0,gpt2-inference-5d8458fb46-ztjcb
2026-08-18 05:00:59.951,1166839808.0,gpt2-inference-5d8458fb46-klkm9
2026-08-18 05:00:59.951,1155158016.0,gpt2-inference-5d8458fb46-2wnn4
2026-08-18 05:00:59.951,1271574528.0,gpt2-inference-5d8458fb46-h27vx
2026-08-18 05:00:59.951,1181446144.0,gpt2-inference-5d8458fb46-rzh6r
2026-08-18 05:00:59.951,1150083072.0,gpt2-inference-5d8458fb46-dmj5h
2026-08-18 05:01:04.951,1150087168.0,gpt2-inference-5d8458fb46-dmj5h
2026-08-18 05:01:04.951,1161785344.0,gpt2-inference-5d8458fb46-9m5td
2026-08-18 05:01:04.951,1196912640.0,gpt2-inference-5d8458fb46-5jcv6
2026-08-18 05:01:04.951,1281507328.0,gpt2-inference-5d8458fb46-lg46j
2026-08-18 05:01:04.951,1181454336.0,gpt2-inference-5d8458fb46-rzh6r
2026-08-18 05:01:04.951,1852407808.0,gpt2-inference-5d8458fb46-ztjcb
2026-08-18 05:01:04.951,1155158016.0,gpt2-inference-5d8458fb46-2wnn4
2026-08-18 05:01:04.951,1271574528.0,gpt2-inference-5d8458fb46-h27vx
2026-08-18 05:01:04.951,1166827520.0,gpt2-inference-5d8458fb46-klkm9
2026-08-18 05:01:09.951,1166827520.0,gpt2-inference-5d8458fb46-klkm9
2026-08-18 05:01:09.951,1155158016.0,gpt2-inference-5d8458fb46-2wnn4
2026-08-18 05:01:09.951,1181454336.0,gpt2-inference-5d8458fb46-rzh6r
2026-08-18 05:01:09.951,1150087168.0,gpt2-inference-5d8458fb46-dmj5h
2026-08-18 05:01:09.951,1281507328.0,gpt2-inference-5d8458fb46-lg46j
2026-08-18 05:01:09.951,1196912640.0,gpt2-inference-5d8458fb46-5jcv6
2026-08-18 05:01:09.951,1271574528.0,gpt2-inference-5d8458fb46-h27vx
2026-08-18 05:01:09.951,1852174336.0,gpt2-inference-5d8458fb46-ztjcb
2026-08-18 05:01:09.951,1161785344.0,gpt2-inference-5d8458fb46-9m5td
2026-08-18 05:01:14.951,1154891776.0,gpt2-inference-5d8458fb46-2wnn4
2026-08-18 05:01:14.951,1852174336.0,gpt2-inference-5d8458fb46-ztjcb
2026-08-18 05:01:14.951,1281507328.0,gpt2-inference-5d8458fb46-lg46j
2026-08-18 05:01:14.951,1181712384.0,gpt2-inference-5d8458fb46-rzh6r
2026-08-18 05:01:14.951,1196912640.0,gpt2-inference-5d8458fb46-5jcv6
2026-08-18 05:01:14.951,1161785344.0,gpt2-inference-5d8458fb46-9m5td
2026-08-18 05:01:14.951,1271570432.0,gpt2-inference-5d8458fb46-h27vx
2026-08-18 05:01:14.951,1166827520.0,gpt2-inference-5d8458fb46-klkm9
2026-08-18 05:01:14.951,1150087168.0,gpt2-inference-5d8458fb46-dmj5h
2026-08-18 05:01:19.951,1181712384.0,gpt2-inference-5d8458fb46-rzh6r
2026-08-18 05:01:19.951,1281507328.0,gpt2-inference-5d8458fb46-lg46j
2026-08-18 05:01:19.951,1154891776.0,gpt2-inference-5d8458fb46-2wnn4
2026-08-18 05:01:19.951,1196912640.0,gpt2-inference-5d8458fb46-5jcv6
2026-08-18 05:01:19.951,1166827520.0,gpt2-inference-5d8458fb46-klkm9
2026-08-18 05:01:19.951,1271570432.0,gpt2-inference-5d8458fb46-h27vx
2026-08-18 05:01:19.951,1150087168.0,gpt2-inference-5d8458fb46-dmj5h
2026-08-18 05:01:19.951,1852174336.0,gpt2-inference-5d8458fb46-ztjcb
2026-08-18 05:01:19.951,1161789440.0,gpt2-inference-5d8458fb46-9m5td
2026-08-18 05:01:24.951,1150087168.0,gpt2-inference-5d8458fb46-dmj5h
2026-08-18 05:01:24.951,1281531904.0,gpt2-inference-5d8458fb46-lg46j
2026-08-18 05:01:24.951,1154891776.0,gpt2-inference-5d8458fb46-2wnn4
2026-08-18 05:01:24.951,1181712384.0,gpt2-inference-5d8458fb46-rzh6r
2026-08-18 05:01:24.951,1852207104.0,gpt2-inference-5d8458fb46-ztjcb
2026-08-18 05:01:24.951,1271566336.0,gpt2-inference-5d8458fb46-h27vx
2026-08-18 05:01:24.951,1166827520.0,gpt2-inference-5d8458fb46-klkm9
2026-08-18 05:01:24.951,1196687360.0,gpt2-inference-5d8458fb46-5jcv6
2026-08-18 05:01:24.951,1161789440.0,gpt2-inference-5d8458fb46-9m5td
2026-08-18 05:01:29.951,1166827520.0,gpt2-inference-5d8458fb46-klkm9
2026-08-18 05:01:29.951,1150087168.0,gpt2-inference-5d8458fb46-dmj5h
2026-08-18 05:01:29.951,1181462528.0,gpt2-inference-5d8458fb46-rzh6r
2026-08-18 05:01:29.951,1155149824.0,gpt2-inference-5d8458fb46-2wnn4
2026-08-18 05:01:29.951,1271566336.0,gpt2-inference-5d8458fb46-h27vx
2026-08-18 05:01:29.951,1852207104.0,gpt2-inference-5d8458fb46-ztjcb
2026-08-18 05:01:29.951,1162047488.0,gpt2-inference-5d8458fb46-9m5td
2026-08-18 05:01:29.951,1196687360.0,gpt2-inference-5d8458fb46-5jcv6
2026-08-18 05:01:29.951,1281531904.0,gpt2-inference-5d8458fb46-lg46j
2026-08-18 05:01:34.951,1162047488.0,gpt2-inference-5d8458fb46-9m5td
2026-08-18 05:01:34.951,1196687360.0,gpt2-inference-5d8458fb46-5jcv6
2026-08-18 05:01:34.951,1852207104.0,gpt2-inference-5d8458fb46-ztjcb
2026-08-18 05:01:34.951,1271566336.0,gpt2-inference-5d8458fb46-h27vx
2026-08-18 05:01:34.951,1155149824.0,gpt2-inference-5d8458fb46-2wnn4
2026-08-18 05:01:34.951,1181462528.0,gpt2-inference-5d8458fb46-rzh6r
2026-08-18 05:01:34.951,1150087168.0,gpt2-inference-5d8458fb46-dmj5h
2026-08-18 05:01:34.951,1166827520.0,gpt2-inference-5d8458fb46-klkm9
2026-08-18 05:01:34.951,1281531904.0,gpt2-inference-5d8458fb46-lg46j
2026-08-18 05:01:39.951,1181491200.0,gpt2-inference-5d8458fb46-rzh6r
2026-08-18 05:01:39.951,1271566336.0,gpt2-inference-5d8458fb46-h27vx
2026-08-18 05:01:39.951,1162047488.0,gpt2-inference-5d8458fb46-9m5td
2026-08-18 05:01:39.951,1196687360.0,gpt2-inference-5d8458fb46-5jcv6
2026-08-18 05:01:39.951,1851944960.0,gpt2-inference-5d8458fb46-ztjcb
2026-08-18 05:01:39.951,1281503232.0,gpt2-inference-5d8458fb46-lg46j
2026-08-18 05:01:39.951,1167081472.0,gpt2-inference-5d8458fb46-klkm9
2026-08-18 05:01:39.951,1150087168.0,gpt2-inference-5d8458fb46-dmj5h
2026-08-18 05:01:39.951,1155149824.0,gpt2-inference-5d8458fb46-2wnn4
2026-08-18 05:01:44.951,1155117056.0,gpt2-inference-5d8458fb46-2wnn4
2026-08-18 05:01:44.951,1181491200.0,gpt2-inference-5d8458fb46-rzh6r
2026-08-18 05:01:44.951,1281503232.0,gpt2-inference-5d8458fb46-lg46j
2026-08-18 05:01:44.951,1167081472.0,gpt2-inference-5d8458fb46-klkm9
2026-08-18 05:01:44.951,1851944960.0,gpt2-inference-5d8458fb46-ztjcb
2026-08-18 05:01:44.951,1271795712.0,gpt2-inference-5d8458fb46-h27vx
2026-08-18 05:01:44.951,1196687360.0,gpt2-inference-5d8458fb46-5jcv6
2026-08-18 05:01:44.951,1162047488.0,gpt2-inference-5d8458fb46-9m5td
2026-08-18 05:01:44.951,1150087168.0,gpt2-inference-5d8458fb46-dmj5h
2026-08-18 05:01:49.951,1851924480.0,gpt2-inference-5d8458fb46-ztjcb
2026-08-18 05:01:49.951,1196687360.0,gpt2-inference-5d8458fb46-5jcv6
2026-08-18 05:01:49.951,1181491200.0,gpt2-inference-5d8458fb46-rzh6r
2026-08-18 05:01:49.951,1161789440.0,gpt2-inference-5d8458fb46-9m5td
2026-08-18 05:01:49.951,1150369792.0,gpt2-inference-5d8458fb46-dmj5h
2026-08-18 05:01:49.951,1167081472.0,gpt2-inference-5d8458fb46-klkm9
2026-08-18 05:01:49.951,1281503232.0,gpt2-inference-5d8458fb46-lg46j
2026-08-18 05:01:49.951,1155117056.0,gpt2-inference-5d8458fb46-2wnn4
2026-08-18 05:01:49.951,1271795712.0,gpt2-inference-5d8458fb46-h27vx
2026-08-18 05:01:54.951,1150369792.0,gpt2-inference-5d8458fb46-dmj5h
2026-08-18 05:01:54.951,1196687360.0,gpt2-inference-5d8458fb46-5jcv6
2026-08-18 05:01:54.951,1181454336.0,gpt2-inference-5d8458fb46-rzh6r
2026-08-18 05:01:54.951,1281765376.0,gpt2-inference-5d8458fb46-lg46j
2026-08-18 05:01:54.951,1155117056.0,gpt2-inference-5d8458fb46-2wnn4
2026-08-18 05:01:54.951,1271795712.0,gpt2-inference-5d8458fb46-h27vx
2026-08-18 05:01:54.951,1167081472.0,gpt2-inference-5d8458fb46-klkm9
2026-08-18 05:01:54.951,1161789440.0,gpt2-inference-5d8458fb46-9m5td
2026-08-18 05:01:54.951,1851924480.0,gpt2-inference-5d8458fb46-ztjcb
2026-08-18 05:01:59.951,1851924480.0,gpt2-inference-5d8458fb46-ztjcb
2026-08-18 05:01:59.951,1150369792.0,gpt2-inference-5d8458fb46-dmj5h
2026-08-18 05:01:59.951,1281765376.0,gpt2-inference-5d8458fb46-lg46j
2026-08-18 05:01:59.951,1271795712.0,gpt2-inference-5d8458fb46-h27vx
2026-08-18 05:01:59.951,1161789440.0,gpt2-inference-5d8458fb46-9m5td
2026-08-18 05:01:59.951,1181454336.0,gpt2-inference-5d8458fb46-rzh6r
2026-08-18 05:01:59.951,1166827520.0,gpt2-inference-5d8458fb46-klkm9
2026-08-18 05:01:59.951,1155117056.0,gpt2-inference-5d8458fb46-2wnn4
2026-08-18 05:01:59.951,1196687360.0,gpt2-inference-5d8458fb46-5jcv6
2026-08-18 05:02:04.951,1155153920.0,gpt2-inference-5d8458fb46-2wnn4
2026-08-18 05:02:04.951,1181454336.0,gpt2-inference-5d8458fb46-rzh6r
2026-08-18 05:02:04.951,1166827520.0,gpt2-inference-5d8458fb46-klkm9
2026-08-18 05:02:04.951,1281765376.0,gpt2-inference-5d8458fb46-lg46j
2026-08-18 05:02:04.951,1161789440.0,gpt2-inference-5d8458fb46-9m5td
2026-08-18 05:02:04.951,1851924480.0,gpt2-inference-5d8458fb46-ztjcb
2026-08-18 05:02:04.951,1150369792.0,gpt2-inference-5d8458fb46-dmj5h
2026-08-18 05:02:04.951,1196691456.0,gpt2-inference-5d8458fb46-5jcv6
2026-08-18 05:02:04.951,1271566336.0,gpt2-inference-5d8458fb46-h27vx
2026-08-18 05:02:09.951,1851920384.0,gpt2-inference-5d8458fb46-ztjcb
2026-08-18 05:02:09.951,1181454336.0,gpt2-inference-5d8458fb46-rzh6r
2026-08-18 05:02:09.951,1196691456.0,gpt2-inference-5d8458fb46-5jcv6
2026-08-18 05:02:09.951,1166827520.0,gpt2-inference-5d8458fb46-klkm9
2026-08-18 05:02:09.951,1271566336.0,gpt2-inference-5d8458fb46-h27vx
2026-08-18 05:02:09.951,1161789440.0,gpt2-inference-5d8458fb46-9m5td
2026-08-18 05:02:09.951,1150091264.0,gpt2-inference-5d8458fb46-dmj5h
2026-08-18 05:02:09.951,1281765376.0,gpt2-inference-5d8458fb46-lg46j
2026-08-18 05:02:09.951,1155153920.0,gpt2-inference-5d8458fb46-2wnn4
2026-08-18 05:02:14.951,1150091264.0,gpt2-inference-5d8458fb46-dmj5h
2026-08-18 05:02:14.951,1282281472.0,gpt2-inference-5d8458fb46-lg46j
2026-08-18 05:02:14.951,1166827520.0,gpt2-inference-5d8458fb46-klkm9
2026-08-18 05:02:14.951,1181454336.0,gpt2-inference-5d8458fb46-rzh6r
2026-08-18 05:02:14.951,1196949504.0,gpt2-inference-5d8458fb46-5jcv6
2026-08-18 05:02:14.951,1155153920.0,gpt2-inference-5d8458fb46-2wnn4
2026-08-18 05:02:14.951,1851920384.0,gpt2-inference-5d8458fb46-ztjcb
2026-08-18 05:02:14.951,1161789440.0,gpt2-inference-5d8458fb46-9m5td
2026-08-18 05:02:14.951,1271566336.0,gpt2-inference-5d8458fb46-h27vx
2026-08-18 05:02:19.951,1161793536.0,gpt2-inference-5d8458fb46-9m5td
2026-08-18 05:02:19.951,1271566336.0,gpt2-inference-5d8458fb46-h27vx
2026-08-18 05:02:19.951,1181454336.0,gpt2-inference-5d8458fb46-rzh6r
2026-08-18 05:02:19.951,1282281472.0,gpt2-inference-5d8458fb46-lg46j
2026-08-18 05:02:19.951,1167056896.0,gpt2-inference-5d8458fb46-klkm9
2026-08-18 05:02:19.951,1196949504.0,gpt2-inference-5d8458fb46-5jcv6
2026-08-18 05:02:19.951,1155153920.0,gpt2-inference-5d8458fb46-2wnn4
2026-08-18 05:02:19.951,1150091264.0,gpt2-inference-5d8458fb46-dmj5h
2026-08-18 05:02:19.951,1851920384.0,gpt2-inference-5d8458fb46-ztjcb
2026-08-18 05:02:24.951,1150603264.0,gpt2-inference-5d8458fb46-dmj5h
2026-08-18 05:02:24.951,1196949504.0,gpt2-inference-5d8458fb46-5jcv6
2026-08-18 05:02:24.951,1167056896.0,gpt2-inference-5d8458fb46-klkm9
2026-08-18 05:02:24.951,1181454336.0,gpt2-inference-5d8458fb46-rzh6r
2026-08-18 05:02:24.951,1161793536.0,gpt2-inference-5d8458fb46-9m5td
2026-08-18 05:02:24.951,1271566336.0,gpt2-inference-5d8458fb46-h27vx
2026-08-18 05:02:24.951,1851924480.0,gpt2-inference-5d8458fb46-ztjcb
2026-08-18 05:02:24.951,1155178496.0,gpt2-inference-5d8458fb46-2wnn4
2026-08-18 05:02:24.951,1282281472.0,gpt2-inference-5d8458fb46-lg46j
2026-08-18 05:02:29.951,1181712384.0,gpt2-inference-5d8458fb46-rzh6r
2026-08-18 05:02:29.951,1155178496.0,gpt2-inference-5d8458fb46-2wnn4
2026-08-18 05:02:29.951,1281511424.0,gpt2-inference-5d8458fb46-lg46j
2026-08-18 05:02:29.951,1271566336.0,gpt2-inference-5d8458fb46-h27vx
2026-08-18 05:02:29.951,1161793536.0,gpt2-inference-5d8458fb46-9m5td
2026-08-18 05:02:29.951,1851924480.0,gpt2-inference-5d8458fb46-ztjcb
2026-08-18 05:02:29.951,1150603264.0,gpt2-inference-5d8458fb46-dmj5h
2026-08-18 05:02:29.951,1167085568.0,gpt2-inference-5d8458fb46-klkm9
2026-08-18 05:02:29.951,1196691456.0,gpt2-inference-5d8458fb46-5jcv6
2026-08-18 05:02:34.951,1196691456.0,gpt2-inference-5d8458fb46-5jcv6
2026-08-18 05:02:34.951,1281511424.0,gpt2-inference-5d8458fb46-lg46j
2026-08-18 05:02:34.951,1851924480.0,gpt2-inference-5d8458fb46-ztjcb
2026-08-18 05:02:34.951,1271566336.0,gpt2-inference-5d8458fb46-h27vx
2026-08-18 05:02:34.951,1150603264.0,gpt2-inference-5d8458fb46-dmj5h
2026-08-18 05:02:34.951,1161789440.0,gpt2-inference-5d8458fb46-9m5td
2026-08-18 05:02:34.951,1167085568.0,gpt2-inference-5d8458fb46-klkm9
2026-08-18 05:02:34.951,1181712384.0,gpt2-inference-5d8458fb46-rzh6r
2026-08-18 05:02:34.951,1155178496.0,gpt2-inference-5d8458fb46-2wnn4
2026-08-18 05:02:39.951,1281511424.0,gpt2-inference-5d8458fb46-lg46j
2026-08-18 05:02:39.951,1150091264.0,gpt2-inference-5d8458fb46-dmj5h
2026-08-18 05:02:39.951,1161789440.0,gpt2-inference-5d8458fb46-9m5td
2026-08-18 05:02:39.951,1166827520.0,gpt2-inference-5d8458fb46-klkm9
2026-08-18 05:02:39.951,1271570432.0,gpt2-inference-5d8458fb46-h27vx
2026-08-18 05:02:39.951,1181474816.0,gpt2-inference-5d8458fb46-rzh6r
2026-08-18 05:02:39.951,1154904064.0,gpt2-inference-5d8458fb46-2wnn4
2026-08-18 05:02:39.951,1851953152.0,gpt2-inference-5d8458fb46-ztjcb
2026-08-18 05:02:39.951,1196691456.0,gpt2-inference-5d8458fb46-5jcv6
2026-08-18 05:02:44.951,1166827520.0,gpt2-inference-5d8458fb46-klkm9
2026-08-18 05:02:44.951,1154904064.0,gpt2-inference-5d8458fb46-2wnn4
2026-08-18 05:02:44.951,1161789440.0,gpt2-inference-5d8458fb46-9m5td
2026-08-18 05:02:44.951,1150091264.0,gpt2-inference-5d8458fb46-dmj5h
2026-08-18 05:02:44.951,1271570432.0,gpt2-inference-5d8458fb46-h27vx
2026-08-18 05:02:44.951,1196691456.0,gpt2-inference-5d8458fb46-5jcv6
2026-08-18 05:02:44.951,1851953152.0,gpt2-inference-5d8458fb46-ztjcb
2026-08-18 05:02:44.951,1281507328.0,gpt2-inference-5d8458fb46-lg46j
2026-08-18 05:02:44.951,1181474816.0,gpt2-inference-5d8458fb46-rzh6r
2026-08-18 05:02:49.951,1281507328.0,gpt2-inference-5d8458fb46-lg46j
2026-08-18 05:02:49.951,1851953152.0,gpt2-inference-5d8458fb46-ztjcb
2026-08-18 05:02:49.951,1161789440.0,gpt2-inference-5d8458fb46-9m5td
2026-08-18 05:02:49.951,1181474816.0,gpt2-inference-5d8458fb46-rzh6r
2026-08-18 05:02:49.951,1166827520.0,gpt2-inference-5d8458fb46-klkm9
2026-08-18 05:02:49.951,1150091264.0,gpt2-inference-5d8458fb46-dmj5h
2026-08-18 05:02:49.951,1154899968.0,gpt2-inference-5d8458fb46-2wnn4
2026-08-18 05:02:49.951,1196687360.0,gpt2-inference-5d8458fb46-5jcv6
2026-08-18 05:02:49.951,1271586816.0,gpt2-inference-5d8458fb46-h27vx
2026-08-18 05:02:54.951,1166823424.0,gpt2-inference-5d8458fb46-klkm9
2026-08-18 05:02:54.951,1281536000.0,gpt2-inference-5d8458fb46-lg46j
2026-08-18 05:02:54.951,1161785344.0,gpt2-inference-5d8458fb46-9m5td
2026-08-18 05:02:54.951,1181470720.0,gpt2-inference-5d8458fb46-rzh6r
2026-08-18 05:02:54.951,1851953152.0,gpt2-inference-5d8458fb46-ztjcb
2026-08-18 05:02:54.951,1196687360.0,gpt2-inference-5d8458fb46-5jcv6
2026-08-18 05:02:54.951,1150091264.0,gpt2-inference-5d8458fb46-dmj5h
2026-08-18 05:02:54.951,1271586816.0,gpt2-inference-5d8458fb46-h27vx
2026-08-18 05:02:54.951,1154899968.0,gpt2-inference-5d8458fb46-2wnn4
2026-08-18 05:02:59.951,1181470720.0,gpt2-inference-5d8458fb46-rzh6r
2026-08-18 05:02:59.951,1281536000.0,gpt2-inference-5d8458fb46-lg46j
2026-08-18 05:02:59.951,1196687360.0,gpt2-inference-5d8458fb46-5jcv6
2026-08-18 05:02:59.951,1166823424.0,gpt2-inference-5d8458fb46-klkm9
2026-08-18 05:02:59.951,1154899968.0,gpt2-inference-5d8458fb46-2wnn4
2026-08-18 05:02:59.951,1150091264.0,gpt2-inference-5d8458fb46-dmj5h
2026-08-18 05:02:59.951,1161785344.0,gpt2-inference-5d8458fb46-9m5td
2026-08-18 05:02:59.951,1271586816.0,gpt2-inference-5d8458fb46-h27vx
2026-08-18 05:02:59.951,1851928576.0,gpt2-inference-5d8458fb46-ztjcb
2026-08-18 05:03:04.951,1271586816.0,gpt2-inference-5d8458fb46-h27vx
2026-08-18 05:03:04.951,1161785344.0,gpt2-inference-5d8458fb46-9m5td
2026-08-18 05:03:04.951,1166823424.0,gpt2-inference-5d8458fb46-klkm9
2026-08-18 05:03:04.951,1150091264.0,gpt2-inference-5d8458fb46-dmj5h
2026-08-18 05:03:04.951,1154899968.0,gpt2-inference-5d8458fb46-2wnn4
2026-08-18 05:03:04.951,1181470720.0,gpt2-inference-5d8458fb46-rzh6r
2026-08-18 05:03:04.951,1196691456.0,gpt2-inference-5d8458fb46-5jcv6
2026-08-18 05:03:04.951,1281536000.0,gpt2-inference-5d8458fb46-lg46j
2026-08-18 05:03:04.951,1851928576.0,gpt2-inference-5d8458fb46-ztjcb
2026-08-18 05:03:09.951,1161789440.0,gpt2-inference-5d8458fb46-9m5td
2026-08-18 05:03:09.951,1150382080.0,gpt2-inference-5d8458fb46-dmj5h
2026-08-18 05:03:09.951,1181450240.0,gpt2-inference-5d8458fb46-rzh6r
2026-08-18 05:03:09.951,1166823424.0,gpt2-inference-5d8458fb46-klkm9
2026-08-18 05:03:09.951,1154899968.0,gpt2-inference-5d8458fb46-2wnn4
2026-08-18 05:03:09.951,1851924480.0,gpt2-inference-5d8458fb46-ztjcb
2026-08-18 05:03:09.951,1281527808.0,gpt2-inference-5d8458fb46-lg46j
2026-08-18 05:03:09.951,1196691456.0,gpt2-inference-5d8458fb46-5jcv6
2026-08-18 05:03:09.951,1271586816.0,gpt2-inference-5d8458fb46-h27vx
2026-08-18 05:03:14.951,1181450240.0,gpt2-inference-5d8458fb46-rzh6r
2026-08-18 05:03:14.951,1281527808.0,gpt2-inference-5d8458fb46-lg46j
2026-08-18 05:03:14.951,1154899968.0,gpt2-inference-5d8458fb46-2wnn4
2026-08-18 05:03:14.951,1161789440.0,gpt2-inference-5d8458fb46-9m5td
2026-08-18 05:03:14.951,1271586816.0,gpt2-inference-5d8458fb46-h27vx
2026-08-18 05:03:14.951,1196691456.0,gpt2-inference-5d8458fb46-5jcv6
2026-08-18 05:03:14.951,1150382080.0,gpt2-inference-5d8458fb46-dmj5h
2026-08-18 05:03:14.951,1167085568.0,gpt2-inference-5d8458fb46-klkm9
2026-08-18 05:03:14.951,1851924480.0,gpt2-inference-5d8458fb46-ztjcb
2026-08-18 05:03:19.951,1281527808.0,gpt2-inference-5d8458fb46-lg46j
2026-08-18 05:03:19.951,1196691456.0,gpt2-inference-5d8458fb46-5jcv6
2026-08-18 05:03:19.951,1271615488.0,gpt2-inference-5d8458fb46-h27vx
2026-08-18 05:03:19.951,1154899968.0,gpt2-inference-5d8458fb46-2wnn4
2026-08-18 05:03:19.951,1150382080.0,gpt2-inference-5d8458fb46-dmj5h
2026-08-18 05:03:19.951,1851924480.0,gpt2-inference-5d8458fb46-ztjcb
2026-08-18 05:03:19.951,1167085568.0,gpt2-inference-5d8458fb46-klkm9
2026-08-18 05:03:19.951,1181450240.0,gpt2-inference-5d8458fb46-rzh6r
2026-08-18 05:03:19.951,1162043392.0,gpt2-inference-5d8458fb46-9m5td
2026-08-18 05:03:24.951,1196916736.0,gpt2-inference-5d8458fb46-5jcv6
2026-08-18 05:03:24.951,1271615488.0,gpt2-inference-5d8458fb46-h27vx
2026-08-18 05:03:24.951,1154908160.0,gpt2-inference-5d8458fb46-2wnn4
2026-08-18 05:03:24.951,1181450240.0,gpt2-inference-5d8458fb46-rzh6r
2026-08-18 05:03:24.951,1150357504.0,gpt2-inference-5d8458fb46-dmj5h
2026-08-18 05:03:24.951,1281699840.0,gpt2-inference-5d8458fb46-lg46j
2026-08-18 05:03:24.951,1167085568.0,gpt2-inference-5d8458fb46-klkm9
2026-08-18 05:03:24.951,1162043392.0,gpt2-inference-5d8458fb46-9m5td
2026-08-18 05:03:24.951,1852149760.0,gpt2-inference-5d8458fb46-ztjcb
2026-08-18 05:03:29.951,1150357504.0,gpt2-inference-5d8458fb46-dmj5h
2026-08-18 05:03:29.951,1196916736.0,gpt2-inference-5d8458fb46-5jcv6
2026-08-18 05:03:29.951,1154908160.0,gpt2-inference-5d8458fb46-2wnn4
2026-08-18 05:03:29.951,1162043392.0,gpt2-inference-5d8458fb46-9m5td
2026-08-18 05:03:29.951,1181450240.0,gpt2-inference-5d8458fb46-rzh6r
2026-08-18 05:03:29.951,1271615488.0,gpt2-inference-5d8458fb46-h27vx
2026-08-18 05:03:29.951,1281699840.0,gpt2-inference-5d8458fb46-lg46j
2026-08-18 05:03:29.951,1166823424.0,gpt2-inference-5d8458fb46-klkm9
2026-08-18 05:03:29.951,1852149760.0,gpt2-inference-5d8458fb46-ztjcb
2026-08-18 05:03:34.951,1150357504.0,gpt2-inference-5d8458fb46-dmj5h
2026-08-18 05:03:34.951,1181450240.0,gpt2-inference-5d8458fb46-rzh6r
2026-08-18 05:03:34.951,1154908160.0,gpt2-inference-5d8458fb46-2wnn4
2026-08-18 05:03:34.951,1162043392.0,gpt2-inference-5d8458fb46-9m5td
2026-08-18 05:03:34.951,1196953600.0,gpt2-inference-5d8458fb46-5jcv6
2026-08-18 05:03:34.951,1281699840.0,gpt2-inference-5d8458fb46-lg46j
2026-08-18 05:03:34.951,1851944960.0,gpt2-inference-5d8458fb46-ztjcb
2026-08-18 05:03:34.951,1166823424.0,gpt2-inference-5d8458fb46-klkm9
2026-08-18 05:03:34.951,1271582720.0,gpt2-inference-5d8458fb46-h27vx
2026-08-18 05:03:39.951,1150357504.0,gpt2-inference-5d8458fb46-dmj5h
2026-08-18 05:03:39.951,1167351808.0,gpt2-inference-5d8458fb46-klkm9
2026-08-18 05:03:39.951,1162334208.0,gpt2-inference-5d8458fb46-9m5td
2026-08-18 05:03:39.951,1281699840.0,gpt2-inference-5d8458fb46-lg46j
2026-08-18 05:03:39.951,1155387392.0,gpt2-inference-5d8458fb46-2wnn4
2026-08-18 05:03:39.951,1271582720.0,gpt2-inference-5d8458fb46-h27vx
2026-08-18 05:03:39.951,1181450240.0,gpt2-inference-5d8458fb46-rzh6r
2026-08-18 05:03:39.951,1196953600.0,gpt2-inference-5d8458fb46-5jcv6
2026-08-18 05:03:39.951,1851944960.0,gpt2-inference-5d8458fb46-ztjcb
2026-08-18 05:03:44.951,1852198912.0,gpt2-inference-5d8458fb46-ztjcb
2026-08-18 05:03:44.951,1162334208.0,gpt2-inference-5d8458fb46-9m5td
2026-08-18 05:03:44.951,1181720576.0,gpt2-inference-5d8458fb46-rzh6r
2026-08-18 05:03:44.951,1196691456.0,gpt2-inference-5d8458fb46-5jcv6
2026-08-18 05:03:44.951,1150341120.0,gpt2-inference-5d8458fb46-dmj5h
2026-08-18 05:03:44.951,1281703936.0,gpt2-inference-5d8458fb46-lg46j
2026-08-18 05:03:44.951,1167351808.0,gpt2-inference-5d8458fb46-klkm9
2026-08-18 05:03:44.951,1155387392.0,gpt2-inference-5d8458fb46-2wnn4
2026-08-18 05:03:44.951,1271582720.0,gpt2-inference-5d8458fb46-h27vx
2026-08-18 05:03:49.951,1181720576.0,gpt2-inference-5d8458fb46-rzh6r
2026-08-18 05:03:49.951,1196691456.0,gpt2-inference-5d8458fb46-5jcv6
2026-08-18 05:03:49.951,1162334208.0,gpt2-inference-5d8458fb46-9m5td
2026-08-18 05:03:49.951,1167351808.0,gpt2-inference-5d8458fb46-klkm9
2026-08-18 05:03:49.951,1271607296.0,gpt2-inference-5d8458fb46-h27vx
2026-08-18 05:03:49.951,1852198912.0,gpt2-inference-5d8458fb46-ztjcb
2026-08-18 05:03:49.951,1155387392.0,gpt2-inference-5d8458fb46-2wnn4
2026-08-18 05:03:49.951,1150341120.0,gpt2-inference-5d8458fb46-dmj5h
2026-08-18 05:03:49.951,1281703936.0,gpt2-inference-5d8458fb46-lg46j
2026-08-18 05:03:54.951,1181720576.0,gpt2-inference-5d8458fb46-rzh6r
2026-08-18 05:03:54.951,1161814016.0,gpt2-inference-5d8458fb46-9m5td
2026-08-18 05:03:54.951,1852198912.0,gpt2-inference-5d8458fb46-ztjcb
2026-08-18 05:03:54.951,1271607296.0,gpt2-inference-5d8458fb46-h27vx
2026-08-18 05:03:54.951,1150341120.0,gpt2-inference-5d8458fb46-dmj5h
2026-08-18 05:03:54.951,1154904064.0,gpt2-inference-5d8458fb46-2wnn4
2026-08-18 05:03:54.951,1166827520.0,gpt2-inference-5d8458fb46-klkm9
2026-08-18 05:03:54.951,1196691456.0,gpt2-inference-5d8458fb46-5jcv6
2026-08-18 05:03:54.951,1281703936.0,gpt2-inference-5d8458fb46-lg46j
2026-08-18 05:03:59.951,1852198912.0,gpt2-inference-5d8458fb46-ztjcb
2026-08-18 05:03:59.951,1271607296.0,gpt2-inference-5d8458fb46-h27vx
2026-08-18 05:03:59.951,1150341120.0,gpt2-inference-5d8458fb46-dmj5h
2026-08-18 05:03:59.951,1154904064.0,gpt2-inference-5d8458fb46-2wnn4
2026-08-18 05:03:59.951,1181458432.0,gpt2-inference-5d8458fb46-rzh6r
2026-08-18 05:03:59.951,1281703936.0,gpt2-inference-5d8458fb46-lg46j
2026-08-18 05:03:59.951,1166827520.0,gpt2-inference-5d8458fb46-klkm9
2026-08-18 05:03:59.951,1161814016.0,gpt2-inference-5d8458fb46-9m5td
2026-08-18 05:03:59.951,1196716032.0,gpt2-inference-5d8458fb46-5jcv6
2026-08-18 05:04:04.951,1196716032.0,gpt2-inference-5d8458fb46-5jcv6
2026-08-18 05:04:04.951,1851924480.0,gpt2-inference-5d8458fb46-ztjcb
2026-08-18 05:04:04.951,1271607296.0,gpt2-inference-5d8458fb46-h27vx
2026-08-18 05:04:04.951,1281511424.0,gpt2-inference-5d8458fb46-lg46j
2026-08-18 05:04:04.951,1166827520.0,gpt2-inference-5d8458fb46-klkm9
2026-08-18 05:04:04.951,1150349312.0,gpt2-inference-5d8458fb46-dmj5h
2026-08-18 05:04:04.951,1154904064.0,gpt2-inference-5d8458fb46-2wnn4
2026-08-18 05:04:04.951,1181458432.0,gpt2-inference-5d8458fb46-rzh6r
2026-08-18 05:04:04.951,1161814016.0,gpt2-inference-5d8458fb46-9m5td
2026-08-18 05:04:09.951,1154904064.0,gpt2-inference-5d8458fb46-2wnn4
2026-08-18 05:04:09.951,1166827520.0,gpt2-inference-5d8458fb46-klkm9
2026-08-18 05:04:09.951,1851924480.0,gpt2-inference-5d8458fb46-ztjcb
2026-08-18 05:04:09.951,1196716032.0,gpt2-inference-5d8458fb46-5jcv6
2026-08-18 05:04:09.951,1181458432.0,gpt2-inference-5d8458fb46-rzh6r
2026-08-18 05:04:09.951,1161814016.0,gpt2-inference-5d8458fb46-9m5td
2026-08-18 05:04:09.951,1150349312.0,gpt2-inference-5d8458fb46-dmj5h
2026-08-18 05:04:09.951,1281511424.0,gpt2-inference-5d8458fb46-lg46j
2026-08-18 05:04:09.951,1271578624.0,gpt2-inference-5d8458fb46-h27vx
2026-08-18 05:04:14.951,1271578624.0,gpt2-inference-5d8458fb46-h27vx
2026-08-18 05:04:14.951,1166827520.0,gpt2-inference-5d8458fb46-klkm9
2026-08-18 05:04:14.951,1196716032.0,gpt2-inference-5d8458fb46-5jcv6
2026-08-18 05:04:14.951,1181974528.0,gpt2-inference-5d8458fb46-rzh6r
2026-08-18 05:04:14.951,1150349312.0,gpt2-inference-5d8458fb46-dmj5h
2026-08-18 05:04:14.951,1851924480.0,gpt2-inference-5d8458fb46-ztjcb
2026-08-18 05:04:14.951,1281511424.0,gpt2-inference-5d8458fb46-lg46j
2026-08-18 05:04:14.951,1161814016.0,gpt2-inference-5d8458fb46-9m5td
2026-08-18 05:04:14.951,1155407872.0,gpt2-inference-5d8458fb46-2wnn4
2026-08-18 05:04:19.951,1166827520.0,gpt2-inference-5d8458fb46-klkm9
2026-08-18 05:04:19.951,1281511424.0,gpt2-inference-5d8458fb46-lg46j
2026-08-18 05:04:19.951,1181974528.0,gpt2-inference-5d8458fb46-rzh6r
2026-08-18 05:04:19.951,1150349312.0,gpt2-inference-5d8458fb46-dmj5h
2026-08-18 05:04:19.951,1161814016.0,gpt2-inference-5d8458fb46-9m5td
2026-08-18 05:04:19.951,1155407872.0,gpt2-inference-5d8458fb46-2wnn4
2026-08-18 05:04:19.951,1271836672.0,gpt2-inference-5d8458fb46-h27vx
2026-08-18 05:04:19.951,1852145664.0,gpt2-inference-5d8458fb46-ztjcb
2026-08-18 05:04:19.951,1196691456.0,gpt2-inference-5d8458fb46-5jcv6
2026-08-18 05:04:24.951,1196691456.0,gpt2-inference-5d8458fb46-5jcv6
2026-08-18 05:04:24.951,1181974528.0,gpt2-inference-5d8458fb46-rzh6r
2026-08-18 05:04:24.951,1852145664.0,gpt2-inference-5d8458fb46-ztjcb
2026-08-18 05:04:24.951,1150099456.0,gpt2-inference-5d8458fb46-dmj5h
2026-08-18 05:04:24.951,1154899968.0,gpt2-inference-5d8458fb46-2wnn4
2026-08-18 05:04:24.951,1166827520.0,gpt2-inference-5d8458fb46-klkm9
2026-08-18 05:04:24.951,1271836672.0,gpt2-inference-5d8458fb46-h27vx
2026-08-18 05:04:24.951,1161814016.0,gpt2-inference-5d8458fb46-9m5td
2026-08-18 05:04:24.951,1281511424.0,gpt2-inference-5d8458fb46-lg46j
2026-08-18 05:04:29.951,1181974528.0,gpt2-inference-5d8458fb46-rzh6r
2026-08-18 05:04:29.951,1281511424.0,gpt2-inference-5d8458fb46-lg46j
2026-08-18 05:04:29.951,1166827520.0,gpt2-inference-5d8458fb46-klkm9
2026-08-18 05:04:29.951,1196691456.0,gpt2-inference-5d8458fb46-5jcv6
2026-08-18 05:04:29.951,1150099456.0,gpt2-inference-5d8458fb46-dmj5h
2026-08-18 05:04:29.951,1271824384.0,gpt2-inference-5d8458fb46-h27vx
2026-08-18 05:04:29.951,1154899968.0,gpt2-inference-5d8458fb46-2wnn4
2026-08-18 05:04:29.951,1161814016.0,gpt2-inference-5d8458fb46-9m5td
2026-08-18 05:04:29.951,1851924480.0,gpt2-inference-5d8458fb46-ztjcb
2026-08-18 05:04:34.951,1196691456.0,gpt2-inference-5d8458fb46-5jcv6
2026-08-18 05:04:34.951,1154899968.0,gpt2-inference-5d8458fb46-2wnn4
2026-08-18 05:04:34.951,1162043392.0,gpt2-inference-5d8458fb46-9m5td
2026-08-18 05:04:34.951,1281511424.0,gpt2-inference-5d8458fb46-lg46j
2026-08-18 05:04:34.951,1166827520.0,gpt2-inference-5d8458fb46-klkm9
2026-08-18 05:04:34.951,1181458432.0,gpt2-inference-5d8458fb46-rzh6r
2026-08-18 05:04:34.951,1851924480.0,gpt2-inference-5d8458fb46-ztjcb
2026-08-18 05:04:34.951,1150095360.0,gpt2-inference-5d8458fb46-dmj5h
2026-08-18 05:04:34.951,1271824384.0,gpt2-inference-5d8458fb46-h27vx
2026-08-18 05:04:39.951,1282002944.0,gpt2-inference-5d8458fb46-lg46j
2026-08-18 05:04:39.951,1851924480.0,gpt2-inference-5d8458fb46-ztjcb
2026-08-18 05:04:39.951,1181458432.0,gpt2-inference-5d8458fb46-rzh6r
2026-08-18 05:04:39.951,1150095360.0,gpt2-inference-5d8458fb46-dmj5h
2026-08-18 05:04:39.951,1271824384.0,gpt2-inference-5d8458fb46-h27vx
2026-08-18 05:04:39.951,1196691456.0,gpt2-inference-5d8458fb46-5jcv6
2026-08-18 05:04:39.951,1166831616.0,gpt2-inference-5d8458fb46-klkm9
2026-08-18 05:04:39.951,1162043392.0,gpt2-inference-5d8458fb46-9m5td
2026-08-18 05:04:39.951,1154904064.0,gpt2-inference-5d8458fb46-2wnn4
2026-08-18 05:04:44.951,1166831616.0,gpt2-inference-5d8458fb46-klkm9
2026-08-18 05:04:44.951,1181458432.0,gpt2-inference-5d8458fb46-rzh6r
2026-08-18 05:04:44.951,1154904064.0,gpt2-inference-5d8458fb46-2wnn4
2026-08-18 05:04:44.951,1271623680.0,gpt2-inference-5d8458fb46-h27vx
2026-08-18 05:04:44.951,1196691456.0,gpt2-inference-5d8458fb46-5jcv6
2026-08-18 05:04:44.951,1162043392.0,gpt2-inference-5d8458fb46-9m5td
2026-08-18 05:04:44.951,1851924480.0,gpt2-inference-5d8458fb46-ztjcb
2026-08-18 05:04:44.951,1282002944.0,gpt2-inference-5d8458fb46-lg46j
2026-08-18 05:04:44.951,1150095360.0,gpt2-inference-5d8458fb46-dmj5h
2026-08-18 05:04:49.951,1196711936.0,gpt2-inference-5d8458fb46-5jcv6
2026-08-18 05:04:49.951,1851949056.0,gpt2-inference-5d8458fb46-ztjcb
2026-08-18 05:04:49.951,1271623680.0,gpt2-inference-5d8458fb46-h27vx
2026-08-18 05:04:49.951,1154928640.0,gpt2-inference-5d8458fb46-2wnn4
2026-08-18 05:04:49.951,1150095360.0,gpt2-inference-5d8458fb46-dmj5h
2026-08-18 05:04:49.951,1181458432.0,gpt2-inference-5d8458fb46-rzh6r
2026-08-18 05:04:49.951,1166831616.0,gpt2-inference-5d8458fb46-klkm9
2026-08-18 05:04:49.951,1161789440.0,gpt2-inference-5d8458fb46-9m5td
2026-08-18 05:04:49.951,1282002944.0,gpt2-inference-5d8458fb46-lg46j
2026-08-18 05:04:54.951,1281789952.0,gpt2-inference-5d8458fb46-lg46j
2026-08-18 05:04:54.951,1154928640.0,gpt2-inference-5d8458fb46-2wnn4
2026-08-18 05:04:54.951,1150095360.0,gpt2-inference-5d8458fb46-dmj5h
2026-08-18 05:04:54.951,1166831616.0,gpt2-inference-5d8458fb46-klkm9
2026-08-18 05:04:54.951,1181458432.0,gpt2-inference-5d8458fb46-rzh6r
2026-08-18 05:04:54.951,1161789440.0,gpt2-inference-5d8458fb46-9m5td
2026-08-18 05:04:54.951,1271623680.0,gpt2-inference-5d8458fb46-h27vx
2026-08-18 05:04:54.951,1196711936.0,gpt2-inference-5d8458fb46-5jcv6
2026-08-18 05:04:54.951,1851949056.0,gpt2-inference-5d8458fb46-ztjcb
2026-08-18 05:04:59.951,1281789952.0,gpt2-inference-5d8458fb46-lg46j
2026-08-18 05:04:59.951,1181720576.0,gpt2-inference-5d8458fb46-rzh6r
2026-08-18 05:04:59.951,1154928640.0,gpt2-inference-5d8458fb46-2wnn4
2026-08-18 05:04:59.951,1271623680.0,gpt2-inference-5d8458fb46-h27vx
2026-08-18 05:04:59.951,1196691456.0,gpt2-inference-5d8458fb46-5jcv6
2026-08-18 05:04:59.951,1162051584.0,gpt2-inference-5d8458fb46-9m5td
2026-08-18 05:04:59.951,1166864384.0,gpt2-inference-5d8458fb46-klkm9
2026-08-18 05:04:59.951,1150095360.0,gpt2-inference-5d8458fb46-dmj5h
2026-08-18 05:04:59.951,1851957248.0,gpt2-inference-5d8458fb46-ztjcb
2026-08-18 05:05:04.951,1162051584.0,gpt2-inference-5d8458fb46-9m5td
2026-08-18 05:05:04.951,1166864384.0,gpt2-inference-5d8458fb46-klkm9
2026-08-18 05:05:04.951,1271599104.0,gpt2-inference-5d8458fb46-h27vx
2026-08-18 05:05:04.951,1196691456.0,gpt2-inference-5d8458fb46-5jcv6
2026-08-18 05:05:04.951,1150095360.0,gpt2-inference-5d8458fb46-dmj5h
2026-08-18 05:05:04.951,1154904064.0,gpt2-inference-5d8458fb46-2wnn4
2026-08-18 05:05:04.951,1281789952.0,gpt2-inference-5d8458fb46-lg46j
2026-08-18 05:05:04.951,1181720576.0,gpt2-inference-5d8458fb46-rzh6r
2026-08-18 05:05:04.951,1851957248.0,gpt2-inference-5d8458fb46-ztjcb
2026-08-18 05:05:09.951,1181720576.0,gpt2-inference-5d8458fb46-rzh6r
2026-08-18 05:05:09.951,1161793536.0,gpt2-inference-5d8458fb46-9m5td
2026-08-18 05:05:09.951,1166831616.0,gpt2-inference-5d8458fb46-klkm9
2026-08-18 05:05:09.951,1851957248.0,gpt2-inference-5d8458fb46-ztjcb
2026-08-18 05:05:09.951,1281536000.0,gpt2-inference-5d8458fb46-lg46j
2026-08-18 05:05:09.951,1154904064.0,gpt2-inference-5d8458fb46-2wnn4
2026-08-18 05:05:09.951,1196716032.0,gpt2-inference-5d8458fb46-5jcv6
2026-08-18 05:05:09.951,1150353408.0,gpt2-inference-5d8458fb46-dmj5h
2026-08-18 05:05:09.951,1271599104.0,gpt2-inference-5d8458fb46-h27vx
2026-08-18 05:05:14.951,1166831616.0,gpt2-inference-5d8458fb46-klkm9
2026-08-18 05:05:14.951,1161793536.0,gpt2-inference-5d8458fb46-9m5td
2026-08-18 05:05:14.951,1281536000.0,gpt2-inference-5d8458fb46-lg46j
2026-08-18 05:05:14.951,1271599104.0,gpt2-inference-5d8458fb46-h27vx
2026-08-18 05:05:14.951,1851924480.0,gpt2-inference-5d8458fb46-ztjcb
2026-08-18 05:05:14.951,1154904064.0,gpt2-inference-5d8458fb46-2wnn4
2026-08-18 05:05:14.951,1196716032.0,gpt2-inference-5d8458fb46-5jcv6
2026-08-18 05:05:14.951,1150353408.0,gpt2-inference-5d8458fb46-dmj5h
2026-08-18 05:05:14.951,1181720576.0,gpt2-inference-5d8458fb46-rzh6r
2026-08-18 05:05:19.951,1281536000.0,gpt2-inference-5d8458fb46-lg46j
2026-08-18 05:05:19.951,1154904064.0,gpt2-inference-5d8458fb46-2wnn4
2026-08-18 05:05:19.951,1851924480.0,gpt2-inference-5d8458fb46-ztjcb
2026-08-18 05:05:19.951,1181458432.0,gpt2-inference-5d8458fb46-rzh6r
2026-08-18 05:05:19.951,1166831616.0,gpt2-inference-5d8458fb46-klkm9
2026-08-18 05:05:19.951,1150099456.0,gpt2-inference-5d8458fb46-dmj5h
2026-08-18 05:05:19.951,1196716032.0,gpt2-inference-5d8458fb46-5jcv6
2026-08-18 05:05:19.951,1271611392.0,gpt2-inference-5d8458fb46-h27vx
2026-08-18 05:05:19.951,1161793536.0,gpt2-inference-5d8458fb46-9m5td
2026-08-18 05:05:24.951,1281540096.0,gpt2-inference-5d8458fb46-lg46j
2026-08-18 05:05:24.951,1181458432.0,gpt2-inference-5d8458fb46-rzh6r
2026-08-18 05:05:24.951,1196716032.0,gpt2-inference-5d8458fb46-5jcv6
2026-08-18 05:05:24.951,1852145664.0,gpt2-inference-5d8458fb46-ztjcb
2026-08-18 05:05:24.951,1154904064.0,gpt2-inference-5d8458fb46-2wnn4
2026-08-18 05:05:24.951,1161793536.0,gpt2-inference-5d8458fb46-9m5td
2026-08-18 05:05:24.951,1150099456.0,gpt2-inference-5d8458fb46-dmj5h
2026-08-18 05:05:24.951,1271611392.0,gpt2-inference-5d8458fb46-h27vx
2026-08-18 05:05:24.951,1167310848.0,gpt2-inference-5d8458fb46-klkm9
2026-08-18 05:05:29.951,1167310848.0,gpt2-inference-5d8458fb46-klkm9
2026-08-18 05:05:29.951,1161793536.0,gpt2-inference-5d8458fb46-9m5td
2026-08-18 05:05:29.951,1271619584.0,gpt2-inference-5d8458fb46-h27vx
2026-08-18 05:05:29.951,1281540096.0,gpt2-inference-5d8458fb46-lg46j
2026-08-18 05:05:29.951,1852145664.0,gpt2-inference-5d8458fb46-ztjcb
2026-08-18 05:05:29.951,1181458432.0,gpt2-inference-5d8458fb46-rzh6r
2026-08-18 05:05:29.951,1196707840.0,gpt2-inference-5d8458fb46-5jcv6
2026-08-18 05:05:29.951,1150099456.0,gpt2-inference-5d8458fb46-dmj5h
2026-08-18 05:05:29.951,1154904064.0,gpt2-inference-5d8458fb46-2wnn4
2026-08-18 05:05:34.951,1155129344.0,gpt2-inference-5d8458fb46-2wnn4
2026-08-18 05:05:34.951,1167310848.0,gpt2-inference-5d8458fb46-klkm9
2026-08-18 05:05:34.951,1282023424.0,gpt2-inference-5d8458fb46-lg46j
2026-08-18 05:05:34.951,1181483008.0,gpt2-inference-5d8458fb46-rzh6r
2026-08-18 05:05:34.951,1150115840.0,gpt2-inference-5d8458fb46-dmj5h
2026-08-18 05:05:34.951,1271619584.0,gpt2-inference-5d8458fb46-h27vx
2026-08-18 05:05:34.951,1161793536.0,gpt2-inference-5d8458fb46-9m5td
2026-08-18 05:05:34.951,1196707840.0,gpt2-inference-5d8458fb46-5jcv6
2026-08-18 05:05:34.951,1852145664.0,gpt2-inference-5d8458fb46-ztjcb
2026-08-18 05:05:39.951,1167310848.0,gpt2-inference-5d8458fb46-klkm9
2026-08-18 05:05:39.951,1161793536.0,gpt2-inference-5d8458fb46-9m5td
2026-08-18 05:05:39.951,1851924480.0,gpt2-inference-5d8458fb46-ztjcb
2026-08-18 05:05:39.951,1196691456.0,gpt2-inference-5d8458fb46-5jcv6
2026-08-18 05:05:39.951,1271582720.0,gpt2-inference-5d8458fb46-h27vx
2026-08-18 05:05:39.951,1150115840.0,gpt2-inference-5d8458fb46-dmj5h
2026-08-18 05:05:39.951,1181483008.0,gpt2-inference-5d8458fb46-rzh6r
2026-08-18 05:05:39.951,1282023424.0,gpt2-inference-5d8458fb46-lg46j
2026-08-18 05:05:39.951,1155129344.0,gpt2-inference-5d8458fb46-2wnn4
2026-08-18 05:05:44.951,1271582720.0,gpt2-inference-5d8458fb46-h27vx
2026-08-18 05:05:44.951,1161789440.0,gpt2-inference-5d8458fb46-9m5td
2026-08-18 05:05:44.951,1167355904.0,gpt2-inference-5d8458fb46-klkm9
2026-08-18 05:05:44.951,1181483008.0,gpt2-inference-5d8458fb46-rzh6r
2026-08-18 05:05:44.951,1196691456.0,gpt2-inference-5d8458fb46-5jcv6
2026-08-18 05:05:44.951,1281540096.0,gpt2-inference-5d8458fb46-lg46j
2026-08-18 05:05:44.951,1155129344.0,gpt2-inference-5d8458fb46-2wnn4
2026-08-18 05:05:44.951,1150095360.0,gpt2-inference-5d8458fb46-dmj5h
2026-08-18 05:05:44.951,1851924480.0,gpt2-inference-5d8458fb46-ztjcb
2026-08-18 05:05:49.951,1851924480.0,gpt2-inference-5d8458fb46-ztjcb
2026-08-18 05:05:49.951,1196691456.0,gpt2-inference-5d8458fb46-5jcv6
2026-08-18 05:05:49.951,1281540096.0,gpt2-inference-5d8458fb46-lg46j
2026-08-18 05:05:49.951,1154899968.0,gpt2-inference-5d8458fb46-2wnn4
2026-08-18 05:05:49.951,1271582720.0,gpt2-inference-5d8458fb46-h27vx
2026-08-18 05:05:49.951,1167355904.0,gpt2-inference-5d8458fb46-klkm9
2026-08-18 05:05:49.951,1150095360.0,gpt2-inference-5d8458fb46-dmj5h
2026-08-18 05:05:49.951,1161789440.0,gpt2-inference-5d8458fb46-9m5td
2026-08-18 05:05:49.951,1181483008.0,gpt2-inference-5d8458fb46-rzh6r
2026-08-18 05:05:54.951,1271607296.0,gpt2-inference-5d8458fb46-h27vx
2026-08-18 05:05:54.951,1851953152.0,gpt2-inference-5d8458fb46-ztjcb
2026-08-18 05:05:54.951,1161793536.0,gpt2-inference-5d8458fb46-9m5td
2026-08-18 05:05:54.951,1196711936.0,gpt2-inference-5d8458fb46-5jcv6
2026-08-18 05:05:54.951,1150095360.0,gpt2-inference-5d8458fb46-dmj5h
2026-08-18 05:05:54.951,1167355904.0,gpt2-inference-5d8458fb46-klkm9
2026-08-18 05:05:54.951,1181458432.0,gpt2-inference-5d8458fb46-rzh6r
2026-08-18 05:05:54.951,1154899968.0,gpt2-inference-5d8458fb46-2wnn4
2026-08-18 05:05:54.951,1281540096.0,gpt2-inference-5d8458fb46-lg46j
2026-08-18 05:05:59.951,1271607296.0,gpt2-inference-5d8458fb46-h27vx
2026-08-18 05:05:59.951,1181458432.0,gpt2-inference-5d8458fb46-rzh6r
2026-08-18 05:05:59.951,1150623744.0,gpt2-inference-5d8458fb46-dmj5h
2026-08-18 05:05:59.951,1154899968.0,gpt2-inference-5d8458fb46-2wnn4
2026-08-18 05:05:59.951,1851953152.0,gpt2-inference-5d8458fb46-ztjcb
2026-08-18 05:05:59.951,1196711936.0,gpt2-inference-5d8458fb46-5jcv6
2026-08-18 05:05:59.951,1161793536.0,gpt2-inference-5d8458fb46-9m5td
2026-08-18 05:05:59.951,1167355904.0,gpt2-inference-5d8458fb46-klkm9
2026-08-18 05:05:59.951,1281540096.0,gpt2-inference-5d8458fb46-lg46j
2026-08-18 05:06:04.951,1271607296.0,gpt2-inference-5d8458fb46-h27vx
2026-08-18 05:06:04.951,1196941312.0,gpt2-inference-5d8458fb46-5jcv6
2026-08-18 05:06:04.951,1161793536.0,gpt2-inference-5d8458fb46-9m5td
2026-08-18 05:06:04.951,1150623744.0,gpt2-inference-5d8458fb46-dmj5h
2026-08-18 05:06:04.951,1166831616.0,gpt2-inference-5d8458fb46-klkm9
2026-08-18 05:06:04.951,1181458432.0,gpt2-inference-5d8458fb46-rzh6r
2026-08-18 05:06:04.951,1154904064.0,gpt2-inference-5d8458fb46-2wnn4
2026-08-18 05:06:04.951,1281511424.0,gpt2-inference-5d8458fb46-lg46j
2026-08-18 05:06:04.951,1851953152.0,gpt2-inference-5d8458fb46-ztjcb
2026-08-18 05:06:09.951,1154904064.0,gpt2-inference-5d8458fb46-2wnn4
2026-08-18 05:06:09.951,1281511424.0,gpt2-inference-5d8458fb46-lg46j
2026-08-18 05:06:09.951,1852182528.0,gpt2-inference-5d8458fb46-ztjcb
2026-08-18 05:06:09.951,1161793536.0,gpt2-inference-5d8458fb46-9m5td
2026-08-18 05:06:09.951,1181700096.0,gpt2-inference-5d8458fb46-rzh6r
2026-08-18 05:06:09.951,1166831616.0,gpt2-inference-5d8458fb46-klkm9
2026-08-18 05:06:09.951,1196941312.0,gpt2-inference-5d8458fb46-5jcv6
2026-08-18 05:06:09.951,1271607296.0,gpt2-inference-5d8458fb46-h27vx
2026-08-18 05:06:09.951,1150361600.0,gpt2-inference-5d8458fb46-dmj5h
2026-08-18 05:06:14.951,1271582720.0,gpt2-inference-5d8458fb46-h27vx
2026-08-18 05:06:14.951,1281511424.0,gpt2-inference-5d8458fb46-lg46j
2026-08-18 05:06:14.951,1150361600.0,gpt2-inference-5d8458fb46-dmj5h
2026-08-18 05:06:14.951,1166831616.0,gpt2-inference-5d8458fb46-klkm9
2026-08-18 05:06:14.951,1181700096.0,gpt2-inference-5d8458fb46-rzh6r
2026-08-18 05:06:14.951,1196941312.0,gpt2-inference-5d8458fb46-5jcv6
2026-08-18 05:06:14.951,1161793536.0,gpt2-inference-5d8458fb46-9m5td
2026-08-18 05:06:14.951,1154904064.0,gpt2-inference-5d8458fb46-2wnn4
2026-08-18 05:06:14.951,1852182528.0,gpt2-inference-5d8458fb46-ztjcb
2026-08-18 05:06:19.951,1196941312.0,gpt2-inference-5d8458fb46-5jcv6
2026-08-18 05:06:19.951,1281515520.0,gpt2-inference-5d8458fb46-lg46j
2026-08-18 05:06:19.951,1150361600.0,gpt2-inference-5d8458fb46-dmj5h
2026-08-18 05:06:19.951,1271582720.0,gpt2-inference-5d8458fb46-h27vx
2026-08-18 05:06:19.951,1161793536.0,gpt2-inference-5d8458fb46-9m5td
2026-08-18 05:06:19.951,1181700096.0,gpt2-inference-5d8458fb46-rzh6r
2026-08-18 05:06:19.951,1167077376.0,gpt2-inference-5d8458fb46-klkm9
2026-08-18 05:06:19.951,1851920384.0,gpt2-inference-5d8458fb46-ztjcb
2026-08-18 05:06:19.951,1154899968.0,gpt2-inference-5d8458fb46-2wnn4
2026-08-18 05:06:24.951,1150361600.0,gpt2-inference-5d8458fb46-dmj5h
2026-08-18 05:06:24.951,1154899968.0,gpt2-inference-5d8458fb46-2wnn4
2026-08-18 05:06:24.951,1196691456.0,gpt2-inference-5d8458fb46-5jcv6
2026-08-18 05:06:24.951,1162043392.0,gpt2-inference-5d8458fb46-9m5td
2026-08-18 05:06:24.951,1851920384.0,gpt2-inference-5d8458fb46-ztjcb
2026-08-18 05:06:24.951,1181458432.0,gpt2-inference-5d8458fb46-rzh6r
2026-08-18 05:06:24.951,1167077376.0,gpt2-inference-5d8458fb46-klkm9
2026-08-18 05:06:24.951,1281515520.0,gpt2-inference-5d8458fb46-lg46j
2026-08-18 05:06:24.951,1271582720.0,gpt2-inference-5d8458fb46-h27vx
2026-08-18 05:06:29.951,1281515520.0,gpt2-inference-5d8458fb46-lg46j
2026-08-18 05:06:29.951,1181458432.0,gpt2-inference-5d8458fb46-rzh6r
2026-08-18 05:06:29.951,1162043392.0,gpt2-inference-5d8458fb46-9m5td
2026-08-18 05:06:29.951,1167077376.0,gpt2-inference-5d8458fb46-klkm9
2026-08-18 05:06:29.951,1154899968.0,gpt2-inference-5d8458fb46-2wnn4
2026-08-18 05:06:29.951,1196691456.0,gpt2-inference-5d8458fb46-5jcv6
2026-08-18 05:06:29.951,1851920384.0,gpt2-inference-5d8458fb46-ztjcb
2026-08-18 05:06:29.951,1271869440.0,gpt2-inference-5d8458fb46-h27vx
2026-08-18 05:06:29.951,1150099456.0,gpt2-inference-5d8458fb46-dmj5h
2026-08-18 05:06:34.951,1271869440.0,gpt2-inference-5d8458fb46-h27vx
2026-08-18 05:06:34.951,1154904064.0,gpt2-inference-5d8458fb46-2wnn4
2026-08-18 05:06:34.951,1167089664.0,gpt2-inference-5d8458fb46-klkm9
2026-08-18 05:06:34.951,1150099456.0,gpt2-inference-5d8458fb46-dmj5h
2026-08-18 05:06:34.951,1162043392.0,gpt2-inference-5d8458fb46-9m5td
2026-08-18 05:06:34.951,1181458432.0,gpt2-inference-5d8458fb46-rzh6r
2026-08-18 05:06:34.951,1196691456.0,gpt2-inference-5d8458fb46-5jcv6
2026-08-18 05:06:34.951,1281798144.0,gpt2-inference-5d8458fb46-lg46j
2026-08-18 05:06:34.951,1851920384.0,gpt2-inference-5d8458fb46-ztjcb
2026-08-18 05:06:39.951,1162043392.0,gpt2-inference-5d8458fb46-9m5td
2026-08-18 05:06:39.951,1281798144.0,gpt2-inference-5d8458fb46-lg46j
2026-08-18 05:06:39.951,1167089664.0,gpt2-inference-5d8458fb46-klkm9
2026-08-18 05:06:39.951,1852186624.0,gpt2-inference-5d8458fb46-ztjcb
2026-08-18 05:06:39.951,1181458432.0,gpt2-inference-5d8458fb46-rzh6r
2026-08-18 05:06:39.951,1150099456.0,gpt2-inference-5d8458fb46-dmj5h
2026-08-18 05:06:39.951,1271607296.0,gpt2-inference-5d8458fb46-h27vx
2026-08-18 05:06:39.951,1196691456.0,gpt2-inference-5d8458fb46-5jcv6
2026-08-18 05:06:39.951,1154904064.0,gpt2-inference-5d8458fb46-2wnn4
2026-08-18 05:06:44.951,1852186624.0,gpt2-inference-5d8458fb46-ztjcb
2026-08-18 05:06:44.951,1150099456.0,gpt2-inference-5d8458fb46-dmj5h
2026-08-18 05:06:44.951,1181679616.0,gpt2-inference-5d8458fb46-rzh6r
2026-08-18 05:06:44.951,1196691456.0,gpt2-inference-5d8458fb46-5jcv6
2026-08-18 05:06:44.951,1271607296.0,gpt2-inference-5d8458fb46-h27vx
2026-08-18 05:06:44.951,1281798144.0,gpt2-inference-5d8458fb46-lg46j
2026-08-18 05:06:44.951,1161814016.0,gpt2-inference-5d8458fb46-9m5td
2026-08-18 05:06:44.951,1166872576.0,gpt2-inference-5d8458fb46-klkm9
2026-08-18 05:06:44.951,1154904064.0,gpt2-inference-5d8458fb46-2wnn4
2026-08-18 05:06:49.951,1154904064.0,gpt2-inference-5d8458fb46-2wnn4
2026-08-18 05:06:49.951,1281794048.0,gpt2-inference-5d8458fb46-lg46j
2026-08-18 05:06:49.951,1161814016.0,gpt2-inference-5d8458fb46-9m5td
2026-08-18 05:06:49.951,1851924480.0,gpt2-inference-5d8458fb46-ztjcb
2026-08-18 05:06:49.951,1150099456.0,gpt2-inference-5d8458fb46-dmj5h
2026-08-18 05:06:49.951,1196691456.0,gpt2-inference-5d8458fb46-5jcv6
2026-08-18 05:06:49.951,1271607296.0,gpt2-inference-5d8458fb46-h27vx
2026-08-18 05:06:49.951,1181679616.0,gpt2-inference-5d8458fb46-rzh6r
2026-08-18 05:06:49.951,1166872576.0,gpt2-inference-5d8458fb46-klkm9
2026-08-18 05:06:54.951,1150099456.0,gpt2-inference-5d8458fb46-dmj5h
2026-08-18 05:06:54.951,1271607296.0,gpt2-inference-5d8458fb46-h27vx
2026-08-18 05:06:54.951,1161793536.0,gpt2-inference-5d8458fb46-9m5td
2026-08-18 05:06:54.951,1166872576.0,gpt2-inference-5d8458fb46-klkm9
2026-08-18 05:06:54.951,1155153920.0,gpt2-inference-5d8458fb46-2wnn4
2026-08-18 05:06:54.951,1851924480.0,gpt2-inference-5d8458fb46-ztjcb
2026-08-18 05:06:54.951,1281794048.0,gpt2-inference-5d8458fb46-lg46j
2026-08-18 05:06:54.951,1181503488.0,gpt2-inference-5d8458fb46-rzh6r
2026-08-18 05:06:54.951,1196691456.0,gpt2-inference-5d8458fb46-5jcv6
2026-08-18 05:06:59.951,1150099456.0,gpt2-inference-5d8458fb46-dmj5h
2026-08-18 05:06:59.951,1181503488.0,gpt2-inference-5d8458fb46-rzh6r
2026-08-18 05:06:59.951,1271582720.0,gpt2-inference-5d8458fb46-h27vx
2026-08-18 05:06:59.951,1166839808.0,gpt2-inference-5d8458fb46-klkm9
2026-08-18 05:06:59.951,1196691456.0,gpt2-inference-5d8458fb46-5jcv6
2026-08-18 05:06:59.951,1851924480.0,gpt2-inference-5d8458fb46-ztjcb
2026-08-18 05:06:59.951,1281794048.0,gpt2-inference-5d8458fb46-lg46j
2026-08-18 05:06:59.951,1161793536.0,gpt2-inference-5d8458fb46-9m5td
2026-08-18 05:06:59.951,1155153920.0,gpt2-inference-5d8458fb46-2wnn4
2026-08-18 05:07:04.951,1281540096.0,gpt2-inference-5d8458fb46-lg46j
2026-08-18 05:07:04.951,1150115840.0,gpt2-inference-5d8458fb46-dmj5h
2026-08-18 05:07:04.951,1161793536.0,gpt2-inference-5d8458fb46-9m5td
2026-08-18 05:07:04.951,1181503488.0,gpt2-inference-5d8458fb46-rzh6r
2026-08-18 05:07:04.951,1154904064.0,gpt2-inference-5d8458fb46-2wnn4
2026-08-18 05:07:04.951,1271582720.0,gpt2-inference-5d8458fb46-h27vx
2026-08-18 05:07:04.951,1166839808.0,gpt2-inference-5d8458fb46-klkm9
2026-08-18 05:07:04.951,1196691456.0,gpt2-inference-5d8458fb46-5jcv6
2026-08-18 05:07:04.951,1851924480.0,gpt2-inference-5d8458fb46-ztjcb
2026-08-18 05:07:09.951,1166835712.0,gpt2-inference-5d8458fb46-klkm9
2026-08-18 05:07:09.951,1154904064.0,gpt2-inference-5d8458fb46-2wnn4
2026-08-18 05:07:09.951,1281540096.0,gpt2-inference-5d8458fb46-lg46j
2026-08-18 05:07:09.951,1150115840.0,gpt2-inference-5d8458fb46-dmj5h
2026-08-18 05:07:09.951,1852182528.0,gpt2-inference-5d8458fb46-ztjcb
2026-08-18 05:07:09.951,1162047488.0,gpt2-inference-5d8458fb46-9m5td
2026-08-18 05:07:09.951,1271603200.0,gpt2-inference-5d8458fb46-h27vx
2026-08-18 05:07:09.951,1196691456.0,gpt2-inference-5d8458fb46-5jcv6
2026-08-18 05:07:09.951,1181503488.0,gpt2-inference-5d8458fb46-rzh6r
2026-08-18 05:07:14.951,1281511424.0,gpt2-inference-5d8458fb46-lg46j
2026-08-18 05:07:14.951,1154904064.0,gpt2-inference-5d8458fb46-2wnn4
2026-08-18 05:07:14.951,1271603200.0,gpt2-inference-5d8458fb46-h27vx
2026-08-18 05:07:14.951,1196949504.0,gpt2-inference-5d8458fb46-5jcv6
2026-08-18 05:07:14.951,1166835712.0,gpt2-inference-5d8458fb46-klkm9
2026-08-18 05:07:14.951,1852182528.0,gpt2-inference-5d8458fb46-ztjcb
2026-08-18 05:07:14.951,1162047488.0,gpt2-inference-5d8458fb46-9m5td
2026-08-18 05:07:14.951,1150115840.0,gpt2-inference-5d8458fb46-dmj5h
2026-08-18 05:07:14.951,1181458432.0,gpt2-inference-5d8458fb46-rzh6r
2026-08-18 05:07:19.951,1181458432.0,gpt2-inference-5d8458fb46-rzh6r
2026-08-18 05:07:19.951,1154924544.0,gpt2-inference-5d8458fb46-2wnn4
2026-08-18 05:07:19.951,1852182528.0,gpt2-inference-5d8458fb46-ztjcb
2026-08-18 05:07:19.951,1196949504.0,gpt2-inference-5d8458fb46-5jcv6
2026-08-18 05:07:19.951,1150341120.0,gpt2-inference-5d8458fb46-dmj5h
2026-08-18 05:07:19.951,1162047488.0,gpt2-inference-5d8458fb46-9m5td
2026-08-18 05:07:19.951,1271603200.0,gpt2-inference-5d8458fb46-h27vx
2026-08-18 05:07:19.951,1281511424.0,gpt2-inference-5d8458fb46-lg46j
2026-08-18 05:07:19.951,1166835712.0,gpt2-inference-5d8458fb46-klkm9
2026-08-18 05:07:24.951,1852440576.0,gpt2-inference-5d8458fb46-ztjcb
2026-08-18 05:07:24.951,1271582720.0,gpt2-inference-5d8458fb46-h27vx
2026-08-18 05:07:24.951,1162051584.0,gpt2-inference-5d8458fb46-9m5td
2026-08-18 05:07:24.951,1281511424.0,gpt2-inference-5d8458fb46-lg46j
2026-08-18 05:07:24.951,1150341120.0,gpt2-inference-5d8458fb46-dmj5h
2026-08-18 05:07:24.951,1196691456.0,gpt2-inference-5d8458fb46-5jcv6
2026-08-18 05:07:24.951,1166831616.0,gpt2-inference-5d8458fb46-klkm9
2026-08-18 05:07:24.951,1181462528.0,gpt2-inference-5d8458fb46-rzh6r
2026-08-18 05:07:24.951,1154924544.0,gpt2-inference-5d8458fb46-2wnn4
2026-08-18 05:07:29.951,1271582720.0,gpt2-inference-5d8458fb46-h27vx
2026-08-18 05:07:29.951,1181462528.0,gpt2-inference-5d8458fb46-rzh6r
2026-08-18 05:07:29.951,1150341120.0,gpt2-inference-5d8458fb46-dmj5h
2026-08-18 05:07:29.951,1852440576.0,gpt2-inference-5d8458fb46-ztjcb
2026-08-18 05:07:29.951,1154924544.0,gpt2-inference-5d8458fb46-2wnn4
2026-08-18 05:07:29.951,1196691456.0,gpt2-inference-5d8458fb46-5jcv6
2026-08-18 05:07:29.951,1166831616.0,gpt2-inference-5d8458fb46-klkm9
2026-08-18 05:07:29.951,1162051584.0,gpt2-inference-5d8458fb46-9m5td
2026-08-18 05:07:29.951,1281773568.0,gpt2-inference-5d8458fb46-lg46j
2026-08-18 05:07:34.951,1162051584.0,gpt2-inference-5d8458fb46-9m5td
2026-08-18 05:07:34.951,1154904064.0,gpt2-inference-5d8458fb46-2wnn4
2026-08-18 05:07:34.951,1181462528.0,gpt2-inference-5d8458fb46-rzh6r
2026-08-18 05:07:34.951,1852440576.0,gpt2-inference-5d8458fb46-ztjcb
2026-08-18 05:07:34.951,1271582720.0,gpt2-inference-5d8458fb46-h27vx
2026-08-18 05:07:34.951,1166831616.0,gpt2-inference-5d8458fb46-klkm9
2026-08-18 05:07:34.951,1196691456.0,gpt2-inference-5d8458fb46-5jcv6
2026-08-18 05:07:34.951,1281773568.0,gpt2-inference-5d8458fb46-lg46j
2026-08-18 05:07:34.951,1150095360.0,gpt2-inference-5d8458fb46-dmj5h
2026-08-18 05:07:39.951,1181462528.0,gpt2-inference-5d8458fb46-rzh6r
2026-08-18 05:07:39.951,1161793536.0,gpt2-inference-5d8458fb46-9m5td
2026-08-18 05:07:39.951,1150095360.0,gpt2-inference-5d8458fb46-dmj5h
2026-08-18 05:07:39.951,1166831616.0,gpt2-inference-5d8458fb46-klkm9
2026-08-18 05:07:39.951,1271578624.0,gpt2-inference-5d8458fb46-h27vx
2026-08-18 05:07:39.951,1852190720.0,gpt2-inference-5d8458fb46-ztjcb
2026-08-18 05:07:39.951,1154904064.0,gpt2-inference-5d8458fb46-2wnn4
2026-08-18 05:07:39.951,1281773568.0,gpt2-inference-5d8458fb46-lg46j
2026-08-18 05:07:39.951,1196912640.0,gpt2-inference-5d8458fb46-5jcv6
2026-08-18 05:07:44.951,1154904064.0,gpt2-inference-5d8458fb46-2wnn4
2026-08-18 05:07:44.951,1271578624.0,gpt2-inference-5d8458fb46-h27vx
2026-08-18 05:07:44.951,1161793536.0,gpt2-inference-5d8458fb46-9m5td
2026-08-18 05:07:44.951,1196912640.0,gpt2-inference-5d8458fb46-5jcv6
2026-08-18 05:07:44.951,1181462528.0,gpt2-inference-5d8458fb46-rzh6r
2026-08-18 05:07:44.951,1281531904.0,gpt2-inference-5d8458fb46-lg46j
2026-08-18 05:07:44.951,1852190720.0,gpt2-inference-5d8458fb46-ztjcb
2026-08-18 05:07:44.951,1150095360.0,gpt2-inference-5d8458fb46-dmj5h
2026-08-18 05:07:44.951,1166831616.0,gpt2-inference-5d8458fb46-klkm9
2026-08-18 05:07:49.951,1150095360.0,gpt2-inference-5d8458fb46-dmj5h
2026-08-18 05:07:49.951,1271586816.0,gpt2-inference-5d8458fb46-h27vx
2026-08-18 05:07:49.951,1196691456.0,gpt2-inference-5d8458fb46-5jcv6
2026-08-18 05:07:49.951,1154904064.0,gpt2-inference-5d8458fb46-2wnn4
2026-08-18 05:07:49.951,1181462528.0,gpt2-inference-5d8458fb46-rzh6r
2026-08-18 05:07:49.951,1161793536.0,gpt2-inference-5d8458fb46-9m5td
2026-08-18 05:07:49.951,1281531904.0,gpt2-inference-5d8458fb46-lg46j
2026-08-18 05:07:49.951,1166831616.0,gpt2-inference-5d8458fb46-klkm9
2026-08-18 05:07:49.951,1852190720.0,gpt2-inference-5d8458fb46-ztjcb
2026-08-18 05:07:54.951,1281531904.0,gpt2-inference-5d8458fb46-lg46j
2026-08-18 05:07:54.951,1196691456.0,gpt2-inference-5d8458fb46-5jcv6
2026-08-18 05:07:54.951,1851924480.0,gpt2-inference-5d8458fb46-ztjcb
2026-08-18 05:07:54.951,1271586816.0,gpt2-inference-5d8458fb46-h27vx
2026-08-18 05:07:54.951,1150095360.0,gpt2-inference-5d8458fb46-dmj5h
2026-08-18 05:07:54.951,1161793536.0,gpt2-inference-5d8458fb46-9m5td
2026-08-18 05:07:54.951,1181458432.0,gpt2-inference-5d8458fb46-rzh6r
2026-08-18 05:07:54.951,1166831616.0,gpt2-inference-5d8458fb46-klkm9
2026-08-18 05:07:54.951,1154924544.0,gpt2-inference-5d8458fb46-2wnn4
2026-08-18 05:07:59.951,1150373888.0,gpt2-inference-5d8458fb46-dmj5h
2026-08-18 05:07:59.951,1851924480.0,gpt2-inference-5d8458fb46-ztjcb
2026-08-18 05:07:59.951,1181458432.0,gpt2-inference-5d8458fb46-rzh6r
2026-08-18 05:07:59.951,1166856192.0,gpt2-inference-5d8458fb46-klkm9
2026-08-18 05:07:59.951,1271586816.0,gpt2-inference-5d8458fb46-h27vx
2026-08-18 05:07:59.951,1281540096.0,gpt2-inference-5d8458fb46-lg46j
2026-08-18 05:07:59.951,1196691456.0,gpt2-inference-5d8458fb46-5jcv6
2026-08-18 05:07:59.951,1161793536.0,gpt2-inference-5d8458fb46-9m5td
2026-08-18 05:07:59.951,1154924544.0,gpt2-inference-5d8458fb46-2wnn4
2026-08-18 05:08:04.951,1166856192.0,gpt2-inference-5d8458fb46-klkm9
2026-08-18 05:08:04.951,1150373888.0,gpt2-inference-5d8458fb46-dmj5h
2026-08-18 05:08:04.951,1196691456.0,gpt2-inference-5d8458fb46-5jcv6
2026-08-18 05:08:04.951,1161793536.0,gpt2-inference-5d8458fb46-9m5td
2026-08-18 05:08:04.951,1281540096.0,gpt2-inference-5d8458fb46-lg46j
2026-08-18 05:08:04.951,1181462528.0,gpt2-inference-5d8458fb46-rzh6r
2026-08-18 05:08:04.951,1851924480.0,gpt2-inference-5d8458fb46-ztjcb
2026-08-18 05:08:04.951,1154904064.0,gpt2-inference-5d8458fb46-2wnn4
2026-08-18 05:08:04.951,1271582720.0,gpt2-inference-5d8458fb46-h27vx
2026-08-18 05:08:09.951,1150373888.0,gpt2-inference-5d8458fb46-dmj5h
2026-08-18 05:08:09.951,1271582720.0,gpt2-inference-5d8458fb46-h27vx
2026-08-18 05:08:09.951,1851924480.0,gpt2-inference-5d8458fb46-ztjcb
2026-08-18 05:08:09.951,1181462528.0,gpt2-inference-5d8458fb46-rzh6r
2026-08-18 05:08:09.951,1196691456.0,gpt2-inference-5d8458fb46-5jcv6
2026-08-18 05:08:09.951,1166856192.0,gpt2-inference-5d8458fb46-klkm9
2026-08-18 05:08:09.951,1154904064.0,gpt2-inference-5d8458fb46-2wnn4
2026-08-18 05:08:09.951,1161793536.0,gpt2-inference-5d8458fb46-9m5td
2026-08-18 05:08:09.951,1281540096.0,gpt2-inference-5d8458fb46-lg46j
2026-08-18 05:08:14.951,1150095360.0,gpt2-inference-5d8458fb46-dmj5h
2026-08-18 05:08:14.951,1271836672.0,gpt2-inference-5d8458fb46-h27vx
2026-08-18 05:08:14.951,1154904064.0,gpt2-inference-5d8458fb46-2wnn4
2026-08-18 05:08:14.951,1196691456.0,gpt2-inference-5d8458fb46-5jcv6
2026-08-18 05:08:14.951,1281540096.0,gpt2-inference-5d8458fb46-lg46j
2026-08-18 05:08:14.951,1161805824.0,gpt2-inference-5d8458fb46-9m5td
2026-08-18 05:08:14.951,1852182528.0,gpt2-inference-5d8458fb46-ztjcb
2026-08-18 05:08:14.951,1166839808.0,gpt2-inference-5d8458fb46-klkm9
2026-08-18 05:08:14.951,1181462528.0,gpt2-inference-5d8458fb46-rzh6r
2026-08-18 05:08:19.951,1281540096.0,gpt2-inference-5d8458fb46-lg46j
2026-08-18 05:08:19.951,1154908160.0,gpt2-inference-5d8458fb46-2wnn4
2026-08-18 05:08:19.951,1852182528.0,gpt2-inference-5d8458fb46-ztjcb
2026-08-18 05:08:19.951,1271836672.0,gpt2-inference-5d8458fb46-h27vx
2026-08-18 05:08:19.951,1150095360.0,gpt2-inference-5d8458fb46-dmj5h
2026-08-18 05:08:19.951,1196687360.0,gpt2-inference-5d8458fb46-5jcv6
2026-08-18 05:08:19.951,1166839808.0,gpt2-inference-5d8458fb46-klkm9
2026-08-18 05:08:19.951,1181462528.0,gpt2-inference-5d8458fb46-rzh6r
2026-08-18 05:08:19.951,1161805824.0,gpt2-inference-5d8458fb46-9m5td
2026-08-18 05:08:24.951,1150095360.0,gpt2-inference-5d8458fb46-dmj5h
2026-08-18 05:08:24.951,1196687360.0,gpt2-inference-5d8458fb46-5jcv6
2026-08-18 05:08:24.951,1154908160.0,gpt2-inference-5d8458fb46-2wnn4
2026-08-18 05:08:24.951,1851924480.0,gpt2-inference-5d8458fb46-ztjcb
2026-08-18 05:08:24.951,1281540096.0,gpt2-inference-5d8458fb46-lg46j
2026-08-18 05:08:24.951,1166839808.0,gpt2-inference-5d8458fb46-klkm9
2026-08-18 05:08:24.951,1271836672.0,gpt2-inference-5d8458fb46-h27vx
2026-08-18 05:08:24.951,1181454336.0,gpt2-inference-5d8458fb46-rzh6r
2026-08-18 05:08:24.951,1161797632.0,gpt2-inference-5d8458fb46-9m5td
2026-08-18 05:08:29.951,1166839808.0,gpt2-inference-5d8458fb46-klkm9
2026-08-18 05:08:29.951,1161797632.0,gpt2-inference-5d8458fb46-9m5td
2026-08-18 05:08:29.951,1150095360.0,gpt2-inference-5d8458fb46-dmj5h
2026-08-18 05:08:29.951,1271836672.0,gpt2-inference-5d8458fb46-h27vx
2026-08-18 05:08:29.951,1281540096.0,gpt2-inference-5d8458fb46-lg46j
2026-08-18 05:08:29.951,1181454336.0,gpt2-inference-5d8458fb46-rzh6r
2026-08-18 05:08:29.951,1154908160.0,gpt2-inference-5d8458fb46-2wnn4
2026-08-18 05:08:29.951,1196687360.0,gpt2-inference-5d8458fb46-5jcv6
2026-08-18 05:08:29.951,1851924480.0,gpt2-inference-5d8458fb46-ztjcb
2026-08-18 05:08:34.951,1282019328.0,gpt2-inference-5d8458fb46-lg46j
2026-08-18 05:08:34.951,1161797632.0,gpt2-inference-5d8458fb46-9m5td
2026-08-18 05:08:34.951,1150095360.0,gpt2-inference-5d8458fb46-dmj5h
2026-08-18 05:08:34.951,1154899968.0,gpt2-inference-5d8458fb46-2wnn4
2026-08-18 05:08:34.951,1167147008.0,gpt2-inference-5d8458fb46-klkm9
2026-08-18 05:08:34.951,1851924480.0,gpt2-inference-5d8458fb46-ztjcb
2026-08-18 05:08:34.951,1271586816.0,gpt2-inference-5d8458fb46-h27vx
2026-08-18 05:08:34.951,1196687360.0,gpt2-inference-5d8458fb46-5jcv6
2026-08-18 05:08:34.951,1181454336.0,gpt2-inference-5d8458fb46-rzh6r
2026-08-18 05:08:39.951,1271586816.0,gpt2-inference-5d8458fb46-h27vx
2026-08-18 05:08:39.951,1282019328.0,gpt2-inference-5d8458fb46-lg46j
2026-08-18 05:08:39.951,1196720128.0,gpt2-inference-5d8458fb46-5jcv6
2026-08-18 05:08:39.951,1162022912.0,gpt2-inference-5d8458fb46-9m5td
2026-08-18 05:08:39.951,1181777920.0,gpt2-inference-5d8458fb46-rzh6r
2026-08-18 05:08:39.951,1167147008.0,gpt2-inference-5d8458fb46-klkm9
2026-08-18 05:08:39.951,1851924480.0,gpt2-inference-5d8458fb46-ztjcb
2026-08-18 05:08:39.951,1150095360.0,gpt2-inference-5d8458fb46-dmj5h
2026-08-18 05:08:39.951,1154899968.0,gpt2-inference-5d8458fb46-2wnn4
2026-08-18 05:08:44.951,1166831616.0,gpt2-inference-5d8458fb46-klkm9
2026-08-18 05:08:44.951,1282019328.0,gpt2-inference-5d8458fb46-lg46j
2026-08-18 05:08:44.951,1181777920.0,gpt2-inference-5d8458fb46-rzh6r
2026-08-18 05:08:44.951,1162022912.0,gpt2-inference-5d8458fb46-9m5td
2026-08-18 05:08:44.951,1150603264.0,gpt2-inference-5d8458fb46-dmj5h
2026-08-18 05:08:44.951,1154899968.0,gpt2-inference-5d8458fb46-2wnn4
2026-08-18 05:08:44.951,1271586816.0,gpt2-inference-5d8458fb46-h27vx
2026-08-18 05:08:44.951,1851924480.0,gpt2-inference-5d8458fb46-ztjcb
2026-08-18 05:08:44.951,1196720128.0,gpt2-inference-5d8458fb46-5jcv6
2026-08-18 05:08:49.951,1166831616.0,gpt2-inference-5d8458fb46-klkm9
2026-08-18 05:08:49.951,1181777920.0,gpt2-inference-5d8458fb46-rzh6r
2026-08-18 05:08:49.951,1281519616.0,gpt2-inference-5d8458fb46-lg46j
2026-08-18 05:08:49.951,1196720128.0,gpt2-inference-5d8458fb46-5jcv6
2026-08-18 05:08:49.951,1851924480.0,gpt2-inference-5d8458fb46-ztjcb
2026-08-18 05:08:49.951,1162022912.0,gpt2-inference-5d8458fb46-9m5td
2026-08-18 05:08:49.951,1271607296.0,gpt2-inference-5d8458fb46-h27vx
2026-08-18 05:08:49.951,1150603264.0,gpt2-inference-5d8458fb46-dmj5h
2026-08-18 05:08:49.951,1155416064.0,gpt2-inference-5d8458fb46-2wnn4
2026-08-18 05:08:54.951,1162022912.0,gpt2-inference-5d8458fb46-9m5td
2026-08-18 05:08:54.951,1197207552.0,gpt2-inference-5d8458fb46-5jcv6
2026-08-18 05:08:54.951,1181777920.0,gpt2-inference-5d8458fb46-rzh6r
2026-08-18 05:08:54.951,1166831616.0,gpt2-inference-5d8458fb46-klkm9
2026-08-18 05:08:54.951,1155416064.0,gpt2-inference-5d8458fb46-2wnn4
2026-08-18 05:08:54.951,1271607296.0,gpt2-inference-5d8458fb46-h27vx
2026-08-18 05:08:54.951,1281519616.0,gpt2-inference-5d8458fb46-lg46j
2026-08-18 05:08:54.951,1852698624.0,gpt2-inference-5d8458fb46-ztjcb
2026-08-18 05:08:54.951,1150603264.0,gpt2-inference-5d8458fb46-dmj5h
2026-08-18 05:08:59.951,1181478912.0,gpt2-inference-5d8458fb46-rzh6r
2026-08-18 05:08:59.951,1197207552.0,gpt2-inference-5d8458fb46-5jcv6
2026-08-18 05:08:59.951,1852698624.0,gpt2-inference-5d8458fb46-ztjcb
2026-08-18 05:08:59.951,1150119936.0,gpt2-inference-5d8458fb46-dmj5h
2026-08-18 05:08:59.951,1271607296.0,gpt2-inference-5d8458fb46-h27vx
2026-08-18 05:08:59.951,1166831616.0,gpt2-inference-5d8458fb46-klkm9
2026-08-18 05:08:59.951,1154904064.0,gpt2-inference-5d8458fb46-2wnn4
2026-08-18 05:08:59.951,1281519616.0,gpt2-inference-5d8458fb46-lg46j
2026-08-18 05:08:59.951,1161818112.0,gpt2-inference-5d8458fb46-9m5td
2026-08-18 05:09:04.951,1166831616.0,gpt2-inference-5d8458fb46-klkm9
2026-08-18 05:09:04.951,1197207552.0,gpt2-inference-5d8458fb46-5jcv6
2026-08-18 05:09:04.951,1271578624.0,gpt2-inference-5d8458fb46-h27vx
2026-08-18 05:09:04.951,1154904064.0,gpt2-inference-5d8458fb46-2wnn4
2026-08-18 05:09:04.951,1181478912.0,gpt2-inference-5d8458fb46-rzh6r
2026-08-18 05:09:04.951,1852698624.0,gpt2-inference-5d8458fb46-ztjcb
2026-08-18 05:09:04.951,1150119936.0,gpt2-inference-5d8458fb46-dmj5h
2026-08-18 05:09:04.951,1281515520.0,gpt2-inference-5d8458fb46-lg46j
2026-08-18 05:09:04.951,1161818112.0,gpt2-inference-5d8458fb46-9m5td
2026-08-18 05:09:09.951,1281515520.0,gpt2-inference-5d8458fb46-lg46j
2026-08-18 05:09:09.951,1851949056.0,gpt2-inference-5d8458fb46-ztjcb
2026-08-18 05:09:09.951,1271578624.0,gpt2-inference-5d8458fb46-h27vx
2026-08-18 05:09:09.951,1161818112.0,gpt2-inference-5d8458fb46-9m5td
2026-08-18 05:09:09.951,1166831616.0,gpt2-inference-5d8458fb46-klkm9
2026-08-18 05:09:09.951,1154904064.0,gpt2-inference-5d8458fb46-2wnn4
2026-08-18 05:09:09.951,1181478912.0,gpt2-inference-5d8458fb46-rzh6r
2026-08-18 05:09:09.951,1150115840.0,gpt2-inference-5d8458fb46-dmj5h
2026-08-18 05:09:09.951,1197207552.0,gpt2-inference-5d8458fb46-5jcv6
2026-08-18 05:09:14.951,1281515520.0,gpt2-inference-5d8458fb46-lg46j
2026-08-18 05:09:14.951,1851949056.0,gpt2-inference-5d8458fb46-ztjcb
2026-08-18 05:09:14.951,1161793536.0,gpt2-inference-5d8458fb46-9m5td
2026-08-18 05:09:14.951,1166831616.0,gpt2-inference-5d8458fb46-klkm9
2026-08-18 05:09:14.951,1181454336.0,gpt2-inference-5d8458fb46-rzh6r
2026-08-18 05:09:14.951,1271578624.0,gpt2-inference-5d8458fb46-h27vx
2026-08-18 05:09:14.951,1155153920.0,gpt2-inference-5d8458fb46-2wnn4
2026-08-18 05:09:14.951,1150115840.0,gpt2-inference-5d8458fb46-dmj5h
2026-08-18 05:09:14.951,1196949504.0,gpt2-inference-5d8458fb46-5jcv6
2026-08-18 05:09:19.951,1196949504.0,gpt2-inference-5d8458fb46-5jcv6
2026-08-18 05:09:19.951,1181454336.0,gpt2-inference-5d8458fb46-rzh6r
2026-08-18 05:09:19.951,1155153920.0,gpt2-inference-5d8458fb46-2wnn4
2026-08-18 05:09:19.951,1281515520.0,gpt2-inference-5d8458fb46-lg46j
2026-08-18 05:09:19.951,1271586816.0,gpt2-inference-5d8458fb46-h27vx
2026-08-18 05:09:19.951,1166831616.0,gpt2-inference-5d8458fb46-klkm9
2026-08-18 05:09:19.951,1161793536.0,gpt2-inference-5d8458fb46-9m5td
2026-08-18 05:09:19.951,1150115840.0,gpt2-inference-5d8458fb46-dmj5h
2026-08-18 05:09:19.951,1852432384.0,gpt2-inference-5d8458fb46-ztjcb
2026-08-18 05:09:24.951,1281511424.0,gpt2-inference-5d8458fb46-lg46j
2026-08-18 05:09:24.951,1155153920.0,gpt2-inference-5d8458fb46-2wnn4
2026-08-18 05:09:24.951,1852432384.0,gpt2-inference-5d8458fb46-ztjcb
2026-08-18 05:09:24.951,1181454336.0,gpt2-inference-5d8458fb46-rzh6r
2026-08-18 05:09:24.951,1196949504.0,gpt2-inference-5d8458fb46-5jcv6
2026-08-18 05:09:24.951,1161793536.0,gpt2-inference-5d8458fb46-9m5td
2026-08-18 05:09:24.951,1271586816.0,gpt2-inference-5d8458fb46-h27vx
2026-08-18 05:09:24.951,1166860288.0,gpt2-inference-5d8458fb46-klkm9
2026-08-18 05:09:24.951,1150095360.0,gpt2-inference-5d8458fb46-dmj5h
2026-08-18 05:09:29.951,1196716032.0,gpt2-inference-5d8458fb46-5jcv6
2026-08-18 05:09:29.951,1271578624.0,gpt2-inference-5d8458fb46-h27vx
2026-08-18 05:09:29.951,1852432384.0,gpt2-inference-5d8458fb46-ztjcb
2026-08-18 05:09:29.951,1181454336.0,gpt2-inference-5d8458fb46-rzh6r
2026-08-18 05:09:29.951,1150095360.0,gpt2-inference-5d8458fb46-dmj5h
2026-08-18 05:09:29.951,1154928640.0,gpt2-inference-5d8458fb46-2wnn4
2026-08-18 05:09:29.951,1166860288.0,gpt2-inference-5d8458fb46-klkm9
2026-08-18 05:09:29.951,1161830400.0,gpt2-inference-5d8458fb46-9m5td
2026-08-18 05:09:29.951,1281511424.0,gpt2-inference-5d8458fb46-lg46j
2026-08-18 05:09:34.951,1181454336.0,gpt2-inference-5d8458fb46-rzh6r
2026-08-18 05:09:34.951,1154928640.0,gpt2-inference-5d8458fb46-2wnn4
2026-08-18 05:09:34.951,1271578624.0,gpt2-inference-5d8458fb46-h27vx
2026-08-18 05:09:34.951,1281515520.0,gpt2-inference-5d8458fb46-lg46j
2026-08-18 05:09:34.951,1851953152.0,gpt2-inference-5d8458fb46-ztjcb
2026-08-18 05:09:34.951,1150095360.0,gpt2-inference-5d8458fb46-dmj5h
2026-08-18 05:09:34.951,1166860288.0,gpt2-inference-5d8458fb46-klkm9
2026-08-18 05:09:34.951,1196716032.0,gpt2-inference-5d8458fb46-5jcv6
2026-08-18 05:09:34.951,1161830400.0,gpt2-inference-5d8458fb46-9m5td
2026-08-18 05:09:39.951,1851953152.0,gpt2-inference-5d8458fb46-ztjcb
2026-08-18 05:09:39.951,1196699648.0,gpt2-inference-5d8458fb46-5jcv6
2026-08-18 05:09:39.951,1281515520.0,gpt2-inference-5d8458fb46-lg46j
2026-08-18 05:09:39.951,1166860288.0,gpt2-inference-5d8458fb46-klkm9
2026-08-18 05:09:39.951,1271578624.0,gpt2-inference-5d8458fb46-h27vx
2026-08-18 05:09:39.951,1181454336.0,gpt2-inference-5d8458fb46-rzh6r
2026-08-18 05:09:39.951,1162305536.0,gpt2-inference-5d8458fb46-9m5td
2026-08-18 05:09:39.951,1154928640.0,gpt2-inference-5d8458fb46-2wnn4
2026-08-18 05:09:39.951,1150316544.0,gpt2-inference-5d8458fb46-dmj5h
2026-08-18 05:09:44.951,1162305536.0,gpt2-inference-5d8458fb46-9m5td
2026-08-18 05:09:44.951,1181454336.0,gpt2-inference-5d8458fb46-rzh6r
2026-08-18 05:09:44.951,1166839808.0,gpt2-inference-5d8458fb46-klkm9
2026-08-18 05:09:44.951,1851953152.0,gpt2-inference-5d8458fb46-ztjcb
2026-08-18 05:09:44.951,1154904064.0,gpt2-inference-5d8458fb46-2wnn4
2026-08-18 05:09:44.951,1271603200.0,gpt2-inference-5d8458fb46-h27vx
2026-08-18 05:09:44.951,1281511424.0,gpt2-inference-5d8458fb46-lg46j
2026-08-18 05:09:44.951,1196699648.0,gpt2-inference-5d8458fb46-5jcv6
2026-08-18 05:09:44.951,1150316544.0,gpt2-inference-5d8458fb46-dmj5h
2026-08-18 05:09:49.951,1162305536.0,gpt2-inference-5d8458fb46-9m5td
2026-08-18 05:09:49.951,1281511424.0,gpt2-inference-5d8458fb46-lg46j
2026-08-18 05:09:49.951,1154904064.0,gpt2-inference-5d8458fb46-2wnn4
2026-08-18 05:09:49.951,1166839808.0,gpt2-inference-5d8458fb46-klkm9
2026-08-18 05:09:49.951,1851924480.0,gpt2-inference-5d8458fb46-ztjcb
2026-08-18 05:09:49.951,1181454336.0,gpt2-inference-5d8458fb46-rzh6r
2026-08-18 05:09:49.951,1271603200.0,gpt2-inference-5d8458fb46-h27vx
2026-08-18 05:09:49.951,1150316544.0,gpt2-inference-5d8458fb46-dmj5h
2026-08-18 05:09:49.951,1196699648.0,gpt2-inference-5d8458fb46-5jcv6
2026-08-18 05:09:54.951,1166839808.0,gpt2-inference-5d8458fb46-klkm9
2026-08-18 05:09:54.951,1196691456.0,gpt2-inference-5d8458fb46-5jcv6
2026-08-18 05:09:54.951,1162305536.0,gpt2-inference-5d8458fb46-9m5td
2026-08-18 05:09:54.951,1851924480.0,gpt2-inference-5d8458fb46-ztjcb
2026-08-18 05:09:54.951,1181454336.0,gpt2-inference-5d8458fb46-rzh6r
2026-08-18 05:09:54.951,1282031616.0,gpt2-inference-5d8458fb46-lg46j
2026-08-18 05:09:54.951,1154904064.0,gpt2-inference-5d8458fb46-2wnn4
2026-08-18 05:09:54.951,1150316544.0,gpt2-inference-5d8458fb46-dmj5h
2026-08-18 05:09:54.951,1271603200.0,gpt2-inference-5d8458fb46-h27vx
2026-08-18 05:09:59.951,1851924480.0,gpt2-inference-5d8458fb46-ztjcb
2026-08-18 05:09:59.951,1181503488.0,gpt2-inference-5d8458fb46-rzh6r
2026-08-18 05:09:59.951,1196691456.0,gpt2-inference-5d8458fb46-5jcv6
2026-08-18 05:09:59.951,1161789440.0,gpt2-inference-5d8458fb46-9m5td
2026-08-18 05:09:59.951,1282031616.0,gpt2-inference-5d8458fb46-lg46j
2026-08-18 05:09:59.951,1166839808.0,gpt2-inference-5d8458fb46-klkm9
2026-08-18 05:09:59.951,1271582720.0,gpt2-inference-5d8458fb46-h27vx
2026-08-18 05:09:59.951,1155162112.0,gpt2-inference-5d8458fb46-2wnn4
2026-08-18 05:09:59.951,1150091264.0,gpt2-inference-5d8458fb46-dmj5h
2026-08-18 05:10:04.951,1155162112.0,gpt2-inference-5d8458fb46-2wnn4
2026-08-18 05:10:04.951,1150091264.0,gpt2-inference-5d8458fb46-dmj5h
2026-08-18 05:10:04.951,1271582720.0,gpt2-inference-5d8458fb46-h27vx
2026-08-18 05:10:04.951,1851924480.0,gpt2-inference-5d8458fb46-ztjcb
2026-08-18 05:10:04.951,1181503488.0,gpt2-inference-5d8458fb46-rzh6r
2026-08-18 05:10:04.951,1282031616.0,gpt2-inference-5d8458fb46-lg46j
2026-08-18 05:10:04.951,1161789440.0,gpt2-inference-5d8458fb46-9m5td
2026-08-18 05:10:04.951,1166839808.0,gpt2-inference-5d8458fb46-klkm9
2026-08-18 05:10:04.951,1196941312.0,gpt2-inference-5d8458fb46-5jcv6
2026-08-18 05:10:09.951,1154904064.0,gpt2-inference-5d8458fb46-2wnn4
2026-08-18 05:10:09.951,1150095360.0,gpt2-inference-5d8458fb46-dmj5h
2026-08-18 05:10:09.951,1851924480.0,gpt2-inference-5d8458fb46-ztjcb
2026-08-18 05:10:09.951,1271586816.0,gpt2-inference-5d8458fb46-h27vx
2026-08-18 05:10:09.951,1161793536.0,gpt2-inference-5d8458fb46-9m5td
2026-08-18 05:10:09.951,1166839808.0,gpt2-inference-5d8458fb46-klkm9
2026-08-18 05:10:09.951,1282068480.0,gpt2-inference-5d8458fb46-lg46j
2026-08-18 05:10:09.951,1196941312.0,gpt2-inference-5d8458fb46-5jcv6
2026-08-18 05:10:09.951,1181503488.0,gpt2-inference-5d8458fb46-rzh6r
2026-08-18 05:10:14.951,1196941312.0,gpt2-inference-5d8458fb46-5jcv6
2026-08-18 05:10:14.951,1166839808.0,gpt2-inference-5d8458fb46-klkm9
2026-08-18 05:10:14.951,1851924480.0,gpt2-inference-5d8458fb46-ztjcb
2026-08-18 05:10:14.951,1150095360.0,gpt2-inference-5d8458fb46-dmj5h
2026-08-18 05:10:14.951,1181503488.0,gpt2-inference-5d8458fb46-rzh6r
2026-08-18 05:10:14.951,1282068480.0,gpt2-inference-5d8458fb46-lg46j
2026-08-18 05:10:14.951,1161793536.0,gpt2-inference-5d8458fb46-9m5td
2026-08-18 05:10:14.951,1271586816.0,gpt2-inference-5d8458fb46-h27vx
2026-08-18 05:10:14.951,1154904064.0,gpt2-inference-5d8458fb46-2wnn4
2026-08-18 05:10:19.951,1150095360.0,gpt2-inference-5d8458fb46-dmj5h
2026-08-18 05:10:19.951,1281544192.0,gpt2-inference-5d8458fb46-lg46j
2026-08-18 05:10:19.951,1271586816.0,gpt2-inference-5d8458fb46-h27vx
2026-08-18 05:10:19.951,1154904064.0,gpt2-inference-5d8458fb46-2wnn4
2026-08-18 05:10:19.951,1196691456.0,gpt2-inference-5d8458fb46-5jcv6
2026-08-18 05:10:19.951,1161793536.0,gpt2-inference-5d8458fb46-9m5td
2026-08-18 05:10:19.951,1181454336.0,gpt2-inference-5d8458fb46-rzh6r
2026-08-18 05:10:19.951,1166839808.0,gpt2-inference-5d8458fb46-klkm9
2026-08-18 05:10:19.951,1851924480.0,gpt2-inference-5d8458fb46-ztjcb
2026-08-18 05:10:24.951,1154904064.0,gpt2-inference-5d8458fb46-2wnn4
2026-08-18 05:10:24.951,1181454336.0,gpt2-inference-5d8458fb46-rzh6r
2026-08-18 05:10:24.951,1150095360.0,gpt2-inference-5d8458fb46-dmj5h
2026-08-18 05:10:24.951,1281544192.0,gpt2-inference-5d8458fb46-lg46j
2026-08-18 05:10:24.951,1851924480.0,gpt2-inference-5d8458fb46-ztjcb
2026-08-18 05:10:24.951,1271586816.0,gpt2-inference-5d8458fb46-h27vx
2026-08-18 05:10:24.951,1196691456.0,gpt2-inference-5d8458fb46-5jcv6
2026-08-18 05:10:24.951,1161822208.0,gpt2-inference-5d8458fb46-9m5td
2026-08-18 05:10:24.951,1166839808.0,gpt2-inference-5d8458fb46-klkm9
2026-08-18 05:10:29.951,1150095360.0,gpt2-inference-5d8458fb46-dmj5h
2026-08-18 05:10:29.951,1181454336.0,gpt2-inference-5d8458fb46-rzh6r
2026-08-18 05:10:29.951,1281544192.0,gpt2-inference-5d8458fb46-lg46j
2026-08-18 05:10:29.951,1271861248.0,gpt2-inference-5d8458fb46-h27vx
2026-08-18 05:10:29.951,1196691456.0,gpt2-inference-5d8458fb46-5jcv6
2026-08-18 05:10:29.951,1155174400.0,gpt2-inference-5d8458fb46-2wnn4
2026-08-18 05:10:29.951,1161822208.0,gpt2-inference-5d8458fb46-9m5td
2026-08-18 05:10:29.951,1166839808.0,gpt2-inference-5d8458fb46-klkm9
2026-08-18 05:10:29.951,1851924480.0,gpt2-inference-5d8458fb46-ztjcb
2026-08-18 05:10:34.951,1851949056.0,gpt2-inference-5d8458fb46-ztjcb
2026-08-18 05:10:34.951,1181458432.0,gpt2-inference-5d8458fb46-rzh6r
2026-08-18 05:10:34.951,1196691456.0,gpt2-inference-5d8458fb46-5jcv6
2026-08-18 05:10:34.951,1155174400.0,gpt2-inference-5d8458fb46-2wnn4
2026-08-18 05:10:34.951,1150095360.0,gpt2-inference-5d8458fb46-dmj5h
2026-08-18 05:10:34.951,1166839808.0,gpt2-inference-5d8458fb46-klkm9
2026-08-18 05:10:34.951,1271861248.0,gpt2-inference-5d8458fb46-h27vx
2026-08-18 05:10:34.951,1161822208.0,gpt2-inference-5d8458fb46-9m5td
2026-08-18 05:10:34.951,1281794048.0,gpt2-inference-5d8458fb46-lg46j
2026-08-18 05:10:39.951,1161814016.0,gpt2-inference-5d8458fb46-9m5td
2026-08-18 05:10:39.951,1166839808.0,gpt2-inference-5d8458fb46-klkm9
2026-08-18 05:10:39.951,1851949056.0,gpt2-inference-5d8458fb46-ztjcb
2026-08-18 05:10:39.951,1196691456.0,gpt2-inference-5d8458fb46-5jcv6
2026-08-18 05:10:39.951,1155174400.0,gpt2-inference-5d8458fb46-2wnn4
2026-08-18 05:10:39.951,1271861248.0,gpt2-inference-5d8458fb46-h27vx
2026-08-18 05:10:39.951,1181458432.0,gpt2-inference-5d8458fb46-rzh6r
2026-08-18 05:10:39.951,1150095360.0,gpt2-inference-5d8458fb46-dmj5h
2026-08-18 05:10:39.951,1281794048.0,gpt2-inference-5d8458fb46-lg46j
2026-08-18 05:10:44.951,1166839808.0,gpt2-inference-5d8458fb46-klkm9
2026-08-18 05:10:44.951,1150111744.0,gpt2-inference-5d8458fb46-dmj5h
2026-08-18 05:10:44.951,1281794048.0,gpt2-inference-5d8458fb46-lg46j
2026-08-18 05:10:44.951,1161814016.0,gpt2-inference-5d8458fb46-9m5td
2026-08-18 05:10:44.951,1154928640.0,gpt2-inference-5d8458fb46-2wnn4
2026-08-18 05:10:44.951,1851949056.0,gpt2-inference-5d8458fb46-ztjcb
2026-08-18 05:10:44.951,1181478912.0,gpt2-inference-5d8458fb46-rzh6r
2026-08-18 05:10:44.951,1271578624.0,gpt2-inference-5d8458fb46-h27vx
2026-08-18 05:10:44.951,1196691456.0,gpt2-inference-5d8458fb46-5jcv6
2026-08-18 05:10:49.951,1271578624.0,gpt2-inference-5d8458fb46-h27vx
2026-08-18 05:10:49.951,1281794048.0,gpt2-inference-5d8458fb46-lg46j
2026-08-18 05:10:49.951,1150111744.0,gpt2-inference-5d8458fb46-dmj5h
2026-08-18 05:10:49.951,1196691456.0,gpt2-inference-5d8458fb46-5jcv6
2026-08-18 05:10:49.951,1166839808.0,gpt2-inference-5d8458fb46-klkm9
2026-08-18 05:10:49.951,1181478912.0,gpt2-inference-5d8458fb46-rzh6r
2026-08-18 05:10:49.951,1154928640.0,gpt2-inference-5d8458fb46-2wnn4
2026-08-18 05:10:49.951,1851949056.0,gpt2-inference-5d8458fb46-ztjcb
2026-08-18 05:10:49.951,1161814016.0,gpt2-inference-5d8458fb46-9m5td
2026-08-18 05:10:54.951,1166864384.0,gpt2-inference-5d8458fb46-klkm9
2026-08-18 05:10:54.951,1161793536.0,gpt2-inference-5d8458fb46-9m5td
2026-08-18 05:10:54.951,1271578624.0,gpt2-inference-5d8458fb46-h27vx
2026-08-18 05:10:54.951,1150095360.0,gpt2-inference-5d8458fb46-dmj5h
2026-08-18 05:10:54.951,1281531904.0,gpt2-inference-5d8458fb46-lg46j
2026-08-18 05:10:54.951,1851969536.0,gpt2-inference-5d8458fb46-ztjcb
2026-08-18 05:10:54.951,1181741056.0,gpt2-inference-5d8458fb46-rzh6r
2026-08-18 05:10:54.951,1154928640.0,gpt2-inference-5d8458fb46-2wnn4
2026-08-18 05:10:54.951,1196691456.0,gpt2-inference-5d8458fb46-5jcv6
2026-08-18 05:10:59.951,1161793536.0,gpt2-inference-5d8458fb46-9m5td
2026-08-18 05:10:59.951,1851969536.0,gpt2-inference-5d8458fb46-ztjcb
2026-08-18 05:10:59.951,1181741056.0,gpt2-inference-5d8458fb46-rzh6r
2026-08-18 05:10:59.951,1196691456.0,gpt2-inference-5d8458fb46-5jcv6
2026-08-18 05:10:59.951,1154928640.0,gpt2-inference-5d8458fb46-2wnn4
2026-08-18 05:10:59.951,1166864384.0,gpt2-inference-5d8458fb46-klkm9
2026-08-18 05:10:59.951,1150095360.0,gpt2-inference-5d8458fb46-dmj5h
2026-08-18 05:10:59.951,1271803904.0,gpt2-inference-5d8458fb46-h27vx
2026-08-18 05:10:59.951,1281531904.0,gpt2-inference-5d8458fb46-lg46j
2026-08-18 05:11:04.951,1150095360.0,gpt2-inference-5d8458fb46-dmj5h
2026-08-18 05:11:04.951,1271803904.0,gpt2-inference-5d8458fb46-h27vx
2026-08-18 05:11:04.951,1851969536.0,gpt2-inference-5d8458fb46-ztjcb
2026-08-18 05:11:04.951,1154908160.0,gpt2-inference-5d8458fb46-2wnn4
2026-08-18 05:11:04.951,1166864384.0,gpt2-inference-5d8458fb46-klkm9
2026-08-18 05:11:04.951,1196691456.0,gpt2-inference-5d8458fb46-5jcv6
2026-08-18 05:11:04.951,1181741056.0,gpt2-inference-5d8458fb46-rzh6r
2026-08-18 05:11:04.951,1281531904.0,gpt2-inference-5d8458fb46-lg46j
2026-08-18 05:11:04.951,1162031104.0,gpt2-inference-5d8458fb46-9m5td
2026-08-18 05:11:09.951,1162031104.0,gpt2-inference-5d8458fb46-9m5td
2026-08-18 05:11:09.951,1851928576.0,gpt2-inference-5d8458fb46-ztjcb
2026-08-18 05:11:09.951,1154908160.0,gpt2-inference-5d8458fb46-2wnn4
2026-08-18 05:11:09.951,1181741056.0,gpt2-inference-5d8458fb46-rzh6r
2026-08-18 05:11:09.951,1166856192.0,gpt2-inference-5d8458fb46-klkm9
2026-08-18 05:11:09.951,1196691456.0,gpt2-inference-5d8458fb46-5jcv6
2026-08-18 05:11:09.951,1271582720.0,gpt2-inference-5d8458fb46-h27vx
2026-08-18 05:11:09.951,1281761280.0,gpt2-inference-5d8458fb46-lg46j
2026-08-18 05:11:09.951,1150095360.0,gpt2-inference-5d8458fb46-dmj5h
2026-08-18 05:11:14.951,1154904064.0,gpt2-inference-5d8458fb46-2wnn4
2026-08-18 05:11:14.951,1181458432.0,gpt2-inference-5d8458fb46-rzh6r
2026-08-18 05:11:14.951,1281761280.0,gpt2-inference-5d8458fb46-lg46j
2026-08-18 05:11:14.951,1196687360.0,gpt2-inference-5d8458fb46-5jcv6
2026-08-18 05:11:14.951,1150095360.0,gpt2-inference-5d8458fb46-dmj5h
2026-08-18 05:11:14.951,1271582720.0,gpt2-inference-5d8458fb46-h27vx
2026-08-18 05:11:14.951,1166856192.0,gpt2-inference-5d8458fb46-klkm9
2026-08-18 05:11:14.951,1161793536.0,gpt2-inference-5d8458fb46-9m5td
2026-08-18 05:11:14.951,1851928576.0,gpt2-inference-5d8458fb46-ztjcb
2026-08-18 05:11:19.951,1281761280.0,gpt2-inference-5d8458fb46-lg46j
2026-08-18 05:11:19.951,1150328832.0,gpt2-inference-5d8458fb46-dmj5h
2026-08-18 05:11:19.951,1271582720.0,gpt2-inference-5d8458fb46-h27vx
2026-08-18 05:11:19.951,1166835712.0,gpt2-inference-5d8458fb46-klkm9
2026-08-18 05:11:19.951,1181458432.0,gpt2-inference-5d8458fb46-rzh6r
2026-08-18 05:11:19.951,1154904064.0,gpt2-inference-5d8458fb46-2wnn4
2026-08-18 05:11:19.951,1161793536.0,gpt2-inference-5d8458fb46-9m5td
2026-08-18 05:11:19.951,1196687360.0,gpt2-inference-5d8458fb46-5jcv6
2026-08-18 05:11:19.951,1851928576.0,gpt2-inference-5d8458fb46-ztjcb
