timestamp,value,pod
2026-02-10 14:21:35.184,4.259637248659675e-05,bert-inference-54bffd747-29hhs
2026-02-10 14:21:35.184,6.649440415687324e-05,bert-inference-54bffd747-pz7fp
2026-02-10 14:21:35.184,5.356702519260112e-05,bert-inference-54bffd747-t4vgj
2026-02-10 14:21:35.184,9.277988664059212e-05,bert-inference-54bffd747-9zzzq
2026-02-10 14:21:35.184,7.220121143926927e-05,bert-inference-54bffd747-qkhmx
2026-02-10 14:21:40.184,5.8708823541218816e-05,bert-inference-54bffd747-t4vgj
2026-02-10 14:21:40.184,9.605713116528169e-05,bert-inference-54bffd747-9zzzq
2026-02-10 14:21:40.184,7.29514136451525e-05,bert-inference-54bffd747-pz7fp
2026-02-10 14:21:40.184,5.125538065275465e-05,bert-inference-54bffd747-29hhs
2026-02-10 14:21:40.184,6.665243714646037e-05,bert-inference-54bffd747-qkhmx
2026-02-10 14:21:45.184,0.00010043343736440287,bert-inference-54bffd747-9zzzq
2026-02-10 14:21:45.184,5.125538065275465e-05,bert-inference-54bffd747-29hhs
2026-02-10 14:21:45.184,5.5148413691206096e-05,bert-inference-54bffd747-t4vgj
2026-02-10 14:21:45.184,7.557282250216918e-05,bert-inference-54bffd747-pz7fp
2026-02-10 14:21:45.184,6.45256126828732e-05,bert-inference-54bffd747-qkhmx
2026-02-10 14:21:50.184,6.627229920437083e-05,bert-inference-54bffd747-pz7fp
2026-02-10 14:21:50.184,0.00010043343736440287,bert-inference-54bffd747-9zzzq
2026-02-10 14:21:50.184,5.427624806028601e-05,bert-inference-54bffd747-t4vgj
2026-02-10 14:21:50.184,6.033662725197201e-05,bert-inference-54bffd747-29hhs
2026-02-10 14:21:50.184,6.45256126828732e-05,bert-inference-54bffd747-qkhmx
2026-02-10 14:21:55.184,9.059197612135451e-05,bert-inference-54bffd747-9zzzq
2026-02-10 14:21:55.184,5.994056161047702e-05,bert-inference-54bffd747-t4vgj
2026-02-10 14:21:55.184,6.45256126828732e-05,bert-inference-54bffd747-qkhmx
2026-02-10 14:21:55.184,5.059734757230749e-05,bert-inference-54bffd747-29hhs
2026-02-10 14:21:55.184,7.48652543396361e-05,bert-inference-54bffd747-pz7fp
2026-02-10 14:22:00.184,7.48652543396361e-05,bert-inference-54bffd747-pz7fp
2026-02-10 14:22:00.184,8.409247911500762e-05,bert-inference-54bffd747-9zzzq
2026-02-10 14:22:00.184,6.084897484399314e-05,bert-inference-54bffd747-29hhs
2026-02-10 14:22:00.184,5.613816725915879e-05,bert-inference-54bffd747-t4vgj
2026-02-10 14:22:00.184,5.644027959196766e-05,bert-inference-54bffd747-qkhmx
2026-02-10 14:22:05.184,9.312529751888316e-05,bert-inference-54bffd747-9zzzq
2026-02-10 14:22:05.184,6.881652011804603e-05,bert-inference-54bffd747-pz7fp
2026-02-10 14:22:05.184,6.111328548962835e-05,bert-inference-54bffd747-29hhs
2026-02-10 14:22:05.184,5.901817053662027e-05,bert-inference-54bffd747-t4vgj
2026-02-10 14:22:05.184,5.644027959196767e-05,bert-inference-54bffd747-qkhmx
2026-02-10 14:22:10.184,9.602907079649255e-05,bert-inference-54bffd747-9zzzq
2026-02-10 14:22:10.184,6.0164394373617945e-05,bert-inference-54bffd747-t4vgj
2026-02-10 14:22:10.184,6.927146104778213e-05,bert-inference-54bffd747-pz7fp
2026-02-10 14:22:10.184,7.503769272756946e-05,bert-inference-54bffd747-29hhs
2026-02-10 14:22:10.184,5.869392563271073e-05,bert-inference-54bffd747-qkhmx
2026-02-10 14:22:15.184,7.898819667104674e-05,bert-inference-54bffd747-qkhmx
2026-02-10 14:22:15.184,6.960885880069649e-05,bert-inference-54bffd747-29hhs
2026-02-10 14:22:15.184,8.910913568764824e-05,bert-inference-54bffd747-9zzzq
2026-02-10 14:22:15.184,6.927146104778213e-05,bert-inference-54bffd747-pz7fp
2026-02-10 14:22:15.184,6.320967084767642e-05,bert-inference-54bffd747-t4vgj
2026-02-10 14:22:20.184,6.676642861539738e-05,bert-inference-54bffd747-t4vgj
2026-02-10 14:22:20.184,8.526686292626524e-05,bert-inference-54bffd747-9zzzq
2026-02-10 14:22:20.184,7.898819667104674e-05,bert-inference-54bffd747-qkhmx
2026-02-10 14:22:20.184,6.894080190328233e-05,bert-inference-54bffd747-29hhs
2026-02-10 14:22:20.184,5.09917298870349e-05,bert-inference-54bffd747-pz7fp
2026-02-10 14:22:25.184,7.685131232187942e-05,bert-inference-54bffd747-pz7fp
2026-02-10 14:22:25.184,7.945758556408264e-05,bert-inference-54bffd747-qkhmx
2026-02-10 14:22:25.184,7.842612377631693e-05,bert-inference-54bffd747-9zzzq
2026-02-10 14:22:25.184,6.62198598882571e-05,bert-inference-54bffd747-29hhs
2026-02-10 14:22:25.184,6.676642861539738e-05,bert-inference-54bffd747-t4vgj
2026-02-10 14:22:30.184,5.316053179250228e-05,bert-inference-54bffd747-t4vgj
2026-02-10 14:22:30.184,8.932856513207012e-05,bert-inference-54bffd747-9zzzq
2026-02-10 14:22:30.184,7.685131232187942e-05,bert-inference-54bffd747-pz7fp
2026-02-10 14:22:30.184,7.824771685091375e-05,bert-inference-54bffd747-qkhmx
2026-02-10 14:22:30.184,6.62198598882571e-05,bert-inference-54bffd747-29hhs
2026-02-10 14:22:35.184,6.174576393953263e-05,bert-inference-54bffd747-pz7fp
2026-02-10 14:22:35.184,6.53800131493975e-05,bert-inference-54bffd747-t4vgj
2026-02-10 14:22:35.184,6.097835566207459e-05,bert-inference-54bffd747-29hhs
2026-02-10 14:22:35.184,8.648163176800622e-05,bert-inference-54bffd747-qkhmx
2026-02-10 14:22:35.184,8.103745520567291e-05,bert-inference-54bffd747-9zzzq
2026-02-10 14:22:40.184,7.532447906453271e-05,bert-inference-54bffd747-qkhmx
2026-02-10 14:22:40.184,5.0861682840273786e-05,bert-inference-54bffd747-pz7fp
2026-02-10 14:22:40.184,8.672576638148077e-05,bert-inference-54bffd747-9zzzq
2026-02-10 14:22:40.184,4.6997762574017405e-05,bert-inference-54bffd747-29hhs
2026-02-10 14:22:40.184,5.968603783821837e-05,bert-inference-54bffd747-t4vgj
2026-02-10 14:22:45.184,7.48027505395365e-05,bert-inference-54bffd747-qkhmx
2026-02-10 14:22:45.184,5.796853565468191e-05,bert-inference-54bffd747-t4vgj
2026-02-10 14:22:45.184,4.6997762574017405e-05,bert-inference-54bffd747-29hhs
2026-02-10 14:22:45.184,6.151516533504493e-05,bert-inference-54bffd747-9zzzq
2026-02-10 14:22:45.184,5.0861682840273786e-05,bert-inference-54bffd747-pz7fp
2026-02-10 14:22:50.184,4.343869623577568e-05,bert-inference-54bffd747-29hhs
2026-02-10 14:22:50.184,5.903189959902289e-05,bert-inference-54bffd747-t4vgj
2026-02-10 14:22:50.184,7.48027505395365e-05,bert-inference-54bffd747-qkhmx
2026-02-10 14:22:50.184,4.884518851600994e-05,bert-inference-54bffd747-pz7fp
2026-02-10 14:22:50.184,7.874524785924034e-05,bert-inference-54bffd747-9zzzq
2026-02-10 14:22:55.184,7.916886612088984e-05,bert-inference-54bffd747-qkhmx
2026-02-10 14:22:55.184,5.361228492783961e-05,bert-inference-54bffd747-t4vgj
2026-02-10 14:22:55.184,4.641127104611817e-05,bert-inference-54bffd747-pz7fp
2026-02-10 14:22:55.184,8.07766980872186e-05,bert-inference-54bffd747-9zzzq
2026-02-10 14:22:55.184,4.771095775444471e-05,bert-inference-54bffd747-29hhs
2026-02-10 14:23:00.184,4.689385417447342e-05,bert-inference-54bffd747-qkhmx
2026-02-10 14:23:00.184,5.9624835053461854e-05,bert-inference-54bffd747-t4vgj
2026-02-10 14:23:00.184,4.874787888824017e-05,bert-inference-54bffd747-pz7fp
2026-02-10 14:23:00.184,7.808812584597741e-05,bert-inference-54bffd747-9zzzq
2026-02-10 14:23:00.184,5.1200399991336336e-05,bert-inference-54bffd747-29hhs
2026-02-10 14:23:05.184,2.275738045790164e-05,bert-inference-54bffd747-pz7fp
2026-02-10 14:23:05.184,5.8346100519783e-05,bert-inference-54bffd747-t4vgj
2026-02-10 14:23:05.184,5.423450877662632e-05,bert-inference-54bffd747-qkhmx
2026-02-10 14:23:05.184,8.000225978336342e-05,bert-inference-54bffd747-9zzzq
2026-02-10 14:23:05.184,5.1200399991336336e-05,bert-inference-54bffd747-29hhs
2026-02-10 14:23:10.184,4.935137707203639e-05,bert-inference-54bffd747-29hhs
2026-02-10 14:23:10.184,5.383657241408508e-05,bert-inference-54bffd747-t4vgj
2026-02-10 14:23:10.184,4.802443497849589e-05,bert-inference-54bffd747-qkhmx
2026-02-10 14:23:10.184,7.62089373648852e-05,bert-inference-54bffd747-9zzzq
2026-02-10 14:23:10.184,3.86794138707782e-05,bert-inference-54bffd747-pz7fp
2026-02-10 14:23:15.184,6.908660427467572e-05,bert-inference-54bffd747-29hhs
2026-02-10 14:23:15.184,4.68114456349079e-05,bert-inference-54bffd747-t4vgj
2026-02-10 14:23:15.184,5.34771177810524e-05,bert-inference-54bffd747-qkhmx
2026-02-10 14:23:15.184,4.469653232585777e-05,bert-inference-54bffd747-pz7fp
2026-02-10 14:23:15.184,7.62089373648852e-05,bert-inference-54bffd747-9zzzq
2026-02-10 14:23:20.184,4.68114456349079e-05,bert-inference-54bffd747-t4vgj
2026-02-10 14:23:20.184,7.94002820904645e-05,bert-inference-54bffd747-9zzzq
2026-02-10 14:23:20.184,4.335687943490222e-05,bert-inference-54bffd747-pz7fp
2026-02-10 14:23:20.184,5.787748806662206e-05,bert-inference-54bffd747-qkhmx
2026-02-10 14:23:20.184,6.908660427467572e-05,bert-inference-54bffd747-29hhs
2026-02-10 14:23:25.184,6.535375537486439e-05,bert-inference-54bffd747-9zzzq
2026-02-10 14:23:25.184,5.4957868852582006e-05,bert-inference-54bffd747-t4vgj
2026-02-10 14:23:25.184,7.345062169661561e-05,bert-inference-54bffd747-29hhs
2026-02-10 14:23:25.184,6.53295294371451e-05,bert-inference-54bffd747-qkhmx
2026-02-10 14:23:25.184,4.821661853597037e-05,bert-inference-54bffd747-pz7fp
2026-02-10 14:23:30.184,6.943888725245515e-05,bert-inference-54bffd747-qkhmx
2026-02-10 14:23:30.184,6.314157041843941e-05,bert-inference-54bffd747-9zzzq
2026-02-10 14:23:30.184,6.256323379717959e-05,bert-inference-54bffd747-pz7fp
2026-02-10 14:23:30.184,6.833355054609061e-05,bert-inference-54bffd747-29hhs
2026-02-10 14:23:30.184,5.6963186610484535e-05,bert-inference-54bffd747-t4vgj
2026-02-10 14:23:35.184,6.869968967427614e-05,bert-inference-54bffd747-29hhs
2026-02-10 14:23:35.184,5.6430435947524906e-05,bert-inference-54bffd747-t4vgj
2026-02-10 14:23:35.184,6.518777091293345e-05,bert-inference-54bffd747-pz7fp
2026-02-10 14:23:35.184,5.591068396834016e-05,bert-inference-54bffd747-9zzzq
2026-02-10 14:23:35.184,6.943888725245515e-05,bert-inference-54bffd747-qkhmx
2026-02-10 14:23:40.184,6.805913038003186e-05,bert-inference-54bffd747-29hhs
2026-02-10 14:23:40.184,6.155783879560991e-05,bert-inference-54bffd747-t4vgj
2026-02-10 14:23:40.184,8.622272123450149e-05,bert-inference-54bffd747-pz7fp
2026-02-10 14:23:40.184,5.591068396834017e-05,bert-inference-54bffd747-9zzzq
2026-02-10 14:23:40.184,6.231432774212782e-05,bert-inference-54bffd747-qkhmx
2026-02-10 14:23:45.184,5.818015711697706e-05,bert-inference-54bffd747-t4vgj
2026-02-10 14:23:45.184,6.79929451452519e-05,bert-inference-54bffd747-9zzzq
2026-02-10 14:23:45.184,9.220401857827889e-05,bert-inference-54bffd747-pz7fp
2026-02-10 14:23:45.184,7.099551625598744e-05,bert-inference-54bffd747-29hhs
2026-02-10 14:23:45.184,6.260128774414289e-05,bert-inference-54bffd747-qkhmx
2026-02-10 14:23:50.184,9.56390792438269e-05,bert-inference-54bffd747-pz7fp
2026-02-10 14:23:50.184,6.398349463857279e-05,bert-inference-54bffd747-t4vgj
2026-02-10 14:23:50.184,5.8175516952750265e-05,bert-inference-54bffd747-9zzzq
2026-02-10 14:23:50.184,6.687576147283775e-05,bert-inference-54bffd747-29hhs
2026-02-10 14:23:50.184,6.260128774414289e-05,bert-inference-54bffd747-qkhmx
2026-02-10 14:23:55.184,5.8175516952750265e-05,bert-inference-54bffd747-9zzzq
2026-02-10 14:23:55.184,6.275061820637214e-05,bert-inference-54bffd747-qkhmx
2026-02-10 14:23:55.184,6.631890820371274e-05,bert-inference-54bffd747-29hhs
2026-02-10 14:23:55.184,8.243224719674701e-05,bert-inference-54bffd747-pz7fp
2026-02-10 14:23:55.184,6.359472584353381e-05,bert-inference-54bffd747-t4vgj
2026-02-10 14:24:00.184,6.485964157256187e-05,bert-inference-54bffd747-29hhs
2026-02-10 14:24:00.184,6.4226203853532e-05,bert-inference-54bffd747-9zzzq
2026-02-10 14:24:00.184,6.743821205678716e-05,bert-inference-54bffd747-qkhmx
2026-02-10 14:24:00.184,7.595576738896296e-05,bert-inference-54bffd747-pz7fp
2026-02-10 14:24:00.184,7.6700170103997e-05,bert-inference-54bffd747-t4vgj
2026-02-10 14:24:05.184,6.485964157256187e-05,bert-inference-54bffd747-29hhs
2026-02-10 14:24:05.184,7.595576738896296e-05,bert-inference-54bffd747-pz7fp
2026-02-10 14:24:05.184,6.402940129398981e-05,bert-inference-54bffd747-9zzzq
2026-02-10 14:24:05.184,6.351922397460373e-05,bert-inference-54bffd747-qkhmx
2026-02-10 14:24:05.184,7.38651458410023e-05,bert-inference-54bffd747-t4vgj
2026-02-10 14:24:10.184,8.049358216176758e-05,bert-inference-54bffd747-pz7fp
2026-02-10 14:24:10.184,5.8679738333231046e-05,bert-inference-54bffd747-qkhmx
2026-02-10 14:24:10.184,7.133454689634399e-05,bert-inference-54bffd747-t4vgj
2026-02-10 14:24:10.184,6.882609965394662e-05,bert-inference-54bffd747-29hhs
2026-02-10 14:24:10.184,7.582098030408791e-05,bert-inference-54bffd747-9zzzq
2026-02-10 14:24:15.184,6.678816414874863e-05,bert-inference-54bffd747-t4vgj
2026-02-10 14:24:15.184,6.228464318274338e-05,bert-inference-54bffd747-pz7fp
2026-02-10 14:24:15.184,7.548025879488437e-05,bert-inference-54bffd747-29hhs
2026-02-10 14:24:15.184,5.092861776495196e-05,bert-inference-54bffd747-qkhmx
2026-02-10 14:24:15.184,8.288475679569583e-05,bert-inference-54bffd747-9zzzq
2026-02-10 14:24:20.184,6.678816414874863e-05,bert-inference-54bffd747-t4vgj
2026-02-10 14:24:20.184,8.051414545027873e-05,bert-inference-54bffd747-29hhs
2026-02-10 14:24:20.184,8.288475679569583e-05,bert-inference-54bffd747-9zzzq
2026-02-10 14:24:20.184,4.448305029169926e-05,bert-inference-54bffd747-qkhmx
2026-02-10 14:24:20.184,4.779313137777892e-05,bert-inference-54bffd747-pz7fp
2026-02-10 14:24:25.184,5.0023366823224416e-05,bert-inference-54bffd747-qkhmx
2026-02-10 14:24:25.184,8.585517018099839e-05,bert-inference-54bffd747-9zzzq
2026-02-10 14:24:25.184,8.584936808517533e-05,bert-inference-54bffd747-29hhs
2026-02-10 14:24:25.184,5.223864088471865e-05,bert-inference-54bffd747-t4vgj
2026-02-10 14:24:25.184,5.284718608046278e-05,bert-inference-54bffd747-pz7fp
2026-02-10 14:24:30.184,8.560742099064295e-05,bert-inference-54bffd747-29hhs
2026-02-10 14:24:30.184,4.737388251075033e-05,bert-inference-54bffd747-qkhmx
2026-02-10 14:24:30.184,7.231902219673045e-05,bert-inference-54bffd747-9zzzq
2026-02-10 14:24:30.184,5.4390547427483646e-05,bert-inference-54bffd747-t4vgj
2026-02-10 14:24:30.184,4.235510733369171e-05,bert-inference-54bffd747-pz7fp
2026-02-10 14:24:35.184,5.4390547427483646e-05,bert-inference-54bffd747-t4vgj
2026-02-10 14:24:35.184,8.153013758874237e-05,bert-inference-54bffd747-29hhs
2026-02-10 14:24:35.184,4.950188489121122e-05,bert-inference-54bffd747-qkhmx
2026-02-10 14:24:35.184,9.378816936072654e-05,bert-inference-54bffd747-9zzzq
2026-02-10 14:24:35.184,4.235510733369171e-05,bert-inference-54bffd747-pz7fp
2026-02-10 14:24:40.184,9.378816936072654e-05,bert-inference-54bffd747-9zzzq
2026-02-10 14:24:40.184,5.668551689802714e-05,bert-inference-54bffd747-pz7fp
2026-02-10 14:24:40.184,5.032238283662138e-05,bert-inference-54bffd747-t4vgj
2026-02-10 14:24:40.184,3.9378779031952094e-05,bert-inference-54bffd747-qkhmx
2026-02-10 14:24:40.184,8.990543290627722e-05,bert-inference-54bffd747-29hhs
2026-02-10 14:24:45.184,6.471489081452626e-05,bert-inference-54bffd747-t4vgj
2026-02-10 14:24:45.184,6.033354170442453e-05,bert-inference-54bffd747-pz7fp
2026-02-10 14:24:45.184,9.24496633488609e-05,bert-inference-54bffd747-29hhs
2026-02-10 14:24:45.184,0.00010458936033540241,bert-inference-54bffd747-9zzzq
2026-02-10 14:24:45.184,3.694870497751709e-05,bert-inference-54bffd747-qkhmx
2026-02-10 14:24:50.184,9.24496633488609e-05,bert-inference-54bffd747-29hhs
2026-02-10 14:24:50.184,5.515511736799795e-05,bert-inference-54bffd747-pz7fp
2026-02-10 14:24:50.184,0.00013585970013098287,bert-inference-54bffd747-9zzzq
2026-02-10 14:24:50.184,3.366301057723659e-05,bert-inference-54bffd747-qkhmx
2026-02-10 14:24:50.184,6.471489081452626e-05,bert-inference-54bffd747-t4vgj
2026-02-10 14:24:55.184,0.00013585970013098287,bert-inference-54bffd747-9zzzq
2026-02-10 14:24:55.184,0.00010803698273657785,bert-inference-54bffd747-29hhs
2026-02-10 14:24:55.184,6.276461759667173e-05,bert-inference-54bffd747-pz7fp
2026-02-10 14:24:55.184,3.422908624311432e-05,bert-inference-54bffd747-qkhmx
2026-02-10 14:24:55.184,7.202225409289921e-05,bert-inference-54bffd747-t4vgj
2026-02-10 14:25:00.184,0.0001122701669503547,bert-inference-54bffd747-29hhs
2026-02-10 14:25:00.184,7.55237333341522e-05,bert-inference-54bffd747-pz7fp
2026-02-10 14:25:00.184,4.5340208242847855e-05,bert-inference-54bffd747-qkhmx
2026-02-10 14:25:00.184,0.00015817683841324963,bert-inference-54bffd747-9zzzq
2026-02-10 14:25:00.184,6.967174074915133e-05,bert-inference-54bffd747-t4vgj
2026-02-10 14:25:05.184,0.00015877673894433195,bert-inference-54bffd747-9zzzq
2026-02-10 14:25:05.184,6.969020679189465e-05,bert-inference-54bffd747-pz7fp
2026-02-10 14:25:05.184,0.0001122701669503547,bert-inference-54bffd747-29hhs
2026-02-10 14:25:05.184,4.615689261233844e-05,bert-inference-54bffd747-qkhmx
2026-02-10 14:25:05.184,7.666622950088973e-05,bert-inference-54bffd747-t4vgj
2026-02-10 14:25:10.184,7.471478712477636e-05,bert-inference-54bffd747-pz7fp
2026-02-10 14:25:10.184,4.615689261233844e-05,bert-inference-54bffd747-qkhmx
2026-02-10 14:25:10.184,8.483149456401592e-05,bert-inference-54bffd747-t4vgj
2026-02-10 14:25:10.184,0.00015877673894433195,bert-inference-54bffd747-9zzzq
2026-02-10 14:25:10.184,0.00011765231476032028,bert-inference-54bffd747-29hhs
2026-02-10 14:25:15.184,0.00014826254807006248,bert-inference-54bffd747-9zzzq
2026-02-10 14:25:15.184,7.662854285397125e-05,bert-inference-54bffd747-pz7fp
2026-02-10 14:25:15.184,0.00011957729090633193,bert-inference-54bffd747-t4vgj
2026-02-10 14:25:15.184,0.0001286191151303677,bert-inference-54bffd747-29hhs
2026-02-10 14:25:15.184,6.83502606821426e-05,bert-inference-54bffd747-qkhmx
2026-02-10 14:25:20.184,0.00013682451515882217,bert-inference-54bffd747-29hhs
2026-02-10 14:25:20.184,8.119781600229991e-05,bert-inference-54bffd747-qkhmx
2026-02-10 14:25:20.184,7.662854285397125e-05,bert-inference-54bffd747-pz7fp
2026-02-10 14:25:20.184,0.00016585915740492972,bert-inference-54bffd747-9zzzq
2026-02-10 14:25:20.184,0.00011182527518423061,bert-inference-54bffd747-t4vgj
2026-02-10 14:25:25.184,0.00012162445413868255,bert-inference-54bffd747-t4vgj
2026-02-10 14:25:25.184,0.00012655233696023423,bert-inference-54bffd747-29hhs
2026-02-10 14:25:25.184,6.603532461462605e-05,bert-inference-54bffd747-pz7fp
2026-02-10 14:25:25.184,8.119781600229991e-05,bert-inference-54bffd747-qkhmx
2026-02-10 14:25:25.184,0.00016585915740492972,bert-inference-54bffd747-9zzzq
2026-02-10 14:25:30.184,0.00013230097752889373,bert-inference-54bffd747-29hhs
2026-02-10 14:25:30.184,9.35674102858612e-05,bert-inference-54bffd747-qkhmx
2026-02-10 14:25:30.184,0.000143099907720634,bert-inference-54bffd747-t4vgj
2026-02-10 14:25:30.184,0.00015477776023120263,bert-inference-54bffd747-9zzzq
2026-02-10 14:25:30.184,6.947205194136956e-05,bert-inference-54bffd747-pz7fp
2026-02-10 14:25:35.184,0.00011810250694590027,bert-inference-54bffd747-qkhmx
2026-02-10 14:25:35.184,0.0001383152030697455,bert-inference-54bffd747-t4vgj
2026-02-10 14:25:35.184,0.00012120476326645843,bert-inference-54bffd747-29hhs
2026-02-10 14:25:35.184,6.903320177556937e-05,bert-inference-54bffd747-pz7fp
2026-02-10 14:25:35.184,0.0001287134691000456,bert-inference-54bffd747-9zzzq
2026-02-10 14:25:40.184,0.0001277368612231637,bert-inference-54bffd747-t4vgj
2026-02-10 14:25:40.184,0.00011810250694590027,bert-inference-54bffd747-qkhmx
2026-02-10 14:25:40.184,6.82257782622719e-05,bert-inference-54bffd747-pz7fp
2026-02-10 14:25:40.184,0.00012494691226096243,bert-inference-54bffd747-29hhs
2026-02-10 14:25:40.184,0.00012728059917760208,bert-inference-54bffd747-9zzzq
2026-02-10 14:25:45.184,0.0001348128583196901,bert-inference-54bffd747-29hhs
2026-02-10 14:25:45.184,0.0001530879772613692,bert-inference-54bffd747-t4vgj
2026-02-10 14:25:45.184,0.00012728059917760208,bert-inference-54bffd747-9zzzq
2026-02-10 14:25:45.184,7.126559850934535e-05,bert-inference-54bffd747-pz7fp
2026-02-10 14:25:45.184,0.00011708630685137799,bert-inference-54bffd747-qkhmx
2026-02-10 14:25:50.184,0.0001107074558045697,bert-inference-54bffd747-9zzzq
2026-02-10 14:25:50.184,7.130906021676371e-05,bert-inference-54bffd747-pz7fp
2026-02-10 14:25:50.184,0.0001348128583196901,bert-inference-54bffd747-29hhs
2026-02-10 14:25:50.184,0.00015139830876016415,bert-inference-54bffd747-t4vgj
2026-02-10 14:25:50.184,0.00013290490878925805,bert-inference-54bffd747-qkhmx
2026-02-10 14:25:55.184,0.00012561893710274328,bert-inference-54bffd747-qkhmx
2026-02-10 14:25:55.184,0.0001465318054676155,bert-inference-54bffd747-t4vgj
2026-02-10 14:25:55.184,7.041182815762578e-05,bert-inference-54bffd747-pz7fp
2026-02-10 14:25:55.184,0.00013749573690507002,bert-inference-54bffd747-29hhs
2026-02-10 14:25:55.184,0.0001071680987854256,bert-inference-54bffd747-9zzzq
2026-02-10 14:26:00.184,0.00011308177668324689,bert-inference-54bffd747-qkhmx
2026-02-10 14:26:00.184,0.00012060463711014447,bert-inference-54bffd747-t4vgj
2026-02-10 14:26:00.184,7.04118281576258e-05,bert-inference-54bffd747-pz7fp
2026-02-10 14:26:00.184,0.00014931266803567853,bert-inference-54bffd747-29hhs
2026-02-10 14:26:00.184,0.00010294499218077914,bert-inference-54bffd747-9zzzq
2026-02-10 14:26:05.184,0.0001300360707663841,bert-inference-54bffd747-t4vgj
2026-02-10 14:26:05.184,6.40146310386588e-05,bert-inference-54bffd747-pz7fp
2026-02-10 14:26:05.184,9.698112199169596e-05,bert-inference-54bffd747-9zzzq
2026-02-10 14:26:05.184,0.00011308177668324689,bert-inference-54bffd747-qkhmx
2026-02-10 14:26:05.184,0.00014931266803567853,bert-inference-54bffd747-29hhs
2026-02-10 14:26:10.184,0.00014972233289188108,bert-inference-54bffd747-29hhs
2026-02-10 14:26:10.184,7.508532839586808e-05,bert-inference-54bffd747-pz7fp
2026-02-10 14:26:10.184,9.425824423081707e-05,bert-inference-54bffd747-9zzzq
2026-02-10 14:26:10.184,0.00010475150443716867,bert-inference-54bffd747-qkhmx
2026-02-10 14:26:10.184,0.0001229364883679505,bert-inference-54bffd747-t4vgj
2026-02-10 14:26:15.184,0.00012133121264365146,bert-inference-54bffd747-t4vgj
2026-02-10 14:26:15.184,8.023256345609739e-05,bert-inference-54bffd747-pz7fp
2026-02-10 14:26:15.184,9.744785280064644e-05,bert-inference-54bffd747-qkhmx
2026-02-10 14:26:15.184,0.0001724598749453927,bert-inference-54bffd747-29hhs
2026-02-10 14:26:15.184,9.177956156657523e-05,bert-inference-54bffd747-9zzzq
2026-02-10 14:26:20.184,0.00015526414775377076,bert-inference-54bffd747-t4vgj
2026-02-10 14:26:20.184,0.0001724598749453927,bert-inference-54bffd747-29hhs
2026-02-10 14:26:20.184,7.864315620383768e-05,bert-inference-54bffd747-9zzzq
2026-02-10 14:26:20.184,9.744785280064644e-05,bert-inference-54bffd747-qkhmx
2026-02-10 14:26:20.184,8.023256345609739e-05,bert-inference-54bffd747-pz7fp
2026-02-10 14:26:25.184,8.865532624732548e-05,bert-inference-54bffd747-9zzzq
2026-02-10 14:26:25.184,8.718249469448468e-05,bert-inference-54bffd747-qkhmx
2026-02-10 14:26:25.184,8.540001451910371e-05,bert-inference-54bffd747-pz7fp
2026-02-10 14:26:25.184,0.00014430375647745376,bert-inference-54bffd747-29hhs
2026-02-10 14:26:25.184,0.0001575250189705732,bert-inference-54bffd747-t4vgj
2026-02-10 14:26:30.184,8.693598387712686e-05,bert-inference-54bffd747-pz7fp
2026-02-10 14:26:30.184,0.00014541155327681528,bert-inference-54bffd747-29hhs
2026-02-10 14:26:30.184,7.01533582139756e-05,bert-inference-54bffd747-qkhmx
2026-02-10 14:26:30.184,0.00010036320106490007,bert-inference-54bffd747-9zzzq
2026-02-10 14:26:30.184,0.00017777966548043484,bert-inference-54bffd747-t4vgj
2026-02-10 14:26:35.184,0.000169924813221644,bert-inference-54bffd747-t4vgj
2026-02-10 14:26:35.184,7.676289494057013e-05,bert-inference-54bffd747-qkhmx
2026-02-10 14:26:35.184,9.565711801596347e-05,bert-inference-54bffd747-9zzzq
2026-02-10 14:26:35.184,0.0001354088206317412,bert-inference-54bffd747-29hhs
2026-02-10 14:26:35.184,9.002533401773055e-05,bert-inference-54bffd747-pz7fp
2026-02-10 14:26:40.184,8.515112121843263e-05,bert-inference-54bffd747-pz7fp
2026-02-10 14:26:40.184,0.00016541784475354652,bert-inference-54bffd747-t4vgj
2026-02-10 14:26:40.184,7.215950535396896e-05,bert-inference-54bffd747-qkhmx
2026-02-10 14:26:40.184,0.00010158298182012747,bert-inference-54bffd747-9zzzq
2026-02-10 14:26:40.184,0.0001139007205242613,bert-inference-54bffd747-29hhs
2026-02-10 14:26:45.184,8.187518463173737e-05,bert-inference-54bffd747-qkhmx
2026-02-10 14:26:45.184,0.00011415858607225666,bert-inference-54bffd747-29hhs
2026-02-10 14:26:45.184,0.00010158298182012747,bert-inference-54bffd747-9zzzq
2026-02-10 14:26:45.184,8.168301791891345e-05,bert-inference-54bffd747-pz7fp
2026-02-10 14:26:45.184,0.00016932134382435392,bert-inference-54bffd747-t4vgj
2026-02-10 14:26:50.184,9.032964420521822e-05,bert-inference-54bffd747-pz7fp
2026-02-10 14:26:50.184,0.00010595063564560671,bert-inference-54bffd747-9zzzq
2026-02-10 14:26:50.184,0.0001060263334163209,bert-inference-54bffd747-29hhs
2026-02-10 14:26:50.184,8.232850047305211e-05,bert-inference-54bffd747-qkhmx
2026-02-10 14:26:50.184,0.00015937485277172113,bert-inference-54bffd747-t4vgj
2026-02-10 14:26:55.184,7.69664110895655e-05,bert-inference-54bffd747-29hhs
2026-02-10 14:26:55.184,0.0001117454940126529,bert-inference-54bffd747-9zzzq
2026-02-10 14:26:55.184,0.00014999376824714034,bert-inference-54bffd747-t4vgj
2026-02-10 14:26:55.184,8.798453630264402e-05,bert-inference-54bffd747-pz7fp
2026-02-10 14:26:55.184,8.497935030232586e-05,bert-inference-54bffd747-qkhmx
2026-02-10 14:27:00.184,0.00015087712428091862,bert-inference-54bffd747-t4vgj
2026-02-10 14:27:00.184,8.610072897275987e-05,bert-inference-54bffd747-qkhmx
2026-02-10 14:27:00.184,8.331032749699961e-05,bert-inference-54bffd747-29hhs
2026-02-10 14:27:00.184,8.798453630264402e-05,bert-inference-54bffd747-pz7fp
2026-02-10 14:27:00.184,0.00011713372040092062,bert-inference-54bffd747-9zzzq
2026-02-10 14:27:05.184,0.00013196193877544767,bert-inference-54bffd747-t4vgj
2026-02-10 14:27:05.184,8.610072897275987e-05,bert-inference-54bffd747-qkhmx
2026-02-10 14:27:05.184,0.00010146606031469338,bert-inference-54bffd747-9zzzq
2026-02-10 14:27:05.184,8.377879843261344e-05,bert-inference-54bffd747-29hhs
2026-02-10 14:27:05.184,8.395835595578007e-05,bert-inference-54bffd747-pz7fp
2026-02-10 14:27:10.184,0.00010036779250966925,bert-inference-54bffd747-9zzzq
2026-02-10 14:27:10.184,0.00010256915516231149,bert-inference-54bffd747-t4vgj
2026-02-10 14:27:10.184,7.928766568900635e-05,bert-inference-54bffd747-pz7fp
2026-02-10 14:27:10.184,8.116557211151022e-05,bert-inference-54bffd747-qkhmx
2026-02-10 14:27:10.184,8.493080297119102e-05,bert-inference-54bffd747-29hhs
2026-02-10 14:27:15.184,9.243715283084369e-05,bert-inference-54bffd747-pz7fp
2026-02-10 14:27:15.184,8.127783983384978e-05,bert-inference-54bffd747-qkhmx
2026-02-10 14:27:15.184,7.92916439256105e-05,bert-inference-54bffd747-29hhs
2026-02-10 14:27:15.184,9.161420683789961e-05,bert-inference-54bffd747-9zzzq
2026-02-10 14:27:15.184,9.718396834916697e-05,bert-inference-54bffd747-t4vgj
2026-02-10 14:27:20.184,8.342337668196216e-05,bert-inference-54bffd747-9zzzq
2026-02-10 14:27:20.184,9.243715283084369e-05,bert-inference-54bffd747-pz7fp
2026-02-10 14:27:20.184,8.127783983384978e-05,bert-inference-54bffd747-qkhmx
2026-02-10 14:27:20.184,7.15303601876898e-05,bert-inference-54bffd747-t4vgj
2026-02-10 14:27:20.184,8.273318516600781e-05,bert-inference-54bffd747-29hhs
2026-02-10 14:27:25.184,7.826642251730494e-05,bert-inference-54bffd747-t4vgj
2026-02-10 14:27:25.184,8.279161235608041e-05,bert-inference-54bffd747-9zzzq
2026-02-10 14:27:25.184,8.927642213344818e-05,bert-inference-54bffd747-pz7fp
2026-02-10 14:27:25.184,8.231002346697176e-05,bert-inference-54bffd747-29hhs
2026-02-10 14:27:25.184,6.606810610455132e-05,bert-inference-54bffd747-qkhmx
2026-02-10 14:27:30.184,8.16804420546218e-05,bert-inference-54bffd747-29hhs
2026-02-10 14:27:30.184,9.23044680394218e-05,bert-inference-54bffd747-pz7fp
2026-02-10 14:27:30.184,7.157579276762682e-05,bert-inference-54bffd747-qkhmx
2026-02-10 14:27:30.184,7.826642251730494e-05,bert-inference-54bffd747-t4vgj
2026-02-10 14:27:30.184,7.753874313554026e-05,bert-inference-54bffd747-9zzzq
2026-02-10 14:27:35.184,8.473973222223425e-05,bert-inference-54bffd747-29hhs
2026-02-10 14:27:35.184,7.747648788137137e-05,bert-inference-54bffd747-t4vgj
2026-02-10 14:27:35.184,8.559741624577781e-05,bert-inference-54bffd747-9zzzq
2026-02-10 14:27:35.184,7.157579276762682e-05,bert-inference-54bffd747-qkhmx
2026-02-10 14:27:35.184,9.23044680394218e-05,bert-inference-54bffd747-pz7fp
2026-02-10 14:27:40.184,7.089301589154475e-05,bert-inference-54bffd747-qkhmx
2026-02-10 14:27:40.184,0.00010243724456704086,bert-inference-54bffd747-29hhs
2026-02-10 14:27:40.184,8.301348881428649e-05,bert-inference-54bffd747-9zzzq
2026-02-10 14:27:40.184,7.751146313915642e-05,bert-inference-54bffd747-t4vgj
2026-02-10 14:27:40.184,9.332100987451894e-05,bert-inference-54bffd747-pz7fp
2026-02-10 14:27:45.184,0.00010587593940336925,bert-inference-54bffd747-29hhs
2026-02-10 14:27:45.184,7.630506939541927e-05,bert-inference-54bffd747-t4vgj
2026-02-10 14:27:45.184,9.076961190832425e-05,bert-inference-54bffd747-pz7fp
2026-02-10 14:27:45.184,8.301348881428649e-05,bert-inference-54bffd747-9zzzq
2026-02-10 14:27:45.184,7.491559049416353e-05,bert-inference-54bffd747-qkhmx
2026-02-10 14:27:50.184,9.552781165286675e-05,bert-inference-54bffd747-29hhs
2026-02-10 14:27:50.184,7.641919064504797e-05,bert-inference-54bffd747-qkhmx
2026-02-10 14:27:50.184,7.114664696438434e-05,bert-inference-54bffd747-t4vgj
2026-02-10 14:27:50.184,6.212434619643829e-05,bert-inference-54bffd747-9zzzq
2026-02-10 14:27:50.184,9.051772930398371e-05,bert-inference-54bffd747-pz7fp
2026-02-10 14:27:55.184,7.089812605670372e-05,bert-inference-54bffd747-t4vgj
2026-02-10 14:27:55.184,7.389055775984887e-05,bert-inference-54bffd747-pz7fp
2026-02-10 14:27:55.184,9.900950669359496e-05,bert-inference-54bffd747-9zzzq
2026-02-10 14:27:55.184,0.00012279518077162887,bert-inference-54bffd747-29hhs
2026-02-10 14:27:55.184,8.23303211376683e-05,bert-inference-54bffd747-qkhmx
2026-02-10 14:28:00.184,9.900950669359496e-05,bert-inference-54bffd747-9zzzq
2026-02-10 14:28:00.184,7.48604283455448e-05,bert-inference-54bffd747-pz7fp
2026-02-10 14:28:00.184,7.717326734423203e-05,bert-inference-54bffd747-qkhmx
2026-02-10 14:28:00.184,0.00014917326212830013,bert-inference-54bffd747-29hhs
2026-02-10 14:28:00.184,7.796024149654227e-05,bert-inference-54bffd747-t4vgj
2026-02-10 14:28:05.184,8.424885187928772e-05,bert-inference-54bffd747-pz7fp
2026-02-10 14:28:05.184,0.0001596990087884738,bert-inference-54bffd747-29hhs
2026-02-10 14:28:05.184,7.796024149654227e-05,bert-inference-54bffd747-t4vgj
2026-02-10 14:28:05.184,0.00010794011466478158,bert-inference-54bffd747-9zzzq
2026-02-10 14:28:05.184,7.717326734423203e-05,bert-inference-54bffd747-qkhmx
2026-02-10 14:28:10.184,0.00011244237502656145,bert-inference-54bffd747-9zzzq
2026-02-10 14:28:10.184,8.294304944174911e-05,bert-inference-54bffd747-t4vgj
2026-02-10 14:28:10.184,7.412032163089773e-05,bert-inference-54bffd747-qkhmx
2026-02-10 14:28:10.184,0.00019294322150047389,bert-inference-54bffd747-29hhs
2026-02-10 14:28:10.184,8.698293445513369e-05,bert-inference-54bffd747-pz7fp
2026-02-10 14:28:15.184,8.45293860428069e-05,bert-inference-54bffd747-qkhmx
2026-02-10 14:28:15.184,8.881763751295883e-05,bert-inference-54bffd747-pz7fp
2026-02-10 14:28:15.184,0.00011244237502656146,bert-inference-54bffd747-9zzzq
2026-02-10 14:28:15.184,0.00017655924712121234,bert-inference-54bffd747-29hhs
2026-02-10 14:28:15.184,7.631857777951509e-05,bert-inference-54bffd747-t4vgj
2026-02-10 14:28:20.184,8.526731028495892e-05,bert-inference-54bffd747-qkhmx
2026-02-10 14:28:20.184,0.0001142172489738347,bert-inference-54bffd747-9zzzq
2026-02-10 14:28:20.184,8.907600318072508e-05,bert-inference-54bffd747-pz7fp
2026-02-10 14:28:20.184,0.0001717190477420465,bert-inference-54bffd747-29hhs
2026-02-10 14:28:20.184,8.660810432441936e-05,bert-inference-54bffd747-t4vgj
2026-02-10 14:28:25.184,8.164943301053624e-05,bert-inference-54bffd747-t4vgj
2026-02-10 14:28:25.184,8.531853115802288e-05,bert-inference-54bffd747-qkhmx
2026-02-10 14:28:25.184,0.00012100711893113541,bert-inference-54bffd747-9zzzq
2026-02-10 14:28:25.184,0.0001628126651837045,bert-inference-54bffd747-29hhs
2026-02-10 14:28:25.184,8.572826455649786e-05,bert-inference-54bffd747-pz7fp
2026-02-10 14:28:30.184,0.00012695289831494164,bert-inference-54bffd747-9zzzq
2026-02-10 14:28:30.184,8.164943301053624e-05,bert-inference-54bffd747-t4vgj
2026-02-10 14:28:30.184,0.0001628126651837045,bert-inference-54bffd747-29hhs
2026-02-10 14:28:30.184,9.271166144657076e-05,bert-inference-54bffd747-pz7fp
2026-02-10 14:28:30.184,8.008959752972666e-05,bert-inference-54bffd747-qkhmx
2026-02-10 14:28:35.184,7.936826856705663e-05,bert-inference-54bffd747-qkhmx
2026-02-10 14:28:35.184,0.00016606284558651896,bert-inference-54bffd747-29hhs
2026-02-10 14:28:35.184,0.00012966526709998373,bert-inference-54bffd747-9zzzq
2026-02-10 14:28:35.184,8.234197563659237e-05,bert-inference-54bffd747-t4vgj
2026-02-10 14:28:35.184,8.492722327073631e-05,bert-inference-54bffd747-pz7fp
2026-02-10 14:28:40.184,0.00011767561604084411,bert-inference-54bffd747-9zzzq
2026-02-10 14:28:40.184,0.00011758813803976098,bert-inference-54bffd747-29hhs
2026-02-10 14:28:40.184,8.397481242151435e-05,bert-inference-54bffd747-pz7fp
2026-02-10 14:28:40.184,8.01929523471354e-05,bert-inference-54bffd747-t4vgj
2026-02-10 14:28:40.184,7.804957842956297e-05,bert-inference-54bffd747-qkhmx
2026-02-10 14:28:45.184,8.072658116048824e-05,bert-inference-54bffd747-qkhmx
2026-02-10 14:28:45.184,0.000147067835828045,bert-inference-54bffd747-29hhs
2026-02-10 14:28:45.184,0.00011767561604084411,bert-inference-54bffd747-9zzzq
2026-02-10 14:28:45.184,8.043957830037487e-05,bert-inference-54bffd747-t4vgj
2026-02-10 14:28:45.184,8.602435765671262e-05,bert-inference-54bffd747-pz7fp
2026-02-10 14:28:50.184,8.534852097517107e-05,bert-inference-54bffd747-qkhmx
2026-02-10 14:28:50.184,0.000147067835828045,bert-inference-54bffd747-29hhs
2026-02-10 14:28:50.184,0.00011252367019049841,bert-inference-54bffd747-9zzzq
2026-02-10 14:28:50.184,7.856954985541246e-05,bert-inference-54bffd747-t4vgj
2026-02-10 14:28:50.184,8.374320178994256e-05,bert-inference-54bffd747-pz7fp
2026-02-10 14:28:55.184,6.669122820834526e-05,bert-inference-54bffd747-t4vgj
2026-02-10 14:28:55.184,0.00010669073012486901,bert-inference-54bffd747-9zzzq
2026-02-10 14:28:55.184,8.534852097517107e-05,bert-inference-54bffd747-qkhmx
2026-02-10 14:28:55.184,8.328193590589393e-05,bert-inference-54bffd747-pz7fp
2026-02-10 14:28:55.184,0.00012728548672151643,bert-inference-54bffd747-29hhs
2026-02-10 14:29:00.184,8.462647872657124e-05,bert-inference-54bffd747-pz7fp
2026-02-10 14:29:00.184,0.0001298425427848233,bert-inference-54bffd747-29hhs
2026-02-10 14:29:00.184,5.9163103018061254e-05,bert-inference-54bffd747-t4vgj
2026-02-10 14:29:00.184,0.00010395989554097823,bert-inference-54bffd747-9zzzq
2026-02-10 14:29:00.184,7.649868331360683e-05,bert-inference-54bffd747-qkhmx
2026-02-10 14:29:05.184,6.196254240232007e-05,bert-inference-54bffd747-t4vgj
2026-02-10 14:29:05.184,7.56235832056305e-05,bert-inference-54bffd747-qkhmx
2026-02-10 14:29:05.184,9.441388744961769e-05,bert-inference-54bffd747-9zzzq
2026-02-10 14:29:05.184,0.0001298425427848233,bert-inference-54bffd747-29hhs
2026-02-10 14:29:05.184,7.624594564023434e-05,bert-inference-54bffd747-pz7fp
2026-02-10 14:29:10.184,8.080987332642798e-05,bert-inference-54bffd747-pz7fp
2026-02-10 14:29:10.184,6.077581205959208e-05,bert-inference-54bffd747-t4vgj
2026-02-10 14:29:10.184,7.52178712180101e-05,bert-inference-54bffd747-9zzzq
2026-02-10 14:29:10.184,0.00012789687606164674,bert-inference-54bffd747-29hhs
2026-02-10 14:29:10.184,8.540148762618274e-05,bert-inference-54bffd747-qkhmx
2026-02-10 14:29:15.184,6.52845322976493e-05,bert-inference-54bffd747-t4vgj
2026-02-10 14:29:15.184,7.935823454138457e-05,bert-inference-54bffd747-pz7fp
2026-02-10 14:29:15.184,7.577868937639762e-05,bert-inference-54bffd747-9zzzq
2026-02-10 14:29:15.184,8.516581888329229e-05,bert-inference-54bffd747-qkhmx
2026-02-10 14:29:15.184,0.00013297042537855315,bert-inference-54bffd747-29hhs
2026-02-10 14:29:20.184,0.0001099170988040342,bert-inference-54bffd747-29hhs
2026-02-10 14:29:20.184,9.029825165240641e-05,bert-inference-54bffd747-qkhmx
2026-02-10 14:29:20.184,7.230697333131388e-05,bert-inference-54bffd747-pz7fp
2026-02-10 14:29:20.184,5.838131734199567e-05,bert-inference-54bffd747-t4vgj
2026-02-10 14:29:20.184,7.577868937639762e-05,bert-inference-54bffd747-9zzzq
2026-02-10 14:29:25.184,9.0039379776482e-05,bert-inference-54bffd747-29hhs
2026-02-10 14:29:25.184,9.126108069578288e-05,bert-inference-54bffd747-qkhmx
2026-02-10 14:29:25.184,6.879334745626283e-05,bert-inference-54bffd747-t4vgj
2026-02-10 14:29:25.184,7.208125162735777e-05,bert-inference-54bffd747-9zzzq
2026-02-10 14:29:25.184,7.988154974220818e-05,bert-inference-54bffd747-pz7fp
2026-02-10 14:29:30.184,8.984765564637817e-05,bert-inference-54bffd747-pz7fp
2026-02-10 14:29:30.184,9.414220798128014e-05,bert-inference-54bffd747-29hhs
2026-02-10 14:29:30.184,9.069992657161276e-05,bert-inference-54bffd747-qkhmx
2026-02-10 14:29:30.184,6.925447157661571e-05,bert-inference-54bffd747-t4vgj
2026-02-10 14:29:30.184,7.111621101536077e-05,bert-inference-54bffd747-9zzzq
2026-02-10 14:29:35.184,8.984765564637817e-05,bert-inference-54bffd747-pz7fp
2026-02-10 14:29:35.184,7.002190184871815e-05,bert-inference-54bffd747-t4vgj
2026-02-10 14:29:35.184,0.00010076294185536288,bert-inference-54bffd747-29hhs
2026-02-10 14:29:35.184,8.95597363183287e-05,bert-inference-54bffd747-qkhmx
2026-02-10 14:29:35.184,7.111621101536077e-05,bert-inference-54bffd747-9zzzq
2026-02-10 14:29:40.184,7.51325033680324e-05,bert-inference-54bffd747-t4vgj
2026-02-10 14:29:40.184,6.796311178491223e-05,bert-inference-54bffd747-9zzzq
2026-02-10 14:29:40.184,0.00011116018242512263,bert-inference-54bffd747-29hhs
2026-02-10 14:29:40.184,8.943013213495677e-05,bert-inference-54bffd747-qkhmx
2026-02-10 14:29:40.184,8.789425083234138e-05,bert-inference-54bffd747-pz7fp
2026-02-10 14:29:45.184,8.791869975937776e-05,bert-inference-54bffd747-pz7fp
2026-02-10 14:29:45.184,8.72111578400676e-05,bert-inference-54bffd747-qkhmx
2026-02-10 14:29:45.184,7.303475151829622e-05,bert-inference-54bffd747-t4vgj
2026-02-10 14:29:45.184,7.464981953121093e-05,bert-inference-54bffd747-9zzzq
2026-02-10 14:29:45.184,0.00010483383185278964,bert-inference-54bffd747-29hhs
2026-02-10 14:29:50.184,7.281655772507594e-05,bert-inference-54bffd747-qkhmx
2026-02-10 14:29:50.184,7.5118323248008e-05,bert-inference-54bffd747-9zzzq
2026-02-10 14:29:50.184,0.00010561849864667026,bert-inference-54bffd747-29hhs
2026-02-10 14:29:50.184,7.800419011142669e-05,bert-inference-54bffd747-t4vgj
2026-02-10 14:29:50.184,8.343532964532055e-05,bert-inference-54bffd747-pz7fp
2026-02-10 14:29:55.184,7.5118323248008e-05,bert-inference-54bffd747-9zzzq
2026-02-10 14:29:55.184,9.283159710999642e-05,bert-inference-54bffd747-pz7fp
2026-02-10 14:29:55.184,8.508731621254285e-05,bert-inference-54bffd747-qkhmx
2026-02-10 14:29:55.184,7.678105145753188e-05,bert-inference-54bffd747-t4vgj
2026-02-10 14:29:55.184,0.00010407509382740514,bert-inference-54bffd747-29hhs
2026-02-10 14:30:00.184,9.551823974209105e-05,bert-inference-54bffd747-pz7fp
2026-02-10 14:30:00.184,7.709191074881672e-05,bert-inference-54bffd747-t4vgj
2026-02-10 14:30:00.184,7.998711676077467e-05,bert-inference-54bffd747-9zzzq
2026-02-10 14:30:00.184,0.00010229440603892046,bert-inference-54bffd747-29hhs
2026-02-10 14:30:00.184,8.508731621254285e-05,bert-inference-54bffd747-qkhmx
2026-02-10 14:30:05.184,8.14131139241426e-05,bert-inference-54bffd747-qkhmx
2026-02-10 14:30:05.184,7.95153137420528e-05,bert-inference-54bffd747-9zzzq
2026-02-10 14:30:05.184,7.683874728219704e-05,bert-inference-54bffd747-t4vgj
2026-02-10 14:30:05.184,9.511411141580426e-05,bert-inference-54bffd747-pz7fp
2026-02-10 14:30:05.184,9.38650037049024e-05,bert-inference-54bffd747-29hhs
2026-02-10 14:30:10.184,7.685502986801848e-05,bert-inference-54bffd747-qkhmx
2026-02-10 14:30:10.184,8.137239419313077e-05,bert-inference-54bffd747-9zzzq
2026-02-10 14:30:10.184,9.901768993138065e-05,bert-inference-54bffd747-29hhs
2026-02-10 14:30:10.184,8.454535640172973e-05,bert-inference-54bffd747-pz7fp
2026-02-10 14:30:10.184,7.683874728219704e-05,bert-inference-54bffd747-t4vgj
2026-02-10 14:30:15.184,8.406391130878324e-05,bert-inference-54bffd747-t4vgj
2026-02-10 14:30:15.184,9.089643000301746e-05,bert-inference-54bffd747-pz7fp
2026-02-10 14:30:15.184,9.901768993138065e-05,bert-inference-54bffd747-29hhs
2026-02-10 14:30:15.184,8.250795983008138e-05,bert-inference-54bffd747-9zzzq
2026-02-10 14:30:15.184,7.685502986801848e-05,bert-inference-54bffd747-qkhmx
2026-02-10 14:30:20.184,8.604731064347496e-05,bert-inference-54bffd747-t4vgj
2026-02-10 14:30:20.184,9.089643000301746e-05,bert-inference-54bffd747-pz7fp
2026-02-10 14:30:20.184,8.048556012157418e-05,bert-inference-54bffd747-9zzzq
2026-02-10 14:30:20.184,9.667169494438014e-05,bert-inference-54bffd747-29hhs
2026-02-10 14:30:20.184,7.639176468436098e-05,bert-inference-54bffd747-qkhmx
2026-02-10 14:30:25.184,8.660574512036263e-05,bert-inference-54bffd747-t4vgj
2026-02-10 14:30:25.184,9.292897124622592e-05,bert-inference-54bffd747-pz7fp
2026-02-10 14:30:25.184,7.924683940488099e-05,bert-inference-54bffd747-29hhs
2026-02-10 14:30:25.184,7.673991738126699e-05,bert-inference-54bffd747-qkhmx
2026-02-10 14:30:25.184,7.652906987371655e-05,bert-inference-54bffd747-9zzzq
2026-02-10 14:30:30.184,7.590070877977579e-05,bert-inference-54bffd747-qkhmx
2026-02-10 14:30:30.184,9.306708085245882e-05,bert-inference-54bffd747-pz7fp
2026-02-10 14:30:30.184,8.26408178607093e-05,bert-inference-54bffd747-9zzzq
2026-02-10 14:30:30.184,7.851037741573154e-05,bert-inference-54bffd747-29hhs
2026-02-10 14:30:30.184,9.035313962105995e-05,bert-inference-54bffd747-t4vgj
2026-02-10 14:30:35.184,8.3620584537648e-05,bert-inference-54bffd747-t4vgj
2026-02-10 14:30:35.184,9.424262422534247e-05,bert-inference-54bffd747-pz7fp
2026-02-10 14:30:35.184,7.851037741573154e-05,bert-inference-54bffd747-29hhs
2026-02-10 14:30:35.184,7.56059824424236e-05,bert-inference-54bffd747-9zzzq
2026-02-10 14:30:35.184,7.535452129925438e-05,bert-inference-54bffd747-qkhmx
2026-02-10 14:30:40.184,8.506938875087765e-05,bert-inference-54bffd747-t4vgj
2026-02-10 14:30:40.184,7.240960892673334e-05,bert-inference-54bffd747-29hhs
2026-02-10 14:30:40.184,7.535452129925438e-05,bert-inference-54bffd747-qkhmx
2026-02-10 14:30:40.184,9.232677225440444e-05,bert-inference-54bffd747-pz7fp
2026-02-10 14:30:40.184,9.867758300669892e-05,bert-inference-54bffd747-9zzzq
2026-02-10 14:30:45.184,8.177975517810967e-05,bert-inference-54bffd747-29hhs
2026-02-10 14:30:45.184,0.00010373741374431904,bert-inference-54bffd747-9zzzq
2026-02-10 14:30:45.184,9.33237993211704e-05,bert-inference-54bffd747-t4vgj
2026-02-10 14:30:45.184,9.081573389724021e-05,bert-inference-54bffd747-pz7fp
2026-02-10 14:30:45.184,7.712494686148725e-05,bert-inference-54bffd747-qkhmx
2026-02-10 14:30:50.184,8.979680432521292e-05,bert-inference-54bffd747-pz7fp
2026-02-10 14:30:50.184,9.33237993211704e-05,bert-inference-54bffd747-t4vgj
2026-02-10 14:30:50.184,0.00010653574774747724,bert-inference-54bffd747-9zzzq
2026-02-10 14:30:50.184,7.307706637635993e-05,bert-inference-54bffd747-29hhs
2026-02-10 14:30:50.184,7.712494686148725e-05,bert-inference-54bffd747-qkhmx
2026-02-10 14:30:55.184,9.392283873016808e-05,bert-inference-54bffd747-pz7fp
2026-02-10 14:30:55.184,8.00146198917724e-05,bert-inference-54bffd747-qkhmx
2026-02-10 14:30:55.184,0.00023191814570036606,bert-inference-54bffd747-t4vgj
2026-02-10 14:30:55.184,0.00010632309134183193,bert-inference-54bffd747-9zzzq
2026-02-10 14:30:55.184,8.147279269127622e-05,bert-inference-54bffd747-29hhs
2026-02-10 14:31:00.184,0.00010782681879559702,bert-inference-54bffd747-9zzzq
2026-02-10 14:31:00.184,9.392283873016808e-05,bert-inference-54bffd747-pz7fp
2026-02-10 14:31:00.184,9.42236804454947e-05,bert-inference-54bffd747-29hhs
2026-02-10 14:31:00.184,8.00146198917724e-05,bert-inference-54bffd747-qkhmx
2026-02-10 14:31:00.184,0.00037116441866395225,bert-inference-54bffd747-t4vgj
2026-02-10 14:31:05.184,6.694576323329355e-05,bert-inference-54bffd747-qkhmx
2026-02-10 14:31:05.184,0.00010248881128536576,bert-inference-54bffd747-29hhs
2026-02-10 14:31:05.184,0.00011875185489929654,bert-inference-54bffd747-9zzzq
2026-02-10 14:31:05.184,0.00042688166545924613,bert-inference-54bffd747-t4vgj
2026-02-10 14:31:05.184,9.537615407492403e-05,bert-inference-54bffd747-pz7fp
2026-02-10 14:31:10.184,0.0003668387803289123,bert-inference-54bffd747-t4vgj
2026-02-10 14:31:10.184,0.00010180198348214679,bert-inference-54bffd747-29hhs
2026-02-10 14:31:10.184,8.08738235122714e-05,bert-inference-54bffd747-qkhmx
2026-02-10 14:31:10.184,9.434306435353902e-05,bert-inference-54bffd747-pz7fp
2026-02-10 14:31:10.184,0.00012190477097132445,bert-inference-54bffd747-9zzzq
2026-02-10 14:31:15.184,8.016486640811073e-05,bert-inference-54bffd747-qkhmx
2026-02-10 14:31:15.184,0.00035746752516431436,bert-inference-54bffd747-t4vgj
2026-02-10 14:31:15.184,0.0001278690864851608,bert-inference-54bffd747-9zzzq
2026-02-10 14:31:15.184,9.297200935260055e-05,bert-inference-54bffd747-pz7fp
2026-02-10 14:31:15.184,0.00011102900076191684,bert-inference-54bffd747-29hhs
2026-02-10 14:31:20.184,8.435039177789306e-05,bert-inference-54bffd747-pz7fp
2026-02-10 14:31:20.184,0.00010310295435860683,bert-inference-54bffd747-9zzzq
2026-02-10 14:31:20.184,0.00034859325148822224,bert-inference-54bffd747-t4vgj
2026-02-10 14:31:20.184,8.016486640811073e-05,bert-inference-54bffd747-qkhmx
2026-02-10 14:31:20.184,0.00010448908752068407,bert-inference-54bffd747-29hhs
2026-02-10 14:31:25.184,0.00010558728399682438,bert-inference-54bffd747-9zzzq
2026-02-10 14:31:25.184,6.840575205584785e-05,bert-inference-54bffd747-qkhmx
2026-02-10 14:31:25.184,9.146139508325203e-05,bert-inference-54bffd747-pz7fp
2026-02-10 14:31:25.184,0.0004549947296716642,bert-inference-54bffd747-t4vgj
2026-02-10 14:31:25.184,0.0001088078394185255,bert-inference-54bffd747-29hhs
2026-02-10 14:31:30.184,9.050850181871159e-05,bert-inference-54bffd747-9zzzq
2026-02-10 14:31:30.184,9.146139508325203e-05,bert-inference-54bffd747-pz7fp
2026-02-10 14:31:30.184,8.225678345784914e-05,bert-inference-54bffd747-qkhmx
2026-02-10 14:31:30.184,0.00039082423245397036,bert-inference-54bffd747-t4vgj
2026-02-10 14:31:30.184,0.00010718698529428423,bert-inference-54bffd747-29hhs
2026-02-10 14:31:35.184,8.225678345784914e-05,bert-inference-54bffd747-qkhmx
2026-02-10 14:31:35.184,0.00010748639239964711,bert-inference-54bffd747-9zzzq
2026-02-10 14:31:35.184,0.00035251126182624744,bert-inference-54bffd747-t4vgj
2026-02-10 14:31:35.184,0.00010718698529428423,bert-inference-54bffd747-29hhs
2026-02-10 14:31:35.184,9.142169190340006e-05,bert-inference-54bffd747-pz7fp
2026-02-10 14:31:40.184,0.00023528013937849142,bert-inference-54bffd747-t4vgj
2026-02-10 14:31:40.184,7.417140609935825e-05,bert-inference-54bffd747-qkhmx
2026-02-10 14:31:40.184,7.439536713935978e-05,bert-inference-54bffd747-29hhs
2026-02-10 14:31:40.184,0.00011384817533626533,bert-inference-54bffd747-9zzzq
2026-02-10 14:31:40.184,9.549911629691985e-05,bert-inference-54bffd747-pz7fp
2026-02-10 14:31:45.184,8.04657558130245e-05,bert-inference-54bffd747-qkhmx
2026-02-10 14:31:45.184,7.633778207779269e-05,bert-inference-54bffd747-29hhs
2026-02-10 14:31:45.184,9.549911629691985e-05,bert-inference-54bffd747-pz7fp
2026-02-10 14:31:45.184,0.00011264718575510998,bert-inference-54bffd747-9zzzq
2026-02-10 14:31:45.184,8.842922268314482e-05,bert-inference-54bffd747-t4vgj
2026-02-10 14:31:50.184,0.00010943941596332452,bert-inference-54bffd747-9zzzq
2026-02-10 14:31:50.184,8.04657558130245e-05,bert-inference-54bffd747-qkhmx
2026-02-10 14:31:50.184,9.441095025148222e-05,bert-inference-54bffd747-pz7fp
2026-02-10 14:31:50.184,8.397201112906741e-05,bert-inference-54bffd747-29hhs
2026-02-10 14:31:50.184,8.162769521574462e-05,bert-inference-54bffd747-t4vgj
2026-02-10 14:31:55.184,9.933316742700974e-05,bert-inference-54bffd747-pz7fp
2026-02-10 14:31:55.184,7.630475425470295e-05,bert-inference-54bffd747-29hhs
2026-02-10 14:31:55.184,8.955021833014729e-05,bert-inference-54bffd747-t4vgj
2026-02-10 14:31:55.184,9.936852467084952e-05,bert-inference-54bffd747-9zzzq
2026-02-10 14:31:55.184,7.278949710031765e-05,bert-inference-54bffd747-qkhmx
2026-02-10 14:32:00.184,0.0001004677550883777,bert-inference-54bffd747-pz7fp
2026-02-10 14:32:00.184,9.71932246819481e-05,bert-inference-54bffd747-9zzzq
2026-02-10 14:32:00.184,0.00010333904015267563,bert-inference-54bffd747-29hhs
2026-02-10 14:32:00.184,7.941335684367177e-05,bert-inference-54bffd747-qkhmx
2026-02-10 14:32:00.184,9.018874674388108e-05,bert-inference-54bffd747-t4vgj
2026-02-10 14:32:05.184,7.941335684367177e-05,bert-inference-54bffd747-qkhmx
2026-02-10 14:32:05.184,0.00010485260889498273,bert-inference-54bffd747-29hhs
2026-02-10 14:32:05.184,9.018874674388108e-05,bert-inference-54bffd747-t4vgj
2026-02-10 14:32:05.184,9.71932246819481e-05,bert-inference-54bffd747-9zzzq
2026-02-10 14:32:05.184,0.0001040133014568569,bert-inference-54bffd747-pz7fp
2026-02-10 14:32:10.184,9.711918218982173e-05,bert-inference-54bffd747-9zzzq
2026-02-10 14:32:10.184,7.637637754807076e-05,bert-inference-54bffd747-qkhmx
2026-02-10 14:32:10.184,0.00010340039067627806,bert-inference-54bffd747-29hhs
2026-02-10 14:32:10.184,9.000594620212006e-05,bert-inference-54bffd747-t4vgj
2026-02-10 14:32:10.184,0.00010215244959572727,bert-inference-54bffd747-pz7fp
2026-02-10 14:32:15.184,0.00010215244959572727,bert-inference-54bffd747-pz7fp
2026-02-10 14:32:15.184,9.711918218982173e-05,bert-inference-54bffd747-9zzzq
2026-02-10 14:32:15.184,7.357025943298565e-05,bert-inference-54bffd747-qkhmx
2026-02-10 14:32:15.184,9.141584030004948e-05,bert-inference-54bffd747-t4vgj
2026-02-10 14:32:15.184,0.00013094244133994196,bert-inference-54bffd747-29hhs
2026-02-10 14:32:20.184,0.00014081317937284817,bert-inference-54bffd747-29hhs
2026-02-10 14:32:20.184,0.00010091136576832711,bert-inference-54bffd747-pz7fp
2026-02-10 14:32:20.184,9.426028514371213e-05,bert-inference-54bffd747-9zzzq
2026-02-10 14:32:20.184,7.357025943298564e-05,bert-inference-54bffd747-qkhmx
2026-02-10 14:32:20.184,9.06058304020585e-05,bert-inference-54bffd747-t4vgj
2026-02-10 14:32:25.184,9.308891852753924e-05,bert-inference-54bffd747-9zzzq
2026-02-10 14:32:25.184,0.0001541689651656748,bert-inference-54bffd747-t4vgj
2026-02-10 14:32:25.184,0.00010370241839556787,bert-inference-54bffd747-pz7fp
2026-02-10 14:32:25.184,0.0001276350605485977,bert-inference-54bffd747-29hhs
2026-02-10 14:32:25.184,5.8778453267834154e-05,bert-inference-54bffd747-qkhmx
2026-02-10 14:32:30.184,0.00010370241839556788,bert-inference-54bffd747-pz7fp
2026-02-10 14:32:30.184,0.00020777242946333463,bert-inference-54bffd747-29hhs
2026-02-10 14:32:30.184,0.00011138419410572478,bert-inference-54bffd747-qkhmx
2026-02-10 14:32:30.184,0.00010022004267645968,bert-inference-54bffd747-9zzzq
2026-02-10 14:32:30.184,0.00015696124790626047,bert-inference-54bffd747-t4vgj
2026-02-10 14:32:35.184,0.00020777242946333463,bert-inference-54bffd747-29hhs
2026-02-10 14:32:35.184,0.00010410071020589218,bert-inference-54bffd747-9zzzq
2026-02-10 14:32:35.184,0.00010370241839556788,bert-inference-54bffd747-pz7fp
2026-02-10 14:32:35.184,0.00018351897476199372,bert-inference-54bffd747-t4vgj
2026-02-10 14:32:35.184,0.00011138419410572478,bert-inference-54bffd747-qkhmx
2026-02-10 14:32:40.184,0.0001935596680527668,bert-inference-54bffd747-t4vgj
2026-02-10 14:32:40.184,0.00022495534109648552,bert-inference-54bffd747-29hhs
2026-02-10 14:32:40.184,0.00011138419410572478,bert-inference-54bffd747-qkhmx
2026-02-10 14:32:40.184,0.00013668726497443958,bert-inference-54bffd747-9zzzq
2026-02-10 14:32:40.184,0.00012495216795635006,bert-inference-54bffd747-pz7fp
2026-02-10 14:32:45.184,0.00012495216795635006,bert-inference-54bffd747-pz7fp
2026-02-10 14:32:45.184,0.00014451861957711905,bert-inference-54bffd747-9zzzq
2026-02-10 14:32:45.184,0.00013051516668162526,bert-inference-54bffd747-qkhmx
2026-02-10 14:32:45.184,0.00028150040078625364,bert-inference-54bffd747-t4vgj
2026-02-10 14:32:45.184,0.00022376730533264148,bert-inference-54bffd747-29hhs
2026-02-10 14:32:50.184,0.00012495216795635006,bert-inference-54bffd747-pz7fp
2026-02-10 14:32:50.184,0.00014387284034011154,bert-inference-54bffd747-qkhmx
2026-02-10 14:32:50.184,0.00013056980461289804,bert-inference-54bffd747-9zzzq
2026-02-10 14:32:50.184,0.00028150040078625364,bert-inference-54bffd747-t4vgj
2026-02-10 14:32:50.184,0.0002183159511643212,bert-inference-54bffd747-29hhs
2026-02-10 14:32:55.184,0.00015774718641051926,bert-inference-54bffd747-9zzzq
2026-02-10 14:32:55.184,0.00016018024499024264,bert-inference-54bffd747-qkhmx
2026-02-10 14:32:55.184,0.0002183159511643212,bert-inference-54bffd747-29hhs
2026-02-10 14:32:55.184,0.00013716712467508086,bert-inference-54bffd747-pz7fp
2026-02-10 14:32:55.184,0.0003106111235282324,bert-inference-54bffd747-t4vgj
2026-02-10 14:33:00.184,0.00019078580369615667,bert-inference-54bffd747-qkhmx
2026-02-10 14:33:00.184,0.00022831421895159424,bert-inference-54bffd747-29hhs
2026-02-10 14:33:00.184,0.00014717329888000365,bert-inference-54bffd747-pz7fp
2026-02-10 14:33:00.184,0.0003106111235282324,bert-inference-54bffd747-t4vgj
2026-02-10 14:33:00.184,0.00016781013889102697,bert-inference-54bffd747-9zzzq
2026-02-10 14:33:05.184,0.00019965976049636953,bert-inference-54bffd747-qkhmx
2026-02-10 14:33:05.184,0.00016677330905486102,bert-inference-54bffd747-9zzzq
2026-02-10 14:33:05.184,0.00029772542994013426,bert-inference-54bffd747-t4vgj
2026-02-10 14:33:05.184,0.00014717329888000365,bert-inference-54bffd747-pz7fp
2026-02-10 14:33:05.184,0.00032014862136605016,bert-inference-54bffd747-29hhs
2026-02-10 14:33:10.184,0.00029334308765045205,bert-inference-54bffd747-29hhs
2026-02-10 14:33:10.184,0.00027852411628595454,bert-inference-54bffd747-t4vgj
2026-02-10 14:33:10.184,0.00016834164623952296,bert-inference-54bffd747-9zzzq
2026-02-10 14:33:10.184,0.00020887882555992025,bert-inference-54bffd747-qkhmx
2026-02-10 14:33:10.184,0.0001568853119459613,bert-inference-54bffd747-pz7fp
2026-02-10 14:33:15.184,0.0003234874905985231,bert-inference-54bffd747-29hhs
2026-02-10 14:33:15.184,0.00027852411628595454,bert-inference-54bffd747-t4vgj
2026-02-10 14:33:15.184,0.0001715903362401759,bert-inference-54bffd747-pz7fp
2026-02-10 14:33:15.184,0.00016834164623952296,bert-inference-54bffd747-9zzzq
2026-02-10 14:33:15.184,0.00021848098126823318,bert-inference-54bffd747-qkhmx
2026-02-10 14:33:20.184,0.0003123999673013024,bert-inference-54bffd747-29hhs
2026-02-10 14:33:20.184,0.00021323999983501404,bert-inference-54bffd747-qkhmx
2026-02-10 14:33:20.184,0.0001767731544773906,bert-inference-54bffd747-pz7fp
2026-02-10 14:33:20.184,0.00015746223548103672,bert-inference-54bffd747-9zzzq
2026-02-10 14:33:20.184,0.0002578045581939363,bert-inference-54bffd747-t4vgj
2026-02-10 14:33:25.184,0.00018093935248124696,bert-inference-54bffd747-pz7fp
2026-02-10 14:33:25.184,0.00021323999983501404,bert-inference-54bffd747-qkhmx
2026-02-10 14:33:25.184,0.00015369852359938544,bert-inference-54bffd747-t4vgj
2026-02-10 14:33:25.184,0.00017372212954765148,bert-inference-54bffd747-9zzzq
2026-02-10 14:33:25.184,0.0003185258801420653,bert-inference-54bffd747-29hhs
2026-02-10 14:33:30.184,0.00018903763574885073,bert-inference-54bffd747-pz7fp
2026-02-10 14:33:30.184,0.000363171315228358,bert-inference-54bffd747-29hhs
2026-02-10 14:33:30.184,0.00017372212954765148,bert-inference-54bffd747-9zzzq
2026-02-10 14:33:30.184,0.00016688509745184,bert-inference-54bffd747-t4vgj
2026-02-10 14:33:30.184,0.00019317974112405094,bert-inference-54bffd747-qkhmx
2026-02-10 14:33:35.184,0.00020856094777606702,bert-inference-54bffd747-qkhmx
2026-02-10 14:33:35.184,0.000327506251944037,bert-inference-54bffd747-29hhs
2026-02-10 14:33:35.184,0.0001763181158739225,bert-inference-54bffd747-9zzzq
2026-02-10 14:33:35.184,0.0001664666791346958,bert-inference-54bffd747-t4vgj
2026-02-10 14:33:35.184,0.00018661530125607114,bert-inference-54bffd747-pz7fp
2026-02-10 14:33:40.184,0.0002041544041076481,bert-inference-54bffd747-qkhmx
2026-02-10 14:33:40.184,0.00032082295194818414,bert-inference-54bffd747-29hhs
2026-02-10 14:33:40.184,0.0002011334229899395,bert-inference-54bffd747-pz7fp
2026-02-10 14:33:40.184,0.00017645459507296192,bert-inference-54bffd747-9zzzq
2026-02-10 14:33:40.184,0.00017397383241397847,bert-inference-54bffd747-t4vgj
2026-02-10 14:33:45.184,0.00017621896101716592,bert-inference-54bffd747-t4vgj
2026-02-10 14:33:45.184,0.00018805642456360221,bert-inference-54bffd747-qkhmx
2026-02-10 14:33:45.184,0.0002689246429966028,bert-inference-54bffd747-29hhs
2026-02-10 14:33:45.184,0.0002011334229899395,bert-inference-54bffd747-pz7fp
2026-02-10 14:33:45.184,0.0001779794429103861,bert-inference-54bffd747-9zzzq
2026-02-10 14:33:50.184,0.00016125835868157907,bert-inference-54bffd747-t4vgj
2026-02-10 14:33:50.184,0.00022081200324567944,bert-inference-54bffd747-29hhs
2026-02-10 14:33:50.184,0.00020900857042748628,bert-inference-54bffd747-9zzzq
2026-02-10 14:33:50.184,0.0002011334229899395,bert-inference-54bffd747-pz7fp
2026-02-10 14:33:50.184,0.0001752046412135413,bert-inference-54bffd747-qkhmx
2026-02-10 14:33:55.184,0.00019799007074424013,bert-inference-54bffd747-t4vgj
2026-02-10 14:33:55.184,0.00016745937900723506,bert-inference-54bffd747-pz7fp
2026-02-10 14:33:55.184,0.0001752046412135413,bert-inference-54bffd747-qkhmx
2026-02-10 14:33:55.184,0.00020871700649046038,bert-inference-54bffd747-29hhs
2026-02-10 14:33:55.184,0.0002632091906206542,bert-inference-54bffd747-9zzzq
2026-02-10 14:34:00.184,0.00019121899460478942,bert-inference-54bffd747-pz7fp
2026-02-10 14:34:00.184,0.0002613159407595762,bert-inference-54bffd747-9zzzq
2026-02-10 14:34:00.184,0.00019799007074424013,bert-inference-54bffd747-t4vgj
2026-02-10 14:34:00.184,0.0001734082836906763,bert-inference-54bffd747-qkhmx
2026-02-10 14:34:00.184,0.00020952414789693414,bert-inference-54bffd747-29hhs
2026-02-10 14:34:05.184,0.00020066091387722744,bert-inference-54bffd747-t4vgj
2026-02-10 14:34:05.184,0.0002561099647330554,bert-inference-54bffd747-9zzzq
2026-02-10 14:34:05.184,0.00020536981531160616,bert-inference-54bffd747-pz7fp
2026-02-10 14:34:05.184,0.00015573672651043692,bert-inference-54bffd747-qkhmx
2026-02-10 14:34:05.184,0.00020780478169214376,bert-inference-54bffd747-29hhs
2026-02-10 14:34:10.184,0.0001908483768428034,bert-inference-54bffd747-t4vgj
2026-02-10 14:34:10.184,0.00020780478169214376,bert-inference-54bffd747-29hhs
2026-02-10 14:34:10.184,0.0001808008870618066,bert-inference-54bffd747-qkhmx
2026-02-10 14:34:10.184,0.00020439960907881762,bert-inference-54bffd747-pz7fp
2026-02-10 14:34:10.184,0.00024397389916632894,bert-inference-54bffd747-9zzzq
2026-02-10 14:34:15.184,0.000192340313133664,bert-inference-54bffd747-t4vgj
2026-02-10 14:34:15.184,0.00025890012976787164,bert-inference-54bffd747-9zzzq
2026-02-10 14:34:15.184,0.00016824774117570816,bert-inference-54bffd747-qkhmx
2026-02-10 14:34:15.184,0.0001936062168032292,bert-inference-54bffd747-pz7fp
2026-02-10 14:34:15.184,0.0001854610440574849,bert-inference-54bffd747-29hhs
2026-02-10 14:34:20.184,0.00019107251256150336,bert-inference-54bffd747-29hhs
2026-02-10 14:34:20.184,0.0002701008332743059,bert-inference-54bffd747-qkhmx
2026-02-10 14:34:20.184,0.00021033327687178743,bert-inference-54bffd747-pz7fp
2026-02-10 14:34:20.184,0.00021489847272477018,bert-inference-54bffd747-t4vgj
2026-02-10 14:34:20.184,0.00027271453174517195,bert-inference-54bffd747-9zzzq
2026-02-10 14:34:25.184,0.00021033327687178743,bert-inference-54bffd747-pz7fp
2026-02-10 14:34:25.184,0.0002701008332743059,bert-inference-54bffd747-qkhmx
2026-02-10 14:34:25.184,0.00019048268517274968,bert-inference-54bffd747-29hhs
2026-02-10 14:34:25.184,0.0002743080687013162,bert-inference-54bffd747-9zzzq
2026-02-10 14:34:25.184,0.0002032018766405461,bert-inference-54bffd747-t4vgj
2026-02-10 14:34:30.184,0.00020467308678094283,bert-inference-54bffd747-t4vgj
2026-02-10 14:34:30.184,0.00026281445414066875,bert-inference-54bffd747-9zzzq
2026-02-10 14:34:30.184,0.00021795582478208314,bert-inference-54bffd747-pz7fp
2026-02-10 14:34:30.184,0.0002767708219633196,bert-inference-54bffd747-qkhmx
2026-02-10 14:34:30.184,0.0001731966836159254,bert-inference-54bffd747-29hhs
2026-02-10 14:34:35.184,0.000270516532992687,bert-inference-54bffd747-9zzzq
2026-02-10 14:34:35.184,0.0002767708219633196,bert-inference-54bffd747-qkhmx
2026-02-10 14:34:35.184,0.00022262289894505884,bert-inference-54bffd747-t4vgj
2026-02-10 14:34:35.184,0.00017232189936591263,bert-inference-54bffd747-29hhs
2026-02-10 14:34:35.184,0.00018381052981462714,bert-inference-54bffd747-pz7fp
2026-02-10 14:34:40.184,0.00018586710602555513,bert-inference-54bffd747-29hhs
2026-02-10 14:34:40.184,0.00023527116662807755,bert-inference-54bffd747-t4vgj
2026-02-10 14:34:40.184,0.00028966754046228426,bert-inference-54bffd747-qkhmx
2026-02-10 14:34:40.184,0.00019802743982770183,bert-inference-54bffd747-pz7fp
2026-02-10 14:34:40.184,0.00023135758071328216,bert-inference-54bffd747-9zzzq
2026-02-10 14:34:45.184,0.00023155467987911945,bert-inference-54bffd747-t4vgj
2026-02-10 14:34:45.184,0.00017643866795425984,bert-inference-54bffd747-29hhs
2026-02-10 14:34:45.184,0.00029779436283448526,bert-inference-54bffd747-qkhmx
2026-02-10 14:34:45.184,0.00021477188146605254,bert-inference-54bffd747-pz7fp
2026-02-10 14:34:45.184,0.00018351935746438984,bert-inference-54bffd747-9zzzq
2026-02-10 14:34:50.184,0.000172413260026574,bert-inference-54bffd747-29hhs
2026-02-10 14:34:50.184,0.00021094056048750944,bert-inference-54bffd747-pz7fp
2026-02-10 14:34:50.184,0.0001834521984632431,bert-inference-54bffd747-9zzzq
2026-02-10 14:34:50.184,0.00028140156835135277,bert-inference-54bffd747-qkhmx
2026-02-10 14:34:50.184,0.00024143674667636157,bert-inference-54bffd747-t4vgj
2026-02-10 14:34:55.184,0.00016362295991281117,bert-inference-54bffd747-9zzzq
2026-02-10 14:34:55.184,0.00028729644501169425,bert-inference-54bffd747-qkhmx
2026-02-10 14:34:55.184,0.0002734756497127722,bert-inference-54bffd747-t4vgj
2026-02-10 14:34:55.184,0.00020172590565893493,bert-inference-54bffd747-pz7fp
2026-02-10 14:34:55.184,0.0001614835904168058,bert-inference-54bffd747-29hhs
2026-02-10 14:35:00.184,0.00017616987329860043,bert-inference-54bffd747-9zzzq
2026-02-10 14:35:00.184,0.00018254706469813853,bert-inference-54bffd747-pz7fp
2026-02-10 14:35:00.184,0.000263757065679079,bert-inference-54bffd747-qkhmx
2026-02-10 14:35:00.184,0.0002734756497127722,bert-inference-54bffd747-t4vgj
2026-02-10 14:35:00.184,0.00015922028930269954,bert-inference-54bffd747-29hhs
2026-02-10 14:35:05.184,0.00024128970310351367,bert-inference-54bffd747-qkhmx
2026-02-10 14:35:05.184,0.00030300276051485706,bert-inference-54bffd747-t4vgj
2026-02-10 14:35:05.184,0.000180207674795864,bert-inference-54bffd747-pz7fp
2026-02-10 14:35:05.184,0.00016364523206192179,bert-inference-54bffd747-9zzzq
2026-02-10 14:35:05.184,0.00017297279831976196,bert-inference-54bffd747-29hhs
2026-02-10 14:35:10.184,0.00017483375429581277,bert-inference-54bffd747-pz7fp
2026-02-10 14:35:10.184,0.00023598942779837402,bert-inference-54bffd747-t4vgj
2026-02-10 14:35:10.184,0.0002245655117913063,bert-inference-54bffd747-qkhmx
2026-02-10 14:35:10.184,0.00018227463320593334,bert-inference-54bffd747-9zzzq
2026-02-10 14:35:10.184,0.00017297279831976196,bert-inference-54bffd747-29hhs
2026-02-10 14:35:15.184,0.00023598942779837402,bert-inference-54bffd747-t4vgj
2026-02-10 14:35:15.184,0.00017587743810771638,bert-inference-54bffd747-29hhs
2026-02-10 14:35:15.184,0.00017935421210875244,bert-inference-54bffd747-9zzzq
2026-02-10 14:35:15.184,0.00017483375429581277,bert-inference-54bffd747-pz7fp
2026-02-10 14:35:15.184,0.0002068989150470181,bert-inference-54bffd747-qkhmx
2026-02-10 14:35:20.184,0.0001665845606009718,bert-inference-54bffd747-29hhs
2026-02-10 14:35:20.184,0.00019330386163042508,bert-inference-54bffd747-t4vgj
2026-02-10 14:35:20.184,0.00022435550366379888,bert-inference-54bffd747-qkhmx
2026-02-10 14:35:20.184,0.00017935421210875244,bert-inference-54bffd747-9zzzq
2026-02-10 14:35:20.184,0.00016445440760624462,bert-inference-54bffd747-pz7fp
2026-02-10 14:35:25.184,0.00015155408761388629,bert-inference-54bffd747-pz7fp
2026-02-10 14:35:25.184,0.00019159635308299685,bert-inference-54bffd747-9zzzq
2026-02-10 14:35:25.184,0.0002149568245467238,bert-inference-54bffd747-t4vgj
2026-02-10 14:35:25.184,0.00021103507044970454,bert-inference-54bffd747-qkhmx
2026-02-10 14:35:25.184,0.00016600418554209648,bert-inference-54bffd747-29hhs
2026-02-10 14:35:30.184,0.00017015658181488786,bert-inference-54bffd747-pz7fp
2026-02-10 14:35:30.184,0.00017182549701330878,bert-inference-54bffd747-9zzzq
2026-02-10 14:35:30.184,0.00016094134038284892,bert-inference-54bffd747-29hhs
2026-02-10 14:35:30.184,0.0001906681218747112,bert-inference-54bffd747-qkhmx
2026-02-10 14:35:30.184,0.00021874970315931692,bert-inference-54bffd747-t4vgj
2026-02-10 14:35:35.184,0.00015035809677310885,bert-inference-54bffd747-29hhs
2026-02-10 14:35:35.184,0.00014390203482561795,bert-inference-54bffd747-pz7fp
2026-02-10 14:35:35.184,0.00018966646814529159,bert-inference-54bffd747-qkhmx
2026-02-10 14:35:35.184,0.00019278468548245779,bert-inference-54bffd747-t4vgj
2026-02-10 14:35:35.184,0.00020810036383781135,bert-inference-54bffd747-9zzzq
2026-02-10 14:35:40.184,0.00016296274941443397,bert-inference-54bffd747-pz7fp
2026-02-10 14:35:40.184,0.00017008953426555823,bert-inference-54bffd747-t4vgj
2026-02-10 14:35:40.184,0.0001512490120587037,bert-inference-54bffd747-29hhs
2026-02-10 14:35:40.184,0.00021961898524930189,bert-inference-54bffd747-9zzzq
2026-02-10 14:35:40.184,0.00021116094586879207,bert-inference-54bffd747-qkhmx
2026-02-10 14:35:45.184,0.00021961898524930186,bert-inference-54bffd747-9zzzq
2026-02-10 14:35:45.184,0.00017008953426555823,bert-inference-54bffd747-t4vgj
2026-02-10 14:35:45.184,0.00019717149754608094,bert-inference-54bffd747-qkhmx
2026-02-10 14:35:45.184,0.00016296274941443397,bert-inference-54bffd747-pz7fp
2026-02-10 14:35:45.184,0.0001512490120587037,bert-inference-54bffd747-29hhs
2026-02-10 14:35:50.184,0.00020616326843640146,bert-inference-54bffd747-9zzzq
2026-02-10 14:35:50.184,0.00016879818261552172,bert-inference-54bffd747-t4vgj
2026-02-10 14:35:50.184,0.00012201045360062294,bert-inference-54bffd747-29hhs
2026-02-10 14:35:50.184,0.00018625513109092444,bert-inference-54bffd747-qkhmx
2026-02-10 14:35:50.184,0.0001800139362306881,bert-inference-54bffd747-pz7fp
2026-02-10 14:35:55.184,0.0002279899899076327,bert-inference-54bffd747-9zzzq
2026-02-10 14:35:55.184,0.0001783840025315956,bert-inference-54bffd747-t4vgj
2026-02-10 14:35:55.184,0.00018625513109092444,bert-inference-54bffd747-qkhmx
2026-02-10 14:35:55.184,0.0001405027208134576,bert-inference-54bffd747-29hhs
2026-02-10 14:35:55.184,0.0001705077798451531,bert-inference-54bffd747-pz7fp
2026-02-10 14:36:00.184,0.0001705077798451531,bert-inference-54bffd747-pz7fp
2026-02-10 14:36:00.184,0.00016884955513483686,bert-inference-54bffd747-qkhmx
2026-02-10 14:36:00.184,0.00023724952686441134,bert-inference-54bffd747-9zzzq
2026-02-10 14:36:00.184,0.00016353417303711573,bert-inference-54bffd747-29hhs
2026-02-10 14:36:00.184,0.0001790696329469649,bert-inference-54bffd747-t4vgj
2026-02-10 14:36:05.184,0.0001705077798451531,bert-inference-54bffd747-pz7fp
2026-02-10 14:36:05.184,0.00017848902227116743,bert-inference-54bffd747-qkhmx
2026-02-10 14:36:05.184,0.00023724952686441134,bert-inference-54bffd747-9zzzq
2026-02-10 14:36:05.184,0.00017205535386376908,bert-inference-54bffd747-29hhs
2026-02-10 14:36:05.184,0.00017775496943424216,bert-inference-54bffd747-t4vgj
2026-02-10 14:36:10.184,0.00016818755061183456,bert-inference-54bffd747-29hhs
2026-02-10 14:36:10.184,0.00021538896534850166,bert-inference-54bffd747-9zzzq
2026-02-10 14:36:10.184,0.00016942871325707277,bert-inference-54bffd747-pz7fp
2026-02-10 14:36:10.184,0.00017240084486844985,bert-inference-54bffd747-qkhmx
2026-02-10 14:36:10.184,0.00015683574280713058,bert-inference-54bffd747-t4vgj
2026-02-10 14:36:15.184,0.0002002432502582087,bert-inference-54bffd747-pz7fp
2026-02-10 14:36:15.184,0.00015683574280713058,bert-inference-54bffd747-t4vgj
2026-02-10 14:36:15.184,0.0001627352006336347,bert-inference-54bffd747-29hhs
2026-02-10 14:36:15.184,0.00016903005299138946,bert-inference-54bffd747-qkhmx
2026-02-10 14:36:15.184,0.00020514848778116506,bert-inference-54bffd747-9zzzq
2026-02-10 14:36:20.184,0.0002081586161306478,bert-inference-54bffd747-pz7fp
2026-02-10 14:36:20.184,0.00018002047633691043,bert-inference-54bffd747-29hhs
2026-02-10 14:36:20.184,0.00015738731408153198,bert-inference-54bffd747-t4vgj
2026-02-10 14:36:20.184,0.00020514848778116504,bert-inference-54bffd747-9zzzq
2026-02-10 14:36:20.184,0.0001627188220149395,bert-inference-54bffd747-qkhmx
2026-02-10 14:36:25.184,0.00023540501402525706,bert-inference-54bffd747-pz7fp
2026-02-10 14:36:25.184,0.00013597532324904335,bert-inference-54bffd747-qkhmx
2026-02-10 14:36:25.184,0.00017818120339246112,bert-inference-54bffd747-9zzzq
2026-02-10 14:36:25.184,0.0001778116605278795,bert-inference-54bffd747-29hhs
2026-02-10 14:36:25.184,0.00015738731408153198,bert-inference-54bffd747-t4vgj
2026-02-10 14:36:30.184,0.00016506738317538673,bert-inference-54bffd747-t4vgj
2026-02-10 14:36:30.184,0.00024198249639179539,bert-inference-54bffd747-pz7fp
2026-02-10 14:36:30.184,0.00017455777754069745,bert-inference-54bffd747-qkhmx
2026-02-10 14:36:30.184,0.00021082289811932814,bert-inference-54bffd747-29hhs
2026-02-10 14:36:30.184,0.00018502364215170852,bert-inference-54bffd747-9zzzq
2026-02-10 14:36:35.184,0.00017074206721845868,bert-inference-54bffd747-t4vgj
2026-02-10 14:36:35.184,0.00017068293152797066,bert-inference-54bffd747-9zzzq
2026-02-10 14:36:35.184,0.00017554253776742054,bert-inference-54bffd747-qkhmx
2026-02-10 14:36:35.184,0.00024198249639179539,bert-inference-54bffd747-pz7fp
2026-02-10 14:36:35.184,0.00018062300132026284,bert-inference-54bffd747-29hhs
2026-02-10 14:36:40.184,0.0001668517598373046,bert-inference-54bffd747-t4vgj
2026-02-10 14:36:40.184,0.00017092166511174117,bert-inference-54bffd747-9zzzq
2026-02-10 14:36:40.184,0.0001807839810828238,bert-inference-54bffd747-29hhs
2026-02-10 14:36:40.184,0.0002492209273079166,bert-inference-54bffd747-pz7fp
2026-02-10 14:36:40.184,0.00023323401320743083,bert-inference-54bffd747-qkhmx
2026-02-10 14:36:45.184,0.00018427482129919543,bert-inference-54bffd747-29hhs
2026-02-10 14:36:45.184,0.00025401420264649,bert-inference-54bffd747-pz7fp
2026-02-10 14:36:45.184,0.00016108547241435502,bert-inference-54bffd747-t4vgj
2026-02-10 14:36:45.184,0.00017755653258131715,bert-inference-54bffd747-9zzzq
2026-02-10 14:36:45.184,0.0002126953119864756,bert-inference-54bffd747-qkhmx
2026-02-10 14:36:50.184,0.00024290316148022187,bert-inference-54bffd747-pz7fp
2026-02-10 14:36:50.184,0.0001824956704472339,bert-inference-54bffd747-29hhs
2026-02-10 14:36:50.184,0.00024663119957931047,bert-inference-54bffd747-qkhmx
2026-02-10 14:36:50.184,0.00015712294958138349,bert-inference-54bffd747-t4vgj
2026-02-10 14:36:50.184,0.00018124657827751976,bert-inference-54bffd747-9zzzq
2026-02-10 14:36:55.184,0.00020252509760150604,bert-inference-54bffd747-pz7fp
2026-02-10 14:36:55.184,0.00024663119957931047,bert-inference-54bffd747-qkhmx
2026-02-10 14:36:55.184,0.00018686275188500121,bert-inference-54bffd747-9zzzq
2026-02-10 14:36:55.184,0.00017353941655103472,bert-inference-54bffd747-29hhs
2026-02-10 14:36:55.184,0.00015629363494762887,bert-inference-54bffd747-t4vgj
2026-02-10 14:37:00.184,0.00025612386350293205,bert-inference-54bffd747-qkhmx
2026-02-10 14:37:00.184,0.00014828232956608527,bert-inference-54bffd747-t4vgj
2026-02-10 14:37:00.184,0.00021955544815324468,bert-inference-54bffd747-pz7fp
2026-02-10 14:37:00.184,0.00016992861706398497,bert-inference-54bffd747-9zzzq
2026-02-10 14:37:00.184,0.00019757140049982458,bert-inference-54bffd747-29hhs
2026-02-10 14:37:05.184,0.0002553499969080524,bert-inference-54bffd747-qkhmx
2026-02-10 14:37:05.184,0.00019043485768981247,bert-inference-54bffd747-9zzzq
2026-02-10 14:37:05.184,0.00018139668431235316,bert-inference-54bffd747-29hhs
2026-02-10 14:37:05.184,0.00021955936296572592,bert-inference-54bffd747-pz7fp
2026-02-10 14:37:05.184,0.00016033743425440086,bert-inference-54bffd747-t4vgj
2026-02-10 14:37:10.184,0.0001608971143737105,bert-inference-54bffd747-29hhs
2026-02-10 14:37:10.184,0.000198064018395083,bert-inference-54bffd747-pz7fp
2026-02-10 14:37:10.184,0.00016033743425440086,bert-inference-54bffd747-t4vgj
2026-02-10 14:37:10.184,0.0002553499969080524,bert-inference-54bffd747-qkhmx
2026-02-10 14:37:10.184,0.00018033105169246259,bert-inference-54bffd747-9zzzq
2026-02-10 14:37:15.184,0.00018483379876127576,bert-inference-54bffd747-pz7fp
2026-02-10 14:37:15.184,0.00014357269923014353,bert-inference-54bffd747-29hhs
2026-02-10 14:37:15.184,0.000203928731492307,bert-inference-54bffd747-9zzzq
2026-02-10 14:37:15.184,0.00022501503881525322,bert-inference-54bffd747-qkhmx
2026-02-10 14:37:15.184,0.000166503755100359,bert-inference-54bffd747-t4vgj
2026-02-10 14:37:20.184,0.00018924039442439145,bert-inference-54bffd747-9zzzq
2026-02-10 14:37:20.184,0.00018483379876127573,bert-inference-54bffd747-pz7fp
2026-02-10 14:37:20.184,0.00015275354251511377,bert-inference-54bffd747-qkhmx
2026-02-10 14:37:20.184,0.00017002952366347397,bert-inference-54bffd747-t4vgj
2026-02-10 14:37:20.184,0.00014357269923014353,bert-inference-54bffd747-29hhs
2026-02-10 14:37:25.184,0.00015354888774771756,bert-inference-54bffd747-qkhmx
2026-02-10 14:37:25.184,0.00018924039442439145,bert-inference-54bffd747-9zzzq
2026-02-10 14:37:25.184,0.00017002952366347397,bert-inference-54bffd747-t4vgj
2026-02-10 14:37:25.184,0.00015618638313854346,bert-inference-54bffd747-pz7fp
2026-02-10 14:37:25.184,0.00014458498353497738,bert-inference-54bffd747-29hhs
2026-02-10 14:37:30.184,0.00017320427522787146,bert-inference-54bffd747-t4vgj
2026-02-10 14:37:30.184,0.00014566869024713902,bert-inference-54bffd747-29hhs
2026-02-10 14:37:30.184,0.00016478133862559406,bert-inference-54bffd747-pz7fp
2026-02-10 14:37:30.184,0.00015713585284854627,bert-inference-54bffd747-9zzzq
2026-02-10 14:37:30.184,0.00013826665477675412,bert-inference-54bffd747-qkhmx
2026-02-10 14:37:35.184,0.0001849165056254191,bert-inference-54bffd747-9zzzq
2026-02-10 14:37:35.184,0.0001695780004694876,bert-inference-54bffd747-pz7fp
2026-02-10 14:37:35.184,0.0001437038776616858,bert-inference-54bffd747-29hhs
2026-02-10 14:37:35.184,0.00018103342810020835,bert-inference-54bffd747-t4vgj
2026-02-10 14:37:35.184,0.00015206936714957746,bert-inference-54bffd747-qkhmx
2026-02-10 14:37:40.184,0.0001869909422654494,bert-inference-54bffd747-t4vgj
2026-02-10 14:37:40.184,0.0001495498831210756,bert-inference-54bffd747-29hhs
2026-02-10 14:37:40.184,0.0001427508114716425,bert-inference-54bffd747-qkhmx
2026-02-10 14:37:40.184,0.000181735295682826,bert-inference-54bffd747-9zzzq
2026-02-10 14:37:40.184,0.00016848410994966905,bert-inference-54bffd747-pz7fp
2026-02-10 14:37:45.184,0.0001427508114716425,bert-inference-54bffd747-qkhmx
2026-02-10 14:37:45.184,0.00014664321570892746,bert-inference-54bffd747-29hhs
2026-02-10 14:37:45.184,0.00016792296232023292,bert-inference-54bffd747-pz7fp
2026-02-10 14:37:45.184,0.0001703722582421705,bert-inference-54bffd747-t4vgj
2026-02-10 14:37:45.184,0.0001644895236546524,bert-inference-54bffd747-9zzzq
2026-02-10 14:37:50.184,0.00014340494984221844,bert-inference-54bffd747-qkhmx
2026-02-10 14:37:50.184,0.00015692697934869518,bert-inference-54bffd747-pz7fp
2026-02-10 14:37:50.184,0.0001737861463374189,bert-inference-54bffd747-9zzzq
2026-02-10 14:37:50.184,0.00018273342560784183,bert-inference-54bffd747-t4vgj
2026-02-10 14:37:50.184,0.0001470409478466295,bert-inference-54bffd747-29hhs
2026-02-10 14:37:55.184,0.0001737861463374189,bert-inference-54bffd747-9zzzq
2026-02-10 14:37:55.184,0.000150399626958775,bert-inference-54bffd747-pz7fp
2026-02-10 14:37:55.184,0.00019496501378738602,bert-inference-54bffd747-t4vgj
2026-02-10 14:37:55.184,0.000141689006766897,bert-inference-54bffd747-qkhmx
2026-02-10 14:37:55.184,0.0001581004644849016,bert-inference-54bffd747-29hhs
2026-02-10 14:38:00.184,0.00016887489119947447,bert-inference-54bffd747-29hhs
2026-02-10 14:38:00.184,0.0001437898402447372,bert-inference-54bffd747-qkhmx
2026-02-10 14:38:00.184,0.0001599473323473184,bert-inference-54bffd747-pz7fp
2026-02-10 14:38:00.184,0.0001566403614980891,bert-inference-54bffd747-9zzzq
2026-02-10 14:38:00.184,0.00027483559200499393,bert-inference-54bffd747-t4vgj
2026-02-10 14:38:05.184,0.00018690207856871013,bert-inference-54bffd747-29hhs
2026-02-10 14:38:05.184,0.0001456797721360676,bert-inference-54bffd747-qkhmx
2026-02-10 14:38:05.184,0.00015357665349654935,bert-inference-54bffd747-pz7fp
2026-02-10 14:38:05.184,0.00016786964127831562,bert-inference-54bffd747-9zzzq
2026-02-10 14:38:05.184,0.00028226967704283936,bert-inference-54bffd747-t4vgj
2026-02-10 14:38:10.184,0.00015600742322952922,bert-inference-54bffd747-pz7fp
2026-02-10 14:38:10.184,0.0001460426289755417,bert-inference-54bffd747-qkhmx
2026-02-10 14:38:10.184,0.0002676890520224538,bert-inference-54bffd747-t4vgj
2026-02-10 14:38:10.184,0.00017005206870043728,bert-inference-54bffd747-9zzzq
2026-02-10 14:38:10.184,0.00020096449218652578,bert-inference-54bffd747-29hhs
2026-02-10 14:38:15.184,0.0002801209338096379,bert-inference-54bffd747-t4vgj
2026-02-10 14:38:15.184,0.00013783411199565617,bert-inference-54bffd747-qkhmx
2026-02-10 14:38:15.184,0.0001280257567660244,bert-inference-54bffd747-pz7fp
2026-02-10 14:38:15.184,0.00017005206870043728,bert-inference-54bffd747-9zzzq
2026-02-10 14:38:15.184,0.00020096449218652578,bert-inference-54bffd747-29hhs
2026-02-10 14:38:20.184,0.0002693247010064812,bert-inference-54bffd747-t4vgj
2026-02-10 14:38:20.184,0.00012479133132062468,bert-inference-54bffd747-qkhmx
2026-02-10 14:38:20.184,0.00013325843305133224,bert-inference-54bffd747-pz7fp
2026-02-10 14:38:20.184,0.00016523769655965267,bert-inference-54bffd747-9zzzq
2026-02-10 14:38:20.184,0.00019962326773558295,bert-inference-54bffd747-29hhs
2026-02-10 14:38:25.184,0.00014648015430891132,bert-inference-54bffd747-pz7fp
2026-02-10 14:38:25.184,0.00016523769655965267,bert-inference-54bffd747-9zzzq
2026-02-10 14:38:25.184,0.0002074488546950213,bert-inference-54bffd747-29hhs
2026-02-10 14:38:25.184,0.0002724214291305882,bert-inference-54bffd747-t4vgj
2026-02-10 14:38:25.184,0.00014455842425087044,bert-inference-54bffd747-qkhmx
2026-02-10 14:38:30.184,0.00018080347052614395,bert-inference-54bffd747-9zzzq
2026-02-10 14:38:30.184,0.00029631795364722677,bert-inference-54bffd747-t4vgj
2026-02-10 14:38:30.184,0.00014746050890919292,bert-inference-54bffd747-qkhmx
2026-02-10 14:38:30.184,0.00014810321401072926,bert-inference-54bffd747-pz7fp
2026-02-10 14:38:30.184,0.0002017102518756092,bert-inference-54bffd747-29hhs
2026-02-10 14:38:35.184,0.0001903374561420828,bert-inference-54bffd747-29hhs
2026-02-10 14:38:35.184,0.0001823385152499551,bert-inference-54bffd747-9zzzq
2026-02-10 14:38:35.184,0.00014757257286260805,bert-inference-54bffd747-pz7fp
2026-02-10 14:38:35.184,0.0002748626689325143,bert-inference-54bffd747-t4vgj
2026-02-10 14:38:35.184,0.00014855259024743988,bert-inference-54bffd747-qkhmx
2026-02-10 14:38:40.184,0.000126113667845208,bert-inference-54bffd747-pz7fp
2026-02-10 14:38:40.184,0.0001927445045807543,bert-inference-54bffd747-29hhs
2026-02-10 14:38:40.184,0.00014934846690493355,bert-inference-54bffd747-qkhmx
2026-02-10 14:38:40.184,0.00022560079289605058,bert-inference-54bffd747-t4vgj
2026-02-10 14:38:40.184,0.0001829698853650217,bert-inference-54bffd747-9zzzq
2026-02-10 14:38:45.184,0.0001863075126313969,bert-inference-54bffd747-t4vgj
2026-02-10 14:38:45.184,0.00014934846690493355,bert-inference-54bffd747-qkhmx
2026-02-10 14:38:45.184,0.0001319746830041999,bert-inference-54bffd747-pz7fp
2026-02-10 14:38:45.184,0.00018329373814647405,bert-inference-54bffd747-29hhs
2026-02-10 14:38:45.184,0.0001794526673157566,bert-inference-54bffd747-9zzzq
2026-02-10 14:38:50.184,0.0001462611009688708,bert-inference-54bffd747-qkhmx
2026-02-10 14:38:50.184,0.00013286422021372595,bert-inference-54bffd747-pz7fp
2026-02-10 14:38:50.184,0.0001863075126313969,bert-inference-54bffd747-t4vgj
2026-02-10 14:38:50.184,0.00017411635799564882,bert-inference-54bffd747-9zzzq
2026-02-10 14:38:50.184,0.00016401884661612658,bert-inference-54bffd747-29hhs
2026-02-10 14:38:55.184,0.00016196751809865654,bert-inference-54bffd747-29hhs
2026-02-10 14:38:55.184,0.00013258625050082713,bert-inference-54bffd747-qkhmx
2026-02-10 14:38:55.184,0.00012929511480928754,bert-inference-54bffd747-pz7fp
2026-02-10 14:38:55.184,0.0002075997659310621,bert-inference-54bffd747-9zzzq
2026-02-10 14:38:55.184,0.00016729093191474346,bert-inference-54bffd747-t4vgj
2026-02-10 14:39:00.184,0.00014559106473910599,bert-inference-54bffd747-qkhmx
2026-02-10 14:39:00.184,0.00016248433308847955,bert-inference-54bffd747-29hhs
2026-02-10 14:39:00.184,0.00022344749059088475,bert-inference-54bffd747-t4vgj
2026-02-10 14:39:00.184,0.00018987836633891402,bert-inference-54bffd747-9zzzq
2026-02-10 14:39:00.184,0.00015706269519685532,bert-inference-54bffd747-pz7fp
2026-02-10 14:39:05.184,0.00015178323775781865,bert-inference-54bffd747-29hhs
2026-02-10 14:39:05.184,0.00015925524348747792,bert-inference-54bffd747-pz7fp
2026-02-10 14:39:05.184,0.0001321747501725385,bert-inference-54bffd747-qkhmx
2026-02-10 14:39:05.184,0.00021145309241583308,bert-inference-54bffd747-t4vgj
2026-02-10 14:39:05.184,0.00022422865575304055,bert-inference-54bffd747-9zzzq
2026-02-10 14:39:10.184,0.00015290152900922785,bert-inference-54bffd747-29hhs
2026-02-10 14:39:10.184,0.00014179269217552104,bert-inference-54bffd747-qkhmx
2026-02-10 14:39:10.184,0.0001501782950783361,bert-inference-54bffd747-pz7fp
2026-02-10 14:39:10.184,0.00020460861943353003,bert-inference-54bffd747-9zzzq
2026-02-10 14:39:10.184,0.00022983620255212912,bert-inference-54bffd747-t4vgj
2026-02-10 14:39:15.184,0.00015881914425202014,bert-inference-54bffd747-pz7fp
2026-02-10 14:39:15.184,0.00020060598347231847,bert-inference-54bffd747-t4vgj
2026-02-10 14:39:15.184,0.00022340207921621647,bert-inference-54bffd747-9zzzq
2026-02-10 14:39:15.184,0.0001530523779906044,bert-inference-54bffd747-29hhs
2026-02-10 14:39:15.184,0.00013969704399689802,bert-inference-54bffd747-qkhmx
2026-02-10 14:39:20.184,0.0002057359752945303,bert-inference-54bffd747-t4vgj
2026-02-10 14:39:20.184,0.0002186886421392431,bert-inference-54bffd747-9zzzq
2026-02-10 14:39:20.184,0.00015580036656232302,bert-inference-54bffd747-29hhs
2026-02-10 14:39:20.184,0.00013897359971368933,bert-inference-54bffd747-qkhmx
2026-02-10 14:39:20.184,0.00016016811381403312,bert-inference-54bffd747-pz7fp
2026-02-10 14:39:25.184,0.00013761286517296876,bert-inference-54bffd747-qkhmx
2026-02-10 14:39:25.184,0.00015580036656232302,bert-inference-54bffd747-29hhs
2026-02-10 14:39:25.184,0.00015730500431255135,bert-inference-54bffd747-pz7fp
2026-02-10 14:39:25.184,0.00021023469122161993,bert-inference-54bffd747-t4vgj
2026-02-10 14:39:25.184,0.00020191940666051063,bert-inference-54bffd747-9zzzq
2026-02-10 14:39:30.184,0.00014105551445610978,bert-inference-54bffd747-29hhs
2026-02-10 14:39:30.184,0.0001573415725955953,bert-inference-54bffd747-pz7fp
2026-02-10 14:39:30.184,0.00023552630074008998,bert-inference-54bffd747-9zzzq
2026-02-10 14:39:30.184,0.00014026342958978682,bert-inference-54bffd747-qkhmx
2026-02-10 14:39:30.184,0.00020182577243851038,bert-inference-54bffd747-t4vgj
2026-02-10 14:39:35.184,0.00013538597738393428,bert-inference-54bffd747-29hhs
2026-02-10 14:39:35.184,0.0001573415725955953,bert-inference-54bffd747-pz7fp
2026-02-10 14:39:35.184,0.00014603536508170776,bert-inference-54bffd747-qkhmx
2026-02-10 14:39:35.184,0.00023552630074008998,bert-inference-54bffd747-9zzzq
2026-02-10 14:39:35.184,0.00019618311480773906,bert-inference-54bffd747-t4vgj
2026-02-10 14:39:40.184,0.00013956683482133347,bert-inference-54bffd747-pz7fp
2026-02-10 14:39:40.184,0.00013348316971934898,bert-inference-54bffd747-qkhmx
2026-02-10 14:39:40.184,0.00023552630074009,bert-inference-54bffd747-9zzzq
2026-02-10 14:39:40.184,0.00014225158769004843,bert-inference-54bffd747-29hhs
2026-02-10 14:39:40.184,0.000153670745028037,bert-inference-54bffd747-t4vgj
2026-02-10 14:39:45.184,0.00016711565575773619,bert-inference-54bffd747-pz7fp
2026-02-10 14:39:45.184,0.00014690688766806685,bert-inference-54bffd747-qkhmx
2026-02-10 14:39:45.184,0.0001334669461651135,bert-inference-54bffd747-29hhs
2026-02-10 14:39:45.184,0.00015904551050477064,bert-inference-54bffd747-t4vgj
2026-02-10 14:39:45.184,0.0002001640906420675,bert-inference-54bffd747-9zzzq
2026-02-10 14:39:50.184,0.00014818182397842357,bert-inference-54bffd747-qkhmx
2026-02-10 14:39:50.184,0.00021310761149044522,bert-inference-54bffd747-9zzzq
2026-02-10 14:39:50.184,0.00016711565575773619,bert-inference-54bffd747-pz7fp
2026-02-10 14:39:50.184,0.00015380581435115055,bert-inference-54bffd747-t4vgj
2026-02-10 14:39:50.184,0.00014136665532567768,bert-inference-54bffd747-29hhs
2026-02-10 14:39:55.184,0.00014731070733129846,bert-inference-54bffd747-qkhmx
2026-02-10 14:39:55.184,0.00021369511081707255,bert-inference-54bffd747-9zzzq
2026-02-10 14:39:55.184,0.00015380581435115055,bert-inference-54bffd747-t4vgj
2026-02-10 14:39:55.184,0.00015972798659568928,bert-inference-54bffd747-pz7fp
2026-02-10 14:39:55.184,0.00013955615393681836,bert-inference-54bffd747-29hhs
2026-02-10 14:40:00.184,0.0001516310840719234,bert-inference-54bffd747-qkhmx
2026-02-10 14:40:00.184,0.00014855445216030406,bert-inference-54bffd747-t4vgj
2026-02-10 14:40:00.184,0.00015022984425279727,bert-inference-54bffd747-29hhs
2026-02-10 14:40:00.184,0.0001600360124673048,bert-inference-54bffd747-pz7fp
2026-02-10 14:40:00.184,0.00020875876972112256,bert-inference-54bffd747-9zzzq
2026-02-10 14:40:05.184,0.00016127086084217264,bert-inference-54bffd747-pz7fp
2026-02-10 14:40:05.184,0.000138858467070997,bert-inference-54bffd747-t4vgj
2026-02-10 14:40:05.184,0.00020493627283174203,bert-inference-54bffd747-9zzzq
2026-02-10 14:40:05.184,0.00015451200251208016,bert-inference-54bffd747-29hhs
2026-02-10 14:40:05.184,0.00015332104567844165,bert-inference-54bffd747-qkhmx
2026-02-10 14:40:10.184,0.000138858467070997,bert-inference-54bffd747-t4vgj
2026-02-10 14:40:10.184,0.00019823408612540101,bert-inference-54bffd747-9zzzq
2026-02-10 14:40:10.184,0.00014563507950205465,bert-inference-54bffd747-qkhmx
2026-02-10 14:40:10.184,0.00015607081512334405,bert-inference-54bffd747-29hhs
2026-02-10 14:40:10.184,0.00015021132793346763,bert-inference-54bffd747-pz7fp
2026-02-10 14:40:15.184,0.0001612403043170497,bert-inference-54bffd747-qkhmx
2026-02-10 14:40:15.184,0.00016576708787642162,bert-inference-54bffd747-29hhs
2026-02-10 14:40:15.184,0.00018042771262359895,bert-inference-54bffd747-9zzzq
2026-02-10 14:40:15.184,0.00015965900866824867,bert-inference-54bffd747-pz7fp
2026-02-10 14:40:15.184,0.00011358452529637304,bert-inference-54bffd747-t4vgj
2026-02-10 14:40:20.184,0.00016278096416131324,bert-inference-54bffd747-29hhs
2026-02-10 14:40:20.184,0.00016014514049732915,bert-inference-54bffd747-qkhmx
2026-02-10 14:40:20.184,0.00017446730492359962,bert-inference-54bffd747-9zzzq
2026-02-10 14:40:20.184,0.00014796481225201792,bert-inference-54bffd747-pz7fp
2026-02-10 14:40:20.184,0.00012356689556353848,bert-inference-54bffd747-t4vgj
2026-02-10 14:40:25.184,0.00016014514049732915,bert-inference-54bffd747-qkhmx
2026-02-10 14:40:25.184,0.00013357125619472253,bert-inference-54bffd747-pz7fp
2026-02-10 14:40:25.184,0.00017446730492359962,bert-inference-54bffd747-9zzzq
2026-02-10 14:40:25.184,0.0001785583156920067,bert-inference-54bffd747-29hhs
2026-02-10 14:40:25.184,0.00012356689556353848,bert-inference-54bffd747-t4vgj
2026-02-10 14:40:30.184,0.00010950974109033767,bert-inference-54bffd747-t4vgj
2026-02-10 14:40:30.184,0.00018611623941181883,bert-inference-54bffd747-qkhmx
2026-02-10 14:40:30.184,0.00019645128901633814,bert-inference-54bffd747-29hhs
2026-02-10 14:40:30.184,0.00014084100258188176,bert-inference-54bffd747-pz7fp
2026-02-10 14:40:30.184,0.0001110573324254416,bert-inference-54bffd747-9zzzq
2026-02-10 14:40:35.184,0.0001567887382248278,bert-inference-54bffd747-9zzzq
2026-02-10 14:40:35.184,0.0002020542523646966,bert-inference-54bffd747-qkhmx
2026-02-10 14:40:35.184,0.0001166090316031017,bert-inference-54bffd747-t4vgj
2026-02-10 14:40:35.184,0.00020652847035825938,bert-inference-54bffd747-29hhs
2026-02-10 14:40:35.184,0.00014151419705673627,bert-inference-54bffd747-pz7fp
2026-02-10 14:40:40.184,0.00019254408026254922,bert-inference-54bffd747-qkhmx
2026-02-10 14:40:40.184,0.00012033324342244006,bert-inference-54bffd747-t4vgj
2026-02-10 14:40:40.184,0.0001442815394039749,bert-inference-54bffd747-pz7fp
2026-02-10 14:40:40.184,0.0001567887382248278,bert-inference-54bffd747-9zzzq
2026-02-10 14:40:40.184,0.0002027569792037159,bert-inference-54bffd747-29hhs
2026-02-10 14:40:45.184,0.00014427140635773548,bert-inference-54bffd747-pz7fp
2026-02-10 14:40:45.184,0.00013125415617320534,bert-inference-54bffd747-t4vgj
2026-02-10 14:40:45.184,0.00019210504599197938,bert-inference-54bffd747-29hhs
2026-02-10 14:40:45.184,0.00022888401895483342,bert-inference-54bffd747-9zzzq
2026-02-10 14:40:45.184,0.00018380326713413213,bert-inference-54bffd747-qkhmx
2026-02-10 14:40:50.184,0.0001838032671341321,bert-inference-54bffd747-qkhmx
2026-02-10 14:40:50.184,0.00023785571426588524,bert-inference-54bffd747-9zzzq
2026-02-10 14:40:50.184,0.00013638721089143216,bert-inference-54bffd747-t4vgj
2026-02-10 14:40:50.184,0.00014498477040417163,bert-inference-54bffd747-pz7fp
2026-02-10 14:40:50.184,0.00019102024934794477,bert-inference-54bffd747-29hhs
2026-02-10 14:40:55.184,0.0001377333322346988,bert-inference-54bffd747-t4vgj
2026-02-10 14:40:55.184,0.00016527676803979768,bert-inference-54bffd747-qkhmx
2026-02-10 14:40:55.184,0.00022888808981898784,bert-inference-54bffd747-9zzzq
2026-02-10 14:40:55.184,0.00017799500276099973,bert-inference-54bffd747-29hhs
2026-02-10 14:40:55.184,0.00013233355536513278,bert-inference-54bffd747-pz7fp
2026-02-10 14:41:00.184,0.00024478444737274666,bert-inference-54bffd747-9zzzq
2026-02-10 14:41:00.184,0.00014011010243493628,bert-inference-54bffd747-t4vgj
2026-02-10 14:41:00.184,0.0001696621621309293,bert-inference-54bffd747-29hhs
2026-02-10 14:41:00.184,0.0001421799982431235,bert-inference-54bffd747-pz7fp
2026-02-10 14:41:00.184,0.00017267946020352968,bert-inference-54bffd747-qkhmx
2026-02-10 14:41:05.184,0.0001424271894732472,bert-inference-54bffd747-t4vgj
2026-02-10 14:41:05.184,0.00015174559979838626,bert-inference-54bffd747-pz7fp
2026-02-10 14:41:05.184,0.00018335639285126928,bert-inference-54bffd747-29hhs
2026-02-10 14:41:05.184,0.0002594848458524076,bert-inference-54bffd747-9zzzq
2026-02-10 14:41:05.184,0.00016605507864785182,bert-inference-54bffd747-qkhmx
2026-02-10 14:41:10.184,0.0001588908798822894,bert-inference-54bffd747-pz7fp
2026-02-10 14:41:10.184,0.0001309701117502752,bert-inference-54bffd747-qkhmx
2026-02-10 14:41:10.184,0.00022340119586699572,bert-inference-54bffd747-9zzzq
2026-02-10 14:41:10.184,0.00016691050948535686,bert-inference-54bffd747-29hhs
2026-02-10 14:41:10.184,0.00012858334482355503,bert-inference-54bffd747-t4vgj
2026-02-10 14:41:15.184,0.0001343419732386297,bert-inference-54bffd747-qkhmx
2026-02-10 14:41:15.184,0.00016414025429529767,bert-inference-54bffd747-pz7fp
2026-02-10 14:41:15.184,0.00012844328696732973,bert-inference-54bffd747-t4vgj
2026-02-10 14:41:15.184,0.0002182656649153366,bert-inference-54bffd747-9zzzq
2026-02-10 14:41:15.184,0.000157287289958742,bert-inference-54bffd747-29hhs
2026-02-10 14:41:20.184,0.0002598787233759599,bert-inference-54bffd747-9zzzq
2026-02-10 14:41:20.184,0.00013868961443611223,bert-inference-54bffd747-t4vgj
2026-02-10 14:41:20.184,0.00013642511651770973,bert-inference-54bffd747-29hhs
2026-02-10 14:41:20.184,0.0001630244016215812,bert-inference-54bffd747-pz7fp
2026-02-10 14:41:20.184,0.00013789713388706197,bert-inference-54bffd747-qkhmx
2026-02-10 14:41:25.184,0.00023410319518678223,bert-inference-54bffd747-9zzzq
2026-02-10 14:41:25.184,0.00013868961443611223,bert-inference-54bffd747-t4vgj
2026-02-10 14:41:25.184,0.00013789713388706197,bert-inference-54bffd747-qkhmx
2026-02-10 14:41:25.184,0.0001584575792585044,bert-inference-54bffd747-pz7fp
2026-02-10 14:41:25.184,0.00015125348494700593,bert-inference-54bffd747-29hhs
2026-02-10 14:41:30.184,0.0001584575792585044,bert-inference-54bffd747-pz7fp
2026-02-10 14:41:30.184,0.00013199528161781762,bert-inference-54bffd747-29hhs
2026-02-10 14:41:30.184,0.00014400570350082042,bert-inference-54bffd747-qkhmx
2026-02-10 14:41:30.184,0.0001328342232687078,bert-inference-54bffd747-t4vgj
2026-02-10 14:41:30.184,0.0002466067876125396,bert-inference-54bffd747-9zzzq
2026-02-10 14:41:35.184,0.0001328342232687078,bert-inference-54bffd747-t4vgj
2026-02-10 14:41:35.184,0.0001605144889951185,bert-inference-54bffd747-pz7fp
2026-02-10 14:41:35.184,0.00015685557678978386,bert-inference-54bffd747-29hhs
2026-02-10 14:41:35.184,0.00015462185136331055,bert-inference-54bffd747-qkhmx
2026-02-10 14:41:35.184,0.00018749180331179786,bert-inference-54bffd747-9zzzq
2026-02-10 14:41:40.184,0.00016024700919891875,bert-inference-54bffd747-pz7fp
2026-02-10 14:41:40.184,0.0001685127916890407,bert-inference-54bffd747-29hhs
2026-02-10 14:41:40.184,0.00018647924876191466,bert-inference-54bffd747-9zzzq
2026-02-10 14:41:40.184,0.00013039631169284912,bert-inference-54bffd747-t4vgj
2026-02-10 14:41:40.184,0.0001566049591947646,bert-inference-54bffd747-qkhmx
2026-02-10 14:41:45.184,0.00010687740000224555,bert-inference-54bffd747-t4vgj
2026-02-10 14:41:45.184,0.00016646073729200984,bert-inference-54bffd747-9zzzq
2026-02-10 14:41:45.184,0.0001620358991326956,bert-inference-54bffd747-pz7fp
2026-02-10 14:41:45.184,0.00016516301181552606,bert-inference-54bffd747-qkhmx
2026-02-10 14:41:45.184,0.00017928783219390646,bert-inference-54bffd747-29hhs
2026-02-10 14:41:50.184,0.00015641181822606228,bert-inference-54bffd747-pz7fp
2026-02-10 14:41:50.184,0.00018923139423573378,bert-inference-54bffd747-29hhs
2026-02-10 14:41:50.184,0.00014018522474761822,bert-inference-54bffd747-t4vgj
2026-02-10 14:41:50.184,0.00017881801462334485,bert-inference-54bffd747-9zzzq
2026-02-10 14:41:50.184,0.00016516301181552606,bert-inference-54bffd747-qkhmx
2026-02-10 14:41:55.184,0.00020484859356445365,bert-inference-54bffd747-29hhs
2026-02-10 14:41:55.184,0.00017149587336044218,bert-inference-54bffd747-qkhmx
2026-02-10 14:41:55.184,0.00014511082712155972,bert-inference-54bffd747-t4vgj
2026-02-10 14:41:55.184,0.0001486184662628816,bert-inference-54bffd747-pz7fp
2026-02-10 14:41:55.184,0.00017033509882171457,bert-inference-54bffd747-9zzzq
2026-02-10 14:42:00.184,0.0002039208982465722,bert-inference-54bffd747-29hhs
2026-02-10 14:42:00.184,0.00017835026113374508,bert-inference-54bffd747-qkhmx
2026-02-10 14:42:00.184,0.00018385189116695602,bert-inference-54bffd747-9zzzq
2026-02-10 14:42:00.184,0.00014604913084863605,bert-inference-54bffd747-pz7fp
2026-02-10 14:42:00.184,0.00014798786924838717,bert-inference-54bffd747-t4vgj
2026-02-10 14:42:05.184,0.00013294650024862388,bert-inference-54bffd747-pz7fp
2026-02-10 14:42:05.184,0.00021082660671018497,bert-inference-54bffd747-29hhs
2026-02-10 14:42:05.184,0.00015556497808361805,bert-inference-54bffd747-t4vgj
2026-02-10 14:42:05.184,0.0001773409123614036,bert-inference-54bffd747-qkhmx
2026-02-10 14:42:05.184,0.00017728936943956462,bert-inference-54bffd747-9zzzq
2026-02-10 14:42:10.184,0.0001604919566232663,bert-inference-54bffd747-t4vgj
2026-02-10 14:42:10.184,0.00021082660671018497,bert-inference-54bffd747-29hhs
2026-02-10 14:42:10.184,0.00016875223496826055,bert-inference-54bffd747-9zzzq
2026-02-10 14:42:10.184,0.000173169567633103,bert-inference-54bffd747-qkhmx
2026-02-10 14:42:10.184,0.00014674473825264058,bert-inference-54bffd747-pz7fp
2026-02-10 14:42:15.184,0.00014973817541700238,bert-inference-54bffd747-pz7fp
2026-02-10 14:42:15.184,0.0001564636211906184,bert-inference-54bffd747-9zzzq
2026-02-10 14:42:15.184,0.00016597000968054433,bert-inference-54bffd747-t4vgj
2026-02-10 14:42:15.184,0.00015364767277004478,bert-inference-54bffd747-qkhmx
2026-02-10 14:42:15.184,0.00020874338657303693,bert-inference-54bffd747-29hhs
2026-02-10 14:42:20.184,0.0001671805547441523,bert-inference-54bffd747-qkhmx
2026-02-10 14:42:20.184,0.00018084220691151322,bert-inference-54bffd747-29hhs
2026-02-10 14:42:20.184,0.00014776154495576018,bert-inference-54bffd747-pz7fp
2026-02-10 14:42:20.184,0.00015727428651786423,bert-inference-54bffd747-9zzzq
2026-02-10 14:42:20.184,0.00015144895265491753,bert-inference-54bffd747-t4vgj
2026-02-10 14:42:25.184,0.00015144895265491753,bert-inference-54bffd747-t4vgj
2026-02-10 14:42:25.184,0.00015998002525772608,bert-inference-54bffd747-qkhmx
2026-02-10 14:42:25.184,0.00013115986079867482,bert-inference-54bffd747-pz7fp
2026-02-10 14:42:25.184,0.00017139848448608552,bert-inference-54bffd747-29hhs
2026-02-10 14:42:25.184,0.00015727428651786423,bert-inference-54bffd747-9zzzq
2026-02-10 14:42:30.184,0.00012859841630941208,bert-inference-54bffd747-pz7fp
2026-02-10 14:42:30.184,0.00013520378604564708,bert-inference-54bffd747-9zzzq
2026-02-10 14:42:30.184,0.00014757027049512036,bert-inference-54bffd747-qkhmx
2026-02-10 14:42:30.184,0.0001527444119406498,bert-inference-54bffd747-29hhs
2026-02-10 14:42:30.184,0.00013486030876265574,bert-inference-54bffd747-t4vgj
2026-02-10 14:42:35.184,0.00012179168808098501,bert-inference-54bffd747-qkhmx
2026-02-10 14:42:35.184,0.00013447406755766057,bert-inference-54bffd747-9zzzq
2026-02-10 14:42:35.184,0.00013642271451199187,bert-inference-54bffd747-29hhs
2026-02-10 14:42:35.184,0.00014668674316265558,bert-inference-54bffd747-t4vgj
2026-02-10 14:42:35.184,0.0001250194572990254,bert-inference-54bffd747-pz7fp
2026-02-10 14:42:40.184,0.00013440559521520415,bert-inference-54bffd747-9zzzq
2026-02-10 14:42:40.184,0.0001178543369867055,bert-inference-54bffd747-t4vgj
2026-02-10 14:42:40.184,0.00010282225782707525,bert-inference-54bffd747-29hhs
2026-02-10 14:42:40.184,0.00011359352625380516,bert-inference-54bffd747-pz7fp
2026-02-10 14:42:40.184,0.00012179168808098501,bert-inference-54bffd747-qkhmx
2026-02-10 14:42:45.184,0.00010213605799388142,bert-inference-54bffd747-pz7fp
2026-02-10 14:42:45.184,0.0001178543369867055,bert-inference-54bffd747-t4vgj
2026-02-10 14:42:45.184,0.0001297421649001412,bert-inference-54bffd747-9zzzq
2026-02-10 14:42:45.184,9.450272187140474e-05,bert-inference-54bffd747-qkhmx
2026-02-10 14:42:45.184,0.00011079332822194288,bert-inference-54bffd747-29hhs
2026-02-10 14:42:50.184,0.00010150344394250019,bert-inference-54bffd747-29hhs
2026-02-10 14:42:50.184,7.52176676625534e-05,bert-inference-54bffd747-t4vgj
2026-02-10 14:42:50.184,9.306773147441272e-05,bert-inference-54bffd747-qkhmx
2026-02-10 14:42:50.184,0.00011653215145313405,bert-inference-54bffd747-9zzzq
2026-02-10 14:42:50.184,9.646131224052453e-05,bert-inference-54bffd747-pz7fp
2026-02-10 14:42:55.184,8.641227639928287e-05,bert-inference-54bffd747-qkhmx
2026-02-10 14:42:55.184,0.00010150344394250019,bert-inference-54bffd747-29hhs
2026-02-10 14:42:55.184,9.646131224052453e-05,bert-inference-54bffd747-pz7fp
2026-02-10 14:42:55.184,9.952182959926137e-05,bert-inference-54bffd747-9zzzq
2026-02-10 14:42:55.184,6.899759487591486e-05,bert-inference-54bffd747-t4vgj
2026-02-10 14:43:00.184,6.85480926359539e-05,bert-inference-54bffd747-t4vgj
2026-02-10 14:43:00.184,8.641227639928287e-05,bert-inference-54bffd747-qkhmx
2026-02-10 14:43:00.184,8.920968935786365e-05,bert-inference-54bffd747-9zzzq
2026-02-10 14:43:00.184,8.282957254505022e-05,bert-inference-54bffd747-pz7fp
2026-02-10 14:43:00.184,9.492613413597341e-05,bert-inference-54bffd747-29hhs
2026-02-10 14:43:05.184,6.468367868354848e-05,bert-inference-54bffd747-pz7fp
2026-02-10 14:43:05.184,7.955791205735432e-05,bert-inference-54bffd747-qkhmx
2026-02-10 14:43:05.184,9.827002530003799e-05,bert-inference-54bffd747-9zzzq
2026-02-10 14:43:05.184,0.00010477217531398473,bert-inference-54bffd747-29hhs
2026-02-10 14:43:05.184,6.033898623184534e-05,bert-inference-54bffd747-t4vgj
2026-02-10 14:43:10.184,9.827002530003799e-05,bert-inference-54bffd747-9zzzq
2026-02-10 14:43:10.184,0.00010477217531398473,bert-inference-54bffd747-29hhs
2026-02-10 14:43:10.184,6.348678893474984e-05,bert-inference-54bffd747-qkhmx
2026-02-10 14:43:10.184,7.090127624595023e-05,bert-inference-54bffd747-pz7fp
2026-02-10 14:43:10.184,5.941412214800842e-05,bert-inference-54bffd747-t4vgj
2026-02-10 14:43:15.184,5.941412214800842e-05,bert-inference-54bffd747-t4vgj
2026-02-10 14:43:15.184,9.014765546688208e-05,bert-inference-54bffd747-9zzzq
2026-02-10 14:43:15.184,0.00012025377687279267,bert-inference-54bffd747-29hhs
2026-02-10 14:43:15.184,0.00011114971896751895,bert-inference-54bffd747-pz7fp
2026-02-10 14:43:15.184,6.055123710675361e-05,bert-inference-54bffd747-qkhmx
2026-02-10 14:43:20.184,4.932211317183139e-05,bert-inference-54bffd747-t4vgj
2026-02-10 14:43:20.184,9.320030014901636e-05,bert-inference-54bffd747-9zzzq
2026-02-10 14:43:20.184,6.055123710675361e-05,bert-inference-54bffd747-qkhmx
2026-02-10 14:43:20.184,0.00011114971896751895,bert-inference-54bffd747-pz7fp
2026-02-10 14:43:20.184,0.00011490563800208978,bert-inference-54bffd747-29hhs
2026-02-10 14:43:25.184,6.118136621473228e-05,bert-inference-54bffd747-qkhmx
2026-02-10 14:43:25.184,6.216758630122182e-05,bert-inference-54bffd747-t4vgj
2026-02-10 14:43:25.184,9.320030014901636e-05,bert-inference-54bffd747-9zzzq
2026-02-10 14:43:25.184,0.0001261277077442272,bert-inference-54bffd747-29hhs
2026-02-10 14:43:25.184,0.00012493215778344588,bert-inference-54bffd747-pz7fp
2026-02-10 14:43:30.184,0.00010764216945660024,bert-inference-54bffd747-29hhs
2026-02-10 14:43:30.184,5.784961585681711e-05,bert-inference-54bffd747-qkhmx
2026-02-10 14:43:30.184,6.216758630122182e-05,bert-inference-54bffd747-t4vgj
2026-02-10 14:43:30.184,9.170186816434583e-05,bert-inference-54bffd747-9zzzq
2026-02-10 14:43:30.184,0.00016856365545512327,bert-inference-54bffd747-pz7fp
2026-02-10 14:43:35.184,0.00011215261716308892,bert-inference-54bffd747-29hhs
2026-02-10 14:43:35.184,4.824807240084983e-05,bert-inference-54bffd747-qkhmx
2026-02-10 14:43:35.184,7.722259195492545e-05,bert-inference-54bffd747-9zzzq
2026-02-10 14:43:35.184,5.754260331774839e-05,bert-inference-54bffd747-t4vgj
2026-02-10 14:43:35.184,0.00016856365545512327,bert-inference-54bffd747-pz7fp
2026-02-10 14:43:40.184,0.00018002589379879566,bert-inference-54bffd747-pz7fp
2026-02-10 14:43:40.184,0.00010922036231199006,bert-inference-54bffd747-29hhs
2026-02-10 14:43:40.184,8.439287185674766e-05,bert-inference-54bffd747-9zzzq
2026-02-10 14:43:40.184,5.243734282705519e-05,bert-inference-54bffd747-qkhmx
2026-02-10 14:43:40.184,7.034725306745356e-05,bert-inference-54bffd747-t4vgj
2026-02-10 14:43:45.184,7.022557721002439e-05,bert-inference-54bffd747-9zzzq
2026-02-10 14:43:45.184,4.92871171852956e-05,bert-inference-54bffd747-qkhmx
2026-02-10 14:43:45.184,7.69623723746482e-05,bert-inference-54bffd747-t4vgj
2026-02-10 14:43:45.184,9.567003130141809e-05,bert-inference-54bffd747-29hhs
2026-02-10 14:43:45.184,0.0001859287417181791,bert-inference-54bffd747-pz7fp
2026-02-10 14:43:50.184,0.0001844999314428711,bert-inference-54bffd747-pz7fp
2026-02-10 14:43:50.184,8.318831959960416e-05,bert-inference-54bffd747-29hhs
2026-02-10 14:43:50.184,8.018525161679402e-05,bert-inference-54bffd747-t4vgj
2026-02-10 14:43:50.184,4.92871171852956e-05,bert-inference-54bffd747-qkhmx
2026-02-10 14:43:50.184,7.017555112930457e-05,bert-inference-54bffd747-9zzzq
2026-02-10 14:43:55.184,5.401838246782371e-05,bert-inference-54bffd747-qkhmx
2026-02-10 14:43:55.184,8.663745484374882e-05,bert-inference-54bffd747-t4vgj
2026-02-10 14:43:55.184,8.889130775004215e-05,bert-inference-54bffd747-29hhs
2026-02-10 14:43:55.184,0.00017775600192722463,bert-inference-54bffd747-pz7fp
2026-02-10 14:43:55.184,6.906021774463263e-05,bert-inference-54bffd747-9zzzq
2026-02-10 14:44:00.184,8.684057539537328e-05,bert-inference-54bffd747-t4vgj
2026-02-10 14:44:00.184,5.401838246782371e-05,bert-inference-54bffd747-qkhmx
2026-02-10 14:44:00.184,0.00018966847666879012,bert-inference-54bffd747-pz7fp
2026-02-10 14:44:00.184,8.991543311909092e-05,bert-inference-54bffd747-29hhs
2026-02-10 14:44:00.184,7.003653229553368e-05,bert-inference-54bffd747-9zzzq
2026-02-10 14:44:05.184,5.922949220508445e-05,bert-inference-54bffd747-qkhmx
2026-02-10 14:44:05.184,0.00014895518936564574,bert-inference-54bffd747-pz7fp
2026-02-10 14:44:05.184,7.412734461671235e-05,bert-inference-54bffd747-29hhs
2026-02-10 14:44:05.184,8.684057539537328e-05,bert-inference-54bffd747-t4vgj
2026-02-10 14:44:05.184,6.658325227700831e-05,bert-inference-54bffd747-9zzzq
2026-02-10 14:44:10.184,9.35281157146172e-05,bert-inference-54bffd747-pz7fp
2026-02-10 14:44:10.184,7.989938522662928e-05,bert-inference-54bffd747-9zzzq
2026-02-10 14:44:10.184,7.424969090637419e-05,bert-inference-54bffd747-29hhs
2026-02-10 14:44:10.184,5.901050627790132e-05,bert-inference-54bffd747-qkhmx
2026-02-10 14:44:10.184,8.60642128199188e-05,bert-inference-54bffd747-t4vgj
2026-02-10 14:44:15.184,0.00010345365690635964,bert-inference-54bffd747-9zzzq
2026-02-10 14:44:15.184,7.12324124360153e-05,bert-inference-54bffd747-29hhs
2026-02-10 14:44:15.184,6.003552146277148e-05,bert-inference-54bffd747-qkhmx
2026-02-10 14:44:15.184,9.586016771965662e-05,bert-inference-54bffd747-t4vgj
2026-02-10 14:44:15.184,9.052601507976724e-05,bert-inference-54bffd747-pz7fp
2026-02-10 14:44:20.184,0.00012110160868647764,bert-inference-54bffd747-9zzzq
2026-02-10 14:44:20.184,7.20502427185745e-05,bert-inference-54bffd747-29hhs
2026-02-10 14:44:20.184,6.235755106965367e-05,bert-inference-54bffd747-qkhmx
2026-02-10 14:44:20.184,9.092454955864399e-05,bert-inference-54bffd747-pz7fp
2026-02-10 14:44:20.184,9.242292278931502e-05,bert-inference-54bffd747-t4vgj
2026-02-10 14:44:25.184,6.60327111857005e-05,bert-inference-54bffd747-qkhmx
2026-02-10 14:44:25.184,6.55390183692248e-05,bert-inference-54bffd747-29hhs
2026-02-10 14:44:25.184,9.355270558056963e-05,bert-inference-54bffd747-pz7fp
2026-02-10 14:44:25.184,0.00010498562517418408,bert-inference-54bffd747-t4vgj
2026-02-10 14:44:25.184,0.0001347673384496557,bert-inference-54bffd747-9zzzq
2026-02-10 14:44:30.184,7.321077700459737e-05,bert-inference-54bffd747-qkhmx
2026-02-10 14:44:30.184,6.801061790291398e-05,bert-inference-54bffd747-29hhs
2026-02-10 14:44:30.184,8.517476408031744e-05,bert-inference-54bffd747-pz7fp
2026-02-10 14:44:30.184,9.618893930845606e-05,bert-inference-54bffd747-t4vgj
2026-02-10 14:44:30.184,0.00012347521701850273,bert-inference-54bffd747-9zzzq
2026-02-10 14:44:35.184,7.48095959946653e-05,bert-inference-54bffd747-pz7fp
2026-02-10 14:44:35.184,0.00015007906892231264,bert-inference-54bffd747-9zzzq
2026-02-10 14:44:35.184,6.867132671577514e-05,bert-inference-54bffd747-29hhs
2026-02-10 14:44:35.184,7.321077700459737e-05,bert-inference-54bffd747-qkhmx
2026-02-10 14:44:35.184,0.00010080927603132938,bert-inference-54bffd747-t4vgj
2026-02-10 14:44:40.184,7.48095959946653e-05,bert-inference-54bffd747-pz7fp
2026-02-10 14:44:40.184,0.00011448228320888243,bert-inference-54bffd747-t4vgj
2026-02-10 14:44:40.184,6.422205858343576e-05,bert-inference-54bffd747-qkhmx
2026-02-10 14:44:40.184,7.038419520574735e-05,bert-inference-54bffd747-29hhs
2026-02-10 14:44:40.184,0.0001285990972181331,bert-inference-54bffd747-9zzzq
2026-02-10 14:44:45.184,6.895149037821798e-05,bert-inference-54bffd747-pz7fp
2026-02-10 14:44:45.184,6.050365031405979e-05,bert-inference-54bffd747-29hhs
2026-02-10 14:44:45.184,0.00011679941640272703,bert-inference-54bffd747-t4vgj
2026-02-10 14:44:45.184,0.00013866836320618734,bert-inference-54bffd747-9zzzq
2026-02-10 14:44:45.184,6.194530107894784e-05,bert-inference-54bffd747-qkhmx
2026-02-10 14:44:50.184,0.00012419698599099924,bert-inference-54bffd747-9zzzq
2026-02-10 14:44:50.184,0.00011493789824584403,bert-inference-54bffd747-t4vgj
2026-02-10 14:44:50.184,6.17287993233346e-05,bert-inference-54bffd747-29hhs
2026-02-10 14:44:50.184,6.536802155254786e-05,bert-inference-54bffd747-pz7fp
2026-02-10 14:44:50.184,6.225310436499621e-05,bert-inference-54bffd747-qkhmx
2026-02-10 14:44:55.184,6.824736293781927e-05,bert-inference-54bffd747-29hhs
2026-02-10 14:44:55.184,6.308511842763864e-05,bert-inference-54bffd747-qkhmx
2026-02-10 14:44:55.184,0.0001193670895641453,bert-inference-54bffd747-9zzzq
2026-02-10 14:44:55.184,7.300156199484187e-05,bert-inference-54bffd747-pz7fp
2026-02-10 14:44:55.184,0.0001235098232542216,bert-inference-54bffd747-t4vgj
2026-02-10 14:45:00.184,8.498756718362897e-05,bert-inference-54bffd747-9zzzq
2026-02-10 14:45:00.184,7.103196428428453e-05,bert-inference-54bffd747-29hhs
2026-02-10 14:45:00.184,6.338656908229807e-05,bert-inference-54bffd747-qkhmx
2026-02-10 14:45:00.184,0.00013445651343092628,bert-inference-54bffd747-t4vgj
2026-02-10 14:45:00.184,7.300156199484187e-05,bert-inference-54bffd747-pz7fp
2026-02-10 14:45:05.184,7.115529797847714e-05,bert-inference-54bffd747-pz7fp
2026-02-10 14:45:05.184,0.0001205327225015177,bert-inference-54bffd747-t4vgj
2026-02-10 14:45:05.184,7.103196428428453e-05,bert-inference-54bffd747-29hhs
2026-02-10 14:45:05.184,5.146988731059244e-05,bert-inference-54bffd747-qkhmx
2026-02-10 14:45:05.184,8.260297913350814e-05,bert-inference-54bffd747-9zzzq
2026-02-10 14:45:10.184,5.838242808514167e-05,bert-inference-54bffd747-pz7fp
2026-02-10 14:45:10.184,0.0001223915046340609,bert-inference-54bffd747-t4vgj
2026-02-10 14:45:10.184,7.37147963833475e-05,bert-inference-54bffd747-29hhs
2026-02-10 14:45:10.184,5.479383607424819e-05,bert-inference-54bffd747-qkhmx
2026-02-10 14:45:10.184,6.299167817562064e-05,bert-inference-54bffd747-9zzzq
2026-02-10 14:45:15.184,0.00012807910644073748,bert-inference-54bffd747-t4vgj
2026-02-10 14:45:15.184,6.938662153661561e-05,bert-inference-54bffd747-29hhs
2026-02-10 14:45:15.184,5.023057185023882e-05,bert-inference-54bffd747-qkhmx
2026-02-10 14:45:15.184,6.023990714264009e-05,bert-inference-54bffd747-9zzzq
2026-02-10 14:45:15.184,5.838242808514167e-05,bert-inference-54bffd747-pz7fp
2026-02-10 14:45:20.184,5.0550089020040094e-05,bert-inference-54bffd747-qkhmx
2026-02-10 14:45:20.184,5.443930683267088e-05,bert-inference-54bffd747-pz7fp
2026-02-10 14:45:20.184,6.938662153661561e-05,bert-inference-54bffd747-29hhs
2026-02-10 14:45:20.184,0.00014642046111645743,bert-inference-54bffd747-t4vgj
2026-02-10 14:45:20.184,6.20534271181867e-05,bert-inference-54bffd747-9zzzq
2026-02-10 14:45:25.184,6.709315030032655e-05,bert-inference-54bffd747-29hhs
2026-02-10 14:45:25.184,5.939071526655178e-05,bert-inference-54bffd747-9zzzq
2026-02-10 14:45:25.184,5.62637152714876e-05,bert-inference-54bffd747-qkhmx
2026-02-10 14:45:25.184,0.00014642046111645743,bert-inference-54bffd747-t4vgj
2026-02-10 14:45:25.184,5.935253758312371e-05,bert-inference-54bffd747-pz7fp
2026-02-10 14:45:30.184,5.62637152714876e-05,bert-inference-54bffd747-qkhmx
2026-02-10 14:45:30.184,0.0001408824639611812,bert-inference-54bffd747-t4vgj
2026-02-10 14:45:30.184,6.563950163058607e-05,bert-inference-54bffd747-9zzzq
2026-02-10 14:45:30.184,5.4947461333586717e-05,bert-inference-54bffd747-29hhs
2026-02-10 14:45:30.184,6.044206310365992e-05,bert-inference-54bffd747-pz7fp
2026-02-10 14:45:35.184,5.1007437074744935e-05,bert-inference-54bffd747-pz7fp
2026-02-10 14:45:35.184,5.913654662518943e-05,bert-inference-54bffd747-9zzzq
2026-02-10 14:45:35.184,5.449443210765495e-05,bert-inference-54bffd747-qkhmx
2026-02-10 14:45:35.184,5.934693923528046e-05,bert-inference-54bffd747-29hhs
2026-02-10 14:45:35.184,0.0001413417852067587,bert-inference-54bffd747-t4vgj
2026-02-10 14:45:40.184,5.128112602735915e-05,bert-inference-54bffd747-29hhs
2026-02-10 14:45:40.184,5.6322089374791416e-05,bert-inference-54bffd747-pz7fp
2026-02-10 14:45:40.184,0.00013297595868246807,bert-inference-54bffd747-t4vgj
2026-02-10 14:45:40.184,4.935180409723734e-05,bert-inference-54bffd747-qkhmx
2026-02-10 14:45:40.184,6.645377155943977e-05,bert-inference-54bffd747-9zzzq
2026-02-10 14:45:45.184,6.21694525973124e-05,bert-inference-54bffd747-pz7fp
2026-02-10 14:45:45.184,4.935180409723734e-05,bert-inference-54bffd747-qkhmx
2026-02-10 14:45:45.184,6.360523327631519e-05,bert-inference-54bffd747-9zzzq
2026-02-10 14:45:45.184,5.44544403967563e-05,bert-inference-54bffd747-29hhs
2026-02-10 14:45:45.184,0.00012602913401548534,bert-inference-54bffd747-t4vgj
2026-02-10 14:45:50.184,0.00013396939168444533,bert-inference-54bffd747-t4vgj
2026-02-10 14:45:50.184,8.273111558595332e-05,bert-inference-54bffd747-pz7fp
2026-02-10 14:45:50.184,5.190200484653844e-05,bert-inference-54bffd747-29hhs
2026-02-10 14:45:50.184,5.220013527778467e-05,bert-inference-54bffd747-qkhmx
2026-02-10 14:45:50.184,6.517594021625115e-05,bert-inference-54bffd747-9zzzq
2026-02-10 14:45:55.184,5.7450951242235345e-05,bert-inference-54bffd747-qkhmx
2026-02-10 14:45:55.184,8.816727506189194e-05,bert-inference-54bffd747-pz7fp
2026-02-10 14:45:55.184,5.293285278157223e-05,bert-inference-54bffd747-29hhs
2026-02-10 14:45:55.184,0.00015444098932462525,bert-inference-54bffd747-t4vgj
2026-02-10 14:45:55.184,6.516590982924901e-05,bert-inference-54bffd747-9zzzq
2026-02-10 14:46:00.184,4.906377106969908e-05,bert-inference-54bffd747-29hhs
2026-02-10 14:46:00.184,8.816727506189194e-05,bert-inference-54bffd747-pz7fp
2026-02-10 14:46:00.184,0.00015444098932462523,bert-inference-54bffd747-t4vgj
2026-02-10 14:46:00.184,5.9915875294219454e-05,bert-inference-54bffd747-qkhmx
2026-02-10 14:46:00.184,6.314073976097583e-05,bert-inference-54bffd747-9zzzq
2026-02-10 14:46:05.184,9.835536501205577e-05,bert-inference-54bffd747-pz7fp
2026-02-10 14:46:05.184,5.416776424457001e-05,bert-inference-54bffd747-29hhs
2026-02-10 14:46:05.184,6.332182191016902e-05,bert-inference-54bffd747-qkhmx
2026-02-10 14:46:05.184,0.00013845872773940871,bert-inference-54bffd747-t4vgj
2026-02-10 14:46:05.184,6.466971815370077e-05,bert-inference-54bffd747-9zzzq
2026-02-10 14:46:10.184,6.438129335316363e-05,bert-inference-54bffd747-9zzzq
2026-02-10 14:46:10.184,0.0001301552857598004,bert-inference-54bffd747-t4vgj
2026-02-10 14:46:10.184,6.604999111079325e-05,bert-inference-54bffd747-qkhmx
2026-02-10 14:46:10.184,0.00010446138850871854,bert-inference-54bffd747-pz7fp
2026-02-10 14:46:10.184,4.979636701355508e-05,bert-inference-54bffd747-29hhs
2026-02-10 14:46:15.184,0.00010446138850871854,bert-inference-54bffd747-pz7fp
2026-02-10 14:46:15.184,6.015022767829867e-05,bert-inference-54bffd747-29hhs
2026-02-10 14:46:15.184,0.00012894620317350998,bert-inference-54bffd747-t4vgj
2026-02-10 14:46:15.184,6.438129335316363e-05,bert-inference-54bffd747-9zzzq
2026-02-10 14:46:15.184,7.295631265618474e-05,bert-inference-54bffd747-qkhmx
2026-02-10 14:46:20.184,0.00010349874632309301,bert-inference-54bffd747-pz7fp
2026-02-10 14:46:20.184,7.860220927342285e-05,bert-inference-54bffd747-qkhmx
2026-02-10 14:46:20.184,0.00012526119022066424,bert-inference-54bffd747-t4vgj
2026-02-10 14:46:20.184,6.340885363441242e-05,bert-inference-54bffd747-9zzzq
2026-02-10 14:46:20.184,6.450666902077837e-05,bert-inference-54bffd747-29hhs
2026-02-10 14:46:25.184,0.00012974309082723344,bert-inference-54bffd747-t4vgj
2026-02-10 14:46:25.184,7.397798929527889e-05,bert-inference-54bffd747-9zzzq
2026-02-10 14:46:25.184,9.864717923937033e-05,bert-inference-54bffd747-pz7fp
2026-02-10 14:46:25.184,9.798590441325401e-05,bert-inference-54bffd747-qkhmx
2026-02-10 14:46:25.184,6.450666902077837e-05,bert-inference-54bffd747-29hhs
2026-02-10 14:46:30.184,7.671148887096043e-05,bert-inference-54bffd747-9zzzq
2026-02-10 14:46:30.184,7.398079124283137e-05,bert-inference-54bffd747-pz7fp
2026-02-10 14:46:30.184,9.798590441325401e-05,bert-inference-54bffd747-qkhmx
2026-02-10 14:46:30.184,0.00013305940194863344,bert-inference-54bffd747-t4vgj
2026-02-10 14:46:30.184,7.016084522274794e-05,bert-inference-54bffd747-29hhs
2026-02-10 14:46:35.184,6.91737475882616e-05,bert-inference-54bffd747-29hhs
2026-02-10 14:46:35.184,7.671148887096043e-05,bert-inference-54bffd747-9zzzq
2026-02-10 14:46:35.184,9.630253259131952e-05,bert-inference-54bffd747-qkhmx
2026-02-10 14:46:35.184,7.735142418994177e-05,bert-inference-54bffd747-pz7fp
2026-02-10 14:46:35.184,0.00013305940194863344,bert-inference-54bffd747-t4vgj
2026-02-10 14:46:40.184,7.92941707402186e-05,bert-inference-54bffd747-9zzzq
2026-02-10 14:46:40.184,7.072255040638982e-05,bert-inference-54bffd747-29hhs
2026-02-10 14:46:40.184,9.597681768641095e-05,bert-inference-54bffd747-qkhmx
2026-02-10 14:46:40.184,7.955806623954824e-05,bert-inference-54bffd747-pz7fp
2026-02-10 14:46:40.184,0.00011912937178937082,bert-inference-54bffd747-t4vgj
2026-02-10 14:46:45.184,6.687626996047016e-05,bert-inference-54bffd747-29hhs
2026-02-10 14:46:45.184,6.781759826102345e-05,bert-inference-54bffd747-9zzzq
2026-02-10 14:46:45.184,6.895771708981466e-05,bert-inference-54bffd747-pz7fp
2026-02-10 14:46:45.184,0.00011912937178937082,bert-inference-54bffd747-t4vgj
2026-02-10 14:46:45.184,9.716021587661357e-05,bert-inference-54bffd747-qkhmx
2026-02-10 14:46:50.184,7.349204486578565e-05,bert-inference-54bffd747-pz7fp
2026-02-10 14:46:50.184,7.258706833044893e-05,bert-inference-54bffd747-29hhs
2026-02-10 14:46:50.184,0.0001146322001902377,bert-inference-54bffd747-t4vgj
2026-02-10 14:46:50.184,8.771052383373606e-05,bert-inference-54bffd747-9zzzq
2026-02-10 14:46:50.184,0.00010349554888007748,bert-inference-54bffd747-qkhmx
2026-02-10 14:46:55.184,9.424310051977745e-05,bert-inference-54bffd747-qkhmx
2026-02-10 14:46:55.184,7.438124230099016e-05,bert-inference-54bffd747-29hhs
2026-02-10 14:46:55.184,0.00012533649836532756,bert-inference-54bffd747-t4vgj
2026-02-10 14:46:55.184,7.349204486578565e-05,bert-inference-54bffd747-pz7fp
2026-02-10 14:46:55.184,9.073439730192004e-05,bert-inference-54bffd747-9zzzq
2026-02-10 14:47:00.184,7.466027924720852e-05,bert-inference-54bffd747-29hhs
2026-02-10 14:47:00.184,7.432314923175583e-05,bert-inference-54bffd747-pz7fp
2026-02-10 14:47:00.184,0.00012934421618219128,bert-inference-54bffd747-t4vgj
2026-02-10 14:47:00.184,8.949296498438221e-05,bert-inference-54bffd747-9zzzq
2026-02-10 14:47:00.184,0.0001224527000418124,bert-inference-54bffd747-qkhmx
2026-02-10 14:47:05.184,0.0001312289688169762,bert-inference-54bffd747-pz7fp
2026-02-10 14:47:05.184,8.609415979149291e-05,bert-inference-54bffd747-9zzzq
2026-02-10 14:47:05.184,0.00012174806094082641,bert-inference-54bffd747-qkhmx
2026-02-10 14:47:05.184,7.001704839271225e-05,bert-inference-54bffd747-29hhs
2026-02-10 14:47:05.184,0.00011918618906673316,bert-inference-54bffd747-t4vgj
2026-02-10 14:47:10.184,6.494017935430048e-05,bert-inference-54bffd747-29hhs
2026-02-10 14:47:10.184,8.609415979149291e-05,bert-inference-54bffd747-9zzzq
2026-02-10 14:47:10.184,0.0001038724706883639,bert-inference-54bffd747-t4vgj
2026-02-10 14:47:10.184,0.0001312289688169762,bert-inference-54bffd747-pz7fp
2026-02-10 14:47:10.184,0.00011223899228410389,bert-inference-54bffd747-qkhmx
2026-02-10 14:47:15.184,0.00019105164389145298,bert-inference-54bffd747-pz7fp
2026-02-10 14:47:15.184,6.775147656486116e-05,bert-inference-54bffd747-29hhs
2026-02-10 14:47:15.184,9.656803766892942e-05,bert-inference-54bffd747-t4vgj
2026-02-10 14:47:15.184,0.00010273064152993805,bert-inference-54bffd747-qkhmx
2026-02-10 14:47:15.184,8.247176354097059e-05,bert-inference-54bffd747-9zzzq
2026-02-10 14:47:20.184,0.00010273064152993805,bert-inference-54bffd747-qkhmx
2026-02-10 14:47:20.184,8.402424425078086e-05,bert-inference-54bffd747-9zzzq
2026-02-10 14:47:20.184,0.00024289864130363673,bert-inference-54bffd747-pz7fp
2026-02-10 14:47:20.184,6.442210948945669e-05,bert-inference-54bffd747-29hhs
2026-02-10 14:47:20.184,9.364358801702549e-05,bert-inference-54bffd747-t4vgj
2026-02-10 14:47:25.184,9.181350889371021e-05,bert-inference-54bffd747-t4vgj
2026-02-10 14:47:25.184,6.442210948945669e-05,bert-inference-54bffd747-29hhs
2026-02-10 14:47:25.184,8.412787369480452e-05,bert-inference-54bffd747-9zzzq
2026-02-10 14:47:25.184,9.673105813507428e-05,bert-inference-54bffd747-qkhmx
2026-02-10 14:47:25.184,0.00022045058454361693,bert-inference-54bffd747-pz7fp
2026-02-10 14:47:30.184,0.00022298139563532493,bert-inference-54bffd747-pz7fp
2026-02-10 14:47:30.184,0.0001046731889880209,bert-inference-54bffd747-qkhmx
2026-02-10 14:47:30.184,8.241015723402573e-05,bert-inference-54bffd747-t4vgj
2026-02-10 14:47:30.184,7.426670736342597e-05,bert-inference-54bffd747-9zzzq
2026-02-10 14:47:30.184,6.094195698641011e-05,bert-inference-54bffd747-29hhs
2026-02-10 14:47:35.184,8.136464249632825e-05,bert-inference-54bffd747-9zzzq
2026-02-10 14:47:35.184,0.00022298139563532493,bert-inference-54bffd747-pz7fp
2026-02-10 14:47:35.184,9.760975893598832e-05,bert-inference-54bffd747-qkhmx
2026-02-10 14:47:35.184,6.2167283686113e-05,bert-inference-54bffd747-29hhs
2026-02-10 14:47:35.184,9.562484993602756e-05,bert-inference-54bffd747-t4vgj
2026-02-10 14:47:40.184,9.095188757649291e-05,bert-inference-54bffd747-t4vgj
2026-02-10 14:47:40.184,8.991605334962002e-05,bert-inference-54bffd747-qkhmx
2026-02-10 14:47:40.184,6.402569006989733e-05,bert-inference-54bffd747-29hhs
2026-02-10 14:47:40.184,0.00022719125923176367,bert-inference-54bffd747-pz7fp
2026-02-10 14:47:40.184,7.895634060775147e-05,bert-inference-54bffd747-9zzzq
2026-02-10 14:47:45.184,6.995011770711671e-05,bert-inference-54bffd747-29hhs
2026-02-10 14:47:45.184,0.0001932900096037074,bert-inference-54bffd747-pz7fp
2026-02-10 14:47:45.184,7.741037550889682e-05,bert-inference-54bffd747-9zzzq
2026-02-10 14:47:45.184,9.095188757649291e-05,bert-inference-54bffd747-t4vgj
2026-02-10 14:47:45.184,6.266017802920604e-05,bert-inference-54bffd747-qkhmx
2026-02-10 14:47:50.184,8.444089867324297e-05,bert-inference-54bffd747-t4vgj
2026-02-10 14:47:50.184,0.00013191600335556313,bert-inference-54bffd747-pz7fp
2026-02-10 14:47:50.184,5.7760840253279284e-05,bert-inference-54bffd747-qkhmx
2026-02-10 14:47:50.184,7.221808327785977e-05,bert-inference-54bffd747-9zzzq
2026-02-10 14:47:50.184,7.008051552218921e-05,bert-inference-54bffd747-29hhs
2026-02-10 14:47:55.184,7.693008466871888e-05,bert-inference-54bffd747-9zzzq
2026-02-10 14:47:55.184,9.433900448339923e-05,bert-inference-54bffd747-t4vgj
2026-02-10 14:47:55.184,6.089365901201731e-05,bert-inference-54bffd747-qkhmx
2026-02-10 14:47:55.184,7.222515444813352e-05,bert-inference-54bffd747-29hhs
2026-02-10 14:47:55.184,0.00013191600335556313,bert-inference-54bffd747-pz7fp
2026-02-10 14:48:00.184,7.986489519999336e-05,bert-inference-54bffd747-29hhs
2026-02-10 14:48:00.184,6.735602530640034e-05,bert-inference-54bffd747-pz7fp
2026-02-10 14:48:00.184,0.00010419067268622992,bert-inference-54bffd747-t4vgj
2026-02-10 14:48:00.184,7.815615069792457e-05,bert-inference-54bffd747-9zzzq
2026-02-10 14:48:00.184,5.453056467979349e-05,bert-inference-54bffd747-qkhmx
2026-02-10 14:48:05.184,9.167768241743758e-05,bert-inference-54bffd747-29hhs
2026-02-10 14:48:05.184,7.340316587148087e-05,bert-inference-54bffd747-9zzzq
2026-02-10 14:48:05.184,5.139643455029304e-05,bert-inference-54bffd747-pz7fp
2026-02-10 14:48:05.184,0.00010746319557084811,bert-inference-54bffd747-t4vgj
2026-02-10 14:48:05.184,6.432008856018365e-05,bert-inference-54bffd747-qkhmx
2026-02-10 14:48:10.184,7.340316587148087e-05,bert-inference-54bffd747-9zzzq
2026-02-10 14:48:10.184,5.3718726432631635e-05,bert-inference-54bffd747-pz7fp
2026-02-10 14:48:10.184,9.120608255317792e-05,bert-inference-54bffd747-29hhs
2026-02-10 14:48:10.184,7.165892066704146e-05,bert-inference-54bffd747-qkhmx
2026-02-10 14:48:10.184,0.00010746319557084811,bert-inference-54bffd747-t4vgj
2026-02-10 14:48:15.184,0.00010344785322493621,bert-inference-54bffd747-t4vgj
2026-02-10 14:48:15.184,9.353286335743143e-05,bert-inference-54bffd747-29hhs
2026-02-10 14:48:15.184,7.059325742603853e-05,bert-inference-54bffd747-qkhmx
2026-02-10 14:48:15.184,6.800730351694475e-05,bert-inference-54bffd747-9zzzq
2026-02-10 14:48:15.184,5.0058983077401874e-05,bert-inference-54bffd747-pz7fp
2026-02-10 14:48:20.184,7.17965244505604e-05,bert-inference-54bffd747-9zzzq
2026-02-10 14:48:20.184,8.421900541064715e-05,bert-inference-54bffd747-29hhs
2026-02-10 14:48:20.184,7.763775357655355e-05,bert-inference-54bffd747-qkhmx
2026-02-10 14:48:20.184,9.79301939902307e-05,bert-inference-54bffd747-t4vgj
2026-02-10 14:48:20.184,5.0058983077401874e-05,bert-inference-54bffd747-pz7fp
2026-02-10 14:48:25.184,4.662708370801377e-05,bert-inference-54bffd747-pz7fp
2026-02-10 14:48:25.184,6.996827463260057e-05,bert-inference-54bffd747-9zzzq
2026-02-10 14:48:25.184,8.57048831621486e-05,bert-inference-54bffd747-29hhs
2026-02-10 14:48:25.184,9.79301939902307e-05,bert-inference-54bffd747-t4vgj
2026-02-10 14:48:25.184,8.043233164914713e-05,bert-inference-54bffd747-qkhmx
2026-02-10 14:48:30.184,5.039640364231815e-05,bert-inference-54bffd747-pz7fp
2026-02-10 14:48:30.184,7.369730514798645e-05,bert-inference-54bffd747-9zzzq
2026-02-10 14:48:30.184,8.273083513250042e-05,bert-inference-54bffd747-29hhs
2026-02-10 14:48:30.184,9.439951243530827e-05,bert-inference-54bffd747-t4vgj
2026-02-10 14:48:30.184,9.317698890263441e-05,bert-inference-54bffd747-qkhmx
2026-02-10 14:48:35.184,7.191542323165692e-05,bert-inference-54bffd747-9zzzq
2026-02-10 14:48:35.184,0.00010310291564807092,bert-inference-54bffd747-qkhmx
2026-02-10 14:48:35.184,8.317567264406922e-05,bert-inference-54bffd747-29hhs
2026-02-10 14:48:35.184,5.504591866703823e-05,bert-inference-54bffd747-pz7fp
2026-02-10 14:48:35.184,8.199237963626055e-05,bert-inference-54bffd747-t4vgj
2026-02-10 14:48:40.184,8.731540149152522e-05,bert-inference-54bffd747-t4vgj
2026-02-10 14:48:40.184,8.249872914301292e-05,bert-inference-54bffd747-29hhs
2026-02-10 14:48:40.184,0.00010310291564807092,bert-inference-54bffd747-qkhmx
2026-02-10 14:48:40.184,7.928910377196442e-05,bert-inference-54bffd747-9zzzq
2026-02-10 14:48:40.184,5.509060884631943e-05,bert-inference-54bffd747-pz7fp
2026-02-10 14:48:45.184,7.388520817088079e-05,bert-inference-54bffd747-9zzzq
2026-02-10 14:48:45.184,7.901086950549024e-05,bert-inference-54bffd747-29hhs
2026-02-10 14:48:45.184,9.454363739938972e-05,bert-inference-54bffd747-qkhmx
2026-02-10 14:48:45.184,8.034743744218706e-05,bert-inference-54bffd747-t4vgj
2026-02-10 14:48:45.184,5.3838130438599234e-05,bert-inference-54bffd747-pz7fp
2026-02-10 14:48:50.184,0.0001106032092952914,bert-inference-54bffd747-9zzzq
2026-02-10 14:48:50.184,9.624911905473233e-05,bert-inference-54bffd747-qkhmx
2026-02-10 14:48:50.184,8.15607924473973e-05,bert-inference-54bffd747-t4vgj
2026-02-10 14:48:50.184,6.952788884530011e-05,bert-inference-54bffd747-29hhs
2026-02-10 14:48:50.184,5.492680535320225e-05,bert-inference-54bffd747-pz7fp
2026-02-10 14:48:55.184,6.441953630262072e-05,bert-inference-54bffd747-29hhs
2026-02-10 14:48:55.184,9.467578016613094e-05,bert-inference-54bffd747-qkhmx
2026-02-10 14:48:55.184,7.12696638536138e-05,bert-inference-54bffd747-t4vgj
2026-02-10 14:48:55.184,0.00012016163381087401,bert-inference-54bffd747-9zzzq
2026-02-10 14:48:55.184,5.593567425917975e-05,bert-inference-54bffd747-pz7fp
2026-02-10 14:49:00.184,7.470109289156239e-05,bert-inference-54bffd747-t4vgj
2026-02-10 14:49:00.184,6.71349731476855e-05,bert-inference-54bffd747-29hhs
2026-02-10 14:49:00.184,0.00013034932393933131,bert-inference-54bffd747-9zzzq
2026-02-10 14:49:00.184,9.467609123565691e-05,bert-inference-54bffd747-qkhmx
2026-02-10 14:49:00.184,6.0065820187794406e-05,bert-inference-54bffd747-pz7fp
2026-02-10 14:49:05.184,0.00014057827949846884,bert-inference-54bffd747-9zzzq
2026-02-10 14:49:05.184,9.06478860750928e-05,bert-inference-54bffd747-qkhmx
2026-02-10 14:49:05.184,6.711320996518786e-05,bert-inference-54bffd747-29hhs
2026-02-10 14:49:05.184,6.0543327716581865e-05,bert-inference-54bffd747-pz7fp
2026-02-10 14:49:05.184,7.886926384176665e-05,bert-inference-54bffd747-t4vgj
2026-02-10 14:49:10.184,5.7227060849715735e-05,bert-inference-54bffd747-pz7fp
2026-02-10 14:49:10.184,7.8468969181218e-05,bert-inference-54bffd747-qkhmx
2026-02-10 14:49:10.184,6.256374798607173e-05,bert-inference-54bffd747-29hhs
2026-02-10 14:49:10.184,0.00014057827949846884,bert-inference-54bffd747-9zzzq
2026-02-10 14:49:10.184,7.886926384176665e-05,bert-inference-54bffd747-t4vgj
2026-02-10 14:49:15.184,7.375355718814112e-05,bert-inference-54bffd747-t4vgj
2026-02-10 14:49:15.184,6.827039887023974e-05,bert-inference-54bffd747-29hhs
2026-02-10 14:49:15.184,7.709968007304016e-05,bert-inference-54bffd747-qkhmx
2026-02-10 14:49:15.184,0.00013768299947121922,bert-inference-54bffd747-9zzzq
2026-02-10 14:49:15.184,5.7996632442627496e-05,bert-inference-54bffd747-pz7fp
2026-02-10 14:49:20.184,8.037557269119824e-05,bert-inference-54bffd747-qkhmx
2026-02-10 14:49:20.184,6.783516713361397e-05,bert-inference-54bffd747-29hhs
2026-02-10 14:49:20.184,6.793302630574017e-05,bert-inference-54bffd747-t4vgj
2026-02-10 14:49:20.184,0.00013615497478663594,bert-inference-54bffd747-9zzzq
2026-02-10 14:49:20.184,6.343682706611214e-05,bert-inference-54bffd747-pz7fp
2026-02-10 14:49:25.184,8.031823492072587e-05,bert-inference-54bffd747-t4vgj
2026-02-10 14:49:25.184,8.784552880657544e-05,bert-inference-54bffd747-qkhmx
2026-02-10 14:49:25.184,6.1029184916688544e-05,bert-inference-54bffd747-pz7fp
2026-02-10 14:49:25.184,6.944027118895255e-05,bert-inference-54bffd747-29hhs
2026-02-10 14:49:25.184,0.00013615497478663594,bert-inference-54bffd747-9zzzq
2026-02-10 14:49:30.184,0.00012637814157512994,bert-inference-54bffd747-9zzzq
2026-02-10 14:49:30.184,6.648917089678362e-05,bert-inference-54bffd747-t4vgj
2026-02-10 14:49:30.184,6.257304283188928e-05,bert-inference-54bffd747-pz7fp
2026-02-10 14:49:30.184,6.938755123482969e-05,bert-inference-54bffd747-29hhs
2026-02-10 14:49:30.184,9.507566440912976e-05,bert-inference-54bffd747-qkhmx
2026-02-10 14:49:35.184,7.310776894478457e-05,bert-inference-54bffd747-29hhs
2026-02-10 14:49:35.184,0.00010587609842616913,bert-inference-54bffd747-9zzzq
2026-02-10 14:49:35.184,0.0001042279469328595,bert-inference-54bffd747-qkhmx
2026-02-10 14:49:35.184,5.791880476729699e-05,bert-inference-54bffd747-pz7fp
2026-02-10 14:49:35.184,9.232279529135357e-05,bert-inference-54bffd747-t4vgj
2026-02-10 14:49:40.184,7.349455349874172e-05,bert-inference-54bffd747-29hhs
2026-02-10 14:49:40.184,6.55408405202082e-05,bert-inference-54bffd747-pz7fp
2026-02-10 14:49:40.184,9.463601923815303e-05,bert-inference-54bffd747-t4vgj
2026-02-10 14:49:40.184,0.00010587609842616913,bert-inference-54bffd747-9zzzq
2026-02-10 14:49:40.184,0.00012749271809105184,bert-inference-54bffd747-qkhmx
2026-02-10 14:49:45.184,6.497255704274585e-05,bert-inference-54bffd747-pz7fp
2026-02-10 14:49:45.184,8.88242026826299e-05,bert-inference-54bffd747-t4vgj
2026-02-10 14:49:45.184,7.748328500313851e-05,bert-inference-54bffd747-29hhs
2026-02-10 14:49:45.184,9.449419194004871e-05,bert-inference-54bffd747-9zzzq
2026-02-10 14:49:45.184,0.0001245421272713032,bert-inference-54bffd747-qkhmx
2026-02-10 14:49:50.184,8.455609107574775e-05,bert-inference-54bffd747-9zzzq
2026-02-10 14:49:50.184,6.522595313810986e-05,bert-inference-54bffd747-pz7fp
2026-02-10 14:49:50.184,0.00010203096340346198,bert-inference-54bffd747-29hhs
2026-02-10 14:49:50.184,8.564965044992264e-05,bert-inference-54bffd747-t4vgj
2026-02-10 14:49:50.184,0.00013509168762098082,bert-inference-54bffd747-qkhmx
2026-02-10 14:49:55.184,8.422277050594665e-05,bert-inference-54bffd747-t4vgj
2026-02-10 14:49:55.184,6.633603280380132e-05,bert-inference-54bffd747-pz7fp
2026-02-10 14:49:55.184,0.00010203096340346198,bert-inference-54bffd747-29hhs
2026-02-10 14:49:55.184,8.455609107574777e-05,bert-inference-54bffd747-9zzzq
2026-02-10 14:49:55.184,0.00012189272188413194,bert-inference-54bffd747-qkhmx
2026-02-10 14:50:00.184,0.00011789582186492129,bert-inference-54bffd747-qkhmx
2026-02-10 14:50:00.184,7.879970258785794e-05,bert-inference-54bffd747-9zzzq
2026-02-10 14:50:00.184,0.00010010476123813571,bert-inference-54bffd747-29hhs
2026-02-10 14:50:00.184,6.391144998788536e-05,bert-inference-54bffd747-pz7fp
2026-02-10 14:50:00.184,7.986998062314984e-05,bert-inference-54bffd747-t4vgj
2026-02-10 14:50:05.184,0.00011296281633999658,bert-inference-54bffd747-29hhs
2026-02-10 14:50:05.184,7.547141494641343e-05,bert-inference-54bffd747-9zzzq
2026-02-10 14:50:05.184,0.00013526070598770124,bert-inference-54bffd747-qkhmx
2026-02-10 14:50:05.184,6.918568701136487e-05,bert-inference-54bffd747-t4vgj
2026-02-10 14:50:05.184,6.941684165662669e-05,bert-inference-54bffd747-pz7fp
2026-02-10 14:50:10.184,0.00013526070598770124,bert-inference-54bffd747-qkhmx
2026-02-10 14:50:10.184,7.602802983796036e-05,bert-inference-54bffd747-pz7fp
2026-02-10 14:50:10.184,0.00010525212165010073,bert-inference-54bffd747-29hhs
2026-02-10 14:50:10.184,7.44730763117035e-05,bert-inference-54bffd747-t4vgj
2026-02-10 14:50:10.184,7.547141494641343e-05,bert-inference-54bffd747-9zzzq
2026-02-10 14:50:15.184,6.384993528544088e-05,bert-inference-54bffd747-9zzzq
2026-02-10 14:50:15.184,0.00010815500935783305,bert-inference-54bffd747-qkhmx
2026-02-10 14:50:15.184,0.00010693795298872963,bert-inference-54bffd747-29hhs
2026-02-10 14:50:15.184,7.921495949321964e-05,bert-inference-54bffd747-pz7fp
2026-02-10 14:50:15.184,5.8981392533512174e-05,bert-inference-54bffd747-t4vgj
2026-02-10 14:50:20.184,0.0001098079213095827,bert-inference-54bffd747-29hhs
2026-02-10 14:50:20.184,0.00010607363868057555,bert-inference-54bffd747-qkhmx
2026-02-10 14:50:20.184,6.309643427251986e-05,bert-inference-54bffd747-9zzzq
2026-02-10 14:50:20.184,8.059940417419715e-05,bert-inference-54bffd747-pz7fp
2026-02-10 14:50:20.184,5.898139253351218e-05,bert-inference-54bffd747-t4vgj
2026-02-10 14:50:25.184,9.24818886241805e-05,bert-inference-54bffd747-qkhmx
2026-02-10 14:50:25.184,6.103546265589531e-05,bert-inference-54bffd747-9zzzq
2026-02-10 14:50:25.184,9.443611010082036e-05,bert-inference-54bffd747-29hhs
2026-02-10 14:50:25.184,5.7702372441680955e-05,bert-inference-54bffd747-t4vgj
2026-02-10 14:50:25.184,8.207221175351679e-05,bert-inference-54bffd747-pz7fp
2026-02-10 14:50:30.184,7.59157829508874e-05,bert-inference-54bffd747-pz7fp
2026-02-10 14:50:30.184,6.380804910450312e-05,bert-inference-54bffd747-t4vgj
2026-02-10 14:50:30.184,5.6997383565088826e-05,bert-inference-54bffd747-9zzzq
2026-02-10 14:50:30.184,0.00011318212233109808,bert-inference-54bffd747-29hhs
2026-02-10 14:50:30.184,6.874257909478322e-05,bert-inference-54bffd747-qkhmx
2026-02-10 14:50:35.184,7.541511685182762e-05,bert-inference-54bffd747-pz7fp
2026-02-10 14:50:35.184,6.226624423279946e-05,bert-inference-54bffd747-t4vgj
2026-02-10 14:50:35.184,5.387945630188136e-05,bert-inference-54bffd747-9zzzq
2026-02-10 14:50:35.184,0.00010617459097745543,bert-inference-54bffd747-29hhs
2026-02-10 14:50:35.184,9.054062788110167e-05,bert-inference-54bffd747-qkhmx
2026-02-10 14:50:40.184,9.359560405175767e-05,bert-inference-54bffd747-qkhmx
2026-02-10 14:50:40.184,7.4864196308534e-05,bert-inference-54bffd747-pz7fp
2026-02-10 14:50:40.184,7.440118498592058e-05,bert-inference-54bffd747-t4vgj
2026-02-10 14:50:40.184,5.00533881469433e-05,bert-inference-54bffd747-9zzzq
2026-02-10 14:50:40.184,0.00010627150623724089,bert-inference-54bffd747-29hhs
2026-02-10 14:50:45.184,7.38660556387685e-05,bert-inference-54bffd747-pz7fp
2026-02-10 14:50:45.184,0.00010627150623724089,bert-inference-54bffd747-29hhs
2026-02-10 14:50:45.184,9.359560405175767e-05,bert-inference-54bffd747-qkhmx
2026-02-10 14:50:45.184,5.148872025484645e-05,bert-inference-54bffd747-9zzzq
2026-02-10 14:50:45.184,7.727026448268987e-05,bert-inference-54bffd747-t4vgj
2026-02-10 14:50:50.184,6.614511013006624e-05,bert-inference-54bffd747-pz7fp
2026-02-10 14:50:50.184,0.00012617223500743118,bert-inference-54bffd747-29hhs
2026-02-10 14:50:50.184,9.716483380274319e-05,bert-inference-54bffd747-qkhmx
2026-02-10 14:50:50.184,7.727026448268987e-05,bert-inference-54bffd747-t4vgj
2026-02-10 14:50:50.184,6.0045699904190253e-05,bert-inference-54bffd747-9zzzq
2026-02-10 14:50:55.184,0.00013548636051377843,bert-inference-54bffd747-29hhs
2026-02-10 14:50:55.184,7.678736216447907e-05,bert-inference-54bffd747-t4vgj
2026-02-10 14:50:55.184,6.895921085601513e-05,bert-inference-54bffd747-pz7fp
2026-02-10 14:50:55.184,6.0045699904190253e-05,bert-inference-54bffd747-9zzzq
2026-02-10 14:50:55.184,9.436526643493565e-05,bert-inference-54bffd747-qkhmx
2026-02-10 14:51:00.184,8.537793807518186e-05,bert-inference-54bffd747-t4vgj
2026-02-10 14:51:00.184,5.5503763204666214e-05,bert-inference-54bffd747-9zzzq
2026-02-10 14:51:00.184,0.00013548636051377843,bert-inference-54bffd747-29hhs
2026-02-10 14:51:00.184,0.00010761200686841455,bert-inference-54bffd747-qkhmx
2026-02-10 14:51:00.184,6.52815067803585e-05,bert-inference-54bffd747-pz7fp
2026-02-10 14:51:05.184,0.000145422818566557,bert-inference-54bffd747-29hhs
2026-02-10 14:51:05.184,8.537793807518186e-05,bert-inference-54bffd747-t4vgj
2026-02-10 14:51:05.184,9.675375091124666e-05,bert-inference-54bffd747-qkhmx
2026-02-10 14:51:05.184,5.7424455224579235e-05,bert-inference-54bffd747-9zzzq
2026-02-10 14:51:05.184,6.52815067803585e-05,bert-inference-54bffd747-pz7fp
2026-02-10 14:51:10.184,6.581151383624684e-05,bert-inference-54bffd747-pz7fp
2026-02-10 14:51:10.184,8.650335617419675e-05,bert-inference-54bffd747-t4vgj
2026-02-10 14:51:10.184,9.675375091124666e-05,bert-inference-54bffd747-qkhmx
2026-02-10 14:51:10.184,6.579517016990985e-05,bert-inference-54bffd747-9zzzq
2026-02-10 14:51:10.184,0.000150383256896427,bert-inference-54bffd747-29hhs
2026-02-10 14:51:15.184,0.0001425208391999966,bert-inference-54bffd747-29hhs
2026-02-10 14:51:15.184,8.846270459337425e-05,bert-inference-54bffd747-t4vgj
2026-02-10 14:51:15.184,0.00010477822266127863,bert-inference-54bffd747-qkhmx
2026-02-10 14:51:15.184,7.617592070588818e-05,bert-inference-54bffd747-9zzzq
2026-02-10 14:51:15.184,5.72792083478833e-05,bert-inference-54bffd747-pz7fp
2026-02-10 14:51:20.184,8.846270459337427e-05,bert-inference-54bffd747-t4vgj
2026-02-10 14:51:20.184,0.00011351191837886412,bert-inference-54bffd747-qkhmx
2026-02-10 14:51:20.184,0.00011684147001262888,bert-inference-54bffd747-pz7fp
2026-02-10 14:51:20.184,0.0001425208391999966,bert-inference-54bffd747-29hhs
2026-02-10 14:51:20.184,7.737411519676736e-05,bert-inference-54bffd747-9zzzq
2026-02-10 14:51:25.184,0.00011684147001262888,bert-inference-54bffd747-pz7fp
2026-02-10 14:51:25.184,9.195538042178307e-05,bert-inference-54bffd747-t4vgj
2026-02-10 14:51:25.184,0.00012408746601317517,bert-inference-54bffd747-29hhs
2026-02-10 14:51:25.184,7.749619342701711e-05,bert-inference-54bffd747-9zzzq
2026-02-10 14:51:25.184,0.00011351191837886412,bert-inference-54bffd747-qkhmx
2026-02-10 14:51:30.184,9.281250370269046e-05,bert-inference-54bffd747-t4vgj
2026-02-10 14:51:30.184,8.952350618156662e-05,bert-inference-54bffd747-9zzzq
2026-02-10 14:51:30.184,0.00011684147001262888,bert-inference-54bffd747-pz7fp
2026-02-10 14:51:30.184,0.00010019732232176306,bert-inference-54bffd747-qkhmx
2026-02-10 14:51:30.184,0.0001138920304266479,bert-inference-54bffd747-29hhs
2026-02-10 14:51:35.184,9.95117773908711e-05,bert-inference-54bffd747-qkhmx
2026-02-10 14:51:35.184,8.185072529345531e-05,bert-inference-54bffd747-9zzzq
2026-02-10 14:51:35.184,0.00011542772047808716,bert-inference-54bffd747-29hhs
2026-02-10 14:51:35.184,9.281250370269046e-05,bert-inference-54bffd747-t4vgj
2026-02-10 14:51:35.184,0.00014879752706114754,bert-inference-54bffd747-pz7fp
2026-02-10 14:51:40.184,0.0001075030975418994,bert-inference-54bffd747-qkhmx
2026-02-10 14:51:40.184,7.608739701120412e-05,bert-inference-54bffd747-9zzzq
2026-02-10 14:51:40.184,8.789910192786078e-05,bert-inference-54bffd747-29hhs
2026-02-10 14:51:40.184,9.550503193652771e-05,bert-inference-54bffd747-t4vgj
2026-02-10 14:51:40.184,0.00016369253730011104,bert-inference-54bffd747-pz7fp
2026-02-10 14:51:45.184,9.516543930070289e-05,bert-inference-54bffd747-qkhmx
2026-02-10 14:51:45.184,7.205603607624897e-05,bert-inference-54bffd747-9zzzq
2026-02-10 14:51:45.184,8.500602589087663e-05,bert-inference-54bffd747-29hhs
2026-02-10 14:51:45.184,0.00016727905727350283,bert-inference-54bffd747-pz7fp
2026-02-10 14:51:45.184,9.550503193652771e-05,bert-inference-54bffd747-t4vgj
2026-02-10 14:51:50.184,8.834916957696218e-05,bert-inference-54bffd747-t4vgj
2026-02-10 14:51:50.184,6.895266948757642e-05,bert-inference-54bffd747-29hhs
2026-02-10 14:51:50.184,0.00010156319214451836,bert-inference-54bffd747-qkhmx
2026-02-10 14:51:50.184,0.00016727905727350283,bert-inference-54bffd747-pz7fp
2026-02-10 14:51:50.184,7.356544558921255e-05,bert-inference-54bffd747-9zzzq
2026-02-10 14:51:55.184,5.0228105636400825e-05,bert-inference-54bffd747-29hhs
2026-02-10 14:51:55.184,0.00010546852014010487,bert-inference-54bffd747-qkhmx
2026-02-10 14:51:55.184,0.00016350055394553562,bert-inference-54bffd747-pz7fp
2026-02-10 14:51:55.184,6.836408305761555e-05,bert-inference-54bffd747-9zzzq
2026-02-10 14:51:55.184,8.768958923664904e-05,bert-inference-54bffd747-t4vgj
2026-02-10 14:52:00.184,0.00010546852014010487,bert-inference-54bffd747-qkhmx
2026-02-10 14:52:00.184,0.00016632676203269897,bert-inference-54bffd747-pz7fp
2026-02-10 14:52:00.184,8.481237236903424e-05,bert-inference-54bffd747-t4vgj
2026-02-10 14:52:00.184,5.386921884117768e-05,bert-inference-54bffd747-29hhs
2026-02-10 14:52:00.184,7.658123440581314e-05,bert-inference-54bffd747-9zzzq
2026-02-10 14:52:05.184,8.244912110908333e-05,bert-inference-54bffd747-t4vgj
2026-02-10 14:52:05.184,0.00016632676203269897,bert-inference-54bffd747-pz7fp
2026-02-10 14:52:05.184,7.153178243704127e-05,bert-inference-54bffd747-9zzzq
2026-02-10 14:52:05.184,4.357805046461382e-05,bert-inference-54bffd747-29hhs
2026-02-10 14:52:05.184,7.275398911669469e-05,bert-inference-54bffd747-qkhmx
2026-02-10 14:52:10.184,6.762419122338548e-05,bert-inference-54bffd747-t4vgj
2026-02-10 14:52:10.184,0.00011267716876813669,bert-inference-54bffd747-pz7fp
2026-02-10 14:52:10.184,6.618074909209053e-05,bert-inference-54bffd747-9zzzq
2026-02-10 14:52:10.184,5.400815007861297e-05,bert-inference-54bffd747-29hhs
2026-02-10 14:52:10.184,7.085940716489039e-05,bert-inference-54bffd747-qkhmx
2026-02-10 14:52:15.184,7.122485529570018e-05,bert-inference-54bffd747-t4vgj
2026-02-10 14:52:15.184,5.375853369540014e-05,bert-inference-54bffd747-29hhs
2026-02-10 14:52:15.184,6.831478154722934e-05,bert-inference-54bffd747-qkhmx
2026-02-10 14:52:15.184,6.340285244001338e-05,bert-inference-54bffd747-9zzzq
2026-02-10 14:52:15.184,0.0001171169532935897,bert-inference-54bffd747-pz7fp
2026-02-10 14:52:20.184,8.690810932453902e-05,bert-inference-54bffd747-qkhmx
2026-02-10 14:52:20.184,5.375853369540014e-05,bert-inference-54bffd747-29hhs
2026-02-10 14:52:20.184,6.427691829011966e-05,bert-inference-54bffd747-9zzzq
2026-02-10 14:52:20.184,7.82521609172649e-05,bert-inference-54bffd747-pz7fp
2026-02-10 14:52:20.184,8.130086079685212e-05,bert-inference-54bffd747-t4vgj
2026-02-10 14:52:25.184,8.450426018901621e-05,bert-inference-54bffd747-29hhs
2026-02-10 14:52:25.184,8.960636258746934e-05,bert-inference-54bffd747-pz7fp
2026-02-10 14:52:25.184,8.690810932453902e-05,bert-inference-54bffd747-qkhmx
2026-02-10 14:52:25.184,8.029679629242331e-05,bert-inference-54bffd747-t4vgj
2026-02-10 14:52:25.184,8.775967573576324e-05,bert-inference-54bffd747-9zzzq
2026-02-10 14:52:30.184,8.85768527713236e-05,bert-inference-54bffd747-t4vgj
2026-02-10 14:52:30.184,0.00013716727686487353,bert-inference-54bffd747-pz7fp
2026-02-10 14:52:30.184,8.775967573576323e-05,bert-inference-54bffd747-9zzzq
2026-02-10 14:52:30.184,9.1651532408504e-05,bert-inference-54bffd747-29hhs
2026-02-10 14:52:30.184,9.278072043430287e-05,bert-inference-54bffd747-qkhmx
2026-02-10 14:52:35.184,0.00012683494181222013,bert-inference-54bffd747-t4vgj
2026-02-10 14:52:35.184,0.00019821778099184735,bert-inference-54bffd747-pz7fp
2026-02-10 14:52:35.184,9.428040396924355e-05,bert-inference-54bffd747-9zzzq
2026-02-10 14:52:35.184,9.1651532408504e-05,bert-inference-54bffd747-29hhs
2026-02-10 14:52:35.184,0.00011706402387762584,bert-inference-54bffd747-qkhmx
2026-02-10 14:52:40.184,0.00013972478244537087,bert-inference-54bffd747-t4vgj
2026-02-10 14:52:40.184,0.00022430295754540303,bert-inference-54bffd747-pz7fp
2026-02-10 14:52:40.184,0.00014703718718149349,bert-inference-54bffd747-9zzzq
2026-02-10 14:52:40.184,0.00012590259022767772,bert-inference-54bffd747-qkhmx
2026-02-10 14:52:40.184,0.00012081320760882587,bert-inference-54bffd747-29hhs
2026-02-10 14:52:45.184,0.00012844500504638067,bert-inference-54bffd747-29hhs
2026-02-10 14:52:45.184,0.00014703718718149349,bert-inference-54bffd747-9zzzq
2026-02-10 14:52:45.184,0.00013067319120094333,bert-inference-54bffd747-t4vgj
2026-02-10 14:52:45.184,0.00012505615893692595,bert-inference-54bffd747-qkhmx
2026-02-10 14:52:45.184,0.0002416032933168561,bert-inference-54bffd747-pz7fp
2026-02-10 14:52:50.184,0.00014703718718149349,bert-inference-54bffd747-9zzzq
2026-02-10 14:52:50.184,0.00019876294680108453,bert-inference-54bffd747-t4vgj
2026-02-10 14:52:50.184,0.00014950994710616653,bert-inference-54bffd747-qkhmx
2026-02-10 14:52:50.184,0.0002242468386026089,bert-inference-54bffd747-pz7fp
2026-02-10 14:52:50.184,0.00014666241202632139,bert-inference-54bffd747-29hhs
2026-02-10 14:52:55.184,0.00019876294680108453,bert-inference-54bffd747-t4vgj
2026-02-10 14:52:55.184,0.0001598890901705423,bert-inference-54bffd747-qkhmx
2026-02-10 14:52:55.184,0.00016943656498107302,bert-inference-54bffd747-29hhs
2026-02-10 14:52:55.184,0.00014710923207164654,bert-inference-54bffd747-9zzzq
2026-02-10 14:52:55.184,0.00024756367013108155,bert-inference-54bffd747-pz7fp
2026-02-10 14:53:00.184,0.00016943656498107302,bert-inference-54bffd747-29hhs
2026-02-10 14:53:00.184,0.0001598890901705423,bert-inference-54bffd747-qkhmx
2026-02-10 14:53:00.184,0.0002867331067346069,bert-inference-54bffd747-pz7fp
2026-02-10 14:53:00.184,0.00017687779681547827,bert-inference-54bffd747-9zzzq
2026-02-10 14:53:00.184,0.00021186435039366577,bert-inference-54bffd747-t4vgj
2026-02-10 14:53:05.184,0.00016775330764142552,bert-inference-54bffd747-29hhs
2026-02-10 14:53:05.184,0.000165718676051149,bert-inference-54bffd747-qkhmx
2026-02-10 14:53:05.184,0.00023974138894269833,bert-inference-54bffd747-pz7fp
2026-02-10 14:53:05.184,0.00019424612358418815,bert-inference-54bffd747-9zzzq
2026-02-10 14:53:05.184,0.0002243723726087246,bert-inference-54bffd747-t4vgj
2026-02-10 14:53:10.184,0.0001541695570024992,bert-inference-54bffd747-qkhmx
2026-02-10 14:53:10.184,0.00019101160078993532,bert-inference-54bffd747-9zzzq
2026-02-10 14:53:10.184,0.0002243723726087246,bert-inference-54bffd747-t4vgj
2026-02-10 14:53:10.184,0.00017238952351291076,bert-inference-54bffd747-29hhs
2026-02-10 14:53:10.184,0.0002542562201185166,bert-inference-54bffd747-pz7fp
2026-02-10 14:53:15.184,0.000220653592134817,bert-inference-54bffd747-t4vgj
2026-02-10 14:53:15.184,0.00016725248110018465,bert-inference-54bffd747-qkhmx
2026-02-10 14:53:15.184,0.00017238952351291076,bert-inference-54bffd747-29hhs
2026-02-10 14:53:15.184,0.0002141342114034256,bert-inference-54bffd747-pz7fp
2026-02-10 14:53:15.184,0.00020380954918412797,bert-inference-54bffd747-9zzzq
2026-02-10 14:53:20.184,0.000169492770567531,bert-inference-54bffd747-29hhs
2026-02-10 14:53:20.184,0.00019225969925741208,bert-inference-54bffd747-pz7fp
2026-02-10 14:53:20.184,0.00020380954918412797,bert-inference-54bffd747-9zzzq
2026-02-10 14:53:20.184,0.00016642172322709495,bert-inference-54bffd747-qkhmx
2026-02-10 14:53:20.184,0.00019545819230905353,bert-inference-54bffd747-t4vgj
2026-02-10 14:53:25.184,0.0001883166427922591,bert-inference-54bffd747-t4vgj
2026-02-10 14:53:25.184,0.0001624970346194821,bert-inference-54bffd747-29hhs
2026-02-10 14:53:25.184,0.0001898915899647106,bert-inference-54bffd747-9zzzq
2026-02-10 14:53:25.184,0.00016587308559609112,bert-inference-54bffd747-qkhmx
2026-02-10 14:53:25.184,0.00016229179808555945,bert-inference-54bffd747-pz7fp
2026-02-10 14:53:30.184,0.0001624970346194821,bert-inference-54bffd747-29hhs
2026-02-10 14:53:30.184,0.00013117616571499266,bert-inference-54bffd747-t4vgj
2026-02-10 14:53:30.184,0.00015397123237887535,bert-inference-54bffd747-pz7fp
2026-02-10 14:53:30.184,0.00016306636550417173,bert-inference-54bffd747-qkhmx
2026-02-10 14:53:30.184,0.00018884890637776972,bert-inference-54bffd747-9zzzq
2026-02-10 14:53:35.184,0.00016510006795037555,bert-inference-54bffd747-qkhmx
2026-02-10 14:53:35.184,0.00015939862649444624,bert-inference-54bffd747-pz7fp
2026-02-10 14:53:35.184,0.0001501135911901102,bert-inference-54bffd747-t4vgj
2026-02-10 14:53:35.184,0.00018884890637776972,bert-inference-54bffd747-9zzzq
2026-02-10 14:53:35.184,0.0001699484136985604,bert-inference-54bffd747-29hhs
2026-02-10 14:53:40.184,0.00016627193020955251,bert-inference-54bffd747-qkhmx
2026-02-10 14:53:40.184,0.0001756177589292823,bert-inference-54bffd747-29hhs
2026-02-10 14:53:40.184,0.00018783463331565947,bert-inference-54bffd747-9zzzq
2026-02-10 14:53:40.184,0.00016382435242232605,bert-inference-54bffd747-pz7fp
2026-02-10 14:53:40.184,0.0001501135911901102,bert-inference-54bffd747-t4vgj
2026-02-10 14:53:45.184,0.00019294059466877934,bert-inference-54bffd747-9zzzq
2026-02-10 14:53:45.184,0.0001536810028752792,bert-inference-54bffd747-pz7fp
2026-02-10 14:53:45.184,0.00015292576266339377,bert-inference-54bffd747-t4vgj
2026-02-10 14:53:45.184,0.00017098248649003621,bert-inference-54bffd747-qkhmx
2026-02-10 14:53:45.184,0.0001756177589292823,bert-inference-54bffd747-29hhs
2026-02-10 14:53:50.184,0.00016986739041307354,bert-inference-54bffd747-pz7fp
2026-02-10 14:53:50.184,0.00015540023557659137,bert-inference-54bffd747-qkhmx
2026-02-10 14:53:50.184,0.00014859502806658322,bert-inference-54bffd747-t4vgj
2026-02-10 14:53:50.184,0.00019294059466877934,bert-inference-54bffd747-9zzzq
2026-02-10 14:53:50.184,0.00016223185241061875,bert-inference-54bffd747-29hhs
2026-02-10 14:53:55.184,0.0001819641134632755,bert-inference-54bffd747-pz7fp
2026-02-10 14:53:55.184,0.00018431503875108093,bert-inference-54bffd747-9zzzq
2026-02-10 14:53:55.184,0.0001775404420666472,bert-inference-54bffd747-29hhs
2026-02-10 14:53:55.184,0.00017223472234326306,bert-inference-54bffd747-qkhmx
2026-02-10 14:53:55.184,0.00014859502806658322,bert-inference-54bffd747-t4vgj
2026-02-10 14:54:00.184,0.0001819641134632755,bert-inference-54bffd747-pz7fp
2026-02-10 14:54:00.184,0.0001775404420666472,bert-inference-54bffd747-29hhs
2026-02-10 14:54:00.184,0.00013399184227848193,bert-inference-54bffd747-t4vgj
2026-02-10 14:54:00.184,0.000199046328336335,bert-inference-54bffd747-9zzzq
2026-02-10 14:54:00.184,0.00018528721474900028,bert-inference-54bffd747-qkhmx
2026-02-10 14:54:05.184,0.0001821450758485264,bert-inference-54bffd747-29hhs
2026-02-10 14:54:05.184,0.00018011140521254556,bert-inference-54bffd747-qkhmx
2026-02-10 14:54:05.184,0.00017479356063799837,bert-inference-54bffd747-pz7fp
2026-02-10 14:54:05.184,0.00019620789463371146,bert-inference-54bffd747-9zzzq
2026-02-10 14:54:05.184,0.00013233487581576858,bert-inference-54bffd747-t4vgj
2026-02-10 14:54:10.184,0.0001658220716496292,bert-inference-54bffd747-9zzzq
2026-02-10 14:54:10.184,0.00017337579697137683,bert-inference-54bffd747-pz7fp
2026-02-10 14:54:10.184,0.00018551747769869254,bert-inference-54bffd747-qkhmx
2026-02-10 14:54:10.184,0.00016785798449014697,bert-inference-54bffd747-29hhs
2026-02-10 14:54:10.184,0.00014531617481124354,bert-inference-54bffd747-t4vgj
2026-02-10 14:54:15.184,0.0002254554561137221,bert-inference-54bffd747-9zzzq
2026-02-10 14:54:15.184,0.00014197861647758807,bert-inference-54bffd747-t4vgj
2026-02-10 14:54:15.184,0.0001889628855734113,bert-inference-54bffd747-pz7fp
2026-02-10 14:54:15.184,0.00019792103443030972,bert-inference-54bffd747-qkhmx
2026-02-10 14:54:15.184,0.000167857984490147,bert-inference-54bffd747-29hhs
2026-02-10 14:54:20.184,0.00016166893823442034,bert-inference-54bffd747-t4vgj
2026-02-10 14:54:20.184,0.0002254554561137221,bert-inference-54bffd747-9zzzq
2026-02-10 14:54:20.184,0.00015646414917776233,bert-inference-54bffd747-29hhs
2026-02-10 14:54:20.184,0.00019792103443030972,bert-inference-54bffd747-qkhmx
2026-02-10 14:54:20.184,0.0001873662160563487,bert-inference-54bffd747-pz7fp
2026-02-10 14:54:25.184,0.00016509255572429973,bert-inference-54bffd747-t4vgj
2026-02-10 14:54:25.184,0.0002406430202778133,bert-inference-54bffd747-9zzzq
2026-02-10 14:54:25.184,0.00019076280307062744,bert-inference-54bffd747-qkhmx
2026-02-10 14:54:25.184,0.00018333563602324307,bert-inference-54bffd747-pz7fp
2026-02-10 14:54:25.184,0.00012994185676739077,bert-inference-54bffd747-29hhs
2026-02-10 14:54:30.184,0.0001399534322080183,bert-inference-54bffd747-29hhs
2026-02-10 14:54:30.184,0.0002048598479889487,bert-inference-54bffd747-qkhmx
2026-02-10 14:54:30.184,0.00015156063932796873,bert-inference-54bffd747-t4vgj
2026-02-10 14:54:30.184,0.00018333563602324307,bert-inference-54bffd747-pz7fp
2026-02-10 14:54:30.184,0.00022300634850623674,bert-inference-54bffd747-9zzzq
2026-02-10 14:54:35.184,0.00012434170338563073,bert-inference-54bffd747-29hhs
2026-02-10 14:54:35.184,0.00017408853032511838,bert-inference-54bffd747-pz7fp
2026-02-10 14:54:35.184,0.0002048598479889487,bert-inference-54bffd747-qkhmx
2026-02-10 14:54:35.184,0.00022300634850623674,bert-inference-54bffd747-9zzzq
2026-02-10 14:54:35.184,0.00016630624559469274,bert-inference-54bffd747-t4vgj
2026-02-10 14:54:40.184,0.00013191455008042773,bert-inference-54bffd747-29hhs
2026-02-10 14:54:40.184,0.00017069403983748237,bert-inference-54bffd747-pz7fp
2026-02-10 14:54:40.184,0.000199033250102281,bert-inference-54bffd747-qkhmx
2026-02-10 14:54:40.184,0.00016630624559469274,bert-inference-54bffd747-t4vgj
2026-02-10 14:54:40.184,0.0002247609589090142,bert-inference-54bffd747-9zzzq
2026-02-10 14:54:45.184,0.00021837000012067591,bert-inference-54bffd747-9zzzq
2026-02-10 14:54:45.184,0.00013439146333208833,bert-inference-54bffd747-29hhs
2026-02-10 14:54:45.184,0.000175941817108443,bert-inference-54bffd747-pz7fp
2026-02-10 14:54:45.184,0.00017561475240136754,bert-inference-54bffd747-t4vgj
2026-02-10 14:54:45.184,0.00018594200346854208,bert-inference-54bffd747-qkhmx
2026-02-10 14:54:50.184,0.00013716712969551333,bert-inference-54bffd747-29hhs
2026-02-10 14:54:50.184,0.00021837000012067591,bert-inference-54bffd747-9zzzq
2026-02-10 14:54:50.184,0.00019970912461832394,bert-inference-54bffd747-qkhmx
2026-02-10 14:54:50.184,0.0001956300495293603,bert-inference-54bffd747-pz7fp
2026-02-10 14:54:50.184,0.00018359695717034793,bert-inference-54bffd747-t4vgj
2026-02-10 14:54:55.184,0.00020046616516705286,bert-inference-54bffd747-9zzzq
2026-02-10 14:54:55.184,0.00019063787566914522,bert-inference-54bffd747-qkhmx
2026-02-10 14:54:55.184,0.00020491292209542437,bert-inference-54bffd747-pz7fp
2026-02-10 14:54:55.184,0.00013864095974641918,bert-inference-54bffd747-29hhs
2026-02-10 14:54:55.184,0.00019609336480967904,bert-inference-54bffd747-t4vgj
2026-02-10 14:55:00.184,0.00019579335747766486,bert-inference-54bffd747-t4vgj
2026-02-10 14:55:00.184,0.00014889792989947464,bert-inference-54bffd747-29hhs
2026-02-10 14:55:00.184,0.0002163079959900752,bert-inference-54bffd747-9zzzq
2026-02-10 14:55:00.184,0.00020491292209542437,bert-inference-54bffd747-pz7fp
2026-02-10 14:55:00.184,0.00019607640860746996,bert-inference-54bffd747-qkhmx
2026-02-10 14:55:05.184,0.00018519174391651733,bert-inference-54bffd747-qkhmx
2026-02-10 14:55:05.184,0.00014889792989947464,bert-inference-54bffd747-29hhs
2026-02-10 14:55:05.184,0.00018680445884884723,bert-inference-54bffd747-t4vgj
2026-02-10 14:55:05.184,0.0002209997785254468,bert-inference-54bffd747-pz7fp
2026-02-10 14:55:05.184,0.0001803029068998885,bert-inference-54bffd747-9zzzq
2026-02-10 14:55:10.184,0.00018519174391651733,bert-inference-54bffd747-qkhmx
2026-02-10 14:55:10.184,0.00018680445884884723,bert-inference-54bffd747-t4vgj
2026-02-10 14:55:10.184,0.0002291644455301576,bert-inference-54bffd747-pz7fp
2026-02-10 14:55:10.184,0.00017566684770530585,bert-inference-54bffd747-9zzzq
2026-02-10 14:55:10.184,0.00014512333631733633,bert-inference-54bffd747-29hhs
2026-02-10 14:55:15.184,0.0001956203459762904,bert-inference-54bffd747-t4vgj
2026-02-10 14:55:15.184,0.0001528507835723264,bert-inference-54bffd747-qkhmx
2026-02-10 14:55:15.184,0.0002025008586363469,bert-inference-54bffd747-9zzzq
2026-02-10 14:55:15.184,0.0002369143819848465,bert-inference-54bffd747-pz7fp
2026-02-10 14:55:15.184,0.0001464996884942471,bert-inference-54bffd747-29hhs
2026-02-10 14:55:20.184,0.00014646104585942543,bert-inference-54bffd747-29hhs
2026-02-10 14:55:20.184,0.00016190281321479982,bert-inference-54bffd747-qkhmx
2026-02-10 14:55:20.184,0.00020143586162077912,bert-inference-54bffd747-t4vgj
2026-02-10 14:55:20.184,0.0002025008586363469,bert-inference-54bffd747-9zzzq
2026-02-10 14:55:20.184,0.0002469940085720048,bert-inference-54bffd747-pz7fp
2026-02-10 14:55:25.184,0.00020026684752167437,bert-inference-54bffd747-9zzzq
2026-02-10 14:55:25.184,0.00016190281321479982,bert-inference-54bffd747-qkhmx
2026-02-10 14:55:25.184,0.00020143586162077912,bert-inference-54bffd747-t4vgj
2026-02-10 14:55:25.184,0.0002302186046621226,bert-inference-54bffd747-pz7fp
2026-02-10 14:55:25.184,0.0001466762409976807,bert-inference-54bffd747-29hhs
2026-02-10 14:55:30.184,0.00020360006892114707,bert-inference-54bffd747-t4vgj
2026-02-10 14:55:30.184,0.0001420951260985637,bert-inference-54bffd747-qkhmx
2026-02-10 14:55:30.184,0.00020439457800631156,bert-inference-54bffd747-9zzzq
2026-02-10 14:55:30.184,0.00024991708462613607,bert-inference-54bffd747-pz7fp
2026-02-10 14:55:30.184,0.00013536412191439743,bert-inference-54bffd747-29hhs
2026-02-10 14:55:35.184,0.0002410347626926719,bert-inference-54bffd747-pz7fp
2026-02-10 14:55:35.184,0.000198210704676529,bert-inference-54bffd747-t4vgj
2026-02-10 14:55:35.184,0.0001545118846112691,bert-inference-54bffd747-qkhmx
2026-02-10 14:55:35.184,0.00020439457800631156,bert-inference-54bffd747-9zzzq
2026-02-10 14:55:35.184,0.0001489530209701952,bert-inference-54bffd747-29hhs
2026-02-10 14:55:40.184,0.0001489530209701952,bert-inference-54bffd747-29hhs
2026-02-10 14:55:40.184,0.00021444782851291695,bert-inference-54bffd747-9zzzq
2026-02-10 14:55:40.184,0.000198210704676529,bert-inference-54bffd747-t4vgj
2026-02-10 14:55:40.184,0.00014053226298117987,bert-inference-54bffd747-qkhmx
2026-02-10 14:55:40.184,0.0002410347626926719,bert-inference-54bffd747-pz7fp
2026-02-10 14:55:45.184,0.00022126573040299227,bert-inference-54bffd747-9zzzq
2026-02-10 14:55:45.184,0.0001914561849550386,bert-inference-54bffd747-t4vgj
2026-02-10 14:55:45.184,0.00013932948626767234,bert-inference-54bffd747-qkhmx
2026-02-10 14:55:45.184,0.0001982236613529619,bert-inference-54bffd747-pz7fp
2026-02-10 14:55:45.184,0.00013547275574111572,bert-inference-54bffd747-29hhs
2026-02-10 14:55:50.184,0.0001265412723308613,bert-inference-54bffd747-29hhs
2026-02-10 14:55:50.184,0.00020613413147701983,bert-inference-54bffd747-pz7fp
2026-02-10 14:55:50.184,0.00022126573040299227,bert-inference-54bffd747-9zzzq
2026-02-10 14:55:50.184,0.00021348250153543092,bert-inference-54bffd747-t4vgj
2026-02-10 14:55:50.184,0.00015208360897022287,bert-inference-54bffd747-qkhmx
2026-02-10 14:55:55.184,0.00020883702794441736,bert-inference-54bffd747-9zzzq
2026-02-10 14:55:55.184,0.00014770221807034893,bert-inference-54bffd747-29hhs
2026-02-10 14:55:55.184,0.00021731385376812113,bert-inference-54bffd747-pz7fp
2026-02-10 14:55:55.184,0.00015208360897022287,bert-inference-54bffd747-qkhmx
2026-02-10 14:55:55.184,0.00021348250153543092,bert-inference-54bffd747-t4vgj
2026-02-10 14:56:00.184,0.00021731385376812113,bert-inference-54bffd747-pz7fp
2026-02-10 14:56:00.184,0.00020537752682093437,bert-inference-54bffd747-t4vgj
2026-02-10 14:56:00.184,0.0002043470115256222,bert-inference-54bffd747-9zzzq
2026-02-10 14:56:00.184,0.00015935653075318994,bert-inference-54bffd747-qkhmx
2026-02-10 14:56:00.184,0.00014093596802747924,bert-inference-54bffd747-29hhs
2026-02-10 14:56:05.184,0.00015478728851332015,bert-inference-54bffd747-qkhmx
2026-02-10 14:56:05.184,0.0002043470115256222,bert-inference-54bffd747-9zzzq
2026-02-10 14:56:05.184,0.00020431832742160642,bert-inference-54bffd747-t4vgj
2026-02-10 14:56:05.184,0.00019425528638931792,bert-inference-54bffd747-pz7fp
2026-02-10 14:56:05.184,0.0001561388714017867,bert-inference-54bffd747-29hhs
2026-02-10 14:56:10.184,0.00020968827539625862,bert-inference-54bffd747-9zzzq
2026-02-10 14:56:10.184,0.00020431832742160642,bert-inference-54bffd747-t4vgj
2026-02-10 14:56:10.184,0.0001629242635047822,bert-inference-54bffd747-29hhs
2026-02-10 14:56:10.184,0.00020897036230269072,bert-inference-54bffd747-pz7fp
2026-02-10 14:56:10.184,0.00015478728851332015,bert-inference-54bffd747-qkhmx
2026-02-10 14:56:15.184,0.00016574466313283782,bert-inference-54bffd747-29hhs
2026-02-10 14:56:15.184,0.0002038271582373583,bert-inference-54bffd747-9zzzq
2026-02-10 14:56:15.184,0.00019269631308122602,bert-inference-54bffd747-t4vgj
2026-02-10 14:56:15.184,0.00015117958746381404,bert-inference-54bffd747-qkhmx
2026-02-10 14:56:15.184,0.00020897036230269078,bert-inference-54bffd747-pz7fp
2026-02-10 14:56:20.184,0.00019058327190732806,bert-inference-54bffd747-t4vgj
2026-02-10 14:56:20.184,0.0002038271582373583,bert-inference-54bffd747-9zzzq
2026-02-10 14:56:20.184,0.00017036627347868138,bert-inference-54bffd747-29hhs
2026-02-10 14:56:20.184,0.00014852721453749998,bert-inference-54bffd747-qkhmx
2026-02-10 14:56:20.184,0.000198871190748936,bert-inference-54bffd747-pz7fp
2026-02-10 14:56:25.184,0.00020063271374475548,bert-inference-54bffd747-pz7fp
2026-02-10 14:56:25.184,0.00020060327779414277,bert-inference-54bffd747-9zzzq
2026-02-10 14:56:25.184,0.00019058327190732812,bert-inference-54bffd747-t4vgj
2026-02-10 14:56:25.184,0.00014852721453749998,bert-inference-54bffd747-qkhmx
2026-02-10 14:56:25.184,0.00017036627347868138,bert-inference-54bffd747-29hhs
2026-02-10 14:56:30.184,0.00017237234184468636,bert-inference-54bffd747-29hhs
2026-02-10 14:56:30.184,0.00014462998555660775,bert-inference-54bffd747-t4vgj
2026-02-10 14:56:30.184,0.00016929552992260154,bert-inference-54bffd747-9zzzq
2026-02-10 14:56:30.184,0.00017946872657872311,bert-inference-54bffd747-pz7fp
2026-02-10 14:56:30.184,0.0001454762707561572,bert-inference-54bffd747-qkhmx
2026-02-10 14:56:35.184,0.00018308752358741698,bert-inference-54bffd747-9zzzq
2026-02-10 14:56:35.184,0.00014671888379204777,bert-inference-54bffd747-29hhs
2026-02-10 14:56:35.184,0.00016077265759463,bert-inference-54bffd747-qkhmx
2026-02-10 14:56:35.184,0.00017649832742163438,bert-inference-54bffd747-t4vgj
2026-02-10 14:56:35.184,0.00022703830989313637,bert-inference-54bffd747-pz7fp
2026-02-10 14:56:40.184,0.00017521428377480745,bert-inference-54bffd747-29hhs
2026-02-10 14:56:40.184,0.00022703830989313637,bert-inference-54bffd747-pz7fp
2026-02-10 14:56:40.184,0.00017709294115430966,bert-inference-54bffd747-qkhmx
2026-02-10 14:56:40.184,0.0001748569651578343,bert-inference-54bffd747-t4vgj
2026-02-10 14:56:40.184,0.00018287721992511335,bert-inference-54bffd747-9zzzq
2026-02-10 14:56:45.184,0.00017180219750504892,bert-inference-54bffd747-t4vgj
2026-02-10 14:56:45.184,0.00017611339049606039,bert-inference-54bffd747-29hhs
2026-02-10 14:56:45.184,0.00022365824390553607,bert-inference-54bffd747-pz7fp
2026-02-10 14:56:45.184,0.00018192564142980585,bert-inference-54bffd747-9zzzq
2026-02-10 14:56:45.184,0.00018823026136119533,bert-inference-54bffd747-qkhmx
2026-02-10 14:56:50.184,0.00017206841766701547,bert-inference-54bffd747-t4vgj
2026-02-10 14:56:50.184,0.00017611339049606039,bert-inference-54bffd747-29hhs
2026-02-10 14:56:50.184,0.00022931659791999826,bert-inference-54bffd747-pz7fp
2026-02-10 14:56:50.184,0.00018043882180159482,bert-inference-54bffd747-9zzzq
2026-02-10 14:56:50.184,0.00020609598227773582,bert-inference-54bffd747-qkhmx
2026-02-10 14:56:55.184,0.00017926209182228802,bert-inference-54bffd747-29hhs
2026-02-10 14:56:55.184,0.00018159333603188143,bert-inference-54bffd747-9zzzq
2026-02-10 14:56:55.184,0.0001984838433735548,bert-inference-54bffd747-qkhmx
2026-02-10 14:56:55.184,0.00024643657328728954,bert-inference-54bffd747-pz7fp
2026-02-10 14:56:55.184,0.00015544551029749178,bert-inference-54bffd747-t4vgj
2026-02-10 14:57:00.184,0.00020918185791068543,bert-inference-54bffd747-qkhmx
2026-02-10 14:57:00.184,0.00017729977485748114,bert-inference-54bffd747-9zzzq
2026-02-10 14:57:00.184,0.00022547740728042756,bert-inference-54bffd747-pz7fp
2026-02-10 14:57:00.184,0.00018039778514582542,bert-inference-54bffd747-t4vgj
2026-02-10 14:57:00.184,0.00019784373297878212,bert-inference-54bffd747-29hhs
2026-02-10 14:57:05.184,0.00022552660461257684,bert-inference-54bffd747-qkhmx
2026-02-10 14:57:05.184,0.00017729977485748114,bert-inference-54bffd747-9zzzq
2026-02-10 14:57:05.184,0.00021401586508769697,bert-inference-54bffd747-pz7fp
2026-02-10 14:57:05.184,0.00018039778514582542,bert-inference-54bffd747-t4vgj
2026-02-10 14:57:05.184,0.0002013117039700806,bert-inference-54bffd747-29hhs
2026-02-10 14:57:10.184,0.00019757462644543643,bert-inference-54bffd747-9zzzq
2026-02-10 14:57:10.184,0.00021583327931357337,bert-inference-54bffd747-pz7fp
2026-02-10 14:57:10.184,0.00019646357837450217,bert-inference-54bffd747-29hhs
2026-02-10 14:57:10.184,0.00019231795560999007,bert-inference-54bffd747-t4vgj
2026-02-10 14:57:10.184,0.00022195948885219693,bert-inference-54bffd747-qkhmx
2026-02-10 14:57:15.184,0.00018886131629682182,bert-inference-54bffd747-29hhs
2026-02-10 14:57:15.184,0.00021474665207152517,bert-inference-54bffd747-t4vgj
2026-02-10 14:57:15.184,0.00021583327931357337,bert-inference-54bffd747-pz7fp
2026-02-10 14:57:15.184,0.00021488111159833194,bert-inference-54bffd747-9zzzq
2026-02-10 14:57:15.184,0.00022765293926462008,bert-inference-54bffd747-qkhmx
2026-02-10 14:57:20.184,0.00021474665207152517,bert-inference-54bffd747-t4vgj
2026-02-10 14:57:20.184,0.0001752075501684848,bert-inference-54bffd747-pz7fp
2026-02-10 14:57:20.184,0.0001906524292047979,bert-inference-54bffd747-29hhs
2026-02-10 14:57:20.184,0.00021488111159833194,bert-inference-54bffd747-9zzzq
2026-02-10 14:57:20.184,0.00022765293926462008,bert-inference-54bffd747-qkhmx
2026-02-10 14:57:25.184,0.00019424029730288715,bert-inference-54bffd747-t4vgj
2026-02-10 14:57:25.184,0.00018256720235358193,bert-inference-54bffd747-pz7fp
2026-02-10 14:57:25.184,0.0002098141428527916,bert-inference-54bffd747-9zzzq
2026-02-10 14:57:25.184,0.0001762666717797499,bert-inference-54bffd747-29hhs
2026-02-10 14:57:25.184,0.00022982616317868801,bert-inference-54bffd747-qkhmx
2026-02-10 14:57:30.184,0.00020149660115774035,bert-inference-54bffd747-qkhmx
2026-02-10 14:57:30.184,0.000200047530734672,bert-inference-54bffd747-9zzzq
2026-02-10 14:57:30.184,0.0001825672023535819,bert-inference-54bffd747-pz7fp
2026-02-10 14:57:30.184,0.00018763499361695046,bert-inference-54bffd747-29hhs
2026-02-10 14:57:30.184,0.00023293180590083817,bert-inference-54bffd747-t4vgj
2026-02-10 14:57:35.184,0.00020718530019440785,bert-inference-54bffd747-qkhmx
2026-02-10 14:57:35.184,0.00020704847018317824,bert-inference-54bffd747-9zzzq
2026-02-10 14:57:35.184,0.00017409903003451653,bert-inference-54bffd747-pz7fp
2026-02-10 14:57:35.184,0.00018310474817219836,bert-inference-54bffd747-29hhs
2026-02-10 14:57:35.184,0.00022805344071889002,bert-inference-54bffd747-t4vgj
2026-02-10 14:57:40.184,0.00020642209571323367,bert-inference-54bffd747-9zzzq
2026-02-10 14:57:40.184,0.00017214959781518008,bert-inference-54bffd747-29hhs
2026-02-10 14:57:40.184,0.00019354553479644526,bert-inference-54bffd747-qkhmx
2026-02-10 14:57:40.184,0.00017409903003451653,bert-inference-54bffd747-pz7fp
2026-02-10 14:57:40.184,0.00023964318033931525,bert-inference-54bffd747-t4vgj
2026-02-10 14:57:45.184,0.00016247478928877116,bert-inference-54bffd747-29hhs
2026-02-10 14:57:45.184,0.00021020638395180915,bert-inference-54bffd747-9zzzq
2026-02-10 14:57:45.184,0.0002466109463654442,bert-inference-54bffd747-t4vgj
2026-02-10 14:57:45.184,0.0001813026678983163,bert-inference-54bffd747-pz7fp
2026-02-10 14:57:45.184,0.0002145608127278263,bert-inference-54bffd747-qkhmx
2026-02-10 14:57:50.184,0.00017841550473894188,bert-inference-54bffd747-pz7fp
2026-02-10 14:57:50.184,0.00019515815709988515,bert-inference-54bffd747-qkhmx
2026-02-10 14:57:50.184,0.00016247478928877116,bert-inference-54bffd747-29hhs
2026-02-10 14:57:50.184,0.0002548610744469383,bert-inference-54bffd747-t4vgj
2026-02-10 14:57:50.184,0.00020136694691608718,bert-inference-54bffd747-9zzzq
2026-02-10 14:57:55.184,0.00019355254439581542,bert-inference-54bffd747-9zzzq
2026-02-10 14:57:55.184,0.0002548610744469383,bert-inference-54bffd747-t4vgj
2026-02-10 14:57:55.184,0.00019077041603183457,bert-inference-54bffd747-pz7fp
2026-02-10 14:57:55.184,0.00016262046523295178,bert-inference-54bffd747-29hhs
2026-02-10 14:57:55.184,0.00021235505148363648,bert-inference-54bffd747-qkhmx
2026-02-10 14:58:00.184,0.00016821057975248356,bert-inference-54bffd747-29hhs
2026-02-10 14:58:00.184,0.0002164271514685385,bert-inference-54bffd747-qkhmx
2026-02-10 14:58:00.184,0.00018590287629909334,bert-inference-54bffd747-9zzzq
2026-02-10 14:58:00.184,0.00023868045648400913,bert-inference-54bffd747-t4vgj
2026-02-10 14:58:00.184,0.00019033527728882138,bert-inference-54bffd747-pz7fp
2026-02-10 14:58:05.184,0.00018590287629909334,bert-inference-54bffd747-9zzzq
2026-02-10 14:58:05.184,0.0002201334820013122,bert-inference-54bffd747-t4vgj
2026-02-10 14:58:05.184,0.0001995099132489674,bert-inference-54bffd747-qkhmx
2026-02-10 14:58:05.184,0.000175217094517,bert-inference-54bffd747-29hhs
2026-02-10 14:58:05.184,0.0001888105727803128,bert-inference-54bffd747-pz7fp
2026-02-10 14:58:10.184,0.00017867539242832653,bert-inference-54bffd747-29hhs
2026-02-10 14:58:10.184,0.00017819957032944912,bert-inference-54bffd747-qkhmx
2026-02-10 14:58:10.184,0.00017121780322545532,bert-inference-54bffd747-pz7fp
2026-02-10 14:58:10.184,0.00023282908395432119,bert-inference-54bffd747-t4vgj
2026-02-10 14:58:10.184,0.00019337628674497882,bert-inference-54bffd747-9zzzq
2026-02-10 14:58:15.184,0.00026123767283787623,bert-inference-54bffd747-9zzzq
2026-02-10 14:58:15.184,0.00017018389002923333,bert-inference-54bffd747-29hhs
2026-02-10 14:58:15.184,0.00019150232078918417,bert-inference-54bffd747-pz7fp
2026-02-10 14:58:15.184,0.00026302899103157874,bert-inference-54bffd747-t4vgj
2026-02-10 14:58:15.184,0.00018321749636575425,bert-inference-54bffd747-qkhmx
2026-02-10 14:58:20.184,0.00026123767283787623,bert-inference-54bffd747-9zzzq
2026-02-10 14:58:20.184,0.00017221961911418091,bert-inference-54bffd747-29hhs
2026-02-10 14:58:20.184,0.00018744012384998597,bert-inference-54bffd747-pz7fp
2026-02-10 14:58:20.184,0.00026027474891595064,bert-inference-54bffd747-t4vgj
2026-02-10 14:58:20.184,0.00017908862329564572,bert-inference-54bffd747-qkhmx
2026-02-10 14:58:25.184,0.00025912385412774834,bert-inference-54bffd747-t4vgj
2026-02-10 14:58:25.184,0.00017174580175105707,bert-inference-54bffd747-qkhmx
2026-02-10 14:58:25.184,0.0002646460281154238,bert-inference-54bffd747-9zzzq
2026-02-10 14:58:25.184,0.000183715136460525,bert-inference-54bffd747-29hhs
2026-02-10 14:58:25.184,0.00019127322359333883,bert-inference-54bffd747-pz7fp
2026-02-10 14:58:30.184,0.00018799472539484652,bert-inference-54bffd747-29hhs
2026-02-10 14:58:30.184,0.0001802223733181467,bert-inference-54bffd747-qkhmx
2026-02-10 14:58:30.184,0.0002572277230885805,bert-inference-54bffd747-9zzzq
2026-02-10 14:58:30.184,0.0001859388520569097,bert-inference-54bffd747-pz7fp
2026-02-10 14:58:30.184,0.00026344532520840427,bert-inference-54bffd747-t4vgj
2026-02-10 14:58:35.184,0.00025334778713545514,bert-inference-54bffd747-9zzzq
2026-02-10 14:58:35.184,0.00018636827943230657,bert-inference-54bffd747-pz7fp
2026-02-10 14:58:35.184,0.0001691826099172983,bert-inference-54bffd747-qkhmx
2026-02-10 14:58:35.184,0.00019127070308079872,bert-inference-54bffd747-29hhs
2026-02-10 14:58:35.184,0.00023981407702774993,bert-inference-54bffd747-t4vgj
2026-02-10 14:58:40.184,0.00018760639265742032,bert-inference-54bffd747-qkhmx
2026-02-10 14:58:40.184,0.00019824490499940827,bert-inference-54bffd747-29hhs
2026-02-10 14:58:40.184,0.00025794598908124674,bert-inference-54bffd747-9zzzq
2026-02-10 14:58:40.184,0.0001856973562973116,bert-inference-54bffd747-pz7fp
2026-02-10 14:58:40.184,0.0002497735209050179,bert-inference-54bffd747-t4vgj
2026-02-10 14:58:45.184,0.00025806388676951307,bert-inference-54bffd747-9zzzq
2026-02-10 14:58:45.184,0.00019711514828608462,bert-inference-54bffd747-qkhmx
2026-02-10 14:58:45.184,0.00020546493530293532,bert-inference-54bffd747-29hhs
2026-02-10 14:58:45.184,0.0002497735209050179,bert-inference-54bffd747-t4vgj
2026-02-10 14:58:45.184,0.00018562800357014252,bert-inference-54bffd747-pz7fp
2026-02-10 14:58:50.184,0.00023252275560102048,bert-inference-54bffd747-t4vgj
2026-02-10 14:58:50.184,0.00020006947585276196,bert-inference-54bffd747-29hhs
2026-02-10 14:58:50.184,0.00025806388676951307,bert-inference-54bffd747-9zzzq
2026-02-10 14:58:50.184,0.00019711514828608462,bert-inference-54bffd747-qkhmx
2026-02-10 14:58:50.184,0.00018562800357014252,bert-inference-54bffd747-pz7fp
2026-02-10 14:58:55.184,0.0001946058881986135,bert-inference-54bffd747-29hhs
2026-02-10 14:58:55.184,0.00024342149868219532,bert-inference-54bffd747-9zzzq
2026-02-10 14:58:55.184,0.00021709828514370012,bert-inference-54bffd747-t4vgj
2026-02-10 14:58:55.184,0.0002061243864826617,bert-inference-54bffd747-qkhmx
2026-02-10 14:58:55.184,0.00019421084652993442,bert-inference-54bffd747-pz7fp
2026-02-10 14:59:00.184,0.00018308094622704145,bert-inference-54bffd747-9zzzq
2026-02-10 14:59:00.184,0.00021446727971711832,bert-inference-54bffd747-t4vgj
2026-02-10 14:59:00.184,0.00019805687605902963,bert-inference-54bffd747-pz7fp
2026-02-10 14:59:00.184,0.0002061243864826617,bert-inference-54bffd747-qkhmx
2026-02-10 14:59:00.184,0.0001956125614436657,bert-inference-54bffd747-29hhs
2026-02-10 14:59:05.184,0.0001722378513067315,bert-inference-54bffd747-29hhs
2026-02-10 14:59:05.184,0.0002009259984024183,bert-inference-54bffd747-qkhmx
2026-02-10 14:59:05.184,0.00022548059363935899,bert-inference-54bffd747-9zzzq
2026-02-10 14:59:05.184,0.0002135726400712855,bert-inference-54bffd747-t4vgj
2026-02-10 14:59:05.184,0.00019805687605902963,bert-inference-54bffd747-pz7fp
2026-02-10 14:59:10.184,0.00020066911803406765,bert-inference-54bffd747-t4vgj
2026-02-10 14:59:10.184,0.00019805687605902963,bert-inference-54bffd747-pz7fp
2026-02-10 14:59:10.184,0.00028275156499411446,bert-inference-54bffd747-qkhmx
2026-02-10 14:59:10.184,0.000180249824081453,bert-inference-54bffd747-29hhs
2026-02-10 14:59:10.184,0.00022548059363935899,bert-inference-54bffd747-9zzzq
2026-02-10 14:59:15.184,0.00017626462916957414,bert-inference-54bffd747-29hhs
2026-02-10 14:59:15.184,0.00024650204173282564,bert-inference-54bffd747-9zzzq
2026-02-10 14:59:15.184,0.00020421570026190157,bert-inference-54bffd747-t4vgj
2026-02-10 14:59:15.184,0.00032816134883149894,bert-inference-54bffd747-qkhmx
2026-02-10 14:59:15.184,0.00021778936856398676,bert-inference-54bffd747-pz7fp
2026-02-10 14:59:20.184,0.00019351546671179977,bert-inference-54bffd747-29hhs
2026-02-10 14:59:20.184,0.00016797025126392127,bert-inference-54bffd747-t4vgj
2026-02-10 14:59:20.184,0.00021778936856398676,bert-inference-54bffd747-pz7fp
2026-02-10 14:59:20.184,0.00031538396527025937,bert-inference-54bffd747-qkhmx
2026-02-10 14:59:20.184,0.00023348057824765922,bert-inference-54bffd747-9zzzq
2026-02-10 14:59:25.184,0.00017072971406008818,bert-inference-54bffd747-t4vgj
2026-02-10 14:59:25.184,0.00018721235595506937,bert-inference-54bffd747-29hhs
2026-02-10 14:59:25.184,0.0002538861681563378,bert-inference-54bffd747-9zzzq
2026-02-10 14:59:25.184,0.00021778936856398673,bert-inference-54bffd747-pz7fp
2026-02-10 14:59:25.184,0.0002971439598055798,bert-inference-54bffd747-qkhmx
2026-02-10 14:59:30.184,0.0003124707080986275,bert-inference-54bffd747-qkhmx
2026-02-10 14:59:30.184,0.00019729460208303646,bert-inference-54bffd747-t4vgj
2026-02-10 14:59:30.184,0.000272321969608622,bert-inference-54bffd747-9zzzq
2026-02-10 14:59:30.184,0.00018447692190248316,bert-inference-54bffd747-29hhs
2026-02-10 14:59:30.184,0.0002452247770964099,bert-inference-54bffd747-pz7fp
2026-02-10 14:59:35.184,0.00027357620449143516,bert-inference-54bffd747-9zzzq
2026-02-10 14:59:35.184,0.0003124707080986275,bert-inference-54bffd747-qkhmx
2026-02-10 14:59:35.184,0.000182825020176151,bert-inference-54bffd747-29hhs
2026-02-10 14:59:35.184,0.0002452247770964099,bert-inference-54bffd747-pz7fp
2026-02-10 14:59:35.184,0.00019729460208303646,bert-inference-54bffd747-t4vgj
2026-02-10 14:59:40.184,0.0002482109727144333,bert-inference-54bffd747-pz7fp
2026-02-10 14:59:40.184,0.0003518924672610092,bert-inference-54bffd747-qkhmx
2026-02-10 14:59:40.184,0.00026204832541622215,bert-inference-54bffd747-9zzzq
2026-02-10 14:59:40.184,0.0002106395289153485,bert-inference-54bffd747-t4vgj
2026-02-10 14:59:40.184,0.00018314151049016875,bert-inference-54bffd747-29hhs
2026-02-10 14:59:45.184,0.0002503087484948688,bert-inference-54bffd747-pz7fp
2026-02-10 14:59:45.184,0.00018458683728212095,bert-inference-54bffd747-29hhs
2026-02-10 14:59:45.184,0.00020915193870828401,bert-inference-54bffd747-t4vgj
2026-02-10 14:59:45.184,0.0003529031016835881,bert-inference-54bffd747-qkhmx
2026-02-10 14:59:45.184,0.00026453806272334847,bert-inference-54bffd747-9zzzq
2026-02-10 14:59:50.184,0.0003345051933571832,bert-inference-54bffd747-qkhmx
2026-02-10 14:59:50.184,0.0002515697036989537,bert-inference-54bffd747-pz7fp
2026-02-10 14:59:50.184,0.00026453806272334847,bert-inference-54bffd747-9zzzq
2026-02-10 14:59:50.184,0.00018698328328536576,bert-inference-54bffd747-29hhs
2026-02-10 14:59:50.184,0.00021029458048941742,bert-inference-54bffd747-t4vgj
2026-02-10 14:59:55.184,0.00023952507609283685,bert-inference-54bffd747-pz7fp
2026-02-10 14:59:55.184,0.00023108639934571197,bert-inference-54bffd747-9zzzq
2026-02-10 14:59:55.184,0.00018428692251720778,bert-inference-54bffd747-29hhs
2026-02-10 14:59:55.184,0.00021737735527675283,bert-inference-54bffd747-qkhmx
2026-02-10 14:59:55.184,0.00021165878503079432,bert-inference-54bffd747-t4vgj
2026-02-10 15:00:00.184,0.00022851231471680052,bert-inference-54bffd747-qkhmx
2026-02-10 15:00:00.184,0.00025299441682675403,bert-inference-54bffd747-pz7fp
2026-02-10 15:00:00.184,0.00021327181578015503,bert-inference-54bffd747-t4vgj
2026-02-10 15:00:00.184,0.00022459801412756745,bert-inference-54bffd747-9zzzq
2026-02-10 15:00:00.184,0.00017926080755972405,bert-inference-54bffd747-29hhs
2026-02-10 15:00:05.184,0.00020491516339968466,bert-inference-54bffd747-9zzzq
2026-02-10 15:00:05.184,0.00016907612995660217,bert-inference-54bffd747-29hhs
2026-02-10 15:00:05.184,0.0002135358838322987,bert-inference-54bffd747-t4vgj
2026-02-10 15:00:05.184,0.0002679933448084848,bert-inference-54bffd747-pz7fp
2026-02-10 15:00:05.184,0.0002069088164674412,bert-inference-54bffd747-qkhmx
2026-02-10 15:00:10.184,0.0002205368317477865,bert-inference-54bffd747-qkhmx
2026-02-10 15:00:10.184,0.00021084138670758205,bert-inference-54bffd747-t4vgj
2026-02-10 15:00:10.184,0.0002473897243056855,bert-inference-54bffd747-pz7fp
2026-02-10 15:00:10.184,0.00016907612995660217,bert-inference-54bffd747-29hhs
2026-02-10 15:00:10.184,0.00039573125520155257,bert-inference-54bffd747-9zzzq
2026-02-10 15:00:15.184,0.00023479427599164856,bert-inference-54bffd747-qkhmx
2026-02-10 15:00:15.184,0.0005051607821925711,bert-inference-54bffd747-9zzzq
2026-02-10 15:00:15.184,0.0003766612745626323,bert-inference-54bffd747-pz7fp
2026-02-10 15:00:15.184,0.00017670561333183777,bert-inference-54bffd747-t4vgj
2026-02-10 15:00:15.184,0.00015566898133840865,bert-inference-54bffd747-29hhs
2026-02-10 15:00:20.184,0.0005461355305851122,bert-inference-54bffd747-pz7fp
2026-02-10 15:00:20.184,0.00016917284289780495,bert-inference-54bffd747-29hhs
2026-02-10 15:00:20.184,0.000556102757500904,bert-inference-54bffd747-9zzzq
2026-02-10 15:00:20.184,0.00023576469353580275,bert-inference-54bffd747-t4vgj
2026-02-10 15:00:20.184,0.00023479427599164856,bert-inference-54bffd747-qkhmx
2026-02-10 15:00:25.184,0.00023837800341545718,bert-inference-54bffd747-t4vgj
2026-02-10 15:00:25.184,0.00019720991339962647,bert-inference-54bffd747-qkhmx
2026-02-10 15:00:25.184,0.0005461355305851122,bert-inference-54bffd747-pz7fp
2026-02-10 15:00:25.184,0.0006193340965180181,bert-inference-54bffd747-9zzzq
2026-02-10 15:00:25.184,0.00016766901587999226,bert-inference-54bffd747-29hhs
2026-02-10 15:00:30.184,0.0002531065756793178,bert-inference-54bffd747-t4vgj
2026-02-10 15:00:30.184,0.00017939940812605122,bert-inference-54bffd747-qkhmx
2026-02-10 15:00:30.184,0.0006246853403021637,bert-inference-54bffd747-pz7fp
2026-02-10 15:00:30.184,0.0006044874875260414,bert-inference-54bffd747-9zzzq
2026-02-10 15:00:30.184,0.00014290674973373366,bert-inference-54bffd747-29hhs
2026-02-10 15:00:35.184,0.00031648986175995884,bert-inference-54bffd747-t4vgj
2026-02-10 15:00:35.184,0.0006044874875260414,bert-inference-54bffd747-9zzzq
2026-02-10 15:00:35.184,0.0005445481028778286,bert-inference-54bffd747-pz7fp
2026-02-10 15:00:35.184,0.00017939940812605122,bert-inference-54bffd747-qkhmx
2026-02-10 15:00:35.184,0.00015567227874752857,bert-inference-54bffd747-29hhs
2026-02-10 15:00:40.184,0.00019830663324064157,bert-inference-54bffd747-qkhmx
2026-02-10 15:00:40.184,0.0006348651700503209,bert-inference-54bffd747-9zzzq
2026-02-10 15:00:40.184,0.00015577847021866609,bert-inference-54bffd747-29hhs
2026-02-10 15:00:40.184,0.00031648986175995884,bert-inference-54bffd747-t4vgj
2026-02-10 15:00:40.184,0.0005445481028778286,bert-inference-54bffd747-pz7fp
2026-02-10 15:00:45.184,0.0005360415844162277,bert-inference-54bffd747-pz7fp
2026-02-10 15:00:45.184,0.0001552452729486513,bert-inference-54bffd747-29hhs
2026-02-10 15:00:45.184,0.0006824428081988928,bert-inference-54bffd747-9zzzq
2026-02-10 15:00:45.184,0.0003039230754435002,bert-inference-54bffd747-t4vgj
2026-02-10 15:00:45.184,0.00021339570117416193,bert-inference-54bffd747-qkhmx
2026-02-10 15:00:50.184,0.0001552452729486513,bert-inference-54bffd747-29hhs
2026-02-10 15:00:50.184,0.0001931199525950463,bert-inference-54bffd747-qkhmx
2026-02-10 15:00:50.184,0.0003299841698189941,bert-inference-54bffd747-t4vgj
2026-02-10 15:00:50.184,0.0006824428081988928,bert-inference-54bffd747-9zzzq
2026-02-10 15:00:50.184,0.0005130934318985394,bert-inference-54bffd747-pz7fp
2026-02-10 15:00:55.184,0.0002964636604363955,bert-inference-54bffd747-t4vgj
2026-02-10 15:00:55.184,0.0004705614608768408,bert-inference-54bffd747-9zzzq
2026-02-10 15:00:55.184,0.00015173392822923944,bert-inference-54bffd747-29hhs
2026-02-10 15:00:55.184,0.00045645676107943135,bert-inference-54bffd747-pz7fp
2026-02-10 15:00:55.184,0.00020462283001157467,bert-inference-54bffd747-qkhmx
2026-02-10 15:01:00.184,0.00027243782115027125,bert-inference-54bffd747-t4vgj
2026-02-10 15:01:00.184,0.00036032386763736187,bert-inference-54bffd747-9zzzq
2026-02-10 15:01:00.184,0.00020460458466881618,bert-inference-54bffd747-qkhmx
2026-02-10 15:01:00.184,0.00012728130271367363,bert-inference-54bffd747-29hhs
2026-02-10 15:01:00.184,0.00039415860915021305,bert-inference-54bffd747-pz7fp
2026-02-10 15:01:05.184,0.0001660841508027662,bert-inference-54bffd747-29hhs
2026-02-10 15:01:05.184,0.0002593699381794889,bert-inference-54bffd747-t4vgj
2026-02-10 15:01:05.184,0.0002291375699174574,bert-inference-54bffd747-pz7fp
2026-02-10 15:01:05.184,0.00036032386763736187,bert-inference-54bffd747-9zzzq
2026-02-10 15:01:05.184,0.00020460458466881615,bert-inference-54bffd747-qkhmx
2026-02-10 15:01:10.184,0.0002831887542543988,bert-inference-54bffd747-t4vgj
2026-02-10 15:01:10.184,0.0001660841508027662,bert-inference-54bffd747-29hhs
2026-02-10 15:01:10.184,0.0002291375699174574,bert-inference-54bffd747-pz7fp
2026-02-10 15:01:10.184,0.00030237718434531006,bert-inference-54bffd747-9zzzq
2026-02-10 15:01:10.184,0.000208653534734975,bert-inference-54bffd747-qkhmx
2026-02-10 15:01:15.184,0.00023584069780758588,bert-inference-54bffd747-pz7fp
2026-02-10 15:01:15.184,0.0002840533082604243,bert-inference-54bffd747-9zzzq
2026-02-10 15:01:15.184,0.00021562966269961307,bert-inference-54bffd747-qkhmx
2026-02-10 15:01:15.184,0.00017285053605638884,bert-inference-54bffd747-29hhs
2026-02-10 15:01:15.184,0.00024583030585555567,bert-inference-54bffd747-t4vgj
2026-02-10 15:01:20.184,0.00021562966269961307,bert-inference-54bffd747-qkhmx
2026-02-10 15:01:20.184,0.0002549797548675837,bert-inference-54bffd747-pz7fp
2026-02-10 15:01:20.184,0.0001656828854033717,bert-inference-54bffd747-29hhs
2026-02-10 15:01:20.184,0.00020462148354673146,bert-inference-54bffd747-t4vgj
2026-02-10 15:01:20.184,0.0002736347778332517,bert-inference-54bffd747-9zzzq
2026-02-10 15:01:25.184,0.0001656828854033717,bert-inference-54bffd747-29hhs
2026-02-10 15:01:25.184,0.00017313004187264426,bert-inference-54bffd747-qkhmx
2026-02-10 15:01:25.184,0.0002297486912448373,bert-inference-54bffd747-9zzzq
2026-02-10 15:01:25.184,0.0002941038277813261,bert-inference-54bffd747-pz7fp
2026-02-10 15:01:25.184,0.00015914334582304998,bert-inference-54bffd747-t4vgj
2026-02-10 15:01:30.184,0.0001941337123064535,bert-inference-54bffd747-9zzzq
2026-02-10 15:01:30.184,0.00017563426047137275,bert-inference-54bffd747-29hhs
2026-02-10 15:01:30.184,0.0001900131200277602,bert-inference-54bffd747-qkhmx
2026-02-10 15:01:30.184,0.0003126789809288666,bert-inference-54bffd747-pz7fp
2026-02-10 15:01:30.184,0.0001661440965442477,bert-inference-54bffd747-t4vgj
2026-02-10 15:01:35.184,0.0001941337123064535,bert-inference-54bffd747-9zzzq
2026-02-10 15:01:35.184,0.00017835858074944803,bert-inference-54bffd747-29hhs
2026-02-10 15:01:35.184,0.0001900131200277602,bert-inference-54bffd747-qkhmx
2026-02-10 15:01:35.184,0.0003174443493654043,bert-inference-54bffd747-pz7fp
2026-02-10 15:01:35.184,0.00017042344678493729,bert-inference-54bffd747-t4vgj
2026-02-10 15:01:40.184,0.00028350346266120964,bert-inference-54bffd747-pz7fp
2026-02-10 15:01:40.184,0.00016893402459935053,bert-inference-54bffd747-t4vgj
2026-02-10 15:01:40.184,0.00017600009549472204,bert-inference-54bffd747-qkhmx
2026-02-10 15:01:40.184,0.00018193718616782884,bert-inference-54bffd747-9zzzq
2026-02-10 15:01:40.184,0.00018634541163728866,bert-inference-54bffd747-29hhs
2026-02-10 15:01:45.184,0.0001700388836461986,bert-inference-54bffd747-t4vgj
2026-02-10 15:01:45.184,0.0002889188111967538,bert-inference-54bffd747-pz7fp
2026-02-10 15:01:45.184,0.00019888386818989103,bert-inference-54bffd747-qkhmx
2026-02-10 15:01:45.184,0.00015886104964662066,bert-inference-54bffd747-9zzzq
2026-02-10 15:01:45.184,0.00018016336837855032,bert-inference-54bffd747-29hhs
2026-02-10 15:01:50.184,0.00016821582289564983,bert-inference-54bffd747-t4vgj
2026-02-10 15:01:50.184,0.0002897988784085506,bert-inference-54bffd747-pz7fp
2026-02-10 15:01:50.184,0.00017255640078454464,bert-inference-54bffd747-9zzzq
2026-02-10 15:01:50.184,0.00019888386818989103,bert-inference-54bffd747-qkhmx
2026-02-10 15:01:50.184,0.0001864521257005385,bert-inference-54bffd747-29hhs
2026-02-10 15:01:55.184,0.0001546984320058957,bert-inference-54bffd747-t4vgj
2026-02-10 15:01:55.184,0.00020382736752830807,bert-inference-54bffd747-qkhmx
2026-02-10 15:01:55.184,0.00027809228794515364,bert-inference-54bffd747-pz7fp
2026-02-10 15:01:55.184,0.00019278869410590779,bert-inference-54bffd747-29hhs
2026-02-10 15:01:55.184,0.00016016877216061252,bert-inference-54bffd747-9zzzq
2026-02-10 15:02:00.184,0.0001965795324116175,bert-inference-54bffd747-29hhs
2026-02-10 15:02:00.184,0.00027809228794515364,bert-inference-54bffd747-pz7fp
2026-02-10 15:02:00.184,0.00018481305994612397,bert-inference-54bffd747-9zzzq
2026-02-10 15:02:00.184,0.00020576252465929682,bert-inference-54bffd747-qkhmx
2026-02-10 15:02:00.184,0.0001705357106356128,bert-inference-54bffd747-t4vgj
2026-02-10 15:02:05.184,0.00018481305994612397,bert-inference-54bffd747-9zzzq
2026-02-10 15:02:05.184,0.00020667035723473395,bert-inference-54bffd747-qkhmx
2026-02-10 15:02:05.184,0.00020326349344933586,bert-inference-54bffd747-29hhs
2026-02-10 15:02:05.184,0.00017601534007552353,bert-inference-54bffd747-t4vgj
2026-02-10 15:02:05.184,0.00018197993390157679,bert-inference-54bffd747-pz7fp
2026-02-10 15:02:10.184,0.00020970289700080846,bert-inference-54bffd747-qkhmx
2026-02-10 15:02:10.184,0.0001932537231578597,bert-inference-54bffd747-pz7fp
2026-02-10 15:02:10.184,0.0001613646586955876,bert-inference-54bffd747-t4vgj
2026-02-10 15:02:10.184,0.00018356589963462462,bert-inference-54bffd747-9zzzq
2026-02-10 15:02:10.184,0.00020326349344933586,bert-inference-54bffd747-29hhs
2026-02-10 15:02:15.184,0.0002147409306877924,bert-inference-54bffd747-qkhmx
2026-02-10 15:02:15.184,0.00017821833587978731,bert-inference-54bffd747-t4vgj
2026-02-10 15:02:15.184,0.00021277362760700573,bert-inference-54bffd747-9zzzq
2026-02-10 15:02:15.184,0.00018400476852489556,bert-inference-54bffd747-29hhs
2026-02-10 15:02:15.184,0.00019613728732096605,bert-inference-54bffd747-pz7fp
2026-02-10 15:02:20.184,0.00017821833587978731,bert-inference-54bffd747-t4vgj
2026-02-10 15:02:20.184,0.00018382980231533634,bert-inference-54bffd747-pz7fp
2026-02-10 15:02:20.184,0.00021594083436949976,bert-inference-54bffd747-9zzzq
2026-02-10 15:02:20.184,0.00020910140316696938,bert-inference-54bffd747-qkhmx
2026-02-10 15:02:20.184,0.00016053547253246146,bert-inference-54bffd747-29hhs
2026-02-10 15:02:25.184,0.00023099223706111405,bert-inference-54bffd747-9zzzq
2026-02-10 15:02:25.184,0.00019429576561323192,bert-inference-54bffd747-qkhmx
2026-02-10 15:02:25.184,0.00017606476725109022,bert-inference-54bffd747-29hhs
2026-02-10 15:02:25.184,0.00018170473265949268,bert-inference-54bffd747-t4vgj
2026-02-10 15:02:25.184,0.000195493610241983,bert-inference-54bffd747-pz7fp
2026-02-10 15:02:30.184,0.00020037377340291316,bert-inference-54bffd747-pz7fp
2026-02-10 15:02:30.184,0.00019634126688570234,bert-inference-54bffd747-qkhmx
2026-02-10 15:02:30.184,0.00015701367656370145,bert-inference-54bffd747-29hhs
2026-02-10 15:02:30.184,0.00019050299236842317,bert-inference-54bffd747-t4vgj
2026-02-10 15:02:30.184,0.00021666364366297895,bert-inference-54bffd747-9zzzq
2026-02-10 15:02:35.184,0.00018796139105840376,bert-inference-54bffd747-qkhmx
2026-02-10 15:02:35.184,0.00020261497543801502,bert-inference-54bffd747-pz7fp
2026-02-10 15:02:35.184,0.00019050299236842317,bert-inference-54bffd747-t4vgj
2026-02-10 15:02:35.184,0.00016989265038844738,bert-inference-54bffd747-29hhs
2026-02-10 15:02:35.184,0.00022506863964776938,bert-inference-54bffd747-9zzzq
2026-02-10 15:02:40.184,0.00019257223310942338,bert-inference-54bffd747-qkhmx
2026-02-10 15:02:40.184,0.00016805476009585296,bert-inference-54bffd747-29hhs
2026-02-10 15:02:40.184,0.0002047585497748747,bert-inference-54bffd747-pz7fp
2026-02-10 15:02:40.184,0.00022540449761906077,bert-inference-54bffd747-9zzzq
2026-02-10 15:02:40.184,0.00019267196208280714,bert-inference-54bffd747-t4vgj
2026-02-10 15:02:45.184,0.00019177637539266872,bert-inference-54bffd747-qkhmx
2026-02-10 15:02:45.184,0.00017157175549903787,bert-inference-54bffd747-29hhs
2026-02-10 15:02:45.184,0.00021541622045148407,bert-inference-54bffd747-9zzzq
2026-02-10 15:02:45.184,0.0002047585497748747,bert-inference-54bffd747-pz7fp
2026-02-10 15:02:45.184,0.00019110659417101704,bert-inference-54bffd747-t4vgj
2026-02-10 15:02:50.184,0.00019262789081766238,bert-inference-54bffd747-t4vgj
2026-02-10 15:02:50.184,0.00020191279525449306,bert-inference-54bffd747-9zzzq
2026-02-10 15:02:50.184,0.0001716536313554322,bert-inference-54bffd747-29hhs
2026-02-10 15:02:50.184,0.00020924405837871162,bert-inference-54bffd747-pz7fp
2026-02-10 15:02:50.184,0.00018802389979137688,bert-inference-54bffd747-qkhmx
2026-02-10 15:02:55.184,0.00016027760679029692,bert-inference-54bffd747-29hhs
2026-02-10 15:02:55.184,0.0001574774378648241,bert-inference-54bffd747-t4vgj
2026-02-10 15:02:55.184,0.00020821421722899507,bert-inference-54bffd747-pz7fp
2026-02-10 15:02:55.184,0.00015650646853124776,bert-inference-54bffd747-qkhmx
2026-02-10 15:02:55.184,0.00019283664280570834,bert-inference-54bffd747-9zzzq
2026-02-10 15:03:00.184,0.00021774618828321926,bert-inference-54bffd747-29hhs
2026-02-10 15:03:00.184,0.00017060802589118467,bert-inference-54bffd747-qkhmx
2026-02-10 15:03:00.184,0.00020821421722899507,bert-inference-54bffd747-pz7fp
2026-02-10 15:03:00.184,0.0001863712135033271,bert-inference-54bffd747-t4vgj
2026-02-10 15:03:00.184,0.00018012123504110002,bert-inference-54bffd747-9zzzq
2026-02-10 15:03:05.184,0.0002271785794547983,bert-inference-54bffd747-29hhs
2026-02-10 15:03:05.184,0.0002008615615254766,bert-inference-54bffd747-pz7fp
2026-02-10 15:03:05.184,0.000189024080240045,bert-inference-54bffd747-9zzzq
2026-02-10 15:03:05.184,0.00017078878648083592,bert-inference-54bffd747-qkhmx
2026-02-10 15:03:05.184,0.0001801839812475981,bert-inference-54bffd747-t4vgj
2026-02-10 15:03:10.184,0.0001801839812475981,bert-inference-54bffd747-t4vgj
2026-02-10 15:03:10.184,0.00017078878648083592,bert-inference-54bffd747-qkhmx
2026-02-10 15:03:10.184,0.00019667850628762856,bert-inference-54bffd747-pz7fp
2026-02-10 15:03:10.184,0.0001923377285493915,bert-inference-54bffd747-9zzzq
2026-02-10 15:03:10.184,0.0002271785794547983,bert-inference-54bffd747-29hhs
2026-02-10 15:03:15.184,0.00021550009860095843,bert-inference-54bffd747-29hhs
2026-02-10 15:03:15.184,0.00018157386229779283,bert-inference-54bffd747-pz7fp
2026-02-10 15:03:15.184,0.00018133746302945457,bert-inference-54bffd747-t4vgj
2026-02-10 15:03:15.184,0.0001664564357800802,bert-inference-54bffd747-qkhmx
2026-02-10 15:03:15.184,0.00019467760264229317,bert-inference-54bffd747-9zzzq
2026-02-10 15:03:20.184,0.00014976557906708638,bert-inference-54bffd747-qkhmx
2026-02-10 15:03:20.184,0.00018133746302945457,bert-inference-54bffd747-t4vgj
2026-02-10 15:03:20.184,0.000175852893271127,bert-inference-54bffd747-pz7fp
2026-02-10 15:03:20.184,0.00022185841436798178,bert-inference-54bffd747-29hhs
2026-02-10 15:03:20.184,0.00019855246897805724,bert-inference-54bffd747-9zzzq
2026-02-10 15:03:25.184,0.00017522435492116643,bert-inference-54bffd747-t4vgj
2026-02-10 15:03:25.184,0.00017622231419683215,bert-inference-54bffd747-pz7fp
2026-02-10 15:03:25.184,0.00022185841436798178,bert-inference-54bffd747-29hhs
2026-02-10 15:03:25.184,0.0002230309994239843,bert-inference-54bffd747-qkhmx
2026-02-10 15:03:25.184,0.0001843929938213166,bert-inference-54bffd747-9zzzq
2026-02-10 15:03:30.184,0.0001728141580643261,bert-inference-54bffd747-pz7fp
2026-02-10 15:03:30.184,0.00017321985571225524,bert-inference-54bffd747-t4vgj
2026-02-10 15:03:30.184,0.00021073353514417968,bert-inference-54bffd747-29hhs
2026-02-10 15:03:30.184,0.00021644408478664254,bert-inference-54bffd747-9zzzq
2026-02-10 15:03:30.184,0.0002230309994239843,bert-inference-54bffd747-qkhmx
2026-02-10 15:03:35.184,0.0001678008941935758,bert-inference-54bffd747-pz7fp
2026-02-10 15:03:35.184,0.00021073353514417968,bert-inference-54bffd747-29hhs
2026-02-10 15:03:35.184,0.00016728694049968136,bert-inference-54bffd747-t4vgj
2026-02-10 15:03:35.184,0.0002247321358435679,bert-inference-54bffd747-9zzzq
2026-02-10 15:03:35.184,0.0002203171155523357,bert-inference-54bffd747-qkhmx
2026-02-10 15:03:40.184,0.00022477476292910188,bert-inference-54bffd747-qkhmx
2026-02-10 15:03:40.184,0.00018230566504964975,bert-inference-54bffd747-29hhs
2026-02-10 15:03:40.184,0.00021680521716211138,bert-inference-54bffd747-9zzzq
2026-02-10 15:03:40.184,0.0001630334068244509,bert-inference-54bffd747-pz7fp
2026-02-10 15:03:40.184,0.0001611120861208336,bert-inference-54bffd747-t4vgj
2026-02-10 15:03:45.184,0.00016107993715466567,bert-inference-54bffd747-t4vgj
2026-02-10 15:03:45.184,0.00022075299891589168,bert-inference-54bffd747-9zzzq
2026-02-10 15:03:45.184,0.00017339284306936705,bert-inference-54bffd747-29hhs
2026-02-10 15:03:45.184,0.00022477476292910188,bert-inference-54bffd747-qkhmx
2026-02-10 15:03:45.184,0.0001630334068244509,bert-inference-54bffd747-pz7fp
2026-02-10 15:03:50.184,0.00017566065706521114,bert-inference-54bffd747-29hhs
2026-02-10 15:03:50.184,0.00024100901568818663,bert-inference-54bffd747-9zzzq
2026-02-10 15:03:50.184,0.00016107993715466567,bert-inference-54bffd747-t4vgj
2026-02-10 15:03:50.184,0.00015797037055423398,bert-inference-54bffd747-pz7fp
2026-02-10 15:03:50.184,0.0002347174143726231,bert-inference-54bffd747-qkhmx
2026-02-10 15:03:55.184,0.0002221511350212687,bert-inference-54bffd747-9zzzq
2026-02-10 15:03:55.184,0.00017566065706521114,bert-inference-54bffd747-29hhs
2026-02-10 15:03:55.184,0.00014970451836572986,bert-inference-54bffd747-pz7fp
2026-02-10 15:03:55.184,0.00022231334499758177,bert-inference-54bffd747-qkhmx
2026-02-10 15:03:55.184,0.00016139577314295905,bert-inference-54bffd747-t4vgj
2026-02-10 15:04:00.184,0.00016125786827616325,bert-inference-54bffd747-pz7fp
2026-02-10 15:04:00.184,0.00023631852840606235,bert-inference-54bffd747-9zzzq
2026-02-10 15:04:00.184,0.00014316415656069544,bert-inference-54bffd747-29hhs
2026-02-10 15:04:00.184,0.0002194613720039396,bert-inference-54bffd747-qkhmx
2026-02-10 15:04:00.184,0.00016352668586210468,bert-inference-54bffd747-t4vgj
2026-02-10 15:04:05.184,0.0001437962988401549,bert-inference-54bffd747-pz7fp
2026-02-10 15:04:05.184,0.00023834633181950737,bert-inference-54bffd747-9zzzq
2026-02-10 15:04:05.184,0.00018866255092426533,bert-inference-54bffd747-qkhmx
2026-02-10 15:04:05.184,0.000175931969124462,bert-inference-54bffd747-29hhs
2026-02-10 15:04:05.184,0.0001635266858621047,bert-inference-54bffd747-t4vgj
2026-02-10 15:04:10.184,0.00018677261682876177,bert-inference-54bffd747-qkhmx
2026-02-10 15:04:10.184,0.000175931969124462,bert-inference-54bffd747-29hhs
2026-02-10 15:04:10.184,0.0001549059083276602,bert-inference-54bffd747-pz7fp
2026-02-10 15:04:10.184,0.0001635266858621047,bert-inference-54bffd747-t4vgj
2026-02-10 15:04:10.184,0.00020559629341781313,bert-inference-54bffd747-9zzzq
2026-02-10 15:04:15.184,0.00015350910589445615,bert-inference-54bffd747-pz7fp
2026-02-10 15:04:15.184,0.0001762703937012854,bert-inference-54bffd747-qkhmx
2026-02-10 15:04:15.184,0.00017851719890174338,bert-inference-54bffd747-29hhs
2026-02-10 15:04:15.184,0.00022175562484320774,bert-inference-54bffd747-9zzzq
2026-02-10 15:04:15.184,0.00017042586791546756,bert-inference-54bffd747-t4vgj
2026-02-10 15:04:20.184,0.00020349054091596796,bert-inference-54bffd747-9zzzq
2026-02-10 15:04:20.184,0.00019040556931222932,bert-inference-54bffd747-29hhs
2026-02-10 15:04:20.184,0.0001762703937012854,bert-inference-54bffd747-qkhmx
2026-02-10 15:04:20.184,0.0001572049105439151,bert-inference-54bffd747-pz7fp
2026-02-10 15:04:20.184,0.00017042586791546756,bert-inference-54bffd747-t4vgj
2026-02-10 15:04:25.184,0.00017042586791546756,bert-inference-54bffd747-t4vgj
2026-02-10 15:04:25.184,0.00019040556931222932,bert-inference-54bffd747-29hhs
2026-02-10 15:04:25.184,0.00015818583049354202,bert-inference-54bffd747-pz7fp
2026-02-10 15:04:25.184,0.00020349054091596796,bert-inference-54bffd747-9zzzq
2026-02-10 15:04:25.184,0.00016914201852147857,bert-inference-54bffd747-qkhmx
2026-02-10 15:04:30.184,0.0001583705241353842,bert-inference-54bffd747-qkhmx
2026-02-10 15:04:30.184,0.00019088936229816523,bert-inference-54bffd747-29hhs
2026-02-10 15:04:30.184,0.00019015679159783,bert-inference-54bffd747-9zzzq
2026-02-10 15:04:30.184,0.00017456051767891434,bert-inference-54bffd747-t4vgj
2026-02-10 15:04:30.184,0.00014713592424747075,bert-inference-54bffd747-pz7fp
2026-02-10 15:04:35.184,0.00015236011123038922,bert-inference-54bffd747-pz7fp
2026-02-10 15:04:35.184,0.00015545332648028698,bert-inference-54bffd747-qkhmx
2026-02-10 15:04:35.184,0.00019088936229816523,bert-inference-54bffd747-29hhs
2026-02-10 15:04:35.184,0.00019029993003228892,bert-inference-54bffd747-9zzzq
2026-02-10 15:04:35.184,0.00021445360014621135,bert-inference-54bffd747-t4vgj
2026-02-10 15:04:40.184,0.00016858965371816464,bert-inference-54bffd747-9zzzq
2026-02-10 15:04:40.184,0.0002498535766647321,bert-inference-54bffd747-t4vgj
2026-02-10 15:04:40.184,0.00018528086774039545,bert-inference-54bffd747-29hhs
2026-02-10 15:04:40.184,0.00016543392580267973,bert-inference-54bffd747-pz7fp
2026-02-10 15:04:40.184,0.00013728318757761445,bert-inference-54bffd747-qkhmx
2026-02-10 15:04:45.184,0.00015113244976639,bert-inference-54bffd747-qkhmx
2026-02-10 15:04:45.184,0.00016543392580267968,bert-inference-54bffd747-pz7fp
2026-02-10 15:04:45.184,0.0003109830873811605,bert-inference-54bffd747-t4vgj
2026-02-10 15:04:45.184,0.00016142036780327867,bert-inference-54bffd747-9zzzq
2026-02-10 15:04:45.184,0.00016776763944554936,bert-inference-54bffd747-29hhs
2026-02-10 15:04:50.184,0.0001479975572160266,bert-inference-54bffd747-qkhmx
2026-02-10 15:04:50.184,0.00016726054853410173,bert-inference-54bffd747-pz7fp
2026-02-10 15:04:50.184,0.00017368684827211167,bert-inference-54bffd747-9zzzq
2026-02-10 15:04:50.184,0.00018524438203507192,bert-inference-54bffd747-29hhs
2026-02-10 15:04:50.184,0.0003109830873811605,bert-inference-54bffd747-t4vgj
2026-02-10 15:04:55.184,0.0003430781559550231,bert-inference-54bffd747-t4vgj
2026-02-10 15:04:55.184,0.00018524438203507192,bert-inference-54bffd747-29hhs
2026-02-10 15:04:55.184,0.0002173011971879464,bert-inference-54bffd747-pz7fp
2026-02-10 15:04:55.184,0.00017644553425515217,bert-inference-54bffd747-9zzzq
2026-02-10 15:04:55.184,0.0001586882671290219,bert-inference-54bffd747-qkhmx
2026-02-10 15:05:00.184,0.00022798862681163703,bert-inference-54bffd747-pz7fp
2026-02-10 15:05:00.184,0.00035385542894402394,bert-inference-54bffd747-t4vgj
2026-02-10 15:05:00.184,0.00015840849010488156,bert-inference-54bffd747-9zzzq
2026-02-10 15:05:00.184,0.00018866637184475517,bert-inference-54bffd747-29hhs
2026-02-10 15:05:00.184,0.0001656836784558747,bert-inference-54bffd747-qkhmx
2026-02-10 15:05:05.184,0.0001787879638760544,bert-inference-54bffd747-29hhs
2026-02-10 15:05:05.184,0.00022419064055737026,bert-inference-54bffd747-pz7fp
2026-02-10 15:05:05.184,0.0001656836784558747,bert-inference-54bffd747-qkhmx
2026-02-10 15:05:05.184,0.00035385542894402394,bert-inference-54bffd747-t4vgj
2026-02-10 15:05:05.184,0.000174408136089983,bert-inference-54bffd747-9zzzq
2026-02-10 15:05:10.184,0.00017582669436355265,bert-inference-54bffd747-29hhs
2026-02-10 15:05:10.184,0.00020580102558223425,bert-inference-54bffd747-9zzzq
2026-02-10 15:05:10.184,0.0001560122261442349,bert-inference-54bffd747-qkhmx
2026-02-10 15:05:10.184,0.00020595336786009236,bert-inference-54bffd747-pz7fp
2026-02-10 15:05:10.184,0.00030959610079239725,bert-inference-54bffd747-t4vgj
2026-02-10 15:05:15.184,0.00020580102558223425,bert-inference-54bffd747-9zzzq
2026-02-10 15:05:15.184,0.00018343187203578775,bert-inference-54bffd747-qkhmx
2026-02-10 15:05:15.184,0.00017582669436355265,bert-inference-54bffd747-29hhs
2026-02-10 15:05:15.184,0.00030556706787802565,bert-inference-54bffd747-t4vgj
2026-02-10 15:05:15.184,0.00021251146383739538,bert-inference-54bffd747-pz7fp
2026-02-10 15:05:20.184,0.00020605262933785047,bert-inference-54bffd747-pz7fp
2026-02-10 15:05:20.184,0.00031446176048466405,bert-inference-54bffd747-t4vgj
2026-02-10 15:05:20.184,0.00021119491191022333,bert-inference-54bffd747-9zzzq
2026-02-10 15:05:20.184,0.00018196323492403258,bert-inference-54bffd747-qkhmx
2026-02-10 15:05:20.184,0.00017788932287151043,bert-inference-54bffd747-29hhs
2026-02-10 15:05:25.184,0.00019356027261593204,bert-inference-54bffd747-pz7fp
2026-02-10 15:05:25.184,0.00021811366743126307,bert-inference-54bffd747-9zzzq
2026-02-10 15:05:25.184,0.000187899349418891,bert-inference-54bffd747-qkhmx
2026-02-10 15:05:25.184,0.0001794869294437762,bert-inference-54bffd747-29hhs
2026-02-10 15:05:25.184,0.0002980072647441771,bert-inference-54bffd747-t4vgj
2026-02-10 15:05:30.184,0.00019162275179237848,bert-inference-54bffd747-qkhmx
2026-02-10 15:05:30.184,0.0002660343459689893,bert-inference-54bffd747-t4vgj
2026-02-10 15:05:30.184,0.00019356027261593204,bert-inference-54bffd747-pz7fp
2026-02-10 15:05:30.184,0.00024185757198587538,bert-inference-54bffd747-9zzzq
2026-02-10 15:05:30.184,0.00016409059494202114,bert-inference-54bffd747-29hhs
2026-02-10 15:05:35.184,0.0001792413211252,bert-inference-54bffd747-29hhs
2026-02-10 15:05:35.184,0.0002473088589648319,bert-inference-54bffd747-9zzzq
2026-02-10 15:05:35.184,0.00019162275179237848,bert-inference-54bffd747-qkhmx
2026-02-10 15:05:35.184,0.00018304213307542385,bert-inference-54bffd747-pz7fp
2026-02-10 15:05:35.184,0.0001826435265049138,bert-inference-54bffd747-t4vgj
2026-02-10 15:05:40.184,0.00023950676277717837,bert-inference-54bffd747-9zzzq
2026-02-10 15:05:40.184,0.00017798497712775196,bert-inference-54bffd747-29hhs
2026-02-10 15:05:40.184,0.0002034756293856803,bert-inference-54bffd747-pz7fp
2026-02-10 15:05:40.184,0.00017912125247145663,bert-inference-54bffd747-qkhmx
2026-02-10 15:05:40.184,0.0002995267979252396,bert-inference-54bffd747-t4vgj
2026-02-10 15:05:45.184,0.00019467586826623387,bert-inference-54bffd747-pz7fp
2026-02-10 15:05:45.184,0.0003147823882936726,bert-inference-54bffd747-t4vgj
2026-02-10 15:05:45.184,0.00017571672289399656,bert-inference-54bffd747-qkhmx
2026-02-10 15:05:45.184,0.00017798497712775196,bert-inference-54bffd747-29hhs
2026-02-10 15:05:45.184,0.0002441727421340004,bert-inference-54bffd747-9zzzq
2026-02-10 15:05:50.184,0.00017934761085032242,bert-inference-54bffd747-29hhs
2026-02-10 15:05:50.184,0.00017666616773357057,bert-inference-54bffd747-qkhmx
2026-02-10 15:05:50.184,0.00019467586826623387,bert-inference-54bffd747-pz7fp
2026-02-10 15:05:50.184,0.0003017523571718696,bert-inference-54bffd747-t4vgj
2026-02-10 15:05:50.184,0.00026250051730778866,bert-inference-54bffd747-9zzzq
2026-02-10 15:05:55.184,0.00026250051730778866,bert-inference-54bffd747-9zzzq
2026-02-10 15:05:55.184,0.00018218646868995271,bert-inference-54bffd747-qkhmx
2026-02-10 15:05:55.184,0.00030417075445342636,bert-inference-54bffd747-t4vgj
2026-02-10 15:05:55.184,0.00022379681479978592,bert-inference-54bffd747-pz7fp
2026-02-10 15:05:55.184,0.00017934761085032242,bert-inference-54bffd747-29hhs
2026-02-10 15:06:00.184,0.00016669492396039886,bert-inference-54bffd747-qkhmx
2026-02-10 15:06:00.184,0.0001996454286483052,bert-inference-54bffd747-pz7fp
2026-02-10 15:06:00.184,0.0003224594756898416,bert-inference-54bffd747-t4vgj
2026-02-10 15:06:00.184,0.0002119015294627584,bert-inference-54bffd747-9zzzq
2026-02-10 15:06:00.184,0.00015164310091054806,bert-inference-54bffd747-29hhs
2026-02-10 15:06:05.184,0.00016721006439871118,bert-inference-54bffd747-9zzzq
2026-02-10 15:06:05.184,0.00017268083625146514,bert-inference-54bffd747-29hhs
2026-02-10 15:06:05.184,0.00021299567710643635,bert-inference-54bffd747-pz7fp
2026-02-10 15:06:05.184,0.00028646839698624044,bert-inference-54bffd747-t4vgj
2026-02-10 15:06:05.184,0.00016696043744748946,bert-inference-54bffd747-qkhmx
2026-02-10 15:06:10.184,0.00022776050112097827,bert-inference-54bffd747-pz7fp
2026-02-10 15:06:10.184,0.0001701750501245786,bert-inference-54bffd747-29hhs
2026-02-10 15:06:10.184,0.00017863728742027765,bert-inference-54bffd747-qkhmx
2026-02-10 15:06:10.184,0.00031558405809885325,bert-inference-54bffd747-t4vgj
2026-02-10 15:06:10.184,0.0001699732657494336,bert-inference-54bffd747-9zzzq
2026-02-10 15:06:15.184,0.00031558405809885325,bert-inference-54bffd747-t4vgj
2026-02-10 15:06:15.184,0.00015772319756078367,bert-inference-54bffd747-29hhs
2026-02-10 15:06:15.184,0.00016906041834956035,bert-inference-54bffd747-qkhmx
2026-02-10 15:06:15.184,0.00022169356823440503,bert-inference-54bffd747-pz7fp
2026-02-10 15:06:15.184,0.00018238991840345366,bert-inference-54bffd747-9zzzq
2026-02-10 15:06:20.184,0.00015005465032603708,bert-inference-54bffd747-qkhmx
2026-02-10 15:06:20.184,0.0001961577527977327,bert-inference-54bffd747-pz7fp
2026-02-10 15:06:20.184,0.00023123881014349993,bert-inference-54bffd747-t4vgj
2026-02-10 15:06:20.184,0.00014864014477905307,bert-inference-54bffd747-29hhs
2026-02-10 15:06:20.184,0.00018238991840345363,bert-inference-54bffd747-9zzzq
2026-02-10 15:06:25.184,0.0001692383332249645,bert-inference-54bffd747-pz7fp
2026-02-10 15:06:25.184,0.00019720173942772373,bert-inference-54bffd747-t4vgj
2026-02-10 15:06:25.184,0.00016266565158590908,bert-inference-54bffd747-29hhs
2026-02-10 15:06:25.184,0.0001623835255775208,bert-inference-54bffd747-9zzzq
2026-02-10 15:06:25.184,0.00016264242643504283,bert-inference-54bffd747-qkhmx
2026-02-10 15:06:30.184,0.0001735644655062152,bert-inference-54bffd747-9zzzq
2026-02-10 15:06:30.184,0.00016990134436670773,bert-inference-54bffd747-pz7fp
2026-02-10 15:06:30.184,0.0001592267171616706,bert-inference-54bffd747-qkhmx
2026-02-10 15:06:30.184,0.0001824385480034712,bert-inference-54bffd747-29hhs
2026-02-10 15:06:30.184,0.000195168019602665,bert-inference-54bffd747-t4vgj
2026-02-10 15:06:35.184,0.0001744943893856485,bert-inference-54bffd747-pz7fp
2026-02-10 15:06:35.184,0.00015698140331436584,bert-inference-54bffd747-qkhmx
2026-02-10 15:06:35.184,0.00017916963867966248,bert-inference-54bffd747-29hhs
2026-02-10 15:06:35.184,0.00017356446550621517,bert-inference-54bffd747-9zzzq
2026-02-10 15:06:35.184,0.00019331712744233395,bert-inference-54bffd747-t4vgj
2026-02-10 15:06:40.184,0.00016589318717723296,bert-inference-54bffd747-29hhs
2026-02-10 15:06:40.184,0.0001893665983938629,bert-inference-54bffd747-t4vgj
2026-02-10 15:06:40.184,0.0001777173849205074,bert-inference-54bffd747-qkhmx
2026-02-10 15:06:40.184,0.00017441368157258193,bert-inference-54bffd747-9zzzq
2026-02-10 15:06:40.184,0.0001811699935559303,bert-inference-54bffd747-pz7fp
2026-02-10 15:06:45.184,0.0001767475186700733,bert-inference-54bffd747-29hhs
2026-02-10 15:06:45.184,0.00019925533646355636,bert-inference-54bffd747-qkhmx
2026-02-10 15:06:45.184,0.00019029667914463596,bert-inference-54bffd747-t4vgj
2026-02-10 15:06:45.184,0.00017188678152089786,bert-inference-54bffd747-pz7fp
2026-02-10 15:06:45.184,0.00015759244070009324,bert-inference-54bffd747-9zzzq
2026-02-10 15:06:50.184,0.00018578322943973752,bert-inference-54bffd747-qkhmx
2026-02-10 15:06:50.184,0.00017555141546877722,bert-inference-54bffd747-pz7fp
2026-02-10 15:06:50.184,0.00016136868530020382,bert-inference-54bffd747-t4vgj
2026-02-10 15:06:50.184,0.0002080712833689752,bert-inference-54bffd747-9zzzq
2026-02-10 15:06:50.184,0.00017940754910145235,bert-inference-54bffd747-29hhs
2026-02-10 15:06:55.184,0.00017555141546877722,bert-inference-54bffd747-pz7fp
2026-02-10 15:06:55.184,0.00021644763684863433,bert-inference-54bffd747-9zzzq
2026-02-10 15:06:55.184,0.0001898628297095057,bert-inference-54bffd747-t4vgj
2026-02-10 15:06:55.184,0.0001884500739236632,bert-inference-54bffd747-29hhs
2026-02-10 15:06:55.184,0.00020175178911349852,bert-inference-54bffd747-qkhmx
2026-02-10 15:07:00.184,0.00018986282970950567,bert-inference-54bffd747-t4vgj
2026-02-10 15:07:00.184,0.00016356478576494058,bert-inference-54bffd747-pz7fp
2026-02-10 15:07:00.184,0.00018446660702740034,bert-inference-54bffd747-29hhs
2026-02-10 15:07:00.184,0.0002280814672155797,bert-inference-54bffd747-qkhmx
2026-02-10 15:07:00.184,0.00023129342779184826,bert-inference-54bffd747-9zzzq
2026-02-10 15:07:05.184,0.00020741709318374669,bert-inference-54bffd747-qkhmx
2026-02-10 15:07:05.184,0.00018381257936033027,bert-inference-54bffd747-t4vgj
2026-02-10 15:07:05.184,0.00025441197255984436,bert-inference-54bffd747-9zzzq
2026-02-10 15:07:05.184,0.00017780585209929277,bert-inference-54bffd747-pz7fp
2026-02-10 15:07:05.184,0.00018730573645820022,bert-inference-54bffd747-29hhs
2026-02-10 15:07:10.184,0.0002140769386001666,bert-inference-54bffd747-qkhmx
2026-02-10 15:07:10.184,0.00017593819523724832,bert-inference-54bffd747-t4vgj
2026-02-10 15:07:10.184,0.00017780585209929277,bert-inference-54bffd747-pz7fp
2026-02-10 15:07:10.184,0.00024671427903943217,bert-inference-54bffd747-9zzzq
2026-02-10 15:07:10.184,0.00018730573645820022,bert-inference-54bffd747-29hhs
2026-02-10 15:07:15.184,0.000173273587008513,bert-inference-54bffd747-29hhs
2026-02-10 15:07:15.184,0.00018257031579768846,bert-inference-54bffd747-qkhmx
2026-02-10 15:07:15.184,0.00016512948286710613,bert-inference-54bffd747-t4vgj
2026-02-10 15:07:15.184,0.00029000348710768746,bert-inference-54bffd747-9zzzq
2026-02-10 15:07:15.184,0.00018116196926252739,bert-inference-54bffd747-pz7fp
2026-02-10 15:07:20.184,0.0001661356026247687,bert-inference-54bffd747-qkhmx
2026-02-10 15:07:20.184,0.00029000348710768746,bert-inference-54bffd747-9zzzq
2026-02-10 15:07:20.184,0.00016398208769038725,bert-inference-54bffd747-pz7fp
2026-02-10 15:07:20.184,0.0001565489509911453,bert-inference-54bffd747-29hhs
2026-02-10 15:07:20.184,0.00016680893384048054,bert-inference-54bffd747-t4vgj
2026-02-10 15:07:25.184,0.0001565489509911453,bert-inference-54bffd747-29hhs
2026-02-10 15:07:25.184,0.0002445000820046929,bert-inference-54bffd747-9zzzq
2026-02-10 15:07:25.184,0.000180283367085924,bert-inference-54bffd747-qkhmx
2026-02-10 15:07:25.184,0.00015493142761158386,bert-inference-54bffd747-t4vgj
2026-02-10 15:07:25.184,0.00016398208769038722,bert-inference-54bffd747-pz7fp
2026-02-10 15:07:30.184,0.00016761889091899417,bert-inference-54bffd747-qkhmx
2026-02-10 15:07:30.184,0.0001396009511664827,bert-inference-54bffd747-t4vgj
2026-02-10 15:07:30.184,0.00014999185606005857,bert-inference-54bffd747-29hhs
2026-02-10 15:07:30.184,0.0001380348952774323,bert-inference-54bffd747-pz7fp
2026-02-10 15:07:30.184,0.00022760548966539447,bert-inference-54bffd747-9zzzq
2026-02-10 15:07:35.184,0.00013369333617788343,bert-inference-54bffd747-29hhs
2026-02-10 15:07:35.184,0.00013761788354528385,bert-inference-54bffd747-pz7fp
2026-02-10 15:07:35.184,0.00012277931414540348,bert-inference-54bffd747-t4vgj
2026-02-10 15:07:35.184,0.00022760548966539447,bert-inference-54bffd747-9zzzq
2026-02-10 15:07:35.184,0.00012672062897183407,bert-inference-54bffd747-qkhmx
2026-02-10 15:07:40.184,0.00013761788354528385,bert-inference-54bffd747-pz7fp
2026-02-10 15:07:40.184,0.00011176546826247385,bert-inference-54bffd747-qkhmx
2026-02-10 15:07:40.184,0.0001125442097559705,bert-inference-54bffd747-t4vgj
2026-02-10 15:07:40.184,0.00020392084783486835,bert-inference-54bffd747-9zzzq
2026-02-10 15:07:40.184,0.00010846158652258329,bert-inference-54bffd747-29hhs
2026-02-10 15:07:45.184,0.0001793997122978817,bert-inference-54bffd747-9zzzq
2026-02-10 15:07:45.184,9.082609542998966e-05,bert-inference-54bffd747-29hhs
2026-02-10 15:07:45.184,8.414533190259695e-05,bert-inference-54bffd747-qkhmx
2026-02-10 15:07:45.184,9.442069021645613e-05,bert-inference-54bffd747-t4vgj
2026-02-10 15:07:45.184,0.00013761788354528385,bert-inference-54bffd747-pz7fp
2026-02-10 15:07:50.184,0.00013286659142054593,bert-inference-54bffd747-9zzzq
2026-02-10 15:07:50.184,8.478304993956231e-05,bert-inference-54bffd747-29hhs
2026-02-10 15:07:50.184,9.350934268176656e-05,bert-inference-54bffd747-pz7fp
2026-02-10 15:07:50.184,9.442069021645613e-05,bert-inference-54bffd747-t4vgj
2026-02-10 15:07:50.184,7.276897287119266e-05,bert-inference-54bffd747-qkhmx
2026-02-10 15:07:55.184,6.978514346394368e-05,bert-inference-54bffd747-29hhs
2026-02-10 15:07:55.184,0.00010768195925950756,bert-inference-54bffd747-9zzzq
2026-02-10 15:07:55.184,7.84604283647897e-05,bert-inference-54bffd747-t4vgj
2026-02-10 15:07:55.184,7.285844375720676e-05,bert-inference-54bffd747-qkhmx
2026-02-10 15:07:55.184,8.411866968109063e-05,bert-inference-54bffd747-pz7fp
2026-02-10 15:08:00.184,5.437860446302531e-05,bert-inference-54bffd747-qkhmx
2026-02-10 15:08:00.184,8.295040756602239e-05,bert-inference-54bffd747-t4vgj
2026-02-10 15:08:00.184,0.00010768195925950756,bert-inference-54bffd747-9zzzq
2026-02-10 15:08:00.184,8.411866968109063e-05,bert-inference-54bffd747-pz7fp
2026-02-10 15:08:00.184,4.296814886918548e-05,bert-inference-54bffd747-29hhs
2026-02-10 15:08:05.184,4.3581912214804604e-05,bert-inference-54bffd747-qkhmx
2026-02-10 15:08:05.184,7.767670913044561e-05,bert-inference-54bffd747-9zzzq
2026-02-10 15:08:05.184,5.406750526431475e-05,bert-inference-54bffd747-pz7fp
2026-02-10 15:08:05.184,3.883113176233224e-05,bert-inference-54bffd747-29hhs
2026-02-10 15:08:05.184,7.489067919591632e-05,bert-inference-54bffd747-t4vgj
2026-02-10 15:08:10.184,6.843619787299585e-05,bert-inference-54bffd747-t4vgj
2026-02-10 15:08:10.184,5.397631160493249e-05,bert-inference-54bffd747-pz7fp
2026-02-10 15:08:10.184,3.883113176233224e-05,bert-inference-54bffd747-29hhs
2026-02-10 15:08:10.184,9.214211722792355e-05,bert-inference-54bffd747-9zzzq
2026-02-10 15:08:10.184,4.556615825127312e-05,bert-inference-54bffd747-qkhmx
2026-02-10 15:08:15.184,5.397631160493249e-05,bert-inference-54bffd747-pz7fp
2026-02-10 15:08:15.184,3.883113176233224e-05,bert-inference-54bffd747-29hhs
2026-02-10 15:08:15.184,6.279455134427413e-05,bert-inference-54bffd747-t4vgj
2026-02-10 15:08:15.184,8.964871212890484e-05,bert-inference-54bffd747-9zzzq
2026-02-10 15:08:15.184,4.643937482307395e-05,bert-inference-54bffd747-qkhmx
2026-02-10 15:08:20.184,4.819302684648495e-05,bert-inference-54bffd747-qkhmx
2026-02-10 15:08:20.184,6.503573762485402e-05,bert-inference-54bffd747-t4vgj
2026-02-10 15:08:20.184,4.4484465545550735e-05,bert-inference-54bffd747-pz7fp
2026-02-10 15:08:20.184,0.000118801411109204,bert-inference-54bffd747-9zzzq
2026-02-10 15:08:20.184,3.2471947292638254e-05,bert-inference-54bffd747-29hhs
2026-02-10 15:08:25.184,0.00016400708384583393,bert-inference-54bffd747-pz7fp
2026-02-10 15:08:25.184,4.476663209218666e-05,bert-inference-54bffd747-qkhmx
2026-02-10 15:08:25.184,0.00015389875237941509,bert-inference-54bffd747-9zzzq
2026-02-10 15:08:25.184,3.978853974787359e-05,bert-inference-54bffd747-29hhs
2026-02-10 15:08:25.184,6.005859288080283e-05,bert-inference-54bffd747-t4vgj
2026-02-10 15:08:30.184,0.00015360492644243687,bert-inference-54bffd747-9zzzq
2026-02-10 15:08:30.184,3.978853974787359e-05,bert-inference-54bffd747-29hhs
2026-02-10 15:08:30.184,0.0001640070838458339,bert-inference-54bffd747-pz7fp
2026-02-10 15:08:30.184,6.561720634818178e-05,bert-inference-54bffd747-t4vgj
2026-02-10 15:08:30.184,4.3155489930294985e-05,bert-inference-54bffd747-qkhmx
2026-02-10 15:08:35.184,6.355811150915743e-05,bert-inference-54bffd747-t4vgj
2026-02-10 15:08:35.184,4.233593708424722e-05,bert-inference-54bffd747-qkhmx
2026-02-10 15:08:35.184,0.00020178561803482043,bert-inference-54bffd747-pz7fp
2026-02-10 15:08:35.184,4.6037708722798554e-05,bert-inference-54bffd747-29hhs
2026-02-10 15:08:35.184,0.00015360492644243687,bert-inference-54bffd747-9zzzq
2026-02-10 15:08:40.184,4.083417873349985e-05,bert-inference-54bffd747-qkhmx
2026-02-10 15:08:40.184,0.00019800222639959977,bert-inference-54bffd747-pz7fp
2026-02-10 15:08:40.184,0.0001530087681958576,bert-inference-54bffd747-9zzzq
2026-02-10 15:08:40.184,5.93376716209713e-05,bert-inference-54bffd747-t4vgj
2026-02-10 15:08:40.184,5.6957423717404334e-05,bert-inference-54bffd747-29hhs
2026-02-10 15:08:45.184,5.053706363893729e-05,bert-inference-54bffd747-t4vgj
2026-02-10 15:08:45.184,3.921101498324096e-05,bert-inference-54bffd747-qkhmx
2026-02-10 15:08:45.184,0.00015082606806945926,bert-inference-54bffd747-9zzzq
2026-02-10 15:08:45.184,6.134833217181078e-05,bert-inference-54bffd747-29hhs
2026-02-10 15:08:45.184,0.00016598010774763602,bert-inference-54bffd747-pz7fp
2026-02-10 15:08:50.184,4.111946692634086e-05,bert-inference-54bffd747-qkhmx
2026-02-10 15:08:50.184,6.330512966051199e-05,bert-inference-54bffd747-29hhs
2026-02-10 15:08:50.184,0.00012802907808715113,bert-inference-54bffd747-9zzzq
2026-02-10 15:08:50.184,0.00017035421437632155,bert-inference-54bffd747-pz7fp
2026-02-10 15:08:50.184,5.846134316514597e-05,bert-inference-54bffd747-t4vgj
2026-02-10 15:08:55.184,7.43930268606738e-05,bert-inference-54bffd747-29hhs
2026-02-10 15:08:55.184,0.00019739431968510124,bert-inference-54bffd747-pz7fp
2026-02-10 15:08:55.184,3.968753173838243e-05,bert-inference-54bffd747-qkhmx
2026-02-10 15:08:55.184,5.599465989830044e-05,bert-inference-54bffd747-t4vgj
2026-02-10 15:08:55.184,0.00014553442669512818,bert-inference-54bffd747-9zzzq
2026-02-10 15:09:00.184,3.8550657858789994e-05,bert-inference-54bffd747-qkhmx
2026-02-10 15:09:00.184,6.12656916087691e-05,bert-inference-54bffd747-t4vgj
2026-02-10 15:09:00.184,7.43930268606738e-05,bert-inference-54bffd747-29hhs
2026-02-10 15:09:00.184,0.0001644856418455837,bert-inference-54bffd747-pz7fp
2026-02-10 15:09:00.184,0.00013491490686941146,bert-inference-54bffd747-9zzzq
2026-02-10 15:09:05.184,3.8550657858789994e-05,bert-inference-54bffd747-qkhmx
2026-02-10 15:09:05.184,9.30177265356651e-05,bert-inference-54bffd747-29hhs
2026-02-10 15:09:05.184,9.919208901820873e-05,bert-inference-54bffd747-pz7fp
2026-02-10 15:09:05.184,0.00012174782513556611,bert-inference-54bffd747-9zzzq
2026-02-10 15:09:05.184,9.021566184134493e-05,bert-inference-54bffd747-t4vgj
2026-02-10 15:09:10.184,9.754976091988778e-05,bert-inference-54bffd747-t4vgj
2026-02-10 15:09:10.184,9.189797071298431e-05,bert-inference-54bffd747-29hhs
2026-02-10 15:09:10.184,4.5846921123385427e-05,bert-inference-54bffd747-pz7fp
2026-02-10 15:09:10.184,5.030336181158889e-05,bert-inference-54bffd747-9zzzq
2026-02-10 15:09:10.184,3.7461716113128736e-05,bert-inference-54bffd747-qkhmx
2026-02-10 15:09:15.184,5.41727594295957e-05,bert-inference-54bffd747-9zzzq
2026-02-10 15:09:15.184,3.9467671528321773e-05,bert-inference-54bffd747-qkhmx
2026-02-10 15:09:15.184,9.700646475646575e-05,bert-inference-54bffd747-t4vgj
2026-02-10 15:09:15.184,4.584692112338542e-05,bert-inference-54bffd747-pz7fp
2026-02-10 15:09:15.184,9.189797071298431e-05,bert-inference-54bffd747-29hhs
2026-02-10 15:09:20.184,9.242958783699367e-05,bert-inference-54bffd747-29hhs
2026-02-10 15:09:20.184,4.7886655149027716e-05,bert-inference-54bffd747-pz7fp
2026-02-10 15:09:20.184,4.2496947648590114e-05,bert-inference-54bffd747-qkhmx
2026-02-10 15:09:20.184,5.505777801458879e-05,bert-inference-54bffd747-9zzzq
2026-02-10 15:09:20.184,9.516102615634848e-05,bert-inference-54bffd747-t4vgj
2026-02-10 15:09:25.184,5.036663246796736e-05,bert-inference-54bffd747-pz7fp
2026-02-10 15:09:25.184,0.00010481468656675403,bert-inference-54bffd747-t4vgj
2026-02-10 15:09:25.184,4.10843666873104e-05,bert-inference-54bffd747-qkhmx
2026-02-10 15:09:25.184,4.592444589157594e-05,bert-inference-54bffd747-9zzzq
2026-02-10 15:09:25.184,8.473204030601775e-05,bert-inference-54bffd747-29hhs
2026-02-10 15:09:30.184,5.036663246796736e-05,bert-inference-54bffd747-pz7fp
2026-02-10 15:09:30.184,0.00010481468656675403,bert-inference-54bffd747-t4vgj
2026-02-10 15:09:30.184,4.796709163716838e-05,bert-inference-54bffd747-9zzzq
2026-02-10 15:09:30.184,8.744403520555649e-05,bert-inference-54bffd747-29hhs
2026-02-10 15:09:30.184,4.355634471126458e-05,bert-inference-54bffd747-qkhmx
2026-02-10 15:09:35.184,4.796709163716838e-05,bert-inference-54bffd747-9zzzq
2026-02-10 15:09:35.184,5.031158604946837e-05,bert-inference-54bffd747-pz7fp
2026-02-10 15:09:35.184,4.7472692086536953e-05,bert-inference-54bffd747-qkhmx
2026-02-10 15:09:35.184,0.00010152130148961922,bert-inference-54bffd747-t4vgj
2026-02-10 15:09:35.184,6.916620413678653e-05,bert-inference-54bffd747-29hhs
2026-02-10 15:09:40.184,7.67282851720595e-05,bert-inference-54bffd747-29hhs
2026-02-10 15:09:40.184,5.3631050743242834e-05,bert-inference-54bffd747-9zzzq
2026-02-10 15:09:40.184,5.330369878239782e-05,bert-inference-54bffd747-pz7fp
2026-02-10 15:09:40.184,8.558940494473815e-05,bert-inference-54bffd747-t4vgj
2026-02-10 15:09:40.184,4.558734804663643e-05,bert-inference-54bffd747-qkhmx
2026-02-10 15:09:45.184,5.3631050743242834e-05,bert-inference-54bffd747-9zzzq
2026-02-10 15:09:45.184,7.67282851720595e-05,bert-inference-54bffd747-29hhs
2026-02-10 15:09:45.184,4.897823126893207e-05,bert-inference-54bffd747-pz7fp
2026-02-10 15:09:45.184,7.418488843414315e-05,bert-inference-54bffd747-t4vgj
2026-02-10 15:09:45.184,4.558734804663643e-05,bert-inference-54bffd747-qkhmx
2026-02-10 15:09:50.184,4.965972467013861e-05,bert-inference-54bffd747-pz7fp
2026-02-10 15:09:50.184,7.223748556336632e-05,bert-inference-54bffd747-29hhs
2026-02-10 15:09:50.184,4.288171613500843e-05,bert-inference-54bffd747-qkhmx
2026-02-10 15:09:50.184,5.474417057170279e-05,bert-inference-54bffd747-t4vgj
2026-02-10 15:09:50.184,5.264307376475588e-05,bert-inference-54bffd747-9zzzq
2026-02-10 15:09:55.184,5.37208158481295e-05,bert-inference-54bffd747-t4vgj
2026-02-10 15:09:55.184,5.683636376586832e-05,bert-inference-54bffd747-9zzzq
2026-02-10 15:09:55.184,4.656255124073511e-05,bert-inference-54bffd747-pz7fp
2026-02-10 15:09:55.184,5.8719624274273746e-05,bert-inference-54bffd747-29hhs
2026-02-10 15:09:55.184,4.1939869277062285e-05,bert-inference-54bffd747-qkhmx
2026-02-10 15:10:00.184,5.736376496488432e-05,bert-inference-54bffd747-9zzzq
2026-02-10 15:10:00.184,5.8719624274273746e-05,bert-inference-54bffd747-29hhs
2026-02-10 15:10:00.184,3.987433581221615e-05,bert-inference-54bffd747-pz7fp
2026-02-10 15:10:00.184,4.740473096922054e-05,bert-inference-54bffd747-qkhmx
2026-02-10 15:10:00.184,5.37208158481295e-05,bert-inference-54bffd747-t4vgj
2026-02-10 15:10:05.184,4.696407428558423e-05,bert-inference-54bffd747-t4vgj
2026-02-10 15:10:05.184,5.802772659680904e-05,bert-inference-54bffd747-9zzzq
2026-02-10 15:10:05.184,5.434693147999432e-05,bert-inference-54bffd747-29hhs
2026-02-10 15:10:05.184,4.493660996816271e-05,bert-inference-54bffd747-pz7fp
2026-02-10 15:10:05.184,4.5453709069730584e-05,bert-inference-54bffd747-qkhmx
2026-02-10 15:10:10.184,4.1752057505846604e-05,bert-inference-54bffd747-pz7fp
2026-02-10 15:10:10.184,5.8163458679978865e-05,bert-inference-54bffd747-9zzzq
2026-02-10 15:10:10.184,4.355211166308388e-05,bert-inference-54bffd747-29hhs
2026-02-10 15:10:10.184,4.696407428558423e-05,bert-inference-54bffd747-t4vgj
2026-02-10 15:10:10.184,4.37522271153873e-05,bert-inference-54bffd747-qkhmx
2026-02-10 15:10:15.184,4.7762421357337714e-05,bert-inference-54bffd747-29hhs
2026-02-10 15:10:15.184,6.702663183895024e-05,bert-inference-54bffd747-9zzzq
2026-02-10 15:10:15.184,4.7103752303063174e-05,bert-inference-54bffd747-qkhmx
2026-02-10 15:10:15.184,4.1752057505846604e-05,bert-inference-54bffd747-pz7fp
2026-02-10 15:10:15.184,4.6372486278420237e-05,bert-inference-54bffd747-t4vgj
2026-02-10 15:10:20.184,6.251472444146782e-05,bert-inference-54bffd747-9zzzq
2026-02-10 15:10:20.184,4.304479115381904e-05,bert-inference-54bffd747-qkhmx
2026-02-10 15:10:20.184,3.7785318370477135e-05,bert-inference-54bffd747-29hhs
2026-02-10 15:10:20.184,4.008794892043991e-05,bert-inference-54bffd747-pz7fp
2026-02-10 15:10:20.184,4.3957607207691354e-05,bert-inference-54bffd747-t4vgj
2026-02-10 15:10:25.184,3.7229950430379356e-05,bert-inference-54bffd747-29hhs
2026-02-10 15:10:25.184,5.715517240078953e-05,bert-inference-54bffd747-9zzzq
2026-02-10 15:10:25.184,3.6457567286061245e-05,bert-inference-54bffd747-pz7fp
2026-02-10 15:10:25.184,5.3322557039540405e-05,bert-inference-54bffd747-qkhmx
2026-02-10 15:10:25.184,4.744965413805008e-05,bert-inference-54bffd747-t4vgj
2026-02-10 15:10:30.184,3.906913960046879e-05,bert-inference-54bffd747-pz7fp
2026-02-10 15:10:30.184,5.541592926453577e-05,bert-inference-54bffd747-qkhmx
2026-02-10 15:10:30.184,4.744965413805008e-05,bert-inference-54bffd747-t4vgj
2026-02-10 15:10:30.184,5.6139460604735104e-05,bert-inference-54bffd747-9zzzq
2026-02-10 15:10:30.184,3.5907640788587414e-05,bert-inference-54bffd747-29hhs
2026-02-10 15:10:35.184,4.061336141879436e-05,bert-inference-54bffd747-pz7fp
2026-02-10 15:10:35.184,4.639751026431463e-05,bert-inference-54bffd747-t4vgj
2026-02-10 15:10:35.184,5.532643696772057e-05,bert-inference-54bffd747-9zzzq
2026-02-10 15:10:35.184,4.192880907922094e-05,bert-inference-54bffd747-29hhs
2026-02-10 15:10:35.184,5.471831224947282e-05,bert-inference-54bffd747-qkhmx
2026-02-10 15:10:40.184,3.801651337436572e-05,bert-inference-54bffd747-pz7fp
2026-02-10 15:10:40.184,4.670103145285571e-05,bert-inference-54bffd747-9zzzq
2026-02-10 15:10:40.184,4.54469284384504e-05,bert-inference-54bffd747-29hhs
2026-02-10 15:10:40.184,5.142114318439118e-05,bert-inference-54bffd747-t4vgj
2026-02-10 15:10:40.184,6.165635698848457e-05,bert-inference-54bffd747-qkhmx
2026-02-10 15:10:45.184,5.802229606987504e-05,bert-inference-54bffd747-qkhmx
2026-02-10 15:10:45.184,4.54469284384504e-05,bert-inference-54bffd747-29hhs
2026-02-10 15:10:45.184,7.815652971193517e-05,bert-inference-54bffd747-9zzzq
2026-02-10 15:10:45.184,5.813126583070413e-05,bert-inference-54bffd747-t4vgj
2026-02-10 15:10:45.184,4.297835456560712e-05,bert-inference-54bffd747-pz7fp
2026-02-10 15:10:50.184,7.815652971193517e-05,bert-inference-54bffd747-9zzzq
2026-02-10 15:10:50.184,5.593142022257691e-05,bert-inference-54bffd747-t4vgj
2026-02-10 15:10:50.184,4.950574804326956e-05,bert-inference-54bffd747-qkhmx
2026-02-10 15:10:50.184,3.783936664729957e-05,bert-inference-54bffd747-29hhs
2026-02-10 15:10:50.184,5.228040024757226e-05,bert-inference-54bffd747-pz7fp
2026-02-10 15:10:55.184,7.594362593160738e-05,bert-inference-54bffd747-9zzzq
2026-02-10 15:10:55.184,4.606906414792102e-05,bert-inference-54bffd747-29hhs
2026-02-10 15:10:55.184,6.717386755332081e-05,bert-inference-54bffd747-t4vgj
2026-02-10 15:10:55.184,5.317863872558762e-05,bert-inference-54bffd747-qkhmx
2026-02-10 15:10:55.184,4.85252549910622e-05,bert-inference-54bffd747-pz7fp
2026-02-10 15:11:00.184,6.197319767122043e-05,bert-inference-54bffd747-t4vgj
2026-02-10 15:11:00.184,4.606906414792102e-05,bert-inference-54bffd747-29hhs
2026-02-10 15:11:00.184,4.984963179062553e-05,bert-inference-54bffd747-qkhmx
2026-02-10 15:11:00.184,7.668759332681598e-05,bert-inference-54bffd747-9zzzq
2026-02-10 15:11:00.184,4.633972470879299e-05,bert-inference-54bffd747-pz7fp
2026-02-10 15:11:05.184,6.467336247286351e-05,bert-inference-54bffd747-t4vgj
2026-02-10 15:11:05.184,4.6330532297540354e-05,bert-inference-54bffd747-29hhs
2026-02-10 15:11:05.184,4.187135668093382e-05,bert-inference-54bffd747-qkhmx
2026-02-10 15:11:05.184,8.454678960993427e-05,bert-inference-54bffd747-9zzzq
2026-02-10 15:11:05.184,0.00010816949583177801,bert-inference-54bffd747-pz7fp
2026-02-10 15:11:10.184,4.3340704017875655e-05,bert-inference-54bffd747-qkhmx
2026-02-10 15:11:10.184,8.454678960993427e-05,bert-inference-54bffd747-9zzzq
2026-02-10 15:11:10.184,5.110520456697152e-05,bert-inference-54bffd747-29hhs
2026-02-10 15:11:10.184,6.467336247286351e-05,bert-inference-54bffd747-t4vgj
2026-02-10 15:11:10.184,0.00010816949583177801,bert-inference-54bffd747-pz7fp
2026-02-10 15:11:15.184,0.00010293165095847601,bert-inference-54bffd747-pz7fp
2026-02-10 15:11:15.184,6.118291215014847e-05,bert-inference-54bffd747-t4vgj
2026-02-10 15:11:15.184,8.987832402137358e-05,bert-inference-54bffd747-9zzzq
2026-02-10 15:11:15.184,3.927471894312933e-05,bert-inference-54bffd747-qkhmx
2026-02-10 15:11:15.184,4.995146822846366e-05,bert-inference-54bffd747-29hhs
2026-02-10 15:11:20.184,4.426145211094554e-05,bert-inference-54bffd747-29hhs
2026-02-10 15:11:20.184,9.680065225296721e-05,bert-inference-54bffd747-9zzzq
2026-02-10 15:11:20.184,0.00011475749170271545,bert-inference-54bffd747-pz7fp
2026-02-10 15:11:20.184,4.4619137968327254e-05,bert-inference-54bffd747-qkhmx
2026-02-10 15:11:20.184,6.500024956825969e-05,bert-inference-54bffd747-t4vgj
2026-02-10 15:11:25.184,8.097279145561612e-05,bert-inference-54bffd747-9zzzq
2026-02-10 15:11:25.184,4.492503085330756e-05,bert-inference-54bffd747-qkhmx
2026-02-10 15:11:25.184,6.500024956825969e-05,bert-inference-54bffd747-t4vgj
2026-02-10 15:11:25.184,4.306814461181391e-05,bert-inference-54bffd747-29hhs
2026-02-10 15:11:25.184,0.00011475749170271545,bert-inference-54bffd747-pz7fp
2026-02-10 15:11:30.184,4.836379293964028e-05,bert-inference-54bffd747-qkhmx
2026-02-10 15:11:30.184,7.925428812386871e-05,bert-inference-54bffd747-9zzzq
2026-02-10 15:11:30.184,6.183769565206419e-05,bert-inference-54bffd747-t4vgj
2026-02-10 15:11:30.184,4.306814461181391e-05,bert-inference-54bffd747-29hhs
2026-02-10 15:11:30.184,0.00010253597815040152,bert-inference-54bffd747-pz7fp
2026-02-10 15:11:35.184,4.9113055723415034e-05,bert-inference-54bffd747-qkhmx
2026-02-10 15:11:35.184,7.550988382422409e-05,bert-inference-54bffd747-9zzzq
2026-02-10 15:11:35.184,4.0733698671530696e-05,bert-inference-54bffd747-t4vgj
2026-02-10 15:11:35.184,3.6358970921860746e-05,bert-inference-54bffd747-29hhs
2026-02-10 15:11:35.184,0.00010604338669725676,bert-inference-54bffd747-pz7fp
2026-02-10 15:11:40.184,3.960810957628595e-05,bert-inference-54bffd747-29hhs
2026-02-10 15:11:40.184,7.550988382422409e-05,bert-inference-54bffd747-9zzzq
2026-02-10 15:11:40.184,4.551056512387504e-05,bert-inference-54bffd747-t4vgj
2026-02-10 15:11:40.184,4.7908747784641814e-05,bert-inference-54bffd747-qkhmx
2026-02-10 15:11:40.184,0.00010604338669725676,bert-inference-54bffd747-pz7fp
2026-02-10 15:11:45.184,6.478075674632347e-05,bert-inference-54bffd747-pz7fp
2026-02-10 15:11:45.184,7.408201623618556e-05,bert-inference-54bffd747-9zzzq
2026-02-10 15:11:45.184,3.929581427495657e-05,bert-inference-54bffd747-29hhs
2026-02-10 15:11:45.184,4.842952882172222e-05,bert-inference-54bffd747-qkhmx
2026-02-10 15:11:45.184,4.621038754096344e-05,bert-inference-54bffd747-t4vgj
2026-02-10 15:11:50.184,7.408201623618556e-05,bert-inference-54bffd747-9zzzq
2026-02-10 15:11:50.184,5.055559459650203e-05,bert-inference-54bffd747-qkhmx
2026-02-10 15:11:50.184,4.621038754096344e-05,bert-inference-54bffd747-t4vgj
2026-02-10 15:11:50.184,5.105667432314431e-05,bert-inference-54bffd747-pz7fp
2026-02-10 15:11:50.184,3.890977177702596e-05,bert-inference-54bffd747-29hhs
2026-02-10 15:11:55.184,3.886945136890381e-05,bert-inference-54bffd747-t4vgj
2026-02-10 15:11:55.184,5.1119926551733216e-05,bert-inference-54bffd747-pz7fp
2026-02-10 15:11:55.184,5.178273747151101e-05,bert-inference-54bffd747-qkhmx
2026-02-10 15:11:55.184,7.650435570353298e-05,bert-inference-54bffd747-9zzzq
2026-02-10 15:11:55.184,3.628705518235611e-05,bert-inference-54bffd747-29hhs
2026-02-10 15:12:00.184,3.584608930575321e-05,bert-inference-54bffd747-29hhs
2026-02-10 15:12:00.184,5.3109672667910355e-05,bert-inference-54bffd747-qkhmx
2026-02-10 15:12:00.184,7.255182001216284e-05,bert-inference-54bffd747-9zzzq
2026-02-10 15:12:00.184,5.0581730901835755e-05,bert-inference-54bffd747-pz7fp
2026-02-10 15:12:00.184,4.1353086936995785e-05,bert-inference-54bffd747-t4vgj
2026-02-10 15:12:05.184,4.91653309647774e-05,bert-inference-54bffd747-qkhmx
2026-02-10 15:12:05.184,3.449472544128726e-05,bert-inference-54bffd747-29hhs
2026-02-10 15:12:05.184,4.826755682091904e-05,bert-inference-54bffd747-pz7fp
2026-02-10 15:12:05.184,4.40874278515e-05,bert-inference-54bffd747-t4vgj
2026-02-10 15:12:05.184,7.488775446489845e-05,bert-inference-54bffd747-9zzzq
2026-02-10 15:12:10.184,4.4183473600940725e-05,bert-inference-54bffd747-pz7fp
2026-02-10 15:12:10.184,4.973810925796908e-05,bert-inference-54bffd747-qkhmx
2026-02-10 15:12:10.184,3.7854062546955354e-05,bert-inference-54bffd747-29hhs
2026-02-10 15:12:10.184,4.627709908180051e-05,bert-inference-54bffd747-t4vgj
2026-02-10 15:12:10.184,7.488775446489845e-05,bert-inference-54bffd747-9zzzq
2026-02-10 15:12:15.184,6.69385747648491e-05,bert-inference-54bffd747-9zzzq
2026-02-10 15:12:15.184,4.7221112726150606e-05,bert-inference-54bffd747-t4vgj
2026-02-10 15:12:15.184,4.31837161842374e-05,bert-inference-54bffd747-qkhmx
2026-02-10 15:12:15.184,3.034127770230733e-05,bert-inference-54bffd747-29hhs
2026-02-10 15:12:15.184,4.199818454308412e-05,bert-inference-54bffd747-pz7fp
2026-02-10 15:12:20.184,6.901700532702722e-05,bert-inference-54bffd747-9zzzq
2026-02-10 15:12:20.184,3.9369323202264975e-05,bert-inference-54bffd747-t4vgj
2026-02-10 15:12:20.184,4.223910599628112e-05,bert-inference-54bffd747-qkhmx
2026-02-10 15:12:20.184,4.117138356231439e-05,bert-inference-54bffd747-pz7fp
2026-02-10 15:12:20.184,3.8107420231588805e-05,bert-inference-54bffd747-29hhs
2026-02-10 15:12:25.184,6.155602429578808e-05,bert-inference-54bffd747-9zzzq
2026-02-10 15:12:25.184,5.1434811732506227e-05,bert-inference-54bffd747-t4vgj
2026-02-10 15:12:25.184,4.117138356231439e-05,bert-inference-54bffd747-pz7fp
2026-02-10 15:12:25.184,3.50745421624803e-05,bert-inference-54bffd747-29hhs
2026-02-10 15:12:25.184,4.014014718419034e-05,bert-inference-54bffd747-qkhmx
2026-02-10 15:12:30.184,4.706035916698701e-05,bert-inference-54bffd747-qkhmx
2026-02-10 15:12:30.184,4.210685872637188e-05,bert-inference-54bffd747-29hhs
2026-02-10 15:12:30.184,5.842114949523338e-05,bert-inference-54bffd747-9zzzq
2026-02-10 15:12:30.184,5.1522203786169376e-05,bert-inference-54bffd747-t4vgj
2026-02-10 15:12:30.184,3.957255401637438e-05,bert-inference-54bffd747-pz7fp
2026-02-10 15:12:35.184,4.1083546715868337e-05,bert-inference-54bffd747-qkhmx
2026-02-10 15:12:35.184,4.915689818345626e-05,bert-inference-54bffd747-t4vgj
2026-02-10 15:12:35.184,4.369289834309385e-05,bert-inference-54bffd747-29hhs
2026-02-10 15:12:35.184,4.131509694925207e-05,bert-inference-54bffd747-pz7fp
2026-02-10 15:12:35.184,6.103699227216801e-05,bert-inference-54bffd747-9zzzq
2026-02-10 15:12:40.184,6.105857700069611e-05,bert-inference-54bffd747-9zzzq
2026-02-10 15:12:40.184,4.131509694925207e-05,bert-inference-54bffd747-pz7fp
2026-02-10 15:12:40.184,4.3357306693248405e-05,bert-inference-54bffd747-29hhs
2026-02-10 15:12:40.184,4.393744211862711e-05,bert-inference-54bffd747-qkhmx
2026-02-10 15:12:40.184,4.7632083041968166e-05,bert-inference-54bffd747-t4vgj
2026-02-10 15:12:45.184,4.5233026685617046e-05,bert-inference-54bffd747-qkhmx
2026-02-10 15:12:45.184,4.913205696408236e-05,bert-inference-54bffd747-t4vgj
2026-02-10 15:12:45.184,3.981168629730669e-05,bert-inference-54bffd747-pz7fp
2026-02-10 15:12:45.184,5.0818369121616316e-05,bert-inference-54bffd747-9zzzq
2026-02-10 15:12:45.184,4.1552903244736355e-05,bert-inference-54bffd747-29hhs
2026-02-10 15:12:50.184,4.729547536110237e-05,bert-inference-54bffd747-29hhs
2026-02-10 15:12:50.184,5.5549095724904016e-05,bert-inference-54bffd747-pz7fp
2026-02-10 15:12:50.184,4.5233026685617046e-05,bert-inference-54bffd747-qkhmx
2026-02-10 15:12:50.184,5.0818369121616316e-05,bert-inference-54bffd747-9zzzq
2026-02-10 15:12:50.184,4.69806313729834e-05,bert-inference-54bffd747-t4vgj
2026-02-10 15:12:55.184,4.846296720638595e-05,bert-inference-54bffd747-9zzzq
2026-02-10 15:12:55.184,4.304840191250286e-05,bert-inference-54bffd747-29hhs
2026-02-10 15:12:55.184,6.1391374382992e-05,bert-inference-54bffd747-pz7fp
2026-02-10 15:12:55.184,4.0769041278297555e-05,bert-inference-54bffd747-qkhmx
2026-02-10 15:12:55.184,4.834102128101883e-05,bert-inference-54bffd747-t4vgj
2026-02-10 15:13:00.184,4.6699930833753414e-05,bert-inference-54bffd747-qkhmx
2026-02-10 15:13:00.184,6.823832346965862e-05,bert-inference-54bffd747-pz7fp
2026-02-10 15:13:00.184,4.4922139585957946e-05,bert-inference-54bffd747-t4vgj
2026-02-10 15:13:00.184,4.3688545811885034e-05,bert-inference-54bffd747-9zzzq
2026-02-10 15:13:00.184,5.21084880119157e-05,bert-inference-54bffd747-29hhs
2026-02-10 15:13:05.184,5.908781708983792e-05,bert-inference-54bffd747-pz7fp
2026-02-10 15:13:05.184,4.1660088798505805e-05,bert-inference-54bffd747-t4vgj
2026-02-10 15:13:05.184,5.918519709996738e-05,bert-inference-54bffd747-29hhs
2026-02-10 15:13:05.184,4.99241633486495e-05,bert-inference-54bffd747-9zzzq
2026-02-10 15:13:05.184,4.6699930833753414e-05,bert-inference-54bffd747-qkhmx
2026-02-10 15:13:10.184,4.99241633486495e-05,bert-inference-54bffd747-9zzzq
2026-02-10 15:13:10.184,3.7176119258070356e-05,bert-inference-54bffd747-t4vgj
2026-02-10 15:13:10.184,4.3009598168410035e-05,bert-inference-54bffd747-qkhmx
2026-02-10 15:13:10.184,6.455923474928813e-05,bert-inference-54bffd747-29hhs
2026-02-10 15:13:10.184,5.908781708983792e-05,bert-inference-54bffd747-pz7fp
2026-02-10 15:13:15.184,4.4623020989295815e-05,bert-inference-54bffd747-qkhmx
2026-02-10 15:13:15.184,4.8273985044050624e-05,bert-inference-54bffd747-9zzzq
2026-02-10 15:13:15.184,6.5987194138785e-05,bert-inference-54bffd747-29hhs
2026-02-10 15:13:15.184,3.8638981171104486e-05,bert-inference-54bffd747-t4vgj
2026-02-10 15:13:15.184,5.9865035768791666e-05,bert-inference-54bffd747-pz7fp
2026-02-10 15:13:20.184,4.554313086305838e-05,bert-inference-54bffd747-qkhmx
2026-02-10 15:13:20.184,4.888758181055219e-05,bert-inference-54bffd747-9zzzq
2026-02-10 15:13:20.184,7.198660923227803e-05,bert-inference-54bffd747-29hhs
2026-02-10 15:13:20.184,3.863898117110449e-05,bert-inference-54bffd747-t4vgj
2026-02-10 15:13:20.184,5.849550175619504e-05,bert-inference-54bffd747-pz7fp
2026-02-10 15:13:25.184,4.953287718996678e-05,bert-inference-54bffd747-9zzzq
2026-02-10 15:13:25.184,7.381580203045012e-05,bert-inference-54bffd747-29hhs
2026-02-10 15:13:25.184,6.616732911012517e-05,bert-inference-54bffd747-pz7fp
2026-02-10 15:13:25.184,3.828016350487415e-05,bert-inference-54bffd747-qkhmx
2026-02-10 15:13:25.184,4.0545372520887576e-05,bert-inference-54bffd747-t4vgj
2026-02-10 15:13:30.184,6.561878131162965e-05,bert-inference-54bffd747-pz7fp
2026-02-10 15:13:30.184,8.442153841176596e-05,bert-inference-54bffd747-29hhs
2026-02-10 15:13:30.184,4.467367751474749e-05,bert-inference-54bffd747-t4vgj
2026-02-10 15:13:30.184,5.317425210266737e-05,bert-inference-54bffd747-qkhmx
2026-02-10 15:13:30.184,4.8085622798730066e-05,bert-inference-54bffd747-9zzzq
2026-02-10 15:13:35.184,6.104543485895857e-05,bert-inference-54bffd747-pz7fp
2026-02-10 15:13:35.184,7.194226300881702e-05,bert-inference-54bffd747-29hhs
2026-02-10 15:13:35.184,4.8085622798730066e-05,bert-inference-54bffd747-9zzzq
2026-02-10 15:13:35.184,4.426371503991334e-05,bert-inference-54bffd747-t4vgj
2026-02-10 15:13:35.184,5.317425210266737e-05,bert-inference-54bffd747-qkhmx
2026-02-10 15:13:40.184,7.4921867840312e-05,bert-inference-54bffd747-pz7fp
2026-02-10 15:13:40.184,4.708273422183834e-05,bert-inference-54bffd747-t4vgj
2026-02-10 15:13:40.184,4.4946200883452315e-05,bert-inference-54bffd747-9zzzq
2026-02-10 15:13:40.184,7.036865824098634e-05,bert-inference-54bffd747-29hhs
2026-02-10 15:13:40.184,5.194119761194882e-05,bert-inference-54bffd747-qkhmx
2026-02-10 15:13:45.184,4.693613027046467e-05,bert-inference-54bffd747-9zzzq
2026-02-10 15:13:45.184,5.7499896221624474e-05,bert-inference-54bffd747-qkhmx
2026-02-10 15:13:45.184,6.0660726893115976e-05,bert-inference-54bffd747-t4vgj
2026-02-10 15:13:45.184,7.753513714776577e-05,bert-inference-54bffd747-29hhs
2026-02-10 15:13:45.184,7.739941347215438e-05,bert-inference-54bffd747-pz7fp
2026-02-10 15:13:50.184,6.0660726893115976e-05,bert-inference-54bffd747-t4vgj
2026-02-10 15:13:50.184,6.89210789756721e-05,bert-inference-54bffd747-29hhs
2026-02-10 15:13:50.184,5.1262429522359735e-05,bert-inference-54bffd747-9zzzq
2026-02-10 15:13:50.184,8.553618747927215e-05,bert-inference-54bffd747-pz7fp
2026-02-10 15:13:50.184,5.7499896221624474e-05,bert-inference-54bffd747-qkhmx
2026-02-10 15:13:55.184,5.944277370272888e-05,bert-inference-54bffd747-qkhmx
2026-02-10 15:13:55.184,6.996872181087017e-05,bert-inference-54bffd747-29hhs
2026-02-10 15:13:55.184,6.839939714938678e-05,bert-inference-54bffd747-t4vgj
2026-02-10 15:13:55.184,8.574752954959458e-05,bert-inference-54bffd747-pz7fp
2026-02-10 15:13:55.184,4.750575689034939e-05,bert-inference-54bffd747-9zzzq
2026-02-10 15:14:00.184,6.541746405461387e-05,bert-inference-54bffd747-29hhs
2026-02-10 15:14:00.184,7.814289569838319e-05,bert-inference-54bffd747-pz7fp
2026-02-10 15:14:00.184,7.509616345971568e-05,bert-inference-54bffd747-t4vgj
2026-02-10 15:14:00.184,4.582562036262214e-05,bert-inference-54bffd747-9zzzq
2026-02-10 15:14:00.184,5.1140569597270875e-05,bert-inference-54bffd747-qkhmx
2026-02-10 15:14:05.184,5.288394146398899e-05,bert-inference-54bffd747-qkhmx
2026-02-10 15:14:05.184,8.71585854917746e-05,bert-inference-54bffd747-pz7fp
2026-02-10 15:14:05.184,7.896200752997956e-05,bert-inference-54bffd747-t4vgj
2026-02-10 15:14:05.184,4.3955923189538415e-05,bert-inference-54bffd747-9zzzq
2026-02-10 15:14:05.184,5.8570471622519904e-05,bert-inference-54bffd747-29hhs
2026-02-10 15:14:10.184,4.6964906362684205e-05,bert-inference-54bffd747-qkhmx
2026-02-10 15:14:10.184,8.015354042478319e-05,bert-inference-54bffd747-pz7fp
2026-02-10 15:14:10.184,7.759433080388467e-05,bert-inference-54bffd747-t4vgj
2026-02-10 15:14:10.184,4.913613880574381e-05,bert-inference-54bffd747-9zzzq
2026-02-10 15:14:10.184,5.5191889410004386e-05,bert-inference-54bffd747-29hhs
2026-02-10 15:14:15.184,4.5896823770139744e-05,bert-inference-54bffd747-9zzzq
2026-02-10 15:14:15.184,5.5191889410004386e-05,bert-inference-54bffd747-29hhs
2026-02-10 15:14:15.184,7.27305972465866e-05,bert-inference-54bffd747-pz7fp
2026-02-10 15:14:15.184,8.442615292312406e-05,bert-inference-54bffd747-t4vgj
2026-02-10 15:14:15.184,4.5350002296776855e-05,bert-inference-54bffd747-qkhmx
2026-02-10 15:14:20.184,7.166827691032539e-05,bert-inference-54bffd747-pz7fp
2026-02-10 15:14:20.184,4.583862594621731e-05,bert-inference-54bffd747-9zzzq
2026-02-10 15:14:20.184,7.58269573611256e-05,bert-inference-54bffd747-t4vgj
2026-02-10 15:14:20.184,4.2389937947693164e-05,bert-inference-54bffd747-qkhmx
2026-02-10 15:14:20.184,4.992097125347784e-05,bert-inference-54bffd747-29hhs
2026-02-10 15:14:25.184,6.24289510908122e-05,bert-inference-54bffd747-pz7fp
2026-02-10 15:14:25.184,4.2550010013240594e-05,bert-inference-54bffd747-qkhmx
2026-02-10 15:14:25.184,4.473295912411825e-05,bert-inference-54bffd747-9zzzq
2026-02-10 15:14:25.184,7.58269573611256e-05,bert-inference-54bffd747-t4vgj
2026-02-10 15:14:25.184,4.5998125814751794e-05,bert-inference-54bffd747-29hhs
2026-02-10 15:14:30.184,6.453643212568611e-05,bert-inference-54bffd747-t4vgj
2026-02-10 15:14:30.184,3.96170892246484e-05,bert-inference-54bffd747-qkhmx
2026-02-10 15:14:30.184,5.70283433656586e-05,bert-inference-54bffd747-pz7fp
2026-02-10 15:14:30.184,4.473295912411825e-05,bert-inference-54bffd747-9zzzq
2026-02-10 15:14:30.184,4.5998125814751794e-05,bert-inference-54bffd747-29hhs
2026-02-10 15:14:35.184,4.2065797832791475e-05,bert-inference-54bffd747-29hhs
2026-02-10 15:14:35.184,5.70283433656586e-05,bert-inference-54bffd747-pz7fp
2026-02-10 15:14:35.184,3.841124220933464e-05,bert-inference-54bffd747-qkhmx
2026-02-10 15:14:35.184,4.100673624831804e-05,bert-inference-54bffd747-9zzzq
2026-02-10 15:14:35.184,6.431800045403842e-05,bert-inference-54bffd747-t4vgj
2026-02-10 15:14:40.184,3.841124220933464e-05,bert-inference-54bffd747-qkhmx
2026-02-10 15:14:40.184,5.442788675741066e-05,bert-inference-54bffd747-pz7fp
2026-02-10 15:14:40.184,4.6902756473275384e-05,bert-inference-54bffd747-9zzzq
2026-02-10 15:14:40.184,4.0700015917606744e-05,bert-inference-54bffd747-29hhs
2026-02-10 15:14:40.184,6.209137027431922e-05,bert-inference-54bffd747-t4vgj
2026-02-10 15:14:45.184,4.6902756473275384e-05,bert-inference-54bffd747-9zzzq
2026-02-10 15:14:45.184,4.0700015917606744e-05,bert-inference-54bffd747-29hhs
2026-02-10 15:14:45.184,5.7066619482447055e-05,bert-inference-54bffd747-t4vgj
2026-02-10 15:14:45.184,3.5752164927798584e-05,bert-inference-54bffd747-qkhmx
2026-02-10 15:14:45.184,5.352145472354585e-05,bert-inference-54bffd747-pz7fp
2026-02-10 15:14:50.184,5.41426712667867e-05,bert-inference-54bffd747-t4vgj
2026-02-10 15:14:50.184,3.6344178575173105e-05,bert-inference-54bffd747-qkhmx
2026-02-10 15:14:50.184,5.416316697587318e-05,bert-inference-54bffd747-pz7fp
2026-02-10 15:14:50.184,4.6902756473275384e-05,bert-inference-54bffd747-9zzzq
2026-02-10 15:14:50.184,3.946517467734459e-05,bert-inference-54bffd747-29hhs
2026-02-10 15:14:55.184,4.036840634668246e-05,bert-inference-54bffd747-qkhmx
2026-02-10 15:14:55.184,4.8689993649959847e-05,bert-inference-54bffd747-pz7fp
2026-02-10 15:14:55.184,6.895951051296819e-05,bert-inference-54bffd747-9zzzq
2026-02-10 15:14:55.184,4.5654632094932535e-05,bert-inference-54bffd747-t4vgj
2026-02-10 15:14:55.184,3.849562551924288e-05,bert-inference-54bffd747-29hhs
2026-02-10 15:15:00.184,5.3616140885648345e-05,bert-inference-54bffd747-pz7fp
2026-02-10 15:15:00.184,6.895951051296819e-05,bert-inference-54bffd747-9zzzq
2026-02-10 15:15:00.184,3.849562551924288e-05,bert-inference-54bffd747-29hhs
2026-02-10 15:15:00.184,4.230025717500446e-05,bert-inference-54bffd747-qkhmx
2026-02-10 15:15:00.184,4.443203540841876e-05,bert-inference-54bffd747-t4vgj
2026-02-10 15:15:05.184,4.2694935469935586e-05,bert-inference-54bffd747-qkhmx
2026-02-10 15:15:05.184,4.419253756994773e-05,bert-inference-54bffd747-29hhs
2026-02-10 15:15:05.184,5.196100617997208e-05,bert-inference-54bffd747-pz7fp
2026-02-10 15:15:05.184,4.5094948922597304e-05,bert-inference-54bffd747-t4vgj
2026-02-10 15:15:05.184,7.403263172648273e-05,bert-inference-54bffd747-9zzzq
2026-02-10 15:15:10.184,5.196100617997208e-05,bert-inference-54bffd747-pz7fp
2026-02-10 15:15:10.184,4.347940781887628e-05,bert-inference-54bffd747-qkhmx
2026-02-10 15:15:10.184,4.6927973839797126e-05,bert-inference-54bffd747-29hhs
2026-02-10 15:15:10.184,4.33418628559946e-05,bert-inference-54bffd747-t4vgj
2026-02-10 15:15:10.184,8.130064217609024e-05,bert-inference-54bffd747-9zzzq
2026-02-10 15:15:15.184,4.00758689040746e-05,bert-inference-54bffd747-t4vgj
2026-02-10 15:15:15.184,4.2812274829532974e-05,bert-inference-54bffd747-qkhmx
2026-02-10 15:15:15.184,5.219440591854465e-05,bert-inference-54bffd747-pz7fp
2026-02-10 15:15:15.184,4.660026341721001e-05,bert-inference-54bffd747-29hhs
2026-02-10 15:15:15.184,8.054735515923987e-05,bert-inference-54bffd747-9zzzq
2026-02-10 15:15:20.184,8.922674613874367e-05,bert-inference-54bffd747-9zzzq
2026-02-10 15:15:20.184,4.730804304597729e-05,bert-inference-54bffd747-29hhs
2026-02-10 15:15:20.184,4.2812274829532974e-05,bert-inference-54bffd747-qkhmx
2026-02-10 15:15:20.184,3.769761542238206e-05,bert-inference-54bffd747-t4vgj
2026-02-10 15:15:20.184,5.639856627923665e-05,bert-inference-54bffd747-pz7fp
2026-02-10 15:15:25.184,4.524131735002284e-05,bert-inference-54bffd747-29hhs
2026-02-10 15:15:25.184,6.058022646679847e-05,bert-inference-54bffd747-pz7fp
2026-02-10 15:15:25.184,4.874740461084773e-05,bert-inference-54bffd747-qkhmx
2026-02-10 15:15:25.184,9.180480543407031e-05,bert-inference-54bffd747-9zzzq
2026-02-10 15:15:25.184,3.7464175656413086e-05,bert-inference-54bffd747-t4vgj
2026-02-10 15:15:30.184,5.819029027475876e-05,bert-inference-54bffd747-pz7fp
2026-02-10 15:15:30.184,9.180480543407031e-05,bert-inference-54bffd747-9zzzq
2026-02-10 15:15:30.184,4.524131735002284e-05,bert-inference-54bffd747-29hhs
2026-02-10 15:15:30.184,4.9968241927651814e-05,bert-inference-54bffd747-qkhmx
2026-02-10 15:15:30.184,3.99689289079273e-05,bert-inference-54bffd747-t4vgj
2026-02-10 15:15:35.184,4.248650402970031e-05,bert-inference-54bffd747-qkhmx
2026-02-10 15:15:35.184,4.131171374081662e-05,bert-inference-54bffd747-29hhs
2026-02-10 15:15:35.184,3.978741933051827e-05,bert-inference-54bffd747-t4vgj
2026-02-10 15:15:35.184,6.0187506885853656e-05,bert-inference-54bffd747-pz7fp
2026-02-10 15:15:35.184,8.50643846798019e-05,bert-inference-54bffd747-9zzzq
2026-02-10 15:15:40.184,4.7904034403865886e-05,bert-inference-54bffd747-29hhs
2026-02-10 15:15:40.184,5.533960877951899e-05,bert-inference-54bffd747-qkhmx
2026-02-10 15:15:40.184,4.2190457135378e-05,bert-inference-54bffd747-t4vgj
2026-02-10 15:15:40.184,5.6256131308273e-05,bert-inference-54bffd747-pz7fp
2026-02-10 15:15:40.184,6.499952763022634e-05,bert-inference-54bffd747-9zzzq
2026-02-10 15:15:45.184,4.054819415396113e-05,bert-inference-54bffd747-t4vgj
2026-02-10 15:15:45.184,6.259647920066183e-05,bert-inference-54bffd747-9zzzq
2026-02-10 15:15:45.184,4.7904034403865886e-05,bert-inference-54bffd747-29hhs
2026-02-10 15:15:45.184,5.4423931806600904e-05,bert-inference-54bffd747-pz7fp
2026-02-10 15:15:45.184,5.633386206123945e-05,bert-inference-54bffd747-qkhmx
2026-02-10 15:15:50.184,6.259647920066183e-05,bert-inference-54bffd747-9zzzq
2026-02-10 15:15:50.184,5.633386206123945e-05,bert-inference-54bffd747-qkhmx
2026-02-10 15:15:50.184,4.105384912716535e-05,bert-inference-54bffd747-t4vgj
2026-02-10 15:15:50.184,5.23542765041016e-05,bert-inference-54bffd747-29hhs
2026-02-10 15:15:50.184,4.9653326198767407e-05,bert-inference-54bffd747-pz7fp
2026-02-10 15:15:55.184,4.542579617182032e-05,bert-inference-54bffd747-9zzzq
2026-02-10 15:15:55.184,4.9947074466793776e-05,bert-inference-54bffd747-pz7fp
2026-02-10 15:15:55.184,4.260644891619566e-05,bert-inference-54bffd747-t4vgj
2026-02-10 15:15:55.184,5.95593366346655e-05,bert-inference-54bffd747-qkhmx
2026-02-10 15:15:55.184,5.5189974227056317e-05,bert-inference-54bffd747-29hhs
2026-02-10 15:16:00.184,5.5189974227056317e-05,bert-inference-54bffd747-29hhs
2026-02-10 15:16:00.184,4.4015322125990613e-05,bert-inference-54bffd747-t4vgj
2026-02-10 15:16:00.184,5.371456522746949e-05,bert-inference-54bffd747-qkhmx
2026-02-10 15:16:00.184,4.7643357678831856e-05,bert-inference-54bffd747-9zzzq
2026-02-10 15:16:00.184,4.649036461004861e-05,bert-inference-54bffd747-pz7fp
2026-02-10 15:16:05.184,4.595006482400849e-05,bert-inference-54bffd747-9zzzq
2026-02-10 15:16:05.184,4.509734191609242e-05,bert-inference-54bffd747-t4vgj
2026-02-10 15:16:05.184,4.8476299788512924e-05,bert-inference-54bffd747-pz7fp
2026-02-10 15:16:05.184,5.997221320248333e-05,bert-inference-54bffd747-29hhs
2026-02-10 15:16:05.184,5.3714565227469505e-05,bert-inference-54bffd747-qkhmx
2026-02-10 15:16:10.184,4.974190630110237e-05,bert-inference-54bffd747-qkhmx
2026-02-10 15:16:10.184,4.6502579726842435e-05,bert-inference-54bffd747-t4vgj
2026-02-10 15:16:10.184,4.3631322350328955e-05,bert-inference-54bffd747-9zzzq
2026-02-10 15:16:10.184,6.285465229474788e-05,bert-inference-54bffd747-pz7fp
2026-02-10 15:16:10.184,5.997221320248334e-05,bert-inference-54bffd747-29hhs
2026-02-10 15:16:15.184,3.631859334426543e-05,bert-inference-54bffd747-9zzzq
2026-02-10 15:16:15.184,6.285465229474788e-05,bert-inference-54bffd747-pz7fp
2026-02-10 15:16:15.184,6.26529052921486e-05,bert-inference-54bffd747-29hhs
2026-02-10 15:16:15.184,5.9840410588326105e-05,bert-inference-54bffd747-t4vgj
2026-02-10 15:16:15.184,4.4609248130983126e-05,bert-inference-54bffd747-qkhmx
2026-02-10 15:16:20.184,5.9840410588326105e-05,bert-inference-54bffd747-t4vgj
2026-02-10 15:16:20.184,4.4609248130983126e-05,bert-inference-54bffd747-qkhmx
2026-02-10 15:16:20.184,6.674097236132219e-05,bert-inference-54bffd747-pz7fp
2026-02-10 15:16:20.184,3.609777052396828e-05,bert-inference-54bffd747-9zzzq
2026-02-10 15:16:20.184,6.401220820605656e-05,bert-inference-54bffd747-29hhs
2026-02-10 15:16:25.184,4.1054385152394824e-05,bert-inference-54bffd747-9zzzq
2026-02-10 15:16:25.184,7.278212518711317e-05,bert-inference-54bffd747-29hhs
2026-02-10 15:16:25.184,3.2042866916438215e-05,bert-inference-54bffd747-qkhmx
2026-02-10 15:16:25.184,9.345268094364888e-05,bert-inference-54bffd747-pz7fp
2026-02-10 15:16:25.184,6.2556104107606e-05,bert-inference-54bffd747-t4vgj
2026-02-10 15:16:30.184,7.218856562272308e-05,bert-inference-54bffd747-29hhs
2026-02-10 15:16:30.184,4.589325214007316e-05,bert-inference-54bffd747-9zzzq
2026-02-10 15:16:30.184,7.938725501424092e-05,bert-inference-54bffd747-t4vgj
2026-02-10 15:16:30.184,9.345268094364888e-05,bert-inference-54bffd747-pz7fp
2026-02-10 15:16:30.184,3.897204996708727e-05,bert-inference-54bffd747-qkhmx
2026-02-10 15:16:35.184,9.192754429338237e-05,bert-inference-54bffd747-pz7fp
2026-02-10 15:16:35.184,7.270442228621067e-05,bert-inference-54bffd747-29hhs
2026-02-10 15:16:35.184,3.897204996708727e-05,bert-inference-54bffd747-qkhmx
2026-02-10 15:16:35.184,8.223537957480014e-05,bert-inference-54bffd747-t4vgj
2026-02-10 15:16:35.184,4.5562589965110485e-05,bert-inference-54bffd747-9zzzq
2026-02-10 15:16:40.184,4.6818789951941084e-05,bert-inference-54bffd747-9zzzq
2026-02-10 15:16:40.184,9.64424909420557e-05,bert-inference-54bffd747-pz7fp
2026-02-10 15:16:40.184,7.284989401550086e-05,bert-inference-54bffd747-29hhs
2026-02-10 15:16:40.184,3.2929633884630105e-05,bert-inference-54bffd747-qkhmx
2026-02-10 15:16:40.184,9.242292607379564e-05,bert-inference-54bffd747-t4vgj
2026-02-10 15:16:45.184,9.932579612936962e-05,bert-inference-54bffd747-pz7fp
2026-02-10 15:16:45.184,9.077344740953061e-05,bert-inference-54bffd747-t4vgj
2026-02-10 15:16:45.184,4.975210710657586e-05,bert-inference-54bffd747-9zzzq
2026-02-10 15:16:45.184,4.643954957406641e-05,bert-inference-54bffd747-qkhmx
2026-02-10 15:16:45.184,6.878747399736949e-05,bert-inference-54bffd747-29hhs
2026-02-10 15:16:50.184,8.12098796152659e-05,bert-inference-54bffd747-t4vgj
2026-02-10 15:16:50.184,4.975210710657586e-05,bert-inference-54bffd747-9zzzq
2026-02-10 15:16:50.184,6.680853882920157e-05,bert-inference-54bffd747-29hhs
2026-02-10 15:16:50.184,4.795010218532955e-05,bert-inference-54bffd747-qkhmx
2026-02-10 15:16:50.184,8.40103878765169e-05,bert-inference-54bffd747-pz7fp
2026-02-10 15:16:55.184,8.721019239309381e-05,bert-inference-54bffd747-pz7fp
2026-02-10 15:16:55.184,4.9833219359675846e-05,bert-inference-54bffd747-9zzzq
2026-02-10 15:16:55.184,6.725229289932536e-05,bert-inference-54bffd747-29hhs
2026-02-10 15:16:55.184,4.7950102185329554e-05,bert-inference-54bffd747-qkhmx
2026-02-10 15:16:55.184,8.12098796152659e-05,bert-inference-54bffd747-t4vgj
2026-02-10 15:17:00.184,7.216442633801008e-05,bert-inference-54bffd747-t4vgj
2026-02-10 15:17:00.184,6.725229289932536e-05,bert-inference-54bffd747-29hhs
2026-02-10 15:17:00.184,4.836917787111501e-05,bert-inference-54bffd747-qkhmx
2026-02-10 15:17:00.184,8.453162383417718e-05,bert-inference-54bffd747-pz7fp
2026-02-10 15:17:00.184,5.173852162088803e-05,bert-inference-54bffd747-9zzzq
2026-02-10 15:17:05.184,4.6286893670347614e-05,bert-inference-54bffd747-9zzzq
2026-02-10 15:17:05.184,6.425869022329306e-05,bert-inference-54bffd747-t4vgj
2026-02-10 15:17:05.184,5.169387916877672e-05,bert-inference-54bffd747-29hhs
2026-02-10 15:17:05.184,4.8369177871115e-05,bert-inference-54bffd747-qkhmx
2026-02-10 15:17:05.184,8.453162383417718e-05,bert-inference-54bffd747-pz7fp
2026-02-10 15:17:10.184,5.659058856391683e-05,bert-inference-54bffd747-29hhs
2026-02-10 15:17:10.184,6.524946813619699e-05,bert-inference-54bffd747-9zzzq
2026-02-10 15:17:10.184,6.425869022329306e-05,bert-inference-54bffd747-t4vgj
2026-02-10 15:17:10.184,5.856161070073686e-05,bert-inference-54bffd747-pz7fp
2026-02-10 15:17:10.184,4.8965973113373196e-05,bert-inference-54bffd747-qkhmx
2026-02-10 15:17:15.184,6.199814974224843e-05,bert-inference-54bffd747-9zzzq
2026-02-10 15:17:15.184,5.760294040970102e-05,bert-inference-54bffd747-29hhs
2026-02-10 15:17:15.184,5.856161070073686e-05,bert-inference-54bffd747-pz7fp
2026-02-10 15:17:15.184,4.636903891543731e-05,bert-inference-54bffd747-qkhmx
2026-02-10 15:17:15.184,3.653475215033281e-05,bert-inference-54bffd747-t4vgj
2026-02-10 15:17:20.184,4.642867012021799e-05,bert-inference-54bffd747-qkhmx
2026-02-10 15:17:20.184,5.5522601331994617e-05,bert-inference-54bffd747-29hhs
2026-02-10 15:17:20.184,5.850442082945884e-05,bert-inference-54bffd747-9zzzq
2026-02-10 15:17:20.184,5.856161070073686e-05,bert-inference-54bffd747-pz7fp
2026-02-10 15:17:20.184,3.7940764950838e-05,bert-inference-54bffd747-t4vgj
2026-02-10 15:17:25.184,4.0799265853132545e-05,bert-inference-54bffd747-t4vgj
2026-02-10 15:17:25.184,4.216901271011381e-05,bert-inference-54bffd747-qkhmx
2026-02-10 15:17:25.184,5.1879892500849697e-05,bert-inference-54bffd747-29hhs
2026-02-10 15:17:25.184,8.085693906682408e-05,bert-inference-54bffd747-9zzzq
2026-02-10 15:17:25.184,5.339090028778259e-05,bert-inference-54bffd747-pz7fp
2026-02-10 15:17:30.184,4.961816056571807e-05,bert-inference-54bffd747-29hhs
2026-02-10 15:17:30.184,8.497507011989994e-05,bert-inference-54bffd747-9zzzq
2026-02-10 15:17:30.184,3.846607087259589e-05,bert-inference-54bffd747-t4vgj
2026-02-10 15:17:30.184,3.658579360456286e-05,bert-inference-54bffd747-qkhmx
2026-02-10 15:17:30.184,5.467983010246307e-05,bert-inference-54bffd747-pz7fp
2026-02-10 15:17:35.184,8.497507011989994e-05,bert-inference-54bffd747-9zzzq
2026-02-10 15:17:35.184,3.683864439553404e-05,bert-inference-54bffd747-t4vgj
2026-02-10 15:17:35.184,5.085580555542922e-05,bert-inference-54bffd747-qkhmx
2026-02-10 15:17:35.184,4.789612490416949e-05,bert-inference-54bffd747-pz7fp
2026-02-10 15:17:35.184,4.5285354510076254e-05,bert-inference-54bffd747-29hhs
2026-02-10 15:17:40.184,3.683864439553404e-05,bert-inference-54bffd747-t4vgj
2026-02-10 15:17:40.184,7.935816220101437e-05,bert-inference-54bffd747-pz7fp
2026-02-10 15:17:40.184,8.365848909591214e-05,bert-inference-54bffd747-9zzzq
2026-02-10 15:17:40.184,6.952401416837544e-05,bert-inference-54bffd747-29hhs
2026-02-10 15:17:40.184,5.085580555542923e-05,bert-inference-54bffd747-qkhmx
2026-02-10 15:17:45.184,9.264686350646026e-05,bert-inference-54bffd747-29hhs
2026-02-10 15:17:45.184,3.930879524245335e-05,bert-inference-54bffd747-t4vgj
2026-02-10 15:17:45.184,7.935816220101437e-05,bert-inference-54bffd747-pz7fp
2026-02-10 15:17:45.184,8.365848909591214e-05,bert-inference-54bffd747-9zzzq
2026-02-10 15:17:45.184,5.598864943601867e-05,bert-inference-54bffd747-qkhmx
2026-02-10 15:17:50.184,8.365848909591214e-05,bert-inference-54bffd747-9zzzq
2026-02-10 15:17:50.184,7.935816220101437e-05,bert-inference-54bffd747-pz7fp
2026-02-10 15:17:50.184,4.317640915191604e-05,bert-inference-54bffd747-t4vgj
2026-02-10 15:17:50.184,0.00010426684087188584,bert-inference-54bffd747-29hhs
2026-02-10 15:17:50.184,5.759562199438759e-05,bert-inference-54bffd747-qkhmx
2026-02-10 15:17:55.184,0.00010426684087188584,bert-inference-54bffd747-29hhs
2026-02-10 15:17:55.184,4.317640915191604e-05,bert-inference-54bffd747-t4vgj
2026-02-10 15:17:55.184,8.3369473829442e-05,bert-inference-54bffd747-pz7fp
2026-02-10 15:17:55.184,6.538516206197685e-05,bert-inference-54bffd747-9zzzq
2026-02-10 15:17:55.184,5.759562199438759e-05,bert-inference-54bffd747-qkhmx
2026-02-10 15:18:00.184,9.580615128504295e-05,bert-inference-54bffd747-29hhs
2026-02-10 15:18:00.184,6.538516206197685e-05,bert-inference-54bffd747-9zzzq
2026-02-10 15:18:00.184,3.947741582596184e-05,bert-inference-54bffd747-t4vgj
2026-02-10 15:18:00.184,5.375065288419799e-05,bert-inference-54bffd747-qkhmx
2026-02-10 15:18:00.184,7.607047736414316e-05,bert-inference-54bffd747-pz7fp
2026-02-10 15:18:05.184,4.201568660034181e-05,bert-inference-54bffd747-9zzzq
2026-02-10 15:18:05.184,7.607047736414316e-05,bert-inference-54bffd747-pz7fp
2026-02-10 15:18:05.184,0.00010060077313661132,bert-inference-54bffd747-29hhs
2026-02-10 15:18:05.184,4.692371270758033e-05,bert-inference-54bffd747-t4vgj
2026-02-10 15:18:05.184,6.671872684755603e-05,bert-inference-54bffd747-qkhmx
2026-02-10 15:18:10.184,7.411739754333638e-05,bert-inference-54bffd747-pz7fp
2026-02-10 15:18:10.184,0.00010060077313661132,bert-inference-54bffd747-29hhs
2026-02-10 15:18:10.184,6.671872684755603e-05,bert-inference-54bffd747-qkhmx
2026-02-10 15:18:10.184,3.6983136813331444e-05,bert-inference-54bffd747-9zzzq
2026-02-10 15:18:10.184,4.692371270758033e-05,bert-inference-54bffd747-t4vgj
2026-02-10 15:18:15.184,6.505298281343838e-05,bert-inference-54bffd747-qkhmx
2026-02-10 15:18:15.184,4.356702628664346e-05,bert-inference-54bffd747-9zzzq
2026-02-10 15:18:15.184,7.925056677908601e-05,bert-inference-54bffd747-pz7fp
2026-02-10 15:18:15.184,9.763794104537695e-05,bert-inference-54bffd747-29hhs
2026-02-10 15:18:15.184,4.914106298400433e-05,bert-inference-54bffd747-t4vgj
2026-02-10 15:18:20.184,7.925056677908601e-05,bert-inference-54bffd747-pz7fp
2026-02-10 15:18:20.184,8.8289708102746e-05,bert-inference-54bffd747-29hhs
2026-02-10 15:18:20.184,4.356702628664346e-05,bert-inference-54bffd747-9zzzq
2026-02-10 15:18:20.184,4.92142307059267e-05,bert-inference-54bffd747-t4vgj
2026-02-10 15:18:20.184,6.534837120865248e-05,bert-inference-54bffd747-qkhmx
2026-02-10 15:18:25.184,6.729952482338861e-05,bert-inference-54bffd747-pz7fp
2026-02-10 15:18:25.184,6.534837120865248e-05,bert-inference-54bffd747-qkhmx
2026-02-10 15:18:25.184,4.932012595990548e-05,bert-inference-54bffd747-9zzzq
2026-02-10 15:18:25.184,4.92142307059267e-05,bert-inference-54bffd747-t4vgj
2026-02-10 15:18:25.184,7.231870044622544e-05,bert-inference-54bffd747-29hhs
2026-02-10 15:18:30.184,6.534837120865248e-05,bert-inference-54bffd747-qkhmx
2026-02-10 15:18:30.184,4.417536422673582e-05,bert-inference-54bffd747-t4vgj
2026-02-10 15:18:30.184,4.932012595990548e-05,bert-inference-54bffd747-9zzzq
2026-02-10 15:18:30.184,7.016166240705439e-05,bert-inference-54bffd747-pz7fp
2026-02-10 15:18:30.184,8.44303703043624e-05,bert-inference-54bffd747-29hhs
2026-02-10 15:18:35.184,7.867711341684106e-05,bert-inference-54bffd747-29hhs
2026-02-10 15:18:35.184,4.7908516861179374e-05,bert-inference-54bffd747-9zzzq
2026-02-10 15:18:35.184,7.016166240705439e-05,bert-inference-54bffd747-pz7fp
2026-02-10 15:18:35.184,4.0907073416035316e-05,bert-inference-54bffd747-t4vgj
2026-02-10 15:18:35.184,6.23548918356891e-05,bert-inference-54bffd747-qkhmx
2026-02-10 15:18:40.184,4.6110433832451114e-05,bert-inference-54bffd747-9zzzq
2026-02-10 15:18:40.184,4.4161461045867295e-05,bert-inference-54bffd747-t4vgj
2026-02-10 15:18:40.184,7.431086393853354e-05,bert-inference-54bffd747-pz7fp
2026-02-10 15:18:40.184,9.081198561813569e-05,bert-inference-54bffd747-29hhs
2026-02-10 15:18:40.184,5.637189718250477e-05,bert-inference-54bffd747-qkhmx
2026-02-10 15:18:45.184,4.638837521193176e-05,bert-inference-54bffd747-t4vgj
2026-02-10 15:18:45.184,6.218777132968847e-05,bert-inference-54bffd747-9zzzq
2026-02-10 15:18:45.184,7.97218482709652e-05,bert-inference-54bffd747-pz7fp
2026-02-10 15:18:45.184,0.0001015207463047433,bert-inference-54bffd747-29hhs
2026-02-10 15:18:45.184,5.305728029235987e-05,bert-inference-54bffd747-qkhmx
2026-02-10 15:18:50.184,6.218777132968847e-05,bert-inference-54bffd747-9zzzq
2026-02-10 15:18:50.184,4.216511211301316e-05,bert-inference-54bffd747-t4vgj
2026-02-10 15:18:50.184,4.8059990826455884e-05,bert-inference-54bffd747-qkhmx
2026-02-10 15:18:50.184,7.710473356268858e-05,bert-inference-54bffd747-pz7fp
2026-02-10 15:18:50.184,9.320685298674747e-05,bert-inference-54bffd747-29hhs
2026-02-10 15:18:55.184,7.710473356268858e-05,bert-inference-54bffd747-pz7fp
2026-02-10 15:18:55.184,9.320685298674747e-05,bert-inference-54bffd747-29hhs
2026-02-10 15:18:55.184,6.889584645533208e-05,bert-inference-54bffd747-9zzzq
2026-02-10 15:18:55.184,5.528131805807021e-05,bert-inference-54bffd747-qkhmx
2026-02-10 15:18:55.184,5.718720605558479e-05,bert-inference-54bffd747-t4vgj
2026-02-10 15:19:00.184,7.699297756541533e-05,bert-inference-54bffd747-9zzzq
2026-02-10 15:19:00.184,8.393790120851292e-05,bert-inference-54bffd747-29hhs
2026-02-10 15:19:00.184,5.5281318058070205e-05,bert-inference-54bffd747-qkhmx
2026-02-10 15:19:00.184,6.796369388622045e-05,bert-inference-54bffd747-t4vgj
2026-02-10 15:19:00.184,7.238902652280073e-05,bert-inference-54bffd747-pz7fp
2026-02-10 15:19:05.184,8.032897533693292e-05,bert-inference-54bffd747-9zzzq
2026-02-10 15:19:05.184,4.775360191748072e-05,bert-inference-54bffd747-qkhmx
2026-02-10 15:19:05.184,7.238902652280073e-05,bert-inference-54bffd747-pz7fp
2026-02-10 15:19:05.184,7.758247022668015e-05,bert-inference-54bffd747-t4vgj
2026-02-10 15:19:05.184,7.48451562179663e-05,bert-inference-54bffd747-29hhs
2026-02-10 15:19:10.184,7.238902652280073e-05,bert-inference-54bffd747-pz7fp
2026-02-10 15:19:10.184,4.7664583888041354e-05,bert-inference-54bffd747-qkhmx
2026-02-10 15:19:10.184,8.319721678364537e-05,bert-inference-54bffd747-9zzzq
2026-02-10 15:19:10.184,7.232371804753225e-05,bert-inference-54bffd747-29hhs
2026-02-10 15:19:10.184,7.240172677007081e-05,bert-inference-54bffd747-t4vgj
2026-02-10 15:19:15.184,9.502282690507151e-05,bert-inference-54bffd747-9zzzq
2026-02-10 15:19:15.184,7.391784198507363e-05,bert-inference-54bffd747-t4vgj
2026-02-10 15:19:15.184,6.259882977595849e-05,bert-inference-54bffd747-pz7fp
2026-02-10 15:19:15.184,4.766458388804135e-05,bert-inference-54bffd747-qkhmx
2026-02-10 15:19:15.184,6.553430521911742e-05,bert-inference-54bffd747-29hhs
2026-02-10 15:19:20.184,6.259882977595849e-05,bert-inference-54bffd747-pz7fp
2026-02-10 15:19:20.184,7.630083076823869e-05,bert-inference-54bffd747-t4vgj
2026-02-10 15:19:20.184,3.5617308675564704e-05,bert-inference-54bffd747-29hhs
2026-02-10 15:19:20.184,4.7898110485087836e-05,bert-inference-54bffd747-qkhmx
2026-02-10 15:19:20.184,0.00010103039119278235,bert-inference-54bffd747-9zzzq
2026-02-10 15:19:25.184,3.234432716145571e-05,bert-inference-54bffd747-29hhs
2026-02-10 15:19:25.184,7.547432043108996e-05,bert-inference-54bffd747-t4vgj
2026-02-10 15:19:25.184,9.856598350399865e-05,bert-inference-54bffd747-9zzzq
2026-02-10 15:19:25.184,6.259882977595849e-05,bert-inference-54bffd747-pz7fp
2026-02-10 15:19:25.184,5.480736993672343e-05,bert-inference-54bffd747-qkhmx
2026-02-10 15:19:30.184,8.811477529115632e-05,bert-inference-54bffd747-9zzzq
2026-02-10 15:19:30.184,4.366031045340971e-05,bert-inference-54bffd747-29hhs
2026-02-10 15:19:30.184,5.480736993672343e-05,bert-inference-54bffd747-qkhmx
2026-02-10 15:19:30.184,5.6525826518297385e-05,bert-inference-54bffd747-pz7fp
2026-02-10 15:19:30.184,7.461521537138939e-05,bert-inference-54bffd747-t4vgj
2026-02-10 15:19:35.184,8.514233395261745e-05,bert-inference-54bffd747-9zzzq
2026-02-10 15:19:35.184,4.7752120821407796e-05,bert-inference-54bffd747-qkhmx
2026-02-10 15:19:35.184,4.366031045340971e-05,bert-inference-54bffd747-29hhs
2026-02-10 15:19:35.184,7.461521537138939e-05,bert-inference-54bffd747-t4vgj
2026-02-10 15:19:35.184,6.234689570068736e-05,bert-inference-54bffd747-pz7fp
2026-02-10 15:19:40.184,5.284779912069093e-05,bert-inference-54bffd747-t4vgj
2026-02-10 15:19:40.184,8.041751145835985e-05,bert-inference-54bffd747-9zzzq
2026-02-10 15:19:40.184,6.234689570068736e-05,bert-inference-54bffd747-pz7fp
2026-02-10 15:19:40.184,4.6732423010765466e-05,bert-inference-54bffd747-29hhs
2026-02-10 15:19:40.184,4.455051130462886e-05,bert-inference-54bffd747-qkhmx
2026-02-10 15:19:45.184,4.1293275895965354e-05,bert-inference-54bffd747-qkhmx
2026-02-10 15:19:45.184,5.136662584832696e-05,bert-inference-54bffd747-29hhs
2026-02-10 15:19:45.184,7.880126264205113e-05,bert-inference-54bffd747-pz7fp
2026-02-10 15:19:45.184,7.167901328380163e-05,bert-inference-54bffd747-9zzzq
2026-02-10 15:19:45.184,4.167248475406042e-05,bert-inference-54bffd747-t4vgj
2026-02-10 15:19:50.184,5.5392912196879164e-05,bert-inference-54bffd747-29hhs
2026-02-10 15:19:50.184,4.170885567127176e-05,bert-inference-54bffd747-qkhmx
2026-02-10 15:19:50.184,0.00010275814089737357,bert-inference-54bffd747-pz7fp
2026-02-10 15:19:50.184,4.504150452473451e-05,bert-inference-54bffd747-t4vgj
2026-02-10 15:19:50.184,7.167901328380163e-05,bert-inference-54bffd747-9zzzq
2026-02-10 15:19:55.184,4.846927410122201e-05,bert-inference-54bffd747-29hhs
2026-02-10 15:19:55.184,0.00010275814089737357,bert-inference-54bffd747-pz7fp
2026-02-10 15:19:55.184,4.596650293764322e-05,bert-inference-54bffd747-t4vgj
2026-02-10 15:19:55.184,6.26864371842713e-05,bert-inference-54bffd747-9zzzq
2026-02-10 15:19:55.184,4.2570849622808e-05,bert-inference-54bffd747-qkhmx
2026-02-10 15:20:00.184,0.000106642321420621,bert-inference-54bffd747-pz7fp
2026-02-10 15:20:00.184,4.736658582388199e-05,bert-inference-54bffd747-9zzzq
2026-02-10 15:20:00.184,5.236421528039796e-05,bert-inference-54bffd747-29hhs
2026-02-10 15:20:00.184,4.049266001916613e-05,bert-inference-54bffd747-t4vgj
2026-02-10 15:20:00.184,4.2570849622808e-05,bert-inference-54bffd747-qkhmx
2026-02-10 15:20:05.184,5.3847900291301756e-05,bert-inference-54bffd747-9zzzq
2026-02-10 15:20:05.184,3.566818742906062e-05,bert-inference-54bffd747-qkhmx
2026-02-10 15:20:05.184,5.236421528039796e-05,bert-inference-54bffd747-29hhs
2026-02-10 15:20:05.184,4.049266001916613e-05,bert-inference-54bffd747-t4vgj
2026-02-10 15:20:05.184,0.0001308837238433493,bert-inference-54bffd747-pz7fp
2026-02-10 15:20:10.184,3.86803834490871e-05,bert-inference-54bffd747-t4vgj
2026-02-10 15:20:10.184,4.5902744866600395e-05,bert-inference-54bffd747-29hhs
2026-02-10 15:20:10.184,5.684672364454398e-05,bert-inference-54bffd747-qkhmx
2026-02-10 15:20:10.184,5.323295608038646e-05,bert-inference-54bffd747-9zzzq
2026-02-10 15:20:10.184,0.0001308837238433493,bert-inference-54bffd747-pz7fp
2026-02-10 15:20:15.184,5.548328637945447e-05,bert-inference-54bffd747-9zzzq
2026-02-10 15:20:15.184,0.0001276603708642155,bert-inference-54bffd747-pz7fp
2026-02-10 15:20:15.184,4.827202936438235e-05,bert-inference-54bffd747-29hhs
2026-02-10 15:20:15.184,3.6470432958701505e-05,bert-inference-54bffd747-t4vgj
2026-02-10 15:20:15.184,5.684672364454398e-05,bert-inference-54bffd747-qkhmx
2026-02-10 15:20:20.184,0.0001276603708642155,bert-inference-54bffd747-pz7fp
2026-02-10 15:20:20.184,5.884463470656249e-05,bert-inference-54bffd747-9zzzq
2026-02-10 15:20:20.184,3.6470432958701505e-05,bert-inference-54bffd747-t4vgj
2026-02-10 15:20:20.184,5.684672364454398e-05,bert-inference-54bffd747-qkhmx
2026-02-10 15:20:20.184,4.827202936438235e-05,bert-inference-54bffd747-29hhs
2026-02-10 15:20:25.184,0.00012027181037656983,bert-inference-54bffd747-pz7fp
2026-02-10 15:20:25.184,6.095989638735818e-05,bert-inference-54bffd747-9zzzq
2026-02-10 15:20:25.184,3.682572862841867e-05,bert-inference-54bffd747-t4vgj
2026-02-10 15:20:25.184,6.400098117066241e-05,bert-inference-54bffd747-qkhmx
2026-02-10 15:20:25.184,5.157258516085212e-05,bert-inference-54bffd747-29hhs
2026-02-10 15:20:30.184,6.46611824848323e-05,bert-inference-54bffd747-9zzzq
2026-02-10 15:20:30.184,8.204242392278309e-05,bert-inference-54bffd747-pz7fp
2026-02-10 15:20:30.184,4.033701600720947e-05,bert-inference-54bffd747-t4vgj
2026-02-10 15:20:30.184,6.916502890519214e-05,bert-inference-54bffd747-qkhmx
2026-02-10 15:20:30.184,4.490572459912569e-05,bert-inference-54bffd747-29hhs
2026-02-10 15:20:35.184,4.337014990776683e-05,bert-inference-54bffd747-t4vgj
2026-02-10 15:20:35.184,6.566505401154117e-05,bert-inference-54bffd747-qkhmx
2026-02-10 15:20:35.184,8.991244152708267e-05,bert-inference-54bffd747-pz7fp
2026-02-10 15:20:35.184,4.846340905014673e-05,bert-inference-54bffd747-29hhs
2026-02-10 15:20:35.184,6.57104448250052e-05,bert-inference-54bffd747-9zzzq
2026-02-10 15:20:40.184,7.783555543869493e-05,bert-inference-54bffd747-pz7fp
2026-02-10 15:20:40.184,6.130689693824819e-05,bert-inference-54bffd747-qkhmx
2026-02-10 15:20:40.184,6.781639502605271e-05,bert-inference-54bffd747-9zzzq
2026-02-10 15:20:40.184,5.445534287093285e-05,bert-inference-54bffd747-29hhs
2026-02-10 15:20:40.184,3.9143833428082096e-05,bert-inference-54bffd747-t4vgj
2026-02-10 15:20:45.184,6.447829395495267e-05,bert-inference-54bffd747-qkhmx
2026-02-10 15:20:45.184,4.624135310890799e-05,bert-inference-54bffd747-t4vgj
2026-02-10 15:20:45.184,5.582431475104089e-05,bert-inference-54bffd747-pz7fp
2026-02-10 15:20:45.184,6.15541222359585e-05,bert-inference-54bffd747-9zzzq
2026-02-10 15:20:45.184,5.445534287093285e-05,bert-inference-54bffd747-29hhs
2026-02-10 15:20:50.184,4.9490661453695536e-05,bert-inference-54bffd747-29hhs
2026-02-10 15:20:50.184,4.786406006106181e-05,bert-inference-54bffd747-t4vgj
2026-02-10 15:20:50.184,5.9119050604146315e-05,bert-inference-54bffd747-qkhmx
2026-02-10 15:20:50.184,6.0645082545822526e-05,bert-inference-54bffd747-9zzzq
2026-02-10 15:20:50.184,4.1826750535868795e-05,bert-inference-54bffd747-pz7fp
2026-02-10 15:20:55.184,4.1601769624049193e-05,bert-inference-54bffd747-pz7fp
2026-02-10 15:20:55.184,5.8534414118368204e-05,bert-inference-54bffd747-9zzzq
2026-02-10 15:20:55.184,4.939550420823221e-05,bert-inference-54bffd747-t4vgj
2026-02-10 15:20:55.184,4.5771148769095966e-05,bert-inference-54bffd747-qkhmx
2026-02-10 15:20:55.184,4.756519016128549e-05,bert-inference-54bffd747-29hhs
2026-02-10 15:21:00.184,5.5133049087132487e-05,bert-inference-54bffd747-t4vgj
2026-02-10 15:21:00.184,5.6668034992144904e-05,bert-inference-54bffd747-9zzzq
2026-02-10 15:21:00.184,5.364131870406177e-05,bert-inference-54bffd747-29hhs
2026-02-10 15:21:00.184,4.5771148769095966e-05,bert-inference-54bffd747-qkhmx
2026-02-10 15:21:00.184,4.655011765668354e-05,bert-inference-54bffd747-pz7fp
2026-02-10 15:21:05.184,4.767407141624411e-05,bert-inference-54bffd747-pz7fp
2026-02-10 15:21:05.184,5.280047599259665e-05,bert-inference-54bffd747-9zzzq
2026-02-10 15:21:05.184,5.740194340707627e-05,bert-inference-54bffd747-29hhs
2026-02-10 15:21:05.184,5.428058064377273e-05,bert-inference-54bffd747-qkhmx
2026-02-10 15:21:05.184,5.5133049087132487e-05,bert-inference-54bffd747-t4vgj
