timestamp,value,pod
2026-08-14 21:34:51.523965,893689856.0,bert-inference-69f8cc488d-xhq9w
2026-08-14 21:34:51.523965,1018249216.0,bert-inference-69f8cc488d-xbnnq
2026-08-14 21:34:51.523965,1032822784.0,bert-inference-69f8cc488d-5952x
2026-08-14 21:34:51.523965,1313206272.0,bert-inference-69f8cc488d-7d4tz
2026-08-14 21:34:51.523965,877793280.0,bert-inference-69f8cc488d-g8v7z
2026-08-14 21:34:51.523965,925929472.0,bert-inference-69f8cc488d-7442w
2026-08-14 21:34:56.528875,893689856.0,bert-inference-69f8cc488d-xhq9w
2026-08-14 21:34:56.528875,1018249216.0,bert-inference-69f8cc488d-xbnnq
2026-08-14 21:34:56.528875,1032822784.0,bert-inference-69f8cc488d-5952x
2026-08-14 21:34:56.528875,1313198080.0,bert-inference-69f8cc488d-7d4tz
2026-08-14 21:34:56.528875,877793280.0,bert-inference-69f8cc488d-g8v7z
2026-08-14 21:34:56.528875,925929472.0,bert-inference-69f8cc488d-7442w
2026-08-14 21:35:01.528567,893722624.0,bert-inference-69f8cc488d-xhq9w
2026-08-14 21:35:01.528567,1018249216.0,bert-inference-69f8cc488d-xbnnq
2026-08-14 21:35:01.528567,1032822784.0,bert-inference-69f8cc488d-5952x
2026-08-14 21:35:01.528567,1313198080.0,bert-inference-69f8cc488d-7d4tz
2026-08-14 21:35:01.528567,877793280.0,bert-inference-69f8cc488d-g8v7z
2026-08-14 21:35:01.528567,925929472.0,bert-inference-69f8cc488d-7442w
2026-08-14 21:35:06.528891,893722624.0,bert-inference-69f8cc488d-xhq9w
2026-08-14 21:35:06.528891,1018249216.0,bert-inference-69f8cc488d-xbnnq
2026-08-14 21:35:06.528891,1033064448.0,bert-inference-69f8cc488d-5952x
2026-08-14 21:35:06.528891,1313198080.0,bert-inference-69f8cc488d-7d4tz
2026-08-14 21:35:06.528891,877793280.0,bert-inference-69f8cc488d-g8v7z
2026-08-14 21:35:06.528891,925925376.0,bert-inference-69f8cc488d-7442w
2026-08-14 21:35:11.528926,893722624.0,bert-inference-69f8cc488d-xhq9w
2026-08-14 21:35:11.528926,1018249216.0,bert-inference-69f8cc488d-xbnnq
2026-08-14 21:35:11.528926,1033064448.0,bert-inference-69f8cc488d-5952x
2026-08-14 21:35:11.528926,1313206272.0,bert-inference-69f8cc488d-7d4tz
2026-08-14 21:35:11.528926,877285376.0,bert-inference-69f8cc488d-g8v7z
2026-08-14 21:35:11.528926,925925376.0,bert-inference-69f8cc488d-7442w
2026-08-14 21:35:16.528951,893706240.0,bert-inference-69f8cc488d-xhq9w
2026-08-14 21:35:16.528951,1018265600.0,bert-inference-69f8cc488d-xbnnq
2026-08-14 21:35:16.528951,1032843264.0,bert-inference-69f8cc488d-5952x
2026-08-14 21:35:16.528951,1313206272.0,bert-inference-69f8cc488d-7d4tz
2026-08-14 21:35:16.528951,877285376.0,bert-inference-69f8cc488d-g8v7z
2026-08-14 21:35:16.528951,925925376.0,bert-inference-69f8cc488d-7442w
2026-08-14 21:35:21.529102,893706240.0,bert-inference-69f8cc488d-xhq9w
2026-08-14 21:35:21.529102,1018265600.0,bert-inference-69f8cc488d-xbnnq
2026-08-14 21:35:21.529102,1032843264.0,bert-inference-69f8cc488d-5952x
2026-08-14 21:35:21.529102,1313206272.0,bert-inference-69f8cc488d-7d4tz
2026-08-14 21:35:21.529102,877285376.0,bert-inference-69f8cc488d-g8v7z
2026-08-14 21:35:21.529102,926433280.0,bert-inference-69f8cc488d-7442w
2026-08-14 21:35:26.528884,893706240.0,bert-inference-69f8cc488d-xhq9w
2026-08-14 21:35:26.528884,1018265600.0,bert-inference-69f8cc488d-xbnnq
2026-08-14 21:35:26.528884,1032843264.0,bert-inference-69f8cc488d-5952x
2026-08-14 21:35:26.528884,1313202176.0,bert-inference-69f8cc488d-7d4tz
2026-08-14 21:35:26.528884,877772800.0,bert-inference-69f8cc488d-g8v7z
2026-08-14 21:35:26.528884,926433280.0,bert-inference-69f8cc488d-7442w
2026-08-14 21:35:31.528954,893706240.0,bert-inference-69f8cc488d-xhq9w
2026-08-14 21:35:31.528954,1018265600.0,bert-inference-69f8cc488d-xbnnq
2026-08-14 21:35:31.528954,1032839168.0,bert-inference-69f8cc488d-5952x
2026-08-14 21:35:31.528954,1313202176.0,bert-inference-69f8cc488d-7d4tz
2026-08-14 21:35:31.528954,877772800.0,bert-inference-69f8cc488d-g8v7z
2026-08-14 21:35:31.528954,926183424.0,bert-inference-69f8cc488d-7442w
2026-08-14 21:35:36.524644,893706240.0,bert-inference-69f8cc488d-xhq9w
2026-08-14 21:35:36.524644,1018265600.0,bert-inference-69f8cc488d-xbnnq
2026-08-14 21:35:36.524644,1032839168.0,bert-inference-69f8cc488d-5952x
2026-08-14 21:35:36.524644,1313202176.0,bert-inference-69f8cc488d-7d4tz
2026-08-14 21:35:36.524644,877772800.0,bert-inference-69f8cc488d-g8v7z
2026-08-14 21:35:36.524644,926183424.0,bert-inference-69f8cc488d-7442w
2026-08-14 21:35:41.528933,893706240.0,bert-inference-69f8cc488d-xhq9w
2026-08-14 21:35:41.528933,1018265600.0,bert-inference-69f8cc488d-xbnnq
2026-08-14 21:35:41.528933,1032839168.0,bert-inference-69f8cc488d-5952x
2026-08-14 21:35:41.528933,1313435648.0,bert-inference-69f8cc488d-7d4tz
2026-08-14 21:35:41.528933,877772800.0,bert-inference-69f8cc488d-g8v7z
2026-08-14 21:35:41.528933,926183424.0,bert-inference-69f8cc488d-7442w
2026-08-14 21:35:46.528890,893968384.0,bert-inference-69f8cc488d-xhq9w
2026-08-14 21:35:46.528890,1018265600.0,bert-inference-69f8cc488d-xbnnq
2026-08-14 21:35:46.528890,1032839168.0,bert-inference-69f8cc488d-5952x
2026-08-14 21:35:46.528890,1313435648.0,bert-inference-69f8cc488d-7d4tz
2026-08-14 21:35:46.528890,877285376.0,bert-inference-69f8cc488d-g8v7z
2026-08-14 21:35:46.528890,925921280.0,bert-inference-69f8cc488d-7442w
2026-08-14 21:35:51.528972,893968384.0,bert-inference-69f8cc488d-xhq9w
2026-08-14 21:35:51.528972,1018265600.0,bert-inference-69f8cc488d-xbnnq
2026-08-14 21:35:51.528972,1032839168.0,bert-inference-69f8cc488d-5952x
2026-08-14 21:35:51.528972,1313435648.0,bert-inference-69f8cc488d-7d4tz
2026-08-14 21:35:51.528972,877285376.0,bert-inference-69f8cc488d-g8v7z
2026-08-14 21:35:51.528972,925921280.0,bert-inference-69f8cc488d-7442w
2026-08-14 21:35:56.528937,893968384.0,bert-inference-69f8cc488d-xhq9w
2026-08-14 21:35:56.528937,1018265600.0,bert-inference-69f8cc488d-xbnnq
2026-08-14 21:35:56.528937,1032839168.0,bert-inference-69f8cc488d-5952x
2026-08-14 21:35:56.528937,1313214464.0,bert-inference-69f8cc488d-7d4tz
2026-08-14 21:35:56.528937,877285376.0,bert-inference-69f8cc488d-g8v7z
2026-08-14 21:35:56.528937,925921280.0,bert-inference-69f8cc488d-7442w
2026-08-14 21:36:01.528468,893972480.0,bert-inference-69f8cc488d-xhq9w
2026-08-14 21:36:01.528468,1018265600.0,bert-inference-69f8cc488d-xbnnq
2026-08-14 21:36:01.528468,1032839168.0,bert-inference-69f8cc488d-5952x
2026-08-14 21:36:01.528468,1313214464.0,bert-inference-69f8cc488d-7d4tz
2026-08-14 21:36:01.528468,877510656.0,bert-inference-69f8cc488d-g8v7z
2026-08-14 21:36:01.528468,925921280.0,bert-inference-69f8cc488d-7442w
2026-08-14 21:36:06.528945,893972480.0,bert-inference-69f8cc488d-xhq9w
2026-08-14 21:36:06.528945,1018298368.0,bert-inference-69f8cc488d-xbnnq
2026-08-14 21:36:06.528945,1032839168.0,bert-inference-69f8cc488d-5952x
2026-08-14 21:36:06.528945,1313214464.0,bert-inference-69f8cc488d-7d4tz
2026-08-14 21:36:06.528945,877510656.0,bert-inference-69f8cc488d-g8v7z
2026-08-14 21:36:06.528945,925921280.0,bert-inference-69f8cc488d-7442w
2026-08-14 21:36:11.529027,893972480.0,bert-inference-69f8cc488d-xhq9w
2026-08-14 21:36:11.529027,1018298368.0,bert-inference-69f8cc488d-xbnnq
2026-08-14 21:36:11.529027,1033097216.0,bert-inference-69f8cc488d-5952x
2026-08-14 21:36:11.529027,1313214464.0,bert-inference-69f8cc488d-7d4tz
2026-08-14 21:36:11.529027,877510656.0,bert-inference-69f8cc488d-g8v7z
2026-08-14 21:36:11.529027,925921280.0,bert-inference-69f8cc488d-7442w
2026-08-14 21:36:16.527166,893747200.0,bert-inference-69f8cc488d-xhq9w
2026-08-14 21:36:16.527166,1018298368.0,bert-inference-69f8cc488d-xbnnq
2026-08-14 21:36:16.527166,1033097216.0,bert-inference-69f8cc488d-5952x
2026-08-14 21:36:16.527166,1313218560.0,bert-inference-69f8cc488d-7d4tz
2026-08-14 21:36:16.527166,877305856.0,bert-inference-69f8cc488d-g8v7z
2026-08-14 21:36:16.527166,925921280.0,bert-inference-69f8cc488d-7442w
2026-08-14 21:36:21.524248,893747200.0,bert-inference-69f8cc488d-xhq9w
2026-08-14 21:36:21.524248,1018298368.0,bert-inference-69f8cc488d-xbnnq
2026-08-14 21:36:21.524248,1033097216.0,bert-inference-69f8cc488d-5952x
2026-08-14 21:36:21.524248,1313218560.0,bert-inference-69f8cc488d-7d4tz
2026-08-14 21:36:21.524248,877305856.0,bert-inference-69f8cc488d-g8v7z
2026-08-14 21:36:21.524248,925921280.0,bert-inference-69f8cc488d-7442w
2026-08-14 21:36:26.528966,893747200.0,bert-inference-69f8cc488d-xhq9w
2026-08-14 21:36:26.528966,1018490880.0,bert-inference-69f8cc488d-xbnnq
2026-08-14 21:36:26.528966,1032839168.0,bert-inference-69f8cc488d-5952x
2026-08-14 21:36:26.528966,1313230848.0,bert-inference-69f8cc488d-7d4tz
2026-08-14 21:36:26.528966,877305856.0,bert-inference-69f8cc488d-g8v7z
2026-08-14 21:36:26.528966,925921280.0,bert-inference-69f8cc488d-7442w
2026-08-14 21:36:31.528241,893722624.0,bert-inference-69f8cc488d-xhq9w
2026-08-14 21:36:31.528241,1018490880.0,bert-inference-69f8cc488d-xbnnq
2026-08-14 21:36:31.528241,1032839168.0,bert-inference-69f8cc488d-5952x
2026-08-14 21:36:31.528241,1313230848.0,bert-inference-69f8cc488d-7d4tz
2026-08-14 21:36:31.528241,877309952.0,bert-inference-69f8cc488d-g8v7z
2026-08-14 21:36:31.528241,925921280.0,bert-inference-69f8cc488d-7442w
2026-08-14 21:36:36.528939,893722624.0,bert-inference-69f8cc488d-xhq9w
2026-08-14 21:36:36.528939,1018490880.0,bert-inference-69f8cc488d-xbnnq
2026-08-14 21:36:36.528939,1033351168.0,bert-inference-69f8cc488d-5952x
2026-08-14 21:36:36.528939,1313230848.0,bert-inference-69f8cc488d-7d4tz
2026-08-14 21:36:36.528939,877309952.0,bert-inference-69f8cc488d-g8v7z
2026-08-14 21:36:36.528939,925921280.0,bert-inference-69f8cc488d-7442w
2026-08-14 21:36:41.524218,893722624.0,bert-inference-69f8cc488d-xhq9w
2026-08-14 21:36:41.524218,1018490880.0,bert-inference-69f8cc488d-xbnnq
2026-08-14 21:36:41.524218,1033351168.0,bert-inference-69f8cc488d-5952x
2026-08-14 21:36:41.524218,1313452032.0,bert-inference-69f8cc488d-7d4tz
2026-08-14 21:36:41.524218,877305856.0,bert-inference-69f8cc488d-g8v7z
2026-08-14 21:36:41.524218,925921280.0,bert-inference-69f8cc488d-7442w
2026-08-14 21:36:46.528945,893722624.0,bert-inference-69f8cc488d-xhq9w
2026-08-14 21:36:46.528945,1018269696.0,bert-inference-69f8cc488d-xbnnq
2026-08-14 21:36:46.528945,1033351168.0,bert-inference-69f8cc488d-5952x
2026-08-14 21:36:46.528945,1313452032.0,bert-inference-69f8cc488d-7d4tz
2026-08-14 21:36:46.528945,877305856.0,bert-inference-69f8cc488d-g8v7z
2026-08-14 21:36:46.528945,925921280.0,bert-inference-69f8cc488d-7442w
2026-08-14 21:36:51.524461,893722624.0,bert-inference-69f8cc488d-xhq9w
2026-08-14 21:36:51.524461,1018269696.0,bert-inference-69f8cc488d-xbnnq
2026-08-14 21:36:51.524461,1033351168.0,bert-inference-69f8cc488d-5952x
2026-08-14 21:36:51.524461,1313243136.0,bert-inference-69f8cc488d-7d4tz
2026-08-14 21:36:51.524461,877305856.0,bert-inference-69f8cc488d-g8v7z
2026-08-14 21:36:51.524461,925929472.0,bert-inference-69f8cc488d-7442w
2026-08-14 21:36:56.528884,893726720.0,bert-inference-69f8cc488d-xhq9w
2026-08-14 21:36:56.528884,1018269696.0,bert-inference-69f8cc488d-xbnnq
2026-08-14 21:36:56.528884,1032859648.0,bert-inference-69f8cc488d-5952x
2026-08-14 21:36:56.528884,1313243136.0,bert-inference-69f8cc488d-7d4tz
2026-08-14 21:36:56.528884,877305856.0,bert-inference-69f8cc488d-g8v7z
2026-08-14 21:36:56.528884,925929472.0,bert-inference-69f8cc488d-7442w
2026-08-14 21:37:01.528946,893726720.0,bert-inference-69f8cc488d-xhq9w
2026-08-14 21:37:01.528946,1018265600.0,bert-inference-69f8cc488d-xbnnq
2026-08-14 21:37:01.528946,1032859648.0,bert-inference-69f8cc488d-5952x
2026-08-14 21:37:01.528946,1313243136.0,bert-inference-69f8cc488d-7d4tz
2026-08-14 21:37:01.528946,877305856.0,bert-inference-69f8cc488d-g8v7z
2026-08-14 21:37:01.528946,925929472.0,bert-inference-69f8cc488d-7442w
2026-08-14 21:37:06.528942,893726720.0,bert-inference-69f8cc488d-xhq9w
2026-08-14 21:37:06.528942,1018265600.0,bert-inference-69f8cc488d-xbnnq
2026-08-14 21:37:06.528942,1033072640.0,bert-inference-69f8cc488d-5952x
2026-08-14 21:37:06.528942,1313243136.0,bert-inference-69f8cc488d-7d4tz
2026-08-14 21:37:06.528942,877305856.0,bert-inference-69f8cc488d-g8v7z
2026-08-14 21:37:06.528942,925933568.0,bert-inference-69f8cc488d-7442w
2026-08-14 21:37:11.528988,893726720.0,bert-inference-69f8cc488d-xhq9w
2026-08-14 21:37:11.528988,1018269696.0,bert-inference-69f8cc488d-xbnnq
2026-08-14 21:37:11.528988,1033072640.0,bert-inference-69f8cc488d-5952x
2026-08-14 21:37:11.528988,1313222656.0,bert-inference-69f8cc488d-7d4tz
2026-08-14 21:37:11.528988,877305856.0,bert-inference-69f8cc488d-g8v7z
2026-08-14 21:37:11.528988,925933568.0,bert-inference-69f8cc488d-7442w
2026-08-14 21:37:16.524530,893734912.0,bert-inference-69f8cc488d-xhq9w
2026-08-14 21:37:16.524530,1018269696.0,bert-inference-69f8cc488d-xbnnq
2026-08-14 21:37:16.524530,1033072640.0,bert-inference-69f8cc488d-5952x
2026-08-14 21:37:16.524530,1313222656.0,bert-inference-69f8cc488d-7d4tz
2026-08-14 21:37:16.524530,877568000.0,bert-inference-69f8cc488d-g8v7z
2026-08-14 21:37:16.524530,925933568.0,bert-inference-69f8cc488d-7442w
2026-08-14 21:37:21.528948,893734912.0,bert-inference-69f8cc488d-xhq9w
2026-08-14 21:37:21.528948,1018269696.0,bert-inference-69f8cc488d-xbnnq
2026-08-14 21:37:21.528948,1032859648.0,bert-inference-69f8cc488d-5952x
2026-08-14 21:37:21.528948,1313710080.0,bert-inference-69f8cc488d-7d4tz
2026-08-14 21:37:21.528948,877568000.0,bert-inference-69f8cc488d-g8v7z
2026-08-14 21:37:21.528948,925933568.0,bert-inference-69f8cc488d-7442w
2026-08-14 21:37:26.528976,893734912.0,bert-inference-69f8cc488d-xhq9w
2026-08-14 21:37:26.528976,1018290176.0,bert-inference-69f8cc488d-xbnnq
2026-08-14 21:37:26.528976,1032859648.0,bert-inference-69f8cc488d-5952x
2026-08-14 21:37:26.528976,1313710080.0,bert-inference-69f8cc488d-7d4tz
2026-08-14 21:37:26.528976,877568000.0,bert-inference-69f8cc488d-g8v7z
2026-08-14 21:37:26.528976,925937664.0,bert-inference-69f8cc488d-7442w
2026-08-14 21:37:31.528941,893743104.0,bert-inference-69f8cc488d-xhq9w
2026-08-14 21:37:31.528941,1018290176.0,bert-inference-69f8cc488d-xbnnq
2026-08-14 21:37:31.528941,1033101312.0,bert-inference-69f8cc488d-5952x
2026-08-14 21:37:31.528941,1313710080.0,bert-inference-69f8cc488d-7d4tz
2026-08-14 21:37:31.528941,877314048.0,bert-inference-69f8cc488d-g8v7z
2026-08-14 21:37:31.528941,925937664.0,bert-inference-69f8cc488d-7442w
2026-08-14 21:37:36.524080,893743104.0,bert-inference-69f8cc488d-xhq9w
2026-08-14 21:37:36.524080,1018290176.0,bert-inference-69f8cc488d-xbnnq
2026-08-14 21:37:36.524080,1033101312.0,bert-inference-69f8cc488d-5952x
2026-08-14 21:37:36.524080,1313710080.0,bert-inference-69f8cc488d-7d4tz
2026-08-14 21:37:36.524080,877314048.0,bert-inference-69f8cc488d-g8v7z
2026-08-14 21:37:36.524080,925937664.0,bert-inference-69f8cc488d-7442w
2026-08-14 21:37:41.524982,893743104.0,bert-inference-69f8cc488d-xhq9w
2026-08-14 21:37:41.524982,1018294272.0,bert-inference-69f8cc488d-xbnnq
2026-08-14 21:37:41.524982,1033101312.0,bert-inference-69f8cc488d-5952x
2026-08-14 21:37:41.524982,1313222656.0,bert-inference-69f8cc488d-7d4tz
2026-08-14 21:37:41.524982,877314048.0,bert-inference-69f8cc488d-g8v7z
2026-08-14 21:37:41.524982,925970432.0,bert-inference-69f8cc488d-7442w
2026-08-14 21:37:46.528949,894234624.0,bert-inference-69f8cc488d-xhq9w
2026-08-14 21:37:46.528949,1018294272.0,bert-inference-69f8cc488d-xbnnq
2026-08-14 21:37:46.528949,1033105408.0,bert-inference-69f8cc488d-5952x
2026-08-14 21:37:46.528949,1313222656.0,bert-inference-69f8cc488d-7d4tz
2026-08-14 21:37:46.528949,877314048.0,bert-inference-69f8cc488d-g8v7z
2026-08-14 21:37:46.528949,925970432.0,bert-inference-69f8cc488d-7442w
2026-08-14 21:37:51.527444,894234624.0,bert-inference-69f8cc488d-xhq9w
2026-08-14 21:37:51.527444,1018294272.0,bert-inference-69f8cc488d-xbnnq
2026-08-14 21:37:51.527444,1033105408.0,bert-inference-69f8cc488d-5952x
2026-08-14 21:37:51.527444,1313222656.0,bert-inference-69f8cc488d-7d4tz
2026-08-14 21:37:51.527444,877338624.0,bert-inference-69f8cc488d-g8v7z
2026-08-14 21:37:51.527444,925970432.0,bert-inference-69f8cc488d-7442w
2026-08-14 21:37:56.528949,893972480.0,bert-inference-69f8cc488d-xhq9w
2026-08-14 21:37:56.528949,1018535936.0,bert-inference-69f8cc488d-xbnnq
2026-08-14 21:37:56.528949,1033105408.0,bert-inference-69f8cc488d-5952x
2026-08-14 21:37:56.528949,1313710080.0,bert-inference-69f8cc488d-7d4tz
2026-08-14 21:37:56.528949,877338624.0,bert-inference-69f8cc488d-g8v7z
2026-08-14 21:37:56.528949,925945856.0,bert-inference-69f8cc488d-7442w
2026-08-14 21:38:01.528873,893972480.0,bert-inference-69f8cc488d-xhq9w
2026-08-14 21:38:01.528873,1018535936.0,bert-inference-69f8cc488d-xbnnq
2026-08-14 21:38:01.528873,1032859648.0,bert-inference-69f8cc488d-5952x
2026-08-14 21:38:01.528873,1313710080.0,bert-inference-69f8cc488d-7d4tz
2026-08-14 21:38:01.528873,877559808.0,bert-inference-69f8cc488d-g8v7z
2026-08-14 21:38:01.528873,925945856.0,bert-inference-69f8cc488d-7442w
2026-08-14 21:38:06.527466,893972480.0,bert-inference-69f8cc488d-xhq9w
2026-08-14 21:38:06.527466,1018535936.0,bert-inference-69f8cc488d-xbnnq
2026-08-14 21:38:06.527466,1032859648.0,bert-inference-69f8cc488d-5952x
2026-08-14 21:38:06.527466,1313710080.0,bert-inference-69f8cc488d-7d4tz
2026-08-14 21:38:06.527466,877559808.0,bert-inference-69f8cc488d-g8v7z
2026-08-14 21:38:06.527466,925945856.0,bert-inference-69f8cc488d-7442w
2026-08-14 21:38:11.524280,893972480.0,bert-inference-69f8cc488d-xhq9w
2026-08-14 21:38:11.524280,1018535936.0,bert-inference-69f8cc488d-xbnnq
2026-08-14 21:38:11.524280,1032880128.0,bert-inference-69f8cc488d-5952x
2026-08-14 21:38:11.524280,1313222656.0,bert-inference-69f8cc488d-7d4tz
2026-08-14 21:38:11.524280,877559808.0,bert-inference-69f8cc488d-g8v7z
2026-08-14 21:38:11.524280,925945856.0,bert-inference-69f8cc488d-7442w
2026-08-14 21:38:16.528970,893743104.0,bert-inference-69f8cc488d-xhq9w
2026-08-14 21:38:16.528970,1018306560.0,bert-inference-69f8cc488d-xbnnq
2026-08-14 21:38:16.528970,1032880128.0,bert-inference-69f8cc488d-5952x
2026-08-14 21:38:16.528970,1313222656.0,bert-inference-69f8cc488d-7d4tz
2026-08-14 21:38:16.528970,877559808.0,bert-inference-69f8cc488d-g8v7z
2026-08-14 21:38:16.528970,925945856.0,bert-inference-69f8cc488d-7442w
2026-08-14 21:38:21.528871,893743104.0,bert-inference-69f8cc488d-xhq9w
2026-08-14 21:38:21.528871,1018306560.0,bert-inference-69f8cc488d-xbnnq
2026-08-14 21:38:21.528871,1032880128.0,bert-inference-69f8cc488d-5952x
2026-08-14 21:38:21.528871,1313222656.0,bert-inference-69f8cc488d-7d4tz
2026-08-14 21:38:21.528871,877314048.0,bert-inference-69f8cc488d-g8v7z
2026-08-14 21:38:21.528871,925945856.0,bert-inference-69f8cc488d-7442w
2026-08-14 21:38:26.525318,893743104.0,bert-inference-69f8cc488d-xhq9w
2026-08-14 21:38:26.525318,1018306560.0,bert-inference-69f8cc488d-xbnnq
2026-08-14 21:38:26.525318,1032880128.0,bert-inference-69f8cc488d-5952x
2026-08-14 21:38:26.525318,1313230848.0,bert-inference-69f8cc488d-7d4tz
2026-08-14 21:38:26.525318,877314048.0,bert-inference-69f8cc488d-g8v7z
2026-08-14 21:38:26.525318,925945856.0,bert-inference-69f8cc488d-7442w
2026-08-14 21:38:31.528943,893743104.0,bert-inference-69f8cc488d-xhq9w
2026-08-14 21:38:31.528943,1018306560.0,bert-inference-69f8cc488d-xbnnq
2026-08-14 21:38:31.528943,1032859648.0,bert-inference-69f8cc488d-5952x
2026-08-14 21:38:31.528943,1313230848.0,bert-inference-69f8cc488d-7d4tz
2026-08-14 21:38:31.528943,877314048.0,bert-inference-69f8cc488d-g8v7z
2026-08-14 21:38:31.528943,925945856.0,bert-inference-69f8cc488d-7442w
2026-08-14 21:38:36.527318,893763584.0,bert-inference-69f8cc488d-xhq9w
2026-08-14 21:38:36.527318,1018286080.0,bert-inference-69f8cc488d-xbnnq
2026-08-14 21:38:36.527318,1032859648.0,bert-inference-69f8cc488d-5952x
2026-08-14 21:38:36.527318,1313230848.0,bert-inference-69f8cc488d-7d4tz
2026-08-14 21:38:36.527318,877539328.0,bert-inference-69f8cc488d-g8v7z
2026-08-14 21:38:36.527318,925966336.0,bert-inference-69f8cc488d-7442w
2026-08-14 21:38:41.528948,893763584.0,bert-inference-69f8cc488d-xhq9w
2026-08-14 21:38:41.528948,1018286080.0,bert-inference-69f8cc488d-xbnnq
2026-08-14 21:38:41.528948,1032859648.0,bert-inference-69f8cc488d-5952x
2026-08-14 21:38:41.528948,1313230848.0,bert-inference-69f8cc488d-7d4tz
2026-08-14 21:38:41.528948,877539328.0,bert-inference-69f8cc488d-g8v7z
2026-08-14 21:38:41.528948,925966336.0,bert-inference-69f8cc488d-7442w
2026-08-14 21:38:46.526576,893763584.0,bert-inference-69f8cc488d-xhq9w
2026-08-14 21:38:46.526576,1018544128.0,bert-inference-69f8cc488d-xbnnq
2026-08-14 21:38:46.526576,1032859648.0,bert-inference-69f8cc488d-5952x
2026-08-14 21:38:46.526576,1313492992.0,bert-inference-69f8cc488d-7d4tz
2026-08-14 21:38:46.526576,877834240.0,bert-inference-69f8cc488d-g8v7z
2026-08-14 21:38:46.526576,925966336.0,bert-inference-69f8cc488d-7442w
2026-08-14 21:38:51.528928,894001152.0,bert-inference-69f8cc488d-xhq9w
2026-08-14 21:38:51.528928,1018544128.0,bert-inference-69f8cc488d-xbnnq
2026-08-14 21:38:51.528928,1032859648.0,bert-inference-69f8cc488d-5952x
2026-08-14 21:38:51.528928,1313492992.0,bert-inference-69f8cc488d-7d4tz
2026-08-14 21:38:51.528928,877834240.0,bert-inference-69f8cc488d-g8v7z
2026-08-14 21:38:51.528928,926457856.0,bert-inference-69f8cc488d-7442w
2026-08-14 21:38:56.528973,894001152.0,bert-inference-69f8cc488d-xhq9w
2026-08-14 21:38:56.528973,1018544128.0,bert-inference-69f8cc488d-xbnnq
2026-08-14 21:38:56.528973,1032859648.0,bert-inference-69f8cc488d-5952x
2026-08-14 21:38:56.528973,1313492992.0,bert-inference-69f8cc488d-7d4tz
2026-08-14 21:38:56.528973,877834240.0,bert-inference-69f8cc488d-g8v7z
2026-08-14 21:38:56.528973,926457856.0,bert-inference-69f8cc488d-7442w
2026-08-14 21:39:01.525241,894001152.0,bert-inference-69f8cc488d-xhq9w
2026-08-14 21:39:01.525241,1018544128.0,bert-inference-69f8cc488d-xbnnq
2026-08-14 21:39:01.525241,1032863744.0,bert-inference-69f8cc488d-5952x
2026-08-14 21:39:01.525241,1313726464.0,bert-inference-69f8cc488d-7d4tz
2026-08-14 21:39:01.525241,877834240.0,bert-inference-69f8cc488d-g8v7z
2026-08-14 21:39:01.525241,926199808.0,bert-inference-69f8cc488d-7442w
2026-08-14 21:39:06.529098,893739008.0,bert-inference-69f8cc488d-xhq9w
2026-08-14 21:39:06.529098,1018281984.0,bert-inference-69f8cc488d-xbnnq
2026-08-14 21:39:06.529098,1032863744.0,bert-inference-69f8cc488d-5952x
2026-08-14 21:39:06.529098,1313726464.0,bert-inference-69f8cc488d-7d4tz
2026-08-14 21:39:06.529098,877359104.0,bert-inference-69f8cc488d-g8v7z
2026-08-14 21:39:06.529098,926199808.0,bert-inference-69f8cc488d-7442w
2026-08-14 21:39:11.528887,893739008.0,bert-inference-69f8cc488d-xhq9w
2026-08-14 21:39:11.528887,1018281984.0,bert-inference-69f8cc488d-xbnnq
2026-08-14 21:39:11.528887,1032876032.0,bert-inference-69f8cc488d-5952x
2026-08-14 21:39:11.528887,1313726464.0,bert-inference-69f8cc488d-7d4tz
2026-08-14 21:39:11.528887,877359104.0,bert-inference-69f8cc488d-g8v7z
2026-08-14 21:39:11.528887,926199808.0,bert-inference-69f8cc488d-7442w
2026-08-14 21:39:16.528417,893739008.0,bert-inference-69f8cc488d-xhq9w
2026-08-14 21:39:16.528417,1018281984.0,bert-inference-69f8cc488d-xbnnq
2026-08-14 21:39:16.528417,1032876032.0,bert-inference-69f8cc488d-5952x
2026-08-14 21:39:16.528417,1313746944.0,bert-inference-69f8cc488d-7d4tz
2026-08-14 21:39:16.528417,877580288.0,bert-inference-69f8cc488d-g8v7z
2026-08-14 21:39:16.528417,925974528.0,bert-inference-69f8cc488d-7442w
2026-08-14 21:39:21.528873,893739008.0,bert-inference-69f8cc488d-xhq9w
2026-08-14 21:39:21.528873,1018523648.0,bert-inference-69f8cc488d-xbnnq
2026-08-14 21:39:21.528873,1032876032.0,bert-inference-69f8cc488d-5952x
2026-08-14 21:39:21.528873,1313746944.0,bert-inference-69f8cc488d-7d4tz
2026-08-14 21:39:21.528873,877580288.0,bert-inference-69f8cc488d-g8v7z
2026-08-14 21:39:21.528873,925974528.0,bert-inference-69f8cc488d-7442w
2026-08-14 21:39:26.528884,894271488.0,bert-inference-69f8cc488d-xhq9w
2026-08-14 21:39:26.528884,1018523648.0,bert-inference-69f8cc488d-xbnnq
2026-08-14 21:39:26.528884,1032880128.0,bert-inference-69f8cc488d-5952x
2026-08-14 21:39:26.528884,1313746944.0,bert-inference-69f8cc488d-7d4tz
2026-08-14 21:39:26.528884,877580288.0,bert-inference-69f8cc488d-g8v7z
2026-08-14 21:39:26.528884,925974528.0,bert-inference-69f8cc488d-7442w
2026-08-14 21:39:31.528512,894271488.0,bert-inference-69f8cc488d-xhq9w
2026-08-14 21:39:31.528512,1018523648.0,bert-inference-69f8cc488d-xbnnq
2026-08-14 21:39:31.528512,1032880128.0,bert-inference-69f8cc488d-5952x
2026-08-14 21:39:31.528512,1313746944.0,bert-inference-69f8cc488d-7d4tz
2026-08-14 21:39:31.528512,877580288.0,bert-inference-69f8cc488d-g8v7z
2026-08-14 21:39:31.528512,925949952.0,bert-inference-69f8cc488d-7442w
2026-08-14 21:39:36.528621,893759488.0,bert-inference-69f8cc488d-xhq9w
2026-08-14 21:39:36.528621,1018523648.0,bert-inference-69f8cc488d-xbnnq
2026-08-14 21:39:36.528621,1032880128.0,bert-inference-69f8cc488d-5952x
2026-08-14 21:39:36.528621,1313247232.0,bert-inference-69f8cc488d-7d4tz
2026-08-14 21:39:36.528621,877555712.0,bert-inference-69f8cc488d-g8v7z
2026-08-14 21:39:36.528621,925949952.0,bert-inference-69f8cc488d-7442w
2026-08-14 21:39:41.525170,893759488.0,bert-inference-69f8cc488d-xhq9w
2026-08-14 21:39:41.525170,1018281984.0,bert-inference-69f8cc488d-xbnnq
2026-08-14 21:39:41.525170,1032880128.0,bert-inference-69f8cc488d-5952x
2026-08-14 21:39:41.525170,1313247232.0,bert-inference-69f8cc488d-7d4tz
2026-08-14 21:39:41.525170,877555712.0,bert-inference-69f8cc488d-g8v7z
2026-08-14 21:39:41.525170,925949952.0,bert-inference-69f8cc488d-7442w
2026-08-14 21:39:46.525464,893759488.0,bert-inference-69f8cc488d-xhq9w
2026-08-14 21:39:46.525464,1018281984.0,bert-inference-69f8cc488d-xbnnq
2026-08-14 21:39:46.525464,1033134080.0,bert-inference-69f8cc488d-5952x
2026-08-14 21:39:46.525464,1313247232.0,bert-inference-69f8cc488d-7d4tz
2026-08-14 21:39:46.525464,877555712.0,bert-inference-69f8cc488d-g8v7z
2026-08-14 21:39:46.525464,925954048.0,bert-inference-69f8cc488d-7442w
2026-08-14 21:39:51.524623,893759488.0,bert-inference-69f8cc488d-xhq9w
2026-08-14 21:39:51.524623,1018281984.0,bert-inference-69f8cc488d-xbnnq
2026-08-14 21:39:51.524623,1033134080.0,bert-inference-69f8cc488d-5952x
2026-08-14 21:39:51.524623,1313472512.0,bert-inference-69f8cc488d-7d4tz
2026-08-14 21:39:51.524623,877572096.0,bert-inference-69f8cc488d-g8v7z
2026-08-14 21:39:51.524623,925954048.0,bert-inference-69f8cc488d-7442w
2026-08-14 21:39:56.528884,893796352.0,bert-inference-69f8cc488d-xhq9w
2026-08-14 21:39:56.528884,1018281984.0,bert-inference-69f8cc488d-xbnnq
2026-08-14 21:39:56.528884,1033134080.0,bert-inference-69f8cc488d-5952x
2026-08-14 21:39:56.528884,1313472512.0,bert-inference-69f8cc488d-7d4tz
2026-08-14 21:39:56.528884,877572096.0,bert-inference-69f8cc488d-g8v7z
2026-08-14 21:39:56.528884,926179328.0,bert-inference-69f8cc488d-7442w
2026-08-14 21:40:01.525570,893796352.0,bert-inference-69f8cc488d-xhq9w
2026-08-14 21:40:01.525570,1018331136.0,bert-inference-69f8cc488d-xbnnq
2026-08-14 21:40:01.525570,1032871936.0,bert-inference-69f8cc488d-5952x
2026-08-14 21:40:01.525570,1313472512.0,bert-inference-69f8cc488d-7d4tz
2026-08-14 21:40:01.525570,877572096.0,bert-inference-69f8cc488d-g8v7z
2026-08-14 21:40:01.525570,926179328.0,bert-inference-69f8cc488d-7442w
2026-08-14 21:40:06.528951,893796352.0,bert-inference-69f8cc488d-xhq9w
2026-08-14 21:40:06.528951,1018331136.0,bert-inference-69f8cc488d-xbnnq
2026-08-14 21:40:06.528951,1032871936.0,bert-inference-69f8cc488d-5952x
2026-08-14 21:40:06.528951,1313521664.0,bert-inference-69f8cc488d-7d4tz
2026-08-14 21:40:06.528951,877568000.0,bert-inference-69f8cc488d-g8v7z
2026-08-14 21:40:06.528951,926179328.0,bert-inference-69f8cc488d-7442w
2026-08-14 21:40:11.528905,893796352.0,bert-inference-69f8cc488d-xhq9w
2026-08-14 21:40:11.528905,1018310656.0,bert-inference-69f8cc488d-xbnnq
2026-08-14 21:40:11.528905,1032876032.0,bert-inference-69f8cc488d-5952x
2026-08-14 21:40:11.528905,1313521664.0,bert-inference-69f8cc488d-7d4tz
2026-08-14 21:40:11.528905,877568000.0,bert-inference-69f8cc488d-g8v7z
2026-08-14 21:40:11.528905,926183424.0,bert-inference-69f8cc488d-7442w
2026-08-14 21:40:16.528938,894275584.0,bert-inference-69f8cc488d-xhq9w
2026-08-14 21:40:16.528938,1018310656.0,bert-inference-69f8cc488d-xbnnq
2026-08-14 21:40:16.528938,1032876032.0,bert-inference-69f8cc488d-5952x
2026-08-14 21:40:16.528938,1313521664.0,bert-inference-69f8cc488d-7d4tz
2026-08-14 21:40:16.528938,877568000.0,bert-inference-69f8cc488d-g8v7z
2026-08-14 21:40:16.528938,926183424.0,bert-inference-69f8cc488d-7442w
2026-08-14 21:40:21.528964,894275584.0,bert-inference-69f8cc488d-xhq9w
2026-08-14 21:40:21.528964,1018310656.0,bert-inference-69f8cc488d-xbnnq
2026-08-14 21:40:21.528964,1032876032.0,bert-inference-69f8cc488d-5952x
2026-08-14 21:40:21.528964,1313734656.0,bert-inference-69f8cc488d-7d4tz
2026-08-14 21:40:21.528964,877346816.0,bert-inference-69f8cc488d-g8v7z
2026-08-14 21:40:21.528964,925962240.0,bert-inference-69f8cc488d-7442w
2026-08-14 21:40:26.528997,893759488.0,bert-inference-69f8cc488d-xhq9w
2026-08-14 21:40:26.528997,1018310656.0,bert-inference-69f8cc488d-xbnnq
2026-08-14 21:40:26.528997,1032884224.0,bert-inference-69f8cc488d-5952x
2026-08-14 21:40:26.528997,1313734656.0,bert-inference-69f8cc488d-7d4tz
2026-08-14 21:40:26.528997,877346816.0,bert-inference-69f8cc488d-g8v7z
2026-08-14 21:40:26.528997,925962240.0,bert-inference-69f8cc488d-7442w
2026-08-14 21:40:31.527240,893759488.0,bert-inference-69f8cc488d-xhq9w
2026-08-14 21:40:31.527240,1018523648.0,bert-inference-69f8cc488d-xbnnq
2026-08-14 21:40:31.527240,1032884224.0,bert-inference-69f8cc488d-5952x
2026-08-14 21:40:31.527240,1313734656.0,bert-inference-69f8cc488d-7d4tz
2026-08-14 21:40:31.527240,877346816.0,bert-inference-69f8cc488d-g8v7z
2026-08-14 21:40:31.527240,925962240.0,bert-inference-69f8cc488d-7442w
2026-08-14 21:40:36.526634,893755392.0,bert-inference-69f8cc488d-xhq9w
2026-08-14 21:40:36.526634,1018523648.0,bert-inference-69f8cc488d-xbnnq
2026-08-14 21:40:36.526634,1032884224.0,bert-inference-69f8cc488d-5952x
2026-08-14 21:40:36.526634,1313243136.0,bert-inference-69f8cc488d-7d4tz
2026-08-14 21:40:36.526634,877346816.0,bert-inference-69f8cc488d-g8v7z
2026-08-14 21:40:36.526634,925974528.0,bert-inference-69f8cc488d-7442w
2026-08-14 21:40:41.526469,893755392.0,bert-inference-69f8cc488d-xhq9w
2026-08-14 21:40:41.526469,1018298368.0,bert-inference-69f8cc488d-xbnnq
2026-08-14 21:40:41.526469,1032884224.0,bert-inference-69f8cc488d-5952x
2026-08-14 21:40:41.526469,1313243136.0,bert-inference-69f8cc488d-7d4tz
2026-08-14 21:40:41.526469,877346816.0,bert-inference-69f8cc488d-g8v7z
2026-08-14 21:40:41.526469,925974528.0,bert-inference-69f8cc488d-7442w
2026-08-14 21:40:46.528948,893755392.0,bert-inference-69f8cc488d-xhq9w
2026-08-14 21:40:46.528948,1018298368.0,bert-inference-69f8cc488d-xbnnq
2026-08-14 21:40:46.528948,1032908800.0,bert-inference-69f8cc488d-5952x
2026-08-14 21:40:46.528948,1313243136.0,bert-inference-69f8cc488d-7d4tz
2026-08-14 21:40:46.528948,877346816.0,bert-inference-69f8cc488d-g8v7z
2026-08-14 21:40:46.528948,925974528.0,bert-inference-69f8cc488d-7442w
2026-08-14 21:40:51.528883,893755392.0,bert-inference-69f8cc488d-xhq9w
2026-08-14 21:40:51.528883,1018322944.0,bert-inference-69f8cc488d-xbnnq
2026-08-14 21:40:51.528883,1032908800.0,bert-inference-69f8cc488d-5952x
2026-08-14 21:40:51.528883,1313243136.0,bert-inference-69f8cc488d-7d4tz
2026-08-14 21:40:51.528883,877346816.0,bert-inference-69f8cc488d-g8v7z
2026-08-14 21:40:51.528883,925974528.0,bert-inference-69f8cc488d-7442w
2026-08-14 21:40:56.529146,893759488.0,bert-inference-69f8cc488d-xhq9w
2026-08-14 21:40:56.529146,1018322944.0,bert-inference-69f8cc488d-xbnnq
2026-08-14 21:40:56.529146,1032908800.0,bert-inference-69f8cc488d-5952x
2026-08-14 21:40:56.529146,1313247232.0,bert-inference-69f8cc488d-7d4tz
2026-08-14 21:40:56.529146,877346816.0,bert-inference-69f8cc488d-g8v7z
2026-08-14 21:40:56.529146,925978624.0,bert-inference-69f8cc488d-7442w
2026-08-14 21:41:01.527684,893759488.0,bert-inference-69f8cc488d-xhq9w
2026-08-14 21:41:01.527684,1018322944.0,bert-inference-69f8cc488d-xbnnq
2026-08-14 21:41:01.527684,1032908800.0,bert-inference-69f8cc488d-5952x
2026-08-14 21:41:01.527684,1313247232.0,bert-inference-69f8cc488d-7d4tz
2026-08-14 21:41:01.527684,877346816.0,bert-inference-69f8cc488d-g8v7z
2026-08-14 21:41:01.527684,925978624.0,bert-inference-69f8cc488d-7442w
2026-08-14 21:41:06.528964,893759488.0,bert-inference-69f8cc488d-xhq9w
2026-08-14 21:41:06.528964,1018802176.0,bert-inference-69f8cc488d-xbnnq
2026-08-14 21:41:06.528964,1033396224.0,bert-inference-69f8cc488d-5952x
2026-08-14 21:41:06.528964,1313247232.0,bert-inference-69f8cc488d-7d4tz
2026-08-14 21:41:06.528964,877346816.0,bert-inference-69f8cc488d-g8v7z
2026-08-14 21:41:06.528964,925982720.0,bert-inference-69f8cc488d-7442w
2026-08-14 21:41:11.529257,893767680.0,bert-inference-69f8cc488d-xhq9w
2026-08-14 21:41:11.529257,1018802176.0,bert-inference-69f8cc488d-xbnnq
2026-08-14 21:41:11.529257,1033396224.0,bert-inference-69f8cc488d-5952x
2026-08-14 21:41:11.529257,1313247232.0,bert-inference-69f8cc488d-7d4tz
2026-08-14 21:41:11.529257,877346816.0,bert-inference-69f8cc488d-g8v7z
2026-08-14 21:41:11.529257,925982720.0,bert-inference-69f8cc488d-7442w
2026-08-14 21:41:16.526774,893767680.0,bert-inference-69f8cc488d-xhq9w
2026-08-14 21:41:16.526774,1018802176.0,bert-inference-69f8cc488d-xbnnq
2026-08-14 21:41:16.526774,1033396224.0,bert-inference-69f8cc488d-5952x
2026-08-14 21:41:16.526774,1313533952.0,bert-inference-69f8cc488d-7d4tz
2026-08-14 21:41:16.526774,877346816.0,bert-inference-69f8cc488d-g8v7z
2026-08-14 21:41:16.526774,925982720.0,bert-inference-69f8cc488d-7442w
2026-08-14 21:41:21.529219,893767680.0,bert-inference-69f8cc488d-xhq9w
2026-08-14 21:41:21.529219,1018298368.0,bert-inference-69f8cc488d-xbnnq
2026-08-14 21:41:21.529219,1032888320.0,bert-inference-69f8cc488d-5952x
2026-08-14 21:41:21.529219,1313533952.0,bert-inference-69f8cc488d-7d4tz
2026-08-14 21:41:21.529219,877346816.0,bert-inference-69f8cc488d-g8v7z
2026-08-14 21:41:21.529219,925982720.0,bert-inference-69f8cc488d-7442w
2026-08-14 21:41:26.527301,894263296.0,bert-inference-69f8cc488d-xhq9w
2026-08-14 21:41:26.527301,1018298368.0,bert-inference-69f8cc488d-xbnnq
2026-08-14 21:41:26.527301,1032888320.0,bert-inference-69f8cc488d-5952x
2026-08-14 21:41:26.527301,1313533952.0,bert-inference-69f8cc488d-7d4tz
2026-08-14 21:41:26.527301,877568000.0,bert-inference-69f8cc488d-g8v7z
2026-08-14 21:41:26.527301,926248960.0,bert-inference-69f8cc488d-7442w
2026-08-14 21:41:31.526329,894263296.0,bert-inference-69f8cc488d-xhq9w
2026-08-14 21:41:31.526329,1018302464.0,bert-inference-69f8cc488d-xbnnq
2026-08-14 21:41:31.526329,1032892416.0,bert-inference-69f8cc488d-5952x
2026-08-14 21:41:31.526329,1313820672.0,bert-inference-69f8cc488d-7d4tz
2026-08-14 21:41:31.526329,877568000.0,bert-inference-69f8cc488d-g8v7z
2026-08-14 21:41:31.526329,926248960.0,bert-inference-69f8cc488d-7442w
2026-08-14 21:41:36.528394,894263296.0,bert-inference-69f8cc488d-xhq9w
2026-08-14 21:41:36.528394,1018302464.0,bert-inference-69f8cc488d-xbnnq
2026-08-14 21:41:36.528394,1032892416.0,bert-inference-69f8cc488d-5952x
2026-08-14 21:41:36.528394,1313820672.0,bert-inference-69f8cc488d-7d4tz
2026-08-14 21:41:36.528394,877568000.0,bert-inference-69f8cc488d-g8v7z
2026-08-14 21:41:36.528394,926248960.0,bert-inference-69f8cc488d-7442w
2026-08-14 21:41:41.528513,893788160.0,bert-inference-69f8cc488d-xhq9w
2026-08-14 21:41:41.528513,1018302464.0,bert-inference-69f8cc488d-xbnnq
2026-08-14 21:41:41.528513,1032892416.0,bert-inference-69f8cc488d-5952x
2026-08-14 21:41:41.528513,1313820672.0,bert-inference-69f8cc488d-7d4tz
2026-08-14 21:41:41.528513,877375488.0,bert-inference-69f8cc488d-g8v7z
2026-08-14 21:41:41.528513,926248960.0,bert-inference-69f8cc488d-7442w
2026-08-14 21:41:46.527147,893788160.0,bert-inference-69f8cc488d-xhq9w
2026-08-14 21:41:46.527147,1018839040.0,bert-inference-69f8cc488d-xbnnq
2026-08-14 21:41:46.527147,1032892416.0,bert-inference-69f8cc488d-5952x
2026-08-14 21:41:46.527147,1313820672.0,bert-inference-69f8cc488d-7d4tz
2026-08-14 21:41:46.527147,877375488.0,bert-inference-69f8cc488d-g8v7z
2026-08-14 21:41:46.527147,926011392.0,bert-inference-69f8cc488d-7442w
2026-08-14 21:41:51.529002,893788160.0,bert-inference-69f8cc488d-xhq9w
2026-08-14 21:41:51.529002,1018839040.0,bert-inference-69f8cc488d-xbnnq
2026-08-14 21:41:51.529002,1033150464.0,bert-inference-69f8cc488d-5952x
2026-08-14 21:41:51.529002,1313292288.0,bert-inference-69f8cc488d-7d4tz
2026-08-14 21:41:51.529002,877375488.0,bert-inference-69f8cc488d-g8v7z
2026-08-14 21:41:51.529002,926011392.0,bert-inference-69f8cc488d-7442w
2026-08-14 21:41:56.528945,893812736.0,bert-inference-69f8cc488d-xhq9w
2026-08-14 21:41:56.528945,1018839040.0,bert-inference-69f8cc488d-xbnnq
2026-08-14 21:41:56.528945,1033150464.0,bert-inference-69f8cc488d-5952x
2026-08-14 21:41:56.528945,1313292288.0,bert-inference-69f8cc488d-7d4tz
2026-08-14 21:41:56.528945,877613056.0,bert-inference-69f8cc488d-g8v7z
2026-08-14 21:41:56.528945,926011392.0,bert-inference-69f8cc488d-7442w
2026-08-14 21:42:01.528568,893812736.0,bert-inference-69f8cc488d-xhq9w
2026-08-14 21:42:01.528568,1018839040.0,bert-inference-69f8cc488d-xbnnq
2026-08-14 21:42:01.528568,1033150464.0,bert-inference-69f8cc488d-5952x
2026-08-14 21:42:01.528568,1313292288.0,bert-inference-69f8cc488d-7d4tz
2026-08-14 21:42:01.528568,877613056.0,bert-inference-69f8cc488d-g8v7z
2026-08-14 21:42:01.528568,926011392.0,bert-inference-69f8cc488d-7442w
2026-08-14 21:42:06.528946,894025728.0,bert-inference-69f8cc488d-xhq9w
2026-08-14 21:42:06.528946,1018552320.0,bert-inference-69f8cc488d-xbnnq
2026-08-14 21:42:06.528946,1033150464.0,bert-inference-69f8cc488d-5952x
2026-08-14 21:42:06.528946,1313832960.0,bert-inference-69f8cc488d-7d4tz
2026-08-14 21:42:06.528946,877633536.0,bert-inference-69f8cc488d-g8v7z
2026-08-14 21:42:06.528946,926015488.0,bert-inference-69f8cc488d-7442w
2026-08-14 21:42:11.525265,894025728.0,bert-inference-69f8cc488d-xhq9w
2026-08-14 21:42:11.525265,1018552320.0,bert-inference-69f8cc488d-xbnnq
2026-08-14 21:42:11.525265,1033150464.0,bert-inference-69f8cc488d-5952x
2026-08-14 21:42:11.525265,1313832960.0,bert-inference-69f8cc488d-7d4tz
2026-08-14 21:42:11.525265,877633536.0,bert-inference-69f8cc488d-g8v7z
2026-08-14 21:42:11.525265,926015488.0,bert-inference-69f8cc488d-7442w
2026-08-14 21:42:16.527265,894025728.0,bert-inference-69f8cc488d-xhq9w
2026-08-14 21:42:16.527265,1018552320.0,bert-inference-69f8cc488d-xbnnq
2026-08-14 21:42:16.527265,1033150464.0,bert-inference-69f8cc488d-5952x
2026-08-14 21:42:16.527265,1313832960.0,bert-inference-69f8cc488d-7d4tz
2026-08-14 21:42:16.527265,877633536.0,bert-inference-69f8cc488d-g8v7z
2026-08-14 21:42:16.527265,926015488.0,bert-inference-69f8cc488d-7442w
2026-08-14 21:42:21.528154,894062592.0,bert-inference-69f8cc488d-xhq9w
2026-08-14 21:42:21.528154,1018572800.0,bert-inference-69f8cc488d-xbnnq
2026-08-14 21:42:21.528154,1032925184.0,bert-inference-69f8cc488d-5952x
2026-08-14 21:42:21.528154,1313357824.0,bert-inference-69f8cc488d-7d4tz
2026-08-14 21:42:21.528154,877379584.0,bert-inference-69f8cc488d-g8v7z
2026-08-14 21:42:21.528154,926044160.0,bert-inference-69f8cc488d-7442w
2026-08-14 21:42:26.526133,894062592.0,bert-inference-69f8cc488d-xhq9w
2026-08-14 21:42:26.526133,1018572800.0,bert-inference-69f8cc488d-xbnnq
2026-08-14 21:42:26.526133,1032925184.0,bert-inference-69f8cc488d-5952x
2026-08-14 21:42:26.526133,1313357824.0,bert-inference-69f8cc488d-7d4tz
2026-08-14 21:42:26.526133,877379584.0,bert-inference-69f8cc488d-g8v7z
2026-08-14 21:42:26.526133,926044160.0,bert-inference-69f8cc488d-7442w
2026-08-14 21:42:31.528544,894062592.0,bert-inference-69f8cc488d-xhq9w
2026-08-14 21:42:31.528544,1018572800.0,bert-inference-69f8cc488d-xbnnq
2026-08-14 21:42:31.528544,1032925184.0,bert-inference-69f8cc488d-5952x
2026-08-14 21:42:31.528544,1313337344.0,bert-inference-69f8cc488d-7d4tz
2026-08-14 21:42:31.528544,877379584.0,bert-inference-69f8cc488d-g8v7z
2026-08-14 21:42:31.528544,926044160.0,bert-inference-69f8cc488d-7442w
2026-08-14 21:42:36.528568,893816832.0,bert-inference-69f8cc488d-xhq9w
2026-08-14 21:42:36.528568,1018646528.0,bert-inference-69f8cc488d-xbnnq
2026-08-14 21:42:36.528568,1033461760.0,bert-inference-69f8cc488d-5952x
2026-08-14 21:42:36.528568,1313337344.0,bert-inference-69f8cc488d-7d4tz
2026-08-14 21:42:36.528568,877395968.0,bert-inference-69f8cc488d-g8v7z
2026-08-14 21:42:36.528568,926048256.0,bert-inference-69f8cc488d-7442w
2026-08-14 21:42:41.528884,893816832.0,bert-inference-69f8cc488d-xhq9w
2026-08-14 21:42:41.528884,1018646528.0,bert-inference-69f8cc488d-xbnnq
2026-08-14 21:42:41.528884,1033461760.0,bert-inference-69f8cc488d-5952x
2026-08-14 21:42:41.528884,1313337344.0,bert-inference-69f8cc488d-7d4tz
2026-08-14 21:42:41.528884,877395968.0,bert-inference-69f8cc488d-g8v7z
2026-08-14 21:42:41.528884,926048256.0,bert-inference-69f8cc488d-7442w
2026-08-14 21:42:46.525660,893816832.0,bert-inference-69f8cc488d-xhq9w
2026-08-14 21:42:46.525660,1018609664.0,bert-inference-69f8cc488d-xbnnq
2026-08-14 21:42:46.525660,1033461760.0,bert-inference-69f8cc488d-5952x
2026-08-14 21:42:46.525660,1313374208.0,bert-inference-69f8cc488d-7d4tz
2026-08-14 21:42:46.525660,877395968.0,bert-inference-69f8cc488d-g8v7z
2026-08-14 21:42:46.525660,926068736.0,bert-inference-69f8cc488d-7442w
2026-08-14 21:42:51.528911,893820928.0,bert-inference-69f8cc488d-xhq9w
2026-08-14 21:42:51.528911,1018609664.0,bert-inference-69f8cc488d-xbnnq
2026-08-14 21:42:51.528911,1032953856.0,bert-inference-69f8cc488d-5952x
2026-08-14 21:42:51.528911,1313374208.0,bert-inference-69f8cc488d-7d4tz
2026-08-14 21:42:51.528911,877658112.0,bert-inference-69f8cc488d-g8v7z
2026-08-14 21:42:51.528911,926068736.0,bert-inference-69f8cc488d-7442w
2026-08-14 21:42:56.528415,893820928.0,bert-inference-69f8cc488d-xhq9w
2026-08-14 21:42:56.528415,1018609664.0,bert-inference-69f8cc488d-xbnnq
2026-08-14 21:42:56.528415,1032953856.0,bert-inference-69f8cc488d-5952x
2026-08-14 21:42:56.528415,1313595392.0,bert-inference-69f8cc488d-7d4tz
2026-08-14 21:42:56.528415,877658112.0,bert-inference-69f8cc488d-g8v7z
2026-08-14 21:42:56.528415,926068736.0,bert-inference-69f8cc488d-7442w
2026-08-14 21:43:01.524261,893820928.0,bert-inference-69f8cc488d-xhq9w
2026-08-14 21:43:01.524261,1018609664.0,bert-inference-69f8cc488d-xbnnq
2026-08-14 21:43:01.524261,1032953856.0,bert-inference-69f8cc488d-5952x
2026-08-14 21:43:01.524261,1313595392.0,bert-inference-69f8cc488d-7d4tz
2026-08-14 21:43:01.524261,877658112.0,bert-inference-69f8cc488d-g8v7z
2026-08-14 21:43:01.524261,926314496.0,bert-inference-69f8cc488d-7442w
2026-08-14 21:43:06.528929,894107648.0,bert-inference-69f8cc488d-xhq9w
2026-08-14 21:43:06.528929,1018650624.0,bert-inference-69f8cc488d-xbnnq
2026-08-14 21:43:06.528929,1032974336.0,bert-inference-69f8cc488d-5952x
2026-08-14 21:43:06.528929,1313595392.0,bert-inference-69f8cc488d-7d4tz
2026-08-14 21:43:06.528929,877690880.0,bert-inference-69f8cc488d-g8v7z
2026-08-14 21:43:06.528929,926314496.0,bert-inference-69f8cc488d-7442w
2026-08-14 21:43:11.529031,894107648.0,bert-inference-69f8cc488d-xhq9w
2026-08-14 21:43:11.529031,1018650624.0,bert-inference-69f8cc488d-xbnnq
2026-08-14 21:43:11.529031,1032974336.0,bert-inference-69f8cc488d-5952x
2026-08-14 21:43:11.529031,1313861632.0,bert-inference-69f8cc488d-7d4tz
2026-08-14 21:43:11.529031,877690880.0,bert-inference-69f8cc488d-g8v7z
2026-08-14 21:43:11.529031,926367744.0,bert-inference-69f8cc488d-7442w
2026-08-14 21:43:16.525540,894107648.0,bert-inference-69f8cc488d-xhq9w
2026-08-14 21:43:16.525540,1018650624.0,bert-inference-69f8cc488d-xbnnq
2026-08-14 21:43:16.525540,1032974336.0,bert-inference-69f8cc488d-5952x
2026-08-14 21:43:16.525540,1313861632.0,bert-inference-69f8cc488d-7d4tz
2026-08-14 21:43:16.525540,877690880.0,bert-inference-69f8cc488d-g8v7z
2026-08-14 21:43:16.525540,926367744.0,bert-inference-69f8cc488d-7442w
2026-08-14 21:43:21.528906,893853696.0,bert-inference-69f8cc488d-xhq9w
2026-08-14 21:43:21.528906,1018650624.0,bert-inference-69f8cc488d-xbnnq
2026-08-14 21:43:21.528906,1032994816.0,bert-inference-69f8cc488d-5952x
2026-08-14 21:43:21.528906,1313861632.0,bert-inference-69f8cc488d-7d4tz
2026-08-14 21:43:21.528906,877441024.0,bert-inference-69f8cc488d-g8v7z
2026-08-14 21:43:21.528906,926367744.0,bert-inference-69f8cc488d-7442w
2026-08-14 21:43:26.528944,893853696.0,bert-inference-69f8cc488d-xhq9w
2026-08-14 21:43:26.528944,1018413056.0,bert-inference-69f8cc488d-xbnnq
2026-08-14 21:43:26.528944,1032994816.0,bert-inference-69f8cc488d-5952x
2026-08-14 21:43:26.528944,1313861632.0,bert-inference-69f8cc488d-7d4tz
2026-08-14 21:43:26.528944,877441024.0,bert-inference-69f8cc488d-g8v7z
2026-08-14 21:43:26.528944,926085120.0,bert-inference-69f8cc488d-7442w
2026-08-14 21:43:31.528867,893853696.0,bert-inference-69f8cc488d-xhq9w
2026-08-14 21:43:31.528867,1018413056.0,bert-inference-69f8cc488d-xbnnq
2026-08-14 21:43:31.528867,1032994816.0,bert-inference-69f8cc488d-5952x
2026-08-14 21:43:31.528867,1313402880.0,bert-inference-69f8cc488d-7d4tz
2026-08-14 21:43:31.528867,877441024.0,bert-inference-69f8cc488d-g8v7z
2026-08-14 21:43:31.528867,926085120.0,bert-inference-69f8cc488d-7442w
2026-08-14 21:43:36.528940,893853696.0,bert-inference-69f8cc488d-xhq9w
2026-08-14 21:43:36.528940,1018417152.0,bert-inference-69f8cc488d-xbnnq
2026-08-14 21:43:36.528940,1033011200.0,bert-inference-69f8cc488d-5952x
2026-08-14 21:43:36.528940,1313402880.0,bert-inference-69f8cc488d-7d4tz
2026-08-14 21:43:36.528940,877441024.0,bert-inference-69f8cc488d-g8v7z
2026-08-14 21:43:36.528940,926085120.0,bert-inference-69f8cc488d-7442w
2026-08-14 21:43:41.529032,894103552.0,bert-inference-69f8cc488d-xhq9w
2026-08-14 21:43:41.529032,1018417152.0,bert-inference-69f8cc488d-xbnnq
2026-08-14 21:43:41.529032,1033011200.0,bert-inference-69f8cc488d-5952x
2026-08-14 21:43:41.529032,1313402880.0,bert-inference-69f8cc488d-7d4tz
2026-08-14 21:43:41.529032,877690880.0,bert-inference-69f8cc488d-g8v7z
2026-08-14 21:43:41.529032,926085120.0,bert-inference-69f8cc488d-7442w
2026-08-14 21:43:46.524495,894103552.0,bert-inference-69f8cc488d-xhq9w
2026-08-14 21:43:46.524495,1018400768.0,bert-inference-69f8cc488d-xbnnq
2026-08-14 21:43:46.524495,1033003008.0,bert-inference-69f8cc488d-5952x
2026-08-14 21:43:46.524495,1313640448.0,bert-inference-69f8cc488d-7d4tz
2026-08-14 21:43:46.524495,877690880.0,bert-inference-69f8cc488d-g8v7z
2026-08-14 21:43:46.524495,926097408.0,bert-inference-69f8cc488d-7442w
2026-08-14 21:43:51.526620,894078976.0,bert-inference-69f8cc488d-xhq9w
2026-08-14 21:43:51.526620,1018400768.0,bert-inference-69f8cc488d-xbnnq
2026-08-14 21:43:51.526620,1033003008.0,bert-inference-69f8cc488d-5952x
2026-08-14 21:43:51.526620,1313640448.0,bert-inference-69f8cc488d-7d4tz
2026-08-14 21:43:51.526620,877740032.0,bert-inference-69f8cc488d-g8v7z
2026-08-14 21:43:51.526620,926097408.0,bert-inference-69f8cc488d-7442w
2026-08-14 21:43:56.527607,894078976.0,bert-inference-69f8cc488d-xhq9w
2026-08-14 21:43:56.527607,1018400768.0,bert-inference-69f8cc488d-xbnnq
2026-08-14 21:43:56.527607,1033003008.0,bert-inference-69f8cc488d-5952x
2026-08-14 21:43:56.527607,1313640448.0,bert-inference-69f8cc488d-7d4tz
2026-08-14 21:43:56.527607,877740032.0,bert-inference-69f8cc488d-g8v7z
2026-08-14 21:43:56.527607,926089216.0,bert-inference-69f8cc488d-7442w
2026-08-14 21:44:01.528926,894078976.0,bert-inference-69f8cc488d-xhq9w
2026-08-14 21:44:01.528926,1018400768.0,bert-inference-69f8cc488d-xbnnq
2026-08-14 21:44:01.528926,1033003008.0,bert-inference-69f8cc488d-5952x
2026-08-14 21:44:01.528926,1313394688.0,bert-inference-69f8cc488d-7d4tz
2026-08-14 21:44:01.528926,877740032.0,bert-inference-69f8cc488d-g8v7z
2026-08-14 21:44:01.528926,926089216.0,bert-inference-69f8cc488d-7442w
2026-08-14 21:44:06.527325,893865984.0,bert-inference-69f8cc488d-xhq9w
2026-08-14 21:44:06.527325,1018421248.0,bert-inference-69f8cc488d-xbnnq
2026-08-14 21:44:06.527325,1033007104.0,bert-inference-69f8cc488d-5952x
2026-08-14 21:44:06.527325,1313394688.0,bert-inference-69f8cc488d-7d4tz
2026-08-14 21:44:06.527325,877756416.0,bert-inference-69f8cc488d-g8v7z
2026-08-14 21:44:06.527325,926089216.0,bert-inference-69f8cc488d-7442w
2026-08-14 21:44:11.527751,893865984.0,bert-inference-69f8cc488d-xhq9w
2026-08-14 21:44:11.527751,1018421248.0,bert-inference-69f8cc488d-xbnnq
2026-08-14 21:44:11.527751,1033007104.0,bert-inference-69f8cc488d-5952x
2026-08-14 21:44:11.527751,1313394688.0,bert-inference-69f8cc488d-7d4tz
2026-08-14 21:44:11.527751,877756416.0,bert-inference-69f8cc488d-g8v7z
2026-08-14 21:44:11.527751,926089216.0,bert-inference-69f8cc488d-7442w
2026-08-14 21:44:16.526580,893865984.0,bert-inference-69f8cc488d-xhq9w
2026-08-14 21:44:16.526580,1018421248.0,bert-inference-69f8cc488d-xbnnq
2026-08-14 21:44:16.526580,1033007104.0,bert-inference-69f8cc488d-5952x
2026-08-14 21:44:16.526580,1313632256.0,bert-inference-69f8cc488d-7d4tz
2026-08-14 21:44:16.526580,877477888.0,bert-inference-69f8cc488d-g8v7z
2026-08-14 21:44:16.526580,926113792.0,bert-inference-69f8cc488d-7442w
2026-08-14 21:44:21.528641,893865984.0,bert-inference-69f8cc488d-xhq9w
2026-08-14 21:44:21.528641,1018421248.0,bert-inference-69f8cc488d-xbnnq
2026-08-14 21:44:21.528641,1033003008.0,bert-inference-69f8cc488d-5952x
2026-08-14 21:44:21.528641,1313632256.0,bert-inference-69f8cc488d-7d4tz
2026-08-14 21:44:21.528641,877477888.0,bert-inference-69f8cc488d-g8v7z
2026-08-14 21:44:21.528641,926113792.0,bert-inference-69f8cc488d-7442w
2026-08-14 21:44:26.527112,893894656.0,bert-inference-69f8cc488d-xhq9w
2026-08-14 21:44:26.527112,1018421248.0,bert-inference-69f8cc488d-xbnnq
2026-08-14 21:44:26.527112,1033003008.0,bert-inference-69f8cc488d-5952x
2026-08-14 21:44:26.527112,1313632256.0,bert-inference-69f8cc488d-7d4tz
2026-08-14 21:44:26.527112,877477888.0,bert-inference-69f8cc488d-g8v7z
2026-08-14 21:44:26.527112,926113792.0,bert-inference-69f8cc488d-7442w
2026-08-14 21:44:31.528883,893894656.0,bert-inference-69f8cc488d-xhq9w
2026-08-14 21:44:31.528883,1018421248.0,bert-inference-69f8cc488d-xbnnq
2026-08-14 21:44:31.528883,1033003008.0,bert-inference-69f8cc488d-5952x
2026-08-14 21:44:31.528883,1313931264.0,bert-inference-69f8cc488d-7d4tz
2026-08-14 21:44:31.528883,877477888.0,bert-inference-69f8cc488d-g8v7z
2026-08-14 21:44:31.528883,926134272.0,bert-inference-69f8cc488d-7442w
2026-08-14 21:44:36.528985,894148608.0,bert-inference-69f8cc488d-xhq9w
2026-08-14 21:44:36.528985,1018421248.0,bert-inference-69f8cc488d-xbnnq
2026-08-14 21:44:36.528985,1033003008.0,bert-inference-69f8cc488d-5952x
2026-08-14 21:44:36.528985,1313931264.0,bert-inference-69f8cc488d-7d4tz
2026-08-14 21:44:36.528985,877740032.0,bert-inference-69f8cc488d-g8v7z
2026-08-14 21:44:36.528985,926134272.0,bert-inference-69f8cc488d-7442w
2026-08-14 21:44:41.528892,894148608.0,bert-inference-69f8cc488d-xhq9w
2026-08-14 21:44:41.528892,1018437632.0,bert-inference-69f8cc488d-xbnnq
2026-08-14 21:44:41.528892,1033256960.0,bert-inference-69f8cc488d-5952x
2026-08-14 21:44:41.528892,1313931264.0,bert-inference-69f8cc488d-7d4tz
2026-08-14 21:44:41.528892,877740032.0,bert-inference-69f8cc488d-g8v7z
2026-08-14 21:44:41.528892,926134272.0,bert-inference-69f8cc488d-7442w
2026-08-14 21:44:46.528954,894148608.0,bert-inference-69f8cc488d-xhq9w
2026-08-14 21:44:46.528954,1018437632.0,bert-inference-69f8cc488d-xbnnq
2026-08-14 21:44:46.528954,1033256960.0,bert-inference-69f8cc488d-5952x
2026-08-14 21:44:46.528954,1313456128.0,bert-inference-69f8cc488d-7d4tz
2026-08-14 21:44:46.528954,877740032.0,bert-inference-69f8cc488d-g8v7z
2026-08-14 21:44:46.528954,926146560.0,bert-inference-69f8cc488d-7442w
2026-08-14 21:44:51.528943,894148608.0,bert-inference-69f8cc488d-xhq9w
2026-08-14 21:44:51.528943,1018437632.0,bert-inference-69f8cc488d-xbnnq
2026-08-14 21:44:51.528943,1033256960.0,bert-inference-69f8cc488d-5952x
2026-08-14 21:44:51.528943,1313456128.0,bert-inference-69f8cc488d-7d4tz
2026-08-14 21:44:51.528943,877494272.0,bert-inference-69f8cc488d-g8v7z
2026-08-14 21:44:51.528943,926146560.0,bert-inference-69f8cc488d-7442w
2026-08-14 21:44:56.528941,893923328.0,bert-inference-69f8cc488d-xhq9w
2026-08-14 21:44:56.528941,1018474496.0,bert-inference-69f8cc488d-xbnnq
2026-08-14 21:44:56.528941,1033256960.0,bert-inference-69f8cc488d-5952x
2026-08-14 21:44:56.528941,1313456128.0,bert-inference-69f8cc488d-7d4tz
2026-08-14 21:44:56.528941,877494272.0,bert-inference-69f8cc488d-g8v7z
2026-08-14 21:44:56.528941,926146560.0,bert-inference-69f8cc488d-7442w
2026-08-14 21:45:01.528961,893923328.0,bert-inference-69f8cc488d-xhq9w
2026-08-14 21:45:01.528961,1018474496.0,bert-inference-69f8cc488d-xbnnq
2026-08-14 21:45:01.528961,1033035776.0,bert-inference-69f8cc488d-5952x
2026-08-14 21:45:01.528961,1313452032.0,bert-inference-69f8cc488d-7d4tz
2026-08-14 21:45:01.528961,877494272.0,bert-inference-69f8cc488d-g8v7z
2026-08-14 21:45:01.528961,926412800.0,bert-inference-69f8cc488d-7442w
2026-08-14 21:45:06.528975,894169088.0,bert-inference-69f8cc488d-xhq9w
2026-08-14 21:45:06.528975,1018474496.0,bert-inference-69f8cc488d-xbnnq
2026-08-14 21:45:06.528975,1033035776.0,bert-inference-69f8cc488d-5952x
2026-08-14 21:45:06.528975,1313452032.0,bert-inference-69f8cc488d-7d4tz
2026-08-14 21:45:06.528975,877498368.0,bert-inference-69f8cc488d-g8v7z
2026-08-14 21:45:06.528975,926412800.0,bert-inference-69f8cc488d-7442w
2026-08-14 21:45:11.524917,894169088.0,bert-inference-69f8cc488d-xhq9w
2026-08-14 21:45:11.524917,1018724352.0,bert-inference-69f8cc488d-xbnnq
2026-08-14 21:45:11.524917,1033035776.0,bert-inference-69f8cc488d-5952x
2026-08-14 21:45:11.524917,1313452032.0,bert-inference-69f8cc488d-7d4tz
2026-08-14 21:45:11.524917,877498368.0,bert-inference-69f8cc488d-g8v7z
2026-08-14 21:45:11.524917,926412800.0,bert-inference-69f8cc488d-7442w
2026-08-14 21:45:16.528481,894169088.0,bert-inference-69f8cc488d-xhq9w
2026-08-14 21:45:16.528481,1018724352.0,bert-inference-69f8cc488d-xbnnq
2026-08-14 21:45:16.528481,1033068544.0,bert-inference-69f8cc488d-5952x
2026-08-14 21:45:16.528481,1313452032.0,bert-inference-69f8cc488d-7d4tz
2026-08-14 21:45:16.528481,877527040.0,bert-inference-69f8cc488d-g8v7z
2026-08-14 21:45:16.528481,926380032.0,bert-inference-69f8cc488d-7442w
2026-08-14 21:45:21.528993,893919232.0,bert-inference-69f8cc488d-xhq9w
2026-08-14 21:45:21.528993,1018724352.0,bert-inference-69f8cc488d-xbnnq
2026-08-14 21:45:21.528993,1033068544.0,bert-inference-69f8cc488d-5952x
2026-08-14 21:45:21.528993,1313452032.0,bert-inference-69f8cc488d-7d4tz
2026-08-14 21:45:21.528993,877527040.0,bert-inference-69f8cc488d-g8v7z
2026-08-14 21:45:21.528993,926380032.0,bert-inference-69f8cc488d-7442w
2026-08-14 21:45:26.528935,893919232.0,bert-inference-69f8cc488d-xhq9w
2026-08-14 21:45:26.528935,1018486784.0,bert-inference-69f8cc488d-xbnnq
2026-08-14 21:45:26.528935,1033068544.0,bert-inference-69f8cc488d-5952x
2026-08-14 21:45:26.528935,1313452032.0,bert-inference-69f8cc488d-7d4tz
2026-08-14 21:45:26.528935,877527040.0,bert-inference-69f8cc488d-g8v7z
2026-08-14 21:45:26.528935,926175232.0,bert-inference-69f8cc488d-7442w
2026-08-14 21:45:31.524248,893919232.0,bert-inference-69f8cc488d-xhq9w
2026-08-14 21:45:31.524248,1018486784.0,bert-inference-69f8cc488d-xbnnq
2026-08-14 21:45:31.524248,1033314304.0,bert-inference-69f8cc488d-5952x
2026-08-14 21:45:31.524248,1313488896.0,bert-inference-69f8cc488d-7d4tz
2026-08-14 21:45:31.524248,877531136.0,bert-inference-69f8cc488d-g8v7z
2026-08-14 21:45:31.524248,926175232.0,bert-inference-69f8cc488d-7442w
2026-08-14 21:45:36.528951,894201856.0,bert-inference-69f8cc488d-xhq9w
2026-08-14 21:45:36.528951,1018486784.0,bert-inference-69f8cc488d-xbnnq
2026-08-14 21:45:36.528951,1033314304.0,bert-inference-69f8cc488d-5952x
2026-08-14 21:45:36.528951,1313488896.0,bert-inference-69f8cc488d-7d4tz
2026-08-14 21:45:36.528951,877531136.0,bert-inference-69f8cc488d-g8v7z
2026-08-14 21:45:36.528951,926175232.0,bert-inference-69f8cc488d-7442w
2026-08-14 21:45:41.528938,894201856.0,bert-inference-69f8cc488d-xhq9w
2026-08-14 21:45:41.528938,1018744832.0,bert-inference-69f8cc488d-xbnnq
2026-08-14 21:45:41.528938,1033314304.0,bert-inference-69f8cc488d-5952x
2026-08-14 21:45:41.528938,1313488896.0,bert-inference-69f8cc488d-7d4tz
2026-08-14 21:45:41.528938,877527040.0,bert-inference-69f8cc488d-g8v7z
2026-08-14 21:45:41.528938,926183424.0,bert-inference-69f8cc488d-7442w
2026-08-14 21:45:46.528990,893952000.0,bert-inference-69f8cc488d-xhq9w
2026-08-14 21:45:46.528990,1018744832.0,bert-inference-69f8cc488d-xbnnq
2026-08-14 21:45:46.528990,1033084928.0,bert-inference-69f8cc488d-5952x
2026-08-14 21:45:46.528990,1313718272.0,bert-inference-69f8cc488d-7d4tz
2026-08-14 21:45:46.528990,877527040.0,bert-inference-69f8cc488d-g8v7z
2026-08-14 21:45:46.528990,926183424.0,bert-inference-69f8cc488d-7442w
2026-08-14 21:45:51.527316,893952000.0,bert-inference-69f8cc488d-xhq9w
2026-08-14 21:45:51.527316,1018744832.0,bert-inference-69f8cc488d-xbnnq
2026-08-14 21:45:51.527316,1033084928.0,bert-inference-69f8cc488d-5952x
2026-08-14 21:45:51.527316,1313718272.0,bert-inference-69f8cc488d-7d4tz
2026-08-14 21:45:51.527316,877563904.0,bert-inference-69f8cc488d-g8v7z
2026-08-14 21:45:51.527316,926183424.0,bert-inference-69f8cc488d-7442w
2026-08-14 21:45:56.526733,893952000.0,bert-inference-69f8cc488d-xhq9w
2026-08-14 21:45:56.526733,1018712064.0,bert-inference-69f8cc488d-xbnnq
2026-08-14 21:45:56.526733,1033105408.0,bert-inference-69f8cc488d-5952x
2026-08-14 21:45:56.526733,1313529856.0,bert-inference-69f8cc488d-7d4tz
2026-08-14 21:45:56.526733,877563904.0,bert-inference-69f8cc488d-g8v7z
2026-08-14 21:45:56.526733,926183424.0,bert-inference-69f8cc488d-7442w
2026-08-14 21:46:01.528942,893952000.0,bert-inference-69f8cc488d-xhq9w
2026-08-14 21:46:01.528942,1018712064.0,bert-inference-69f8cc488d-xbnnq
2026-08-14 21:46:01.528942,1033105408.0,bert-inference-69f8cc488d-5952x
2026-08-14 21:46:01.528942,1313529856.0,bert-inference-69f8cc488d-7d4tz
2026-08-14 21:46:01.528942,877563904.0,bert-inference-69f8cc488d-g8v7z
2026-08-14 21:46:01.528942,926183424.0,bert-inference-69f8cc488d-7442w
2026-08-14 21:46:06.528914,893952000.0,bert-inference-69f8cc488d-xhq9w
2026-08-14 21:46:06.528914,1018712064.0,bert-inference-69f8cc488d-xbnnq
2026-08-14 21:46:06.528914,1033105408.0,bert-inference-69f8cc488d-5952x
2026-08-14 21:46:06.528914,1313529856.0,bert-inference-69f8cc488d-7d4tz
2026-08-14 21:46:06.528914,877563904.0,bert-inference-69f8cc488d-g8v7z
2026-08-14 21:46:06.528914,926183424.0,bert-inference-69f8cc488d-7442w
2026-08-14 21:46:11.524670,893952000.0,bert-inference-69f8cc488d-xhq9w
2026-08-14 21:46:11.524670,1018712064.0,bert-inference-69f8cc488d-xbnnq
2026-08-14 21:46:11.524670,1033105408.0,bert-inference-69f8cc488d-5952x
2026-08-14 21:46:11.524670,1313497088.0,bert-inference-69f8cc488d-7d4tz
2026-08-14 21:46:11.524670,877780992.0,bert-inference-69f8cc488d-g8v7z
2026-08-14 21:46:11.524670,926183424.0,bert-inference-69f8cc488d-7442w
2026-08-14 21:46:16.528954,893968384.0,bert-inference-69f8cc488d-xhq9w
2026-08-14 21:46:16.528954,1018515456.0,bert-inference-69f8cc488d-xbnnq
2026-08-14 21:46:16.528954,1033326592.0,bert-inference-69f8cc488d-5952x
2026-08-14 21:46:16.528954,1313497088.0,bert-inference-69f8cc488d-7d4tz
2026-08-14 21:46:16.528954,877780992.0,bert-inference-69f8cc488d-g8v7z
2026-08-14 21:46:16.528954,926199808.0,bert-inference-69f8cc488d-7442w
2026-08-14 21:46:21.528881,893968384.0,bert-inference-69f8cc488d-xhq9w
2026-08-14 21:46:21.528881,1018515456.0,bert-inference-69f8cc488d-xbnnq
2026-08-14 21:46:21.528881,1033326592.0,bert-inference-69f8cc488d-5952x
2026-08-14 21:46:21.528881,1313497088.0,bert-inference-69f8cc488d-7d4tz
2026-08-14 21:46:21.528881,877780992.0,bert-inference-69f8cc488d-g8v7z
2026-08-14 21:46:21.528881,926199808.0,bert-inference-69f8cc488d-7442w
2026-08-14 21:46:26.527128,894439424.0,bert-inference-69f8cc488d-xhq9w
2026-08-14 21:46:26.527128,1018515456.0,bert-inference-69f8cc488d-xbnnq
2026-08-14 21:46:26.527128,1033326592.0,bert-inference-69f8cc488d-5952x
2026-08-14 21:46:26.527128,1313767424.0,bert-inference-69f8cc488d-7d4tz
2026-08-14 21:46:26.527128,877789184.0,bert-inference-69f8cc488d-g8v7z
2026-08-14 21:46:26.527128,926224384.0,bert-inference-69f8cc488d-7442w
2026-08-14 21:46:31.528948,894439424.0,bert-inference-69f8cc488d-xhq9w
2026-08-14 21:46:31.528948,1018761216.0,bert-inference-69f8cc488d-xbnnq
2026-08-14 21:46:31.528948,1033109504.0,bert-inference-69f8cc488d-5952x
2026-08-14 21:46:31.528948,1313767424.0,bert-inference-69f8cc488d-7d4tz
2026-08-14 21:46:31.528948,877789184.0,bert-inference-69f8cc488d-g8v7z
2026-08-14 21:46:31.528948,926224384.0,bert-inference-69f8cc488d-7442w
2026-08-14 21:46:36.528521,894439424.0,bert-inference-69f8cc488d-xhq9w
2026-08-14 21:46:36.528521,1018761216.0,bert-inference-69f8cc488d-xbnnq
2026-08-14 21:46:36.528521,1033109504.0,bert-inference-69f8cc488d-5952x
2026-08-14 21:46:36.528521,1313767424.0,bert-inference-69f8cc488d-7d4tz
2026-08-14 21:46:36.528521,877789184.0,bert-inference-69f8cc488d-g8v7z
2026-08-14 21:46:36.528521,926224384.0,bert-inference-69f8cc488d-7442w
2026-08-14 21:46:41.528917,893988864.0,bert-inference-69f8cc488d-xhq9w
2026-08-14 21:46:41.528917,1018761216.0,bert-inference-69f8cc488d-xbnnq
2026-08-14 21:46:41.528917,1033109504.0,bert-inference-69f8cc488d-5952x
2026-08-14 21:46:41.528917,1313767424.0,bert-inference-69f8cc488d-7d4tz
2026-08-14 21:46:41.528917,877789184.0,bert-inference-69f8cc488d-g8v7z
2026-08-14 21:46:41.528917,926236672.0,bert-inference-69f8cc488d-7442w
2026-08-14 21:46:46.527881,893988864.0,bert-inference-69f8cc488d-xhq9w
2026-08-14 21:46:46.527881,1018761216.0,bert-inference-69f8cc488d-xbnnq
2026-08-14 21:46:46.527881,1033105408.0,bert-inference-69f8cc488d-5952x
2026-08-14 21:46:46.527881,1313521664.0,bert-inference-69f8cc488d-7d4tz
2026-08-14 21:46:46.527881,877617152.0,bert-inference-69f8cc488d-g8v7z
2026-08-14 21:46:46.527881,926236672.0,bert-inference-69f8cc488d-7442w
2026-08-14 21:46:51.528932,893988864.0,bert-inference-69f8cc488d-xhq9w
2026-08-14 21:46:51.528932,1018560512.0,bert-inference-69f8cc488d-xbnnq
2026-08-14 21:46:51.528932,1033105408.0,bert-inference-69f8cc488d-5952x
2026-08-14 21:46:51.528932,1313521664.0,bert-inference-69f8cc488d-7d4tz
2026-08-14 21:46:51.528932,877617152.0,bert-inference-69f8cc488d-g8v7z
2026-08-14 21:46:51.528932,926236672.0,bert-inference-69f8cc488d-7442w
2026-08-14 21:46:56.528936,893988864.0,bert-inference-69f8cc488d-xhq9w
2026-08-14 21:46:56.528936,1018560512.0,bert-inference-69f8cc488d-xbnnq
2026-08-14 21:46:56.528936,1033105408.0,bert-inference-69f8cc488d-5952x
2026-08-14 21:46:56.528936,1313521664.0,bert-inference-69f8cc488d-7d4tz
2026-08-14 21:46:56.528936,877854720.0,bert-inference-69f8cc488d-g8v7z
2026-08-14 21:46:56.528936,926236672.0,bert-inference-69f8cc488d-7442w
2026-08-14 21:47:01.528524,894210048.0,bert-inference-69f8cc488d-xhq9w
2026-08-14 21:47:01.528524,1018560512.0,bert-inference-69f8cc488d-xbnnq
2026-08-14 21:47:01.528524,1033105408.0,bert-inference-69f8cc488d-5952x
2026-08-14 21:47:01.528524,1313779712.0,bert-inference-69f8cc488d-7d4tz
2026-08-14 21:47:01.528524,877854720.0,bert-inference-69f8cc488d-g8v7z
2026-08-14 21:47:01.528524,926232576.0,bert-inference-69f8cc488d-7442w
2026-08-14 21:47:06.528887,894210048.0,bert-inference-69f8cc488d-xhq9w
2026-08-14 21:47:06.528887,1018556416.0,bert-inference-69f8cc488d-xbnnq
2026-08-14 21:47:06.528887,1033129984.0,bert-inference-69f8cc488d-5952x
2026-08-14 21:47:06.528887,1313779712.0,bert-inference-69f8cc488d-7d4tz
2026-08-14 21:47:06.528887,877854720.0,bert-inference-69f8cc488d-g8v7z
2026-08-14 21:47:06.528887,926232576.0,bert-inference-69f8cc488d-7442w
2026-08-14 21:47:11.525554,894009344.0,bert-inference-69f8cc488d-xhq9w
2026-08-14 21:47:11.525554,1018556416.0,bert-inference-69f8cc488d-xbnnq
2026-08-14 21:47:11.525554,1033129984.0,bert-inference-69f8cc488d-5952x
2026-08-14 21:47:11.525554,1313779712.0,bert-inference-69f8cc488d-7d4tz
2026-08-14 21:47:11.525554,877854720.0,bert-inference-69f8cc488d-g8v7z
2026-08-14 21:47:11.525554,926232576.0,bert-inference-69f8cc488d-7442w
2026-08-14 21:47:16.528946,894009344.0,bert-inference-69f8cc488d-xhq9w
2026-08-14 21:47:16.528946,1018568704.0,bert-inference-69f8cc488d-xbnnq
2026-08-14 21:47:16.528946,1033129984.0,bert-inference-69f8cc488d-5952x
2026-08-14 21:47:16.528946,1313554432.0,bert-inference-69f8cc488d-7d4tz
2026-08-14 21:47:16.528946,877621248.0,bert-inference-69f8cc488d-g8v7z
2026-08-14 21:47:16.528946,926461952.0,bert-inference-69f8cc488d-7442w
2026-08-14 21:47:21.528888,894009344.0,bert-inference-69f8cc488d-xhq9w
2026-08-14 21:47:21.528888,1018568704.0,bert-inference-69f8cc488d-xbnnq
2026-08-14 21:47:21.528888,1033142272.0,bert-inference-69f8cc488d-5952x
2026-08-14 21:47:21.528888,1313554432.0,bert-inference-69f8cc488d-7d4tz
2026-08-14 21:47:21.528888,877621248.0,bert-inference-69f8cc488d-g8v7z
2026-08-14 21:47:21.528888,926461952.0,bert-inference-69f8cc488d-7442w
2026-08-14 21:47:26.528990,894025728.0,bert-inference-69f8cc488d-xhq9w
2026-08-14 21:47:26.528990,1018568704.0,bert-inference-69f8cc488d-xbnnq
2026-08-14 21:47:26.528990,1033142272.0,bert-inference-69f8cc488d-5952x
2026-08-14 21:47:26.528990,1313554432.0,bert-inference-69f8cc488d-7d4tz
2026-08-14 21:47:26.528990,877621248.0,bert-inference-69f8cc488d-g8v7z
2026-08-14 21:47:26.528990,926461952.0,bert-inference-69f8cc488d-7442w
2026-08-14 21:47:31.528886,894025728.0,bert-inference-69f8cc488d-xhq9w
2026-08-14 21:47:31.528886,1018830848.0,bert-inference-69f8cc488d-xbnnq
2026-08-14 21:47:31.528886,1033404416.0,bert-inference-69f8cc488d-5952x
2026-08-14 21:47:31.528886,1313554432.0,bert-inference-69f8cc488d-7d4tz
2026-08-14 21:47:31.528886,877625344.0,bert-inference-69f8cc488d-g8v7z
2026-08-14 21:47:31.528886,926461952.0,bert-inference-69f8cc488d-7442w
2026-08-14 21:47:36.528945,894025728.0,bert-inference-69f8cc488d-xhq9w
2026-08-14 21:47:36.528945,1018830848.0,bert-inference-69f8cc488d-xbnnq
2026-08-14 21:47:36.528945,1033404416.0,bert-inference-69f8cc488d-5952x
2026-08-14 21:47:36.528945,1313554432.0,bert-inference-69f8cc488d-7d4tz
2026-08-14 21:47:36.528945,877625344.0,bert-inference-69f8cc488d-g8v7z
2026-08-14 21:47:36.528945,926265344.0,bert-inference-69f8cc488d-7442w
2026-08-14 21:47:41.524915,894025728.0,bert-inference-69f8cc488d-xhq9w
2026-08-14 21:47:41.524915,1018830848.0,bert-inference-69f8cc488d-xbnnq
2026-08-14 21:47:41.524915,1033404416.0,bert-inference-69f8cc488d-5952x
2026-08-14 21:47:41.524915,1313554432.0,bert-inference-69f8cc488d-7d4tz
2026-08-14 21:47:41.524915,877625344.0,bert-inference-69f8cc488d-g8v7z
2026-08-14 21:47:41.524915,926265344.0,bert-inference-69f8cc488d-7442w
2026-08-14 21:47:46.529036,894025728.0,bert-inference-69f8cc488d-xhq9w
2026-08-14 21:47:46.529036,1018568704.0,bert-inference-69f8cc488d-xbnnq
2026-08-14 21:47:46.529036,1033154560.0,bert-inference-69f8cc488d-5952x
2026-08-14 21:47:46.529036,1313554432.0,bert-inference-69f8cc488d-7d4tz
2026-08-14 21:47:46.529036,877625344.0,bert-inference-69f8cc488d-g8v7z
2026-08-14 21:47:46.529036,926298112.0,bert-inference-69f8cc488d-7442w
2026-08-14 21:47:51.524796,894025728.0,bert-inference-69f8cc488d-xhq9w
2026-08-14 21:47:51.524796,1018568704.0,bert-inference-69f8cc488d-xbnnq
2026-08-14 21:47:51.524796,1033154560.0,bert-inference-69f8cc488d-5952x
2026-08-14 21:47:51.524796,1313554432.0,bert-inference-69f8cc488d-7d4tz
2026-08-14 21:47:51.524796,877629440.0,bert-inference-69f8cc488d-g8v7z
2026-08-14 21:47:51.524796,926298112.0,bert-inference-69f8cc488d-7442w
2026-08-14 21:47:56.528557,894025728.0,bert-inference-69f8cc488d-xhq9w
2026-08-14 21:47:56.528557,1018568704.0,bert-inference-69f8cc488d-xbnnq
2026-08-14 21:47:56.528557,1033154560.0,bert-inference-69f8cc488d-5952x
2026-08-14 21:47:56.528557,1313566720.0,bert-inference-69f8cc488d-7d4tz
2026-08-14 21:47:56.528557,877629440.0,bert-inference-69f8cc488d-g8v7z
2026-08-14 21:47:56.528557,926298112.0,bert-inference-69f8cc488d-7442w
2026-08-14 21:48:01.528654,894025728.0,bert-inference-69f8cc488d-xhq9w
2026-08-14 21:48:01.528654,1018621952.0,bert-inference-69f8cc488d-xbnnq
2026-08-14 21:48:01.528654,1033424896.0,bert-inference-69f8cc488d-5952x
2026-08-14 21:48:01.528654,1313566720.0,bert-inference-69f8cc488d-7d4tz
2026-08-14 21:48:01.528654,877637632.0,bert-inference-69f8cc488d-g8v7z
2026-08-14 21:48:01.528654,926298112.0,bert-inference-69f8cc488d-7442w
2026-08-14 21:48:06.528926,894025728.0,bert-inference-69f8cc488d-xhq9w
2026-08-14 21:48:06.528926,1018621952.0,bert-inference-69f8cc488d-xbnnq
2026-08-14 21:48:06.528926,1033424896.0,bert-inference-69f8cc488d-5952x
2026-08-14 21:48:06.528926,1313583104.0,bert-inference-69f8cc488d-7d4tz
2026-08-14 21:48:06.528926,877637632.0,bert-inference-69f8cc488d-g8v7z
2026-08-14 21:48:06.528926,926265344.0,bert-inference-69f8cc488d-7442w
2026-08-14 21:48:11.528940,894050304.0,bert-inference-69f8cc488d-xhq9w
2026-08-14 21:48:11.528940,1018621952.0,bert-inference-69f8cc488d-xbnnq
2026-08-14 21:48:11.528940,1033424896.0,bert-inference-69f8cc488d-5952x
2026-08-14 21:48:11.528940,1313583104.0,bert-inference-69f8cc488d-7d4tz
2026-08-14 21:48:11.528940,877637632.0,bert-inference-69f8cc488d-g8v7z
2026-08-14 21:48:11.528940,926265344.0,bert-inference-69f8cc488d-7442w
2026-08-14 21:48:16.528906,894050304.0,bert-inference-69f8cc488d-xhq9w
2026-08-14 21:48:16.528906,1018855424.0,bert-inference-69f8cc488d-xbnnq
2026-08-14 21:48:16.528906,1033424896.0,bert-inference-69f8cc488d-5952x
2026-08-14 21:48:16.528906,1313583104.0,bert-inference-69f8cc488d-7d4tz
2026-08-14 21:48:16.528906,877637632.0,bert-inference-69f8cc488d-g8v7z
2026-08-14 21:48:16.528906,926298112.0,bert-inference-69f8cc488d-7442w
2026-08-14 21:48:21.528884,894050304.0,bert-inference-69f8cc488d-xhq9w
2026-08-14 21:48:21.528884,1018855424.0,bert-inference-69f8cc488d-xbnnq
2026-08-14 21:48:21.528884,1033183232.0,bert-inference-69f8cc488d-5952x
2026-08-14 21:48:21.528884,1314340864.0,bert-inference-69f8cc488d-7d4tz
2026-08-14 21:48:21.528884,877912064.0,bert-inference-69f8cc488d-g8v7z
2026-08-14 21:48:21.528884,926298112.0,bert-inference-69f8cc488d-7442w
2026-08-14 21:48:26.528964,894062592.0,bert-inference-69f8cc488d-xhq9w
2026-08-14 21:48:26.528964,1018855424.0,bert-inference-69f8cc488d-xbnnq
2026-08-14 21:48:26.528964,1033183232.0,bert-inference-69f8cc488d-5952x
2026-08-14 21:48:26.528964,1314340864.0,bert-inference-69f8cc488d-7d4tz
2026-08-14 21:48:26.528964,877912064.0,bert-inference-69f8cc488d-g8v7z
2026-08-14 21:48:26.528964,926298112.0,bert-inference-69f8cc488d-7442w
2026-08-14 21:48:31.528938,894062592.0,bert-inference-69f8cc488d-xhq9w
2026-08-14 21:48:31.528938,1018855424.0,bert-inference-69f8cc488d-xbnnq
2026-08-14 21:48:31.528938,1033183232.0,bert-inference-69f8cc488d-5952x
2026-08-14 21:48:31.528938,1314340864.0,bert-inference-69f8cc488d-7d4tz
2026-08-14 21:48:31.528938,877912064.0,bert-inference-69f8cc488d-g8v7z
2026-08-14 21:48:31.528938,926560256.0,bert-inference-69f8cc488d-7442w
2026-08-14 21:48:36.528883,894062592.0,bert-inference-69f8cc488d-xhq9w
2026-08-14 21:48:36.528883,1018863616.0,bert-inference-69f8cc488d-xbnnq
2026-08-14 21:48:36.528883,1033183232.0,bert-inference-69f8cc488d-5952x
2026-08-14 21:48:36.528883,1314340864.0,bert-inference-69f8cc488d-7d4tz
2026-08-14 21:48:36.528883,877912064.0,bert-inference-69f8cc488d-g8v7z
2026-08-14 21:48:36.528883,926560256.0,bert-inference-69f8cc488d-7442w
2026-08-14 21:48:41.529062,894062592.0,bert-inference-69f8cc488d-xhq9w
2026-08-14 21:48:41.529062,1018863616.0,bert-inference-69f8cc488d-xbnnq
2026-08-14 21:48:41.529062,1033445376.0,bert-inference-69f8cc488d-5952x
2026-08-14 21:48:41.529062,1314140160.0,bert-inference-69f8cc488d-7d4tz
2026-08-14 21:48:41.529062,877658112.0,bert-inference-69f8cc488d-g8v7z
2026-08-14 21:48:41.529062,927363072.0,bert-inference-69f8cc488d-7442w
2026-08-14 21:48:46.524611,894103552.0,bert-inference-69f8cc488d-xhq9w
2026-08-14 21:48:46.524611,1018863616.0,bert-inference-69f8cc488d-xbnnq
2026-08-14 21:48:46.524611,1033445376.0,bert-inference-69f8cc488d-5952x
2026-08-14 21:48:46.524611,1314140160.0,bert-inference-69f8cc488d-7d4tz
2026-08-14 21:48:46.524611,877658112.0,bert-inference-69f8cc488d-g8v7z
2026-08-14 21:48:46.524611,927363072.0,bert-inference-69f8cc488d-7442w
2026-08-14 21:48:51.527953,894103552.0,bert-inference-69f8cc488d-xhq9w
2026-08-14 21:48:51.527953,1018892288.0,bert-inference-69f8cc488d-xbnnq
2026-08-14 21:48:51.527953,1033216000.0,bert-inference-69f8cc488d-5952x
2026-08-14 21:48:51.527953,1314140160.0,bert-inference-69f8cc488d-7d4tz
2026-08-14 21:48:51.527953,877690880.0,bert-inference-69f8cc488d-g8v7z
2026-08-14 21:48:51.527953,926605312.0,bert-inference-69f8cc488d-7442w
2026-08-14 21:48:56.528972,894103552.0,bert-inference-69f8cc488d-xhq9w
2026-08-14 21:48:56.528972,1018892288.0,bert-inference-69f8cc488d-xbnnq
2026-08-14 21:48:56.528972,1033216000.0,bert-inference-69f8cc488d-5952x
2026-08-14 21:48:56.528972,1313632256.0,bert-inference-69f8cc488d-7d4tz
2026-08-14 21:48:56.528972,877690880.0,bert-inference-69f8cc488d-g8v7z
2026-08-14 21:48:56.528972,926605312.0,bert-inference-69f8cc488d-7442w
2026-08-14 21:49:01.528985,894115840.0,bert-inference-69f8cc488d-xhq9w
2026-08-14 21:49:01.528985,1019138048.0,bert-inference-69f8cc488d-xbnnq
2026-08-14 21:49:01.528985,1033216000.0,bert-inference-69f8cc488d-5952x
2026-08-14 21:49:01.528985,1313632256.0,bert-inference-69f8cc488d-7d4tz
2026-08-14 21:49:01.528985,877690880.0,bert-inference-69f8cc488d-g8v7z
2026-08-14 21:49:01.528985,926605312.0,bert-inference-69f8cc488d-7442w
2026-08-14 21:49:06.528946,894115840.0,bert-inference-69f8cc488d-xhq9w
2026-08-14 21:49:06.528946,1019138048.0,bert-inference-69f8cc488d-xbnnq
2026-08-14 21:49:06.528946,1033531392.0,bert-inference-69f8cc488d-5952x
2026-08-14 21:49:06.528946,1313632256.0,bert-inference-69f8cc488d-7d4tz
2026-08-14 21:49:06.528946,877690880.0,bert-inference-69f8cc488d-g8v7z
2026-08-14 21:49:06.528946,926609408.0,bert-inference-69f8cc488d-7442w
2026-08-14 21:49:11.528949,894115840.0,bert-inference-69f8cc488d-xhq9w
2026-08-14 21:49:11.528949,1019138048.0,bert-inference-69f8cc488d-xbnnq
2026-08-14 21:49:11.528949,1033531392.0,bert-inference-69f8cc488d-5952x
2026-08-14 21:49:11.528949,1313632256.0,bert-inference-69f8cc488d-7d4tz
2026-08-14 21:49:11.528949,877690880.0,bert-inference-69f8cc488d-g8v7z
2026-08-14 21:49:11.528949,926609408.0,bert-inference-69f8cc488d-7442w
2026-08-14 21:49:16.528975,894152704.0,bert-inference-69f8cc488d-xhq9w
2026-08-14 21:49:16.528975,1019138048.0,bert-inference-69f8cc488d-xbnnq
2026-08-14 21:49:16.528975,1033531392.0,bert-inference-69f8cc488d-5952x
2026-08-14 21:49:16.528975,1313910784.0,bert-inference-69f8cc488d-7d4tz
2026-08-14 21:49:16.528975,877690880.0,bert-inference-69f8cc488d-g8v7z
2026-08-14 21:49:16.528975,926388224.0,bert-inference-69f8cc488d-7442w
2026-08-14 21:49:21.528941,894152704.0,bert-inference-69f8cc488d-xhq9w
2026-08-14 21:49:21.528941,1018707968.0,bert-inference-69f8cc488d-xbnnq
2026-08-14 21:49:21.528941,1033261056.0,bert-inference-69f8cc488d-5952x
2026-08-14 21:49:21.528941,1313910784.0,bert-inference-69f8cc488d-7d4tz
2026-08-14 21:49:21.528941,877985792.0,bert-inference-69f8cc488d-g8v7z
2026-08-14 21:49:21.528941,926388224.0,bert-inference-69f8cc488d-7442w
2026-08-14 21:49:26.524567,894152704.0,bert-inference-69f8cc488d-xhq9w
2026-08-14 21:49:26.524567,1018707968.0,bert-inference-69f8cc488d-xbnnq
2026-08-14 21:49:26.524567,1033261056.0,bert-inference-69f8cc488d-5952x
2026-08-14 21:49:26.524567,1314500608.0,bert-inference-69f8cc488d-7d4tz
2026-08-14 21:49:26.524567,877985792.0,bert-inference-69f8cc488d-g8v7z
2026-08-14 21:49:26.524567,926388224.0,bert-inference-69f8cc488d-7442w
2026-08-14 21:49:31.524327,894152704.0,bert-inference-69f8cc488d-xhq9w
2026-08-14 21:49:31.524327,1018707968.0,bert-inference-69f8cc488d-xbnnq
2026-08-14 21:49:31.524327,1033261056.0,bert-inference-69f8cc488d-5952x
2026-08-14 21:49:31.524327,1314500608.0,bert-inference-69f8cc488d-7d4tz
2026-08-14 21:49:31.524327,877985792.0,bert-inference-69f8cc488d-g8v7z
2026-08-14 21:49:31.524327,926588928.0,bert-inference-69f8cc488d-7442w
2026-08-14 21:49:36.528905,894644224.0,bert-inference-69f8cc488d-xhq9w
2026-08-14 21:49:36.528905,1018699776.0,bert-inference-69f8cc488d-xbnnq
2026-08-14 21:49:36.528905,1033768960.0,bert-inference-69f8cc488d-5952x
2026-08-14 21:49:36.528905,1314500608.0,bert-inference-69f8cc488d-7d4tz
2026-08-14 21:49:36.528905,877989888.0,bert-inference-69f8cc488d-g8v7z
2026-08-14 21:49:36.528905,926588928.0,bert-inference-69f8cc488d-7442w
2026-08-14 21:49:41.528941,894644224.0,bert-inference-69f8cc488d-xhq9w
2026-08-14 21:49:41.528941,1018699776.0,bert-inference-69f8cc488d-xbnnq
2026-08-14 21:49:41.528941,1033768960.0,bert-inference-69f8cc488d-5952x
2026-08-14 21:49:41.528941,1314500608.0,bert-inference-69f8cc488d-7d4tz
2026-08-14 21:49:41.528941,877989888.0,bert-inference-69f8cc488d-g8v7z
2026-08-14 21:49:41.528941,926400512.0,bert-inference-69f8cc488d-7442w
2026-08-14 21:49:46.528952,894427136.0,bert-inference-69f8cc488d-xhq9w
2026-08-14 21:49:46.528952,1018945536.0,bert-inference-69f8cc488d-xbnnq
2026-08-14 21:49:46.528952,1033768960.0,bert-inference-69f8cc488d-5952x
2026-08-14 21:49:46.528952,1314205696.0,bert-inference-69f8cc488d-7d4tz
2026-08-14 21:49:46.528952,877989888.0,bert-inference-69f8cc488d-g8v7z
2026-08-14 21:49:46.528952,926400512.0,bert-inference-69f8cc488d-7442w
2026-08-14 21:49:51.528938,894427136.0,bert-inference-69f8cc488d-xhq9w
2026-08-14 21:49:51.528938,1018945536.0,bert-inference-69f8cc488d-xbnnq
2026-08-14 21:49:51.528938,1033297920.0,bert-inference-69f8cc488d-5952x
2026-08-14 21:49:51.528938,1314205696.0,bert-inference-69f8cc488d-7d4tz
2026-08-14 21:49:51.528938,877989888.0,bert-inference-69f8cc488d-g8v7z
2026-08-14 21:49:51.528938,926400512.0,bert-inference-69f8cc488d-7442w
2026-08-14 21:49:56.528909,894427136.0,bert-inference-69f8cc488d-xhq9w
2026-08-14 21:49:56.528909,1018945536.0,bert-inference-69f8cc488d-xbnnq
2026-08-14 21:49:56.528909,1033297920.0,bert-inference-69f8cc488d-5952x
2026-08-14 21:49:56.528909,1314205696.0,bert-inference-69f8cc488d-7d4tz
2026-08-14 21:49:56.528909,877793280.0,bert-inference-69f8cc488d-g8v7z
2026-08-14 21:49:56.528909,926400512.0,bert-inference-69f8cc488d-7442w
2026-08-14 21:50:01.528889,894693376.0,bert-inference-69f8cc488d-xhq9w
2026-08-14 21:50:01.528889,1018945536.0,bert-inference-69f8cc488d-xbnnq
2026-08-14 21:50:01.528889,1033297920.0,bert-inference-69f8cc488d-5952x
2026-08-14 21:50:01.528889,1313976320.0,bert-inference-69f8cc488d-7d4tz
2026-08-14 21:50:01.528889,877793280.0,bert-inference-69f8cc488d-g8v7z
2026-08-14 21:50:01.528889,926670848.0,bert-inference-69f8cc488d-7442w
2026-08-14 21:50:06.529060,894693376.0,bert-inference-69f8cc488d-xhq9w
2026-08-14 21:50:06.529060,1018736640.0,bert-inference-69f8cc488d-xbnnq
2026-08-14 21:50:06.529060,1033297920.0,bert-inference-69f8cc488d-5952x
2026-08-14 21:50:06.529060,1313976320.0,bert-inference-69f8cc488d-7d4tz
2026-08-14 21:50:06.529060,877793280.0,bert-inference-69f8cc488d-g8v7z
2026-08-14 21:50:06.529060,926670848.0,bert-inference-69f8cc488d-7442w
2026-08-14 21:50:11.529236,894210048.0,bert-inference-69f8cc488d-xhq9w
2026-08-14 21:50:11.529236,1018736640.0,bert-inference-69f8cc488d-xbnnq
2026-08-14 21:50:11.529236,1033318400.0,bert-inference-69f8cc488d-5952x
2026-08-14 21:50:11.529236,1313976320.0,bert-inference-69f8cc488d-7d4tz
2026-08-14 21:50:11.529236,878039040.0,bert-inference-69f8cc488d-g8v7z
2026-08-14 21:50:11.529236,926670848.0,bert-inference-69f8cc488d-7442w
2026-08-14 21:50:16.528919,894210048.0,bert-inference-69f8cc488d-xhq9w
2026-08-14 21:50:16.528919,1018736640.0,bert-inference-69f8cc488d-xbnnq
2026-08-14 21:50:16.528919,1033318400.0,bert-inference-69f8cc488d-5952x
2026-08-14 21:50:16.528919,1313763328.0,bert-inference-69f8cc488d-7d4tz
2026-08-14 21:50:16.528919,878039040.0,bert-inference-69f8cc488d-g8v7z
2026-08-14 21:50:16.528919,926720000.0,bert-inference-69f8cc488d-7442w
2026-08-14 21:50:21.528977,894210048.0,bert-inference-69f8cc488d-xhq9w
2026-08-14 21:50:21.528977,1018765312.0,bert-inference-69f8cc488d-xbnnq
2026-08-14 21:50:21.528977,1033318400.0,bert-inference-69f8cc488d-5952x
2026-08-14 21:50:21.528977,1313763328.0,bert-inference-69f8cc488d-7d4tz
2026-08-14 21:50:21.528977,878051328.0,bert-inference-69f8cc488d-g8v7z
2026-08-14 21:50:21.528977,926720000.0,bert-inference-69f8cc488d-7442w
2026-08-14 21:50:26.528980,894222336.0,bert-inference-69f8cc488d-xhq9w
2026-08-14 21:50:26.528980,1018765312.0,bert-inference-69f8cc488d-xbnnq
2026-08-14 21:50:26.528980,1033596928.0,bert-inference-69f8cc488d-5952x
2026-08-14 21:50:26.528980,1313763328.0,bert-inference-69f8cc488d-7d4tz
2026-08-14 21:50:26.528980,878051328.0,bert-inference-69f8cc488d-g8v7z
2026-08-14 21:50:26.528980,926720000.0,bert-inference-69f8cc488d-7442w
2026-08-14 21:50:31.528352,894222336.0,bert-inference-69f8cc488d-xhq9w
2026-08-14 21:50:31.528352,1018765312.0,bert-inference-69f8cc488d-xbnnq
2026-08-14 21:50:31.528352,1033596928.0,bert-inference-69f8cc488d-5952x
2026-08-14 21:50:31.528352,1313763328.0,bert-inference-69f8cc488d-7d4tz
2026-08-14 21:50:31.528352,878051328.0,bert-inference-69f8cc488d-g8v7z
2026-08-14 21:50:31.528352,926728192.0,bert-inference-69f8cc488d-7442w
2026-08-14 21:50:36.528880,894222336.0,bert-inference-69f8cc488d-xhq9w
2026-08-14 21:50:36.528880,1018781696.0,bert-inference-69f8cc488d-xbnnq
2026-08-14 21:50:36.528880,1033596928.0,bert-inference-69f8cc488d-5952x
2026-08-14 21:50:36.528880,1313771520.0,bert-inference-69f8cc488d-7d4tz
2026-08-14 21:50:36.528880,878051328.0,bert-inference-69f8cc488d-g8v7z
2026-08-14 21:50:36.528880,926728192.0,bert-inference-69f8cc488d-7442w
2026-08-14 21:50:41.528990,894242816.0,bert-inference-69f8cc488d-xhq9w
2026-08-14 21:50:41.528990,1018781696.0,bert-inference-69f8cc488d-xbnnq
2026-08-14 21:50:41.528990,1033633792.0,bert-inference-69f8cc488d-5952x
2026-08-14 21:50:41.528990,1313771520.0,bert-inference-69f8cc488d-7d4tz
2026-08-14 21:50:41.528990,877858816.0,bert-inference-69f8cc488d-g8v7z
2026-08-14 21:50:41.528990,926728192.0,bert-inference-69f8cc488d-7442w
2026-08-14 21:50:46.528882,894242816.0,bert-inference-69f8cc488d-xhq9w
2026-08-14 21:50:46.528882,1018798080.0,bert-inference-69f8cc488d-xbnnq
2026-08-14 21:50:46.528882,1033633792.0,bert-inference-69f8cc488d-5952x
2026-08-14 21:50:46.528882,1313841152.0,bert-inference-69f8cc488d-7d4tz
2026-08-14 21:50:46.528882,877858816.0,bert-inference-69f8cc488d-g8v7z
2026-08-14 21:50:46.528882,926482432.0,bert-inference-69f8cc488d-7442w
2026-08-14 21:50:51.529014,894242816.0,bert-inference-69f8cc488d-xhq9w
2026-08-14 21:50:51.529014,1018798080.0,bert-inference-69f8cc488d-xbnnq
2026-08-14 21:50:51.529014,1033633792.0,bert-inference-69f8cc488d-5952x
2026-08-14 21:50:51.529014,1313841152.0,bert-inference-69f8cc488d-7d4tz
2026-08-14 21:50:51.529014,877858816.0,bert-inference-69f8cc488d-g8v7z
2026-08-14 21:50:51.529014,926482432.0,bert-inference-69f8cc488d-7442w
2026-08-14 21:50:56.528884,894246912.0,bert-inference-69f8cc488d-xhq9w
2026-08-14 21:50:56.528884,1018798080.0,bert-inference-69f8cc488d-xbnnq
2026-08-14 21:50:56.528884,1033646080.0,bert-inference-69f8cc488d-5952x
2026-08-14 21:50:56.528884,1313841152.0,bert-inference-69f8cc488d-7d4tz
2026-08-14 21:50:56.528884,877879296.0,bert-inference-69f8cc488d-g8v7z
2026-08-14 21:50:56.528884,926482432.0,bert-inference-69f8cc488d-7442w
2026-08-14 21:51:01.524536,894246912.0,bert-inference-69f8cc488d-xhq9w
2026-08-14 21:51:01.524536,1019064320.0,bert-inference-69f8cc488d-xbnnq
2026-08-14 21:51:01.524536,1033646080.0,bert-inference-69f8cc488d-5952x
2026-08-14 21:51:01.524536,1313841152.0,bert-inference-69f8cc488d-7d4tz
2026-08-14 21:51:01.524536,877879296.0,bert-inference-69f8cc488d-g8v7z
2026-08-14 21:51:01.524536,926789632.0,bert-inference-69f8cc488d-7442w
2026-08-14 21:51:06.528883,894246912.0,bert-inference-69f8cc488d-xhq9w
2026-08-14 21:51:06.528883,1019064320.0,bert-inference-69f8cc488d-xbnnq
2026-08-14 21:51:06.528883,1033646080.0,bert-inference-69f8cc488d-5952x
2026-08-14 21:51:06.528883,1314078720.0,bert-inference-69f8cc488d-7d4tz
2026-08-14 21:51:06.528883,877879296.0,bert-inference-69f8cc488d-g8v7z
2026-08-14 21:51:06.528883,926789632.0,bert-inference-69f8cc488d-7442w
2026-08-14 21:51:11.528967,894521344.0,bert-inference-69f8cc488d-xhq9w
2026-08-14 21:51:11.528967,1019064320.0,bert-inference-69f8cc488d-xbnnq
2026-08-14 21:51:11.528967,1033400320.0,bert-inference-69f8cc488d-5952x
2026-08-14 21:51:11.528967,1314078720.0,bert-inference-69f8cc488d-7d4tz
2026-08-14 21:51:11.528967,878383104.0,bert-inference-69f8cc488d-g8v7z
2026-08-14 21:51:11.528967,926789632.0,bert-inference-69f8cc488d-7442w
2026-08-14 21:51:16.528948,894521344.0,bert-inference-69f8cc488d-xhq9w
2026-08-14 21:51:16.528948,1018818560.0,bert-inference-69f8cc488d-xbnnq
2026-08-14 21:51:16.528948,1033400320.0,bert-inference-69f8cc488d-5952x
2026-08-14 21:51:16.528948,1314078720.0,bert-inference-69f8cc488d-7d4tz
2026-08-14 21:51:16.528948,878383104.0,bert-inference-69f8cc488d-g8v7z
2026-08-14 21:51:16.528948,926793728.0,bert-inference-69f8cc488d-7442w
2026-08-14 21:51:21.528964,894521344.0,bert-inference-69f8cc488d-xhq9w
2026-08-14 21:51:21.528964,1018818560.0,bert-inference-69f8cc488d-xbnnq
2026-08-14 21:51:21.528964,1033400320.0,bert-inference-69f8cc488d-5952x
2026-08-14 21:51:21.528964,1313849344.0,bert-inference-69f8cc488d-7d4tz
2026-08-14 21:51:21.528964,878383104.0,bert-inference-69f8cc488d-g8v7z
2026-08-14 21:51:21.528964,926793728.0,bert-inference-69f8cc488d-7442w
2026-08-14 21:51:26.528933,894521344.0,bert-inference-69f8cc488d-xhq9w
2026-08-14 21:51:26.528933,1018818560.0,bert-inference-69f8cc488d-xbnnq
2026-08-14 21:51:26.528933,1033433088.0,bert-inference-69f8cc488d-5952x
2026-08-14 21:51:26.528933,1313849344.0,bert-inference-69f8cc488d-7d4tz
2026-08-14 21:51:26.528933,877879296.0,bert-inference-69f8cc488d-g8v7z
2026-08-14 21:51:26.528933,926781440.0,bert-inference-69f8cc488d-7442w
2026-08-14 21:51:31.528948,894554112.0,bert-inference-69f8cc488d-xhq9w
2026-08-14 21:51:31.528948,1018851328.0,bert-inference-69f8cc488d-xbnnq
2026-08-14 21:51:31.528948,1033433088.0,bert-inference-69f8cc488d-5952x
2026-08-14 21:51:31.528948,1313849344.0,bert-inference-69f8cc488d-7d4tz
2026-08-14 21:51:31.528948,877879296.0,bert-inference-69f8cc488d-g8v7z
2026-08-14 21:51:31.528948,926781440.0,bert-inference-69f8cc488d-7442w
2026-08-14 21:51:36.527161,894554112.0,bert-inference-69f8cc488d-xhq9w
2026-08-14 21:51:36.527161,1018851328.0,bert-inference-69f8cc488d-xbnnq
2026-08-14 21:51:36.527161,1033433088.0,bert-inference-69f8cc488d-5952x
2026-08-14 21:51:36.527161,1314095104.0,bert-inference-69f8cc488d-7d4tz
2026-08-14 21:51:36.527161,877879296.0,bert-inference-69f8cc488d-g8v7z
2026-08-14 21:51:36.527161,926781440.0,bert-inference-69f8cc488d-7442w
2026-08-14 21:51:41.528882,894328832.0,bert-inference-69f8cc488d-xhq9w
2026-08-14 21:51:41.528882,1019346944.0,bert-inference-69f8cc488d-xbnnq
2026-08-14 21:51:41.528882,1033433088.0,bert-inference-69f8cc488d-5952x
2026-08-14 21:51:41.528882,1314095104.0,bert-inference-69f8cc488d-7d4tz
2026-08-14 21:51:41.528882,878407680.0,bert-inference-69f8cc488d-g8v7z
2026-08-14 21:51:41.528882,926781440.0,bert-inference-69f8cc488d-7442w
2026-08-14 21:51:46.528890,894328832.0,bert-inference-69f8cc488d-xhq9w
2026-08-14 21:51:46.528890,1019346944.0,bert-inference-69f8cc488d-xbnnq
2026-08-14 21:51:46.528890,1033723904.0,bert-inference-69f8cc488d-5952x
2026-08-14 21:51:46.528890,1314140160.0,bert-inference-69f8cc488d-7d4tz
2026-08-14 21:51:46.528890,878407680.0,bert-inference-69f8cc488d-g8v7z
2026-08-14 21:51:46.528890,926580736.0,bert-inference-69f8cc488d-7442w
2026-08-14 21:51:51.528902,894328832.0,bert-inference-69f8cc488d-xhq9w
2026-08-14 21:51:51.528902,1019346944.0,bert-inference-69f8cc488d-xbnnq
2026-08-14 21:51:51.528902,1033723904.0,bert-inference-69f8cc488d-5952x
2026-08-14 21:51:51.528902,1314140160.0,bert-inference-69f8cc488d-7d4tz
2026-08-14 21:51:51.528902,878407680.0,bert-inference-69f8cc488d-g8v7z
2026-08-14 21:51:51.528902,926580736.0,bert-inference-69f8cc488d-7442w
2026-08-14 21:51:56.526298,894832640.0,bert-inference-69f8cc488d-xhq9w
2026-08-14 21:51:56.526298,1019138048.0,bert-inference-69f8cc488d-xbnnq
2026-08-14 21:51:56.526298,1033723904.0,bert-inference-69f8cc488d-5952x
2026-08-14 21:51:56.526298,1314156544.0,bert-inference-69f8cc488d-7d4tz
2026-08-14 21:51:56.526298,878448640.0,bert-inference-69f8cc488d-g8v7z
2026-08-14 21:51:56.526298,926580736.0,bert-inference-69f8cc488d-7442w
2026-08-14 21:52:01.524475,894832640.0,bert-inference-69f8cc488d-xhq9w
2026-08-14 21:52:01.524475,1019138048.0,bert-inference-69f8cc488d-xbnnq
2026-08-14 21:52:01.524475,1033723904.0,bert-inference-69f8cc488d-5952x
2026-08-14 21:52:01.524475,1314156544.0,bert-inference-69f8cc488d-7d4tz
2026-08-14 21:52:01.524475,878448640.0,bert-inference-69f8cc488d-g8v7z
2026-08-14 21:52:01.524475,926605312.0,bert-inference-69f8cc488d-7442w
2026-08-14 21:52:06.529043,894832640.0,bert-inference-69f8cc488d-xhq9w
2026-08-14 21:52:06.529043,1018937344.0,bert-inference-69f8cc488d-xbnnq
2026-08-14 21:52:06.529043,1033773056.0,bert-inference-69f8cc488d-5952x
2026-08-14 21:52:06.529043,1314156544.0,bert-inference-69f8cc488d-7d4tz
2026-08-14 21:52:06.529043,878448640.0,bert-inference-69f8cc488d-g8v7z
2026-08-14 21:52:06.529043,926605312.0,bert-inference-69f8cc488d-7442w
2026-08-14 21:52:11.529012,894361600.0,bert-inference-69f8cc488d-xhq9w
2026-08-14 21:52:11.529012,1018937344.0,bert-inference-69f8cc488d-xbnnq
2026-08-14 21:52:11.529012,1033773056.0,bert-inference-69f8cc488d-5952x
2026-08-14 21:52:11.529012,1314156544.0,bert-inference-69f8cc488d-7d4tz
2026-08-14 21:52:11.529012,878448640.0,bert-inference-69f8cc488d-g8v7z
2026-08-14 21:52:11.529012,926605312.0,bert-inference-69f8cc488d-7442w
2026-08-14 21:52:16.528905,894361600.0,bert-inference-69f8cc488d-xhq9w
2026-08-14 21:52:16.528905,1018937344.0,bert-inference-69f8cc488d-xbnnq
2026-08-14 21:52:16.528905,1033773056.0,bert-inference-69f8cc488d-5952x
2026-08-14 21:52:16.528905,1313931264.0,bert-inference-69f8cc488d-7d4tz
2026-08-14 21:52:16.528905,878469120.0,bert-inference-69f8cc488d-g8v7z
2026-08-14 21:52:16.528905,926605312.0,bert-inference-69f8cc488d-7442w
2026-08-14 21:52:21.528876,894361600.0,bert-inference-69f8cc488d-xhq9w
2026-08-14 21:52:21.528876,1019195392.0,bert-inference-69f8cc488d-xbnnq
2026-08-14 21:52:21.528876,1033498624.0,bert-inference-69f8cc488d-5952x
2026-08-14 21:52:21.528876,1313931264.0,bert-inference-69f8cc488d-7d4tz
2026-08-14 21:52:21.528876,878469120.0,bert-inference-69f8cc488d-g8v7z
2026-08-14 21:52:21.528876,926638080.0,bert-inference-69f8cc488d-7442w
2026-08-14 21:52:26.529067,894361600.0,bert-inference-69f8cc488d-xhq9w
2026-08-14 21:52:26.529067,1019195392.0,bert-inference-69f8cc488d-xbnnq
2026-08-14 21:52:26.529067,1033498624.0,bert-inference-69f8cc488d-5952x
2026-08-14 21:52:26.529067,1313931264.0,bert-inference-69f8cc488d-7d4tz
2026-08-14 21:52:26.529067,877977600.0,bert-inference-69f8cc488d-g8v7z
2026-08-14 21:52:26.529067,926638080.0,bert-inference-69f8cc488d-7442w
2026-08-14 21:52:31.527211,894869504.0,bert-inference-69f8cc488d-xhq9w
2026-08-14 21:52:31.527211,1019195392.0,bert-inference-69f8cc488d-xbnnq
2026-08-14 21:52:31.527211,1033498624.0,bert-inference-69f8cc488d-5952x
2026-08-14 21:52:31.527211,1314443264.0,bert-inference-69f8cc488d-7d4tz
2026-08-14 21:52:31.527211,877977600.0,bert-inference-69f8cc488d-g8v7z
2026-08-14 21:52:31.527211,926638080.0,bert-inference-69f8cc488d-7442w
2026-08-14 21:52:36.525228,894869504.0,bert-inference-69f8cc488d-xhq9w
2026-08-14 21:52:36.525228,1019195392.0,bert-inference-69f8cc488d-xbnnq
2026-08-14 21:52:36.525228,1033515008.0,bert-inference-69f8cc488d-5952x
2026-08-14 21:52:36.525228,1314443264.0,bert-inference-69f8cc488d-7d4tz
2026-08-14 21:52:36.525228,877977600.0,bert-inference-69f8cc488d-g8v7z
2026-08-14 21:52:36.525228,926937088.0,bert-inference-69f8cc488d-7442w
2026-08-14 21:52:41.528944,894869504.0,bert-inference-69f8cc488d-xhq9w
2026-08-14 21:52:41.528944,1019437056.0,bert-inference-69f8cc488d-xbnnq
2026-08-14 21:52:41.528944,1033515008.0,bert-inference-69f8cc488d-5952x
2026-08-14 21:52:41.528944,1314443264.0,bert-inference-69f8cc488d-7d4tz
2026-08-14 21:52:41.528944,877977600.0,bert-inference-69f8cc488d-g8v7z
2026-08-14 21:52:41.528944,926937088.0,bert-inference-69f8cc488d-7442w
2026-08-14 21:52:46.528887,894410752.0,bert-inference-69f8cc488d-xhq9w
2026-08-14 21:52:46.528887,1019437056.0,bert-inference-69f8cc488d-xbnnq
2026-08-14 21:52:46.528887,1033515008.0,bert-inference-69f8cc488d-5952x
2026-08-14 21:52:46.528887,1314443264.0,bert-inference-69f8cc488d-7d4tz
2026-08-14 21:52:46.528887,878186496.0,bert-inference-69f8cc488d-g8v7z
2026-08-14 21:52:46.528887,926670848.0,bert-inference-69f8cc488d-7442w
2026-08-14 21:52:51.525174,894410752.0,bert-inference-69f8cc488d-xhq9w
2026-08-14 21:52:51.525174,1019437056.0,bert-inference-69f8cc488d-xbnnq
2026-08-14 21:52:51.525174,1033535488.0,bert-inference-69f8cc488d-5952x
2026-08-14 21:52:51.525174,1313947648.0,bert-inference-69f8cc488d-7d4tz
2026-08-14 21:52:51.525174,878186496.0,bert-inference-69f8cc488d-g8v7z
2026-08-14 21:52:51.525174,926670848.0,bert-inference-69f8cc488d-7442w
2026-08-14 21:52:56.529080,894410752.0,bert-inference-69f8cc488d-xhq9w
2026-08-14 21:52:56.529080,1019244544.0,bert-inference-69f8cc488d-xbnnq
2026-08-14 21:52:56.529080,1033535488.0,bert-inference-69f8cc488d-5952x
2026-08-14 21:52:56.529080,1313947648.0,bert-inference-69f8cc488d-7d4tz
2026-08-14 21:52:56.529080,878186496.0,bert-inference-69f8cc488d-g8v7z
2026-08-14 21:52:56.529080,926670848.0,bert-inference-69f8cc488d-7442w
2026-08-14 21:53:01.526979,894410752.0,bert-inference-69f8cc488d-xhq9w
2026-08-14 21:53:01.526979,1019244544.0,bert-inference-69f8cc488d-xbnnq
2026-08-14 21:53:01.526979,1033535488.0,bert-inference-69f8cc488d-5952x
2026-08-14 21:53:01.526979,1313947648.0,bert-inference-69f8cc488d-7d4tz
2026-08-14 21:53:01.526979,878022656.0,bert-inference-69f8cc488d-g8v7z
2026-08-14 21:53:01.526979,926670848.0,bert-inference-69f8cc488d-7442w
2026-08-14 21:53:06.528959,894664704.0,bert-inference-69f8cc488d-xhq9w
2026-08-14 21:53:06.528959,1019244544.0,bert-inference-69f8cc488d-xbnnq
2026-08-14 21:53:06.528959,1034088448.0,bert-inference-69f8cc488d-5952x
2026-08-14 21:53:06.528959,1313943552.0,bert-inference-69f8cc488d-7d4tz
2026-08-14 21:53:06.528959,878022656.0,bert-inference-69f8cc488d-g8v7z
2026-08-14 21:53:06.528959,926670848.0,bert-inference-69f8cc488d-7442w
2026-08-14 21:53:11.528914,894664704.0,bert-inference-69f8cc488d-xhq9w
2026-08-14 21:53:11.528914,1019244544.0,bert-inference-69f8cc488d-xbnnq
2026-08-14 21:53:11.528914,1034088448.0,bert-inference-69f8cc488d-5952x
2026-08-14 21:53:11.528914,1313943552.0,bert-inference-69f8cc488d-7d4tz
2026-08-14 21:53:11.528914,878022656.0,bert-inference-69f8cc488d-g8v7z
2026-08-14 21:53:11.528914,926670848.0,bert-inference-69f8cc488d-7442w
2026-08-14 21:53:16.528878,894664704.0,bert-inference-69f8cc488d-xhq9w
2026-08-14 21:53:16.528878,1018986496.0,bert-inference-69f8cc488d-xbnnq
2026-08-14 21:53:16.528878,1034088448.0,bert-inference-69f8cc488d-5952x
2026-08-14 21:53:16.528878,1313943552.0,bert-inference-69f8cc488d-7d4tz
2026-08-14 21:53:16.528878,878555136.0,bert-inference-69f8cc488d-g8v7z
2026-08-14 21:53:16.528878,926670848.0,bert-inference-69f8cc488d-7442w
2026-08-14 21:53:21.528899,894431232.0,bert-inference-69f8cc488d-xhq9w
2026-08-14 21:53:21.528899,1018986496.0,bert-inference-69f8cc488d-xbnnq
2026-08-14 21:53:21.528899,1033805824.0,bert-inference-69f8cc488d-5952x
2026-08-14 21:53:21.528899,1313951744.0,bert-inference-69f8cc488d-7d4tz
2026-08-14 21:53:21.528899,878555136.0,bert-inference-69f8cc488d-g8v7z
2026-08-14 21:53:21.528899,926896128.0,bert-inference-69f8cc488d-7442w
2026-08-14 21:53:26.528809,894431232.0,bert-inference-69f8cc488d-xhq9w
2026-08-14 21:53:26.528809,1018982400.0,bert-inference-69f8cc488d-xbnnq
2026-08-14 21:53:26.528809,1033805824.0,bert-inference-69f8cc488d-5952x
2026-08-14 21:53:26.528809,1313951744.0,bert-inference-69f8cc488d-7d4tz
2026-08-14 21:53:26.528809,878555136.0,bert-inference-69f8cc488d-g8v7z
2026-08-14 21:53:26.528809,926896128.0,bert-inference-69f8cc488d-7442w
2026-08-14 21:53:31.528939,894431232.0,bert-inference-69f8cc488d-xhq9w
2026-08-14 21:53:31.528939,1018982400.0,bert-inference-69f8cc488d-xbnnq
2026-08-14 21:53:31.528939,1033805824.0,bert-inference-69f8cc488d-5952x
2026-08-14 21:53:31.528939,1313951744.0,bert-inference-69f8cc488d-7d4tz
2026-08-14 21:53:31.528939,878555136.0,bert-inference-69f8cc488d-g8v7z
2026-08-14 21:53:31.528939,926896128.0,bert-inference-69f8cc488d-7442w
2026-08-14 21:53:36.529072,894431232.0,bert-inference-69f8cc488d-xhq9w
2026-08-14 21:53:36.529072,1018982400.0,bert-inference-69f8cc488d-xbnnq
2026-08-14 21:53:36.529072,1033588736.0,bert-inference-69f8cc488d-5952x
2026-08-14 21:53:36.529072,1313951744.0,bert-inference-69f8cc488d-7d4tz
2026-08-14 21:53:36.529072,878059520.0,bert-inference-69f8cc488d-g8v7z
2026-08-14 21:53:36.529072,926916608.0,bert-inference-69f8cc488d-7442w
2026-08-14 21:53:41.527054,894431232.0,bert-inference-69f8cc488d-xhq9w
2026-08-14 21:53:41.527054,1019502592.0,bert-inference-69f8cc488d-xbnnq
2026-08-14 21:53:41.527054,1033588736.0,bert-inference-69f8cc488d-5952x
2026-08-14 21:53:41.527054,1313951744.0,bert-inference-69f8cc488d-7d4tz
2026-08-14 21:53:41.527054,878059520.0,bert-inference-69f8cc488d-g8v7z
2026-08-14 21:53:41.527054,926916608.0,bert-inference-69f8cc488d-7442w
2026-08-14 21:53:46.524094,894431232.0,bert-inference-69f8cc488d-xhq9w
2026-08-14 21:53:46.524094,1019502592.0,bert-inference-69f8cc488d-xbnnq
2026-08-14 21:53:46.524094,1033588736.0,bert-inference-69f8cc488d-5952x
2026-08-14 21:53:46.524094,1313984512.0,bert-inference-69f8cc488d-7d4tz
2026-08-14 21:53:46.524094,878059520.0,bert-inference-69f8cc488d-g8v7z
2026-08-14 21:53:46.524094,926916608.0,bert-inference-69f8cc488d-7442w
2026-08-14 21:53:51.529020,894431232.0,bert-inference-69f8cc488d-xhq9w
2026-08-14 21:53:51.529020,1019502592.0,bert-inference-69f8cc488d-xbnnq
2026-08-14 21:53:51.529020,1033588736.0,bert-inference-69f8cc488d-5952x
2026-08-14 21:53:51.529020,1313984512.0,bert-inference-69f8cc488d-7d4tz
2026-08-14 21:53:51.529020,878059520.0,bert-inference-69f8cc488d-g8v7z
2026-08-14 21:53:51.529020,926916608.0,bert-inference-69f8cc488d-7442w
2026-08-14 21:53:56.528944,894431232.0,bert-inference-69f8cc488d-xhq9w
2026-08-14 21:53:56.528944,1018982400.0,bert-inference-69f8cc488d-xbnnq
2026-08-14 21:53:56.528944,1033588736.0,bert-inference-69f8cc488d-5952x
2026-08-14 21:53:56.528944,1313984512.0,bert-inference-69f8cc488d-7d4tz
2026-08-14 21:53:56.528944,878059520.0,bert-inference-69f8cc488d-g8v7z
2026-08-14 21:53:56.528944,926674944.0,bert-inference-69f8cc488d-7442w
2026-08-14 21:54:01.528959,894431232.0,bert-inference-69f8cc488d-xhq9w
2026-08-14 21:54:01.528959,1018982400.0,bert-inference-69f8cc488d-xbnnq
2026-08-14 21:54:01.528959,1033588736.0,bert-inference-69f8cc488d-5952x
2026-08-14 21:54:01.528959,1313951744.0,bert-inference-69f8cc488d-7d4tz
2026-08-14 21:54:01.528959,878301184.0,bert-inference-69f8cc488d-g8v7z
2026-08-14 21:54:01.528959,926674944.0,bert-inference-69f8cc488d-7442w
2026-08-14 21:54:06.524256,894431232.0,bert-inference-69f8cc488d-xhq9w
2026-08-14 21:54:06.524256,1018978304.0,bert-inference-69f8cc488d-xbnnq
2026-08-14 21:54:06.524256,1034354688.0,bert-inference-69f8cc488d-5952x
2026-08-14 21:54:06.524256,1313951744.0,bert-inference-69f8cc488d-7d4tz
2026-08-14 21:54:06.524256,878301184.0,bert-inference-69f8cc488d-g8v7z
2026-08-14 21:54:06.524256,926674944.0,bert-inference-69f8cc488d-7442w
2026-08-14 21:54:11.528928,894431232.0,bert-inference-69f8cc488d-xhq9w
2026-08-14 21:54:11.528928,1018978304.0,bert-inference-69f8cc488d-xbnnq
2026-08-14 21:54:11.528928,1034354688.0,bert-inference-69f8cc488d-5952x
2026-08-14 21:54:11.528928,1314205696.0,bert-inference-69f8cc488d-7d4tz
2026-08-14 21:54:11.528928,878301184.0,bert-inference-69f8cc488d-g8v7z
2026-08-14 21:54:11.528928,926674944.0,bert-inference-69f8cc488d-7442w
2026-08-14 21:54:16.524788,894431232.0,bert-inference-69f8cc488d-xhq9w
2026-08-14 21:54:16.524788,1018978304.0,bert-inference-69f8cc488d-xbnnq
2026-08-14 21:54:16.524788,1034354688.0,bert-inference-69f8cc488d-5952x
2026-08-14 21:54:16.524788,1314205696.0,bert-inference-69f8cc488d-7d4tz
2026-08-14 21:54:16.524788,878301184.0,bert-inference-69f8cc488d-g8v7z
2026-08-14 21:54:16.524788,926674944.0,bert-inference-69f8cc488d-7442w
2026-08-14 21:54:21.528520,894431232.0,bert-inference-69f8cc488d-xhq9w
2026-08-14 21:54:21.528520,1018978304.0,bert-inference-69f8cc488d-xbnnq
2026-08-14 21:54:21.528520,1033584640.0,bert-inference-69f8cc488d-5952x
2026-08-14 21:54:21.528520,1314205696.0,bert-inference-69f8cc488d-7d4tz
2026-08-14 21:54:21.528520,878309376.0,bert-inference-69f8cc488d-g8v7z
2026-08-14 21:54:21.528520,926674944.0,bert-inference-69f8cc488d-7442w
2026-08-14 21:54:26.527452,894431232.0,bert-inference-69f8cc488d-xhq9w
2026-08-14 21:54:26.527452,1018978304.0,bert-inference-69f8cc488d-xbnnq
2026-08-14 21:54:26.527452,1033584640.0,bert-inference-69f8cc488d-5952x
2026-08-14 21:54:26.527452,1314205696.0,bert-inference-69f8cc488d-7d4tz
2026-08-14 21:54:26.527452,878309376.0,bert-inference-69f8cc488d-g8v7z
2026-08-14 21:54:26.527452,926920704.0,bert-inference-69f8cc488d-7442w
2026-08-14 21:54:31.528882,894431232.0,bert-inference-69f8cc488d-xhq9w
2026-08-14 21:54:31.528882,1018978304.0,bert-inference-69f8cc488d-xbnnq
2026-08-14 21:54:31.528882,1033584640.0,bert-inference-69f8cc488d-5952x
2026-08-14 21:54:31.528882,1313972224.0,bert-inference-69f8cc488d-7d4tz
2026-08-14 21:54:31.528882,878059520.0,bert-inference-69f8cc488d-g8v7z
2026-08-14 21:54:31.528882,926920704.0,bert-inference-69f8cc488d-7442w
2026-08-14 21:54:36.528962,894681088.0,bert-inference-69f8cc488d-xhq9w
2026-08-14 21:54:36.528962,1018982400.0,bert-inference-69f8cc488d-xbnnq
2026-08-14 21:54:36.528962,1033584640.0,bert-inference-69f8cc488d-5952x
2026-08-14 21:54:36.528962,1313972224.0,bert-inference-69f8cc488d-7d4tz
2026-08-14 21:54:36.528962,878059520.0,bert-inference-69f8cc488d-g8v7z
2026-08-14 21:54:36.528962,926920704.0,bert-inference-69f8cc488d-7442w
2026-08-14 21:54:41.528950,894681088.0,bert-inference-69f8cc488d-xhq9w
2026-08-14 21:54:41.528950,1018982400.0,bert-inference-69f8cc488d-xbnnq
2026-08-14 21:54:41.528950,1033584640.0,bert-inference-69f8cc488d-5952x
2026-08-14 21:54:41.528950,1314177024.0,bert-inference-69f8cc488d-7d4tz
2026-08-14 21:54:41.528950,878059520.0,bert-inference-69f8cc488d-g8v7z
2026-08-14 21:54:41.528950,926920704.0,bert-inference-69f8cc488d-7442w
2026-08-14 21:54:46.529000,894681088.0,bert-inference-69f8cc488d-xhq9w
2026-08-14 21:54:46.529000,1018982400.0,bert-inference-69f8cc488d-xbnnq
2026-08-14 21:54:46.529000,1033584640.0,bert-inference-69f8cc488d-5952x
2026-08-14 21:54:46.529000,1314177024.0,bert-inference-69f8cc488d-7d4tz
2026-08-14 21:54:46.529000,878059520.0,bert-inference-69f8cc488d-g8v7z
2026-08-14 21:54:46.529000,926674944.0,bert-inference-69f8cc488d-7442w
2026-08-14 21:54:51.528942,894664704.0,bert-inference-69f8cc488d-xhq9w
2026-08-14 21:54:51.528942,1018982400.0,bert-inference-69f8cc488d-xbnnq
2026-08-14 21:54:51.528942,1033584640.0,bert-inference-69f8cc488d-5952x
2026-08-14 21:54:51.528942,1313951744.0,bert-inference-69f8cc488d-7d4tz
2026-08-14 21:54:51.528942,878059520.0,bert-inference-69f8cc488d-g8v7z
2026-08-14 21:54:51.528942,926674944.0,bert-inference-69f8cc488d-7442w
2026-08-14 21:54:56.529131,894664704.0,bert-inference-69f8cc488d-xhq9w
2026-08-14 21:54:56.529131,1019203584.0,bert-inference-69f8cc488d-xbnnq
2026-08-14 21:54:56.529131,1033584640.0,bert-inference-69f8cc488d-5952x
2026-08-14 21:54:56.529131,1313951744.0,bert-inference-69f8cc488d-7d4tz
2026-08-14 21:54:56.529131,878059520.0,bert-inference-69f8cc488d-g8v7z
2026-08-14 21:54:56.529131,926924800.0,bert-inference-69f8cc488d-7442w
2026-08-14 21:55:01.528876,894451712.0,bert-inference-69f8cc488d-xhq9w
2026-08-14 21:55:01.528876,1019203584.0,bert-inference-69f8cc488d-xbnnq
2026-08-14 21:55:01.528876,1033584640.0,bert-inference-69f8cc488d-5952x
2026-08-14 21:55:01.528876,1313951744.0,bert-inference-69f8cc488d-7d4tz
2026-08-14 21:55:01.528876,878059520.0,bert-inference-69f8cc488d-g8v7z
2026-08-14 21:55:01.528876,926924800.0,bert-inference-69f8cc488d-7442w
2026-08-14 21:55:06.529146,894451712.0,bert-inference-69f8cc488d-xhq9w
2026-08-14 21:55:06.529146,1019203584.0,bert-inference-69f8cc488d-xbnnq
2026-08-14 21:55:06.529146,1033584640.0,bert-inference-69f8cc488d-5952x
2026-08-14 21:55:06.529146,1313955840.0,bert-inference-69f8cc488d-7d4tz
2026-08-14 21:55:06.529146,878059520.0,bert-inference-69f8cc488d-g8v7z
2026-08-14 21:55:06.529146,926924800.0,bert-inference-69f8cc488d-7442w
2026-08-14 21:55:11.528337,894451712.0,bert-inference-69f8cc488d-xhq9w
2026-08-14 21:55:11.528337,1019203584.0,bert-inference-69f8cc488d-xbnnq
2026-08-14 21:55:11.528337,1033584640.0,bert-inference-69f8cc488d-5952x
2026-08-14 21:55:11.528337,1313955840.0,bert-inference-69f8cc488d-7d4tz
2026-08-14 21:55:11.528337,878059520.0,bert-inference-69f8cc488d-g8v7z
2026-08-14 21:55:11.528337,926674944.0,bert-inference-69f8cc488d-7442w
2026-08-14 21:55:16.529050,894451712.0,bert-inference-69f8cc488d-xhq9w
2026-08-14 21:55:16.529050,1019203584.0,bert-inference-69f8cc488d-xbnnq
2026-08-14 21:55:16.529050,1033584640.0,bert-inference-69f8cc488d-5952x
2026-08-14 21:55:16.529050,1313955840.0,bert-inference-69f8cc488d-7d4tz
2026-08-14 21:55:16.529050,878059520.0,bert-inference-69f8cc488d-g8v7z
2026-08-14 21:55:16.529050,926674944.0,bert-inference-69f8cc488d-7442w
2026-08-14 21:55:21.528942,894431232.0,bert-inference-69f8cc488d-xhq9w
2026-08-14 21:55:21.528942,1019203584.0,bert-inference-69f8cc488d-xbnnq
2026-08-14 21:55:21.528942,1033584640.0,bert-inference-69f8cc488d-5952x
2026-08-14 21:55:21.528942,1313951744.0,bert-inference-69f8cc488d-7d4tz
2026-08-14 21:55:21.528942,878059520.0,bert-inference-69f8cc488d-g8v7z
2026-08-14 21:55:21.528942,926674944.0,bert-inference-69f8cc488d-7442w
2026-08-14 21:55:26.524455,894431232.0,bert-inference-69f8cc488d-xhq9w
2026-08-14 21:55:26.524455,1019211776.0,bert-inference-69f8cc488d-xbnnq
2026-08-14 21:55:26.524455,1033584640.0,bert-inference-69f8cc488d-5952x
2026-08-14 21:55:26.524455,1313951744.0,bert-inference-69f8cc488d-7d4tz
2026-08-14 21:55:26.524455,878059520.0,bert-inference-69f8cc488d-g8v7z
2026-08-14 21:55:26.524455,926674944.0,bert-inference-69f8cc488d-7442w
2026-08-14 21:55:31.524102,894431232.0,bert-inference-69f8cc488d-xhq9w
2026-08-14 21:55:31.524102,1019211776.0,bert-inference-69f8cc488d-xbnnq
2026-08-14 21:55:31.524102,1033588736.0,bert-inference-69f8cc488d-5952x
2026-08-14 21:55:31.524102,1313951744.0,bert-inference-69f8cc488d-7d4tz
2026-08-14 21:55:31.524102,878059520.0,bert-inference-69f8cc488d-g8v7z
2026-08-14 21:55:31.524102,926679040.0,bert-inference-69f8cc488d-7442w
2026-08-14 21:55:36.526237,894431232.0,bert-inference-69f8cc488d-xhq9w
2026-08-14 21:55:36.526237,1019211776.0,bert-inference-69f8cc488d-xbnnq
2026-08-14 21:55:36.526237,1033588736.0,bert-inference-69f8cc488d-5952x
2026-08-14 21:55:36.526237,1313980416.0,bert-inference-69f8cc488d-7d4tz
2026-08-14 21:55:36.526237,878059520.0,bert-inference-69f8cc488d-g8v7z
2026-08-14 21:55:36.526237,926679040.0,bert-inference-69f8cc488d-7442w
2026-08-14 21:55:41.529096,894676992.0,bert-inference-69f8cc488d-xhq9w
2026-08-14 21:55:41.529096,1019211776.0,bert-inference-69f8cc488d-xbnnq
2026-08-14 21:55:41.529096,1033588736.0,bert-inference-69f8cc488d-5952x
2026-08-14 21:55:41.529096,1313980416.0,bert-inference-69f8cc488d-7d4tz
2026-08-14 21:55:41.529096,878059520.0,bert-inference-69f8cc488d-g8v7z
2026-08-14 21:55:41.529096,926674944.0,bert-inference-69f8cc488d-7442w
2026-08-14 21:55:46.528867,894676992.0,bert-inference-69f8cc488d-xhq9w
2026-08-14 21:55:46.528867,1019002880.0,bert-inference-69f8cc488d-xbnnq
2026-08-14 21:55:46.528867,1033801728.0,bert-inference-69f8cc488d-5952x
2026-08-14 21:55:46.528867,1313980416.0,bert-inference-69f8cc488d-7d4tz
2026-08-14 21:55:46.528867,878288896.0,bert-inference-69f8cc488d-g8v7z
2026-08-14 21:55:46.528867,926674944.0,bert-inference-69f8cc488d-7442w
2026-08-14 21:55:51.528954,894685184.0,bert-inference-69f8cc488d-xhq9w
2026-08-14 21:55:51.528954,1019002880.0,bert-inference-69f8cc488d-xbnnq
2026-08-14 21:55:51.528954,1033801728.0,bert-inference-69f8cc488d-5952x
2026-08-14 21:55:51.528954,1314181120.0,bert-inference-69f8cc488d-7d4tz
2026-08-14 21:55:51.528954,878288896.0,bert-inference-69f8cc488d-g8v7z
2026-08-14 21:55:51.528954,926924800.0,bert-inference-69f8cc488d-7442w
2026-08-14 21:55:56.528940,894685184.0,bert-inference-69f8cc488d-xhq9w
2026-08-14 21:55:56.528940,1019002880.0,bert-inference-69f8cc488d-xbnnq
2026-08-14 21:55:56.528940,1033801728.0,bert-inference-69f8cc488d-5952x
2026-08-14 21:55:56.528940,1314181120.0,bert-inference-69f8cc488d-7d4tz
2026-08-14 21:55:56.528940,878288896.0,bert-inference-69f8cc488d-g8v7z
2026-08-14 21:55:56.528940,926924800.0,bert-inference-69f8cc488d-7442w
2026-08-14 21:56:01.528962,894685184.0,bert-inference-69f8cc488d-xhq9w
2026-08-14 21:56:01.528962,1019002880.0,bert-inference-69f8cc488d-xbnnq
2026-08-14 21:56:01.528962,1033805824.0,bert-inference-69f8cc488d-5952x
2026-08-14 21:56:01.528962,1314181120.0,bert-inference-69f8cc488d-7d4tz
2026-08-14 21:56:01.528962,878301184.0,bert-inference-69f8cc488d-g8v7z
2026-08-14 21:56:01.528962,926924800.0,bert-inference-69f8cc488d-7442w
2026-08-14 21:56:06.528977,894431232.0,bert-inference-69f8cc488d-xhq9w
2026-08-14 21:56:06.528977,1019236352.0,bert-inference-69f8cc488d-xbnnq
2026-08-14 21:56:06.528977,1033805824.0,bert-inference-69f8cc488d-5952x
2026-08-14 21:56:06.528977,1314181120.0,bert-inference-69f8cc488d-7d4tz
2026-08-14 21:56:06.528977,878301184.0,bert-inference-69f8cc488d-g8v7z
2026-08-14 21:56:06.528977,926900224.0,bert-inference-69f8cc488d-7442w
2026-08-14 21:56:11.524580,894431232.0,bert-inference-69f8cc488d-xhq9w
2026-08-14 21:56:11.524580,1019236352.0,bert-inference-69f8cc488d-xbnnq
2026-08-14 21:56:11.524580,1033805824.0,bert-inference-69f8cc488d-5952x
2026-08-14 21:56:11.524580,1314205696.0,bert-inference-69f8cc488d-7d4tz
2026-08-14 21:56:11.524580,878063616.0,bert-inference-69f8cc488d-g8v7z
2026-08-14 21:56:11.524580,926900224.0,bert-inference-69f8cc488d-7442w
2026-08-14 21:56:16.528945,894431232.0,bert-inference-69f8cc488d-xhq9w
2026-08-14 21:56:16.528945,1019228160.0,bert-inference-69f8cc488d-xbnnq
2026-08-14 21:56:16.528945,1033584640.0,bert-inference-69f8cc488d-5952x
2026-08-14 21:56:16.528945,1314205696.0,bert-inference-69f8cc488d-7d4tz
2026-08-14 21:56:16.528945,878063616.0,bert-inference-69f8cc488d-g8v7z
2026-08-14 21:56:16.528945,926900224.0,bert-inference-69f8cc488d-7442w
2026-08-14 21:56:21.528959,894431232.0,bert-inference-69f8cc488d-xhq9w
2026-08-14 21:56:21.528959,1019228160.0,bert-inference-69f8cc488d-xbnnq
2026-08-14 21:56:21.528959,1033584640.0,bert-inference-69f8cc488d-5952x
2026-08-14 21:56:21.528959,1314205696.0,bert-inference-69f8cc488d-7d4tz
2026-08-14 21:56:21.528959,878063616.0,bert-inference-69f8cc488d-g8v7z
2026-08-14 21:56:21.528959,926900224.0,bert-inference-69f8cc488d-7442w
2026-08-14 21:56:26.528952,894431232.0,bert-inference-69f8cc488d-xhq9w
2026-08-14 21:56:26.528952,1019228160.0,bert-inference-69f8cc488d-xbnnq
2026-08-14 21:56:26.528952,1033584640.0,bert-inference-69f8cc488d-5952x
2026-08-14 21:56:26.528952,1313955840.0,bert-inference-69f8cc488d-7d4tz
2026-08-14 21:56:26.528952,878067712.0,bert-inference-69f8cc488d-g8v7z
2026-08-14 21:56:26.528952,926924800.0,bert-inference-69f8cc488d-7442w
2026-08-14 21:56:31.528952,894431232.0,bert-inference-69f8cc488d-xhq9w
2026-08-14 21:56:31.528952,1018994688.0,bert-inference-69f8cc488d-xbnnq
2026-08-14 21:56:31.528952,1033584640.0,bert-inference-69f8cc488d-5952x
2026-08-14 21:56:31.528952,1313955840.0,bert-inference-69f8cc488d-7d4tz
2026-08-14 21:56:31.528952,878067712.0,bert-inference-69f8cc488d-g8v7z
2026-08-14 21:56:31.528952,926924800.0,bert-inference-69f8cc488d-7442w
2026-08-14 21:56:36.528993,894431232.0,bert-inference-69f8cc488d-xhq9w
2026-08-14 21:56:36.528993,1018994688.0,bert-inference-69f8cc488d-xbnnq
2026-08-14 21:56:36.528993,1033584640.0,bert-inference-69f8cc488d-5952x
2026-08-14 21:56:36.528993,1313955840.0,bert-inference-69f8cc488d-7d4tz
2026-08-14 21:56:36.528993,878067712.0,bert-inference-69f8cc488d-g8v7z
2026-08-14 21:56:36.528993,926924800.0,bert-inference-69f8cc488d-7442w
2026-08-14 21:56:41.529160,894431232.0,bert-inference-69f8cc488d-xhq9w
2026-08-14 21:56:41.529160,1018994688.0,bert-inference-69f8cc488d-xbnnq
2026-08-14 21:56:41.529160,1033584640.0,bert-inference-69f8cc488d-5952x
2026-08-14 21:56:41.529160,1313955840.0,bert-inference-69f8cc488d-7d4tz
2026-08-14 21:56:41.529160,878288896.0,bert-inference-69f8cc488d-g8v7z
2026-08-14 21:56:41.529160,926924800.0,bert-inference-69f8cc488d-7442w
2026-08-14 21:56:46.528938,894431232.0,bert-inference-69f8cc488d-xhq9w
2026-08-14 21:56:46.528938,1018994688.0,bert-inference-69f8cc488d-xbnnq
2026-08-14 21:56:46.528938,1033584640.0,bert-inference-69f8cc488d-5952x
2026-08-14 21:56:46.528938,1313951744.0,bert-inference-69f8cc488d-7d4tz
2026-08-14 21:56:46.528938,878288896.0,bert-inference-69f8cc488d-g8v7z
2026-08-14 21:56:46.528938,926679040.0,bert-inference-69f8cc488d-7442w
2026-08-14 21:56:51.528911,894431232.0,bert-inference-69f8cc488d-xhq9w
2026-08-14 21:56:51.528911,1019219968.0,bert-inference-69f8cc488d-xbnnq
2026-08-14 21:56:51.528911,1033580544.0,bert-inference-69f8cc488d-5952x
2026-08-14 21:56:51.528911,1313951744.0,bert-inference-69f8cc488d-7d4tz
2026-08-14 21:56:51.528911,878288896.0,bert-inference-69f8cc488d-g8v7z
2026-08-14 21:56:51.528911,926679040.0,bert-inference-69f8cc488d-7442w
2026-08-14 21:56:56.528204,894648320.0,bert-inference-69f8cc488d-xhq9w
2026-08-14 21:56:56.528204,1019219968.0,bert-inference-69f8cc488d-xbnnq
2026-08-14 21:56:56.528204,1033580544.0,bert-inference-69f8cc488d-5952x
2026-08-14 21:56:56.528204,1313951744.0,bert-inference-69f8cc488d-7d4tz
2026-08-14 21:56:56.528204,878063616.0,bert-inference-69f8cc488d-g8v7z
2026-08-14 21:56:56.528204,926679040.0,bert-inference-69f8cc488d-7442w
2026-08-14 21:57:01.526291,894648320.0,bert-inference-69f8cc488d-xhq9w
2026-08-14 21:57:01.526291,1018994688.0,bert-inference-69f8cc488d-xbnnq
2026-08-14 21:57:01.526291,1033584640.0,bert-inference-69f8cc488d-5952x
2026-08-14 21:57:01.526291,1313951744.0,bert-inference-69f8cc488d-7d4tz
2026-08-14 21:57:01.526291,878063616.0,bert-inference-69f8cc488d-g8v7z
2026-08-14 21:57:01.526291,926666752.0,bert-inference-69f8cc488d-7442w
2026-08-14 21:57:06.528940,894648320.0,bert-inference-69f8cc488d-xhq9w
2026-08-14 21:57:06.528940,1018994688.0,bert-inference-69f8cc488d-xbnnq
2026-08-14 21:57:06.528940,1033584640.0,bert-inference-69f8cc488d-5952x
2026-08-14 21:57:06.528940,1313955840.0,bert-inference-69f8cc488d-7d4tz
2026-08-14 21:57:06.528940,878063616.0,bert-inference-69f8cc488d-g8v7z
2026-08-14 21:57:06.528940,926666752.0,bert-inference-69f8cc488d-7442w
2026-08-14 21:57:11.528884,894660608.0,bert-inference-69f8cc488d-xhq9w
2026-08-14 21:57:11.528884,1018994688.0,bert-inference-69f8cc488d-xbnnq
2026-08-14 21:57:11.528884,1033584640.0,bert-inference-69f8cc488d-5952x
2026-08-14 21:57:11.528884,1313955840.0,bert-inference-69f8cc488d-7d4tz
2026-08-14 21:57:11.528884,878063616.0,bert-inference-69f8cc488d-g8v7z
2026-08-14 21:57:11.528884,926666752.0,bert-inference-69f8cc488d-7442w
2026-08-14 21:57:16.528953,894660608.0,bert-inference-69f8cc488d-xhq9w
2026-08-14 21:57:16.528953,1018994688.0,bert-inference-69f8cc488d-xbnnq
2026-08-14 21:57:16.528953,1033584640.0,bert-inference-69f8cc488d-5952x
2026-08-14 21:57:16.528953,1313955840.0,bert-inference-69f8cc488d-7d4tz
2026-08-14 21:57:16.528953,878063616.0,bert-inference-69f8cc488d-g8v7z
2026-08-14 21:57:16.528953,926666752.0,bert-inference-69f8cc488d-7442w
2026-08-14 21:57:21.528913,894431232.0,bert-inference-69f8cc488d-xhq9w
2026-08-14 21:57:21.528913,1018994688.0,bert-inference-69f8cc488d-xbnnq
2026-08-14 21:57:21.528913,1033588736.0,bert-inference-69f8cc488d-5952x
2026-08-14 21:57:21.528913,1313955840.0,bert-inference-69f8cc488d-7d4tz
2026-08-14 21:57:21.528913,878063616.0,bert-inference-69f8cc488d-g8v7z
2026-08-14 21:57:21.528913,926691328.0,bert-inference-69f8cc488d-7442w
2026-08-14 21:57:26.527766,894431232.0,bert-inference-69f8cc488d-xhq9w
2026-08-14 21:57:26.527766,1018994688.0,bert-inference-69f8cc488d-xbnnq
2026-08-14 21:57:26.527766,1033588736.0,bert-inference-69f8cc488d-5952x
2026-08-14 21:57:26.527766,1313955840.0,bert-inference-69f8cc488d-7d4tz
2026-08-14 21:57:26.527766,878063616.0,bert-inference-69f8cc488d-g8v7z
2026-08-14 21:57:26.527766,926691328.0,bert-inference-69f8cc488d-7442w
2026-08-14 21:57:31.528614,894431232.0,bert-inference-69f8cc488d-xhq9w
2026-08-14 21:57:31.528614,1018994688.0,bert-inference-69f8cc488d-xbnnq
2026-08-14 21:57:31.528614,1033588736.0,bert-inference-69f8cc488d-5952x
2026-08-14 21:57:31.528614,1313955840.0,bert-inference-69f8cc488d-7d4tz
2026-08-14 21:57:31.528614,878063616.0,bert-inference-69f8cc488d-g8v7z
2026-08-14 21:57:31.528614,926691328.0,bert-inference-69f8cc488d-7442w
2026-08-14 21:57:36.527274,894713856.0,bert-inference-69f8cc488d-xhq9w
2026-08-14 21:57:36.527274,1018994688.0,bert-inference-69f8cc488d-xbnnq
2026-08-14 21:57:36.527274,1033588736.0,bert-inference-69f8cc488d-5952x
2026-08-14 21:57:36.527274,1313955840.0,bert-inference-69f8cc488d-7d4tz
2026-08-14 21:57:36.527274,878063616.0,bert-inference-69f8cc488d-g8v7z
2026-08-14 21:57:36.527274,926666752.0,bert-inference-69f8cc488d-7442w
2026-08-14 21:57:41.524884,894713856.0,bert-inference-69f8cc488d-xhq9w
2026-08-14 21:57:41.524884,1019228160.0,bert-inference-69f8cc488d-xbnnq
2026-08-14 21:57:41.524884,1033584640.0,bert-inference-69f8cc488d-5952x
2026-08-14 21:57:41.524884,1313955840.0,bert-inference-69f8cc488d-7d4tz
2026-08-14 21:57:41.524884,878063616.0,bert-inference-69f8cc488d-g8v7z
2026-08-14 21:57:41.524884,926666752.0,bert-inference-69f8cc488d-7442w
2026-08-14 21:57:46.528885,894656512.0,bert-inference-69f8cc488d-xhq9w
2026-08-14 21:57:46.528885,1019228160.0,bert-inference-69f8cc488d-xbnnq
2026-08-14 21:57:46.528885,1033584640.0,bert-inference-69f8cc488d-5952x
2026-08-14 21:57:46.528885,1313955840.0,bert-inference-69f8cc488d-7d4tz
2026-08-14 21:57:46.528885,878084096.0,bert-inference-69f8cc488d-g8v7z
2026-08-14 21:57:46.528885,926666752.0,bert-inference-69f8cc488d-7442w
2026-08-14 21:57:51.528972,894656512.0,bert-inference-69f8cc488d-xhq9w
2026-08-14 21:57:51.528972,1019228160.0,bert-inference-69f8cc488d-xbnnq
2026-08-14 21:57:51.528972,1033584640.0,bert-inference-69f8cc488d-5952x
2026-08-14 21:57:51.528972,1313955840.0,bert-inference-69f8cc488d-7d4tz
2026-08-14 21:57:51.528972,878084096.0,bert-inference-69f8cc488d-g8v7z
2026-08-14 21:57:51.528972,926687232.0,bert-inference-69f8cc488d-7442w
2026-08-14 21:57:56.528931,894656512.0,bert-inference-69f8cc488d-xhq9w
2026-08-14 21:57:56.528931,1019490304.0,bert-inference-69f8cc488d-xbnnq
2026-08-14 21:57:56.528931,1033592832.0,bert-inference-69f8cc488d-5952x
2026-08-14 21:57:56.528931,1313955840.0,bert-inference-69f8cc488d-7d4tz
2026-08-14 21:57:56.528931,878084096.0,bert-inference-69f8cc488d-g8v7z
2026-08-14 21:57:56.528931,926687232.0,bert-inference-69f8cc488d-7442w
2026-08-14 21:58:01.528971,894656512.0,bert-inference-69f8cc488d-xhq9w
2026-08-14 21:58:01.528971,1019490304.0,bert-inference-69f8cc488d-xbnnq
2026-08-14 21:58:01.528971,1033592832.0,bert-inference-69f8cc488d-5952x
2026-08-14 21:58:01.528971,1313955840.0,bert-inference-69f8cc488d-7d4tz
2026-08-14 21:58:01.528971,878284800.0,bert-inference-69f8cc488d-g8v7z
2026-08-14 21:58:01.528971,926687232.0,bert-inference-69f8cc488d-7442w
2026-08-14 21:58:06.528945,894431232.0,bert-inference-69f8cc488d-xhq9w
2026-08-14 21:58:06.528945,1019490304.0,bert-inference-69f8cc488d-xbnnq
2026-08-14 21:58:06.528945,1033592832.0,bert-inference-69f8cc488d-5952x
2026-08-14 21:58:06.528945,1313955840.0,bert-inference-69f8cc488d-7d4tz
2026-08-14 21:58:06.528945,878284800.0,bert-inference-69f8cc488d-g8v7z
2026-08-14 21:58:06.528945,926687232.0,bert-inference-69f8cc488d-7442w
2026-08-14 21:58:11.524504,894431232.0,bert-inference-69f8cc488d-xhq9w
2026-08-14 21:58:11.524504,1018994688.0,bert-inference-69f8cc488d-xbnnq
2026-08-14 21:58:11.524504,1033588736.0,bert-inference-69f8cc488d-5952x
2026-08-14 21:58:11.524504,1313955840.0,bert-inference-69f8cc488d-7d4tz
2026-08-14 21:58:11.524504,878284800.0,bert-inference-69f8cc488d-g8v7z
2026-08-14 21:58:11.524504,926666752.0,bert-inference-69f8cc488d-7442w
2026-08-14 21:58:16.528946,894431232.0,bert-inference-69f8cc488d-xhq9w
2026-08-14 21:58:16.528946,1018994688.0,bert-inference-69f8cc488d-xbnnq
2026-08-14 21:58:16.528946,1033588736.0,bert-inference-69f8cc488d-5952x
2026-08-14 21:58:16.528946,1313955840.0,bert-inference-69f8cc488d-7d4tz
2026-08-14 21:58:16.528946,878063616.0,bert-inference-69f8cc488d-g8v7z
2026-08-14 21:58:16.528946,926666752.0,bert-inference-69f8cc488d-7442w
2026-08-14 21:58:21.528417,894689280.0,bert-inference-69f8cc488d-xhq9w
2026-08-14 21:58:21.528417,1018994688.0,bert-inference-69f8cc488d-xbnnq
2026-08-14 21:58:21.528417,1033588736.0,bert-inference-69f8cc488d-5952x
2026-08-14 21:58:21.528417,1313955840.0,bert-inference-69f8cc488d-7d4tz
2026-08-14 21:58:21.528417,878063616.0,bert-inference-69f8cc488d-g8v7z
2026-08-14 21:58:21.528417,926666752.0,bert-inference-69f8cc488d-7442w
2026-08-14 21:58:26.527849,894689280.0,bert-inference-69f8cc488d-xhq9w
2026-08-14 21:58:26.527849,1019215872.0,bert-inference-69f8cc488d-xbnnq
2026-08-14 21:58:26.527849,1034104832.0,bert-inference-69f8cc488d-5952x
2026-08-14 21:58:26.527849,1313955840.0,bert-inference-69f8cc488d-7d4tz
2026-08-14 21:58:26.527849,878288896.0,bert-inference-69f8cc488d-g8v7z
2026-08-14 21:58:26.527849,926666752.0,bert-inference-69f8cc488d-7442w
2026-08-14 21:58:31.528969,894689280.0,bert-inference-69f8cc488d-xhq9w
2026-08-14 21:58:31.528969,1019215872.0,bert-inference-69f8cc488d-xbnnq
2026-08-14 21:58:31.528969,1034104832.0,bert-inference-69f8cc488d-5952x
2026-08-14 21:58:31.528969,1313955840.0,bert-inference-69f8cc488d-7d4tz
2026-08-14 21:58:31.528969,878288896.0,bert-inference-69f8cc488d-g8v7z
2026-08-14 21:58:31.528969,926666752.0,bert-inference-69f8cc488d-7442w
2026-08-14 21:58:36.524736,894431232.0,bert-inference-69f8cc488d-xhq9w
2026-08-14 21:58:36.524736,1019215872.0,bert-inference-69f8cc488d-xbnnq
2026-08-14 21:58:36.524736,1034104832.0,bert-inference-69f8cc488d-5952x
2026-08-14 21:58:36.524736,1313955840.0,bert-inference-69f8cc488d-7d4tz
2026-08-14 21:58:36.524736,878288896.0,bert-inference-69f8cc488d-g8v7z
2026-08-14 21:58:36.524736,926666752.0,bert-inference-69f8cc488d-7442w
2026-08-14 21:58:41.526703,894431232.0,bert-inference-69f8cc488d-xhq9w
2026-08-14 21:58:41.526703,1018994688.0,bert-inference-69f8cc488d-xbnnq
2026-08-14 21:58:41.526703,1033592832.0,bert-inference-69f8cc488d-5952x
2026-08-14 21:58:41.526703,1314177024.0,bert-inference-69f8cc488d-7d4tz
2026-08-14 21:58:41.526703,878063616.0,bert-inference-69f8cc488d-g8v7z
2026-08-14 21:58:41.526703,926662656.0,bert-inference-69f8cc488d-7442w
2026-08-14 21:58:46.528875,894431232.0,bert-inference-69f8cc488d-xhq9w
2026-08-14 21:58:46.528875,1018994688.0,bert-inference-69f8cc488d-xbnnq
2026-08-14 21:58:46.528875,1033592832.0,bert-inference-69f8cc488d-5952x
2026-08-14 21:58:46.528875,1314177024.0,bert-inference-69f8cc488d-7d4tz
2026-08-14 21:58:46.528875,878063616.0,bert-inference-69f8cc488d-g8v7z
2026-08-14 21:58:46.528875,926662656.0,bert-inference-69f8cc488d-7442w
2026-08-14 21:58:51.529070,894431232.0,bert-inference-69f8cc488d-xhq9w
2026-08-14 21:58:51.529070,1018994688.0,bert-inference-69f8cc488d-xbnnq
2026-08-14 21:58:51.529070,1033592832.0,bert-inference-69f8cc488d-5952x
2026-08-14 21:58:51.529070,1314177024.0,bert-inference-69f8cc488d-7d4tz
2026-08-14 21:58:51.529070,878288896.0,bert-inference-69f8cc488d-g8v7z
2026-08-14 21:58:51.529070,926670848.0,bert-inference-69f8cc488d-7442w
2026-08-14 21:58:56.528944,894431232.0,bert-inference-69f8cc488d-xhq9w
2026-08-14 21:58:56.528944,1018994688.0,bert-inference-69f8cc488d-xbnnq
2026-08-14 21:58:56.528944,1033592832.0,bert-inference-69f8cc488d-5952x
2026-08-14 21:58:56.528944,1313955840.0,bert-inference-69f8cc488d-7d4tz
2026-08-14 21:58:56.528944,878288896.0,bert-inference-69f8cc488d-g8v7z
2026-08-14 21:58:56.528944,926670848.0,bert-inference-69f8cc488d-7442w
2026-08-14 21:59:01.528971,894431232.0,bert-inference-69f8cc488d-xhq9w
2026-08-14 21:59:01.528971,1018994688.0,bert-inference-69f8cc488d-xbnnq
2026-08-14 21:59:01.528971,1033613312.0,bert-inference-69f8cc488d-5952x
2026-08-14 21:59:01.528971,1313955840.0,bert-inference-69f8cc488d-7d4tz
2026-08-14 21:59:01.528971,878288896.0,bert-inference-69f8cc488d-g8v7z
2026-08-14 21:59:01.528971,926670848.0,bert-inference-69f8cc488d-7442w
2026-08-14 21:59:06.524510,894431232.0,bert-inference-69f8cc488d-xhq9w
2026-08-14 21:59:06.524510,1018994688.0,bert-inference-69f8cc488d-xbnnq
2026-08-14 21:59:06.524510,1033613312.0,bert-inference-69f8cc488d-5952x
2026-08-14 21:59:06.524510,1313980416.0,bert-inference-69f8cc488d-7d4tz
2026-08-14 21:59:06.524510,878288896.0,bert-inference-69f8cc488d-g8v7z
2026-08-14 21:59:06.524510,926666752.0,bert-inference-69f8cc488d-7442w
2026-08-14 21:59:11.528958,894427136.0,bert-inference-69f8cc488d-xhq9w
2026-08-14 21:59:11.528958,1018994688.0,bert-inference-69f8cc488d-xbnnq
2026-08-14 21:59:11.528958,1033613312.0,bert-inference-69f8cc488d-5952x
2026-08-14 21:59:11.528958,1313980416.0,bert-inference-69f8cc488d-7d4tz
2026-08-14 21:59:11.528958,878551040.0,bert-inference-69f8cc488d-g8v7z
2026-08-14 21:59:11.528958,926666752.0,bert-inference-69f8cc488d-7442w
2026-08-14 21:59:16.528914,894427136.0,bert-inference-69f8cc488d-xhq9w
2026-08-14 21:59:16.528914,1018998784.0,bert-inference-69f8cc488d-xbnnq
2026-08-14 21:59:16.528914,1033613312.0,bert-inference-69f8cc488d-5952x
2026-08-14 21:59:16.528914,1313980416.0,bert-inference-69f8cc488d-7d4tz
2026-08-14 21:59:16.528914,878551040.0,bert-inference-69f8cc488d-g8v7z
2026-08-14 21:59:16.528914,926666752.0,bert-inference-69f8cc488d-7442w
2026-08-14 21:59:21.529013,894427136.0,bert-inference-69f8cc488d-xhq9w
2026-08-14 21:59:21.529013,1018998784.0,bert-inference-69f8cc488d-xbnnq
2026-08-14 21:59:21.529013,1033588736.0,bert-inference-69f8cc488d-5952x
2026-08-14 21:59:21.529013,1313980416.0,bert-inference-69f8cc488d-7d4tz
2026-08-14 21:59:21.529013,878551040.0,bert-inference-69f8cc488d-g8v7z
2026-08-14 21:59:21.529013,926666752.0,bert-inference-69f8cc488d-7442w
2026-08-14 21:59:26.528940,894427136.0,bert-inference-69f8cc488d-xhq9w
2026-08-14 21:59:26.528940,1018998784.0,bert-inference-69f8cc488d-xbnnq
2026-08-14 21:59:26.528940,1033588736.0,bert-inference-69f8cc488d-5952x
2026-08-14 21:59:26.528940,1313959936.0,bert-inference-69f8cc488d-7d4tz
2026-08-14 21:59:26.528940,878551040.0,bert-inference-69f8cc488d-g8v7z
2026-08-14 21:59:26.528940,926892032.0,bert-inference-69f8cc488d-7442w
2026-08-14 21:59:31.527218,894648320.0,bert-inference-69f8cc488d-xhq9w
2026-08-14 21:59:31.527218,1018998784.0,bert-inference-69f8cc488d-xbnnq
2026-08-14 21:59:31.527218,1033588736.0,bert-inference-69f8cc488d-5952x
2026-08-14 21:59:31.527218,1313959936.0,bert-inference-69f8cc488d-7d4tz
2026-08-14 21:59:31.527218,878067712.0,bert-inference-69f8cc488d-g8v7z
2026-08-14 21:59:31.527218,926892032.0,bert-inference-69f8cc488d-7442w
2026-08-14 21:59:36.529011,894648320.0,bert-inference-69f8cc488d-xhq9w
2026-08-14 21:59:36.529011,1019252736.0,bert-inference-69f8cc488d-xbnnq
2026-08-14 21:59:36.529011,1033588736.0,bert-inference-69f8cc488d-5952x
2026-08-14 21:59:36.529011,1313959936.0,bert-inference-69f8cc488d-7d4tz
2026-08-14 21:59:36.529011,878067712.0,bert-inference-69f8cc488d-g8v7z
2026-08-14 21:59:36.529011,926892032.0,bert-inference-69f8cc488d-7442w
2026-08-14 21:59:41.526953,894648320.0,bert-inference-69f8cc488d-xhq9w
2026-08-14 21:59:41.526953,1019252736.0,bert-inference-69f8cc488d-xbnnq
2026-08-14 21:59:41.526953,1033588736.0,bert-inference-69f8cc488d-5952x
2026-08-14 21:59:41.526953,1313992704.0,bert-inference-69f8cc488d-7d4tz
2026-08-14 21:59:41.526953,878067712.0,bert-inference-69f8cc488d-g8v7z
2026-08-14 21:59:41.526953,926892032.0,bert-inference-69f8cc488d-7442w
2026-08-14 21:59:46.527703,894709760.0,bert-inference-69f8cc488d-xhq9w
2026-08-14 21:59:46.527703,1019252736.0,bert-inference-69f8cc488d-xbnnq
2026-08-14 21:59:46.527703,1033588736.0,bert-inference-69f8cc488d-5952x
2026-08-14 21:59:46.527703,1313992704.0,bert-inference-69f8cc488d-7d4tz
2026-08-14 21:59:46.527703,878067712.0,bert-inference-69f8cc488d-g8v7z
2026-08-14 21:59:46.527703,926687232.0,bert-inference-69f8cc488d-7442w
2026-08-14 21:59:51.525338,894709760.0,bert-inference-69f8cc488d-xhq9w
2026-08-14 21:59:51.525338,1019015168.0,bert-inference-69f8cc488d-xbnnq
2026-08-14 21:59:51.525338,1033588736.0,bert-inference-69f8cc488d-5952x
2026-08-14 21:59:51.525338,1313992704.0,bert-inference-69f8cc488d-7d4tz
2026-08-14 21:59:51.525338,878288896.0,bert-inference-69f8cc488d-g8v7z
2026-08-14 21:59:51.525338,926687232.0,bert-inference-69f8cc488d-7442w
2026-08-14 21:59:56.528541,894431232.0,bert-inference-69f8cc488d-xhq9w
2026-08-14 21:59:56.528541,1019015168.0,bert-inference-69f8cc488d-xbnnq
2026-08-14 21:59:56.528541,1033588736.0,bert-inference-69f8cc488d-5952x
2026-08-14 21:59:56.528541,1313955840.0,bert-inference-69f8cc488d-7d4tz
2026-08-14 21:59:56.528541,878288896.0,bert-inference-69f8cc488d-g8v7z
2026-08-14 21:59:56.528541,926687232.0,bert-inference-69f8cc488d-7442w
2026-08-14 22:00:01.524206,894431232.0,bert-inference-69f8cc488d-xhq9w
2026-08-14 22:00:01.524206,1019015168.0,bert-inference-69f8cc488d-xbnnq
2026-08-14 22:00:01.524206,1033588736.0,bert-inference-69f8cc488d-5952x
2026-08-14 22:00:01.524206,1313955840.0,bert-inference-69f8cc488d-7d4tz
2026-08-14 22:00:01.524206,878084096.0,bert-inference-69f8cc488d-g8v7z
2026-08-14 22:00:01.524206,926666752.0,bert-inference-69f8cc488d-7442w
2026-08-14 22:00:06.528262,894431232.0,bert-inference-69f8cc488d-xhq9w
2026-08-14 22:00:06.528262,1019023360.0,bert-inference-69f8cc488d-xbnnq
2026-08-14 22:00:06.528262,1033588736.0,bert-inference-69f8cc488d-5952x
2026-08-14 22:00:06.528262,1313955840.0,bert-inference-69f8cc488d-7d4tz
2026-08-14 22:00:06.528262,878084096.0,bert-inference-69f8cc488d-g8v7z
2026-08-14 22:00:06.528262,926666752.0,bert-inference-69f8cc488d-7442w
2026-08-14 22:00:11.526935,894431232.0,bert-inference-69f8cc488d-xhq9w
2026-08-14 22:00:11.526935,1019023360.0,bert-inference-69f8cc488d-xbnnq
2026-08-14 22:00:11.526935,1033588736.0,bert-inference-69f8cc488d-5952x
2026-08-14 22:00:11.526935,1313955840.0,bert-inference-69f8cc488d-7d4tz
2026-08-14 22:00:11.526935,878084096.0,bert-inference-69f8cc488d-g8v7z
2026-08-14 22:00:11.526935,926666752.0,bert-inference-69f8cc488d-7442w
2026-08-14 22:00:16.528940,894914560.0,bert-inference-69f8cc488d-xhq9w
2026-08-14 22:00:16.528940,1019023360.0,bert-inference-69f8cc488d-xbnnq
2026-08-14 22:00:16.528940,1033588736.0,bert-inference-69f8cc488d-5952x
2026-08-14 22:00:16.528940,1313955840.0,bert-inference-69f8cc488d-7d4tz
2026-08-14 22:00:16.528940,878084096.0,bert-inference-69f8cc488d-g8v7z
2026-08-14 22:00:16.528940,926928896.0,bert-inference-69f8cc488d-7442w
2026-08-14 22:00:21.528937,894914560.0,bert-inference-69f8cc488d-xhq9w
2026-08-14 22:00:21.528937,1018998784.0,bert-inference-69f8cc488d-xbnnq
2026-08-14 22:00:21.528937,1033588736.0,bert-inference-69f8cc488d-5952x
2026-08-14 22:00:21.528937,1313955840.0,bert-inference-69f8cc488d-7d4tz
2026-08-14 22:00:21.528937,878063616.0,bert-inference-69f8cc488d-g8v7z
2026-08-14 22:00:21.528937,926928896.0,bert-inference-69f8cc488d-7442w
2026-08-14 22:00:26.529081,894914560.0,bert-inference-69f8cc488d-xhq9w
2026-08-14 22:00:26.529081,1018998784.0,bert-inference-69f8cc488d-xbnnq
2026-08-14 22:00:26.529081,1033588736.0,bert-inference-69f8cc488d-5952x
2026-08-14 22:00:26.529081,1313955840.0,bert-inference-69f8cc488d-7d4tz
2026-08-14 22:00:26.529081,878063616.0,bert-inference-69f8cc488d-g8v7z
2026-08-14 22:00:26.529081,926666752.0,bert-inference-69f8cc488d-7442w
2026-08-14 22:00:31.528947,894431232.0,bert-inference-69f8cc488d-xhq9w
2026-08-14 22:00:31.528947,1018998784.0,bert-inference-69f8cc488d-xbnnq
2026-08-14 22:00:31.528947,1033588736.0,bert-inference-69f8cc488d-5952x
2026-08-14 22:00:31.528947,1313955840.0,bert-inference-69f8cc488d-7d4tz
2026-08-14 22:00:31.528947,878059520.0,bert-inference-69f8cc488d-g8v7z
2026-08-14 22:00:31.528947,926666752.0,bert-inference-69f8cc488d-7442w
2026-08-14 22:00:36.524167,894431232.0,bert-inference-69f8cc488d-xhq9w
2026-08-14 22:00:36.524167,1019215872.0,bert-inference-69f8cc488d-xbnnq
2026-08-14 22:00:36.524167,1033596928.0,bert-inference-69f8cc488d-5952x
2026-08-14 22:00:36.524167,1313955840.0,bert-inference-69f8cc488d-7d4tz
2026-08-14 22:00:36.524167,878059520.0,bert-inference-69f8cc488d-g8v7z
2026-08-14 22:00:36.524167,926666752.0,bert-inference-69f8cc488d-7442w
2026-08-14 22:00:41.524500,894431232.0,bert-inference-69f8cc488d-xhq9w
2026-08-14 22:00:41.524500,1019215872.0,bert-inference-69f8cc488d-xbnnq
2026-08-14 22:00:41.524500,1033596928.0,bert-inference-69f8cc488d-5952x
2026-08-14 22:00:41.524500,1313955840.0,bert-inference-69f8cc488d-7d4tz
2026-08-14 22:00:41.524500,878063616.0,bert-inference-69f8cc488d-g8v7z
2026-08-14 22:00:41.524500,926687232.0,bert-inference-69f8cc488d-7442w
2026-08-14 22:00:46.528541,894717952.0,bert-inference-69f8cc488d-xhq9w
2026-08-14 22:00:46.528541,1019215872.0,bert-inference-69f8cc488d-xbnnq
2026-08-14 22:00:46.528541,1033596928.0,bert-inference-69f8cc488d-5952x
2026-08-14 22:00:46.528541,1313955840.0,bert-inference-69f8cc488d-7d4tz
2026-08-14 22:00:46.528541,878063616.0,bert-inference-69f8cc488d-g8v7z
2026-08-14 22:00:46.528541,926687232.0,bert-inference-69f8cc488d-7442w
2026-08-14 22:00:51.528886,894717952.0,bert-inference-69f8cc488d-xhq9w
2026-08-14 22:00:51.528886,1019514880.0,bert-inference-69f8cc488d-xbnnq
2026-08-14 22:00:51.528886,1033584640.0,bert-inference-69f8cc488d-5952x
2026-08-14 22:00:51.528886,1314242560.0,bert-inference-69f8cc488d-7d4tz
2026-08-14 22:00:51.528886,878571520.0,bert-inference-69f8cc488d-g8v7z
2026-08-14 22:00:51.528886,926687232.0,bert-inference-69f8cc488d-7442w
2026-08-14 22:00:56.528946,894717952.0,bert-inference-69f8cc488d-xhq9w
2026-08-14 22:00:56.528946,1019514880.0,bert-inference-69f8cc488d-xbnnq
2026-08-14 22:00:56.528946,1033584640.0,bert-inference-69f8cc488d-5952x
2026-08-14 22:00:56.528946,1314242560.0,bert-inference-69f8cc488d-7d4tz
2026-08-14 22:00:56.528946,878571520.0,bert-inference-69f8cc488d-g8v7z
2026-08-14 22:00:56.528946,926666752.0,bert-inference-69f8cc488d-7442w
2026-08-14 22:01:01.528951,894431232.0,bert-inference-69f8cc488d-xhq9w
2026-08-14 22:01:01.528951,1019514880.0,bert-inference-69f8cc488d-xbnnq
2026-08-14 22:01:01.528951,1033609216.0,bert-inference-69f8cc488d-5952x
2026-08-14 22:01:01.528951,1314242560.0,bert-inference-69f8cc488d-7d4tz
2026-08-14 22:01:01.528951,878571520.0,bert-inference-69f8cc488d-g8v7z
2026-08-14 22:01:01.528951,926666752.0,bert-inference-69f8cc488d-7442w
2026-08-14 22:01:06.529011,894431232.0,bert-inference-69f8cc488d-xhq9w
2026-08-14 22:01:06.529011,1019514880.0,bert-inference-69f8cc488d-xbnnq
2026-08-14 22:01:06.529011,1033609216.0,bert-inference-69f8cc488d-5952x
2026-08-14 22:01:06.529011,1313955840.0,bert-inference-69f8cc488d-7d4tz
2026-08-14 22:01:06.529011,878571520.0,bert-inference-69f8cc488d-g8v7z
2026-08-14 22:01:06.529011,926666752.0,bert-inference-69f8cc488d-7442w
2026-08-14 22:01:11.529190,894431232.0,bert-inference-69f8cc488d-xhq9w
2026-08-14 22:01:11.529190,1018994688.0,bert-inference-69f8cc488d-xbnnq
2026-08-14 22:01:11.529190,1033609216.0,bert-inference-69f8cc488d-5952x
2026-08-14 22:01:11.529190,1313955840.0,bert-inference-69f8cc488d-7d4tz
2026-08-14 22:01:11.529190,878084096.0,bert-inference-69f8cc488d-g8v7z
2026-08-14 22:01:11.529190,927182848.0,bert-inference-69f8cc488d-7442w
2026-08-14 22:01:16.524585,894431232.0,bert-inference-69f8cc488d-xhq9w
2026-08-14 22:01:16.524585,1018994688.0,bert-inference-69f8cc488d-xbnnq
2026-08-14 22:01:16.524585,1033588736.0,bert-inference-69f8cc488d-5952x
2026-08-14 22:01:16.524585,1313955840.0,bert-inference-69f8cc488d-7d4tz
2026-08-14 22:01:16.524585,878084096.0,bert-inference-69f8cc488d-g8v7z
2026-08-14 22:01:16.524585,927182848.0,bert-inference-69f8cc488d-7442w
2026-08-14 22:01:21.528946,894431232.0,bert-inference-69f8cc488d-xhq9w
2026-08-14 22:01:21.528946,1018994688.0,bert-inference-69f8cc488d-xbnnq
2026-08-14 22:01:21.528946,1033588736.0,bert-inference-69f8cc488d-5952x
2026-08-14 22:01:21.528946,1313955840.0,bert-inference-69f8cc488d-7d4tz
2026-08-14 22:01:21.528946,878084096.0,bert-inference-69f8cc488d-g8v7z
2026-08-14 22:01:21.528946,927182848.0,bert-inference-69f8cc488d-7442w
2026-08-14 22:01:26.524961,894431232.0,bert-inference-69f8cc488d-xhq9w
2026-08-14 22:01:26.524961,1018994688.0,bert-inference-69f8cc488d-xbnnq
2026-08-14 22:01:26.524961,1033588736.0,bert-inference-69f8cc488d-5952x
2026-08-14 22:01:26.524961,1313955840.0,bert-inference-69f8cc488d-7d4tz
2026-08-14 22:01:26.524961,878288896.0,bert-inference-69f8cc488d-g8v7z
2026-08-14 22:01:26.524961,927182848.0,bert-inference-69f8cc488d-7442w
2026-08-14 22:01:31.528977,894431232.0,bert-inference-69f8cc488d-xhq9w
2026-08-14 22:01:31.528977,1018994688.0,bert-inference-69f8cc488d-xbnnq
2026-08-14 22:01:31.528977,1033588736.0,bert-inference-69f8cc488d-5952x
2026-08-14 22:01:31.528977,1313955840.0,bert-inference-69f8cc488d-7d4tz
2026-08-14 22:01:31.528977,878288896.0,bert-inference-69f8cc488d-g8v7z
2026-08-14 22:01:31.528977,926687232.0,bert-inference-69f8cc488d-7442w
2026-08-14 22:01:36.524966,894431232.0,bert-inference-69f8cc488d-xhq9w
2026-08-14 22:01:36.524966,1018994688.0,bert-inference-69f8cc488d-xbnnq
2026-08-14 22:01:36.524966,1033588736.0,bert-inference-69f8cc488d-5952x
2026-08-14 22:01:36.524966,1313955840.0,bert-inference-69f8cc488d-7d4tz
2026-08-14 22:01:36.524966,878288896.0,bert-inference-69f8cc488d-g8v7z
2026-08-14 22:01:36.524966,926687232.0,bert-inference-69f8cc488d-7442w
2026-08-14 22:01:41.528945,894431232.0,bert-inference-69f8cc488d-xhq9w
2026-08-14 22:01:41.528945,1018994688.0,bert-inference-69f8cc488d-xbnnq
2026-08-14 22:01:41.528945,1033588736.0,bert-inference-69f8cc488d-5952x
2026-08-14 22:01:41.528945,1313955840.0,bert-inference-69f8cc488d-7d4tz
2026-08-14 22:01:41.528945,878288896.0,bert-inference-69f8cc488d-g8v7z
2026-08-14 22:01:41.528945,927195136.0,bert-inference-69f8cc488d-7442w
2026-08-14 22:01:46.528945,894431232.0,bert-inference-69f8cc488d-xhq9w
2026-08-14 22:01:46.528945,1019023360.0,bert-inference-69f8cc488d-xbnnq
2026-08-14 22:01:46.528945,1033588736.0,bert-inference-69f8cc488d-5952x
2026-08-14 22:01:46.528945,1313955840.0,bert-inference-69f8cc488d-7d4tz
2026-08-14 22:01:46.528945,878063616.0,bert-inference-69f8cc488d-g8v7z
2026-08-14 22:01:46.528945,927195136.0,bert-inference-69f8cc488d-7442w
2026-08-14 22:01:51.529192,894431232.0,bert-inference-69f8cc488d-xhq9w
2026-08-14 22:01:51.529192,1019023360.0,bert-inference-69f8cc488d-xbnnq
2026-08-14 22:01:51.529192,1033588736.0,bert-inference-69f8cc488d-5952x
2026-08-14 22:01:51.529192,1314242560.0,bert-inference-69f8cc488d-7d4tz
2026-08-14 22:01:51.529192,878063616.0,bert-inference-69f8cc488d-g8v7z
2026-08-14 22:01:51.529192,926666752.0,bert-inference-69f8cc488d-7442w
2026-08-14 22:01:56.528944,894431232.0,bert-inference-69f8cc488d-xhq9w
2026-08-14 22:01:56.528944,1019023360.0,bert-inference-69f8cc488d-xbnnq
2026-08-14 22:01:56.528944,1033588736.0,bert-inference-69f8cc488d-5952x
2026-08-14 22:01:56.528944,1314242560.0,bert-inference-69f8cc488d-7d4tz
2026-08-14 22:01:56.528944,878063616.0,bert-inference-69f8cc488d-g8v7z
2026-08-14 22:01:56.528944,926666752.0,bert-inference-69f8cc488d-7442w
2026-08-14 22:02:01.525421,894656512.0,bert-inference-69f8cc488d-xhq9w
2026-08-14 22:02:01.525421,1018994688.0,bert-inference-69f8cc488d-xbnnq
2026-08-14 22:02:01.525421,1033588736.0,bert-inference-69f8cc488d-5952x
2026-08-14 22:02:01.525421,1314242560.0,bert-inference-69f8cc488d-7d4tz
2026-08-14 22:02:01.525421,878063616.0,bert-inference-69f8cc488d-g8v7z
2026-08-14 22:02:01.525421,926666752.0,bert-inference-69f8cc488d-7442w
2026-08-14 22:02:06.528951,894656512.0,bert-inference-69f8cc488d-xhq9w
2026-08-14 22:02:06.528951,1018994688.0,bert-inference-69f8cc488d-xbnnq
2026-08-14 22:02:06.528951,1033588736.0,bert-inference-69f8cc488d-5952x
2026-08-14 22:02:06.528951,1313955840.0,bert-inference-69f8cc488d-7d4tz
2026-08-14 22:02:06.528951,878063616.0,bert-inference-69f8cc488d-g8v7z
2026-08-14 22:02:06.528951,926666752.0,bert-inference-69f8cc488d-7442w
2026-08-14 22:02:11.528966,894656512.0,bert-inference-69f8cc488d-xhq9w
2026-08-14 22:02:11.528966,1019219968.0,bert-inference-69f8cc488d-xbnnq
2026-08-14 22:02:11.528966,1033588736.0,bert-inference-69f8cc488d-5952x
2026-08-14 22:02:11.528966,1313955840.0,bert-inference-69f8cc488d-7d4tz
2026-08-14 22:02:11.528966,878063616.0,bert-inference-69f8cc488d-g8v7z
2026-08-14 22:02:11.528966,926666752.0,bert-inference-69f8cc488d-7442w
2026-08-14 22:02:16.528943,894431232.0,bert-inference-69f8cc488d-xhq9w
2026-08-14 22:02:16.528943,1019219968.0,bert-inference-69f8cc488d-xbnnq
2026-08-14 22:02:16.528943,1033588736.0,bert-inference-69f8cc488d-5952x
2026-08-14 22:02:16.528943,1313984512.0,bert-inference-69f8cc488d-7d4tz
2026-08-14 22:02:16.528943,878088192.0,bert-inference-69f8cc488d-g8v7z
2026-08-14 22:02:16.528943,926666752.0,bert-inference-69f8cc488d-7442w
2026-08-14 22:02:21.528264,894431232.0,bert-inference-69f8cc488d-xhq9w
2026-08-14 22:02:21.528264,1019219968.0,bert-inference-69f8cc488d-xbnnq
2026-08-14 22:02:21.528264,1033584640.0,bert-inference-69f8cc488d-5952x
2026-08-14 22:02:21.528264,1313984512.0,bert-inference-69f8cc488d-7d4tz
2026-08-14 22:02:21.528264,878088192.0,bert-inference-69f8cc488d-g8v7z
2026-08-14 22:02:21.528264,926666752.0,bert-inference-69f8cc488d-7442w
2026-08-14 22:02:26.528279,894431232.0,bert-inference-69f8cc488d-xhq9w
2026-08-14 22:02:26.528279,1018994688.0,bert-inference-69f8cc488d-xbnnq
2026-08-14 22:02:26.528279,1033584640.0,bert-inference-69f8cc488d-5952x
2026-08-14 22:02:26.528279,1313959936.0,bert-inference-69f8cc488d-7d4tz
2026-08-14 22:02:26.528279,878088192.0,bert-inference-69f8cc488d-g8v7z
2026-08-14 22:02:26.528279,926666752.0,bert-inference-69f8cc488d-7442w
2026-08-14 22:02:31.528923,894431232.0,bert-inference-69f8cc488d-xhq9w
2026-08-14 22:02:31.528923,1018994688.0,bert-inference-69f8cc488d-xbnnq
2026-08-14 22:02:31.528923,1033584640.0,bert-inference-69f8cc488d-5952x
2026-08-14 22:02:31.528923,1313959936.0,bert-inference-69f8cc488d-7d4tz
2026-08-14 22:02:31.528923,878084096.0,bert-inference-69f8cc488d-g8v7z
2026-08-14 22:02:31.528923,926666752.0,bert-inference-69f8cc488d-7442w
2026-08-14 22:02:36.527088,894676992.0,bert-inference-69f8cc488d-xhq9w
2026-08-14 22:02:36.527088,1018994688.0,bert-inference-69f8cc488d-xbnnq
2026-08-14 22:02:36.527088,1033609216.0,bert-inference-69f8cc488d-5952x
2026-08-14 22:02:36.527088,1313959936.0,bert-inference-69f8cc488d-7d4tz
2026-08-14 22:02:36.527088,878084096.0,bert-inference-69f8cc488d-g8v7z
2026-08-14 22:02:36.527088,926916608.0,bert-inference-69f8cc488d-7442w
2026-08-14 22:02:41.528883,894676992.0,bert-inference-69f8cc488d-xhq9w
2026-08-14 22:02:41.528883,1018994688.0,bert-inference-69f8cc488d-xbnnq
2026-08-14 22:02:41.528883,1033609216.0,bert-inference-69f8cc488d-5952x
2026-08-14 22:02:41.528883,1314181120.0,bert-inference-69f8cc488d-7d4tz
2026-08-14 22:02:41.528883,878084096.0,bert-inference-69f8cc488d-g8v7z
2026-08-14 22:02:41.528883,926916608.0,bert-inference-69f8cc488d-7442w
2026-08-14 22:02:46.528382,894676992.0,bert-inference-69f8cc488d-xhq9w
2026-08-14 22:02:46.528382,1018994688.0,bert-inference-69f8cc488d-xbnnq
2026-08-14 22:02:46.528382,1033609216.0,bert-inference-69f8cc488d-5952x
2026-08-14 22:02:46.528382,1314181120.0,bert-inference-69f8cc488d-7d4tz
2026-08-14 22:02:46.528382,878063616.0,bert-inference-69f8cc488d-g8v7z
2026-08-14 22:02:46.528382,926916608.0,bert-inference-69f8cc488d-7442w
2026-08-14 22:02:51.528900,894656512.0,bert-inference-69f8cc488d-xhq9w
2026-08-14 22:02:51.528900,1018994688.0,bert-inference-69f8cc488d-xbnnq
2026-08-14 22:02:51.528900,1033609216.0,bert-inference-69f8cc488d-5952x
2026-08-14 22:02:51.528900,1314181120.0,bert-inference-69f8cc488d-7d4tz
2026-08-14 22:02:51.528900,878063616.0,bert-inference-69f8cc488d-g8v7z
2026-08-14 22:02:51.528900,926916608.0,bert-inference-69f8cc488d-7442w
2026-08-14 22:02:56.528886,894656512.0,bert-inference-69f8cc488d-xhq9w
2026-08-14 22:02:56.528886,1019002880.0,bert-inference-69f8cc488d-xbnnq
2026-08-14 22:02:56.528886,1033809920.0,bert-inference-69f8cc488d-5952x
2026-08-14 22:02:56.528886,1313955840.0,bert-inference-69f8cc488d-7d4tz
2026-08-14 22:02:56.528886,878063616.0,bert-inference-69f8cc488d-g8v7z
2026-08-14 22:02:56.528886,926904320.0,bert-inference-69f8cc488d-7442w
2026-08-14 22:03:01.528984,894431232.0,bert-inference-69f8cc488d-xhq9w
2026-08-14 22:03:01.528984,1019002880.0,bert-inference-69f8cc488d-xbnnq
2026-08-14 22:03:01.528984,1033809920.0,bert-inference-69f8cc488d-5952x
2026-08-14 22:03:01.528984,1313955840.0,bert-inference-69f8cc488d-7d4tz
2026-08-14 22:03:01.528984,878325760.0,bert-inference-69f8cc488d-g8v7z
2026-08-14 22:03:01.528984,926904320.0,bert-inference-69f8cc488d-7442w
2026-08-14 22:03:06.526423,894431232.0,bert-inference-69f8cc488d-xhq9w
2026-08-14 22:03:06.526423,1019002880.0,bert-inference-69f8cc488d-xbnnq
2026-08-14 22:03:06.526423,1033809920.0,bert-inference-69f8cc488d-5952x
2026-08-14 22:03:06.526423,1313955840.0,bert-inference-69f8cc488d-7d4tz
2026-08-14 22:03:06.526423,878325760.0,bert-inference-69f8cc488d-g8v7z
2026-08-14 22:03:06.526423,926904320.0,bert-inference-69f8cc488d-7442w
2026-08-14 22:03:11.528225,894431232.0,bert-inference-69f8cc488d-xhq9w
2026-08-14 22:03:11.528225,1019248640.0,bert-inference-69f8cc488d-xbnnq
2026-08-14 22:03:11.528225,1033588736.0,bert-inference-69f8cc488d-5952x
2026-08-14 22:03:11.528225,1314177024.0,bert-inference-69f8cc488d-7d4tz
2026-08-14 22:03:11.528225,878313472.0,bert-inference-69f8cc488d-g8v7z
2026-08-14 22:03:11.528225,927186944.0,bert-inference-69f8cc488d-7442w
2026-08-14 22:03:16.526547,894431232.0,bert-inference-69f8cc488d-xhq9w
2026-08-14 22:03:16.526547,1019248640.0,bert-inference-69f8cc488d-xbnnq
2026-08-14 22:03:16.526547,1033588736.0,bert-inference-69f8cc488d-5952x
2026-08-14 22:03:16.526547,1314177024.0,bert-inference-69f8cc488d-7d4tz
2026-08-14 22:03:16.526547,878313472.0,bert-inference-69f8cc488d-g8v7z
2026-08-14 22:03:16.526547,927186944.0,bert-inference-69f8cc488d-7442w
2026-08-14 22:03:21.527497,894431232.0,bert-inference-69f8cc488d-xhq9w
2026-08-14 22:03:21.527497,1019232256.0,bert-inference-69f8cc488d-xbnnq
2026-08-14 22:03:21.527497,1033588736.0,bert-inference-69f8cc488d-5952x
2026-08-14 22:03:21.527497,1314496512.0,bert-inference-69f8cc488d-7d4tz
2026-08-14 22:03:21.527497,878313472.0,bert-inference-69f8cc488d-g8v7z
2026-08-14 22:03:21.527497,927186944.0,bert-inference-69f8cc488d-7442w
2026-08-14 22:03:26.528946,894431232.0,bert-inference-69f8cc488d-xhq9w
2026-08-14 22:03:26.528946,1019232256.0,bert-inference-69f8cc488d-xbnnq
2026-08-14 22:03:26.528946,1033588736.0,bert-inference-69f8cc488d-5952x
2026-08-14 22:03:26.528946,1314496512.0,bert-inference-69f8cc488d-7d4tz
2026-08-14 22:03:26.528946,878063616.0,bert-inference-69f8cc488d-g8v7z
2026-08-14 22:03:26.528946,926904320.0,bert-inference-69f8cc488d-7442w
2026-08-14 22:03:31.524768,894447616.0,bert-inference-69f8cc488d-xhq9w
2026-08-14 22:03:31.524768,1019232256.0,bert-inference-69f8cc488d-xbnnq
2026-08-14 22:03:31.524768,1033588736.0,bert-inference-69f8cc488d-5952x
2026-08-14 22:03:31.524768,1314496512.0,bert-inference-69f8cc488d-7d4tz
2026-08-14 22:03:31.524768,878063616.0,bert-inference-69f8cc488d-g8v7z
2026-08-14 22:03:31.524768,926904320.0,bert-inference-69f8cc488d-7442w
2026-08-14 22:03:36.529062,894447616.0,bert-inference-69f8cc488d-xhq9w
2026-08-14 22:03:36.529062,1018998784.0,bert-inference-69f8cc488d-xbnnq
2026-08-14 22:03:36.529062,1033588736.0,bert-inference-69f8cc488d-5952x
2026-08-14 22:03:36.529062,1314496512.0,bert-inference-69f8cc488d-7d4tz
2026-08-14 22:03:36.529062,878063616.0,bert-inference-69f8cc488d-g8v7z
2026-08-14 22:03:36.529062,926904320.0,bert-inference-69f8cc488d-7442w
2026-08-14 22:03:41.528892,894431232.0,bert-inference-69f8cc488d-xhq9w
2026-08-14 22:03:41.528892,1018998784.0,bert-inference-69f8cc488d-xbnnq
2026-08-14 22:03:41.528892,1033588736.0,bert-inference-69f8cc488d-5952x
2026-08-14 22:03:41.528892,1313959936.0,bert-inference-69f8cc488d-7d4tz
2026-08-14 22:03:41.528892,878063616.0,bert-inference-69f8cc488d-g8v7z
2026-08-14 22:03:41.528892,926662656.0,bert-inference-69f8cc488d-7442w
2026-08-14 22:03:46.528933,894431232.0,bert-inference-69f8cc488d-xhq9w
2026-08-14 22:03:46.528933,1018998784.0,bert-inference-69f8cc488d-xbnnq
2026-08-14 22:03:46.528933,1033588736.0,bert-inference-69f8cc488d-5952x
2026-08-14 22:03:46.528933,1313959936.0,bert-inference-69f8cc488d-7d4tz
2026-08-14 22:03:46.528933,878067712.0,bert-inference-69f8cc488d-g8v7z
2026-08-14 22:03:46.528933,926662656.0,bert-inference-69f8cc488d-7442w
2026-08-14 22:03:51.526368,894431232.0,bert-inference-69f8cc488d-xhq9w
2026-08-14 22:03:51.526368,1018998784.0,bert-inference-69f8cc488d-xbnnq
2026-08-14 22:03:51.526368,1033588736.0,bert-inference-69f8cc488d-5952x
2026-08-14 22:03:51.526368,1313959936.0,bert-inference-69f8cc488d-7d4tz
2026-08-14 22:03:51.526368,878067712.0,bert-inference-69f8cc488d-g8v7z
2026-08-14 22:03:51.526368,926662656.0,bert-inference-69f8cc488d-7442w
2026-08-14 22:03:56.529262,894664704.0,bert-inference-69f8cc488d-xhq9w
2026-08-14 22:03:56.529262,1019023360.0,bert-inference-69f8cc488d-xbnnq
2026-08-14 22:03:56.529262,1033588736.0,bert-inference-69f8cc488d-5952x
2026-08-14 22:03:56.529262,1313955840.0,bert-inference-69f8cc488d-7d4tz
2026-08-14 22:03:56.529262,878284800.0,bert-inference-69f8cc488d-g8v7z
2026-08-14 22:03:56.529262,926662656.0,bert-inference-69f8cc488d-7442w
2026-08-14 22:04:01.526036,894664704.0,bert-inference-69f8cc488d-xhq9w
2026-08-14 22:04:01.526036,1019023360.0,bert-inference-69f8cc488d-xbnnq
2026-08-14 22:04:01.526036,1033588736.0,bert-inference-69f8cc488d-5952x
2026-08-14 22:04:01.526036,1313955840.0,bert-inference-69f8cc488d-7d4tz
2026-08-14 22:04:01.526036,878284800.0,bert-inference-69f8cc488d-g8v7z
2026-08-14 22:04:01.526036,926687232.0,bert-inference-69f8cc488d-7442w
2026-08-14 22:04:06.528132,894672896.0,bert-inference-69f8cc488d-xhq9w
2026-08-14 22:04:06.528132,1019023360.0,bert-inference-69f8cc488d-xbnnq
2026-08-14 22:04:06.528132,1033588736.0,bert-inference-69f8cc488d-5952x
2026-08-14 22:04:06.528132,1313959936.0,bert-inference-69f8cc488d-7d4tz
2026-08-14 22:04:06.528132,878284800.0,bert-inference-69f8cc488d-g8v7z
2026-08-14 22:04:06.528132,926687232.0,bert-inference-69f8cc488d-7442w
2026-08-14 22:04:11.524233,894672896.0,bert-inference-69f8cc488d-xhq9w
2026-08-14 22:04:11.524233,1019023360.0,bert-inference-69f8cc488d-xbnnq
2026-08-14 22:04:11.524233,1033809920.0,bert-inference-69f8cc488d-5952x
2026-08-14 22:04:11.524233,1313959936.0,bert-inference-69f8cc488d-7d4tz
2026-08-14 22:04:11.524233,878063616.0,bert-inference-69f8cc488d-g8v7z
2026-08-14 22:04:11.524233,926920704.0,bert-inference-69f8cc488d-7442w
2026-08-14 22:04:16.524696,894672896.0,bert-inference-69f8cc488d-xhq9w
2026-08-14 22:04:16.524696,1019023360.0,bert-inference-69f8cc488d-xbnnq
2026-08-14 22:04:16.524696,1033809920.0,bert-inference-69f8cc488d-5952x
2026-08-14 22:04:16.524696,1313959936.0,bert-inference-69f8cc488d-7d4tz
2026-08-14 22:04:16.524696,878063616.0,bert-inference-69f8cc488d-g8v7z
2026-08-14 22:04:16.524696,926920704.0,bert-inference-69f8cc488d-7442w
2026-08-14 22:04:21.528959,894431232.0,bert-inference-69f8cc488d-xhq9w
2026-08-14 22:04:21.528959,1019023360.0,bert-inference-69f8cc488d-xbnnq
2026-08-14 22:04:21.528959,1033809920.0,bert-inference-69f8cc488d-5952x
2026-08-14 22:04:21.528959,1313968128.0,bert-inference-69f8cc488d-7d4tz
2026-08-14 22:04:21.528959,878063616.0,bert-inference-69f8cc488d-g8v7z
2026-08-14 22:04:21.528959,926920704.0,bert-inference-69f8cc488d-7442w
2026-08-14 22:04:26.528869,894431232.0,bert-inference-69f8cc488d-xhq9w
2026-08-14 22:04:26.528869,1019248640.0,bert-inference-69f8cc488d-xbnnq
2026-08-14 22:04:26.528869,1033588736.0,bert-inference-69f8cc488d-5952x
2026-08-14 22:04:26.528869,1313968128.0,bert-inference-69f8cc488d-7d4tz
2026-08-14 22:04:26.528869,878063616.0,bert-inference-69f8cc488d-g8v7z
2026-08-14 22:04:26.528869,926920704.0,bert-inference-69f8cc488d-7442w
2026-08-14 22:04:31.525254,894431232.0,bert-inference-69f8cc488d-xhq9w
2026-08-14 22:04:31.525254,1019248640.0,bert-inference-69f8cc488d-xbnnq
2026-08-14 22:04:31.525254,1033588736.0,bert-inference-69f8cc488d-5952x
2026-08-14 22:04:31.525254,1313968128.0,bert-inference-69f8cc488d-7d4tz
2026-08-14 22:04:31.525254,878063616.0,bert-inference-69f8cc488d-g8v7z
2026-08-14 22:04:31.525254,926683136.0,bert-inference-69f8cc488d-7442w
2026-08-14 22:04:36.524993,894431232.0,bert-inference-69f8cc488d-xhq9w
2026-08-14 22:04:36.524993,1019248640.0,bert-inference-69f8cc488d-xbnnq
2026-08-14 22:04:36.524993,1033588736.0,bert-inference-69f8cc488d-5952x
2026-08-14 22:04:36.524993,1314185216.0,bert-inference-69f8cc488d-7d4tz
2026-08-14 22:04:36.524993,878063616.0,bert-inference-69f8cc488d-g8v7z
2026-08-14 22:04:36.524993,926683136.0,bert-inference-69f8cc488d-7442w
2026-08-14 22:04:41.526929,894431232.0,bert-inference-69f8cc488d-xhq9w
2026-08-14 22:04:41.526929,1019248640.0,bert-inference-69f8cc488d-xbnnq
2026-08-14 22:04:41.526929,1033809920.0,bert-inference-69f8cc488d-5952x
2026-08-14 22:04:41.526929,1314185216.0,bert-inference-69f8cc488d-7d4tz
2026-08-14 22:04:41.526929,878309376.0,bert-inference-69f8cc488d-g8v7z
2026-08-14 22:04:41.526929,926683136.0,bert-inference-69f8cc488d-7442w
2026-08-14 22:04:46.526426,894431232.0,bert-inference-69f8cc488d-xhq9w
2026-08-14 22:04:46.526426,1019224064.0,bert-inference-69f8cc488d-xbnnq
2026-08-14 22:04:46.526426,1033809920.0,bert-inference-69f8cc488d-5952x
2026-08-14 22:04:46.526426,1313968128.0,bert-inference-69f8cc488d-7d4tz
2026-08-14 22:04:46.526426,878309376.0,bert-inference-69f8cc488d-g8v7z
2026-08-14 22:04:46.526426,926683136.0,bert-inference-69f8cc488d-7442w
2026-08-14 22:04:51.528936,894431232.0,bert-inference-69f8cc488d-xhq9w
2026-08-14 22:04:51.528936,1019224064.0,bert-inference-69f8cc488d-xbnnq
2026-08-14 22:04:51.528936,1033809920.0,bert-inference-69f8cc488d-5952x
2026-08-14 22:04:51.528936,1313968128.0,bert-inference-69f8cc488d-7d4tz
2026-08-14 22:04:51.528936,878063616.0,bert-inference-69f8cc488d-g8v7z
2026-08-14 22:04:51.528936,926924800.0,bert-inference-69f8cc488d-7442w
2026-08-14 22:04:56.528986,894435328.0,bert-inference-69f8cc488d-xhq9w
2026-08-14 22:04:56.528986,1019224064.0,bert-inference-69f8cc488d-xbnnq
2026-08-14 22:04:56.528986,1033809920.0,bert-inference-69f8cc488d-5952x
2026-08-14 22:04:56.528986,1313968128.0,bert-inference-69f8cc488d-7d4tz
2026-08-14 22:04:56.528986,878063616.0,bert-inference-69f8cc488d-g8v7z
2026-08-14 22:04:56.528986,926924800.0,bert-inference-69f8cc488d-7442w
2026-08-14 22:05:01.529049,894435328.0,bert-inference-69f8cc488d-xhq9w
2026-08-14 22:05:01.529049,1019273216.0,bert-inference-69f8cc488d-xbnnq
2026-08-14 22:05:01.529049,1033842688.0,bert-inference-69f8cc488d-5952x
2026-08-14 22:05:01.529049,1313968128.0,bert-inference-69f8cc488d-7d4tz
2026-08-14 22:05:01.529049,878100480.0,bert-inference-69f8cc488d-g8v7z
2026-08-14 22:05:01.529049,926662656.0,bert-inference-69f8cc488d-7442w
2026-08-14 22:05:06.527296,894435328.0,bert-inference-69f8cc488d-xhq9w
2026-08-14 22:05:06.527296,1019273216.0,bert-inference-69f8cc488d-xbnnq
2026-08-14 22:05:06.527296,1033842688.0,bert-inference-69f8cc488d-5952x
2026-08-14 22:05:06.527296,1313964032.0,bert-inference-69f8cc488d-7d4tz
2026-08-14 22:05:06.527296,878100480.0,bert-inference-69f8cc488d-g8v7z
2026-08-14 22:05:06.527296,926662656.0,bert-inference-69f8cc488d-7442w
2026-08-14 22:05:11.524548,894431232.0,bert-inference-69f8cc488d-xhq9w
2026-08-14 22:05:11.524548,1019273216.0,bert-inference-69f8cc488d-xbnnq
2026-08-14 22:05:11.524548,1033842688.0,bert-inference-69f8cc488d-5952x
2026-08-14 22:05:11.524548,1313964032.0,bert-inference-69f8cc488d-7d4tz
2026-08-14 22:05:11.524548,878100480.0,bert-inference-69f8cc488d-g8v7z
2026-08-14 22:05:11.524548,926666752.0,bert-inference-69f8cc488d-7442w
2026-08-14 22:05:16.528766,894431232.0,bert-inference-69f8cc488d-xhq9w
2026-08-14 22:05:16.528766,1019273216.0,bert-inference-69f8cc488d-xbnnq
2026-08-14 22:05:16.528766,1033842688.0,bert-inference-69f8cc488d-5952x
2026-08-14 22:05:16.528766,1313959936.0,bert-inference-69f8cc488d-7d4tz
2026-08-14 22:05:16.528766,878063616.0,bert-inference-69f8cc488d-g8v7z
2026-08-14 22:05:16.528766,926666752.0,bert-inference-69f8cc488d-7442w
2026-08-14 22:05:21.528947,894431232.0,bert-inference-69f8cc488d-xhq9w
2026-08-14 22:05:21.528947,1018994688.0,bert-inference-69f8cc488d-xbnnq
2026-08-14 22:05:21.528947,1033588736.0,bert-inference-69f8cc488d-5952x
2026-08-14 22:05:21.528947,1313959936.0,bert-inference-69f8cc488d-7d4tz
2026-08-14 22:05:21.528947,878063616.0,bert-inference-69f8cc488d-g8v7z
2026-08-14 22:05:21.528947,926662656.0,bert-inference-69f8cc488d-7442w
2026-08-14 22:05:26.529020,894431232.0,bert-inference-69f8cc488d-xhq9w
2026-08-14 22:05:26.529020,1018994688.0,bert-inference-69f8cc488d-xbnnq
2026-08-14 22:05:26.529020,1033588736.0,bert-inference-69f8cc488d-5952x
2026-08-14 22:05:26.529020,1314213888.0,bert-inference-69f8cc488d-7d4tz
2026-08-14 22:05:26.529020,878063616.0,bert-inference-69f8cc488d-g8v7z
2026-08-14 22:05:26.529020,926662656.0,bert-inference-69f8cc488d-7442w
2026-08-14 22:05:31.528938,894431232.0,bert-inference-69f8cc488d-xhq9w
2026-08-14 22:05:31.528938,1018994688.0,bert-inference-69f8cc488d-xbnnq
2026-08-14 22:05:31.528938,1033588736.0,bert-inference-69f8cc488d-5952x
2026-08-14 22:05:31.528938,1314213888.0,bert-inference-69f8cc488d-7d4tz
2026-08-14 22:05:31.528938,878063616.0,bert-inference-69f8cc488d-g8v7z
2026-08-14 22:05:31.528938,926662656.0,bert-inference-69f8cc488d-7442w
2026-08-14 22:05:36.529094,894431232.0,bert-inference-69f8cc488d-xhq9w
2026-08-14 22:05:36.529094,1018994688.0,bert-inference-69f8cc488d-xbnnq
2026-08-14 22:05:36.529094,1033588736.0,bert-inference-69f8cc488d-5952x
2026-08-14 22:05:36.529094,1314213888.0,bert-inference-69f8cc488d-7d4tz
2026-08-14 22:05:36.529094,878063616.0,bert-inference-69f8cc488d-g8v7z
2026-08-14 22:05:36.529094,926904320.0,bert-inference-69f8cc488d-7442w
2026-08-14 22:05:41.528959,894431232.0,bert-inference-69f8cc488d-xhq9w
2026-08-14 22:05:41.528959,1018994688.0,bert-inference-69f8cc488d-xbnnq
2026-08-14 22:05:41.528959,1033588736.0,bert-inference-69f8cc488d-5952x
2026-08-14 22:05:41.528959,1314213888.0,bert-inference-69f8cc488d-7d4tz
2026-08-14 22:05:41.528959,878063616.0,bert-inference-69f8cc488d-g8v7z
2026-08-14 22:05:41.528959,926904320.0,bert-inference-69f8cc488d-7442w
2026-08-14 22:05:46.528966,894431232.0,bert-inference-69f8cc488d-xhq9w
2026-08-14 22:05:46.528966,1018994688.0,bert-inference-69f8cc488d-xbnnq
2026-08-14 22:05:46.528966,1033588736.0,bert-inference-69f8cc488d-5952x
2026-08-14 22:05:46.528966,1313959936.0,bert-inference-69f8cc488d-7d4tz
2026-08-14 22:05:46.528966,878063616.0,bert-inference-69f8cc488d-g8v7z
2026-08-14 22:05:46.528966,926904320.0,bert-inference-69f8cc488d-7442w
2026-08-14 22:05:51.528874,894435328.0,bert-inference-69f8cc488d-xhq9w
2026-08-14 22:05:51.528874,1018994688.0,bert-inference-69f8cc488d-xbnnq
2026-08-14 22:05:51.528874,1033588736.0,bert-inference-69f8cc488d-5952x
2026-08-14 22:05:51.528874,1313959936.0,bert-inference-69f8cc488d-7d4tz
2026-08-14 22:05:51.528874,878518272.0,bert-inference-69f8cc488d-g8v7z
2026-08-14 22:05:51.528874,926662656.0,bert-inference-69f8cc488d-7442w
2026-08-14 22:05:56.528593,894435328.0,bert-inference-69f8cc488d-xhq9w
2026-08-14 22:05:56.528593,1018994688.0,bert-inference-69f8cc488d-xbnnq
2026-08-14 22:05:56.528593,1033588736.0,bert-inference-69f8cc488d-5952x
2026-08-14 22:05:56.528593,1313959936.0,bert-inference-69f8cc488d-7d4tz
2026-08-14 22:05:56.528593,878518272.0,bert-inference-69f8cc488d-g8v7z
2026-08-14 22:05:56.528593,926662656.0,bert-inference-69f8cc488d-7442w
2026-08-14 22:06:01.526760,894435328.0,bert-inference-69f8cc488d-xhq9w
2026-08-14 22:06:01.526760,1018994688.0,bert-inference-69f8cc488d-xbnnq
2026-08-14 22:06:01.526760,1033588736.0,bert-inference-69f8cc488d-5952x
2026-08-14 22:06:01.526760,1313959936.0,bert-inference-69f8cc488d-7d4tz
2026-08-14 22:06:01.526760,878088192.0,bert-inference-69f8cc488d-g8v7z
2026-08-14 22:06:01.526760,926687232.0,bert-inference-69f8cc488d-7442w
2026-08-14 22:06:06.525242,894435328.0,bert-inference-69f8cc488d-xhq9w
2026-08-14 22:06:06.525242,1018994688.0,bert-inference-69f8cc488d-xbnnq
2026-08-14 22:06:06.525242,1033588736.0,bert-inference-69f8cc488d-5952x
2026-08-14 22:06:06.525242,1313964032.0,bert-inference-69f8cc488d-7d4tz
2026-08-14 22:06:06.525242,878088192.0,bert-inference-69f8cc488d-g8v7z
2026-08-14 22:06:06.525242,926687232.0,bert-inference-69f8cc488d-7442w
2026-08-14 22:06:11.528945,894681088.0,bert-inference-69f8cc488d-xhq9w
2026-08-14 22:06:11.528945,1018994688.0,bert-inference-69f8cc488d-xbnnq
2026-08-14 22:06:11.528945,1033809920.0,bert-inference-69f8cc488d-5952x
2026-08-14 22:06:11.528945,1313964032.0,bert-inference-69f8cc488d-7d4tz
2026-08-14 22:06:11.528945,878088192.0,bert-inference-69f8cc488d-g8v7z
2026-08-14 22:06:11.528945,926687232.0,bert-inference-69f8cc488d-7442w
2026-08-14 22:06:16.525419,894681088.0,bert-inference-69f8cc488d-xhq9w
2026-08-14 22:06:16.525419,1018994688.0,bert-inference-69f8cc488d-xbnnq
2026-08-14 22:06:16.525419,1033809920.0,bert-inference-69f8cc488d-5952x
2026-08-14 22:06:16.525419,1313964032.0,bert-inference-69f8cc488d-7d4tz
2026-08-14 22:06:16.525419,878579712.0,bert-inference-69f8cc488d-g8v7z
2026-08-14 22:06:16.525419,926679040.0,bert-inference-69f8cc488d-7442w
2026-08-14 22:06:21.529125,894681088.0,bert-inference-69f8cc488d-xhq9w
2026-08-14 22:06:21.529125,1018994688.0,bert-inference-69f8cc488d-xbnnq
2026-08-14 22:06:21.529125,1033809920.0,bert-inference-69f8cc488d-5952x
2026-08-14 22:06:21.529125,1314467840.0,bert-inference-69f8cc488d-7d4tz
2026-08-14 22:06:21.529125,878579712.0,bert-inference-69f8cc488d-g8v7z
2026-08-14 22:06:21.529125,926679040.0,bert-inference-69f8cc488d-7442w
2026-08-14 22:06:26.526161,894681088.0,bert-inference-69f8cc488d-xhq9w
2026-08-14 22:06:26.526161,1018994688.0,bert-inference-69f8cc488d-xbnnq
2026-08-14 22:06:26.526161,1033592832.0,bert-inference-69f8cc488d-5952x
2026-08-14 22:06:26.526161,1314467840.0,bert-inference-69f8cc488d-7d4tz
2026-08-14 22:06:26.526161,878358528.0,bert-inference-69f8cc488d-g8v7z
2026-08-14 22:06:26.526161,926679040.0,bert-inference-69f8cc488d-7442w
2026-08-14 22:06:31.529320,894681088.0,bert-inference-69f8cc488d-xhq9w
2026-08-14 22:06:31.529320,1018994688.0,bert-inference-69f8cc488d-xbnnq
2026-08-14 22:06:31.529320,1033592832.0,bert-inference-69f8cc488d-5952x
2026-08-14 22:06:31.529320,1314467840.0,bert-inference-69f8cc488d-7d4tz
2026-08-14 22:06:31.529320,878358528.0,bert-inference-69f8cc488d-g8v7z
2026-08-14 22:06:31.529320,926679040.0,bert-inference-69f8cc488d-7442w
2026-08-14 22:06:36.528884,894431232.0,bert-inference-69f8cc488d-xhq9w
2026-08-14 22:06:36.528884,1018994688.0,bert-inference-69f8cc488d-xbnnq
2026-08-14 22:06:36.528884,1033592832.0,bert-inference-69f8cc488d-5952x
2026-08-14 22:06:36.528884,1313955840.0,bert-inference-69f8cc488d-7d4tz
2026-08-14 22:06:36.528884,878358528.0,bert-inference-69f8cc488d-g8v7z
2026-08-14 22:06:36.528884,926662656.0,bert-inference-69f8cc488d-7442w
2026-08-14 22:06:41.524690,894431232.0,bert-inference-69f8cc488d-xhq9w
2026-08-14 22:06:41.524690,1018994688.0,bert-inference-69f8cc488d-xbnnq
2026-08-14 22:06:41.524690,1033584640.0,bert-inference-69f8cc488d-5952x
2026-08-14 22:06:41.524690,1313955840.0,bert-inference-69f8cc488d-7d4tz
2026-08-14 22:06:41.524690,878350336.0,bert-inference-69f8cc488d-g8v7z
2026-08-14 22:06:41.524690,926662656.0,bert-inference-69f8cc488d-7442w
2026-08-14 22:06:46.524940,894431232.0,bert-inference-69f8cc488d-xhq9w
2026-08-14 22:06:46.524940,1019244544.0,bert-inference-69f8cc488d-xbnnq
2026-08-14 22:06:46.524940,1033584640.0,bert-inference-69f8cc488d-5952x
2026-08-14 22:06:46.524940,1314205696.0,bert-inference-69f8cc488d-7d4tz
2026-08-14 22:06:46.524940,878350336.0,bert-inference-69f8cc488d-g8v7z
2026-08-14 22:06:46.524940,926662656.0,bert-inference-69f8cc488d-7442w
2026-08-14 22:06:51.528885,894451712.0,bert-inference-69f8cc488d-xhq9w
2026-08-14 22:06:51.528885,1019244544.0,bert-inference-69f8cc488d-xbnnq
2026-08-14 22:06:51.528885,1033584640.0,bert-inference-69f8cc488d-5952x
2026-08-14 22:06:51.528885,1314205696.0,bert-inference-69f8cc488d-7d4tz
2026-08-14 22:06:51.528885,878350336.0,bert-inference-69f8cc488d-g8v7z
2026-08-14 22:06:51.528885,926662656.0,bert-inference-69f8cc488d-7442w
2026-08-14 22:06:56.527226,894451712.0,bert-inference-69f8cc488d-xhq9w
2026-08-14 22:06:56.527226,1019244544.0,bert-inference-69f8cc488d-xbnnq
2026-08-14 22:06:56.527226,1033588736.0,bert-inference-69f8cc488d-5952x
2026-08-14 22:06:56.527226,1314205696.0,bert-inference-69f8cc488d-7d4tz
2026-08-14 22:06:56.527226,878350336.0,bert-inference-69f8cc488d-g8v7z
2026-08-14 22:06:56.527226,926662656.0,bert-inference-69f8cc488d-7442w
2026-08-14 22:07:01.528919,894451712.0,bert-inference-69f8cc488d-xhq9w
2026-08-14 22:07:01.528919,1019244544.0,bert-inference-69f8cc488d-xbnnq
2026-08-14 22:07:01.528919,1033588736.0,bert-inference-69f8cc488d-5952x
2026-08-14 22:07:01.528919,1314205696.0,bert-inference-69f8cc488d-7d4tz
2026-08-14 22:07:01.528919,878088192.0,bert-inference-69f8cc488d-g8v7z
2026-08-14 22:07:01.528919,926666752.0,bert-inference-69f8cc488d-7442w
2026-08-14 22:07:06.529009,894435328.0,bert-inference-69f8cc488d-xhq9w
2026-08-14 22:07:06.529009,1018994688.0,bert-inference-69f8cc488d-xbnnq
2026-08-14 22:07:06.529009,1033588736.0,bert-inference-69f8cc488d-5952x
2026-08-14 22:07:06.529009,1314451456.0,bert-inference-69f8cc488d-7d4tz
2026-08-14 22:07:06.529009,878088192.0,bert-inference-69f8cc488d-g8v7z
2026-08-14 22:07:06.529009,926666752.0,bert-inference-69f8cc488d-7442w
2026-08-14 22:07:11.528539,894435328.0,bert-inference-69f8cc488d-xhq9w
2026-08-14 22:07:11.528539,1018994688.0,bert-inference-69f8cc488d-xbnnq
2026-08-14 22:07:11.528539,1033592832.0,bert-inference-69f8cc488d-5952x
2026-08-14 22:07:11.528539,1314451456.0,bert-inference-69f8cc488d-7d4tz
2026-08-14 22:07:11.528539,878088192.0,bert-inference-69f8cc488d-g8v7z
2026-08-14 22:07:11.528539,926666752.0,bert-inference-69f8cc488d-7442w
2026-08-14 22:07:16.528864,894435328.0,bert-inference-69f8cc488d-xhq9w
2026-08-14 22:07:16.528864,1018994688.0,bert-inference-69f8cc488d-xbnnq
2026-08-14 22:07:16.528864,1033592832.0,bert-inference-69f8cc488d-5952x
2026-08-14 22:07:16.528864,1314451456.0,bert-inference-69f8cc488d-7d4tz
2026-08-14 22:07:16.528864,878088192.0,bert-inference-69f8cc488d-g8v7z
2026-08-14 22:07:16.528864,926666752.0,bert-inference-69f8cc488d-7442w
2026-08-14 22:07:21.528878,894943232.0,bert-inference-69f8cc488d-xhq9w
2026-08-14 22:07:21.528878,1018994688.0,bert-inference-69f8cc488d-xbnnq
2026-08-14 22:07:21.528878,1033592832.0,bert-inference-69f8cc488d-5952x
2026-08-14 22:07:21.528878,1314451456.0,bert-inference-69f8cc488d-7d4tz
2026-08-14 22:07:21.528878,878284800.0,bert-inference-69f8cc488d-g8v7z
2026-08-14 22:07:21.528878,926666752.0,bert-inference-69f8cc488d-7442w
2026-08-14 22:07:26.527298,894943232.0,bert-inference-69f8cc488d-xhq9w
2026-08-14 22:07:26.527298,1018994688.0,bert-inference-69f8cc488d-xbnnq
2026-08-14 22:07:26.527298,1033609216.0,bert-inference-69f8cc488d-5952x
2026-08-14 22:07:26.527298,1313964032.0,bert-inference-69f8cc488d-7d4tz
2026-08-14 22:07:26.527298,878284800.0,bert-inference-69f8cc488d-g8v7z
2026-08-14 22:07:26.527298,926662656.0,bert-inference-69f8cc488d-7442w
2026-08-14 22:07:31.528946,894431232.0,bert-inference-69f8cc488d-xhq9w
2026-08-14 22:07:31.528946,1018998784.0,bert-inference-69f8cc488d-xbnnq
2026-08-14 22:07:31.528946,1033609216.0,bert-inference-69f8cc488d-5952x
2026-08-14 22:07:31.528946,1313964032.0,bert-inference-69f8cc488d-7d4tz
2026-08-14 22:07:31.528946,878284800.0,bert-inference-69f8cc488d-g8v7z
2026-08-14 22:07:31.528946,926662656.0,bert-inference-69f8cc488d-7442w
2026-08-14 22:07:36.528946,894431232.0,bert-inference-69f8cc488d-xhq9w
2026-08-14 22:07:36.528946,1018998784.0,bert-inference-69f8cc488d-xbnnq
2026-08-14 22:07:36.528946,1033609216.0,bert-inference-69f8cc488d-5952x
2026-08-14 22:07:36.528946,1313964032.0,bert-inference-69f8cc488d-7d4tz
2026-08-14 22:07:36.528946,878284800.0,bert-inference-69f8cc488d-g8v7z
2026-08-14 22:07:36.528946,926691328.0,bert-inference-69f8cc488d-7442w
2026-08-14 22:07:41.528940,894431232.0,bert-inference-69f8cc488d-xhq9w
2026-08-14 22:07:41.528940,1018998784.0,bert-inference-69f8cc488d-xbnnq
2026-08-14 22:07:41.528940,1033592832.0,bert-inference-69f8cc488d-5952x
2026-08-14 22:07:41.528940,1313964032.0,bert-inference-69f8cc488d-7d4tz
2026-08-14 22:07:41.528940,878063616.0,bert-inference-69f8cc488d-g8v7z
2026-08-14 22:07:41.528940,926691328.0,bert-inference-69f8cc488d-7442w
2026-08-14 22:07:46.528958,894431232.0,bert-inference-69f8cc488d-xhq9w
2026-08-14 22:07:46.528958,1018994688.0,bert-inference-69f8cc488d-xbnnq
2026-08-14 22:07:46.528958,1033592832.0,bert-inference-69f8cc488d-5952x
2026-08-14 22:07:46.528958,1314189312.0,bert-inference-69f8cc488d-7d4tz
2026-08-14 22:07:46.528958,878063616.0,bert-inference-69f8cc488d-g8v7z
2026-08-14 22:07:46.528958,926691328.0,bert-inference-69f8cc488d-7442w
2026-08-14 22:07:51.528946,894431232.0,bert-inference-69f8cc488d-xhq9w
2026-08-14 22:07:51.528946,1018994688.0,bert-inference-69f8cc488d-xbnnq
2026-08-14 22:07:51.528946,1033592832.0,bert-inference-69f8cc488d-5952x
2026-08-14 22:07:51.528946,1314189312.0,bert-inference-69f8cc488d-7d4tz
2026-08-14 22:07:51.528946,878063616.0,bert-inference-69f8cc488d-g8v7z
2026-08-14 22:07:51.528946,926666752.0,bert-inference-69f8cc488d-7442w
2026-08-14 22:07:56.528945,894431232.0,bert-inference-69f8cc488d-xhq9w
2026-08-14 22:07:56.528945,1019265024.0,bert-inference-69f8cc488d-xbnnq
2026-08-14 22:07:56.528945,1033588736.0,bert-inference-69f8cc488d-5952x
2026-08-14 22:07:56.528945,1314189312.0,bert-inference-69f8cc488d-7d4tz
2026-08-14 22:07:56.528945,878063616.0,bert-inference-69f8cc488d-g8v7z
2026-08-14 22:07:56.528945,926666752.0,bert-inference-69f8cc488d-7442w
2026-08-14 22:08:01.528932,894431232.0,bert-inference-69f8cc488d-xhq9w
2026-08-14 22:08:01.528932,1019265024.0,bert-inference-69f8cc488d-xbnnq
2026-08-14 22:08:01.528932,1033588736.0,bert-inference-69f8cc488d-5952x
2026-08-14 22:08:01.528932,1314217984.0,bert-inference-69f8cc488d-7d4tz
2026-08-14 22:08:01.528932,878063616.0,bert-inference-69f8cc488d-g8v7z
2026-08-14 22:08:01.528932,926666752.0,bert-inference-69f8cc488d-7442w
2026-08-14 22:08:06.529004,894431232.0,bert-inference-69f8cc488d-xhq9w
2026-08-14 22:08:06.529004,1019265024.0,bert-inference-69f8cc488d-xbnnq
2026-08-14 22:08:06.529004,1033588736.0,bert-inference-69f8cc488d-5952x
2026-08-14 22:08:06.529004,1314217984.0,bert-inference-69f8cc488d-7d4tz
2026-08-14 22:08:06.529004,878063616.0,bert-inference-69f8cc488d-g8v7z
2026-08-14 22:08:06.529004,926666752.0,bert-inference-69f8cc488d-7442w
2026-08-14 22:08:11.528918,894431232.0,bert-inference-69f8cc488d-xhq9w
2026-08-14 22:08:11.528918,1018994688.0,bert-inference-69f8cc488d-xbnnq
2026-08-14 22:08:11.528918,1033588736.0,bert-inference-69f8cc488d-5952x
2026-08-14 22:08:11.528918,1314217984.0,bert-inference-69f8cc488d-7d4tz
2026-08-14 22:08:11.528918,878063616.0,bert-inference-69f8cc488d-g8v7z
2026-08-14 22:08:11.528918,926662656.0,bert-inference-69f8cc488d-7442w
2026-08-14 22:08:16.528935,894939136.0,bert-inference-69f8cc488d-xhq9w
2026-08-14 22:08:16.528935,1018994688.0,bert-inference-69f8cc488d-xbnnq
2026-08-14 22:08:16.528935,1033588736.0,bert-inference-69f8cc488d-5952x
2026-08-14 22:08:16.528935,1313980416.0,bert-inference-69f8cc488d-7d4tz
2026-08-14 22:08:16.528935,878063616.0,bert-inference-69f8cc488d-g8v7z
2026-08-14 22:08:16.528935,926662656.0,bert-inference-69f8cc488d-7442w
2026-08-14 22:08:21.528883,894939136.0,bert-inference-69f8cc488d-xhq9w
2026-08-14 22:08:21.528883,1018994688.0,bert-inference-69f8cc488d-xbnnq
2026-08-14 22:08:21.528883,1033588736.0,bert-inference-69f8cc488d-5952x
2026-08-14 22:08:21.528883,1313980416.0,bert-inference-69f8cc488d-7d4tz
2026-08-14 22:08:21.528883,878063616.0,bert-inference-69f8cc488d-g8v7z
2026-08-14 22:08:21.528883,926662656.0,bert-inference-69f8cc488d-7442w
2026-08-14 22:08:26.526782,894939136.0,bert-inference-69f8cc488d-xhq9w
2026-08-14 22:08:26.526782,1018994688.0,bert-inference-69f8cc488d-xbnnq
2026-08-14 22:08:26.526782,1033588736.0,bert-inference-69f8cc488d-5952x
2026-08-14 22:08:26.526782,1313980416.0,bert-inference-69f8cc488d-7d4tz
2026-08-14 22:08:26.526782,878063616.0,bert-inference-69f8cc488d-g8v7z
2026-08-14 22:08:26.526782,926662656.0,bert-inference-69f8cc488d-7442w
2026-08-14 22:08:31.526984,894660608.0,bert-inference-69f8cc488d-xhq9w
2026-08-14 22:08:31.526984,1018994688.0,bert-inference-69f8cc488d-xbnnq
2026-08-14 22:08:31.526984,1033609216.0,bert-inference-69f8cc488d-5952x
2026-08-14 22:08:31.526984,1313980416.0,bert-inference-69f8cc488d-7d4tz
2026-08-14 22:08:31.526984,878067712.0,bert-inference-69f8cc488d-g8v7z
2026-08-14 22:08:31.526984,926662656.0,bert-inference-69f8cc488d-7442w
2026-08-14 22:08:36.528434,894660608.0,bert-inference-69f8cc488d-xhq9w
2026-08-14 22:08:36.528434,1018994688.0,bert-inference-69f8cc488d-xbnnq
2026-08-14 22:08:36.528434,1033609216.0,bert-inference-69f8cc488d-5952x
2026-08-14 22:08:36.528434,1314189312.0,bert-inference-69f8cc488d-7d4tz
2026-08-14 22:08:36.528434,878067712.0,bert-inference-69f8cc488d-g8v7z
2026-08-14 22:08:36.528434,926662656.0,bert-inference-69f8cc488d-7442w
2026-08-14 22:08:41.525637,894660608.0,bert-inference-69f8cc488d-xhq9w
2026-08-14 22:08:41.525637,1018994688.0,bert-inference-69f8cc488d-xbnnq
2026-08-14 22:08:41.525637,1033588736.0,bert-inference-69f8cc488d-5952x
2026-08-14 22:08:41.525637,1314189312.0,bert-inference-69f8cc488d-7d4tz
2026-08-14 22:08:41.525637,878067712.0,bert-inference-69f8cc488d-g8v7z
2026-08-14 22:08:41.525637,926662656.0,bert-inference-69f8cc488d-7442w
2026-08-14 22:08:46.526178,894660608.0,bert-inference-69f8cc488d-xhq9w
2026-08-14 22:08:46.526178,1019015168.0,bert-inference-69f8cc488d-xbnnq
2026-08-14 22:08:46.526178,1033588736.0,bert-inference-69f8cc488d-5952x
2026-08-14 22:08:46.526178,1314189312.0,bert-inference-69f8cc488d-7d4tz
2026-08-14 22:08:46.526178,878067712.0,bert-inference-69f8cc488d-g8v7z
2026-08-14 22:08:46.526178,926662656.0,bert-inference-69f8cc488d-7442w
2026-08-14 22:08:51.528885,894656512.0,bert-inference-69f8cc488d-xhq9w
2026-08-14 22:08:51.528885,1019015168.0,bert-inference-69f8cc488d-xbnnq
2026-08-14 22:08:51.528885,1033588736.0,bert-inference-69f8cc488d-5952x
2026-08-14 22:08:51.528885,1313959936.0,bert-inference-69f8cc488d-7d4tz
2026-08-14 22:08:51.528885,878284800.0,bert-inference-69f8cc488d-g8v7z
2026-08-14 22:08:51.528885,926662656.0,bert-inference-69f8cc488d-7442w
2026-08-14 22:08:56.529038,894656512.0,bert-inference-69f8cc488d-xhq9w
2026-08-14 22:08:56.529038,1019514880.0,bert-inference-69f8cc488d-xbnnq
2026-08-14 22:08:56.529038,1033588736.0,bert-inference-69f8cc488d-5952x
2026-08-14 22:08:56.529038,1313959936.0,bert-inference-69f8cc488d-7d4tz
2026-08-14 22:08:56.529038,878284800.0,bert-inference-69f8cc488d-g8v7z
2026-08-14 22:08:56.529038,926662656.0,bert-inference-69f8cc488d-7442w
2026-08-14 22:09:01.528878,894656512.0,bert-inference-69f8cc488d-xhq9w
2026-08-14 22:09:01.528878,1019514880.0,bert-inference-69f8cc488d-xbnnq
2026-08-14 22:09:01.528878,1033588736.0,bert-inference-69f8cc488d-5952x
2026-08-14 22:09:01.528878,1313984512.0,bert-inference-69f8cc488d-7d4tz
2026-08-14 22:09:01.528878,878284800.0,bert-inference-69f8cc488d-g8v7z
2026-08-14 22:09:01.528878,926662656.0,bert-inference-69f8cc488d-7442w
2026-08-14 22:09:06.528938,894431232.0,bert-inference-69f8cc488d-xhq9w
2026-08-14 22:09:06.528938,1019514880.0,bert-inference-69f8cc488d-xbnnq
2026-08-14 22:09:06.528938,1033588736.0,bert-inference-69f8cc488d-5952x
2026-08-14 22:09:06.528938,1313984512.0,bert-inference-69f8cc488d-7d4tz
2026-08-14 22:09:06.528938,878284800.0,bert-inference-69f8cc488d-g8v7z
2026-08-14 22:09:06.528938,926662656.0,bert-inference-69f8cc488d-7442w
2026-08-14 22:09:11.528882,894431232.0,bert-inference-69f8cc488d-xhq9w
2026-08-14 22:09:11.528882,1019514880.0,bert-inference-69f8cc488d-xbnnq
2026-08-14 22:09:11.528882,1033809920.0,bert-inference-69f8cc488d-5952x
2026-08-14 22:09:11.528882,1313984512.0,bert-inference-69f8cc488d-7d4tz
2026-08-14 22:09:11.528882,878284800.0,bert-inference-69f8cc488d-g8v7z
2026-08-14 22:09:11.528882,927182848.0,bert-inference-69f8cc488d-7442w
2026-08-14 22:09:16.527409,894447616.0,bert-inference-69f8cc488d-xhq9w
2026-08-14 22:09:16.527409,1019236352.0,bert-inference-69f8cc488d-xbnnq
2026-08-14 22:09:16.527409,1033809920.0,bert-inference-69f8cc488d-5952x
2026-08-14 22:09:16.527409,1313988608.0,bert-inference-69f8cc488d-7d4tz
2026-08-14 22:09:16.527409,878284800.0,bert-inference-69f8cc488d-g8v7z
2026-08-14 22:09:16.527409,927182848.0,bert-inference-69f8cc488d-7442w
2026-08-14 22:09:21.529139,894447616.0,bert-inference-69f8cc488d-xhq9w
2026-08-14 22:09:21.529139,1019236352.0,bert-inference-69f8cc488d-xbnnq
2026-08-14 22:09:21.529139,1033809920.0,bert-inference-69f8cc488d-5952x
2026-08-14 22:09:21.529139,1313988608.0,bert-inference-69f8cc488d-7d4tz
2026-08-14 22:09:21.529139,878067712.0,bert-inference-69f8cc488d-g8v7z
2026-08-14 22:09:21.529139,927182848.0,bert-inference-69f8cc488d-7442w
2026-08-14 22:09:26.524622,894447616.0,bert-inference-69f8cc488d-xhq9w
2026-08-14 22:09:26.524622,1019015168.0,bert-inference-69f8cc488d-xbnnq
2026-08-14 22:09:26.524622,1033588736.0,bert-inference-69f8cc488d-5952x
2026-08-14 22:09:26.524622,1313988608.0,bert-inference-69f8cc488d-7d4tz
2026-08-14 22:09:26.524622,878067712.0,bert-inference-69f8cc488d-g8v7z
2026-08-14 22:09:26.524622,927182848.0,bert-inference-69f8cc488d-7442w
2026-08-14 22:09:31.528874,894447616.0,bert-inference-69f8cc488d-xhq9w
2026-08-14 22:09:31.528874,1019015168.0,bert-inference-69f8cc488d-xbnnq
2026-08-14 22:09:31.528874,1033588736.0,bert-inference-69f8cc488d-5952x
2026-08-14 22:09:31.528874,1314455552.0,bert-inference-69f8cc488d-7d4tz
2026-08-14 22:09:31.528874,878063616.0,bert-inference-69f8cc488d-g8v7z
2026-08-14 22:09:31.528874,926674944.0,bert-inference-69f8cc488d-7442w
2026-08-14 22:09:36.529009,894939136.0,bert-inference-69f8cc488d-xhq9w
2026-08-14 22:09:36.529009,1019015168.0,bert-inference-69f8cc488d-xbnnq
2026-08-14 22:09:36.529009,1033588736.0,bert-inference-69f8cc488d-5952x
2026-08-14 22:09:36.529009,1314455552.0,bert-inference-69f8cc488d-7d4tz
2026-08-14 22:09:36.529009,878063616.0,bert-inference-69f8cc488d-g8v7z
2026-08-14 22:09:36.529009,926674944.0,bert-inference-69f8cc488d-7442w
2026-08-14 22:09:41.528936,894939136.0,bert-inference-69f8cc488d-xhq9w
2026-08-14 22:09:41.528936,1019236352.0,bert-inference-69f8cc488d-xbnnq
2026-08-14 22:09:41.528936,1033588736.0,bert-inference-69f8cc488d-5952x
2026-08-14 22:09:41.528936,1314455552.0,bert-inference-69f8cc488d-7d4tz
2026-08-14 22:09:41.528936,878063616.0,bert-inference-69f8cc488d-g8v7z
2026-08-14 22:09:41.528936,926674944.0,bert-inference-69f8cc488d-7442w
2026-08-14 22:09:46.528573,894447616.0,bert-inference-69f8cc488d-xhq9w
2026-08-14 22:09:46.528573,1019236352.0,bert-inference-69f8cc488d-xbnnq
2026-08-14 22:09:46.528573,1033588736.0,bert-inference-69f8cc488d-5952x
2026-08-14 22:09:46.528573,1314455552.0,bert-inference-69f8cc488d-7d4tz
2026-08-14 22:09:46.528573,878067712.0,bert-inference-69f8cc488d-g8v7z
2026-08-14 22:09:46.528573,926674944.0,bert-inference-69f8cc488d-7442w
2026-08-14 22:09:51.528877,894447616.0,bert-inference-69f8cc488d-xhq9w
2026-08-14 22:09:51.528877,1019236352.0,bert-inference-69f8cc488d-xbnnq
2026-08-14 22:09:51.528877,1033588736.0,bert-inference-69f8cc488d-5952x
2026-08-14 22:09:51.528877,1313980416.0,bert-inference-69f8cc488d-7d4tz
2026-08-14 22:09:51.528877,878067712.0,bert-inference-69f8cc488d-g8v7z
2026-08-14 22:09:51.528877,926674944.0,bert-inference-69f8cc488d-7442w
2026-08-14 22:09:56.524237,894447616.0,bert-inference-69f8cc488d-xhq9w
2026-08-14 22:09:56.524237,1019236352.0,bert-inference-69f8cc488d-xbnnq
2026-08-14 22:09:56.524237,1033588736.0,bert-inference-69f8cc488d-5952x
2026-08-14 22:09:56.524237,1313980416.0,bert-inference-69f8cc488d-7d4tz
2026-08-14 22:09:56.524237,878067712.0,bert-inference-69f8cc488d-g8v7z
2026-08-14 22:09:56.524237,926674944.0,bert-inference-69f8cc488d-7442w
2026-08-14 22:10:01.527514,894447616.0,bert-inference-69f8cc488d-xhq9w
2026-08-14 22:10:01.527514,1019256832.0,bert-inference-69f8cc488d-xbnnq
2026-08-14 22:10:01.527514,1033613312.0,bert-inference-69f8cc488d-5952x
2026-08-14 22:10:01.527514,1313980416.0,bert-inference-69f8cc488d-7d4tz
2026-08-14 22:10:01.527514,878067712.0,bert-inference-69f8cc488d-g8v7z
2026-08-14 22:10:01.527514,926679040.0,bert-inference-69f8cc488d-7442w
2026-08-14 22:10:06.527102,894447616.0,bert-inference-69f8cc488d-xhq9w
2026-08-14 22:10:06.527102,1019256832.0,bert-inference-69f8cc488d-xbnnq
2026-08-14 22:10:06.527102,1033613312.0,bert-inference-69f8cc488d-5952x
2026-08-14 22:10:06.527102,1314217984.0,bert-inference-69f8cc488d-7d4tz
2026-08-14 22:10:06.527102,878063616.0,bert-inference-69f8cc488d-g8v7z
2026-08-14 22:10:06.527102,926679040.0,bert-inference-69f8cc488d-7442w
2026-08-14 22:10:11.528945,894447616.0,bert-inference-69f8cc488d-xhq9w
2026-08-14 22:10:11.528945,1019232256.0,bert-inference-69f8cc488d-xbnnq
2026-08-14 22:10:11.528945,1033613312.0,bert-inference-69f8cc488d-5952x
2026-08-14 22:10:11.528945,1314217984.0,bert-inference-69f8cc488d-7d4tz
2026-08-14 22:10:11.528945,878063616.0,bert-inference-69f8cc488d-g8v7z
2026-08-14 22:10:11.528945,926679040.0,bert-inference-69f8cc488d-7442w
2026-08-14 22:10:16.528975,894447616.0,bert-inference-69f8cc488d-xhq9w
2026-08-14 22:10:16.528975,1019232256.0,bert-inference-69f8cc488d-xbnnq
2026-08-14 22:10:16.528975,1033613312.0,bert-inference-69f8cc488d-5952x
2026-08-14 22:10:16.528975,1314217984.0,bert-inference-69f8cc488d-7d4tz
2026-08-14 22:10:16.528975,878063616.0,bert-inference-69f8cc488d-g8v7z
2026-08-14 22:10:16.528975,926679040.0,bert-inference-69f8cc488d-7442w
2026-08-14 22:10:21.528954,894447616.0,bert-inference-69f8cc488d-xhq9w
2026-08-14 22:10:21.528954,1019232256.0,bert-inference-69f8cc488d-xbnnq
2026-08-14 22:10:21.528954,1033588736.0,bert-inference-69f8cc488d-5952x
2026-08-14 22:10:21.528954,1313959936.0,bert-inference-69f8cc488d-7d4tz
2026-08-14 22:10:21.528954,878571520.0,bert-inference-69f8cc488d-g8v7z
2026-08-14 22:10:21.528954,926674944.0,bert-inference-69f8cc488d-7442w
2026-08-14 22:10:26.525002,894447616.0,bert-inference-69f8cc488d-xhq9w
2026-08-14 22:10:26.525002,1019232256.0,bert-inference-69f8cc488d-xbnnq
2026-08-14 22:10:26.525002,1033588736.0,bert-inference-69f8cc488d-5952x
2026-08-14 22:10:26.525002,1313959936.0,bert-inference-69f8cc488d-7d4tz
2026-08-14 22:10:26.525002,878571520.0,bert-inference-69f8cc488d-g8v7z
2026-08-14 22:10:26.525002,926674944.0,bert-inference-69f8cc488d-7442w
2026-08-14 22:10:31.528443,894447616.0,bert-inference-69f8cc488d-xhq9w
2026-08-14 22:10:31.528443,1019232256.0,bert-inference-69f8cc488d-xbnnq
2026-08-14 22:10:31.528443,1033588736.0,bert-inference-69f8cc488d-5952x
2026-08-14 22:10:31.528443,1313959936.0,bert-inference-69f8cc488d-7d4tz
2026-08-14 22:10:31.528443,878571520.0,bert-inference-69f8cc488d-g8v7z
2026-08-14 22:10:31.528443,926670848.0,bert-inference-69f8cc488d-7442w
2026-08-14 22:10:36.528930,894447616.0,bert-inference-69f8cc488d-xhq9w
2026-08-14 22:10:36.528930,1019232256.0,bert-inference-69f8cc488d-xbnnq
2026-08-14 22:10:36.528930,1033588736.0,bert-inference-69f8cc488d-5952x
2026-08-14 22:10:36.528930,1314185216.0,bert-inference-69f8cc488d-7d4tz
2026-08-14 22:10:36.528930,878571520.0,bert-inference-69f8cc488d-g8v7z
2026-08-14 22:10:36.528930,926670848.0,bert-inference-69f8cc488d-7442w
2026-08-14 22:10:41.528476,894468096.0,bert-inference-69f8cc488d-xhq9w
2026-08-14 22:10:41.528476,1019232256.0,bert-inference-69f8cc488d-xbnnq
2026-08-14 22:10:41.528476,1033809920.0,bert-inference-69f8cc488d-5952x
2026-08-14 22:10:41.528476,1314185216.0,bert-inference-69f8cc488d-7d4tz
2026-08-14 22:10:41.528476,878313472.0,bert-inference-69f8cc488d-g8v7z
2026-08-14 22:10:41.528476,926670848.0,bert-inference-69f8cc488d-7442w
2026-08-14 22:10:46.528970,894468096.0,bert-inference-69f8cc488d-xhq9w
2026-08-14 22:10:46.528970,1019232256.0,bert-inference-69f8cc488d-xbnnq
2026-08-14 22:10:46.528970,1033809920.0,bert-inference-69f8cc488d-5952x
2026-08-14 22:10:46.528970,1314185216.0,bert-inference-69f8cc488d-7d4tz
2026-08-14 22:10:46.528970,878313472.0,bert-inference-69f8cc488d-g8v7z
2026-08-14 22:10:46.528970,926670848.0,bert-inference-69f8cc488d-7442w
2026-08-14 22:10:51.528916,894468096.0,bert-inference-69f8cc488d-xhq9w
2026-08-14 22:10:51.528916,1019006976.0,bert-inference-69f8cc488d-xbnnq
2026-08-14 22:10:51.528916,1033809920.0,bert-inference-69f8cc488d-5952x
2026-08-14 22:10:51.528916,1314185216.0,bert-inference-69f8cc488d-7d4tz
2026-08-14 22:10:51.528916,878313472.0,bert-inference-69f8cc488d-g8v7z
2026-08-14 22:10:51.528916,927186944.0,bert-inference-69f8cc488d-7442w
2026-08-14 22:10:56.528779,894468096.0,bert-inference-69f8cc488d-xhq9w
2026-08-14 22:10:56.528779,1019006976.0,bert-inference-69f8cc488d-xbnnq
2026-08-14 22:10:56.528779,1033588736.0,bert-inference-69f8cc488d-5952x
2026-08-14 22:10:56.528779,1314205696.0,bert-inference-69f8cc488d-7d4tz
2026-08-14 22:10:56.528779,878059520.0,bert-inference-69f8cc488d-g8v7z
2026-08-14 22:10:56.528779,927186944.0,bert-inference-69f8cc488d-7442w
2026-08-14 22:11:01.528960,894468096.0,bert-inference-69f8cc488d-xhq9w
2026-08-14 22:11:01.528960,1019011072.0,bert-inference-69f8cc488d-xbnnq
2026-08-14 22:11:01.528960,1033588736.0,bert-inference-69f8cc488d-5952x
2026-08-14 22:11:01.528960,1314205696.0,bert-inference-69f8cc488d-7d4tz
2026-08-14 22:11:01.528960,878059520.0,bert-inference-69f8cc488d-g8v7z
2026-08-14 22:11:01.528960,927186944.0,bert-inference-69f8cc488d-7442w
2026-08-14 22:11:06.529018,894468096.0,bert-inference-69f8cc488d-xhq9w
2026-08-14 22:11:06.529018,1019011072.0,bert-inference-69f8cc488d-xbnnq
2026-08-14 22:11:06.529018,1033588736.0,bert-inference-69f8cc488d-5952x
2026-08-14 22:11:06.529018,1313984512.0,bert-inference-69f8cc488d-7d4tz
2026-08-14 22:11:06.529018,878059520.0,bert-inference-69f8cc488d-g8v7z
2026-08-14 22:11:06.529018,927186944.0,bert-inference-69f8cc488d-7442w
2026-08-14 22:11:11.527286,894468096.0,bert-inference-69f8cc488d-xhq9w
2026-08-14 22:11:11.527286,1019011072.0,bert-inference-69f8cc488d-xbnnq
2026-08-14 22:11:11.527286,1033588736.0,bert-inference-69f8cc488d-5952x
2026-08-14 22:11:11.527286,1313984512.0,bert-inference-69f8cc488d-7d4tz
2026-08-14 22:11:11.527286,878088192.0,bert-inference-69f8cc488d-g8v7z
2026-08-14 22:11:11.527286,926674944.0,bert-inference-69f8cc488d-7442w
2026-08-14 22:11:16.528884,894468096.0,bert-inference-69f8cc488d-xhq9w
2026-08-14 22:11:16.528884,1019006976.0,bert-inference-69f8cc488d-xbnnq
2026-08-14 22:11:16.528884,1033588736.0,bert-inference-69f8cc488d-5952x
2026-08-14 22:11:16.528884,1313984512.0,bert-inference-69f8cc488d-7d4tz
2026-08-14 22:11:16.528884,878088192.0,bert-inference-69f8cc488d-g8v7z
2026-08-14 22:11:16.528884,926674944.0,bert-inference-69f8cc488d-7442w
2026-08-14 22:11:21.528751,894935040.0,bert-inference-69f8cc488d-xhq9w
2026-08-14 22:11:21.528751,1019006976.0,bert-inference-69f8cc488d-xbnnq
2026-08-14 22:11:21.528751,1033838592.0,bert-inference-69f8cc488d-5952x
2026-08-14 22:11:21.528751,1314209792.0,bert-inference-69f8cc488d-7d4tz
2026-08-14 22:11:21.528751,878088192.0,bert-inference-69f8cc488d-g8v7z
2026-08-14 22:11:21.528751,926699520.0,bert-inference-69f8cc488d-7442w
2026-08-14 22:11:26.529043,894935040.0,bert-inference-69f8cc488d-xhq9w
2026-08-14 22:11:26.529043,1019006976.0,bert-inference-69f8cc488d-xbnnq
2026-08-14 22:11:26.529043,1033838592.0,bert-inference-69f8cc488d-5952x
2026-08-14 22:11:26.529043,1314209792.0,bert-inference-69f8cc488d-7d4tz
2026-08-14 22:11:26.529043,878288896.0,bert-inference-69f8cc488d-g8v7z
2026-08-14 22:11:26.529043,926699520.0,bert-inference-69f8cc488d-7442w
2026-08-14 22:11:31.525176,894935040.0,bert-inference-69f8cc488d-xhq9w
2026-08-14 22:11:31.525176,1019023360.0,bert-inference-69f8cc488d-xbnnq
2026-08-14 22:11:31.525176,1033588736.0,bert-inference-69f8cc488d-5952x
2026-08-14 22:11:31.525176,1314209792.0,bert-inference-69f8cc488d-7d4tz
2026-08-14 22:11:31.525176,878288896.0,bert-inference-69f8cc488d-g8v7z
2026-08-14 22:11:31.525176,926896128.0,bert-inference-69f8cc488d-7442w
2026-08-14 22:11:36.528938,894935040.0,bert-inference-69f8cc488d-xhq9w
2026-08-14 22:11:36.528938,1019023360.0,bert-inference-69f8cc488d-xbnnq
2026-08-14 22:11:36.528938,1033588736.0,bert-inference-69f8cc488d-5952x
2026-08-14 22:11:36.528938,1314209792.0,bert-inference-69f8cc488d-7d4tz
2026-08-14 22:11:36.528938,878288896.0,bert-inference-69f8cc488d-g8v7z
2026-08-14 22:11:36.528938,926896128.0,bert-inference-69f8cc488d-7442w
2026-08-14 22:11:41.528568,894955520.0,bert-inference-69f8cc488d-xhq9w
2026-08-14 22:11:41.528568,1019023360.0,bert-inference-69f8cc488d-xbnnq
2026-08-14 22:11:41.528568,1033588736.0,bert-inference-69f8cc488d-5952x
2026-08-14 22:11:41.528568,1313959936.0,bert-inference-69f8cc488d-7d4tz
2026-08-14 22:11:41.528568,878288896.0,bert-inference-69f8cc488d-g8v7z
2026-08-14 22:11:41.528568,926896128.0,bert-inference-69f8cc488d-7442w
2026-08-14 22:11:46.528937,894955520.0,bert-inference-69f8cc488d-xhq9w
2026-08-14 22:11:46.528937,1019289600.0,bert-inference-69f8cc488d-xbnnq
2026-08-14 22:11:46.528937,1033588736.0,bert-inference-69f8cc488d-5952x
2026-08-14 22:11:46.528937,1313959936.0,bert-inference-69f8cc488d-7d4tz
2026-08-14 22:11:46.528937,878067712.0,bert-inference-69f8cc488d-g8v7z
2026-08-14 22:11:46.528937,926896128.0,bert-inference-69f8cc488d-7442w
2026-08-14 22:11:51.524265,894447616.0,bert-inference-69f8cc488d-xhq9w
2026-08-14 22:11:51.524265,1019289600.0,bert-inference-69f8cc488d-xbnnq
2026-08-14 22:11:51.524265,1033588736.0,bert-inference-69f8cc488d-5952x
2026-08-14 22:11:51.524265,1313959936.0,bert-inference-69f8cc488d-7d4tz
2026-08-14 22:11:51.524265,878067712.0,bert-inference-69f8cc488d-g8v7z
2026-08-14 22:11:51.524265,926674944.0,bert-inference-69f8cc488d-7442w
2026-08-14 22:11:56.528918,894447616.0,bert-inference-69f8cc488d-xhq9w
2026-08-14 22:11:56.528918,1019006976.0,bert-inference-69f8cc488d-xbnnq
2026-08-14 22:11:56.528918,1033605120.0,bert-inference-69f8cc488d-5952x
2026-08-14 22:11:56.528918,1313959936.0,bert-inference-69f8cc488d-7d4tz
2026-08-14 22:11:56.528918,878067712.0,bert-inference-69f8cc488d-g8v7z
2026-08-14 22:11:56.528918,926674944.0,bert-inference-69f8cc488d-7442w
2026-08-14 22:12:01.528425,894709760.0,bert-inference-69f8cc488d-xhq9w
2026-08-14 22:12:01.528425,1019006976.0,bert-inference-69f8cc488d-xbnnq
2026-08-14 22:12:01.528425,1033605120.0,bert-inference-69f8cc488d-5952x
2026-08-14 22:12:01.528425,1313959936.0,bert-inference-69f8cc488d-7d4tz
2026-08-14 22:12:01.528425,878067712.0,bert-inference-69f8cc488d-g8v7z
2026-08-14 22:12:01.528425,926674944.0,bert-inference-69f8cc488d-7442w
2026-08-14 22:12:06.526325,894709760.0,bert-inference-69f8cc488d-xhq9w
2026-08-14 22:12:06.526325,1019006976.0,bert-inference-69f8cc488d-xbnnq
2026-08-14 22:12:06.526325,1033605120.0,bert-inference-69f8cc488d-5952x
2026-08-14 22:12:06.526325,1313959936.0,bert-inference-69f8cc488d-7d4tz
2026-08-14 22:12:06.526325,878067712.0,bert-inference-69f8cc488d-g8v7z
2026-08-14 22:12:06.526325,926920704.0,bert-inference-69f8cc488d-7442w
2026-08-14 22:12:11.528880,894709760.0,bert-inference-69f8cc488d-xhq9w
2026-08-14 22:12:11.528880,1019260928.0,bert-inference-69f8cc488d-xbnnq
2026-08-14 22:12:11.528880,1033588736.0,bert-inference-69f8cc488d-5952x
2026-08-14 22:12:11.528880,1313959936.0,bert-inference-69f8cc488d-7d4tz
2026-08-14 22:12:11.528880,878067712.0,bert-inference-69f8cc488d-g8v7z
2026-08-14 22:12:11.528880,926920704.0,bert-inference-69f8cc488d-7442w
2026-08-14 22:12:16.528936,894447616.0,bert-inference-69f8cc488d-xhq9w
2026-08-14 22:12:16.528936,1019260928.0,bert-inference-69f8cc488d-xbnnq
2026-08-14 22:12:16.528936,1033588736.0,bert-inference-69f8cc488d-5952x
2026-08-14 22:12:16.528936,1313959936.0,bert-inference-69f8cc488d-7d4tz
2026-08-14 22:12:16.528936,878067712.0,bert-inference-69f8cc488d-g8v7z
2026-08-14 22:12:16.528936,926920704.0,bert-inference-69f8cc488d-7442w
2026-08-14 22:12:21.528930,894447616.0,bert-inference-69f8cc488d-xhq9w
2026-08-14 22:12:21.528930,1019260928.0,bert-inference-69f8cc488d-xbnnq
2026-08-14 22:12:21.528930,1033588736.0,bert-inference-69f8cc488d-5952x
2026-08-14 22:12:21.528930,1314209792.0,bert-inference-69f8cc488d-7d4tz
2026-08-14 22:12:21.528930,878067712.0,bert-inference-69f8cc488d-g8v7z
2026-08-14 22:12:21.528930,926674944.0,bert-inference-69f8cc488d-7442w
2026-08-14 22:12:26.528705,894447616.0,bert-inference-69f8cc488d-xhq9w
2026-08-14 22:12:26.528705,1019011072.0,bert-inference-69f8cc488d-xbnnq
2026-08-14 22:12:26.528705,1033588736.0,bert-inference-69f8cc488d-5952x
2026-08-14 22:12:26.528705,1314209792.0,bert-inference-69f8cc488d-7d4tz
2026-08-14 22:12:26.528705,878067712.0,bert-inference-69f8cc488d-g8v7z
2026-08-14 22:12:26.528705,926674944.0,bert-inference-69f8cc488d-7442w
2026-08-14 22:12:31.528891,894726144.0,bert-inference-69f8cc488d-xhq9w
2026-08-14 22:12:31.528891,1019011072.0,bert-inference-69f8cc488d-xbnnq
2026-08-14 22:12:31.528891,1033621504.0,bert-inference-69f8cc488d-5952x
2026-08-14 22:12:31.528891,1313959936.0,bert-inference-69f8cc488d-7d4tz
2026-08-14 22:12:31.528891,878067712.0,bert-inference-69f8cc488d-g8v7z
2026-08-14 22:12:31.528891,926674944.0,bert-inference-69f8cc488d-7442w
2026-08-14 22:12:36.528924,894726144.0,bert-inference-69f8cc488d-xhq9w
2026-08-14 22:12:36.528924,1019011072.0,bert-inference-69f8cc488d-xbnnq
2026-08-14 22:12:36.528924,1033621504.0,bert-inference-69f8cc488d-5952x
2026-08-14 22:12:36.528924,1313959936.0,bert-inference-69f8cc488d-7d4tz
2026-08-14 22:12:36.528924,878059520.0,bert-inference-69f8cc488d-g8v7z
2026-08-14 22:12:36.528924,926908416.0,bert-inference-69f8cc488d-7442w
2026-08-14 22:12:41.528931,894668800.0,bert-inference-69f8cc488d-xhq9w
2026-08-14 22:12:41.528931,1019256832.0,bert-inference-69f8cc488d-xbnnq
2026-08-14 22:12:41.528931,1033588736.0,bert-inference-69f8cc488d-5952x
2026-08-14 22:12:41.528931,1313959936.0,bert-inference-69f8cc488d-7d4tz
2026-08-14 22:12:41.528931,878059520.0,bert-inference-69f8cc488d-g8v7z
2026-08-14 22:12:41.528931,926908416.0,bert-inference-69f8cc488d-7442w
2026-08-14 22:12:46.527188,894668800.0,bert-inference-69f8cc488d-xhq9w
2026-08-14 22:12:46.527188,1019256832.0,bert-inference-69f8cc488d-xbnnq
2026-08-14 22:12:46.527188,1033588736.0,bert-inference-69f8cc488d-5952x
2026-08-14 22:12:46.527188,1313959936.0,bert-inference-69f8cc488d-7d4tz
2026-08-14 22:12:46.527188,878059520.0,bert-inference-69f8cc488d-g8v7z
2026-08-14 22:12:46.527188,926674944.0,bert-inference-69f8cc488d-7442w
2026-08-14 22:12:51.528774,894668800.0,bert-inference-69f8cc488d-xhq9w
2026-08-14 22:12:51.528774,1019256832.0,bert-inference-69f8cc488d-xbnnq
2026-08-14 22:12:51.528774,1033588736.0,bert-inference-69f8cc488d-5952x
2026-08-14 22:12:51.528774,1313959936.0,bert-inference-69f8cc488d-7d4tz
2026-08-14 22:12:51.528774,878059520.0,bert-inference-69f8cc488d-g8v7z
2026-08-14 22:12:51.528774,926674944.0,bert-inference-69f8cc488d-7442w
2026-08-14 22:12:56.527297,894668800.0,bert-inference-69f8cc488d-xhq9w
2026-08-14 22:12:56.527297,1019256832.0,bert-inference-69f8cc488d-xbnnq
2026-08-14 22:12:56.527297,1034096640.0,bert-inference-69f8cc488d-5952x
2026-08-14 22:12:56.527297,1313959936.0,bert-inference-69f8cc488d-7d4tz
2026-08-14 22:12:56.527297,878092288.0,bert-inference-69f8cc488d-g8v7z
2026-08-14 22:12:56.527297,926674944.0,bert-inference-69f8cc488d-7442w
2026-08-14 22:13:01.528988,894705664.0,bert-inference-69f8cc488d-xhq9w
2026-08-14 22:13:01.528988,1019006976.0,bert-inference-69f8cc488d-xbnnq
2026-08-14 22:13:01.528988,1034096640.0,bert-inference-69f8cc488d-5952x
2026-08-14 22:13:01.528988,1313959936.0,bert-inference-69f8cc488d-7d4tz
2026-08-14 22:13:01.528988,878092288.0,bert-inference-69f8cc488d-g8v7z
2026-08-14 22:13:01.528988,926674944.0,bert-inference-69f8cc488d-7442w
2026-08-14 22:13:06.528942,894705664.0,bert-inference-69f8cc488d-xhq9w
2026-08-14 22:13:06.528942,1019006976.0,bert-inference-69f8cc488d-xbnnq
2026-08-14 22:13:06.528942,1034096640.0,bert-inference-69f8cc488d-5952x
2026-08-14 22:13:06.528942,1313959936.0,bert-inference-69f8cc488d-7d4tz
2026-08-14 22:13:06.528942,878063616.0,bert-inference-69f8cc488d-g8v7z
2026-08-14 22:13:06.528942,926674944.0,bert-inference-69f8cc488d-7442w
2026-08-14 22:13:11.528878,894664704.0,bert-inference-69f8cc488d-xhq9w
2026-08-14 22:13:11.528878,1019006976.0,bert-inference-69f8cc488d-xbnnq
2026-08-14 22:13:11.528878,1033814016.0,bert-inference-69f8cc488d-5952x
2026-08-14 22:13:11.528878,1313959936.0,bert-inference-69f8cc488d-7d4tz
2026-08-14 22:13:11.528878,878063616.0,bert-inference-69f8cc488d-g8v7z
2026-08-14 22:13:11.528878,926924800.0,bert-inference-69f8cc488d-7442w
2026-08-14 22:13:16.529016,894664704.0,bert-inference-69f8cc488d-xhq9w
2026-08-14 22:13:16.529016,1019006976.0,bert-inference-69f8cc488d-xbnnq
2026-08-14 22:13:16.529016,1033814016.0,bert-inference-69f8cc488d-5952x
2026-08-14 22:13:16.529016,1313959936.0,bert-inference-69f8cc488d-7d4tz
2026-08-14 22:13:16.529016,878063616.0,bert-inference-69f8cc488d-g8v7z
2026-08-14 22:13:16.529016,926924800.0,bert-inference-69f8cc488d-7442w
2026-08-14 22:13:21.528948,894664704.0,bert-inference-69f8cc488d-xhq9w
2026-08-14 22:13:21.528948,1019006976.0,bert-inference-69f8cc488d-xbnnq
2026-08-14 22:13:21.528948,1033814016.0,bert-inference-69f8cc488d-5952x
2026-08-14 22:13:21.528948,1313959936.0,bert-inference-69f8cc488d-7d4tz
2026-08-14 22:13:21.528948,878063616.0,bert-inference-69f8cc488d-g8v7z
2026-08-14 22:13:21.528948,926924800.0,bert-inference-69f8cc488d-7442w
2026-08-14 22:13:26.525693,894468096.0,bert-inference-69f8cc488d-xhq9w
2026-08-14 22:13:26.525693,1019031552.0,bert-inference-69f8cc488d-xbnnq
2026-08-14 22:13:26.525693,1034072064.0,bert-inference-69f8cc488d-5952x
2026-08-14 22:13:26.525693,1313959936.0,bert-inference-69f8cc488d-7d4tz
2026-08-14 22:13:26.525693,878063616.0,bert-inference-69f8cc488d-g8v7z
2026-08-14 22:13:26.525693,926924800.0,bert-inference-69f8cc488d-7442w
2026-08-14 22:13:31.528334,894468096.0,bert-inference-69f8cc488d-xhq9w
2026-08-14 22:13:31.528334,1019031552.0,bert-inference-69f8cc488d-xbnnq
2026-08-14 22:13:31.528334,1034072064.0,bert-inference-69f8cc488d-5952x
2026-08-14 22:13:31.528334,1314193408.0,bert-inference-69f8cc488d-7d4tz
2026-08-14 22:13:31.528334,878063616.0,bert-inference-69f8cc488d-g8v7z
2026-08-14 22:13:31.528334,926674944.0,bert-inference-69f8cc488d-7442w
2026-08-14 22:13:36.528203,894447616.0,bert-inference-69f8cc488d-xhq9w
2026-08-14 22:13:36.528203,1019031552.0,bert-inference-69f8cc488d-xbnnq
2026-08-14 22:13:36.528203,1034072064.0,bert-inference-69f8cc488d-5952x
2026-08-14 22:13:36.528203,1314193408.0,bert-inference-69f8cc488d-7d4tz
2026-08-14 22:13:36.528203,878063616.0,bert-inference-69f8cc488d-g8v7z
2026-08-14 22:13:36.528203,926674944.0,bert-inference-69f8cc488d-7442w
2026-08-14 22:13:41.526480,894447616.0,bert-inference-69f8cc488d-xhq9w
2026-08-14 22:13:41.526480,1019031552.0,bert-inference-69f8cc488d-xbnnq
2026-08-14 22:13:41.526480,1033592832.0,bert-inference-69f8cc488d-5952x
2026-08-14 22:13:41.526480,1314193408.0,bert-inference-69f8cc488d-7d4tz
2026-08-14 22:13:41.526480,878063616.0,bert-inference-69f8cc488d-g8v7z
2026-08-14 22:13:41.526480,926687232.0,bert-inference-69f8cc488d-7442w
2026-08-14 22:13:46.528885,894447616.0,bert-inference-69f8cc488d-xhq9w
2026-08-14 22:13:46.528885,1019006976.0,bert-inference-69f8cc488d-xbnnq
2026-08-14 22:13:46.528885,1033592832.0,bert-inference-69f8cc488d-5952x
2026-08-14 22:13:46.528885,1313959936.0,bert-inference-69f8cc488d-7d4tz
2026-08-14 22:13:46.528885,878317568.0,bert-inference-69f8cc488d-g8v7z
2026-08-14 22:13:46.528885,926687232.0,bert-inference-69f8cc488d-7442w
2026-08-14 22:13:51.528945,894963712.0,bert-inference-69f8cc488d-xhq9w
2026-08-14 22:13:51.528945,1019006976.0,bert-inference-69f8cc488d-xbnnq
2026-08-14 22:13:51.528945,1033592832.0,bert-inference-69f8cc488d-5952x
2026-08-14 22:13:51.528945,1313959936.0,bert-inference-69f8cc488d-7d4tz
2026-08-14 22:13:51.528945,878317568.0,bert-inference-69f8cc488d-g8v7z
2026-08-14 22:13:51.528945,926687232.0,bert-inference-69f8cc488d-7442w
2026-08-14 22:13:56.527300,894963712.0,bert-inference-69f8cc488d-xhq9w
2026-08-14 22:13:56.527300,1019006976.0,bert-inference-69f8cc488d-xbnnq
2026-08-14 22:13:56.527300,1033588736.0,bert-inference-69f8cc488d-5952x
2026-08-14 22:13:56.527300,1313959936.0,bert-inference-69f8cc488d-7d4tz
2026-08-14 22:13:56.527300,878317568.0,bert-inference-69f8cc488d-g8v7z
2026-08-14 22:13:56.527300,926687232.0,bert-inference-69f8cc488d-7442w
2026-08-14 22:14:01.528987,894963712.0,bert-inference-69f8cc488d-xhq9w
2026-08-14 22:14:01.528987,1019006976.0,bert-inference-69f8cc488d-xbnnq
2026-08-14 22:14:01.528987,1033588736.0,bert-inference-69f8cc488d-5952x
2026-08-14 22:14:01.528987,1313980416.0,bert-inference-69f8cc488d-7d4tz
2026-08-14 22:14:01.528987,878088192.0,bert-inference-69f8cc488d-g8v7z
2026-08-14 22:14:01.528987,926679040.0,bert-inference-69f8cc488d-7442w
2026-08-14 22:14:06.525402,894668800.0,bert-inference-69f8cc488d-xhq9w
2026-08-14 22:14:06.525402,1019006976.0,bert-inference-69f8cc488d-xbnnq
2026-08-14 22:14:06.525402,1033588736.0,bert-inference-69f8cc488d-5952x
2026-08-14 22:14:06.525402,1313980416.0,bert-inference-69f8cc488d-7d4tz
2026-08-14 22:14:06.525402,878088192.0,bert-inference-69f8cc488d-g8v7z
2026-08-14 22:14:06.525402,926679040.0,bert-inference-69f8cc488d-7442w
2026-08-14 22:14:11.528955,894668800.0,bert-inference-69f8cc488d-xhq9w
2026-08-14 22:14:11.528955,1019006976.0,bert-inference-69f8cc488d-xbnnq
2026-08-14 22:14:11.528955,1033588736.0,bert-inference-69f8cc488d-5952x
2026-08-14 22:14:11.528955,1313980416.0,bert-inference-69f8cc488d-7d4tz
2026-08-14 22:14:11.528955,878088192.0,bert-inference-69f8cc488d-g8v7z
2026-08-14 22:14:11.528955,926679040.0,bert-inference-69f8cc488d-7442w
2026-08-14 22:14:16.528529,894668800.0,bert-inference-69f8cc488d-xhq9w
2026-08-14 22:14:16.528529,1019006976.0,bert-inference-69f8cc488d-xbnnq
2026-08-14 22:14:16.528529,1033588736.0,bert-inference-69f8cc488d-5952x
2026-08-14 22:14:16.528529,1313980416.0,bert-inference-69f8cc488d-7d4tz
2026-08-14 22:14:16.528529,878063616.0,bert-inference-69f8cc488d-g8v7z
2026-08-14 22:14:16.528529,926679040.0,bert-inference-69f8cc488d-7442w
2026-08-14 22:14:21.528881,894447616.0,bert-inference-69f8cc488d-xhq9w
2026-08-14 22:14:21.528881,1019006976.0,bert-inference-69f8cc488d-xbnnq
2026-08-14 22:14:21.528881,1033588736.0,bert-inference-69f8cc488d-5952x
2026-08-14 22:14:21.528881,1313980416.0,bert-inference-69f8cc488d-7d4tz
2026-08-14 22:14:21.528881,878063616.0,bert-inference-69f8cc488d-g8v7z
2026-08-14 22:14:21.528881,926679040.0,bert-inference-69f8cc488d-7442w
2026-08-14 22:14:26.529030,894447616.0,bert-inference-69f8cc488d-xhq9w
2026-08-14 22:14:26.529030,1019006976.0,bert-inference-69f8cc488d-xbnnq
2026-08-14 22:14:26.529030,1033584640.0,bert-inference-69f8cc488d-5952x
2026-08-14 22:14:26.529030,1313980416.0,bert-inference-69f8cc488d-7d4tz
2026-08-14 22:14:26.529030,878063616.0,bert-inference-69f8cc488d-g8v7z
2026-08-14 22:14:26.529030,926674944.0,bert-inference-69f8cc488d-7442w
2026-08-14 22:14:31.527846,894447616.0,bert-inference-69f8cc488d-xhq9w
2026-08-14 22:14:31.527846,1019006976.0,bert-inference-69f8cc488d-xbnnq
2026-08-14 22:14:31.527846,1033584640.0,bert-inference-69f8cc488d-5952x
2026-08-14 22:14:31.527846,1314185216.0,bert-inference-69f8cc488d-7d4tz
2026-08-14 22:14:31.527846,878063616.0,bert-inference-69f8cc488d-g8v7z
2026-08-14 22:14:31.527846,926674944.0,bert-inference-69f8cc488d-7442w
2026-08-14 22:14:36.529014,894705664.0,bert-inference-69f8cc488d-xhq9w
2026-08-14 22:14:36.529014,1019006976.0,bert-inference-69f8cc488d-xbnnq
2026-08-14 22:14:36.529014,1033584640.0,bert-inference-69f8cc488d-5952x
2026-08-14 22:14:36.529014,1314185216.0,bert-inference-69f8cc488d-7d4tz
2026-08-14 22:14:36.529014,878292992.0,bert-inference-69f8cc488d-g8v7z
2026-08-14 22:14:36.529014,926674944.0,bert-inference-69f8cc488d-7442w
2026-08-14 22:14:41.527420,894705664.0,bert-inference-69f8cc488d-xhq9w
2026-08-14 22:14:41.527420,1019006976.0,bert-inference-69f8cc488d-xbnnq
2026-08-14 22:14:41.527420,1033588736.0,bert-inference-69f8cc488d-5952x
2026-08-14 22:14:41.527420,1314185216.0,bert-inference-69f8cc488d-7d4tz
2026-08-14 22:14:41.527420,878292992.0,bert-inference-69f8cc488d-g8v7z
2026-08-14 22:14:41.527420,926674944.0,bert-inference-69f8cc488d-7442w
2026-08-14 22:14:46.527241,894705664.0,bert-inference-69f8cc488d-xhq9w
2026-08-14 22:14:46.527241,1019236352.0,bert-inference-69f8cc488d-xbnnq
2026-08-14 22:14:46.527241,1033588736.0,bert-inference-69f8cc488d-5952x
2026-08-14 22:14:46.527241,1313959936.0,bert-inference-69f8cc488d-7d4tz
2026-08-14 22:14:46.527241,878292992.0,bert-inference-69f8cc488d-g8v7z
2026-08-14 22:14:46.527241,926674944.0,bert-inference-69f8cc488d-7442w
2026-08-14 22:14:51.528956,894705664.0,bert-inference-69f8cc488d-xhq9w
2026-08-14 22:14:51.528956,1019236352.0,bert-inference-69f8cc488d-xbnnq
2026-08-14 22:14:51.528956,1033588736.0,bert-inference-69f8cc488d-5952x
2026-08-14 22:14:51.528956,1313959936.0,bert-inference-69f8cc488d-7d4tz
2026-08-14 22:14:51.528956,878288896.0,bert-inference-69f8cc488d-g8v7z
2026-08-14 22:14:51.528956,926674944.0,bert-inference-69f8cc488d-7442w
2026-08-14 22:14:56.528940,894705664.0,bert-inference-69f8cc488d-xhq9w
2026-08-14 22:14:56.528940,1019236352.0,bert-inference-69f8cc488d-xbnnq
2026-08-14 22:14:56.528940,1034076160.0,bert-inference-69f8cc488d-5952x
2026-08-14 22:14:56.528940,1313959936.0,bert-inference-69f8cc488d-7d4tz
2026-08-14 22:14:56.528940,878288896.0,bert-inference-69f8cc488d-g8v7z
2026-08-14 22:14:56.528940,926674944.0,bert-inference-69f8cc488d-7442w
2026-08-14 22:15:01.528979,894705664.0,bert-inference-69f8cc488d-xhq9w
2026-08-14 22:15:01.528979,1019236352.0,bert-inference-69f8cc488d-xbnnq
2026-08-14 22:15:01.528979,1034076160.0,bert-inference-69f8cc488d-5952x
2026-08-14 22:15:01.528979,1314185216.0,bert-inference-69f8cc488d-7d4tz
2026-08-14 22:15:01.528979,878288896.0,bert-inference-69f8cc488d-g8v7z
2026-08-14 22:15:01.528979,926674944.0,bert-inference-69f8cc488d-7442w
2026-08-14 22:15:06.528870,894705664.0,bert-inference-69f8cc488d-xhq9w
2026-08-14 22:15:06.528870,1019006976.0,bert-inference-69f8cc488d-xbnnq
2026-08-14 22:15:06.528870,1034076160.0,bert-inference-69f8cc488d-5952x
2026-08-14 22:15:06.528870,1314185216.0,bert-inference-69f8cc488d-7d4tz
2026-08-14 22:15:06.528870,878071808.0,bert-inference-69f8cc488d-g8v7z
2026-08-14 22:15:06.528870,926674944.0,bert-inference-69f8cc488d-7442w
2026-08-14 22:15:11.527534,894693376.0,bert-inference-69f8cc488d-xhq9w
2026-08-14 22:15:11.527534,1019006976.0,bert-inference-69f8cc488d-xbnnq
2026-08-14 22:15:11.527534,1033588736.0,bert-inference-69f8cc488d-5952x
2026-08-14 22:15:11.527534,1314185216.0,bert-inference-69f8cc488d-7d4tz
2026-08-14 22:15:11.527534,878071808.0,bert-inference-69f8cc488d-g8v7z
2026-08-14 22:15:11.527534,926670848.0,bert-inference-69f8cc488d-7442w
2026-08-14 22:15:16.528008,894693376.0,bert-inference-69f8cc488d-xhq9w
2026-08-14 22:15:16.528008,1019011072.0,bert-inference-69f8cc488d-xbnnq
2026-08-14 22:15:16.528008,1033588736.0,bert-inference-69f8cc488d-5952x
2026-08-14 22:15:16.528008,1314185216.0,bert-inference-69f8cc488d-7d4tz
2026-08-14 22:15:16.528008,878071808.0,bert-inference-69f8cc488d-g8v7z
2026-08-14 22:15:16.528008,926670848.0,bert-inference-69f8cc488d-7442w
2026-08-14 22:15:21.526146,894668800.0,bert-inference-69f8cc488d-xhq9w
2026-08-14 22:15:21.526146,1019011072.0,bert-inference-69f8cc488d-xbnnq
2026-08-14 22:15:21.526146,1033588736.0,bert-inference-69f8cc488d-5952x
2026-08-14 22:15:21.526146,1314217984.0,bert-inference-69f8cc488d-7d4tz
2026-08-14 22:15:21.526146,878080000.0,bert-inference-69f8cc488d-g8v7z
2026-08-14 22:15:21.526146,926674944.0,bert-inference-69f8cc488d-7442w
2026-08-14 22:15:26.527895,894668800.0,bert-inference-69f8cc488d-xhq9w
2026-08-14 22:15:26.527895,1019011072.0,bert-inference-69f8cc488d-xbnnq
2026-08-14 22:15:26.527895,1033588736.0,bert-inference-69f8cc488d-5952x
2026-08-14 22:15:26.527895,1314217984.0,bert-inference-69f8cc488d-7d4tz
2026-08-14 22:15:26.527895,878080000.0,bert-inference-69f8cc488d-g8v7z
2026-08-14 22:15:26.527895,926674944.0,bert-inference-69f8cc488d-7442w
2026-08-14 22:15:31.525105,894668800.0,bert-inference-69f8cc488d-xhq9w
2026-08-14 22:15:31.525105,1019293696.0,bert-inference-69f8cc488d-xbnnq
2026-08-14 22:15:31.525105,1033588736.0,bert-inference-69f8cc488d-5952x
2026-08-14 22:15:31.525105,1314238464.0,bert-inference-69f8cc488d-7d4tz
2026-08-14 22:15:31.525105,878080000.0,bert-inference-69f8cc488d-g8v7z
2026-08-14 22:15:31.525105,926674944.0,bert-inference-69f8cc488d-7442w
2026-08-14 22:15:36.524199,894451712.0,bert-inference-69f8cc488d-xhq9w
2026-08-14 22:15:36.524199,1019293696.0,bert-inference-69f8cc488d-xbnnq
2026-08-14 22:15:36.524199,1033588736.0,bert-inference-69f8cc488d-5952x
2026-08-14 22:15:36.524199,1314238464.0,bert-inference-69f8cc488d-7d4tz
2026-08-14 22:15:36.524199,878084096.0,bert-inference-69f8cc488d-g8v7z
2026-08-14 22:15:36.524199,926674944.0,bert-inference-69f8cc488d-7442w
2026-08-14 22:15:41.529194,894451712.0,bert-inference-69f8cc488d-xhq9w
2026-08-14 22:15:41.529194,1019293696.0,bert-inference-69f8cc488d-xbnnq
2026-08-14 22:15:41.529194,1033613312.0,bert-inference-69f8cc488d-5952x
2026-08-14 22:15:41.529194,1314217984.0,bert-inference-69f8cc488d-7d4tz
2026-08-14 22:15:41.529194,878084096.0,bert-inference-69f8cc488d-g8v7z
2026-08-14 22:15:41.529194,926679040.0,bert-inference-69f8cc488d-7442w
2026-08-14 22:15:46.529067,894676992.0,bert-inference-69f8cc488d-xhq9w
2026-08-14 22:15:46.529067,1019293696.0,bert-inference-69f8cc488d-xbnnq
2026-08-14 22:15:46.529067,1033613312.0,bert-inference-69f8cc488d-5952x
2026-08-14 22:15:46.529067,1314217984.0,bert-inference-69f8cc488d-7d4tz
2026-08-14 22:15:46.529067,878579712.0,bert-inference-69f8cc488d-g8v7z
2026-08-14 22:15:46.529067,926679040.0,bert-inference-69f8cc488d-7442w
2026-08-14 22:15:51.527223,894676992.0,bert-inference-69f8cc488d-xhq9w
2026-08-14 22:15:51.527223,1019006976.0,bert-inference-69f8cc488d-xbnnq
2026-08-14 22:15:51.527223,1033838592.0,bert-inference-69f8cc488d-5952x
2026-08-14 22:15:51.527223,1314217984.0,bert-inference-69f8cc488d-7d4tz
2026-08-14 22:15:51.527223,878579712.0,bert-inference-69f8cc488d-g8v7z
2026-08-14 22:15:51.527223,926679040.0,bert-inference-69f8cc488d-7442w
2026-08-14 22:15:56.527260,894676992.0,bert-inference-69f8cc488d-xhq9w
2026-08-14 22:15:56.527260,1019006976.0,bert-inference-69f8cc488d-xbnnq
2026-08-14 22:15:56.527260,1033838592.0,bert-inference-69f8cc488d-5952x
2026-08-14 22:15:56.527260,1314217984.0,bert-inference-69f8cc488d-7d4tz
2026-08-14 22:15:56.527260,878579712.0,bert-inference-69f8cc488d-g8v7z
2026-08-14 22:15:56.527260,926928896.0,bert-inference-69f8cc488d-7442w
2026-08-14 22:16:01.528931,894676992.0,bert-inference-69f8cc488d-xhq9w
2026-08-14 22:16:01.528931,1019006976.0,bert-inference-69f8cc488d-xbnnq
2026-08-14 22:16:01.528931,1033588736.0,bert-inference-69f8cc488d-5952x
2026-08-14 22:16:01.528931,1314181120.0,bert-inference-69f8cc488d-7d4tz
2026-08-14 22:16:01.528931,878292992.0,bert-inference-69f8cc488d-g8v7z
2026-08-14 22:16:01.528931,926928896.0,bert-inference-69f8cc488d-7442w
2026-08-14 22:16:06.528960,894672896.0,bert-inference-69f8cc488d-xhq9w
2026-08-14 22:16:06.528960,1019232256.0,bert-inference-69f8cc488d-xbnnq
2026-08-14 22:16:06.528960,1033588736.0,bert-inference-69f8cc488d-5952x
2026-08-14 22:16:06.528960,1314181120.0,bert-inference-69f8cc488d-7d4tz
2026-08-14 22:16:06.528960,878292992.0,bert-inference-69f8cc488d-g8v7z
2026-08-14 22:16:06.528960,926928896.0,bert-inference-69f8cc488d-7442w
2026-08-14 22:16:11.528941,894672896.0,bert-inference-69f8cc488d-xhq9w
2026-08-14 22:16:11.528941,1019232256.0,bert-inference-69f8cc488d-xbnnq
2026-08-14 22:16:11.528941,1033588736.0,bert-inference-69f8cc488d-5952x
2026-08-14 22:16:11.528941,1314181120.0,bert-inference-69f8cc488d-7d4tz
2026-08-14 22:16:11.528941,878292992.0,bert-inference-69f8cc488d-g8v7z
2026-08-14 22:16:11.528941,926928896.0,bert-inference-69f8cc488d-7442w
2026-08-14 22:16:16.527630,894447616.0,bert-inference-69f8cc488d-xhq9w
2026-08-14 22:16:16.527630,1019232256.0,bert-inference-69f8cc488d-xbnnq
2026-08-14 22:16:16.527630,1034072064.0,bert-inference-69f8cc488d-5952x
2026-08-14 22:16:16.527630,1313984512.0,bert-inference-69f8cc488d-7d4tz
2026-08-14 22:16:16.527630,878063616.0,bert-inference-69f8cc488d-g8v7z
2026-08-14 22:16:16.527630,926674944.0,bert-inference-69f8cc488d-7442w
2026-08-14 22:16:21.528980,894447616.0,bert-inference-69f8cc488d-xhq9w
2026-08-14 22:16:21.528980,1019006976.0,bert-inference-69f8cc488d-xbnnq
2026-08-14 22:16:21.528980,1034072064.0,bert-inference-69f8cc488d-5952x
2026-08-14 22:16:21.528980,1313984512.0,bert-inference-69f8cc488d-7d4tz
2026-08-14 22:16:21.528980,878063616.0,bert-inference-69f8cc488d-g8v7z
2026-08-14 22:16:21.528980,926674944.0,bert-inference-69f8cc488d-7442w
2026-08-14 22:16:26.525637,894447616.0,bert-inference-69f8cc488d-xhq9w
2026-08-14 22:16:26.525637,1019006976.0,bert-inference-69f8cc488d-xbnnq
2026-08-14 22:16:26.525637,1034072064.0,bert-inference-69f8cc488d-5952x
2026-08-14 22:16:26.525637,1313959936.0,bert-inference-69f8cc488d-7d4tz
2026-08-14 22:16:26.525637,878063616.0,bert-inference-69f8cc488d-g8v7z
2026-08-14 22:16:26.525637,926674944.0,bert-inference-69f8cc488d-7442w
2026-08-14 22:16:31.528958,894447616.0,bert-inference-69f8cc488d-xhq9w
2026-08-14 22:16:31.528958,1019006976.0,bert-inference-69f8cc488d-xbnnq
2026-08-14 22:16:31.528958,1034072064.0,bert-inference-69f8cc488d-5952x
2026-08-14 22:16:31.528958,1313959936.0,bert-inference-69f8cc488d-7d4tz
2026-08-14 22:16:31.528958,878063616.0,bert-inference-69f8cc488d-g8v7z
2026-08-14 22:16:31.528958,926674944.0,bert-inference-69f8cc488d-7442w
2026-08-14 22:16:36.528970,894672896.0,bert-inference-69f8cc488d-xhq9w
2026-08-14 22:16:36.528970,1019006976.0,bert-inference-69f8cc488d-xbnnq
2026-08-14 22:16:36.528970,1033588736.0,bert-inference-69f8cc488d-5952x
2026-08-14 22:16:36.528970,1313959936.0,bert-inference-69f8cc488d-7d4tz
2026-08-14 22:16:36.528970,878063616.0,bert-inference-69f8cc488d-g8v7z
2026-08-14 22:16:36.528970,926674944.0,bert-inference-69f8cc488d-7442w
2026-08-14 22:16:41.528897,894672896.0,bert-inference-69f8cc488d-xhq9w
2026-08-14 22:16:41.528897,1019236352.0,bert-inference-69f8cc488d-xbnnq
2026-08-14 22:16:41.528897,1033588736.0,bert-inference-69f8cc488d-5952x
2026-08-14 22:16:41.528897,1313959936.0,bert-inference-69f8cc488d-7d4tz
2026-08-14 22:16:41.528897,878063616.0,bert-inference-69f8cc488d-g8v7z
2026-08-14 22:16:41.528897,926674944.0,bert-inference-69f8cc488d-7442w
2026-08-14 22:16:46.528951,894672896.0,bert-inference-69f8cc488d-xhq9w
2026-08-14 22:16:46.528951,1019236352.0,bert-inference-69f8cc488d-xbnnq
2026-08-14 22:16:46.528951,1033588736.0,bert-inference-69f8cc488d-5952x
2026-08-14 22:16:46.528951,1313955840.0,bert-inference-69f8cc488d-7d4tz
2026-08-14 22:16:46.528951,878063616.0,bert-inference-69f8cc488d-g8v7z
2026-08-14 22:16:46.528951,926674944.0,bert-inference-69f8cc488d-7442w
2026-08-14 22:16:51.525712,894443520.0,bert-inference-69f8cc488d-xhq9w
2026-08-14 22:16:51.525712,1019236352.0,bert-inference-69f8cc488d-xbnnq
2026-08-14 22:16:51.525712,1033588736.0,bert-inference-69f8cc488d-5952x
2026-08-14 22:16:51.525712,1313955840.0,bert-inference-69f8cc488d-7d4tz
2026-08-14 22:16:51.525712,878063616.0,bert-inference-69f8cc488d-g8v7z
2026-08-14 22:16:51.525712,926674944.0,bert-inference-69f8cc488d-7442w
2026-08-14 22:16:56.528937,894443520.0,bert-inference-69f8cc488d-xhq9w
2026-08-14 22:16:56.528937,1019523072.0,bert-inference-69f8cc488d-xbnnq
2026-08-14 22:16:56.528937,1033588736.0,bert-inference-69f8cc488d-5952x
2026-08-14 22:16:56.528937,1313959936.0,bert-inference-69f8cc488d-7d4tz
2026-08-14 22:16:56.528937,878063616.0,bert-inference-69f8cc488d-g8v7z
2026-08-14 22:16:56.528937,926674944.0,bert-inference-69f8cc488d-7442w
2026-08-14 22:17:01.527898,894443520.0,bert-inference-69f8cc488d-xhq9w
2026-08-14 22:17:01.527898,1019523072.0,bert-inference-69f8cc488d-xbnnq
2026-08-14 22:17:01.527898,1033588736.0,bert-inference-69f8cc488d-5952x
2026-08-14 22:17:01.527898,1313959936.0,bert-inference-69f8cc488d-7d4tz
2026-08-14 22:17:01.527898,878059520.0,bert-inference-69f8cc488d-g8v7z
2026-08-14 22:17:01.527898,926674944.0,bert-inference-69f8cc488d-7442w
2026-08-14 22:17:06.527267,894447616.0,bert-inference-69f8cc488d-xhq9w
2026-08-14 22:17:06.527267,1019265024.0,bert-inference-69f8cc488d-xbnnq
2026-08-14 22:17:06.527267,1033588736.0,bert-inference-69f8cc488d-5952x
2026-08-14 22:17:06.527267,1314209792.0,bert-inference-69f8cc488d-7d4tz
2026-08-14 22:17:06.527267,878059520.0,bert-inference-69f8cc488d-g8v7z
2026-08-14 22:17:06.527267,926908416.0,bert-inference-69f8cc488d-7442w
2026-08-14 22:17:11.524490,894447616.0,bert-inference-69f8cc488d-xhq9w
2026-08-14 22:17:11.524490,1019265024.0,bert-inference-69f8cc488d-xbnnq
2026-08-14 22:17:11.524490,1033846784.0,bert-inference-69f8cc488d-5952x
2026-08-14 22:17:11.524490,1314209792.0,bert-inference-69f8cc488d-7d4tz
2026-08-14 22:17:11.524490,878059520.0,bert-inference-69f8cc488d-g8v7z
2026-08-14 22:17:11.524490,926908416.0,bert-inference-69f8cc488d-7442w
2026-08-14 22:17:16.528948,894959616.0,bert-inference-69f8cc488d-xhq9w
2026-08-14 22:17:16.528948,1019006976.0,bert-inference-69f8cc488d-xbnnq
2026-08-14 22:17:16.528948,1033846784.0,bert-inference-69f8cc488d-5952x
2026-08-14 22:17:16.528948,1314209792.0,bert-inference-69f8cc488d-7d4tz
2026-08-14 22:17:16.528948,878063616.0,bert-inference-69f8cc488d-g8v7z
2026-08-14 22:17:16.528948,926908416.0,bert-inference-69f8cc488d-7442w
2026-08-14 22:17:21.528937,894959616.0,bert-inference-69f8cc488d-xhq9w
2026-08-14 22:17:21.528937,1019006976.0,bert-inference-69f8cc488d-xbnnq
2026-08-14 22:17:21.528937,1033846784.0,bert-inference-69f8cc488d-5952x
2026-08-14 22:17:21.528937,1314209792.0,bert-inference-69f8cc488d-7d4tz
2026-08-14 22:17:21.528937,878063616.0,bert-inference-69f8cc488d-g8v7z
2026-08-14 22:17:21.528937,926908416.0,bert-inference-69f8cc488d-7442w
2026-08-14 22:17:26.528935,894959616.0,bert-inference-69f8cc488d-xhq9w
2026-08-14 22:17:26.528935,1019006976.0,bert-inference-69f8cc488d-xbnnq
2026-08-14 22:17:26.528935,1033871360.0,bert-inference-69f8cc488d-5952x
2026-08-14 22:17:26.528935,1313959936.0,bert-inference-69f8cc488d-7d4tz
2026-08-14 22:17:26.528935,878063616.0,bert-inference-69f8cc488d-g8v7z
2026-08-14 22:17:26.528935,926674944.0,bert-inference-69f8cc488d-7442w
2026-08-14 22:17:31.528936,894668800.0,bert-inference-69f8cc488d-xhq9w
2026-08-14 22:17:31.528936,1019006976.0,bert-inference-69f8cc488d-xbnnq
2026-08-14 22:17:31.528936,1033871360.0,bert-inference-69f8cc488d-5952x
2026-08-14 22:17:31.528936,1313959936.0,bert-inference-69f8cc488d-7d4tz
2026-08-14 22:17:31.528936,878063616.0,bert-inference-69f8cc488d-g8v7z
2026-08-14 22:17:31.528936,926674944.0,bert-inference-69f8cc488d-7442w
2026-08-14 22:17:36.525603,894668800.0,bert-inference-69f8cc488d-xhq9w
2026-08-14 22:17:36.525603,1019006976.0,bert-inference-69f8cc488d-xbnnq
2026-08-14 22:17:36.525603,1033871360.0,bert-inference-69f8cc488d-5952x
2026-08-14 22:17:36.525603,1313959936.0,bert-inference-69f8cc488d-7d4tz
2026-08-14 22:17:36.525603,878063616.0,bert-inference-69f8cc488d-g8v7z
2026-08-14 22:17:36.525603,926674944.0,bert-inference-69f8cc488d-7442w
2026-08-14 22:17:41.528963,894668800.0,bert-inference-69f8cc488d-xhq9w
2026-08-14 22:17:41.528963,1019006976.0,bert-inference-69f8cc488d-xbnnq
2026-08-14 22:17:41.528963,1033588736.0,bert-inference-69f8cc488d-5952x
2026-08-14 22:17:41.528963,1313964032.0,bert-inference-69f8cc488d-7d4tz
2026-08-14 22:17:41.528963,878063616.0,bert-inference-69f8cc488d-g8v7z
2026-08-14 22:17:41.528963,926674944.0,bert-inference-69f8cc488d-7442w
2026-08-14 22:17:46.528876,894959616.0,bert-inference-69f8cc488d-xhq9w
2026-08-14 22:17:46.528876,1019006976.0,bert-inference-69f8cc488d-xbnnq
2026-08-14 22:17:46.528876,1033588736.0,bert-inference-69f8cc488d-5952x
2026-08-14 22:17:46.528876,1313964032.0,bert-inference-69f8cc488d-7d4tz
2026-08-14 22:17:46.528876,878288896.0,bert-inference-69f8cc488d-g8v7z
2026-08-14 22:17:46.528876,926674944.0,bert-inference-69f8cc488d-7442w
2026-08-14 22:17:51.527238,894959616.0,bert-inference-69f8cc488d-xhq9w
2026-08-14 22:17:51.527238,1019006976.0,bert-inference-69f8cc488d-xbnnq
2026-08-14 22:17:51.527238,1033588736.0,bert-inference-69f8cc488d-5952x
2026-08-14 22:17:51.527238,1313964032.0,bert-inference-69f8cc488d-7d4tz
2026-08-14 22:17:51.527238,878288896.0,bert-inference-69f8cc488d-g8v7z
2026-08-14 22:17:51.527238,926674944.0,bert-inference-69f8cc488d-7442w
2026-08-14 22:17:56.528877,894959616.0,bert-inference-69f8cc488d-xhq9w
2026-08-14 22:17:56.528877,1019006976.0,bert-inference-69f8cc488d-xbnnq
2026-08-14 22:17:56.528877,1034104832.0,bert-inference-69f8cc488d-5952x
2026-08-14 22:17:56.528877,1313980416.0,bert-inference-69f8cc488d-7d4tz
2026-08-14 22:17:56.528877,878575616.0,bert-inference-69f8cc488d-g8v7z
2026-08-14 22:17:56.528877,926674944.0,bert-inference-69f8cc488d-7442w
2026-08-14 22:18:01.528941,894705664.0,bert-inference-69f8cc488d-xhq9w
2026-08-14 22:18:01.528941,1019006976.0,bert-inference-69f8cc488d-xbnnq
2026-08-14 22:18:01.528941,1034104832.0,bert-inference-69f8cc488d-5952x
2026-08-14 22:18:01.528941,1313980416.0,bert-inference-69f8cc488d-7d4tz
2026-08-14 22:18:01.528941,878575616.0,bert-inference-69f8cc488d-g8v7z
2026-08-14 22:18:01.528941,926674944.0,bert-inference-69f8cc488d-7442w
2026-08-14 22:18:06.528944,894705664.0,bert-inference-69f8cc488d-xhq9w
2026-08-14 22:18:06.528944,1019240448.0,bert-inference-69f8cc488d-xbnnq
2026-08-14 22:18:06.528944,1033805824.0,bert-inference-69f8cc488d-5952x
2026-08-14 22:18:06.528944,1313980416.0,bert-inference-69f8cc488d-7d4tz
2026-08-14 22:18:06.528944,878575616.0,bert-inference-69f8cc488d-g8v7z
2026-08-14 22:18:06.528944,926695424.0,bert-inference-69f8cc488d-7442w
2026-08-14 22:18:11.528907,894455808.0,bert-inference-69f8cc488d-xhq9w
2026-08-14 22:18:11.528907,1019240448.0,bert-inference-69f8cc488d-xbnnq
2026-08-14 22:18:11.528907,1033805824.0,bert-inference-69f8cc488d-5952x
2026-08-14 22:18:11.528907,1313980416.0,bert-inference-69f8cc488d-7d4tz
2026-08-14 22:18:11.528907,878575616.0,bert-inference-69f8cc488d-g8v7z
2026-08-14 22:18:11.528907,926695424.0,bert-inference-69f8cc488d-7442w
2026-08-14 22:18:16.529014,894455808.0,bert-inference-69f8cc488d-xhq9w
2026-08-14 22:18:16.529014,1019006976.0,bert-inference-69f8cc488d-xbnnq
2026-08-14 22:18:16.529014,1033805824.0,bert-inference-69f8cc488d-5952x
2026-08-14 22:18:16.529014,1313959936.0,bert-inference-69f8cc488d-7d4tz
2026-08-14 22:18:16.529014,878063616.0,bert-inference-69f8cc488d-g8v7z
2026-08-14 22:18:16.529014,926695424.0,bert-inference-69f8cc488d-7442w
2026-08-14 22:18:21.525331,894455808.0,bert-inference-69f8cc488d-xhq9w
2026-08-14 22:18:21.525331,1019006976.0,bert-inference-69f8cc488d-xbnnq
2026-08-14 22:18:21.525331,1033805824.0,bert-inference-69f8cc488d-5952x
2026-08-14 22:18:21.525331,1313959936.0,bert-inference-69f8cc488d-7d4tz
2026-08-14 22:18:21.525331,878063616.0,bert-inference-69f8cc488d-g8v7z
2026-08-14 22:18:21.525331,926674944.0,bert-inference-69f8cc488d-7442w
2026-08-14 22:18:26.527702,894447616.0,bert-inference-69f8cc488d-xhq9w
2026-08-14 22:18:26.527702,1019006976.0,bert-inference-69f8cc488d-xbnnq
2026-08-14 22:18:26.527702,1033584640.0,bert-inference-69f8cc488d-5952x
2026-08-14 22:18:26.527702,1313959936.0,bert-inference-69f8cc488d-7d4tz
2026-08-14 22:18:26.527702,878063616.0,bert-inference-69f8cc488d-g8v7z
2026-08-14 22:18:26.527702,926674944.0,bert-inference-69f8cc488d-7442w
2026-08-14 22:18:31.529011,894447616.0,bert-inference-69f8cc488d-xhq9w
2026-08-14 22:18:31.529011,1019006976.0,bert-inference-69f8cc488d-xbnnq
2026-08-14 22:18:31.529011,1033584640.0,bert-inference-69f8cc488d-5952x
2026-08-14 22:18:31.529011,1314209792.0,bert-inference-69f8cc488d-7d4tz
2026-08-14 22:18:31.529011,878284800.0,bert-inference-69f8cc488d-g8v7z
2026-08-14 22:18:31.529011,926674944.0,bert-inference-69f8cc488d-7442w
2026-08-14 22:18:36.529099,894447616.0,bert-inference-69f8cc488d-xhq9w
2026-08-14 22:18:36.529099,1019006976.0,bert-inference-69f8cc488d-xbnnq
2026-08-14 22:18:36.529099,1033588736.0,bert-inference-69f8cc488d-5952x
2026-08-14 22:18:36.529099,1314209792.0,bert-inference-69f8cc488d-7d4tz
2026-08-14 22:18:36.529099,878284800.0,bert-inference-69f8cc488d-g8v7z
2026-08-14 22:18:36.529099,926674944.0,bert-inference-69f8cc488d-7442w
2026-08-14 22:18:41.528898,894447616.0,bert-inference-69f8cc488d-xhq9w
2026-08-14 22:18:41.528898,1019006976.0,bert-inference-69f8cc488d-xbnnq
2026-08-14 22:18:41.528898,1033588736.0,bert-inference-69f8cc488d-5952x
2026-08-14 22:18:41.528898,1314209792.0,bert-inference-69f8cc488d-7d4tz
2026-08-14 22:18:41.528898,878063616.0,bert-inference-69f8cc488d-g8v7z
2026-08-14 22:18:41.528898,926674944.0,bert-inference-69f8cc488d-7442w
2026-08-14 22:18:46.528989,894447616.0,bert-inference-69f8cc488d-xhq9w
2026-08-14 22:18:46.528989,1019006976.0,bert-inference-69f8cc488d-xbnnq
2026-08-14 22:18:46.528989,1033588736.0,bert-inference-69f8cc488d-5952x
2026-08-14 22:18:46.528989,1313959936.0,bert-inference-69f8cc488d-7d4tz
2026-08-14 22:18:46.528989,878063616.0,bert-inference-69f8cc488d-g8v7z
2026-08-14 22:18:46.528989,926674944.0,bert-inference-69f8cc488d-7442w
2026-08-14 22:18:51.526362,894447616.0,bert-inference-69f8cc488d-xhq9w
2026-08-14 22:18:51.526362,1019006976.0,bert-inference-69f8cc488d-xbnnq
2026-08-14 22:18:51.526362,1033588736.0,bert-inference-69f8cc488d-5952x
2026-08-14 22:18:51.526362,1313959936.0,bert-inference-69f8cc488d-7d4tz
2026-08-14 22:18:51.526362,878063616.0,bert-inference-69f8cc488d-g8v7z
2026-08-14 22:18:51.526362,926703616.0,bert-inference-69f8cc488d-7442w
2026-08-14 22:18:56.528963,894468096.0,bert-inference-69f8cc488d-xhq9w
2026-08-14 22:18:56.528963,1019027456.0,bert-inference-69f8cc488d-xbnnq
2026-08-14 22:18:56.528963,1033588736.0,bert-inference-69f8cc488d-5952x
2026-08-14 22:18:56.528963,1313959936.0,bert-inference-69f8cc488d-7d4tz
2026-08-14 22:18:56.528963,878063616.0,bert-inference-69f8cc488d-g8v7z
2026-08-14 22:18:56.528963,926703616.0,bert-inference-69f8cc488d-7442w
2026-08-14 22:19:01.528939,894468096.0,bert-inference-69f8cc488d-xhq9w
2026-08-14 22:19:01.528939,1019027456.0,bert-inference-69f8cc488d-xbnnq
2026-08-14 22:19:01.528939,1033588736.0,bert-inference-69f8cc488d-5952x
2026-08-14 22:19:01.528939,1313959936.0,bert-inference-69f8cc488d-7d4tz
2026-08-14 22:19:01.528939,878063616.0,bert-inference-69f8cc488d-g8v7z
2026-08-14 22:19:01.528939,926703616.0,bert-inference-69f8cc488d-7442w
2026-08-14 22:19:06.527229,894468096.0,bert-inference-69f8cc488d-xhq9w
2026-08-14 22:19:06.527229,1019027456.0,bert-inference-69f8cc488d-xbnnq
2026-08-14 22:19:06.527229,1033588736.0,bert-inference-69f8cc488d-5952x
2026-08-14 22:19:06.527229,1313959936.0,bert-inference-69f8cc488d-7d4tz
2026-08-14 22:19:06.527229,878063616.0,bert-inference-69f8cc488d-g8v7z
2026-08-14 22:19:06.527229,926695424.0,bert-inference-69f8cc488d-7442w
2026-08-14 22:19:11.528907,894468096.0,bert-inference-69f8cc488d-xhq9w
2026-08-14 22:19:11.528907,1019027456.0,bert-inference-69f8cc488d-xbnnq
2026-08-14 22:19:11.528907,1033617408.0,bert-inference-69f8cc488d-5952x
2026-08-14 22:19:11.528907,1313959936.0,bert-inference-69f8cc488d-7d4tz
2026-08-14 22:19:11.528907,878063616.0,bert-inference-69f8cc488d-g8v7z
2026-08-14 22:19:11.528907,926695424.0,bert-inference-69f8cc488d-7442w
2026-08-14 22:19:16.528954,894705664.0,bert-inference-69f8cc488d-xhq9w
2026-08-14 22:19:16.528954,1019006976.0,bert-inference-69f8cc488d-xbnnq
2026-08-14 22:19:16.528954,1033617408.0,bert-inference-69f8cc488d-5952x
2026-08-14 22:19:16.528954,1313959936.0,bert-inference-69f8cc488d-7d4tz
2026-08-14 22:19:16.528954,878063616.0,bert-inference-69f8cc488d-g8v7z
2026-08-14 22:19:16.528954,926695424.0,bert-inference-69f8cc488d-7442w
2026-08-14 22:19:21.528947,894705664.0,bert-inference-69f8cc488d-xhq9w
2026-08-14 22:19:21.528947,1019006976.0,bert-inference-69f8cc488d-xbnnq
2026-08-14 22:19:21.528947,1033617408.0,bert-inference-69f8cc488d-5952x
2026-08-14 22:19:21.528947,1313959936.0,bert-inference-69f8cc488d-7d4tz
2026-08-14 22:19:21.528947,878063616.0,bert-inference-69f8cc488d-g8v7z
2026-08-14 22:19:21.528947,926674944.0,bert-inference-69f8cc488d-7442w
2026-08-14 22:19:26.528941,894447616.0,bert-inference-69f8cc488d-xhq9w
2026-08-14 22:19:26.528941,1019006976.0,bert-inference-69f8cc488d-xbnnq
2026-08-14 22:19:26.528941,1033588736.0,bert-inference-69f8cc488d-5952x
2026-08-14 22:19:26.528941,1313959936.0,bert-inference-69f8cc488d-7d4tz
2026-08-14 22:19:26.528941,878063616.0,bert-inference-69f8cc488d-g8v7z
2026-08-14 22:19:26.528941,926674944.0,bert-inference-69f8cc488d-7442w
2026-08-14 22:19:31.528945,894447616.0,bert-inference-69f8cc488d-xhq9w
2026-08-14 22:19:31.528945,1019006976.0,bert-inference-69f8cc488d-xbnnq
2026-08-14 22:19:31.528945,1033588736.0,bert-inference-69f8cc488d-5952x
2026-08-14 22:19:31.528945,1313959936.0,bert-inference-69f8cc488d-7d4tz
2026-08-14 22:19:31.528945,878063616.0,bert-inference-69f8cc488d-g8v7z
2026-08-14 22:19:31.528945,926900224.0,bert-inference-69f8cc488d-7442w
2026-08-14 22:19:36.526878,894447616.0,bert-inference-69f8cc488d-xhq9w
2026-08-14 22:19:36.526878,1019006976.0,bert-inference-69f8cc488d-xbnnq
2026-08-14 22:19:36.526878,1033588736.0,bert-inference-69f8cc488d-5952x
2026-08-14 22:19:36.526878,1314209792.0,bert-inference-69f8cc488d-7d4tz
2026-08-14 22:19:36.526878,878063616.0,bert-inference-69f8cc488d-g8v7z
2026-08-14 22:19:36.526878,926900224.0,bert-inference-69f8cc488d-7442w
2026-08-14 22:19:41.525308,894672896.0,bert-inference-69f8cc488d-xhq9w
2026-08-14 22:19:41.525308,1019006976.0,bert-inference-69f8cc488d-xbnnq
2026-08-14 22:19:41.525308,1034100736.0,bert-inference-69f8cc488d-5952x
2026-08-14 22:19:41.525308,1314209792.0,bert-inference-69f8cc488d-7d4tz
2026-08-14 22:19:41.525308,878063616.0,bert-inference-69f8cc488d-g8v7z
2026-08-14 22:19:41.525308,926900224.0,bert-inference-69f8cc488d-7442w
2026-08-14 22:19:46.525317,894672896.0,bert-inference-69f8cc488d-xhq9w
2026-08-14 22:19:46.525317,1019006976.0,bert-inference-69f8cc488d-xbnnq
2026-08-14 22:19:46.525317,1034100736.0,bert-inference-69f8cc488d-5952x
2026-08-14 22:19:46.525317,1313959936.0,bert-inference-69f8cc488d-7d4tz
2026-08-14 22:19:46.525317,878063616.0,bert-inference-69f8cc488d-g8v7z
2026-08-14 22:19:46.525317,926674944.0,bert-inference-69f8cc488d-7442w
2026-08-14 22:19:51.528951,894672896.0,bert-inference-69f8cc488d-xhq9w
2026-08-14 22:19:51.528951,1019006976.0,bert-inference-69f8cc488d-xbnnq
2026-08-14 22:19:51.528951,1034100736.0,bert-inference-69f8cc488d-5952x
2026-08-14 22:19:51.528951,1313959936.0,bert-inference-69f8cc488d-7d4tz
2026-08-14 22:19:51.528951,878321664.0,bert-inference-69f8cc488d-g8v7z
2026-08-14 22:19:51.528951,926674944.0,bert-inference-69f8cc488d-7442w
2026-08-14 22:19:56.528879,894447616.0,bert-inference-69f8cc488d-xhq9w
2026-08-14 22:19:56.528879,1019006976.0,bert-inference-69f8cc488d-xbnnq
2026-08-14 22:19:56.528879,1033830400.0,bert-inference-69f8cc488d-5952x
2026-08-14 22:19:56.528879,1313959936.0,bert-inference-69f8cc488d-7d4tz
2026-08-14 22:19:56.528879,878321664.0,bert-inference-69f8cc488d-g8v7z
2026-08-14 22:19:56.528879,926674944.0,bert-inference-69f8cc488d-7442w
2026-08-14 22:20:01.529163,894447616.0,bert-inference-69f8cc488d-xhq9w
2026-08-14 22:20:01.529163,1019006976.0,bert-inference-69f8cc488d-xbnnq
2026-08-14 22:20:01.529163,1033830400.0,bert-inference-69f8cc488d-5952x
2026-08-14 22:20:01.529163,1313959936.0,bert-inference-69f8cc488d-7d4tz
2026-08-14 22:20:01.529163,878321664.0,bert-inference-69f8cc488d-g8v7z
2026-08-14 22:20:01.529163,926679040.0,bert-inference-69f8cc488d-7442w
2026-08-14 22:20:06.529074,894447616.0,bert-inference-69f8cc488d-xhq9w
2026-08-14 22:20:06.529074,1019006976.0,bert-inference-69f8cc488d-xbnnq
2026-08-14 22:20:06.529074,1033830400.0,bert-inference-69f8cc488d-5952x
2026-08-14 22:20:06.529074,1313959936.0,bert-inference-69f8cc488d-7d4tz
2026-08-14 22:20:06.529074,878309376.0,bert-inference-69f8cc488d-g8v7z
2026-08-14 22:20:06.529074,926679040.0,bert-inference-69f8cc488d-7442w
2026-08-14 22:20:11.528884,894451712.0,bert-inference-69f8cc488d-xhq9w
2026-08-14 22:20:11.528884,1019006976.0,bert-inference-69f8cc488d-xbnnq
2026-08-14 22:20:11.528884,1033588736.0,bert-inference-69f8cc488d-5952x
2026-08-14 22:20:11.528884,1313964032.0,bert-inference-69f8cc488d-7d4tz
2026-08-14 22:20:11.528884,878309376.0,bert-inference-69f8cc488d-g8v7z
2026-08-14 22:20:11.528884,926679040.0,bert-inference-69f8cc488d-7442w
2026-08-14 22:20:16.525497,894451712.0,bert-inference-69f8cc488d-xhq9w
2026-08-14 22:20:16.525497,1019006976.0,bert-inference-69f8cc488d-xbnnq
2026-08-14 22:20:16.525497,1033588736.0,bert-inference-69f8cc488d-5952x
2026-08-14 22:20:16.525497,1313964032.0,bert-inference-69f8cc488d-7d4tz
2026-08-14 22:20:16.525497,878309376.0,bert-inference-69f8cc488d-g8v7z
2026-08-14 22:20:16.525497,926674944.0,bert-inference-69f8cc488d-7442w
2026-08-14 22:20:21.528578,894451712.0,bert-inference-69f8cc488d-xhq9w
2026-08-14 22:20:21.528578,1019006976.0,bert-inference-69f8cc488d-xbnnq
2026-08-14 22:20:21.528578,1033588736.0,bert-inference-69f8cc488d-5952x
2026-08-14 22:20:21.528578,1313964032.0,bert-inference-69f8cc488d-7d4tz
2026-08-14 22:20:21.528578,878309376.0,bert-inference-69f8cc488d-g8v7z
2026-08-14 22:20:21.528578,926674944.0,bert-inference-69f8cc488d-7442w
2026-08-14 22:20:26.529013,894689280.0,bert-inference-69f8cc488d-xhq9w
2026-08-14 22:20:26.529013,1019011072.0,bert-inference-69f8cc488d-xbnnq
2026-08-14 22:20:26.529013,1033588736.0,bert-inference-69f8cc488d-5952x
2026-08-14 22:20:26.529013,1314217984.0,bert-inference-69f8cc488d-7d4tz
2026-08-14 22:20:26.529013,878067712.0,bert-inference-69f8cc488d-g8v7z
2026-08-14 22:20:26.529013,926674944.0,bert-inference-69f8cc488d-7442w
2026-08-14 22:20:31.526757,894689280.0,bert-inference-69f8cc488d-xhq9w
2026-08-14 22:20:31.526757,1019011072.0,bert-inference-69f8cc488d-xbnnq
2026-08-14 22:20:31.526757,1033588736.0,bert-inference-69f8cc488d-5952x
2026-08-14 22:20:31.526757,1314217984.0,bert-inference-69f8cc488d-7d4tz
2026-08-14 22:20:31.526757,878067712.0,bert-inference-69f8cc488d-g8v7z
2026-08-14 22:20:31.526757,926892032.0,bert-inference-69f8cc488d-7442w
2026-08-14 22:20:36.526605,894689280.0,bert-inference-69f8cc488d-xhq9w
2026-08-14 22:20:36.526605,1019011072.0,bert-inference-69f8cc488d-xbnnq
2026-08-14 22:20:36.526605,1033588736.0,bert-inference-69f8cc488d-5952x
2026-08-14 22:20:36.526605,1314217984.0,bert-inference-69f8cc488d-7d4tz
2026-08-14 22:20:36.526605,878067712.0,bert-inference-69f8cc488d-g8v7z
2026-08-14 22:20:36.526605,926892032.0,bert-inference-69f8cc488d-7442w
2026-08-14 22:20:41.528961,894689280.0,bert-inference-69f8cc488d-xhq9w
2026-08-14 22:20:41.528961,1019011072.0,bert-inference-69f8cc488d-xbnnq
2026-08-14 22:20:41.528961,1033850880.0,bert-inference-69f8cc488d-5952x
2026-08-14 22:20:41.528961,1313959936.0,bert-inference-69f8cc488d-7d4tz
2026-08-14 22:20:41.528961,878063616.0,bert-inference-69f8cc488d-g8v7z
2026-08-14 22:20:41.528961,926892032.0,bert-inference-69f8cc488d-7442w
2026-08-14 22:20:46.528943,894476288.0,bert-inference-69f8cc488d-xhq9w
2026-08-14 22:20:46.528943,1019011072.0,bert-inference-69f8cc488d-xbnnq
2026-08-14 22:20:46.528943,1033850880.0,bert-inference-69f8cc488d-5952x
2026-08-14 22:20:46.528943,1313959936.0,bert-inference-69f8cc488d-7d4tz
2026-08-14 22:20:46.528943,878063616.0,bert-inference-69f8cc488d-g8v7z
2026-08-14 22:20:46.528943,926892032.0,bert-inference-69f8cc488d-7442w
2026-08-14 22:20:51.528563,894476288.0,bert-inference-69f8cc488d-xhq9w
2026-08-14 22:20:51.528563,1019232256.0,bert-inference-69f8cc488d-xbnnq
2026-08-14 22:20:51.528563,1033850880.0,bert-inference-69f8cc488d-5952x
2026-08-14 22:20:51.528563,1313959936.0,bert-inference-69f8cc488d-7d4tz
2026-08-14 22:20:51.528563,878063616.0,bert-inference-69f8cc488d-g8v7z
2026-08-14 22:20:51.528563,926932992.0,bert-inference-69f8cc488d-7442w
2026-08-14 22:20:56.528590,894476288.0,bert-inference-69f8cc488d-xhq9w
2026-08-14 22:20:56.528590,1019232256.0,bert-inference-69f8cc488d-xbnnq
2026-08-14 22:20:56.528590,1033588736.0,bert-inference-69f8cc488d-5952x
2026-08-14 22:20:56.528590,1313959936.0,bert-inference-69f8cc488d-7d4tz
2026-08-14 22:20:56.528590,878063616.0,bert-inference-69f8cc488d-g8v7z
2026-08-14 22:20:56.528590,926932992.0,bert-inference-69f8cc488d-7442w
2026-08-14 22:21:01.529127,894672896.0,bert-inference-69f8cc488d-xhq9w
2026-08-14 22:21:01.529127,1019232256.0,bert-inference-69f8cc488d-xbnnq
2026-08-14 22:21:01.529127,1033588736.0,bert-inference-69f8cc488d-5952x
2026-08-14 22:21:01.529127,1314193408.0,bert-inference-69f8cc488d-7d4tz
2026-08-14 22:21:01.529127,878063616.0,bert-inference-69f8cc488d-g8v7z
2026-08-14 22:21:01.529127,926932992.0,bert-inference-69f8cc488d-7442w
2026-08-14 22:21:06.524376,894672896.0,bert-inference-69f8cc488d-xhq9w
2026-08-14 22:21:06.524376,1019011072.0,bert-inference-69f8cc488d-xbnnq
2026-08-14 22:21:06.524376,1033588736.0,bert-inference-69f8cc488d-5952x
2026-08-14 22:21:06.524376,1314193408.0,bert-inference-69f8cc488d-7d4tz
2026-08-14 22:21:06.524376,878063616.0,bert-inference-69f8cc488d-g8v7z
2026-08-14 22:21:06.524376,926674944.0,bert-inference-69f8cc488d-7442w
2026-08-14 22:21:11.528867,894672896.0,bert-inference-69f8cc488d-xhq9w
2026-08-14 22:21:11.528867,1019011072.0,bert-inference-69f8cc488d-xbnnq
2026-08-14 22:21:11.528867,1033842688.0,bert-inference-69f8cc488d-5952x
2026-08-14 22:21:11.528867,1314193408.0,bert-inference-69f8cc488d-7d4tz
2026-08-14 22:21:11.528867,878063616.0,bert-inference-69f8cc488d-g8v7z
2026-08-14 22:21:11.528867,926674944.0,bert-inference-69f8cc488d-7442w
2026-08-14 22:21:16.527266,894697472.0,bert-inference-69f8cc488d-xhq9w
2026-08-14 22:21:16.527266,1019011072.0,bert-inference-69f8cc488d-xbnnq
2026-08-14 22:21:16.527266,1033842688.0,bert-inference-69f8cc488d-5952x
2026-08-14 22:21:16.527266,1313959936.0,bert-inference-69f8cc488d-7d4tz
2026-08-14 22:21:16.527266,878067712.0,bert-inference-69f8cc488d-g8v7z
2026-08-14 22:21:16.527266,926674944.0,bert-inference-69f8cc488d-7442w
2026-08-14 22:21:21.528959,894697472.0,bert-inference-69f8cc488d-xhq9w
2026-08-14 22:21:21.528959,1019011072.0,bert-inference-69f8cc488d-xbnnq
2026-08-14 22:21:21.528959,1033842688.0,bert-inference-69f8cc488d-5952x
2026-08-14 22:21:21.528959,1313959936.0,bert-inference-69f8cc488d-7d4tz
2026-08-14 22:21:21.528959,878067712.0,bert-inference-69f8cc488d-g8v7z
2026-08-14 22:21:21.528959,926674944.0,bert-inference-69f8cc488d-7442w
2026-08-14 22:21:26.528954,894451712.0,bert-inference-69f8cc488d-xhq9w
2026-08-14 22:21:26.528954,1019240448.0,bert-inference-69f8cc488d-xbnnq
2026-08-14 22:21:26.528954,1033842688.0,bert-inference-69f8cc488d-5952x
2026-08-14 22:21:26.528954,1313959936.0,bert-inference-69f8cc488d-7d4tz
2026-08-14 22:21:26.528954,878067712.0,bert-inference-69f8cc488d-g8v7z
2026-08-14 22:21:26.528954,926679040.0,bert-inference-69f8cc488d-7442w
2026-08-14 22:21:31.528987,894451712.0,bert-inference-69f8cc488d-xhq9w
2026-08-14 22:21:31.528987,1019240448.0,bert-inference-69f8cc488d-xbnnq
2026-08-14 22:21:31.528987,1033588736.0,bert-inference-69f8cc488d-5952x
2026-08-14 22:21:31.528987,1313959936.0,bert-inference-69f8cc488d-7d4tz
2026-08-14 22:21:31.528987,878067712.0,bert-inference-69f8cc488d-g8v7z
2026-08-14 22:21:31.528987,926679040.0,bert-inference-69f8cc488d-7442w
2026-08-14 22:21:36.528936,894451712.0,bert-inference-69f8cc488d-xhq9w
2026-08-14 22:21:36.528936,1019240448.0,bert-inference-69f8cc488d-xbnnq
2026-08-14 22:21:36.528936,1033588736.0,bert-inference-69f8cc488d-5952x
2026-08-14 22:21:36.528936,1313959936.0,bert-inference-69f8cc488d-7d4tz
2026-08-14 22:21:36.528936,878067712.0,bert-inference-69f8cc488d-g8v7z
2026-08-14 22:21:36.528936,926679040.0,bert-inference-69f8cc488d-7442w
2026-08-14 22:21:41.528949,894451712.0,bert-inference-69f8cc488d-xhq9w
2026-08-14 22:21:41.528949,1019240448.0,bert-inference-69f8cc488d-xbnnq
2026-08-14 22:21:41.528949,1033588736.0,bert-inference-69f8cc488d-5952x
2026-08-14 22:21:41.528949,1313959936.0,bert-inference-69f8cc488d-7d4tz
2026-08-14 22:21:41.528949,878067712.0,bert-inference-69f8cc488d-g8v7z
2026-08-14 22:21:41.528949,926924800.0,bert-inference-69f8cc488d-7442w
2026-08-14 22:21:46.528174,894734336.0,bert-inference-69f8cc488d-xhq9w
2026-08-14 22:21:46.528174,1019002880.0,bert-inference-69f8cc488d-xbnnq
2026-08-14 22:21:46.528174,1033609216.0,bert-inference-69f8cc488d-5952x
2026-08-14 22:21:46.528174,1313959936.0,bert-inference-69f8cc488d-7d4tz
2026-08-14 22:21:46.528174,878067712.0,bert-inference-69f8cc488d-g8v7z
2026-08-14 22:21:46.528174,926924800.0,bert-inference-69f8cc488d-7442w
2026-08-14 22:21:51.525350,894734336.0,bert-inference-69f8cc488d-xhq9w
2026-08-14 22:21:51.525350,1019002880.0,bert-inference-69f8cc488d-xbnnq
2026-08-14 22:21:51.525350,1033609216.0,bert-inference-69f8cc488d-5952x
2026-08-14 22:21:51.525350,1314222080.0,bert-inference-69f8cc488d-7d4tz
2026-08-14 22:21:51.525350,878063616.0,bert-inference-69f8cc488d-g8v7z
2026-08-14 22:21:51.525350,926924800.0,bert-inference-69f8cc488d-7442w
2026-08-14 22:21:56.528882,894734336.0,bert-inference-69f8cc488d-xhq9w
2026-08-14 22:21:56.528882,1019002880.0,bert-inference-69f8cc488d-xbnnq
2026-08-14 22:21:56.528882,1033609216.0,bert-inference-69f8cc488d-5952x
2026-08-14 22:21:56.528882,1314222080.0,bert-inference-69f8cc488d-7d4tz
2026-08-14 22:21:56.528882,878063616.0,bert-inference-69f8cc488d-g8v7z
2026-08-14 22:21:56.528882,926924800.0,bert-inference-69f8cc488d-7442w
2026-08-14 22:22:01.528934,894697472.0,bert-inference-69f8cc488d-xhq9w
2026-08-14 22:22:01.528934,1019002880.0,bert-inference-69f8cc488d-xbnnq
2026-08-14 22:22:01.528934,1033609216.0,bert-inference-69f8cc488d-5952x
2026-08-14 22:22:01.528934,1314222080.0,bert-inference-69f8cc488d-7d4tz
2026-08-14 22:22:01.528934,878309376.0,bert-inference-69f8cc488d-g8v7z
2026-08-14 22:22:01.528934,926900224.0,bert-inference-69f8cc488d-7442w
2026-08-14 22:22:06.528288,894697472.0,bert-inference-69f8cc488d-xhq9w
2026-08-14 22:22:06.528288,1019006976.0,bert-inference-69f8cc488d-xbnnq
2026-08-14 22:22:06.528288,1033588736.0,bert-inference-69f8cc488d-5952x
2026-08-14 22:22:06.528288,1313980416.0,bert-inference-69f8cc488d-7d4tz
2026-08-14 22:22:06.528288,878309376.0,bert-inference-69f8cc488d-g8v7z
2026-08-14 22:22:06.528288,926900224.0,bert-inference-69f8cc488d-7442w
2026-08-14 22:22:11.528686,894697472.0,bert-inference-69f8cc488d-xhq9w
2026-08-14 22:22:11.528686,1019006976.0,bert-inference-69f8cc488d-xbnnq
2026-08-14 22:22:11.528686,1033588736.0,bert-inference-69f8cc488d-5952x
2026-08-14 22:22:11.528686,1313980416.0,bert-inference-69f8cc488d-7d4tz
2026-08-14 22:22:11.528686,878309376.0,bert-inference-69f8cc488d-g8v7z
2026-08-14 22:22:11.528686,926900224.0,bert-inference-69f8cc488d-7442w
2026-08-14 22:22:16.524952,894697472.0,bert-inference-69f8cc488d-xhq9w
2026-08-14 22:22:16.524952,1019006976.0,bert-inference-69f8cc488d-xbnnq
2026-08-14 22:22:16.524952,1033592832.0,bert-inference-69f8cc488d-5952x
2026-08-14 22:22:16.524952,1313980416.0,bert-inference-69f8cc488d-7d4tz
2026-08-14 22:22:16.524952,878313472.0,bert-inference-69f8cc488d-g8v7z
2026-08-14 22:22:16.524952,926896128.0,bert-inference-69f8cc488d-7442w
2026-08-14 22:22:21.526480,894697472.0,bert-inference-69f8cc488d-xhq9w
2026-08-14 22:22:21.526480,1019011072.0,bert-inference-69f8cc488d-xbnnq
2026-08-14 22:22:21.526480,1033592832.0,bert-inference-69f8cc488d-5952x
2026-08-14 22:22:21.526480,1313959936.0,bert-inference-69f8cc488d-7d4tz
2026-08-14 22:22:21.526480,878313472.0,bert-inference-69f8cc488d-g8v7z
2026-08-14 22:22:21.526480,926896128.0,bert-inference-69f8cc488d-7442w
2026-08-14 22:22:26.528902,894697472.0,bert-inference-69f8cc488d-xhq9w
2026-08-14 22:22:26.528902,1019011072.0,bert-inference-69f8cc488d-xbnnq
2026-08-14 22:22:26.528902,1033588736.0,bert-inference-69f8cc488d-5952x
2026-08-14 22:22:26.528902,1313959936.0,bert-inference-69f8cc488d-7d4tz
2026-08-14 22:22:26.528902,878313472.0,bert-inference-69f8cc488d-g8v7z
2026-08-14 22:22:26.528902,926896128.0,bert-inference-69f8cc488d-7442w
2026-08-14 22:22:31.528965,894472192.0,bert-inference-69f8cc488d-xhq9w
2026-08-14 22:22:31.528965,1019006976.0,bert-inference-69f8cc488d-xbnnq
2026-08-14 22:22:31.528965,1033588736.0,bert-inference-69f8cc488d-5952x
2026-08-14 22:22:31.528965,1313959936.0,bert-inference-69f8cc488d-7d4tz
2026-08-14 22:22:31.528965,878059520.0,bert-inference-69f8cc488d-g8v7z
2026-08-14 22:22:31.528965,926920704.0,bert-inference-69f8cc488d-7442w
2026-08-14 22:22:36.528883,894472192.0,bert-inference-69f8cc488d-xhq9w
2026-08-14 22:22:36.528883,1019006976.0,bert-inference-69f8cc488d-xbnnq
2026-08-14 22:22:36.528883,1033588736.0,bert-inference-69f8cc488d-5952x
2026-08-14 22:22:36.528883,1313959936.0,bert-inference-69f8cc488d-7d4tz
2026-08-14 22:22:36.528883,878059520.0,bert-inference-69f8cc488d-g8v7z
2026-08-14 22:22:36.528883,926920704.0,bert-inference-69f8cc488d-7442w
2026-08-14 22:22:41.529120,894668800.0,bert-inference-69f8cc488d-xhq9w
2026-08-14 22:22:41.529120,1019006976.0,bert-inference-69f8cc488d-xbnnq
2026-08-14 22:22:41.529120,1033814016.0,bert-inference-69f8cc488d-5952x
2026-08-14 22:22:41.529120,1313964032.0,bert-inference-69f8cc488d-7d4tz
2026-08-14 22:22:41.529120,878059520.0,bert-inference-69f8cc488d-g8v7z
2026-08-14 22:22:41.529120,926920704.0,bert-inference-69f8cc488d-7442w
2026-08-14 22:22:46.528886,894668800.0,bert-inference-69f8cc488d-xhq9w
2026-08-14 22:22:46.528886,1019006976.0,bert-inference-69f8cc488d-xbnnq
2026-08-14 22:22:46.528886,1033814016.0,bert-inference-69f8cc488d-5952x
2026-08-14 22:22:46.528886,1313964032.0,bert-inference-69f8cc488d-7d4tz
2026-08-14 22:22:46.528886,878059520.0,bert-inference-69f8cc488d-g8v7z
2026-08-14 22:22:46.528886,926683136.0,bert-inference-69f8cc488d-7442w
2026-08-14 22:22:51.527243,894668800.0,bert-inference-69f8cc488d-xhq9w
2026-08-14 22:22:51.527243,1019006976.0,bert-inference-69f8cc488d-xbnnq
2026-08-14 22:22:51.527243,1033814016.0,bert-inference-69f8cc488d-5952x
2026-08-14 22:22:51.527243,1313959936.0,bert-inference-69f8cc488d-7d4tz
2026-08-14 22:22:51.527243,878067712.0,bert-inference-69f8cc488d-g8v7z
2026-08-14 22:22:51.527243,926683136.0,bert-inference-69f8cc488d-7442w
2026-08-14 22:22:56.528885,894443520.0,bert-inference-69f8cc488d-xhq9w
2026-08-14 22:22:56.528885,1019006976.0,bert-inference-69f8cc488d-xbnnq
2026-08-14 22:22:56.528885,1033588736.0,bert-inference-69f8cc488d-5952x
2026-08-14 22:22:56.528885,1313959936.0,bert-inference-69f8cc488d-7d4tz
2026-08-14 22:22:56.528885,878067712.0,bert-inference-69f8cc488d-g8v7z
2026-08-14 22:22:56.528885,926683136.0,bert-inference-69f8cc488d-7442w
2026-08-14 22:23:01.527958,894443520.0,bert-inference-69f8cc488d-xhq9w
2026-08-14 22:23:01.527958,1019006976.0,bert-inference-69f8cc488d-xbnnq
2026-08-14 22:23:01.527958,1033588736.0,bert-inference-69f8cc488d-5952x
2026-08-14 22:23:01.527958,1313959936.0,bert-inference-69f8cc488d-7d4tz
2026-08-14 22:23:01.527958,878063616.0,bert-inference-69f8cc488d-g8v7z
2026-08-14 22:23:01.527958,926674944.0,bert-inference-69f8cc488d-7442w
2026-08-14 22:23:06.528872,894443520.0,bert-inference-69f8cc488d-xhq9w
2026-08-14 22:23:06.528872,1019006976.0,bert-inference-69f8cc488d-xbnnq
2026-08-14 22:23:06.528872,1033592832.0,bert-inference-69f8cc488d-5952x
2026-08-14 22:23:06.528872,1313959936.0,bert-inference-69f8cc488d-7d4tz
2026-08-14 22:23:06.528872,878063616.0,bert-inference-69f8cc488d-g8v7z
2026-08-14 22:23:06.528872,926674944.0,bert-inference-69f8cc488d-7442w
2026-08-14 22:23:11.528946,894443520.0,bert-inference-69f8cc488d-xhq9w
2026-08-14 22:23:11.528946,1019006976.0,bert-inference-69f8cc488d-xbnnq
2026-08-14 22:23:11.528946,1033592832.0,bert-inference-69f8cc488d-5952x
2026-08-14 22:23:11.528946,1313959936.0,bert-inference-69f8cc488d-7d4tz
2026-08-14 22:23:11.528946,878575616.0,bert-inference-69f8cc488d-g8v7z
2026-08-14 22:23:11.528946,926674944.0,bert-inference-69f8cc488d-7442w
2026-08-14 22:23:16.528881,894693376.0,bert-inference-69f8cc488d-xhq9w
2026-08-14 22:23:16.528881,1019002880.0,bert-inference-69f8cc488d-xbnnq
2026-08-14 22:23:16.528881,1033592832.0,bert-inference-69f8cc488d-5952x
2026-08-14 22:23:16.528881,1313959936.0,bert-inference-69f8cc488d-7d4tz
2026-08-14 22:23:16.528881,878575616.0,bert-inference-69f8cc488d-g8v7z
2026-08-14 22:23:16.528881,926674944.0,bert-inference-69f8cc488d-7442w
2026-08-14 22:23:21.528886,894693376.0,bert-inference-69f8cc488d-xhq9w
2026-08-14 22:23:21.528886,1019002880.0,bert-inference-69f8cc488d-xbnnq
2026-08-14 22:23:21.528886,1033584640.0,bert-inference-69f8cc488d-5952x
2026-08-14 22:23:21.528886,1314185216.0,bert-inference-69f8cc488d-7d4tz
2026-08-14 22:23:21.528886,878575616.0,bert-inference-69f8cc488d-g8v7z
2026-08-14 22:23:21.528886,926674944.0,bert-inference-69f8cc488d-7442w
2026-08-14 22:23:26.528419,894693376.0,bert-inference-69f8cc488d-xhq9w
2026-08-14 22:23:26.528419,1019002880.0,bert-inference-69f8cc488d-xbnnq
2026-08-14 22:23:26.528419,1033584640.0,bert-inference-69f8cc488d-5952x
2026-08-14 22:23:26.528419,1314185216.0,bert-inference-69f8cc488d-7d4tz
2026-08-14 22:23:26.528419,878579712.0,bert-inference-69f8cc488d-g8v7z
2026-08-14 22:23:26.528419,926674944.0,bert-inference-69f8cc488d-7442w
2026-08-14 22:23:31.524455,894672896.0,bert-inference-69f8cc488d-xhq9w
2026-08-14 22:23:31.524455,1019002880.0,bert-inference-69f8cc488d-xbnnq
2026-08-14 22:23:31.524455,1033822208.0,bert-inference-69f8cc488d-5952x
2026-08-14 22:23:31.524455,1314185216.0,bert-inference-69f8cc488d-7d4tz
2026-08-14 22:23:31.524455,878579712.0,bert-inference-69f8cc488d-g8v7z
2026-08-14 22:23:31.524455,926937088.0,bert-inference-69f8cc488d-7442w
2026-08-14 22:23:36.526873,894672896.0,bert-inference-69f8cc488d-xhq9w
2026-08-14 22:23:36.526873,1019002880.0,bert-inference-69f8cc488d-xbnnq
2026-08-14 22:23:36.526873,1033822208.0,bert-inference-69f8cc488d-5952x
2026-08-14 22:23:36.526873,1314185216.0,bert-inference-69f8cc488d-7d4tz
2026-08-14 22:23:36.526873,878579712.0,bert-inference-69f8cc488d-g8v7z
2026-08-14 22:23:36.526873,926937088.0,bert-inference-69f8cc488d-7442w
2026-08-14 22:23:41.528993,894672896.0,bert-inference-69f8cc488d-xhq9w
2026-08-14 22:23:41.528993,1019002880.0,bert-inference-69f8cc488d-xbnnq
2026-08-14 22:23:41.528993,1033822208.0,bert-inference-69f8cc488d-5952x
2026-08-14 22:23:41.528993,1314205696.0,bert-inference-69f8cc488d-7d4tz
2026-08-14 22:23:41.528993,878579712.0,bert-inference-69f8cc488d-g8v7z
2026-08-14 22:23:41.528993,926937088.0,bert-inference-69f8cc488d-7442w
2026-08-14 22:23:46.528946,894443520.0,bert-inference-69f8cc488d-xhq9w
2026-08-14 22:23:46.528946,1019006976.0,bert-inference-69f8cc488d-xbnnq
2026-08-14 22:23:46.528946,1033588736.0,bert-inference-69f8cc488d-5952x
2026-08-14 22:23:46.528946,1314205696.0,bert-inference-69f8cc488d-7d4tz
2026-08-14 22:23:46.528946,878063616.0,bert-inference-69f8cc488d-g8v7z
2026-08-14 22:23:46.528946,926937088.0,bert-inference-69f8cc488d-7442w
2026-08-14 22:23:51.528970,894443520.0,bert-inference-69f8cc488d-xhq9w
2026-08-14 22:23:51.528970,1019006976.0,bert-inference-69f8cc488d-xbnnq
2026-08-14 22:23:51.528970,1033588736.0,bert-inference-69f8cc488d-5952x
2026-08-14 22:23:51.528970,1313955840.0,bert-inference-69f8cc488d-7d4tz
2026-08-14 22:23:51.528970,878063616.0,bert-inference-69f8cc488d-g8v7z
2026-08-14 22:23:51.528970,926674944.0,bert-inference-69f8cc488d-7442w
2026-08-14 22:23:56.528960,894443520.0,bert-inference-69f8cc488d-xhq9w
2026-08-14 22:23:56.528960,1019006976.0,bert-inference-69f8cc488d-xbnnq
2026-08-14 22:23:56.528960,1033588736.0,bert-inference-69f8cc488d-5952x
2026-08-14 22:23:56.528960,1313955840.0,bert-inference-69f8cc488d-7d4tz
2026-08-14 22:23:56.528960,878063616.0,bert-inference-69f8cc488d-g8v7z
2026-08-14 22:23:56.528960,926674944.0,bert-inference-69f8cc488d-7442w
2026-08-14 22:24:01.529037,894447616.0,bert-inference-69f8cc488d-xhq9w
2026-08-14 22:24:01.529037,1019043840.0,bert-inference-69f8cc488d-xbnnq
2026-08-14 22:24:01.529037,1033588736.0,bert-inference-69f8cc488d-5952x
2026-08-14 22:24:01.529037,1313959936.0,bert-inference-69f8cc488d-7d4tz
2026-08-14 22:24:01.529037,878084096.0,bert-inference-69f8cc488d-g8v7z
2026-08-14 22:24:01.529037,926674944.0,bert-inference-69f8cc488d-7442w
2026-08-14 22:24:06.528081,894447616.0,bert-inference-69f8cc488d-xhq9w
2026-08-14 22:24:06.528081,1019043840.0,bert-inference-69f8cc488d-xbnnq
2026-08-14 22:24:06.528081,1033588736.0,bert-inference-69f8cc488d-5952x
2026-08-14 22:24:06.528081,1313959936.0,bert-inference-69f8cc488d-7d4tz
2026-08-14 22:24:06.528081,878084096.0,bert-inference-69f8cc488d-g8v7z
2026-08-14 22:24:06.528081,926916608.0,bert-inference-69f8cc488d-7442w
2026-08-14 22:24:11.529069,894447616.0,bert-inference-69f8cc488d-xhq9w
2026-08-14 22:24:11.529069,1019043840.0,bert-inference-69f8cc488d-xbnnq
2026-08-14 22:24:11.529069,1033588736.0,bert-inference-69f8cc488d-5952x
2026-08-14 22:24:11.529069,1313959936.0,bert-inference-69f8cc488d-7d4tz
2026-08-14 22:24:11.529069,878084096.0,bert-inference-69f8cc488d-g8v7z
2026-08-14 22:24:11.529069,926916608.0,bert-inference-69f8cc488d-7442w
2026-08-14 22:24:16.528266,894451712.0,bert-inference-69f8cc488d-xhq9w
2026-08-14 22:24:16.528266,1019006976.0,bert-inference-69f8cc488d-xbnnq
2026-08-14 22:24:16.528266,1033588736.0,bert-inference-69f8cc488d-5952x
2026-08-14 22:24:16.528266,1313976320.0,bert-inference-69f8cc488d-7d4tz
2026-08-14 22:24:16.528266,878084096.0,bert-inference-69f8cc488d-g8v7z
2026-08-14 22:24:16.528266,926916608.0,bert-inference-69f8cc488d-7442w
2026-08-14 22:24:21.528911,894451712.0,bert-inference-69f8cc488d-xhq9w
2026-08-14 22:24:21.528911,1019006976.0,bert-inference-69f8cc488d-xbnnq
2026-08-14 22:24:21.528911,1033588736.0,bert-inference-69f8cc488d-5952x
2026-08-14 22:24:21.528911,1313976320.0,bert-inference-69f8cc488d-7d4tz
2026-08-14 22:24:21.528911,878084096.0,bert-inference-69f8cc488d-g8v7z
2026-08-14 22:24:21.528911,926916608.0,bert-inference-69f8cc488d-7442w
2026-08-14 22:24:26.527218,894451712.0,bert-inference-69f8cc488d-xhq9w
2026-08-14 22:24:26.527218,1019006976.0,bert-inference-69f8cc488d-xbnnq
2026-08-14 22:24:26.527218,1033588736.0,bert-inference-69f8cc488d-5952x
2026-08-14 22:24:26.527218,1313976320.0,bert-inference-69f8cc488d-7d4tz
2026-08-14 22:24:26.527218,878084096.0,bert-inference-69f8cc488d-g8v7z
2026-08-14 22:24:26.527218,926670848.0,bert-inference-69f8cc488d-7442w
2026-08-14 22:24:31.528889,894451712.0,bert-inference-69f8cc488d-xhq9w
2026-08-14 22:24:31.528889,1019006976.0,bert-inference-69f8cc488d-xbnnq
2026-08-14 22:24:31.528889,1033588736.0,bert-inference-69f8cc488d-5952x
2026-08-14 22:24:31.528889,1313976320.0,bert-inference-69f8cc488d-7d4tz
2026-08-14 22:24:31.528889,878084096.0,bert-inference-69f8cc488d-g8v7z
2026-08-14 22:24:31.528889,926670848.0,bert-inference-69f8cc488d-7442w
2026-08-14 22:24:36.528867,894451712.0,bert-inference-69f8cc488d-xhq9w
2026-08-14 22:24:36.528867,1019006976.0,bert-inference-69f8cc488d-xbnnq
2026-08-14 22:24:36.528867,1033588736.0,bert-inference-69f8cc488d-5952x
2026-08-14 22:24:36.528867,1314185216.0,bert-inference-69f8cc488d-7d4tz
2026-08-14 22:24:36.528867,878358528.0,bert-inference-69f8cc488d-g8v7z
2026-08-14 22:24:36.528867,926670848.0,bert-inference-69f8cc488d-7442w
2026-08-14 22:24:41.529152,894451712.0,bert-inference-69f8cc488d-xhq9w
2026-08-14 22:24:41.529152,1019006976.0,bert-inference-69f8cc488d-xbnnq
2026-08-14 22:24:41.529152,1033588736.0,bert-inference-69f8cc488d-5952x
2026-08-14 22:24:41.529152,1314185216.0,bert-inference-69f8cc488d-7d4tz
2026-08-14 22:24:41.529152,878358528.0,bert-inference-69f8cc488d-g8v7z
2026-08-14 22:24:41.529152,927186944.0,bert-inference-69f8cc488d-7442w
2026-08-14 22:24:46.528001,894451712.0,bert-inference-69f8cc488d-xhq9w
2026-08-14 22:24:46.528001,1019232256.0,bert-inference-69f8cc488d-xbnnq
2026-08-14 22:24:46.528001,1033588736.0,bert-inference-69f8cc488d-5952x
2026-08-14 22:24:46.528001,1314185216.0,bert-inference-69f8cc488d-7d4tz
2026-08-14 22:24:46.528001,878358528.0,bert-inference-69f8cc488d-g8v7z
2026-08-14 22:24:46.528001,927186944.0,bert-inference-69f8cc488d-7442w
2026-08-14 22:24:51.528889,894447616.0,bert-inference-69f8cc488d-xhq9w
2026-08-14 22:24:51.528889,1019232256.0,bert-inference-69f8cc488d-xbnnq
2026-08-14 22:24:51.528889,1033588736.0,bert-inference-69f8cc488d-5952x
2026-08-14 22:24:51.528889,1313959936.0,bert-inference-69f8cc488d-7d4tz
2026-08-14 22:24:51.528889,878358528.0,bert-inference-69f8cc488d-g8v7z
2026-08-14 22:24:51.528889,927186944.0,bert-inference-69f8cc488d-7442w
2026-08-14 22:24:56.528949,894447616.0,bert-inference-69f8cc488d-xhq9w
2026-08-14 22:24:56.528949,1019232256.0,bert-inference-69f8cc488d-xbnnq
2026-08-14 22:24:56.528949,1033588736.0,bert-inference-69f8cc488d-5952x
2026-08-14 22:24:56.528949,1313959936.0,bert-inference-69f8cc488d-7d4tz
2026-08-14 22:24:56.528949,878313472.0,bert-inference-69f8cc488d-g8v7z
2026-08-14 22:24:56.528949,926674944.0,bert-inference-69f8cc488d-7442w
2026-08-14 22:25:01.528141,894447616.0,bert-inference-69f8cc488d-xhq9w
2026-08-14 22:25:01.528141,1019011072.0,bert-inference-69f8cc488d-xbnnq
2026-08-14 22:25:01.528141,1033588736.0,bert-inference-69f8cc488d-5952x
2026-08-14 22:25:01.528141,1313959936.0,bert-inference-69f8cc488d-7d4tz
2026-08-14 22:25:01.528141,878313472.0,bert-inference-69f8cc488d-g8v7z
2026-08-14 22:25:01.528141,926674944.0,bert-inference-69f8cc488d-7442w
2026-08-14 22:25:06.528937,894959616.0,bert-inference-69f8cc488d-xhq9w
2026-08-14 22:25:06.528937,1019011072.0,bert-inference-69f8cc488d-xbnnq
2026-08-14 22:25:06.528937,1034096640.0,bert-inference-69f8cc488d-5952x
2026-08-14 22:25:06.528937,1314209792.0,bert-inference-69f8cc488d-7d4tz
2026-08-14 22:25:06.528937,878313472.0,bert-inference-69f8cc488d-g8v7z
2026-08-14 22:25:06.528937,926674944.0,bert-inference-69f8cc488d-7442w
2026-08-14 22:25:11.528935,894959616.0,bert-inference-69f8cc488d-xhq9w
2026-08-14 22:25:11.528935,1019011072.0,bert-inference-69f8cc488d-xbnnq
2026-08-14 22:25:11.528935,1034096640.0,bert-inference-69f8cc488d-5952x
2026-08-14 22:25:11.528935,1314209792.0,bert-inference-69f8cc488d-7d4tz
2026-08-14 22:25:11.528935,878063616.0,bert-inference-69f8cc488d-g8v7z
2026-08-14 22:25:11.528935,926900224.0,bert-inference-69f8cc488d-7442w
2026-08-14 22:25:16.528938,894959616.0,bert-inference-69f8cc488d-xhq9w
2026-08-14 22:25:16.528938,1019011072.0,bert-inference-69f8cc488d-xbnnq
2026-08-14 22:25:16.528938,1034096640.0,bert-inference-69f8cc488d-5952x
2026-08-14 22:25:16.528938,1314209792.0,bert-inference-69f8cc488d-7d4tz
2026-08-14 22:25:16.528938,878063616.0,bert-inference-69f8cc488d-g8v7z
2026-08-14 22:25:16.528938,926900224.0,bert-inference-69f8cc488d-7442w
2026-08-14 22:25:21.528948,894914560.0,bert-inference-69f8cc488d-xhq9w
2026-08-14 22:25:21.528948,1019260928.0,bert-inference-69f8cc488d-xbnnq
2026-08-14 22:25:21.528948,1033846784.0,bert-inference-69f8cc488d-5952x
2026-08-14 22:25:21.528948,1314213888.0,bert-inference-69f8cc488d-7d4tz
2026-08-14 22:25:21.528948,878555136.0,bert-inference-69f8cc488d-g8v7z
2026-08-14 22:25:21.528948,926900224.0,bert-inference-69f8cc488d-7442w
2026-08-14 22:25:26.526998,894914560.0,bert-inference-69f8cc488d-xhq9w
2026-08-14 22:25:26.526998,1019260928.0,bert-inference-69f8cc488d-xbnnq
2026-08-14 22:25:26.526998,1033846784.0,bert-inference-69f8cc488d-5952x
2026-08-14 22:25:26.526998,1314213888.0,bert-inference-69f8cc488d-7d4tz
2026-08-14 22:25:26.526998,878555136.0,bert-inference-69f8cc488d-g8v7z
2026-08-14 22:25:26.526998,926699520.0,bert-inference-69f8cc488d-7442w
2026-08-14 22:25:31.524699,894914560.0,bert-inference-69f8cc488d-xhq9w
2026-08-14 22:25:31.524699,1019006976.0,bert-inference-69f8cc488d-xbnnq
2026-08-14 22:25:31.524699,1033846784.0,bert-inference-69f8cc488d-5952x
2026-08-14 22:25:31.524699,1314213888.0,bert-inference-69f8cc488d-7d4tz
2026-08-14 22:25:31.524699,878555136.0,bert-inference-69f8cc488d-g8v7z
2026-08-14 22:25:31.524699,926699520.0,bert-inference-69f8cc488d-7442w
2026-08-14 22:25:36.528914,894447616.0,bert-inference-69f8cc488d-xhq9w
2026-08-14 22:25:36.528914,1019006976.0,bert-inference-69f8cc488d-xbnnq
2026-08-14 22:25:36.528914,1033846784.0,bert-inference-69f8cc488d-5952x
2026-08-14 22:25:36.528914,1314213888.0,bert-inference-69f8cc488d-7d4tz
2026-08-14 22:25:36.528914,878063616.0,bert-inference-69f8cc488d-g8v7z
2026-08-14 22:25:36.528914,926699520.0,bert-inference-69f8cc488d-7442w
2026-08-14 22:25:41.528544,894447616.0,bert-inference-69f8cc488d-xhq9w
2026-08-14 22:25:41.528544,1019006976.0,bert-inference-69f8cc488d-xbnnq
2026-08-14 22:25:41.528544,1033584640.0,bert-inference-69f8cc488d-5952x
2026-08-14 22:25:41.528544,1313959936.0,bert-inference-69f8cc488d-7d4tz
2026-08-14 22:25:41.528544,878063616.0,bert-inference-69f8cc488d-g8v7z
2026-08-14 22:25:41.528544,926674944.0,bert-inference-69f8cc488d-7442w
2026-08-14 22:25:46.527621,894447616.0,bert-inference-69f8cc488d-xhq9w
2026-08-14 22:25:46.527621,1019006976.0,bert-inference-69f8cc488d-xbnnq
2026-08-14 22:25:46.527621,1033584640.0,bert-inference-69f8cc488d-5952x
2026-08-14 22:25:46.527621,1313959936.0,bert-inference-69f8cc488d-7d4tz
2026-08-14 22:25:46.527621,878063616.0,bert-inference-69f8cc488d-g8v7z
2026-08-14 22:25:46.527621,926674944.0,bert-inference-69f8cc488d-7442w
2026-08-14 22:25:51.528975,894447616.0,bert-inference-69f8cc488d-xhq9w
2026-08-14 22:25:51.528975,1019006976.0,bert-inference-69f8cc488d-xbnnq
2026-08-14 22:25:51.528975,1033584640.0,bert-inference-69f8cc488d-5952x
2026-08-14 22:25:51.528975,1313959936.0,bert-inference-69f8cc488d-7d4tz
2026-08-14 22:25:51.528975,878288896.0,bert-inference-69f8cc488d-g8v7z
2026-08-14 22:25:51.528975,926674944.0,bert-inference-69f8cc488d-7442w
2026-08-14 22:25:56.528965,894447616.0,bert-inference-69f8cc488d-xhq9w
2026-08-14 22:25:56.528965,1019006976.0,bert-inference-69f8cc488d-xbnnq
2026-08-14 22:25:56.528965,1033814016.0,bert-inference-69f8cc488d-5952x
2026-08-14 22:25:56.528965,1313959936.0,bert-inference-69f8cc488d-7d4tz
2026-08-14 22:25:56.528965,878288896.0,bert-inference-69f8cc488d-g8v7z
2026-08-14 22:25:56.528965,926920704.0,bert-inference-69f8cc488d-7442w
2026-08-14 22:26:01.526125,894676992.0,bert-inference-69f8cc488d-xhq9w
2026-08-14 22:26:01.526125,1019006976.0,bert-inference-69f8cc488d-xbnnq
2026-08-14 22:26:01.526125,1033814016.0,bert-inference-69f8cc488d-5952x
2026-08-14 22:26:01.526125,1313959936.0,bert-inference-69f8cc488d-7d4tz
2026-08-14 22:26:01.526125,878288896.0,bert-inference-69f8cc488d-g8v7z
2026-08-14 22:26:01.526125,926920704.0,bert-inference-69f8cc488d-7442w
2026-08-14 22:26:06.528942,894676992.0,bert-inference-69f8cc488d-xhq9w
2026-08-14 22:26:06.528942,1019006976.0,bert-inference-69f8cc488d-xbnnq
2026-08-14 22:26:06.528942,1033814016.0,bert-inference-69f8cc488d-5952x
2026-08-14 22:26:06.528942,1313959936.0,bert-inference-69f8cc488d-7d4tz
2026-08-14 22:26:06.528942,878071808.0,bert-inference-69f8cc488d-g8v7z
2026-08-14 22:26:06.528942,926920704.0,bert-inference-69f8cc488d-7442w
2026-08-14 22:26:11.528974,894447616.0,bert-inference-69f8cc488d-xhq9w
2026-08-14 22:26:11.528974,1019006976.0,bert-inference-69f8cc488d-xbnnq
2026-08-14 22:26:11.528974,1033588736.0,bert-inference-69f8cc488d-5952x
2026-08-14 22:26:11.528974,1313959936.0,bert-inference-69f8cc488d-7d4tz
2026-08-14 22:26:11.528974,878071808.0,bert-inference-69f8cc488d-g8v7z
2026-08-14 22:26:11.528974,926674944.0,bert-inference-69f8cc488d-7442w
2026-08-14 22:26:16.528896,894447616.0,bert-inference-69f8cc488d-xhq9w
2026-08-14 22:26:16.528896,1019252736.0,bert-inference-69f8cc488d-xbnnq
2026-08-14 22:26:16.528896,1033588736.0,bert-inference-69f8cc488d-5952x
2026-08-14 22:26:16.528896,1313959936.0,bert-inference-69f8cc488d-7d4tz
2026-08-14 22:26:16.528896,878071808.0,bert-inference-69f8cc488d-g8v7z
2026-08-14 22:26:16.528896,926674944.0,bert-inference-69f8cc488d-7442w
2026-08-14 22:26:21.528621,894447616.0,bert-inference-69f8cc488d-xhq9w
2026-08-14 22:26:21.528621,1019252736.0,bert-inference-69f8cc488d-xbnnq
2026-08-14 22:26:21.528621,1034072064.0,bert-inference-69f8cc488d-5952x
2026-08-14 22:26:21.528621,1313964032.0,bert-inference-69f8cc488d-7d4tz
2026-08-14 22:26:21.528621,878063616.0,bert-inference-69f8cc488d-g8v7z
2026-08-14 22:26:21.528621,926674944.0,bert-inference-69f8cc488d-7442w
2026-08-14 22:26:26.528944,894468096.0,bert-inference-69f8cc488d-xhq9w
2026-08-14 22:26:26.528944,1019252736.0,bert-inference-69f8cc488d-xbnnq
2026-08-14 22:26:26.528944,1034072064.0,bert-inference-69f8cc488d-5952x
2026-08-14 22:26:26.528944,1313964032.0,bert-inference-69f8cc488d-7d4tz
2026-08-14 22:26:26.528944,878063616.0,bert-inference-69f8cc488d-g8v7z
2026-08-14 22:26:26.528944,926674944.0,bert-inference-69f8cc488d-7442w
2026-08-14 22:26:31.528957,894468096.0,bert-inference-69f8cc488d-xhq9w
2026-08-14 22:26:31.528957,1019285504.0,bert-inference-69f8cc488d-xbnnq
2026-08-14 22:26:31.528957,1034072064.0,bert-inference-69f8cc488d-5952x
2026-08-14 22:26:31.528957,1313959936.0,bert-inference-69f8cc488d-7d4tz
2026-08-14 22:26:31.528957,878063616.0,bert-inference-69f8cc488d-g8v7z
2026-08-14 22:26:31.528957,926674944.0,bert-inference-69f8cc488d-7442w
2026-08-14 22:26:36.528929,894959616.0,bert-inference-69f8cc488d-xhq9w
2026-08-14 22:26:36.528929,1019285504.0,bert-inference-69f8cc488d-xbnnq
2026-08-14 22:26:36.528929,1033834496.0,bert-inference-69f8cc488d-5952x
2026-08-14 22:26:36.528929,1313959936.0,bert-inference-69f8cc488d-7d4tz
2026-08-14 22:26:36.528929,878063616.0,bert-inference-69f8cc488d-g8v7z
2026-08-14 22:26:36.528929,926674944.0,bert-inference-69f8cc488d-7442w
2026-08-14 22:26:41.524692,894959616.0,bert-inference-69f8cc488d-xhq9w
2026-08-14 22:26:41.524692,1019285504.0,bert-inference-69f8cc488d-xbnnq
2026-08-14 22:26:41.524692,1033834496.0,bert-inference-69f8cc488d-5952x
2026-08-14 22:26:41.524692,1313959936.0,bert-inference-69f8cc488d-7d4tz
2026-08-14 22:26:41.524692,878063616.0,bert-inference-69f8cc488d-g8v7z
2026-08-14 22:26:41.524692,926674944.0,bert-inference-69f8cc488d-7442w
2026-08-14 22:26:46.528934,894959616.0,bert-inference-69f8cc488d-xhq9w
2026-08-14 22:26:46.528934,1019285504.0,bert-inference-69f8cc488d-xbnnq
2026-08-14 22:26:46.528934,1033834496.0,bert-inference-69f8cc488d-5952x
2026-08-14 22:26:46.528934,1313959936.0,bert-inference-69f8cc488d-7d4tz
2026-08-14 22:26:46.528934,878063616.0,bert-inference-69f8cc488d-g8v7z
2026-08-14 22:26:46.528934,926674944.0,bert-inference-69f8cc488d-7442w
2026-08-14 22:26:51.528562,894676992.0,bert-inference-69f8cc488d-xhq9w
2026-08-14 22:26:51.528562,1019011072.0,bert-inference-69f8cc488d-xbnnq
2026-08-14 22:26:51.528562,1033834496.0,bert-inference-69f8cc488d-5952x
2026-08-14 22:26:51.528562,1313984512.0,bert-inference-69f8cc488d-7d4tz
2026-08-14 22:26:51.528562,878063616.0,bert-inference-69f8cc488d-g8v7z
2026-08-14 22:26:51.528562,926674944.0,bert-inference-69f8cc488d-7442w
2026-08-14 22:26:56.529141,894676992.0,bert-inference-69f8cc488d-xhq9w
2026-08-14 22:26:56.529141,1019011072.0,bert-inference-69f8cc488d-xbnnq
2026-08-14 22:26:56.529141,1033809920.0,bert-inference-69f8cc488d-5952x
2026-08-14 22:26:56.529141,1313984512.0,bert-inference-69f8cc488d-7d4tz
2026-08-14 22:26:56.529141,878063616.0,bert-inference-69f8cc488d-g8v7z
2026-08-14 22:26:56.529141,926674944.0,bert-inference-69f8cc488d-7442w
2026-08-14 22:27:01.528938,894447616.0,bert-inference-69f8cc488d-xhq9w
2026-08-14 22:27:01.528938,1019006976.0,bert-inference-69f8cc488d-xbnnq
2026-08-14 22:27:01.528938,1033809920.0,bert-inference-69f8cc488d-5952x
2026-08-14 22:27:01.528938,1313984512.0,bert-inference-69f8cc488d-7d4tz
2026-08-14 22:27:01.528938,878063616.0,bert-inference-69f8cc488d-g8v7z
2026-08-14 22:27:01.528938,926674944.0,bert-inference-69f8cc488d-7442w
2026-08-14 22:27:06.528557,894447616.0,bert-inference-69f8cc488d-xhq9w
2026-08-14 22:27:06.528557,1019006976.0,bert-inference-69f8cc488d-xbnnq
2026-08-14 22:27:06.528557,1033809920.0,bert-inference-69f8cc488d-5952x
2026-08-14 22:27:06.528557,1313984512.0,bert-inference-69f8cc488d-7d4tz
2026-08-14 22:27:06.528557,878063616.0,bert-inference-69f8cc488d-g8v7z
2026-08-14 22:27:06.528557,926674944.0,bert-inference-69f8cc488d-7442w
2026-08-14 22:27:11.528941,894447616.0,bert-inference-69f8cc488d-xhq9w
2026-08-14 22:27:11.528941,1019006976.0,bert-inference-69f8cc488d-xbnnq
2026-08-14 22:27:11.528941,1033809920.0,bert-inference-69f8cc488d-5952x
2026-08-14 22:27:11.528941,1313984512.0,bert-inference-69f8cc488d-7d4tz
2026-08-14 22:27:11.528941,878063616.0,bert-inference-69f8cc488d-g8v7z
2026-08-14 22:27:11.528941,926674944.0,bert-inference-69f8cc488d-7442w
2026-08-14 22:27:16.528939,894447616.0,bert-inference-69f8cc488d-xhq9w
2026-08-14 22:27:16.528939,1019006976.0,bert-inference-69f8cc488d-xbnnq
2026-08-14 22:27:16.528939,1033592832.0,bert-inference-69f8cc488d-5952x
2026-08-14 22:27:16.528939,1313959936.0,bert-inference-69f8cc488d-7d4tz
2026-08-14 22:27:16.528939,878063616.0,bert-inference-69f8cc488d-g8v7z
2026-08-14 22:27:16.528939,926674944.0,bert-inference-69f8cc488d-7442w
2026-08-14 22:27:21.529137,894447616.0,bert-inference-69f8cc488d-xhq9w
2026-08-14 22:27:21.529137,1019006976.0,bert-inference-69f8cc488d-xbnnq
2026-08-14 22:27:21.529137,1033592832.0,bert-inference-69f8cc488d-5952x
2026-08-14 22:27:21.529137,1313959936.0,bert-inference-69f8cc488d-7d4tz
2026-08-14 22:27:21.529137,878063616.0,bert-inference-69f8cc488d-g8v7z
2026-08-14 22:27:21.529137,926674944.0,bert-inference-69f8cc488d-7442w
2026-08-14 22:27:26.526455,894447616.0,bert-inference-69f8cc488d-xhq9w
2026-08-14 22:27:26.526455,1019006976.0,bert-inference-69f8cc488d-xbnnq
2026-08-14 22:27:26.526455,1033592832.0,bert-inference-69f8cc488d-5952x
2026-08-14 22:27:26.526455,1313959936.0,bert-inference-69f8cc488d-7d4tz
2026-08-14 22:27:26.526455,878084096.0,bert-inference-69f8cc488d-g8v7z
2026-08-14 22:27:26.526455,926674944.0,bert-inference-69f8cc488d-7442w
2026-08-14 22:27:31.528931,894447616.0,bert-inference-69f8cc488d-xhq9w
2026-08-14 22:27:31.528931,1019006976.0,bert-inference-69f8cc488d-xbnnq
2026-08-14 22:27:31.528931,1033592832.0,bert-inference-69f8cc488d-5952x
2026-08-14 22:27:31.528931,1313959936.0,bert-inference-69f8cc488d-7d4tz
2026-08-14 22:27:31.528931,878084096.0,bert-inference-69f8cc488d-g8v7z
2026-08-14 22:27:31.528931,926679040.0,bert-inference-69f8cc488d-7442w
2026-08-14 22:27:36.528960,894697472.0,bert-inference-69f8cc488d-xhq9w
2026-08-14 22:27:36.528960,1019006976.0,bert-inference-69f8cc488d-xbnnq
2026-08-14 22:27:36.528960,1033588736.0,bert-inference-69f8cc488d-5952x
2026-08-14 22:27:36.528960,1313959936.0,bert-inference-69f8cc488d-7d4tz
2026-08-14 22:27:36.528960,878084096.0,bert-inference-69f8cc488d-g8v7z
2026-08-14 22:27:36.528960,926679040.0,bert-inference-69f8cc488d-7442w
2026-08-14 22:27:41.528123,894697472.0,bert-inference-69f8cc488d-xhq9w
2026-08-14 22:27:41.528123,1019006976.0,bert-inference-69f8cc488d-xbnnq
2026-08-14 22:27:41.528123,1033588736.0,bert-inference-69f8cc488d-5952x
2026-08-14 22:27:41.528123,1313959936.0,bert-inference-69f8cc488d-7d4tz
2026-08-14 22:27:41.528123,878575616.0,bert-inference-69f8cc488d-g8v7z
2026-08-14 22:27:41.528123,926679040.0,bert-inference-69f8cc488d-7442w
2026-08-14 22:27:46.528421,894697472.0,bert-inference-69f8cc488d-xhq9w
2026-08-14 22:27:46.528421,1019011072.0,bert-inference-69f8cc488d-xbnnq
2026-08-14 22:27:46.528421,1033588736.0,bert-inference-69f8cc488d-5952x
2026-08-14 22:27:46.528421,1313959936.0,bert-inference-69f8cc488d-7d4tz
2026-08-14 22:27:46.528421,878575616.0,bert-inference-69f8cc488d-g8v7z
2026-08-14 22:27:46.528421,926679040.0,bert-inference-69f8cc488d-7442w
2026-08-14 22:27:51.528947,894443520.0,bert-inference-69f8cc488d-xhq9w
2026-08-14 22:27:51.528947,1019011072.0,bert-inference-69f8cc488d-xbnnq
2026-08-14 22:27:51.528947,1033588736.0,bert-inference-69f8cc488d-5952x
2026-08-14 22:27:51.528947,1313959936.0,bert-inference-69f8cc488d-7d4tz
2026-08-14 22:27:51.528947,878059520.0,bert-inference-69f8cc488d-g8v7z
2026-08-14 22:27:51.528947,926928896.0,bert-inference-69f8cc488d-7442w
2026-08-14 22:27:56.528932,894443520.0,bert-inference-69f8cc488d-xhq9w
2026-08-14 22:27:56.528932,1019011072.0,bert-inference-69f8cc488d-xbnnq
2026-08-14 22:27:56.528932,1033588736.0,bert-inference-69f8cc488d-5952x
2026-08-14 22:27:56.528932,1313959936.0,bert-inference-69f8cc488d-7d4tz
2026-08-14 22:27:56.528932,878059520.0,bert-inference-69f8cc488d-g8v7z
2026-08-14 22:27:56.528932,926928896.0,bert-inference-69f8cc488d-7442w
2026-08-14 22:28:01.528933,894443520.0,bert-inference-69f8cc488d-xhq9w
2026-08-14 22:28:01.528933,1019011072.0,bert-inference-69f8cc488d-xbnnq
2026-08-14 22:28:01.528933,1033584640.0,bert-inference-69f8cc488d-5952x
2026-08-14 22:28:01.528933,1313959936.0,bert-inference-69f8cc488d-7d4tz
2026-08-14 22:28:01.528933,878370816.0,bert-inference-69f8cc488d-g8v7z
2026-08-14 22:28:01.528933,926928896.0,bert-inference-69f8cc488d-7442w
2026-08-14 22:28:06.528894,894730240.0,bert-inference-69f8cc488d-xhq9w
2026-08-14 22:28:06.528894,1019006976.0,bert-inference-69f8cc488d-xbnnq
2026-08-14 22:28:06.528894,1033584640.0,bert-inference-69f8cc488d-5952x
2026-08-14 22:28:06.528894,1313959936.0,bert-inference-69f8cc488d-7d4tz
2026-08-14 22:28:06.528894,878370816.0,bert-inference-69f8cc488d-g8v7z
2026-08-14 22:28:06.528894,926928896.0,bert-inference-69f8cc488d-7442w
2026-08-14 22:28:11.528982,894730240.0,bert-inference-69f8cc488d-xhq9w
2026-08-14 22:28:11.528982,1019006976.0,bert-inference-69f8cc488d-xbnnq
2026-08-14 22:28:11.528982,1033584640.0,bert-inference-69f8cc488d-5952x
2026-08-14 22:28:11.528982,1313964032.0,bert-inference-69f8cc488d-7d4tz
2026-08-14 22:28:11.528982,878370816.0,bert-inference-69f8cc488d-g8v7z
2026-08-14 22:28:11.528982,926695424.0,bert-inference-69f8cc488d-7442w
2026-08-14 22:28:16.525820,894447616.0,bert-inference-69f8cc488d-xhq9w
2026-08-14 22:28:16.525820,1019006976.0,bert-inference-69f8cc488d-xbnnq
2026-08-14 22:28:16.525820,1033805824.0,bert-inference-69f8cc488d-5952x
2026-08-14 22:28:16.525820,1313964032.0,bert-inference-69f8cc488d-7d4tz
2026-08-14 22:28:16.525820,878370816.0,bert-inference-69f8cc488d-g8v7z
2026-08-14 22:28:16.525820,926695424.0,bert-inference-69f8cc488d-7442w
2026-08-14 22:28:21.528986,894447616.0,bert-inference-69f8cc488d-xhq9w
2026-08-14 22:28:21.528986,1019006976.0,bert-inference-69f8cc488d-xbnnq
2026-08-14 22:28:21.528986,1033805824.0,bert-inference-69f8cc488d-5952x
2026-08-14 22:28:21.528986,1313964032.0,bert-inference-69f8cc488d-7d4tz
2026-08-14 22:28:21.528986,878084096.0,bert-inference-69f8cc488d-g8v7z
2026-08-14 22:28:21.528986,926674944.0,bert-inference-69f8cc488d-7442w
2026-08-14 22:28:26.528891,894447616.0,bert-inference-69f8cc488d-xhq9w
2026-08-14 22:28:26.528891,1019006976.0,bert-inference-69f8cc488d-xbnnq
2026-08-14 22:28:26.528891,1033805824.0,bert-inference-69f8cc488d-5952x
2026-08-14 22:28:26.528891,1313959936.0,bert-inference-69f8cc488d-7d4tz
2026-08-14 22:28:26.528891,878084096.0,bert-inference-69f8cc488d-g8v7z
2026-08-14 22:28:26.528891,926674944.0,bert-inference-69f8cc488d-7442w
2026-08-14 22:28:31.528967,894447616.0,bert-inference-69f8cc488d-xhq9w
2026-08-14 22:28:31.528967,1019006976.0,bert-inference-69f8cc488d-xbnnq
2026-08-14 22:28:31.528967,1033584640.0,bert-inference-69f8cc488d-5952x
2026-08-14 22:28:31.528967,1313959936.0,bert-inference-69f8cc488d-7d4tz
2026-08-14 22:28:31.528967,878084096.0,bert-inference-69f8cc488d-g8v7z
2026-08-14 22:28:31.528967,926674944.0,bert-inference-69f8cc488d-7442w
2026-08-14 22:28:36.528987,894447616.0,bert-inference-69f8cc488d-xhq9w
2026-08-14 22:28:36.528987,1019006976.0,bert-inference-69f8cc488d-xbnnq
2026-08-14 22:28:36.528987,1033584640.0,bert-inference-69f8cc488d-5952x
2026-08-14 22:28:36.528987,1313959936.0,bert-inference-69f8cc488d-7d4tz
2026-08-14 22:28:36.528987,878067712.0,bert-inference-69f8cc488d-g8v7z
2026-08-14 22:28:36.528987,926674944.0,bert-inference-69f8cc488d-7442w
2026-08-14 22:28:41.528900,894447616.0,bert-inference-69f8cc488d-xhq9w
2026-08-14 22:28:41.528900,1019006976.0,bert-inference-69f8cc488d-xbnnq
2026-08-14 22:28:41.528900,1033584640.0,bert-inference-69f8cc488d-5952x
2026-08-14 22:28:41.528900,1313959936.0,bert-inference-69f8cc488d-7d4tz
2026-08-14 22:28:41.528900,878067712.0,bert-inference-69f8cc488d-g8v7z
2026-08-14 22:28:41.528900,926674944.0,bert-inference-69f8cc488d-7442w
2026-08-14 22:28:46.528221,894447616.0,bert-inference-69f8cc488d-xhq9w
2026-08-14 22:28:46.528221,1019006976.0,bert-inference-69f8cc488d-xbnnq
2026-08-14 22:28:46.528221,1033584640.0,bert-inference-69f8cc488d-5952x
2026-08-14 22:28:46.528221,1313959936.0,bert-inference-69f8cc488d-7d4tz
2026-08-14 22:28:46.528221,878067712.0,bert-inference-69f8cc488d-g8v7z
2026-08-14 22:28:46.528221,926674944.0,bert-inference-69f8cc488d-7442w
2026-08-14 22:28:51.529083,894447616.0,bert-inference-69f8cc488d-xhq9w
2026-08-14 22:28:51.529083,1019006976.0,bert-inference-69f8cc488d-xbnnq
2026-08-14 22:28:51.529083,1033588736.0,bert-inference-69f8cc488d-5952x
2026-08-14 22:28:51.529083,1313959936.0,bert-inference-69f8cc488d-7d4tz
2026-08-14 22:28:51.529083,878067712.0,bert-inference-69f8cc488d-g8v7z
2026-08-14 22:28:51.529083,926674944.0,bert-inference-69f8cc488d-7442w
2026-08-14 22:28:56.529084,894447616.0,bert-inference-69f8cc488d-xhq9w
2026-08-14 22:28:56.529084,1019006976.0,bert-inference-69f8cc488d-xbnnq
2026-08-14 22:28:56.529084,1033588736.0,bert-inference-69f8cc488d-5952x
2026-08-14 22:28:56.529084,1313959936.0,bert-inference-69f8cc488d-7d4tz
2026-08-14 22:28:56.529084,878071808.0,bert-inference-69f8cc488d-g8v7z
2026-08-14 22:28:56.529084,926674944.0,bert-inference-69f8cc488d-7442w
2026-08-14 22:29:01.528900,894447616.0,bert-inference-69f8cc488d-xhq9w
2026-08-14 22:29:01.528900,1019006976.0,bert-inference-69f8cc488d-xbnnq
2026-08-14 22:29:01.528900,1033588736.0,bert-inference-69f8cc488d-5952x
2026-08-14 22:29:01.528900,1313964032.0,bert-inference-69f8cc488d-7d4tz
2026-08-14 22:29:01.528900,878071808.0,bert-inference-69f8cc488d-g8v7z
2026-08-14 22:29:01.528900,926674944.0,bert-inference-69f8cc488d-7442w
2026-08-14 22:29:06.528035,894451712.0,bert-inference-69f8cc488d-xhq9w
2026-08-14 22:29:06.528035,1019006976.0,bert-inference-69f8cc488d-xbnnq
2026-08-14 22:29:06.528035,1033588736.0,bert-inference-69f8cc488d-5952x
2026-08-14 22:29:06.528035,1313964032.0,bert-inference-69f8cc488d-7d4tz
2026-08-14 22:29:06.528035,878059520.0,bert-inference-69f8cc488d-g8v7z
2026-08-14 22:29:06.528035,926674944.0,bert-inference-69f8cc488d-7442w
2026-08-14 22:29:11.524466,894451712.0,bert-inference-69f8cc488d-xhq9w
2026-08-14 22:29:11.524466,1019039744.0,bert-inference-69f8cc488d-xbnnq
2026-08-14 22:29:11.524466,1033588736.0,bert-inference-69f8cc488d-5952x
2026-08-14 22:29:11.524466,1313964032.0,bert-inference-69f8cc488d-7d4tz
2026-08-14 22:29:11.524466,878059520.0,bert-inference-69f8cc488d-g8v7z
2026-08-14 22:29:11.524466,927186944.0,bert-inference-69f8cc488d-7442w
2026-08-14 22:29:16.529207,894447616.0,bert-inference-69f8cc488d-xhq9w
2026-08-14 22:29:16.529207,1019039744.0,bert-inference-69f8cc488d-xbnnq
2026-08-14 22:29:16.529207,1033588736.0,bert-inference-69f8cc488d-5952x
2026-08-14 22:29:16.529207,1314189312.0,bert-inference-69f8cc488d-7d4tz
2026-08-14 22:29:16.529207,878059520.0,bert-inference-69f8cc488d-g8v7z
2026-08-14 22:29:16.529207,927186944.0,bert-inference-69f8cc488d-7442w
2026-08-14 22:29:21.528922,894447616.0,bert-inference-69f8cc488d-xhq9w
2026-08-14 22:29:21.528922,1019006976.0,bert-inference-69f8cc488d-xbnnq
2026-08-14 22:29:21.528922,1033588736.0,bert-inference-69f8cc488d-5952x
2026-08-14 22:29:21.528922,1314189312.0,bert-inference-69f8cc488d-7d4tz
2026-08-14 22:29:21.528922,878059520.0,bert-inference-69f8cc488d-g8v7z
2026-08-14 22:29:21.528922,927186944.0,bert-inference-69f8cc488d-7442w
2026-08-14 22:29:26.528972,894447616.0,bert-inference-69f8cc488d-xhq9w
2026-08-14 22:29:26.528972,1019006976.0,bert-inference-69f8cc488d-xbnnq
2026-08-14 22:29:26.528972,1033588736.0,bert-inference-69f8cc488d-5952x
2026-08-14 22:29:26.528972,1314480128.0,bert-inference-69f8cc488d-7d4tz
2026-08-14 22:29:26.528972,878063616.0,bert-inference-69f8cc488d-g8v7z
2026-08-14 22:29:26.528972,926695424.0,bert-inference-69f8cc488d-7442w
2026-08-14 22:29:31.528946,894447616.0,bert-inference-69f8cc488d-xhq9w
2026-08-14 22:29:31.528946,1019006976.0,bert-inference-69f8cc488d-xbnnq
2026-08-14 22:29:31.528946,1033842688.0,bert-inference-69f8cc488d-5952x
2026-08-14 22:29:31.528946,1314480128.0,bert-inference-69f8cc488d-7d4tz
2026-08-14 22:29:31.528946,878063616.0,bert-inference-69f8cc488d-g8v7z
2026-08-14 22:29:31.528946,926695424.0,bert-inference-69f8cc488d-7442w
2026-08-14 22:29:36.526395,894447616.0,bert-inference-69f8cc488d-xhq9w
2026-08-14 22:29:36.526395,1019006976.0,bert-inference-69f8cc488d-xbnnq
2026-08-14 22:29:36.526395,1033842688.0,bert-inference-69f8cc488d-5952x
2026-08-14 22:29:36.526395,1314480128.0,bert-inference-69f8cc488d-7d4tz
2026-08-14 22:29:36.526395,878063616.0,bert-inference-69f8cc488d-g8v7z
2026-08-14 22:29:36.526395,926695424.0,bert-inference-69f8cc488d-7442w
2026-08-14 22:29:41.524379,894447616.0,bert-inference-69f8cc488d-xhq9w
2026-08-14 22:29:41.524379,1019006976.0,bert-inference-69f8cc488d-xbnnq
2026-08-14 22:29:41.524379,1033842688.0,bert-inference-69f8cc488d-5952x
2026-08-14 22:29:41.524379,1314480128.0,bert-inference-69f8cc488d-7d4tz
2026-08-14 22:29:41.524379,878063616.0,bert-inference-69f8cc488d-g8v7z
2026-08-14 22:29:41.524379,926674944.0,bert-inference-69f8cc488d-7442w
2026-08-14 22:29:46.528953,894443520.0,bert-inference-69f8cc488d-xhq9w
2026-08-14 22:29:46.528953,1019006976.0,bert-inference-69f8cc488d-xbnnq
2026-08-14 22:29:46.528953,1033588736.0,bert-inference-69f8cc488d-5952x
2026-08-14 22:29:46.528953,1314209792.0,bert-inference-69f8cc488d-7d4tz
2026-08-14 22:29:46.528953,878063616.0,bert-inference-69f8cc488d-g8v7z
2026-08-14 22:29:46.528953,926674944.0,bert-inference-69f8cc488d-7442w
2026-08-14 22:29:51.528962,894443520.0,bert-inference-69f8cc488d-xhq9w
2026-08-14 22:29:51.528962,1019006976.0,bert-inference-69f8cc488d-xbnnq
2026-08-14 22:29:51.528962,1033588736.0,bert-inference-69f8cc488d-5952x
2026-08-14 22:29:51.528962,1314209792.0,bert-inference-69f8cc488d-7d4tz
2026-08-14 22:29:51.528962,878063616.0,bert-inference-69f8cc488d-g8v7z
2026-08-14 22:29:51.528962,926928896.0,bert-inference-69f8cc488d-7442w
2026-08-14 22:29:56.528952,894443520.0,bert-inference-69f8cc488d-xhq9w
2026-08-14 22:29:56.528952,1019006976.0,bert-inference-69f8cc488d-xbnnq
2026-08-14 22:29:56.528952,1033625600.0,bert-inference-69f8cc488d-5952x
2026-08-14 22:29:56.528952,1314209792.0,bert-inference-69f8cc488d-7d4tz
2026-08-14 22:29:56.528952,878063616.0,bert-inference-69f8cc488d-g8v7z
2026-08-14 22:29:56.528952,926928896.0,bert-inference-69f8cc488d-7442w
2026-08-14 22:30:01.527247,894451712.0,bert-inference-69f8cc488d-xhq9w
2026-08-14 22:30:01.527247,1019002880.0,bert-inference-69f8cc488d-xbnnq
2026-08-14 22:30:01.527247,1033625600.0,bert-inference-69f8cc488d-5952x
2026-08-14 22:30:01.527247,1314209792.0,bert-inference-69f8cc488d-7d4tz
2026-08-14 22:30:01.527247,878284800.0,bert-inference-69f8cc488d-g8v7z
2026-08-14 22:30:01.527247,926928896.0,bert-inference-69f8cc488d-7442w
2026-08-14 22:30:06.529091,894451712.0,bert-inference-69f8cc488d-xhq9w
2026-08-14 22:30:06.529091,1019002880.0,bert-inference-69f8cc488d-xbnnq
2026-08-14 22:30:06.529091,1033625600.0,bert-inference-69f8cc488d-5952x
2026-08-14 22:30:06.529091,1313959936.0,bert-inference-69f8cc488d-7d4tz
2026-08-14 22:30:06.529091,878284800.0,bert-inference-69f8cc488d-g8v7z
2026-08-14 22:30:06.529091,926674944.0,bert-inference-69f8cc488d-7442w
2026-08-14 22:30:11.529044,894451712.0,bert-inference-69f8cc488d-xhq9w
2026-08-14 22:30:11.529044,1019002880.0,bert-inference-69f8cc488d-xbnnq
2026-08-14 22:30:11.529044,1033818112.0,bert-inference-69f8cc488d-5952x
2026-08-14 22:30:11.529044,1313959936.0,bert-inference-69f8cc488d-7d4tz
2026-08-14 22:30:11.529044,878284800.0,bert-inference-69f8cc488d-g8v7z
2026-08-14 22:30:11.529044,926674944.0,bert-inference-69f8cc488d-7442w
2026-08-14 22:30:16.528951,894705664.0,bert-inference-69f8cc488d-xhq9w
2026-08-14 22:30:16.528951,1019002880.0,bert-inference-69f8cc488d-xbnnq
2026-08-14 22:30:16.528951,1033818112.0,bert-inference-69f8cc488d-5952x
2026-08-14 22:30:16.528951,1313980416.0,bert-inference-69f8cc488d-7d4tz
2026-08-14 22:30:16.528951,878284800.0,bert-inference-69f8cc488d-g8v7z
2026-08-14 22:30:16.528951,926674944.0,bert-inference-69f8cc488d-7442w
2026-08-14 22:30:21.528956,894705664.0,bert-inference-69f8cc488d-xhq9w
2026-08-14 22:30:21.528956,1019011072.0,bert-inference-69f8cc488d-xbnnq
2026-08-14 22:30:21.528956,1033818112.0,bert-inference-69f8cc488d-5952x
2026-08-14 22:30:21.528956,1313980416.0,bert-inference-69f8cc488d-7d4tz
2026-08-14 22:30:21.528956,878084096.0,bert-inference-69f8cc488d-g8v7z
2026-08-14 22:30:21.528956,926674944.0,bert-inference-69f8cc488d-7442w
2026-08-14 22:30:26.528956,894668800.0,bert-inference-69f8cc488d-xhq9w
2026-08-14 22:30:26.528956,1019011072.0,bert-inference-69f8cc488d-xbnnq
2026-08-14 22:30:26.528956,1033588736.0,bert-inference-69f8cc488d-5952x
2026-08-14 22:30:26.528956,1313980416.0,bert-inference-69f8cc488d-7d4tz
2026-08-14 22:30:26.528956,878084096.0,bert-inference-69f8cc488d-g8v7z
2026-08-14 22:30:26.528956,926674944.0,bert-inference-69f8cc488d-7442w
2026-08-14 22:30:31.526282,894668800.0,bert-inference-69f8cc488d-xhq9w
2026-08-14 22:30:31.526282,1019011072.0,bert-inference-69f8cc488d-xbnnq
2026-08-14 22:30:31.526282,1033588736.0,bert-inference-69f8cc488d-5952x
2026-08-14 22:30:31.526282,1313980416.0,bert-inference-69f8cc488d-7d4tz
2026-08-14 22:30:31.526282,878084096.0,bert-inference-69f8cc488d-g8v7z
2026-08-14 22:30:31.526282,926674944.0,bert-inference-69f8cc488d-7442w
2026-08-14 22:30:36.527133,894668800.0,bert-inference-69f8cc488d-xhq9w
2026-08-14 22:30:36.527133,1019006976.0,bert-inference-69f8cc488d-xbnnq
2026-08-14 22:30:36.527133,1033588736.0,bert-inference-69f8cc488d-5952x
2026-08-14 22:30:36.527133,1313959936.0,bert-inference-69f8cc488d-7d4tz
2026-08-14 22:30:36.527133,878092288.0,bert-inference-69f8cc488d-g8v7z
2026-08-14 22:30:36.527133,926674944.0,bert-inference-69f8cc488d-7442w
2026-08-14 22:30:41.528958,894443520.0,bert-inference-69f8cc488d-xhq9w
2026-08-14 22:30:41.528958,1019006976.0,bert-inference-69f8cc488d-xbnnq
2026-08-14 22:30:41.528958,1033809920.0,bert-inference-69f8cc488d-5952x
2026-08-14 22:30:41.528958,1313959936.0,bert-inference-69f8cc488d-7d4tz
2026-08-14 22:30:41.528958,878092288.0,bert-inference-69f8cc488d-g8v7z
2026-08-14 22:30:41.528958,926896128.0,bert-inference-69f8cc488d-7442w
2026-08-14 22:30:46.528900,894443520.0,bert-inference-69f8cc488d-xhq9w
2026-08-14 22:30:46.528900,1019006976.0,bert-inference-69f8cc488d-xbnnq
2026-08-14 22:30:46.528900,1033809920.0,bert-inference-69f8cc488d-5952x
2026-08-14 22:30:46.528900,1313959936.0,bert-inference-69f8cc488d-7d4tz
2026-08-14 22:30:46.528900,878092288.0,bert-inference-69f8cc488d-g8v7z
2026-08-14 22:30:46.528900,926896128.0,bert-inference-69f8cc488d-7442w
2026-08-14 22:30:51.527767,894668800.0,bert-inference-69f8cc488d-xhq9w
2026-08-14 22:30:51.527767,1019006976.0,bert-inference-69f8cc488d-xbnnq
2026-08-14 22:30:51.527767,1033809920.0,bert-inference-69f8cc488d-5952x
2026-08-14 22:30:51.527767,1313959936.0,bert-inference-69f8cc488d-7d4tz
2026-08-14 22:30:51.527767,878092288.0,bert-inference-69f8cc488d-g8v7z
2026-08-14 22:30:51.527767,926896128.0,bert-inference-69f8cc488d-7442w
2026-08-14 22:30:56.525985,894668800.0,bert-inference-69f8cc488d-xhq9w
2026-08-14 22:30:56.525985,1019006976.0,bert-inference-69f8cc488d-xbnnq
2026-08-14 22:30:56.525985,1033809920.0,bert-inference-69f8cc488d-5952x
2026-08-14 22:30:56.525985,1313964032.0,bert-inference-69f8cc488d-7d4tz
2026-08-14 22:30:56.525985,878092288.0,bert-inference-69f8cc488d-g8v7z
2026-08-14 22:30:56.525985,926674944.0,bert-inference-69f8cc488d-7442w
2026-08-14 22:31:01.529007,894668800.0,bert-inference-69f8cc488d-xhq9w
2026-08-14 22:31:01.529007,1019006976.0,bert-inference-69f8cc488d-xbnnq
2026-08-14 22:31:01.529007,1033621504.0,bert-inference-69f8cc488d-5952x
2026-08-14 22:31:01.529007,1313964032.0,bert-inference-69f8cc488d-7d4tz
2026-08-14 22:31:01.529007,878092288.0,bert-inference-69f8cc488d-g8v7z
2026-08-14 22:31:01.529007,926674944.0,bert-inference-69f8cc488d-7442w
2026-08-14 22:31:06.527874,894689280.0,bert-inference-69f8cc488d-xhq9w
2026-08-14 22:31:06.527874,1019006976.0,bert-inference-69f8cc488d-xbnnq
2026-08-14 22:31:06.527874,1033621504.0,bert-inference-69f8cc488d-5952x
2026-08-14 22:31:06.527874,1314209792.0,bert-inference-69f8cc488d-7d4tz
2026-08-14 22:31:06.527874,878063616.0,bert-inference-69f8cc488d-g8v7z
2026-08-14 22:31:06.527874,926674944.0,bert-inference-69f8cc488d-7442w
2026-08-14 22:31:11.528892,894689280.0,bert-inference-69f8cc488d-xhq9w
2026-08-14 22:31:11.528892,1019006976.0,bert-inference-69f8cc488d-xbnnq
2026-08-14 22:31:11.528892,1033621504.0,bert-inference-69f8cc488d-5952x
2026-08-14 22:31:11.528892,1314209792.0,bert-inference-69f8cc488d-7d4tz
2026-08-14 22:31:11.528892,878063616.0,bert-inference-69f8cc488d-g8v7z
2026-08-14 22:31:11.528892,926674944.0,bert-inference-69f8cc488d-7442w
2026-08-14 22:31:16.528851,894689280.0,bert-inference-69f8cc488d-xhq9w
2026-08-14 22:31:16.528851,1019015168.0,bert-inference-69f8cc488d-xbnnq
2026-08-14 22:31:16.528851,1033588736.0,bert-inference-69f8cc488d-5952x
2026-08-14 22:31:16.528851,1314209792.0,bert-inference-69f8cc488d-7d4tz
2026-08-14 22:31:16.528851,878063616.0,bert-inference-69f8cc488d-g8v7z
2026-08-14 22:31:16.528851,926674944.0,bert-inference-69f8cc488d-7442w
2026-08-14 22:31:21.528960,894689280.0,bert-inference-69f8cc488d-xhq9w
2026-08-14 22:31:21.528960,1019015168.0,bert-inference-69f8cc488d-xbnnq
2026-08-14 22:31:21.528960,1033588736.0,bert-inference-69f8cc488d-5952x
2026-08-14 22:31:21.528960,1313964032.0,bert-inference-69f8cc488d-7d4tz
2026-08-14 22:31:21.528960,878063616.0,bert-inference-69f8cc488d-g8v7z
2026-08-14 22:31:21.528960,926674944.0,bert-inference-69f8cc488d-7442w
2026-08-14 22:31:26.526624,894468096.0,bert-inference-69f8cc488d-xhq9w
2026-08-14 22:31:26.526624,1019015168.0,bert-inference-69f8cc488d-xbnnq
2026-08-14 22:31:26.526624,1033588736.0,bert-inference-69f8cc488d-5952x
2026-08-14 22:31:26.526624,1313964032.0,bert-inference-69f8cc488d-7d4tz
2026-08-14 22:31:26.526624,878063616.0,bert-inference-69f8cc488d-g8v7z
2026-08-14 22:31:26.526624,926695424.0,bert-inference-69f8cc488d-7442w
2026-08-14 22:31:31.528959,894468096.0,bert-inference-69f8cc488d-xhq9w
2026-08-14 22:31:31.528959,1019015168.0,bert-inference-69f8cc488d-xbnnq
2026-08-14 22:31:31.528959,1033588736.0,bert-inference-69f8cc488d-5952x
2026-08-14 22:31:31.528959,1313964032.0,bert-inference-69f8cc488d-7d4tz
2026-08-14 22:31:31.528959,878063616.0,bert-inference-69f8cc488d-g8v7z
2026-08-14 22:31:31.528959,926695424.0,bert-inference-69f8cc488d-7442w
2026-08-14 22:31:36.528994,894468096.0,bert-inference-69f8cc488d-xhq9w
2026-08-14 22:31:36.528994,1019006976.0,bert-inference-69f8cc488d-xbnnq
2026-08-14 22:31:36.528994,1033588736.0,bert-inference-69f8cc488d-5952x
2026-08-14 22:31:36.528994,1313964032.0,bert-inference-69f8cc488d-7d4tz
2026-08-14 22:31:36.528994,878063616.0,bert-inference-69f8cc488d-g8v7z
2026-08-14 22:31:36.528994,926695424.0,bert-inference-69f8cc488d-7442w
2026-08-14 22:31:41.524267,894705664.0,bert-inference-69f8cc488d-xhq9w
2026-08-14 22:31:41.524267,1019006976.0,bert-inference-69f8cc488d-xbnnq
2026-08-14 22:31:41.524267,1033588736.0,bert-inference-69f8cc488d-5952x
2026-08-14 22:31:41.524267,1314185216.0,bert-inference-69f8cc488d-7d4tz
2026-08-14 22:31:41.524267,878063616.0,bert-inference-69f8cc488d-g8v7z
2026-08-14 22:31:41.524267,926920704.0,bert-inference-69f8cc488d-7442w
2026-08-14 22:31:46.528966,894705664.0,bert-inference-69f8cc488d-xhq9w
2026-08-14 22:31:46.528966,1019011072.0,bert-inference-69f8cc488d-xbnnq
2026-08-14 22:31:46.528966,1033850880.0,bert-inference-69f8cc488d-5952x
2026-08-14 22:31:46.528966,1314185216.0,bert-inference-69f8cc488d-7d4tz
2026-08-14 22:31:46.528966,878063616.0,bert-inference-69f8cc488d-g8v7z
2026-08-14 22:31:46.528966,926920704.0,bert-inference-69f8cc488d-7442w
2026-08-14 22:31:51.525479,894705664.0,bert-inference-69f8cc488d-xhq9w
2026-08-14 22:31:51.525479,1019011072.0,bert-inference-69f8cc488d-xbnnq
2026-08-14 22:31:51.525479,1033850880.0,bert-inference-69f8cc488d-5952x
2026-08-14 22:31:51.525479,1313959936.0,bert-inference-69f8cc488d-7d4tz
2026-08-14 22:31:51.525479,878063616.0,bert-inference-69f8cc488d-g8v7z
2026-08-14 22:31:51.525479,926920704.0,bert-inference-69f8cc488d-7442w
2026-08-14 22:31:56.528876,894726144.0,bert-inference-69f8cc488d-xhq9w
2026-08-14 22:31:56.528876,1019011072.0,bert-inference-69f8cc488d-xbnnq
2026-08-14 22:31:56.528876,1033850880.0,bert-inference-69f8cc488d-5952x
2026-08-14 22:31:56.528876,1313959936.0,bert-inference-69f8cc488d-7d4tz
2026-08-14 22:31:56.528876,878063616.0,bert-inference-69f8cc488d-g8v7z
2026-08-14 22:31:56.528876,926674944.0,bert-inference-69f8cc488d-7442w
2026-08-14 22:32:01.529032,894726144.0,bert-inference-69f8cc488d-xhq9w
2026-08-14 22:32:01.529032,1019027456.0,bert-inference-69f8cc488d-xbnnq
2026-08-14 22:32:01.529032,1033592832.0,bert-inference-69f8cc488d-5952x
2026-08-14 22:32:01.529032,1313959936.0,bert-inference-69f8cc488d-7d4tz
2026-08-14 22:32:01.529032,878092288.0,bert-inference-69f8cc488d-g8v7z
2026-08-14 22:32:01.529032,926674944.0,bert-inference-69f8cc488d-7442w
2026-08-14 22:32:06.528984,894451712.0,bert-inference-69f8cc488d-xhq9w
2026-08-14 22:32:06.528984,1019027456.0,bert-inference-69f8cc488d-xbnnq
2026-08-14 22:32:06.528984,1033592832.0,bert-inference-69f8cc488d-5952x
2026-08-14 22:32:06.528984,1313984512.0,bert-inference-69f8cc488d-7d4tz
2026-08-14 22:32:06.528984,878092288.0,bert-inference-69f8cc488d-g8v7z
2026-08-14 22:32:06.528984,926674944.0,bert-inference-69f8cc488d-7442w
2026-08-14 22:32:11.528957,894451712.0,bert-inference-69f8cc488d-xhq9w
2026-08-14 22:32:11.528957,1019027456.0,bert-inference-69f8cc488d-xbnnq
2026-08-14 22:32:11.528957,1033592832.0,bert-inference-69f8cc488d-5952x
2026-08-14 22:32:11.528957,1313984512.0,bert-inference-69f8cc488d-7d4tz
2026-08-14 22:32:11.528957,878092288.0,bert-inference-69f8cc488d-g8v7z
2026-08-14 22:32:11.528957,926674944.0,bert-inference-69f8cc488d-7442w
2026-08-14 22:32:16.528960,894451712.0,bert-inference-69f8cc488d-xhq9w
2026-08-14 22:32:16.528960,1019027456.0,bert-inference-69f8cc488d-xbnnq
2026-08-14 22:32:16.528960,1033588736.0,bert-inference-69f8cc488d-5952x
2026-08-14 22:32:16.528960,1313984512.0,bert-inference-69f8cc488d-7d4tz
2026-08-14 22:32:16.528960,878084096.0,bert-inference-69f8cc488d-g8v7z
2026-08-14 22:32:16.528960,926679040.0,bert-inference-69f8cc488d-7442w
2026-08-14 22:32:21.528929,894447616.0,bert-inference-69f8cc488d-xhq9w
2026-08-14 22:32:21.528929,1019011072.0,bert-inference-69f8cc488d-xbnnq
2026-08-14 22:32:21.528929,1033588736.0,bert-inference-69f8cc488d-5952x
2026-08-14 22:32:21.528929,1314480128.0,bert-inference-69f8cc488d-7d4tz
2026-08-14 22:32:21.528929,878084096.0,bert-inference-69f8cc488d-g8v7z
2026-08-14 22:32:21.528929,926679040.0,bert-inference-69f8cc488d-7442w
2026-08-14 22:32:26.528975,894447616.0,bert-inference-69f8cc488d-xhq9w
2026-08-14 22:32:26.528975,1019011072.0,bert-inference-69f8cc488d-xbnnq
2026-08-14 22:32:26.528975,1033588736.0,bert-inference-69f8cc488d-5952x
2026-08-14 22:32:26.528975,1314480128.0,bert-inference-69f8cc488d-7d4tz
2026-08-14 22:32:26.528975,878084096.0,bert-inference-69f8cc488d-g8v7z
2026-08-14 22:32:26.528975,926679040.0,bert-inference-69f8cc488d-7442w
2026-08-14 22:32:31.528841,894447616.0,bert-inference-69f8cc488d-xhq9w
2026-08-14 22:32:31.528841,1019011072.0,bert-inference-69f8cc488d-xbnnq
2026-08-14 22:32:31.528841,1033588736.0,bert-inference-69f8cc488d-5952x
2026-08-14 22:32:31.528841,1314471936.0,bert-inference-69f8cc488d-7d4tz
2026-08-14 22:32:31.528841,878084096.0,bert-inference-69f8cc488d-g8v7z
2026-08-14 22:32:31.528841,926953472.0,bert-inference-69f8cc488d-7442w
2026-08-14 22:32:36.528953,894447616.0,bert-inference-69f8cc488d-xhq9w
2026-08-14 22:32:36.528953,1019006976.0,bert-inference-69f8cc488d-xbnnq
2026-08-14 22:32:36.528953,1033588736.0,bert-inference-69f8cc488d-5952x
2026-08-14 22:32:36.528953,1314471936.0,bert-inference-69f8cc488d-7d4tz
2026-08-14 22:32:36.528953,878063616.0,bert-inference-69f8cc488d-g8v7z
2026-08-14 22:32:36.528953,926953472.0,bert-inference-69f8cc488d-7442w
2026-08-14 22:32:41.528956,894676992.0,bert-inference-69f8cc488d-xhq9w
2026-08-14 22:32:41.528956,1019006976.0,bert-inference-69f8cc488d-xbnnq
2026-08-14 22:32:41.528956,1033592832.0,bert-inference-69f8cc488d-5952x
2026-08-14 22:32:41.528956,1314471936.0,bert-inference-69f8cc488d-7d4tz
2026-08-14 22:32:41.528956,878063616.0,bert-inference-69f8cc488d-g8v7z
2026-08-14 22:32:41.528956,926953472.0,bert-inference-69f8cc488d-7442w
2026-08-14 22:32:46.528573,894676992.0,bert-inference-69f8cc488d-xhq9w
2026-08-14 22:32:46.528573,1019006976.0,bert-inference-69f8cc488d-xbnnq
2026-08-14 22:32:46.528573,1033592832.0,bert-inference-69f8cc488d-5952x
2026-08-14 22:32:46.528573,1314471936.0,bert-inference-69f8cc488d-7d4tz
2026-08-14 22:32:46.528573,878063616.0,bert-inference-69f8cc488d-g8v7z
2026-08-14 22:32:46.528573,926953472.0,bert-inference-69f8cc488d-7442w
2026-08-14 22:32:51.528868,894676992.0,bert-inference-69f8cc488d-xhq9w
2026-08-14 22:32:51.528868,1019006976.0,bert-inference-69f8cc488d-xbnnq
2026-08-14 22:32:51.528868,1033592832.0,bert-inference-69f8cc488d-5952x
2026-08-14 22:32:51.528868,1313988608.0,bert-inference-69f8cc488d-7d4tz
2026-08-14 22:32:51.528868,878092288.0,bert-inference-69f8cc488d-g8v7z
2026-08-14 22:32:51.528868,926695424.0,bert-inference-69f8cc488d-7442w
2026-08-14 22:32:56.525386,894447616.0,bert-inference-69f8cc488d-xhq9w
2026-08-14 22:32:56.525386,1019006976.0,bert-inference-69f8cc488d-xbnnq
2026-08-14 22:32:56.525386,1033592832.0,bert-inference-69f8cc488d-5952x
2026-08-14 22:32:56.525386,1313988608.0,bert-inference-69f8cc488d-7d4tz
2026-08-14 22:32:56.525386,878092288.0,bert-inference-69f8cc488d-g8v7z
2026-08-14 22:32:56.525386,926695424.0,bert-inference-69f8cc488d-7442w
2026-08-14 22:33:01.528960,894447616.0,bert-inference-69f8cc488d-xhq9w
2026-08-14 22:33:01.528960,1019006976.0,bert-inference-69f8cc488d-xbnnq
2026-08-14 22:33:01.528960,1033609216.0,bert-inference-69f8cc488d-5952x
2026-08-14 22:33:01.528960,1313964032.0,bert-inference-69f8cc488d-7d4tz
2026-08-14 22:33:01.528960,878092288.0,bert-inference-69f8cc488d-g8v7z
2026-08-14 22:33:01.528960,927186944.0,bert-inference-69f8cc488d-7442w
2026-08-14 22:33:06.529004,894447616.0,bert-inference-69f8cc488d-xhq9w
2026-08-14 22:33:06.529004,1019006976.0,bert-inference-69f8cc488d-xbnnq
2026-08-14 22:33:06.529004,1033609216.0,bert-inference-69f8cc488d-5952x
2026-08-14 22:33:06.529004,1313964032.0,bert-inference-69f8cc488d-7d4tz
2026-08-14 22:33:06.529004,878092288.0,bert-inference-69f8cc488d-g8v7z
2026-08-14 22:33:06.529004,927186944.0,bert-inference-69f8cc488d-7442w
2026-08-14 22:33:11.528964,894447616.0,bert-inference-69f8cc488d-xhq9w
2026-08-14 22:33:11.528964,1019006976.0,bert-inference-69f8cc488d-xbnnq
2026-08-14 22:33:11.528964,1033609216.0,bert-inference-69f8cc488d-5952x
2026-08-14 22:33:11.528964,1313964032.0,bert-inference-69f8cc488d-7d4tz
2026-08-14 22:33:11.528964,878292992.0,bert-inference-69f8cc488d-g8v7z
2026-08-14 22:33:11.528964,927186944.0,bert-inference-69f8cc488d-7442w
2026-08-14 22:33:16.528965,894447616.0,bert-inference-69f8cc488d-xhq9w
2026-08-14 22:33:16.528965,1019006976.0,bert-inference-69f8cc488d-xbnnq
2026-08-14 22:33:16.528965,1033588736.0,bert-inference-69f8cc488d-5952x
2026-08-14 22:33:16.528965,1314185216.0,bert-inference-69f8cc488d-7d4tz
2026-08-14 22:33:16.528965,878292992.0,bert-inference-69f8cc488d-g8v7z
2026-08-14 22:33:16.528965,927186944.0,bert-inference-69f8cc488d-7442w
2026-08-14 22:33:21.526786,894447616.0,bert-inference-69f8cc488d-xhq9w
2026-08-14 22:33:21.526786,1019006976.0,bert-inference-69f8cc488d-xbnnq
2026-08-14 22:33:21.526786,1033588736.0,bert-inference-69f8cc488d-5952x
2026-08-14 22:33:21.526786,1314185216.0,bert-inference-69f8cc488d-7d4tz
2026-08-14 22:33:21.526786,878292992.0,bert-inference-69f8cc488d-g8v7z
2026-08-14 22:33:21.526786,926674944.0,bert-inference-69f8cc488d-7442w
2026-08-14 22:33:26.528974,894447616.0,bert-inference-69f8cc488d-xhq9w
2026-08-14 22:33:26.528974,1019006976.0,bert-inference-69f8cc488d-xbnnq
2026-08-14 22:33:26.528974,1033588736.0,bert-inference-69f8cc488d-5952x
2026-08-14 22:33:26.528974,1314185216.0,bert-inference-69f8cc488d-7d4tz
2026-08-14 22:33:26.528974,878063616.0,bert-inference-69f8cc488d-g8v7z
2026-08-14 22:33:26.528974,926674944.0,bert-inference-69f8cc488d-7442w
2026-08-14 22:33:31.528886,894447616.0,bert-inference-69f8cc488d-xhq9w
2026-08-14 22:33:31.528886,1019006976.0,bert-inference-69f8cc488d-xbnnq
2026-08-14 22:33:31.528886,1033588736.0,bert-inference-69f8cc488d-5952x
2026-08-14 22:33:31.528886,1314185216.0,bert-inference-69f8cc488d-7d4tz
2026-08-14 22:33:31.528886,878063616.0,bert-inference-69f8cc488d-g8v7z
2026-08-14 22:33:31.528886,926695424.0,bert-inference-69f8cc488d-7442w
2026-08-14 22:33:36.529021,894447616.0,bert-inference-69f8cc488d-xhq9w
2026-08-14 22:33:36.529021,1019006976.0,bert-inference-69f8cc488d-xbnnq
2026-08-14 22:33:36.529021,1033588736.0,bert-inference-69f8cc488d-5952x
2026-08-14 22:33:36.529021,1314217984.0,bert-inference-69f8cc488d-7d4tz
2026-08-14 22:33:36.529021,878288896.0,bert-inference-69f8cc488d-g8v7z
2026-08-14 22:33:36.529021,926695424.0,bert-inference-69f8cc488d-7442w
2026-08-14 22:33:41.528873,894476288.0,bert-inference-69f8cc488d-xhq9w
2026-08-14 22:33:41.528873,1019260928.0,bert-inference-69f8cc488d-xbnnq
2026-08-14 22:33:41.528873,1033588736.0,bert-inference-69f8cc488d-5952x
2026-08-14 22:33:41.528873,1314217984.0,bert-inference-69f8cc488d-7d4tz
2026-08-14 22:33:41.528873,878288896.0,bert-inference-69f8cc488d-g8v7z
2026-08-14 22:33:41.528873,926904320.0,bert-inference-69f8cc488d-7442w
2026-08-14 22:33:46.528883,894476288.0,bert-inference-69f8cc488d-xhq9w
2026-08-14 22:33:46.528883,1019260928.0,bert-inference-69f8cc488d-xbnnq
2026-08-14 22:33:46.528883,1033809920.0,bert-inference-69f8cc488d-5952x
2026-08-14 22:33:46.528883,1314217984.0,bert-inference-69f8cc488d-7d4tz
2026-08-14 22:33:46.528883,878288896.0,bert-inference-69f8cc488d-g8v7z
2026-08-14 22:33:46.528883,926904320.0,bert-inference-69f8cc488d-7442w
2026-08-14 22:33:51.529142,894476288.0,bert-inference-69f8cc488d-xhq9w
2026-08-14 22:33:51.529142,1019002880.0,bert-inference-69f8cc488d-xbnnq
2026-08-14 22:33:51.529142,1033809920.0,bert-inference-69f8cc488d-5952x
2026-08-14 22:33:51.529142,1314209792.0,bert-inference-69f8cc488d-7d4tz
2026-08-14 22:33:51.529142,878063616.0,bert-inference-69f8cc488d-g8v7z
2026-08-14 22:33:51.529142,926904320.0,bert-inference-69f8cc488d-7442w
2026-08-14 22:33:56.526614,894447616.0,bert-inference-69f8cc488d-xhq9w
2026-08-14 22:33:56.526614,1019002880.0,bert-inference-69f8cc488d-xbnnq
2026-08-14 22:33:56.526614,1033809920.0,bert-inference-69f8cc488d-5952x
2026-08-14 22:33:56.526614,1314209792.0,bert-inference-69f8cc488d-7d4tz
2026-08-14 22:33:56.526614,878063616.0,bert-inference-69f8cc488d-g8v7z
2026-08-14 22:33:56.526614,926904320.0,bert-inference-69f8cc488d-7442w
2026-08-14 22:34:01.526571,894447616.0,bert-inference-69f8cc488d-xhq9w
2026-08-14 22:34:01.526571,1019002880.0,bert-inference-69f8cc488d-xbnnq
2026-08-14 22:34:01.526571,1033809920.0,bert-inference-69f8cc488d-5952x
2026-08-14 22:34:01.526571,1314209792.0,bert-inference-69f8cc488d-7d4tz
2026-08-14 22:34:01.526571,878063616.0,bert-inference-69f8cc488d-g8v7z
2026-08-14 22:34:01.526571,926920704.0,bert-inference-69f8cc488d-7442w
2026-08-14 22:34:06.528912,894447616.0,bert-inference-69f8cc488d-xhq9w
2026-08-14 22:34:06.528912,1019002880.0,bert-inference-69f8cc488d-xbnnq
2026-08-14 22:34:06.528912,1033609216.0,bert-inference-69f8cc488d-5952x
2026-08-14 22:34:06.528912,1314185216.0,bert-inference-69f8cc488d-7d4tz
2026-08-14 22:34:06.528912,878575616.0,bert-inference-69f8cc488d-g8v7z
2026-08-14 22:34:06.528912,926920704.0,bert-inference-69f8cc488d-7442w
2026-08-14 22:34:11.529008,894701568.0,bert-inference-69f8cc488d-xhq9w
2026-08-14 22:34:11.529008,1019527168.0,bert-inference-69f8cc488d-xbnnq
2026-08-14 22:34:11.529008,1033609216.0,bert-inference-69f8cc488d-5952x
2026-08-14 22:34:11.529008,1314185216.0,bert-inference-69f8cc488d-7d4tz
2026-08-14 22:34:11.529008,878575616.0,bert-inference-69f8cc488d-g8v7z
2026-08-14 22:34:11.529008,926900224.0,bert-inference-69f8cc488d-7442w
2026-08-14 22:34:16.526386,894701568.0,bert-inference-69f8cc488d-xhq9w
2026-08-14 22:34:16.526386,1019527168.0,bert-inference-69f8cc488d-xbnnq
2026-08-14 22:34:16.526386,1033609216.0,bert-inference-69f8cc488d-5952x
2026-08-14 22:34:16.526386,1314185216.0,bert-inference-69f8cc488d-7d4tz
2026-08-14 22:34:16.526386,878575616.0,bert-inference-69f8cc488d-g8v7z
2026-08-14 22:34:16.526386,926900224.0,bert-inference-69f8cc488d-7442w
2026-08-14 22:34:21.525445,894701568.0,bert-inference-69f8cc488d-xhq9w
2026-08-14 22:34:21.525445,1019527168.0,bert-inference-69f8cc488d-xbnnq
2026-08-14 22:34:21.525445,1033609216.0,bert-inference-69f8cc488d-5952x
2026-08-14 22:34:21.525445,1314205696.0,bert-inference-69f8cc488d-7d4tz
2026-08-14 22:34:21.525445,878575616.0,bert-inference-69f8cc488d-g8v7z
2026-08-14 22:34:21.525445,926900224.0,bert-inference-69f8cc488d-7442w
2026-08-14 22:34:26.528984,894754816.0,bert-inference-69f8cc488d-xhq9w
2026-08-14 22:34:26.528984,1019039744.0,bert-inference-69f8cc488d-xbnnq
2026-08-14 22:34:26.528984,1034100736.0,bert-inference-69f8cc488d-5952x
2026-08-14 22:34:26.528984,1314205696.0,bert-inference-69f8cc488d-7d4tz
2026-08-14 22:34:26.528984,878067712.0,bert-inference-69f8cc488d-g8v7z
2026-08-14 22:34:26.528984,927162368.0,bert-inference-69f8cc488d-7442w
2026-08-14 22:34:31.524584,894754816.0,bert-inference-69f8cc488d-xhq9w
2026-08-14 22:34:31.524584,1019039744.0,bert-inference-69f8cc488d-xbnnq
2026-08-14 22:34:31.524584,1034100736.0,bert-inference-69f8cc488d-5952x
2026-08-14 22:34:31.524584,1314205696.0,bert-inference-69f8cc488d-7d4tz
2026-08-14 22:34:31.524584,878067712.0,bert-inference-69f8cc488d-g8v7z
2026-08-14 22:34:31.524584,927162368.0,bert-inference-69f8cc488d-7442w
2026-08-14 22:34:36.528870,894754816.0,bert-inference-69f8cc488d-xhq9w
2026-08-14 22:34:36.528870,1019039744.0,bert-inference-69f8cc488d-xbnnq
2026-08-14 22:34:36.528870,1034100736.0,bert-inference-69f8cc488d-5952x
2026-08-14 22:34:36.528870,1314476032.0,bert-inference-69f8cc488d-7d4tz
2026-08-14 22:34:36.528870,878067712.0,bert-inference-69f8cc488d-g8v7z
2026-08-14 22:34:36.528870,926674944.0,bert-inference-69f8cc488d-7442w
2026-08-14 22:34:41.527251,894451712.0,bert-inference-69f8cc488d-xhq9w
2026-08-14 22:34:41.527251,1019002880.0,bert-inference-69f8cc488d-xbnnq
2026-08-14 22:34:41.527251,1033588736.0,bert-inference-69f8cc488d-5952x
2026-08-14 22:34:41.527251,1314476032.0,bert-inference-69f8cc488d-7d4tz
2026-08-14 22:34:41.527251,878067712.0,bert-inference-69f8cc488d-g8v7z
2026-08-14 22:34:41.527251,926674944.0,bert-inference-69f8cc488d-7442w
2026-08-14 22:34:46.529044,894451712.0,bert-inference-69f8cc488d-xhq9w
2026-08-14 22:34:46.529044,1019002880.0,bert-inference-69f8cc488d-xbnnq
2026-08-14 22:34:46.529044,1033588736.0,bert-inference-69f8cc488d-5952x
2026-08-14 22:34:46.529044,1314476032.0,bert-inference-69f8cc488d-7d4tz
2026-08-14 22:34:46.529044,878067712.0,bert-inference-69f8cc488d-g8v7z
2026-08-14 22:34:46.529044,926674944.0,bert-inference-69f8cc488d-7442w
